link,title,question_html,answer_html,issued_at,fatwa_number,dar_ul_ifta,category_lvl_1,category_lvl_2,html_container
https://darulifta-deoband.com/home/ur/salah-prayer/13737,کیا نماز ادا کرتے وقت رکعتوں میں سورتوں کی ترتیب لازمی ہے؟,<h2><u> سوال: </u> کیا نماز ادا کرتے وقت رکعتوں میں سورتوں کی ترتیب لازمی ہے۔ مثلاً اگر میں نے پہلی رکعت میں سورہ اخلاص پڑھی ہے تو کیا لازمی ہے کہ میں دوسری رکعت میں سورہ فلق پڑھوں یا سورہ ناس بھی پڑھ سکتاہوں؟ مجھ سے کسی نے کہا ہے کہ نماز میں سورتوں کی ترتیب اس طرح ہو کہ سورہ ناس آخری رکعت میں آئے۔ برائے کرم حدیث کی روشنی میں وضاحت فرماویں۔</h2>,"<p>بسم الله الرحمن الرحيم</p><p> <meta content=""text/html; charset=utf-8"" http-equiv=""Content-Type"">
<meta content=""Word.Document"" name=""ProgId"">
<meta content=""Microsoft Word 11"" name=""Generator"">
<meta content=""Microsoft Word 11"" name=""Originator"">
<link href=""file:///G:DOCUME~1ADMINI~1LOCALS~1Tempmsohtml11clip_filelist.xml"" rel=""File-List"">
<!--[if gte mso 9]><xml>
 <w:WordDocument>
  <w:View>Normal</w:View>
  <w:Zoom>0</w:Zoom>
  <w:PunctuationKerning/>
  <w:ValidateAgainstSchemas/>
  <w:SaveIfXMLInvalid>false</w:SaveIfXMLInvalid>
  <w:IgnoreMixedContent>false</w:IgnoreMixedContent>
  <w:AlwaysShowPlaceholderText>false</w:AlwaysShowPlaceholderText>
  <w:Compatibility>
   <w:BreakWrappedTables/>
   <w:SnapToGridInCell/>
   <w:WrapTextWithPunct/>
   <w:UseAsianBreakRules/>
   <w:DontGrowAutofit/>
  </w:Compatibility>
  <w:BrowserLevel>MicrosoftInternetExplorer4</w:BrowserLevel>
 </w:WordDocument>
</xml><![endif]--><!--[if gte mso 9]><xml>
 <w:LatentStyles DefLockedState=""false"" LatentStyleCount=""156"">
 </w:LatentStyles>
</xml><![endif]--></p><p>
	<style type=""text/css"">
<!--{cke_protected}{C}%3C!%2D%2D%0A%20%2F*%20Font%20Definitions%20*%2F%0A%20%40font-face%0A%09%7Bfont-family%3ASimSun%3B%0A%09panose-1%3A2%201%206%200%203%201%201%201%201%201%3B%0A%09mso-font-alt%3A%E5%AE%8B%E4%BD%93%3B%0A%09mso-font-charset%3A134%3B%0A%09mso-generic-font-family%3Aauto%3B%0A%09mso-font-pitch%3Avariable%3B%0A%09mso-font-signature%3A3%20135135232%2016%200%20262145%200%3B%7D%0A%40font-face%0A%09%7Bfont-family%3ATahoma%3B%0A%09panose-1%3A2%2011%206%204%203%205%204%204%202%204%3B%0A%09mso-font-charset%3A0%3B%0A%09mso-generic-font-family%3Aswiss%3B%0A%09mso-font-pitch%3Avariable%3B%0A%09mso-font-signature%3A1627421319%20-2147483648%208%200%2066047%200%3B%7D%0A%40font-face%0A%09%7Bfont-family%3A%22Jameel%20Noori%20Nastaleeq%22%3B%0A%09panose-1%3A2%200%205%203%200%200%200%200%200%204%3B%0A%09mso-font-charset%3A0%3B%0A%09mso-generic-font-family%3Aauto%3B%0A%09mso-font-pitch%3Avariable%3B%0A%09mso-font-signature%3A-2147475449%200%200%200%2065%200%3B%7D%0A%40font-face%0A%09%7Bfont-family%3A%22%40SimSun%22%3B%0A%09panose-1%3A2%201%206%200%203%201%201%201%201%201%3B%0A%09mso-font-charset%3A134%3B%0A%09mso-generic-font-family%3Aauto%3B%0A%09mso-font-pitch%3Avariable%3B%0A%09mso-font-signature%3A3%20135135232%2016%200%20262145%200%3B%7D%0A%20%2F*%20Style%20Definitions%20*%2F%0A%20p.MsoNormal%2C%20li.MsoNormal%2C%20div.MsoNormal%0A%09%7Bmso-style-parent%3A%22%22%3B%0A%09margin%3A0cm%3B%0A%09margin-bottom%3A.0001pt%3B%0A%09text-align%3Ajustify%3B%0A%09text-justify%3Akashida%3B%0A%09text-kashida%3A0%25%3B%0A%09mso-pagination%3Awidow-orphan%3B%0A%09direction%3Artl%3B%0A%09unicode-bidi%3Aembed%3B%0A%09font-size%3A12.0pt%3B%0A%09mso-bidi-font-size%3A10.0pt%3B%0A%09font-family%3ATahoma%3B%0A%09mso-fareast-font-family%3ASimSun%3B%7D%0A%40page%20Section1%0A%09%7Bsize%3A612.0pt%20792.0pt%3B%0A%09margin%3A72.0pt%2090.0pt%2072.0pt%2090.0pt%3B%0A%09mso-header-margin%3A36.0pt%3B%0A%09mso-footer-margin%3A36.0pt%3B%0A%09mso-paper-source%3A0%3B%7D%0Adiv.Section1%0A%09%7Bpage%3ASection1%3B%7D%0A%2D%2D%3E-->	</style>
<!--[if gte mso 10]>
<style>
 /* Style Definitions */
 table.MsoNormalTable
	{mso-style-name:""Table Normal"";
	mso-tstyle-rowband-size:0;
	mso-tstyle-colband-size:0;
	mso-style-noshow:yes;
	mso-style-parent:"""";
	mso-padding-alt:0cm 5.4pt 0cm 5.4pt;
	mso-para-margin:0cm;
	mso-para-margin-bottom:.0001pt;
	mso-pagination:widow-orphan;
	font-size:10.0pt;
	font-family:""Times New Roman"";
	mso-ansi-language:#0400;
	mso-fareast-language:#0400;
	mso-bidi-language:#0400;}
</style>
<![endif]--><!--[if gte mso 9]><xml>
 <o:shapedefaults v:ext=""edit"" spidmax=""1026""/>
</xml><![endif]--><!--[if gte mso 9]><xml>
 <o:shapelayout v:ext=""edit"">
  <o:idmap v:ext=""edit"" data=""1""/>
 </o:shapelayout></xml><![endif]--></p><p dir=""RTL"">
	فتوی : 921=723/ل</p><p dir=""RTL"">
	نماز میں سورتوں كی ترتیب كی رعایت كرتے ہوئے تلاوت كرنی چاہیے‏، فرض نماز میں خلاف ترتیب سورت پڑھنا یا بیچ میں چھوٹی سورت كا فصل كردینا مكروہ ہے‏، پس صورت مسئولہ میں اگر آپ نے پہلی ركعت میں سورہٴ اخلاص پڑھی ہے تو دوسری ركعت میں آپ كو سورہٴ فلق پڑھنا چاہیے‏، سورہٴ فلق چھوڑكر سورہٴ ناس پڑھنا مكروہ ہوگا۔</p><p></p><br><span style=""font-size:1.2em"">
								<p><strong>واللہ تعالیٰ اعلم</strong></p>
								<br class=""clear"">
								<p><strong>دارالافتاء،</strong><br>دارالعلوم دیوبند</p>
							</span>",01-Sep-2020,13737,darulifta-deoband.com,عبادات,صلاة (نماز),"<div id=""recent_fatwas"" class=""container tab-pane active""><br>
					<ul class=""answer_detail"">
												<li>
																					<div class=""cate_sec"">
								<p class=""category_name"">
									<span>
										عبادات									</span> 
									&gt;&gt; 
									<span>
																		<a href=""https://darulifta-deoband.com/ur/category/n-a/MTk="">صلاة (نماز)</a>
									</span>
								</p>
								<p class=""quesid""><span class=""anser_id_urdu""> سوال نمبر: 13737</span><!--<span class=""country_urdu"">  : ملک</span> --></p>
							</div>
							<h2><u> عنوان:</u> کیا نماز ادا کرتے وقت رکعتوں میں سورتوں کی ترتیب لازمی ہے؟</h2>
							<h2><u> سوال: </u> کیا نماز ادا کرتے وقت رکعتوں میں سورتوں کی ترتیب لازمی ہے۔ مثلاً اگر میں نے پہلی رکعت میں سورہ اخلاص پڑھی ہے تو کیا لازمی ہے کہ میں دوسری رکعت میں سورہ فلق پڑھوں یا سورہ ناس بھی پڑھ سکتاہوں؟ مجھ سے کسی نے کہا ہے کہ نماز میں سورتوں کی ترتیب اس طرح ہو کہ سورہ ناس آخری رکعت میں آئے۔ برائے کرم حدیث کی روشنی میں وضاحت فرماویں۔</h2>
							<p class=""fatwa_answer""><span class=""ans_urdu_id""> جواب نمبر: 13737</span><span style=""color:#efefef;display:none;"" class=""answer_date_urdu"">01-Sep-2020 : تاریخ اشاعت </span></p>
							<p>بسم الله الرحمن الرحيم</p>
							<p> <meta content=""text/html; charset=utf-8"" http-equiv=""Content-Type"">
<meta content=""Word.Document"" name=""ProgId"">
<meta content=""Microsoft Word 11"" name=""Generator"">
<meta content=""Microsoft Word 11"" name=""Originator"">
<link href=""file:///G:DOCUME~1ADMINI~1LOCALS~1Tempmsohtml11clip_filelist.xml"" rel=""File-List"">
<!--[if gte mso 9]><xml>
 <w:WordDocument>
  <w:View>Normal</w:View>
  <w:Zoom>0</w:Zoom>
  <w:PunctuationKerning/>
  <w:ValidateAgainstSchemas/>
  <w:SaveIfXMLInvalid>false</w:SaveIfXMLInvalid>
  <w:IgnoreMixedContent>false</w:IgnoreMixedContent>
  <w:AlwaysShowPlaceholderText>false</w:AlwaysShowPlaceholderText>
  <w:Compatibility>
   <w:BreakWrappedTables/>
   <w:SnapToGridInCell/>
   <w:WrapTextWithPunct/>
   <w:UseAsianBreakRules/>
   <w:DontGrowAutofit/>
  </w:Compatibility>
  <w:BrowserLevel>MicrosoftInternetExplorer4</w:BrowserLevel>
 </w:WordDocument>
</xml><![endif]--><!--[if gte mso 9]><xml>
 <w:LatentStyles DefLockedState=""false"" LatentStyleCount=""156"">
 </w:LatentStyles>
</xml><![endif]--></p><p>
	<style type=""text/css"">
<!--{cke_protected}{C}%3C!%2D%2D%0A%20%2F*%20Font%20Definitions%20*%2F%0A%20%40font-face%0A%09%7Bfont-family%3ASimSun%3B%0A%09panose-1%3A2%201%206%200%203%201%201%201%201%201%3B%0A%09mso-font-alt%3A%E5%AE%8B%E4%BD%93%3B%0A%09mso-font-charset%3A134%3B%0A%09mso-generic-font-family%3Aauto%3B%0A%09mso-font-pitch%3Avariable%3B%0A%09mso-font-signature%3A3%20135135232%2016%200%20262145%200%3B%7D%0A%40font-face%0A%09%7Bfont-family%3ATahoma%3B%0A%09panose-1%3A2%2011%206%204%203%205%204%204%202%204%3B%0A%09mso-font-charset%3A0%3B%0A%09mso-generic-font-family%3Aswiss%3B%0A%09mso-font-pitch%3Avariable%3B%0A%09mso-font-signature%3A1627421319%20-2147483648%208%200%2066047%200%3B%7D%0A%40font-face%0A%09%7Bfont-family%3A%22Jameel%20Noori%20Nastaleeq%22%3B%0A%09panose-1%3A2%200%205%203%200%200%200%200%200%204%3B%0A%09mso-font-charset%3A0%3B%0A%09mso-generic-font-family%3Aauto%3B%0A%09mso-font-pitch%3Avariable%3B%0A%09mso-font-signature%3A-2147475449%200%200%200%2065%200%3B%7D%0A%40font-face%0A%09%7Bfont-family%3A%22%40SimSun%22%3B%0A%09panose-1%3A2%201%206%200%203%201%201%201%201%201%3B%0A%09mso-font-charset%3A134%3B%0A%09mso-generic-font-family%3Aauto%3B%0A%09mso-font-pitch%3Avariable%3B%0A%09mso-font-signature%3A3%20135135232%2016%200%20262145%200%3B%7D%0A%20%2F*%20Style%20Definitions%20*%2F%0A%20p.MsoNormal%2C%20li.MsoNormal%2C%20div.MsoNormal%0A%09%7Bmso-style-parent%3A%22%22%3B%0A%09margin%3A0cm%3B%0A%09margin-bottom%3A.0001pt%3B%0A%09text-align%3Ajustify%3B%0A%09text-justify%3Akashida%3B%0A%09text-kashida%3A0%25%3B%0A%09mso-pagination%3Awidow-orphan%3B%0A%09direction%3Artl%3B%0A%09unicode-bidi%3Aembed%3B%0A%09font-size%3A12.0pt%3B%0A%09mso-bidi-font-size%3A10.0pt%3B%0A%09font-family%3ATahoma%3B%0A%09mso-fareast-font-family%3ASimSun%3B%7D%0A%40page%20Section1%0A%09%7Bsize%3A612.0pt%20792.0pt%3B%0A%09margin%3A72.0pt%2090.0pt%2072.0pt%2090.0pt%3B%0A%09mso-header-margin%3A36.0pt%3B%0A%09mso-footer-margin%3A36.0pt%3B%0A%09mso-paper-source%3A0%3B%7D%0Adiv.Section1%0A%09%7Bpage%3ASection1%3B%7D%0A%2D%2D%3E-->	</style>
<!--[if gte mso 10]>
<style>
 /* Style Definitions */
 table.MsoNormalTable
	{mso-style-name:""Table Normal"";
	mso-tstyle-rowband-size:0;
	mso-tstyle-colband-size:0;
	mso-style-noshow:yes;
	mso-style-parent:"""";
	mso-padding-alt:0cm 5.4pt 0cm 5.4pt;
	mso-para-margin:0cm;
	mso-para-margin-bottom:.0001pt;
	mso-pagination:widow-orphan;
	font-size:10.0pt;
	font-family:""Times New Roman"";
	mso-ansi-language:#0400;
	mso-fareast-language:#0400;
	mso-bidi-language:#0400;}
</style>
<![endif]--><!--[if gte mso 9]><xml>
 <o:shapedefaults v:ext=""edit"" spidmax=""1026""/>
</xml><![endif]--><!--[if gte mso 9]><xml>
 <o:shapelayout v:ext=""edit"">
  <o:idmap v:ext=""edit"" data=""1""/>
 </o:shapelayout></xml><![endif]--></p>
<p dir=""RTL"">
	فتوی : 921=723/ل</p>
<p dir=""RTL"">
	نماز میں سورتوں كی ترتیب كی رعایت كرتے ہوئے تلاوت كرنی چاہیے‏، فرض نماز میں خلاف ترتیب سورت پڑھنا یا بیچ میں چھوٹی سورت كا فصل كردینا مكروہ ہے‏، پس صورت مسئولہ میں اگر آپ نے پہلی ركعت میں سورہٴ اخلاص پڑھی ہے تو دوسری ركعت میں آپ كو سورہٴ فلق پڑھنا چاہیے‏، سورہٴ فلق چھوڑكر سورہٴ ناس پڑھنا مكروہ ہوگا۔</p>
<p></p> 
							<br>
							<span style=""font-size:1.2em"">
								<p><strong>واللہ تعالیٰ اعلم</strong></p>
								<br class=""clear"">
								<p><strong>دارالافتاء،</strong><br>دارالعلوم دیوبند</p>
							</span>
						</li>
											</ul>
				</div>"
https://darulifta-deoband.com/home/ur/salah-prayer/13700,آپ مجھے یہ بتادیجئے کہ اگر میں ٹرین میں ہوں اور وہاں بہت بھیڑ ہے نماز کا وقت ہوگیا ہے میں نے ٹوائلٹ میں وضو کرلیا ہے تو کیا میں ٹوائلٹ میں ہی نماز پڑھ سکتاہوں اس طرح کہ میں کھڑا ہوکر قیام کروں او ررکوع کروں، لیکن سجدہ اشارہ سے کرلوں کیوں کہ وہاں نیچے گیلا ہے اور گندہ ہے؟,"<h2><u> سوال: </u> <meta http-equiv=""Content-Type"" content=""text/html; charset=utf-8""><meta name=""ProgId"" content=""Word.Document""><meta name=""Generator"" content=""Microsoft Word 11""><meta name=""Originator"" content=""Microsoft Word 11""><link rel=""File-List"" href=""file:///G:\DOCUME~1\ADMINI~1\LOCALS~1\Temp\msohtml1\01\clip_filelist.xml""><!--[if gte mso 9]><xml>
 <w:WordDocument>
  <w:View>Normal</w:View>
  <w:Zoom>0</w:Zoom>
  <w:PunctuationKerning/>
  <w:ValidateAgainstSchemas/>
  <w:SaveIfXMLInvalid>false</w:SaveIfXMLInvalid>
  <w:IgnoreMixedContent>false</w:IgnoreMixedContent>
  <w:AlwaysShowPlaceholderText>false</w:AlwaysShowPlaceholderText>
  <w:Compatibility>
   <w:BreakWrappedTables/>
   <w:SnapToGridInCell/>
   <w:WrapTextWithPunct/>
   <w:UseAsianBreakRules/>
   <w:DontGrowAutofit/>
  </w:Compatibility>
  <w:BrowserLevel>MicrosoftInternetExplorer4</w:BrowserLevel>
 </w:WordDocument>
</xml><![endif]--><!--[if gte mso 9]><xml>
 <w:LatentStyles DefLockedState=""false"" LatentStyleCount=""156"">
 </w:LatentStyles>
</xml><![endif]--><style>
<!--
 /* Font Definitions */
 @font-face
	{font-family:SimSun;
	panose-1:2 1 6 0 3 1 1 1 1 1;
	mso-font-alt:&#23435;&#20307;;
	mso-font-charset:134;
	mso-generic-font-family:auto;
	mso-font-pitch:variable;
	mso-font-signature:3 135135232 16 0 262145 0;}
@font-face
	{font-family:Tahoma;
	panose-1:2 11 6 4 3 5 4 4 2 4;
	mso-font-charset:0;
	mso-generic-font-family:swiss;
	mso-font-pitch:variable;
	mso-font-signature:1627421319 -2147483648 8 0 66047 0;}
@font-face
	{font-family:""\@SimSun"";
	panose-1:2 1 6 0 3 1 1 1 1 1;
	mso-font-charset:134;
	mso-generic-font-family:auto;
	mso-font-pitch:variable;
	mso-font-signature:3 135135232 16 0 262145 0;}
@font-face
	{font-family:""Jameel Noori Nastaleeq"";
	panose-1:2 0 5 3 0 0 0 0 0 4;
	mso-font-charset:0;
	mso-generic-font-family:auto;
	mso-font-pitch:variable;
	mso-font-signature:-2147475449 0 0 0 65 0;}
 /* Style Definitions */
 p.MsoNormal, li.MsoNormal, div.MsoNormal
	{mso-style-parent:"""";
	margin:0in;
	margin-bottom:.0001pt;
	text-align:justify;
	text-justify:kashida;
	text-kashida:0%;
	mso-pagination:widow-orphan;
	direction:rtl;
	unicode-bidi:embed;
	font-size:12.0pt;
	mso-bidi-font-size:10.0pt;
	font-family:Tahoma;
	mso-fareast-font-family:SimSun;}
@page Section1
	{size:8.5in 11.0in;
	margin:1.0in 1.25in 1.0in 1.25in;
	mso-header-margin:.5in;
	mso-footer-margin:.5in;
	mso-paper-source:0;}
div.Section1
	{page:Section1;}
-->
</style><!--[if gte mso 10]>
<style>
 /* Style Definitions */
 table.MsoNormalTable
	{mso-style-name:""Table Normal"";
	mso-tstyle-rowband-size:0;
	mso-tstyle-colband-size:0;
	mso-style-noshow:yes;
	mso-style-parent:"""";
	mso-padding-alt:0in 5.4pt 0in 5.4pt;
	mso-para-margin:0in;
	mso-para-margin-bottom:.0001pt;
	mso-pagination:widow-orphan;
	font-size:10.0pt;
	font-family:""Times New Roman"";
	mso-ansi-language:#0400;
	mso-fareast-language:#0400;
	mso-bidi-language:#0400;}
</style>
<![endif]-->

<p class=""MsoNormal"" dir=""rtl""><span style=""font-family: &quot;Jameel Noori Nastaleeq&quot;;"" lang=""AR-SA"">آپ مجھے یہ بتادیجئے کہ اگر میں ٹرین میں
ہوں اور وہاں بہت بھیڑ ہے نماز کا وقت ہوگیا ہے میں نے ٹوائلٹ میں وضو کرلیا ہے تو
کیا میں ٹوائلٹ میں ہی نماز پڑھ سکتاہوں اس طرح کہ میں کھڑا ہوکر قیام کروں او
ررکوع کروں، لیکن سجدہ اشارہ سے کرلوں کیوں کہ وہاں نیچے گیلا ہے اور گندہ ہے؟<o:p></o:p></span></p>

</h2>","<p>بسم الله الرحمن الرحيم</p><p> <meta http-equiv=""Content-Type"" content=""text/html; charset=utf-8""><meta name=""ProgId"" content=""Word.Document""><meta name=""Generator"" content=""Microsoft Word 11""><meta name=""Originator"" content=""Microsoft Word 11""><link rel=""File-List"" href=""file:///G:\DOCUME~1\ADMINI~1\LOCALS~1\Temp\msohtml1\01\clip_filelist.xml""><!--[if gte mso 9]><xml>
 <w:WordDocument>
  <w:View>Normal</w:View>
  <w:Zoom>0</w:Zoom>
  <w:PunctuationKerning/>
  <w:ValidateAgainstSchemas/>
  <w:SaveIfXMLInvalid>false</w:SaveIfXMLInvalid>
  <w:IgnoreMixedContent>false</w:IgnoreMixedContent>
  <w:AlwaysShowPlaceholderText>false</w:AlwaysShowPlaceholderText>
  <w:Compatibility>
   <w:BreakWrappedTables/>
   <w:SnapToGridInCell/>
   <w:WrapTextWithPunct/>
   <w:UseAsianBreakRules/>
   <w:DontGrowAutofit/>
  </w:Compatibility>
  <w:BrowserLevel>MicrosoftInternetExplorer4</w:BrowserLevel>
 </w:WordDocument>
</xml><![endif]--><!--[if gte mso 9]><xml>
 <w:LatentStyles DefLockedState=""false"" LatentStyleCount=""156"">
 </w:LatentStyles>
</xml><![endif]--><style>
<!--
 /* Font Definitions */
 @font-face
	{font-family:SimSun;
	panose-1:2 1 6 0 3 1 1 1 1 1;
	mso-font-alt:&#23435;&#20307;;
	mso-font-charset:134;
	mso-generic-font-family:auto;
	mso-font-pitch:variable;
	mso-font-signature:3 135135232 16 0 262145 0;}
@font-face
	{font-family:Tahoma;
	panose-1:2 11 6 4 3 5 4 4 2 4;
	mso-font-charset:0;
	mso-generic-font-family:swiss;
	mso-font-pitch:variable;
	mso-font-signature:1627421319 -2147483648 8 0 66047 0;}
@font-face
	{font-family:""\@SimSun"";
	panose-1:2 1 6 0 3 1 1 1 1 1;
	mso-font-charset:134;
	mso-generic-font-family:auto;
	mso-font-pitch:variable;
	mso-font-signature:3 135135232 16 0 262145 0;}
@font-face
	{font-family:""Jameel Noori Nastaleeq"";
	panose-1:2 0 5 3 0 0 0 0 0 4;
	mso-font-charset:0;
	mso-generic-font-family:auto;
	mso-font-pitch:variable;
	mso-font-signature:-2147475449 0 0 0 65 0;}
 /* Style Definitions */
 p.MsoNormal, li.MsoNormal, div.MsoNormal
	{mso-style-parent:"""";
	margin:0in;
	margin-bottom:.0001pt;
	text-align:justify;
	text-justify:kashida;
	text-kashida:0%;
	mso-pagination:widow-orphan;
	direction:rtl;
	unicode-bidi:embed;
	font-size:12.0pt;
	mso-bidi-font-size:10.0pt;
	font-family:Tahoma;
	mso-fareast-font-family:SimSun;}
@page Section1
	{size:8.5in 11.0in;
	margin:1.0in 1.25in 1.0in 1.25in;
	mso-header-margin:.5in;
	mso-footer-margin:.5in;
	mso-paper-source:0;}
div.Section1
	{page:Section1;}
-->
</style><!--[if gte mso 10]>
<style>
 /* Style Definitions */
 table.MsoNormalTable
	{mso-style-name:""Table Normal"";
	mso-tstyle-rowband-size:0;
	mso-tstyle-colband-size:0;
	mso-style-noshow:yes;
	mso-style-parent:"""";
	mso-padding-alt:0in 5.4pt 0in 5.4pt;
	mso-para-margin:0in;
	mso-para-margin-bottom:.0001pt;
	mso-pagination:widow-orphan;
	font-size:10.0pt;
	font-family:""Times New Roman"";
	mso-ansi-language:#0400;
	mso-fareast-language:#0400;
	mso-bidi-language:#0400;}
</style>
<![endif]-->

</p><p class=""MsoNormal"" dir=""rtl""><span style=""font-family: &quot;Jameel Noori Nastaleeq&quot;;"" lang=""AR-SA"">فتوی: 1023=964/ب</span></p><p class=""MsoNormal"" dir=""rtl""><span style=""font-family: &quot;Jameel Noori Nastaleeq&quot;;"" lang=""AR-SA""><o:p>&nbsp;</o:p></span></p><p class=""MsoNormal"" dir=""rtl""><span style=""font-family: &quot;Jameel Noori Nastaleeq&quot;;"" lang=""AR-SA"">آپ اپنی سیٹ پر آکر نماز جس طرح ممکن ہو،
پڑھ لیں، ٹوائلٹ میں نماز جائز نہیں۔ البتہ بعد میں نماز دوبارہ پڑھنا ضروری ہوگا۔
</span></p><p></p><br><span style=""font-size:1.2em"">
								<p><strong>واللہ تعالیٰ اعلم</strong></p>
								<br class=""clear"">
								<p><strong>دارالافتاء،</strong><br>دارالعلوم دیوبند</p>
							</span>",01-Sep-2020,13700,darulifta-deoband.com,عبادات,صلاة (نماز),"<div id=""recent_fatwas"" class=""container tab-pane active""><br>
					<ul class=""answer_detail"">
												<li>
																					<div class=""cate_sec"">
								<p class=""category_name"">
									<span>
										عبادات									</span> 
									&gt;&gt; 
									<span>
																		<a href=""https://darulifta-deoband.com/ur/category/n-a/MTk="">صلاة (نماز)</a>
									</span>
								</p>
								<p class=""quesid""><span class=""anser_id_urdu""> سوال نمبر: 13700</span><!--<span class=""country_urdu"">  : ملک</span> --></p>
							</div>
							<h2><u> عنوان:</u> <meta http-equiv=""Content-Type"" content=""text/html; charset=utf-8""><meta name=""ProgId"" content=""Word.Document""><meta name=""Generator"" content=""Microsoft Word 11""><meta name=""Originator"" content=""Microsoft Word 11""><link rel=""File-List"" href=""file:///G:\DOCUME~1\ADMINI~1\LOCALS~1\Temp\msohtml1\01\clip_filelist.xml""><!--[if gte mso 9]><xml>
 <w:WordDocument>
  <w:View>Normal</w:View>
  <w:Zoom>0</w:Zoom>
  <w:PunctuationKerning/>
  <w:ValidateAgainstSchemas/>
  <w:SaveIfXMLInvalid>false</w:SaveIfXMLInvalid>
  <w:IgnoreMixedContent>false</w:IgnoreMixedContent>
  <w:AlwaysShowPlaceholderText>false</w:AlwaysShowPlaceholderText>
  <w:Compatibility>
   <w:BreakWrappedTables/>
   <w:SnapToGridInCell/>
   <w:WrapTextWithPunct/>
   <w:UseAsianBreakRules/>
   <w:DontGrowAutofit/>
  </w:Compatibility>
  <w:BrowserLevel>MicrosoftInternetExplorer4</w:BrowserLevel>
 </w:WordDocument>
</xml><![endif]--><!--[if gte mso 9]><xml>
 <w:LatentStyles DefLockedState=""false"" LatentStyleCount=""156"">
 </w:LatentStyles>
</xml><![endif]--><style>
<!--
 /* Font Definitions */
 @font-face
	{font-family:SimSun;
	panose-1:2 1 6 0 3 1 1 1 1 1;
	mso-font-alt:&#23435;&#20307;;
	mso-font-charset:134;
	mso-generic-font-family:auto;
	mso-font-pitch:variable;
	mso-font-signature:3 135135232 16 0 262145 0;}
@font-face
	{font-family:Tahoma;
	panose-1:2 11 6 4 3 5 4 4 2 4;
	mso-font-charset:0;
	mso-generic-font-family:swiss;
	mso-font-pitch:variable;
	mso-font-signature:1627421319 -2147483648 8 0 66047 0;}
@font-face
	{font-family:""\@SimSun"";
	panose-1:2 1 6 0 3 1 1 1 1 1;
	mso-font-charset:134;
	mso-generic-font-family:auto;
	mso-font-pitch:variable;
	mso-font-signature:3 135135232 16 0 262145 0;}
@font-face
	{font-family:""Jameel Noori Nastaleeq"";
	panose-1:2 0 5 3 0 0 0 0 0 4;
	mso-font-charset:0;
	mso-generic-font-family:auto;
	mso-font-pitch:variable;
	mso-font-signature:-2147475449 0 0 0 65 0;}
 /* Style Definitions */
 p.MsoNormal, li.MsoNormal, div.MsoNormal
	{mso-style-parent:"""";
	margin:0in;
	margin-bottom:.0001pt;
	text-align:justify;
	text-justify:kashida;
	text-kashida:0%;
	mso-pagination:widow-orphan;
	direction:rtl;
	unicode-bidi:embed;
	font-size:12.0pt;
	mso-bidi-font-size:10.0pt;
	font-family:Tahoma;
	mso-fareast-font-family:SimSun;}
@page Section1
	{size:8.5in 11.0in;
	margin:1.0in 1.25in 1.0in 1.25in;
	mso-header-margin:.5in;
	mso-footer-margin:.5in;
	mso-paper-source:0;}
div.Section1
	{page:Section1;}
-->
</style><!--[if gte mso 10]>
<style>
 /* Style Definitions */
 table.MsoNormalTable
	{mso-style-name:""Table Normal"";
	mso-tstyle-rowband-size:0;
	mso-tstyle-colband-size:0;
	mso-style-noshow:yes;
	mso-style-parent:"""";
	mso-padding-alt:0in 5.4pt 0in 5.4pt;
	mso-para-margin:0in;
	mso-para-margin-bottom:.0001pt;
	mso-pagination:widow-orphan;
	font-size:10.0pt;
	font-family:""Times New Roman"";
	mso-ansi-language:#0400;
	mso-fareast-language:#0400;
	mso-bidi-language:#0400;}
</style>
<![endif]-->

<p class=""MsoNormal"" dir=""rtl""><span style=""font-family: &quot;Jameel Noori Nastaleeq&quot;;"" lang=""AR-SA"">آپ مجھے یہ بتادیجئے کہ اگر میں ٹرین میں
ہوں اور وہاں بہت بھیڑ ہے نماز کا وقت ہوگیا ہے میں نے ٹوائلٹ میں وضو کرلیا ہے تو
کیا میں ٹوائلٹ میں ہی نماز پڑھ سکتاہوں اس طرح کہ میں کھڑا ہوکر قیام کروں او
ررکوع کروں، لیکن سجدہ اشارہ سے کرلوں کیوں کہ وہاں نیچے گیلا ہے اور گندہ ہے؟<o:p></o:p></span></p>

</h2>
							<h2><u> سوال: </u> <meta http-equiv=""Content-Type"" content=""text/html; charset=utf-8""><meta name=""ProgId"" content=""Word.Document""><meta name=""Generator"" content=""Microsoft Word 11""><meta name=""Originator"" content=""Microsoft Word 11""><link rel=""File-List"" href=""file:///G:\DOCUME~1\ADMINI~1\LOCALS~1\Temp\msohtml1\01\clip_filelist.xml""><!--[if gte mso 9]><xml>
 <w:WordDocument>
  <w:View>Normal</w:View>
  <w:Zoom>0</w:Zoom>
  <w:PunctuationKerning/>
  <w:ValidateAgainstSchemas/>
  <w:SaveIfXMLInvalid>false</w:SaveIfXMLInvalid>
  <w:IgnoreMixedContent>false</w:IgnoreMixedContent>
  <w:AlwaysShowPlaceholderText>false</w:AlwaysShowPlaceholderText>
  <w:Compatibility>
   <w:BreakWrappedTables/>
   <w:SnapToGridInCell/>
   <w:WrapTextWithPunct/>
   <w:UseAsianBreakRules/>
   <w:DontGrowAutofit/>
  </w:Compatibility>
  <w:BrowserLevel>MicrosoftInternetExplorer4</w:BrowserLevel>
 </w:WordDocument>
</xml><![endif]--><!--[if gte mso 9]><xml>
 <w:LatentStyles DefLockedState=""false"" LatentStyleCount=""156"">
 </w:LatentStyles>
</xml><![endif]--><style>
<!--
 /* Font Definitions */
 @font-face
	{font-family:SimSun;
	panose-1:2 1 6 0 3 1 1 1 1 1;
	mso-font-alt:&#23435;&#20307;;
	mso-font-charset:134;
	mso-generic-font-family:auto;
	mso-font-pitch:variable;
	mso-font-signature:3 135135232 16 0 262145 0;}
@font-face
	{font-family:Tahoma;
	panose-1:2 11 6 4 3 5 4 4 2 4;
	mso-font-charset:0;
	mso-generic-font-family:swiss;
	mso-font-pitch:variable;
	mso-font-signature:1627421319 -2147483648 8 0 66047 0;}
@font-face
	{font-family:""\@SimSun"";
	panose-1:2 1 6 0 3 1 1 1 1 1;
	mso-font-charset:134;
	mso-generic-font-family:auto;
	mso-font-pitch:variable;
	mso-font-signature:3 135135232 16 0 262145 0;}
@font-face
	{font-family:""Jameel Noori Nastaleeq"";
	panose-1:2 0 5 3 0 0 0 0 0 4;
	mso-font-charset:0;
	mso-generic-font-family:auto;
	mso-font-pitch:variable;
	mso-font-signature:-2147475449 0 0 0 65 0;}
 /* Style Definitions */
 p.MsoNormal, li.MsoNormal, div.MsoNormal
	{mso-style-parent:"""";
	margin:0in;
	margin-bottom:.0001pt;
	text-align:justify;
	text-justify:kashida;
	text-kashida:0%;
	mso-pagination:widow-orphan;
	direction:rtl;
	unicode-bidi:embed;
	font-size:12.0pt;
	mso-bidi-font-size:10.0pt;
	font-family:Tahoma;
	mso-fareast-font-family:SimSun;}
@page Section1
	{size:8.5in 11.0in;
	margin:1.0in 1.25in 1.0in 1.25in;
	mso-header-margin:.5in;
	mso-footer-margin:.5in;
	mso-paper-source:0;}
div.Section1
	{page:Section1;}
-->
</style><!--[if gte mso 10]>
<style>
 /* Style Definitions */
 table.MsoNormalTable
	{mso-style-name:""Table Normal"";
	mso-tstyle-rowband-size:0;
	mso-tstyle-colband-size:0;
	mso-style-noshow:yes;
	mso-style-parent:"""";
	mso-padding-alt:0in 5.4pt 0in 5.4pt;
	mso-para-margin:0in;
	mso-para-margin-bottom:.0001pt;
	mso-pagination:widow-orphan;
	font-size:10.0pt;
	font-family:""Times New Roman"";
	mso-ansi-language:#0400;
	mso-fareast-language:#0400;
	mso-bidi-language:#0400;}
</style>
<![endif]-->

<p class=""MsoNormal"" dir=""rtl""><span style=""font-family: &quot;Jameel Noori Nastaleeq&quot;;"" lang=""AR-SA"">آپ مجھے یہ بتادیجئے کہ اگر میں ٹرین میں
ہوں اور وہاں بہت بھیڑ ہے نماز کا وقت ہوگیا ہے میں نے ٹوائلٹ میں وضو کرلیا ہے تو
کیا میں ٹوائلٹ میں ہی نماز پڑھ سکتاہوں اس طرح کہ میں کھڑا ہوکر قیام کروں او
ررکوع کروں، لیکن سجدہ اشارہ سے کرلوں کیوں کہ وہاں نیچے گیلا ہے اور گندہ ہے؟<o:p></o:p></span></p>

</h2>
							<p class=""fatwa_answer""><span class=""ans_urdu_id""> جواب نمبر: 13700</span><span style=""color:#efefef;display:none;"" class=""answer_date_urdu"">01-Sep-2020 : تاریخ اشاعت </span></p>
							<p>بسم الله الرحمن الرحيم</p>
							<p> <meta http-equiv=""Content-Type"" content=""text/html; charset=utf-8""><meta name=""ProgId"" content=""Word.Document""><meta name=""Generator"" content=""Microsoft Word 11""><meta name=""Originator"" content=""Microsoft Word 11""><link rel=""File-List"" href=""file:///G:\DOCUME~1\ADMINI~1\LOCALS~1\Temp\msohtml1\01\clip_filelist.xml""><!--[if gte mso 9]><xml>
 <w:WordDocument>
  <w:View>Normal</w:View>
  <w:Zoom>0</w:Zoom>
  <w:PunctuationKerning/>
  <w:ValidateAgainstSchemas/>
  <w:SaveIfXMLInvalid>false</w:SaveIfXMLInvalid>
  <w:IgnoreMixedContent>false</w:IgnoreMixedContent>
  <w:AlwaysShowPlaceholderText>false</w:AlwaysShowPlaceholderText>
  <w:Compatibility>
   <w:BreakWrappedTables/>
   <w:SnapToGridInCell/>
   <w:WrapTextWithPunct/>
   <w:UseAsianBreakRules/>
   <w:DontGrowAutofit/>
  </w:Compatibility>
  <w:BrowserLevel>MicrosoftInternetExplorer4</w:BrowserLevel>
 </w:WordDocument>
</xml><![endif]--><!--[if gte mso 9]><xml>
 <w:LatentStyles DefLockedState=""false"" LatentStyleCount=""156"">
 </w:LatentStyles>
</xml><![endif]--><style>
<!--
 /* Font Definitions */
 @font-face
	{font-family:SimSun;
	panose-1:2 1 6 0 3 1 1 1 1 1;
	mso-font-alt:&#23435;&#20307;;
	mso-font-charset:134;
	mso-generic-font-family:auto;
	mso-font-pitch:variable;
	mso-font-signature:3 135135232 16 0 262145 0;}
@font-face
	{font-family:Tahoma;
	panose-1:2 11 6 4 3 5 4 4 2 4;
	mso-font-charset:0;
	mso-generic-font-family:swiss;
	mso-font-pitch:variable;
	mso-font-signature:1627421319 -2147483648 8 0 66047 0;}
@font-face
	{font-family:""\@SimSun"";
	panose-1:2 1 6 0 3 1 1 1 1 1;
	mso-font-charset:134;
	mso-generic-font-family:auto;
	mso-font-pitch:variable;
	mso-font-signature:3 135135232 16 0 262145 0;}
@font-face
	{font-family:""Jameel Noori Nastaleeq"";
	panose-1:2 0 5 3 0 0 0 0 0 4;
	mso-font-charset:0;
	mso-generic-font-family:auto;
	mso-font-pitch:variable;
	mso-font-signature:-2147475449 0 0 0 65 0;}
 /* Style Definitions */
 p.MsoNormal, li.MsoNormal, div.MsoNormal
	{mso-style-parent:"""";
	margin:0in;
	margin-bottom:.0001pt;
	text-align:justify;
	text-justify:kashida;
	text-kashida:0%;
	mso-pagination:widow-orphan;
	direction:rtl;
	unicode-bidi:embed;
	font-size:12.0pt;
	mso-bidi-font-size:10.0pt;
	font-family:Tahoma;
	mso-fareast-font-family:SimSun;}
@page Section1
	{size:8.5in 11.0in;
	margin:1.0in 1.25in 1.0in 1.25in;
	mso-header-margin:.5in;
	mso-footer-margin:.5in;
	mso-paper-source:0;}
div.Section1
	{page:Section1;}
-->
</style><!--[if gte mso 10]>
<style>
 /* Style Definitions */
 table.MsoNormalTable
	{mso-style-name:""Table Normal"";
	mso-tstyle-rowband-size:0;
	mso-tstyle-colband-size:0;
	mso-style-noshow:yes;
	mso-style-parent:"""";
	mso-padding-alt:0in 5.4pt 0in 5.4pt;
	mso-para-margin:0in;
	mso-para-margin-bottom:.0001pt;
	mso-pagination:widow-orphan;
	font-size:10.0pt;
	font-family:""Times New Roman"";
	mso-ansi-language:#0400;
	mso-fareast-language:#0400;
	mso-bidi-language:#0400;}
</style>
<![endif]-->

</p><p class=""MsoNormal"" dir=""rtl""><span style=""font-family: &quot;Jameel Noori Nastaleeq&quot;;"" lang=""AR-SA"">فتوی: 1023=964/ب</span></p>

<p class=""MsoNormal"" dir=""rtl""><span style=""font-family: &quot;Jameel Noori Nastaleeq&quot;;"" lang=""AR-SA""><o:p>&nbsp;</o:p></span></p>

<p class=""MsoNormal"" dir=""rtl""><span style=""font-family: &quot;Jameel Noori Nastaleeq&quot;;"" lang=""AR-SA"">آپ اپنی سیٹ پر آکر نماز جس طرح ممکن ہو،
پڑھ لیں، ٹوائلٹ میں نماز جائز نہیں۔ البتہ بعد میں نماز دوبارہ پڑھنا ضروری ہوگا۔
</span></p>

<p></p> 
							<br>
							<span style=""font-size:1.2em"">
								<p><strong>واللہ تعالیٰ اعلم</strong></p>
								<br class=""clear"">
								<p><strong>دارالافتاء،</strong><br>دارالعلوم دیوبند</p>
							</span>
						</li>
											</ul>
				</div>"
https://darulifta-deoband.com/home/ur/salah-prayer/13540,میں جب باجماعت نماز پڑھنے کھڑا ہوا تو مجھے پتہ چلا کہ میرے کپڑے ناپاک ہیں مگر میں شرم کی وجہ سے نماز توڑ کر نہ گیا۔ میں نے سنا تھا کہ بے وضو یا ناپاک کپڑوں سے جان کر نماز پڑھنے سے انسان کافر ہوجاتا ہے ،کیا یہ صحیح ہے، تو کیا میرا ایمان جاتا رہا اور میں شادی شدہ ہوں تو کیا نکاح بھی؟,"<h2><u> سوال: </u> <meta http-equiv=""Content-Type"" content=""text/html; charset=utf-8""><meta name=""ProgId"" content=""Word.Document""><meta name=""Generator"" content=""Microsoft Word 11""><meta name=""Originator"" content=""Microsoft Word 11""><link rel=""File-List"" href=""file:///G:\DOCUME~1\ADMINI~1\LOCALS~1\Temp\msohtml1\01\clip_filelist.xml""><!--[if gte mso 9]><xml>
 <w:WordDocument>
  <w:View>Normal</w:View>
  <w:Zoom>0</w:Zoom>
  <w:PunctuationKerning/>
  <w:ValidateAgainstSchemas/>
  <w:SaveIfXMLInvalid>false</w:SaveIfXMLInvalid>
  <w:IgnoreMixedContent>false</w:IgnoreMixedContent>
  <w:AlwaysShowPlaceholderText>false</w:AlwaysShowPlaceholderText>
  <w:Compatibility>
   <w:BreakWrappedTables/>
   <w:SnapToGridInCell/>
   <w:WrapTextWithPunct/>
   <w:UseAsianBreakRules/>
   <w:DontGrowAutofit/>
  </w:Compatibility>
  <w:BrowserLevel>MicrosoftInternetExplorer4</w:BrowserLevel>
 </w:WordDocument>
</xml><![endif]--><!--[if gte mso 9]><xml>
 <w:LatentStyles DefLockedState=""false"" LatentStyleCount=""156"">
 </w:LatentStyles>
</xml><![endif]--><style>
<!--
 /* Font Definitions */
 @font-face
	{font-family:SimSun;
	panose-1:2 1 6 0 3 1 1 1 1 1;
	mso-font-alt:&#23435;&#20307;;
	mso-font-charset:134;
	mso-generic-font-family:auto;
	mso-font-pitch:variable;
	mso-font-signature:3 135135232 16 0 262145 0;}
@font-face
	{font-family:Tahoma;
	panose-1:2 11 6 4 3 5 4 4 2 4;
	mso-font-charset:0;
	mso-generic-font-family:swiss;
	mso-font-pitch:variable;
	mso-font-signature:1627421319 -2147483648 8 0 66047 0;}
@font-face
	{font-family:""\@SimSun"";
	panose-1:2 1 6 0 3 1 1 1 1 1;
	mso-font-charset:134;
	mso-generic-font-family:auto;
	mso-font-pitch:variable;
	mso-font-signature:3 135135232 16 0 262145 0;}
@font-face
	{font-family:""Jameel Noori Nastaleeq"";
	panose-1:2 0 5 3 0 0 0 0 0 4;
	mso-font-charset:0;
	mso-generic-font-family:auto;
	mso-font-pitch:variable;
	mso-font-signature:-2147475449 0 0 0 65 0;}
 /* Style Definitions */
 p.MsoNormal, li.MsoNormal, div.MsoNormal
	{mso-style-parent:"""";
	margin:0in;
	margin-bottom:.0001pt;
	text-align:justify;
	text-justify:kashida;
	text-kashida:0%;
	mso-pagination:widow-orphan;
	direction:rtl;
	unicode-bidi:embed;
	font-size:12.0pt;
	mso-bidi-font-size:10.0pt;
	font-family:Tahoma;
	mso-fareast-font-family:SimSun;}
@page Section1
	{size:8.5in 11.0in;
	margin:1.0in 1.25in 1.0in 1.25in;
	mso-header-margin:.5in;
	mso-footer-margin:.5in;
	mso-paper-source:0;}
div.Section1
	{page:Section1;}
-->
</style><!--[if gte mso 10]>
<style>
 /* Style Definitions */
 table.MsoNormalTable
	{mso-style-name:""Table Normal"";
	mso-tstyle-rowband-size:0;
	mso-tstyle-colband-size:0;
	mso-style-noshow:yes;
	mso-style-parent:"""";
	mso-padding-alt:0in 5.4pt 0in 5.4pt;
	mso-para-margin:0in;
	mso-para-margin-bottom:.0001pt;
	mso-pagination:widow-orphan;
	font-size:10.0pt;
	font-family:""Times New Roman"";
	mso-ansi-language:#0400;
	mso-fareast-language:#0400;
	mso-bidi-language:#0400;}
</style>
<![endif]-->

<p class=""MsoNormal"" dir=""rtl""><span style=""font-family: &quot;Jameel Noori Nastaleeq&quot;;"" lang=""AR-SA"">میں جب باجماعت نماز پڑھنے کھڑا ہوا تو
مجھے پتہ چلا کہ میرے کپڑے ناپاک ہیں مگر میں شرم کی وجہ سے نماز توڑ کر نہ گیا۔ میں
نے سنا تھا کہ بے وضو یا ناپاک کپڑوں سے جان کر نماز پڑھنے سے انسان کافر ہوجاتا
ہے ،کیا یہ صحیح ہے، تو کیا میرا ایمان جاتا رہا اور میں شادی شدہ ہوں تو کیا نکاح
بھی؟<o:p></o:p></span></p>

</h2>","<p>بسم الله الرحمن الرحيم</p><p> <meta http-equiv=""Content-Type"" content=""text/html; charset=utf-8""><meta name=""ProgId"" content=""Word.Document""><meta name=""Generator"" content=""Microsoft Word 11""><meta name=""Originator"" content=""Microsoft Word 11""><link rel=""File-List"" href=""file:///G:\DOCUME~1\ADMINI~1\LOCALS~1\Temp\msohtml1\01\clip_filelist.xml""><!--[if gte mso 9]><xml>
 <w:WordDocument>
  <w:View>Normal</w:View>
  <w:Zoom>0</w:Zoom>
  <w:PunctuationKerning/>
  <w:ValidateAgainstSchemas/>
  <w:SaveIfXMLInvalid>false</w:SaveIfXMLInvalid>
  <w:IgnoreMixedContent>false</w:IgnoreMixedContent>
  <w:AlwaysShowPlaceholderText>false</w:AlwaysShowPlaceholderText>
  <w:Compatibility>
   <w:BreakWrappedTables/>
   <w:SnapToGridInCell/>
   <w:WrapTextWithPunct/>
   <w:UseAsianBreakRules/>
   <w:DontGrowAutofit/>
  </w:Compatibility>
  <w:BrowserLevel>MicrosoftInternetExplorer4</w:BrowserLevel>
 </w:WordDocument>
</xml><![endif]--><!--[if gte mso 9]><xml>
 <w:LatentStyles DefLockedState=""false"" LatentStyleCount=""156"">
 </w:LatentStyles>
</xml><![endif]--><style>
<!--
 /* Font Definitions */
 @font-face
	{font-family:SimSun;
	panose-1:2 1 6 0 3 1 1 1 1 1;
	mso-font-alt:&#23435;&#20307;;
	mso-font-charset:134;
	mso-generic-font-family:auto;
	mso-font-pitch:variable;
	mso-font-signature:3 135135232 16 0 262145 0;}
@font-face
	{font-family:Tahoma;
	panose-1:2 11 6 4 3 5 4 4 2 4;
	mso-font-charset:0;
	mso-generic-font-family:swiss;
	mso-font-pitch:variable;
	mso-font-signature:1627421319 -2147483648 8 0 66047 0;}
@font-face
	{font-family:""\@SimSun"";
	panose-1:2 1 6 0 3 1 1 1 1 1;
	mso-font-charset:134;
	mso-generic-font-family:auto;
	mso-font-pitch:variable;
	mso-font-signature:3 135135232 16 0 262145 0;}
@font-face
	{font-family:""Jameel Noori Nastaleeq"";
	panose-1:2 0 5 3 0 0 0 0 0 4;
	mso-font-charset:0;
	mso-generic-font-family:auto;
	mso-font-pitch:variable;
	mso-font-signature:-2147475449 0 0 0 65 0;}
 /* Style Definitions */
 p.MsoNormal, li.MsoNormal, div.MsoNormal
	{mso-style-parent:"""";
	margin:0in;
	margin-bottom:.0001pt;
	text-align:justify;
	text-justify:kashida;
	text-kashida:0%;
	mso-pagination:widow-orphan;
	direction:rtl;
	unicode-bidi:embed;
	font-size:12.0pt;
	mso-bidi-font-size:10.0pt;
	font-family:Tahoma;
	mso-fareast-font-family:SimSun;}
@page Section1
	{size:8.5in 11.0in;
	margin:1.0in 1.25in 1.0in 1.25in;
	mso-header-margin:.5in;
	mso-footer-margin:.5in;
	mso-paper-source:0;}
div.Section1
	{page:Section1;}
-->
</style><!--[if gte mso 10]>
<style>
 /* Style Definitions */
 table.MsoNormalTable
	{mso-style-name:""Table Normal"";
	mso-tstyle-rowband-size:0;
	mso-tstyle-colband-size:0;
	mso-style-noshow:yes;
	mso-style-parent:"""";
	mso-padding-alt:0in 5.4pt 0in 5.4pt;
	mso-para-margin:0in;
	mso-para-margin-bottom:.0001pt;
	mso-pagination:widow-orphan;
	font-size:10.0pt;
	font-family:""Times New Roman"";
	mso-ansi-language:#0400;
	mso-fareast-language:#0400;
	mso-bidi-language:#0400;}
</style>
<![endif]-->

</p><p class=""MsoNormal"" dir=""rtl""><span style=""font-family: &quot;Jameel Noori Nastaleeq&quot;;"" lang=""AR-SA"">فتوی: 1041=980/ب</span></p><p class=""MsoNormal"" dir=""rtl""><span style=""font-family: &quot;Jameel Noori Nastaleeq&quot;;"" lang=""AR-SA""><o:p>&nbsp;</o:p></span></p><p class=""MsoNormal"" dir=""rtl""><span style=""font-family: &quot;Jameel Noori Nastaleeq&quot;;"" lang=""AR-SA"">اگر کسی سے مذکورہ فعل استہزاء واستخفافاً
صادر ہوجائے تو کفر کا اندیشہ ہے، صورت مسئولہ میں چونکہ آپ نے شرم کی وجہ سے ایسا
کیا ہے، اس لیے کفر کا اندیشہ نہیں ہے، نکاح آپ کا بدستور باقی ہے، البتہ آئندہ اس
طرح کے فعل سے بالکل گریز کریں: </span><span style=""font-size: 10pt;"" lang=""AR-SA"">أما
لو کان بمعنی عدا ذلک الفعل خفیفا وھینا من غیر استھزاء ولا سخریة بل لمجرد الکسل
أو الجھل فینبغي أن لا یکون کفرًا عند الکل (الشامي: </span><span style=""font-size: 10pt;"" lang=""FA"">۱/۱۸۶</span><span style=""font-size: 10pt;"" lang=""AR-SA"">، زکریا)</span></p><p></p><br><span style=""font-size:1.2em"">
								<p><strong>واللہ تعالیٰ اعلم</strong></p>
								<br class=""clear"">
								<p><strong>دارالافتاء،</strong><br>دارالعلوم دیوبند</p>
							</span>",31-Aug-2020,13540,darulifta-deoband.com,عبادات,صلاة (نماز),"<div id=""recent_fatwas"" class=""container tab-pane active""><br>
					<ul class=""answer_detail"">
												<li>
																					<div class=""cate_sec"">
								<p class=""category_name"">
									<span>
										عبادات									</span> 
									&gt;&gt; 
									<span>
																		<a href=""https://darulifta-deoband.com/ur/category/n-a/MTk="">صلاة (نماز)</a>
									</span>
								</p>
								<p class=""quesid""><span class=""anser_id_urdu""> سوال نمبر: 13540</span><!--<span class=""country_urdu"">  : ملک</span> --></p>
							</div>
							<h2><u> عنوان:</u> <meta http-equiv=""Content-Type"" content=""text/html; charset=utf-8""><meta name=""ProgId"" content=""Word.Document""><meta name=""Generator"" content=""Microsoft Word 11""><meta name=""Originator"" content=""Microsoft Word 11""><link rel=""File-List"" href=""file:///G:\DOCUME~1\ADMINI~1\LOCALS~1\Temp\msohtml1\01\clip_filelist.xml""><!--[if gte mso 9]><xml>
 <w:WordDocument>
  <w:View>Normal</w:View>
  <w:Zoom>0</w:Zoom>
  <w:PunctuationKerning/>
  <w:ValidateAgainstSchemas/>
  <w:SaveIfXMLInvalid>false</w:SaveIfXMLInvalid>
  <w:IgnoreMixedContent>false</w:IgnoreMixedContent>
  <w:AlwaysShowPlaceholderText>false</w:AlwaysShowPlaceholderText>
  <w:Compatibility>
   <w:BreakWrappedTables/>
   <w:SnapToGridInCell/>
   <w:WrapTextWithPunct/>
   <w:UseAsianBreakRules/>
   <w:DontGrowAutofit/>
  </w:Compatibility>
  <w:BrowserLevel>MicrosoftInternetExplorer4</w:BrowserLevel>
 </w:WordDocument>
</xml><![endif]--><!--[if gte mso 9]><xml>
 <w:LatentStyles DefLockedState=""false"" LatentStyleCount=""156"">
 </w:LatentStyles>
</xml><![endif]--><style>
<!--
 /* Font Definitions */
 @font-face
	{font-family:SimSun;
	panose-1:2 1 6 0 3 1 1 1 1 1;
	mso-font-alt:&#23435;&#20307;;
	mso-font-charset:134;
	mso-generic-font-family:auto;
	mso-font-pitch:variable;
	mso-font-signature:3 135135232 16 0 262145 0;}
@font-face
	{font-family:Tahoma;
	panose-1:2 11 6 4 3 5 4 4 2 4;
	mso-font-charset:0;
	mso-generic-font-family:swiss;
	mso-font-pitch:variable;
	mso-font-signature:1627421319 -2147483648 8 0 66047 0;}
@font-face
	{font-family:""\@SimSun"";
	panose-1:2 1 6 0 3 1 1 1 1 1;
	mso-font-charset:134;
	mso-generic-font-family:auto;
	mso-font-pitch:variable;
	mso-font-signature:3 135135232 16 0 262145 0;}
@font-face
	{font-family:""Jameel Noori Nastaleeq"";
	panose-1:2 0 5 3 0 0 0 0 0 4;
	mso-font-charset:0;
	mso-generic-font-family:auto;
	mso-font-pitch:variable;
	mso-font-signature:-2147475449 0 0 0 65 0;}
 /* Style Definitions */
 p.MsoNormal, li.MsoNormal, div.MsoNormal
	{mso-style-parent:"""";
	margin:0in;
	margin-bottom:.0001pt;
	text-align:justify;
	text-justify:kashida;
	text-kashida:0%;
	mso-pagination:widow-orphan;
	direction:rtl;
	unicode-bidi:embed;
	font-size:12.0pt;
	mso-bidi-font-size:10.0pt;
	font-family:Tahoma;
	mso-fareast-font-family:SimSun;}
@page Section1
	{size:8.5in 11.0in;
	margin:1.0in 1.25in 1.0in 1.25in;
	mso-header-margin:.5in;
	mso-footer-margin:.5in;
	mso-paper-source:0;}
div.Section1
	{page:Section1;}
-->
</style><!--[if gte mso 10]>
<style>
 /* Style Definitions */
 table.MsoNormalTable
	{mso-style-name:""Table Normal"";
	mso-tstyle-rowband-size:0;
	mso-tstyle-colband-size:0;
	mso-style-noshow:yes;
	mso-style-parent:"""";
	mso-padding-alt:0in 5.4pt 0in 5.4pt;
	mso-para-margin:0in;
	mso-para-margin-bottom:.0001pt;
	mso-pagination:widow-orphan;
	font-size:10.0pt;
	font-family:""Times New Roman"";
	mso-ansi-language:#0400;
	mso-fareast-language:#0400;
	mso-bidi-language:#0400;}
</style>
<![endif]-->

<p class=""MsoNormal"" dir=""rtl""><span style=""font-family: &quot;Jameel Noori Nastaleeq&quot;;"" lang=""AR-SA"">میں جب باجماعت نماز پڑھنے کھڑا ہوا تو
مجھے پتہ چلا کہ میرے کپڑے ناپاک ہیں مگر میں شرم کی وجہ سے نماز توڑ کر نہ گیا۔ میں
نے سنا تھا کہ بے وضو یا ناپاک کپڑوں سے جان کر نماز پڑھنے سے انسان کافر ہوجاتا
ہے ،کیا یہ صحیح ہے، تو کیا میرا ایمان جاتا رہا اور میں شادی شدہ ہوں تو کیا نکاح
بھی؟<o:p></o:p></span></p>

</h2>
							<h2><u> سوال: </u> <meta http-equiv=""Content-Type"" content=""text/html; charset=utf-8""><meta name=""ProgId"" content=""Word.Document""><meta name=""Generator"" content=""Microsoft Word 11""><meta name=""Originator"" content=""Microsoft Word 11""><link rel=""File-List"" href=""file:///G:\DOCUME~1\ADMINI~1\LOCALS~1\Temp\msohtml1\01\clip_filelist.xml""><!--[if gte mso 9]><xml>
 <w:WordDocument>
  <w:View>Normal</w:View>
  <w:Zoom>0</w:Zoom>
  <w:PunctuationKerning/>
  <w:ValidateAgainstSchemas/>
  <w:SaveIfXMLInvalid>false</w:SaveIfXMLInvalid>
  <w:IgnoreMixedContent>false</w:IgnoreMixedContent>
  <w:AlwaysShowPlaceholderText>false</w:AlwaysShowPlaceholderText>
  <w:Compatibility>
   <w:BreakWrappedTables/>
   <w:SnapToGridInCell/>
   <w:WrapTextWithPunct/>
   <w:UseAsianBreakRules/>
   <w:DontGrowAutofit/>
  </w:Compatibility>
  <w:BrowserLevel>MicrosoftInternetExplorer4</w:BrowserLevel>
 </w:WordDocument>
</xml><![endif]--><!--[if gte mso 9]><xml>
 <w:LatentStyles DefLockedState=""false"" LatentStyleCount=""156"">
 </w:LatentStyles>
</xml><![endif]--><style>
<!--
 /* Font Definitions */
 @font-face
	{font-family:SimSun;
	panose-1:2 1 6 0 3 1 1 1 1 1;
	mso-font-alt:&#23435;&#20307;;
	mso-font-charset:134;
	mso-generic-font-family:auto;
	mso-font-pitch:variable;
	mso-font-signature:3 135135232 16 0 262145 0;}
@font-face
	{font-family:Tahoma;
	panose-1:2 11 6 4 3 5 4 4 2 4;
	mso-font-charset:0;
	mso-generic-font-family:swiss;
	mso-font-pitch:variable;
	mso-font-signature:1627421319 -2147483648 8 0 66047 0;}
@font-face
	{font-family:""\@SimSun"";
	panose-1:2 1 6 0 3 1 1 1 1 1;
	mso-font-charset:134;
	mso-generic-font-family:auto;
	mso-font-pitch:variable;
	mso-font-signature:3 135135232 16 0 262145 0;}
@font-face
	{font-family:""Jameel Noori Nastaleeq"";
	panose-1:2 0 5 3 0 0 0 0 0 4;
	mso-font-charset:0;
	mso-generic-font-family:auto;
	mso-font-pitch:variable;
	mso-font-signature:-2147475449 0 0 0 65 0;}
 /* Style Definitions */
 p.MsoNormal, li.MsoNormal, div.MsoNormal
	{mso-style-parent:"""";
	margin:0in;
	margin-bottom:.0001pt;
	text-align:justify;
	text-justify:kashida;
	text-kashida:0%;
	mso-pagination:widow-orphan;
	direction:rtl;
	unicode-bidi:embed;
	font-size:12.0pt;
	mso-bidi-font-size:10.0pt;
	font-family:Tahoma;
	mso-fareast-font-family:SimSun;}
@page Section1
	{size:8.5in 11.0in;
	margin:1.0in 1.25in 1.0in 1.25in;
	mso-header-margin:.5in;
	mso-footer-margin:.5in;
	mso-paper-source:0;}
div.Section1
	{page:Section1;}
-->
</style><!--[if gte mso 10]>
<style>
 /* Style Definitions */
 table.MsoNormalTable
	{mso-style-name:""Table Normal"";
	mso-tstyle-rowband-size:0;
	mso-tstyle-colband-size:0;
	mso-style-noshow:yes;
	mso-style-parent:"""";
	mso-padding-alt:0in 5.4pt 0in 5.4pt;
	mso-para-margin:0in;
	mso-para-margin-bottom:.0001pt;
	mso-pagination:widow-orphan;
	font-size:10.0pt;
	font-family:""Times New Roman"";
	mso-ansi-language:#0400;
	mso-fareast-language:#0400;
	mso-bidi-language:#0400;}
</style>
<![endif]-->

<p class=""MsoNormal"" dir=""rtl""><span style=""font-family: &quot;Jameel Noori Nastaleeq&quot;;"" lang=""AR-SA"">میں جب باجماعت نماز پڑھنے کھڑا ہوا تو
مجھے پتہ چلا کہ میرے کپڑے ناپاک ہیں مگر میں شرم کی وجہ سے نماز توڑ کر نہ گیا۔ میں
نے سنا تھا کہ بے وضو یا ناپاک کپڑوں سے جان کر نماز پڑھنے سے انسان کافر ہوجاتا
ہے ،کیا یہ صحیح ہے، تو کیا میرا ایمان جاتا رہا اور میں شادی شدہ ہوں تو کیا نکاح
بھی؟<o:p></o:p></span></p>

</h2>
							<p class=""fatwa_answer""><span class=""ans_urdu_id""> جواب نمبر: 13540</span><span style=""color:#efefef;display:none;"" class=""answer_date_urdu"">31-Aug-2020 : تاریخ اشاعت </span></p>
							<p>بسم الله الرحمن الرحيم</p>
							<p> <meta http-equiv=""Content-Type"" content=""text/html; charset=utf-8""><meta name=""ProgId"" content=""Word.Document""><meta name=""Generator"" content=""Microsoft Word 11""><meta name=""Originator"" content=""Microsoft Word 11""><link rel=""File-List"" href=""file:///G:\DOCUME~1\ADMINI~1\LOCALS~1\Temp\msohtml1\01\clip_filelist.xml""><!--[if gte mso 9]><xml>
 <w:WordDocument>
  <w:View>Normal</w:View>
  <w:Zoom>0</w:Zoom>
  <w:PunctuationKerning/>
  <w:ValidateAgainstSchemas/>
  <w:SaveIfXMLInvalid>false</w:SaveIfXMLInvalid>
  <w:IgnoreMixedContent>false</w:IgnoreMixedContent>
  <w:AlwaysShowPlaceholderText>false</w:AlwaysShowPlaceholderText>
  <w:Compatibility>
   <w:BreakWrappedTables/>
   <w:SnapToGridInCell/>
   <w:WrapTextWithPunct/>
   <w:UseAsianBreakRules/>
   <w:DontGrowAutofit/>
  </w:Compatibility>
  <w:BrowserLevel>MicrosoftInternetExplorer4</w:BrowserLevel>
 </w:WordDocument>
</xml><![endif]--><!--[if gte mso 9]><xml>
 <w:LatentStyles DefLockedState=""false"" LatentStyleCount=""156"">
 </w:LatentStyles>
</xml><![endif]--><style>
<!--
 /* Font Definitions */
 @font-face
	{font-family:SimSun;
	panose-1:2 1 6 0 3 1 1 1 1 1;
	mso-font-alt:&#23435;&#20307;;
	mso-font-charset:134;
	mso-generic-font-family:auto;
	mso-font-pitch:variable;
	mso-font-signature:3 135135232 16 0 262145 0;}
@font-face
	{font-family:Tahoma;
	panose-1:2 11 6 4 3 5 4 4 2 4;
	mso-font-charset:0;
	mso-generic-font-family:swiss;
	mso-font-pitch:variable;
	mso-font-signature:1627421319 -2147483648 8 0 66047 0;}
@font-face
	{font-family:""\@SimSun"";
	panose-1:2 1 6 0 3 1 1 1 1 1;
	mso-font-charset:134;
	mso-generic-font-family:auto;
	mso-font-pitch:variable;
	mso-font-signature:3 135135232 16 0 262145 0;}
@font-face
	{font-family:""Jameel Noori Nastaleeq"";
	panose-1:2 0 5 3 0 0 0 0 0 4;
	mso-font-charset:0;
	mso-generic-font-family:auto;
	mso-font-pitch:variable;
	mso-font-signature:-2147475449 0 0 0 65 0;}
 /* Style Definitions */
 p.MsoNormal, li.MsoNormal, div.MsoNormal
	{mso-style-parent:"""";
	margin:0in;
	margin-bottom:.0001pt;
	text-align:justify;
	text-justify:kashida;
	text-kashida:0%;
	mso-pagination:widow-orphan;
	direction:rtl;
	unicode-bidi:embed;
	font-size:12.0pt;
	mso-bidi-font-size:10.0pt;
	font-family:Tahoma;
	mso-fareast-font-family:SimSun;}
@page Section1
	{size:8.5in 11.0in;
	margin:1.0in 1.25in 1.0in 1.25in;
	mso-header-margin:.5in;
	mso-footer-margin:.5in;
	mso-paper-source:0;}
div.Section1
	{page:Section1;}
-->
</style><!--[if gte mso 10]>
<style>
 /* Style Definitions */
 table.MsoNormalTable
	{mso-style-name:""Table Normal"";
	mso-tstyle-rowband-size:0;
	mso-tstyle-colband-size:0;
	mso-style-noshow:yes;
	mso-style-parent:"""";
	mso-padding-alt:0in 5.4pt 0in 5.4pt;
	mso-para-margin:0in;
	mso-para-margin-bottom:.0001pt;
	mso-pagination:widow-orphan;
	font-size:10.0pt;
	font-family:""Times New Roman"";
	mso-ansi-language:#0400;
	mso-fareast-language:#0400;
	mso-bidi-language:#0400;}
</style>
<![endif]-->

</p><p class=""MsoNormal"" dir=""rtl""><span style=""font-family: &quot;Jameel Noori Nastaleeq&quot;;"" lang=""AR-SA"">فتوی: 1041=980/ب</span></p>

<p class=""MsoNormal"" dir=""rtl""><span style=""font-family: &quot;Jameel Noori Nastaleeq&quot;;"" lang=""AR-SA""><o:p>&nbsp;</o:p></span></p>

<p class=""MsoNormal"" dir=""rtl""><span style=""font-family: &quot;Jameel Noori Nastaleeq&quot;;"" lang=""AR-SA"">اگر کسی سے مذکورہ فعل استہزاء واستخفافاً
صادر ہوجائے تو کفر کا اندیشہ ہے، صورت مسئولہ میں چونکہ آپ نے شرم کی وجہ سے ایسا
کیا ہے، اس لیے کفر کا اندیشہ نہیں ہے، نکاح آپ کا بدستور باقی ہے، البتہ آئندہ اس
طرح کے فعل سے بالکل گریز کریں: </span><span style=""font-size: 10pt;"" lang=""AR-SA"">أما
لو کان بمعنی عدا ذلک الفعل خفیفا وھینا من غیر استھزاء ولا سخریة بل لمجرد الکسل
أو الجھل فینبغي أن لا یکون کفرًا عند الکل (الشامي: </span><span style=""font-size: 10pt;"" lang=""FA"">۱/۱۸۶</span><span style=""font-size: 10pt;"" lang=""AR-SA"">، زکریا)</span></p>

<p></p> 
							<br>
							<span style=""font-size:1.2em"">
								<p><strong>واللہ تعالیٰ اعلم</strong></p>
								<br class=""clear"">
								<p><strong>دارالافتاء،</strong><br>دارالعلوم دیوبند</p>
							</span>
						</li>
											</ul>
				</div>"
https://darulifta-deoband.com/home/ur/salah-prayer/13347,میرے گھٹنے کے پچھلی طرف ایسی تکلیف ہوگئی ہے کہ میں نماز ادا کرتے ہوئے گھٹنے نہیں موڑ سکتاہوں۔ ڈاکٹر نے کم از کم تین مہینے کے لیے قعدہ میں بیٹھنے سے منع کیا ہے۔ مہربانی فرماکر اس کے بارے میں حکم فرمائیں کہ نماز کس طرح ادا کی جائے گی؟,"<h2><u> سوال: </u> <meta http-equiv=""Content-Type"" content=""text/html; charset=utf-8""><meta name=""ProgId"" content=""Word.Document""><meta name=""Generator"" content=""Microsoft Word 11""><meta name=""Originator"" content=""Microsoft Word 11""><link rel=""File-List"" href=""file:///G:\DOCUME~1\ADMINI~1\LOCALS~1\Temp\msohtml1\03\clip_filelist.xml""><!--[if gte mso 9]><xml>
 <w:WordDocument>
  <w:View>Normal</w:View>
  <w:Zoom>0</w:Zoom>
  <w:PunctuationKerning/>
  <w:ValidateAgainstSchemas/>
  <w:SaveIfXMLInvalid>false</w:SaveIfXMLInvalid>
  <w:IgnoreMixedContent>false</w:IgnoreMixedContent>
  <w:AlwaysShowPlaceholderText>false</w:AlwaysShowPlaceholderText>
  <w:Compatibility>
   <w:BreakWrappedTables/>
   <w:SnapToGridInCell/>
   <w:WrapTextWithPunct/>
   <w:UseAsianBreakRules/>
   <w:DontGrowAutofit/>
  </w:Compatibility>
  <w:BrowserLevel>MicrosoftInternetExplorer4</w:BrowserLevel>
 </w:WordDocument>
</xml><![endif]--><!--[if gte mso 9]><xml>
 <w:LatentStyles DefLockedState=""false"" LatentStyleCount=""156"">
 </w:LatentStyles>
</xml><![endif]--><style>
<!--
 /* Font Definitions */
 @font-face
	{font-family:SimSun;
	panose-1:2 1 6 0 3 1 1 1 1 1;
	mso-font-alt:&#23435;&#20307;;
	mso-font-charset:134;
	mso-generic-font-family:auto;
	mso-font-pitch:variable;
	mso-font-signature:3 135135232 16 0 262145 0;}
@font-face
	{font-family:Tahoma;
	panose-1:2 11 6 4 3 5 4 4 2 4;
	mso-font-charset:0;
	mso-generic-font-family:swiss;
	mso-font-pitch:variable;
	mso-font-signature:1627421319 -2147483648 8 0 66047 0;}
@font-face
	{font-family:""Jameel Noori Nastaleeq"";
	panose-1:2 0 5 3 0 0 0 0 0 4;
	mso-font-alt:""Times New Roman"";
	mso-font-charset:0;
	mso-generic-font-family:auto;
	mso-font-pitch:variable;
	mso-font-signature:-2147475449 0 0 0 65 0;}
@font-face
	{font-family:""\@SimSun"";
	panose-1:2 1 6 0 3 1 1 1 1 1;
	mso-font-charset:134;
	mso-generic-font-family:auto;
	mso-font-pitch:variable;
	mso-font-signature:3 135135232 16 0 262145 0;}
 /* Style Definitions */
 p.MsoNormal, li.MsoNormal, div.MsoNormal
	{mso-style-parent:"""";
	margin:0cm;
	margin-bottom:.0001pt;
	text-align:justify;
	text-justify:kashida;
	text-kashida:0%;
	mso-pagination:widow-orphan;
	direction:rtl;
	unicode-bidi:embed;
	font-size:12.0pt;
	mso-bidi-font-size:10.0pt;
	font-family:Tahoma;
	mso-fareast-font-family:SimSun;}
@page Section1
	{size:612.0pt 792.0pt;
	margin:72.0pt 90.0pt 72.0pt 90.0pt;
	mso-header-margin:36.0pt;
	mso-footer-margin:36.0pt;
	mso-paper-source:0;}
div.Section1
	{page:Section1;}
-->
</style><!--[if gte mso 10]>
<style>
 /* Style Definitions */
 table.MsoNormalTable
	{mso-style-name:""Table Normal"";
	mso-tstyle-rowband-size:0;
	mso-tstyle-colband-size:0;
	mso-style-noshow:yes;
	mso-style-parent:"""";
	mso-padding-alt:0cm 5.4pt 0cm 5.4pt;
	mso-para-margin:0cm;
	mso-para-margin-bottom:.0001pt;
	mso-pagination:widow-orphan;
	font-size:10.0pt;
	font-family:""Times New Roman"";
	mso-ansi-language:#0400;
	mso-fareast-language:#0400;
	mso-bidi-language:#0400;}
</style>
<![endif]-->

<p class=""MsoNormal"" dir=""rtl""><span style=""font-family: &quot;Jameel Noori Nastaleeq&quot;;"" lang=""AR-SA"">میرے گھٹنے کے پچھلی طرف ایسی تکلیف ہوگئی
ہے کہ میں نماز ادا کرتے ہوئے گھٹنے نہیں موڑ سکتاہوں۔ ڈاکٹر نے کم از کم تین
مہینے کے لیے قعدہ میں بیٹھنے سے منع کیا ہے۔ مہربانی فرماکر اس کے بارے میں حکم
فرمائیں کہ نماز کس طرح ادا کی جائے گی؟<o:p></o:p></span></p>

</h2>","<p>بسم الله الرحمن الرحيم</p><p> <meta http-equiv=""Content-Type"" content=""text/html; charset=utf-8""><meta name=""ProgId"" content=""Word.Document""><meta name=""Generator"" content=""Microsoft Word 11""><meta name=""Originator"" content=""Microsoft Word 11""><link rel=""File-List"" href=""file:///G:\DOCUME~1\ADMINI~1\LOCALS~1\Temp\msohtml1\03\clip_filelist.xml""><!--[if gte mso 9]><xml>
 <w:WordDocument>
  <w:View>Normal</w:View>
  <w:Zoom>0</w:Zoom>
  <w:PunctuationKerning/>
  <w:ValidateAgainstSchemas/>
  <w:SaveIfXMLInvalid>false</w:SaveIfXMLInvalid>
  <w:IgnoreMixedContent>false</w:IgnoreMixedContent>
  <w:AlwaysShowPlaceholderText>false</w:AlwaysShowPlaceholderText>
  <w:Compatibility>
   <w:BreakWrappedTables/>
   <w:SnapToGridInCell/>
   <w:WrapTextWithPunct/>
   <w:UseAsianBreakRules/>
   <w:DontGrowAutofit/>
  </w:Compatibility>
  <w:BrowserLevel>MicrosoftInternetExplorer4</w:BrowserLevel>
 </w:WordDocument>
</xml><![endif]--><!--[if gte mso 9]><xml>
 <w:LatentStyles DefLockedState=""false"" LatentStyleCount=""156"">
 </w:LatentStyles>
</xml><![endif]--><style>
<!--
 /* Font Definitions */
 @font-face
	{font-family:SimSun;
	panose-1:2 1 6 0 3 1 1 1 1 1;
	mso-font-alt:&#23435;&#20307;;
	mso-font-charset:134;
	mso-generic-font-family:auto;
	mso-font-pitch:variable;
	mso-font-signature:3 135135232 16 0 262145 0;}
@font-face
	{font-family:Tahoma;
	panose-1:2 11 6 4 3 5 4 4 2 4;
	mso-font-charset:0;
	mso-generic-font-family:swiss;
	mso-font-pitch:variable;
	mso-font-signature:1627421319 -2147483648 8 0 66047 0;}
@font-face
	{font-family:""Jameel Noori Nastaleeq"";
	panose-1:2 0 5 3 0 0 0 0 0 4;
	mso-font-alt:""Times New Roman"";
	mso-font-charset:0;
	mso-generic-font-family:auto;
	mso-font-pitch:variable;
	mso-font-signature:-2147475449 0 0 0 65 0;}
@font-face
	{font-family:""\@SimSun"";
	panose-1:2 1 6 0 3 1 1 1 1 1;
	mso-font-charset:134;
	mso-generic-font-family:auto;
	mso-font-pitch:variable;
	mso-font-signature:3 135135232 16 0 262145 0;}
 /* Style Definitions */
 p.MsoNormal, li.MsoNormal, div.MsoNormal
	{mso-style-parent:"""";
	margin:0cm;
	margin-bottom:.0001pt;
	text-align:justify;
	text-justify:kashida;
	text-kashida:0%;
	mso-pagination:widow-orphan;
	direction:rtl;
	unicode-bidi:embed;
	font-size:12.0pt;
	mso-bidi-font-size:10.0pt;
	font-family:Tahoma;
	mso-fareast-font-family:SimSun;}
@page Section1
	{size:612.0pt 792.0pt;
	margin:72.0pt 90.0pt 72.0pt 90.0pt;
	mso-header-margin:36.0pt;
	mso-footer-margin:36.0pt;
	mso-paper-source:0;}
div.Section1
	{page:Section1;}
-->
</style><!--[if gte mso 10]>
<style>
 /* Style Definitions */
 table.MsoNormalTable
	{mso-style-name:""Table Normal"";
	mso-tstyle-rowband-size:0;
	mso-tstyle-colband-size:0;
	mso-style-noshow:yes;
	mso-style-parent:"""";
	mso-padding-alt:0cm 5.4pt 0cm 5.4pt;
	mso-para-margin:0cm;
	mso-para-margin-bottom:.0001pt;
	mso-pagination:widow-orphan;
	font-size:10.0pt;
	font-family:""Times New Roman"";
	mso-ansi-language:#0400;
	mso-fareast-language:#0400;
	mso-bidi-language:#0400;}
</style>
<![endif]-->

</p><p class=""MsoNormal"" dir=""rtl""><span style=""font-family: &quot;Jameel Noori Nastaleeq&quot;;"" lang=""AR-SA"">فتوی: 900=839/ب</span></p><p class=""MsoNormal"" dir=""rtl""><span style=""font-family: &quot;Jameel Noori Nastaleeq&quot;;"" lang=""AR-SA""><o:p>&nbsp;</o:p></span></p><p class=""MsoNormal"" dir=""rtl""><span style=""font-family: &quot;Jameel Noori Nastaleeq&quot;;"" lang=""AR-SA"">کرسی پر بیٹھ کر نماز پڑھ لیا کریں۔</span></p><p></p><br><span style=""font-size:1.2em"">
								<p><strong>واللہ تعالیٰ اعلم</strong></p>
								<br class=""clear"">
								<p><strong>دارالافتاء،</strong><br>دارالعلوم دیوبند</p>
							</span>",01-Sep-2020,13347,darulifta-deoband.com,عبادات,صلاة (نماز),"<div id=""recent_fatwas"" class=""container tab-pane active""><br>
					<ul class=""answer_detail"">
												<li>
																					<div class=""cate_sec"">
								<p class=""category_name"">
									<span>
										عبادات									</span> 
									&gt;&gt; 
									<span>
																		<a href=""https://darulifta-deoband.com/ur/category/n-a/MTk="">صلاة (نماز)</a>
									</span>
								</p>
								<p class=""quesid""><span class=""anser_id_urdu""> سوال نمبر: 13347</span><!--<span class=""country_urdu"">  : ملک</span> --></p>
							</div>
							<h2><u> عنوان:</u> <meta http-equiv=""Content-Type"" content=""text/html; charset=utf-8""><meta name=""ProgId"" content=""Word.Document""><meta name=""Generator"" content=""Microsoft Word 11""><meta name=""Originator"" content=""Microsoft Word 11""><link rel=""File-List"" href=""file:///G:\DOCUME~1\ADMINI~1\LOCALS~1\Temp\msohtml1\03\clip_filelist.xml""><!--[if gte mso 9]><xml>
 <w:WordDocument>
  <w:View>Normal</w:View>
  <w:Zoom>0</w:Zoom>
  <w:PunctuationKerning/>
  <w:ValidateAgainstSchemas/>
  <w:SaveIfXMLInvalid>false</w:SaveIfXMLInvalid>
  <w:IgnoreMixedContent>false</w:IgnoreMixedContent>
  <w:AlwaysShowPlaceholderText>false</w:AlwaysShowPlaceholderText>
  <w:Compatibility>
   <w:BreakWrappedTables/>
   <w:SnapToGridInCell/>
   <w:WrapTextWithPunct/>
   <w:UseAsianBreakRules/>
   <w:DontGrowAutofit/>
  </w:Compatibility>
  <w:BrowserLevel>MicrosoftInternetExplorer4</w:BrowserLevel>
 </w:WordDocument>
</xml><![endif]--><!--[if gte mso 9]><xml>
 <w:LatentStyles DefLockedState=""false"" LatentStyleCount=""156"">
 </w:LatentStyles>
</xml><![endif]--><style>
<!--
 /* Font Definitions */
 @font-face
	{font-family:SimSun;
	panose-1:2 1 6 0 3 1 1 1 1 1;
	mso-font-alt:&#23435;&#20307;;
	mso-font-charset:134;
	mso-generic-font-family:auto;
	mso-font-pitch:variable;
	mso-font-signature:3 135135232 16 0 262145 0;}
@font-face
	{font-family:Tahoma;
	panose-1:2 11 6 4 3 5 4 4 2 4;
	mso-font-charset:0;
	mso-generic-font-family:swiss;
	mso-font-pitch:variable;
	mso-font-signature:1627421319 -2147483648 8 0 66047 0;}
@font-face
	{font-family:""Jameel Noori Nastaleeq"";
	panose-1:2 0 5 3 0 0 0 0 0 4;
	mso-font-alt:""Times New Roman"";
	mso-font-charset:0;
	mso-generic-font-family:auto;
	mso-font-pitch:variable;
	mso-font-signature:-2147475449 0 0 0 65 0;}
@font-face
	{font-family:""\@SimSun"";
	panose-1:2 1 6 0 3 1 1 1 1 1;
	mso-font-charset:134;
	mso-generic-font-family:auto;
	mso-font-pitch:variable;
	mso-font-signature:3 135135232 16 0 262145 0;}
 /* Style Definitions */
 p.MsoNormal, li.MsoNormal, div.MsoNormal
	{mso-style-parent:"""";
	margin:0cm;
	margin-bottom:.0001pt;
	text-align:justify;
	text-justify:kashida;
	text-kashida:0%;
	mso-pagination:widow-orphan;
	direction:rtl;
	unicode-bidi:embed;
	font-size:12.0pt;
	mso-bidi-font-size:10.0pt;
	font-family:Tahoma;
	mso-fareast-font-family:SimSun;}
@page Section1
	{size:612.0pt 792.0pt;
	margin:72.0pt 90.0pt 72.0pt 90.0pt;
	mso-header-margin:36.0pt;
	mso-footer-margin:36.0pt;
	mso-paper-source:0;}
div.Section1
	{page:Section1;}
-->
</style><!--[if gte mso 10]>
<style>
 /* Style Definitions */
 table.MsoNormalTable
	{mso-style-name:""Table Normal"";
	mso-tstyle-rowband-size:0;
	mso-tstyle-colband-size:0;
	mso-style-noshow:yes;
	mso-style-parent:"""";
	mso-padding-alt:0cm 5.4pt 0cm 5.4pt;
	mso-para-margin:0cm;
	mso-para-margin-bottom:.0001pt;
	mso-pagination:widow-orphan;
	font-size:10.0pt;
	font-family:""Times New Roman"";
	mso-ansi-language:#0400;
	mso-fareast-language:#0400;
	mso-bidi-language:#0400;}
</style>
<![endif]-->

<p class=""MsoNormal"" dir=""rtl""><span style=""font-family: &quot;Jameel Noori Nastaleeq&quot;;"" lang=""AR-SA"">میرے گھٹنے کے پچھلی طرف ایسی تکلیف ہوگئی
ہے کہ میں نماز ادا کرتے ہوئے گھٹنے نہیں موڑ سکتاہوں۔ ڈاکٹر نے کم از کم تین
مہینے کے لیے قعدہ میں بیٹھنے سے منع کیا ہے۔ مہربانی فرماکر اس کے بارے میں حکم
فرمائیں کہ نماز کس طرح ادا کی جائے گی؟<o:p></o:p></span></p>

</h2>
							<h2><u> سوال: </u> <meta http-equiv=""Content-Type"" content=""text/html; charset=utf-8""><meta name=""ProgId"" content=""Word.Document""><meta name=""Generator"" content=""Microsoft Word 11""><meta name=""Originator"" content=""Microsoft Word 11""><link rel=""File-List"" href=""file:///G:\DOCUME~1\ADMINI~1\LOCALS~1\Temp\msohtml1\03\clip_filelist.xml""><!--[if gte mso 9]><xml>
 <w:WordDocument>
  <w:View>Normal</w:View>
  <w:Zoom>0</w:Zoom>
  <w:PunctuationKerning/>
  <w:ValidateAgainstSchemas/>
  <w:SaveIfXMLInvalid>false</w:SaveIfXMLInvalid>
  <w:IgnoreMixedContent>false</w:IgnoreMixedContent>
  <w:AlwaysShowPlaceholderText>false</w:AlwaysShowPlaceholderText>
  <w:Compatibility>
   <w:BreakWrappedTables/>
   <w:SnapToGridInCell/>
   <w:WrapTextWithPunct/>
   <w:UseAsianBreakRules/>
   <w:DontGrowAutofit/>
  </w:Compatibility>
  <w:BrowserLevel>MicrosoftInternetExplorer4</w:BrowserLevel>
 </w:WordDocument>
</xml><![endif]--><!--[if gte mso 9]><xml>
 <w:LatentStyles DefLockedState=""false"" LatentStyleCount=""156"">
 </w:LatentStyles>
</xml><![endif]--><style>
<!--
 /* Font Definitions */
 @font-face
	{font-family:SimSun;
	panose-1:2 1 6 0 3 1 1 1 1 1;
	mso-font-alt:&#23435;&#20307;;
	mso-font-charset:134;
	mso-generic-font-family:auto;
	mso-font-pitch:variable;
	mso-font-signature:3 135135232 16 0 262145 0;}
@font-face
	{font-family:Tahoma;
	panose-1:2 11 6 4 3 5 4 4 2 4;
	mso-font-charset:0;
	mso-generic-font-family:swiss;
	mso-font-pitch:variable;
	mso-font-signature:1627421319 -2147483648 8 0 66047 0;}
@font-face
	{font-family:""Jameel Noori Nastaleeq"";
	panose-1:2 0 5 3 0 0 0 0 0 4;
	mso-font-alt:""Times New Roman"";
	mso-font-charset:0;
	mso-generic-font-family:auto;
	mso-font-pitch:variable;
	mso-font-signature:-2147475449 0 0 0 65 0;}
@font-face
	{font-family:""\@SimSun"";
	panose-1:2 1 6 0 3 1 1 1 1 1;
	mso-font-charset:134;
	mso-generic-font-family:auto;
	mso-font-pitch:variable;
	mso-font-signature:3 135135232 16 0 262145 0;}
 /* Style Definitions */
 p.MsoNormal, li.MsoNormal, div.MsoNormal
	{mso-style-parent:"""";
	margin:0cm;
	margin-bottom:.0001pt;
	text-align:justify;
	text-justify:kashida;
	text-kashida:0%;
	mso-pagination:widow-orphan;
	direction:rtl;
	unicode-bidi:embed;
	font-size:12.0pt;
	mso-bidi-font-size:10.0pt;
	font-family:Tahoma;
	mso-fareast-font-family:SimSun;}
@page Section1
	{size:612.0pt 792.0pt;
	margin:72.0pt 90.0pt 72.0pt 90.0pt;
	mso-header-margin:36.0pt;
	mso-footer-margin:36.0pt;
	mso-paper-source:0;}
div.Section1
	{page:Section1;}
-->
</style><!--[if gte mso 10]>
<style>
 /* Style Definitions */
 table.MsoNormalTable
	{mso-style-name:""Table Normal"";
	mso-tstyle-rowband-size:0;
	mso-tstyle-colband-size:0;
	mso-style-noshow:yes;
	mso-style-parent:"""";
	mso-padding-alt:0cm 5.4pt 0cm 5.4pt;
	mso-para-margin:0cm;
	mso-para-margin-bottom:.0001pt;
	mso-pagination:widow-orphan;
	font-size:10.0pt;
	font-family:""Times New Roman"";
	mso-ansi-language:#0400;
	mso-fareast-language:#0400;
	mso-bidi-language:#0400;}
</style>
<![endif]-->

<p class=""MsoNormal"" dir=""rtl""><span style=""font-family: &quot;Jameel Noori Nastaleeq&quot;;"" lang=""AR-SA"">میرے گھٹنے کے پچھلی طرف ایسی تکلیف ہوگئی
ہے کہ میں نماز ادا کرتے ہوئے گھٹنے نہیں موڑ سکتاہوں۔ ڈاکٹر نے کم از کم تین
مہینے کے لیے قعدہ میں بیٹھنے سے منع کیا ہے۔ مہربانی فرماکر اس کے بارے میں حکم
فرمائیں کہ نماز کس طرح ادا کی جائے گی؟<o:p></o:p></span></p>

</h2>
							<p class=""fatwa_answer""><span class=""ans_urdu_id""> جواب نمبر: 13347</span><span style=""color:#efefef;display:none;"" class=""answer_date_urdu"">01-Sep-2020 : تاریخ اشاعت </span></p>
							<p>بسم الله الرحمن الرحيم</p>
							<p> <meta http-equiv=""Content-Type"" content=""text/html; charset=utf-8""><meta name=""ProgId"" content=""Word.Document""><meta name=""Generator"" content=""Microsoft Word 11""><meta name=""Originator"" content=""Microsoft Word 11""><link rel=""File-List"" href=""file:///G:\DOCUME~1\ADMINI~1\LOCALS~1\Temp\msohtml1\03\clip_filelist.xml""><!--[if gte mso 9]><xml>
 <w:WordDocument>
  <w:View>Normal</w:View>
  <w:Zoom>0</w:Zoom>
  <w:PunctuationKerning/>
  <w:ValidateAgainstSchemas/>
  <w:SaveIfXMLInvalid>false</w:SaveIfXMLInvalid>
  <w:IgnoreMixedContent>false</w:IgnoreMixedContent>
  <w:AlwaysShowPlaceholderText>false</w:AlwaysShowPlaceholderText>
  <w:Compatibility>
   <w:BreakWrappedTables/>
   <w:SnapToGridInCell/>
   <w:WrapTextWithPunct/>
   <w:UseAsianBreakRules/>
   <w:DontGrowAutofit/>
  </w:Compatibility>
  <w:BrowserLevel>MicrosoftInternetExplorer4</w:BrowserLevel>
 </w:WordDocument>
</xml><![endif]--><!--[if gte mso 9]><xml>
 <w:LatentStyles DefLockedState=""false"" LatentStyleCount=""156"">
 </w:LatentStyles>
</xml><![endif]--><style>
<!--
 /* Font Definitions */
 @font-face
	{font-family:SimSun;
	panose-1:2 1 6 0 3 1 1 1 1 1;
	mso-font-alt:&#23435;&#20307;;
	mso-font-charset:134;
	mso-generic-font-family:auto;
	mso-font-pitch:variable;
	mso-font-signature:3 135135232 16 0 262145 0;}
@font-face
	{font-family:Tahoma;
	panose-1:2 11 6 4 3 5 4 4 2 4;
	mso-font-charset:0;
	mso-generic-font-family:swiss;
	mso-font-pitch:variable;
	mso-font-signature:1627421319 -2147483648 8 0 66047 0;}
@font-face
	{font-family:""Jameel Noori Nastaleeq"";
	panose-1:2 0 5 3 0 0 0 0 0 4;
	mso-font-alt:""Times New Roman"";
	mso-font-charset:0;
	mso-generic-font-family:auto;
	mso-font-pitch:variable;
	mso-font-signature:-2147475449 0 0 0 65 0;}
@font-face
	{font-family:""\@SimSun"";
	panose-1:2 1 6 0 3 1 1 1 1 1;
	mso-font-charset:134;
	mso-generic-font-family:auto;
	mso-font-pitch:variable;
	mso-font-signature:3 135135232 16 0 262145 0;}
 /* Style Definitions */
 p.MsoNormal, li.MsoNormal, div.MsoNormal
	{mso-style-parent:"""";
	margin:0cm;
	margin-bottom:.0001pt;
	text-align:justify;
	text-justify:kashida;
	text-kashida:0%;
	mso-pagination:widow-orphan;
	direction:rtl;
	unicode-bidi:embed;
	font-size:12.0pt;
	mso-bidi-font-size:10.0pt;
	font-family:Tahoma;
	mso-fareast-font-family:SimSun;}
@page Section1
	{size:612.0pt 792.0pt;
	margin:72.0pt 90.0pt 72.0pt 90.0pt;
	mso-header-margin:36.0pt;
	mso-footer-margin:36.0pt;
	mso-paper-source:0;}
div.Section1
	{page:Section1;}
-->
</style><!--[if gte mso 10]>
<style>
 /* Style Definitions */
 table.MsoNormalTable
	{mso-style-name:""Table Normal"";
	mso-tstyle-rowband-size:0;
	mso-tstyle-colband-size:0;
	mso-style-noshow:yes;
	mso-style-parent:"""";
	mso-padding-alt:0cm 5.4pt 0cm 5.4pt;
	mso-para-margin:0cm;
	mso-para-margin-bottom:.0001pt;
	mso-pagination:widow-orphan;
	font-size:10.0pt;
	font-family:""Times New Roman"";
	mso-ansi-language:#0400;
	mso-fareast-language:#0400;
	mso-bidi-language:#0400;}
</style>
<![endif]-->

</p><p class=""MsoNormal"" dir=""rtl""><span style=""font-family: &quot;Jameel Noori Nastaleeq&quot;;"" lang=""AR-SA"">فتوی: 900=839/ب</span></p>

<p class=""MsoNormal"" dir=""rtl""><span style=""font-family: &quot;Jameel Noori Nastaleeq&quot;;"" lang=""AR-SA""><o:p>&nbsp;</o:p></span></p>

<p class=""MsoNormal"" dir=""rtl""><span style=""font-family: &quot;Jameel Noori Nastaleeq&quot;;"" lang=""AR-SA"">کرسی پر بیٹھ کر نماز پڑھ لیا کریں۔</span></p>

<p></p> 
							<br>
							<span style=""font-size:1.2em"">
								<p><strong>واللہ تعالیٰ اعلم</strong></p>
								<br class=""clear"">
								<p><strong>دارالافتاء،</strong><br>دارالعلوم دیوبند</p>
							</span>
						</li>
											</ul>
				</div>"
https://darulifta-deoband.com/home/ur/salah-prayer/13344,میں چکوال میں نوکری تاہوں اور ہر ہفتہ شام کو چھ بجے اپنے بھائی کے گھر پنڈی جاتا ہوں اور رات رک کر پنڈی سے صبح فجر کی نماز پڑھ کر چکوال کے لیے روانہ ہوجاتاہوں۔ چکوال سے پنڈی کی مسافت 77 کلو میٹر سے زیادہ ہے۔ اور میری پیدائش ہے سکر کی۔ میں نے آتے ہوئے یہ نیت کی تھی کہ میں شرعی لحاظ سے پندرہ دن سے کم چکوال اور پنڈی میں رکوں گا۔ تواس لحاظ سے میں دونوں جگہ پر مسافر ہوں میں نے یہ مسئلہ جامعہ بنوریہ مسجد سے فون پر پوچھ لیا تھا۔ اور انھوں نے یہ بھی کہا تھا کہ جہاں آپ نوکری کررہے ہیں اگر وہاں پر آپ نے پندرہ دن سے زیادہ کی نیت کرلی اور رکے بھی تو آپ وہاں پر مقیم ہو جائیں گے ،او راگر کوئی نماز رہ جائے گی تو پوری پڑھنی ہوگی جب تک آپ کی نوکری ہے اور آپ کے ضرورت کے سامان ہیں۔ اس مسئلہ کی بنا پر میں آپ سے یہ پوچھنا چاہتاہوں کہ پندرہ دن رکنا لازمی ہے؟ اوراس میں ضروریاتی سامان میں تو میرے صرف کپڑے ہوتے ہیں باقی چھولا بستر کمپنی کی طرف سے ہیں اور میں کپڑے جو پہنتا ہوں چند کپڑے پہننے کے لیے بیگ میں لے کر آتا ہوں اور دھونے کے لیے پنڈی ساتھ ہی بھائی کے گھر لے جاتا ہوں۔کن چیزوں کی بنا پر میری اقامت چکوال میں ختم ہوگی ....,"<h2><u> سوال: </u> <meta http-equiv=""Content-Type"" content=""text/html; charset=utf-8""><meta name=""ProgId"" content=""Word.Document""><meta name=""Generator"" content=""Microsoft Word 11""><meta name=""Originator"" content=""Microsoft Word 11""><link rel=""File-List"" href=""file:///G:\DOCUME~1\ADMINI~1\LOCALS~1\Temp\msohtml1\01\clip_filelist.xml""><!--[if gte mso 9]><xml>
 <w:WordDocument>
  <w:View>Normal</w:View>
  <w:Zoom>0</w:Zoom>
  <w:PunctuationKerning/>
  <w:ValidateAgainstSchemas/>
  <w:SaveIfXMLInvalid>false</w:SaveIfXMLInvalid>
  <w:IgnoreMixedContent>false</w:IgnoreMixedContent>
  <w:AlwaysShowPlaceholderText>false</w:AlwaysShowPlaceholderText>
  <w:Compatibility>
   <w:BreakWrappedTables/>
   <w:SnapToGridInCell/>
   <w:WrapTextWithPunct/>
   <w:UseAsianBreakRules/>
   <w:DontGrowAutofit/>
  </w:Compatibility>
  <w:BrowserLevel>MicrosoftInternetExplorer4</w:BrowserLevel>
 </w:WordDocument>
</xml><![endif]--><!--[if gte mso 9]><xml>
 <w:LatentStyles DefLockedState=""false"" LatentStyleCount=""156"">
 </w:LatentStyles>
</xml><![endif]--><style>
<!--
 /* Font Definitions */
 @font-face
	{font-family:SimSun;
	panose-1:2 1 6 0 3 1 1 1 1 1;
	mso-font-alt:&#23435;&#20307;;
	mso-font-charset:134;
	mso-generic-font-family:auto;
	mso-font-pitch:variable;
	mso-font-signature:3 135135232 16 0 262145 0;}
@font-face
	{font-family:Tahoma;
	panose-1:2 11 6 4 3 5 4 4 2 4;
	mso-font-charset:0;
	mso-generic-font-family:swiss;
	mso-font-pitch:variable;
	mso-font-signature:1627421319 -2147483648 8 0 66047 0;}
@font-face
	{font-family:""Jameel Noori Nastaleeq"";
	panose-1:2 0 5 3 0 0 0 0 0 4;
	mso-font-charset:0;
	mso-generic-font-family:auto;
	mso-font-pitch:variable;
	mso-font-signature:-2147475449 0 0 0 65 0;}
@font-face
	{font-family:""\@SimSun"";
	panose-1:2 1 6 0 3 1 1 1 1 1;
	mso-font-charset:134;
	mso-generic-font-family:auto;
	mso-font-pitch:variable;
	mso-font-signature:3 135135232 16 0 262145 0;}
 /* Style Definitions */
 p.MsoNormal, li.MsoNormal, div.MsoNormal
	{mso-style-parent:"""";
	margin:0cm;
	margin-bottom:.0001pt;
	text-align:justify;
	text-justify:kashida;
	text-kashida:0%;
	mso-pagination:widow-orphan;
	direction:rtl;
	unicode-bidi:embed;
	font-size:12.0pt;
	mso-bidi-font-size:10.0pt;
	font-family:Tahoma;
	mso-fareast-font-family:SimSun;}
@page Section1
	{size:612.0pt 792.0pt;
	margin:72.0pt 90.0pt 72.0pt 90.0pt;
	mso-header-margin:36.0pt;
	mso-footer-margin:36.0pt;
	mso-paper-source:0;}
div.Section1
	{page:Section1;}
-->
</style><!--[if gte mso 10]>
<style>
 /* Style Definitions */
 table.MsoNormalTable
	{mso-style-name:""Table Normal"";
	mso-tstyle-rowband-size:0;
	mso-tstyle-colband-size:0;
	mso-style-noshow:yes;
	mso-style-parent:"""";
	mso-padding-alt:0cm 5.4pt 0cm 5.4pt;
	mso-para-margin:0cm;
	mso-para-margin-bottom:.0001pt;
	mso-pagination:widow-orphan;
	font-size:10.0pt;
	font-family:""Times New Roman"";
	mso-ansi-language:#0400;
	mso-fareast-language:#0400;
	mso-bidi-language:#0400;}
</style>
<![endif]-->

<p class=""MsoNormal"" dir=""rtl""><span style=""font-family: &quot;Jameel Noori Nastaleeq&quot;;"" lang=""AR-SA"">میں چکوال میں نوکری تاہوں اور ہر ہفتہ شام
کو چھ بجے اپنے بھائی کے گھر پنڈی جاتا ہوں اور رات رک کر پنڈی سے صبح فجر کی نماز
پڑھ کر چکوال کے لیے روانہ ہوجاتاہوں۔ چکوال سے پنڈی کی مسافت 77 کلو میٹر سے زیادہ
ہے۔ اور میری پیدائش ہے سکر کی۔ میں نے آتے ہوئے یہ نیت کی تھی کہ میں شرعی لحاظ
سے پندرہ دن سے کم چکوال اور پنڈی میں رکوں گا۔ تواس لحاظ سے میں دونوں جگہ پر
مسافر ہوں میں نے یہ مسئلہ جامعہ بنوریہ مسجد سے فون پر پوچھ لیا تھا۔ اور انھوں
نے یہ بھی کہا تھا کہ جہاں آپ نوکری کررہے ہیں اگر وہاں پر آپ نے پندرہ دن سے زیادہ
کی نیت کرلی اور رکے بھی تو آپ وہاں پر مقیم ہو جائیں گے ،او راگر کوئی نماز رہ
جائے گی تو پوری پڑھنی ہوگی جب تک آپ کی نوکری ہے اور آپ کے ضرورت کے سامان ہیں۔
اس مسئلہ کی بنا پر میں آپ سے یہ پوچھنا چاہتاہوں کہ پندرہ دن رکنا لازمی ہے؟
اوراس میں ضروریاتی سامان میں تو میرے صرف کپڑے ہوتے ہیں باقی چھولا بستر کمپنی کی
طرف سے ہیں اور میں کپڑے جو پہنتا ہوں چند کپڑے پہننے کے لیے بیگ میں لے کر آتا
ہوں اور دھونے کے لیے پنڈی ساتھ ہی بھائی کے گھر لے جاتا ہوں۔کن چیزوں کی بنا پر میری
اقامت چکوال میں ختم ہوگی او رکن بنا پر نیت دوبارہ کرنی ہوگی مجھے وضاحت سے اس
مسئلہ کی رہنمائی کریں؟ کیا اپنے کپڑے اٹھانے کی وجہ سے بیگ سمیت، کیا ٹرانسفر
ہونے کی وجہ سے بھی ، کیا اپنے بھائی کے گھر جانے کی وجہ سے بھی چھٹی کے لیے، آپ
سے یہ پوچھنا ہے کہ اگر 77 کلو میٹر کی مسافت نہ ہو اور اپنے بھائی کے گھر کی حدود
سے باہر جا رہے ہوں اس بنا پر مسافر ہو ں گا یا نہیں؟ اور دوسرا مسئلہ یہ ہے کہ
اگر کوئی مسافر نماز پڑھا رہا ہو جماعت کے ساتھ او ردو کے بجائے چار پڑھا دیا اور
دوسری رکعت کے درمیان میں بھی بیٹھا ہو تو سجدہ سہو کرنے سے نماز ہوجاتی ہے یا
دوبارہ لوٹانی پڑے گی؟اور اگر یہی صورت حال مسافر کی اکیلے میں ہو تو؟ (</span><span style=""font-family: &quot;Jameel Noori Nastaleeq&quot;;"" lang=""FA"">۳) </span><span style=""font-family: &quot;Jameel Noori Nastaleeq&quot;;"" lang=""AR-SA"">اگر کسی کو نہ پتہ ہو کہ یہ مسافر
جماعت کرا رہا ہے یا مقیم کچھ جگہ ایسی ہوتی ہے پیچھے پڑھنے والا مسافر ہو تو کون
سی نیت ہوگی؟ (</span><span style=""font-family: &quot;Jameel Noori Nastaleeq&quot;;"" lang=""FA"">۴)</span><span style=""font-family: &quot;Jameel Noori Nastaleeq&quot;;"" lang=""AR-SA"">غیر مقلدین
اور مقلدین کو ن ہوتے ہیں ؟ (</span><span style=""font-family: &quot;Jameel Noori Nastaleeq&quot;;"" lang=""FA"">۵)</span><span style=""font-family: &quot;Jameel Noori Nastaleeq&quot;;"" lang=""AR-SA"">او
رمجددی کسے کہا جاتا ہے؟ مفتی صاحب میں اس مسئلہ میں بہت پریشان ہوں آپ مجھے اس
مسئلہ میں رہنمائی فرماویں میں پڑھتا ہوں تو پوری نماز لیکن کسی موقع پر نماز رہ
جاتی ہے تو میں کون سی پڑھوں گا ان موقعوں پر قصر یا پوری؟ سفر کے مسئلہ میں پوری
رہنمائی فرماویں۔<o:p></o:p></span></p>

</h2>","<p>بسم الله الرحمن الرحيم</p><p> <meta http-equiv=""Content-Type"" content=""text/html; charset=utf-8""><meta name=""ProgId"" content=""Word.Document""><meta name=""Generator"" content=""Microsoft Word 11""><meta name=""Originator"" content=""Microsoft Word 11""><link rel=""File-List"" href=""file:///G:\DOCUME~1\ADMINI~1\LOCALS~1\Temp\msohtml1\01\clip_filelist.xml""><!--[if gte mso 9]><xml>
 <w:WordDocument>
  <w:View>Normal</w:View>
  <w:Zoom>0</w:Zoom>
  <w:PunctuationKerning/>
  <w:ValidateAgainstSchemas/>
  <w:SaveIfXMLInvalid>false</w:SaveIfXMLInvalid>
  <w:IgnoreMixedContent>false</w:IgnoreMixedContent>
  <w:AlwaysShowPlaceholderText>false</w:AlwaysShowPlaceholderText>
  <w:Compatibility>
   <w:BreakWrappedTables/>
   <w:SnapToGridInCell/>
   <w:WrapTextWithPunct/>
   <w:UseAsianBreakRules/>
   <w:DontGrowAutofit/>
  </w:Compatibility>
  <w:BrowserLevel>MicrosoftInternetExplorer4</w:BrowserLevel>
 </w:WordDocument>
</xml><![endif]--><!--[if gte mso 9]><xml>
 <w:LatentStyles DefLockedState=""false"" LatentStyleCount=""156"">
 </w:LatentStyles>
</xml><![endif]--><style>
<!--
 /* Font Definitions */
 @font-face
	{font-family:SimSun;
	panose-1:2 1 6 0 3 1 1 1 1 1;
	mso-font-alt:&#23435;&#20307;;
	mso-font-charset:134;
	mso-generic-font-family:auto;
	mso-font-pitch:variable;
	mso-font-signature:3 135135232 16 0 262145 0;}
@font-face
	{font-family:Tahoma;
	panose-1:2 11 6 4 3 5 4 4 2 4;
	mso-font-charset:0;
	mso-generic-font-family:swiss;
	mso-font-pitch:variable;
	mso-font-signature:1627421319 -2147483648 8 0 66047 0;}
@font-face
	{font-family:""Jameel Noori Nastaleeq"";
	panose-1:2 0 5 3 0 0 0 0 0 4;
	mso-font-charset:0;
	mso-generic-font-family:auto;
	mso-font-pitch:variable;
	mso-font-signature:-2147475449 0 0 0 65 0;}
@font-face
	{font-family:""\@SimSun"";
	panose-1:2 1 6 0 3 1 1 1 1 1;
	mso-font-charset:134;
	mso-generic-font-family:auto;
	mso-font-pitch:variable;
	mso-font-signature:3 135135232 16 0 262145 0;}
 /* Style Definitions */
 p.MsoNormal, li.MsoNormal, div.MsoNormal
	{mso-style-parent:"""";
	margin:0cm;
	margin-bottom:.0001pt;
	text-align:justify;
	text-justify:kashida;
	text-kashida:0%;
	mso-pagination:widow-orphan;
	direction:rtl;
	unicode-bidi:embed;
	font-size:12.0pt;
	mso-bidi-font-size:10.0pt;
	font-family:Tahoma;
	mso-fareast-font-family:SimSun;}
@page Section1
	{size:612.0pt 792.0pt;
	margin:72.0pt 90.0pt 72.0pt 90.0pt;
	mso-header-margin:36.0pt;
	mso-footer-margin:36.0pt;
	mso-paper-source:0;}
div.Section1
	{page:Section1;}
-->
</style><!--[if gte mso 10]>
<style>
 /* Style Definitions */
 table.MsoNormalTable
	{mso-style-name:""Table Normal"";
	mso-tstyle-rowband-size:0;
	mso-tstyle-colband-size:0;
	mso-style-noshow:yes;
	mso-style-parent:"""";
	mso-padding-alt:0cm 5.4pt 0cm 5.4pt;
	mso-para-margin:0cm;
	mso-para-margin-bottom:.0001pt;
	mso-pagination:widow-orphan;
	font-size:10.0pt;
	font-family:""Times New Roman"";
	mso-ansi-language:#0400;
	mso-fareast-language:#0400;
	mso-bidi-language:#0400;}
</style>
<![endif]-->

</p><p class=""MsoNormal"" dir=""rtl""><span style=""font-family: &quot;Jameel Noori Nastaleeq&quot;;"" lang=""AR-SA"">فتوی: 975=923/ب</span></p><p class=""MsoNormal"" dir=""rtl""><span style=""font-family: &quot;Jameel Noori Nastaleeq&quot;;"" lang=""AR-SA""><o:p>&nbsp;</o:p></span></p><p class=""MsoNormal"" dir=""rtl""><span style=""font-family: &quot;Jameel Noori Nastaleeq&quot;;"" lang=""AR-SA"">اگر سکر سے چکوال کی مسافت 77.25 کلومیٹر
ہے اور آپ کا ارادہ سکر سے نکل کر چکوال او رپنڈی میں پندرہ دن سے کم ٹھہرنے کا ہے
تو آپ سکر سے نکلتے ہی مسافر ہوجائیں گے، چکوال میں بھی مسافر رہیں گے کیونکہ </span><span style=""font-family: &quot;Jameel Noori Nastaleeq&quot;;"" lang=""FA"">۱۵</span><span style=""font-family: &quot;Jameel Noori Nastaleeq&quot;;"" lang=""FA""> </span><span style=""font-family: &quot;Jameel Noori Nastaleeq&quot;;"" lang=""AR-SA"">یوم سے
کم ٹھہرنے کی نیت ہے۔ پھر پنڈی جانے کے بعد بھی مسافر رہیں گے۔ آپ تنہا نماز پڑھیں
گے تو قصر کریں گے۔ اور باجماعت مقیم امام کے پیچھے پڑھیں گے تو پوری پڑھیں گے۔ </span></p><p class=""MsoNormal"" dir=""rtl""><span style=""font-family: &quot;Jameel Noori Nastaleeq&quot;;"" lang=""AR-SA"">(</span><span style=""font-family: &quot;Jameel Noori Nastaleeq&quot;;"" lang=""FA"">۲) </span><span style=""font-family: &quot;Jameel Noori Nastaleeq&quot;;"" lang=""AR-SA"">مسافر
نے دو رکعت کے بجائے چار رکعت نماز پڑھادی او ردو رکعت پر قعدہ کیا تو اس کی نماز
ہوجائے گی، مگر مکروہ ہوئی، البتہ اس کے پیچھے مقیم حضرات کی نماز نہ ہوگی۔</span></p><p class=""MsoNormal"" dir=""rtl""><span style=""font-family: &quot;Jameel Noori Nastaleeq&quot;;"" lang=""AR-SA"">(</span><span style=""font-family: &quot;Jameel Noori Nastaleeq&quot;;"" lang=""FA"">۳) </span><span style=""font-family: &quot;Jameel Noori Nastaleeq&quot;;"" lang=""AR-SA"">واقتدیتُ
بھذا الإمام کے ساتھ نیت کافی ہے، رکعت کی نیت نہ کرے۔ سلام پھیرنے کے بعد خود ہی
معلوم ہوجائے گا کہ امام مقیم ہے یا مسافر، اسی اعتبار سے اپنی نماز پوری کرلے۔ </span></p><p class=""MsoNormal"" dir=""rtl""><span style=""font-family: &quot;Jameel Noori Nastaleeq&quot;;"" lang=""AR-SA"">(</span><span style=""font-family: &quot;Jameel Noori Nastaleeq&quot;;"" lang=""FA"">۴) </span><span style=""font-family: &quot;Jameel Noori Nastaleeq&quot;;"" lang=""AR-SA"">چاروں
ائمہ میں سے جو کسی ایک کی تقلید کرتے ہیں، انھیں مقلد کہتے ہیں اور جو کسی کی تقلید
نہیں کرتے ہیں اور اپنی خواہش نفسانی پر عمل کرتے ہیں، وہ غیرمقلد کہلاتے ہیں۔</span></p><p class=""MsoNormal"" dir=""rtl""><span style=""font-family: &quot;Jameel Noori Nastaleeq&quot;;"" lang=""AR-SA"">(</span><span style=""font-family: &quot;Jameel Noori Nastaleeq&quot;;"" lang=""FA"">۵) </span><span style=""font-family: &quot;Jameel Noori Nastaleeq&quot;;"" lang=""AR-SA"">جن
کا سلسلہ بیعت حضرت مجدد الف ثانی شیخ سرہندی رحمہ اللہ سے ملتا ہے انھیں مجددی
کہتے ہیں۔ یہ نقشبندی سلسلہ میں ہوتے ہیں۔ </span></p><p></p><br><span style=""font-size:1.2em"">
								<p><strong>واللہ تعالیٰ اعلم</strong></p>
								<br class=""clear"">
								<p><strong>دارالافتاء،</strong><br>دارالعلوم دیوبند</p>
							</span>",01-Sep-2020,13344,darulifta-deoband.com,عبادات,صلاة (نماز),"<div id=""recent_fatwas"" class=""container tab-pane active""><br>
					<ul class=""answer_detail"">
												<li>
																					<div class=""cate_sec"">
								<p class=""category_name"">
									<span>
										عبادات									</span> 
									&gt;&gt; 
									<span>
																		<a href=""https://darulifta-deoband.com/ur/category/n-a/MTk="">صلاة (نماز)</a>
									</span>
								</p>
								<p class=""quesid""><span class=""anser_id_urdu""> سوال نمبر: 13344</span><!--<span class=""country_urdu"">  : ملک</span> --></p>
							</div>
							<h2><u> عنوان:</u> <meta http-equiv=""Content-Type"" content=""text/html; charset=utf-8""><meta name=""ProgId"" content=""Word.Document""><meta name=""Generator"" content=""Microsoft Word 11""><meta name=""Originator"" content=""Microsoft Word 11""><link rel=""File-List"" href=""file:///G:\DOCUME~1\ADMINI~1\LOCALS~1\Temp\msohtml1\01\clip_filelist.xml""><!--[if gte mso 9]><xml>
 <w:WordDocument>
  <w:View>Normal</w:View>
  <w:Zoom>0</w:Zoom>
  <w:PunctuationKerning/>
  <w:ValidateAgainstSchemas/>
  <w:SaveIfXMLInvalid>false</w:SaveIfXMLInvalid>
  <w:IgnoreMixedContent>false</w:IgnoreMixedContent>
  <w:AlwaysShowPlaceholderText>false</w:AlwaysShowPlaceholderText>
  <w:Compatibility>
   <w:BreakWrappedTables/>
   <w:SnapToGridInCell/>
   <w:WrapTextWithPunct/>
   <w:UseAsianBreakRules/>
   <w:DontGrowAutofit/>
  </w:Compatibility>
  <w:BrowserLevel>MicrosoftInternetExplorer4</w:BrowserLevel>
 </w:WordDocument>
</xml><![endif]--><!--[if gte mso 9]><xml>
 <w:LatentStyles DefLockedState=""false"" LatentStyleCount=""156"">
 </w:LatentStyles>
</xml><![endif]--><style>
<!--
 /* Font Definitions */
 @font-face
	{font-family:SimSun;
	panose-1:2 1 6 0 3 1 1 1 1 1;
	mso-font-alt:&#23435;&#20307;;
	mso-font-charset:134;
	mso-generic-font-family:auto;
	mso-font-pitch:variable;
	mso-font-signature:3 135135232 16 0 262145 0;}
@font-face
	{font-family:Tahoma;
	panose-1:2 11 6 4 3 5 4 4 2 4;
	mso-font-charset:0;
	mso-generic-font-family:swiss;
	mso-font-pitch:variable;
	mso-font-signature:1627421319 -2147483648 8 0 66047 0;}
@font-face
	{font-family:""Jameel Noori Nastaleeq"";
	panose-1:2 0 5 3 0 0 0 0 0 4;
	mso-font-charset:0;
	mso-generic-font-family:auto;
	mso-font-pitch:variable;
	mso-font-signature:-2147475449 0 0 0 65 0;}
@font-face
	{font-family:""\@SimSun"";
	panose-1:2 1 6 0 3 1 1 1 1 1;
	mso-font-charset:134;
	mso-generic-font-family:auto;
	mso-font-pitch:variable;
	mso-font-signature:3 135135232 16 0 262145 0;}
 /* Style Definitions */
 p.MsoNormal, li.MsoNormal, div.MsoNormal
	{mso-style-parent:"""";
	margin:0cm;
	margin-bottom:.0001pt;
	text-align:justify;
	text-justify:kashida;
	text-kashida:0%;
	mso-pagination:widow-orphan;
	direction:rtl;
	unicode-bidi:embed;
	font-size:12.0pt;
	mso-bidi-font-size:10.0pt;
	font-family:Tahoma;
	mso-fareast-font-family:SimSun;}
@page Section1
	{size:612.0pt 792.0pt;
	margin:72.0pt 90.0pt 72.0pt 90.0pt;
	mso-header-margin:36.0pt;
	mso-footer-margin:36.0pt;
	mso-paper-source:0;}
div.Section1
	{page:Section1;}
-->
</style><!--[if gte mso 10]>
<style>
 /* Style Definitions */
 table.MsoNormalTable
	{mso-style-name:""Table Normal"";
	mso-tstyle-rowband-size:0;
	mso-tstyle-colband-size:0;
	mso-style-noshow:yes;
	mso-style-parent:"""";
	mso-padding-alt:0cm 5.4pt 0cm 5.4pt;
	mso-para-margin:0cm;
	mso-para-margin-bottom:.0001pt;
	mso-pagination:widow-orphan;
	font-size:10.0pt;
	font-family:""Times New Roman"";
	mso-ansi-language:#0400;
	mso-fareast-language:#0400;
	mso-bidi-language:#0400;}
</style>
<![endif]-->

<p class=""MsoNormal"" dir=""rtl""><span style=""font-family: &quot;Jameel Noori Nastaleeq&quot;;"" lang=""AR-SA"">میں چکوال میں نوکری تاہوں اور ہر ہفتہ شام
کو چھ بجے اپنے بھائی کے گھر پنڈی جاتا ہوں اور رات رک کر پنڈی سے صبح فجر کی نماز
پڑھ کر چکوال کے لیے روانہ ہوجاتاہوں۔ چکوال سے پنڈی کی مسافت 77 کلو میٹر سے زیادہ
ہے۔ اور میری پیدائش ہے سکر کی۔ میں نے آتے ہوئے یہ نیت کی تھی کہ میں شرعی لحاظ
سے پندرہ دن سے کم چکوال اور پنڈی میں رکوں گا۔ تواس لحاظ سے میں دونوں جگہ پر
مسافر ہوں میں نے یہ مسئلہ جامعہ بنوریہ مسجد سے فون پر پوچھ لیا تھا۔ اور انھوں
نے یہ بھی کہا تھا کہ جہاں آپ نوکری کررہے ہیں اگر وہاں پر آپ نے پندرہ دن سے زیادہ
کی نیت کرلی اور رکے بھی تو آپ وہاں پر مقیم ہو جائیں گے ،او راگر کوئی نماز رہ
جائے گی تو پوری پڑھنی ہوگی جب تک آپ کی نوکری ہے اور آپ کے ضرورت کے سامان ہیں۔
اس مسئلہ کی بنا پر میں آپ سے یہ پوچھنا چاہتاہوں کہ پندرہ دن رکنا لازمی ہے؟
اوراس میں ضروریاتی سامان میں تو میرے صرف کپڑے ہوتے ہیں باقی چھولا بستر کمپنی کی
طرف سے ہیں اور میں کپڑے جو پہنتا ہوں چند کپڑے پہننے کے لیے بیگ میں لے کر آتا
ہوں اور دھونے کے لیے پنڈی ساتھ ہی بھائی کے گھر لے جاتا ہوں۔کن چیزوں کی بنا پر میری
اقامت چکوال میں ختم ہوگی ....</span><span style=""font-family: &quot;Jameel Noori Nastaleeq&quot;;"" lang=""AR-SA""><o:p></o:p></span></p>

</h2>
							<h2><u> سوال: </u> <meta http-equiv=""Content-Type"" content=""text/html; charset=utf-8""><meta name=""ProgId"" content=""Word.Document""><meta name=""Generator"" content=""Microsoft Word 11""><meta name=""Originator"" content=""Microsoft Word 11""><link rel=""File-List"" href=""file:///G:\DOCUME~1\ADMINI~1\LOCALS~1\Temp\msohtml1\01\clip_filelist.xml""><!--[if gte mso 9]><xml>
 <w:WordDocument>
  <w:View>Normal</w:View>
  <w:Zoom>0</w:Zoom>
  <w:PunctuationKerning/>
  <w:ValidateAgainstSchemas/>
  <w:SaveIfXMLInvalid>false</w:SaveIfXMLInvalid>
  <w:IgnoreMixedContent>false</w:IgnoreMixedContent>
  <w:AlwaysShowPlaceholderText>false</w:AlwaysShowPlaceholderText>
  <w:Compatibility>
   <w:BreakWrappedTables/>
   <w:SnapToGridInCell/>
   <w:WrapTextWithPunct/>
   <w:UseAsianBreakRules/>
   <w:DontGrowAutofit/>
  </w:Compatibility>
  <w:BrowserLevel>MicrosoftInternetExplorer4</w:BrowserLevel>
 </w:WordDocument>
</xml><![endif]--><!--[if gte mso 9]><xml>
 <w:LatentStyles DefLockedState=""false"" LatentStyleCount=""156"">
 </w:LatentStyles>
</xml><![endif]--><style>
<!--
 /* Font Definitions */
 @font-face
	{font-family:SimSun;
	panose-1:2 1 6 0 3 1 1 1 1 1;
	mso-font-alt:&#23435;&#20307;;
	mso-font-charset:134;
	mso-generic-font-family:auto;
	mso-font-pitch:variable;
	mso-font-signature:3 135135232 16 0 262145 0;}
@font-face
	{font-family:Tahoma;
	panose-1:2 11 6 4 3 5 4 4 2 4;
	mso-font-charset:0;
	mso-generic-font-family:swiss;
	mso-font-pitch:variable;
	mso-font-signature:1627421319 -2147483648 8 0 66047 0;}
@font-face
	{font-family:""Jameel Noori Nastaleeq"";
	panose-1:2 0 5 3 0 0 0 0 0 4;
	mso-font-charset:0;
	mso-generic-font-family:auto;
	mso-font-pitch:variable;
	mso-font-signature:-2147475449 0 0 0 65 0;}
@font-face
	{font-family:""\@SimSun"";
	panose-1:2 1 6 0 3 1 1 1 1 1;
	mso-font-charset:134;
	mso-generic-font-family:auto;
	mso-font-pitch:variable;
	mso-font-signature:3 135135232 16 0 262145 0;}
 /* Style Definitions */
 p.MsoNormal, li.MsoNormal, div.MsoNormal
	{mso-style-parent:"""";
	margin:0cm;
	margin-bottom:.0001pt;
	text-align:justify;
	text-justify:kashida;
	text-kashida:0%;
	mso-pagination:widow-orphan;
	direction:rtl;
	unicode-bidi:embed;
	font-size:12.0pt;
	mso-bidi-font-size:10.0pt;
	font-family:Tahoma;
	mso-fareast-font-family:SimSun;}
@page Section1
	{size:612.0pt 792.0pt;
	margin:72.0pt 90.0pt 72.0pt 90.0pt;
	mso-header-margin:36.0pt;
	mso-footer-margin:36.0pt;
	mso-paper-source:0;}
div.Section1
	{page:Section1;}
-->
</style><!--[if gte mso 10]>
<style>
 /* Style Definitions */
 table.MsoNormalTable
	{mso-style-name:""Table Normal"";
	mso-tstyle-rowband-size:0;
	mso-tstyle-colband-size:0;
	mso-style-noshow:yes;
	mso-style-parent:"""";
	mso-padding-alt:0cm 5.4pt 0cm 5.4pt;
	mso-para-margin:0cm;
	mso-para-margin-bottom:.0001pt;
	mso-pagination:widow-orphan;
	font-size:10.0pt;
	font-family:""Times New Roman"";
	mso-ansi-language:#0400;
	mso-fareast-language:#0400;
	mso-bidi-language:#0400;}
</style>
<![endif]-->

<p class=""MsoNormal"" dir=""rtl""><span style=""font-family: &quot;Jameel Noori Nastaleeq&quot;;"" lang=""AR-SA"">میں چکوال میں نوکری تاہوں اور ہر ہفتہ شام
کو چھ بجے اپنے بھائی کے گھر پنڈی جاتا ہوں اور رات رک کر پنڈی سے صبح فجر کی نماز
پڑھ کر چکوال کے لیے روانہ ہوجاتاہوں۔ چکوال سے پنڈی کی مسافت 77 کلو میٹر سے زیادہ
ہے۔ اور میری پیدائش ہے سکر کی۔ میں نے آتے ہوئے یہ نیت کی تھی کہ میں شرعی لحاظ
سے پندرہ دن سے کم چکوال اور پنڈی میں رکوں گا۔ تواس لحاظ سے میں دونوں جگہ پر
مسافر ہوں میں نے یہ مسئلہ جامعہ بنوریہ مسجد سے فون پر پوچھ لیا تھا۔ اور انھوں
نے یہ بھی کہا تھا کہ جہاں آپ نوکری کررہے ہیں اگر وہاں پر آپ نے پندرہ دن سے زیادہ
کی نیت کرلی اور رکے بھی تو آپ وہاں پر مقیم ہو جائیں گے ،او راگر کوئی نماز رہ
جائے گی تو پوری پڑھنی ہوگی جب تک آپ کی نوکری ہے اور آپ کے ضرورت کے سامان ہیں۔
اس مسئلہ کی بنا پر میں آپ سے یہ پوچھنا چاہتاہوں کہ پندرہ دن رکنا لازمی ہے؟
اوراس میں ضروریاتی سامان میں تو میرے صرف کپڑے ہوتے ہیں باقی چھولا بستر کمپنی کی
طرف سے ہیں اور میں کپڑے جو پہنتا ہوں چند کپڑے پہننے کے لیے بیگ میں لے کر آتا
ہوں اور دھونے کے لیے پنڈی ساتھ ہی بھائی کے گھر لے جاتا ہوں۔کن چیزوں کی بنا پر میری
اقامت چکوال میں ختم ہوگی او رکن بنا پر نیت دوبارہ کرنی ہوگی مجھے وضاحت سے اس
مسئلہ کی رہنمائی کریں؟ کیا اپنے کپڑے اٹھانے کی وجہ سے بیگ سمیت، کیا ٹرانسفر
ہونے کی وجہ سے بھی ، کیا اپنے بھائی کے گھر جانے کی وجہ سے بھی چھٹی کے لیے، آپ
سے یہ پوچھنا ہے کہ اگر 77 کلو میٹر کی مسافت نہ ہو اور اپنے بھائی کے گھر کی حدود
سے باہر جا رہے ہوں اس بنا پر مسافر ہو ں گا یا نہیں؟ اور دوسرا مسئلہ یہ ہے کہ
اگر کوئی مسافر نماز پڑھا رہا ہو جماعت کے ساتھ او ردو کے بجائے چار پڑھا دیا اور
دوسری رکعت کے درمیان میں بھی بیٹھا ہو تو سجدہ سہو کرنے سے نماز ہوجاتی ہے یا
دوبارہ لوٹانی پڑے گی؟اور اگر یہی صورت حال مسافر کی اکیلے میں ہو تو؟ (</span><span style=""font-family: &quot;Jameel Noori Nastaleeq&quot;;"" lang=""FA"">۳) </span><span style=""font-family: &quot;Jameel Noori Nastaleeq&quot;;"" lang=""AR-SA"">اگر کسی کو نہ پتہ ہو کہ یہ مسافر
جماعت کرا رہا ہے یا مقیم کچھ جگہ ایسی ہوتی ہے پیچھے پڑھنے والا مسافر ہو تو کون
سی نیت ہوگی؟ (</span><span style=""font-family: &quot;Jameel Noori Nastaleeq&quot;;"" lang=""FA"">۴)</span><span style=""font-family: &quot;Jameel Noori Nastaleeq&quot;;"" lang=""AR-SA"">غیر مقلدین
اور مقلدین کو ن ہوتے ہیں ؟ (</span><span style=""font-family: &quot;Jameel Noori Nastaleeq&quot;;"" lang=""FA"">۵)</span><span style=""font-family: &quot;Jameel Noori Nastaleeq&quot;;"" lang=""AR-SA"">او
رمجددی کسے کہا جاتا ہے؟ مفتی صاحب میں اس مسئلہ میں بہت پریشان ہوں آپ مجھے اس
مسئلہ میں رہنمائی فرماویں میں پڑھتا ہوں تو پوری نماز لیکن کسی موقع پر نماز رہ
جاتی ہے تو میں کون سی پڑھوں گا ان موقعوں پر قصر یا پوری؟ سفر کے مسئلہ میں پوری
رہنمائی فرماویں۔<o:p></o:p></span></p>

</h2>
							<p class=""fatwa_answer""><span class=""ans_urdu_id""> جواب نمبر: 13344</span><span style=""color:#efefef;display:none;"" class=""answer_date_urdu"">01-Sep-2020 : تاریخ اشاعت </span></p>
							<p>بسم الله الرحمن الرحيم</p>
							<p> <meta http-equiv=""Content-Type"" content=""text/html; charset=utf-8""><meta name=""ProgId"" content=""Word.Document""><meta name=""Generator"" content=""Microsoft Word 11""><meta name=""Originator"" content=""Microsoft Word 11""><link rel=""File-List"" href=""file:///G:\DOCUME~1\ADMINI~1\LOCALS~1\Temp\msohtml1\01\clip_filelist.xml""><!--[if gte mso 9]><xml>
 <w:WordDocument>
  <w:View>Normal</w:View>
  <w:Zoom>0</w:Zoom>
  <w:PunctuationKerning/>
  <w:ValidateAgainstSchemas/>
  <w:SaveIfXMLInvalid>false</w:SaveIfXMLInvalid>
  <w:IgnoreMixedContent>false</w:IgnoreMixedContent>
  <w:AlwaysShowPlaceholderText>false</w:AlwaysShowPlaceholderText>
  <w:Compatibility>
   <w:BreakWrappedTables/>
   <w:SnapToGridInCell/>
   <w:WrapTextWithPunct/>
   <w:UseAsianBreakRules/>
   <w:DontGrowAutofit/>
  </w:Compatibility>
  <w:BrowserLevel>MicrosoftInternetExplorer4</w:BrowserLevel>
 </w:WordDocument>
</xml><![endif]--><!--[if gte mso 9]><xml>
 <w:LatentStyles DefLockedState=""false"" LatentStyleCount=""156"">
 </w:LatentStyles>
</xml><![endif]--><style>
<!--
 /* Font Definitions */
 @font-face
	{font-family:SimSun;
	panose-1:2 1 6 0 3 1 1 1 1 1;
	mso-font-alt:&#23435;&#20307;;
	mso-font-charset:134;
	mso-generic-font-family:auto;
	mso-font-pitch:variable;
	mso-font-signature:3 135135232 16 0 262145 0;}
@font-face
	{font-family:Tahoma;
	panose-1:2 11 6 4 3 5 4 4 2 4;
	mso-font-charset:0;
	mso-generic-font-family:swiss;
	mso-font-pitch:variable;
	mso-font-signature:1627421319 -2147483648 8 0 66047 0;}
@font-face
	{font-family:""Jameel Noori Nastaleeq"";
	panose-1:2 0 5 3 0 0 0 0 0 4;
	mso-font-charset:0;
	mso-generic-font-family:auto;
	mso-font-pitch:variable;
	mso-font-signature:-2147475449 0 0 0 65 0;}
@font-face
	{font-family:""\@SimSun"";
	panose-1:2 1 6 0 3 1 1 1 1 1;
	mso-font-charset:134;
	mso-generic-font-family:auto;
	mso-font-pitch:variable;
	mso-font-signature:3 135135232 16 0 262145 0;}
 /* Style Definitions */
 p.MsoNormal, li.MsoNormal, div.MsoNormal
	{mso-style-parent:"""";
	margin:0cm;
	margin-bottom:.0001pt;
	text-align:justify;
	text-justify:kashida;
	text-kashida:0%;
	mso-pagination:widow-orphan;
	direction:rtl;
	unicode-bidi:embed;
	font-size:12.0pt;
	mso-bidi-font-size:10.0pt;
	font-family:Tahoma;
	mso-fareast-font-family:SimSun;}
@page Section1
	{size:612.0pt 792.0pt;
	margin:72.0pt 90.0pt 72.0pt 90.0pt;
	mso-header-margin:36.0pt;
	mso-footer-margin:36.0pt;
	mso-paper-source:0;}
div.Section1
	{page:Section1;}
-->
</style><!--[if gte mso 10]>
<style>
 /* Style Definitions */
 table.MsoNormalTable
	{mso-style-name:""Table Normal"";
	mso-tstyle-rowband-size:0;
	mso-tstyle-colband-size:0;
	mso-style-noshow:yes;
	mso-style-parent:"""";
	mso-padding-alt:0cm 5.4pt 0cm 5.4pt;
	mso-para-margin:0cm;
	mso-para-margin-bottom:.0001pt;
	mso-pagination:widow-orphan;
	font-size:10.0pt;
	font-family:""Times New Roman"";
	mso-ansi-language:#0400;
	mso-fareast-language:#0400;
	mso-bidi-language:#0400;}
</style>
<![endif]-->

</p><p class=""MsoNormal"" dir=""rtl""><span style=""font-family: &quot;Jameel Noori Nastaleeq&quot;;"" lang=""AR-SA"">فتوی: 975=923/ب</span></p>

<p class=""MsoNormal"" dir=""rtl""><span style=""font-family: &quot;Jameel Noori Nastaleeq&quot;;"" lang=""AR-SA""><o:p>&nbsp;</o:p></span></p>

<p class=""MsoNormal"" dir=""rtl""><span style=""font-family: &quot;Jameel Noori Nastaleeq&quot;;"" lang=""AR-SA"">اگر سکر سے چکوال کی مسافت 77.25 کلومیٹر
ہے اور آپ کا ارادہ سکر سے نکل کر چکوال او رپنڈی میں پندرہ دن سے کم ٹھہرنے کا ہے
تو آپ سکر سے نکلتے ہی مسافر ہوجائیں گے، چکوال میں بھی مسافر رہیں گے کیونکہ </span><span style=""font-family: &quot;Jameel Noori Nastaleeq&quot;;"" lang=""FA"">۱۵</span><span style=""font-family: &quot;Jameel Noori Nastaleeq&quot;;"" lang=""FA""> </span><span style=""font-family: &quot;Jameel Noori Nastaleeq&quot;;"" lang=""AR-SA"">یوم سے
کم ٹھہرنے کی نیت ہے۔ پھر پنڈی جانے کے بعد بھی مسافر رہیں گے۔ آپ تنہا نماز پڑھیں
گے تو قصر کریں گے۔ اور باجماعت مقیم امام کے پیچھے پڑھیں گے تو پوری پڑھیں گے۔ </span></p>

<p class=""MsoNormal"" dir=""rtl""><span style=""font-family: &quot;Jameel Noori Nastaleeq&quot;;"" lang=""AR-SA"">(</span><span style=""font-family: &quot;Jameel Noori Nastaleeq&quot;;"" lang=""FA"">۲) </span><span style=""font-family: &quot;Jameel Noori Nastaleeq&quot;;"" lang=""AR-SA"">مسافر
نے دو رکعت کے بجائے چار رکعت نماز پڑھادی او ردو رکعت پر قعدہ کیا تو اس کی نماز
ہوجائے گی، مگر مکروہ ہوئی، البتہ اس کے پیچھے مقیم حضرات کی نماز نہ ہوگی۔</span></p>

<p class=""MsoNormal"" dir=""rtl""><span style=""font-family: &quot;Jameel Noori Nastaleeq&quot;;"" lang=""AR-SA"">(</span><span style=""font-family: &quot;Jameel Noori Nastaleeq&quot;;"" lang=""FA"">۳) </span><span style=""font-family: &quot;Jameel Noori Nastaleeq&quot;;"" lang=""AR-SA"">واقتدیتُ
بھذا الإمام کے ساتھ نیت کافی ہے، رکعت کی نیت نہ کرے۔ سلام پھیرنے کے بعد خود ہی
معلوم ہوجائے گا کہ امام مقیم ہے یا مسافر، اسی اعتبار سے اپنی نماز پوری کرلے۔ </span></p>

<p class=""MsoNormal"" dir=""rtl""><span style=""font-family: &quot;Jameel Noori Nastaleeq&quot;;"" lang=""AR-SA"">(</span><span style=""font-family: &quot;Jameel Noori Nastaleeq&quot;;"" lang=""FA"">۴) </span><span style=""font-family: &quot;Jameel Noori Nastaleeq&quot;;"" lang=""AR-SA"">چاروں
ائمہ میں سے جو کسی ایک کی تقلید کرتے ہیں، انھیں مقلد کہتے ہیں اور جو کسی کی تقلید
نہیں کرتے ہیں اور اپنی خواہش نفسانی پر عمل کرتے ہیں، وہ غیرمقلد کہلاتے ہیں۔</span></p>

<p class=""MsoNormal"" dir=""rtl""><span style=""font-family: &quot;Jameel Noori Nastaleeq&quot;;"" lang=""AR-SA"">(</span><span style=""font-family: &quot;Jameel Noori Nastaleeq&quot;;"" lang=""FA"">۵) </span><span style=""font-family: &quot;Jameel Noori Nastaleeq&quot;;"" lang=""AR-SA"">جن
کا سلسلہ بیعت حضرت مجدد الف ثانی شیخ سرہندی رحمہ اللہ سے ملتا ہے انھیں مجددی
کہتے ہیں۔ یہ نقشبندی سلسلہ میں ہوتے ہیں۔ </span></p>

<p></p> 
							<br>
							<span style=""font-size:1.2em"">
								<p><strong>واللہ تعالیٰ اعلم</strong></p>
								<br class=""clear"">
								<p><strong>دارالافتاء،</strong><br>دارالعلوم دیوبند</p>
							</span>
						</li>
											</ul>
				</div>"
https://darulifta-deoband.com/home/ur/salah-prayer/13325,کیا کوئی مقتدی کسی ضرورت کی بناء پر نماز سے نکل سکتا ہے مثلاً اگر وہ بہت زیادہ تھکا ہوا ہو اور یہ ہو کہ وہ سوجائے گا اور دوسرے لوگوں کو پریشان کرے گا یا اگر کسی کی زندگی خطرے میں ہو؟میں یہ جاننا چاہتاہوں کہ کیا کوئی شخص جماعت سے نکل سکتا ہے اور اگر ہاں تو کن صورتوں میں؟ (۲)چار رکعت والی نماز میں (ظہر یا عصر) اگر کوئی شخص پہلے تشہد میں (دو رکعت کے بعد) پورا درودشریف پڑھتا ہے تو کیا اس کو سجدہ سہو کرنا ہوگا؟,"<h2><u> سوال: </u> <meta http-equiv=""Content-Type"" content=""text/html; charset=utf-8""><meta name=""ProgId"" content=""Word.Document""><meta name=""Generator"" content=""Microsoft Word 11""><meta name=""Originator"" content=""Microsoft Word 11""><link rel=""File-List"" href=""file:///G:\DOCUME~1\ADMINI~1\LOCALS~1\Temp\msohtml1\03\clip_filelist.xml""><!--[if gte mso 9]><xml>
 <w:WordDocument>
  <w:View>Normal</w:View>
  <w:Zoom>0</w:Zoom>
  <w:PunctuationKerning/>
  <w:ValidateAgainstSchemas/>
  <w:SaveIfXMLInvalid>false</w:SaveIfXMLInvalid>
  <w:IgnoreMixedContent>false</w:IgnoreMixedContent>
  <w:AlwaysShowPlaceholderText>false</w:AlwaysShowPlaceholderText>
  <w:Compatibility>
   <w:BreakWrappedTables/>
   <w:SnapToGridInCell/>
   <w:WrapTextWithPunct/>
   <w:UseAsianBreakRules/>
   <w:DontGrowAutofit/>
  </w:Compatibility>
  <w:BrowserLevel>MicrosoftInternetExplorer4</w:BrowserLevel>
 </w:WordDocument>
</xml><![endif]--><!--[if gte mso 9]><xml>
 <w:LatentStyles DefLockedState=""false"" LatentStyleCount=""156"">
 </w:LatentStyles>
</xml><![endif]--><style>
<!--
 /* Font Definitions */
 @font-face
	{font-family:SimSun;
	panose-1:2 1 6 0 3 1 1 1 1 1;
	mso-font-alt:&#23435;&#20307;;
	mso-font-charset:134;
	mso-generic-font-family:auto;
	mso-font-pitch:variable;
	mso-font-signature:3 135135232 16 0 262145 0;}
@font-face
	{font-family:Tahoma;
	panose-1:2 11 6 4 3 5 4 4 2 4;
	mso-font-charset:0;
	mso-generic-font-family:swiss;
	mso-font-pitch:variable;
	mso-font-signature:1627421319 -2147483648 8 0 66047 0;}
@font-face
	{font-family:""Jameel Noori Nastaleeq"";
	panose-1:2 0 5 3 0 0 0 0 0 4;
	mso-font-alt:""Times New Roman"";
	mso-font-charset:0;
	mso-generic-font-family:auto;
	mso-font-pitch:variable;
	mso-font-signature:-2147475449 0 0 0 65 0;}
@font-face
	{font-family:""\@SimSun"";
	panose-1:2 1 6 0 3 1 1 1 1 1;
	mso-font-charset:134;
	mso-generic-font-family:auto;
	mso-font-pitch:variable;
	mso-font-signature:3 135135232 16 0 262145 0;}
 /* Style Definitions */
 p.MsoNormal, li.MsoNormal, div.MsoNormal
	{mso-style-parent:"""";
	margin:0cm;
	margin-bottom:.0001pt;
	text-align:justify;
	text-justify:kashida;
	text-kashida:0%;
	mso-pagination:widow-orphan;
	direction:rtl;
	unicode-bidi:embed;
	font-size:12.0pt;
	mso-bidi-font-size:10.0pt;
	font-family:Tahoma;
	mso-fareast-font-family:SimSun;}
@page Section1
	{size:612.0pt 792.0pt;
	margin:72.0pt 90.0pt 72.0pt 90.0pt;
	mso-header-margin:36.0pt;
	mso-footer-margin:36.0pt;
	mso-paper-source:0;}
div.Section1
	{page:Section1;}
-->
</style><!--[if gte mso 10]>
<style>
 /* Style Definitions */
 table.MsoNormalTable
	{mso-style-name:""Table Normal"";
	mso-tstyle-rowband-size:0;
	mso-tstyle-colband-size:0;
	mso-style-noshow:yes;
	mso-style-parent:"""";
	mso-padding-alt:0cm 5.4pt 0cm 5.4pt;
	mso-para-margin:0cm;
	mso-para-margin-bottom:.0001pt;
	mso-pagination:widow-orphan;
	font-size:10.0pt;
	font-family:""Times New Roman"";
	mso-ansi-language:#0400;
	mso-fareast-language:#0400;
	mso-bidi-language:#0400;}
</style>
<![endif]-->

<p class=""MsoNormal"" dir=""rtl""><span dir=""rtl""></span><span style=""font-family: &quot;Jameel Noori Nastaleeq&quot;;"" lang=""AR-SA""><span dir=""rtl""></span></span><span style=""font-family: &quot;Jameel Noori Nastaleeq&quot;;"" lang=""FA""></span><span style=""font-family: &quot;Jameel Noori Nastaleeq&quot;;"" lang=""AR-SA"">کیا
کوئی مقتدی کسی ضرورت کی بناء پر نماز سے نکل سکتا ہے مثلاً اگر وہ بہت زیادہ تھکا
ہوا ہو اور یہ ہو کہ وہ سوجائے گا اور دوسرے لوگوں کو پریشان کرے گا یا اگر کسی کی
زندگی خطرے میں ہو؟میں یہ جاننا چاہتاہوں کہ کیا کوئی شخص جماعت سے نکل سکتا ہے
اور اگر ہاں تو کن صورتوں میں؟ (</span><span style=""font-family: &quot;Jameel Noori Nastaleeq&quot;;"" lang=""FA"">۲)</span><span style=""font-family: &quot;Jameel Noori Nastaleeq&quot;;"" lang=""AR-SA"">چار
رکعت والی نماز میں (ظہر یا عصر) اگر کوئی شخص پہلے تشہد میں (دو رکعت کے بعد)
پورا درودشریف پڑھتا ہے تو کیا اس کو سجدہ سہو کرنا ہوگا؟ <o:p></o:p></span></p>

</h2>","<p>بسم الله الرحمن الرحيم</p><p> <meta http-equiv=""Content-Type"" content=""text/html; charset=utf-8""><meta name=""ProgId"" content=""Word.Document""><meta name=""Generator"" content=""Microsoft Word 11""><meta name=""Originator"" content=""Microsoft Word 11""><link rel=""File-List"" href=""file:///G:\DOCUME~1\ADMINI~1\LOCALS~1\Temp\msohtml1\03\clip_filelist.xml""><!--[if gte mso 9]><xml>
 <w:WordDocument>
  <w:View>Normal</w:View>
  <w:Zoom>0</w:Zoom>
  <w:PunctuationKerning/>
  <w:ValidateAgainstSchemas/>
  <w:SaveIfXMLInvalid>false</w:SaveIfXMLInvalid>
  <w:IgnoreMixedContent>false</w:IgnoreMixedContent>
  <w:AlwaysShowPlaceholderText>false</w:AlwaysShowPlaceholderText>
  <w:Compatibility>
   <w:BreakWrappedTables/>
   <w:SnapToGridInCell/>
   <w:WrapTextWithPunct/>
   <w:UseAsianBreakRules/>
   <w:DontGrowAutofit/>
  </w:Compatibility>
  <w:BrowserLevel>MicrosoftInternetExplorer4</w:BrowserLevel>
 </w:WordDocument>
</xml><![endif]--><!--[if gte mso 9]><xml>
 <w:LatentStyles DefLockedState=""false"" LatentStyleCount=""156"">
 </w:LatentStyles>
</xml><![endif]--><style>
<!--
 /* Font Definitions */
 @font-face
	{font-family:SimSun;
	panose-1:2 1 6 0 3 1 1 1 1 1;
	mso-font-alt:&#23435;&#20307;;
	mso-font-charset:134;
	mso-generic-font-family:auto;
	mso-font-pitch:variable;
	mso-font-signature:3 135135232 16 0 262145 0;}
@font-face
	{font-family:Tahoma;
	panose-1:2 11 6 4 3 5 4 4 2 4;
	mso-font-charset:0;
	mso-generic-font-family:swiss;
	mso-font-pitch:variable;
	mso-font-signature:1627421319 -2147483648 8 0 66047 0;}
@font-face
	{font-family:""Jameel Noori Nastaleeq"";
	panose-1:2 0 5 3 0 0 0 0 0 4;
	mso-font-alt:""Times New Roman"";
	mso-font-charset:0;
	mso-generic-font-family:auto;
	mso-font-pitch:variable;
	mso-font-signature:-2147475449 0 0 0 65 0;}
@font-face
	{font-family:""\@SimSun"";
	panose-1:2 1 6 0 3 1 1 1 1 1;
	mso-font-charset:134;
	mso-generic-font-family:auto;
	mso-font-pitch:variable;
	mso-font-signature:3 135135232 16 0 262145 0;}
 /* Style Definitions */
 p.MsoNormal, li.MsoNormal, div.MsoNormal
	{mso-style-parent:"""";
	margin:0cm;
	margin-bottom:.0001pt;
	text-align:justify;
	text-justify:kashida;
	text-kashida:0%;
	mso-pagination:widow-orphan;
	direction:rtl;
	unicode-bidi:embed;
	font-size:12.0pt;
	mso-bidi-font-size:10.0pt;
	font-family:Tahoma;
	mso-fareast-font-family:SimSun;}
@page Section1
	{size:612.0pt 792.0pt;
	margin:72.0pt 90.0pt 72.0pt 90.0pt;
	mso-header-margin:36.0pt;
	mso-footer-margin:36.0pt;
	mso-paper-source:0;}
div.Section1
	{page:Section1;}
-->
</style><!--[if gte mso 10]>
<style>
 /* Style Definitions */
 table.MsoNormalTable
	{mso-style-name:""Table Normal"";
	mso-tstyle-rowband-size:0;
	mso-tstyle-colband-size:0;
	mso-style-noshow:yes;
	mso-style-parent:"""";
	mso-padding-alt:0cm 5.4pt 0cm 5.4pt;
	mso-para-margin:0cm;
	mso-para-margin-bottom:.0001pt;
	mso-pagination:widow-orphan;
	font-size:10.0pt;
	font-family:""Times New Roman"";
	mso-ansi-language:#0400;
	mso-fareast-language:#0400;
	mso-bidi-language:#0400;}
</style>
<![endif]-->

</p><p class=""MsoNormal"" dir=""rtl""><span style=""font-family: &quot;Jameel Noori Nastaleeq&quot;;"" lang=""AR-SA"">فتوی: 903=842/ب</span></p><p class=""MsoNormal"" dir=""rtl""><span style=""font-family: &quot;Jameel Noori Nastaleeq&quot;;"" lang=""AR-SA""><o:p>&nbsp;</o:p></span></p><p class=""MsoNormal"" dir=""rtl""><span style=""font-family: &quot;Jameel Noori Nastaleeq&quot;;"" lang=""AR-SA"">اگر کسی کو اثنائے نماز میں نکسیر ٹوٹ جائے
یا ریاح خارج ہوجائے یا الٹی آئے تو ان سب صورتوں میں جماعت سے نکل سکتا ہے۔ اپنے
عوارض سے فارغ ہوکر طہارت ووضو کرکے نماز میں شرکت کرسکتا ہے۔</span></p><p class=""MsoNormal"" dir=""rtl""><span style=""font-family: &quot;Jameel Noori Nastaleeq&quot;;"" lang=""AR-SA"">(</span><span style=""font-family: &quot;Jameel Noori Nastaleeq&quot;;"" lang=""FA"">۲) </span><span style=""font-family: &quot;Jameel Noori Nastaleeq&quot;;"" lang=""AR-SA"">اس
کے ذمہ سجدہ سہو واجب ہوگا۔ </span></p><p></p><br><span style=""font-size:1.2em"">
								<p><strong>واللہ تعالیٰ اعلم</strong></p>
								<br class=""clear"">
								<p><strong>دارالافتاء،</strong><br>دارالعلوم دیوبند</p>
							</span>",01-Sep-2020,13325,darulifta-deoband.com,عبادات,صلاة (نماز),"<div id=""recent_fatwas"" class=""container tab-pane active""><br>
					<ul class=""answer_detail"">
												<li>
																					<div class=""cate_sec"">
								<p class=""category_name"">
									<span>
										عبادات									</span> 
									&gt;&gt; 
									<span>
																		<a href=""https://darulifta-deoband.com/ur/category/n-a/MTk="">صلاة (نماز)</a>
									</span>
								</p>
								<p class=""quesid""><span class=""anser_id_urdu""> سوال نمبر: 13325</span><!--<span class=""country_urdu"">  : ملک</span> --></p>
							</div>
							<h2><u> عنوان:</u> <meta http-equiv=""Content-Type"" content=""text/html; charset=utf-8""><meta name=""ProgId"" content=""Word.Document""><meta name=""Generator"" content=""Microsoft Word 11""><meta name=""Originator"" content=""Microsoft Word 11""><link rel=""File-List"" href=""file:///G:\DOCUME~1\ADMINI~1\LOCALS~1\Temp\msohtml1\03\clip_filelist.xml""><!--[if gte mso 9]><xml>
 <w:WordDocument>
  <w:View>Normal</w:View>
  <w:Zoom>0</w:Zoom>
  <w:PunctuationKerning/>
  <w:ValidateAgainstSchemas/>
  <w:SaveIfXMLInvalid>false</w:SaveIfXMLInvalid>
  <w:IgnoreMixedContent>false</w:IgnoreMixedContent>
  <w:AlwaysShowPlaceholderText>false</w:AlwaysShowPlaceholderText>
  <w:Compatibility>
   <w:BreakWrappedTables/>
   <w:SnapToGridInCell/>
   <w:WrapTextWithPunct/>
   <w:UseAsianBreakRules/>
   <w:DontGrowAutofit/>
  </w:Compatibility>
  <w:BrowserLevel>MicrosoftInternetExplorer4</w:BrowserLevel>
 </w:WordDocument>
</xml><![endif]--><!--[if gte mso 9]><xml>
 <w:LatentStyles DefLockedState=""false"" LatentStyleCount=""156"">
 </w:LatentStyles>
</xml><![endif]--><style>
<!--
 /* Font Definitions */
 @font-face
	{font-family:SimSun;
	panose-1:2 1 6 0 3 1 1 1 1 1;
	mso-font-alt:&#23435;&#20307;;
	mso-font-charset:134;
	mso-generic-font-family:auto;
	mso-font-pitch:variable;
	mso-font-signature:3 135135232 16 0 262145 0;}
@font-face
	{font-family:Tahoma;
	panose-1:2 11 6 4 3 5 4 4 2 4;
	mso-font-charset:0;
	mso-generic-font-family:swiss;
	mso-font-pitch:variable;
	mso-font-signature:1627421319 -2147483648 8 0 66047 0;}
@font-face
	{font-family:""Jameel Noori Nastaleeq"";
	panose-1:2 0 5 3 0 0 0 0 0 4;
	mso-font-alt:""Times New Roman"";
	mso-font-charset:0;
	mso-generic-font-family:auto;
	mso-font-pitch:variable;
	mso-font-signature:-2147475449 0 0 0 65 0;}
@font-face
	{font-family:""\@SimSun"";
	panose-1:2 1 6 0 3 1 1 1 1 1;
	mso-font-charset:134;
	mso-generic-font-family:auto;
	mso-font-pitch:variable;
	mso-font-signature:3 135135232 16 0 262145 0;}
 /* Style Definitions */
 p.MsoNormal, li.MsoNormal, div.MsoNormal
	{mso-style-parent:"""";
	margin:0cm;
	margin-bottom:.0001pt;
	text-align:justify;
	text-justify:kashida;
	text-kashida:0%;
	mso-pagination:widow-orphan;
	direction:rtl;
	unicode-bidi:embed;
	font-size:12.0pt;
	mso-bidi-font-size:10.0pt;
	font-family:Tahoma;
	mso-fareast-font-family:SimSun;}
@page Section1
	{size:612.0pt 792.0pt;
	margin:72.0pt 90.0pt 72.0pt 90.0pt;
	mso-header-margin:36.0pt;
	mso-footer-margin:36.0pt;
	mso-paper-source:0;}
div.Section1
	{page:Section1;}
-->
</style><!--[if gte mso 10]>
<style>
 /* Style Definitions */
 table.MsoNormalTable
	{mso-style-name:""Table Normal"";
	mso-tstyle-rowband-size:0;
	mso-tstyle-colband-size:0;
	mso-style-noshow:yes;
	mso-style-parent:"""";
	mso-padding-alt:0cm 5.4pt 0cm 5.4pt;
	mso-para-margin:0cm;
	mso-para-margin-bottom:.0001pt;
	mso-pagination:widow-orphan;
	font-size:10.0pt;
	font-family:""Times New Roman"";
	mso-ansi-language:#0400;
	mso-fareast-language:#0400;
	mso-bidi-language:#0400;}
</style>
<![endif]-->

<p class=""MsoNormal"" dir=""rtl""><span style=""font-family: &quot;Jameel Noori Nastaleeq&quot;;"" lang=""AR-SA""><span dir=""rtl""></span></span><span style=""font-family: &quot;Jameel Noori Nastaleeq&quot;;"" lang=""FA""></span><span style=""font-family: &quot;Jameel Noori Nastaleeq&quot;;"" lang=""AR-SA"">کیا
کوئی مقتدی کسی ضرورت کی بناء پر نماز سے نکل سکتا ہے مثلاً اگر وہ بہت زیادہ تھکا
ہوا ہو اور یہ ہو کہ وہ سوجائے گا اور دوسرے لوگوں کو پریشان کرے گا یا اگر کسی کی
زندگی خطرے میں ہو؟میں یہ جاننا چاہتاہوں کہ کیا کوئی شخص جماعت سے نکل سکتا ہے
اور اگر ہاں تو کن صورتوں میں؟ (</span><span style=""font-family: &quot;Jameel Noori Nastaleeq&quot;;"" lang=""FA"">۲)</span><span style=""font-family: &quot;Jameel Noori Nastaleeq&quot;;"" lang=""AR-SA"">چار
رکعت والی نماز میں (ظہر یا عصر) اگر کوئی شخص پہلے تشہد میں (دو رکعت کے بعد)
پورا درودشریف پڑھتا ہے تو کیا اس کو سجدہ سہو کرنا ہوگا؟ <o:p></o:p></span></p>

</h2>
							<h2><u> سوال: </u> <meta http-equiv=""Content-Type"" content=""text/html; charset=utf-8""><meta name=""ProgId"" content=""Word.Document""><meta name=""Generator"" content=""Microsoft Word 11""><meta name=""Originator"" content=""Microsoft Word 11""><link rel=""File-List"" href=""file:///G:\DOCUME~1\ADMINI~1\LOCALS~1\Temp\msohtml1\03\clip_filelist.xml""><!--[if gte mso 9]><xml>
 <w:WordDocument>
  <w:View>Normal</w:View>
  <w:Zoom>0</w:Zoom>
  <w:PunctuationKerning/>
  <w:ValidateAgainstSchemas/>
  <w:SaveIfXMLInvalid>false</w:SaveIfXMLInvalid>
  <w:IgnoreMixedContent>false</w:IgnoreMixedContent>
  <w:AlwaysShowPlaceholderText>false</w:AlwaysShowPlaceholderText>
  <w:Compatibility>
   <w:BreakWrappedTables/>
   <w:SnapToGridInCell/>
   <w:WrapTextWithPunct/>
   <w:UseAsianBreakRules/>
   <w:DontGrowAutofit/>
  </w:Compatibility>
  <w:BrowserLevel>MicrosoftInternetExplorer4</w:BrowserLevel>
 </w:WordDocument>
</xml><![endif]--><!--[if gte mso 9]><xml>
 <w:LatentStyles DefLockedState=""false"" LatentStyleCount=""156"">
 </w:LatentStyles>
</xml><![endif]--><style>
<!--
 /* Font Definitions */
 @font-face
	{font-family:SimSun;
	panose-1:2 1 6 0 3 1 1 1 1 1;
	mso-font-alt:&#23435;&#20307;;
	mso-font-charset:134;
	mso-generic-font-family:auto;
	mso-font-pitch:variable;
	mso-font-signature:3 135135232 16 0 262145 0;}
@font-face
	{font-family:Tahoma;
	panose-1:2 11 6 4 3 5 4 4 2 4;
	mso-font-charset:0;
	mso-generic-font-family:swiss;
	mso-font-pitch:variable;
	mso-font-signature:1627421319 -2147483648 8 0 66047 0;}
@font-face
	{font-family:""Jameel Noori Nastaleeq"";
	panose-1:2 0 5 3 0 0 0 0 0 4;
	mso-font-alt:""Times New Roman"";
	mso-font-charset:0;
	mso-generic-font-family:auto;
	mso-font-pitch:variable;
	mso-font-signature:-2147475449 0 0 0 65 0;}
@font-face
	{font-family:""\@SimSun"";
	panose-1:2 1 6 0 3 1 1 1 1 1;
	mso-font-charset:134;
	mso-generic-font-family:auto;
	mso-font-pitch:variable;
	mso-font-signature:3 135135232 16 0 262145 0;}
 /* Style Definitions */
 p.MsoNormal, li.MsoNormal, div.MsoNormal
	{mso-style-parent:"""";
	margin:0cm;
	margin-bottom:.0001pt;
	text-align:justify;
	text-justify:kashida;
	text-kashida:0%;
	mso-pagination:widow-orphan;
	direction:rtl;
	unicode-bidi:embed;
	font-size:12.0pt;
	mso-bidi-font-size:10.0pt;
	font-family:Tahoma;
	mso-fareast-font-family:SimSun;}
@page Section1
	{size:612.0pt 792.0pt;
	margin:72.0pt 90.0pt 72.0pt 90.0pt;
	mso-header-margin:36.0pt;
	mso-footer-margin:36.0pt;
	mso-paper-source:0;}
div.Section1
	{page:Section1;}
-->
</style><!--[if gte mso 10]>
<style>
 /* Style Definitions */
 table.MsoNormalTable
	{mso-style-name:""Table Normal"";
	mso-tstyle-rowband-size:0;
	mso-tstyle-colband-size:0;
	mso-style-noshow:yes;
	mso-style-parent:"""";
	mso-padding-alt:0cm 5.4pt 0cm 5.4pt;
	mso-para-margin:0cm;
	mso-para-margin-bottom:.0001pt;
	mso-pagination:widow-orphan;
	font-size:10.0pt;
	font-family:""Times New Roman"";
	mso-ansi-language:#0400;
	mso-fareast-language:#0400;
	mso-bidi-language:#0400;}
</style>
<![endif]-->

<p class=""MsoNormal"" dir=""rtl""><span dir=""rtl""></span><span style=""font-family: &quot;Jameel Noori Nastaleeq&quot;;"" lang=""AR-SA""><span dir=""rtl""></span></span><span style=""font-family: &quot;Jameel Noori Nastaleeq&quot;;"" lang=""FA""></span><span style=""font-family: &quot;Jameel Noori Nastaleeq&quot;;"" lang=""AR-SA"">کیا
کوئی مقتدی کسی ضرورت کی بناء پر نماز سے نکل سکتا ہے مثلاً اگر وہ بہت زیادہ تھکا
ہوا ہو اور یہ ہو کہ وہ سوجائے گا اور دوسرے لوگوں کو پریشان کرے گا یا اگر کسی کی
زندگی خطرے میں ہو؟میں یہ جاننا چاہتاہوں کہ کیا کوئی شخص جماعت سے نکل سکتا ہے
اور اگر ہاں تو کن صورتوں میں؟ (</span><span style=""font-family: &quot;Jameel Noori Nastaleeq&quot;;"" lang=""FA"">۲)</span><span style=""font-family: &quot;Jameel Noori Nastaleeq&quot;;"" lang=""AR-SA"">چار
رکعت والی نماز میں (ظہر یا عصر) اگر کوئی شخص پہلے تشہد میں (دو رکعت کے بعد)
پورا درودشریف پڑھتا ہے تو کیا اس کو سجدہ سہو کرنا ہوگا؟ <o:p></o:p></span></p>

</h2>
							<p class=""fatwa_answer""><span class=""ans_urdu_id""> جواب نمبر: 13325</span><span style=""color:#efefef;display:none;"" class=""answer_date_urdu"">01-Sep-2020 : تاریخ اشاعت </span></p>
							<p>بسم الله الرحمن الرحيم</p>
							<p> <meta http-equiv=""Content-Type"" content=""text/html; charset=utf-8""><meta name=""ProgId"" content=""Word.Document""><meta name=""Generator"" content=""Microsoft Word 11""><meta name=""Originator"" content=""Microsoft Word 11""><link rel=""File-List"" href=""file:///G:\DOCUME~1\ADMINI~1\LOCALS~1\Temp\msohtml1\03\clip_filelist.xml""><!--[if gte mso 9]><xml>
 <w:WordDocument>
  <w:View>Normal</w:View>
  <w:Zoom>0</w:Zoom>
  <w:PunctuationKerning/>
  <w:ValidateAgainstSchemas/>
  <w:SaveIfXMLInvalid>false</w:SaveIfXMLInvalid>
  <w:IgnoreMixedContent>false</w:IgnoreMixedContent>
  <w:AlwaysShowPlaceholderText>false</w:AlwaysShowPlaceholderText>
  <w:Compatibility>
   <w:BreakWrappedTables/>
   <w:SnapToGridInCell/>
   <w:WrapTextWithPunct/>
   <w:UseAsianBreakRules/>
   <w:DontGrowAutofit/>
  </w:Compatibility>
  <w:BrowserLevel>MicrosoftInternetExplorer4</w:BrowserLevel>
 </w:WordDocument>
</xml><![endif]--><!--[if gte mso 9]><xml>
 <w:LatentStyles DefLockedState=""false"" LatentStyleCount=""156"">
 </w:LatentStyles>
</xml><![endif]--><style>
<!--
 /* Font Definitions */
 @font-face
	{font-family:SimSun;
	panose-1:2 1 6 0 3 1 1 1 1 1;
	mso-font-alt:&#23435;&#20307;;
	mso-font-charset:134;
	mso-generic-font-family:auto;
	mso-font-pitch:variable;
	mso-font-signature:3 135135232 16 0 262145 0;}
@font-face
	{font-family:Tahoma;
	panose-1:2 11 6 4 3 5 4 4 2 4;
	mso-font-charset:0;
	mso-generic-font-family:swiss;
	mso-font-pitch:variable;
	mso-font-signature:1627421319 -2147483648 8 0 66047 0;}
@font-face
	{font-family:""Jameel Noori Nastaleeq"";
	panose-1:2 0 5 3 0 0 0 0 0 4;
	mso-font-alt:""Times New Roman"";
	mso-font-charset:0;
	mso-generic-font-family:auto;
	mso-font-pitch:variable;
	mso-font-signature:-2147475449 0 0 0 65 0;}
@font-face
	{font-family:""\@SimSun"";
	panose-1:2 1 6 0 3 1 1 1 1 1;
	mso-font-charset:134;
	mso-generic-font-family:auto;
	mso-font-pitch:variable;
	mso-font-signature:3 135135232 16 0 262145 0;}
 /* Style Definitions */
 p.MsoNormal, li.MsoNormal, div.MsoNormal
	{mso-style-parent:"""";
	margin:0cm;
	margin-bottom:.0001pt;
	text-align:justify;
	text-justify:kashida;
	text-kashida:0%;
	mso-pagination:widow-orphan;
	direction:rtl;
	unicode-bidi:embed;
	font-size:12.0pt;
	mso-bidi-font-size:10.0pt;
	font-family:Tahoma;
	mso-fareast-font-family:SimSun;}
@page Section1
	{size:612.0pt 792.0pt;
	margin:72.0pt 90.0pt 72.0pt 90.0pt;
	mso-header-margin:36.0pt;
	mso-footer-margin:36.0pt;
	mso-paper-source:0;}
div.Section1
	{page:Section1;}
-->
</style><!--[if gte mso 10]>
<style>
 /* Style Definitions */
 table.MsoNormalTable
	{mso-style-name:""Table Normal"";
	mso-tstyle-rowband-size:0;
	mso-tstyle-colband-size:0;
	mso-style-noshow:yes;
	mso-style-parent:"""";
	mso-padding-alt:0cm 5.4pt 0cm 5.4pt;
	mso-para-margin:0cm;
	mso-para-margin-bottom:.0001pt;
	mso-pagination:widow-orphan;
	font-size:10.0pt;
	font-family:""Times New Roman"";
	mso-ansi-language:#0400;
	mso-fareast-language:#0400;
	mso-bidi-language:#0400;}
</style>
<![endif]-->

</p><p class=""MsoNormal"" dir=""rtl""><span style=""font-family: &quot;Jameel Noori Nastaleeq&quot;;"" lang=""AR-SA"">فتوی: 903=842/ب</span></p>

<p class=""MsoNormal"" dir=""rtl""><span style=""font-family: &quot;Jameel Noori Nastaleeq&quot;;"" lang=""AR-SA""><o:p>&nbsp;</o:p></span></p>

<p class=""MsoNormal"" dir=""rtl""><span style=""font-family: &quot;Jameel Noori Nastaleeq&quot;;"" lang=""AR-SA"">اگر کسی کو اثنائے نماز میں نکسیر ٹوٹ جائے
یا ریاح خارج ہوجائے یا الٹی آئے تو ان سب صورتوں میں جماعت سے نکل سکتا ہے۔ اپنے
عوارض سے فارغ ہوکر طہارت ووضو کرکے نماز میں شرکت کرسکتا ہے۔</span></p>

<p class=""MsoNormal"" dir=""rtl""><span style=""font-family: &quot;Jameel Noori Nastaleeq&quot;;"" lang=""AR-SA"">(</span><span style=""font-family: &quot;Jameel Noori Nastaleeq&quot;;"" lang=""FA"">۲) </span><span style=""font-family: &quot;Jameel Noori Nastaleeq&quot;;"" lang=""AR-SA"">اس
کے ذمہ سجدہ سہو واجب ہوگا۔ </span></p>

<p></p> 
							<br>
							<span style=""font-size:1.2em"">
								<p><strong>واللہ تعالیٰ اعلم</strong></p>
								<br class=""clear"">
								<p><strong>دارالافتاء،</strong><br>دارالعلوم دیوبند</p>
							</span>
						</li>
											</ul>
				</div>"
https://darulifta-deoband.com/home/ur/salah-prayer/13315,عورت کا نماز میں سراً قرأت کرنا فرض ہے، واجب ہے یا سنت؟ اگر وہ جہراً قرأت کرے تو سجدہ سہو ہے یا نہیں؟,"<h2><u> سوال: </u> <meta http-equiv=""Content-Type"" content=""text/html; charset=utf-8""><meta name=""ProgId"" content=""Word.Document""><meta name=""Generator"" content=""Microsoft Word 11""><meta name=""Originator"" content=""Microsoft Word 11""><link rel=""File-List"" href=""file:///G:\DOCUME~1\ADMINI~1\LOCALS~1\Temp\msohtml1\03\clip_filelist.xml""><!--[if gte mso 9]><xml>
 <w:WordDocument>
  <w:View>Normal</w:View>
  <w:Zoom>0</w:Zoom>
  <w:PunctuationKerning/>
  <w:ValidateAgainstSchemas/>
  <w:SaveIfXMLInvalid>false</w:SaveIfXMLInvalid>
  <w:IgnoreMixedContent>false</w:IgnoreMixedContent>
  <w:AlwaysShowPlaceholderText>false</w:AlwaysShowPlaceholderText>
  <w:Compatibility>
   <w:BreakWrappedTables/>
   <w:SnapToGridInCell/>
   <w:WrapTextWithPunct/>
   <w:UseAsianBreakRules/>
   <w:DontGrowAutofit/>
  </w:Compatibility>
  <w:BrowserLevel>MicrosoftInternetExplorer4</w:BrowserLevel>
 </w:WordDocument>
</xml><![endif]--><!--[if gte mso 9]><xml>
 <w:LatentStyles DefLockedState=""false"" LatentStyleCount=""156"">
 </w:LatentStyles>
</xml><![endif]--><style>
<!--
 /* Font Definitions */
 @font-face
	{font-family:SimSun;
	panose-1:2 1 6 0 3 1 1 1 1 1;
	mso-font-alt:&#23435;&#20307;;
	mso-font-charset:134;
	mso-generic-font-family:auto;
	mso-font-pitch:variable;
	mso-font-signature:3 135135232 16 0 262145 0;}
@font-face
	{font-family:Tahoma;
	panose-1:2 11 6 4 3 5 4 4 2 4;
	mso-font-charset:0;
	mso-generic-font-family:swiss;
	mso-font-pitch:variable;
	mso-font-signature:1627421319 -2147483648 8 0 66047 0;}
@font-face
	{font-family:""Jameel Noori Nastaleeq"";
	panose-1:2 0 5 3 0 0 0 0 0 4;
	mso-font-alt:""Times New Roman"";
	mso-font-charset:0;
	mso-generic-font-family:auto;
	mso-font-pitch:variable;
	mso-font-signature:-2147475449 0 0 0 65 0;}
@font-face
	{font-family:""\@SimSun"";
	panose-1:2 1 6 0 3 1 1 1 1 1;
	mso-font-charset:134;
	mso-generic-font-family:auto;
	mso-font-pitch:variable;
	mso-font-signature:3 135135232 16 0 262145 0;}
 /* Style Definitions */
 p.MsoNormal, li.MsoNormal, div.MsoNormal
	{mso-style-parent:"""";
	margin:0cm;
	margin-bottom:.0001pt;
	text-align:justify;
	text-justify:kashida;
	text-kashida:0%;
	mso-pagination:widow-orphan;
	direction:rtl;
	unicode-bidi:embed;
	font-size:12.0pt;
	mso-bidi-font-size:10.0pt;
	font-family:Tahoma;
	mso-fareast-font-family:SimSun;}
@page Section1
	{size:612.0pt 792.0pt;
	margin:72.0pt 90.0pt 72.0pt 90.0pt;
	mso-header-margin:36.0pt;
	mso-footer-margin:36.0pt;
	mso-paper-source:0;}
div.Section1
	{page:Section1;}
-->
</style><!--[if gte mso 10]>
<style>
 /* Style Definitions */
 table.MsoNormalTable
	{mso-style-name:""Table Normal"";
	mso-tstyle-rowband-size:0;
	mso-tstyle-colband-size:0;
	mso-style-noshow:yes;
	mso-style-parent:"""";
	mso-padding-alt:0cm 5.4pt 0cm 5.4pt;
	mso-para-margin:0cm;
	mso-para-margin-bottom:.0001pt;
	mso-pagination:widow-orphan;
	font-size:10.0pt;
	font-family:""Times New Roman"";
	mso-ansi-language:#0400;
	mso-fareast-language:#0400;
	mso-bidi-language:#0400;}
</style>
<![endif]-->

<p class=""MsoNormal"" dir=""rtl""><span style=""font-family: &quot;Jameel Noori Nastaleeq&quot;;"" lang=""AR-SA"">عورت کا نماز میں سراً قرأت کرنا فرض ہے،
واجب ہے یا سنت؟ اگر وہ جہراً قرأت کرے تو سجدہ سہو ہے یا نہیں؟<o:p></o:p></span></p>

</h2>","<p>بسم الله الرحمن الرحيم</p><p> <meta http-equiv=""Content-Type"" content=""text/html; charset=utf-8""><meta name=""ProgId"" content=""Word.Document""><meta name=""Generator"" content=""Microsoft Word 11""><meta name=""Originator"" content=""Microsoft Word 11""><link rel=""File-List"" href=""file:///G:\DOCUME~1\ADMINI~1\LOCALS~1\Temp\msohtml1\03\clip_filelist.xml""><!--[if gte mso 9]><xml>
 <w:WordDocument>
  <w:View>Normal</w:View>
  <w:Zoom>0</w:Zoom>
  <w:PunctuationKerning/>
  <w:ValidateAgainstSchemas/>
  <w:SaveIfXMLInvalid>false</w:SaveIfXMLInvalid>
  <w:IgnoreMixedContent>false</w:IgnoreMixedContent>
  <w:AlwaysShowPlaceholderText>false</w:AlwaysShowPlaceholderText>
  <w:Compatibility>
   <w:BreakWrappedTables/>
   <w:SnapToGridInCell/>
   <w:WrapTextWithPunct/>
   <w:UseAsianBreakRules/>
   <w:DontGrowAutofit/>
  </w:Compatibility>
  <w:BrowserLevel>MicrosoftInternetExplorer4</w:BrowserLevel>
 </w:WordDocument>
</xml><![endif]--><!--[if gte mso 9]><xml>
 <w:LatentStyles DefLockedState=""false"" LatentStyleCount=""156"">
 </w:LatentStyles>
</xml><![endif]--><style>
<!--
 /* Font Definitions */
 @font-face
	{font-family:SimSun;
	panose-1:2 1 6 0 3 1 1 1 1 1;
	mso-font-alt:&#23435;&#20307;;
	mso-font-charset:134;
	mso-generic-font-family:auto;
	mso-font-pitch:variable;
	mso-font-signature:3 135135232 16 0 262145 0;}
@font-face
	{font-family:Tahoma;
	panose-1:2 11 6 4 3 5 4 4 2 4;
	mso-font-charset:0;
	mso-generic-font-family:swiss;
	mso-font-pitch:variable;
	mso-font-signature:1627421319 -2147483648 8 0 66047 0;}
@font-face
	{font-family:""Jameel Noori Nastaleeq"";
	panose-1:2 0 5 3 0 0 0 0 0 4;
	mso-font-alt:""Times New Roman"";
	mso-font-charset:0;
	mso-generic-font-family:auto;
	mso-font-pitch:variable;
	mso-font-signature:-2147475449 0 0 0 65 0;}
@font-face
	{font-family:""\@SimSun"";
	panose-1:2 1 6 0 3 1 1 1 1 1;
	mso-font-charset:134;
	mso-generic-font-family:auto;
	mso-font-pitch:variable;
	mso-font-signature:3 135135232 16 0 262145 0;}
 /* Style Definitions */
 p.MsoNormal, li.MsoNormal, div.MsoNormal
	{mso-style-parent:"""";
	margin:0cm;
	margin-bottom:.0001pt;
	text-align:justify;
	text-justify:kashida;
	text-kashida:0%;
	mso-pagination:widow-orphan;
	direction:rtl;
	unicode-bidi:embed;
	font-size:12.0pt;
	mso-bidi-font-size:10.0pt;
	font-family:Tahoma;
	mso-fareast-font-family:SimSun;}
@page Section1
	{size:612.0pt 792.0pt;
	margin:72.0pt 90.0pt 72.0pt 90.0pt;
	mso-header-margin:36.0pt;
	mso-footer-margin:36.0pt;
	mso-paper-source:0;}
div.Section1
	{page:Section1;}
-->
</style><!--[if gte mso 10]>
<style>
 /* Style Definitions */
 table.MsoNormalTable
	{mso-style-name:""Table Normal"";
	mso-tstyle-rowband-size:0;
	mso-tstyle-colband-size:0;
	mso-style-noshow:yes;
	mso-style-parent:"""";
	mso-padding-alt:0cm 5.4pt 0cm 5.4pt;
	mso-para-margin:0cm;
	mso-para-margin-bottom:.0001pt;
	mso-pagination:widow-orphan;
	font-size:10.0pt;
	font-family:""Times New Roman"";
	mso-ansi-language:#0400;
	mso-fareast-language:#0400;
	mso-bidi-language:#0400;}
</style>
<![endif]-->

</p><p class=""MsoNormal"" dir=""rtl""><span style=""font-family: &quot;Jameel Noori Nastaleeq&quot;;"" lang=""AR-SA"">فتوی: 1038=879/د</span></p><p class=""MsoNormal"" dir=""rtl""><span style=""font-family: &quot;Jameel Noori Nastaleeq&quot;;"" lang=""AR-SA""><o:p>&nbsp;</o:p></span></p><p class=""MsoNormal"" dir=""rtl""><span style=""font-family: &quot;Jameel Noori Nastaleeq&quot;;"" lang=""AR-SA"">عورت کے لیے نماز میں سرًّا قراء ت کرنا
چاہیے، اگر جہری نماز میں وہ جہراً قراء ت کرتی ہے تو یہ ممنوع ہے، او راگر اس کی
آواز غیرمحرم تک پہنچے تو گناہ گار ہوگی، لیکن نماز صحیح ہوجائے گی اور سجدہٴ سہو
لازم نہیں ہوگا۔ </span></p><p></p><br><span style=""font-size:1.2em"">
								<p><strong>واللہ تعالیٰ اعلم</strong></p>
								<br class=""clear"">
								<p><strong>دارالافتاء،</strong><br>دارالعلوم دیوبند</p>
							</span>",01-Sep-2020,13315,darulifta-deoband.com,عبادات,صلاة (نماز),"<div id=""recent_fatwas"" class=""container tab-pane active""><br>
					<ul class=""answer_detail"">
												<li>
																					<div class=""cate_sec"">
								<p class=""category_name"">
									<span>
										عبادات									</span> 
									&gt;&gt; 
									<span>
																		<a href=""https://darulifta-deoband.com/ur/category/n-a/MTk="">صلاة (نماز)</a>
									</span>
								</p>
								<p class=""quesid""><span class=""anser_id_urdu""> سوال نمبر: 13315</span><!--<span class=""country_urdu"">  : ملک</span> --></p>
							</div>
							<h2><u> عنوان:</u> <meta http-equiv=""Content-Type"" content=""text/html; charset=utf-8""><meta name=""ProgId"" content=""Word.Document""><meta name=""Generator"" content=""Microsoft Word 11""><meta name=""Originator"" content=""Microsoft Word 11""><link rel=""File-List"" href=""file:///G:\DOCUME~1\ADMINI~1\LOCALS~1\Temp\msohtml1\03\clip_filelist.xml""><!--[if gte mso 9]><xml>
 <w:WordDocument>
  <w:View>Normal</w:View>
  <w:Zoom>0</w:Zoom>
  <w:PunctuationKerning/>
  <w:ValidateAgainstSchemas/>
  <w:SaveIfXMLInvalid>false</w:SaveIfXMLInvalid>
  <w:IgnoreMixedContent>false</w:IgnoreMixedContent>
  <w:AlwaysShowPlaceholderText>false</w:AlwaysShowPlaceholderText>
  <w:Compatibility>
   <w:BreakWrappedTables/>
   <w:SnapToGridInCell/>
   <w:WrapTextWithPunct/>
   <w:UseAsianBreakRules/>
   <w:DontGrowAutofit/>
  </w:Compatibility>
  <w:BrowserLevel>MicrosoftInternetExplorer4</w:BrowserLevel>
 </w:WordDocument>
</xml><![endif]--><!--[if gte mso 9]><xml>
 <w:LatentStyles DefLockedState=""false"" LatentStyleCount=""156"">
 </w:LatentStyles>
</xml><![endif]--><style>
<!--
 /* Font Definitions */
 @font-face
	{font-family:SimSun;
	panose-1:2 1 6 0 3 1 1 1 1 1;
	mso-font-alt:&#23435;&#20307;;
	mso-font-charset:134;
	mso-generic-font-family:auto;
	mso-font-pitch:variable;
	mso-font-signature:3 135135232 16 0 262145 0;}
@font-face
	{font-family:Tahoma;
	panose-1:2 11 6 4 3 5 4 4 2 4;
	mso-font-charset:0;
	mso-generic-font-family:swiss;
	mso-font-pitch:variable;
	mso-font-signature:1627421319 -2147483648 8 0 66047 0;}
@font-face
	{font-family:""Jameel Noori Nastaleeq"";
	panose-1:2 0 5 3 0 0 0 0 0 4;
	mso-font-alt:""Times New Roman"";
	mso-font-charset:0;
	mso-generic-font-family:auto;
	mso-font-pitch:variable;
	mso-font-signature:-2147475449 0 0 0 65 0;}
@font-face
	{font-family:""\@SimSun"";
	panose-1:2 1 6 0 3 1 1 1 1 1;
	mso-font-charset:134;
	mso-generic-font-family:auto;
	mso-font-pitch:variable;
	mso-font-signature:3 135135232 16 0 262145 0;}
 /* Style Definitions */
 p.MsoNormal, li.MsoNormal, div.MsoNormal
	{mso-style-parent:"""";
	margin:0cm;
	margin-bottom:.0001pt;
	text-align:justify;
	text-justify:kashida;
	text-kashida:0%;
	mso-pagination:widow-orphan;
	direction:rtl;
	unicode-bidi:embed;
	font-size:12.0pt;
	mso-bidi-font-size:10.0pt;
	font-family:Tahoma;
	mso-fareast-font-family:SimSun;}
@page Section1
	{size:612.0pt 792.0pt;
	margin:72.0pt 90.0pt 72.0pt 90.0pt;
	mso-header-margin:36.0pt;
	mso-footer-margin:36.0pt;
	mso-paper-source:0;}
div.Section1
	{page:Section1;}
-->
</style><!--[if gte mso 10]>
<style>
 /* Style Definitions */
 table.MsoNormalTable
	{mso-style-name:""Table Normal"";
	mso-tstyle-rowband-size:0;
	mso-tstyle-colband-size:0;
	mso-style-noshow:yes;
	mso-style-parent:"""";
	mso-padding-alt:0cm 5.4pt 0cm 5.4pt;
	mso-para-margin:0cm;
	mso-para-margin-bottom:.0001pt;
	mso-pagination:widow-orphan;
	font-size:10.0pt;
	font-family:""Times New Roman"";
	mso-ansi-language:#0400;
	mso-fareast-language:#0400;
	mso-bidi-language:#0400;}
</style>
<![endif]-->

<p class=""MsoNormal"" dir=""rtl""><span style=""font-family: &quot;Jameel Noori Nastaleeq&quot;;"" lang=""AR-SA"">عورت کا نماز میں سراً قرأت کرنا فرض ہے،
واجب ہے یا سنت؟ اگر وہ جہراً قرأت کرے تو سجدہ سہو ہے یا نہیں؟<o:p></o:p></span></p>

</h2>
							<h2><u> سوال: </u> <meta http-equiv=""Content-Type"" content=""text/html; charset=utf-8""><meta name=""ProgId"" content=""Word.Document""><meta name=""Generator"" content=""Microsoft Word 11""><meta name=""Originator"" content=""Microsoft Word 11""><link rel=""File-List"" href=""file:///G:\DOCUME~1\ADMINI~1\LOCALS~1\Temp\msohtml1\03\clip_filelist.xml""><!--[if gte mso 9]><xml>
 <w:WordDocument>
  <w:View>Normal</w:View>
  <w:Zoom>0</w:Zoom>
  <w:PunctuationKerning/>
  <w:ValidateAgainstSchemas/>
  <w:SaveIfXMLInvalid>false</w:SaveIfXMLInvalid>
  <w:IgnoreMixedContent>false</w:IgnoreMixedContent>
  <w:AlwaysShowPlaceholderText>false</w:AlwaysShowPlaceholderText>
  <w:Compatibility>
   <w:BreakWrappedTables/>
   <w:SnapToGridInCell/>
   <w:WrapTextWithPunct/>
   <w:UseAsianBreakRules/>
   <w:DontGrowAutofit/>
  </w:Compatibility>
  <w:BrowserLevel>MicrosoftInternetExplorer4</w:BrowserLevel>
 </w:WordDocument>
</xml><![endif]--><!--[if gte mso 9]><xml>
 <w:LatentStyles DefLockedState=""false"" LatentStyleCount=""156"">
 </w:LatentStyles>
</xml><![endif]--><style>
<!--
 /* Font Definitions */
 @font-face
	{font-family:SimSun;
	panose-1:2 1 6 0 3 1 1 1 1 1;
	mso-font-alt:&#23435;&#20307;;
	mso-font-charset:134;
	mso-generic-font-family:auto;
	mso-font-pitch:variable;
	mso-font-signature:3 135135232 16 0 262145 0;}
@font-face
	{font-family:Tahoma;
	panose-1:2 11 6 4 3 5 4 4 2 4;
	mso-font-charset:0;
	mso-generic-font-family:swiss;
	mso-font-pitch:variable;
	mso-font-signature:1627421319 -2147483648 8 0 66047 0;}
@font-face
	{font-family:""Jameel Noori Nastaleeq"";
	panose-1:2 0 5 3 0 0 0 0 0 4;
	mso-font-alt:""Times New Roman"";
	mso-font-charset:0;
	mso-generic-font-family:auto;
	mso-font-pitch:variable;
	mso-font-signature:-2147475449 0 0 0 65 0;}
@font-face
	{font-family:""\@SimSun"";
	panose-1:2 1 6 0 3 1 1 1 1 1;
	mso-font-charset:134;
	mso-generic-font-family:auto;
	mso-font-pitch:variable;
	mso-font-signature:3 135135232 16 0 262145 0;}
 /* Style Definitions */
 p.MsoNormal, li.MsoNormal, div.MsoNormal
	{mso-style-parent:"""";
	margin:0cm;
	margin-bottom:.0001pt;
	text-align:justify;
	text-justify:kashida;
	text-kashida:0%;
	mso-pagination:widow-orphan;
	direction:rtl;
	unicode-bidi:embed;
	font-size:12.0pt;
	mso-bidi-font-size:10.0pt;
	font-family:Tahoma;
	mso-fareast-font-family:SimSun;}
@page Section1
	{size:612.0pt 792.0pt;
	margin:72.0pt 90.0pt 72.0pt 90.0pt;
	mso-header-margin:36.0pt;
	mso-footer-margin:36.0pt;
	mso-paper-source:0;}
div.Section1
	{page:Section1;}
-->
</style><!--[if gte mso 10]>
<style>
 /* Style Definitions */
 table.MsoNormalTable
	{mso-style-name:""Table Normal"";
	mso-tstyle-rowband-size:0;
	mso-tstyle-colband-size:0;
	mso-style-noshow:yes;
	mso-style-parent:"""";
	mso-padding-alt:0cm 5.4pt 0cm 5.4pt;
	mso-para-margin:0cm;
	mso-para-margin-bottom:.0001pt;
	mso-pagination:widow-orphan;
	font-size:10.0pt;
	font-family:""Times New Roman"";
	mso-ansi-language:#0400;
	mso-fareast-language:#0400;
	mso-bidi-language:#0400;}
</style>
<![endif]-->

<p class=""MsoNormal"" dir=""rtl""><span style=""font-family: &quot;Jameel Noori Nastaleeq&quot;;"" lang=""AR-SA"">عورت کا نماز میں سراً قرأت کرنا فرض ہے،
واجب ہے یا سنت؟ اگر وہ جہراً قرأت کرے تو سجدہ سہو ہے یا نہیں؟<o:p></o:p></span></p>

</h2>
							<p class=""fatwa_answer""><span class=""ans_urdu_id""> جواب نمبر: 13315</span><span style=""color:#efefef;display:none;"" class=""answer_date_urdu"">01-Sep-2020 : تاریخ اشاعت </span></p>
							<p>بسم الله الرحمن الرحيم</p>
							<p> <meta http-equiv=""Content-Type"" content=""text/html; charset=utf-8""><meta name=""ProgId"" content=""Word.Document""><meta name=""Generator"" content=""Microsoft Word 11""><meta name=""Originator"" content=""Microsoft Word 11""><link rel=""File-List"" href=""file:///G:\DOCUME~1\ADMINI~1\LOCALS~1\Temp\msohtml1\03\clip_filelist.xml""><!--[if gte mso 9]><xml>
 <w:WordDocument>
  <w:View>Normal</w:View>
  <w:Zoom>0</w:Zoom>
  <w:PunctuationKerning/>
  <w:ValidateAgainstSchemas/>
  <w:SaveIfXMLInvalid>false</w:SaveIfXMLInvalid>
  <w:IgnoreMixedContent>false</w:IgnoreMixedContent>
  <w:AlwaysShowPlaceholderText>false</w:AlwaysShowPlaceholderText>
  <w:Compatibility>
   <w:BreakWrappedTables/>
   <w:SnapToGridInCell/>
   <w:WrapTextWithPunct/>
   <w:UseAsianBreakRules/>
   <w:DontGrowAutofit/>
  </w:Compatibility>
  <w:BrowserLevel>MicrosoftInternetExplorer4</w:BrowserLevel>
 </w:WordDocument>
</xml><![endif]--><!--[if gte mso 9]><xml>
 <w:LatentStyles DefLockedState=""false"" LatentStyleCount=""156"">
 </w:LatentStyles>
</xml><![endif]--><style>
<!--
 /* Font Definitions */
 @font-face
	{font-family:SimSun;
	panose-1:2 1 6 0 3 1 1 1 1 1;
	mso-font-alt:&#23435;&#20307;;
	mso-font-charset:134;
	mso-generic-font-family:auto;
	mso-font-pitch:variable;
	mso-font-signature:3 135135232 16 0 262145 0;}
@font-face
	{font-family:Tahoma;
	panose-1:2 11 6 4 3 5 4 4 2 4;
	mso-font-charset:0;
	mso-generic-font-family:swiss;
	mso-font-pitch:variable;
	mso-font-signature:1627421319 -2147483648 8 0 66047 0;}
@font-face
	{font-family:""Jameel Noori Nastaleeq"";
	panose-1:2 0 5 3 0 0 0 0 0 4;
	mso-font-alt:""Times New Roman"";
	mso-font-charset:0;
	mso-generic-font-family:auto;
	mso-font-pitch:variable;
	mso-font-signature:-2147475449 0 0 0 65 0;}
@font-face
	{font-family:""\@SimSun"";
	panose-1:2 1 6 0 3 1 1 1 1 1;
	mso-font-charset:134;
	mso-generic-font-family:auto;
	mso-font-pitch:variable;
	mso-font-signature:3 135135232 16 0 262145 0;}
 /* Style Definitions */
 p.MsoNormal, li.MsoNormal, div.MsoNormal
	{mso-style-parent:"""";
	margin:0cm;
	margin-bottom:.0001pt;
	text-align:justify;
	text-justify:kashida;
	text-kashida:0%;
	mso-pagination:widow-orphan;
	direction:rtl;
	unicode-bidi:embed;
	font-size:12.0pt;
	mso-bidi-font-size:10.0pt;
	font-family:Tahoma;
	mso-fareast-font-family:SimSun;}
@page Section1
	{size:612.0pt 792.0pt;
	margin:72.0pt 90.0pt 72.0pt 90.0pt;
	mso-header-margin:36.0pt;
	mso-footer-margin:36.0pt;
	mso-paper-source:0;}
div.Section1
	{page:Section1;}
-->
</style><!--[if gte mso 10]>
<style>
 /* Style Definitions */
 table.MsoNormalTable
	{mso-style-name:""Table Normal"";
	mso-tstyle-rowband-size:0;
	mso-tstyle-colband-size:0;
	mso-style-noshow:yes;
	mso-style-parent:"""";
	mso-padding-alt:0cm 5.4pt 0cm 5.4pt;
	mso-para-margin:0cm;
	mso-para-margin-bottom:.0001pt;
	mso-pagination:widow-orphan;
	font-size:10.0pt;
	font-family:""Times New Roman"";
	mso-ansi-language:#0400;
	mso-fareast-language:#0400;
	mso-bidi-language:#0400;}
</style>
<![endif]-->

</p><p class=""MsoNormal"" dir=""rtl""><span style=""font-family: &quot;Jameel Noori Nastaleeq&quot;;"" lang=""AR-SA"">فتوی: 1038=879/د</span></p>

<p class=""MsoNormal"" dir=""rtl""><span style=""font-family: &quot;Jameel Noori Nastaleeq&quot;;"" lang=""AR-SA""><o:p>&nbsp;</o:p></span></p>

<p class=""MsoNormal"" dir=""rtl""><span style=""font-family: &quot;Jameel Noori Nastaleeq&quot;;"" lang=""AR-SA"">عورت کے لیے نماز میں سرًّا قراء ت کرنا
چاہیے، اگر جہری نماز میں وہ جہراً قراء ت کرتی ہے تو یہ ممنوع ہے، او راگر اس کی
آواز غیرمحرم تک پہنچے تو گناہ گار ہوگی، لیکن نماز صحیح ہوجائے گی اور سجدہٴ سہو
لازم نہیں ہوگا۔ </span></p>

<p></p> 
							<br>
							<span style=""font-size:1.2em"">
								<p><strong>واللہ تعالیٰ اعلم</strong></p>
								<br class=""clear"">
								<p><strong>دارالافتاء،</strong><br>دارالعلوم دیوبند</p>
							</span>
						</li>
											</ul>
				</div>"
https://darulifta-deoband.com/home/ur/salah-prayer/13293,کیا کہتے ہیں مفتیان کرام اس بارے میں کہ اگر کوئی عام آدمی کسی شخص کو نماز پڑھتے ہوئے دیکھے کہ وہ سجدے اور رکوع صحیح نہیں ادا کر رہا ہے یا تیز نماز پڑھ رہا ہے تو اس بارے میں کیا حکم ہے وہ شخص دوسرے شخص کو سمجھائے یا کسی عالم دین کو بتائے کہ وہ اس کی اصلاح کریں؟ اس شخص پر کیا ذمہ داری آتی ہے؟,"<h2><u> سوال: </u> <meta http-equiv=""Content-Type"" content=""text/html; charset=utf-8""><meta name=""ProgId"" content=""Word.Document""><meta name=""Generator"" content=""Microsoft Word 11""><meta name=""Originator"" content=""Microsoft Word 11""><link rel=""File-List"" href=""file:///G:\DOCUME~1\ADMINI~1\LOCALS~1\Temp\msohtml1\01\clip_filelist.xml""><!--[if gte mso 9]><xml>
 <w:WordDocument>
  <w:View>Normal</w:View>
  <w:Zoom>0</w:Zoom>
  <w:PunctuationKerning/>
  <w:ValidateAgainstSchemas/>
  <w:SaveIfXMLInvalid>false</w:SaveIfXMLInvalid>
  <w:IgnoreMixedContent>false</w:IgnoreMixedContent>
  <w:AlwaysShowPlaceholderText>false</w:AlwaysShowPlaceholderText>
  <w:Compatibility>
   <w:BreakWrappedTables/>
   <w:SnapToGridInCell/>
   <w:WrapTextWithPunct/>
   <w:UseAsianBreakRules/>
   <w:DontGrowAutofit/>
  </w:Compatibility>
  <w:BrowserLevel>MicrosoftInternetExplorer4</w:BrowserLevel>
 </w:WordDocument>
</xml><![endif]--><!--[if gte mso 9]><xml>
 <w:LatentStyles DefLockedState=""false"" LatentStyleCount=""156"">
 </w:LatentStyles>
</xml><![endif]--><style>
<!--
 /* Font Definitions */
 @font-face
	{font-family:SimSun;
	panose-1:2 1 6 0 3 1 1 1 1 1;
	mso-font-alt:&#23435;&#20307;;
	mso-font-charset:134;
	mso-generic-font-family:auto;
	mso-font-pitch:variable;
	mso-font-signature:3 135135232 16 0 262145 0;}
@font-face
	{font-family:Tahoma;
	panose-1:2 11 6 4 3 5 4 4 2 4;
	mso-font-charset:0;
	mso-generic-font-family:swiss;
	mso-font-pitch:variable;
	mso-font-signature:1627421319 -2147483648 8 0 66047 0;}
@font-face
	{font-family:""Jameel Noori Nastaleeq"";
	panose-1:2 0 5 3 0 0 0 0 0 4;
	mso-font-charset:0;
	mso-generic-font-family:auto;
	mso-font-pitch:variable;
	mso-font-signature:-2147475449 0 0 0 65 0;}
@font-face
	{font-family:""\@SimSun"";
	panose-1:2 1 6 0 3 1 1 1 1 1;
	mso-font-charset:134;
	mso-generic-font-family:auto;
	mso-font-pitch:variable;
	mso-font-signature:3 135135232 16 0 262145 0;}
 /* Style Definitions */
 p.MsoNormal, li.MsoNormal, div.MsoNormal
	{mso-style-parent:"""";
	margin:0cm;
	margin-bottom:.0001pt;
	text-align:justify;
	text-justify:kashida;
	text-kashida:0%;
	mso-pagination:widow-orphan;
	direction:rtl;
	unicode-bidi:embed;
	font-size:12.0pt;
	mso-bidi-font-size:10.0pt;
	font-family:Tahoma;
	mso-fareast-font-family:SimSun;}
@page Section1
	{size:612.0pt 792.0pt;
	margin:72.0pt 90.0pt 72.0pt 90.0pt;
	mso-header-margin:36.0pt;
	mso-footer-margin:36.0pt;
	mso-paper-source:0;}
div.Section1
	{page:Section1;}
-->
</style><!--[if gte mso 10]>
<style>
 /* Style Definitions */
 table.MsoNormalTable
	{mso-style-name:""Table Normal"";
	mso-tstyle-rowband-size:0;
	mso-tstyle-colband-size:0;
	mso-style-noshow:yes;
	mso-style-parent:"""";
	mso-padding-alt:0cm 5.4pt 0cm 5.4pt;
	mso-para-margin:0cm;
	mso-para-margin-bottom:.0001pt;
	mso-pagination:widow-orphan;
	font-size:10.0pt;
	font-family:""Times New Roman"";
	mso-ansi-language:#0400;
	mso-fareast-language:#0400;
	mso-bidi-language:#0400;}
</style>
<![endif]-->

<p class=""MsoNormal"" dir=""rtl""><span style=""font-family: &quot;Jameel Noori Nastaleeq&quot;;"" lang=""AR-SA"">کیا کہتے ہیں
مفتیان کرام اس بارے میں کہ اگر کوئی عام آدمی کسی شخص کو نماز پڑھتے ہوئے دیکھے
کہ وہ سجدے اور رکوع صحیح نہیں ادا کر رہا ہے یا تیز نماز پڑھ رہا ہے تو اس بارے
میں کیا حکم ہے وہ شخص دوسرے شخص کو سمجھائے یا کسی عالم دین کو بتائے کہ وہ اس کی
اصلاح کریں؟ اس شخص پر کیا ذمہ داری آتی ہے؟<o:p></o:p></span></p>

</h2>","<p>بسم الله الرحمن الرحيم</p><p> <meta http-equiv=""Content-Type"" content=""text/html; charset=utf-8""><meta name=""ProgId"" content=""Word.Document""><meta name=""Generator"" content=""Microsoft Word 11""><meta name=""Originator"" content=""Microsoft Word 11""><link rel=""File-List"" href=""file:///G:\DOCUME~1\ADMINI~1\LOCALS~1\Temp\msohtml1\01\clip_filelist.xml""><!--[if gte mso 9]><xml>
 <w:WordDocument>
  <w:View>Normal</w:View>
  <w:Zoom>0</w:Zoom>
  <w:PunctuationKerning/>
  <w:ValidateAgainstSchemas/>
  <w:SaveIfXMLInvalid>false</w:SaveIfXMLInvalid>
  <w:IgnoreMixedContent>false</w:IgnoreMixedContent>
  <w:AlwaysShowPlaceholderText>false</w:AlwaysShowPlaceholderText>
  <w:Compatibility>
   <w:BreakWrappedTables/>
   <w:SnapToGridInCell/>
   <w:WrapTextWithPunct/>
   <w:UseAsianBreakRules/>
   <w:DontGrowAutofit/>
  </w:Compatibility>
  <w:BrowserLevel>MicrosoftInternetExplorer4</w:BrowserLevel>
 </w:WordDocument>
</xml><![endif]--><!--[if gte mso 9]><xml>
 <w:LatentStyles DefLockedState=""false"" LatentStyleCount=""156"">
 </w:LatentStyles>
</xml><![endif]--><style>
<!--
 /* Font Definitions */
 @font-face
	{font-family:SimSun;
	panose-1:2 1 6 0 3 1 1 1 1 1;
	mso-font-alt:&#23435;&#20307;;
	mso-font-charset:134;
	mso-generic-font-family:auto;
	mso-font-pitch:variable;
	mso-font-signature:3 135135232 16 0 262145 0;}
@font-face
	{font-family:Tahoma;
	panose-1:2 11 6 4 3 5 4 4 2 4;
	mso-font-charset:0;
	mso-generic-font-family:swiss;
	mso-font-pitch:variable;
	mso-font-signature:1627421319 -2147483648 8 0 66047 0;}
@font-face
	{font-family:""Jameel Noori Nastaleeq"";
	panose-1:2 0 5 3 0 0 0 0 0 4;
	mso-font-charset:0;
	mso-generic-font-family:auto;
	mso-font-pitch:variable;
	mso-font-signature:-2147475449 0 0 0 65 0;}
@font-face
	{font-family:""\@SimSun"";
	panose-1:2 1 6 0 3 1 1 1 1 1;
	mso-font-charset:134;
	mso-generic-font-family:auto;
	mso-font-pitch:variable;
	mso-font-signature:3 135135232 16 0 262145 0;}
 /* Style Definitions */
 p.MsoNormal, li.MsoNormal, div.MsoNormal
	{mso-style-parent:"""";
	margin:0cm;
	margin-bottom:.0001pt;
	text-align:justify;
	text-justify:kashida;
	text-kashida:0%;
	mso-pagination:widow-orphan;
	direction:rtl;
	unicode-bidi:embed;
	font-size:12.0pt;
	mso-bidi-font-size:10.0pt;
	font-family:Tahoma;
	mso-fareast-font-family:SimSun;}
@page Section1
	{size:612.0pt 792.0pt;
	margin:72.0pt 90.0pt 72.0pt 90.0pt;
	mso-header-margin:36.0pt;
	mso-footer-margin:36.0pt;
	mso-paper-source:0;}
div.Section1
	{page:Section1;}
-->
</style><!--[if gte mso 10]>
<style>
 /* Style Definitions */
 table.MsoNormalTable
	{mso-style-name:""Table Normal"";
	mso-tstyle-rowband-size:0;
	mso-tstyle-colband-size:0;
	mso-style-noshow:yes;
	mso-style-parent:"""";
	mso-padding-alt:0cm 5.4pt 0cm 5.4pt;
	mso-para-margin:0cm;
	mso-para-margin-bottom:.0001pt;
	mso-pagination:widow-orphan;
	font-size:10.0pt;
	font-family:""Times New Roman"";
	mso-ansi-language:#0400;
	mso-fareast-language:#0400;
	mso-bidi-language:#0400;}
</style>
<![endif]-->

</p><p class=""MsoNormal"" dir=""rtl""><span style=""font-family: &quot;Jameel Noori Nastaleeq&quot;;"" lang=""AR-SA"">فتوی:
1011=860/ھ</span></p><p class=""MsoNormal"" dir=""rtl""><span style=""font-family: &quot;Jameel Noori Nastaleeq&quot;;"" lang=""AR-SA""><o:p>&nbsp;</o:p></span></p><p class=""MsoNormal"" dir=""rtl""><span style=""font-family: &quot;Jameel Noori Nastaleeq&quot;;"" lang=""AR-SA"">بہتر تو یہی ہے
کہ نرمی حکمت سے خود ہی متوجہ کرائے لیکن اگر اس کی تعلیم سے اس کے ناگواری کا
اندیشہ ہو یا یہ خود آداب تعلیم کی رعایت نہ کرسکے گا اور کوئی عالم دین وہاں
موجود بھی ہے تو ایسی صورت میں عالم دین کو اس امر کی طرف توجہ کرائے تاکہ عالم
دین خطاب خاص یا خطاب عام کے ذریعہ مناسب انداز پر توجہ کرائیں۔</span></p><p></p><br><span style=""font-size:1.2em"">
								<p><strong>واللہ تعالیٰ اعلم</strong></p>
								<br class=""clear"">
								<p><strong>دارالافتاء،</strong><br>دارالعلوم دیوبند</p>
							</span>",01-Sep-2020,13293,darulifta-deoband.com,عبادات,صلاة (نماز),"<div id=""recent_fatwas"" class=""container tab-pane active""><br>
					<ul class=""answer_detail"">
												<li>
																					<div class=""cate_sec"">
								<p class=""category_name"">
									<span>
										عبادات									</span> 
									&gt;&gt; 
									<span>
																		<a href=""https://darulifta-deoband.com/ur/category/n-a/MTk="">صلاة (نماز)</a>
									</span>
								</p>
								<p class=""quesid""><span class=""anser_id_urdu""> سوال نمبر: 13293</span><!--<span class=""country_urdu"">  : ملک</span> --></p>
							</div>
							<h2><u> عنوان:</u> <meta http-equiv=""Content-Type"" content=""text/html; charset=utf-8""><meta name=""ProgId"" content=""Word.Document""><meta name=""Generator"" content=""Microsoft Word 11""><meta name=""Originator"" content=""Microsoft Word 11""><link rel=""File-List"" href=""file:///G:\DOCUME~1\ADMINI~1\LOCALS~1\Temp\msohtml1\01\clip_filelist.xml""><!--[if gte mso 9]><xml>
 <w:WordDocument>
  <w:View>Normal</w:View>
  <w:Zoom>0</w:Zoom>
  <w:PunctuationKerning/>
  <w:ValidateAgainstSchemas/>
  <w:SaveIfXMLInvalid>false</w:SaveIfXMLInvalid>
  <w:IgnoreMixedContent>false</w:IgnoreMixedContent>
  <w:AlwaysShowPlaceholderText>false</w:AlwaysShowPlaceholderText>
  <w:Compatibility>
   <w:BreakWrappedTables/>
   <w:SnapToGridInCell/>
   <w:WrapTextWithPunct/>
   <w:UseAsianBreakRules/>
   <w:DontGrowAutofit/>
  </w:Compatibility>
  <w:BrowserLevel>MicrosoftInternetExplorer4</w:BrowserLevel>
 </w:WordDocument>
</xml><![endif]--><!--[if gte mso 9]><xml>
 <w:LatentStyles DefLockedState=""false"" LatentStyleCount=""156"">
 </w:LatentStyles>
</xml><![endif]--><style>
<!--
 /* Font Definitions */
 @font-face
	{font-family:SimSun;
	panose-1:2 1 6 0 3 1 1 1 1 1;
	mso-font-alt:&#23435;&#20307;;
	mso-font-charset:134;
	mso-generic-font-family:auto;
	mso-font-pitch:variable;
	mso-font-signature:3 135135232 16 0 262145 0;}
@font-face
	{font-family:Tahoma;
	panose-1:2 11 6 4 3 5 4 4 2 4;
	mso-font-charset:0;
	mso-generic-font-family:swiss;
	mso-font-pitch:variable;
	mso-font-signature:1627421319 -2147483648 8 0 66047 0;}
@font-face
	{font-family:""Jameel Noori Nastaleeq"";
	panose-1:2 0 5 3 0 0 0 0 0 4;
	mso-font-charset:0;
	mso-generic-font-family:auto;
	mso-font-pitch:variable;
	mso-font-signature:-2147475449 0 0 0 65 0;}
@font-face
	{font-family:""\@SimSun"";
	panose-1:2 1 6 0 3 1 1 1 1 1;
	mso-font-charset:134;
	mso-generic-font-family:auto;
	mso-font-pitch:variable;
	mso-font-signature:3 135135232 16 0 262145 0;}
 /* Style Definitions */
 p.MsoNormal, li.MsoNormal, div.MsoNormal
	{mso-style-parent:"""";
	margin:0cm;
	margin-bottom:.0001pt;
	text-align:justify;
	text-justify:kashida;
	text-kashida:0%;
	mso-pagination:widow-orphan;
	direction:rtl;
	unicode-bidi:embed;
	font-size:12.0pt;
	mso-bidi-font-size:10.0pt;
	font-family:Tahoma;
	mso-fareast-font-family:SimSun;}
@page Section1
	{size:612.0pt 792.0pt;
	margin:72.0pt 90.0pt 72.0pt 90.0pt;
	mso-header-margin:36.0pt;
	mso-footer-margin:36.0pt;
	mso-paper-source:0;}
div.Section1
	{page:Section1;}
-->
</style><!--[if gte mso 10]>
<style>
 /* Style Definitions */
 table.MsoNormalTable
	{mso-style-name:""Table Normal"";
	mso-tstyle-rowband-size:0;
	mso-tstyle-colband-size:0;
	mso-style-noshow:yes;
	mso-style-parent:"""";
	mso-padding-alt:0cm 5.4pt 0cm 5.4pt;
	mso-para-margin:0cm;
	mso-para-margin-bottom:.0001pt;
	mso-pagination:widow-orphan;
	font-size:10.0pt;
	font-family:""Times New Roman"";
	mso-ansi-language:#0400;
	mso-fareast-language:#0400;
	mso-bidi-language:#0400;}
</style>
<![endif]-->

<p class=""MsoNormal"" dir=""rtl""><span style=""font-family: &quot;Jameel Noori Nastaleeq&quot;;"" lang=""AR-SA"">کیا کہتے ہیں
مفتیان کرام اس بارے میں کہ اگر کوئی عام آدمی کسی شخص کو نماز پڑھتے ہوئے دیکھے
کہ وہ سجدے اور رکوع صحیح نہیں ادا کر رہا ہے یا تیز نماز پڑھ رہا ہے تو اس بارے
میں کیا حکم ہے وہ شخص دوسرے شخص کو سمجھائے یا کسی عالم دین کو بتائے کہ وہ اس کی
اصلاح کریں؟ اس شخص پر کیا ذمہ داری آتی ہے؟<o:p></o:p></span></p>

</h2>
							<h2><u> سوال: </u> <meta http-equiv=""Content-Type"" content=""text/html; charset=utf-8""><meta name=""ProgId"" content=""Word.Document""><meta name=""Generator"" content=""Microsoft Word 11""><meta name=""Originator"" content=""Microsoft Word 11""><link rel=""File-List"" href=""file:///G:\DOCUME~1\ADMINI~1\LOCALS~1\Temp\msohtml1\01\clip_filelist.xml""><!--[if gte mso 9]><xml>
 <w:WordDocument>
  <w:View>Normal</w:View>
  <w:Zoom>0</w:Zoom>
  <w:PunctuationKerning/>
  <w:ValidateAgainstSchemas/>
  <w:SaveIfXMLInvalid>false</w:SaveIfXMLInvalid>
  <w:IgnoreMixedContent>false</w:IgnoreMixedContent>
  <w:AlwaysShowPlaceholderText>false</w:AlwaysShowPlaceholderText>
  <w:Compatibility>
   <w:BreakWrappedTables/>
   <w:SnapToGridInCell/>
   <w:WrapTextWithPunct/>
   <w:UseAsianBreakRules/>
   <w:DontGrowAutofit/>
  </w:Compatibility>
  <w:BrowserLevel>MicrosoftInternetExplorer4</w:BrowserLevel>
 </w:WordDocument>
</xml><![endif]--><!--[if gte mso 9]><xml>
 <w:LatentStyles DefLockedState=""false"" LatentStyleCount=""156"">
 </w:LatentStyles>
</xml><![endif]--><style>
<!--
 /* Font Definitions */
 @font-face
	{font-family:SimSun;
	panose-1:2 1 6 0 3 1 1 1 1 1;
	mso-font-alt:&#23435;&#20307;;
	mso-font-charset:134;
	mso-generic-font-family:auto;
	mso-font-pitch:variable;
	mso-font-signature:3 135135232 16 0 262145 0;}
@font-face
	{font-family:Tahoma;
	panose-1:2 11 6 4 3 5 4 4 2 4;
	mso-font-charset:0;
	mso-generic-font-family:swiss;
	mso-font-pitch:variable;
	mso-font-signature:1627421319 -2147483648 8 0 66047 0;}
@font-face
	{font-family:""Jameel Noori Nastaleeq"";
	panose-1:2 0 5 3 0 0 0 0 0 4;
	mso-font-charset:0;
	mso-generic-font-family:auto;
	mso-font-pitch:variable;
	mso-font-signature:-2147475449 0 0 0 65 0;}
@font-face
	{font-family:""\@SimSun"";
	panose-1:2 1 6 0 3 1 1 1 1 1;
	mso-font-charset:134;
	mso-generic-font-family:auto;
	mso-font-pitch:variable;
	mso-font-signature:3 135135232 16 0 262145 0;}
 /* Style Definitions */
 p.MsoNormal, li.MsoNormal, div.MsoNormal
	{mso-style-parent:"""";
	margin:0cm;
	margin-bottom:.0001pt;
	text-align:justify;
	text-justify:kashida;
	text-kashida:0%;
	mso-pagination:widow-orphan;
	direction:rtl;
	unicode-bidi:embed;
	font-size:12.0pt;
	mso-bidi-font-size:10.0pt;
	font-family:Tahoma;
	mso-fareast-font-family:SimSun;}
@page Section1
	{size:612.0pt 792.0pt;
	margin:72.0pt 90.0pt 72.0pt 90.0pt;
	mso-header-margin:36.0pt;
	mso-footer-margin:36.0pt;
	mso-paper-source:0;}
div.Section1
	{page:Section1;}
-->
</style><!--[if gte mso 10]>
<style>
 /* Style Definitions */
 table.MsoNormalTable
	{mso-style-name:""Table Normal"";
	mso-tstyle-rowband-size:0;
	mso-tstyle-colband-size:0;
	mso-style-noshow:yes;
	mso-style-parent:"""";
	mso-padding-alt:0cm 5.4pt 0cm 5.4pt;
	mso-para-margin:0cm;
	mso-para-margin-bottom:.0001pt;
	mso-pagination:widow-orphan;
	font-size:10.0pt;
	font-family:""Times New Roman"";
	mso-ansi-language:#0400;
	mso-fareast-language:#0400;
	mso-bidi-language:#0400;}
</style>
<![endif]-->

<p class=""MsoNormal"" dir=""rtl""><span style=""font-family: &quot;Jameel Noori Nastaleeq&quot;;"" lang=""AR-SA"">کیا کہتے ہیں
مفتیان کرام اس بارے میں کہ اگر کوئی عام آدمی کسی شخص کو نماز پڑھتے ہوئے دیکھے
کہ وہ سجدے اور رکوع صحیح نہیں ادا کر رہا ہے یا تیز نماز پڑھ رہا ہے تو اس بارے
میں کیا حکم ہے وہ شخص دوسرے شخص کو سمجھائے یا کسی عالم دین کو بتائے کہ وہ اس کی
اصلاح کریں؟ اس شخص پر کیا ذمہ داری آتی ہے؟<o:p></o:p></span></p>

</h2>
							<p class=""fatwa_answer""><span class=""ans_urdu_id""> جواب نمبر: 13293</span><span style=""color:#efefef;display:none;"" class=""answer_date_urdu"">01-Sep-2020 : تاریخ اشاعت </span></p>
							<p>بسم الله الرحمن الرحيم</p>
							<p> <meta http-equiv=""Content-Type"" content=""text/html; charset=utf-8""><meta name=""ProgId"" content=""Word.Document""><meta name=""Generator"" content=""Microsoft Word 11""><meta name=""Originator"" content=""Microsoft Word 11""><link rel=""File-List"" href=""file:///G:\DOCUME~1\ADMINI~1\LOCALS~1\Temp\msohtml1\01\clip_filelist.xml""><!--[if gte mso 9]><xml>
 <w:WordDocument>
  <w:View>Normal</w:View>
  <w:Zoom>0</w:Zoom>
  <w:PunctuationKerning/>
  <w:ValidateAgainstSchemas/>
  <w:SaveIfXMLInvalid>false</w:SaveIfXMLInvalid>
  <w:IgnoreMixedContent>false</w:IgnoreMixedContent>
  <w:AlwaysShowPlaceholderText>false</w:AlwaysShowPlaceholderText>
  <w:Compatibility>
   <w:BreakWrappedTables/>
   <w:SnapToGridInCell/>
   <w:WrapTextWithPunct/>
   <w:UseAsianBreakRules/>
   <w:DontGrowAutofit/>
  </w:Compatibility>
  <w:BrowserLevel>MicrosoftInternetExplorer4</w:BrowserLevel>
 </w:WordDocument>
</xml><![endif]--><!--[if gte mso 9]><xml>
 <w:LatentStyles DefLockedState=""false"" LatentStyleCount=""156"">
 </w:LatentStyles>
</xml><![endif]--><style>
<!--
 /* Font Definitions */
 @font-face
	{font-family:SimSun;
	panose-1:2 1 6 0 3 1 1 1 1 1;
	mso-font-alt:&#23435;&#20307;;
	mso-font-charset:134;
	mso-generic-font-family:auto;
	mso-font-pitch:variable;
	mso-font-signature:3 135135232 16 0 262145 0;}
@font-face
	{font-family:Tahoma;
	panose-1:2 11 6 4 3 5 4 4 2 4;
	mso-font-charset:0;
	mso-generic-font-family:swiss;
	mso-font-pitch:variable;
	mso-font-signature:1627421319 -2147483648 8 0 66047 0;}
@font-face
	{font-family:""Jameel Noori Nastaleeq"";
	panose-1:2 0 5 3 0 0 0 0 0 4;
	mso-font-charset:0;
	mso-generic-font-family:auto;
	mso-font-pitch:variable;
	mso-font-signature:-2147475449 0 0 0 65 0;}
@font-face
	{font-family:""\@SimSun"";
	panose-1:2 1 6 0 3 1 1 1 1 1;
	mso-font-charset:134;
	mso-generic-font-family:auto;
	mso-font-pitch:variable;
	mso-font-signature:3 135135232 16 0 262145 0;}
 /* Style Definitions */
 p.MsoNormal, li.MsoNormal, div.MsoNormal
	{mso-style-parent:"""";
	margin:0cm;
	margin-bottom:.0001pt;
	text-align:justify;
	text-justify:kashida;
	text-kashida:0%;
	mso-pagination:widow-orphan;
	direction:rtl;
	unicode-bidi:embed;
	font-size:12.0pt;
	mso-bidi-font-size:10.0pt;
	font-family:Tahoma;
	mso-fareast-font-family:SimSun;}
@page Section1
	{size:612.0pt 792.0pt;
	margin:72.0pt 90.0pt 72.0pt 90.0pt;
	mso-header-margin:36.0pt;
	mso-footer-margin:36.0pt;
	mso-paper-source:0;}
div.Section1
	{page:Section1;}
-->
</style><!--[if gte mso 10]>
<style>
 /* Style Definitions */
 table.MsoNormalTable
	{mso-style-name:""Table Normal"";
	mso-tstyle-rowband-size:0;
	mso-tstyle-colband-size:0;
	mso-style-noshow:yes;
	mso-style-parent:"""";
	mso-padding-alt:0cm 5.4pt 0cm 5.4pt;
	mso-para-margin:0cm;
	mso-para-margin-bottom:.0001pt;
	mso-pagination:widow-orphan;
	font-size:10.0pt;
	font-family:""Times New Roman"";
	mso-ansi-language:#0400;
	mso-fareast-language:#0400;
	mso-bidi-language:#0400;}
</style>
<![endif]-->

</p><p class=""MsoNormal"" dir=""rtl""><span style=""font-family: &quot;Jameel Noori Nastaleeq&quot;;"" lang=""AR-SA"">فتوی:
1011=860/ھ</span></p>

<p class=""MsoNormal"" dir=""rtl""><span style=""font-family: &quot;Jameel Noori Nastaleeq&quot;;"" lang=""AR-SA""><o:p>&nbsp;</o:p></span></p>

<p class=""MsoNormal"" dir=""rtl""><span style=""font-family: &quot;Jameel Noori Nastaleeq&quot;;"" lang=""AR-SA"">بہتر تو یہی ہے
کہ نرمی حکمت سے خود ہی متوجہ کرائے لیکن اگر اس کی تعلیم سے اس کے ناگواری کا
اندیشہ ہو یا یہ خود آداب تعلیم کی رعایت نہ کرسکے گا اور کوئی عالم دین وہاں
موجود بھی ہے تو ایسی صورت میں عالم دین کو اس امر کی طرف توجہ کرائے تاکہ عالم
دین خطاب خاص یا خطاب عام کے ذریعہ مناسب انداز پر توجہ کرائیں۔</span></p>

<p></p> 
							<br>
							<span style=""font-size:1.2em"">
								<p><strong>واللہ تعالیٰ اعلم</strong></p>
								<br class=""clear"">
								<p><strong>دارالافتاء،</strong><br>دارالعلوم دیوبند</p>
							</span>
						</li>
											</ul>
				</div>"
https://darulifta-deoband.com/home/ur/salah-prayer/13246,کسی شخص کے ذمہ اگر بہت ساری نمازیں باقی ہوں اور وہ اس کو ادا کرنے کا ارادہ رکھتا ہو تو کیا قضاء نمازوں میں شروع میں ثناء چھوڑ دینا، رکوع و سجود میں ایک مرتبہ تسبیح پڑھنا، اور تشہد کے بعد (درود شریف ودعا پڑھے بغیر)سلام پھیرلینا درست ہوگا یا نہیں؟ ۲) اگر ایک دن میں صرف فجر کی ہی قضاء نمازیں دس ، پندرہ دن کی پڑھ لے اور باقی نمازیں جیسے ظہر ، عصر ، مغرب اور عشاء کی نہ پڑھے تو کیا اس ترتیب کے ساتھ کہ جب فجر کی قضاء نمازیں مکمل ہوں گی اس کے بعد باقی ظہر، پھر عصرپھر مغرب اور پھر عشاء کی قضاء پڑھوں گا، درست ہوگا یا نہیں؟یا پہلے صرف عشاء کی قضاء نمازیں بمع وتر پڑھے اور اسی ترتیب سے بعد میں ظہر، پھر مغرب اور پھر فجر یعنی بے ترتیب پڑھ سکتا ہے یا نہیں؟ ۳) نیز اکابرین اس بارے میں کیا فرماتے ہیں کہ بہتر طریقہ کون سا ہوگا جس پر قضاء نمازوں کی ادائیگی سہولت کے ساتھ ہوجائے اور وقت بھی کم سے کم لگے، کیوں کہ بعض حضرات زندگی کی بے ثباتی کی بناء پر جلد سے جلد اس ذمہ داری سے سبکدوش ہونا چاہتے ہیں اور ایک نشست میں کئی قضاء نمازیں ادا کرنا چاہتے ہیں جس میں کافی وقت صرف ہوگا۔ ازراہِ کرم شریعت مطہرہ کی روشنی میں مفصل جواب عنایت فرماکر ممنون فرمائیں۔ جزاک اللہ احسن الجزاء,"<h2><u> سوال: </u> <meta http-equiv=""Content-Type"" content=""text/html; charset=utf-8""><meta name=""ProgId"" content=""Word.Document""><meta name=""Generator"" content=""Microsoft Word 11""><meta name=""Originator"" content=""Microsoft Word 11""><link rel=""File-List"" href=""file:///G:\DOCUME~1\ADMINI~1\LOCALS~1\Temp\msohtml1\01\clip_filelist.xml""><!--[if gte mso 9]><xml>
 <w:WordDocument>
  <w:View>Normal</w:View>
  <w:Zoom>0</w:Zoom>
  <w:PunctuationKerning/>
  <w:ValidateAgainstSchemas/>
  <w:SaveIfXMLInvalid>false</w:SaveIfXMLInvalid>
  <w:IgnoreMixedContent>false</w:IgnoreMixedContent>
  <w:AlwaysShowPlaceholderText>false</w:AlwaysShowPlaceholderText>
  <w:Compatibility>
   <w:BreakWrappedTables/>
   <w:SnapToGridInCell/>
   <w:WrapTextWithPunct/>
   <w:UseAsianBreakRules/>
   <w:DontGrowAutofit/>
  </w:Compatibility>
  <w:BrowserLevel>MicrosoftInternetExplorer4</w:BrowserLevel>
 </w:WordDocument>
</xml><![endif]--><!--[if gte mso 9]><xml>
 <w:LatentStyles DefLockedState=""false"" LatentStyleCount=""156"">
 </w:LatentStyles>
</xml><![endif]--><style>
<!--
 /* Font Definitions */
 @font-face
	{font-family:SimSun;
	panose-1:2 1 6 0 3 1 1 1 1 1;
	mso-font-alt:&#23435;&#20307;;
	mso-font-charset:134;
	mso-generic-font-family:auto;
	mso-font-pitch:variable;
	mso-font-signature:3 135135232 16 0 262145 0;}
@font-face
	{font-family:Tahoma;
	panose-1:2 11 6 4 3 5 4 4 2 4;
	mso-font-charset:0;
	mso-generic-font-family:swiss;
	mso-font-pitch:variable;
	mso-font-signature:1627421319 -2147483648 8 0 66047 0;}
@font-face
	{font-family:""Jameel Noori Nastaleeq"";
	panose-1:2 0 5 3 0 0 0 0 0 4;
	mso-font-charset:0;
	mso-generic-font-family:auto;
	mso-font-pitch:variable;
	mso-font-signature:-2147475449 0 0 0 65 0;}
@font-face
	{font-family:""\@SimSun"";
	panose-1:2 1 6 0 3 1 1 1 1 1;
	mso-font-charset:134;
	mso-generic-font-family:auto;
	mso-font-pitch:variable;
	mso-font-signature:3 135135232 16 0 262145 0;}
 /* Style Definitions */
 p.MsoNormal, li.MsoNormal, div.MsoNormal
	{mso-style-parent:"""";
	margin:0cm;
	margin-bottom:.0001pt;
	text-align:justify;
	text-justify:kashida;
	text-kashida:0%;
	mso-pagination:widow-orphan;
	direction:rtl;
	unicode-bidi:embed;
	font-size:12.0pt;
	mso-bidi-font-size:10.0pt;
	font-family:Tahoma;
	mso-fareast-font-family:SimSun;}
@page Section1
	{size:612.0pt 792.0pt;
	margin:72.0pt 90.0pt 72.0pt 90.0pt;
	mso-header-margin:36.0pt;
	mso-footer-margin:36.0pt;
	mso-paper-source:0;}
div.Section1
	{page:Section1;}
-->
</style><!--[if gte mso 10]>
<style>
 /* Style Definitions */
 table.MsoNormalTable
	{mso-style-name:""Table Normal"";
	mso-tstyle-rowband-size:0;
	mso-tstyle-colband-size:0;
	mso-style-noshow:yes;
	mso-style-parent:"""";
	mso-padding-alt:0cm 5.4pt 0cm 5.4pt;
	mso-para-margin:0cm;
	mso-para-margin-bottom:.0001pt;
	mso-pagination:widow-orphan;
	font-size:10.0pt;
	font-family:""Times New Roman"";
	mso-ansi-language:#0400;
	mso-fareast-language:#0400;
	mso-bidi-language:#0400;}
</style>
<![endif]-->

<p class=""MsoNormal"" dir=""rtl""><span style=""font-family: &quot;Jameel Noori Nastaleeq&quot;;"" lang=""AR-SA"">کسی شخص کے ذمہ
اگر بہت ساری نمازیں باقی ہوں اور وہ اس کو ادا کرنے کا</span><span dir=""ltr""></span><span dir=""ltr""></span><span dir=""ltr"" style=""font-size: 14pt; font-family: &quot;Jameel Noori Nastaleeq&quot;;"" lang=""AR-SA""><span dir=""ltr""></span><span dir=""ltr""></span> </span><span style=""font-family: &quot;Jameel Noori Nastaleeq&quot;;"" lang=""AR-SA"">ارادہ رکھتا ہو
تو کیا قضاء نمازوں میں شروع میں ثناء چھوڑ دینا، رکوع و</span><span dir=""ltr""></span><span dir=""ltr""></span><span dir=""ltr"" style=""font-size: 14pt; font-family: &quot;Jameel Noori Nastaleeq&quot;;"" lang=""AR-SA""><span dir=""ltr""></span><span dir=""ltr""></span> </span><span style=""font-family: &quot;Jameel Noori Nastaleeq&quot;;"" lang=""AR-SA"">سجود میں ایک
مرتبہ تسبیح پڑھنا، اور تشہد کے بعد (درود شریف ودعا پڑھے</span><span dir=""ltr""></span><span dir=""ltr""></span><span dir=""ltr"" style=""font-size: 14pt; font-family: &quot;Jameel Noori Nastaleeq&quot;;"" lang=""AR-SA""><span dir=""ltr""></span><span dir=""ltr""></span> </span><span style=""font-family: &quot;Jameel Noori Nastaleeq&quot;;"" lang=""AR-SA"">بغیر)سلام
پھیرلینا درست ہوگا یا نہیں؟</span><span dir=""ltr""></span><span dir=""ltr""></span><span dir=""ltr"" style=""font-size: 14pt; font-family: &quot;Jameel Noori Nastaleeq&quot;;"" lang=""AR-SA""><span dir=""ltr""></span><span dir=""ltr""></span>
</span><span dir=""rtl""></span><span dir=""rtl""></span><span style=""font-family: &quot;Jameel Noori Nastaleeq&quot;;"" lang=""FA""><span dir=""rtl""></span><span dir=""rtl""></span>۲</span><span dir=""ltr""></span><span dir=""ltr""></span><span dir=""ltr"" style=""font-size: 14pt; font-family: &quot;Jameel Noori Nastaleeq&quot;;""><span dir=""ltr""></span><span dir=""ltr""></span>) </span><span style=""font-family: &quot;Jameel Noori Nastaleeq&quot;;"" lang=""AR-SA"">اگر ایک دن میں
صرف فجر کی ہی قضاء نمازیں دس ، پندرہ دن کی پڑھ لے اور</span><span dir=""ltr""></span><span dir=""ltr""></span><span dir=""ltr"" style=""font-size: 14pt; font-family: &quot;Jameel Noori Nastaleeq&quot;;"" lang=""AR-SA""><span dir=""ltr""></span><span dir=""ltr""></span> </span><span style=""font-family: &quot;Jameel Noori Nastaleeq&quot;;"" lang=""AR-SA"">باقی نمازیں
جیسے ظہر ، عصر ، مغرب اور عشاء کی نہ پڑھے تو کیا اس ترتیب</span><span dir=""ltr""></span><span dir=""ltr""></span><span dir=""ltr"" style=""font-size: 14pt; font-family: &quot;Jameel Noori Nastaleeq&quot;;"" lang=""AR-SA""><span dir=""ltr""></span><span dir=""ltr""></span> </span><span style=""font-family: &quot;Jameel Noori Nastaleeq&quot;;"" lang=""AR-SA"">کے ساتھ کہ جب
فجر کی قضاء نمازیں مکمل ہوں گی اس کے بعد باقی ظہر، پھر</span><span dir=""ltr""></span><span dir=""ltr""></span><span dir=""ltr"" style=""font-size: 14pt; font-family: &quot;Jameel Noori Nastaleeq&quot;;"" lang=""AR-SA""><span dir=""ltr""></span><span dir=""ltr""></span> </span><span style=""font-family: &quot;Jameel Noori Nastaleeq&quot;;"" lang=""AR-SA"">عصرپھر مغرب اور
پھر عشاء کی قضاء پڑھوں گا، درست ہوگا یا نہیں؟یا پہلے</span><span dir=""ltr""></span><span dir=""ltr""></span><span dir=""ltr"" style=""font-size: 14pt; font-family: &quot;Jameel Noori Nastaleeq&quot;;"" lang=""AR-SA""><span dir=""ltr""></span><span dir=""ltr""></span> </span><span style=""font-family: &quot;Jameel Noori Nastaleeq&quot;;"" lang=""AR-SA"">صرف عشاء کی
قضاء نمازیں بمع وتر پڑھے اور اسی ترتیب سے بعد میں ظہر، پھر</span><span dir=""ltr""></span><span dir=""ltr""></span><span dir=""ltr"" style=""font-size: 14pt; font-family: &quot;Jameel Noori Nastaleeq&quot;;"" lang=""AR-SA""><span dir=""ltr""></span><span dir=""ltr""></span> </span><span style=""font-family: &quot;Jameel Noori Nastaleeq&quot;;"" lang=""AR-SA"">مغرب اور پھر
فجر یعنی بے ترتیب پڑھ سکتا ہے یا نہیں؟</span><span dir=""ltr""></span><span dir=""ltr""></span><span dir=""ltr"" style=""font-size: 14pt; font-family: &quot;Jameel Noori Nastaleeq&quot;;"" lang=""AR-SA""><span dir=""ltr""></span><span dir=""ltr""></span> </span><span dir=""rtl""></span><span dir=""rtl""></span><span style=""font-family: &quot;Jameel Noori Nastaleeq&quot;;"" lang=""FA""><span dir=""rtl""></span><span dir=""rtl""></span>۳</span><span dir=""ltr""></span><span dir=""ltr""></span><span dir=""ltr"" style=""font-size: 14pt; font-family: &quot;Jameel Noori Nastaleeq&quot;;""><span dir=""ltr""></span><span dir=""ltr""></span>) </span><span style=""font-family: &quot;Jameel Noori Nastaleeq&quot;;"" lang=""AR-SA"">نیز اکابرین اس
بارے میں کیا فرماتے ہیں کہ بہتر طریقہ کون سا ہوگا جس</span><span dir=""ltr""></span><span dir=""ltr""></span><span dir=""ltr"" style=""font-size: 14pt; font-family: &quot;Jameel Noori Nastaleeq&quot;;"" lang=""AR-SA""><span dir=""ltr""></span><span dir=""ltr""></span> </span><span style=""font-family: &quot;Jameel Noori Nastaleeq&quot;;"" lang=""AR-SA"">پر قضاء نمازوں
کی ادائیگی سہولت کے ساتھ ہوجائے اور وقت بھی کم سے کم</span><span dir=""ltr""></span><span dir=""ltr""></span><span dir=""ltr"" style=""font-size: 14pt; font-family: &quot;Jameel Noori Nastaleeq&quot;;"" lang=""AR-SA""><span dir=""ltr""></span><span dir=""ltr""></span> </span><span style=""font-family: &quot;Jameel Noori Nastaleeq&quot;;"" lang=""AR-SA"">لگے، کیوں کہ
بعض حضرات زندگی کی بے ثباتی کی بناء پر جلد سے جلد اس ذمہ</span><span dir=""ltr""></span><span dir=""ltr""></span><span dir=""ltr"" style=""font-size: 14pt; font-family: &quot;Jameel Noori Nastaleeq&quot;;"" lang=""AR-SA""><span dir=""ltr""></span><span dir=""ltr""></span> </span><span style=""font-family: &quot;Jameel Noori Nastaleeq&quot;;"" lang=""AR-SA"">داری سے سبکدوش
ہونا چاہتے ہیں اور ایک نشست میں کئی قضاء نمازیں ادا کرنا</span><span dir=""ltr""></span><span dir=""ltr""></span><span dir=""ltr"" style=""font-size: 14pt; font-family: &quot;Jameel Noori Nastaleeq&quot;;"" lang=""AR-SA""><span dir=""ltr""></span><span dir=""ltr""></span> </span><span style=""font-family: &quot;Jameel Noori Nastaleeq&quot;;"" lang=""AR-SA"">چاہتے ہیں جس
میں کافی وقت صرف ہوگا۔</span><span dir=""ltr""></span><span dir=""ltr""></span><span dir=""ltr"" style=""font-size: 14pt; font-family: &quot;Jameel Noori Nastaleeq&quot;;"" lang=""AR-SA""><span dir=""ltr""></span><span dir=""ltr""></span>
</span><span style=""font-family: &quot;Jameel Noori Nastaleeq&quot;;"" lang=""AR-SA"">ازراہِ کرم شریعت مطہرہ کی روشنی
میں مفصل جواب عنایت فرماکر ممنون</span><span dir=""ltr""></span><span dir=""ltr""></span><span dir=""ltr"" style=""font-size: 14pt; font-family: &quot;Jameel Noori Nastaleeq&quot;;"" lang=""AR-SA""><span dir=""ltr""></span><span dir=""ltr""></span>
</span><span style=""font-family: &quot;Jameel Noori Nastaleeq&quot;;"" lang=""AR-SA"">فرمائیں۔ جزاک اللہ احسن الجزاء</span><span style=""font-size: 14pt; font-family: &quot;Jameel Noori Nastaleeq&quot;;"" lang=""AR-SA""><o:p></o:p></span></p>

</h2>","<p>بسم الله الرحمن الرحيم</p><p> <meta http-equiv=""Content-Type"" content=""text/html; charset=utf-8""><meta name=""ProgId"" content=""Word.Document""><meta name=""Generator"" content=""Microsoft Word 11""><meta name=""Originator"" content=""Microsoft Word 11""><link rel=""File-List"" href=""file:///G:\DOCUME~1\ADMINI~1\LOCALS~1\Temp\msohtml1\01\clip_filelist.xml""><!--[if gte mso 9]><xml>
 <w:WordDocument>
  <w:View>Normal</w:View>
  <w:Zoom>0</w:Zoom>
  <w:PunctuationKerning/>
  <w:ValidateAgainstSchemas/>
  <w:SaveIfXMLInvalid>false</w:SaveIfXMLInvalid>
  <w:IgnoreMixedContent>false</w:IgnoreMixedContent>
  <w:AlwaysShowPlaceholderText>false</w:AlwaysShowPlaceholderText>
  <w:Compatibility>
   <w:BreakWrappedTables/>
   <w:SnapToGridInCell/>
   <w:WrapTextWithPunct/>
   <w:UseAsianBreakRules/>
   <w:DontGrowAutofit/>
  </w:Compatibility>
  <w:BrowserLevel>MicrosoftInternetExplorer4</w:BrowserLevel>
 </w:WordDocument>
</xml><![endif]--><!--[if gte mso 9]><xml>
 <w:LatentStyles DefLockedState=""false"" LatentStyleCount=""156"">
 </w:LatentStyles>
</xml><![endif]--><style>
<!--
 /* Font Definitions */
 @font-face
	{font-family:SimSun;
	panose-1:2 1 6 0 3 1 1 1 1 1;
	mso-font-alt:&#23435;&#20307;;
	mso-font-charset:134;
	mso-generic-font-family:auto;
	mso-font-pitch:variable;
	mso-font-signature:3 135135232 16 0 262145 0;}
@font-face
	{font-family:Tahoma;
	panose-1:2 11 6 4 3 5 4 4 2 4;
	mso-font-charset:0;
	mso-generic-font-family:swiss;
	mso-font-pitch:variable;
	mso-font-signature:1627421319 -2147483648 8 0 66047 0;}
@font-face
	{font-family:""Jameel Noori Nastaleeq"";
	panose-1:2 0 5 3 0 0 0 0 0 4;
	mso-font-charset:0;
	mso-generic-font-family:auto;
	mso-font-pitch:variable;
	mso-font-signature:-2147475449 0 0 0 65 0;}
@font-face
	{font-family:""\@SimSun"";
	panose-1:2 1 6 0 3 1 1 1 1 1;
	mso-font-charset:134;
	mso-generic-font-family:auto;
	mso-font-pitch:variable;
	mso-font-signature:3 135135232 16 0 262145 0;}
 /* Style Definitions */
 p.MsoNormal, li.MsoNormal, div.MsoNormal
	{mso-style-parent:"""";
	margin:0cm;
	margin-bottom:.0001pt;
	text-align:justify;
	text-justify:kashida;
	text-kashida:0%;
	mso-pagination:widow-orphan;
	direction:rtl;
	unicode-bidi:embed;
	font-size:12.0pt;
	mso-bidi-font-size:10.0pt;
	font-family:Tahoma;
	mso-fareast-font-family:SimSun;}
@page Section1
	{size:612.0pt 792.0pt;
	margin:72.0pt 90.0pt 72.0pt 90.0pt;
	mso-header-margin:36.0pt;
	mso-footer-margin:36.0pt;
	mso-paper-source:0;}
div.Section1
	{page:Section1;}
-->
</style><!--[if gte mso 10]>
<style>
 /* Style Definitions */
 table.MsoNormalTable
	{mso-style-name:""Table Normal"";
	mso-tstyle-rowband-size:0;
	mso-tstyle-colband-size:0;
	mso-style-noshow:yes;
	mso-style-parent:"""";
	mso-padding-alt:0cm 5.4pt 0cm 5.4pt;
	mso-para-margin:0cm;
	mso-para-margin-bottom:.0001pt;
	mso-pagination:widow-orphan;
	font-size:10.0pt;
	font-family:""Times New Roman"";
	mso-ansi-language:#0400;
	mso-fareast-language:#0400;
	mso-bidi-language:#0400;}
</style>
<![endif]-->

</p><p class=""MsoNormal"" dir=""rtl""><span style=""font-family: &quot;Jameel Noori Nastaleeq&quot;;"" lang=""AR-SA"">فتوی: 1050=890/د</span></p><p class=""MsoNormal"" dir=""rtl""><span style=""font-family: &quot;Jameel Noori Nastaleeq&quot;;"" lang=""AR-SA""><o:p>&nbsp;</o:p></span></p><p class=""MsoNormal"" dir=""rtl""><span style=""font-family: &quot;Jameel Noori Nastaleeq&quot;;"" lang=""AR-SA"">(</span><span style=""font-family: &quot;Jameel Noori Nastaleeq&quot;;"" lang=""FA"">۱) </span><span style=""font-family: &quot;Jameel Noori Nastaleeq&quot;;"" lang=""AR-SA"">نماز
میں ثناء، رکوع وسجود میں تین مرتبہ تسبیح پڑھنا، درود اور اس کے بعد کی دعا پڑھنا
مسنون ہے۔ </span><span style=""font-size: 10pt;"" lang=""AR-SA"">سننھا: الثناء</span><span style=""font-size: 10pt; font-family: &quot;Jameel Noori Nastaleeq&quot;;"" lang=""AR-SA"">․․</span><span style=""font-size: 10pt;"" lang=""AR-SA""> وتکبیر الرکوع وتسبیحہ ثلاثًا وتکبیر السجود
وتسبیحہ ثلاثًا، والصلاة علی النبي صلی اللہ علیہ وسلم والدعاء (الفتاوی الھندیة: </span><span style=""font-size: 10pt;"" lang=""FA"">۱/۷۳</span><span style=""font-size: 10pt;"" lang=""AR-SA"">، کتاب الصلاة، الفصل الثاني في سنن الصلاة)</span><span style=""font-size: 10pt; font-family: &quot;Jameel Noori Nastaleeq&quot;;"" lang=""AR-SA""> </span><span style=""font-family: &quot;Jameel Noori Nastaleeq&quot;;"" lang=""AR-SA"">قضانماز
کے لیے ان سنتوں کو چھوڑنے سے گو نماز ذمہ سے ساقط ہوجائے گی، مگر سنت کا ثواب نہ
ملے گا، نماز کو ہرممکن طور پر مسنون طریقہ پر ادا کرنے کی کوشش کرنی چاہیے، سنتوں
کو مسلسل چھوڑنا باعث گناہ ہے۔ </span></p><p class=""MsoNormal"" dir=""rtl""><span style=""font-family: &quot;Jameel Noori Nastaleeq&quot;;"" lang=""AR-SA"">(</span><span style=""font-family: &quot;Jameel Noori Nastaleeq&quot;;"" lang=""FA"">۲) </span><span style=""font-family: &quot;Jameel Noori Nastaleeq&quot;;"" lang=""AR-SA"">پڑھ
سکتا ہے، </span><span style=""font-size: 10pt;"" lang=""AR-SA"">وکثرة الفوائت کما
تسقط الترتیب في الأداء، تسقط في القضاء حتی لو ترک صلاة شہر ثم قضی ثلاثین فجرًا،
ثم ثلاثین ظہراً ثم ھکذا صح، ہکذا في محیط السرخسي (الفتاوی الھندیة: </span><span style=""font-size: 10pt;"" lang=""FA"">۱/۱۲۳</span><span style=""font-size: 10pt;"" lang=""AR-SA"">، کتاب الصلاة، الباب الحادي عشر في قضاء
الفوائت)</span><span style=""font-size: 10pt; font-family: &quot;Jameel Noori Nastaleeq&quot;;"" lang=""AR-SA"">
</span><span style=""font-family: &quot;Jameel Noori Nastaleeq&quot;;"" lang=""AR-SA""></span></p><p class=""MsoNormal"" dir=""rtl""><span style=""font-family: &quot;Jameel Noori Nastaleeq&quot;;"" lang=""AR-SA"">(</span><span style=""font-family: &quot;Jameel Noori Nastaleeq&quot;;"" lang=""FA"">۳) </span><span style=""font-family: &quot;Jameel Noori Nastaleeq&quot;;"" lang=""AR-SA"">ہرنماز
کے بعد قضا نماز پڑھنے کا سنن موٴکدہ، نفل کو ترک کیے بغیر التزام کرنا چاہیے اور
اگر وقت نہ ہو تو چوں کہ ادائے فوائت اہم ہے اس لیے نفل کو چھوڑکر ان اوقات میں
نمازوں کی قضاء کرلے۔ </span></p><p></p><br><span style=""font-size:1.2em"">
								<p><strong>واللہ تعالیٰ اعلم</strong></p>
								<br class=""clear"">
								<p><strong>دارالافتاء،</strong><br>دارالعلوم دیوبند</p>
							</span>",01-Sep-2020,13246,darulifta-deoband.com,عبادات,صلاة (نماز),"<div id=""recent_fatwas"" class=""container tab-pane active""><br>
					<ul class=""answer_detail"">
												<li>
																					<div class=""cate_sec"">
								<p class=""category_name"">
									<span>
										عبادات									</span> 
									&gt;&gt; 
									<span>
																		<a href=""https://darulifta-deoband.com/ur/category/n-a/MTk="">صلاة (نماز)</a>
									</span>
								</p>
								<p class=""quesid""><span class=""anser_id_urdu""> سوال نمبر: 13246</span><!--<span class=""country_urdu"">  : ملک</span> --></p>
							</div>
							<h2><u> عنوان:</u> <meta http-equiv=""Content-Type"" content=""text/html; charset=utf-8""><meta name=""ProgId"" content=""Word.Document""><meta name=""Generator"" content=""Microsoft Word 11""><meta name=""Originator"" content=""Microsoft Word 11""><link rel=""File-List"" href=""file:///G:\DOCUME~1\ADMINI~1\LOCALS~1\Temp\msohtml1\01\clip_filelist.xml""><!--[if gte mso 9]><xml>
 <w:WordDocument>
  <w:View>Normal</w:View>
  <w:Zoom>0</w:Zoom>
  <w:PunctuationKerning/>
  <w:ValidateAgainstSchemas/>
  <w:SaveIfXMLInvalid>false</w:SaveIfXMLInvalid>
  <w:IgnoreMixedContent>false</w:IgnoreMixedContent>
  <w:AlwaysShowPlaceholderText>false</w:AlwaysShowPlaceholderText>
  <w:Compatibility>
   <w:BreakWrappedTables/>
   <w:SnapToGridInCell/>
   <w:WrapTextWithPunct/>
   <w:UseAsianBreakRules/>
   <w:DontGrowAutofit/>
  </w:Compatibility>
  <w:BrowserLevel>MicrosoftInternetExplorer4</w:BrowserLevel>
 </w:WordDocument>
</xml><![endif]--><!--[if gte mso 9]><xml>
 <w:LatentStyles DefLockedState=""false"" LatentStyleCount=""156"">
 </w:LatentStyles>
</xml><![endif]--><style>
<!--
 /* Font Definitions */
 @font-face
	{font-family:SimSun;
	panose-1:2 1 6 0 3 1 1 1 1 1;
	mso-font-alt:&#23435;&#20307;;
	mso-font-charset:134;
	mso-generic-font-family:auto;
	mso-font-pitch:variable;
	mso-font-signature:3 135135232 16 0 262145 0;}
@font-face
	{font-family:Tahoma;
	panose-1:2 11 6 4 3 5 4 4 2 4;
	mso-font-charset:0;
	mso-generic-font-family:swiss;
	mso-font-pitch:variable;
	mso-font-signature:1627421319 -2147483648 8 0 66047 0;}
@font-face
	{font-family:""Jameel Noori Nastaleeq"";
	panose-1:2 0 5 3 0 0 0 0 0 4;
	mso-font-charset:0;
	mso-generic-font-family:auto;
	mso-font-pitch:variable;
	mso-font-signature:-2147475449 0 0 0 65 0;}
@font-face
	{font-family:""\@SimSun"";
	panose-1:2 1 6 0 3 1 1 1 1 1;
	mso-font-charset:134;
	mso-generic-font-family:auto;
	mso-font-pitch:variable;
	mso-font-signature:3 135135232 16 0 262145 0;}
 /* Style Definitions */
 p.MsoNormal, li.MsoNormal, div.MsoNormal
	{mso-style-parent:"""";
	margin:0cm;
	margin-bottom:.0001pt;
	text-align:justify;
	text-justify:kashida;
	text-kashida:0%;
	mso-pagination:widow-orphan;
	direction:rtl;
	unicode-bidi:embed;
	font-size:12.0pt;
	mso-bidi-font-size:10.0pt;
	font-family:Tahoma;
	mso-fareast-font-family:SimSun;}
@page Section1
	{size:612.0pt 792.0pt;
	margin:72.0pt 90.0pt 72.0pt 90.0pt;
	mso-header-margin:36.0pt;
	mso-footer-margin:36.0pt;
	mso-paper-source:0;}
div.Section1
	{page:Section1;}
-->
</style><!--[if gte mso 10]>
<style>
 /* Style Definitions */
 table.MsoNormalTable
	{mso-style-name:""Table Normal"";
	mso-tstyle-rowband-size:0;
	mso-tstyle-colband-size:0;
	mso-style-noshow:yes;
	mso-style-parent:"""";
	mso-padding-alt:0cm 5.4pt 0cm 5.4pt;
	mso-para-margin:0cm;
	mso-para-margin-bottom:.0001pt;
	mso-pagination:widow-orphan;
	font-size:10.0pt;
	font-family:""Times New Roman"";
	mso-ansi-language:#0400;
	mso-fareast-language:#0400;
	mso-bidi-language:#0400;}
</style>
<![endif]-->

<p class=""MsoNormal"" dir=""rtl""><span style=""font-family: &quot;Jameel Noori Nastaleeq&quot;;"" lang=""AR-SA"">کسی شخص کے ذمہ
اگر بہت ساری نمازیں باقی ہوں اور وہ اس کو ادا کرنے کا</span><span dir=""ltr""></span><span dir=""ltr""></span><span dir=""ltr"" style=""font-size: 14pt; font-family: &quot;Jameel Noori Nastaleeq&quot;;"" lang=""AR-SA""><span dir=""ltr""></span><span dir=""ltr""></span> </span><span style=""font-family: &quot;Jameel Noori Nastaleeq&quot;;"" lang=""AR-SA"">ارادہ رکھتا ہو
تو کیا قضاء نمازوں میں شروع میں ثناء چھوڑ دینا، رکوع و</span><span dir=""ltr""></span><span dir=""ltr""></span><span dir=""ltr"" style=""font-size: 14pt; font-family: &quot;Jameel Noori Nastaleeq&quot;;"" lang=""AR-SA""><span dir=""ltr""></span><span dir=""ltr""></span> </span><span style=""font-family: &quot;Jameel Noori Nastaleeq&quot;;"" lang=""AR-SA"">سجود میں ایک
مرتبہ تسبیح پڑھنا، اور تشہد کے بعد (درود شریف ودعا پڑھے</span><span dir=""ltr""></span><span dir=""ltr""></span><span dir=""ltr"" style=""font-size: 14pt; font-family: &quot;Jameel Noori Nastaleeq&quot;;"" lang=""AR-SA""><span dir=""ltr""></span><span dir=""ltr""></span> </span><span style=""font-family: &quot;Jameel Noori Nastaleeq&quot;;"" lang=""AR-SA"">بغیر)سلام
پھیرلینا درست ہوگا یا نہیں؟</span><span dir=""ltr""></span><span dir=""ltr""></span><span dir=""ltr"" style=""font-size: 14pt; font-family: &quot;Jameel Noori Nastaleeq&quot;;"" lang=""AR-SA""><span dir=""ltr""></span><span dir=""ltr""></span>
</span><span dir=""rtl""></span><span dir=""rtl""></span><span style=""font-family: &quot;Jameel Noori Nastaleeq&quot;;"" lang=""FA""><span dir=""rtl""></span><span dir=""rtl""></span>۲</span><span dir=""ltr""></span><span dir=""ltr""></span><span dir=""ltr"" style=""font-size: 14pt; font-family: &quot;Jameel Noori Nastaleeq&quot;;""><span dir=""ltr""></span><span dir=""ltr""></span>) </span><span style=""font-family: &quot;Jameel Noori Nastaleeq&quot;;"" lang=""AR-SA"">اگر ایک دن میں
صرف فجر کی ہی قضاء نمازیں دس ، پندرہ دن کی پڑھ لے اور</span><span dir=""ltr""></span><span dir=""ltr""></span><span dir=""ltr"" style=""font-size: 14pt; font-family: &quot;Jameel Noori Nastaleeq&quot;;"" lang=""AR-SA""><span dir=""ltr""></span><span dir=""ltr""></span> </span><span style=""font-family: &quot;Jameel Noori Nastaleeq&quot;;"" lang=""AR-SA"">باقی نمازیں
جیسے ظہر ، عصر ، مغرب اور عشاء کی نہ پڑھے تو کیا اس ترتیب</span><span dir=""ltr""></span><span dir=""ltr""></span><span dir=""ltr"" style=""font-size: 14pt; font-family: &quot;Jameel Noori Nastaleeq&quot;;"" lang=""AR-SA""><span dir=""ltr""></span><span dir=""ltr""></span> </span><span style=""font-family: &quot;Jameel Noori Nastaleeq&quot;;"" lang=""AR-SA"">کے ساتھ کہ جب
فجر کی قضاء نمازیں مکمل ہوں گی اس کے بعد باقی ظہر، پھر</span><span dir=""ltr""></span><span dir=""ltr""></span><span dir=""ltr"" style=""font-size: 14pt; font-family: &quot;Jameel Noori Nastaleeq&quot;;"" lang=""AR-SA""><span dir=""ltr""></span><span dir=""ltr""></span> </span><span style=""font-family: &quot;Jameel Noori Nastaleeq&quot;;"" lang=""AR-SA"">عصرپھر مغرب اور
پھر عشاء کی قضاء پڑھوں گا، درست ہوگا یا نہیں؟یا پہلے</span><span dir=""ltr""></span><span dir=""ltr""></span><span dir=""ltr"" style=""font-size: 14pt; font-family: &quot;Jameel Noori Nastaleeq&quot;;"" lang=""AR-SA""><span dir=""ltr""></span><span dir=""ltr""></span> </span><span style=""font-family: &quot;Jameel Noori Nastaleeq&quot;;"" lang=""AR-SA"">صرف عشاء کی
قضاء نمازیں بمع وتر پڑھے اور اسی ترتیب سے بعد میں ظہر، پھر</span><span dir=""ltr""></span><span dir=""ltr""></span><span dir=""ltr"" style=""font-size: 14pt; font-family: &quot;Jameel Noori Nastaleeq&quot;;"" lang=""AR-SA""><span dir=""ltr""></span><span dir=""ltr""></span> </span><span style=""font-family: &quot;Jameel Noori Nastaleeq&quot;;"" lang=""AR-SA"">مغرب اور پھر
فجر یعنی بے ترتیب پڑھ سکتا ہے یا نہیں؟</span><span dir=""ltr""></span><span dir=""ltr""></span><span dir=""ltr"" style=""font-size: 14pt; font-family: &quot;Jameel Noori Nastaleeq&quot;;"" lang=""AR-SA""><span dir=""ltr""></span><span dir=""ltr""></span> </span><span dir=""rtl""></span><span dir=""rtl""></span><span style=""font-family: &quot;Jameel Noori Nastaleeq&quot;;"" lang=""FA""><span dir=""rtl""></span><span dir=""rtl""></span>۳</span><span dir=""ltr""></span><span dir=""ltr""></span><span dir=""ltr"" style=""font-size: 14pt; font-family: &quot;Jameel Noori Nastaleeq&quot;;""><span dir=""ltr""></span><span dir=""ltr""></span>) </span><span style=""font-family: &quot;Jameel Noori Nastaleeq&quot;;"" lang=""AR-SA"">نیز اکابرین اس
بارے میں کیا فرماتے ہیں کہ بہتر طریقہ کون سا ہوگا جس</span><span dir=""ltr""></span><span dir=""ltr""></span><span dir=""ltr"" style=""font-size: 14pt; font-family: &quot;Jameel Noori Nastaleeq&quot;;"" lang=""AR-SA""><span dir=""ltr""></span><span dir=""ltr""></span> </span><span style=""font-family: &quot;Jameel Noori Nastaleeq&quot;;"" lang=""AR-SA"">پر قضاء نمازوں
کی ادائیگی سہولت کے ساتھ ہوجائے اور وقت بھی کم سے کم</span><span dir=""ltr""></span><span dir=""ltr""></span><span dir=""ltr"" style=""font-size: 14pt; font-family: &quot;Jameel Noori Nastaleeq&quot;;"" lang=""AR-SA""><span dir=""ltr""></span><span dir=""ltr""></span> </span><span style=""font-family: &quot;Jameel Noori Nastaleeq&quot;;"" lang=""AR-SA"">لگے، کیوں کہ
بعض حضرات زندگی کی بے ثباتی کی بناء پر جلد سے جلد اس ذمہ</span><span dir=""ltr""></span><span dir=""ltr""></span><span dir=""ltr"" style=""font-size: 14pt; font-family: &quot;Jameel Noori Nastaleeq&quot;;"" lang=""AR-SA""><span dir=""ltr""></span><span dir=""ltr""></span> </span><span style=""font-family: &quot;Jameel Noori Nastaleeq&quot;;"" lang=""AR-SA"">داری سے سبکدوش
ہونا چاہتے ہیں اور ایک نشست میں کئی قضاء نمازیں ادا کرنا</span><span dir=""ltr""></span><span dir=""ltr""></span><span dir=""ltr"" style=""font-size: 14pt; font-family: &quot;Jameel Noori Nastaleeq&quot;;"" lang=""AR-SA""><span dir=""ltr""></span><span dir=""ltr""></span> </span><span style=""font-family: &quot;Jameel Noori Nastaleeq&quot;;"" lang=""AR-SA"">چاہتے ہیں جس
میں کافی وقت صرف ہوگا۔</span><span dir=""ltr""></span><span dir=""ltr""></span><span dir=""ltr"" style=""font-size: 14pt; font-family: &quot;Jameel Noori Nastaleeq&quot;;"" lang=""AR-SA""><span dir=""ltr""></span><span dir=""ltr""></span>
</span><span style=""font-family: &quot;Jameel Noori Nastaleeq&quot;;"" lang=""AR-SA"">ازراہِ کرم شریعت مطہرہ کی روشنی
میں مفصل جواب عنایت فرماکر ممنون</span><span dir=""ltr""></span><span dir=""ltr""></span><span dir=""ltr"" style=""font-size: 14pt; font-family: &quot;Jameel Noori Nastaleeq&quot;;"" lang=""AR-SA""><span dir=""ltr""></span><span dir=""ltr""></span>
</span><span style=""font-family: &quot;Jameel Noori Nastaleeq&quot;;"" lang=""AR-SA"">فرمائیں۔ جزاک اللہ احسن الجزاء</span><span style=""font-size: 14pt; font-family: &quot;Jameel Noori Nastaleeq&quot;;"" lang=""AR-SA""><o:p></o:p></span></p>

</h2>
							<h2><u> سوال: </u> <meta http-equiv=""Content-Type"" content=""text/html; charset=utf-8""><meta name=""ProgId"" content=""Word.Document""><meta name=""Generator"" content=""Microsoft Word 11""><meta name=""Originator"" content=""Microsoft Word 11""><link rel=""File-List"" href=""file:///G:\DOCUME~1\ADMINI~1\LOCALS~1\Temp\msohtml1\01\clip_filelist.xml""><!--[if gte mso 9]><xml>
 <w:WordDocument>
  <w:View>Normal</w:View>
  <w:Zoom>0</w:Zoom>
  <w:PunctuationKerning/>
  <w:ValidateAgainstSchemas/>
  <w:SaveIfXMLInvalid>false</w:SaveIfXMLInvalid>
  <w:IgnoreMixedContent>false</w:IgnoreMixedContent>
  <w:AlwaysShowPlaceholderText>false</w:AlwaysShowPlaceholderText>
  <w:Compatibility>
   <w:BreakWrappedTables/>
   <w:SnapToGridInCell/>
   <w:WrapTextWithPunct/>
   <w:UseAsianBreakRules/>
   <w:DontGrowAutofit/>
  </w:Compatibility>
  <w:BrowserLevel>MicrosoftInternetExplorer4</w:BrowserLevel>
 </w:WordDocument>
</xml><![endif]--><!--[if gte mso 9]><xml>
 <w:LatentStyles DefLockedState=""false"" LatentStyleCount=""156"">
 </w:LatentStyles>
</xml><![endif]--><style>
<!--
 /* Font Definitions */
 @font-face
	{font-family:SimSun;
	panose-1:2 1 6 0 3 1 1 1 1 1;
	mso-font-alt:&#23435;&#20307;;
	mso-font-charset:134;
	mso-generic-font-family:auto;
	mso-font-pitch:variable;
	mso-font-signature:3 135135232 16 0 262145 0;}
@font-face
	{font-family:Tahoma;
	panose-1:2 11 6 4 3 5 4 4 2 4;
	mso-font-charset:0;
	mso-generic-font-family:swiss;
	mso-font-pitch:variable;
	mso-font-signature:1627421319 -2147483648 8 0 66047 0;}
@font-face
	{font-family:""Jameel Noori Nastaleeq"";
	panose-1:2 0 5 3 0 0 0 0 0 4;
	mso-font-charset:0;
	mso-generic-font-family:auto;
	mso-font-pitch:variable;
	mso-font-signature:-2147475449 0 0 0 65 0;}
@font-face
	{font-family:""\@SimSun"";
	panose-1:2 1 6 0 3 1 1 1 1 1;
	mso-font-charset:134;
	mso-generic-font-family:auto;
	mso-font-pitch:variable;
	mso-font-signature:3 135135232 16 0 262145 0;}
 /* Style Definitions */
 p.MsoNormal, li.MsoNormal, div.MsoNormal
	{mso-style-parent:"""";
	margin:0cm;
	margin-bottom:.0001pt;
	text-align:justify;
	text-justify:kashida;
	text-kashida:0%;
	mso-pagination:widow-orphan;
	direction:rtl;
	unicode-bidi:embed;
	font-size:12.0pt;
	mso-bidi-font-size:10.0pt;
	font-family:Tahoma;
	mso-fareast-font-family:SimSun;}
@page Section1
	{size:612.0pt 792.0pt;
	margin:72.0pt 90.0pt 72.0pt 90.0pt;
	mso-header-margin:36.0pt;
	mso-footer-margin:36.0pt;
	mso-paper-source:0;}
div.Section1
	{page:Section1;}
-->
</style><!--[if gte mso 10]>
<style>
 /* Style Definitions */
 table.MsoNormalTable
	{mso-style-name:""Table Normal"";
	mso-tstyle-rowband-size:0;
	mso-tstyle-colband-size:0;
	mso-style-noshow:yes;
	mso-style-parent:"""";
	mso-padding-alt:0cm 5.4pt 0cm 5.4pt;
	mso-para-margin:0cm;
	mso-para-margin-bottom:.0001pt;
	mso-pagination:widow-orphan;
	font-size:10.0pt;
	font-family:""Times New Roman"";
	mso-ansi-language:#0400;
	mso-fareast-language:#0400;
	mso-bidi-language:#0400;}
</style>
<![endif]-->

<p class=""MsoNormal"" dir=""rtl""><span style=""font-family: &quot;Jameel Noori Nastaleeq&quot;;"" lang=""AR-SA"">کسی شخص کے ذمہ
اگر بہت ساری نمازیں باقی ہوں اور وہ اس کو ادا کرنے کا</span><span dir=""ltr""></span><span dir=""ltr""></span><span dir=""ltr"" style=""font-size: 14pt; font-family: &quot;Jameel Noori Nastaleeq&quot;;"" lang=""AR-SA""><span dir=""ltr""></span><span dir=""ltr""></span> </span><span style=""font-family: &quot;Jameel Noori Nastaleeq&quot;;"" lang=""AR-SA"">ارادہ رکھتا ہو
تو کیا قضاء نمازوں میں شروع میں ثناء چھوڑ دینا، رکوع و</span><span dir=""ltr""></span><span dir=""ltr""></span><span dir=""ltr"" style=""font-size: 14pt; font-family: &quot;Jameel Noori Nastaleeq&quot;;"" lang=""AR-SA""><span dir=""ltr""></span><span dir=""ltr""></span> </span><span style=""font-family: &quot;Jameel Noori Nastaleeq&quot;;"" lang=""AR-SA"">سجود میں ایک
مرتبہ تسبیح پڑھنا، اور تشہد کے بعد (درود شریف ودعا پڑھے</span><span dir=""ltr""></span><span dir=""ltr""></span><span dir=""ltr"" style=""font-size: 14pt; font-family: &quot;Jameel Noori Nastaleeq&quot;;"" lang=""AR-SA""><span dir=""ltr""></span><span dir=""ltr""></span> </span><span style=""font-family: &quot;Jameel Noori Nastaleeq&quot;;"" lang=""AR-SA"">بغیر)سلام
پھیرلینا درست ہوگا یا نہیں؟</span><span dir=""ltr""></span><span dir=""ltr""></span><span dir=""ltr"" style=""font-size: 14pt; font-family: &quot;Jameel Noori Nastaleeq&quot;;"" lang=""AR-SA""><span dir=""ltr""></span><span dir=""ltr""></span>
</span><span dir=""rtl""></span><span dir=""rtl""></span><span style=""font-family: &quot;Jameel Noori Nastaleeq&quot;;"" lang=""FA""><span dir=""rtl""></span><span dir=""rtl""></span>۲</span><span dir=""ltr""></span><span dir=""ltr""></span><span dir=""ltr"" style=""font-size: 14pt; font-family: &quot;Jameel Noori Nastaleeq&quot;;""><span dir=""ltr""></span><span dir=""ltr""></span>) </span><span style=""font-family: &quot;Jameel Noori Nastaleeq&quot;;"" lang=""AR-SA"">اگر ایک دن میں
صرف فجر کی ہی قضاء نمازیں دس ، پندرہ دن کی پڑھ لے اور</span><span dir=""ltr""></span><span dir=""ltr""></span><span dir=""ltr"" style=""font-size: 14pt; font-family: &quot;Jameel Noori Nastaleeq&quot;;"" lang=""AR-SA""><span dir=""ltr""></span><span dir=""ltr""></span> </span><span style=""font-family: &quot;Jameel Noori Nastaleeq&quot;;"" lang=""AR-SA"">باقی نمازیں
جیسے ظہر ، عصر ، مغرب اور عشاء کی نہ پڑھے تو کیا اس ترتیب</span><span dir=""ltr""></span><span dir=""ltr""></span><span dir=""ltr"" style=""font-size: 14pt; font-family: &quot;Jameel Noori Nastaleeq&quot;;"" lang=""AR-SA""><span dir=""ltr""></span><span dir=""ltr""></span> </span><span style=""font-family: &quot;Jameel Noori Nastaleeq&quot;;"" lang=""AR-SA"">کے ساتھ کہ جب
فجر کی قضاء نمازیں مکمل ہوں گی اس کے بعد باقی ظہر، پھر</span><span dir=""ltr""></span><span dir=""ltr""></span><span dir=""ltr"" style=""font-size: 14pt; font-family: &quot;Jameel Noori Nastaleeq&quot;;"" lang=""AR-SA""><span dir=""ltr""></span><span dir=""ltr""></span> </span><span style=""font-family: &quot;Jameel Noori Nastaleeq&quot;;"" lang=""AR-SA"">عصرپھر مغرب اور
پھر عشاء کی قضاء پڑھوں گا، درست ہوگا یا نہیں؟یا پہلے</span><span dir=""ltr""></span><span dir=""ltr""></span><span dir=""ltr"" style=""font-size: 14pt; font-family: &quot;Jameel Noori Nastaleeq&quot;;"" lang=""AR-SA""><span dir=""ltr""></span><span dir=""ltr""></span> </span><span style=""font-family: &quot;Jameel Noori Nastaleeq&quot;;"" lang=""AR-SA"">صرف عشاء کی
قضاء نمازیں بمع وتر پڑھے اور اسی ترتیب سے بعد میں ظہر، پھر</span><span dir=""ltr""></span><span dir=""ltr""></span><span dir=""ltr"" style=""font-size: 14pt; font-family: &quot;Jameel Noori Nastaleeq&quot;;"" lang=""AR-SA""><span dir=""ltr""></span><span dir=""ltr""></span> </span><span style=""font-family: &quot;Jameel Noori Nastaleeq&quot;;"" lang=""AR-SA"">مغرب اور پھر
فجر یعنی بے ترتیب پڑھ سکتا ہے یا نہیں؟</span><span dir=""ltr""></span><span dir=""ltr""></span><span dir=""ltr"" style=""font-size: 14pt; font-family: &quot;Jameel Noori Nastaleeq&quot;;"" lang=""AR-SA""><span dir=""ltr""></span><span dir=""ltr""></span> </span><span dir=""rtl""></span><span dir=""rtl""></span><span style=""font-family: &quot;Jameel Noori Nastaleeq&quot;;"" lang=""FA""><span dir=""rtl""></span><span dir=""rtl""></span>۳</span><span dir=""ltr""></span><span dir=""ltr""></span><span dir=""ltr"" style=""font-size: 14pt; font-family: &quot;Jameel Noori Nastaleeq&quot;;""><span dir=""ltr""></span><span dir=""ltr""></span>) </span><span style=""font-family: &quot;Jameel Noori Nastaleeq&quot;;"" lang=""AR-SA"">نیز اکابرین اس
بارے میں کیا فرماتے ہیں کہ بہتر طریقہ کون سا ہوگا جس</span><span dir=""ltr""></span><span dir=""ltr""></span><span dir=""ltr"" style=""font-size: 14pt; font-family: &quot;Jameel Noori Nastaleeq&quot;;"" lang=""AR-SA""><span dir=""ltr""></span><span dir=""ltr""></span> </span><span style=""font-family: &quot;Jameel Noori Nastaleeq&quot;;"" lang=""AR-SA"">پر قضاء نمازوں
کی ادائیگی سہولت کے ساتھ ہوجائے اور وقت بھی کم سے کم</span><span dir=""ltr""></span><span dir=""ltr""></span><span dir=""ltr"" style=""font-size: 14pt; font-family: &quot;Jameel Noori Nastaleeq&quot;;"" lang=""AR-SA""><span dir=""ltr""></span><span dir=""ltr""></span> </span><span style=""font-family: &quot;Jameel Noori Nastaleeq&quot;;"" lang=""AR-SA"">لگے، کیوں کہ
بعض حضرات زندگی کی بے ثباتی کی بناء پر جلد سے جلد اس ذمہ</span><span dir=""ltr""></span><span dir=""ltr""></span><span dir=""ltr"" style=""font-size: 14pt; font-family: &quot;Jameel Noori Nastaleeq&quot;;"" lang=""AR-SA""><span dir=""ltr""></span><span dir=""ltr""></span> </span><span style=""font-family: &quot;Jameel Noori Nastaleeq&quot;;"" lang=""AR-SA"">داری سے سبکدوش
ہونا چاہتے ہیں اور ایک نشست میں کئی قضاء نمازیں ادا کرنا</span><span dir=""ltr""></span><span dir=""ltr""></span><span dir=""ltr"" style=""font-size: 14pt; font-family: &quot;Jameel Noori Nastaleeq&quot;;"" lang=""AR-SA""><span dir=""ltr""></span><span dir=""ltr""></span> </span><span style=""font-family: &quot;Jameel Noori Nastaleeq&quot;;"" lang=""AR-SA"">چاہتے ہیں جس
میں کافی وقت صرف ہوگا۔</span><span dir=""ltr""></span><span dir=""ltr""></span><span dir=""ltr"" style=""font-size: 14pt; font-family: &quot;Jameel Noori Nastaleeq&quot;;"" lang=""AR-SA""><span dir=""ltr""></span><span dir=""ltr""></span>
</span><span style=""font-family: &quot;Jameel Noori Nastaleeq&quot;;"" lang=""AR-SA"">ازراہِ کرم شریعت مطہرہ کی روشنی
میں مفصل جواب عنایت فرماکر ممنون</span><span dir=""ltr""></span><span dir=""ltr""></span><span dir=""ltr"" style=""font-size: 14pt; font-family: &quot;Jameel Noori Nastaleeq&quot;;"" lang=""AR-SA""><span dir=""ltr""></span><span dir=""ltr""></span>
</span><span style=""font-family: &quot;Jameel Noori Nastaleeq&quot;;"" lang=""AR-SA"">فرمائیں۔ جزاک اللہ احسن الجزاء</span><span style=""font-size: 14pt; font-family: &quot;Jameel Noori Nastaleeq&quot;;"" lang=""AR-SA""><o:p></o:p></span></p>

</h2>
							<p class=""fatwa_answer""><span class=""ans_urdu_id""> جواب نمبر: 13246</span><span style=""color:#efefef;display:none;"" class=""answer_date_urdu"">01-Sep-2020 : تاریخ اشاعت </span></p>
							<p>بسم الله الرحمن الرحيم</p>
							<p> <meta http-equiv=""Content-Type"" content=""text/html; charset=utf-8""><meta name=""ProgId"" content=""Word.Document""><meta name=""Generator"" content=""Microsoft Word 11""><meta name=""Originator"" content=""Microsoft Word 11""><link rel=""File-List"" href=""file:///G:\DOCUME~1\ADMINI~1\LOCALS~1\Temp\msohtml1\01\clip_filelist.xml""><!--[if gte mso 9]><xml>
 <w:WordDocument>
  <w:View>Normal</w:View>
  <w:Zoom>0</w:Zoom>
  <w:PunctuationKerning/>
  <w:ValidateAgainstSchemas/>
  <w:SaveIfXMLInvalid>false</w:SaveIfXMLInvalid>
  <w:IgnoreMixedContent>false</w:IgnoreMixedContent>
  <w:AlwaysShowPlaceholderText>false</w:AlwaysShowPlaceholderText>
  <w:Compatibility>
   <w:BreakWrappedTables/>
   <w:SnapToGridInCell/>
   <w:WrapTextWithPunct/>
   <w:UseAsianBreakRules/>
   <w:DontGrowAutofit/>
  </w:Compatibility>
  <w:BrowserLevel>MicrosoftInternetExplorer4</w:BrowserLevel>
 </w:WordDocument>
</xml><![endif]--><!--[if gte mso 9]><xml>
 <w:LatentStyles DefLockedState=""false"" LatentStyleCount=""156"">
 </w:LatentStyles>
</xml><![endif]--><style>
<!--
 /* Font Definitions */
 @font-face
	{font-family:SimSun;
	panose-1:2 1 6 0 3 1 1 1 1 1;
	mso-font-alt:&#23435;&#20307;;
	mso-font-charset:134;
	mso-generic-font-family:auto;
	mso-font-pitch:variable;
	mso-font-signature:3 135135232 16 0 262145 0;}
@font-face
	{font-family:Tahoma;
	panose-1:2 11 6 4 3 5 4 4 2 4;
	mso-font-charset:0;
	mso-generic-font-family:swiss;
	mso-font-pitch:variable;
	mso-font-signature:1627421319 -2147483648 8 0 66047 0;}
@font-face
	{font-family:""Jameel Noori Nastaleeq"";
	panose-1:2 0 5 3 0 0 0 0 0 4;
	mso-font-charset:0;
	mso-generic-font-family:auto;
	mso-font-pitch:variable;
	mso-font-signature:-2147475449 0 0 0 65 0;}
@font-face
	{font-family:""\@SimSun"";
	panose-1:2 1 6 0 3 1 1 1 1 1;
	mso-font-charset:134;
	mso-generic-font-family:auto;
	mso-font-pitch:variable;
	mso-font-signature:3 135135232 16 0 262145 0;}
 /* Style Definitions */
 p.MsoNormal, li.MsoNormal, div.MsoNormal
	{mso-style-parent:"""";
	margin:0cm;
	margin-bottom:.0001pt;
	text-align:justify;
	text-justify:kashida;
	text-kashida:0%;
	mso-pagination:widow-orphan;
	direction:rtl;
	unicode-bidi:embed;
	font-size:12.0pt;
	mso-bidi-font-size:10.0pt;
	font-family:Tahoma;
	mso-fareast-font-family:SimSun;}
@page Section1
	{size:612.0pt 792.0pt;
	margin:72.0pt 90.0pt 72.0pt 90.0pt;
	mso-header-margin:36.0pt;
	mso-footer-margin:36.0pt;
	mso-paper-source:0;}
div.Section1
	{page:Section1;}
-->
</style><!--[if gte mso 10]>
<style>
 /* Style Definitions */
 table.MsoNormalTable
	{mso-style-name:""Table Normal"";
	mso-tstyle-rowband-size:0;
	mso-tstyle-colband-size:0;
	mso-style-noshow:yes;
	mso-style-parent:"""";
	mso-padding-alt:0cm 5.4pt 0cm 5.4pt;
	mso-para-margin:0cm;
	mso-para-margin-bottom:.0001pt;
	mso-pagination:widow-orphan;
	font-size:10.0pt;
	font-family:""Times New Roman"";
	mso-ansi-language:#0400;
	mso-fareast-language:#0400;
	mso-bidi-language:#0400;}
</style>
<![endif]-->

</p><p class=""MsoNormal"" dir=""rtl""><span style=""font-family: &quot;Jameel Noori Nastaleeq&quot;;"" lang=""AR-SA"">فتوی: 1050=890/د</span></p>

<p class=""MsoNormal"" dir=""rtl""><span style=""font-family: &quot;Jameel Noori Nastaleeq&quot;;"" lang=""AR-SA""><o:p>&nbsp;</o:p></span></p>

<p class=""MsoNormal"" dir=""rtl""><span style=""font-family: &quot;Jameel Noori Nastaleeq&quot;;"" lang=""AR-SA"">(</span><span style=""font-family: &quot;Jameel Noori Nastaleeq&quot;;"" lang=""FA"">۱) </span><span style=""font-family: &quot;Jameel Noori Nastaleeq&quot;;"" lang=""AR-SA"">نماز
میں ثناء، رکوع وسجود میں تین مرتبہ تسبیح پڑھنا، درود اور اس کے بعد کی دعا پڑھنا
مسنون ہے۔ </span><span style=""font-size: 10pt;"" lang=""AR-SA"">سننھا: الثناء</span><span style=""font-size: 10pt; font-family: &quot;Jameel Noori Nastaleeq&quot;;"" lang=""AR-SA"">․․</span><span style=""font-size: 10pt;"" lang=""AR-SA""> وتکبیر الرکوع وتسبیحہ ثلاثًا وتکبیر السجود
وتسبیحہ ثلاثًا، والصلاة علی النبي صلی اللہ علیہ وسلم والدعاء (الفتاوی الھندیة: </span><span style=""font-size: 10pt;"" lang=""FA"">۱/۷۳</span><span style=""font-size: 10pt;"" lang=""AR-SA"">، کتاب الصلاة، الفصل الثاني في سنن الصلاة)</span><span style=""font-size: 10pt; font-family: &quot;Jameel Noori Nastaleeq&quot;;"" lang=""AR-SA""> </span><span style=""font-family: &quot;Jameel Noori Nastaleeq&quot;;"" lang=""AR-SA"">قضانماز
کے لیے ان سنتوں کو چھوڑنے سے گو نماز ذمہ سے ساقط ہوجائے گی، مگر سنت کا ثواب نہ
ملے گا، نماز کو ہرممکن طور پر مسنون طریقہ پر ادا کرنے کی کوشش کرنی چاہیے، سنتوں
کو مسلسل چھوڑنا باعث گناہ ہے۔ </span></p>

<p class=""MsoNormal"" dir=""rtl""><span style=""font-family: &quot;Jameel Noori Nastaleeq&quot;;"" lang=""AR-SA"">(</span><span style=""font-family: &quot;Jameel Noori Nastaleeq&quot;;"" lang=""FA"">۲) </span><span style=""font-family: &quot;Jameel Noori Nastaleeq&quot;;"" lang=""AR-SA"">پڑھ
سکتا ہے، </span><span style=""font-size: 10pt;"" lang=""AR-SA"">وکثرة الفوائت کما
تسقط الترتیب في الأداء، تسقط في القضاء حتی لو ترک صلاة شہر ثم قضی ثلاثین فجرًا،
ثم ثلاثین ظہراً ثم ھکذا صح، ہکذا في محیط السرخسي (الفتاوی الھندیة: </span><span style=""font-size: 10pt;"" lang=""FA"">۱/۱۲۳</span><span style=""font-size: 10pt;"" lang=""AR-SA"">، کتاب الصلاة، الباب الحادي عشر في قضاء
الفوائت)</span><span style=""font-size: 10pt; font-family: &quot;Jameel Noori Nastaleeq&quot;;"" lang=""AR-SA"">
</span><span style=""font-family: &quot;Jameel Noori Nastaleeq&quot;;"" lang=""AR-SA""></span></p>

<p class=""MsoNormal"" dir=""rtl""><span style=""font-family: &quot;Jameel Noori Nastaleeq&quot;;"" lang=""AR-SA"">(</span><span style=""font-family: &quot;Jameel Noori Nastaleeq&quot;;"" lang=""FA"">۳) </span><span style=""font-family: &quot;Jameel Noori Nastaleeq&quot;;"" lang=""AR-SA"">ہرنماز
کے بعد قضا نماز پڑھنے کا سنن موٴکدہ، نفل کو ترک کیے بغیر التزام کرنا چاہیے اور
اگر وقت نہ ہو تو چوں کہ ادائے فوائت اہم ہے اس لیے نفل کو چھوڑکر ان اوقات میں
نمازوں کی قضاء کرلے۔ </span></p>

<p></p> 
							<br>
							<span style=""font-size:1.2em"">
								<p><strong>واللہ تعالیٰ اعلم</strong></p>
								<br class=""clear"">
								<p><strong>دارالافتاء،</strong><br>دارالعلوم دیوبند</p>
							</span>
						</li>
											</ul>
				</div>"
https://darulifta-deoband.com/home/ur/salah-prayer/13242,اکثر نمازاور قرآن پڑھتے ہوئے روتے ہوئے دل میں خیالات آتے ہیں کہ لوگ دیکھیں گے اور وہ مجھے اچھا سمجھیں گے حالانکہ میری پوری کوشش ہوتی ہے کہ ایسی جگہ عبادت کروں جہاں کوئی نہ ہو، یا اگر دوسرے کے ہوتے ہوئے بھی نماز وغیرہ میں رونا آئے تو دوسروں کو پتہ نہ چلے۔,"<h2><u> سوال: </u> <meta http-equiv=""Content-Type"" content=""text/html; charset=utf-8""><meta name=""ProgId"" content=""Word.Document""><meta name=""Generator"" content=""Microsoft Word 11""><meta name=""Originator"" content=""Microsoft Word 11""><link rel=""File-List"" href=""file:///G:\DOCUME~1\ADMINI~1\LOCALS~1\Temp\msohtml1\03\clip_filelist.xml""><!--[if gte mso 9]><xml>
 <w:WordDocument>
  <w:View>Normal</w:View>
  <w:Zoom>0</w:Zoom>
  <w:PunctuationKerning/>
  <w:ValidateAgainstSchemas/>
  <w:SaveIfXMLInvalid>false</w:SaveIfXMLInvalid>
  <w:IgnoreMixedContent>false</w:IgnoreMixedContent>
  <w:AlwaysShowPlaceholderText>false</w:AlwaysShowPlaceholderText>
  <w:Compatibility>
   <w:BreakWrappedTables/>
   <w:SnapToGridInCell/>
   <w:WrapTextWithPunct/>
   <w:UseAsianBreakRules/>
   <w:DontGrowAutofit/>
  </w:Compatibility>
  <w:BrowserLevel>MicrosoftInternetExplorer4</w:BrowserLevel>
 </w:WordDocument>
</xml><![endif]--><!--[if gte mso 9]><xml>
 <w:LatentStyles DefLockedState=""false"" LatentStyleCount=""156"">
 </w:LatentStyles>
</xml><![endif]--><style>
<!--
 /* Font Definitions */
 @font-face
	{font-family:SimSun;
	panose-1:2 1 6 0 3 1 1 1 1 1;
	mso-font-alt:&#23435;&#20307;;
	mso-font-charset:134;
	mso-generic-font-family:auto;
	mso-font-pitch:variable;
	mso-font-signature:3 135135232 16 0 262145 0;}
@font-face
	{font-family:Tahoma;
	panose-1:2 11 6 4 3 5 4 4 2 4;
	mso-font-charset:0;
	mso-generic-font-family:swiss;
	mso-font-pitch:variable;
	mso-font-signature:1627421319 -2147483648 8 0 66047 0;}
@font-face
	{font-family:""Jameel Noori Nastaleeq"";
	panose-1:2 0 5 3 0 0 0 0 0 4;
	mso-font-alt:""Times New Roman"";
	mso-font-charset:0;
	mso-generic-font-family:auto;
	mso-font-pitch:variable;
	mso-font-signature:-2147475449 0 0 0 65 0;}
@font-face
	{font-family:""\@SimSun"";
	panose-1:2 1 6 0 3 1 1 1 1 1;
	mso-font-charset:134;
	mso-generic-font-family:auto;
	mso-font-pitch:variable;
	mso-font-signature:3 135135232 16 0 262145 0;}
 /* Style Definitions */
 p.MsoNormal, li.MsoNormal, div.MsoNormal
	{mso-style-parent:"""";
	margin:0cm;
	margin-bottom:.0001pt;
	text-align:justify;
	text-justify:kashida;
	text-kashida:0%;
	mso-pagination:widow-orphan;
	direction:rtl;
	unicode-bidi:embed;
	font-size:12.0pt;
	mso-bidi-font-size:10.0pt;
	font-family:Tahoma;
	mso-fareast-font-family:SimSun;}
@page Section1
	{size:612.0pt 792.0pt;
	margin:72.0pt 90.0pt 72.0pt 90.0pt;
	mso-header-margin:36.0pt;
	mso-footer-margin:36.0pt;
	mso-paper-source:0;}
div.Section1
	{page:Section1;}
-->
</style><!--[if gte mso 10]>
<style>
 /* Style Definitions */
 table.MsoNormalTable
	{mso-style-name:""Table Normal"";
	mso-tstyle-rowband-size:0;
	mso-tstyle-colband-size:0;
	mso-style-noshow:yes;
	mso-style-parent:"""";
	mso-padding-alt:0cm 5.4pt 0cm 5.4pt;
	mso-para-margin:0cm;
	mso-para-margin-bottom:.0001pt;
	mso-pagination:widow-orphan;
	font-size:10.0pt;
	font-family:""Times New Roman"";
	mso-ansi-language:#0400;
	mso-fareast-language:#0400;
	mso-bidi-language:#0400;}
</style>
<![endif]-->

<p class=""MsoNormal"" dir=""rtl""><span style=""font-family: &quot;Jameel Noori Nastaleeq&quot;;"" lang=""AR-SA"">اکثر نمازاور قرآن پڑھتے ہوئے روتے ہوئے دل
میں خیالات آتے ہیں کہ لوگ دیکھیں گے اور وہ مجھے اچھا سمجھیں گے حالانکہ میری
پوری کوشش ہوتی ہے کہ ایسی جگہ عبادت کروں جہاں کوئی نہ ہو، یا اگر دوسرے کے ہوتے
ہوئے بھی نماز وغیرہ میں رونا آئے تو دوسروں کو پتہ نہ چلے۔<o:p></o:p></span></p>

</h2>","<p>بسم الله الرحمن الرحيم</p><p> <meta http-equiv=""Content-Type"" content=""text/html; charset=utf-8""><meta name=""ProgId"" content=""Word.Document""><meta name=""Generator"" content=""Microsoft Word 11""><meta name=""Originator"" content=""Microsoft Word 11""><link rel=""File-List"" href=""file:///G:\DOCUME~1\ADMINI~1\LOCALS~1\Temp\msohtml1\03\clip_filelist.xml""><!--[if gte mso 9]><xml>
 <w:WordDocument>
  <w:View>Normal</w:View>
  <w:Zoom>0</w:Zoom>
  <w:PunctuationKerning/>
  <w:ValidateAgainstSchemas/>
  <w:SaveIfXMLInvalid>false</w:SaveIfXMLInvalid>
  <w:IgnoreMixedContent>false</w:IgnoreMixedContent>
  <w:AlwaysShowPlaceholderText>false</w:AlwaysShowPlaceholderText>
  <w:Compatibility>
   <w:BreakWrappedTables/>
   <w:SnapToGridInCell/>
   <w:WrapTextWithPunct/>
   <w:UseAsianBreakRules/>
   <w:DontGrowAutofit/>
  </w:Compatibility>
  <w:BrowserLevel>MicrosoftInternetExplorer4</w:BrowserLevel>
 </w:WordDocument>
</xml><![endif]--><!--[if gte mso 9]><xml>
 <w:LatentStyles DefLockedState=""false"" LatentStyleCount=""156"">
 </w:LatentStyles>
</xml><![endif]--><style>
<!--
 /* Font Definitions */
 @font-face
	{font-family:SimSun;
	panose-1:2 1 6 0 3 1 1 1 1 1;
	mso-font-alt:&#23435;&#20307;;
	mso-font-charset:134;
	mso-generic-font-family:auto;
	mso-font-pitch:variable;
	mso-font-signature:3 135135232 16 0 262145 0;}
@font-face
	{font-family:Tahoma;
	panose-1:2 11 6 4 3 5 4 4 2 4;
	mso-font-charset:0;
	mso-generic-font-family:swiss;
	mso-font-pitch:variable;
	mso-font-signature:1627421319 -2147483648 8 0 66047 0;}
@font-face
	{font-family:""Jameel Noori Nastaleeq"";
	panose-1:2 0 5 3 0 0 0 0 0 4;
	mso-font-alt:""Times New Roman"";
	mso-font-charset:0;
	mso-generic-font-family:auto;
	mso-font-pitch:variable;
	mso-font-signature:-2147475449 0 0 0 65 0;}
@font-face
	{font-family:""\@SimSun"";
	panose-1:2 1 6 0 3 1 1 1 1 1;
	mso-font-charset:134;
	mso-generic-font-family:auto;
	mso-font-pitch:variable;
	mso-font-signature:3 135135232 16 0 262145 0;}
 /* Style Definitions */
 p.MsoNormal, li.MsoNormal, div.MsoNormal
	{mso-style-parent:"""";
	margin:0cm;
	margin-bottom:.0001pt;
	text-align:justify;
	text-justify:kashida;
	text-kashida:0%;
	mso-pagination:widow-orphan;
	direction:rtl;
	unicode-bidi:embed;
	font-size:12.0pt;
	mso-bidi-font-size:10.0pt;
	font-family:Tahoma;
	mso-fareast-font-family:SimSun;}
@page Section1
	{size:612.0pt 792.0pt;
	margin:72.0pt 90.0pt 72.0pt 90.0pt;
	mso-header-margin:36.0pt;
	mso-footer-margin:36.0pt;
	mso-paper-source:0;}
div.Section1
	{page:Section1;}
-->
</style><!--[if gte mso 10]>
<style>
 /* Style Definitions */
 table.MsoNormalTable
	{mso-style-name:""Table Normal"";
	mso-tstyle-rowband-size:0;
	mso-tstyle-colband-size:0;
	mso-style-noshow:yes;
	mso-style-parent:"""";
	mso-padding-alt:0cm 5.4pt 0cm 5.4pt;
	mso-para-margin:0cm;
	mso-para-margin-bottom:.0001pt;
	mso-pagination:widow-orphan;
	font-size:10.0pt;
	font-family:""Times New Roman"";
	mso-ansi-language:#0400;
	mso-fareast-language:#0400;
	mso-bidi-language:#0400;}
</style>
<![endif]-->

</p><p class=""MsoNormal"" dir=""rtl""><span style=""font-family: &quot;Jameel Noori Nastaleeq&quot;;"" lang=""AR-SA"">فتوی: 1031=875/د</span></p><p class=""MsoNormal"" dir=""rtl""><span style=""font-family: &quot;Jameel Noori Nastaleeq&quot;;"" lang=""AR-SA""><o:p>&nbsp;</o:p></span></p><p class=""MsoNormal"" dir=""rtl""><span style=""font-family: &quot;Jameel Noori Nastaleeq&quot;;"" lang=""AR-SA"">نماز وتلاوت کے دوران بے اختیار رونا آجائے
تو کوئی حرج نہیں۔ رہا اس خیال کا آنا کہ لوگ دیکھیں گے اور مجھے اچھا سمجھیں گے،
محض خیال آنے میں بھی مضائقہ نہیں ہے، باختیار خود خیال نہ لائیں اور خیال آنے کے
بعد بھی ادھر دھیان نہ دیں، خیال از خود رفع ہوجائے گا۔ </span></p><p class=""MsoNormal"" dir=""rtl""><span style=""font-family: &quot;Jameel Noori Nastaleeq&quot;;"" lang=""AR-SA"">(</span><span style=""font-family: &quot;Jameel Noori Nastaleeq&quot;;"" lang=""FA"">۲) </span><span style=""font-family: &quot;Jameel Noori Nastaleeq&quot;;"" lang=""AR-SA"">اخفا
اور کتمان کا بھی بہت زیادہ التزام جس میں مشقت ہو نہ کریں۔ بس اپنے کام میں لگے
رہیں، بتدریج ان شاء اللہ اعتدال پیدا ہوجائے گا۔ کسی نیک صالح صاحب نسبت سے
اصلاحی تعلق قائم کرلیں، اور اپنے حال کی اسے خبر کرتے رہیں، اس کی ہدیت پر عمل
کریں۔</span></p><p></p><br><span style=""font-size:1.2em"">
								<p><strong>واللہ تعالیٰ اعلم</strong></p>
								<br class=""clear"">
								<p><strong>دارالافتاء،</strong><br>دارالعلوم دیوبند</p>
							</span>",01-Sep-2020,13242,darulifta-deoband.com,عبادات,صلاة (نماز),"<div id=""recent_fatwas"" class=""container tab-pane active""><br>
					<ul class=""answer_detail"">
												<li>
																					<div class=""cate_sec"">
								<p class=""category_name"">
									<span>
										عبادات									</span> 
									&gt;&gt; 
									<span>
																		<a href=""https://darulifta-deoband.com/ur/category/n-a/MTk="">صلاة (نماز)</a>
									</span>
								</p>
								<p class=""quesid""><span class=""anser_id_urdu""> سوال نمبر: 13242</span><!--<span class=""country_urdu"">  : ملک</span> --></p>
							</div>
							<h2><u> عنوان:</u> <meta http-equiv=""Content-Type"" content=""text/html; charset=utf-8""><meta name=""ProgId"" content=""Word.Document""><meta name=""Generator"" content=""Microsoft Word 11""><meta name=""Originator"" content=""Microsoft Word 11""><link rel=""File-List"" href=""file:///G:\DOCUME~1\ADMINI~1\LOCALS~1\Temp\msohtml1\03\clip_filelist.xml""><!--[if gte mso 9]><xml>
 <w:WordDocument>
  <w:View>Normal</w:View>
  <w:Zoom>0</w:Zoom>
  <w:PunctuationKerning/>
  <w:ValidateAgainstSchemas/>
  <w:SaveIfXMLInvalid>false</w:SaveIfXMLInvalid>
  <w:IgnoreMixedContent>false</w:IgnoreMixedContent>
  <w:AlwaysShowPlaceholderText>false</w:AlwaysShowPlaceholderText>
  <w:Compatibility>
   <w:BreakWrappedTables/>
   <w:SnapToGridInCell/>
   <w:WrapTextWithPunct/>
   <w:UseAsianBreakRules/>
   <w:DontGrowAutofit/>
  </w:Compatibility>
  <w:BrowserLevel>MicrosoftInternetExplorer4</w:BrowserLevel>
 </w:WordDocument>
</xml><![endif]--><!--[if gte mso 9]><xml>
 <w:LatentStyles DefLockedState=""false"" LatentStyleCount=""156"">
 </w:LatentStyles>
</xml><![endif]--><style>
<!--
 /* Font Definitions */
 @font-face
	{font-family:SimSun;
	panose-1:2 1 6 0 3 1 1 1 1 1;
	mso-font-alt:&#23435;&#20307;;
	mso-font-charset:134;
	mso-generic-font-family:auto;
	mso-font-pitch:variable;
	mso-font-signature:3 135135232 16 0 262145 0;}
@font-face
	{font-family:Tahoma;
	panose-1:2 11 6 4 3 5 4 4 2 4;
	mso-font-charset:0;
	mso-generic-font-family:swiss;
	mso-font-pitch:variable;
	mso-font-signature:1627421319 -2147483648 8 0 66047 0;}
@font-face
	{font-family:""Jameel Noori Nastaleeq"";
	panose-1:2 0 5 3 0 0 0 0 0 4;
	mso-font-alt:""Times New Roman"";
	mso-font-charset:0;
	mso-generic-font-family:auto;
	mso-font-pitch:variable;
	mso-font-signature:-2147475449 0 0 0 65 0;}
@font-face
	{font-family:""\@SimSun"";
	panose-1:2 1 6 0 3 1 1 1 1 1;
	mso-font-charset:134;
	mso-generic-font-family:auto;
	mso-font-pitch:variable;
	mso-font-signature:3 135135232 16 0 262145 0;}
 /* Style Definitions */
 p.MsoNormal, li.MsoNormal, div.MsoNormal
	{mso-style-parent:"""";
	margin:0cm;
	margin-bottom:.0001pt;
	text-align:justify;
	text-justify:kashida;
	text-kashida:0%;
	mso-pagination:widow-orphan;
	direction:rtl;
	unicode-bidi:embed;
	font-size:12.0pt;
	mso-bidi-font-size:10.0pt;
	font-family:Tahoma;
	mso-fareast-font-family:SimSun;}
@page Section1
	{size:612.0pt 792.0pt;
	margin:72.0pt 90.0pt 72.0pt 90.0pt;
	mso-header-margin:36.0pt;
	mso-footer-margin:36.0pt;
	mso-paper-source:0;}
div.Section1
	{page:Section1;}
-->
</style><!--[if gte mso 10]>
<style>
 /* Style Definitions */
 table.MsoNormalTable
	{mso-style-name:""Table Normal"";
	mso-tstyle-rowband-size:0;
	mso-tstyle-colband-size:0;
	mso-style-noshow:yes;
	mso-style-parent:"""";
	mso-padding-alt:0cm 5.4pt 0cm 5.4pt;
	mso-para-margin:0cm;
	mso-para-margin-bottom:.0001pt;
	mso-pagination:widow-orphan;
	font-size:10.0pt;
	font-family:""Times New Roman"";
	mso-ansi-language:#0400;
	mso-fareast-language:#0400;
	mso-bidi-language:#0400;}
</style>
<![endif]-->

<p class=""MsoNormal"" dir=""rtl""><span style=""font-family: &quot;Jameel Noori Nastaleeq&quot;;"" lang=""AR-SA"">اکثر نمازاور قرآن پڑھتے ہوئے روتے ہوئے دل
میں خیالات آتے ہیں کہ لوگ دیکھیں گے اور وہ مجھے اچھا سمجھیں گے حالانکہ میری
پوری کوشش ہوتی ہے کہ ایسی جگہ عبادت کروں جہاں کوئی نہ ہو، یا اگر دوسرے کے ہوتے
ہوئے بھی نماز وغیرہ میں رونا آئے تو دوسروں کو پتہ نہ چلے۔<o:p></o:p></span></p>

</h2>
							<h2><u> سوال: </u> <meta http-equiv=""Content-Type"" content=""text/html; charset=utf-8""><meta name=""ProgId"" content=""Word.Document""><meta name=""Generator"" content=""Microsoft Word 11""><meta name=""Originator"" content=""Microsoft Word 11""><link rel=""File-List"" href=""file:///G:\DOCUME~1\ADMINI~1\LOCALS~1\Temp\msohtml1\03\clip_filelist.xml""><!--[if gte mso 9]><xml>
 <w:WordDocument>
  <w:View>Normal</w:View>
  <w:Zoom>0</w:Zoom>
  <w:PunctuationKerning/>
  <w:ValidateAgainstSchemas/>
  <w:SaveIfXMLInvalid>false</w:SaveIfXMLInvalid>
  <w:IgnoreMixedContent>false</w:IgnoreMixedContent>
  <w:AlwaysShowPlaceholderText>false</w:AlwaysShowPlaceholderText>
  <w:Compatibility>
   <w:BreakWrappedTables/>
   <w:SnapToGridInCell/>
   <w:WrapTextWithPunct/>
   <w:UseAsianBreakRules/>
   <w:DontGrowAutofit/>
  </w:Compatibility>
  <w:BrowserLevel>MicrosoftInternetExplorer4</w:BrowserLevel>
 </w:WordDocument>
</xml><![endif]--><!--[if gte mso 9]><xml>
 <w:LatentStyles DefLockedState=""false"" LatentStyleCount=""156"">
 </w:LatentStyles>
</xml><![endif]--><style>
<!--
 /* Font Definitions */
 @font-face
	{font-family:SimSun;
	panose-1:2 1 6 0 3 1 1 1 1 1;
	mso-font-alt:&#23435;&#20307;;
	mso-font-charset:134;
	mso-generic-font-family:auto;
	mso-font-pitch:variable;
	mso-font-signature:3 135135232 16 0 262145 0;}
@font-face
	{font-family:Tahoma;
	panose-1:2 11 6 4 3 5 4 4 2 4;
	mso-font-charset:0;
	mso-generic-font-family:swiss;
	mso-font-pitch:variable;
	mso-font-signature:1627421319 -2147483648 8 0 66047 0;}
@font-face
	{font-family:""Jameel Noori Nastaleeq"";
	panose-1:2 0 5 3 0 0 0 0 0 4;
	mso-font-alt:""Times New Roman"";
	mso-font-charset:0;
	mso-generic-font-family:auto;
	mso-font-pitch:variable;
	mso-font-signature:-2147475449 0 0 0 65 0;}
@font-face
	{font-family:""\@SimSun"";
	panose-1:2 1 6 0 3 1 1 1 1 1;
	mso-font-charset:134;
	mso-generic-font-family:auto;
	mso-font-pitch:variable;
	mso-font-signature:3 135135232 16 0 262145 0;}
 /* Style Definitions */
 p.MsoNormal, li.MsoNormal, div.MsoNormal
	{mso-style-parent:"""";
	margin:0cm;
	margin-bottom:.0001pt;
	text-align:justify;
	text-justify:kashida;
	text-kashida:0%;
	mso-pagination:widow-orphan;
	direction:rtl;
	unicode-bidi:embed;
	font-size:12.0pt;
	mso-bidi-font-size:10.0pt;
	font-family:Tahoma;
	mso-fareast-font-family:SimSun;}
@page Section1
	{size:612.0pt 792.0pt;
	margin:72.0pt 90.0pt 72.0pt 90.0pt;
	mso-header-margin:36.0pt;
	mso-footer-margin:36.0pt;
	mso-paper-source:0;}
div.Section1
	{page:Section1;}
-->
</style><!--[if gte mso 10]>
<style>
 /* Style Definitions */
 table.MsoNormalTable
	{mso-style-name:""Table Normal"";
	mso-tstyle-rowband-size:0;
	mso-tstyle-colband-size:0;
	mso-style-noshow:yes;
	mso-style-parent:"""";
	mso-padding-alt:0cm 5.4pt 0cm 5.4pt;
	mso-para-margin:0cm;
	mso-para-margin-bottom:.0001pt;
	mso-pagination:widow-orphan;
	font-size:10.0pt;
	font-family:""Times New Roman"";
	mso-ansi-language:#0400;
	mso-fareast-language:#0400;
	mso-bidi-language:#0400;}
</style>
<![endif]-->

<p class=""MsoNormal"" dir=""rtl""><span style=""font-family: &quot;Jameel Noori Nastaleeq&quot;;"" lang=""AR-SA"">اکثر نمازاور قرآن پڑھتے ہوئے روتے ہوئے دل
میں خیالات آتے ہیں کہ لوگ دیکھیں گے اور وہ مجھے اچھا سمجھیں گے حالانکہ میری
پوری کوشش ہوتی ہے کہ ایسی جگہ عبادت کروں جہاں کوئی نہ ہو، یا اگر دوسرے کے ہوتے
ہوئے بھی نماز وغیرہ میں رونا آئے تو دوسروں کو پتہ نہ چلے۔<o:p></o:p></span></p>

</h2>
							<p class=""fatwa_answer""><span class=""ans_urdu_id""> جواب نمبر: 13242</span><span style=""color:#efefef;display:none;"" class=""answer_date_urdu"">01-Sep-2020 : تاریخ اشاعت </span></p>
							<p>بسم الله الرحمن الرحيم</p>
							<p> <meta http-equiv=""Content-Type"" content=""text/html; charset=utf-8""><meta name=""ProgId"" content=""Word.Document""><meta name=""Generator"" content=""Microsoft Word 11""><meta name=""Originator"" content=""Microsoft Word 11""><link rel=""File-List"" href=""file:///G:\DOCUME~1\ADMINI~1\LOCALS~1\Temp\msohtml1\03\clip_filelist.xml""><!--[if gte mso 9]><xml>
 <w:WordDocument>
  <w:View>Normal</w:View>
  <w:Zoom>0</w:Zoom>
  <w:PunctuationKerning/>
  <w:ValidateAgainstSchemas/>
  <w:SaveIfXMLInvalid>false</w:SaveIfXMLInvalid>
  <w:IgnoreMixedContent>false</w:IgnoreMixedContent>
  <w:AlwaysShowPlaceholderText>false</w:AlwaysShowPlaceholderText>
  <w:Compatibility>
   <w:BreakWrappedTables/>
   <w:SnapToGridInCell/>
   <w:WrapTextWithPunct/>
   <w:UseAsianBreakRules/>
   <w:DontGrowAutofit/>
  </w:Compatibility>
  <w:BrowserLevel>MicrosoftInternetExplorer4</w:BrowserLevel>
 </w:WordDocument>
</xml><![endif]--><!--[if gte mso 9]><xml>
 <w:LatentStyles DefLockedState=""false"" LatentStyleCount=""156"">
 </w:LatentStyles>
</xml><![endif]--><style>
<!--
 /* Font Definitions */
 @font-face
	{font-family:SimSun;
	panose-1:2 1 6 0 3 1 1 1 1 1;
	mso-font-alt:&#23435;&#20307;;
	mso-font-charset:134;
	mso-generic-font-family:auto;
	mso-font-pitch:variable;
	mso-font-signature:3 135135232 16 0 262145 0;}
@font-face
	{font-family:Tahoma;
	panose-1:2 11 6 4 3 5 4 4 2 4;
	mso-font-charset:0;
	mso-generic-font-family:swiss;
	mso-font-pitch:variable;
	mso-font-signature:1627421319 -2147483648 8 0 66047 0;}
@font-face
	{font-family:""Jameel Noori Nastaleeq"";
	panose-1:2 0 5 3 0 0 0 0 0 4;
	mso-font-alt:""Times New Roman"";
	mso-font-charset:0;
	mso-generic-font-family:auto;
	mso-font-pitch:variable;
	mso-font-signature:-2147475449 0 0 0 65 0;}
@font-face
	{font-family:""\@SimSun"";
	panose-1:2 1 6 0 3 1 1 1 1 1;
	mso-font-charset:134;
	mso-generic-font-family:auto;
	mso-font-pitch:variable;
	mso-font-signature:3 135135232 16 0 262145 0;}
 /* Style Definitions */
 p.MsoNormal, li.MsoNormal, div.MsoNormal
	{mso-style-parent:"""";
	margin:0cm;
	margin-bottom:.0001pt;
	text-align:justify;
	text-justify:kashida;
	text-kashida:0%;
	mso-pagination:widow-orphan;
	direction:rtl;
	unicode-bidi:embed;
	font-size:12.0pt;
	mso-bidi-font-size:10.0pt;
	font-family:Tahoma;
	mso-fareast-font-family:SimSun;}
@page Section1
	{size:612.0pt 792.0pt;
	margin:72.0pt 90.0pt 72.0pt 90.0pt;
	mso-header-margin:36.0pt;
	mso-footer-margin:36.0pt;
	mso-paper-source:0;}
div.Section1
	{page:Section1;}
-->
</style><!--[if gte mso 10]>
<style>
 /* Style Definitions */
 table.MsoNormalTable
	{mso-style-name:""Table Normal"";
	mso-tstyle-rowband-size:0;
	mso-tstyle-colband-size:0;
	mso-style-noshow:yes;
	mso-style-parent:"""";
	mso-padding-alt:0cm 5.4pt 0cm 5.4pt;
	mso-para-margin:0cm;
	mso-para-margin-bottom:.0001pt;
	mso-pagination:widow-orphan;
	font-size:10.0pt;
	font-family:""Times New Roman"";
	mso-ansi-language:#0400;
	mso-fareast-language:#0400;
	mso-bidi-language:#0400;}
</style>
<![endif]-->

</p><p class=""MsoNormal"" dir=""rtl""><span style=""font-family: &quot;Jameel Noori Nastaleeq&quot;;"" lang=""AR-SA"">فتوی: 1031=875/د</span></p>

<p class=""MsoNormal"" dir=""rtl""><span style=""font-family: &quot;Jameel Noori Nastaleeq&quot;;"" lang=""AR-SA""><o:p>&nbsp;</o:p></span></p>

<p class=""MsoNormal"" dir=""rtl""><span style=""font-family: &quot;Jameel Noori Nastaleeq&quot;;"" lang=""AR-SA"">نماز وتلاوت کے دوران بے اختیار رونا آجائے
تو کوئی حرج نہیں۔ رہا اس خیال کا آنا کہ لوگ دیکھیں گے اور مجھے اچھا سمجھیں گے،
محض خیال آنے میں بھی مضائقہ نہیں ہے، باختیار خود خیال نہ لائیں اور خیال آنے کے
بعد بھی ادھر دھیان نہ دیں، خیال از خود رفع ہوجائے گا۔ </span></p>

<p class=""MsoNormal"" dir=""rtl""><span style=""font-family: &quot;Jameel Noori Nastaleeq&quot;;"" lang=""AR-SA"">(</span><span style=""font-family: &quot;Jameel Noori Nastaleeq&quot;;"" lang=""FA"">۲) </span><span style=""font-family: &quot;Jameel Noori Nastaleeq&quot;;"" lang=""AR-SA"">اخفا
اور کتمان کا بھی بہت زیادہ التزام جس میں مشقت ہو نہ کریں۔ بس اپنے کام میں لگے
رہیں، بتدریج ان شاء اللہ اعتدال پیدا ہوجائے گا۔ کسی نیک صالح صاحب نسبت سے
اصلاحی تعلق قائم کرلیں، اور اپنے حال کی اسے خبر کرتے رہیں، اس کی ہدیت پر عمل
کریں۔</span></p>

<p></p> 
							<br>
							<span style=""font-size:1.2em"">
								<p><strong>واللہ تعالیٰ اعلم</strong></p>
								<br class=""clear"">
								<p><strong>دارالافتاء،</strong><br>دارالعلوم دیوبند</p>
							</span>
						</li>
											</ul>
				</div>"
https://darulifta-deoband.com/home/ur/salah-prayer/13240,اکثر نماز پڑھتے ہوئے جب کبھی رونا آتا ہے تو ناک سے بھی پانی نکلتا ہے اس سے مشکل ہوتی ہے اور نماز میں خیال پیدا ہوتا ہے۔ کیا میں نماز کے دوران رومال سے ناک صاف کرسکتا ہوں؟,"<h2><u> سوال: </u> <meta http-equiv=""Content-Type"" content=""text/html; charset=utf-8""><meta name=""ProgId"" content=""Word.Document""><meta name=""Generator"" content=""Microsoft Word 11""><meta name=""Originator"" content=""Microsoft Word 11""><link rel=""File-List"" href=""file:///G:\DOCUME~1\ADMINI~1\LOCALS~1\Temp\msohtml1\01\clip_filelist.xml""><!--[if gte mso 9]><xml>
 <w:WordDocument>
  <w:View>Normal</w:View>
  <w:Zoom>0</w:Zoom>
  <w:PunctuationKerning/>
  <w:ValidateAgainstSchemas/>
  <w:SaveIfXMLInvalid>false</w:SaveIfXMLInvalid>
  <w:IgnoreMixedContent>false</w:IgnoreMixedContent>
  <w:AlwaysShowPlaceholderText>false</w:AlwaysShowPlaceholderText>
  <w:Compatibility>
   <w:BreakWrappedTables/>
   <w:SnapToGridInCell/>
   <w:WrapTextWithPunct/>
   <w:UseAsianBreakRules/>
   <w:DontGrowAutofit/>
  </w:Compatibility>
  <w:BrowserLevel>MicrosoftInternetExplorer4</w:BrowserLevel>
 </w:WordDocument>
</xml><![endif]--><!--[if gte mso 9]><xml>
 <w:LatentStyles DefLockedState=""false"" LatentStyleCount=""156"">
 </w:LatentStyles>
</xml><![endif]--><style>
<!--
 /* Font Definitions */
 @font-face
	{font-family:SimSun;
	panose-1:2 1 6 0 3 1 1 1 1 1;
	mso-font-alt:&#23435;&#20307;;
	mso-font-charset:134;
	mso-generic-font-family:auto;
	mso-font-pitch:variable;
	mso-font-signature:3 135135232 16 0 262145 0;}
@font-face
	{font-family:Tahoma;
	panose-1:2 11 6 4 3 5 4 4 2 4;
	mso-font-charset:0;
	mso-generic-font-family:swiss;
	mso-font-pitch:variable;
	mso-font-signature:1627421319 -2147483648 8 0 66047 0;}
@font-face
	{font-family:""Jameel Noori Nastaleeq"";
	panose-1:2 0 5 3 0 0 0 0 0 4;
	mso-font-charset:0;
	mso-generic-font-family:auto;
	mso-font-pitch:variable;
	mso-font-signature:-2147475449 0 0 0 65 0;}
@font-face
	{font-family:""\@SimSun"";
	panose-1:2 1 6 0 3 1 1 1 1 1;
	mso-font-charset:134;
	mso-generic-font-family:auto;
	mso-font-pitch:variable;
	mso-font-signature:3 135135232 16 0 262145 0;}
 /* Style Definitions */
 p.MsoNormal, li.MsoNormal, div.MsoNormal
	{mso-style-parent:"""";
	margin:0cm;
	margin-bottom:.0001pt;
	text-align:justify;
	text-justify:kashida;
	text-kashida:0%;
	mso-pagination:widow-orphan;
	direction:rtl;
	unicode-bidi:embed;
	font-size:12.0pt;
	mso-bidi-font-size:10.0pt;
	font-family:Tahoma;
	mso-fareast-font-family:SimSun;}
@page Section1
	{size:612.0pt 792.0pt;
	margin:72.0pt 90.0pt 72.0pt 90.0pt;
	mso-header-margin:36.0pt;
	mso-footer-margin:36.0pt;
	mso-paper-source:0;}
div.Section1
	{page:Section1;}
-->
</style><!--[if gte mso 10]>
<style>
 /* Style Definitions */
 table.MsoNormalTable
	{mso-style-name:""Table Normal"";
	mso-tstyle-rowband-size:0;
	mso-tstyle-colband-size:0;
	mso-style-noshow:yes;
	mso-style-parent:"""";
	mso-padding-alt:0cm 5.4pt 0cm 5.4pt;
	mso-para-margin:0cm;
	mso-para-margin-bottom:.0001pt;
	mso-pagination:widow-orphan;
	font-size:10.0pt;
	font-family:""Times New Roman"";
	mso-ansi-language:#0400;
	mso-fareast-language:#0400;
	mso-bidi-language:#0400;}
</style>
<![endif]-->

<p class=""MsoNormal"" dir=""rtl""><span style=""font-family: &quot;Jameel Noori Nastaleeq&quot;;"" lang=""AR-SA"">اکثر نماز پڑھتے ہوئے جب کبھی رونا آتا ہے
تو ناک سے بھی پانی نکلتا ہے اس سے مشکل ہوتی ہے اور نماز میں خیال پیدا ہوتا ہے۔
کیا میں نماز کے دوران رومال سے ناک صاف کرسکتا ہوں؟<o:p></o:p></span></p>

</h2>","<p>بسم الله الرحمن الرحيم</p><p> <meta http-equiv=""Content-Type"" content=""text/html; charset=utf-8""><meta name=""ProgId"" content=""Word.Document""><meta name=""Generator"" content=""Microsoft Word 11""><meta name=""Originator"" content=""Microsoft Word 11""><link rel=""File-List"" href=""file:///G:\DOCUME~1\ADMINI~1\LOCALS~1\Temp\msohtml1\01\clip_filelist.xml""><!--[if gte mso 9]><xml>
 <w:WordDocument>
  <w:View>Normal</w:View>
  <w:Zoom>0</w:Zoom>
  <w:PunctuationKerning/>
  <w:ValidateAgainstSchemas/>
  <w:SaveIfXMLInvalid>false</w:SaveIfXMLInvalid>
  <w:IgnoreMixedContent>false</w:IgnoreMixedContent>
  <w:AlwaysShowPlaceholderText>false</w:AlwaysShowPlaceholderText>
  <w:Compatibility>
   <w:BreakWrappedTables/>
   <w:SnapToGridInCell/>
   <w:WrapTextWithPunct/>
   <w:UseAsianBreakRules/>
   <w:DontGrowAutofit/>
  </w:Compatibility>
  <w:BrowserLevel>MicrosoftInternetExplorer4</w:BrowserLevel>
 </w:WordDocument>
</xml><![endif]--><!--[if gte mso 9]><xml>
 <w:LatentStyles DefLockedState=""false"" LatentStyleCount=""156"">
 </w:LatentStyles>
</xml><![endif]--><style>
<!--
 /* Font Definitions */
 @font-face
	{font-family:SimSun;
	panose-1:2 1 6 0 3 1 1 1 1 1;
	mso-font-alt:&#23435;&#20307;;
	mso-font-charset:134;
	mso-generic-font-family:auto;
	mso-font-pitch:variable;
	mso-font-signature:3 135135232 16 0 262145 0;}
@font-face
	{font-family:Tahoma;
	panose-1:2 11 6 4 3 5 4 4 2 4;
	mso-font-charset:0;
	mso-generic-font-family:swiss;
	mso-font-pitch:variable;
	mso-font-signature:1627421319 -2147483648 8 0 66047 0;}
@font-face
	{font-family:""Jameel Noori Nastaleeq"";
	panose-1:2 0 5 3 0 0 0 0 0 4;
	mso-font-charset:0;
	mso-generic-font-family:auto;
	mso-font-pitch:variable;
	mso-font-signature:-2147475449 0 0 0 65 0;}
@font-face
	{font-family:""\@SimSun"";
	panose-1:2 1 6 0 3 1 1 1 1 1;
	mso-font-charset:134;
	mso-generic-font-family:auto;
	mso-font-pitch:variable;
	mso-font-signature:3 135135232 16 0 262145 0;}
 /* Style Definitions */
 p.MsoNormal, li.MsoNormal, div.MsoNormal
	{mso-style-parent:"""";
	margin:0cm;
	margin-bottom:.0001pt;
	text-align:justify;
	text-justify:kashida;
	text-kashida:0%;
	mso-pagination:widow-orphan;
	direction:rtl;
	unicode-bidi:embed;
	font-size:12.0pt;
	mso-bidi-font-size:10.0pt;
	font-family:Tahoma;
	mso-fareast-font-family:SimSun;}
@page Section1
	{size:612.0pt 792.0pt;
	margin:72.0pt 90.0pt 72.0pt 90.0pt;
	mso-header-margin:36.0pt;
	mso-footer-margin:36.0pt;
	mso-paper-source:0;}
div.Section1
	{page:Section1;}
-->
</style><!--[if gte mso 10]>
<style>
 /* Style Definitions */
 table.MsoNormalTable
	{mso-style-name:""Table Normal"";
	mso-tstyle-rowband-size:0;
	mso-tstyle-colband-size:0;
	mso-style-noshow:yes;
	mso-style-parent:"""";
	mso-padding-alt:0cm 5.4pt 0cm 5.4pt;
	mso-para-margin:0cm;
	mso-para-margin-bottom:.0001pt;
	mso-pagination:widow-orphan;
	font-size:10.0pt;
	font-family:""Times New Roman"";
	mso-ansi-language:#0400;
	mso-fareast-language:#0400;
	mso-bidi-language:#0400;}
</style>
<![endif]-->

</p><p class=""MsoNormal"" dir=""rtl""><span style=""font-family: &quot;Jameel Noori Nastaleeq&quot;;"" lang=""AR-SA"">فتوی: 973=915/ب</span></p><p class=""MsoNormal"" dir=""rtl""><span style=""font-family: &quot;Jameel Noori Nastaleeq&quot;;"" lang=""AR-SA""><o:p>&nbsp;</o:p></span></p><p class=""MsoNormal"" dir=""rtl""><span style=""font-family: &quot;Jameel Noori Nastaleeq&quot;;"" lang=""AR-SA"">ایک ہاتھ سے صاف کرنے کی گنجائش ہے، مگر جیب
سے رومال نکال کر ناک صاف نہ کریں، بلکہ سجدہ گاہ میں رکھ لیں، اس طرح کہ مسجد کا
فرش یا چٹائی ملوث نہ ہو۔ جب سجدہ میں جائیں تو عمل یسیر کے ذریعہ صاف کرلیں۔ </span></p><p></p><br><span style=""font-size:1.2em"">
								<p><strong>واللہ تعالیٰ اعلم</strong></p>
								<br class=""clear"">
								<p><strong>دارالافتاء،</strong><br>دارالعلوم دیوبند</p>
							</span>",01-Sep-2020,13240,darulifta-deoband.com,عبادات,صلاة (نماز),"<div id=""recent_fatwas"" class=""container tab-pane active""><br>
					<ul class=""answer_detail"">
												<li>
																					<div class=""cate_sec"">
								<p class=""category_name"">
									<span>
										عبادات									</span> 
									&gt;&gt; 
									<span>
																		<a href=""https://darulifta-deoband.com/ur/category/n-a/MTk="">صلاة (نماز)</a>
									</span>
								</p>
								<p class=""quesid""><span class=""anser_id_urdu""> سوال نمبر: 13240</span><!--<span class=""country_urdu"">  : ملک</span> --></p>
							</div>
							<h2><u> عنوان:</u> <meta http-equiv=""Content-Type"" content=""text/html; charset=utf-8""><meta name=""ProgId"" content=""Word.Document""><meta name=""Generator"" content=""Microsoft Word 11""><meta name=""Originator"" content=""Microsoft Word 11""><link rel=""File-List"" href=""file:///G:\DOCUME~1\ADMINI~1\LOCALS~1\Temp\msohtml1\01\clip_filelist.xml""><!--[if gte mso 9]><xml>
 <w:WordDocument>
  <w:View>Normal</w:View>
  <w:Zoom>0</w:Zoom>
  <w:PunctuationKerning/>
  <w:ValidateAgainstSchemas/>
  <w:SaveIfXMLInvalid>false</w:SaveIfXMLInvalid>
  <w:IgnoreMixedContent>false</w:IgnoreMixedContent>
  <w:AlwaysShowPlaceholderText>false</w:AlwaysShowPlaceholderText>
  <w:Compatibility>
   <w:BreakWrappedTables/>
   <w:SnapToGridInCell/>
   <w:WrapTextWithPunct/>
   <w:UseAsianBreakRules/>
   <w:DontGrowAutofit/>
  </w:Compatibility>
  <w:BrowserLevel>MicrosoftInternetExplorer4</w:BrowserLevel>
 </w:WordDocument>
</xml><![endif]--><!--[if gte mso 9]><xml>
 <w:LatentStyles DefLockedState=""false"" LatentStyleCount=""156"">
 </w:LatentStyles>
</xml><![endif]--><style>
<!--
 /* Font Definitions */
 @font-face
	{font-family:SimSun;
	panose-1:2 1 6 0 3 1 1 1 1 1;
	mso-font-alt:&#23435;&#20307;;
	mso-font-charset:134;
	mso-generic-font-family:auto;
	mso-font-pitch:variable;
	mso-font-signature:3 135135232 16 0 262145 0;}
@font-face
	{font-family:Tahoma;
	panose-1:2 11 6 4 3 5 4 4 2 4;
	mso-font-charset:0;
	mso-generic-font-family:swiss;
	mso-font-pitch:variable;
	mso-font-signature:1627421319 -2147483648 8 0 66047 0;}
@font-face
	{font-family:""Jameel Noori Nastaleeq"";
	panose-1:2 0 5 3 0 0 0 0 0 4;
	mso-font-charset:0;
	mso-generic-font-family:auto;
	mso-font-pitch:variable;
	mso-font-signature:-2147475449 0 0 0 65 0;}
@font-face
	{font-family:""\@SimSun"";
	panose-1:2 1 6 0 3 1 1 1 1 1;
	mso-font-charset:134;
	mso-generic-font-family:auto;
	mso-font-pitch:variable;
	mso-font-signature:3 135135232 16 0 262145 0;}
 /* Style Definitions */
 p.MsoNormal, li.MsoNormal, div.MsoNormal
	{mso-style-parent:"""";
	margin:0cm;
	margin-bottom:.0001pt;
	text-align:justify;
	text-justify:kashida;
	text-kashida:0%;
	mso-pagination:widow-orphan;
	direction:rtl;
	unicode-bidi:embed;
	font-size:12.0pt;
	mso-bidi-font-size:10.0pt;
	font-family:Tahoma;
	mso-fareast-font-family:SimSun;}
@page Section1
	{size:612.0pt 792.0pt;
	margin:72.0pt 90.0pt 72.0pt 90.0pt;
	mso-header-margin:36.0pt;
	mso-footer-margin:36.0pt;
	mso-paper-source:0;}
div.Section1
	{page:Section1;}
-->
</style><!--[if gte mso 10]>
<style>
 /* Style Definitions */
 table.MsoNormalTable
	{mso-style-name:""Table Normal"";
	mso-tstyle-rowband-size:0;
	mso-tstyle-colband-size:0;
	mso-style-noshow:yes;
	mso-style-parent:"""";
	mso-padding-alt:0cm 5.4pt 0cm 5.4pt;
	mso-para-margin:0cm;
	mso-para-margin-bottom:.0001pt;
	mso-pagination:widow-orphan;
	font-size:10.0pt;
	font-family:""Times New Roman"";
	mso-ansi-language:#0400;
	mso-fareast-language:#0400;
	mso-bidi-language:#0400;}
</style>
<![endif]-->

<p class=""MsoNormal"" dir=""rtl""><span style=""font-family: &quot;Jameel Noori Nastaleeq&quot;;"" lang=""AR-SA"">اکثر نماز پڑھتے ہوئے جب کبھی رونا آتا ہے
تو ناک سے بھی پانی نکلتا ہے اس سے مشکل ہوتی ہے اور نماز میں خیال پیدا ہوتا ہے۔
کیا میں نماز کے دوران رومال سے ناک صاف کرسکتا ہوں؟<o:p></o:p></span></p>

</h2>
							<h2><u> سوال: </u> <meta http-equiv=""Content-Type"" content=""text/html; charset=utf-8""><meta name=""ProgId"" content=""Word.Document""><meta name=""Generator"" content=""Microsoft Word 11""><meta name=""Originator"" content=""Microsoft Word 11""><link rel=""File-List"" href=""file:///G:\DOCUME~1\ADMINI~1\LOCALS~1\Temp\msohtml1\01\clip_filelist.xml""><!--[if gte mso 9]><xml>
 <w:WordDocument>
  <w:View>Normal</w:View>
  <w:Zoom>0</w:Zoom>
  <w:PunctuationKerning/>
  <w:ValidateAgainstSchemas/>
  <w:SaveIfXMLInvalid>false</w:SaveIfXMLInvalid>
  <w:IgnoreMixedContent>false</w:IgnoreMixedContent>
  <w:AlwaysShowPlaceholderText>false</w:AlwaysShowPlaceholderText>
  <w:Compatibility>
   <w:BreakWrappedTables/>
   <w:SnapToGridInCell/>
   <w:WrapTextWithPunct/>
   <w:UseAsianBreakRules/>
   <w:DontGrowAutofit/>
  </w:Compatibility>
  <w:BrowserLevel>MicrosoftInternetExplorer4</w:BrowserLevel>
 </w:WordDocument>
</xml><![endif]--><!--[if gte mso 9]><xml>
 <w:LatentStyles DefLockedState=""false"" LatentStyleCount=""156"">
 </w:LatentStyles>
</xml><![endif]--><style>
<!--
 /* Font Definitions */
 @font-face
	{font-family:SimSun;
	panose-1:2 1 6 0 3 1 1 1 1 1;
	mso-font-alt:&#23435;&#20307;;
	mso-font-charset:134;
	mso-generic-font-family:auto;
	mso-font-pitch:variable;
	mso-font-signature:3 135135232 16 0 262145 0;}
@font-face
	{font-family:Tahoma;
	panose-1:2 11 6 4 3 5 4 4 2 4;
	mso-font-charset:0;
	mso-generic-font-family:swiss;
	mso-font-pitch:variable;
	mso-font-signature:1627421319 -2147483648 8 0 66047 0;}
@font-face
	{font-family:""Jameel Noori Nastaleeq"";
	panose-1:2 0 5 3 0 0 0 0 0 4;
	mso-font-charset:0;
	mso-generic-font-family:auto;
	mso-font-pitch:variable;
	mso-font-signature:-2147475449 0 0 0 65 0;}
@font-face
	{font-family:""\@SimSun"";
	panose-1:2 1 6 0 3 1 1 1 1 1;
	mso-font-charset:134;
	mso-generic-font-family:auto;
	mso-font-pitch:variable;
	mso-font-signature:3 135135232 16 0 262145 0;}
 /* Style Definitions */
 p.MsoNormal, li.MsoNormal, div.MsoNormal
	{mso-style-parent:"""";
	margin:0cm;
	margin-bottom:.0001pt;
	text-align:justify;
	text-justify:kashida;
	text-kashida:0%;
	mso-pagination:widow-orphan;
	direction:rtl;
	unicode-bidi:embed;
	font-size:12.0pt;
	mso-bidi-font-size:10.0pt;
	font-family:Tahoma;
	mso-fareast-font-family:SimSun;}
@page Section1
	{size:612.0pt 792.0pt;
	margin:72.0pt 90.0pt 72.0pt 90.0pt;
	mso-header-margin:36.0pt;
	mso-footer-margin:36.0pt;
	mso-paper-source:0;}
div.Section1
	{page:Section1;}
-->
</style><!--[if gte mso 10]>
<style>
 /* Style Definitions */
 table.MsoNormalTable
	{mso-style-name:""Table Normal"";
	mso-tstyle-rowband-size:0;
	mso-tstyle-colband-size:0;
	mso-style-noshow:yes;
	mso-style-parent:"""";
	mso-padding-alt:0cm 5.4pt 0cm 5.4pt;
	mso-para-margin:0cm;
	mso-para-margin-bottom:.0001pt;
	mso-pagination:widow-orphan;
	font-size:10.0pt;
	font-family:""Times New Roman"";
	mso-ansi-language:#0400;
	mso-fareast-language:#0400;
	mso-bidi-language:#0400;}
</style>
<![endif]-->

<p class=""MsoNormal"" dir=""rtl""><span style=""font-family: &quot;Jameel Noori Nastaleeq&quot;;"" lang=""AR-SA"">اکثر نماز پڑھتے ہوئے جب کبھی رونا آتا ہے
تو ناک سے بھی پانی نکلتا ہے اس سے مشکل ہوتی ہے اور نماز میں خیال پیدا ہوتا ہے۔
کیا میں نماز کے دوران رومال سے ناک صاف کرسکتا ہوں؟<o:p></o:p></span></p>

</h2>
							<p class=""fatwa_answer""><span class=""ans_urdu_id""> جواب نمبر: 13240</span><span style=""color:#efefef;display:none;"" class=""answer_date_urdu"">01-Sep-2020 : تاریخ اشاعت </span></p>
							<p>بسم الله الرحمن الرحيم</p>
							<p> <meta http-equiv=""Content-Type"" content=""text/html; charset=utf-8""><meta name=""ProgId"" content=""Word.Document""><meta name=""Generator"" content=""Microsoft Word 11""><meta name=""Originator"" content=""Microsoft Word 11""><link rel=""File-List"" href=""file:///G:\DOCUME~1\ADMINI~1\LOCALS~1\Temp\msohtml1\01\clip_filelist.xml""><!--[if gte mso 9]><xml>
 <w:WordDocument>
  <w:View>Normal</w:View>
  <w:Zoom>0</w:Zoom>
  <w:PunctuationKerning/>
  <w:ValidateAgainstSchemas/>
  <w:SaveIfXMLInvalid>false</w:SaveIfXMLInvalid>
  <w:IgnoreMixedContent>false</w:IgnoreMixedContent>
  <w:AlwaysShowPlaceholderText>false</w:AlwaysShowPlaceholderText>
  <w:Compatibility>
   <w:BreakWrappedTables/>
   <w:SnapToGridInCell/>
   <w:WrapTextWithPunct/>
   <w:UseAsianBreakRules/>
   <w:DontGrowAutofit/>
  </w:Compatibility>
  <w:BrowserLevel>MicrosoftInternetExplorer4</w:BrowserLevel>
 </w:WordDocument>
</xml><![endif]--><!--[if gte mso 9]><xml>
 <w:LatentStyles DefLockedState=""false"" LatentStyleCount=""156"">
 </w:LatentStyles>
</xml><![endif]--><style>
<!--
 /* Font Definitions */
 @font-face
	{font-family:SimSun;
	panose-1:2 1 6 0 3 1 1 1 1 1;
	mso-font-alt:&#23435;&#20307;;
	mso-font-charset:134;
	mso-generic-font-family:auto;
	mso-font-pitch:variable;
	mso-font-signature:3 135135232 16 0 262145 0;}
@font-face
	{font-family:Tahoma;
	panose-1:2 11 6 4 3 5 4 4 2 4;
	mso-font-charset:0;
	mso-generic-font-family:swiss;
	mso-font-pitch:variable;
	mso-font-signature:1627421319 -2147483648 8 0 66047 0;}
@font-face
	{font-family:""Jameel Noori Nastaleeq"";
	panose-1:2 0 5 3 0 0 0 0 0 4;
	mso-font-charset:0;
	mso-generic-font-family:auto;
	mso-font-pitch:variable;
	mso-font-signature:-2147475449 0 0 0 65 0;}
@font-face
	{font-family:""\@SimSun"";
	panose-1:2 1 6 0 3 1 1 1 1 1;
	mso-font-charset:134;
	mso-generic-font-family:auto;
	mso-font-pitch:variable;
	mso-font-signature:3 135135232 16 0 262145 0;}
 /* Style Definitions */
 p.MsoNormal, li.MsoNormal, div.MsoNormal
	{mso-style-parent:"""";
	margin:0cm;
	margin-bottom:.0001pt;
	text-align:justify;
	text-justify:kashida;
	text-kashida:0%;
	mso-pagination:widow-orphan;
	direction:rtl;
	unicode-bidi:embed;
	font-size:12.0pt;
	mso-bidi-font-size:10.0pt;
	font-family:Tahoma;
	mso-fareast-font-family:SimSun;}
@page Section1
	{size:612.0pt 792.0pt;
	margin:72.0pt 90.0pt 72.0pt 90.0pt;
	mso-header-margin:36.0pt;
	mso-footer-margin:36.0pt;
	mso-paper-source:0;}
div.Section1
	{page:Section1;}
-->
</style><!--[if gte mso 10]>
<style>
 /* Style Definitions */
 table.MsoNormalTable
	{mso-style-name:""Table Normal"";
	mso-tstyle-rowband-size:0;
	mso-tstyle-colband-size:0;
	mso-style-noshow:yes;
	mso-style-parent:"""";
	mso-padding-alt:0cm 5.4pt 0cm 5.4pt;
	mso-para-margin:0cm;
	mso-para-margin-bottom:.0001pt;
	mso-pagination:widow-orphan;
	font-size:10.0pt;
	font-family:""Times New Roman"";
	mso-ansi-language:#0400;
	mso-fareast-language:#0400;
	mso-bidi-language:#0400;}
</style>
<![endif]-->

</p><p class=""MsoNormal"" dir=""rtl""><span style=""font-family: &quot;Jameel Noori Nastaleeq&quot;;"" lang=""AR-SA"">فتوی: 973=915/ب</span></p>

<p class=""MsoNormal"" dir=""rtl""><span style=""font-family: &quot;Jameel Noori Nastaleeq&quot;;"" lang=""AR-SA""><o:p>&nbsp;</o:p></span></p>

<p class=""MsoNormal"" dir=""rtl""><span style=""font-family: &quot;Jameel Noori Nastaleeq&quot;;"" lang=""AR-SA"">ایک ہاتھ سے صاف کرنے کی گنجائش ہے، مگر جیب
سے رومال نکال کر ناک صاف نہ کریں، بلکہ سجدہ گاہ میں رکھ لیں، اس طرح کہ مسجد کا
فرش یا چٹائی ملوث نہ ہو۔ جب سجدہ میں جائیں تو عمل یسیر کے ذریعہ صاف کرلیں۔ </span></p>

<p></p> 
							<br>
							<span style=""font-size:1.2em"">
								<p><strong>واللہ تعالیٰ اعلم</strong></p>
								<br class=""clear"">
								<p><strong>دارالافتاء،</strong><br>دارالعلوم دیوبند</p>
							</span>
						</li>
											</ul>
				</div>"
https://darulifta-deoband.com/home/ur/salah-prayer/13215,کیا بغیر وضو سجدہٴ تلاوت کرسکتے ہیں؟,"<h2><u> سوال: </u> <meta http-equiv=""Content-Type"" content=""text/html; charset=utf-8""><meta name=""ProgId"" content=""Word.Document""><meta name=""Generator"" content=""Microsoft Word 11""><meta name=""Originator"" content=""Microsoft Word 11""><link rel=""File-List"" href=""file:///G:\DOCUME~1\ADMINI~1\LOCALS~1\Temp\msohtml1\03\clip_filelist.xml""><!--[if gte mso 9]><xml>
 <w:WordDocument>
  <w:View>Normal</w:View>
  <w:Zoom>0</w:Zoom>
  <w:PunctuationKerning/>
  <w:ValidateAgainstSchemas/>
  <w:SaveIfXMLInvalid>false</w:SaveIfXMLInvalid>
  <w:IgnoreMixedContent>false</w:IgnoreMixedContent>
  <w:AlwaysShowPlaceholderText>false</w:AlwaysShowPlaceholderText>
  <w:Compatibility>
   <w:BreakWrappedTables/>
   <w:SnapToGridInCell/>
   <w:WrapTextWithPunct/>
   <w:UseAsianBreakRules/>
   <w:DontGrowAutofit/>
  </w:Compatibility>
  <w:BrowserLevel>MicrosoftInternetExplorer4</w:BrowserLevel>
 </w:WordDocument>
</xml><![endif]--><!--[if gte mso 9]><xml>
 <w:LatentStyles DefLockedState=""false"" LatentStyleCount=""156"">
 </w:LatentStyles>
</xml><![endif]--><style>
<!--
 /* Font Definitions */
 @font-face
	{font-family:SimSun;
	panose-1:2 1 6 0 3 1 1 1 1 1;
	mso-font-alt:&#23435;&#20307;;
	mso-font-charset:134;
	mso-generic-font-family:auto;
	mso-font-pitch:variable;
	mso-font-signature:3 135135232 16 0 262145 0;}
@font-face
	{font-family:Tahoma;
	panose-1:2 11 6 4 3 5 4 4 2 4;
	mso-font-charset:0;
	mso-generic-font-family:swiss;
	mso-font-pitch:variable;
	mso-font-signature:1627421319 -2147483648 8 0 66047 0;}
@font-face
	{font-family:""Jameel Noori Nastaleeq"";
	panose-1:2 0 5 3 0 0 0 0 0 4;
	mso-font-charset:0;
	mso-generic-font-family:auto;
	mso-font-pitch:variable;
	mso-font-signature:-2147475449 0 0 0 65 0;}
@font-face
	{font-family:""\@SimSun"";
	panose-1:2 1 6 0 3 1 1 1 1 1;
	mso-font-charset:134;
	mso-generic-font-family:auto;
	mso-font-pitch:variable;
	mso-font-signature:3 135135232 16 0 262145 0;}
 /* Style Definitions */
 p.MsoNormal, li.MsoNormal, div.MsoNormal
	{mso-style-parent:"""";
	margin:0cm;
	margin-bottom:.0001pt;
	text-align:justify;
	text-justify:kashida;
	text-kashida:0%;
	mso-pagination:widow-orphan;
	direction:rtl;
	unicode-bidi:embed;
	font-size:12.0pt;
	mso-bidi-font-size:10.0pt;
	font-family:Tahoma;
	mso-fareast-font-family:SimSun;}
@page Section1
	{size:612.0pt 792.0pt;
	margin:72.0pt 90.0pt 72.0pt 90.0pt;
	mso-header-margin:36.0pt;
	mso-footer-margin:36.0pt;
	mso-paper-source:0;}
div.Section1
	{page:Section1;}
-->
</style><!--[if gte mso 10]>
<style>
 /* Style Definitions */
 table.MsoNormalTable
	{mso-style-name:""Table Normal"";
	mso-tstyle-rowband-size:0;
	mso-tstyle-colband-size:0;
	mso-style-noshow:yes;
	mso-style-parent:"""";
	mso-padding-alt:0cm 5.4pt 0cm 5.4pt;
	mso-para-margin:0cm;
	mso-para-margin-bottom:.0001pt;
	mso-pagination:widow-orphan;
	font-size:10.0pt;
	font-family:""Times New Roman"";
	mso-ansi-language:#0400;
	mso-fareast-language:#0400;
	mso-bidi-language:#0400;}
</style>
<![endif]-->

<p class=""MsoNormal"" dir=""rtl""><span style=""font-family: &quot;Jameel Noori Nastaleeq&quot;;"" lang=""AR-SA"">کیا بغیر وضو سجدہٴ تلاوت کرسکتے ہیں؟<o:p></o:p></span></p>

</h2>","<p>بسم الله الرحمن الرحيم</p><p> <meta http-equiv=""Content-Type"" content=""text/html; charset=utf-8""><meta name=""ProgId"" content=""Word.Document""><meta name=""Generator"" content=""Microsoft Word 11""><meta name=""Originator"" content=""Microsoft Word 11""><link rel=""File-List"" href=""file:///G:\DOCUME~1\ADMINI~1\LOCALS~1\Temp\msohtml1\03\clip_filelist.xml""><!--[if gte mso 9]><xml>
 <w:WordDocument>
  <w:View>Normal</w:View>
  <w:Zoom>0</w:Zoom>
  <w:PunctuationKerning/>
  <w:ValidateAgainstSchemas/>
  <w:SaveIfXMLInvalid>false</w:SaveIfXMLInvalid>
  <w:IgnoreMixedContent>false</w:IgnoreMixedContent>
  <w:AlwaysShowPlaceholderText>false</w:AlwaysShowPlaceholderText>
  <w:Compatibility>
   <w:BreakWrappedTables/>
   <w:SnapToGridInCell/>
   <w:WrapTextWithPunct/>
   <w:UseAsianBreakRules/>
   <w:DontGrowAutofit/>
  </w:Compatibility>
  <w:BrowserLevel>MicrosoftInternetExplorer4</w:BrowserLevel>
 </w:WordDocument>
</xml><![endif]--><!--[if gte mso 9]><xml>
 <w:LatentStyles DefLockedState=""false"" LatentStyleCount=""156"">
 </w:LatentStyles>
</xml><![endif]--><style>
<!--
 /* Font Definitions */
 @font-face
	{font-family:SimSun;
	panose-1:2 1 6 0 3 1 1 1 1 1;
	mso-font-alt:&#23435;&#20307;;
	mso-font-charset:134;
	mso-generic-font-family:auto;
	mso-font-pitch:variable;
	mso-font-signature:3 135135232 16 0 262145 0;}
@font-face
	{font-family:Tahoma;
	panose-1:2 11 6 4 3 5 4 4 2 4;
	mso-font-charset:0;
	mso-generic-font-family:swiss;
	mso-font-pitch:variable;
	mso-font-signature:1627421319 -2147483648 8 0 66047 0;}
@font-face
	{font-family:""Jameel Noori Nastaleeq"";
	panose-1:2 0 5 3 0 0 0 0 0 4;
	mso-font-charset:0;
	mso-generic-font-family:auto;
	mso-font-pitch:variable;
	mso-font-signature:-2147475449 0 0 0 65 0;}
@font-face
	{font-family:""\@SimSun"";
	panose-1:2 1 6 0 3 1 1 1 1 1;
	mso-font-charset:134;
	mso-generic-font-family:auto;
	mso-font-pitch:variable;
	mso-font-signature:3 135135232 16 0 262145 0;}
 /* Style Definitions */
 p.MsoNormal, li.MsoNormal, div.MsoNormal
	{mso-style-parent:"""";
	margin:0cm;
	margin-bottom:.0001pt;
	text-align:justify;
	text-justify:kashida;
	text-kashida:0%;
	mso-pagination:widow-orphan;
	direction:rtl;
	unicode-bidi:embed;
	font-size:12.0pt;
	mso-bidi-font-size:10.0pt;
	font-family:Tahoma;
	mso-fareast-font-family:SimSun;}
@page Section1
	{size:612.0pt 792.0pt;
	margin:72.0pt 90.0pt 72.0pt 90.0pt;
	mso-header-margin:36.0pt;
	mso-footer-margin:36.0pt;
	mso-paper-source:0;}
div.Section1
	{page:Section1;}
-->
</style><!--[if gte mso 10]>
<style>
 /* Style Definitions */
 table.MsoNormalTable
	{mso-style-name:""Table Normal"";
	mso-tstyle-rowband-size:0;
	mso-tstyle-colband-size:0;
	mso-style-noshow:yes;
	mso-style-parent:"""";
	mso-padding-alt:0cm 5.4pt 0cm 5.4pt;
	mso-para-margin:0cm;
	mso-para-margin-bottom:.0001pt;
	mso-pagination:widow-orphan;
	font-size:10.0pt;
	font-family:""Times New Roman"";
	mso-ansi-language:#0400;
	mso-fareast-language:#0400;
	mso-bidi-language:#0400;}
</style>
<![endif]-->

</p><p class=""MsoNormal"" dir=""rtl""><span style=""font-family: &quot;Jameel Noori Nastaleeq&quot;;"" lang=""AR-SA"">فتوی: /د</span></p><p class=""MsoNormal"" dir=""rtl""><span style=""font-family: &quot;Jameel Noori Nastaleeq&quot;;"" lang=""AR-SA""><o:p>&nbsp;</o:p></span></p><p class=""MsoNormal"" dir=""rtl""><span style=""font-family: &quot;Jameel Noori Nastaleeq&quot;;"" lang=""AR-SA"">سجدہٴ تلاوت بغیر وضو صحیح نہیں ہے، اسی لیے
اعلیٰ بات یہ ہے کہ آدمی باضو تلاوت کرے تاکہ جب آیت سجدہ آئے تو فوراً سجدہ تلاوت
کرلے۔ </span><span style=""font-size: 10pt;"" lang=""AR-SA"">وأما بیان من تجب علیہ
فکل من کان أہلاً لوجوب الصلاة علیہ، وإما أداء أو قضاء فھو من أہل السجدة علیہ</span><span style=""font-size: 10pt; font-family: &quot;Jameel Noori Nastaleeq&quot;;"" lang=""AR-SA"">․</span><span style=""font-size: 10pt;"" lang=""AR-SA""> ومن لا فلا</span><span style=""font-size: 10pt; font-family: &quot;Jameel Noori Nastaleeq&quot;;"" lang=""AR-SA"">․</span><span style=""font-size: 10pt;"" lang=""AR-SA""> وتجب علی المُحْدث والجنُب</span><span style=""font-size: 10pt; font-family: &quot;Jameel Noori Nastaleeq&quot;;"" lang=""AR-SA"">․</span><span style=""font-size: 10pt;"" lang=""AR-SA"">
(البحر الرائق: </span><span style=""font-size: 10pt;"" lang=""FA"">۲/۲۱۱)</span><span style=""font-family: &quot;Jameel Noori Nastaleeq&quot;;"" lang=""AR-SA""></span></p><p></p><br><span style=""font-size:1.2em"">
								<p><strong>واللہ تعالیٰ اعلم</strong></p>
								<br class=""clear"">
								<p><strong>دارالافتاء،</strong><br>دارالعلوم دیوبند</p>
							</span>",01-Sep-2020,13215,darulifta-deoband.com,عبادات,صلاة (نماز),"<div id=""recent_fatwas"" class=""container tab-pane active""><br>
					<ul class=""answer_detail"">
												<li>
																					<div class=""cate_sec"">
								<p class=""category_name"">
									<span>
										عبادات									</span> 
									&gt;&gt; 
									<span>
																		<a href=""https://darulifta-deoband.com/ur/category/n-a/MTk="">صلاة (نماز)</a>
									</span>
								</p>
								<p class=""quesid""><span class=""anser_id_urdu""> سوال نمبر: 13215</span><!--<span class=""country_urdu"">  : ملک</span> --></p>
							</div>
							<h2><u> عنوان:</u> <meta http-equiv=""Content-Type"" content=""text/html; charset=utf-8""><meta name=""ProgId"" content=""Word.Document""><meta name=""Generator"" content=""Microsoft Word 11""><meta name=""Originator"" content=""Microsoft Word 11""><link rel=""File-List"" href=""file:///G:\DOCUME~1\ADMINI~1\LOCALS~1\Temp\msohtml1\03\clip_filelist.xml""><!--[if gte mso 9]><xml>
 <w:WordDocument>
  <w:View>Normal</w:View>
  <w:Zoom>0</w:Zoom>
  <w:PunctuationKerning/>
  <w:ValidateAgainstSchemas/>
  <w:SaveIfXMLInvalid>false</w:SaveIfXMLInvalid>
  <w:IgnoreMixedContent>false</w:IgnoreMixedContent>
  <w:AlwaysShowPlaceholderText>false</w:AlwaysShowPlaceholderText>
  <w:Compatibility>
   <w:BreakWrappedTables/>
   <w:SnapToGridInCell/>
   <w:WrapTextWithPunct/>
   <w:UseAsianBreakRules/>
   <w:DontGrowAutofit/>
  </w:Compatibility>
  <w:BrowserLevel>MicrosoftInternetExplorer4</w:BrowserLevel>
 </w:WordDocument>
</xml><![endif]--><!--[if gte mso 9]><xml>
 <w:LatentStyles DefLockedState=""false"" LatentStyleCount=""156"">
 </w:LatentStyles>
</xml><![endif]--><style>
<!--
 /* Font Definitions */
 @font-face
	{font-family:SimSun;
	panose-1:2 1 6 0 3 1 1 1 1 1;
	mso-font-alt:&#23435;&#20307;;
	mso-font-charset:134;
	mso-generic-font-family:auto;
	mso-font-pitch:variable;
	mso-font-signature:3 135135232 16 0 262145 0;}
@font-face
	{font-family:Tahoma;
	panose-1:2 11 6 4 3 5 4 4 2 4;
	mso-font-charset:0;
	mso-generic-font-family:swiss;
	mso-font-pitch:variable;
	mso-font-signature:1627421319 -2147483648 8 0 66047 0;}
@font-face
	{font-family:""Jameel Noori Nastaleeq"";
	panose-1:2 0 5 3 0 0 0 0 0 4;
	mso-font-charset:0;
	mso-generic-font-family:auto;
	mso-font-pitch:variable;
	mso-font-signature:-2147475449 0 0 0 65 0;}
@font-face
	{font-family:""\@SimSun"";
	panose-1:2 1 6 0 3 1 1 1 1 1;
	mso-font-charset:134;
	mso-generic-font-family:auto;
	mso-font-pitch:variable;
	mso-font-signature:3 135135232 16 0 262145 0;}
 /* Style Definitions */
 p.MsoNormal, li.MsoNormal, div.MsoNormal
	{mso-style-parent:"""";
	margin:0cm;
	margin-bottom:.0001pt;
	text-align:justify;
	text-justify:kashida;
	text-kashida:0%;
	mso-pagination:widow-orphan;
	direction:rtl;
	unicode-bidi:embed;
	font-size:12.0pt;
	mso-bidi-font-size:10.0pt;
	font-family:Tahoma;
	mso-fareast-font-family:SimSun;}
@page Section1
	{size:612.0pt 792.0pt;
	margin:72.0pt 90.0pt 72.0pt 90.0pt;
	mso-header-margin:36.0pt;
	mso-footer-margin:36.0pt;
	mso-paper-source:0;}
div.Section1
	{page:Section1;}
-->
</style><!--[if gte mso 10]>
<style>
 /* Style Definitions */
 table.MsoNormalTable
	{mso-style-name:""Table Normal"";
	mso-tstyle-rowband-size:0;
	mso-tstyle-colband-size:0;
	mso-style-noshow:yes;
	mso-style-parent:"""";
	mso-padding-alt:0cm 5.4pt 0cm 5.4pt;
	mso-para-margin:0cm;
	mso-para-margin-bottom:.0001pt;
	mso-pagination:widow-orphan;
	font-size:10.0pt;
	font-family:""Times New Roman"";
	mso-ansi-language:#0400;
	mso-fareast-language:#0400;
	mso-bidi-language:#0400;}
</style>
<![endif]-->

<p class=""MsoNormal"" dir=""rtl""><span style=""font-family: &quot;Jameel Noori Nastaleeq&quot;;"" lang=""AR-SA"">کیا بغیر وضو سجدہٴ تلاوت کرسکتے ہیں؟<o:p></o:p></span></p>

</h2>
							<h2><u> سوال: </u> <meta http-equiv=""Content-Type"" content=""text/html; charset=utf-8""><meta name=""ProgId"" content=""Word.Document""><meta name=""Generator"" content=""Microsoft Word 11""><meta name=""Originator"" content=""Microsoft Word 11""><link rel=""File-List"" href=""file:///G:\DOCUME~1\ADMINI~1\LOCALS~1\Temp\msohtml1\03\clip_filelist.xml""><!--[if gte mso 9]><xml>
 <w:WordDocument>
  <w:View>Normal</w:View>
  <w:Zoom>0</w:Zoom>
  <w:PunctuationKerning/>
  <w:ValidateAgainstSchemas/>
  <w:SaveIfXMLInvalid>false</w:SaveIfXMLInvalid>
  <w:IgnoreMixedContent>false</w:IgnoreMixedContent>
  <w:AlwaysShowPlaceholderText>false</w:AlwaysShowPlaceholderText>
  <w:Compatibility>
   <w:BreakWrappedTables/>
   <w:SnapToGridInCell/>
   <w:WrapTextWithPunct/>
   <w:UseAsianBreakRules/>
   <w:DontGrowAutofit/>
  </w:Compatibility>
  <w:BrowserLevel>MicrosoftInternetExplorer4</w:BrowserLevel>
 </w:WordDocument>
</xml><![endif]--><!--[if gte mso 9]><xml>
 <w:LatentStyles DefLockedState=""false"" LatentStyleCount=""156"">
 </w:LatentStyles>
</xml><![endif]--><style>
<!--
 /* Font Definitions */
 @font-face
	{font-family:SimSun;
	panose-1:2 1 6 0 3 1 1 1 1 1;
	mso-font-alt:&#23435;&#20307;;
	mso-font-charset:134;
	mso-generic-font-family:auto;
	mso-font-pitch:variable;
	mso-font-signature:3 135135232 16 0 262145 0;}
@font-face
	{font-family:Tahoma;
	panose-1:2 11 6 4 3 5 4 4 2 4;
	mso-font-charset:0;
	mso-generic-font-family:swiss;
	mso-font-pitch:variable;
	mso-font-signature:1627421319 -2147483648 8 0 66047 0;}
@font-face
	{font-family:""Jameel Noori Nastaleeq"";
	panose-1:2 0 5 3 0 0 0 0 0 4;
	mso-font-charset:0;
	mso-generic-font-family:auto;
	mso-font-pitch:variable;
	mso-font-signature:-2147475449 0 0 0 65 0;}
@font-face
	{font-family:""\@SimSun"";
	panose-1:2 1 6 0 3 1 1 1 1 1;
	mso-font-charset:134;
	mso-generic-font-family:auto;
	mso-font-pitch:variable;
	mso-font-signature:3 135135232 16 0 262145 0;}
 /* Style Definitions */
 p.MsoNormal, li.MsoNormal, div.MsoNormal
	{mso-style-parent:"""";
	margin:0cm;
	margin-bottom:.0001pt;
	text-align:justify;
	text-justify:kashida;
	text-kashida:0%;
	mso-pagination:widow-orphan;
	direction:rtl;
	unicode-bidi:embed;
	font-size:12.0pt;
	mso-bidi-font-size:10.0pt;
	font-family:Tahoma;
	mso-fareast-font-family:SimSun;}
@page Section1
	{size:612.0pt 792.0pt;
	margin:72.0pt 90.0pt 72.0pt 90.0pt;
	mso-header-margin:36.0pt;
	mso-footer-margin:36.0pt;
	mso-paper-source:0;}
div.Section1
	{page:Section1;}
-->
</style><!--[if gte mso 10]>
<style>
 /* Style Definitions */
 table.MsoNormalTable
	{mso-style-name:""Table Normal"";
	mso-tstyle-rowband-size:0;
	mso-tstyle-colband-size:0;
	mso-style-noshow:yes;
	mso-style-parent:"""";
	mso-padding-alt:0cm 5.4pt 0cm 5.4pt;
	mso-para-margin:0cm;
	mso-para-margin-bottom:.0001pt;
	mso-pagination:widow-orphan;
	font-size:10.0pt;
	font-family:""Times New Roman"";
	mso-ansi-language:#0400;
	mso-fareast-language:#0400;
	mso-bidi-language:#0400;}
</style>
<![endif]-->

<p class=""MsoNormal"" dir=""rtl""><span style=""font-family: &quot;Jameel Noori Nastaleeq&quot;;"" lang=""AR-SA"">کیا بغیر وضو سجدہٴ تلاوت کرسکتے ہیں؟<o:p></o:p></span></p>

</h2>
							<p class=""fatwa_answer""><span class=""ans_urdu_id""> جواب نمبر: 13215</span><span style=""color:#efefef;display:none;"" class=""answer_date_urdu"">01-Sep-2020 : تاریخ اشاعت </span></p>
							<p>بسم الله الرحمن الرحيم</p>
							<p> <meta http-equiv=""Content-Type"" content=""text/html; charset=utf-8""><meta name=""ProgId"" content=""Word.Document""><meta name=""Generator"" content=""Microsoft Word 11""><meta name=""Originator"" content=""Microsoft Word 11""><link rel=""File-List"" href=""file:///G:\DOCUME~1\ADMINI~1\LOCALS~1\Temp\msohtml1\03\clip_filelist.xml""><!--[if gte mso 9]><xml>
 <w:WordDocument>
  <w:View>Normal</w:View>
  <w:Zoom>0</w:Zoom>
  <w:PunctuationKerning/>
  <w:ValidateAgainstSchemas/>
  <w:SaveIfXMLInvalid>false</w:SaveIfXMLInvalid>
  <w:IgnoreMixedContent>false</w:IgnoreMixedContent>
  <w:AlwaysShowPlaceholderText>false</w:AlwaysShowPlaceholderText>
  <w:Compatibility>
   <w:BreakWrappedTables/>
   <w:SnapToGridInCell/>
   <w:WrapTextWithPunct/>
   <w:UseAsianBreakRules/>
   <w:DontGrowAutofit/>
  </w:Compatibility>
  <w:BrowserLevel>MicrosoftInternetExplorer4</w:BrowserLevel>
 </w:WordDocument>
</xml><![endif]--><!--[if gte mso 9]><xml>
 <w:LatentStyles DefLockedState=""false"" LatentStyleCount=""156"">
 </w:LatentStyles>
</xml><![endif]--><style>
<!--
 /* Font Definitions */
 @font-face
	{font-family:SimSun;
	panose-1:2 1 6 0 3 1 1 1 1 1;
	mso-font-alt:&#23435;&#20307;;
	mso-font-charset:134;
	mso-generic-font-family:auto;
	mso-font-pitch:variable;
	mso-font-signature:3 135135232 16 0 262145 0;}
@font-face
	{font-family:Tahoma;
	panose-1:2 11 6 4 3 5 4 4 2 4;
	mso-font-charset:0;
	mso-generic-font-family:swiss;
	mso-font-pitch:variable;
	mso-font-signature:1627421319 -2147483648 8 0 66047 0;}
@font-face
	{font-family:""Jameel Noori Nastaleeq"";
	panose-1:2 0 5 3 0 0 0 0 0 4;
	mso-font-charset:0;
	mso-generic-font-family:auto;
	mso-font-pitch:variable;
	mso-font-signature:-2147475449 0 0 0 65 0;}
@font-face
	{font-family:""\@SimSun"";
	panose-1:2 1 6 0 3 1 1 1 1 1;
	mso-font-charset:134;
	mso-generic-font-family:auto;
	mso-font-pitch:variable;
	mso-font-signature:3 135135232 16 0 262145 0;}
 /* Style Definitions */
 p.MsoNormal, li.MsoNormal, div.MsoNormal
	{mso-style-parent:"""";
	margin:0cm;
	margin-bottom:.0001pt;
	text-align:justify;
	text-justify:kashida;
	text-kashida:0%;
	mso-pagination:widow-orphan;
	direction:rtl;
	unicode-bidi:embed;
	font-size:12.0pt;
	mso-bidi-font-size:10.0pt;
	font-family:Tahoma;
	mso-fareast-font-family:SimSun;}
@page Section1
	{size:612.0pt 792.0pt;
	margin:72.0pt 90.0pt 72.0pt 90.0pt;
	mso-header-margin:36.0pt;
	mso-footer-margin:36.0pt;
	mso-paper-source:0;}
div.Section1
	{page:Section1;}
-->
</style><!--[if gte mso 10]>
<style>
 /* Style Definitions */
 table.MsoNormalTable
	{mso-style-name:""Table Normal"";
	mso-tstyle-rowband-size:0;
	mso-tstyle-colband-size:0;
	mso-style-noshow:yes;
	mso-style-parent:"""";
	mso-padding-alt:0cm 5.4pt 0cm 5.4pt;
	mso-para-margin:0cm;
	mso-para-margin-bottom:.0001pt;
	mso-pagination:widow-orphan;
	font-size:10.0pt;
	font-family:""Times New Roman"";
	mso-ansi-language:#0400;
	mso-fareast-language:#0400;
	mso-bidi-language:#0400;}
</style>
<![endif]-->

</p><p class=""MsoNormal"" dir=""rtl""><span style=""font-family: &quot;Jameel Noori Nastaleeq&quot;;"" lang=""AR-SA"">فتوی: /د</span></p>

<p class=""MsoNormal"" dir=""rtl""><span style=""font-family: &quot;Jameel Noori Nastaleeq&quot;;"" lang=""AR-SA""><o:p>&nbsp;</o:p></span></p>

<p class=""MsoNormal"" dir=""rtl""><span style=""font-family: &quot;Jameel Noori Nastaleeq&quot;;"" lang=""AR-SA"">سجدہٴ تلاوت بغیر وضو صحیح نہیں ہے، اسی لیے
اعلیٰ بات یہ ہے کہ آدمی باضو تلاوت کرے تاکہ جب آیت سجدہ آئے تو فوراً سجدہ تلاوت
کرلے۔ </span><span style=""font-size: 10pt;"" lang=""AR-SA"">وأما بیان من تجب علیہ
فکل من کان أہلاً لوجوب الصلاة علیہ، وإما أداء أو قضاء فھو من أہل السجدة علیہ</span><span style=""font-size: 10pt; font-family: &quot;Jameel Noori Nastaleeq&quot;;"" lang=""AR-SA"">․</span><span style=""font-size: 10pt;"" lang=""AR-SA""> ومن لا فلا</span><span style=""font-size: 10pt; font-family: &quot;Jameel Noori Nastaleeq&quot;;"" lang=""AR-SA"">․</span><span style=""font-size: 10pt;"" lang=""AR-SA""> وتجب علی المُحْدث والجنُب</span><span style=""font-size: 10pt; font-family: &quot;Jameel Noori Nastaleeq&quot;;"" lang=""AR-SA"">․</span><span style=""font-size: 10pt;"" lang=""AR-SA"">
(البحر الرائق: </span><span style=""font-size: 10pt;"" lang=""FA"">۲/۲۱۱)</span><span style=""font-family: &quot;Jameel Noori Nastaleeq&quot;;"" lang=""AR-SA""></span></p>

<p></p> 
							<br>
							<span style=""font-size:1.2em"">
								<p><strong>واللہ تعالیٰ اعلم</strong></p>
								<br class=""clear"">
								<p><strong>دارالافتاء،</strong><br>دارالعلوم دیوبند</p>
							</span>
						</li>
											</ul>
				</div>"
https://darulifta-deoband.com/home/ur/salah-prayer/13169,ایک دن میں مغرب کی نماز جماعت کے ساتھ آخری رکعت (قیام) میں شامل ہوا، پھر میں نے امام کے سلام کے بعد کھڑے ہوکر ثنا، فاتحہ، سورہ، رکوع ، سجدہ اور التحیات پڑھا اور تیسری رکعت کے لیے کھڑا ہوا اور فاتحہ، سورہ، رکوع، سجدہ اورالتحیات پڑھا، لیکن التحیات کے بعد کھڑا ہوگیا، اور قیام میں فاتحہ پڑھتے یاد آیا کہ میں یہ چوتھی رکعت پڑھتاہوں۔ اب مجھے کیا کرنا چاہیے؟ اس دن میں نے اپنی نماز کو دہرایا تھا؟,"<h2><u> سوال: </u> <meta http-equiv=""Content-Type"" content=""text/html; charset=utf-8""><meta name=""ProgId"" content=""Word.Document""><meta name=""Generator"" content=""Microsoft Word 11""><meta name=""Originator"" content=""Microsoft Word 11""><link rel=""File-List"" href=""file:///G:\DOCUME~1\ADMINI~1\LOCALS~1\Temp\msohtml1\01\clip_filelist.xml""><!--[if gte mso 9]><xml>
 <w:WordDocument>
  <w:View>Normal</w:View>
  <w:Zoom>0</w:Zoom>
  <w:PunctuationKerning/>
  <w:ValidateAgainstSchemas/>
  <w:SaveIfXMLInvalid>false</w:SaveIfXMLInvalid>
  <w:IgnoreMixedContent>false</w:IgnoreMixedContent>
  <w:AlwaysShowPlaceholderText>false</w:AlwaysShowPlaceholderText>
  <w:Compatibility>
   <w:BreakWrappedTables/>
   <w:SnapToGridInCell/>
   <w:WrapTextWithPunct/>
   <w:UseAsianBreakRules/>
   <w:DontGrowAutofit/>
  </w:Compatibility>
  <w:BrowserLevel>MicrosoftInternetExplorer4</w:BrowserLevel>
 </w:WordDocument>
</xml><![endif]--><!--[if gte mso 9]><xml>
 <w:LatentStyles DefLockedState=""false"" LatentStyleCount=""156"">
 </w:LatentStyles>
</xml><![endif]--><style>
<!--
 /* Font Definitions */
 @font-face
	{font-family:SimSun;
	panose-1:2 1 6 0 3 1 1 1 1 1;
	mso-font-alt:&#23435;&#20307;;
	mso-font-charset:134;
	mso-generic-font-family:auto;
	mso-font-pitch:variable;
	mso-font-signature:3 135135232 16 0 262145 0;}
@font-face
	{font-family:Tahoma;
	panose-1:2 11 6 4 3 5 4 4 2 4;
	mso-font-charset:0;
	mso-generic-font-family:swiss;
	mso-font-pitch:variable;
	mso-font-signature:1627421319 -2147483648 8 0 66047 0;}
@font-face
	{font-family:""Jameel Noori Nastaleeq"";
	panose-1:2 0 5 3 0 0 0 0 0 4;
	mso-font-charset:0;
	mso-generic-font-family:auto;
	mso-font-pitch:variable;
	mso-font-signature:-2147475449 0 0 0 65 0;}
@font-face
	{font-family:""\@SimSun"";
	panose-1:2 1 6 0 3 1 1 1 1 1;
	mso-font-charset:134;
	mso-generic-font-family:auto;
	mso-font-pitch:variable;
	mso-font-signature:3 135135232 16 0 262145 0;}
 /* Style Definitions */
 p.MsoNormal, li.MsoNormal, div.MsoNormal
	{mso-style-parent:"""";
	margin:0cm;
	margin-bottom:.0001pt;
	text-align:justify;
	text-justify:kashida;
	text-kashida:0%;
	mso-pagination:widow-orphan;
	direction:rtl;
	unicode-bidi:embed;
	font-size:12.0pt;
	mso-bidi-font-size:10.0pt;
	font-family:Tahoma;
	mso-fareast-font-family:SimSun;}
@page Section1
	{size:612.0pt 792.0pt;
	margin:72.0pt 90.0pt 72.0pt 90.0pt;
	mso-header-margin:36.0pt;
	mso-footer-margin:36.0pt;
	mso-paper-source:0;}
div.Section1
	{page:Section1;}
-->
</style><!--[if gte mso 10]>
<style>
 /* Style Definitions */
 table.MsoNormalTable
	{mso-style-name:""Table Normal"";
	mso-tstyle-rowband-size:0;
	mso-tstyle-colband-size:0;
	mso-style-noshow:yes;
	mso-style-parent:"""";
	mso-padding-alt:0cm 5.4pt 0cm 5.4pt;
	mso-para-margin:0cm;
	mso-para-margin-bottom:.0001pt;
	mso-pagination:widow-orphan;
	font-size:10.0pt;
	font-family:""Times New Roman"";
	mso-ansi-language:#0400;
	mso-fareast-language:#0400;
	mso-bidi-language:#0400;}
</style>
<![endif]-->

<p class=""MsoNormal"" dir=""rtl""><span style=""font-family: &quot;Jameel Noori Nastaleeq&quot;;"" lang=""AR-SA"">ایک دن میں مغرب کی نماز جماعت کے ساتھ آخری
رکعت (قیام) میں شامل ہوا، پھر میں نے امام کے سلام کے بعد کھڑے ہوکر ثنا، فاتحہ،
سورہ، رکوع ، سجدہ اور التحیات پڑھا اور تیسری رکعت کے لیے کھڑا ہوا اور فاتحہ،
سورہ، رکوع، سجدہ اورالتحیات پڑھا، لیکن التحیات کے بعد کھڑا ہوگیا، اور قیام میں
فاتحہ پڑھتے یاد آیا کہ میں یہ چوتھی رکعت پڑھتاہوں۔ اب مجھے کیا کرنا چاہیے؟ اس
دن میں نے اپنی نماز کو دہرایا تھا؟ <o:p></o:p></span></p>

</h2>","<p>بسم الله الرحمن الرحيم</p><p> <meta http-equiv=""Content-Type"" content=""text/html; charset=utf-8""><meta name=""ProgId"" content=""Word.Document""><meta name=""Generator"" content=""Microsoft Word 11""><meta name=""Originator"" content=""Microsoft Word 11""><link rel=""File-List"" href=""file:///G:\DOCUME~1\ADMINI~1\LOCALS~1\Temp\msohtml1\01\clip_filelist.xml""><!--[if gte mso 9]><xml>
 <w:WordDocument>
  <w:View>Normal</w:View>
  <w:Zoom>0</w:Zoom>
  <w:PunctuationKerning/>
  <w:ValidateAgainstSchemas/>
  <w:SaveIfXMLInvalid>false</w:SaveIfXMLInvalid>
  <w:IgnoreMixedContent>false</w:IgnoreMixedContent>
  <w:AlwaysShowPlaceholderText>false</w:AlwaysShowPlaceholderText>
  <w:Compatibility>
   <w:BreakWrappedTables/>
   <w:SnapToGridInCell/>
   <w:WrapTextWithPunct/>
   <w:UseAsianBreakRules/>
   <w:DontGrowAutofit/>
  </w:Compatibility>
  <w:BrowserLevel>MicrosoftInternetExplorer4</w:BrowserLevel>
 </w:WordDocument>
</xml><![endif]--><!--[if gte mso 9]><xml>
 <w:LatentStyles DefLockedState=""false"" LatentStyleCount=""156"">
 </w:LatentStyles>
</xml><![endif]--><style>
<!--
 /* Font Definitions */
 @font-face
	{font-family:SimSun;
	panose-1:2 1 6 0 3 1 1 1 1 1;
	mso-font-alt:&#23435;&#20307;;
	mso-font-charset:134;
	mso-generic-font-family:auto;
	mso-font-pitch:variable;
	mso-font-signature:3 135135232 16 0 262145 0;}
@font-face
	{font-family:Tahoma;
	panose-1:2 11 6 4 3 5 4 4 2 4;
	mso-font-charset:0;
	mso-generic-font-family:swiss;
	mso-font-pitch:variable;
	mso-font-signature:1627421319 -2147483648 8 0 66047 0;}
@font-face
	{font-family:""Jameel Noori Nastaleeq"";
	panose-1:2 0 5 3 0 0 0 0 0 4;
	mso-font-charset:0;
	mso-generic-font-family:auto;
	mso-font-pitch:variable;
	mso-font-signature:-2147475449 0 0 0 65 0;}
@font-face
	{font-family:""\@SimSun"";
	panose-1:2 1 6 0 3 1 1 1 1 1;
	mso-font-charset:134;
	mso-generic-font-family:auto;
	mso-font-pitch:variable;
	mso-font-signature:3 135135232 16 0 262145 0;}
 /* Style Definitions */
 p.MsoNormal, li.MsoNormal, div.MsoNormal
	{mso-style-parent:"""";
	margin:0cm;
	margin-bottom:.0001pt;
	text-align:justify;
	text-justify:kashida;
	text-kashida:0%;
	mso-pagination:widow-orphan;
	direction:rtl;
	unicode-bidi:embed;
	font-size:12.0pt;
	mso-bidi-font-size:10.0pt;
	font-family:Tahoma;
	mso-fareast-font-family:SimSun;}
@page Section1
	{size:612.0pt 792.0pt;
	margin:72.0pt 90.0pt 72.0pt 90.0pt;
	mso-header-margin:36.0pt;
	mso-footer-margin:36.0pt;
	mso-paper-source:0;}
div.Section1
	{page:Section1;}
-->
</style><!--[if gte mso 10]>
<style>
 /* Style Definitions */
 table.MsoNormalTable
	{mso-style-name:""Table Normal"";
	mso-tstyle-rowband-size:0;
	mso-tstyle-colband-size:0;
	mso-style-noshow:yes;
	mso-style-parent:"""";
	mso-padding-alt:0cm 5.4pt 0cm 5.4pt;
	mso-para-margin:0cm;
	mso-para-margin-bottom:.0001pt;
	mso-pagination:widow-orphan;
	font-size:10.0pt;
	font-family:""Times New Roman"";
	mso-ansi-language:#0400;
	mso-fareast-language:#0400;
	mso-bidi-language:#0400;}
</style>
<![endif]-->

</p><p class=""MsoNormal"" dir=""rtl""><span style=""font-family: &quot;Jameel Noori Nastaleeq&quot;;"" lang=""AR-SA"">فتوی: 912=913/م</span></p><p class=""MsoNormal"" dir=""rtl""><span style=""font-family: &quot;Jameel Noori Nastaleeq&quot;;"" lang=""AR-SA""><o:p>&nbsp;</o:p></span></p><p class=""MsoNormal"" dir=""rtl""><span style=""font-family: &quot;Jameel Noori Nastaleeq&quot;;"" lang=""AR-SA"">مذکورہ نماز (مغرب) کے قعدہ اخیرہ میں التحیات
پڑھ کر بھول سے کھڑے ہوگئے اور قیام میں سورہٴ فاتحہ پڑھنے کے دوران یاد آیا تو اسی
وقت بیٹھ جاتے اور فوراً ایک طرف سلام پھیر کر سجدہ سہو کرکے نماز پوری کرلیتے، تو
نماز دہرانے کی ضرورت نہ پڑتی۔ </span><span style=""font-size: 10pt;"" lang=""AR-SA"">ولو
سہی عن القعود الأخیر عاد ما لم یقیدھا بسجدة وسجد للسہو لتأخیر القعود الخ
(درمختار)</span><span style=""font-family: &quot;Jameel Noori Nastaleeq&quot;;"" lang=""AR-SA""></span></p><p></p><br><span style=""font-size:1.2em"">
								<p><strong>واللہ تعالیٰ اعلم</strong></p>
								<br class=""clear"">
								<p><strong>دارالافتاء،</strong><br>دارالعلوم دیوبند</p>
							</span>",01-Sep-2020,13169,darulifta-deoband.com,عبادات,صلاة (نماز),"<div id=""recent_fatwas"" class=""container tab-pane active""><br>
					<ul class=""answer_detail"">
												<li>
																					<div class=""cate_sec"">
								<p class=""category_name"">
									<span>
										عبادات									</span> 
									&gt;&gt; 
									<span>
																		<a href=""https://darulifta-deoband.com/ur/category/n-a/MTk="">صلاة (نماز)</a>
									</span>
								</p>
								<p class=""quesid""><span class=""anser_id_urdu""> سوال نمبر: 13169</span><!--<span class=""country_urdu"">  : ملک</span> --></p>
							</div>
							<h2><u> عنوان:</u> <meta http-equiv=""Content-Type"" content=""text/html; charset=utf-8""><meta name=""ProgId"" content=""Word.Document""><meta name=""Generator"" content=""Microsoft Word 11""><meta name=""Originator"" content=""Microsoft Word 11""><link rel=""File-List"" href=""file:///G:\DOCUME~1\ADMINI~1\LOCALS~1\Temp\msohtml1\01\clip_filelist.xml""><!--[if gte mso 9]><xml>
 <w:WordDocument>
  <w:View>Normal</w:View>
  <w:Zoom>0</w:Zoom>
  <w:PunctuationKerning/>
  <w:ValidateAgainstSchemas/>
  <w:SaveIfXMLInvalid>false</w:SaveIfXMLInvalid>
  <w:IgnoreMixedContent>false</w:IgnoreMixedContent>
  <w:AlwaysShowPlaceholderText>false</w:AlwaysShowPlaceholderText>
  <w:Compatibility>
   <w:BreakWrappedTables/>
   <w:SnapToGridInCell/>
   <w:WrapTextWithPunct/>
   <w:UseAsianBreakRules/>
   <w:DontGrowAutofit/>
  </w:Compatibility>
  <w:BrowserLevel>MicrosoftInternetExplorer4</w:BrowserLevel>
 </w:WordDocument>
</xml><![endif]--><!--[if gte mso 9]><xml>
 <w:LatentStyles DefLockedState=""false"" LatentStyleCount=""156"">
 </w:LatentStyles>
</xml><![endif]--><style>
<!--
 /* Font Definitions */
 @font-face
	{font-family:SimSun;
	panose-1:2 1 6 0 3 1 1 1 1 1;
	mso-font-alt:&#23435;&#20307;;
	mso-font-charset:134;
	mso-generic-font-family:auto;
	mso-font-pitch:variable;
	mso-font-signature:3 135135232 16 0 262145 0;}
@font-face
	{font-family:Tahoma;
	panose-1:2 11 6 4 3 5 4 4 2 4;
	mso-font-charset:0;
	mso-generic-font-family:swiss;
	mso-font-pitch:variable;
	mso-font-signature:1627421319 -2147483648 8 0 66047 0;}
@font-face
	{font-family:""Jameel Noori Nastaleeq"";
	panose-1:2 0 5 3 0 0 0 0 0 4;
	mso-font-charset:0;
	mso-generic-font-family:auto;
	mso-font-pitch:variable;
	mso-font-signature:-2147475449 0 0 0 65 0;}
@font-face
	{font-family:""\@SimSun"";
	panose-1:2 1 6 0 3 1 1 1 1 1;
	mso-font-charset:134;
	mso-generic-font-family:auto;
	mso-font-pitch:variable;
	mso-font-signature:3 135135232 16 0 262145 0;}
 /* Style Definitions */
 p.MsoNormal, li.MsoNormal, div.MsoNormal
	{mso-style-parent:"""";
	margin:0cm;
	margin-bottom:.0001pt;
	text-align:justify;
	text-justify:kashida;
	text-kashida:0%;
	mso-pagination:widow-orphan;
	direction:rtl;
	unicode-bidi:embed;
	font-size:12.0pt;
	mso-bidi-font-size:10.0pt;
	font-family:Tahoma;
	mso-fareast-font-family:SimSun;}
@page Section1
	{size:612.0pt 792.0pt;
	margin:72.0pt 90.0pt 72.0pt 90.0pt;
	mso-header-margin:36.0pt;
	mso-footer-margin:36.0pt;
	mso-paper-source:0;}
div.Section1
	{page:Section1;}
-->
</style><!--[if gte mso 10]>
<style>
 /* Style Definitions */
 table.MsoNormalTable
	{mso-style-name:""Table Normal"";
	mso-tstyle-rowband-size:0;
	mso-tstyle-colband-size:0;
	mso-style-noshow:yes;
	mso-style-parent:"""";
	mso-padding-alt:0cm 5.4pt 0cm 5.4pt;
	mso-para-margin:0cm;
	mso-para-margin-bottom:.0001pt;
	mso-pagination:widow-orphan;
	font-size:10.0pt;
	font-family:""Times New Roman"";
	mso-ansi-language:#0400;
	mso-fareast-language:#0400;
	mso-bidi-language:#0400;}
</style>
<![endif]-->

<p class=""MsoNormal"" dir=""rtl""><span style=""font-family: &quot;Jameel Noori Nastaleeq&quot;;"" lang=""AR-SA"">ایک دن میں مغرب کی نماز جماعت کے ساتھ آخری
رکعت (قیام) میں شامل ہوا، پھر میں نے امام کے سلام کے بعد کھڑے ہوکر ثنا، فاتحہ،
سورہ، رکوع ، سجدہ اور التحیات پڑھا اور تیسری رکعت کے لیے کھڑا ہوا اور فاتحہ،
سورہ، رکوع، سجدہ اورالتحیات پڑھا، لیکن التحیات کے بعد کھڑا ہوگیا، اور قیام میں
فاتحہ پڑھتے یاد آیا کہ میں یہ چوتھی رکعت پڑھتاہوں۔ اب مجھے کیا کرنا چاہیے؟ اس
دن میں نے اپنی نماز کو دہرایا تھا؟ <o:p></o:p></span></p>

</h2>
							<h2><u> سوال: </u> <meta http-equiv=""Content-Type"" content=""text/html; charset=utf-8""><meta name=""ProgId"" content=""Word.Document""><meta name=""Generator"" content=""Microsoft Word 11""><meta name=""Originator"" content=""Microsoft Word 11""><link rel=""File-List"" href=""file:///G:\DOCUME~1\ADMINI~1\LOCALS~1\Temp\msohtml1\01\clip_filelist.xml""><!--[if gte mso 9]><xml>
 <w:WordDocument>
  <w:View>Normal</w:View>
  <w:Zoom>0</w:Zoom>
  <w:PunctuationKerning/>
  <w:ValidateAgainstSchemas/>
  <w:SaveIfXMLInvalid>false</w:SaveIfXMLInvalid>
  <w:IgnoreMixedContent>false</w:IgnoreMixedContent>
  <w:AlwaysShowPlaceholderText>false</w:AlwaysShowPlaceholderText>
  <w:Compatibility>
   <w:BreakWrappedTables/>
   <w:SnapToGridInCell/>
   <w:WrapTextWithPunct/>
   <w:UseAsianBreakRules/>
   <w:DontGrowAutofit/>
  </w:Compatibility>
  <w:BrowserLevel>MicrosoftInternetExplorer4</w:BrowserLevel>
 </w:WordDocument>
</xml><![endif]--><!--[if gte mso 9]><xml>
 <w:LatentStyles DefLockedState=""false"" LatentStyleCount=""156"">
 </w:LatentStyles>
</xml><![endif]--><style>
<!--
 /* Font Definitions */
 @font-face
	{font-family:SimSun;
	panose-1:2 1 6 0 3 1 1 1 1 1;
	mso-font-alt:&#23435;&#20307;;
	mso-font-charset:134;
	mso-generic-font-family:auto;
	mso-font-pitch:variable;
	mso-font-signature:3 135135232 16 0 262145 0;}
@font-face
	{font-family:Tahoma;
	panose-1:2 11 6 4 3 5 4 4 2 4;
	mso-font-charset:0;
	mso-generic-font-family:swiss;
	mso-font-pitch:variable;
	mso-font-signature:1627421319 -2147483648 8 0 66047 0;}
@font-face
	{font-family:""Jameel Noori Nastaleeq"";
	panose-1:2 0 5 3 0 0 0 0 0 4;
	mso-font-charset:0;
	mso-generic-font-family:auto;
	mso-font-pitch:variable;
	mso-font-signature:-2147475449 0 0 0 65 0;}
@font-face
	{font-family:""\@SimSun"";
	panose-1:2 1 6 0 3 1 1 1 1 1;
	mso-font-charset:134;
	mso-generic-font-family:auto;
	mso-font-pitch:variable;
	mso-font-signature:3 135135232 16 0 262145 0;}
 /* Style Definitions */
 p.MsoNormal, li.MsoNormal, div.MsoNormal
	{mso-style-parent:"""";
	margin:0cm;
	margin-bottom:.0001pt;
	text-align:justify;
	text-justify:kashida;
	text-kashida:0%;
	mso-pagination:widow-orphan;
	direction:rtl;
	unicode-bidi:embed;
	font-size:12.0pt;
	mso-bidi-font-size:10.0pt;
	font-family:Tahoma;
	mso-fareast-font-family:SimSun;}
@page Section1
	{size:612.0pt 792.0pt;
	margin:72.0pt 90.0pt 72.0pt 90.0pt;
	mso-header-margin:36.0pt;
	mso-footer-margin:36.0pt;
	mso-paper-source:0;}
div.Section1
	{page:Section1;}
-->
</style><!--[if gte mso 10]>
<style>
 /* Style Definitions */
 table.MsoNormalTable
	{mso-style-name:""Table Normal"";
	mso-tstyle-rowband-size:0;
	mso-tstyle-colband-size:0;
	mso-style-noshow:yes;
	mso-style-parent:"""";
	mso-padding-alt:0cm 5.4pt 0cm 5.4pt;
	mso-para-margin:0cm;
	mso-para-margin-bottom:.0001pt;
	mso-pagination:widow-orphan;
	font-size:10.0pt;
	font-family:""Times New Roman"";
	mso-ansi-language:#0400;
	mso-fareast-language:#0400;
	mso-bidi-language:#0400;}
</style>
<![endif]-->

<p class=""MsoNormal"" dir=""rtl""><span style=""font-family: &quot;Jameel Noori Nastaleeq&quot;;"" lang=""AR-SA"">ایک دن میں مغرب کی نماز جماعت کے ساتھ آخری
رکعت (قیام) میں شامل ہوا، پھر میں نے امام کے سلام کے بعد کھڑے ہوکر ثنا، فاتحہ،
سورہ، رکوع ، سجدہ اور التحیات پڑھا اور تیسری رکعت کے لیے کھڑا ہوا اور فاتحہ،
سورہ، رکوع، سجدہ اورالتحیات پڑھا، لیکن التحیات کے بعد کھڑا ہوگیا، اور قیام میں
فاتحہ پڑھتے یاد آیا کہ میں یہ چوتھی رکعت پڑھتاہوں۔ اب مجھے کیا کرنا چاہیے؟ اس
دن میں نے اپنی نماز کو دہرایا تھا؟ <o:p></o:p></span></p>

</h2>
							<p class=""fatwa_answer""><span class=""ans_urdu_id""> جواب نمبر: 13169</span><span style=""color:#efefef;display:none;"" class=""answer_date_urdu"">01-Sep-2020 : تاریخ اشاعت </span></p>
							<p>بسم الله الرحمن الرحيم</p>
							<p> <meta http-equiv=""Content-Type"" content=""text/html; charset=utf-8""><meta name=""ProgId"" content=""Word.Document""><meta name=""Generator"" content=""Microsoft Word 11""><meta name=""Originator"" content=""Microsoft Word 11""><link rel=""File-List"" href=""file:///G:\DOCUME~1\ADMINI~1\LOCALS~1\Temp\msohtml1\01\clip_filelist.xml""><!--[if gte mso 9]><xml>
 <w:WordDocument>
  <w:View>Normal</w:View>
  <w:Zoom>0</w:Zoom>
  <w:PunctuationKerning/>
  <w:ValidateAgainstSchemas/>
  <w:SaveIfXMLInvalid>false</w:SaveIfXMLInvalid>
  <w:IgnoreMixedContent>false</w:IgnoreMixedContent>
  <w:AlwaysShowPlaceholderText>false</w:AlwaysShowPlaceholderText>
  <w:Compatibility>
   <w:BreakWrappedTables/>
   <w:SnapToGridInCell/>
   <w:WrapTextWithPunct/>
   <w:UseAsianBreakRules/>
   <w:DontGrowAutofit/>
  </w:Compatibility>
  <w:BrowserLevel>MicrosoftInternetExplorer4</w:BrowserLevel>
 </w:WordDocument>
</xml><![endif]--><!--[if gte mso 9]><xml>
 <w:LatentStyles DefLockedState=""false"" LatentStyleCount=""156"">
 </w:LatentStyles>
</xml><![endif]--><style>
<!--
 /* Font Definitions */
 @font-face
	{font-family:SimSun;
	panose-1:2 1 6 0 3 1 1 1 1 1;
	mso-font-alt:&#23435;&#20307;;
	mso-font-charset:134;
	mso-generic-font-family:auto;
	mso-font-pitch:variable;
	mso-font-signature:3 135135232 16 0 262145 0;}
@font-face
	{font-family:Tahoma;
	panose-1:2 11 6 4 3 5 4 4 2 4;
	mso-font-charset:0;
	mso-generic-font-family:swiss;
	mso-font-pitch:variable;
	mso-font-signature:1627421319 -2147483648 8 0 66047 0;}
@font-face
	{font-family:""Jameel Noori Nastaleeq"";
	panose-1:2 0 5 3 0 0 0 0 0 4;
	mso-font-charset:0;
	mso-generic-font-family:auto;
	mso-font-pitch:variable;
	mso-font-signature:-2147475449 0 0 0 65 0;}
@font-face
	{font-family:""\@SimSun"";
	panose-1:2 1 6 0 3 1 1 1 1 1;
	mso-font-charset:134;
	mso-generic-font-family:auto;
	mso-font-pitch:variable;
	mso-font-signature:3 135135232 16 0 262145 0;}
 /* Style Definitions */
 p.MsoNormal, li.MsoNormal, div.MsoNormal
	{mso-style-parent:"""";
	margin:0cm;
	margin-bottom:.0001pt;
	text-align:justify;
	text-justify:kashida;
	text-kashida:0%;
	mso-pagination:widow-orphan;
	direction:rtl;
	unicode-bidi:embed;
	font-size:12.0pt;
	mso-bidi-font-size:10.0pt;
	font-family:Tahoma;
	mso-fareast-font-family:SimSun;}
@page Section1
	{size:612.0pt 792.0pt;
	margin:72.0pt 90.0pt 72.0pt 90.0pt;
	mso-header-margin:36.0pt;
	mso-footer-margin:36.0pt;
	mso-paper-source:0;}
div.Section1
	{page:Section1;}
-->
</style><!--[if gte mso 10]>
<style>
 /* Style Definitions */
 table.MsoNormalTable
	{mso-style-name:""Table Normal"";
	mso-tstyle-rowband-size:0;
	mso-tstyle-colband-size:0;
	mso-style-noshow:yes;
	mso-style-parent:"""";
	mso-padding-alt:0cm 5.4pt 0cm 5.4pt;
	mso-para-margin:0cm;
	mso-para-margin-bottom:.0001pt;
	mso-pagination:widow-orphan;
	font-size:10.0pt;
	font-family:""Times New Roman"";
	mso-ansi-language:#0400;
	mso-fareast-language:#0400;
	mso-bidi-language:#0400;}
</style>
<![endif]-->

</p><p class=""MsoNormal"" dir=""rtl""><span style=""font-family: &quot;Jameel Noori Nastaleeq&quot;;"" lang=""AR-SA"">فتوی: 912=913/م</span></p>

<p class=""MsoNormal"" dir=""rtl""><span style=""font-family: &quot;Jameel Noori Nastaleeq&quot;;"" lang=""AR-SA""><o:p>&nbsp;</o:p></span></p>

<p class=""MsoNormal"" dir=""rtl""><span style=""font-family: &quot;Jameel Noori Nastaleeq&quot;;"" lang=""AR-SA"">مذکورہ نماز (مغرب) کے قعدہ اخیرہ میں التحیات
پڑھ کر بھول سے کھڑے ہوگئے اور قیام میں سورہٴ فاتحہ پڑھنے کے دوران یاد آیا تو اسی
وقت بیٹھ جاتے اور فوراً ایک طرف سلام پھیر کر سجدہ سہو کرکے نماز پوری کرلیتے، تو
نماز دہرانے کی ضرورت نہ پڑتی۔ </span><span style=""font-size: 10pt;"" lang=""AR-SA"">ولو
سہی عن القعود الأخیر عاد ما لم یقیدھا بسجدة وسجد للسہو لتأخیر القعود الخ
(درمختار)</span><span style=""font-family: &quot;Jameel Noori Nastaleeq&quot;;"" lang=""AR-SA""></span></p>

<p></p> 
							<br>
							<span style=""font-size:1.2em"">
								<p><strong>واللہ تعالیٰ اعلم</strong></p>
								<br class=""clear"">
								<p><strong>دارالافتاء،</strong><br>دارالعلوم دیوبند</p>
							</span>
						</li>
											</ul>
				</div>"
https://darulifta-deoband.com/home/ur/salah-prayer/13145,ہماراگاؤں مانسہرہ پاکستان ہے، وہاں ہمارا ذاتی گھر اور زمین بھی ہیں اور جائے پیدائش بھی وہیں ہے۔ مگر اب ہم اسلام آباد منتقل ہوگئے ہیں اور یہاں بھی اپنا گھر ہے۔ دو تین مہینہ بعد کچھ دن کے لیے اپنے گاؤں جاتے ہیں۔ سوال یہ ہے کہ جب ہم اپنے گاؤں جائیں تو قصر کریں گے یا نہیں،جب کہ وہاں ہمارا آبائی گھر اور زمین اب بھی موجود ہے؟,"<h2><u> سوال: </u> <meta http-equiv=""Content-Type"" content=""text/html; charset=utf-8""><meta name=""ProgId"" content=""Word.Document""><meta name=""Generator"" content=""Microsoft Word 11""><meta name=""Originator"" content=""Microsoft Word 11""><link rel=""File-List"" href=""file:///G:\DOCUME~1\ADMINI~1\LOCALS~1\Temp\msohtml1\01\clip_filelist.xml""><!--[if gte mso 9]><xml>
 <w:WordDocument>
  <w:View>Normal</w:View>
  <w:Zoom>0</w:Zoom>
  <w:PunctuationKerning/>
  <w:ValidateAgainstSchemas/>
  <w:SaveIfXMLInvalid>false</w:SaveIfXMLInvalid>
  <w:IgnoreMixedContent>false</w:IgnoreMixedContent>
  <w:AlwaysShowPlaceholderText>false</w:AlwaysShowPlaceholderText>
  <w:Compatibility>
   <w:BreakWrappedTables/>
   <w:SnapToGridInCell/>
   <w:WrapTextWithPunct/>
   <w:UseAsianBreakRules/>
   <w:DontGrowAutofit/>
  </w:Compatibility>
  <w:BrowserLevel>MicrosoftInternetExplorer4</w:BrowserLevel>
 </w:WordDocument>
</xml><![endif]--><!--[if gte mso 9]><xml>
 <w:LatentStyles DefLockedState=""false"" LatentStyleCount=""156"">
 </w:LatentStyles>
</xml><![endif]--><style>
<!--
 /* Font Definitions */
 @font-face
	{font-family:SimSun;
	panose-1:2 1 6 0 3 1 1 1 1 1;
	mso-font-alt:&#23435;&#20307;;
	mso-font-charset:134;
	mso-generic-font-family:auto;
	mso-font-pitch:variable;
	mso-font-signature:3 135135232 16 0 262145 0;}
@font-face
	{font-family:Tahoma;
	panose-1:2 11 6 4 3 5 4 4 2 4;
	mso-font-charset:0;
	mso-generic-font-family:swiss;
	mso-font-pitch:variable;
	mso-font-signature:1627421319 -2147483648 8 0 66047 0;}
@font-face
	{font-family:""Jameel Noori Nastaleeq"";
	panose-1:2 0 5 3 0 0 0 0 0 4;
	mso-font-charset:0;
	mso-generic-font-family:auto;
	mso-font-pitch:variable;
	mso-font-signature:-2147475449 0 0 0 65 0;}
@font-face
	{font-family:""\@SimSun"";
	panose-1:2 1 6 0 3 1 1 1 1 1;
	mso-font-charset:134;
	mso-generic-font-family:auto;
	mso-font-pitch:variable;
	mso-font-signature:3 135135232 16 0 262145 0;}
 /* Style Definitions */
 p.MsoNormal, li.MsoNormal, div.MsoNormal
	{mso-style-parent:"""";
	margin:0cm;
	margin-bottom:.0001pt;
	text-align:justify;
	text-justify:kashida;
	text-kashida:0%;
	mso-pagination:widow-orphan;
	direction:rtl;
	unicode-bidi:embed;
	font-size:12.0pt;
	mso-bidi-font-size:10.0pt;
	font-family:Tahoma;
	mso-fareast-font-family:SimSun;}
@page Section1
	{size:612.0pt 792.0pt;
	margin:72.0pt 90.0pt 72.0pt 90.0pt;
	mso-header-margin:36.0pt;
	mso-footer-margin:36.0pt;
	mso-paper-source:0;}
div.Section1
	{page:Section1;}
-->
</style><!--[if gte mso 10]>
<style>
 /* Style Definitions */
 table.MsoNormalTable
	{mso-style-name:""Table Normal"";
	mso-tstyle-rowband-size:0;
	mso-tstyle-colband-size:0;
	mso-style-noshow:yes;
	mso-style-parent:"""";
	mso-padding-alt:0cm 5.4pt 0cm 5.4pt;
	mso-para-margin:0cm;
	mso-para-margin-bottom:.0001pt;
	mso-pagination:widow-orphan;
	font-size:10.0pt;
	font-family:""Times New Roman"";
	mso-ansi-language:#0400;
	mso-fareast-language:#0400;
	mso-bidi-language:#0400;}
</style>
<![endif]-->

<p class=""MsoNormal"" dir=""rtl""><span style=""font-family: &quot;Jameel Noori Nastaleeq&quot;;"" lang=""AR-SA"">ہماراگاؤں مانسہرہ پاکستان ہے، وہاں ہمارا
ذاتی گھر اور زمین بھی ہیں اور جائے پیدائش بھی وہیں ہے۔ مگر اب ہم اسلام آباد
منتقل ہوگئے ہیں اور یہاں بھی اپنا گھر ہے۔ دو تین مہینہ بعد کچھ دن کے لیے اپنے
گاؤں جاتے ہیں۔ سوال یہ ہے کہ جب ہم اپنے گاؤں جائیں تو قصر کریں گے یا نہیں،جب کہ
وہاں ہمارا آبائی گھر اور زمین اب بھی موجود ہے؟<o:p></o:p></span></p>

</h2>","<p>بسم الله الرحمن الرحيم</p><p> <meta http-equiv=""Content-Type"" content=""text/html; charset=utf-8""><meta name=""ProgId"" content=""Word.Document""><meta name=""Generator"" content=""Microsoft Word 11""><meta name=""Originator"" content=""Microsoft Word 11""><link rel=""File-List"" href=""file:///G:\DOCUME~1\ADMINI~1\LOCALS~1\Temp\msohtml1\03\clip_filelist.xml""><!--[if gte mso 9]><xml>
 <w:WordDocument>
  <w:View>Normal</w:View>
  <w:Zoom>0</w:Zoom>
  <w:PunctuationKerning/>
  <w:ValidateAgainstSchemas/>
  <w:SaveIfXMLInvalid>false</w:SaveIfXMLInvalid>
  <w:IgnoreMixedContent>false</w:IgnoreMixedContent>
  <w:AlwaysShowPlaceholderText>false</w:AlwaysShowPlaceholderText>
  <w:Compatibility>
   <w:BreakWrappedTables/>
   <w:SnapToGridInCell/>
   <w:WrapTextWithPunct/>
   <w:UseAsianBreakRules/>
   <w:DontGrowAutofit/>
  </w:Compatibility>
  <w:BrowserLevel>MicrosoftInternetExplorer4</w:BrowserLevel>
 </w:WordDocument>
</xml><![endif]--><!--[if gte mso 9]><xml>
 <w:LatentStyles DefLockedState=""false"" LatentStyleCount=""156"">
 </w:LatentStyles>
</xml><![endif]--><style>
<!--
 /* Font Definitions */
 @font-face
	{font-family:SimSun;
	panose-1:2 1 6 0 3 1 1 1 1 1;
	mso-font-alt:&#23435;&#20307;;
	mso-font-charset:134;
	mso-generic-font-family:auto;
	mso-font-pitch:variable;
	mso-font-signature:3 135135232 16 0 262145 0;}
@font-face
	{font-family:Tahoma;
	panose-1:2 11 6 4 3 5 4 4 2 4;
	mso-font-charset:0;
	mso-generic-font-family:swiss;
	mso-font-pitch:variable;
	mso-font-signature:1627421319 -2147483648 8 0 66047 0;}
@font-face
	{font-family:""Jameel Noori Nastaleeq"";
	panose-1:2 0 5 3 0 0 0 0 0 4;
	mso-font-charset:0;
	mso-generic-font-family:auto;
	mso-font-pitch:variable;
	mso-font-signature:-2147475449 0 0 0 65 0;}
@font-face
	{font-family:""\@SimSun"";
	panose-1:2 1 6 0 3 1 1 1 1 1;
	mso-font-charset:134;
	mso-generic-font-family:auto;
	mso-font-pitch:variable;
	mso-font-signature:3 135135232 16 0 262145 0;}
 /* Style Definitions */
 p.MsoNormal, li.MsoNormal, div.MsoNormal
	{mso-style-parent:"""";
	margin:0cm;
	margin-bottom:.0001pt;
	text-align:justify;
	text-justify:kashida;
	text-kashida:0%;
	mso-pagination:widow-orphan;
	direction:rtl;
	unicode-bidi:embed;
	font-size:12.0pt;
	mso-bidi-font-size:10.0pt;
	font-family:Tahoma;
	mso-fareast-font-family:SimSun;}
@page Section1
	{size:612.0pt 792.0pt;
	margin:72.0pt 90.0pt 72.0pt 90.0pt;
	mso-header-margin:36.0pt;
	mso-footer-margin:36.0pt;
	mso-paper-source:0;}
div.Section1
	{page:Section1;}
-->
</style><!--[if gte mso 10]>
<style>
 /* Style Definitions */
 table.MsoNormalTable
	{mso-style-name:""Table Normal"";
	mso-tstyle-rowband-size:0;
	mso-tstyle-colband-size:0;
	mso-style-noshow:yes;
	mso-style-parent:"""";
	mso-padding-alt:0cm 5.4pt 0cm 5.4pt;
	mso-para-margin:0cm;
	mso-para-margin-bottom:.0001pt;
	mso-pagination:widow-orphan;
	font-size:10.0pt;
	font-family:""Times New Roman"";
	mso-ansi-language:#0400;
	mso-fareast-language:#0400;
	mso-bidi-language:#0400;}
</style>
<![endif]-->

</p><p class=""MsoNormal"" dir=""rtl""><span style=""font-family: &quot;Jameel Noori Nastaleeq&quot;;"" lang=""AR-SA"">فتوی: 777=597/ل</span></p><p class=""MsoNormal"" dir=""rtl""><span style=""font-family: &quot;Jameel Noori Nastaleeq&quot;;"" lang=""AR-SA""><o:p>&nbsp;</o:p></span></p><p class=""MsoNormal"" dir=""rtl""><span style=""font-family: &quot;Jameel Noori Nastaleeq&quot;;"" lang=""AR-SA"">اگر آپ نے مانسہرہ کو بالکلیہ چھوڑا نہیں
ہے نیز آپ کا گھر اور جائداد بھی اس گاوٴں میں موجود ہے تو آپ جب اپنے گاوٴں جائیں
گے تو اتمام کریں گے، قصر نہیں، آپ کے حق میں مانسہرہ اور اسلام آباد دونوں وطن
اصلی کے حکم میں ہوں گے۔</span></p><p></p><br><span style=""font-size:1.2em"">
								<p><strong>واللہ تعالیٰ اعلم</strong></p>
								<br class=""clear"">
								<p><strong>دارالافتاء،</strong><br>دارالعلوم دیوبند</p>
							</span>",01-Sep-2020,13145,darulifta-deoband.com,عبادات,صلاة (نماز),"<div id=""recent_fatwas"" class=""container tab-pane active""><br>
					<ul class=""answer_detail"">
												<li>
																					<div class=""cate_sec"">
								<p class=""category_name"">
									<span>
										عبادات									</span> 
									&gt;&gt; 
									<span>
																		<a href=""https://darulifta-deoband.com/ur/category/n-a/MTk="">صلاة (نماز)</a>
									</span>
								</p>
								<p class=""quesid""><span class=""anser_id_urdu""> سوال نمبر: 13145</span><!--<span class=""country_urdu"">  : ملک</span> --></p>
							</div>
							<h2><u> عنوان:</u> <meta http-equiv=""Content-Type"" content=""text/html; charset=utf-8""><meta name=""ProgId"" content=""Word.Document""><meta name=""Generator"" content=""Microsoft Word 11""><meta name=""Originator"" content=""Microsoft Word 11""><link rel=""File-List"" href=""file:///G:\DOCUME~1\ADMINI~1\LOCALS~1\Temp\msohtml1\01\clip_filelist.xml""><!--[if gte mso 9]><xml>
 <w:WordDocument>
  <w:View>Normal</w:View>
  <w:Zoom>0</w:Zoom>
  <w:PunctuationKerning/>
  <w:ValidateAgainstSchemas/>
  <w:SaveIfXMLInvalid>false</w:SaveIfXMLInvalid>
  <w:IgnoreMixedContent>false</w:IgnoreMixedContent>
  <w:AlwaysShowPlaceholderText>false</w:AlwaysShowPlaceholderText>
  <w:Compatibility>
   <w:BreakWrappedTables/>
   <w:SnapToGridInCell/>
   <w:WrapTextWithPunct/>
   <w:UseAsianBreakRules/>
   <w:DontGrowAutofit/>
  </w:Compatibility>
  <w:BrowserLevel>MicrosoftInternetExplorer4</w:BrowserLevel>
 </w:WordDocument>
</xml><![endif]--><!--[if gte mso 9]><xml>
 <w:LatentStyles DefLockedState=""false"" LatentStyleCount=""156"">
 </w:LatentStyles>
</xml><![endif]--><style>
<!--
 /* Font Definitions */
 @font-face
	{font-family:SimSun;
	panose-1:2 1 6 0 3 1 1 1 1 1;
	mso-font-alt:&#23435;&#20307;;
	mso-font-charset:134;
	mso-generic-font-family:auto;
	mso-font-pitch:variable;
	mso-font-signature:3 135135232 16 0 262145 0;}
@font-face
	{font-family:Tahoma;
	panose-1:2 11 6 4 3 5 4 4 2 4;
	mso-font-charset:0;
	mso-generic-font-family:swiss;
	mso-font-pitch:variable;
	mso-font-signature:1627421319 -2147483648 8 0 66047 0;}
@font-face
	{font-family:""Jameel Noori Nastaleeq"";
	panose-1:2 0 5 3 0 0 0 0 0 4;
	mso-font-charset:0;
	mso-generic-font-family:auto;
	mso-font-pitch:variable;
	mso-font-signature:-2147475449 0 0 0 65 0;}
@font-face
	{font-family:""\@SimSun"";
	panose-1:2 1 6 0 3 1 1 1 1 1;
	mso-font-charset:134;
	mso-generic-font-family:auto;
	mso-font-pitch:variable;
	mso-font-signature:3 135135232 16 0 262145 0;}
 /* Style Definitions */
 p.MsoNormal, li.MsoNormal, div.MsoNormal
	{mso-style-parent:"""";
	margin:0cm;
	margin-bottom:.0001pt;
	text-align:justify;
	text-justify:kashida;
	text-kashida:0%;
	mso-pagination:widow-orphan;
	direction:rtl;
	unicode-bidi:embed;
	font-size:12.0pt;
	mso-bidi-font-size:10.0pt;
	font-family:Tahoma;
	mso-fareast-font-family:SimSun;}
@page Section1
	{size:612.0pt 792.0pt;
	margin:72.0pt 90.0pt 72.0pt 90.0pt;
	mso-header-margin:36.0pt;
	mso-footer-margin:36.0pt;
	mso-paper-source:0;}
div.Section1
	{page:Section1;}
-->
</style><!--[if gte mso 10]>
<style>
 /* Style Definitions */
 table.MsoNormalTable
	{mso-style-name:""Table Normal"";
	mso-tstyle-rowband-size:0;
	mso-tstyle-colband-size:0;
	mso-style-noshow:yes;
	mso-style-parent:"""";
	mso-padding-alt:0cm 5.4pt 0cm 5.4pt;
	mso-para-margin:0cm;
	mso-para-margin-bottom:.0001pt;
	mso-pagination:widow-orphan;
	font-size:10.0pt;
	font-family:""Times New Roman"";
	mso-ansi-language:#0400;
	mso-fareast-language:#0400;
	mso-bidi-language:#0400;}
</style>
<![endif]-->

<p class=""MsoNormal"" dir=""rtl""><span style=""font-family: &quot;Jameel Noori Nastaleeq&quot;;"" lang=""AR-SA"">ہماراگاؤں مانسہرہ پاکستان ہے، وہاں ہمارا
ذاتی گھر اور زمین بھی ہیں اور جائے پیدائش بھی وہیں ہے۔ مگر اب ہم اسلام آباد
منتقل ہوگئے ہیں اور یہاں بھی اپنا گھر ہے۔ دو تین مہینہ بعد کچھ دن کے لیے اپنے
گاؤں جاتے ہیں۔ سوال یہ ہے کہ جب ہم اپنے گاؤں جائیں تو قصر کریں گے یا نہیں،جب کہ
وہاں ہمارا آبائی گھر اور زمین اب بھی موجود ہے؟<o:p></o:p></span></p>

</h2>
							<h2><u> سوال: </u> <meta http-equiv=""Content-Type"" content=""text/html; charset=utf-8""><meta name=""ProgId"" content=""Word.Document""><meta name=""Generator"" content=""Microsoft Word 11""><meta name=""Originator"" content=""Microsoft Word 11""><link rel=""File-List"" href=""file:///G:\DOCUME~1\ADMINI~1\LOCALS~1\Temp\msohtml1\01\clip_filelist.xml""><!--[if gte mso 9]><xml>
 <w:WordDocument>
  <w:View>Normal</w:View>
  <w:Zoom>0</w:Zoom>
  <w:PunctuationKerning/>
  <w:ValidateAgainstSchemas/>
  <w:SaveIfXMLInvalid>false</w:SaveIfXMLInvalid>
  <w:IgnoreMixedContent>false</w:IgnoreMixedContent>
  <w:AlwaysShowPlaceholderText>false</w:AlwaysShowPlaceholderText>
  <w:Compatibility>
   <w:BreakWrappedTables/>
   <w:SnapToGridInCell/>
   <w:WrapTextWithPunct/>
   <w:UseAsianBreakRules/>
   <w:DontGrowAutofit/>
  </w:Compatibility>
  <w:BrowserLevel>MicrosoftInternetExplorer4</w:BrowserLevel>
 </w:WordDocument>
</xml><![endif]--><!--[if gte mso 9]><xml>
 <w:LatentStyles DefLockedState=""false"" LatentStyleCount=""156"">
 </w:LatentStyles>
</xml><![endif]--><style>
<!--
 /* Font Definitions */
 @font-face
	{font-family:SimSun;
	panose-1:2 1 6 0 3 1 1 1 1 1;
	mso-font-alt:&#23435;&#20307;;
	mso-font-charset:134;
	mso-generic-font-family:auto;
	mso-font-pitch:variable;
	mso-font-signature:3 135135232 16 0 262145 0;}
@font-face
	{font-family:Tahoma;
	panose-1:2 11 6 4 3 5 4 4 2 4;
	mso-font-charset:0;
	mso-generic-font-family:swiss;
	mso-font-pitch:variable;
	mso-font-signature:1627421319 -2147483648 8 0 66047 0;}
@font-face
	{font-family:""Jameel Noori Nastaleeq"";
	panose-1:2 0 5 3 0 0 0 0 0 4;
	mso-font-charset:0;
	mso-generic-font-family:auto;
	mso-font-pitch:variable;
	mso-font-signature:-2147475449 0 0 0 65 0;}
@font-face
	{font-family:""\@SimSun"";
	panose-1:2 1 6 0 3 1 1 1 1 1;
	mso-font-charset:134;
	mso-generic-font-family:auto;
	mso-font-pitch:variable;
	mso-font-signature:3 135135232 16 0 262145 0;}
 /* Style Definitions */
 p.MsoNormal, li.MsoNormal, div.MsoNormal
	{mso-style-parent:"""";
	margin:0cm;
	margin-bottom:.0001pt;
	text-align:justify;
	text-justify:kashida;
	text-kashida:0%;
	mso-pagination:widow-orphan;
	direction:rtl;
	unicode-bidi:embed;
	font-size:12.0pt;
	mso-bidi-font-size:10.0pt;
	font-family:Tahoma;
	mso-fareast-font-family:SimSun;}
@page Section1
	{size:612.0pt 792.0pt;
	margin:72.0pt 90.0pt 72.0pt 90.0pt;
	mso-header-margin:36.0pt;
	mso-footer-margin:36.0pt;
	mso-paper-source:0;}
div.Section1
	{page:Section1;}
-->
</style><!--[if gte mso 10]>
<style>
 /* Style Definitions */
 table.MsoNormalTable
	{mso-style-name:""Table Normal"";
	mso-tstyle-rowband-size:0;
	mso-tstyle-colband-size:0;
	mso-style-noshow:yes;
	mso-style-parent:"""";
	mso-padding-alt:0cm 5.4pt 0cm 5.4pt;
	mso-para-margin:0cm;
	mso-para-margin-bottom:.0001pt;
	mso-pagination:widow-orphan;
	font-size:10.0pt;
	font-family:""Times New Roman"";
	mso-ansi-language:#0400;
	mso-fareast-language:#0400;
	mso-bidi-language:#0400;}
</style>
<![endif]-->

<p class=""MsoNormal"" dir=""rtl""><span style=""font-family: &quot;Jameel Noori Nastaleeq&quot;;"" lang=""AR-SA"">ہماراگاؤں مانسہرہ پاکستان ہے، وہاں ہمارا
ذاتی گھر اور زمین بھی ہیں اور جائے پیدائش بھی وہیں ہے۔ مگر اب ہم اسلام آباد
منتقل ہوگئے ہیں اور یہاں بھی اپنا گھر ہے۔ دو تین مہینہ بعد کچھ دن کے لیے اپنے
گاؤں جاتے ہیں۔ سوال یہ ہے کہ جب ہم اپنے گاؤں جائیں تو قصر کریں گے یا نہیں،جب کہ
وہاں ہمارا آبائی گھر اور زمین اب بھی موجود ہے؟<o:p></o:p></span></p>

</h2>
							<p class=""fatwa_answer""><span class=""ans_urdu_id""> جواب نمبر: 13145</span><span style=""color:#efefef;display:none;"" class=""answer_date_urdu"">01-Sep-2020 : تاریخ اشاعت </span></p>
							<p>بسم الله الرحمن الرحيم</p>
							<p> <meta http-equiv=""Content-Type"" content=""text/html; charset=utf-8""><meta name=""ProgId"" content=""Word.Document""><meta name=""Generator"" content=""Microsoft Word 11""><meta name=""Originator"" content=""Microsoft Word 11""><link rel=""File-List"" href=""file:///G:\DOCUME~1\ADMINI~1\LOCALS~1\Temp\msohtml1\03\clip_filelist.xml""><!--[if gte mso 9]><xml>
 <w:WordDocument>
  <w:View>Normal</w:View>
  <w:Zoom>0</w:Zoom>
  <w:PunctuationKerning/>
  <w:ValidateAgainstSchemas/>
  <w:SaveIfXMLInvalid>false</w:SaveIfXMLInvalid>
  <w:IgnoreMixedContent>false</w:IgnoreMixedContent>
  <w:AlwaysShowPlaceholderText>false</w:AlwaysShowPlaceholderText>
  <w:Compatibility>
   <w:BreakWrappedTables/>
   <w:SnapToGridInCell/>
   <w:WrapTextWithPunct/>
   <w:UseAsianBreakRules/>
   <w:DontGrowAutofit/>
  </w:Compatibility>
  <w:BrowserLevel>MicrosoftInternetExplorer4</w:BrowserLevel>
 </w:WordDocument>
</xml><![endif]--><!--[if gte mso 9]><xml>
 <w:LatentStyles DefLockedState=""false"" LatentStyleCount=""156"">
 </w:LatentStyles>
</xml><![endif]--><style>
<!--
 /* Font Definitions */
 @font-face
	{font-family:SimSun;
	panose-1:2 1 6 0 3 1 1 1 1 1;
	mso-font-alt:&#23435;&#20307;;
	mso-font-charset:134;
	mso-generic-font-family:auto;
	mso-font-pitch:variable;
	mso-font-signature:3 135135232 16 0 262145 0;}
@font-face
	{font-family:Tahoma;
	panose-1:2 11 6 4 3 5 4 4 2 4;
	mso-font-charset:0;
	mso-generic-font-family:swiss;
	mso-font-pitch:variable;
	mso-font-signature:1627421319 -2147483648 8 0 66047 0;}
@font-face
	{font-family:""Jameel Noori Nastaleeq"";
	panose-1:2 0 5 3 0 0 0 0 0 4;
	mso-font-charset:0;
	mso-generic-font-family:auto;
	mso-font-pitch:variable;
	mso-font-signature:-2147475449 0 0 0 65 0;}
@font-face
	{font-family:""\@SimSun"";
	panose-1:2 1 6 0 3 1 1 1 1 1;
	mso-font-charset:134;
	mso-generic-font-family:auto;
	mso-font-pitch:variable;
	mso-font-signature:3 135135232 16 0 262145 0;}
 /* Style Definitions */
 p.MsoNormal, li.MsoNormal, div.MsoNormal
	{mso-style-parent:"""";
	margin:0cm;
	margin-bottom:.0001pt;
	text-align:justify;
	text-justify:kashida;
	text-kashida:0%;
	mso-pagination:widow-orphan;
	direction:rtl;
	unicode-bidi:embed;
	font-size:12.0pt;
	mso-bidi-font-size:10.0pt;
	font-family:Tahoma;
	mso-fareast-font-family:SimSun;}
@page Section1
	{size:612.0pt 792.0pt;
	margin:72.0pt 90.0pt 72.0pt 90.0pt;
	mso-header-margin:36.0pt;
	mso-footer-margin:36.0pt;
	mso-paper-source:0;}
div.Section1
	{page:Section1;}
-->
</style><!--[if gte mso 10]>
<style>
 /* Style Definitions */
 table.MsoNormalTable
	{mso-style-name:""Table Normal"";
	mso-tstyle-rowband-size:0;
	mso-tstyle-colband-size:0;
	mso-style-noshow:yes;
	mso-style-parent:"""";
	mso-padding-alt:0cm 5.4pt 0cm 5.4pt;
	mso-para-margin:0cm;
	mso-para-margin-bottom:.0001pt;
	mso-pagination:widow-orphan;
	font-size:10.0pt;
	font-family:""Times New Roman"";
	mso-ansi-language:#0400;
	mso-fareast-language:#0400;
	mso-bidi-language:#0400;}
</style>
<![endif]-->

</p><p class=""MsoNormal"" dir=""rtl""><span style=""font-family: &quot;Jameel Noori Nastaleeq&quot;;"" lang=""AR-SA"">فتوی: 777=597/ل</span></p>

<p class=""MsoNormal"" dir=""rtl""><span style=""font-family: &quot;Jameel Noori Nastaleeq&quot;;"" lang=""AR-SA""><o:p>&nbsp;</o:p></span></p>

<p class=""MsoNormal"" dir=""rtl""><span style=""font-family: &quot;Jameel Noori Nastaleeq&quot;;"" lang=""AR-SA"">اگر آپ نے مانسہرہ کو بالکلیہ چھوڑا نہیں
ہے نیز آپ کا گھر اور جائداد بھی اس گاوٴں میں موجود ہے تو آپ جب اپنے گاوٴں جائیں
گے تو اتمام کریں گے، قصر نہیں، آپ کے حق میں مانسہرہ اور اسلام آباد دونوں وطن
اصلی کے حکم میں ہوں گے۔</span></p>

<p></p> 
							<br>
							<span style=""font-size:1.2em"">
								<p><strong>واللہ تعالیٰ اعلم</strong></p>
								<br class=""clear"">
								<p><strong>دارالافتاء،</strong><br>دارالعلوم دیوبند</p>
							</span>
						</li>
											</ul>
				</div>"
https://darulifta-deoband.com/home/ur/salah-prayer/13110,فرض نماز میں امام کی کوئی سی بھی ہو گویا ہماری ایک ، دو یا تین رکعت نکل جائے تو سلام کے بعد ہم کھڑے ہوکر ثنا پڑھیں گے یا نہیں؟ یا الحمد پڑھنے سے نماز ہوجائے، مستحب طریقہ کون سا ہے؟,"<h2><u> سوال: </u> <meta http-equiv=""Content-Type"" content=""text/html; charset=utf-8""><meta name=""ProgId"" content=""Word.Document""><meta name=""Generator"" content=""Microsoft Word 11""><meta name=""Originator"" content=""Microsoft Word 11""><link rel=""File-List"" href=""file:///G:\DOCUME~1\ADMINI~1\LOCALS~1\Temp\msohtml1\03\clip_filelist.xml""><!--[if gte mso 9]><xml>
 <w:WordDocument>
  <w:View>Normal</w:View>
  <w:Zoom>0</w:Zoom>
  <w:PunctuationKerning/>
  <w:ValidateAgainstSchemas/>
  <w:SaveIfXMLInvalid>false</w:SaveIfXMLInvalid>
  <w:IgnoreMixedContent>false</w:IgnoreMixedContent>
  <w:AlwaysShowPlaceholderText>false</w:AlwaysShowPlaceholderText>
  <w:Compatibility>
   <w:BreakWrappedTables/>
   <w:SnapToGridInCell/>
   <w:WrapTextWithPunct/>
   <w:UseAsianBreakRules/>
   <w:DontGrowAutofit/>
  </w:Compatibility>
  <w:BrowserLevel>MicrosoftInternetExplorer4</w:BrowserLevel>
 </w:WordDocument>
</xml><![endif]--><!--[if gte mso 9]><xml>
 <w:LatentStyles DefLockedState=""false"" LatentStyleCount=""156"">
 </w:LatentStyles>
</xml><![endif]--><style>
<!--
 /* Font Definitions */
 @font-face
	{font-family:SimSun;
	panose-1:2 1 6 0 3 1 1 1 1 1;
	mso-font-alt:&#23435;&#20307;;
	mso-font-charset:134;
	mso-generic-font-family:auto;
	mso-font-pitch:variable;
	mso-font-signature:3 135135232 16 0 262145 0;}
@font-face
	{font-family:Tahoma;
	panose-1:2 11 6 4 3 5 4 4 2 4;
	mso-font-charset:0;
	mso-generic-font-family:swiss;
	mso-font-pitch:variable;
	mso-font-signature:1627421319 -2147483648 8 0 66047 0;}
@font-face
	{font-family:""Jameel Noori Nastaleeq"";
	panose-1:2 0 5 3 0 0 0 0 0 4;
	mso-font-charset:0;
	mso-generic-font-family:auto;
	mso-font-pitch:variable;
	mso-font-signature:-2147475449 0 0 0 65 0;}
@font-face
	{font-family:""\@SimSun"";
	panose-1:2 1 6 0 3 1 1 1 1 1;
	mso-font-charset:134;
	mso-generic-font-family:auto;
	mso-font-pitch:variable;
	mso-font-signature:3 135135232 16 0 262145 0;}
 /* Style Definitions */
 p.MsoNormal, li.MsoNormal, div.MsoNormal
	{mso-style-parent:"""";
	margin:0cm;
	margin-bottom:.0001pt;
	text-align:justify;
	text-justify:kashida;
	text-kashida:0%;
	mso-pagination:widow-orphan;
	direction:rtl;
	unicode-bidi:embed;
	font-size:12.0pt;
	mso-bidi-font-size:10.0pt;
	font-family:Tahoma;
	mso-fareast-font-family:SimSun;}
@page Section1
	{size:612.0pt 792.0pt;
	margin:72.0pt 90.0pt 72.0pt 90.0pt;
	mso-header-margin:36.0pt;
	mso-footer-margin:36.0pt;
	mso-paper-source:0;}
div.Section1
	{page:Section1;}
-->
</style><!--[if gte mso 10]>
<style>
 /* Style Definitions */
 table.MsoNormalTable
	{mso-style-name:""Table Normal"";
	mso-tstyle-rowband-size:0;
	mso-tstyle-colband-size:0;
	mso-style-noshow:yes;
	mso-style-parent:"""";
	mso-padding-alt:0cm 5.4pt 0cm 5.4pt;
	mso-para-margin:0cm;
	mso-para-margin-bottom:.0001pt;
	mso-pagination:widow-orphan;
	font-size:10.0pt;
	font-family:""Times New Roman"";
	mso-ansi-language:#0400;
	mso-fareast-language:#0400;
	mso-bidi-language:#0400;}
</style>
<![endif]-->

<p class=""MsoNormal"" dir=""rtl""><span style=""font-family: &quot;Jameel Noori Nastaleeq&quot;;"" lang=""AR-SA"">فرض نماز میں امام کی کوئی سی بھی ہو گویا
ہماری ایک ، دو یا تین رکعت نکل جائے تو سلام کے بعد ہم کھڑے ہوکر ثنا پڑھیں گے یا
نہیں؟ یا الحمد پڑھنے سے نماز ہوجائے، مستحب طریقہ کون سا ہے؟<o:p></o:p></span></p>

</h2>","<p>بسم الله الرحمن الرحيم</p><p> <meta http-equiv=""Content-Type"" content=""text/html; charset=utf-8""><meta name=""ProgId"" content=""Word.Document""><meta name=""Generator"" content=""Microsoft Word 11""><meta name=""Originator"" content=""Microsoft Word 11""><link rel=""File-List"" href=""file:///G:\DOCUME~1\ADMINI~1\LOCALS~1\Temp\msohtml1\03\clip_filelist.xml""><!--[if gte mso 9]><xml>
 <w:WordDocument>
  <w:View>Normal</w:View>
  <w:Zoom>0</w:Zoom>
  <w:PunctuationKerning/>
  <w:ValidateAgainstSchemas/>
  <w:SaveIfXMLInvalid>false</w:SaveIfXMLInvalid>
  <w:IgnoreMixedContent>false</w:IgnoreMixedContent>
  <w:AlwaysShowPlaceholderText>false</w:AlwaysShowPlaceholderText>
  <w:Compatibility>
   <w:BreakWrappedTables/>
   <w:SnapToGridInCell/>
   <w:WrapTextWithPunct/>
   <w:UseAsianBreakRules/>
   <w:DontGrowAutofit/>
  </w:Compatibility>
  <w:BrowserLevel>MicrosoftInternetExplorer4</w:BrowserLevel>
 </w:WordDocument>
</xml><![endif]--><!--[if gte mso 9]><xml>
 <w:LatentStyles DefLockedState=""false"" LatentStyleCount=""156"">
 </w:LatentStyles>
</xml><![endif]--><style>
<!--
 /* Font Definitions */
 @font-face
	{font-family:SimSun;
	panose-1:2 1 6 0 3 1 1 1 1 1;
	mso-font-alt:&#23435;&#20307;;
	mso-font-charset:134;
	mso-generic-font-family:auto;
	mso-font-pitch:variable;
	mso-font-signature:3 135135232 16 0 262145 0;}
@font-face
	{font-family:Tahoma;
	panose-1:2 11 6 4 3 5 4 4 2 4;
	mso-font-charset:0;
	mso-generic-font-family:swiss;
	mso-font-pitch:variable;
	mso-font-signature:1627421319 -2147483648 8 0 66047 0;}
@font-face
	{font-family:""Jameel Noori Nastaleeq"";
	panose-1:2 0 5 3 0 0 0 0 0 4;
	mso-font-charset:0;
	mso-generic-font-family:auto;
	mso-font-pitch:variable;
	mso-font-signature:-2147475449 0 0 0 65 0;}
@font-face
	{font-family:""\@SimSun"";
	panose-1:2 1 6 0 3 1 1 1 1 1;
	mso-font-charset:134;
	mso-generic-font-family:auto;
	mso-font-pitch:variable;
	mso-font-signature:3 135135232 16 0 262145 0;}
 /* Style Definitions */
 p.MsoNormal, li.MsoNormal, div.MsoNormal
	{mso-style-parent:"""";
	margin:0cm;
	margin-bottom:.0001pt;
	text-align:justify;
	text-justify:kashida;
	text-kashida:0%;
	mso-pagination:widow-orphan;
	direction:rtl;
	unicode-bidi:embed;
	font-size:12.0pt;
	mso-bidi-font-size:10.0pt;
	font-family:Tahoma;
	mso-fareast-font-family:SimSun;}
@page Section1
	{size:612.0pt 792.0pt;
	margin:72.0pt 90.0pt 72.0pt 90.0pt;
	mso-header-margin:36.0pt;
	mso-footer-margin:36.0pt;
	mso-paper-source:0;}
div.Section1
	{page:Section1;}
-->
</style><!--[if gte mso 10]>
<style>
 /* Style Definitions */
 table.MsoNormalTable
	{mso-style-name:""Table Normal"";
	mso-tstyle-rowband-size:0;
	mso-tstyle-colband-size:0;
	mso-style-noshow:yes;
	mso-style-parent:"""";
	mso-padding-alt:0cm 5.4pt 0cm 5.4pt;
	mso-para-margin:0cm;
	mso-para-margin-bottom:.0001pt;
	mso-pagination:widow-orphan;
	font-size:10.0pt;
	font-family:""Times New Roman"";
	mso-ansi-language:#0400;
	mso-fareast-language:#0400;
	mso-bidi-language:#0400;}
</style>
<![endif]-->

</p><p class=""MsoNormal"" dir=""rtl""><span style=""font-family: &quot;Jameel Noori Nastaleeq&quot;;"" lang=""AR-SA"">فتوی: 837=837/م</span></p><p class=""MsoNormal"" dir=""rtl""><span style=""font-family: &quot;Jameel Noori Nastaleeq&quot;;"" lang=""AR-SA""><o:p>&nbsp;</o:p></span></p><p class=""MsoNormal"" dir=""rtl""><span style=""font-family: &quot;Jameel Noori Nastaleeq&quot;;"" lang=""AR-SA"">امام کے سلام پھیرنے کے بعد جب آپ اپنی فوت
شدہ رکعات پوری کرنے کے لیے کھڑے ہوں، تو پہلے ثنا پڑھیں، پھر تعوذ تسمیہ کے بعد
سورہٴ فاتحہ وغیرہا پڑھیں، یہ بہتر طریقہ ہے۔ </span></p><p></p><br><span style=""font-size:1.2em"">
								<p><strong>واللہ تعالیٰ اعلم</strong></p>
								<br class=""clear"">
								<p><strong>دارالافتاء،</strong><br>دارالعلوم دیوبند</p>
							</span>",01-Sep-2020,13110,darulifta-deoband.com,عبادات,صلاة (نماز),"<div id=""recent_fatwas"" class=""container tab-pane active""><br>
					<ul class=""answer_detail"">
												<li>
																					<div class=""cate_sec"">
								<p class=""category_name"">
									<span>
										عبادات									</span> 
									&gt;&gt; 
									<span>
																		<a href=""https://darulifta-deoband.com/ur/category/n-a/MTk="">صلاة (نماز)</a>
									</span>
								</p>
								<p class=""quesid""><span class=""anser_id_urdu""> سوال نمبر: 13110</span><!--<span class=""country_urdu"">  : ملک</span> --></p>
							</div>
							<h2><u> عنوان:</u> <meta http-equiv=""Content-Type"" content=""text/html; charset=utf-8""><meta name=""ProgId"" content=""Word.Document""><meta name=""Generator"" content=""Microsoft Word 11""><meta name=""Originator"" content=""Microsoft Word 11""><link rel=""File-List"" href=""file:///G:\DOCUME~1\ADMINI~1\LOCALS~1\Temp\msohtml1\03\clip_filelist.xml""><!--[if gte mso 9]><xml>
 <w:WordDocument>
  <w:View>Normal</w:View>
  <w:Zoom>0</w:Zoom>
  <w:PunctuationKerning/>
  <w:ValidateAgainstSchemas/>
  <w:SaveIfXMLInvalid>false</w:SaveIfXMLInvalid>
  <w:IgnoreMixedContent>false</w:IgnoreMixedContent>
  <w:AlwaysShowPlaceholderText>false</w:AlwaysShowPlaceholderText>
  <w:Compatibility>
   <w:BreakWrappedTables/>
   <w:SnapToGridInCell/>
   <w:WrapTextWithPunct/>
   <w:UseAsianBreakRules/>
   <w:DontGrowAutofit/>
  </w:Compatibility>
  <w:BrowserLevel>MicrosoftInternetExplorer4</w:BrowserLevel>
 </w:WordDocument>
</xml><![endif]--><!--[if gte mso 9]><xml>
 <w:LatentStyles DefLockedState=""false"" LatentStyleCount=""156"">
 </w:LatentStyles>
</xml><![endif]--><style>
<!--
 /* Font Definitions */
 @font-face
	{font-family:SimSun;
	panose-1:2 1 6 0 3 1 1 1 1 1;
	mso-font-alt:&#23435;&#20307;;
	mso-font-charset:134;
	mso-generic-font-family:auto;
	mso-font-pitch:variable;
	mso-font-signature:3 135135232 16 0 262145 0;}
@font-face
	{font-family:Tahoma;
	panose-1:2 11 6 4 3 5 4 4 2 4;
	mso-font-charset:0;
	mso-generic-font-family:swiss;
	mso-font-pitch:variable;
	mso-font-signature:1627421319 -2147483648 8 0 66047 0;}
@font-face
	{font-family:""Jameel Noori Nastaleeq"";
	panose-1:2 0 5 3 0 0 0 0 0 4;
	mso-font-charset:0;
	mso-generic-font-family:auto;
	mso-font-pitch:variable;
	mso-font-signature:-2147475449 0 0 0 65 0;}
@font-face
	{font-family:""\@SimSun"";
	panose-1:2 1 6 0 3 1 1 1 1 1;
	mso-font-charset:134;
	mso-generic-font-family:auto;
	mso-font-pitch:variable;
	mso-font-signature:3 135135232 16 0 262145 0;}
 /* Style Definitions */
 p.MsoNormal, li.MsoNormal, div.MsoNormal
	{mso-style-parent:"""";
	margin:0cm;
	margin-bottom:.0001pt;
	text-align:justify;
	text-justify:kashida;
	text-kashida:0%;
	mso-pagination:widow-orphan;
	direction:rtl;
	unicode-bidi:embed;
	font-size:12.0pt;
	mso-bidi-font-size:10.0pt;
	font-family:Tahoma;
	mso-fareast-font-family:SimSun;}
@page Section1
	{size:612.0pt 792.0pt;
	margin:72.0pt 90.0pt 72.0pt 90.0pt;
	mso-header-margin:36.0pt;
	mso-footer-margin:36.0pt;
	mso-paper-source:0;}
div.Section1
	{page:Section1;}
-->
</style><!--[if gte mso 10]>
<style>
 /* Style Definitions */
 table.MsoNormalTable
	{mso-style-name:""Table Normal"";
	mso-tstyle-rowband-size:0;
	mso-tstyle-colband-size:0;
	mso-style-noshow:yes;
	mso-style-parent:"""";
	mso-padding-alt:0cm 5.4pt 0cm 5.4pt;
	mso-para-margin:0cm;
	mso-para-margin-bottom:.0001pt;
	mso-pagination:widow-orphan;
	font-size:10.0pt;
	font-family:""Times New Roman"";
	mso-ansi-language:#0400;
	mso-fareast-language:#0400;
	mso-bidi-language:#0400;}
</style>
<![endif]-->

<p class=""MsoNormal"" dir=""rtl""><span style=""font-family: &quot;Jameel Noori Nastaleeq&quot;;"" lang=""AR-SA"">فرض نماز میں امام کی کوئی سی بھی ہو گویا
ہماری ایک ، دو یا تین رکعت نکل جائے تو سلام کے بعد ہم کھڑے ہوکر ثنا پڑھیں گے یا
نہیں؟ یا الحمد پڑھنے سے نماز ہوجائے، مستحب طریقہ کون سا ہے؟<o:p></o:p></span></p>

</h2>
							<h2><u> سوال: </u> <meta http-equiv=""Content-Type"" content=""text/html; charset=utf-8""><meta name=""ProgId"" content=""Word.Document""><meta name=""Generator"" content=""Microsoft Word 11""><meta name=""Originator"" content=""Microsoft Word 11""><link rel=""File-List"" href=""file:///G:\DOCUME~1\ADMINI~1\LOCALS~1\Temp\msohtml1\03\clip_filelist.xml""><!--[if gte mso 9]><xml>
 <w:WordDocument>
  <w:View>Normal</w:View>
  <w:Zoom>0</w:Zoom>
  <w:PunctuationKerning/>
  <w:ValidateAgainstSchemas/>
  <w:SaveIfXMLInvalid>false</w:SaveIfXMLInvalid>
  <w:IgnoreMixedContent>false</w:IgnoreMixedContent>
  <w:AlwaysShowPlaceholderText>false</w:AlwaysShowPlaceholderText>
  <w:Compatibility>
   <w:BreakWrappedTables/>
   <w:SnapToGridInCell/>
   <w:WrapTextWithPunct/>
   <w:UseAsianBreakRules/>
   <w:DontGrowAutofit/>
  </w:Compatibility>
  <w:BrowserLevel>MicrosoftInternetExplorer4</w:BrowserLevel>
 </w:WordDocument>
</xml><![endif]--><!--[if gte mso 9]><xml>
 <w:LatentStyles DefLockedState=""false"" LatentStyleCount=""156"">
 </w:LatentStyles>
</xml><![endif]--><style>
<!--
 /* Font Definitions */
 @font-face
	{font-family:SimSun;
	panose-1:2 1 6 0 3 1 1 1 1 1;
	mso-font-alt:&#23435;&#20307;;
	mso-font-charset:134;
	mso-generic-font-family:auto;
	mso-font-pitch:variable;
	mso-font-signature:3 135135232 16 0 262145 0;}
@font-face
	{font-family:Tahoma;
	panose-1:2 11 6 4 3 5 4 4 2 4;
	mso-font-charset:0;
	mso-generic-font-family:swiss;
	mso-font-pitch:variable;
	mso-font-signature:1627421319 -2147483648 8 0 66047 0;}
@font-face
	{font-family:""Jameel Noori Nastaleeq"";
	panose-1:2 0 5 3 0 0 0 0 0 4;
	mso-font-charset:0;
	mso-generic-font-family:auto;
	mso-font-pitch:variable;
	mso-font-signature:-2147475449 0 0 0 65 0;}
@font-face
	{font-family:""\@SimSun"";
	panose-1:2 1 6 0 3 1 1 1 1 1;
	mso-font-charset:134;
	mso-generic-font-family:auto;
	mso-font-pitch:variable;
	mso-font-signature:3 135135232 16 0 262145 0;}
 /* Style Definitions */
 p.MsoNormal, li.MsoNormal, div.MsoNormal
	{mso-style-parent:"""";
	margin:0cm;
	margin-bottom:.0001pt;
	text-align:justify;
	text-justify:kashida;
	text-kashida:0%;
	mso-pagination:widow-orphan;
	direction:rtl;
	unicode-bidi:embed;
	font-size:12.0pt;
	mso-bidi-font-size:10.0pt;
	font-family:Tahoma;
	mso-fareast-font-family:SimSun;}
@page Section1
	{size:612.0pt 792.0pt;
	margin:72.0pt 90.0pt 72.0pt 90.0pt;
	mso-header-margin:36.0pt;
	mso-footer-margin:36.0pt;
	mso-paper-source:0;}
div.Section1
	{page:Section1;}
-->
</style><!--[if gte mso 10]>
<style>
 /* Style Definitions */
 table.MsoNormalTable
	{mso-style-name:""Table Normal"";
	mso-tstyle-rowband-size:0;
	mso-tstyle-colband-size:0;
	mso-style-noshow:yes;
	mso-style-parent:"""";
	mso-padding-alt:0cm 5.4pt 0cm 5.4pt;
	mso-para-margin:0cm;
	mso-para-margin-bottom:.0001pt;
	mso-pagination:widow-orphan;
	font-size:10.0pt;
	font-family:""Times New Roman"";
	mso-ansi-language:#0400;
	mso-fareast-language:#0400;
	mso-bidi-language:#0400;}
</style>
<![endif]-->

<p class=""MsoNormal"" dir=""rtl""><span style=""font-family: &quot;Jameel Noori Nastaleeq&quot;;"" lang=""AR-SA"">فرض نماز میں امام کی کوئی سی بھی ہو گویا
ہماری ایک ، دو یا تین رکعت نکل جائے تو سلام کے بعد ہم کھڑے ہوکر ثنا پڑھیں گے یا
نہیں؟ یا الحمد پڑھنے سے نماز ہوجائے، مستحب طریقہ کون سا ہے؟<o:p></o:p></span></p>

</h2>
							<p class=""fatwa_answer""><span class=""ans_urdu_id""> جواب نمبر: 13110</span><span style=""color:#efefef;display:none;"" class=""answer_date_urdu"">01-Sep-2020 : تاریخ اشاعت </span></p>
							<p>بسم الله الرحمن الرحيم</p>
							<p> <meta http-equiv=""Content-Type"" content=""text/html; charset=utf-8""><meta name=""ProgId"" content=""Word.Document""><meta name=""Generator"" content=""Microsoft Word 11""><meta name=""Originator"" content=""Microsoft Word 11""><link rel=""File-List"" href=""file:///G:\DOCUME~1\ADMINI~1\LOCALS~1\Temp\msohtml1\03\clip_filelist.xml""><!--[if gte mso 9]><xml>
 <w:WordDocument>
  <w:View>Normal</w:View>
  <w:Zoom>0</w:Zoom>
  <w:PunctuationKerning/>
  <w:ValidateAgainstSchemas/>
  <w:SaveIfXMLInvalid>false</w:SaveIfXMLInvalid>
  <w:IgnoreMixedContent>false</w:IgnoreMixedContent>
  <w:AlwaysShowPlaceholderText>false</w:AlwaysShowPlaceholderText>
  <w:Compatibility>
   <w:BreakWrappedTables/>
   <w:SnapToGridInCell/>
   <w:WrapTextWithPunct/>
   <w:UseAsianBreakRules/>
   <w:DontGrowAutofit/>
  </w:Compatibility>
  <w:BrowserLevel>MicrosoftInternetExplorer4</w:BrowserLevel>
 </w:WordDocument>
</xml><![endif]--><!--[if gte mso 9]><xml>
 <w:LatentStyles DefLockedState=""false"" LatentStyleCount=""156"">
 </w:LatentStyles>
</xml><![endif]--><style>
<!--
 /* Font Definitions */
 @font-face
	{font-family:SimSun;
	panose-1:2 1 6 0 3 1 1 1 1 1;
	mso-font-alt:&#23435;&#20307;;
	mso-font-charset:134;
	mso-generic-font-family:auto;
	mso-font-pitch:variable;
	mso-font-signature:3 135135232 16 0 262145 0;}
@font-face
	{font-family:Tahoma;
	panose-1:2 11 6 4 3 5 4 4 2 4;
	mso-font-charset:0;
	mso-generic-font-family:swiss;
	mso-font-pitch:variable;
	mso-font-signature:1627421319 -2147483648 8 0 66047 0;}
@font-face
	{font-family:""Jameel Noori Nastaleeq"";
	panose-1:2 0 5 3 0 0 0 0 0 4;
	mso-font-charset:0;
	mso-generic-font-family:auto;
	mso-font-pitch:variable;
	mso-font-signature:-2147475449 0 0 0 65 0;}
@font-face
	{font-family:""\@SimSun"";
	panose-1:2 1 6 0 3 1 1 1 1 1;
	mso-font-charset:134;
	mso-generic-font-family:auto;
	mso-font-pitch:variable;
	mso-font-signature:3 135135232 16 0 262145 0;}
 /* Style Definitions */
 p.MsoNormal, li.MsoNormal, div.MsoNormal
	{mso-style-parent:"""";
	margin:0cm;
	margin-bottom:.0001pt;
	text-align:justify;
	text-justify:kashida;
	text-kashida:0%;
	mso-pagination:widow-orphan;
	direction:rtl;
	unicode-bidi:embed;
	font-size:12.0pt;
	mso-bidi-font-size:10.0pt;
	font-family:Tahoma;
	mso-fareast-font-family:SimSun;}
@page Section1
	{size:612.0pt 792.0pt;
	margin:72.0pt 90.0pt 72.0pt 90.0pt;
	mso-header-margin:36.0pt;
	mso-footer-margin:36.0pt;
	mso-paper-source:0;}
div.Section1
	{page:Section1;}
-->
</style><!--[if gte mso 10]>
<style>
 /* Style Definitions */
 table.MsoNormalTable
	{mso-style-name:""Table Normal"";
	mso-tstyle-rowband-size:0;
	mso-tstyle-colband-size:0;
	mso-style-noshow:yes;
	mso-style-parent:"""";
	mso-padding-alt:0cm 5.4pt 0cm 5.4pt;
	mso-para-margin:0cm;
	mso-para-margin-bottom:.0001pt;
	mso-pagination:widow-orphan;
	font-size:10.0pt;
	font-family:""Times New Roman"";
	mso-ansi-language:#0400;
	mso-fareast-language:#0400;
	mso-bidi-language:#0400;}
</style>
<![endif]-->

</p><p class=""MsoNormal"" dir=""rtl""><span style=""font-family: &quot;Jameel Noori Nastaleeq&quot;;"" lang=""AR-SA"">فتوی: 837=837/م</span></p>

<p class=""MsoNormal"" dir=""rtl""><span style=""font-family: &quot;Jameel Noori Nastaleeq&quot;;"" lang=""AR-SA""><o:p>&nbsp;</o:p></span></p>

<p class=""MsoNormal"" dir=""rtl""><span style=""font-family: &quot;Jameel Noori Nastaleeq&quot;;"" lang=""AR-SA"">امام کے سلام پھیرنے کے بعد جب آپ اپنی فوت
شدہ رکعات پوری کرنے کے لیے کھڑے ہوں، تو پہلے ثنا پڑھیں، پھر تعوذ تسمیہ کے بعد
سورہٴ فاتحہ وغیرہا پڑھیں، یہ بہتر طریقہ ہے۔ </span></p>

<p></p> 
							<br>
							<span style=""font-size:1.2em"">
								<p><strong>واللہ تعالیٰ اعلم</strong></p>
								<br class=""clear"">
								<p><strong>دارالافتاء،</strong><br>دارالعلوم دیوبند</p>
							</span>
						</li>
											</ul>
				</div>"
https://darulifta-deoband.com/home/ur/salah-prayer/13101,اگر با جماعت امام کا وضو ٹوٹ جائے تو نماز کیسے ادا کی جائے گی، چاہے شروع میں یا اخیر میں وضو ٹوٹا ہو؟,"<h2><u> سوال: </u> <meta http-equiv=""Content-Type"" content=""text/html; charset=utf-8""><meta name=""ProgId"" content=""Word.Document""><meta name=""Generator"" content=""Microsoft Word 11""><meta name=""Originator"" content=""Microsoft Word 11""><link rel=""File-List"" href=""file:///G:\DOCUME~1\ADMINI~1\LOCALS~1\Temp\msohtml1\01\clip_filelist.xml""><!--[if gte mso 9]><xml>
 <w:WordDocument>
  <w:View>Normal</w:View>
  <w:Zoom>0</w:Zoom>
  <w:PunctuationKerning/>
  <w:ValidateAgainstSchemas/>
  <w:SaveIfXMLInvalid>false</w:SaveIfXMLInvalid>
  <w:IgnoreMixedContent>false</w:IgnoreMixedContent>
  <w:AlwaysShowPlaceholderText>false</w:AlwaysShowPlaceholderText>
  <w:Compatibility>
   <w:BreakWrappedTables/>
   <w:SnapToGridInCell/>
   <w:WrapTextWithPunct/>
   <w:UseAsianBreakRules/>
   <w:DontGrowAutofit/>
  </w:Compatibility>
  <w:BrowserLevel>MicrosoftInternetExplorer4</w:BrowserLevel>
 </w:WordDocument>
</xml><![endif]--><!--[if gte mso 9]><xml>
 <w:LatentStyles DefLockedState=""false"" LatentStyleCount=""156"">
 </w:LatentStyles>
</xml><![endif]--><style>
<!--
 /* Font Definitions */
 @font-face
	{font-family:SimSun;
	panose-1:2 1 6 0 3 1 1 1 1 1;
	mso-font-alt:&#23435;&#20307;;
	mso-font-charset:134;
	mso-generic-font-family:auto;
	mso-font-pitch:variable;
	mso-font-signature:3 135135232 16 0 262145 0;}
@font-face
	{font-family:Tahoma;
	panose-1:2 11 6 4 3 5 4 4 2 4;
	mso-font-charset:0;
	mso-generic-font-family:swiss;
	mso-font-pitch:variable;
	mso-font-signature:1627421319 -2147483648 8 0 66047 0;}
@font-face
	{font-family:""Jameel Noori Nastaleeq"";
	panose-1:2 0 5 3 0 0 0 0 0 4;
	mso-font-charset:0;
	mso-generic-font-family:auto;
	mso-font-pitch:variable;
	mso-font-signature:-2147475449 0 0 0 65 0;}
@font-face
	{font-family:""\@SimSun"";
	panose-1:2 1 6 0 3 1 1 1 1 1;
	mso-font-charset:134;
	mso-generic-font-family:auto;
	mso-font-pitch:variable;
	mso-font-signature:3 135135232 16 0 262145 0;}
 /* Style Definitions */
 p.MsoNormal, li.MsoNormal, div.MsoNormal
	{mso-style-parent:"""";
	margin:0cm;
	margin-bottom:.0001pt;
	text-align:justify;
	text-justify:kashida;
	text-kashida:0%;
	mso-pagination:widow-orphan;
	direction:rtl;
	unicode-bidi:embed;
	font-size:12.0pt;
	mso-bidi-font-size:10.0pt;
	font-family:Tahoma;
	mso-fareast-font-family:SimSun;}
@page Section1
	{size:612.0pt 792.0pt;
	margin:72.0pt 90.0pt 72.0pt 90.0pt;
	mso-header-margin:36.0pt;
	mso-footer-margin:36.0pt;
	mso-paper-source:0;}
div.Section1
	{page:Section1;}
-->
</style><!--[if gte mso 10]>
<style>
 /* Style Definitions */
 table.MsoNormalTable
	{mso-style-name:""Table Normal"";
	mso-tstyle-rowband-size:0;
	mso-tstyle-colband-size:0;
	mso-style-noshow:yes;
	mso-style-parent:"""";
	mso-padding-alt:0cm 5.4pt 0cm 5.4pt;
	mso-para-margin:0cm;
	mso-para-margin-bottom:.0001pt;
	mso-pagination:widow-orphan;
	font-size:10.0pt;
	font-family:""Times New Roman"";
	mso-ansi-language:#0400;
	mso-fareast-language:#0400;
	mso-bidi-language:#0400;}
</style>
<![endif]-->

<p class=""MsoNormal"" dir=""rtl""><span style=""font-family: &quot;Jameel Noori Nastaleeq&quot;;"" lang=""AR-SA"">اگر با جماعت
امام کا وضو ٹوٹ جائے تو نماز کیسے ادا کی جائے گی، چاہے شروع میں یا اخیر میں وضو
ٹوٹا ہو؟<o:p></o:p></span></p>

</h2>","<p>بسم الله الرحمن الرحيم</p><p> <meta http-equiv=""Content-Type"" content=""text/html; charset=utf-8""><meta name=""ProgId"" content=""Word.Document""><meta name=""Generator"" content=""Microsoft Word 11""><meta name=""Originator"" content=""Microsoft Word 11""><link rel=""File-List"" href=""file:///G:\DOCUME~1\ADMINI~1\LOCALS~1\Temp\msohtml1\01\clip_filelist.xml""><!--[if gte mso 9]><xml>
 <w:WordDocument>
  <w:View>Normal</w:View>
  <w:Zoom>0</w:Zoom>
  <w:PunctuationKerning/>
  <w:ValidateAgainstSchemas/>
  <w:SaveIfXMLInvalid>false</w:SaveIfXMLInvalid>
  <w:IgnoreMixedContent>false</w:IgnoreMixedContent>
  <w:AlwaysShowPlaceholderText>false</w:AlwaysShowPlaceholderText>
  <w:Compatibility>
   <w:BreakWrappedTables/>
   <w:SnapToGridInCell/>
   <w:WrapTextWithPunct/>
   <w:UseAsianBreakRules/>
   <w:DontGrowAutofit/>
  </w:Compatibility>
  <w:BrowserLevel>MicrosoftInternetExplorer4</w:BrowserLevel>
 </w:WordDocument>
</xml><![endif]--><!--[if gte mso 9]><xml>
 <w:LatentStyles DefLockedState=""false"" LatentStyleCount=""156"">
 </w:LatentStyles>
</xml><![endif]--><style>
<!--
 /* Font Definitions */
 @font-face
	{font-family:SimSun;
	panose-1:2 1 6 0 3 1 1 1 1 1;
	mso-font-alt:&#23435;&#20307;;
	mso-font-charset:134;
	mso-generic-font-family:auto;
	mso-font-pitch:variable;
	mso-font-signature:3 135135232 16 0 262145 0;}
@font-face
	{font-family:Tahoma;
	panose-1:2 11 6 4 3 5 4 4 2 4;
	mso-font-charset:0;
	mso-generic-font-family:swiss;
	mso-font-pitch:variable;
	mso-font-signature:1627421319 -2147483648 8 0 66047 0;}
@font-face
	{font-family:""Jameel Noori Nastaleeq"";
	panose-1:2 0 5 3 0 0 0 0 0 4;
	mso-font-charset:0;
	mso-generic-font-family:auto;
	mso-font-pitch:variable;
	mso-font-signature:-2147475449 0 0 0 65 0;}
@font-face
	{font-family:""\@SimSun"";
	panose-1:2 1 6 0 3 1 1 1 1 1;
	mso-font-charset:134;
	mso-generic-font-family:auto;
	mso-font-pitch:variable;
	mso-font-signature:3 135135232 16 0 262145 0;}
 /* Style Definitions */
 p.MsoNormal, li.MsoNormal, div.MsoNormal
	{mso-style-parent:"""";
	margin:0cm;
	margin-bottom:.0001pt;
	text-align:justify;
	text-justify:kashida;
	text-kashida:0%;
	mso-pagination:widow-orphan;
	direction:rtl;
	unicode-bidi:embed;
	font-size:12.0pt;
	mso-bidi-font-size:10.0pt;
	font-family:Tahoma;
	mso-fareast-font-family:SimSun;}
@page Section1
	{size:612.0pt 792.0pt;
	margin:72.0pt 90.0pt 72.0pt 90.0pt;
	mso-header-margin:36.0pt;
	mso-footer-margin:36.0pt;
	mso-paper-source:0;}
div.Section1
	{page:Section1;}
-->
</style><!--[if gte mso 10]>
<style>
 /* Style Definitions */
 table.MsoNormalTable
	{mso-style-name:""Table Normal"";
	mso-tstyle-rowband-size:0;
	mso-tstyle-colband-size:0;
	mso-style-noshow:yes;
	mso-style-parent:"""";
	mso-padding-alt:0cm 5.4pt 0cm 5.4pt;
	mso-para-margin:0cm;
	mso-para-margin-bottom:.0001pt;
	mso-pagination:widow-orphan;
	font-size:10.0pt;
	font-family:""Times New Roman"";
	mso-ansi-language:#0400;
	mso-fareast-language:#0400;
	mso-bidi-language:#0400;}
</style>
<![endif]-->

</p><p class=""MsoNormal"" dir=""rtl""><span style=""font-family: &quot;Jameel Noori Nastaleeq&quot;;"" lang=""AR-SA"">فتوی: 802=600/ل</span></p><p class=""MsoNormal"" dir=""rtl""><span style=""font-family: &quot;Jameel Noori Nastaleeq&quot;;"" lang=""AR-SA""><o:p>&nbsp;</o:p></span></p><p class=""MsoNormal"" dir=""rtl""><span style=""font-family: &quot;Jameel Noori Nastaleeq&quot;;"" lang=""AR-SA"">مذکورہ بالا
صورت میں نائب بنانا بھی جائز ہے، مگر اس کے کچھ شرائط ہیں جن کا علم ہرایک کو
نہیں ہوتا اس لیے اگر ایسی صورت پیش آجائے تو از سر نو نماز کا اعادہ کرلینا ہی
اولیٰ وبہتر ہے۔ </span></p><p></p><br><span style=""font-size:1.2em"">
								<p><strong>واللہ تعالیٰ اعلم</strong></p>
								<br class=""clear"">
								<p><strong>دارالافتاء،</strong><br>دارالعلوم دیوبند</p>
							</span>",01-Sep-2020,13101,darulifta-deoband.com,عبادات,صلاة (نماز),"<div id=""recent_fatwas"" class=""container tab-pane active""><br>
					<ul class=""answer_detail"">
												<li>
																					<div class=""cate_sec"">
								<p class=""category_name"">
									<span>
										عبادات									</span> 
									&gt;&gt; 
									<span>
																		<a href=""https://darulifta-deoband.com/ur/category/n-a/MTk="">صلاة (نماز)</a>
									</span>
								</p>
								<p class=""quesid""><span class=""anser_id_urdu""> سوال نمبر: 13101</span><!--<span class=""country_urdu"">  : ملک</span> --></p>
							</div>
							<h2><u> عنوان:</u> <meta http-equiv=""Content-Type"" content=""text/html; charset=utf-8""><meta name=""ProgId"" content=""Word.Document""><meta name=""Generator"" content=""Microsoft Word 11""><meta name=""Originator"" content=""Microsoft Word 11""><link rel=""File-List"" href=""file:///G:\DOCUME~1\ADMINI~1\LOCALS~1\Temp\msohtml1\01\clip_filelist.xml""><!--[if gte mso 9]><xml>
 <w:WordDocument>
  <w:View>Normal</w:View>
  <w:Zoom>0</w:Zoom>
  <w:PunctuationKerning/>
  <w:ValidateAgainstSchemas/>
  <w:SaveIfXMLInvalid>false</w:SaveIfXMLInvalid>
  <w:IgnoreMixedContent>false</w:IgnoreMixedContent>
  <w:AlwaysShowPlaceholderText>false</w:AlwaysShowPlaceholderText>
  <w:Compatibility>
   <w:BreakWrappedTables/>
   <w:SnapToGridInCell/>
   <w:WrapTextWithPunct/>
   <w:UseAsianBreakRules/>
   <w:DontGrowAutofit/>
  </w:Compatibility>
  <w:BrowserLevel>MicrosoftInternetExplorer4</w:BrowserLevel>
 </w:WordDocument>
</xml><![endif]--><!--[if gte mso 9]><xml>
 <w:LatentStyles DefLockedState=""false"" LatentStyleCount=""156"">
 </w:LatentStyles>
</xml><![endif]--><style>
<!--
 /* Font Definitions */
 @font-face
	{font-family:SimSun;
	panose-1:2 1 6 0 3 1 1 1 1 1;
	mso-font-alt:&#23435;&#20307;;
	mso-font-charset:134;
	mso-generic-font-family:auto;
	mso-font-pitch:variable;
	mso-font-signature:3 135135232 16 0 262145 0;}
@font-face
	{font-family:Tahoma;
	panose-1:2 11 6 4 3 5 4 4 2 4;
	mso-font-charset:0;
	mso-generic-font-family:swiss;
	mso-font-pitch:variable;
	mso-font-signature:1627421319 -2147483648 8 0 66047 0;}
@font-face
	{font-family:""Jameel Noori Nastaleeq"";
	panose-1:2 0 5 3 0 0 0 0 0 4;
	mso-font-charset:0;
	mso-generic-font-family:auto;
	mso-font-pitch:variable;
	mso-font-signature:-2147475449 0 0 0 65 0;}
@font-face
	{font-family:""\@SimSun"";
	panose-1:2 1 6 0 3 1 1 1 1 1;
	mso-font-charset:134;
	mso-generic-font-family:auto;
	mso-font-pitch:variable;
	mso-font-signature:3 135135232 16 0 262145 0;}
 /* Style Definitions */
 p.MsoNormal, li.MsoNormal, div.MsoNormal
	{mso-style-parent:"""";
	margin:0cm;
	margin-bottom:.0001pt;
	text-align:justify;
	text-justify:kashida;
	text-kashida:0%;
	mso-pagination:widow-orphan;
	direction:rtl;
	unicode-bidi:embed;
	font-size:12.0pt;
	mso-bidi-font-size:10.0pt;
	font-family:Tahoma;
	mso-fareast-font-family:SimSun;}
@page Section1
	{size:612.0pt 792.0pt;
	margin:72.0pt 90.0pt 72.0pt 90.0pt;
	mso-header-margin:36.0pt;
	mso-footer-margin:36.0pt;
	mso-paper-source:0;}
div.Section1
	{page:Section1;}
-->
</style><!--[if gte mso 10]>
<style>
 /* Style Definitions */
 table.MsoNormalTable
	{mso-style-name:""Table Normal"";
	mso-tstyle-rowband-size:0;
	mso-tstyle-colband-size:0;
	mso-style-noshow:yes;
	mso-style-parent:"""";
	mso-padding-alt:0cm 5.4pt 0cm 5.4pt;
	mso-para-margin:0cm;
	mso-para-margin-bottom:.0001pt;
	mso-pagination:widow-orphan;
	font-size:10.0pt;
	font-family:""Times New Roman"";
	mso-ansi-language:#0400;
	mso-fareast-language:#0400;
	mso-bidi-language:#0400;}
</style>
<![endif]-->

<p class=""MsoNormal"" dir=""rtl""><span style=""font-family: &quot;Jameel Noori Nastaleeq&quot;;"" lang=""AR-SA"">اگر با جماعت
امام کا وضو ٹوٹ جائے تو نماز کیسے ادا کی جائے گی، چاہے شروع میں یا اخیر میں وضو
ٹوٹا ہو؟<o:p></o:p></span></p>

</h2>
							<h2><u> سوال: </u> <meta http-equiv=""Content-Type"" content=""text/html; charset=utf-8""><meta name=""ProgId"" content=""Word.Document""><meta name=""Generator"" content=""Microsoft Word 11""><meta name=""Originator"" content=""Microsoft Word 11""><link rel=""File-List"" href=""file:///G:\DOCUME~1\ADMINI~1\LOCALS~1\Temp\msohtml1\01\clip_filelist.xml""><!--[if gte mso 9]><xml>
 <w:WordDocument>
  <w:View>Normal</w:View>
  <w:Zoom>0</w:Zoom>
  <w:PunctuationKerning/>
  <w:ValidateAgainstSchemas/>
  <w:SaveIfXMLInvalid>false</w:SaveIfXMLInvalid>
  <w:IgnoreMixedContent>false</w:IgnoreMixedContent>
  <w:AlwaysShowPlaceholderText>false</w:AlwaysShowPlaceholderText>
  <w:Compatibility>
   <w:BreakWrappedTables/>
   <w:SnapToGridInCell/>
   <w:WrapTextWithPunct/>
   <w:UseAsianBreakRules/>
   <w:DontGrowAutofit/>
  </w:Compatibility>
  <w:BrowserLevel>MicrosoftInternetExplorer4</w:BrowserLevel>
 </w:WordDocument>
</xml><![endif]--><!--[if gte mso 9]><xml>
 <w:LatentStyles DefLockedState=""false"" LatentStyleCount=""156"">
 </w:LatentStyles>
</xml><![endif]--><style>
<!--
 /* Font Definitions */
 @font-face
	{font-family:SimSun;
	panose-1:2 1 6 0 3 1 1 1 1 1;
	mso-font-alt:&#23435;&#20307;;
	mso-font-charset:134;
	mso-generic-font-family:auto;
	mso-font-pitch:variable;
	mso-font-signature:3 135135232 16 0 262145 0;}
@font-face
	{font-family:Tahoma;
	panose-1:2 11 6 4 3 5 4 4 2 4;
	mso-font-charset:0;
	mso-generic-font-family:swiss;
	mso-font-pitch:variable;
	mso-font-signature:1627421319 -2147483648 8 0 66047 0;}
@font-face
	{font-family:""Jameel Noori Nastaleeq"";
	panose-1:2 0 5 3 0 0 0 0 0 4;
	mso-font-charset:0;
	mso-generic-font-family:auto;
	mso-font-pitch:variable;
	mso-font-signature:-2147475449 0 0 0 65 0;}
@font-face
	{font-family:""\@SimSun"";
	panose-1:2 1 6 0 3 1 1 1 1 1;
	mso-font-charset:134;
	mso-generic-font-family:auto;
	mso-font-pitch:variable;
	mso-font-signature:3 135135232 16 0 262145 0;}
 /* Style Definitions */
 p.MsoNormal, li.MsoNormal, div.MsoNormal
	{mso-style-parent:"""";
	margin:0cm;
	margin-bottom:.0001pt;
	text-align:justify;
	text-justify:kashida;
	text-kashida:0%;
	mso-pagination:widow-orphan;
	direction:rtl;
	unicode-bidi:embed;
	font-size:12.0pt;
	mso-bidi-font-size:10.0pt;
	font-family:Tahoma;
	mso-fareast-font-family:SimSun;}
@page Section1
	{size:612.0pt 792.0pt;
	margin:72.0pt 90.0pt 72.0pt 90.0pt;
	mso-header-margin:36.0pt;
	mso-footer-margin:36.0pt;
	mso-paper-source:0;}
div.Section1
	{page:Section1;}
-->
</style><!--[if gte mso 10]>
<style>
 /* Style Definitions */
 table.MsoNormalTable
	{mso-style-name:""Table Normal"";
	mso-tstyle-rowband-size:0;
	mso-tstyle-colband-size:0;
	mso-style-noshow:yes;
	mso-style-parent:"""";
	mso-padding-alt:0cm 5.4pt 0cm 5.4pt;
	mso-para-margin:0cm;
	mso-para-margin-bottom:.0001pt;
	mso-pagination:widow-orphan;
	font-size:10.0pt;
	font-family:""Times New Roman"";
	mso-ansi-language:#0400;
	mso-fareast-language:#0400;
	mso-bidi-language:#0400;}
</style>
<![endif]-->

<p class=""MsoNormal"" dir=""rtl""><span style=""font-family: &quot;Jameel Noori Nastaleeq&quot;;"" lang=""AR-SA"">اگر با جماعت
امام کا وضو ٹوٹ جائے تو نماز کیسے ادا کی جائے گی، چاہے شروع میں یا اخیر میں وضو
ٹوٹا ہو؟<o:p></o:p></span></p>

</h2>
							<p class=""fatwa_answer""><span class=""ans_urdu_id""> جواب نمبر: 13101</span><span style=""color:#efefef;display:none;"" class=""answer_date_urdu"">01-Sep-2020 : تاریخ اشاعت </span></p>
							<p>بسم الله الرحمن الرحيم</p>
							<p> <meta http-equiv=""Content-Type"" content=""text/html; charset=utf-8""><meta name=""ProgId"" content=""Word.Document""><meta name=""Generator"" content=""Microsoft Word 11""><meta name=""Originator"" content=""Microsoft Word 11""><link rel=""File-List"" href=""file:///G:\DOCUME~1\ADMINI~1\LOCALS~1\Temp\msohtml1\01\clip_filelist.xml""><!--[if gte mso 9]><xml>
 <w:WordDocument>
  <w:View>Normal</w:View>
  <w:Zoom>0</w:Zoom>
  <w:PunctuationKerning/>
  <w:ValidateAgainstSchemas/>
  <w:SaveIfXMLInvalid>false</w:SaveIfXMLInvalid>
  <w:IgnoreMixedContent>false</w:IgnoreMixedContent>
  <w:AlwaysShowPlaceholderText>false</w:AlwaysShowPlaceholderText>
  <w:Compatibility>
   <w:BreakWrappedTables/>
   <w:SnapToGridInCell/>
   <w:WrapTextWithPunct/>
   <w:UseAsianBreakRules/>
   <w:DontGrowAutofit/>
  </w:Compatibility>
  <w:BrowserLevel>MicrosoftInternetExplorer4</w:BrowserLevel>
 </w:WordDocument>
</xml><![endif]--><!--[if gte mso 9]><xml>
 <w:LatentStyles DefLockedState=""false"" LatentStyleCount=""156"">
 </w:LatentStyles>
</xml><![endif]--><style>
<!--
 /* Font Definitions */
 @font-face
	{font-family:SimSun;
	panose-1:2 1 6 0 3 1 1 1 1 1;
	mso-font-alt:&#23435;&#20307;;
	mso-font-charset:134;
	mso-generic-font-family:auto;
	mso-font-pitch:variable;
	mso-font-signature:3 135135232 16 0 262145 0;}
@font-face
	{font-family:Tahoma;
	panose-1:2 11 6 4 3 5 4 4 2 4;
	mso-font-charset:0;
	mso-generic-font-family:swiss;
	mso-font-pitch:variable;
	mso-font-signature:1627421319 -2147483648 8 0 66047 0;}
@font-face
	{font-family:""Jameel Noori Nastaleeq"";
	panose-1:2 0 5 3 0 0 0 0 0 4;
	mso-font-charset:0;
	mso-generic-font-family:auto;
	mso-font-pitch:variable;
	mso-font-signature:-2147475449 0 0 0 65 0;}
@font-face
	{font-family:""\@SimSun"";
	panose-1:2 1 6 0 3 1 1 1 1 1;
	mso-font-charset:134;
	mso-generic-font-family:auto;
	mso-font-pitch:variable;
	mso-font-signature:3 135135232 16 0 262145 0;}
 /* Style Definitions */
 p.MsoNormal, li.MsoNormal, div.MsoNormal
	{mso-style-parent:"""";
	margin:0cm;
	margin-bottom:.0001pt;
	text-align:justify;
	text-justify:kashida;
	text-kashida:0%;
	mso-pagination:widow-orphan;
	direction:rtl;
	unicode-bidi:embed;
	font-size:12.0pt;
	mso-bidi-font-size:10.0pt;
	font-family:Tahoma;
	mso-fareast-font-family:SimSun;}
@page Section1
	{size:612.0pt 792.0pt;
	margin:72.0pt 90.0pt 72.0pt 90.0pt;
	mso-header-margin:36.0pt;
	mso-footer-margin:36.0pt;
	mso-paper-source:0;}
div.Section1
	{page:Section1;}
-->
</style><!--[if gte mso 10]>
<style>
 /* Style Definitions */
 table.MsoNormalTable
	{mso-style-name:""Table Normal"";
	mso-tstyle-rowband-size:0;
	mso-tstyle-colband-size:0;
	mso-style-noshow:yes;
	mso-style-parent:"""";
	mso-padding-alt:0cm 5.4pt 0cm 5.4pt;
	mso-para-margin:0cm;
	mso-para-margin-bottom:.0001pt;
	mso-pagination:widow-orphan;
	font-size:10.0pt;
	font-family:""Times New Roman"";
	mso-ansi-language:#0400;
	mso-fareast-language:#0400;
	mso-bidi-language:#0400;}
</style>
<![endif]-->

</p><p class=""MsoNormal"" dir=""rtl""><span style=""font-family: &quot;Jameel Noori Nastaleeq&quot;;"" lang=""AR-SA"">فتوی: 802=600/ل</span></p>

<p class=""MsoNormal"" dir=""rtl""><span style=""font-family: &quot;Jameel Noori Nastaleeq&quot;;"" lang=""AR-SA""><o:p>&nbsp;</o:p></span></p>

<p class=""MsoNormal"" dir=""rtl""><span style=""font-family: &quot;Jameel Noori Nastaleeq&quot;;"" lang=""AR-SA"">مذکورہ بالا
صورت میں نائب بنانا بھی جائز ہے، مگر اس کے کچھ شرائط ہیں جن کا علم ہرایک کو
نہیں ہوتا اس لیے اگر ایسی صورت پیش آجائے تو از سر نو نماز کا اعادہ کرلینا ہی
اولیٰ وبہتر ہے۔ </span></p>

<p></p> 
							<br>
							<span style=""font-size:1.2em"">
								<p><strong>واللہ تعالیٰ اعلم</strong></p>
								<br class=""clear"">
								<p><strong>دارالافتاء،</strong><br>دارالعلوم دیوبند</p>
							</span>
						</li>
											</ul>
				</div>"
https://darulifta-deoband.com/home/ur/salah-prayer/12989,کیا فرماتے ہیں علمائے کرام و مفتیان عظام مسئلہ ذیل کے متعلق۔ میں مظفر نگر کا رہنے والا ہوں اور دہرہ دون میں پڑھتا ہوں۔ اب کبھی کبھی مجھے اپنے گھر مظفر نگر بھی جانا پڑتا ہے جہاں دو چار روز رکنا ہوجاتا ہے۔ جواب طلب سوال یہ ہے کہ میرا وطن اصلی ایسی حالت میں کون سا کہلائے گا؟ کیا مجھے مظفر نگر میں رہتے ہوئے قصر نماز پڑھنی ہوگی، یا دہرہ دون میں پڑھنی ہوگی؟ مفصل جواب تحریر فرمائیں۔ عین نوازش ہوگی۔,"<h2><u> سوال: </u> <meta http-equiv=""Content-Type"" content=""text/html; charset=utf-8""><meta name=""ProgId"" content=""Word.Document""><meta name=""Generator"" content=""Microsoft Word 11""><meta name=""Originator"" content=""Microsoft Word 11""><link rel=""File-List"" href=""file:///G:\DOCUME~1\ADMINI~1\LOCALS~1\Temp\msohtml1\01\clip_filelist.xml""><!--[if gte mso 9]><xml>
 <w:WordDocument>
  <w:View>Normal</w:View>
  <w:Zoom>0</w:Zoom>
  <w:PunctuationKerning/>
  <w:ValidateAgainstSchemas/>
  <w:SaveIfXMLInvalid>false</w:SaveIfXMLInvalid>
  <w:IgnoreMixedContent>false</w:IgnoreMixedContent>
  <w:AlwaysShowPlaceholderText>false</w:AlwaysShowPlaceholderText>
  <w:Compatibility>
   <w:BreakWrappedTables/>
   <w:SnapToGridInCell/>
   <w:WrapTextWithPunct/>
   <w:UseAsianBreakRules/>
   <w:DontGrowAutofit/>
  </w:Compatibility>
  <w:BrowserLevel>MicrosoftInternetExplorer4</w:BrowserLevel>
 </w:WordDocument>
</xml><![endif]--><!--[if gte mso 9]><xml>
 <w:LatentStyles DefLockedState=""false"" LatentStyleCount=""156"">
 </w:LatentStyles>
</xml><![endif]--><style>
<!--
 /* Font Definitions */
 @font-face
	{font-family:SimSun;
	panose-1:2 1 6 0 3 1 1 1 1 1;
	mso-font-alt:&#23435;&#20307;;
	mso-font-charset:134;
	mso-generic-font-family:auto;
	mso-font-pitch:variable;
	mso-font-signature:3 135135232 16 0 262145 0;}
@font-face
	{font-family:Tahoma;
	panose-1:2 11 6 4 3 5 4 4 2 4;
	mso-font-charset:0;
	mso-generic-font-family:swiss;
	mso-font-pitch:variable;
	mso-font-signature:1627421319 -2147483648 8 0 66047 0;}
@font-face
	{font-family:""Jameel Noori Nastaleeq"";
	panose-1:2 0 5 3 0 0 0 0 0 4;
	mso-font-charset:0;
	mso-generic-font-family:auto;
	mso-font-pitch:variable;
	mso-font-signature:-2147475449 0 0 0 65 0;}
@font-face
	{font-family:""\@SimSun"";
	panose-1:2 1 6 0 3 1 1 1 1 1;
	mso-font-charset:134;
	mso-generic-font-family:auto;
	mso-font-pitch:variable;
	mso-font-signature:3 135135232 16 0 262145 0;}
 /* Style Definitions */
 p.MsoNormal, li.MsoNormal, div.MsoNormal
	{mso-style-parent:"""";
	margin:0cm;
	margin-bottom:.0001pt;
	text-align:justify;
	text-justify:kashida;
	text-kashida:0%;
	mso-pagination:widow-orphan;
	direction:rtl;
	unicode-bidi:embed;
	font-size:12.0pt;
	mso-bidi-font-size:10.0pt;
	font-family:Tahoma;
	mso-fareast-font-family:SimSun;}
@page Section1
	{size:612.0pt 792.0pt;
	margin:72.0pt 90.0pt 72.0pt 90.0pt;
	mso-header-margin:36.0pt;
	mso-footer-margin:36.0pt;
	mso-paper-source:0;}
div.Section1
	{page:Section1;}
-->
</style><!--[if gte mso 10]>
<style>
 /* Style Definitions */
 table.MsoNormalTable
	{mso-style-name:""Table Normal"";
	mso-tstyle-rowband-size:0;
	mso-tstyle-colband-size:0;
	mso-style-noshow:yes;
	mso-style-parent:"""";
	mso-padding-alt:0cm 5.4pt 0cm 5.4pt;
	mso-para-margin:0cm;
	mso-para-margin-bottom:.0001pt;
	mso-pagination:widow-orphan;
	font-size:10.0pt;
	font-family:""Times New Roman"";
	mso-ansi-language:#0400;
	mso-fareast-language:#0400;
	mso-bidi-language:#0400;}
</style>
<![endif]-->

<p class=""MsoNormal"" dir=""rtl""><span style=""font-family: &quot;Jameel Noori Nastaleeq&quot;;"" lang=""AR-SA"">کیا فرماتے ہیں علمائے کرام و مفتیان عظام
مسئلہ ذیل کے متعلق۔ میں مظفر نگر کا رہنے والا ہوں اور دہرہ دون میں پڑھتا ہوں۔
اب کبھی کبھی مجھے اپنے گھر مظفر نگر بھی جانا پڑتا ہے جہاں دو چار روز رکنا
ہوجاتا ہے۔ جواب طلب سوال یہ ہے کہ میرا وطن اصلی ایسی حالت میں کون سا کہلائے گا؟
کیا مجھے مظفر نگر میں رہتے ہوئے قصر نماز پڑھنی ہوگی، یا دہرہ دون میں پڑھنی ہوگی؟
مفصل جواب تحریر فرمائیں۔ عین نوازش ہوگی۔<o:p></o:p></span></p>

</h2>","<p>بسم الله الرحمن الرحيم</p><p> <meta http-equiv=""Content-Type"" content=""text/html; charset=utf-8""><meta name=""ProgId"" content=""Word.Document""><meta name=""Generator"" content=""Microsoft Word 11""><meta name=""Originator"" content=""Microsoft Word 11""><link rel=""File-List"" href=""file:///G:\DOCUME~1\ADMINI~1\LOCALS~1\Temp\msohtml1\01\clip_filelist.xml""><!--[if gte mso 9]><xml>
 <w:WordDocument>
  <w:View>Normal</w:View>
  <w:Zoom>0</w:Zoom>
  <w:PunctuationKerning/>
  <w:ValidateAgainstSchemas/>
  <w:SaveIfXMLInvalid>false</w:SaveIfXMLInvalid>
  <w:IgnoreMixedContent>false</w:IgnoreMixedContent>
  <w:AlwaysShowPlaceholderText>false</w:AlwaysShowPlaceholderText>
  <w:Compatibility>
   <w:BreakWrappedTables/>
   <w:SnapToGridInCell/>
   <w:WrapTextWithPunct/>
   <w:UseAsianBreakRules/>
   <w:DontGrowAutofit/>
  </w:Compatibility>
  <w:BrowserLevel>MicrosoftInternetExplorer4</w:BrowserLevel>
 </w:WordDocument>
</xml><![endif]--><!--[if gte mso 9]><xml>
 <w:LatentStyles DefLockedState=""false"" LatentStyleCount=""156"">
 </w:LatentStyles>
</xml><![endif]--><style>
<!--
 /* Font Definitions */
 @font-face
	{font-family:SimSun;
	panose-1:2 1 6 0 3 1 1 1 1 1;
	mso-font-alt:&#23435;&#20307;;
	mso-font-charset:134;
	mso-generic-font-family:auto;
	mso-font-pitch:variable;
	mso-font-signature:3 135135232 16 0 262145 0;}
@font-face
	{font-family:Tahoma;
	panose-1:2 11 6 4 3 5 4 4 2 4;
	mso-font-charset:0;
	mso-generic-font-family:swiss;
	mso-font-pitch:variable;
	mso-font-signature:1627421319 -2147483648 8 0 66047 0;}
@font-face
	{font-family:""Jameel Noori Nastaleeq"";
	panose-1:2 0 5 3 0 0 0 0 0 4;
	mso-font-charset:0;
	mso-generic-font-family:auto;
	mso-font-pitch:variable;
	mso-font-signature:-2147475449 0 0 0 65 0;}
@font-face
	{font-family:""\@SimSun"";
	panose-1:2 1 6 0 3 1 1 1 1 1;
	mso-font-charset:134;
	mso-generic-font-family:auto;
	mso-font-pitch:variable;
	mso-font-signature:3 135135232 16 0 262145 0;}
 /* Style Definitions */
 p.MsoNormal, li.MsoNormal, div.MsoNormal
	{mso-style-parent:"""";
	margin:0cm;
	margin-bottom:.0001pt;
	text-align:justify;
	text-justify:kashida;
	text-kashida:0%;
	mso-pagination:widow-orphan;
	direction:rtl;
	unicode-bidi:embed;
	font-size:12.0pt;
	mso-bidi-font-size:10.0pt;
	font-family:Tahoma;
	mso-fareast-font-family:SimSun;}
@page Section1
	{size:612.0pt 792.0pt;
	margin:72.0pt 90.0pt 72.0pt 90.0pt;
	mso-header-margin:36.0pt;
	mso-footer-margin:36.0pt;
	mso-paper-source:0;}
div.Section1
	{page:Section1;}
-->
</style><!--[if gte mso 10]>
<style>
 /* Style Definitions */
 table.MsoNormalTable
	{mso-style-name:""Table Normal"";
	mso-tstyle-rowband-size:0;
	mso-tstyle-colband-size:0;
	mso-style-noshow:yes;
	mso-style-parent:"""";
	mso-padding-alt:0cm 5.4pt 0cm 5.4pt;
	mso-para-margin:0cm;
	mso-para-margin-bottom:.0001pt;
	mso-pagination:widow-orphan;
	font-size:10.0pt;
	font-family:""Times New Roman"";
	mso-ansi-language:#0400;
	mso-fareast-language:#0400;
	mso-bidi-language:#0400;}
</style>
<![endif]-->

</p><p class=""MsoNormal"" dir=""rtl""><span style=""font-family: &quot;Jameel Noori Nastaleeq&quot;;"" lang=""AR-SA"">فتوی: 1177=916/ھ</span></p><p class=""MsoNormal"" dir=""rtl""><span style=""font-family: &quot;Jameel Noori Nastaleeq&quot;;"" lang=""AR-SA""><o:p>&nbsp;</o:p></span></p><p class=""MsoNormal"" dir=""rtl""><span style=""font-family: &quot;Jameel Noori Nastaleeq&quot;;"" lang=""AR-SA"">مظفرنگر تو آپ کا وطن اصلی ہے، وہاں تو
تھوڑی دیر کے لیے پہنچنے پر بھی مسافرت کا حکم ختم ہوجائے گا اور آپ بہرحال پوری
نماز پڑھیں گے، دہرہ دون البتہ آپ کا وطن اقامت ہے، وطن اصلی نہیں، اس کا حکم یہ
ہے کہ اگر دہرہ دون میں پہنچ کر پندرہ یا زائد دن قیام کی نیت کرلی تو وہاں بھی
مسافرت ختم ہوجائے گی اور اتمام واجب ہوگا، البتہ اگر پندرہ دن سے کم ٹھہرنے کی نیت
کی تو مسافر ہی رہیں گے، اورقصر کریں گے، البتہ امام مقیم کے پیچھے دہرہ دون میں
بہرصورت اتمام کریں گے، خواہ پندرہ دن سے کم قیام کی ہی نیت ہو۔</span></p><p></p><br><span style=""font-size:1.2em"">
								<p><strong>واللہ تعالیٰ اعلم</strong></p>
								<br class=""clear"">
								<p><strong>دارالافتاء،</strong><br>دارالعلوم دیوبند</p>
							</span>",01-Sep-2020,12989,darulifta-deoband.com,عبادات,صلاة (نماز),"<div id=""recent_fatwas"" class=""container tab-pane active""><br>
					<ul class=""answer_detail"">
												<li>
																					<div class=""cate_sec"">
								<p class=""category_name"">
									<span>
										عبادات									</span> 
									&gt;&gt; 
									<span>
																		<a href=""https://darulifta-deoband.com/ur/category/n-a/MTk="">صلاة (نماز)</a>
									</span>
								</p>
								<p class=""quesid""><span class=""anser_id_urdu""> سوال نمبر: 12989</span><!--<span class=""country_urdu"">  : ملک</span> --></p>
							</div>
							<h2><u> عنوان:</u> <meta http-equiv=""Content-Type"" content=""text/html; charset=utf-8""><meta name=""ProgId"" content=""Word.Document""><meta name=""Generator"" content=""Microsoft Word 11""><meta name=""Originator"" content=""Microsoft Word 11""><link rel=""File-List"" href=""file:///G:\DOCUME~1\ADMINI~1\LOCALS~1\Temp\msohtml1\01\clip_filelist.xml""><!--[if gte mso 9]><xml>
 <w:WordDocument>
  <w:View>Normal</w:View>
  <w:Zoom>0</w:Zoom>
  <w:PunctuationKerning/>
  <w:ValidateAgainstSchemas/>
  <w:SaveIfXMLInvalid>false</w:SaveIfXMLInvalid>
  <w:IgnoreMixedContent>false</w:IgnoreMixedContent>
  <w:AlwaysShowPlaceholderText>false</w:AlwaysShowPlaceholderText>
  <w:Compatibility>
   <w:BreakWrappedTables/>
   <w:SnapToGridInCell/>
   <w:WrapTextWithPunct/>
   <w:UseAsianBreakRules/>
   <w:DontGrowAutofit/>
  </w:Compatibility>
  <w:BrowserLevel>MicrosoftInternetExplorer4</w:BrowserLevel>
 </w:WordDocument>
</xml><![endif]--><!--[if gte mso 9]><xml>
 <w:LatentStyles DefLockedState=""false"" LatentStyleCount=""156"">
 </w:LatentStyles>
</xml><![endif]--><style>
<!--
 /* Font Definitions */
 @font-face
	{font-family:SimSun;
	panose-1:2 1 6 0 3 1 1 1 1 1;
	mso-font-alt:&#23435;&#20307;;
	mso-font-charset:134;
	mso-generic-font-family:auto;
	mso-font-pitch:variable;
	mso-font-signature:3 135135232 16 0 262145 0;}
@font-face
	{font-family:Tahoma;
	panose-1:2 11 6 4 3 5 4 4 2 4;
	mso-font-charset:0;
	mso-generic-font-family:swiss;
	mso-font-pitch:variable;
	mso-font-signature:1627421319 -2147483648 8 0 66047 0;}
@font-face
	{font-family:""Jameel Noori Nastaleeq"";
	panose-1:2 0 5 3 0 0 0 0 0 4;
	mso-font-charset:0;
	mso-generic-font-family:auto;
	mso-font-pitch:variable;
	mso-font-signature:-2147475449 0 0 0 65 0;}
@font-face
	{font-family:""\@SimSun"";
	panose-1:2 1 6 0 3 1 1 1 1 1;
	mso-font-charset:134;
	mso-generic-font-family:auto;
	mso-font-pitch:variable;
	mso-font-signature:3 135135232 16 0 262145 0;}
 /* Style Definitions */
 p.MsoNormal, li.MsoNormal, div.MsoNormal
	{mso-style-parent:"""";
	margin:0cm;
	margin-bottom:.0001pt;
	text-align:justify;
	text-justify:kashida;
	text-kashida:0%;
	mso-pagination:widow-orphan;
	direction:rtl;
	unicode-bidi:embed;
	font-size:12.0pt;
	mso-bidi-font-size:10.0pt;
	font-family:Tahoma;
	mso-fareast-font-family:SimSun;}
@page Section1
	{size:612.0pt 792.0pt;
	margin:72.0pt 90.0pt 72.0pt 90.0pt;
	mso-header-margin:36.0pt;
	mso-footer-margin:36.0pt;
	mso-paper-source:0;}
div.Section1
	{page:Section1;}
-->
</style><!--[if gte mso 10]>
<style>
 /* Style Definitions */
 table.MsoNormalTable
	{mso-style-name:""Table Normal"";
	mso-tstyle-rowband-size:0;
	mso-tstyle-colband-size:0;
	mso-style-noshow:yes;
	mso-style-parent:"""";
	mso-padding-alt:0cm 5.4pt 0cm 5.4pt;
	mso-para-margin:0cm;
	mso-para-margin-bottom:.0001pt;
	mso-pagination:widow-orphan;
	font-size:10.0pt;
	font-family:""Times New Roman"";
	mso-ansi-language:#0400;
	mso-fareast-language:#0400;
	mso-bidi-language:#0400;}
</style>
<![endif]-->

<p class=""MsoNormal"" dir=""rtl""><span style=""font-family: &quot;Jameel Noori Nastaleeq&quot;;"" lang=""AR-SA"">کیا فرماتے ہیں علمائے کرام و مفتیان عظام
مسئلہ ذیل کے متعلق۔ میں مظفر نگر کا رہنے والا ہوں اور دہرہ دون میں پڑھتا ہوں۔
اب کبھی کبھی مجھے اپنے گھر مظفر نگر بھی جانا پڑتا ہے جہاں دو چار روز رکنا
ہوجاتا ہے۔ جواب طلب سوال یہ ہے کہ میرا وطن اصلی ایسی حالت میں کون سا کہلائے گا؟
کیا مجھے مظفر نگر میں رہتے ہوئے قصر نماز پڑھنی ہوگی، یا دہرہ دون میں پڑھنی ہوگی؟
مفصل جواب تحریر فرمائیں۔ عین نوازش ہوگی۔<o:p></o:p></span></p>

</h2>
							<h2><u> سوال: </u> <meta http-equiv=""Content-Type"" content=""text/html; charset=utf-8""><meta name=""ProgId"" content=""Word.Document""><meta name=""Generator"" content=""Microsoft Word 11""><meta name=""Originator"" content=""Microsoft Word 11""><link rel=""File-List"" href=""file:///G:\DOCUME~1\ADMINI~1\LOCALS~1\Temp\msohtml1\01\clip_filelist.xml""><!--[if gte mso 9]><xml>
 <w:WordDocument>
  <w:View>Normal</w:View>
  <w:Zoom>0</w:Zoom>
  <w:PunctuationKerning/>
  <w:ValidateAgainstSchemas/>
  <w:SaveIfXMLInvalid>false</w:SaveIfXMLInvalid>
  <w:IgnoreMixedContent>false</w:IgnoreMixedContent>
  <w:AlwaysShowPlaceholderText>false</w:AlwaysShowPlaceholderText>
  <w:Compatibility>
   <w:BreakWrappedTables/>
   <w:SnapToGridInCell/>
   <w:WrapTextWithPunct/>
   <w:UseAsianBreakRules/>
   <w:DontGrowAutofit/>
  </w:Compatibility>
  <w:BrowserLevel>MicrosoftInternetExplorer4</w:BrowserLevel>
 </w:WordDocument>
</xml><![endif]--><!--[if gte mso 9]><xml>
 <w:LatentStyles DefLockedState=""false"" LatentStyleCount=""156"">
 </w:LatentStyles>
</xml><![endif]--><style>
<!--
 /* Font Definitions */
 @font-face
	{font-family:SimSun;
	panose-1:2 1 6 0 3 1 1 1 1 1;
	mso-font-alt:&#23435;&#20307;;
	mso-font-charset:134;
	mso-generic-font-family:auto;
	mso-font-pitch:variable;
	mso-font-signature:3 135135232 16 0 262145 0;}
@font-face
	{font-family:Tahoma;
	panose-1:2 11 6 4 3 5 4 4 2 4;
	mso-font-charset:0;
	mso-generic-font-family:swiss;
	mso-font-pitch:variable;
	mso-font-signature:1627421319 -2147483648 8 0 66047 0;}
@font-face
	{font-family:""Jameel Noori Nastaleeq"";
	panose-1:2 0 5 3 0 0 0 0 0 4;
	mso-font-charset:0;
	mso-generic-font-family:auto;
	mso-font-pitch:variable;
	mso-font-signature:-2147475449 0 0 0 65 0;}
@font-face
	{font-family:""\@SimSun"";
	panose-1:2 1 6 0 3 1 1 1 1 1;
	mso-font-charset:134;
	mso-generic-font-family:auto;
	mso-font-pitch:variable;
	mso-font-signature:3 135135232 16 0 262145 0;}
 /* Style Definitions */
 p.MsoNormal, li.MsoNormal, div.MsoNormal
	{mso-style-parent:"""";
	margin:0cm;
	margin-bottom:.0001pt;
	text-align:justify;
	text-justify:kashida;
	text-kashida:0%;
	mso-pagination:widow-orphan;
	direction:rtl;
	unicode-bidi:embed;
	font-size:12.0pt;
	mso-bidi-font-size:10.0pt;
	font-family:Tahoma;
	mso-fareast-font-family:SimSun;}
@page Section1
	{size:612.0pt 792.0pt;
	margin:72.0pt 90.0pt 72.0pt 90.0pt;
	mso-header-margin:36.0pt;
	mso-footer-margin:36.0pt;
	mso-paper-source:0;}
div.Section1
	{page:Section1;}
-->
</style><!--[if gte mso 10]>
<style>
 /* Style Definitions */
 table.MsoNormalTable
	{mso-style-name:""Table Normal"";
	mso-tstyle-rowband-size:0;
	mso-tstyle-colband-size:0;
	mso-style-noshow:yes;
	mso-style-parent:"""";
	mso-padding-alt:0cm 5.4pt 0cm 5.4pt;
	mso-para-margin:0cm;
	mso-para-margin-bottom:.0001pt;
	mso-pagination:widow-orphan;
	font-size:10.0pt;
	font-family:""Times New Roman"";
	mso-ansi-language:#0400;
	mso-fareast-language:#0400;
	mso-bidi-language:#0400;}
</style>
<![endif]-->

<p class=""MsoNormal"" dir=""rtl""><span style=""font-family: &quot;Jameel Noori Nastaleeq&quot;;"" lang=""AR-SA"">کیا فرماتے ہیں علمائے کرام و مفتیان عظام
مسئلہ ذیل کے متعلق۔ میں مظفر نگر کا رہنے والا ہوں اور دہرہ دون میں پڑھتا ہوں۔
اب کبھی کبھی مجھے اپنے گھر مظفر نگر بھی جانا پڑتا ہے جہاں دو چار روز رکنا
ہوجاتا ہے۔ جواب طلب سوال یہ ہے کہ میرا وطن اصلی ایسی حالت میں کون سا کہلائے گا؟
کیا مجھے مظفر نگر میں رہتے ہوئے قصر نماز پڑھنی ہوگی، یا دہرہ دون میں پڑھنی ہوگی؟
مفصل جواب تحریر فرمائیں۔ عین نوازش ہوگی۔<o:p></o:p></span></p>

</h2>
							<p class=""fatwa_answer""><span class=""ans_urdu_id""> جواب نمبر: 12989</span><span style=""color:#efefef;display:none;"" class=""answer_date_urdu"">01-Sep-2020 : تاریخ اشاعت </span></p>
							<p>بسم الله الرحمن الرحيم</p>
							<p> <meta http-equiv=""Content-Type"" content=""text/html; charset=utf-8""><meta name=""ProgId"" content=""Word.Document""><meta name=""Generator"" content=""Microsoft Word 11""><meta name=""Originator"" content=""Microsoft Word 11""><link rel=""File-List"" href=""file:///G:\DOCUME~1\ADMINI~1\LOCALS~1\Temp\msohtml1\01\clip_filelist.xml""><!--[if gte mso 9]><xml>
 <w:WordDocument>
  <w:View>Normal</w:View>
  <w:Zoom>0</w:Zoom>
  <w:PunctuationKerning/>
  <w:ValidateAgainstSchemas/>
  <w:SaveIfXMLInvalid>false</w:SaveIfXMLInvalid>
  <w:IgnoreMixedContent>false</w:IgnoreMixedContent>
  <w:AlwaysShowPlaceholderText>false</w:AlwaysShowPlaceholderText>
  <w:Compatibility>
   <w:BreakWrappedTables/>
   <w:SnapToGridInCell/>
   <w:WrapTextWithPunct/>
   <w:UseAsianBreakRules/>
   <w:DontGrowAutofit/>
  </w:Compatibility>
  <w:BrowserLevel>MicrosoftInternetExplorer4</w:BrowserLevel>
 </w:WordDocument>
</xml><![endif]--><!--[if gte mso 9]><xml>
 <w:LatentStyles DefLockedState=""false"" LatentStyleCount=""156"">
 </w:LatentStyles>
</xml><![endif]--><style>
<!--
 /* Font Definitions */
 @font-face
	{font-family:SimSun;
	panose-1:2 1 6 0 3 1 1 1 1 1;
	mso-font-alt:&#23435;&#20307;;
	mso-font-charset:134;
	mso-generic-font-family:auto;
	mso-font-pitch:variable;
	mso-font-signature:3 135135232 16 0 262145 0;}
@font-face
	{font-family:Tahoma;
	panose-1:2 11 6 4 3 5 4 4 2 4;
	mso-font-charset:0;
	mso-generic-font-family:swiss;
	mso-font-pitch:variable;
	mso-font-signature:1627421319 -2147483648 8 0 66047 0;}
@font-face
	{font-family:""Jameel Noori Nastaleeq"";
	panose-1:2 0 5 3 0 0 0 0 0 4;
	mso-font-charset:0;
	mso-generic-font-family:auto;
	mso-font-pitch:variable;
	mso-font-signature:-2147475449 0 0 0 65 0;}
@font-face
	{font-family:""\@SimSun"";
	panose-1:2 1 6 0 3 1 1 1 1 1;
	mso-font-charset:134;
	mso-generic-font-family:auto;
	mso-font-pitch:variable;
	mso-font-signature:3 135135232 16 0 262145 0;}
 /* Style Definitions */
 p.MsoNormal, li.MsoNormal, div.MsoNormal
	{mso-style-parent:"""";
	margin:0cm;
	margin-bottom:.0001pt;
	text-align:justify;
	text-justify:kashida;
	text-kashida:0%;
	mso-pagination:widow-orphan;
	direction:rtl;
	unicode-bidi:embed;
	font-size:12.0pt;
	mso-bidi-font-size:10.0pt;
	font-family:Tahoma;
	mso-fareast-font-family:SimSun;}
@page Section1
	{size:612.0pt 792.0pt;
	margin:72.0pt 90.0pt 72.0pt 90.0pt;
	mso-header-margin:36.0pt;
	mso-footer-margin:36.0pt;
	mso-paper-source:0;}
div.Section1
	{page:Section1;}
-->
</style><!--[if gte mso 10]>
<style>
 /* Style Definitions */
 table.MsoNormalTable
	{mso-style-name:""Table Normal"";
	mso-tstyle-rowband-size:0;
	mso-tstyle-colband-size:0;
	mso-style-noshow:yes;
	mso-style-parent:"""";
	mso-padding-alt:0cm 5.4pt 0cm 5.4pt;
	mso-para-margin:0cm;
	mso-para-margin-bottom:.0001pt;
	mso-pagination:widow-orphan;
	font-size:10.0pt;
	font-family:""Times New Roman"";
	mso-ansi-language:#0400;
	mso-fareast-language:#0400;
	mso-bidi-language:#0400;}
</style>
<![endif]-->

</p><p class=""MsoNormal"" dir=""rtl""><span style=""font-family: &quot;Jameel Noori Nastaleeq&quot;;"" lang=""AR-SA"">فتوی: 1177=916/ھ</span></p>

<p class=""MsoNormal"" dir=""rtl""><span style=""font-family: &quot;Jameel Noori Nastaleeq&quot;;"" lang=""AR-SA""><o:p>&nbsp;</o:p></span></p>

<p class=""MsoNormal"" dir=""rtl""><span style=""font-family: &quot;Jameel Noori Nastaleeq&quot;;"" lang=""AR-SA"">مظفرنگر تو آپ کا وطن اصلی ہے، وہاں تو
تھوڑی دیر کے لیے پہنچنے پر بھی مسافرت کا حکم ختم ہوجائے گا اور آپ بہرحال پوری
نماز پڑھیں گے، دہرہ دون البتہ آپ کا وطن اقامت ہے، وطن اصلی نہیں، اس کا حکم یہ
ہے کہ اگر دہرہ دون میں پہنچ کر پندرہ یا زائد دن قیام کی نیت کرلی تو وہاں بھی
مسافرت ختم ہوجائے گی اور اتمام واجب ہوگا، البتہ اگر پندرہ دن سے کم ٹھہرنے کی نیت
کی تو مسافر ہی رہیں گے، اورقصر کریں گے، البتہ امام مقیم کے پیچھے دہرہ دون میں
بہرصورت اتمام کریں گے، خواہ پندرہ دن سے کم قیام کی ہی نیت ہو۔</span></p>

<p></p> 
							<br>
							<span style=""font-size:1.2em"">
								<p><strong>واللہ تعالیٰ اعلم</strong></p>
								<br class=""clear"">
								<p><strong>دارالافتاء،</strong><br>دارالعلوم دیوبند</p>
							</span>
						</li>
											</ul>
				</div>"
https://darulifta-deoband.com/home/ur/salah-prayer/12910,سنت نماز پڑھنے کا طریقہ بتادیں اور کس طریقہ سے پڑھنا چاہیے اور فرض بھی تفصیل سے بتادیں۔,"<h2><u> سوال: </u> <meta http-equiv=""Content-Type"" content=""text/html; charset=utf-8""><meta name=""ProgId"" content=""Word.Document""><meta name=""Generator"" content=""Microsoft Word 11""><meta name=""Originator"" content=""Microsoft Word 11""><link rel=""File-List"" href=""file:///G:\DOCUME~1\ADMINI~1\LOCALS~1\Temp\msohtml1\03\clip_filelist.xml""><!--[if gte mso 9]><xml>
 <w:WordDocument>
  <w:View>Normal</w:View>
  <w:Zoom>0</w:Zoom>
  <w:PunctuationKerning/>
  <w:ValidateAgainstSchemas/>
  <w:SaveIfXMLInvalid>false</w:SaveIfXMLInvalid>
  <w:IgnoreMixedContent>false</w:IgnoreMixedContent>
  <w:AlwaysShowPlaceholderText>false</w:AlwaysShowPlaceholderText>
  <w:Compatibility>
   <w:BreakWrappedTables/>
   <w:SnapToGridInCell/>
   <w:WrapTextWithPunct/>
   <w:UseAsianBreakRules/>
   <w:DontGrowAutofit/>
  </w:Compatibility>
  <w:BrowserLevel>MicrosoftInternetExplorer4</w:BrowserLevel>
 </w:WordDocument>
</xml><![endif]--><!--[if gte mso 9]><xml>
 <w:LatentStyles DefLockedState=""false"" LatentStyleCount=""156"">
 </w:LatentStyles>
</xml><![endif]--><style>
<!--
 /* Font Definitions */
 @font-face
	{font-family:SimSun;
	panose-1:2 1 6 0 3 1 1 1 1 1;
	mso-font-alt:&#23435;&#20307;;
	mso-font-charset:134;
	mso-generic-font-family:auto;
	mso-font-pitch:variable;
	mso-font-signature:3 135135232 16 0 262145 0;}
@font-face
	{font-family:Tahoma;
	panose-1:2 11 6 4 3 5 4 4 2 4;
	mso-font-charset:0;
	mso-generic-font-family:swiss;
	mso-font-pitch:variable;
	mso-font-signature:1627421319 -2147483648 8 0 66047 0;}
@font-face
	{font-family:""Jameel Noori Nastaleeq"";
	panose-1:2 0 5 3 0 0 0 0 0 4;
	mso-font-charset:0;
	mso-generic-font-family:auto;
	mso-font-pitch:variable;
	mso-font-signature:-2147475449 0 0 0 65 0;}
@font-face
	{font-family:""\@SimSun"";
	panose-1:2 1 6 0 3 1 1 1 1 1;
	mso-font-charset:134;
	mso-generic-font-family:auto;
	mso-font-pitch:variable;
	mso-font-signature:3 135135232 16 0 262145 0;}
 /* Style Definitions */
 p.MsoNormal, li.MsoNormal, div.MsoNormal
	{mso-style-parent:"""";
	margin:0cm;
	margin-bottom:.0001pt;
	text-align:justify;
	text-justify:kashida;
	text-kashida:0%;
	mso-pagination:widow-orphan;
	direction:rtl;
	unicode-bidi:embed;
	font-size:12.0pt;
	mso-bidi-font-size:10.0pt;
	font-family:Tahoma;
	mso-fareast-font-family:SimSun;}
@page Section1
	{size:612.0pt 792.0pt;
	margin:72.0pt 90.0pt 72.0pt 90.0pt;
	mso-header-margin:36.0pt;
	mso-footer-margin:36.0pt;
	mso-paper-source:0;}
div.Section1
	{page:Section1;}
-->
</style><!--[if gte mso 10]>
<style>
 /* Style Definitions */
 table.MsoNormalTable
	{mso-style-name:""Table Normal"";
	mso-tstyle-rowband-size:0;
	mso-tstyle-colband-size:0;
	mso-style-noshow:yes;
	mso-style-parent:"""";
	mso-padding-alt:0cm 5.4pt 0cm 5.4pt;
	mso-para-margin:0cm;
	mso-para-margin-bottom:.0001pt;
	mso-pagination:widow-orphan;
	font-size:10.0pt;
	font-family:""Times New Roman"";
	mso-ansi-language:#0400;
	mso-fareast-language:#0400;
	mso-bidi-language:#0400;}
</style>
<![endif]-->

<p class=""MsoNormal"" dir=""rtl""><span style=""font-family: &quot;Jameel Noori Nastaleeq&quot;;"" lang=""AR-SA"">سنت نماز پڑھنے کا طریقہ بتادیں اور کس طریقہ
سے پڑھنا چاہیے اور فرض بھی تفصیل سے بتادیں۔<o:p></o:p></span></p>

</h2>","<p>بسم الله الرحمن الرحيم</p><p> <meta http-equiv=""Content-Type"" content=""text/html; charset=utf-8""><meta name=""ProgId"" content=""Word.Document""><meta name=""Generator"" content=""Microsoft Word 11""><meta name=""Originator"" content=""Microsoft Word 11""><link rel=""File-List"" href=""file:///G:\DOCUME~1\ADMINI~1\LOCALS~1\Temp\msohtml1\03\clip_filelist.xml""><!--[if gte mso 9]><xml>
 <w:WordDocument>
  <w:View>Normal</w:View>
  <w:Zoom>0</w:Zoom>
  <w:PunctuationKerning/>
  <w:ValidateAgainstSchemas/>
  <w:SaveIfXMLInvalid>false</w:SaveIfXMLInvalid>
  <w:IgnoreMixedContent>false</w:IgnoreMixedContent>
  <w:AlwaysShowPlaceholderText>false</w:AlwaysShowPlaceholderText>
  <w:Compatibility>
   <w:BreakWrappedTables/>
   <w:SnapToGridInCell/>
   <w:WrapTextWithPunct/>
   <w:UseAsianBreakRules/>
   <w:DontGrowAutofit/>
  </w:Compatibility>
  <w:BrowserLevel>MicrosoftInternetExplorer4</w:BrowserLevel>
 </w:WordDocument>
</xml><![endif]--><!--[if gte mso 9]><xml>
 <w:LatentStyles DefLockedState=""false"" LatentStyleCount=""156"">
 </w:LatentStyles>
</xml><![endif]--><style>
<!--
 /* Font Definitions */
 @font-face
	{font-family:SimSun;
	panose-1:2 1 6 0 3 1 1 1 1 1;
	mso-font-alt:&#23435;&#20307;;
	mso-font-charset:134;
	mso-generic-font-family:auto;
	mso-font-pitch:variable;
	mso-font-signature:3 135135232 16 0 262145 0;}
@font-face
	{font-family:Tahoma;
	panose-1:2 11 6 4 3 5 4 4 2 4;
	mso-font-charset:0;
	mso-generic-font-family:swiss;
	mso-font-pitch:variable;
	mso-font-signature:1627421319 -2147483648 8 0 66047 0;}
@font-face
	{font-family:""Jameel Noori Nastaleeq"";
	panose-1:2 0 5 3 0 0 0 0 0 4;
	mso-font-charset:0;
	mso-generic-font-family:auto;
	mso-font-pitch:variable;
	mso-font-signature:-2147475449 0 0 0 65 0;}
@font-face
	{font-family:""\@SimSun"";
	panose-1:2 1 6 0 3 1 1 1 1 1;
	mso-font-charset:134;
	mso-generic-font-family:auto;
	mso-font-pitch:variable;
	mso-font-signature:3 135135232 16 0 262145 0;}
 /* Style Definitions */
 p.MsoNormal, li.MsoNormal, div.MsoNormal
	{mso-style-parent:"""";
	margin:0cm;
	margin-bottom:.0001pt;
	text-align:justify;
	text-justify:kashida;
	text-kashida:0%;
	mso-pagination:widow-orphan;
	direction:rtl;
	unicode-bidi:embed;
	font-size:12.0pt;
	mso-bidi-font-size:10.0pt;
	font-family:Tahoma;
	mso-fareast-font-family:SimSun;}
@page Section1
	{size:612.0pt 792.0pt;
	margin:72.0pt 90.0pt 72.0pt 90.0pt;
	mso-header-margin:36.0pt;
	mso-footer-margin:36.0pt;
	mso-paper-source:0;}
div.Section1
	{page:Section1;}
-->
</style><!--[if gte mso 10]>
<style>
 /* Style Definitions */
 table.MsoNormalTable
	{mso-style-name:""Table Normal"";
	mso-tstyle-rowband-size:0;
	mso-tstyle-colband-size:0;
	mso-style-noshow:yes;
	mso-style-parent:"""";
	mso-padding-alt:0cm 5.4pt 0cm 5.4pt;
	mso-para-margin:0cm;
	mso-para-margin-bottom:.0001pt;
	mso-pagination:widow-orphan;
	font-size:10.0pt;
	font-family:""Times New Roman"";
	mso-ansi-language:#0400;
	mso-fareast-language:#0400;
	mso-bidi-language:#0400;}
</style>
<![endif]-->

</p><p class=""MsoNormal"" dir=""rtl""><span style=""font-family: &quot;Jameel Noori Nastaleeq&quot;;"" lang=""AR-SA"">فتوی: 822=822/م</span></p><p class=""MsoNormal"" dir=""rtl""><span style=""font-family: &quot;Jameel Noori Nastaleeq&quot;;"" lang=""AR-SA""><o:p>&nbsp;</o:p></span></p><p class=""MsoNormal"" dir=""rtl""><span style=""font-family: &quot;Jameel Noori Nastaleeq&quot;;"" lang=""AR-SA"">تعلیم الاسلام اور بہشتی زیور وغیرہا کتب
کا مطالعہ کرلیجیے، ان میں طریقہٴ نماز بالتفصیل مذکور ہے۔</span></p><p></p><br><span style=""font-size:1.2em"">
								<p><strong>واللہ تعالیٰ اعلم</strong></p>
								<br class=""clear"">
								<p><strong>دارالافتاء،</strong><br>دارالعلوم دیوبند</p>
							</span>",01-Sep-2020,12910,darulifta-deoband.com,عبادات,صلاة (نماز),"<div id=""recent_fatwas"" class=""container tab-pane active""><br>
					<ul class=""answer_detail"">
												<li>
																					<div class=""cate_sec"">
								<p class=""category_name"">
									<span>
										عبادات									</span> 
									&gt;&gt; 
									<span>
																		<a href=""https://darulifta-deoband.com/ur/category/n-a/MTk="">صلاة (نماز)</a>
									</span>
								</p>
								<p class=""quesid""><span class=""anser_id_urdu""> سوال نمبر: 12910</span><!--<span class=""country_urdu"">  : ملک</span> --></p>
							</div>
							<h2><u> عنوان:</u> <meta http-equiv=""Content-Type"" content=""text/html; charset=utf-8""><meta name=""ProgId"" content=""Word.Document""><meta name=""Generator"" content=""Microsoft Word 11""><meta name=""Originator"" content=""Microsoft Word 11""><link rel=""File-List"" href=""file:///G:\DOCUME~1\ADMINI~1\LOCALS~1\Temp\msohtml1\03\clip_filelist.xml""><!--[if gte mso 9]><xml>
 <w:WordDocument>
  <w:View>Normal</w:View>
  <w:Zoom>0</w:Zoom>
  <w:PunctuationKerning/>
  <w:ValidateAgainstSchemas/>
  <w:SaveIfXMLInvalid>false</w:SaveIfXMLInvalid>
  <w:IgnoreMixedContent>false</w:IgnoreMixedContent>
  <w:AlwaysShowPlaceholderText>false</w:AlwaysShowPlaceholderText>
  <w:Compatibility>
   <w:BreakWrappedTables/>
   <w:SnapToGridInCell/>
   <w:WrapTextWithPunct/>
   <w:UseAsianBreakRules/>
   <w:DontGrowAutofit/>
  </w:Compatibility>
  <w:BrowserLevel>MicrosoftInternetExplorer4</w:BrowserLevel>
 </w:WordDocument>
</xml><![endif]--><!--[if gte mso 9]><xml>
 <w:LatentStyles DefLockedState=""false"" LatentStyleCount=""156"">
 </w:LatentStyles>
</xml><![endif]--><style>
<!--
 /* Font Definitions */
 @font-face
	{font-family:SimSun;
	panose-1:2 1 6 0 3 1 1 1 1 1;
	mso-font-alt:&#23435;&#20307;;
	mso-font-charset:134;
	mso-generic-font-family:auto;
	mso-font-pitch:variable;
	mso-font-signature:3 135135232 16 0 262145 0;}
@font-face
	{font-family:Tahoma;
	panose-1:2 11 6 4 3 5 4 4 2 4;
	mso-font-charset:0;
	mso-generic-font-family:swiss;
	mso-font-pitch:variable;
	mso-font-signature:1627421319 -2147483648 8 0 66047 0;}
@font-face
	{font-family:""Jameel Noori Nastaleeq"";
	panose-1:2 0 5 3 0 0 0 0 0 4;
	mso-font-charset:0;
	mso-generic-font-family:auto;
	mso-font-pitch:variable;
	mso-font-signature:-2147475449 0 0 0 65 0;}
@font-face
	{font-family:""\@SimSun"";
	panose-1:2 1 6 0 3 1 1 1 1 1;
	mso-font-charset:134;
	mso-generic-font-family:auto;
	mso-font-pitch:variable;
	mso-font-signature:3 135135232 16 0 262145 0;}
 /* Style Definitions */
 p.MsoNormal, li.MsoNormal, div.MsoNormal
	{mso-style-parent:"""";
	margin:0cm;
	margin-bottom:.0001pt;
	text-align:justify;
	text-justify:kashida;
	text-kashida:0%;
	mso-pagination:widow-orphan;
	direction:rtl;
	unicode-bidi:embed;
	font-size:12.0pt;
	mso-bidi-font-size:10.0pt;
	font-family:Tahoma;
	mso-fareast-font-family:SimSun;}
@page Section1
	{size:612.0pt 792.0pt;
	margin:72.0pt 90.0pt 72.0pt 90.0pt;
	mso-header-margin:36.0pt;
	mso-footer-margin:36.0pt;
	mso-paper-source:0;}
div.Section1
	{page:Section1;}
-->
</style><!--[if gte mso 10]>
<style>
 /* Style Definitions */
 table.MsoNormalTable
	{mso-style-name:""Table Normal"";
	mso-tstyle-rowband-size:0;
	mso-tstyle-colband-size:0;
	mso-style-noshow:yes;
	mso-style-parent:"""";
	mso-padding-alt:0cm 5.4pt 0cm 5.4pt;
	mso-para-margin:0cm;
	mso-para-margin-bottom:.0001pt;
	mso-pagination:widow-orphan;
	font-size:10.0pt;
	font-family:""Times New Roman"";
	mso-ansi-language:#0400;
	mso-fareast-language:#0400;
	mso-bidi-language:#0400;}
</style>
<![endif]-->

<p class=""MsoNormal"" dir=""rtl""><span style=""font-family: &quot;Jameel Noori Nastaleeq&quot;;"" lang=""AR-SA"">سنت نماز پڑھنے کا طریقہ بتادیں اور کس طریقہ
سے پڑھنا چاہیے اور فرض بھی تفصیل سے بتادیں۔<o:p></o:p></span></p>

</h2>
							<h2><u> سوال: </u> <meta http-equiv=""Content-Type"" content=""text/html; charset=utf-8""><meta name=""ProgId"" content=""Word.Document""><meta name=""Generator"" content=""Microsoft Word 11""><meta name=""Originator"" content=""Microsoft Word 11""><link rel=""File-List"" href=""file:///G:\DOCUME~1\ADMINI~1\LOCALS~1\Temp\msohtml1\03\clip_filelist.xml""><!--[if gte mso 9]><xml>
 <w:WordDocument>
  <w:View>Normal</w:View>
  <w:Zoom>0</w:Zoom>
  <w:PunctuationKerning/>
  <w:ValidateAgainstSchemas/>
  <w:SaveIfXMLInvalid>false</w:SaveIfXMLInvalid>
  <w:IgnoreMixedContent>false</w:IgnoreMixedContent>
  <w:AlwaysShowPlaceholderText>false</w:AlwaysShowPlaceholderText>
  <w:Compatibility>
   <w:BreakWrappedTables/>
   <w:SnapToGridInCell/>
   <w:WrapTextWithPunct/>
   <w:UseAsianBreakRules/>
   <w:DontGrowAutofit/>
  </w:Compatibility>
  <w:BrowserLevel>MicrosoftInternetExplorer4</w:BrowserLevel>
 </w:WordDocument>
</xml><![endif]--><!--[if gte mso 9]><xml>
 <w:LatentStyles DefLockedState=""false"" LatentStyleCount=""156"">
 </w:LatentStyles>
</xml><![endif]--><style>
<!--
 /* Font Definitions */
 @font-face
	{font-family:SimSun;
	panose-1:2 1 6 0 3 1 1 1 1 1;
	mso-font-alt:&#23435;&#20307;;
	mso-font-charset:134;
	mso-generic-font-family:auto;
	mso-font-pitch:variable;
	mso-font-signature:3 135135232 16 0 262145 0;}
@font-face
	{font-family:Tahoma;
	panose-1:2 11 6 4 3 5 4 4 2 4;
	mso-font-charset:0;
	mso-generic-font-family:swiss;
	mso-font-pitch:variable;
	mso-font-signature:1627421319 -2147483648 8 0 66047 0;}
@font-face
	{font-family:""Jameel Noori Nastaleeq"";
	panose-1:2 0 5 3 0 0 0 0 0 4;
	mso-font-charset:0;
	mso-generic-font-family:auto;
	mso-font-pitch:variable;
	mso-font-signature:-2147475449 0 0 0 65 0;}
@font-face
	{font-family:""\@SimSun"";
	panose-1:2 1 6 0 3 1 1 1 1 1;
	mso-font-charset:134;
	mso-generic-font-family:auto;
	mso-font-pitch:variable;
	mso-font-signature:3 135135232 16 0 262145 0;}
 /* Style Definitions */
 p.MsoNormal, li.MsoNormal, div.MsoNormal
	{mso-style-parent:"""";
	margin:0cm;
	margin-bottom:.0001pt;
	text-align:justify;
	text-justify:kashida;
	text-kashida:0%;
	mso-pagination:widow-orphan;
	direction:rtl;
	unicode-bidi:embed;
	font-size:12.0pt;
	mso-bidi-font-size:10.0pt;
	font-family:Tahoma;
	mso-fareast-font-family:SimSun;}
@page Section1
	{size:612.0pt 792.0pt;
	margin:72.0pt 90.0pt 72.0pt 90.0pt;
	mso-header-margin:36.0pt;
	mso-footer-margin:36.0pt;
	mso-paper-source:0;}
div.Section1
	{page:Section1;}
-->
</style><!--[if gte mso 10]>
<style>
 /* Style Definitions */
 table.MsoNormalTable
	{mso-style-name:""Table Normal"";
	mso-tstyle-rowband-size:0;
	mso-tstyle-colband-size:0;
	mso-style-noshow:yes;
	mso-style-parent:"""";
	mso-padding-alt:0cm 5.4pt 0cm 5.4pt;
	mso-para-margin:0cm;
	mso-para-margin-bottom:.0001pt;
	mso-pagination:widow-orphan;
	font-size:10.0pt;
	font-family:""Times New Roman"";
	mso-ansi-language:#0400;
	mso-fareast-language:#0400;
	mso-bidi-language:#0400;}
</style>
<![endif]-->

<p class=""MsoNormal"" dir=""rtl""><span style=""font-family: &quot;Jameel Noori Nastaleeq&quot;;"" lang=""AR-SA"">سنت نماز پڑھنے کا طریقہ بتادیں اور کس طریقہ
سے پڑھنا چاہیے اور فرض بھی تفصیل سے بتادیں۔<o:p></o:p></span></p>

</h2>
							<p class=""fatwa_answer""><span class=""ans_urdu_id""> جواب نمبر: 12910</span><span style=""color:#efefef;display:none;"" class=""answer_date_urdu"">01-Sep-2020 : تاریخ اشاعت </span></p>
							<p>بسم الله الرحمن الرحيم</p>
							<p> <meta http-equiv=""Content-Type"" content=""text/html; charset=utf-8""><meta name=""ProgId"" content=""Word.Document""><meta name=""Generator"" content=""Microsoft Word 11""><meta name=""Originator"" content=""Microsoft Word 11""><link rel=""File-List"" href=""file:///G:\DOCUME~1\ADMINI~1\LOCALS~1\Temp\msohtml1\03\clip_filelist.xml""><!--[if gte mso 9]><xml>
 <w:WordDocument>
  <w:View>Normal</w:View>
  <w:Zoom>0</w:Zoom>
  <w:PunctuationKerning/>
  <w:ValidateAgainstSchemas/>
  <w:SaveIfXMLInvalid>false</w:SaveIfXMLInvalid>
  <w:IgnoreMixedContent>false</w:IgnoreMixedContent>
  <w:AlwaysShowPlaceholderText>false</w:AlwaysShowPlaceholderText>
  <w:Compatibility>
   <w:BreakWrappedTables/>
   <w:SnapToGridInCell/>
   <w:WrapTextWithPunct/>
   <w:UseAsianBreakRules/>
   <w:DontGrowAutofit/>
  </w:Compatibility>
  <w:BrowserLevel>MicrosoftInternetExplorer4</w:BrowserLevel>
 </w:WordDocument>
</xml><![endif]--><!--[if gte mso 9]><xml>
 <w:LatentStyles DefLockedState=""false"" LatentStyleCount=""156"">
 </w:LatentStyles>
</xml><![endif]--><style>
<!--
 /* Font Definitions */
 @font-face
	{font-family:SimSun;
	panose-1:2 1 6 0 3 1 1 1 1 1;
	mso-font-alt:&#23435;&#20307;;
	mso-font-charset:134;
	mso-generic-font-family:auto;
	mso-font-pitch:variable;
	mso-font-signature:3 135135232 16 0 262145 0;}
@font-face
	{font-family:Tahoma;
	panose-1:2 11 6 4 3 5 4 4 2 4;
	mso-font-charset:0;
	mso-generic-font-family:swiss;
	mso-font-pitch:variable;
	mso-font-signature:1627421319 -2147483648 8 0 66047 0;}
@font-face
	{font-family:""Jameel Noori Nastaleeq"";
	panose-1:2 0 5 3 0 0 0 0 0 4;
	mso-font-charset:0;
	mso-generic-font-family:auto;
	mso-font-pitch:variable;
	mso-font-signature:-2147475449 0 0 0 65 0;}
@font-face
	{font-family:""\@SimSun"";
	panose-1:2 1 6 0 3 1 1 1 1 1;
	mso-font-charset:134;
	mso-generic-font-family:auto;
	mso-font-pitch:variable;
	mso-font-signature:3 135135232 16 0 262145 0;}
 /* Style Definitions */
 p.MsoNormal, li.MsoNormal, div.MsoNormal
	{mso-style-parent:"""";
	margin:0cm;
	margin-bottom:.0001pt;
	text-align:justify;
	text-justify:kashida;
	text-kashida:0%;
	mso-pagination:widow-orphan;
	direction:rtl;
	unicode-bidi:embed;
	font-size:12.0pt;
	mso-bidi-font-size:10.0pt;
	font-family:Tahoma;
	mso-fareast-font-family:SimSun;}
@page Section1
	{size:612.0pt 792.0pt;
	margin:72.0pt 90.0pt 72.0pt 90.0pt;
	mso-header-margin:36.0pt;
	mso-footer-margin:36.0pt;
	mso-paper-source:0;}
div.Section1
	{page:Section1;}
-->
</style><!--[if gte mso 10]>
<style>
 /* Style Definitions */
 table.MsoNormalTable
	{mso-style-name:""Table Normal"";
	mso-tstyle-rowband-size:0;
	mso-tstyle-colband-size:0;
	mso-style-noshow:yes;
	mso-style-parent:"""";
	mso-padding-alt:0cm 5.4pt 0cm 5.4pt;
	mso-para-margin:0cm;
	mso-para-margin-bottom:.0001pt;
	mso-pagination:widow-orphan;
	font-size:10.0pt;
	font-family:""Times New Roman"";
	mso-ansi-language:#0400;
	mso-fareast-language:#0400;
	mso-bidi-language:#0400;}
</style>
<![endif]-->

</p><p class=""MsoNormal"" dir=""rtl""><span style=""font-family: &quot;Jameel Noori Nastaleeq&quot;;"" lang=""AR-SA"">فتوی: 822=822/م</span></p>

<p class=""MsoNormal"" dir=""rtl""><span style=""font-family: &quot;Jameel Noori Nastaleeq&quot;;"" lang=""AR-SA""><o:p>&nbsp;</o:p></span></p>

<p class=""MsoNormal"" dir=""rtl""><span style=""font-family: &quot;Jameel Noori Nastaleeq&quot;;"" lang=""AR-SA"">تعلیم الاسلام اور بہشتی زیور وغیرہا کتب
کا مطالعہ کرلیجیے، ان میں طریقہٴ نماز بالتفصیل مذکور ہے۔</span></p>

<p></p> 
							<br>
							<span style=""font-size:1.2em"">
								<p><strong>واللہ تعالیٰ اعلم</strong></p>
								<br class=""clear"">
								<p><strong>دارالافتاء،</strong><br>دارالعلوم دیوبند</p>
							</span>
						</li>
											</ul>
				</div>"
https://darulifta-deoband.com/home/ur/salah-prayer/12843,زید بیٹھ کر پہلی صف کے کنارے پر نماز با جماعت ادا کرتا ہے۔ جب امام تکبیر تحریمہ کہتا ہے تو زید اوردوسرے مقتدیوں کے درمیان بہت فاصلہ ہوتاہے۔ (۱)کیا زید کی اقتدا درست ہے؟ (۲)ایک ہی صف میں دو مقتدیوں کے درمیان زیادہ سے زیادہ کتنے فاصلہ کی تحدید ہے؟,"<h2><u> سوال: </u> <meta http-equiv=""Content-Type"" content=""text/html; charset=utf-8""><meta name=""ProgId"" content=""Word.Document""><meta name=""Generator"" content=""Microsoft Word 11""><meta name=""Originator"" content=""Microsoft Word 11""><link rel=""File-List"" href=""file:///G:\DOCUME~1\ADMINI~1\LOCALS~1\Temp\msohtml1\01\clip_filelist.xml""><!--[if gte mso 9]><xml>
 <w:WordDocument>
  <w:View>Normal</w:View>
  <w:Zoom>0</w:Zoom>
  <w:PunctuationKerning/>
  <w:ValidateAgainstSchemas/>
  <w:SaveIfXMLInvalid>false</w:SaveIfXMLInvalid>
  <w:IgnoreMixedContent>false</w:IgnoreMixedContent>
  <w:AlwaysShowPlaceholderText>false</w:AlwaysShowPlaceholderText>
  <w:Compatibility>
   <w:BreakWrappedTables/>
   <w:SnapToGridInCell/>
   <w:WrapTextWithPunct/>
   <w:UseAsianBreakRules/>
   <w:DontGrowAutofit/>
  </w:Compatibility>
  <w:BrowserLevel>MicrosoftInternetExplorer4</w:BrowserLevel>
 </w:WordDocument>
</xml><![endif]--><!--[if gte mso 9]><xml>
 <w:LatentStyles DefLockedState=""false"" LatentStyleCount=""156"">
 </w:LatentStyles>
</xml><![endif]--><style>
<!--
 /* Font Definitions */
 @font-face
	{font-family:SimSun;
	panose-1:2 1 6 0 3 1 1 1 1 1;
	mso-font-alt:&#23435;&#20307;;
	mso-font-charset:134;
	mso-generic-font-family:auto;
	mso-font-pitch:variable;
	mso-font-signature:3 135135232 16 0 262145 0;}
@font-face
	{font-family:Tahoma;
	panose-1:2 11 6 4 3 5 4 4 2 4;
	mso-font-charset:0;
	mso-generic-font-family:swiss;
	mso-font-pitch:variable;
	mso-font-signature:1627421319 -2147483648 8 0 66047 0;}
@font-face
	{font-family:""Jameel Noori Nastaleeq"";
	panose-1:2 0 5 3 0 0 0 0 0 4;
	mso-font-charset:0;
	mso-generic-font-family:auto;
	mso-font-pitch:variable;
	mso-font-signature:-2147475449 0 0 0 65 0;}
@font-face
	{font-family:""\@SimSun"";
	panose-1:2 1 6 0 3 1 1 1 1 1;
	mso-font-charset:134;
	mso-generic-font-family:auto;
	mso-font-pitch:variable;
	mso-font-signature:3 135135232 16 0 262145 0;}
 /* Style Definitions */
 p.MsoNormal, li.MsoNormal, div.MsoNormal
	{mso-style-parent:"""";
	margin:0cm;
	margin-bottom:.0001pt;
	text-align:justify;
	text-justify:kashida;
	text-kashida:0%;
	mso-pagination:widow-orphan;
	direction:rtl;
	unicode-bidi:embed;
	font-size:12.0pt;
	mso-bidi-font-size:10.0pt;
	font-family:Tahoma;
	mso-fareast-font-family:SimSun;}
@page Section1
	{size:612.0pt 792.0pt;
	margin:72.0pt 90.0pt 72.0pt 90.0pt;
	mso-header-margin:36.0pt;
	mso-footer-margin:36.0pt;
	mso-paper-source:0;}
div.Section1
	{page:Section1;}
-->
</style><!--[if gte mso 10]>
<style>
 /* Style Definitions */
 table.MsoNormalTable
	{mso-style-name:""Table Normal"";
	mso-tstyle-rowband-size:0;
	mso-tstyle-colband-size:0;
	mso-style-noshow:yes;
	mso-style-parent:"""";
	mso-padding-alt:0cm 5.4pt 0cm 5.4pt;
	mso-para-margin:0cm;
	mso-para-margin-bottom:.0001pt;
	mso-pagination:widow-orphan;
	font-size:10.0pt;
	font-family:""Times New Roman"";
	mso-ansi-language:#0400;
	mso-fareast-language:#0400;
	mso-bidi-language:#0400;}
</style>
<![endif]-->

<p class=""MsoNormal"" dir=""rtl""><span style=""font-family: &quot;Jameel Noori Nastaleeq&quot;;"" lang=""AR-SA"">زید بیٹھ کر
پہلی صف کے کنارے پر نماز با جماعت ادا کرتا ہے۔ جب امام تکبیر تحریمہ کہتا ہے تو
زید اوردوسرے مقتدیوں کے درمیان بہت فاصلہ ہوتاہے۔ (</span><span style=""font-family: &quot;Jameel Noori Nastaleeq&quot;;"" lang=""FA"">۱)</span><span style=""font-family: &quot;Jameel Noori Nastaleeq&quot;;"" lang=""AR-SA"">کیا زید کی
اقتدا درست ہے؟ (</span><span style=""font-family: &quot;Jameel Noori Nastaleeq&quot;;"" lang=""FA"">۲)</span><span style=""font-family: &quot;Jameel Noori Nastaleeq&quot;;"" lang=""AR-SA"">ایک ہی صف میں دو مقتدیوں کے درمیان
زیادہ سے زیادہ کتنے فاصلہ کی تحدید ہے؟<o:p></o:p></span></p>

</h2>","<p>بسم الله الرحمن الرحيم</p><p> <meta http-equiv=""Content-Type"" content=""text/html; charset=utf-8""><meta name=""ProgId"" content=""Word.Document""><meta name=""Generator"" content=""Microsoft Word 11""><meta name=""Originator"" content=""Microsoft Word 11""><link rel=""File-List"" href=""file:///G:\DOCUME~1\ADMINI~1\LOCALS~1\Temp\msohtml1\01\clip_filelist.xml""><!--[if gte mso 9]><xml>
 <w:WordDocument>
  <w:View>Normal</w:View>
  <w:Zoom>0</w:Zoom>
  <w:PunctuationKerning/>
  <w:ValidateAgainstSchemas/>
  <w:SaveIfXMLInvalid>false</w:SaveIfXMLInvalid>
  <w:IgnoreMixedContent>false</w:IgnoreMixedContent>
  <w:AlwaysShowPlaceholderText>false</w:AlwaysShowPlaceholderText>
  <w:Compatibility>
   <w:BreakWrappedTables/>
   <w:SnapToGridInCell/>
   <w:WrapTextWithPunct/>
   <w:UseAsianBreakRules/>
   <w:DontGrowAutofit/>
  </w:Compatibility>
  <w:BrowserLevel>MicrosoftInternetExplorer4</w:BrowserLevel>
 </w:WordDocument>
</xml><![endif]--><!--[if gte mso 9]><xml>
 <w:LatentStyles DefLockedState=""false"" LatentStyleCount=""156"">
 </w:LatentStyles>
</xml><![endif]--><style>
<!--
 /* Font Definitions */
 @font-face
	{font-family:""MS Mincho"";
	panose-1:2 2 6 9 4 2 5 8 3 4;
	mso-font-alt:""&#65325;&#65331; &#26126;&#26397;"";
	mso-font-charset:128;
	mso-generic-font-family:modern;
	mso-font-pitch:fixed;
	mso-font-signature:-1610612033 1757936891 16 0 131231 0;}
@font-face
	{font-family:SimSun;
	panose-1:2 1 6 0 3 1 1 1 1 1;
	mso-font-alt:&#23435;&#20307;;
	mso-font-charset:134;
	mso-generic-font-family:auto;
	mso-font-pitch:variable;
	mso-font-signature:3 135135232 16 0 262145 0;}
@font-face
	{font-family:Tahoma;
	panose-1:2 11 6 4 3 5 4 4 2 4;
	mso-font-charset:0;
	mso-generic-font-family:swiss;
	mso-font-pitch:variable;
	mso-font-signature:1627421319 -2147483648 8 0 66047 0;}
@font-face
	{font-family:""Jameel Noori Nastaleeq"";
	panose-1:2 0 5 3 0 0 0 0 0 4;
	mso-font-charset:0;
	mso-generic-font-family:auto;
	mso-font-pitch:variable;
	mso-font-signature:-2147475449 0 0 0 65 0;}
@font-face
	{font-family:""\@MS Mincho"";
	panose-1:2 2 6 9 4 2 5 8 3 4;
	mso-font-charset:128;
	mso-generic-font-family:modern;
	mso-font-pitch:fixed;
	mso-font-signature:-1610612033 1757936891 16 0 131231 0;}
@font-face
	{font-family:""\@SimSun"";
	panose-1:2 1 6 0 3 1 1 1 1 1;
	mso-font-charset:134;
	mso-generic-font-family:auto;
	mso-font-pitch:variable;
	mso-font-signature:3 135135232 16 0 262145 0;}
 /* Style Definitions */
 p.MsoNormal, li.MsoNormal, div.MsoNormal
	{mso-style-parent:"""";
	margin:0cm;
	margin-bottom:.0001pt;
	text-align:justify;
	text-justify:kashida;
	text-kashida:0%;
	mso-pagination:widow-orphan;
	direction:rtl;
	unicode-bidi:embed;
	font-size:12.0pt;
	mso-bidi-font-size:10.0pt;
	font-family:Tahoma;
	mso-fareast-font-family:SimSun;}
@page Section1
	{size:612.0pt 792.0pt;
	margin:72.0pt 90.0pt 72.0pt 90.0pt;
	mso-header-margin:36.0pt;
	mso-footer-margin:36.0pt;
	mso-paper-source:0;}
div.Section1
	{page:Section1;}
-->
</style><!--[if gte mso 10]>
<style>
 /* Style Definitions */
 table.MsoNormalTable
	{mso-style-name:""Table Normal"";
	mso-tstyle-rowband-size:0;
	mso-tstyle-colband-size:0;
	mso-style-noshow:yes;
	mso-style-parent:"""";
	mso-padding-alt:0cm 5.4pt 0cm 5.4pt;
	mso-para-margin:0cm;
	mso-para-margin-bottom:.0001pt;
	mso-pagination:widow-orphan;
	font-size:10.0pt;
	font-family:""Times New Roman"";
	mso-ansi-language:#0400;
	mso-fareast-language:#0400;
	mso-bidi-language:#0400;}
</style>
<![endif]-->

</p><p class=""MsoNormal"" dir=""rtl""><span style=""font-family: &quot;Jameel Noori Nastaleeq&quot;;"" lang=""AR-SA"">فتوی: 789=617/ل</span></p><p class=""MsoNormal"" dir=""rtl""><span style=""font-family: &quot;Jameel Noori Nastaleeq&quot;;"" lang=""AR-SA""><o:p>&nbsp;</o:p></span></p><p class=""MsoNormal"" dir=""rtl""><span style=""font-family: &quot;Jameel Noori Nastaleeq&quot;;"" lang=""AR-SA"">(</span><span style=""font-family: &quot;Jameel Noori Nastaleeq&quot;;"" lang=""FA"">۱) </span><span style=""font-family: &quot;Jameel Noori Nastaleeq&quot;;"" lang=""AR-SA"">جی
ہاں! درست ہے، مگر مکروہ ہے۔ </span></p><p class=""MsoNormal"" dir=""rtl""><span style=""font-family: &quot;Jameel Noori Nastaleeq&quot;;"" lang=""AR-SA"">(</span><span style=""font-family: &quot;Jameel Noori Nastaleeq&quot;;"" lang=""FA"">۲) </span><span style=""font-family: &quot;Jameel Noori Nastaleeq&quot;;"" lang=""AR-SA"">حدیث
شریف میں نماز کے لیے کھڑے ہوتے وقت مونڈھوں کے ملانے اورخلا کو پر کرنے کا حکم
ہے، دو مقتدیوں کے درمیان اتنا فاصلہ جس سے خلل ہو مکروہ ہے۔ </span><span style=""font-size: 10pt;"" lang=""AR-SA"">قال علیہ السلام:
توسطوا الإمام وسدُوا الخلل</span><span style=""font-size: 10pt; font-family: &quot;Jameel Noori Nastaleeq&quot;;"" lang=""AR-SA"">․</span><span style=""font-size: 10pt;"" lang=""AR-SA""></span></p><p></p><br><span style=""font-size:1.2em"">
								<p><strong>واللہ تعالیٰ اعلم</strong></p>
								<br class=""clear"">
								<p><strong>دارالافتاء،</strong><br>دارالعلوم دیوبند</p>
							</span>",31-Aug-2020,12843,darulifta-deoband.com,عبادات,صلاة (نماز),"<div id=""recent_fatwas"" class=""container tab-pane active""><br>
					<ul class=""answer_detail"">
												<li>
																					<div class=""cate_sec"">
								<p class=""category_name"">
									<span>
										عبادات									</span> 
									&gt;&gt; 
									<span>
																		<a href=""https://darulifta-deoband.com/ur/category/n-a/MTk="">صلاة (نماز)</a>
									</span>
								</p>
								<p class=""quesid""><span class=""anser_id_urdu""> سوال نمبر: 12843</span><!--<span class=""country_urdu"">  : ملک</span> --></p>
							</div>
							<h2><u> عنوان:</u> <meta http-equiv=""Content-Type"" content=""text/html; charset=utf-8""><meta name=""ProgId"" content=""Word.Document""><meta name=""Generator"" content=""Microsoft Word 11""><meta name=""Originator"" content=""Microsoft Word 11""><link rel=""File-List"" href=""file:///G:\DOCUME~1\ADMINI~1\LOCALS~1\Temp\msohtml1\01\clip_filelist.xml""><!--[if gte mso 9]><xml>
 <w:WordDocument>
  <w:View>Normal</w:View>
  <w:Zoom>0</w:Zoom>
  <w:PunctuationKerning/>
  <w:ValidateAgainstSchemas/>
  <w:SaveIfXMLInvalid>false</w:SaveIfXMLInvalid>
  <w:IgnoreMixedContent>false</w:IgnoreMixedContent>
  <w:AlwaysShowPlaceholderText>false</w:AlwaysShowPlaceholderText>
  <w:Compatibility>
   <w:BreakWrappedTables/>
   <w:SnapToGridInCell/>
   <w:WrapTextWithPunct/>
   <w:UseAsianBreakRules/>
   <w:DontGrowAutofit/>
  </w:Compatibility>
  <w:BrowserLevel>MicrosoftInternetExplorer4</w:BrowserLevel>
 </w:WordDocument>
</xml><![endif]--><!--[if gte mso 9]><xml>
 <w:LatentStyles DefLockedState=""false"" LatentStyleCount=""156"">
 </w:LatentStyles>
</xml><![endif]--><style>
<!--
 /* Font Definitions */
 @font-face
	{font-family:SimSun;
	panose-1:2 1 6 0 3 1 1 1 1 1;
	mso-font-alt:&#23435;&#20307;;
	mso-font-charset:134;
	mso-generic-font-family:auto;
	mso-font-pitch:variable;
	mso-font-signature:3 135135232 16 0 262145 0;}
@font-face
	{font-family:Tahoma;
	panose-1:2 11 6 4 3 5 4 4 2 4;
	mso-font-charset:0;
	mso-generic-font-family:swiss;
	mso-font-pitch:variable;
	mso-font-signature:1627421319 -2147483648 8 0 66047 0;}
@font-face
	{font-family:""Jameel Noori Nastaleeq"";
	panose-1:2 0 5 3 0 0 0 0 0 4;
	mso-font-charset:0;
	mso-generic-font-family:auto;
	mso-font-pitch:variable;
	mso-font-signature:-2147475449 0 0 0 65 0;}
@font-face
	{font-family:""\@SimSun"";
	panose-1:2 1 6 0 3 1 1 1 1 1;
	mso-font-charset:134;
	mso-generic-font-family:auto;
	mso-font-pitch:variable;
	mso-font-signature:3 135135232 16 0 262145 0;}
 /* Style Definitions */
 p.MsoNormal, li.MsoNormal, div.MsoNormal
	{mso-style-parent:"""";
	margin:0cm;
	margin-bottom:.0001pt;
	text-align:justify;
	text-justify:kashida;
	text-kashida:0%;
	mso-pagination:widow-orphan;
	direction:rtl;
	unicode-bidi:embed;
	font-size:12.0pt;
	mso-bidi-font-size:10.0pt;
	font-family:Tahoma;
	mso-fareast-font-family:SimSun;}
@page Section1
	{size:612.0pt 792.0pt;
	margin:72.0pt 90.0pt 72.0pt 90.0pt;
	mso-header-margin:36.0pt;
	mso-footer-margin:36.0pt;
	mso-paper-source:0;}
div.Section1
	{page:Section1;}
-->
</style><!--[if gte mso 10]>
<style>
 /* Style Definitions */
 table.MsoNormalTable
	{mso-style-name:""Table Normal"";
	mso-tstyle-rowband-size:0;
	mso-tstyle-colband-size:0;
	mso-style-noshow:yes;
	mso-style-parent:"""";
	mso-padding-alt:0cm 5.4pt 0cm 5.4pt;
	mso-para-margin:0cm;
	mso-para-margin-bottom:.0001pt;
	mso-pagination:widow-orphan;
	font-size:10.0pt;
	font-family:""Times New Roman"";
	mso-ansi-language:#0400;
	mso-fareast-language:#0400;
	mso-bidi-language:#0400;}
</style>
<![endif]-->

<p class=""MsoNormal"" dir=""rtl""><span style=""font-family: &quot;Jameel Noori Nastaleeq&quot;;"" lang=""AR-SA"">زید بیٹھ کر
پہلی صف کے کنارے پر نماز با جماعت ادا کرتا ہے۔ جب امام تکبیر تحریمہ کہتا ہے تو
زید اوردوسرے مقتدیوں کے درمیان بہت فاصلہ ہوتاہے۔ (</span><span style=""font-family: &quot;Jameel Noori Nastaleeq&quot;;"" lang=""FA"">۱)</span><span style=""font-family: &quot;Jameel Noori Nastaleeq&quot;;"" lang=""AR-SA"">کیا زید کی
اقتدا درست ہے؟ (</span><span style=""font-family: &quot;Jameel Noori Nastaleeq&quot;;"" lang=""FA"">۲)</span><span style=""font-family: &quot;Jameel Noori Nastaleeq&quot;;"" lang=""AR-SA"">ایک ہی صف میں دو مقتدیوں کے درمیان
زیادہ سے زیادہ کتنے فاصلہ کی تحدید ہے؟<o:p></o:p></span></p>

</h2>
							<h2><u> سوال: </u> <meta http-equiv=""Content-Type"" content=""text/html; charset=utf-8""><meta name=""ProgId"" content=""Word.Document""><meta name=""Generator"" content=""Microsoft Word 11""><meta name=""Originator"" content=""Microsoft Word 11""><link rel=""File-List"" href=""file:///G:\DOCUME~1\ADMINI~1\LOCALS~1\Temp\msohtml1\01\clip_filelist.xml""><!--[if gte mso 9]><xml>
 <w:WordDocument>
  <w:View>Normal</w:View>
  <w:Zoom>0</w:Zoom>
  <w:PunctuationKerning/>
  <w:ValidateAgainstSchemas/>
  <w:SaveIfXMLInvalid>false</w:SaveIfXMLInvalid>
  <w:IgnoreMixedContent>false</w:IgnoreMixedContent>
  <w:AlwaysShowPlaceholderText>false</w:AlwaysShowPlaceholderText>
  <w:Compatibility>
   <w:BreakWrappedTables/>
   <w:SnapToGridInCell/>
   <w:WrapTextWithPunct/>
   <w:UseAsianBreakRules/>
   <w:DontGrowAutofit/>
  </w:Compatibility>
  <w:BrowserLevel>MicrosoftInternetExplorer4</w:BrowserLevel>
 </w:WordDocument>
</xml><![endif]--><!--[if gte mso 9]><xml>
 <w:LatentStyles DefLockedState=""false"" LatentStyleCount=""156"">
 </w:LatentStyles>
</xml><![endif]--><style>
<!--
 /* Font Definitions */
 @font-face
	{font-family:SimSun;
	panose-1:2 1 6 0 3 1 1 1 1 1;
	mso-font-alt:&#23435;&#20307;;
	mso-font-charset:134;
	mso-generic-font-family:auto;
	mso-font-pitch:variable;
	mso-font-signature:3 135135232 16 0 262145 0;}
@font-face
	{font-family:Tahoma;
	panose-1:2 11 6 4 3 5 4 4 2 4;
	mso-font-charset:0;
	mso-generic-font-family:swiss;
	mso-font-pitch:variable;
	mso-font-signature:1627421319 -2147483648 8 0 66047 0;}
@font-face
	{font-family:""Jameel Noori Nastaleeq"";
	panose-1:2 0 5 3 0 0 0 0 0 4;
	mso-font-charset:0;
	mso-generic-font-family:auto;
	mso-font-pitch:variable;
	mso-font-signature:-2147475449 0 0 0 65 0;}
@font-face
	{font-family:""\@SimSun"";
	panose-1:2 1 6 0 3 1 1 1 1 1;
	mso-font-charset:134;
	mso-generic-font-family:auto;
	mso-font-pitch:variable;
	mso-font-signature:3 135135232 16 0 262145 0;}
 /* Style Definitions */
 p.MsoNormal, li.MsoNormal, div.MsoNormal
	{mso-style-parent:"""";
	margin:0cm;
	margin-bottom:.0001pt;
	text-align:justify;
	text-justify:kashida;
	text-kashida:0%;
	mso-pagination:widow-orphan;
	direction:rtl;
	unicode-bidi:embed;
	font-size:12.0pt;
	mso-bidi-font-size:10.0pt;
	font-family:Tahoma;
	mso-fareast-font-family:SimSun;}
@page Section1
	{size:612.0pt 792.0pt;
	margin:72.0pt 90.0pt 72.0pt 90.0pt;
	mso-header-margin:36.0pt;
	mso-footer-margin:36.0pt;
	mso-paper-source:0;}
div.Section1
	{page:Section1;}
-->
</style><!--[if gte mso 10]>
<style>
 /* Style Definitions */
 table.MsoNormalTable
	{mso-style-name:""Table Normal"";
	mso-tstyle-rowband-size:0;
	mso-tstyle-colband-size:0;
	mso-style-noshow:yes;
	mso-style-parent:"""";
	mso-padding-alt:0cm 5.4pt 0cm 5.4pt;
	mso-para-margin:0cm;
	mso-para-margin-bottom:.0001pt;
	mso-pagination:widow-orphan;
	font-size:10.0pt;
	font-family:""Times New Roman"";
	mso-ansi-language:#0400;
	mso-fareast-language:#0400;
	mso-bidi-language:#0400;}
</style>
<![endif]-->

<p class=""MsoNormal"" dir=""rtl""><span style=""font-family: &quot;Jameel Noori Nastaleeq&quot;;"" lang=""AR-SA"">زید بیٹھ کر
پہلی صف کے کنارے پر نماز با جماعت ادا کرتا ہے۔ جب امام تکبیر تحریمہ کہتا ہے تو
زید اوردوسرے مقتدیوں کے درمیان بہت فاصلہ ہوتاہے۔ (</span><span style=""font-family: &quot;Jameel Noori Nastaleeq&quot;;"" lang=""FA"">۱)</span><span style=""font-family: &quot;Jameel Noori Nastaleeq&quot;;"" lang=""AR-SA"">کیا زید کی
اقتدا درست ہے؟ (</span><span style=""font-family: &quot;Jameel Noori Nastaleeq&quot;;"" lang=""FA"">۲)</span><span style=""font-family: &quot;Jameel Noori Nastaleeq&quot;;"" lang=""AR-SA"">ایک ہی صف میں دو مقتدیوں کے درمیان
زیادہ سے زیادہ کتنے فاصلہ کی تحدید ہے؟<o:p></o:p></span></p>

</h2>
							<p class=""fatwa_answer""><span class=""ans_urdu_id""> جواب نمبر: 12843</span><span style=""color:#efefef;display:none;"" class=""answer_date_urdu"">31-Aug-2020 : تاریخ اشاعت </span></p>
							<p>بسم الله الرحمن الرحيم</p>
							<p> <meta http-equiv=""Content-Type"" content=""text/html; charset=utf-8""><meta name=""ProgId"" content=""Word.Document""><meta name=""Generator"" content=""Microsoft Word 11""><meta name=""Originator"" content=""Microsoft Word 11""><link rel=""File-List"" href=""file:///G:\DOCUME~1\ADMINI~1\LOCALS~1\Temp\msohtml1\01\clip_filelist.xml""><!--[if gte mso 9]><xml>
 <w:WordDocument>
  <w:View>Normal</w:View>
  <w:Zoom>0</w:Zoom>
  <w:PunctuationKerning/>
  <w:ValidateAgainstSchemas/>
  <w:SaveIfXMLInvalid>false</w:SaveIfXMLInvalid>
  <w:IgnoreMixedContent>false</w:IgnoreMixedContent>
  <w:AlwaysShowPlaceholderText>false</w:AlwaysShowPlaceholderText>
  <w:Compatibility>
   <w:BreakWrappedTables/>
   <w:SnapToGridInCell/>
   <w:WrapTextWithPunct/>
   <w:UseAsianBreakRules/>
   <w:DontGrowAutofit/>
  </w:Compatibility>
  <w:BrowserLevel>MicrosoftInternetExplorer4</w:BrowserLevel>
 </w:WordDocument>
</xml><![endif]--><!--[if gte mso 9]><xml>
 <w:LatentStyles DefLockedState=""false"" LatentStyleCount=""156"">
 </w:LatentStyles>
</xml><![endif]--><style>
<!--
 /* Font Definitions */
 @font-face
	{font-family:""MS Mincho"";
	panose-1:2 2 6 9 4 2 5 8 3 4;
	mso-font-alt:""&#65325;&#65331; &#26126;&#26397;"";
	mso-font-charset:128;
	mso-generic-font-family:modern;
	mso-font-pitch:fixed;
	mso-font-signature:-1610612033 1757936891 16 0 131231 0;}
@font-face
	{font-family:SimSun;
	panose-1:2 1 6 0 3 1 1 1 1 1;
	mso-font-alt:&#23435;&#20307;;
	mso-font-charset:134;
	mso-generic-font-family:auto;
	mso-font-pitch:variable;
	mso-font-signature:3 135135232 16 0 262145 0;}
@font-face
	{font-family:Tahoma;
	panose-1:2 11 6 4 3 5 4 4 2 4;
	mso-font-charset:0;
	mso-generic-font-family:swiss;
	mso-font-pitch:variable;
	mso-font-signature:1627421319 -2147483648 8 0 66047 0;}
@font-face
	{font-family:""Jameel Noori Nastaleeq"";
	panose-1:2 0 5 3 0 0 0 0 0 4;
	mso-font-charset:0;
	mso-generic-font-family:auto;
	mso-font-pitch:variable;
	mso-font-signature:-2147475449 0 0 0 65 0;}
@font-face
	{font-family:""\@MS Mincho"";
	panose-1:2 2 6 9 4 2 5 8 3 4;
	mso-font-charset:128;
	mso-generic-font-family:modern;
	mso-font-pitch:fixed;
	mso-font-signature:-1610612033 1757936891 16 0 131231 0;}
@font-face
	{font-family:""\@SimSun"";
	panose-1:2 1 6 0 3 1 1 1 1 1;
	mso-font-charset:134;
	mso-generic-font-family:auto;
	mso-font-pitch:variable;
	mso-font-signature:3 135135232 16 0 262145 0;}
 /* Style Definitions */
 p.MsoNormal, li.MsoNormal, div.MsoNormal
	{mso-style-parent:"""";
	margin:0cm;
	margin-bottom:.0001pt;
	text-align:justify;
	text-justify:kashida;
	text-kashida:0%;
	mso-pagination:widow-orphan;
	direction:rtl;
	unicode-bidi:embed;
	font-size:12.0pt;
	mso-bidi-font-size:10.0pt;
	font-family:Tahoma;
	mso-fareast-font-family:SimSun;}
@page Section1
	{size:612.0pt 792.0pt;
	margin:72.0pt 90.0pt 72.0pt 90.0pt;
	mso-header-margin:36.0pt;
	mso-footer-margin:36.0pt;
	mso-paper-source:0;}
div.Section1
	{page:Section1;}
-->
</style><!--[if gte mso 10]>
<style>
 /* Style Definitions */
 table.MsoNormalTable
	{mso-style-name:""Table Normal"";
	mso-tstyle-rowband-size:0;
	mso-tstyle-colband-size:0;
	mso-style-noshow:yes;
	mso-style-parent:"""";
	mso-padding-alt:0cm 5.4pt 0cm 5.4pt;
	mso-para-margin:0cm;
	mso-para-margin-bottom:.0001pt;
	mso-pagination:widow-orphan;
	font-size:10.0pt;
	font-family:""Times New Roman"";
	mso-ansi-language:#0400;
	mso-fareast-language:#0400;
	mso-bidi-language:#0400;}
</style>
<![endif]-->

</p><p class=""MsoNormal"" dir=""rtl""><span style=""font-family: &quot;Jameel Noori Nastaleeq&quot;;"" lang=""AR-SA"">فتوی: 789=617/ل</span></p>

<p class=""MsoNormal"" dir=""rtl""><span style=""font-family: &quot;Jameel Noori Nastaleeq&quot;;"" lang=""AR-SA""><o:p>&nbsp;</o:p></span></p>

<p class=""MsoNormal"" dir=""rtl""><span style=""font-family: &quot;Jameel Noori Nastaleeq&quot;;"" lang=""AR-SA"">(</span><span style=""font-family: &quot;Jameel Noori Nastaleeq&quot;;"" lang=""FA"">۱) </span><span style=""font-family: &quot;Jameel Noori Nastaleeq&quot;;"" lang=""AR-SA"">جی
ہاں! درست ہے، مگر مکروہ ہے۔ </span></p>

<p class=""MsoNormal"" dir=""rtl""><span style=""font-family: &quot;Jameel Noori Nastaleeq&quot;;"" lang=""AR-SA"">(</span><span style=""font-family: &quot;Jameel Noori Nastaleeq&quot;;"" lang=""FA"">۲) </span><span style=""font-family: &quot;Jameel Noori Nastaleeq&quot;;"" lang=""AR-SA"">حدیث
شریف میں نماز کے لیے کھڑے ہوتے وقت مونڈھوں کے ملانے اورخلا کو پر کرنے کا حکم
ہے، دو مقتدیوں کے درمیان اتنا فاصلہ جس سے خلل ہو مکروہ ہے۔ </span><span style=""font-size: 10pt;"" lang=""AR-SA"">قال علیہ السلام:
توسطوا الإمام وسدُوا الخلل</span><span style=""font-size: 10pt; font-family: &quot;Jameel Noori Nastaleeq&quot;;"" lang=""AR-SA"">․</span><span style=""font-size: 10pt;"" lang=""AR-SA""></span></p>

<p></p> 
							<br>
							<span style=""font-size:1.2em"">
								<p><strong>واللہ تعالیٰ اعلم</strong></p>
								<br class=""clear"">
								<p><strong>دارالافتاء،</strong><br>دارالعلوم دیوبند</p>
							</span>
						</li>
											</ul>
				</div>"
https://darulifta-deoband.com/home/ur/salah-prayer/12840,تلاش مارا بہ درگاہ خود قبول بکند من ابوعمر معاذ ہستم از ایران بہ کراچی ہجرت کردہ ام ودر حال جہادیا حکومت شیعہ ایران ہستیم ودر کراچی مقیم می باشمین ولے چون جاسوس ہا ہمیشہ دنبال ما ہستند مخفیانہ خانہ می گریم وگاہے مجبور می شویم خانہ را عوض کنیم آیا ما در ایں جا مسافر ہستیم یا نہ؟,"<h2><u> سوال: </u> <meta http-equiv=""Content-Type"" content=""text/html; charset=utf-8""><meta name=""ProgId"" content=""Word.Document""><meta name=""Generator"" content=""Microsoft Word 11""><meta name=""Originator"" content=""Microsoft Word 11""><link rel=""File-List"" href=""file:///G:\DOCUME~1\ADMINI~1\LOCALS~1\Temp\msohtml1\03\clip_filelist.xml""><!--[if gte mso 9]><xml>
 <w:WordDocument>
  <w:View>Normal</w:View>
  <w:Zoom>0</w:Zoom>
  <w:PunctuationKerning/>
  <w:ValidateAgainstSchemas/>
  <w:SaveIfXMLInvalid>false</w:SaveIfXMLInvalid>
  <w:IgnoreMixedContent>false</w:IgnoreMixedContent>
  <w:AlwaysShowPlaceholderText>false</w:AlwaysShowPlaceholderText>
  <w:Compatibility>
   <w:BreakWrappedTables/>
   <w:SnapToGridInCell/>
   <w:WrapTextWithPunct/>
   <w:UseAsianBreakRules/>
   <w:DontGrowAutofit/>
  </w:Compatibility>
  <w:BrowserLevel>MicrosoftInternetExplorer4</w:BrowserLevel>
 </w:WordDocument>
</xml><![endif]--><!--[if gte mso 9]><xml>
 <w:LatentStyles DefLockedState=""false"" LatentStyleCount=""156"">
 </w:LatentStyles>
</xml><![endif]--><style>
<!--
 /* Font Definitions */
 @font-face
	{font-family:SimSun;
	panose-1:2 1 6 0 3 1 1 1 1 1;
	mso-font-alt:&#23435;&#20307;;
	mso-font-charset:134;
	mso-generic-font-family:auto;
	mso-font-pitch:variable;
	mso-font-signature:3 135135232 16 0 262145 0;}
@font-face
	{font-family:Tahoma;
	panose-1:2 11 6 4 3 5 4 4 2 4;
	mso-font-charset:0;
	mso-generic-font-family:swiss;
	mso-font-pitch:variable;
	mso-font-signature:1627421319 -2147483648 8 0 66047 0;}
@font-face
	{font-family:""Jameel Noori Nastaleeq"";
	panose-1:2 0 5 3 0 0 0 0 0 4;
	mso-font-charset:0;
	mso-generic-font-family:auto;
	mso-font-pitch:variable;
	mso-font-signature:-2147475449 0 0 0 65 0;}
@font-face
	{font-family:""\@SimSun"";
	panose-1:2 1 6 0 3 1 1 1 1 1;
	mso-font-charset:134;
	mso-generic-font-family:auto;
	mso-font-pitch:variable;
	mso-font-signature:3 135135232 16 0 262145 0;}
 /* Style Definitions */
 p.MsoNormal, li.MsoNormal, div.MsoNormal
	{mso-style-parent:"""";
	margin:0cm;
	margin-bottom:.0001pt;
	text-align:justify;
	text-justify:kashida;
	text-kashida:0%;
	mso-pagination:widow-orphan;
	direction:rtl;
	unicode-bidi:embed;
	font-size:12.0pt;
	mso-bidi-font-size:10.0pt;
	font-family:Tahoma;
	mso-fareast-font-family:SimSun;}
@page Section1
	{size:612.0pt 792.0pt;
	margin:72.0pt 90.0pt 72.0pt 90.0pt;
	mso-header-margin:36.0pt;
	mso-footer-margin:36.0pt;
	mso-paper-source:0;}
div.Section1
	{page:Section1;}
-->
</style><!--[if gte mso 10]>
<style>
 /* Style Definitions */
 table.MsoNormalTable
	{mso-style-name:""Table Normal"";
	mso-tstyle-rowband-size:0;
	mso-tstyle-colband-size:0;
	mso-style-noshow:yes;
	mso-style-parent:"""";
	mso-padding-alt:0cm 5.4pt 0cm 5.4pt;
	mso-para-margin:0cm;
	mso-para-margin-bottom:.0001pt;
	mso-pagination:widow-orphan;
	font-size:10.0pt;
	font-family:""Times New Roman"";
	mso-ansi-language:#0400;
	mso-fareast-language:#0400;
	mso-bidi-language:#0400;}
</style>
<![endif]-->

<p class=""MsoNormal"" dir=""rtl""><span style=""font-family: &quot;Jameel Noori Nastaleeq&quot;;"" lang=""AR-SA"">تلاش مارا بہ درگاہ خود قبول بکند من
ابوعمر معاذ ہستم از ایران بہ کراچی ہجرت کردہ ام ودر حال جہادیا حکومت شیعہ ایران
ہستیم ودر کراچی مقیم می باشمین ولے چون جاسوس ہا ہمیشہ دنبال ما ہستند مخفیانہ
خانہ می گریم وگاہے مجبور می شویم خانہ را عوض کنیم آیا ما در ایں جا مسافر ہستیم یا
نہ؟<o:p></o:p></span></p>

</h2>","<p>بسم الله الرحمن الرحيم</p><p> <meta http-equiv=""Content-Type"" content=""text/html; charset=utf-8""><meta name=""ProgId"" content=""Word.Document""><meta name=""Generator"" content=""Microsoft Word 11""><meta name=""Originator"" content=""Microsoft Word 11""><link rel=""File-List"" href=""file:///G:\DOCUME~1\ADMINI~1\LOCALS~1\Temp\msohtml1\03\clip_filelist.xml""><!--[if gte mso 9]><xml>
 <w:WordDocument>
  <w:View>Normal</w:View>
  <w:Zoom>0</w:Zoom>
  <w:PunctuationKerning/>
  <w:ValidateAgainstSchemas/>
  <w:SaveIfXMLInvalid>false</w:SaveIfXMLInvalid>
  <w:IgnoreMixedContent>false</w:IgnoreMixedContent>
  <w:AlwaysShowPlaceholderText>false</w:AlwaysShowPlaceholderText>
  <w:Compatibility>
   <w:BreakWrappedTables/>
   <w:SnapToGridInCell/>
   <w:WrapTextWithPunct/>
   <w:UseAsianBreakRules/>
   <w:DontGrowAutofit/>
  </w:Compatibility>
  <w:BrowserLevel>MicrosoftInternetExplorer4</w:BrowserLevel>
 </w:WordDocument>
</xml><![endif]--><!--[if gte mso 9]><xml>
 <w:LatentStyles DefLockedState=""false"" LatentStyleCount=""156"">
 </w:LatentStyles>
</xml><![endif]--><style>
<!--
 /* Font Definitions */
 @font-face
	{font-family:SimSun;
	panose-1:2 1 6 0 3 1 1 1 1 1;
	mso-font-alt:&#23435;&#20307;;
	mso-font-charset:134;
	mso-generic-font-family:auto;
	mso-font-pitch:variable;
	mso-font-signature:3 135135232 16 0 262145 0;}
@font-face
	{font-family:Tahoma;
	panose-1:2 11 6 4 3 5 4 4 2 4;
	mso-font-charset:0;
	mso-generic-font-family:swiss;
	mso-font-pitch:variable;
	mso-font-signature:1627421319 -2147483648 8 0 66047 0;}
@font-face
	{font-family:""Jameel Noori Nastaleeq"";
	panose-1:2 0 5 3 0 0 0 0 0 4;
	mso-font-charset:0;
	mso-generic-font-family:auto;
	mso-font-pitch:variable;
	mso-font-signature:-2147475449 0 0 0 65 0;}
@font-face
	{font-family:""\@SimSun"";
	panose-1:2 1 6 0 3 1 1 1 1 1;
	mso-font-charset:134;
	mso-generic-font-family:auto;
	mso-font-pitch:variable;
	mso-font-signature:3 135135232 16 0 262145 0;}
 /* Style Definitions */
 p.MsoNormal, li.MsoNormal, div.MsoNormal
	{mso-style-parent:"""";
	margin:0cm;
	margin-bottom:.0001pt;
	text-align:justify;
	text-justify:kashida;
	text-kashida:0%;
	mso-pagination:widow-orphan;
	direction:rtl;
	unicode-bidi:embed;
	font-size:12.0pt;
	mso-bidi-font-size:10.0pt;
	font-family:Tahoma;
	mso-fareast-font-family:SimSun;}
@page Section1
	{size:612.0pt 792.0pt;
	margin:72.0pt 90.0pt 72.0pt 90.0pt;
	mso-header-margin:36.0pt;
	mso-footer-margin:36.0pt;
	mso-paper-source:0;}
div.Section1
	{page:Section1;}
-->
</style><!--[if gte mso 10]>
<style>
 /* Style Definitions */
 table.MsoNormalTable
	{mso-style-name:""Table Normal"";
	mso-tstyle-rowband-size:0;
	mso-tstyle-colband-size:0;
	mso-style-noshow:yes;
	mso-style-parent:"""";
	mso-padding-alt:0cm 5.4pt 0cm 5.4pt;
	mso-para-margin:0cm;
	mso-para-margin-bottom:.0001pt;
	mso-pagination:widow-orphan;
	font-size:10.0pt;
	font-family:""Times New Roman"";
	mso-ansi-language:#0400;
	mso-fareast-language:#0400;
	mso-bidi-language:#0400;}
</style>
<![endif]-->

</p><p class=""MsoNormal"" dir=""rtl""><span style=""font-family: &quot;Jameel Noori Nastaleeq&quot;;"" lang=""AR-SA"">فتوی: 1157=895/ھ</span></p><p class=""MsoNormal"" dir=""rtl""><span style=""font-family: &quot;Jameel Noori Nastaleeq&quot;;"" lang=""AR-SA""><o:p>&nbsp;</o:p></span></p><p class=""MsoNormal"" dir=""rtl""><span style=""font-family: &quot;Jameel Noori Nastaleeq&quot;;"" lang=""AR-SA"">ضابطہ در اتمام صلاة وقصر او آنست کہ گر
درجائے نیت اقامت پانزدہ روز می کند مقیم می شود وصلاة را تمام کند، وگر چنیں نیت
نہ داشتہ باشد بل کہ کم از پانزدہ روز اقامت می کند مقیم نمی شود، بل مسافر ماند
ونماز را قصر می کند۔</span></p><p class=""MsoNormal"" dir=""rtl""><span style=""font-family: &quot;Jameel Noori Nastaleeq&quot;;"" lang=""AR-SA"">اگر شما درکراچی اقامت کنید در امکنہٴ
مختلفہ ونیت اقامت پانزدہ روز می کنید مقیم می شوید وگر نیت شما درآں جا اقامت
پانزدہ روز نمی شود تو شما مقیم نمی شوید بل مسافرمی شوید، وصلاة را قصر می کنید۔</span></p><p class=""MsoNormal"" dir=""rtl""><span style=""font-family: &quot;Jameel Noori Nastaleeq&quot;;"" lang=""AR-SA"">وعوض کردن خانہ از محلہ در محلہٴ دیگر در
شہر واحد چنداں مضر نیست وحکم اقامت وسفر بدستور می ماند۔ </span></p><p class=""MsoNormal"" dir=""rtl""><span style=""font-family: &quot;Jameel Noori Nastaleeq&quot;;"" lang=""AR-SA""><span style="""">&nbsp;</span>وفي الدر: فیتم لو ینوي إقامة نصف شھر بموضع
واحد صالح لھا من مصر أو قریة فیقصر إن نوی الإقامة في أقل منہ أي في نصف شھر․ (</span><span style=""font-family: &quot;Jameel Noori Nastaleeq&quot;;"" lang=""FA"">۲/۶۰۴-۶۰۶</span><span style=""font-family: &quot;Jameel Noori Nastaleeq&quot;;"" lang=""AR-SA"">، شامي مع الدر، مط زکریا دیوبند)</span></p><p></p><br><span style=""font-size:1.2em"">
								<p><strong>واللہ تعالیٰ اعلم</strong></p>
								<br class=""clear"">
								<p><strong>دارالافتاء،</strong><br>دارالعلوم دیوبند</p>
							</span>",01-Sep-2020,12840,darulifta-deoband.com,عبادات,صلاة (نماز),"<div id=""recent_fatwas"" class=""container tab-pane active""><br>
					<ul class=""answer_detail"">
												<li>
																					<div class=""cate_sec"">
								<p class=""category_name"">
									<span>
										عبادات									</span> 
									&gt;&gt; 
									<span>
																		<a href=""https://darulifta-deoband.com/ur/category/n-a/MTk="">صلاة (نماز)</a>
									</span>
								</p>
								<p class=""quesid""><span class=""anser_id_urdu""> سوال نمبر: 12840</span><!--<span class=""country_urdu"">  : ملک</span> --></p>
							</div>
							<h2><u> عنوان:</u> <meta http-equiv=""Content-Type"" content=""text/html; charset=utf-8""><meta name=""ProgId"" content=""Word.Document""><meta name=""Generator"" content=""Microsoft Word 11""><meta name=""Originator"" content=""Microsoft Word 11""><link rel=""File-List"" href=""file:///G:\DOCUME~1\ADMINI~1\LOCALS~1\Temp\msohtml1\03\clip_filelist.xml""><!--[if gte mso 9]><xml>
 <w:WordDocument>
  <w:View>Normal</w:View>
  <w:Zoom>0</w:Zoom>
  <w:PunctuationKerning/>
  <w:ValidateAgainstSchemas/>
  <w:SaveIfXMLInvalid>false</w:SaveIfXMLInvalid>
  <w:IgnoreMixedContent>false</w:IgnoreMixedContent>
  <w:AlwaysShowPlaceholderText>false</w:AlwaysShowPlaceholderText>
  <w:Compatibility>
   <w:BreakWrappedTables/>
   <w:SnapToGridInCell/>
   <w:WrapTextWithPunct/>
   <w:UseAsianBreakRules/>
   <w:DontGrowAutofit/>
  </w:Compatibility>
  <w:BrowserLevel>MicrosoftInternetExplorer4</w:BrowserLevel>
 </w:WordDocument>
</xml><![endif]--><!--[if gte mso 9]><xml>
 <w:LatentStyles DefLockedState=""false"" LatentStyleCount=""156"">
 </w:LatentStyles>
</xml><![endif]--><style>
<!--
 /* Font Definitions */
 @font-face
	{font-family:SimSun;
	panose-1:2 1 6 0 3 1 1 1 1 1;
	mso-font-alt:&#23435;&#20307;;
	mso-font-charset:134;
	mso-generic-font-family:auto;
	mso-font-pitch:variable;
	mso-font-signature:3 135135232 16 0 262145 0;}
@font-face
	{font-family:Tahoma;
	panose-1:2 11 6 4 3 5 4 4 2 4;
	mso-font-charset:0;
	mso-generic-font-family:swiss;
	mso-font-pitch:variable;
	mso-font-signature:1627421319 -2147483648 8 0 66047 0;}
@font-face
	{font-family:""Jameel Noori Nastaleeq"";
	panose-1:2 0 5 3 0 0 0 0 0 4;
	mso-font-charset:0;
	mso-generic-font-family:auto;
	mso-font-pitch:variable;
	mso-font-signature:-2147475449 0 0 0 65 0;}
@font-face
	{font-family:""\@SimSun"";
	panose-1:2 1 6 0 3 1 1 1 1 1;
	mso-font-charset:134;
	mso-generic-font-family:auto;
	mso-font-pitch:variable;
	mso-font-signature:3 135135232 16 0 262145 0;}
 /* Style Definitions */
 p.MsoNormal, li.MsoNormal, div.MsoNormal
	{mso-style-parent:"""";
	margin:0cm;
	margin-bottom:.0001pt;
	text-align:justify;
	text-justify:kashida;
	text-kashida:0%;
	mso-pagination:widow-orphan;
	direction:rtl;
	unicode-bidi:embed;
	font-size:12.0pt;
	mso-bidi-font-size:10.0pt;
	font-family:Tahoma;
	mso-fareast-font-family:SimSun;}
@page Section1
	{size:612.0pt 792.0pt;
	margin:72.0pt 90.0pt 72.0pt 90.0pt;
	mso-header-margin:36.0pt;
	mso-footer-margin:36.0pt;
	mso-paper-source:0;}
div.Section1
	{page:Section1;}
-->
</style><!--[if gte mso 10]>
<style>
 /* Style Definitions */
 table.MsoNormalTable
	{mso-style-name:""Table Normal"";
	mso-tstyle-rowband-size:0;
	mso-tstyle-colband-size:0;
	mso-style-noshow:yes;
	mso-style-parent:"""";
	mso-padding-alt:0cm 5.4pt 0cm 5.4pt;
	mso-para-margin:0cm;
	mso-para-margin-bottom:.0001pt;
	mso-pagination:widow-orphan;
	font-size:10.0pt;
	font-family:""Times New Roman"";
	mso-ansi-language:#0400;
	mso-fareast-language:#0400;
	mso-bidi-language:#0400;}
</style>
<![endif]-->

<p class=""MsoNormal"" dir=""rtl""><span style=""font-family: &quot;Jameel Noori Nastaleeq&quot;;"" lang=""AR-SA"">تلاش مارا بہ درگاہ خود قبول بکند من
ابوعمر معاذ ہستم از ایران بہ کراچی ہجرت کردہ ام ودر حال جہادیا حکومت شیعہ ایران
ہستیم ودر کراچی مقیم می باشمین ولے چون جاسوس ہا ہمیشہ دنبال ما ہستند مخفیانہ
خانہ می گریم وگاہے مجبور می شویم خانہ را عوض کنیم آیا ما در ایں جا مسافر ہستیم یا
نہ؟<o:p></o:p></span></p>

</h2>
							<h2><u> سوال: </u> <meta http-equiv=""Content-Type"" content=""text/html; charset=utf-8""><meta name=""ProgId"" content=""Word.Document""><meta name=""Generator"" content=""Microsoft Word 11""><meta name=""Originator"" content=""Microsoft Word 11""><link rel=""File-List"" href=""file:///G:\DOCUME~1\ADMINI~1\LOCALS~1\Temp\msohtml1\03\clip_filelist.xml""><!--[if gte mso 9]><xml>
 <w:WordDocument>
  <w:View>Normal</w:View>
  <w:Zoom>0</w:Zoom>
  <w:PunctuationKerning/>
  <w:ValidateAgainstSchemas/>
  <w:SaveIfXMLInvalid>false</w:SaveIfXMLInvalid>
  <w:IgnoreMixedContent>false</w:IgnoreMixedContent>
  <w:AlwaysShowPlaceholderText>false</w:AlwaysShowPlaceholderText>
  <w:Compatibility>
   <w:BreakWrappedTables/>
   <w:SnapToGridInCell/>
   <w:WrapTextWithPunct/>
   <w:UseAsianBreakRules/>
   <w:DontGrowAutofit/>
  </w:Compatibility>
  <w:BrowserLevel>MicrosoftInternetExplorer4</w:BrowserLevel>
 </w:WordDocument>
</xml><![endif]--><!--[if gte mso 9]><xml>
 <w:LatentStyles DefLockedState=""false"" LatentStyleCount=""156"">
 </w:LatentStyles>
</xml><![endif]--><style>
<!--
 /* Font Definitions */
 @font-face
	{font-family:SimSun;
	panose-1:2 1 6 0 3 1 1 1 1 1;
	mso-font-alt:&#23435;&#20307;;
	mso-font-charset:134;
	mso-generic-font-family:auto;
	mso-font-pitch:variable;
	mso-font-signature:3 135135232 16 0 262145 0;}
@font-face
	{font-family:Tahoma;
	panose-1:2 11 6 4 3 5 4 4 2 4;
	mso-font-charset:0;
	mso-generic-font-family:swiss;
	mso-font-pitch:variable;
	mso-font-signature:1627421319 -2147483648 8 0 66047 0;}
@font-face
	{font-family:""Jameel Noori Nastaleeq"";
	panose-1:2 0 5 3 0 0 0 0 0 4;
	mso-font-charset:0;
	mso-generic-font-family:auto;
	mso-font-pitch:variable;
	mso-font-signature:-2147475449 0 0 0 65 0;}
@font-face
	{font-family:""\@SimSun"";
	panose-1:2 1 6 0 3 1 1 1 1 1;
	mso-font-charset:134;
	mso-generic-font-family:auto;
	mso-font-pitch:variable;
	mso-font-signature:3 135135232 16 0 262145 0;}
 /* Style Definitions */
 p.MsoNormal, li.MsoNormal, div.MsoNormal
	{mso-style-parent:"""";
	margin:0cm;
	margin-bottom:.0001pt;
	text-align:justify;
	text-justify:kashida;
	text-kashida:0%;
	mso-pagination:widow-orphan;
	direction:rtl;
	unicode-bidi:embed;
	font-size:12.0pt;
	mso-bidi-font-size:10.0pt;
	font-family:Tahoma;
	mso-fareast-font-family:SimSun;}
@page Section1
	{size:612.0pt 792.0pt;
	margin:72.0pt 90.0pt 72.0pt 90.0pt;
	mso-header-margin:36.0pt;
	mso-footer-margin:36.0pt;
	mso-paper-source:0;}
div.Section1
	{page:Section1;}
-->
</style><!--[if gte mso 10]>
<style>
 /* Style Definitions */
 table.MsoNormalTable
	{mso-style-name:""Table Normal"";
	mso-tstyle-rowband-size:0;
	mso-tstyle-colband-size:0;
	mso-style-noshow:yes;
	mso-style-parent:"""";
	mso-padding-alt:0cm 5.4pt 0cm 5.4pt;
	mso-para-margin:0cm;
	mso-para-margin-bottom:.0001pt;
	mso-pagination:widow-orphan;
	font-size:10.0pt;
	font-family:""Times New Roman"";
	mso-ansi-language:#0400;
	mso-fareast-language:#0400;
	mso-bidi-language:#0400;}
</style>
<![endif]-->

<p class=""MsoNormal"" dir=""rtl""><span style=""font-family: &quot;Jameel Noori Nastaleeq&quot;;"" lang=""AR-SA"">تلاش مارا بہ درگاہ خود قبول بکند من
ابوعمر معاذ ہستم از ایران بہ کراچی ہجرت کردہ ام ودر حال جہادیا حکومت شیعہ ایران
ہستیم ودر کراچی مقیم می باشمین ولے چون جاسوس ہا ہمیشہ دنبال ما ہستند مخفیانہ
خانہ می گریم وگاہے مجبور می شویم خانہ را عوض کنیم آیا ما در ایں جا مسافر ہستیم یا
نہ؟<o:p></o:p></span></p>

</h2>
							<p class=""fatwa_answer""><span class=""ans_urdu_id""> جواب نمبر: 12840</span><span style=""color:#efefef;display:none;"" class=""answer_date_urdu"">01-Sep-2020 : تاریخ اشاعت </span></p>
							<p>بسم الله الرحمن الرحيم</p>
							<p> <meta http-equiv=""Content-Type"" content=""text/html; charset=utf-8""><meta name=""ProgId"" content=""Word.Document""><meta name=""Generator"" content=""Microsoft Word 11""><meta name=""Originator"" content=""Microsoft Word 11""><link rel=""File-List"" href=""file:///G:\DOCUME~1\ADMINI~1\LOCALS~1\Temp\msohtml1\03\clip_filelist.xml""><!--[if gte mso 9]><xml>
 <w:WordDocument>
  <w:View>Normal</w:View>
  <w:Zoom>0</w:Zoom>
  <w:PunctuationKerning/>
  <w:ValidateAgainstSchemas/>
  <w:SaveIfXMLInvalid>false</w:SaveIfXMLInvalid>
  <w:IgnoreMixedContent>false</w:IgnoreMixedContent>
  <w:AlwaysShowPlaceholderText>false</w:AlwaysShowPlaceholderText>
  <w:Compatibility>
   <w:BreakWrappedTables/>
   <w:SnapToGridInCell/>
   <w:WrapTextWithPunct/>
   <w:UseAsianBreakRules/>
   <w:DontGrowAutofit/>
  </w:Compatibility>
  <w:BrowserLevel>MicrosoftInternetExplorer4</w:BrowserLevel>
 </w:WordDocument>
</xml><![endif]--><!--[if gte mso 9]><xml>
 <w:LatentStyles DefLockedState=""false"" LatentStyleCount=""156"">
 </w:LatentStyles>
</xml><![endif]--><style>
<!--
 /* Font Definitions */
 @font-face
	{font-family:SimSun;
	panose-1:2 1 6 0 3 1 1 1 1 1;
	mso-font-alt:&#23435;&#20307;;
	mso-font-charset:134;
	mso-generic-font-family:auto;
	mso-font-pitch:variable;
	mso-font-signature:3 135135232 16 0 262145 0;}
@font-face
	{font-family:Tahoma;
	panose-1:2 11 6 4 3 5 4 4 2 4;
	mso-font-charset:0;
	mso-generic-font-family:swiss;
	mso-font-pitch:variable;
	mso-font-signature:1627421319 -2147483648 8 0 66047 0;}
@font-face
	{font-family:""Jameel Noori Nastaleeq"";
	panose-1:2 0 5 3 0 0 0 0 0 4;
	mso-font-charset:0;
	mso-generic-font-family:auto;
	mso-font-pitch:variable;
	mso-font-signature:-2147475449 0 0 0 65 0;}
@font-face
	{font-family:""\@SimSun"";
	panose-1:2 1 6 0 3 1 1 1 1 1;
	mso-font-charset:134;
	mso-generic-font-family:auto;
	mso-font-pitch:variable;
	mso-font-signature:3 135135232 16 0 262145 0;}
 /* Style Definitions */
 p.MsoNormal, li.MsoNormal, div.MsoNormal
	{mso-style-parent:"""";
	margin:0cm;
	margin-bottom:.0001pt;
	text-align:justify;
	text-justify:kashida;
	text-kashida:0%;
	mso-pagination:widow-orphan;
	direction:rtl;
	unicode-bidi:embed;
	font-size:12.0pt;
	mso-bidi-font-size:10.0pt;
	font-family:Tahoma;
	mso-fareast-font-family:SimSun;}
@page Section1
	{size:612.0pt 792.0pt;
	margin:72.0pt 90.0pt 72.0pt 90.0pt;
	mso-header-margin:36.0pt;
	mso-footer-margin:36.0pt;
	mso-paper-source:0;}
div.Section1
	{page:Section1;}
-->
</style><!--[if gte mso 10]>
<style>
 /* Style Definitions */
 table.MsoNormalTable
	{mso-style-name:""Table Normal"";
	mso-tstyle-rowband-size:0;
	mso-tstyle-colband-size:0;
	mso-style-noshow:yes;
	mso-style-parent:"""";
	mso-padding-alt:0cm 5.4pt 0cm 5.4pt;
	mso-para-margin:0cm;
	mso-para-margin-bottom:.0001pt;
	mso-pagination:widow-orphan;
	font-size:10.0pt;
	font-family:""Times New Roman"";
	mso-ansi-language:#0400;
	mso-fareast-language:#0400;
	mso-bidi-language:#0400;}
</style>
<![endif]-->

</p><p class=""MsoNormal"" dir=""rtl""><span style=""font-family: &quot;Jameel Noori Nastaleeq&quot;;"" lang=""AR-SA"">فتوی: 1157=895/ھ</span></p>

<p class=""MsoNormal"" dir=""rtl""><span style=""font-family: &quot;Jameel Noori Nastaleeq&quot;;"" lang=""AR-SA""><o:p>&nbsp;</o:p></span></p>

<p class=""MsoNormal"" dir=""rtl""><span style=""font-family: &quot;Jameel Noori Nastaleeq&quot;;"" lang=""AR-SA"">ضابطہ در اتمام صلاة وقصر او آنست کہ گر
درجائے نیت اقامت پانزدہ روز می کند مقیم می شود وصلاة را تمام کند، وگر چنیں نیت
نہ داشتہ باشد بل کہ کم از پانزدہ روز اقامت می کند مقیم نمی شود، بل مسافر ماند
ونماز را قصر می کند۔</span></p>

<p class=""MsoNormal"" dir=""rtl""><span style=""font-family: &quot;Jameel Noori Nastaleeq&quot;;"" lang=""AR-SA"">اگر شما درکراچی اقامت کنید در امکنہٴ
مختلفہ ونیت اقامت پانزدہ روز می کنید مقیم می شوید وگر نیت شما درآں جا اقامت
پانزدہ روز نمی شود تو شما مقیم نمی شوید بل مسافرمی شوید، وصلاة را قصر می کنید۔</span></p>

<p class=""MsoNormal"" dir=""rtl""><span style=""font-family: &quot;Jameel Noori Nastaleeq&quot;;"" lang=""AR-SA"">وعوض کردن خانہ از محلہ در محلہٴ دیگر در
شہر واحد چنداں مضر نیست وحکم اقامت وسفر بدستور می ماند۔ </span></p>

<p class=""MsoNormal"" dir=""rtl""><span style=""font-family: &quot;Jameel Noori Nastaleeq&quot;;"" lang=""AR-SA""><span style="""">&nbsp;</span>وفي الدر: فیتم لو ینوي إقامة نصف شھر بموضع
واحد صالح لھا من مصر أو قریة فیقصر إن نوی الإقامة في أقل منہ أي في نصف شھر․ (</span><span style=""font-family: &quot;Jameel Noori Nastaleeq&quot;;"" lang=""FA"">۲/۶۰۴-۶۰۶</span><span style=""font-family: &quot;Jameel Noori Nastaleeq&quot;;"" lang=""AR-SA"">، شامي مع الدر، مط زکریا دیوبند)</span></p>

<p></p> 
							<br>
							<span style=""font-size:1.2em"">
								<p><strong>واللہ تعالیٰ اعلم</strong></p>
								<br class=""clear"">
								<p><strong>دارالافتاء،</strong><br>دارالعلوم دیوبند</p>
							</span>
						</li>
											</ul>
				</div>"
