link,title,question_html,answer_html,issued_at,fatwa_number,dar_ul_ifta,category_lvl_1,category_lvl_2,html_container
https://darulifta-deoband.com/home/ur/nikah-marriage/8029,مجھے نکاح کا مسنون طریقہ بتائیں؟ (۲) کیا نکاح کرنے میں بارات لے جانا یا کسی کی بارات میں شریک ہونا جائز ہے؟ (۳) اور کیا نکاح میں گھر کو زیادہ سجانا یا بارات بہت دھوم دھام سے لے جانا اور خوب لائٹ ، میوزک، باجہ، شور اور پٹاخہ ساتھ لے جانا صحیح ہے، او راس کا کیا گناہ ہوگا؟ قرآن اورحدیث کی روشنی میں جواب دیں۔,"<h2><u> سوال: </u> <p class=""MsoNormal"" dir=""rtl"" style=""MARGIN: 0in 0in 0pt""><font><span lang=""ER"" style="" mso-ansi-font-size: 12.0pt; mso-bidi-language: ER"">مجھے نکاح کا مسنون طریقہ بتائیں؟ (</span><span lang=""FA"" style="" mso-ansi-font-size: 12.0pt; mso-bidi-language: FA"">۲) </span><span lang=""ER"" style="" mso-ansi-font-size: 12.0pt; mso-bidi-language: ER"">کیا نکاح کرنے میں بارات لے جانا یا کسی کی بارات میں شریک ہونا جائز ہے؟ (</span><span lang=""FA"" style="" mso-ansi-font-size: 12.0pt; mso-bidi-language: FA"">۳) </span><span lang=""ER"" style="" mso-ansi-font-size: 12.0pt; mso-bidi-language: ER"">اور کیا نکاح میں گھر کو زیادہ سجانا یا بارات بہت دھوم دھام سے لے جانا اور خوب لائٹ ، میوزک، باجہ، شور اور پٹاخہ ساتھ لے جانا صحیح ہے، او راس کا کیا گناہ ہوگا؟ قرآن اورحدیث کی روشنی میں جواب دیں۔</span></font></p></h2>","<p>بسم الله الرحمن الرحيم</p><p> </p><p class=""MsoNormal"" dir=""rtl"" style=""MARGIN: 0in 0in 0pt""><span lang=""ER"" style="" mso-ansi-font-size: 12.0pt; mso-bidi-language: ER""><font>فتوی: 1251=1074/ل</font></span></p><p class=""MsoNormal"" dir=""rtl"" style=""MARGIN: 0in 0in 0pt""><span lang=""ER"" style="" mso-ansi-font-size: 12.0pt; mso-bidi-language: ER""><o:p><font>&nbsp;</font></o:p></span></p><p class=""MsoNormal"" dir=""rtl"" style=""MARGIN: 0in 0in 0pt""><font><span lang=""ER"" style="" mso-ansi-font-size: 12.0pt; mso-bidi-language: ER"">(</span><span lang=""FA"" style="" mso-ansi-font-size: 12.0pt; mso-bidi-language: FA"">۱) </span><span lang=""ER"" style="" mso-ansi-font-size: 12.0pt; mso-bidi-language: ER"">نکاح سادگی کے ساتھ کرنا چاہیے جب رشتہ نکاح پختہ ہوجائے تو لڑکے والے وقت مقررہ پر کچھ لوگوں کو لے کر وہاں چلے جائیں اور بہتر یہ ہے کہ وہ جمعہ کا دن ہو اور بعد نماز جمعہ نکاح ہوجائے اور سادگی کے ساتھ لڑکے والے لڑکی کو لے کر واپس آجائیں، اور زوجین کے ملاقات کے اگلے روز یا اس کے بعد سادہ انداز میں کچھ غرباء مساکین احباب واعزاء کو بلاکر حسب استطاعت کھانا تیار کرکے ولیمہ کے نام سے کھلادیاجائے، رسم ورواج کی بالکل پابندی نہ کی جائے اگر ?اسلامی شادی? کتاب مل جائے تو اس کا بار بار مطالعہ کرلیا جائے، اور اسی کے مطابق شادی کی جائے۔</span></font></p><p class=""MsoNormal"" dir=""rtl"" style=""MARGIN: 0in 0in 0pt""><font><span lang=""ER"" style="" mso-ansi-font-size: 12.0pt; mso-bidi-language: ER"">(</span><span lang=""FA"" style="" mso-ansi-font-size: 12.0pt; mso-bidi-language: FA"">۲) </span><span lang=""ER"" style="" mso-ansi-font-size: 12.0pt; mso-bidi-language: ER"">رسم و رواج کی پابندی اور ریا و تفاخر کے بغیر نیز لڑکی والوں کی اجازت کے بعد اگر کچھ لوگ چلے جائیں تو اس کی گنجائش ہے۔</span></font></p><span lang=""ER"" dir=""rtl"" style="" ; mso-ansi-font-size: 12.0pt; mso-bidi-language: ER; mso-fareast-font-family: SimSun; mso-ansi-language: EN-US; mso-fareast-language: EN-US"">(</span><span lang=""FA"" dir=""rtl"" style="" ; mso-ansi-font-size: 12.0pt; mso-bidi-language: FA; mso-fareast-font-family: SimSun; mso-ansi-language: EN-US; mso-fareast-language: EN-US"">۳) </span><span lang=""ER"" dir=""rtl"" style="" ; mso-ansi-font-size: 12.0pt; mso-bidi-language: ER; mso-fareast-font-family: SimSun; mso-ansi-language: EN-US; mso-fareast-language: EN-US"">یہ سب اسراف بے جا ہے، میوزک باجہ شور اور پٹاخہ کے ساتھ جانا ناجائز ہے، حدیث شریف میں گانے بجانے پر سخت وعید آئی ہے، مسلمانوں کو ان امور سے بالکلیہ احتراز کرنا چاہیے۔</span><p></p><br><span style=""font-size:1.2em"">
								<p><strong>واللہ تعالیٰ اعلم</strong></p>
								<br class=""clear"">
								<p><strong>دارالافتاء،</strong><br>دارالعلوم دیوبند</p>
							</span>",01-Sep-2020,8029,darulifta-deoband.com,معاشرت,نکاح,"<div id=""recent_fatwas"" class=""container tab-pane active""><br>
					<ul class=""answer_detail"">
												<li>
																					<div class=""cate_sec"">
								<p class=""category_name"">
									<span>
										معاشرت									</span> 
									&gt;&gt; 
									<span>
																		<a href=""https://darulifta-deoband.com/ur/category/n-a/Mjg="">نکاح</a>
									</span>
								</p>
								<p class=""quesid""><span class=""anser_id_urdu""> سوال نمبر: 8029</span><!--<span class=""country_urdu"">  : ملک</span> --></p>
							</div>
							<h2><u> عنوان:</u> <p class=""MsoNormal"" dir=""rtl"" style=""MARGIN: 0in 0in 0pt""><font><span lang=""ER"" style="" mso-ansi-font-size: 12.0pt; mso-bidi-language: ER"">مجھے نکاح کا مسنون طریقہ بتائیں؟ (</span><span lang=""FA"" style="" mso-ansi-font-size: 12.0pt; mso-bidi-language: FA"">۲) </span><span lang=""ER"" style="" mso-ansi-font-size: 12.0pt; mso-bidi-language: ER"">کیا نکاح کرنے میں بارات لے جانا یا کسی کی بارات میں شریک ہونا جائز ہے؟ (</span><span lang=""FA"" style="" mso-ansi-font-size: 12.0pt; mso-bidi-language: FA"">۳) </span><span lang=""ER"" style="" mso-ansi-font-size: 12.0pt; mso-bidi-language: ER"">اور کیا نکاح میں گھر کو زیادہ سجانا یا بارات بہت دھوم دھام سے لے جانا اور خوب لائٹ ، میوزک، باجہ، شور اور پٹاخہ ساتھ لے جانا صحیح ہے، او راس کا کیا گناہ ہوگا؟ قرآن اورحدیث کی روشنی میں جواب دیں۔</span></font></p></h2>
							<h2><u> سوال: </u> <p class=""MsoNormal"" dir=""rtl"" style=""MARGIN: 0in 0in 0pt""><font><span lang=""ER"" style="" mso-ansi-font-size: 12.0pt; mso-bidi-language: ER"">مجھے نکاح کا مسنون طریقہ بتائیں؟ (</span><span lang=""FA"" style="" mso-ansi-font-size: 12.0pt; mso-bidi-language: FA"">۲) </span><span lang=""ER"" style="" mso-ansi-font-size: 12.0pt; mso-bidi-language: ER"">کیا نکاح کرنے میں بارات لے جانا یا کسی کی بارات میں شریک ہونا جائز ہے؟ (</span><span lang=""FA"" style="" mso-ansi-font-size: 12.0pt; mso-bidi-language: FA"">۳) </span><span lang=""ER"" style="" mso-ansi-font-size: 12.0pt; mso-bidi-language: ER"">اور کیا نکاح میں گھر کو زیادہ سجانا یا بارات بہت دھوم دھام سے لے جانا اور خوب لائٹ ، میوزک، باجہ، شور اور پٹاخہ ساتھ لے جانا صحیح ہے، او راس کا کیا گناہ ہوگا؟ قرآن اورحدیث کی روشنی میں جواب دیں۔</span></font></p></h2>
							<p class=""fatwa_answer""><span class=""ans_urdu_id""> جواب نمبر: 8029</span><span style=""color:#efefef;display:none;"" class=""answer_date_urdu"">01-Sep-2020 : تاریخ اشاعت </span></p>
							<p>بسم الله الرحمن الرحيم</p>
							<p> </p><p class=""MsoNormal"" dir=""rtl"" style=""MARGIN: 0in 0in 0pt""><span lang=""ER"" style="" mso-ansi-font-size: 12.0pt; mso-bidi-language: ER""><font>فتوی: 1251=1074/ل</font></span></p>
<p class=""MsoNormal"" dir=""rtl"" style=""MARGIN: 0in 0in 0pt""><span lang=""ER"" style="" mso-ansi-font-size: 12.0pt; mso-bidi-language: ER""><o:p><font>&nbsp;</font></o:p></span></p>
<p class=""MsoNormal"" dir=""rtl"" style=""MARGIN: 0in 0in 0pt""><font><span lang=""ER"" style="" mso-ansi-font-size: 12.0pt; mso-bidi-language: ER"">(</span><span lang=""FA"" style="" mso-ansi-font-size: 12.0pt; mso-bidi-language: FA"">۱) </span><span lang=""ER"" style="" mso-ansi-font-size: 12.0pt; mso-bidi-language: ER"">نکاح سادگی کے ساتھ کرنا چاہیے جب رشتہ نکاح پختہ ہوجائے تو لڑکے والے وقت مقررہ پر کچھ لوگوں کو لے کر وہاں چلے جائیں اور بہتر یہ ہے کہ وہ جمعہ کا دن ہو اور بعد نماز جمعہ نکاح ہوجائے اور سادگی کے ساتھ لڑکے والے لڑکی کو لے کر واپس آجائیں، اور زوجین کے ملاقات کے اگلے روز یا اس کے بعد سادہ انداز میں کچھ غرباء مساکین احباب واعزاء کو بلاکر حسب استطاعت کھانا تیار کرکے ولیمہ کے نام سے کھلادیاجائے، رسم ورواج کی بالکل پابندی نہ کی جائے اگر ?اسلامی شادی? کتاب مل جائے تو اس کا بار بار مطالعہ کرلیا جائے، اور اسی کے مطابق شادی کی جائے۔</span></font></p>
<p class=""MsoNormal"" dir=""rtl"" style=""MARGIN: 0in 0in 0pt""><font><span lang=""ER"" style="" mso-ansi-font-size: 12.0pt; mso-bidi-language: ER"">(</span><span lang=""FA"" style="" mso-ansi-font-size: 12.0pt; mso-bidi-language: FA"">۲) </span><span lang=""ER"" style="" mso-ansi-font-size: 12.0pt; mso-bidi-language: ER"">رسم و رواج کی پابندی اور ریا و تفاخر کے بغیر نیز لڑکی والوں کی اجازت کے بعد اگر کچھ لوگ چلے جائیں تو اس کی گنجائش ہے۔</span></font></p><span lang=""ER"" dir=""rtl"" style="" ; mso-ansi-font-size: 12.0pt; mso-bidi-language: ER; mso-fareast-font-family: SimSun; mso-ansi-language: EN-US; mso-fareast-language: EN-US"">(</span><span lang=""FA"" dir=""rtl"" style="" ; mso-ansi-font-size: 12.0pt; mso-bidi-language: FA; mso-fareast-font-family: SimSun; mso-ansi-language: EN-US; mso-fareast-language: EN-US"">۳) </span><span lang=""ER"" dir=""rtl"" style="" ; mso-ansi-font-size: 12.0pt; mso-bidi-language: ER; mso-fareast-font-family: SimSun; mso-ansi-language: EN-US; mso-fareast-language: EN-US"">یہ سب اسراف بے جا ہے، میوزک باجہ شور اور پٹاخہ کے ساتھ جانا ناجائز ہے، حدیث شریف میں گانے بجانے پر سخت وعید آئی ہے، مسلمانوں کو ان امور سے بالکلیہ احتراز کرنا چاہیے۔</span><p></p> 
							<br>
							<span style=""font-size:1.2em"">
								<p><strong>واللہ تعالیٰ اعلم</strong></p>
								<br class=""clear"">
								<p><strong>دارالافتاء،</strong><br>دارالعلوم دیوبند</p>
							</span>
						</li>
											</ul>
				</div>"
https://darulifta-deoband.com/home/ur/nikah-marriage/7892,اگر والدین کو ان کی لڑکی کے لیے ان کی برادری کے علاوہ کوئی اچھا رشتہ مل جائے بشمول دینداری، سماجی رتبہ، تعلیم ،حلال آمدنی وغیرہ ،اس کے باوجود وہ اپنی برادری کا لڑکا پسند کریں جو کہ دیندار نہیں ہے اوروہ ایک بینک میں کام کرتا ہے (حرام آمدنی)؟ تو ان کوکون سے لڑکے کو پسند کرنا چاہیے اپنی لڑکی کے لیے؟ کیا فتوی ہے اگر وہ اس لڑکے کو پسند کریں جو کہ دیندار نہیں ہے اوراس کی آمدنی بھی حرام ہے؟,"<h2><u> سوال: </u> <p class=""MsoNormal"" dir=""rtl"" style=""MARGIN: 0in 0in 0pt""><span lang=""ER"" style="" mso-ansi-font-size: 12.0pt; mso-bidi-language: ER""><font>اگر والدین کو ان کی لڑکی کے لیے ان کی برادری کے علاوہ کوئی اچھا رشتہ مل جائے بشمول دینداری، سماجی رتبہ، تعلیم ،حلال آمدنی وغیرہ ،اس کے باوجود وہ اپنی برادری کا لڑکا پسند کریں جو کہ دیندار نہیں ہے اوروہ ایک بینک میں کام کرتا ہے (حرام آمدنی)؟ تو ان کوکون سے لڑکے کو پسند کرنا چاہیے اپنی لڑکی کے لیے؟ کیا فتوی ہے اگر وہ اس لڑکے کو پسند کریں جو کہ دیندار نہیں ہے اوراس کی آمدنی بھی حرام ہے؟</font></span></p></h2>","<p>بسم الله الرحمن الرحيم</p><p> </p><p class=""MsoNormal"" dir=""rtl"" style=""MARGIN: 0in 0in 0pt""><span lang=""ER"" style="" mso-ansi-font-size: 12.0pt; mso-bidi-language: ER""><font>فتوی: 1216=203/ل</font></span></p><p class=""MsoNormal"" dir=""rtl"" style=""MARGIN: 0in 0in 0pt""><span lang=""ER"" style="" mso-ansi-font-size: 12.0pt; mso-bidi-language: ER""><o:p><font>&nbsp;</font></o:p></span></p><p class=""MsoNormal"" dir=""rtl"" style=""MARGIN: 0in 0in 0pt""><span lang=""ER"" style="" mso-ansi-font-size: 12.0pt; mso-bidi-language: ER""><font>صورتِ مسئولہ میں لڑکی کے والدین کو دین دار حلال آمدنی والے لڑکے کا انتخاب کرنا چاہیے جو ہم کفو ہو، محض دنیاوی فائدہ کے لیے غیردین دار بینک میں کام کرنے والے لڑکے کا انتخاب کرنا درست نہیں۔</font></span></p><p></p><br><span style=""font-size:1.2em"">
								<p><strong>واللہ تعالیٰ اعلم</strong></p>
								<br class=""clear"">
								<p><strong>دارالافتاء،</strong><br>دارالعلوم دیوبند</p>
							</span>",01-Sep-2020,7892,darulifta-deoband.com,معاشرت,نکاح,"<div id=""recent_fatwas"" class=""container tab-pane active""><br>
					<ul class=""answer_detail"">
												<li>
																					<div class=""cate_sec"">
								<p class=""category_name"">
									<span>
										معاشرت									</span> 
									&gt;&gt; 
									<span>
																		<a href=""https://darulifta-deoband.com/ur/category/n-a/Mjg="">نکاح</a>
									</span>
								</p>
								<p class=""quesid""><span class=""anser_id_urdu""> سوال نمبر: 7892</span><!--<span class=""country_urdu"">  : ملک</span> --></p>
							</div>
							<h2><u> عنوان:</u> <p class=""MsoNormal"" dir=""rtl"" style=""MARGIN: 0in 0in 0pt""><span lang=""ER"" style="" mso-ansi-font-size: 12.0pt; mso-bidi-language: ER""><font>اگر والدین کو ان کی لڑکی کے لیے ان کی برادری کے علاوہ کوئی اچھا رشتہ مل جائے بشمول دینداری، سماجی رتبہ، تعلیم ،حلال آمدنی وغیرہ ،اس کے باوجود وہ اپنی برادری کا لڑکا پسند کریں جو کہ دیندار نہیں ہے اوروہ ایک بینک میں کام کرتا ہے (حرام آمدنی)؟ تو ان کوکون سے لڑکے کو پسند کرنا چاہیے اپنی لڑکی کے لیے؟ کیا فتوی ہے اگر وہ اس لڑکے کو پسند کریں جو کہ دیندار نہیں ہے اوراس کی آمدنی بھی حرام ہے؟</font></span></p></h2>
							<h2><u> سوال: </u> <p class=""MsoNormal"" dir=""rtl"" style=""MARGIN: 0in 0in 0pt""><span lang=""ER"" style="" mso-ansi-font-size: 12.0pt; mso-bidi-language: ER""><font>اگر والدین کو ان کی لڑکی کے لیے ان کی برادری کے علاوہ کوئی اچھا رشتہ مل جائے بشمول دینداری، سماجی رتبہ، تعلیم ،حلال آمدنی وغیرہ ،اس کے باوجود وہ اپنی برادری کا لڑکا پسند کریں جو کہ دیندار نہیں ہے اوروہ ایک بینک میں کام کرتا ہے (حرام آمدنی)؟ تو ان کوکون سے لڑکے کو پسند کرنا چاہیے اپنی لڑکی کے لیے؟ کیا فتوی ہے اگر وہ اس لڑکے کو پسند کریں جو کہ دیندار نہیں ہے اوراس کی آمدنی بھی حرام ہے؟</font></span></p></h2>
							<p class=""fatwa_answer""><span class=""ans_urdu_id""> جواب نمبر: 7892</span><span style=""color:#efefef;display:none;"" class=""answer_date_urdu"">01-Sep-2020 : تاریخ اشاعت </span></p>
							<p>بسم الله الرحمن الرحيم</p>
							<p> </p><p class=""MsoNormal"" dir=""rtl"" style=""MARGIN: 0in 0in 0pt""><span lang=""ER"" style="" mso-ansi-font-size: 12.0pt; mso-bidi-language: ER""><font>فتوی: 1216=203/ل</font></span></p>
<p class=""MsoNormal"" dir=""rtl"" style=""MARGIN: 0in 0in 0pt""><span lang=""ER"" style="" mso-ansi-font-size: 12.0pt; mso-bidi-language: ER""><o:p><font>&nbsp;</font></o:p></span></p>
<p class=""MsoNormal"" dir=""rtl"" style=""MARGIN: 0in 0in 0pt""><span lang=""ER"" style="" mso-ansi-font-size: 12.0pt; mso-bidi-language: ER""><font>صورتِ مسئولہ میں لڑکی کے والدین کو دین دار حلال آمدنی والے لڑکے کا انتخاب کرنا چاہیے جو ہم کفو ہو، محض دنیاوی فائدہ کے لیے غیردین دار بینک میں کام کرنے والے لڑکے کا انتخاب کرنا درست نہیں۔</font></span></p><p></p> 
							<br>
							<span style=""font-size:1.2em"">
								<p><strong>واللہ تعالیٰ اعلم</strong></p>
								<br class=""clear"">
								<p><strong>دارالافتاء،</strong><br>دارالعلوم دیوبند</p>
							</span>
						</li>
											</ul>
				</div>"
https://darulifta-deoband.com/home/ur/nikah-marriage/7885,میں اپنے خاندان کے ایک لڑکے کو پسند کرتی ہوں اوراس سے شادی کرنا چاہتی ہوں۔ میں نے تین بار استخارہ کیا اور تینوں بار اس کے بارے میں آیا۔ اب مجھے کیا کرنا چاہیے؟ کیا میں اس کے بارے میں اپنے ماں باپ سے بات کروں یا اس کی طرف سے رشتہ بھیجنے کا انتظار کروں،جب کہ اس نے ابھی تک ایسی کوئی بات نہیں کی؟,"<h2><u> سوال: </u> <p class=""MsoNormal"" dir=""rtl""><span lang=""AR-SA"" style="" mso-ansi-font-size: 12.0pt""><font>میں اپنے خاندان کے ایک لڑکے کو پسند کرتی ہوں اوراس سے شادی کرنا چاہتی ہوں۔ میں نے تین بار استخارہ کیا اور تینوں بار اس کے بارے میں آیا۔ اب مجھے کیا کرنا چاہیے؟ کیا میں اس کے بارے میں اپنے ماں باپ سے بات کروں یا اس کی طرف سے رشتہ بھیجنے کا انتظار کروں،جب کہ اس نے ابھی تک ایسی کوئی بات نہیں کی؟</font></span></p></h2>","<p>بسم الله الرحمن الرحيم</p><p> </p><p class=""MsoNormal"" dir=""rtl""><span lang=""AR-SA"" style="" mso-ansi-font-size: 12.0pt""><font>فتوی: 998=998/ م</font></span></p><p class=""MsoNormal"" dir=""rtl""><span lang=""AR-SA"" style="" mso-ansi-font-size: 12.0pt""><o:p><font>&nbsp;</font></o:p></span></p><p class=""MsoNormal"" dir=""rtl""><span lang=""AR-SA"" style="" mso-ansi-font-size: 12.0pt""><font>آپ اس بارے میں اپنے والدین سے مشورہ کریں، اپنے استخارہ کا حال بھی بیان کردیں، والدین کی اجازت ومرضی کے بغیر کوئی قدم نہ اٹھائیں، ان شاء اللہ اسی میں خیر و برکت ہوگی۔</font></span></p><p></p><br><span style=""font-size:1.2em"">
								<p><strong>واللہ تعالیٰ اعلم</strong></p>
								<br class=""clear"">
								<p><strong>دارالافتاء،</strong><br>دارالعلوم دیوبند</p>
							</span>",01-Sep-2020,7885,darulifta-deoband.com,معاشرت,نکاح,"<div id=""recent_fatwas"" class=""container tab-pane active""><br>
					<ul class=""answer_detail"">
												<li>
																					<div class=""cate_sec"">
								<p class=""category_name"">
									<span>
										معاشرت									</span> 
									&gt;&gt; 
									<span>
																		<a href=""https://darulifta-deoband.com/ur/category/n-a/Mjg="">نکاح</a>
									</span>
								</p>
								<p class=""quesid""><span class=""anser_id_urdu""> سوال نمبر: 7885</span><!--<span class=""country_urdu"">  : ملک</span> --></p>
							</div>
							<h2><u> عنوان:</u> <p class=""MsoNormal"" dir=""rtl""><span lang=""AR-SA"" style="" mso-ansi-font-size: 12.0pt""><font>میں اپنے خاندان کے ایک لڑکے کو پسند کرتی ہوں اوراس سے شادی کرنا چاہتی ہوں۔ میں نے تین بار استخارہ کیا اور تینوں بار اس کے بارے میں آیا۔ اب مجھے کیا کرنا چاہیے؟ کیا میں اس کے بارے میں اپنے ماں باپ سے بات کروں یا اس کی طرف سے رشتہ بھیجنے کا انتظار کروں،جب کہ اس نے ابھی تک ایسی کوئی بات نہیں کی؟</font></span></p></h2>
							<h2><u> سوال: </u> <p class=""MsoNormal"" dir=""rtl""><span lang=""AR-SA"" style="" mso-ansi-font-size: 12.0pt""><font>میں اپنے خاندان کے ایک لڑکے کو پسند کرتی ہوں اوراس سے شادی کرنا چاہتی ہوں۔ میں نے تین بار استخارہ کیا اور تینوں بار اس کے بارے میں آیا۔ اب مجھے کیا کرنا چاہیے؟ کیا میں اس کے بارے میں اپنے ماں باپ سے بات کروں یا اس کی طرف سے رشتہ بھیجنے کا انتظار کروں،جب کہ اس نے ابھی تک ایسی کوئی بات نہیں کی؟</font></span></p></h2>
							<p class=""fatwa_answer""><span class=""ans_urdu_id""> جواب نمبر: 7885</span><span style=""color:#efefef;display:none;"" class=""answer_date_urdu"">01-Sep-2020 : تاریخ اشاعت </span></p>
							<p>بسم الله الرحمن الرحيم</p>
							<p> </p><p class=""MsoNormal"" dir=""rtl""><span lang=""AR-SA"" style="" mso-ansi-font-size: 12.0pt""><font>فتوی: 998=998/ م</font></span></p>
<p class=""MsoNormal"" dir=""rtl""><span lang=""AR-SA"" style="" mso-ansi-font-size: 12.0pt""><o:p><font>&nbsp;</font></o:p></span></p>
<p class=""MsoNormal"" dir=""rtl""><span lang=""AR-SA"" style="" mso-ansi-font-size: 12.0pt""><font>آپ اس بارے میں اپنے والدین سے مشورہ کریں، اپنے استخارہ کا حال بھی بیان کردیں، والدین کی اجازت ومرضی کے بغیر کوئی قدم نہ اٹھائیں، ان شاء اللہ اسی میں خیر و برکت ہوگی۔</font></span></p><p></p> 
							<br>
							<span style=""font-size:1.2em"">
								<p><strong>واللہ تعالیٰ اعلم</strong></p>
								<br class=""clear"">
								<p><strong>دارالافتاء،</strong><br>دارالعلوم دیوبند</p>
							</span>
						</li>
											</ul>
				</div>"
https://darulifta-deoband.com/home/ur/nikah-marriage/7833,دارالعلوم دیوبند سے بڑی گہری عقیدت اور والہانہ محبت ہے۔ خط ہذا کا بھی اول مقصد تو اسی محبت و عقیدت کا اظہار ہے۔ ساتھ ہی ساتھ آپ سے گزارش ہے کہ تجدید نکاح کا طریقہ اور وجوہات بیان فرماکر احسان فرمائیں۔,"<h2><u> سوال: </u> <p class=""MsoNormal"" dir=""rtl""><span lang=""ER"" style="" mso-ansi-font-size: 12.0pt; mso-bidi-language: ER""><font>دارالعلوم دیوبند سے بڑی گہری عقیدت اور والہانہ محبت ہے۔ خط ہذا کا بھی اول مقصد تو اسی محبت و عقیدت کا اظہار ہے۔ ساتھ ہی ساتھ آپ سے گزارش ہے کہ تجدید نکاح کا طریقہ اور وجوہات بیان فرماکر احسان فرمائیں۔</font></span></p></h2>","<p>بسم الله الرحمن الرحيم</p><p> </p><p class=""MsoNormal"" dir=""rtl""><span lang=""ER"" style="" mso-ansi-font-size: 12.0pt; mso-bidi-language: ER""><font>فتوی: 2030/ ب= 306/ تب</font></span></p><p class=""MsoNormal"" dir=""rtl""><span lang=""ER"" style="" mso-ansi-font-size: 12.0pt; mso-bidi-language: ER""><o:p><font>&nbsp;</font></o:p></span></p><span lang=""ER"" dir=""rtl"" style="" ; mso-ansi-font-size: 12.0pt; mso-bidi-language: ER; mso-fareast-font-family: SimSun; mso-ansi-language: EN-US; mso-fareast-language: EN-US"">جس طرح سنت کے مطابق نکاح ہوتا ہے کہ بیوی سے اجازت نکاح کی لی جاتی ہے اس کے بعد قاضی نکاح پڑھائے، نئے مہر کے ساتھ۔ اور شوہر قبول کرے دوبارہ نکاح پڑھانے کو تجدید نکاح کہتے ہیں۔ اس کے وجوہات میں ایک وجہ یہ ہے کہ مثلاً کسی نے کلمہٴ کفر کہہ دیا (معاذ اللہ) یا کسی نے اپنی بیوی کو ایک طلاق بائن دیدی۔ یا ایک طلاق رجعی دی لیکن عدت کے اندر رجعت نہیں کی اور عدت پوری ہوگئی تو وہ بائنہ ہوگئی تو اس صورت میں بیوی کو دوبارہ رکھنے کے لیے تجدید نکاح کرنا ضروری ہوتا ہے۔</span><p></p><br><span style=""font-size:1.2em"">
								<p><strong>واللہ تعالیٰ اعلم</strong></p>
								<br class=""clear"">
								<p><strong>دارالافتاء،</strong><br>دارالعلوم دیوبند</p>
							</span>",01-Sep-2020,7833,darulifta-deoband.com,معاشرت,نکاح,"<div id=""recent_fatwas"" class=""container tab-pane active""><br>
					<ul class=""answer_detail"">
												<li>
																					<div class=""cate_sec"">
								<p class=""category_name"">
									<span>
										معاشرت									</span> 
									&gt;&gt; 
									<span>
																		<a href=""https://darulifta-deoband.com/ur/category/n-a/Mjg="">نکاح</a>
									</span>
								</p>
								<p class=""quesid""><span class=""anser_id_urdu""> سوال نمبر: 7833</span><!--<span class=""country_urdu"">  : ملک</span> --></p>
							</div>
							<h2><u> عنوان:</u> <p class=""MsoNormal"" dir=""rtl""><span lang=""ER"" style="" mso-ansi-font-size: 12.0pt; mso-bidi-language: ER""><font>دارالعلوم دیوبند سے بڑی گہری عقیدت اور والہانہ محبت ہے۔ خط ہذا کا بھی اول مقصد تو اسی محبت و عقیدت کا اظہار ہے۔ ساتھ ہی ساتھ آپ سے گزارش ہے کہ تجدید نکاح کا طریقہ اور وجوہات بیان فرماکر احسان فرمائیں۔</font></span></p></h2>
							<h2><u> سوال: </u> <p class=""MsoNormal"" dir=""rtl""><span lang=""ER"" style="" mso-ansi-font-size: 12.0pt; mso-bidi-language: ER""><font>دارالعلوم دیوبند سے بڑی گہری عقیدت اور والہانہ محبت ہے۔ خط ہذا کا بھی اول مقصد تو اسی محبت و عقیدت کا اظہار ہے۔ ساتھ ہی ساتھ آپ سے گزارش ہے کہ تجدید نکاح کا طریقہ اور وجوہات بیان فرماکر احسان فرمائیں۔</font></span></p></h2>
							<p class=""fatwa_answer""><span class=""ans_urdu_id""> جواب نمبر: 7833</span><span style=""color:#efefef;display:none;"" class=""answer_date_urdu"">01-Sep-2020 : تاریخ اشاعت </span></p>
							<p>بسم الله الرحمن الرحيم</p>
							<p> </p><p class=""MsoNormal"" dir=""rtl""><span lang=""ER"" style="" mso-ansi-font-size: 12.0pt; mso-bidi-language: ER""><font>فتوی: 2030/ ب= 306/ تب</font></span></p>
<p class=""MsoNormal"" dir=""rtl""><span lang=""ER"" style="" mso-ansi-font-size: 12.0pt; mso-bidi-language: ER""><o:p><font>&nbsp;</font></o:p></span></p><span lang=""ER"" dir=""rtl"" style="" ; mso-ansi-font-size: 12.0pt; mso-bidi-language: ER; mso-fareast-font-family: SimSun; mso-ansi-language: EN-US; mso-fareast-language: EN-US"">جس طرح سنت کے مطابق نکاح ہوتا ہے کہ بیوی سے اجازت نکاح کی لی جاتی ہے اس کے بعد قاضی نکاح پڑھائے، نئے مہر کے ساتھ۔ اور شوہر قبول کرے دوبارہ نکاح پڑھانے کو تجدید نکاح کہتے ہیں۔ اس کے وجوہات میں ایک وجہ یہ ہے کہ مثلاً کسی نے کلمہٴ کفر کہہ دیا (معاذ اللہ) یا کسی نے اپنی بیوی کو ایک طلاق بائن دیدی۔ یا ایک طلاق رجعی دی لیکن عدت کے اندر رجعت نہیں کی اور عدت پوری ہوگئی تو وہ بائنہ ہوگئی تو اس صورت میں بیوی کو دوبارہ رکھنے کے لیے تجدید نکاح کرنا ضروری ہوتا ہے۔</span><p></p> 
							<br>
							<span style=""font-size:1.2em"">
								<p><strong>واللہ تعالیٰ اعلم</strong></p>
								<br class=""clear"">
								<p><strong>دارالافتاء،</strong><br>دارالعلوم دیوبند</p>
							</span>
						</li>
											</ul>
				</div>"
https://darulifta-deoband.com/home/ur/nikah-marriage/7831,کیا شادی سے پہلے لڑکا لڑکی کودیکھ سکتا ہے؟ کیا یہ مناسب ہے کہ لڑکا لڑکی سے بات چیت کرے جب کہ رشتہ کی بات چل رہی ہو؟ (۲) کیا ایک نفل نماز کئی نیتوں کے ساتھ پڑھ سکتے ہیں ؟ مثلاً دو رکعت نفل وضو، حاجت، توبہ، اشراق کیا اس بات کی گنجائش ہے؟,"<h2><u> سوال: </u> <p class=""MsoNormal"" dir=""rtl""><font><span lang=""ER"" style="" mso-bidi-language: ER; mso-ansi-font-size: 12.0pt"">کیا شادی سے پہلے لڑکا لڑکی کودیکھ سکتا ہے؟ کیا یہ مناسب ہے کہ لڑکا لڑکی سے بات چیت کرے جب کہ رشتہ کی بات چل رہی ہو؟ (</span><span lang=""FA"" style="" mso-bidi-language: FA; mso-ansi-font-size: 12.0pt"">۲) </span><span lang=""ER"" style="" mso-bidi-language: ER; mso-ansi-font-size: 12.0pt"">کیا ایک نفل نماز کئی نیتوں کے ساتھ پڑھ سکتے ہیں ؟ مثلاً دو رکعت نفل وضو، حاجت، توبہ، اشراق کیا اس بات کی گنجائش ہے؟</span></font></p></h2>","<p>بسم الله الرحمن الرحيم</p><p> </p><p class=""MsoNormal"" dir=""rtl""><span lang=""ER"" style="" mso-bidi-language: ER; mso-ansi-font-size: 12.0pt""><font>فتوی: 1800=1504/ ب</font></span></p><p class=""MsoNormal"" dir=""rtl""><span lang=""ER"" style="" mso-bidi-language: ER; mso-ansi-font-size: 12.0pt""><o:p><font>&nbsp;</font></o:p></span></p><p class=""MsoNormal"" dir=""rtl""><span lang=""ER"" style="" mso-bidi-language: ER; mso-ansi-font-size: 12.0pt""><font>جی ہاں اچانک آتے جاتے دیکھ سکتا ہے۔ مستقل دیکھنے کے لیے اپنی والدہ، خالہ، بھابھی، بہن وغیرہ کو بھیج دے۔ یہ سب کچھ دیکھ کر یعنی صورت، چال چلن بات چیت وغیرہ دیکھ کر صحیح رپورٹ دیں گی۔ </font></span></p><p class=""MsoNormal"" dir=""rtl""><font><span lang=""ER"" style="" mso-bidi-language: ER; mso-ansi-font-size: 12.0pt"">(</span><span lang=""FA"" style="" mso-bidi-language: FA; mso-ansi-font-size: 12.0pt"">۲) </span><span lang=""ER"" style="" mso-bidi-language: ER; mso-ansi-font-size: 12.0pt"">جی ہاں پڑھ سکتے ہیں۔</span></font></p><p></p><br><span style=""font-size:1.2em"">
								<p><strong>واللہ تعالیٰ اعلم</strong></p>
								<br class=""clear"">
								<p><strong>دارالافتاء،</strong><br>دارالعلوم دیوبند</p>
							</span>",01-Sep-2020,7831,darulifta-deoband.com,معاشرت,نکاح,"<div id=""recent_fatwas"" class=""container tab-pane active""><br>
					<ul class=""answer_detail"">
												<li>
																					<div class=""cate_sec"">
								<p class=""category_name"">
									<span>
										معاشرت									</span> 
									&gt;&gt; 
									<span>
																		<a href=""https://darulifta-deoband.com/ur/category/n-a/Mjg="">نکاح</a>
									</span>
								</p>
								<p class=""quesid""><span class=""anser_id_urdu""> سوال نمبر: 7831</span><!--<span class=""country_urdu"">  : ملک</span> --></p>
							</div>
							<h2><u> عنوان:</u> <p class=""MsoNormal"" dir=""rtl""><font><span lang=""ER"" style="" mso-bidi-language: ER; mso-ansi-font-size: 12.0pt"">کیا شادی سے پہلے لڑکا لڑکی کودیکھ سکتا ہے؟ کیا یہ مناسب ہے کہ لڑکا لڑکی سے بات چیت کرے جب کہ رشتہ کی بات چل رہی ہو؟ (</span><span lang=""FA"" style="" mso-bidi-language: FA; mso-ansi-font-size: 12.0pt"">۲) </span><span lang=""ER"" style="" mso-bidi-language: ER; mso-ansi-font-size: 12.0pt"">کیا ایک نفل نماز کئی نیتوں کے ساتھ پڑھ سکتے ہیں ؟ مثلاً دو رکعت نفل وضو، حاجت، توبہ، اشراق کیا اس بات کی گنجائش ہے؟</span></font></p></h2>
							<h2><u> سوال: </u> <p class=""MsoNormal"" dir=""rtl""><font><span lang=""ER"" style="" mso-bidi-language: ER; mso-ansi-font-size: 12.0pt"">کیا شادی سے پہلے لڑکا لڑکی کودیکھ سکتا ہے؟ کیا یہ مناسب ہے کہ لڑکا لڑکی سے بات چیت کرے جب کہ رشتہ کی بات چل رہی ہو؟ (</span><span lang=""FA"" style="" mso-bidi-language: FA; mso-ansi-font-size: 12.0pt"">۲) </span><span lang=""ER"" style="" mso-bidi-language: ER; mso-ansi-font-size: 12.0pt"">کیا ایک نفل نماز کئی نیتوں کے ساتھ پڑھ سکتے ہیں ؟ مثلاً دو رکعت نفل وضو، حاجت، توبہ، اشراق کیا اس بات کی گنجائش ہے؟</span></font></p></h2>
							<p class=""fatwa_answer""><span class=""ans_urdu_id""> جواب نمبر: 7831</span><span style=""color:#efefef;display:none;"" class=""answer_date_urdu"">01-Sep-2020 : تاریخ اشاعت </span></p>
							<p>بسم الله الرحمن الرحيم</p>
							<p> </p><p class=""MsoNormal"" dir=""rtl""><span lang=""ER"" style="" mso-bidi-language: ER; mso-ansi-font-size: 12.0pt""><font>فتوی: 1800=1504/ ب</font></span></p>
<p class=""MsoNormal"" dir=""rtl""><span lang=""ER"" style="" mso-bidi-language: ER; mso-ansi-font-size: 12.0pt""><o:p><font>&nbsp;</font></o:p></span></p>
<p class=""MsoNormal"" dir=""rtl""><span lang=""ER"" style="" mso-bidi-language: ER; mso-ansi-font-size: 12.0pt""><font>جی ہاں اچانک آتے جاتے دیکھ سکتا ہے۔ مستقل دیکھنے کے لیے اپنی والدہ، خالہ، بھابھی، بہن وغیرہ کو بھیج دے۔ یہ سب کچھ دیکھ کر یعنی صورت، چال چلن بات چیت وغیرہ دیکھ کر صحیح رپورٹ دیں گی۔ </font></span></p>
<p class=""MsoNormal"" dir=""rtl""><font><span lang=""ER"" style="" mso-bidi-language: ER; mso-ansi-font-size: 12.0pt"">(</span><span lang=""FA"" style="" mso-bidi-language: FA; mso-ansi-font-size: 12.0pt"">۲) </span><span lang=""ER"" style="" mso-bidi-language: ER; mso-ansi-font-size: 12.0pt"">جی ہاں پڑھ سکتے ہیں۔</span></font></p><p></p> 
							<br>
							<span style=""font-size:1.2em"">
								<p><strong>واللہ تعالیٰ اعلم</strong></p>
								<br class=""clear"">
								<p><strong>دارالافتاء،</strong><br>دارالعلوم دیوبند</p>
							</span>
						</li>
											</ul>
				</div>"
https://darulifta-deoband.com/home/ur/nikah-marriage/7728,اگر کوئی شخص شادی شدہ ہے اوراس کی بیوی کہتی ہے کہ طبی وجوہات کی بناء پر وہ جماع نہیں کرواسکتی ہے اس کے بعد اس کا شوہر اپنے ہی ہاتھ سے سیکس کی تکمیل کرتا ہے تو کیا اسلام میں شادی کے بعد ایسا کرنا جائز ہے؟,"<h2><u> سوال: </u> <p class=""MsoNormal"" dir=""rtl""><span lang=""AR-SA"" style="" mso-ansi-font-size: 12.0pt""><font>اگر کوئی شخص شادی شدہ ہے اوراس کی بیوی کہتی ہے کہ طبی وجوہات کی بناء پر وہ جماع نہیں کرواسکتی ہے اس کے بعد اس کا شوہر اپنے ہی ہاتھ سے سیکس کی تکمیل کرتا ہے تو کیا اسلام میں شادی کے بعد ایسا کرنا جائز ہے؟</font></span></p></h2>","<p>بسم الله الرحمن الرحيم</p><p> </p><p class=""MsoNormal"" dir=""rtl""><span lang=""AR-SA"" style="" mso-ansi-font-size: 12.0pt""><font>فتوی: 984=984/ م</font></span></p><p class=""MsoNormal"" dir=""rtl""><span lang=""AR-SA"" style="" mso-ansi-font-size: 12.0pt""><o:p><font>&nbsp;</font></o:p></span></p><p class=""MsoNormal"" dir=""rtl""><span lang=""AR-SA"" style="" mso-ansi-font-size: 12.0pt""><font>شوہر اپنے ہی ہاتھ سے سیکس کی تکمیل کرتا ہے، اس سے مراد اگر یہ ہے کہ شوہر اپنے ہاتھ سے اپنی منی خارج کرتا ہے یعنی مشت زنی کرتا ہے تو ایسا کرنا جائز نہیں، بیوی کے ہاتھ سے کبھی کروالیا تو گنجائش ہے، لیکن اس کی عادت نہ بنائیں اور بیوی کا طبی علاج کروائیں۔ اگر بیوی طبی علاج کے لیے بھی تیار نہ ہو اور دوسری شادی کی استطاعت ہو تو دوسری شادی کرلیں۔</font></span></p><p></p><br><span style=""font-size:1.2em"">
								<p><strong>واللہ تعالیٰ اعلم</strong></p>
								<br class=""clear"">
								<p><strong>دارالافتاء،</strong><br>دارالعلوم دیوبند</p>
							</span>",28-Aug-2020,7728,darulifta-deoband.com,معاشرت,نکاح,"<div id=""recent_fatwas"" class=""container tab-pane active""><br>
					<ul class=""answer_detail"">
												<li>
																					<div class=""cate_sec"">
								<p class=""category_name"">
									<span>
										معاشرت									</span> 
									&gt;&gt; 
									<span>
																		<a href=""https://darulifta-deoband.com/ur/category/n-a/Mjg="">نکاح</a>
									</span>
								</p>
								<p class=""quesid""><span class=""anser_id_urdu""> سوال نمبر: 7728</span><!--<span class=""country_urdu"">  : ملک</span> --></p>
							</div>
							<h2><u> عنوان:</u> <p class=""MsoNormal"" dir=""rtl""><span lang=""AR-SA"" style="" mso-ansi-font-size: 12.0pt""><font>اگر کوئی شخص شادی شدہ ہے اوراس کی بیوی کہتی ہے کہ طبی وجوہات کی بناء پر وہ جماع نہیں کرواسکتی ہے اس کے بعد اس کا شوہر اپنے ہی ہاتھ سے سیکس کی تکمیل کرتا ہے تو کیا اسلام میں شادی کے بعد ایسا کرنا جائز ہے؟</font></span></p></h2>
							<h2><u> سوال: </u> <p class=""MsoNormal"" dir=""rtl""><span lang=""AR-SA"" style="" mso-ansi-font-size: 12.0pt""><font>اگر کوئی شخص شادی شدہ ہے اوراس کی بیوی کہتی ہے کہ طبی وجوہات کی بناء پر وہ جماع نہیں کرواسکتی ہے اس کے بعد اس کا شوہر اپنے ہی ہاتھ سے سیکس کی تکمیل کرتا ہے تو کیا اسلام میں شادی کے بعد ایسا کرنا جائز ہے؟</font></span></p></h2>
							<p class=""fatwa_answer""><span class=""ans_urdu_id""> جواب نمبر: 7728</span><span style=""color:#efefef;display:none;"" class=""answer_date_urdu"">28-Aug-2020 : تاریخ اشاعت </span></p>
							<p>بسم الله الرحمن الرحيم</p>
							<p> </p><p class=""MsoNormal"" dir=""rtl""><span lang=""AR-SA"" style="" mso-ansi-font-size: 12.0pt""><font>فتوی: 984=984/ م</font></span></p>
<p class=""MsoNormal"" dir=""rtl""><span lang=""AR-SA"" style="" mso-ansi-font-size: 12.0pt""><o:p><font>&nbsp;</font></o:p></span></p>
<p class=""MsoNormal"" dir=""rtl""><span lang=""AR-SA"" style="" mso-ansi-font-size: 12.0pt""><font>شوہر اپنے ہی ہاتھ سے سیکس کی تکمیل کرتا ہے، اس سے مراد اگر یہ ہے کہ شوہر اپنے ہاتھ سے اپنی منی خارج کرتا ہے یعنی مشت زنی کرتا ہے تو ایسا کرنا جائز نہیں، بیوی کے ہاتھ سے کبھی کروالیا تو گنجائش ہے، لیکن اس کی عادت نہ بنائیں اور بیوی کا طبی علاج کروائیں۔ اگر بیوی طبی علاج کے لیے بھی تیار نہ ہو اور دوسری شادی کی استطاعت ہو تو دوسری شادی کرلیں۔</font></span></p><p></p> 
							<br>
							<span style=""font-size:1.2em"">
								<p><strong>واللہ تعالیٰ اعلم</strong></p>
								<br class=""clear"">
								<p><strong>دارالافتاء،</strong><br>دارالعلوم دیوبند</p>
							</span>
						</li>
											</ul>
				</div>"
https://darulifta-deoband.com/home/ur/nikah-marriage/7703,میرے والدین نے زبردستی میری منگنی میری مرضی کے خلاف کردی ہے او رمیں اس لڑکی کو پسند نہیں کرتا ہوں۔ لڑکی کسی بھی طرح سے میرے جوڑ کی نہیں ہے جیسے تعلیم، شکل و صورت، عقل سلیم وغیرہ ۔ میں کیا کروں؟,"<h2><u> سوال: </u> <p class=""MsoNormal"" dir=""rtl""><span lang=""ER"" style="" mso-ansi-font-size: 12.0pt; mso-bidi-language: ER""><font>میرے والدین نے زبردستی میری منگنی میری مرضی کے خلاف کردی ہے او رمیں اس لڑکی کو پسند نہیں کرتا ہوں۔ لڑکی کسی بھی طرح سے میرے جوڑ کی نہیں ہے جیسے تعلیم، شکل و صورت، عقل سلیم وغیرہ ۔ میں کیا کروں؟</font></span></p></h2>","<p>بسم الله الرحمن الرحيم</p><p> </p><p class=""MsoNormal"" dir=""rtl""><span lang=""ER"" style="" mso-ansi-font-size: 12.0pt; mso-bidi-language: ER""><font>فتوی: 1557=1474/ د</font></span></p><p class=""MsoNormal"" dir=""rtl""><span lang=""ER"" style="" mso-ansi-font-size: 12.0pt; mso-bidi-language: ER""><o:p><font>&nbsp;</font></o:p></span></p><p class=""MsoNormal"" dir=""rtl""><span lang=""ER"" style="" mso-ansi-font-size: 12.0pt; mso-bidi-language: ER""><font>بالغ ہوجانے کے بعد بغیر مرضی یا خلاف مرضی لرکے لڑکی کا نکاح کرنا مناسب نہیں ہوتا اس سے کبھی مفاسد پیدا ہوجاتے ہیں۔ لہٰذا آپ اپنا منشاء اور مرضی ادب وسلیقہ کے ساتھ کسی واسطے سے والدین تک پہنچادیں اور مذکورہ رشتہ پر اپنی ناپسندیدگی کا اظہار کردیں۔</font></span></p><p class=""MsoNormal"" dir=""rtl""><span lang=""ER"" style="" mso-ansi-font-size: 12.0pt; mso-bidi-language: ER""><font>اگر والدین نے سوچ سمجھ کر رشتہ مناسب سمجھتے ہوئے طے کیا ہے تو آپ کے لیے بہتر ہوگا کہ والدین کی پسند کے مطابق اپنے کو تیار کرلیں اور اس سلسلہ میں استخارہ بھی کرلیں۔</font></span></p><p></p><br><span style=""font-size:1.2em"">
								<p><strong>واللہ تعالیٰ اعلم</strong></p>
								<br class=""clear"">
								<p><strong>دارالافتاء،</strong><br>دارالعلوم دیوبند</p>
							</span>",01-Sep-2020,7703,darulifta-deoband.com,معاشرت,نکاح,"<div id=""recent_fatwas"" class=""container tab-pane active""><br>
					<ul class=""answer_detail"">
												<li>
																					<div class=""cate_sec"">
								<p class=""category_name"">
									<span>
										معاشرت									</span> 
									&gt;&gt; 
									<span>
																		<a href=""https://darulifta-deoband.com/ur/category/n-a/Mjg="">نکاح</a>
									</span>
								</p>
								<p class=""quesid""><span class=""anser_id_urdu""> سوال نمبر: 7703</span><!--<span class=""country_urdu"">  : ملک</span> --></p>
							</div>
							<h2><u> عنوان:</u> <p class=""MsoNormal"" dir=""rtl""><span lang=""ER"" style="" mso-ansi-font-size: 12.0pt; mso-bidi-language: ER""><font>میرے والدین نے زبردستی میری منگنی میری مرضی کے خلاف کردی ہے او رمیں اس لڑکی کو پسند نہیں کرتا ہوں۔ لڑکی کسی بھی طرح سے میرے جوڑ کی نہیں ہے جیسے تعلیم، شکل و صورت، عقل سلیم وغیرہ ۔ میں کیا کروں؟</font></span></p></h2>
							<h2><u> سوال: </u> <p class=""MsoNormal"" dir=""rtl""><span lang=""ER"" style="" mso-ansi-font-size: 12.0pt; mso-bidi-language: ER""><font>میرے والدین نے زبردستی میری منگنی میری مرضی کے خلاف کردی ہے او رمیں اس لڑکی کو پسند نہیں کرتا ہوں۔ لڑکی کسی بھی طرح سے میرے جوڑ کی نہیں ہے جیسے تعلیم، شکل و صورت، عقل سلیم وغیرہ ۔ میں کیا کروں؟</font></span></p></h2>
							<p class=""fatwa_answer""><span class=""ans_urdu_id""> جواب نمبر: 7703</span><span style=""color:#efefef;display:none;"" class=""answer_date_urdu"">01-Sep-2020 : تاریخ اشاعت </span></p>
							<p>بسم الله الرحمن الرحيم</p>
							<p> </p><p class=""MsoNormal"" dir=""rtl""><span lang=""ER"" style="" mso-ansi-font-size: 12.0pt; mso-bidi-language: ER""><font>فتوی: 1557=1474/ د</font></span></p>
<p class=""MsoNormal"" dir=""rtl""><span lang=""ER"" style="" mso-ansi-font-size: 12.0pt; mso-bidi-language: ER""><o:p><font>&nbsp;</font></o:p></span></p>
<p class=""MsoNormal"" dir=""rtl""><span lang=""ER"" style="" mso-ansi-font-size: 12.0pt; mso-bidi-language: ER""><font>بالغ ہوجانے کے بعد بغیر مرضی یا خلاف مرضی لرکے لڑکی کا نکاح کرنا مناسب نہیں ہوتا اس سے کبھی مفاسد پیدا ہوجاتے ہیں۔ لہٰذا آپ اپنا منشاء اور مرضی ادب وسلیقہ کے ساتھ کسی واسطے سے والدین تک پہنچادیں اور مذکورہ رشتہ پر اپنی ناپسندیدگی کا اظہار کردیں۔</font></span></p>
<p class=""MsoNormal"" dir=""rtl""><span lang=""ER"" style="" mso-ansi-font-size: 12.0pt; mso-bidi-language: ER""><font>اگر والدین نے سوچ سمجھ کر رشتہ مناسب سمجھتے ہوئے طے کیا ہے تو آپ کے لیے بہتر ہوگا کہ والدین کی پسند کے مطابق اپنے کو تیار کرلیں اور اس سلسلہ میں استخارہ بھی کرلیں۔</font></span></p><p></p> 
							<br>
							<span style=""font-size:1.2em"">
								<p><strong>واللہ تعالیٰ اعلم</strong></p>
								<br class=""clear"">
								<p><strong>دارالافتاء،</strong><br>دارالعلوم دیوبند</p>
							</span>
						</li>
											</ul>
				</div>"
https://darulifta-deoband.com/home/ur/nikah-marriage/7617,مجھے اپنی بیوی کے بارے میں ایک مسئلہ پوچھنا ہے ۔ میری بیوی بہت نمازی اور اللہ والی بندی ہے۔ مجھے ایک غلط فون آیا تھا۔ میری بیو ی کے بارے میں بہت غلط باتیں بول رہا تھا ۔ بعد میں پتہ چلا کہ میرے ایک کزن نے جان بوجھ کر یہ حرکت کی تھی۔ اسی دوران میں نے اپنی بیوی سے پوچھا کہ کیا مسئلہ ہے؟ میں نے اسے اللہ کی قسم کھلوائی اس کے ماضی کے بارے میں اور تونہیں تھا اس کی زندگی میں؟ بیوی نے اللہ کی قسم کھا کر کہا تھا کہ میں ہی پہلا ہوں اس کی زندگی میں۔ (۱) سوال یہ ہے کہ کیا مسلمان کی اللہ قسم پر یقین کرلوں؟ (۲) مجھے بہت وساوس آرہے ہیں میں کیا کروں میں کون سی آیت پڑھوں؟ (۳)اللہ کی قسم کی قیمت شرع میں کیا ہے؟,"<h2><u> سوال: </u> <p class=""MsoNormal"" dir=""rtl""><font><span lang=""ER"" style="" mso-bidi-language: ER; mso-ansi-font-size: 12.0pt"">مجھے اپنی بیوی کے بارے میں ایک مسئلہ پوچھنا ہے ۔ میری بیوی بہت نمازی اور اللہ والی بندی ہے۔ مجھے ایک غلط فون آیا تھا۔ میری بیو ی کے بارے میں بہت غلط باتیں بول رہا تھا ۔ بعد میں پتہ چلا کہ میرے ایک کزن نے جان بوجھ کر یہ حرکت کی تھی۔ اسی دوران میں نے اپنی بیوی سے پوچھا کہ کیا مسئلہ ہے؟ میں نے اسے اللہ کی قسم کھلوائی اس کے ماضی کے بارے میں اور تونہیں تھا اس کی زندگی میں؟ بیوی نے اللہ کی قسم کھا کر کہا تھا کہ میں ہی پہلا ہوں اس کی زندگی میں۔ (</span><span lang=""FA"" style="" mso-bidi-language: FA; mso-ansi-font-size: 12.0pt"">۱) </span><span lang=""ER"" style="" mso-bidi-language: ER; mso-ansi-font-size: 12.0pt"">سوال یہ ہے کہ کیا مسلمان کی اللہ قسم پر یقین کرلوں؟ (</span><span lang=""FA"" style="" mso-bidi-language: FA; mso-ansi-font-size: 12.0pt"">۲) </span><span lang=""ER"" style="" mso-bidi-language: ER; mso-ansi-font-size: 12.0pt"">مجھے بہت وساوس آرہے ہیں میں کیا کروں میں کون سی آیت پڑھوں؟ (</span><span lang=""FA"" style="" mso-bidi-language: FA; mso-ansi-font-size: 12.0pt"">۳)</span><span lang=""ER"" style="" mso-bidi-language: ER; mso-ansi-font-size: 12.0pt"">اللہ کی قسم کی قیمت شرع میں کیا ہے؟</span></font></p></h2>","<p>بسم الله الرحمن الرحيم</p><p> </p><p class=""MsoNormal"" dir=""rtl""><span lang=""ER"" style="" mso-bidi-language: ER; mso-ansi-font-size: 12.0pt""><font>فتوی: 1791=1494/ ب</font></span></p><p class=""MsoNormal"" dir=""rtl""><span lang=""ER"" style="" mso-bidi-language: ER; mso-ansi-font-size: 12.0pt""><o:p><font>&nbsp;</font></o:p></span></p><p class=""MsoNormal"" dir=""rtl""><span lang=""ER"" style="" mso-bidi-language: ER; mso-ansi-font-size: 12.0pt""><font>جب بیوی بہت نمازی اللہ والی ہے تو اس کی قسم پر اعتبار کرنا چاہیے اور کسی قسم کا شبہ نہ کرنا چاہیے۔ بہت سے لوگ دوسروں کا گھر بگاڑنے کے لیے اس طرح کے وساوس ڈالتے ہیں۔ ان وساوس میں آپ نہ آئیں۔ اگر کبھی وسوسہ آئے تو اعوذ باللہ من الشیطان الرجیم پڑھ لیا کریں۔</font></span></p><p></p><br><span style=""font-size:1.2em"">
								<p><strong>واللہ تعالیٰ اعلم</strong></p>
								<br class=""clear"">
								<p><strong>دارالافتاء،</strong><br>دارالعلوم دیوبند</p>
							</span>",01-Sep-2020,7617,darulifta-deoband.com,معاشرت,نکاح,"<div id=""recent_fatwas"" class=""container tab-pane active""><br>
					<ul class=""answer_detail"">
												<li>
																					<div class=""cate_sec"">
								<p class=""category_name"">
									<span>
										معاشرت									</span> 
									&gt;&gt; 
									<span>
																		<a href=""https://darulifta-deoband.com/ur/category/n-a/Mjg="">نکاح</a>
									</span>
								</p>
								<p class=""quesid""><span class=""anser_id_urdu""> سوال نمبر: 7617</span><!--<span class=""country_urdu"">  : ملک</span> --></p>
							</div>
							<h2><u> عنوان:</u> <p class=""MsoNormal"" dir=""rtl""><font><span lang=""ER"" style="" mso-bidi-language: ER; mso-ansi-font-size: 12.0pt"">مجھے اپنی بیوی کے بارے میں ایک مسئلہ پوچھنا ہے ۔ میری بیوی بہت نمازی اور اللہ والی بندی ہے۔ مجھے ایک غلط فون آیا تھا۔ میری بیو ی کے بارے میں بہت غلط باتیں بول رہا تھا ۔ بعد میں پتہ چلا کہ میرے ایک کزن نے جان بوجھ کر یہ حرکت کی تھی۔ اسی دوران میں نے اپنی بیوی سے پوچھا کہ کیا مسئلہ ہے؟ میں نے اسے اللہ کی قسم کھلوائی اس کے ماضی کے بارے میں اور تونہیں تھا اس کی زندگی میں؟ بیوی نے اللہ کی قسم کھا کر کہا تھا کہ میں ہی پہلا ہوں اس کی زندگی میں۔ (</span><span lang=""FA"" style="" mso-bidi-language: FA; mso-ansi-font-size: 12.0pt"">۱) </span><span lang=""ER"" style="" mso-bidi-language: ER; mso-ansi-font-size: 12.0pt"">سوال یہ ہے کہ کیا مسلمان کی اللہ قسم پر یقین کرلوں؟ (</span><span lang=""FA"" style="" mso-bidi-language: FA; mso-ansi-font-size: 12.0pt"">۲) </span><span lang=""ER"" style="" mso-bidi-language: ER; mso-ansi-font-size: 12.0pt"">مجھے بہت وساوس آرہے ہیں میں کیا کروں میں کون سی آیت پڑھوں؟ (</span><span lang=""FA"" style="" mso-bidi-language: FA; mso-ansi-font-size: 12.0pt"">۳)</span><span lang=""ER"" style="" mso-bidi-language: ER; mso-ansi-font-size: 12.0pt"">اللہ کی قسم کی قیمت شرع میں کیا ہے؟</span></font></p></h2>
							<h2><u> سوال: </u> <p class=""MsoNormal"" dir=""rtl""><font><span lang=""ER"" style="" mso-bidi-language: ER; mso-ansi-font-size: 12.0pt"">مجھے اپنی بیوی کے بارے میں ایک مسئلہ پوچھنا ہے ۔ میری بیوی بہت نمازی اور اللہ والی بندی ہے۔ مجھے ایک غلط فون آیا تھا۔ میری بیو ی کے بارے میں بہت غلط باتیں بول رہا تھا ۔ بعد میں پتہ چلا کہ میرے ایک کزن نے جان بوجھ کر یہ حرکت کی تھی۔ اسی دوران میں نے اپنی بیوی سے پوچھا کہ کیا مسئلہ ہے؟ میں نے اسے اللہ کی قسم کھلوائی اس کے ماضی کے بارے میں اور تونہیں تھا اس کی زندگی میں؟ بیوی نے اللہ کی قسم کھا کر کہا تھا کہ میں ہی پہلا ہوں اس کی زندگی میں۔ (</span><span lang=""FA"" style="" mso-bidi-language: FA; mso-ansi-font-size: 12.0pt"">۱) </span><span lang=""ER"" style="" mso-bidi-language: ER; mso-ansi-font-size: 12.0pt"">سوال یہ ہے کہ کیا مسلمان کی اللہ قسم پر یقین کرلوں؟ (</span><span lang=""FA"" style="" mso-bidi-language: FA; mso-ansi-font-size: 12.0pt"">۲) </span><span lang=""ER"" style="" mso-bidi-language: ER; mso-ansi-font-size: 12.0pt"">مجھے بہت وساوس آرہے ہیں میں کیا کروں میں کون سی آیت پڑھوں؟ (</span><span lang=""FA"" style="" mso-bidi-language: FA; mso-ansi-font-size: 12.0pt"">۳)</span><span lang=""ER"" style="" mso-bidi-language: ER; mso-ansi-font-size: 12.0pt"">اللہ کی قسم کی قیمت شرع میں کیا ہے؟</span></font></p></h2>
							<p class=""fatwa_answer""><span class=""ans_urdu_id""> جواب نمبر: 7617</span><span style=""color:#efefef;display:none;"" class=""answer_date_urdu"">01-Sep-2020 : تاریخ اشاعت </span></p>
							<p>بسم الله الرحمن الرحيم</p>
							<p> </p><p class=""MsoNormal"" dir=""rtl""><span lang=""ER"" style="" mso-bidi-language: ER; mso-ansi-font-size: 12.0pt""><font>فتوی: 1791=1494/ ب</font></span></p>
<p class=""MsoNormal"" dir=""rtl""><span lang=""ER"" style="" mso-bidi-language: ER; mso-ansi-font-size: 12.0pt""><o:p><font>&nbsp;</font></o:p></span></p>
<p class=""MsoNormal"" dir=""rtl""><span lang=""ER"" style="" mso-bidi-language: ER; mso-ansi-font-size: 12.0pt""><font>جب بیوی بہت نمازی اللہ والی ہے تو اس کی قسم پر اعتبار کرنا چاہیے اور کسی قسم کا شبہ نہ کرنا چاہیے۔ بہت سے لوگ دوسروں کا گھر بگاڑنے کے لیے اس طرح کے وساوس ڈالتے ہیں۔ ان وساوس میں آپ نہ آئیں۔ اگر کبھی وسوسہ آئے تو اعوذ باللہ من الشیطان الرجیم پڑھ لیا کریں۔</font></span></p><p></p> 
							<br>
							<span style=""font-size:1.2em"">
								<p><strong>واللہ تعالیٰ اعلم</strong></p>
								<br class=""clear"">
								<p><strong>دارالافتاء،</strong><br>دارالعلوم دیوبند</p>
							</span>
						</li>
											</ul>
				</div>"
https://darulifta-deoband.com/home/ur/nikah-marriage/7608,سب سے پہلے تو میں شکر گزار ہوں کہ آپ نے میرے سوال کو خاص اہمیت دی۔ میرے کہنے کا مطلب تھا کہ کیا میں اپنے دل میں یہ سوچ رکھ سکتا ہوں کہ یا اللہ اگر تمہارے بس میں سب کچھ ہے تو پھر اس لڑکی کومیری تقدیر میں لکھ دے۔ اگر بالفرض وہ میری تقدیر میں اس لیے نہیں لکھی گئی کہ اللہ بہتر جانتا ہے کہ اس کا اورمیرا ملنا (یعنی نکاح ہونا) اچھا ہے یا برا۔ اگر اچھا ہے تو اتنا امتحان کیوں؟ کیوں اس کی منگنی کسی اور سے ہوگئی؟ (اللہ مجھے معاف کرے، لیکن میرے یہ سوالات شکوہ کے ارادہ سے نہیں ہیں) اور اگر برا ہے تو اللہ اپنی حکمت سے اس کو اچھا کر دے، کیوں کہ وہ ہر چیز پر قادر ہے۔ میرے دماغ میں ایسے سوالات آتے ہیں تو میں اپنے دل ہی دل میں اللہ سے پوچھ لیتا ہوں جس سے ہلکا سا سکون تو مل جاتا ہے لیکن کوئی جواب نہیں ملتا۔ میں یہ سوچتا رہتا ہوں کہ میں اس کو کیسے حاصل کروں گا؟ ہماری سوسائٹی میں کسی لڑکی کی منگنی ٹوٹ جانا اس کے کیرکٹر کو وار کرتا ہے۔میں یہ بھی نہیں چاہتا اوراس کے بغیر بھی نہیں رہ سکتا۔ تو کیا کروں؟,"<h2><u> سوال: </u> <p class=""MsoNormal"" dir=""rtl"" style=""MARGIN: 0in 0in 0pt""><span lang=""ER"" style="" mso-ansi-font-size: 12.0pt; mso-bidi-language: ER""><font>سب سے پہلے تو میں شکر گزار ہوں کہ آپ نے میرے سوال کو خاص اہمیت دی۔ میرے کہنے کا مطلب تھا کہ کیا میں اپنے دل میں یہ سوچ رکھ سکتا ہوں کہ یا اللہ اگر تمہارے بس میں سب کچھ ہے تو پھر اس لڑکی کومیری تقدیر میں لکھ دے۔ اگر بالفرض وہ میری تقدیر میں اس لیے نہیں لکھی گئی کہ اللہ بہتر جانتا ہے کہ اس کا اورمیرا ملنا (یعنی نکاح ہونا) اچھا ہے یا برا۔ اگر اچھا ہے تو اتنا امتحان کیوں؟ کیوں اس کی منگنی کسی اور سے ہوگئی؟ (اللہ مجھے معاف کرے، لیکن میرے یہ سوالات شکوہ کے ارادہ سے نہیں ہیں) اور اگر برا ہے تو اللہ اپنی حکمت سے اس کو اچھا کر دے، کیوں کہ وہ ہر چیز پر قادر ہے۔ میرے دماغ میں ایسے سوالات آتے ہیں تو میں اپنے دل ہی دل میں اللہ سے پوچھ لیتا ہوں جس سے ہلکا سا سکون تو مل جاتا ہے لیکن کوئی جواب نہیں ملتا۔ میں یہ سوچتا رہتا ہوں کہ میں اس کو کیسے حاصل کروں گا؟ ہماری سوسائٹی میں کسی لڑکی کی منگنی ٹوٹ جانا اس کے کیرکٹر کو وار کرتا ہے۔میں یہ بھی نہیں چاہتا اوراس کے بغیر بھی نہیں رہ سکتا۔ تو کیا کروں؟</font></span></p></h2>","<p>بسم الله الرحمن الرحيم</p><p> </p><p class=""MsoNormal"" dir=""rtl"" style=""MARGIN: 0in 0in 0pt""><span lang=""ER"" style="" mso-ansi-font-size: 12.0pt; mso-bidi-language: ER""><font>فتوی: 1213=164/ل</font></span></p><p class=""MsoNormal"" dir=""rtl"" style=""MARGIN: 0in 0in 0pt""><span lang=""ER"" style="" mso-ansi-font-size: 12.0pt; mso-bidi-language: ER""><o:p><font>&nbsp;</font></o:p></span></p><p class=""MsoNormal"" dir=""rtl"" style=""MARGIN: 0in 0in 0pt""><span lang=""ER"" style="" mso-ansi-font-size: 12.0pt; mso-bidi-language: ER""><font>آپ کے سوال سے پتہ چلتا ہے کہ آپ نے اس لڑکی سے شادی کرنے کا عزم ہی کرلیا ہے، آپ اس لڑکی کو دل سے نکال کر صرف یہی دعا کریں کہ اے اللہ اگر میرے لیے اس سے نکاح کرنا بہتر ہے تو میرا اس سے نکاح فرمادے۔ اور اسباب کے طور پر جو ظاہری اسباب ہوسکتے ہیں اس کو اختیار کریں، اللہ سے اس طرح دعاء کرنا کہ اگر میرے حق میں اس سے نکاح کرنا برا ہو تو بھی آپ اس کو اچھا کردیں یہ بندہ کی شان نہیں، اللہ تعالیٰ خود رحیم ہیں اور اپنے بندے کے لیے اسی چیز کو پسند کریں گے جو اس کے حق میں بہتر ہو، بسا اوقات آدمی کسی چیز کو برا سمجھتا ہے جب کہ وہ اس کے لیے اچھا ہوتا ہے اسی طرح کسی چیز کو وہ اچھا سمجھتا ہے اور وہ اس کے حق میں برا ہوتا ہے نیز مطالبہ کے بعد اگر کوئی دولت نصیب ہو اور آدمی بعد میں اس کی ناقدری کرے تو اللہ تعالیٰ اس پر گرفت بھی سخت فرماتے ہیں، حضرت عیسیٰ علیہ السلام سے جب ان کے حواریوں نے مائدہ (دسترخوان) کا مطالبہ کیا تھا تو اللہ نے اس کے نازل فرمانے کا وعدہ فرمایا اور ساتھ ساتھ یہ بھی فرمادیا کہ اگر کوئی اس کے بعد ناقدری کرے گا تو اس کو ایسا عذاب دوں گا کہ پورے جہاں میں سے وہ عذاب کسی کو نہ دوں گا۔ اس لیے آپ بھی دعا ء میں ضد سے کام نہ لیں اور جو بھی اللہ کی طرف سے فیصلہ ہو اس پر راضی رہیں، اور اس لڑکی سے دور رہنا شروع کردیں، بات وغیرہ کرنے سے بالکلیہ احتراز کریں۔</font></span></p><p></p><br><span style=""font-size:1.2em"">
								<p><strong>واللہ تعالیٰ اعلم</strong></p>
								<br class=""clear"">
								<p><strong>دارالافتاء،</strong><br>دارالعلوم دیوبند</p>
							</span>",01-Sep-2020,7608,darulifta-deoband.com,معاشرت,نکاح,"<div id=""recent_fatwas"" class=""container tab-pane active""><br>
					<ul class=""answer_detail"">
												<li>
																					<div class=""cate_sec"">
								<p class=""category_name"">
									<span>
										معاشرت									</span> 
									&gt;&gt; 
									<span>
																		<a href=""https://darulifta-deoband.com/ur/category/n-a/Mjg="">نکاح</a>
									</span>
								</p>
								<p class=""quesid""><span class=""anser_id_urdu""> سوال نمبر: 7608</span><!--<span class=""country_urdu"">  : ملک</span> --></p>
							</div>
							<h2><u> عنوان:</u> <p class=""MsoNormal"" dir=""rtl"" style=""MARGIN: 0in 0in 0pt""><span lang=""ER"" style="" mso-ansi-font-size: 12.0pt; mso-bidi-language: ER""><font>سب سے پہلے تو میں شکر گزار ہوں کہ آپ نے میرے سوال کو خاص اہمیت دی۔ میرے کہنے کا مطلب تھا کہ کیا میں اپنے دل میں یہ سوچ رکھ سکتا ہوں کہ یا اللہ اگر تمہارے بس میں سب کچھ ہے تو پھر اس لڑکی کومیری تقدیر میں لکھ دے۔ اگر بالفرض وہ میری تقدیر میں اس لیے نہیں لکھی گئی کہ اللہ بہتر جانتا ہے کہ اس کا اورمیرا ملنا (یعنی نکاح ہونا) اچھا ہے یا برا۔ اگر اچھا ہے تو اتنا امتحان کیوں؟ کیوں اس کی منگنی کسی اور سے ہوگئی؟ (اللہ مجھے معاف کرے، لیکن میرے یہ سوالات شکوہ کے ارادہ سے نہیں ہیں) اور اگر برا ہے تو اللہ اپنی حکمت سے اس کو اچھا کر دے، کیوں کہ وہ ہر چیز پر قادر ہے۔ میرے دماغ میں ایسے سوالات آتے ہیں تو میں اپنے دل ہی دل میں اللہ سے پوچھ لیتا ہوں جس سے ہلکا سا سکون تو مل جاتا ہے لیکن کوئی جواب نہیں ملتا۔ میں یہ سوچتا رہتا ہوں کہ میں اس کو کیسے حاصل کروں گا؟ ہماری سوسائٹی میں کسی لڑکی کی منگنی ٹوٹ جانا اس کے کیرکٹر کو وار کرتا ہے۔میں یہ بھی نہیں چاہتا اوراس کے بغیر بھی نہیں رہ سکتا۔ تو کیا کروں؟</font></span></p></h2>
							<h2><u> سوال: </u> <p class=""MsoNormal"" dir=""rtl"" style=""MARGIN: 0in 0in 0pt""><span lang=""ER"" style="" mso-ansi-font-size: 12.0pt; mso-bidi-language: ER""><font>سب سے پہلے تو میں شکر گزار ہوں کہ آپ نے میرے سوال کو خاص اہمیت دی۔ میرے کہنے کا مطلب تھا کہ کیا میں اپنے دل میں یہ سوچ رکھ سکتا ہوں کہ یا اللہ اگر تمہارے بس میں سب کچھ ہے تو پھر اس لڑکی کومیری تقدیر میں لکھ دے۔ اگر بالفرض وہ میری تقدیر میں اس لیے نہیں لکھی گئی کہ اللہ بہتر جانتا ہے کہ اس کا اورمیرا ملنا (یعنی نکاح ہونا) اچھا ہے یا برا۔ اگر اچھا ہے تو اتنا امتحان کیوں؟ کیوں اس کی منگنی کسی اور سے ہوگئی؟ (اللہ مجھے معاف کرے، لیکن میرے یہ سوالات شکوہ کے ارادہ سے نہیں ہیں) اور اگر برا ہے تو اللہ اپنی حکمت سے اس کو اچھا کر دے، کیوں کہ وہ ہر چیز پر قادر ہے۔ میرے دماغ میں ایسے سوالات آتے ہیں تو میں اپنے دل ہی دل میں اللہ سے پوچھ لیتا ہوں جس سے ہلکا سا سکون تو مل جاتا ہے لیکن کوئی جواب نہیں ملتا۔ میں یہ سوچتا رہتا ہوں کہ میں اس کو کیسے حاصل کروں گا؟ ہماری سوسائٹی میں کسی لڑکی کی منگنی ٹوٹ جانا اس کے کیرکٹر کو وار کرتا ہے۔میں یہ بھی نہیں چاہتا اوراس کے بغیر بھی نہیں رہ سکتا۔ تو کیا کروں؟</font></span></p></h2>
							<p class=""fatwa_answer""><span class=""ans_urdu_id""> جواب نمبر: 7608</span><span style=""color:#efefef;display:none;"" class=""answer_date_urdu"">01-Sep-2020 : تاریخ اشاعت </span></p>
							<p>بسم الله الرحمن الرحيم</p>
							<p> </p><p class=""MsoNormal"" dir=""rtl"" style=""MARGIN: 0in 0in 0pt""><span lang=""ER"" style="" mso-ansi-font-size: 12.0pt; mso-bidi-language: ER""><font>فتوی: 1213=164/ل</font></span></p>
<p class=""MsoNormal"" dir=""rtl"" style=""MARGIN: 0in 0in 0pt""><span lang=""ER"" style="" mso-ansi-font-size: 12.0pt; mso-bidi-language: ER""><o:p><font>&nbsp;</font></o:p></span></p>
<p class=""MsoNormal"" dir=""rtl"" style=""MARGIN: 0in 0in 0pt""><span lang=""ER"" style="" mso-ansi-font-size: 12.0pt; mso-bidi-language: ER""><font>آپ کے سوال سے پتہ چلتا ہے کہ آپ نے اس لڑکی سے شادی کرنے کا عزم ہی کرلیا ہے، آپ اس لڑکی کو دل سے نکال کر صرف یہی دعا کریں کہ اے اللہ اگر میرے لیے اس سے نکاح کرنا بہتر ہے تو میرا اس سے نکاح فرمادے۔ اور اسباب کے طور پر جو ظاہری اسباب ہوسکتے ہیں اس کو اختیار کریں، اللہ سے اس طرح دعاء کرنا کہ اگر میرے حق میں اس سے نکاح کرنا برا ہو تو بھی آپ اس کو اچھا کردیں یہ بندہ کی شان نہیں، اللہ تعالیٰ خود رحیم ہیں اور اپنے بندے کے لیے اسی چیز کو پسند کریں گے جو اس کے حق میں بہتر ہو، بسا اوقات آدمی کسی چیز کو برا سمجھتا ہے جب کہ وہ اس کے لیے اچھا ہوتا ہے اسی طرح کسی چیز کو وہ اچھا سمجھتا ہے اور وہ اس کے حق میں برا ہوتا ہے نیز مطالبہ کے بعد اگر کوئی دولت نصیب ہو اور آدمی بعد میں اس کی ناقدری کرے تو اللہ تعالیٰ اس پر گرفت بھی سخت فرماتے ہیں، حضرت عیسیٰ علیہ السلام سے جب ان کے حواریوں نے مائدہ (دسترخوان) کا مطالبہ کیا تھا تو اللہ نے اس کے نازل فرمانے کا وعدہ فرمایا اور ساتھ ساتھ یہ بھی فرمادیا کہ اگر کوئی اس کے بعد ناقدری کرے گا تو اس کو ایسا عذاب دوں گا کہ پورے جہاں میں سے وہ عذاب کسی کو نہ دوں گا۔ اس لیے آپ بھی دعا ء میں ضد سے کام نہ لیں اور جو بھی اللہ کی طرف سے فیصلہ ہو اس پر راضی رہیں، اور اس لڑکی سے دور رہنا شروع کردیں، بات وغیرہ کرنے سے بالکلیہ احتراز کریں۔</font></span></p><p></p> 
							<br>
							<span style=""font-size:1.2em"">
								<p><strong>واللہ تعالیٰ اعلم</strong></p>
								<br class=""clear"">
								<p><strong>دارالافتاء،</strong><br>دارالعلوم دیوبند</p>
							</span>
						</li>
											</ul>
				</div>"
https://darulifta-deoband.com/home/ur/nikah-marriage/7544,میں پاکستان کی ایک پبلک سیکٹر یونیورسٹی میں لکچرر ہوں۔ میں نے ایک لڑکی سے اس کے والدین کی مرضی کے خلاف شادی کی۔ میری ایک لڑکی ہے اور میری بیوی دوسری مرتبہ بھی حاملہ ہے۔ ان دنوں میں اپنے نکاح کی درستگی کے بارے میں بہت فکر مند ہوں اور میں سچی توبہ کے لیے کچھ بھی کرنے کو تیار ہوں۔ اور اگر میں نے کوئی غلط کیا ہے تو میں اسلامی سزا کے لیے بھی تیار ہوں۔ واقعات کا سلسلہ تاریخ وار درج ذیل ہے۔۔۔۔۔۔۔؟؟؟,"<h2><u> سوال: </u> <p class=""MsoNormal"" dir=""rtl""><font><span lang=""ER"" style="" mso-ansi-font-size: 12.0pt; mso-bidi-language: ER"">میں پاکستان کی ایک پبلک سیکٹر یونیورسٹی میں لکچرر ہوں۔ میں نے ایک لڑکی سے اس کے والدین کی مرضی کے خلاف شادی کی۔ میری ایک لڑکی ہے اور میری بیوی دوسری مرتبہ بھی حاملہ ہے۔ ان دنوں میں اپنے نکاح کی درستگی کے بارے میں بہت فکر مند ہوں اور میں سچی توبہ کے لیے کچھ بھی کرنے کو تیار ہوں۔ اور اگر میں نے کوئی غلط کیا ہے تو میں اسلامی سزا کے لیے بھی تیار ہوں۔ واقعات کا سلسلہ تاریخ وار درج ذیل ہے:(</span><span lang=""FA"" style="" mso-ansi-font-size: 12.0pt; mso-bidi-language: FA"">۱)</span><span lang=""ER"" style="" mso-ansi-font-size: 12.0pt; mso-bidi-language: ER"">جولائی 2003: میں اس کو (اب میری بیوی) کو یہ تحریری پیغام بھیجاکہ کیا وہ ومجھ سے شادی کرے گی؟ اس نے ہاں میں جواب دیا لکھ کرکے۔ لیکن اس نے مجھ سے کہا کہ چوں کہ ہماری برادری مختلف ہے اس لیے اس کو اپنے والدین کو راضی کرنے میں کچھ وقت لگے گا۔(</span><span lang=""FA"" style="" mso-ansi-font-size: 12.0pt; mso-bidi-language: FA"">۲) </span><span lang=""ER"" style="" mso-ansi-font-size: 12.0pt; mso-bidi-language: ER"">اپریل2004: میں نے اس کے بہنوئی سے کہا کہ میں اس سے (اب میری بیوی) سے شادی کرنا چاہتا ہوں۔ میں نے اس سے اس لیے کہا کہ کیوں کہ وہ اس کے (میری بیوی کے گھر میں) فیصلہ کرنے والا ہے۔ وہ اس بات پر ناراض ہوگیا۔ یہ بات میں نے اپنی بیوی کے بھائی (اب میراسالا) سے کہی۔ اس نے مجھ سے کہا کہ مجھے اس کے والد(اب میرے سسر)سے بات کرنی چاہیے۔ لیکن اس نے (اب میری بیوی)نے اپنے گھر والوں سے اس معاملہ پر بات چیت کرنے سے منع کیا، بصورت دیگر وہ لوگ زبردستی اس کی شادی کہیں اور کردیں گے۔وقت کے ساتھ ساتھ اس نے اس بات کا اندازہ لگایا کہ اس کے گھر والے اس کو کبھی بھی میرے ساتھ شادی کرنے کی اجازت نہیں دیں گے۔ اس لیے اس نے مجھے پوشیدہ طور پر نکاح کرنے کو کہا۔ (</span><span lang=""FA"" style="" mso-ansi-font-size: 12.0pt; mso-bidi-language: FA"">۳)</span><span lang=""ER"" style="" mso-ansi-font-size: 12.0pt; mso-bidi-language: ER"">جولائی 2005: ہم نے ایک مولوی اور دو گواہ کی موجودگی میں نکاح کرلیا۔ اس وقت ہم دونوں کی عمر انتیس سال کی تھی۔ اس کے بعد اس نے(میری بیوی) مجھے اپنے والدین کواس کے والدین کے پاس بھیجنے کی اجازت دی۔ (</span><span lang=""FA"" style="" mso-ansi-font-size: 12.0pt; mso-bidi-language: FA"">۴)</span><span lang=""ER"" style="" mso-ansi-font-size: 12.0pt; mso-bidi-language: ER"">اگست 2005: میرے والدین نے اس کے والدین سے ملاقا ت کی ۔ لیکن انھوں نے اخیرمیں کہا کہ ہم گھر والے اس شادی کے خلاف ہیں اور انکار کردیا۔ میرے والدین نے اس وقت ہمارے نکاح کو اس کے والدین کے پاس افشا نہیں کیا۔ اس کے بعد اس کے والدین اس کے لیے بہت سخت بن گئے۔اس کے مطابق جب اس کے والد نے اس سے کہا کہ وہ مجھ سے شادی نہ کرے تووہ خاموش ہوگئی۔ اس کے مطابق اس نے اپنی ماں سے کہا کہ وہ صرف میرے ساتھ ہی شادی کرے گی کسی اور سے نہیں۔ اس کے مطابق اس نے یہ بات اپنے والدکو (میرے سسر) کو پہنچائی۔ انھوں نے اس کو اس کا پاؤں توڑنے کی اور اس کو ایک تاریک کمرے میں بند کرنے کی دھمکی دی۔ میں اس کے والدین سے ہمارے نکاح کو ظاہر کرنا چاہتا تھا، لیکن اس نے مجھے یہ کہتے ہوئے منع کردیا کہ اگر ان کو یہ بات معلوم ہوجائے گی تو وہ لوگ مجھے مار ڈالیں گے۔(</span><span lang=""FA"" style="" mso-ansi-font-size: 12.0pt; mso-bidi-language: FA"">۵)</span><span lang=""ER"" style="" mso-ansi-font-size: 12.0pt; mso-bidi-language: ER"">مئی 2006: اس نے اس کو مجھے اپنے گھر لانے کو کہا کیوں کہ اس کے لیے اس کے والدین کے گھر رہنا بہت مشکل تھا۔ 31مئی 2006کو میں اس کو اپنے گھر لایا۔ ہم نے اس رات پہلی مرتبہ صحبت کی۔ ہم ایک جج کے سامنے حاضر ہوئے اوراس نے دوبارہ اپنی مرضی ظاہر کی میرے ساتھ شادی کرنے کی اوراپنے والدین اور خاندان والوں کی دھمکی سے حفاظت کی طلب گار ہوئی۔ اس کے والدین نہیں جان سکے کہ وہ میرے ساتھ ہونے کے لیے کب اپنا گھر چھوڑا۔ یہ بات ہم نے ان کو پانچ دن کے بعد بتائی اس خوف سے کہ کہیں وہ ہمیں مار نہ دیں۔آخرش، اس کے والدین کو بہت تکلیف ہوئی اس کے اتنی خاموشی سے غائب ہوجانے پر۔ (</span><span lang=""FA"" style="" mso-ansi-font-size: 12.0pt; mso-bidi-language: FA"">۶) </span><span lang=""ER"" style="" mso-ansi-font-size: 12.0pt; mso-bidi-language: ER"">دو ماہ کے بعد میرے ایک ساتھی نے اس کے والدین سے کہا کہ وہ مجھ کو معاف کردیں لیکن انھوں نے انکار کردیا۔ (</span><span lang=""FA"" style="" mso-ansi-font-size: 12.0pt; mso-bidi-language: FA"">۷)</span><span lang=""ER"" style="" mso-ansi-font-size: 12.0pt; mso-bidi-language: ER"">اب میری ایک لڑکی ہے اور میری بیوی حاملہ ہے۔ ایک اہل حدیث عالم نے مجھ سے کہا کہ میں نے اللہ کی حد کو توڑا ہے اورمیری سزا ہمیشہ کے لیے جہنم ہے۔ میں ایک حنفی ہوں۔ میری بیوی یقین رکھتی ہے کہ ہمارا نکاح درست ہے۔ لیکن میں اس کے بارے میں بہت پریشان ہوں۔ میرا سوال یہ ہے:(</span><span lang=""FA"" style="" mso-ansi-font-size: 12.0pt; mso-bidi-language: FA"">۱)</span><span lang=""ER"" style="" mso-ansi-font-size: 12.0pt; mso-bidi-language: ER"">کیا اسلامی طور پر ہمارا نکاح قابل قبول ہے یا نہیں؟ (</span><span lang=""FA"" style="" mso-ansi-font-size: 12.0pt; mso-bidi-language: FA"">۲)</span><span lang=""ER"" style="" mso-ansi-font-size: 12.0pt; mso-bidi-language: ER"">اگر نہیں، تواب ہمیں کیا کرنا چاہیے کیوں کہ ہمارے بچے بھی ہیں؟ (</span><span lang=""FA"" style="" mso-ansi-font-size: 12.0pt; mso-bidi-language: FA"">۳) </span><span lang=""ER"" style="" mso-ansi-font-size: 12.0pt; mso-bidi-language: ER"">کیا میں اس کو چھوڑ دوں کیوں کہ اب اس کے والدین بھی اس کو اپنے گھر آنے کی اجازت نہیں دیں گے؟ ایک مرتبہ 2006میں انھوں نے اس سے کہا تھا کہ اگر وہ ان کے ساتھ تمام تعلقات منقطع نہیں کرے گی تو وہ اس کو قتل کرڈالیں گے۔(</span><span lang=""FA"" style="" mso-ansi-font-size: 12.0pt; mso-bidi-language: FA"">۴)</span><span lang=""ER"" style="" mso-ansi-font-size: 12.0pt; mso-bidi-language: ER"">بچوں کا کیا مرتبہ ہے؟ (</span><span lang=""FA"" style="" mso-ansi-font-size: 12.0pt; mso-bidi-language: FA"">۵)</span><span lang=""ER"" style="" mso-ansi-font-size: 12.0pt; mso-bidi-language: ER"">اگر ہمارا یہ عمل قابل سزا عمل ہے اسلام کے مطابق تو میں سزا کے لیے تیار ہوں ۔میں سزا کے لیے کہاں جاؤں؟ مجھے کون سزادے گا؟ (</span><span lang=""FA"" style="" mso-ansi-font-size: 12.0pt; mso-bidi-language: FA"">۶)</span><span lang=""ER"" style="" mso-ansi-font-size: 12.0pt; mso-bidi-language: ER"">نیز میں اپنے ساس اور سسر کو پریشان کرنے کی وجہ سے بھی سزا کھانا چاہتا ہوں۔ میری سزا کیا ہے؟ میں نہیں جانتا ہوں، میں جواب دینا چاہتا ہوں اوراپنے پچھتاوے کا راستہ؟ میں یہیں سزا پانا چاہتا ہوں نہ کہ اوپر۔ اللہ واسطے میری مدد کریں۔ (فیملی کے کچھ حالات) (</span><span lang=""FA"" style="" mso-ansi-font-size: 12.0pt; mso-bidi-language: FA"">۱)</span><span lang=""ER"" style="" mso-ansi-font-size: 12.0pt; mso-bidi-language: ER"">وہ ہمارے گھر والوں سے زیادہ مالدار ہیں۔ (</span><span lang=""FA"" style="" mso-ansi-font-size: 12.0pt; mso-bidi-language: FA"">۲)</span><span lang=""ER"" style="" mso-ansi-font-size: 12.0pt; mso-bidi-language: ER"">ان دنوں جب ہم نے نکاح کیا تھا اور اب میں ایک یونیورسٹی میں لکچرر ہوں اورتقریباً پینتیس ہزار روپیہ ہر ماہ کما رہا ہوں۔</span></font></p></h2>","<p>بسم الله الرحمن الرحيم</p><p> </p><p class=""MsoNormal"" dir=""rtl""><span lang=""ER"" style="" mso-ansi-font-size: 12.0pt; mso-bidi-language: ER""><font>فتوی: 1549=1496/ د</font></span></p><p class=""MsoNormal"" dir=""rtl""><span lang=""ER"" style="" mso-ansi-font-size: 12.0pt; mso-bidi-language: ER""><o:p><font>&nbsp;</font></o:p></span></p><p class=""MsoNormal"" dir=""rtl""><font><span lang=""ER"" style="" mso-ansi-font-size: 12.0pt; mso-bidi-language: ER"">(</span><span lang=""FA"" style="" mso-ansi-font-size: 12.0pt; mso-bidi-language: FA"">۱) </span><span lang=""ER"" style="" mso-ansi-font-size: 12.0pt; mso-bidi-language: ER"">لڑکی کے والدین کی مرضی کے خلاف نکاح کا اقدام آپ کو نہیں کرنا چاہیے تھا، پھر بھی لڑکی کی مرضی سے جو نکاح آپ نے کیا ہے وہ شرعاً منعقد ہوگیا ہے۔ لڑکی نے جب آپ سے نکاح کرنے کو کہا اور آپ نے جولائی </span><span lang=""FA"" style="" mso-ansi-font-size: 12.0pt; mso-bidi-language: FA"">۲۰۰۵</span><span lang=""ER"" style="" mso-ansi-font-size: 12.0pt; mso-bidi-language: ER"">ء میں ایک مولوی اور دو گواہ کی موجودگی میں نکاح کرلیا، ظاہر یہی ہے کہ مولوی صاحب نے لڑکی کی طرف سے وکیل کی حیثیت سے نکاح پڑھایا تو بھی نکاح صحیح ہوگیا۔ اوراگر فضولی کے طور پر پڑھایا تو آپ کا قبول کرنا اپنی طرف سے بحیثیت اصیل ہوا، اور لڑکی کی طرف سے بحیثیت وکیل ہوا (کیونکہ لڑکی آپ کو وکیل بناچکی ہے) لہٰذا مذکورہ نکاح از روئے شریعت درست و صحیح ہوا ہے۔</span></font></p><p class=""MsoNormal"" dir=""rtl""><font><span lang=""ER"" style="" mso-ansi-font-size: 12.0pt; mso-bidi-language: ER"">(</span><span lang=""FA"" style="" mso-ansi-font-size: 12.0pt; mso-bidi-language: FA"">۲-۳) </span><span lang=""ER"" style="" mso-ansi-font-size: 12.0pt; mso-bidi-language: ER"">یہ دونوں باتیں لغو ہیں۔</span></font></p><p class=""MsoNormal"" dir=""rtl""><font><span lang=""ER"" style="" mso-ansi-font-size: 12.0pt; mso-bidi-language: ER"">(</span><span lang=""FA"" style="" mso-ansi-font-size: 12.0pt; mso-bidi-language: FA"">۴) </span><span lang=""ER"" style="" mso-ansi-font-size: 12.0pt; mso-bidi-language: ER"">صحیح النسب ہیں، آپ دونوں کے جگر گوشے ہیں۔</span></font></p><p class=""MsoNormal"" dir=""rtl""><font><span lang=""ER"" style="" mso-ansi-font-size: 12.0pt; mso-bidi-language: ER"">(</span><span lang=""FA"" style="" mso-ansi-font-size: 12.0pt; mso-bidi-language: FA"">۵-۶) </span><span lang=""ER"" style="" mso-ansi-font-size: 12.0pt; mso-bidi-language: ER"">یہ سب وساوس شیطانی ہیں، انھیں دل و دماغ سے نکال دیں، مرضیات الٰہی کے مطابق دونوں شرعی احکام کی پابندی کرتے ہوئے خوش گوار زندگی گذاریں۔ البتہ اپنے ساس سسر کو راضی وخوش کرنے کی پوری فکر اور کوشش کریں، ان کے ساتھ حسن سلوک اور خدمت کو اپنا فریضہ سمجھیں۔</span></font></p><p></p><br><span style=""font-size:1.2em"">
								<p><strong>واللہ تعالیٰ اعلم</strong></p>
								<br class=""clear"">
								<p><strong>دارالافتاء،</strong><br>دارالعلوم دیوبند</p>
							</span>",01-Sep-2020,7544,darulifta-deoband.com,معاشرت,نکاح,"<div id=""recent_fatwas"" class=""container tab-pane active""><br>
					<ul class=""answer_detail"">
												<li>
																					<div class=""cate_sec"">
								<p class=""category_name"">
									<span>
										معاشرت									</span> 
									&gt;&gt; 
									<span>
																		<a href=""https://darulifta-deoband.com/ur/category/n-a/Mjg="">نکاح</a>
									</span>
								</p>
								<p class=""quesid""><span class=""anser_id_urdu""> سوال نمبر: 7544</span><!--<span class=""country_urdu"">  : ملک</span> --></p>
							</div>
							<h2><u> عنوان:</u> <p><span lang=""ER"" style="" mso-ansi-font-size: 12.0pt; mso-bidi-language: ER""><font>میں پاکستان کی ایک پبلک سیکٹر یونیورسٹی میں لکچرر ہوں۔ میں نے ایک لڑکی سے اس کے والدین کی مرضی کے خلاف شادی کی۔ میری ایک لڑکی ہے اور میری بیوی دوسری مرتبہ بھی حاملہ ہے۔ ان دنوں میں اپنے نکاح کی درستگی کے بارے میں بہت فکر مند ہوں اور میں سچی توبہ کے لیے کچھ بھی کرنے کو تیار ہوں۔ اور اگر میں نے کوئی غلط کیا ہے تو میں اسلامی سزا کے لیے بھی تیار ہوں۔ واقعات کا سلسلہ تاریخ وار درج ذیل ہے۔۔۔۔۔۔۔؟؟؟</font></span></p></h2>
							<h2><u> سوال: </u> <p class=""MsoNormal"" dir=""rtl""><font><span lang=""ER"" style="" mso-ansi-font-size: 12.0pt; mso-bidi-language: ER"">میں پاکستان کی ایک پبلک سیکٹر یونیورسٹی میں لکچرر ہوں۔ میں نے ایک لڑکی سے اس کے والدین کی مرضی کے خلاف شادی کی۔ میری ایک لڑکی ہے اور میری بیوی دوسری مرتبہ بھی حاملہ ہے۔ ان دنوں میں اپنے نکاح کی درستگی کے بارے میں بہت فکر مند ہوں اور میں سچی توبہ کے لیے کچھ بھی کرنے کو تیار ہوں۔ اور اگر میں نے کوئی غلط کیا ہے تو میں اسلامی سزا کے لیے بھی تیار ہوں۔ واقعات کا سلسلہ تاریخ وار درج ذیل ہے:(</span><span lang=""FA"" style="" mso-ansi-font-size: 12.0pt; mso-bidi-language: FA"">۱)</span><span lang=""ER"" style="" mso-ansi-font-size: 12.0pt; mso-bidi-language: ER"">جولائی 2003: میں اس کو (اب میری بیوی) کو یہ تحریری پیغام بھیجاکہ کیا وہ ومجھ سے شادی کرے گی؟ اس نے ہاں میں جواب دیا لکھ کرکے۔ لیکن اس نے مجھ سے کہا کہ چوں کہ ہماری برادری مختلف ہے اس لیے اس کو اپنے والدین کو راضی کرنے میں کچھ وقت لگے گا۔(</span><span lang=""FA"" style="" mso-ansi-font-size: 12.0pt; mso-bidi-language: FA"">۲) </span><span lang=""ER"" style="" mso-ansi-font-size: 12.0pt; mso-bidi-language: ER"">اپریل2004: میں نے اس کے بہنوئی سے کہا کہ میں اس سے (اب میری بیوی) سے شادی کرنا چاہتا ہوں۔ میں نے اس سے اس لیے کہا کہ کیوں کہ وہ اس کے (میری بیوی کے گھر میں) فیصلہ کرنے والا ہے۔ وہ اس بات پر ناراض ہوگیا۔ یہ بات میں نے اپنی بیوی کے بھائی (اب میراسالا) سے کہی۔ اس نے مجھ سے کہا کہ مجھے اس کے والد(اب میرے سسر)سے بات کرنی چاہیے۔ لیکن اس نے (اب میری بیوی)نے اپنے گھر والوں سے اس معاملہ پر بات چیت کرنے سے منع کیا، بصورت دیگر وہ لوگ زبردستی اس کی شادی کہیں اور کردیں گے۔وقت کے ساتھ ساتھ اس نے اس بات کا اندازہ لگایا کہ اس کے گھر والے اس کو کبھی بھی میرے ساتھ شادی کرنے کی اجازت نہیں دیں گے۔ اس لیے اس نے مجھے پوشیدہ طور پر نکاح کرنے کو کہا۔ (</span><span lang=""FA"" style="" mso-ansi-font-size: 12.0pt; mso-bidi-language: FA"">۳)</span><span lang=""ER"" style="" mso-ansi-font-size: 12.0pt; mso-bidi-language: ER"">جولائی 2005: ہم نے ایک مولوی اور دو گواہ کی موجودگی میں نکاح کرلیا۔ اس وقت ہم دونوں کی عمر انتیس سال کی تھی۔ اس کے بعد اس نے(میری بیوی) مجھے اپنے والدین کواس کے والدین کے پاس بھیجنے کی اجازت دی۔ (</span><span lang=""FA"" style="" mso-ansi-font-size: 12.0pt; mso-bidi-language: FA"">۴)</span><span lang=""ER"" style="" mso-ansi-font-size: 12.0pt; mso-bidi-language: ER"">اگست 2005: میرے والدین نے اس کے والدین سے ملاقا ت کی ۔ لیکن انھوں نے اخیرمیں کہا کہ ہم گھر والے اس شادی کے خلاف ہیں اور انکار کردیا۔ میرے والدین نے اس وقت ہمارے نکاح کو اس کے والدین کے پاس افشا نہیں کیا۔ اس کے بعد اس کے والدین اس کے لیے بہت سخت بن گئے۔اس کے مطابق جب اس کے والد نے اس سے کہا کہ وہ مجھ سے شادی نہ کرے تووہ خاموش ہوگئی۔ اس کے مطابق اس نے اپنی ماں سے کہا کہ وہ صرف میرے ساتھ ہی شادی کرے گی کسی اور سے نہیں۔ اس کے مطابق اس نے یہ بات اپنے والدکو (میرے سسر) کو پہنچائی۔ انھوں نے اس کو اس کا پاؤں توڑنے کی اور اس کو ایک تاریک کمرے میں بند کرنے کی دھمکی دی۔ میں اس کے والدین سے ہمارے نکاح کو ظاہر کرنا چاہتا تھا، لیکن اس نے مجھے یہ کہتے ہوئے منع کردیا کہ اگر ان کو یہ بات معلوم ہوجائے گی تو وہ لوگ مجھے مار ڈالیں گے۔(</span><span lang=""FA"" style="" mso-ansi-font-size: 12.0pt; mso-bidi-language: FA"">۵)</span><span lang=""ER"" style="" mso-ansi-font-size: 12.0pt; mso-bidi-language: ER"">مئی 2006: اس نے اس کو مجھے اپنے گھر لانے کو کہا کیوں کہ اس کے لیے اس کے والدین کے گھر رہنا بہت مشکل تھا۔ 31مئی 2006کو میں اس کو اپنے گھر لایا۔ ہم نے اس رات پہلی مرتبہ صحبت کی۔ ہم ایک جج کے سامنے حاضر ہوئے اوراس نے دوبارہ اپنی مرضی ظاہر کی میرے ساتھ شادی کرنے کی اوراپنے والدین اور خاندان والوں کی دھمکی سے حفاظت کی طلب گار ہوئی۔ اس کے والدین نہیں جان سکے کہ وہ میرے ساتھ ہونے کے لیے کب اپنا گھر چھوڑا۔ یہ بات ہم نے ان کو پانچ دن کے بعد بتائی اس خوف سے کہ کہیں وہ ہمیں مار نہ دیں۔آخرش، اس کے والدین کو بہت تکلیف ہوئی اس کے اتنی خاموشی سے غائب ہوجانے پر۔ (</span><span lang=""FA"" style="" mso-ansi-font-size: 12.0pt; mso-bidi-language: FA"">۶) </span><span lang=""ER"" style="" mso-ansi-font-size: 12.0pt; mso-bidi-language: ER"">دو ماہ کے بعد میرے ایک ساتھی نے اس کے والدین سے کہا کہ وہ مجھ کو معاف کردیں لیکن انھوں نے انکار کردیا۔ (</span><span lang=""FA"" style="" mso-ansi-font-size: 12.0pt; mso-bidi-language: FA"">۷)</span><span lang=""ER"" style="" mso-ansi-font-size: 12.0pt; mso-bidi-language: ER"">اب میری ایک لڑکی ہے اور میری بیوی حاملہ ہے۔ ایک اہل حدیث عالم نے مجھ سے کہا کہ میں نے اللہ کی حد کو توڑا ہے اورمیری سزا ہمیشہ کے لیے جہنم ہے۔ میں ایک حنفی ہوں۔ میری بیوی یقین رکھتی ہے کہ ہمارا نکاح درست ہے۔ لیکن میں اس کے بارے میں بہت پریشان ہوں۔ میرا سوال یہ ہے:(</span><span lang=""FA"" style="" mso-ansi-font-size: 12.0pt; mso-bidi-language: FA"">۱)</span><span lang=""ER"" style="" mso-ansi-font-size: 12.0pt; mso-bidi-language: ER"">کیا اسلامی طور پر ہمارا نکاح قابل قبول ہے یا نہیں؟ (</span><span lang=""FA"" style="" mso-ansi-font-size: 12.0pt; mso-bidi-language: FA"">۲)</span><span lang=""ER"" style="" mso-ansi-font-size: 12.0pt; mso-bidi-language: ER"">اگر نہیں، تواب ہمیں کیا کرنا چاہیے کیوں کہ ہمارے بچے بھی ہیں؟ (</span><span lang=""FA"" style="" mso-ansi-font-size: 12.0pt; mso-bidi-language: FA"">۳) </span><span lang=""ER"" style="" mso-ansi-font-size: 12.0pt; mso-bidi-language: ER"">کیا میں اس کو چھوڑ دوں کیوں کہ اب اس کے والدین بھی اس کو اپنے گھر آنے کی اجازت نہیں دیں گے؟ ایک مرتبہ 2006میں انھوں نے اس سے کہا تھا کہ اگر وہ ان کے ساتھ تمام تعلقات منقطع نہیں کرے گی تو وہ اس کو قتل کرڈالیں گے۔(</span><span lang=""FA"" style="" mso-ansi-font-size: 12.0pt; mso-bidi-language: FA"">۴)</span><span lang=""ER"" style="" mso-ansi-font-size: 12.0pt; mso-bidi-language: ER"">بچوں کا کیا مرتبہ ہے؟ (</span><span lang=""FA"" style="" mso-ansi-font-size: 12.0pt; mso-bidi-language: FA"">۵)</span><span lang=""ER"" style="" mso-ansi-font-size: 12.0pt; mso-bidi-language: ER"">اگر ہمارا یہ عمل قابل سزا عمل ہے اسلام کے مطابق تو میں سزا کے لیے تیار ہوں ۔میں سزا کے لیے کہاں جاؤں؟ مجھے کون سزادے گا؟ (</span><span lang=""FA"" style="" mso-ansi-font-size: 12.0pt; mso-bidi-language: FA"">۶)</span><span lang=""ER"" style="" mso-ansi-font-size: 12.0pt; mso-bidi-language: ER"">نیز میں اپنے ساس اور سسر کو پریشان کرنے کی وجہ سے بھی سزا کھانا چاہتا ہوں۔ میری سزا کیا ہے؟ میں نہیں جانتا ہوں، میں جواب دینا چاہتا ہوں اوراپنے پچھتاوے کا راستہ؟ میں یہیں سزا پانا چاہتا ہوں نہ کہ اوپر۔ اللہ واسطے میری مدد کریں۔ (فیملی کے کچھ حالات) (</span><span lang=""FA"" style="" mso-ansi-font-size: 12.0pt; mso-bidi-language: FA"">۱)</span><span lang=""ER"" style="" mso-ansi-font-size: 12.0pt; mso-bidi-language: ER"">وہ ہمارے گھر والوں سے زیادہ مالدار ہیں۔ (</span><span lang=""FA"" style="" mso-ansi-font-size: 12.0pt; mso-bidi-language: FA"">۲)</span><span lang=""ER"" style="" mso-ansi-font-size: 12.0pt; mso-bidi-language: ER"">ان دنوں جب ہم نے نکاح کیا تھا اور اب میں ایک یونیورسٹی میں لکچرر ہوں اورتقریباً پینتیس ہزار روپیہ ہر ماہ کما رہا ہوں۔</span></font></p></h2>
							<p class=""fatwa_answer""><span class=""ans_urdu_id""> جواب نمبر: 7544</span><span style=""color:#efefef;display:none;"" class=""answer_date_urdu"">01-Sep-2020 : تاریخ اشاعت </span></p>
							<p>بسم الله الرحمن الرحيم</p>
							<p> </p><p class=""MsoNormal"" dir=""rtl""><span lang=""ER"" style="" mso-ansi-font-size: 12.0pt; mso-bidi-language: ER""><font>فتوی: 1549=1496/ د</font></span></p>
<p class=""MsoNormal"" dir=""rtl""><span lang=""ER"" style="" mso-ansi-font-size: 12.0pt; mso-bidi-language: ER""><o:p><font>&nbsp;</font></o:p></span></p>
<p class=""MsoNormal"" dir=""rtl""><font><span lang=""ER"" style="" mso-ansi-font-size: 12.0pt; mso-bidi-language: ER"">(</span><span lang=""FA"" style="" mso-ansi-font-size: 12.0pt; mso-bidi-language: FA"">۱) </span><span lang=""ER"" style="" mso-ansi-font-size: 12.0pt; mso-bidi-language: ER"">لڑکی کے والدین کی مرضی کے خلاف نکاح کا اقدام آپ کو نہیں کرنا چاہیے تھا، پھر بھی لڑکی کی مرضی سے جو نکاح آپ نے کیا ہے وہ شرعاً منعقد ہوگیا ہے۔ لڑکی نے جب آپ سے نکاح کرنے کو کہا اور آپ نے جولائی </span><span lang=""FA"" style="" mso-ansi-font-size: 12.0pt; mso-bidi-language: FA"">۲۰۰۵</span><span lang=""ER"" style="" mso-ansi-font-size: 12.0pt; mso-bidi-language: ER"">ء میں ایک مولوی اور دو گواہ کی موجودگی میں نکاح کرلیا، ظاہر یہی ہے کہ مولوی صاحب نے لڑکی کی طرف سے وکیل کی حیثیت سے نکاح پڑھایا تو بھی نکاح صحیح ہوگیا۔ اوراگر فضولی کے طور پر پڑھایا تو آپ کا قبول کرنا اپنی طرف سے بحیثیت اصیل ہوا، اور لڑکی کی طرف سے بحیثیت وکیل ہوا (کیونکہ لڑکی آپ کو وکیل بناچکی ہے) لہٰذا مذکورہ نکاح از روئے شریعت درست و صحیح ہوا ہے۔</span></font></p>
<p class=""MsoNormal"" dir=""rtl""><font><span lang=""ER"" style="" mso-ansi-font-size: 12.0pt; mso-bidi-language: ER"">(</span><span lang=""FA"" style="" mso-ansi-font-size: 12.0pt; mso-bidi-language: FA"">۲-۳) </span><span lang=""ER"" style="" mso-ansi-font-size: 12.0pt; mso-bidi-language: ER"">یہ دونوں باتیں لغو ہیں۔</span></font></p>
<p class=""MsoNormal"" dir=""rtl""><font><span lang=""ER"" style="" mso-ansi-font-size: 12.0pt; mso-bidi-language: ER"">(</span><span lang=""FA"" style="" mso-ansi-font-size: 12.0pt; mso-bidi-language: FA"">۴) </span><span lang=""ER"" style="" mso-ansi-font-size: 12.0pt; mso-bidi-language: ER"">صحیح النسب ہیں، آپ دونوں کے جگر گوشے ہیں۔</span></font></p>
<p class=""MsoNormal"" dir=""rtl""><font><span lang=""ER"" style="" mso-ansi-font-size: 12.0pt; mso-bidi-language: ER"">(</span><span lang=""FA"" style="" mso-ansi-font-size: 12.0pt; mso-bidi-language: FA"">۵-۶) </span><span lang=""ER"" style="" mso-ansi-font-size: 12.0pt; mso-bidi-language: ER"">یہ سب وساوس شیطانی ہیں، انھیں دل و دماغ سے نکال دیں، مرضیات الٰہی کے مطابق دونوں شرعی احکام کی پابندی کرتے ہوئے خوش گوار زندگی گذاریں۔ البتہ اپنے ساس سسر کو راضی وخوش کرنے کی پوری فکر اور کوشش کریں، ان کے ساتھ حسن سلوک اور خدمت کو اپنا فریضہ سمجھیں۔</span></font></p><p></p> 
							<br>
							<span style=""font-size:1.2em"">
								<p><strong>واللہ تعالیٰ اعلم</strong></p>
								<br class=""clear"">
								<p><strong>دارالافتاء،</strong><br>دارالعلوم دیوبند</p>
							</span>
						</li>
											</ul>
				</div>"
https://darulifta-deoband.com/home/ur/nikah-marriage/7523,کیا ایسی شیعہ لڑکی کے ساتھ شادی کرنا جو کہ قرآن کی تکمیل پر یقین رکھتی ہے اور صحابہ کرام کو گالی نہیں دیتی ہے جائز ہے؟,"<h2><u> سوال: </u> <p class=""MsoNormal"" dir=""rtl""><span lang=""AR-SA"" style="" mso-ansi-font-size: 12.0pt""><font>کیا ایسی شیعہ لڑکی کے ساتھ شادی کرنا جو کہ قرآن کی تکمیل پر یقین رکھتی ہے اور صحابہ کرام کو گالی نہیں دیتی ہے جائز ہے؟</font></span></p></h2>","<p>بسم الله الرحمن الرحيم</p><p> </p><p class=""MsoNormal"" dir=""rtl""><span lang=""AR-SA"" style="" mso-ansi-font-size: 12.0pt""><font>فتوی: 928=932/ م</font></span></p><p class=""MsoNormal"" dir=""rtl""><span lang=""AR-SA"" style="" mso-ansi-font-size: 12.0pt""><o:p><font>&nbsp;</font></o:p></span></p><p class=""MsoNormal"" dir=""rtl""><span lang=""AR-SA"" style="" mso-ansi-font-size: 12.0pt""><font>مذکورہ عقیدے کے علاوہ دیگر عقائد بھی اس شیعہ لڑکی کے اگر درست ہوں یعنی اہل سنت والجماعت کے مطابق ہوں، اور جن چیزوں میں کفاءت کا اعتبار ہے ان میں بھی لڑکا، لڑکی باہم کفو ہوں، اور ہراعتبار سے اس کے احوال قابل اطمینان ہوں، تو اس سے شادی کی جاسکتی ہے۔</font></span></p><p></p><br><span style=""font-size:1.2em"">
								<p><strong>واللہ تعالیٰ اعلم</strong></p>
								<br class=""clear"">
								<p><strong>دارالافتاء،</strong><br>دارالعلوم دیوبند</p>
							</span>",01-Sep-2020,7523,darulifta-deoband.com,معاشرت,نکاح,"<div id=""recent_fatwas"" class=""container tab-pane active""><br>
					<ul class=""answer_detail"">
												<li>
																					<div class=""cate_sec"">
								<p class=""category_name"">
									<span>
										معاشرت									</span> 
									&gt;&gt; 
									<span>
																		<a href=""https://darulifta-deoband.com/ur/category/n-a/Mjg="">نکاح</a>
									</span>
								</p>
								<p class=""quesid""><span class=""anser_id_urdu""> سوال نمبر: 7523</span><!--<span class=""country_urdu"">  : ملک</span> --></p>
							</div>
							<h2><u> عنوان:</u> <span lang=""AR-SA"" dir=""rtl"" style="" ; mso-fareast-font-family: SimSun; mso-ansi-language: EN-US; mso-fareast-language: EN-US; mso-bidi-language: AR-SA; mso-ansi-font-size: 12.0pt""><span dir=""rtl"">
<p class=""MsoNormal"" dir=""rtl""><span lang=""AR-SA"" style="" mso-ansi-font-size: 12.0pt"">کیا ایسی شیعہ لڑکی کے ساتھ شادی کرنا جو کہ قرآن کی تکمیل پر یقین رکھتی ہے اور صحابہ کرام کو گالی نہیں دیتی ہے جائز ہے؟</span></p></span></span></h2>
							<h2><u> سوال: </u> <p class=""MsoNormal"" dir=""rtl""><span lang=""AR-SA"" style="" mso-ansi-font-size: 12.0pt""><font>کیا ایسی شیعہ لڑکی کے ساتھ شادی کرنا جو کہ قرآن کی تکمیل پر یقین رکھتی ہے اور صحابہ کرام کو گالی نہیں دیتی ہے جائز ہے؟</font></span></p></h2>
							<p class=""fatwa_answer""><span class=""ans_urdu_id""> جواب نمبر: 7523</span><span style=""color:#efefef;display:none;"" class=""answer_date_urdu"">01-Sep-2020 : تاریخ اشاعت </span></p>
							<p>بسم الله الرحمن الرحيم</p>
							<p> </p><p class=""MsoNormal"" dir=""rtl""><span lang=""AR-SA"" style="" mso-ansi-font-size: 12.0pt""><font>فتوی: 928=932/ م</font></span></p>
<p class=""MsoNormal"" dir=""rtl""><span lang=""AR-SA"" style="" mso-ansi-font-size: 12.0pt""><o:p><font>&nbsp;</font></o:p></span></p>
<p class=""MsoNormal"" dir=""rtl""><span lang=""AR-SA"" style="" mso-ansi-font-size: 12.0pt""><font>مذکورہ عقیدے کے علاوہ دیگر عقائد بھی اس شیعہ لڑکی کے اگر درست ہوں یعنی اہل سنت والجماعت کے مطابق ہوں، اور جن چیزوں میں کفاءت کا اعتبار ہے ان میں بھی لڑکا، لڑکی باہم کفو ہوں، اور ہراعتبار سے اس کے احوال قابل اطمینان ہوں، تو اس سے شادی کی جاسکتی ہے۔</font></span></p><p></p> 
							<br>
							<span style=""font-size:1.2em"">
								<p><strong>واللہ تعالیٰ اعلم</strong></p>
								<br class=""clear"">
								<p><strong>دارالافتاء،</strong><br>دارالعلوم دیوبند</p>
							</span>
						</li>
											</ul>
				</div>"
https://darulifta-deoband.com/home/ur/nikah-marriage/7386,کیا ہونے والے شوہر سے شادی سے پہلے فون پر بات کرسکتے ہیں؟ قرآن اورحدیث کے حوالہ کے ساتھ بتائیں۔,"<h2><u> سوال: </u> <p class=""MsoNormal"" dir=""rtl""><span lang=""AR-SA"" style="" mso-ansi-font-size: 12.0pt""><font>کیا ہونے والے شوہر سے شادی سے پہلے فون پر بات کرسکتے ہیں؟ قرآن اورحدیث کے حوالہ کے ساتھ بتائیں۔</font></span></p></h2>","<p>بسم الله الرحمن الرحيم</p><p> </p><p class=""MsoNormal"" dir=""rtl""><span lang=""AR-SA"" style="" mso-ansi-font-size: 12.0pt""><font>فتوی: 864=864/ م</font></span></p><p class=""MsoNormal"" dir=""rtl""><span lang=""AR-SA"" style="" mso-ansi-font-size: 12.0pt""><o:p><font>&nbsp;</font></o:p></span></p><p class=""MsoNormal"" dir=""rtl""><span lang=""AR-SA"" style="" mso-ansi-font-size: 12.0pt""><font>ہونے والا شوہر شادی سے پہلے اجنبی مرد کی طرح ہے، لہٰذا بلاضرورت اس سے فون پر بات کرنا جائز نہیں۔</font></span></p><p></p><br><span style=""font-size:1.2em"">
								<p><strong>واللہ تعالیٰ اعلم</strong></p>
								<br class=""clear"">
								<p><strong>دارالافتاء،</strong><br>دارالعلوم دیوبند</p>
							</span>",01-Sep-2020,7386,darulifta-deoband.com,معاشرت,نکاح,"<div id=""recent_fatwas"" class=""container tab-pane active""><br>
					<ul class=""answer_detail"">
												<li>
																					<div class=""cate_sec"">
								<p class=""category_name"">
									<span>
										معاشرت									</span> 
									&gt;&gt; 
									<span>
																		<a href=""https://darulifta-deoband.com/ur/category/n-a/Mjg="">نکاح</a>
									</span>
								</p>
								<p class=""quesid""><span class=""anser_id_urdu""> سوال نمبر: 7386</span><!--<span class=""country_urdu"">  : ملک</span> --></p>
							</div>
							<h2><u> عنوان:</u> <p class=""MsoNormal"" dir=""rtl""><span lang=""AR-SA"" style="" mso-ansi-font-size: 12.0pt""><font>کیا ہونے والے شوہر سے شادی سے پہلے فون پر بات کرسکتے ہیں؟ قرآن اورحدیث کے حوالہ کے ساتھ بتائیں۔</font></span></p></h2>
							<h2><u> سوال: </u> <p class=""MsoNormal"" dir=""rtl""><span lang=""AR-SA"" style="" mso-ansi-font-size: 12.0pt""><font>کیا ہونے والے شوہر سے شادی سے پہلے فون پر بات کرسکتے ہیں؟ قرآن اورحدیث کے حوالہ کے ساتھ بتائیں۔</font></span></p></h2>
							<p class=""fatwa_answer""><span class=""ans_urdu_id""> جواب نمبر: 7386</span><span style=""color:#efefef;display:none;"" class=""answer_date_urdu"">01-Sep-2020 : تاریخ اشاعت </span></p>
							<p>بسم الله الرحمن الرحيم</p>
							<p> </p><p class=""MsoNormal"" dir=""rtl""><span lang=""AR-SA"" style="" mso-ansi-font-size: 12.0pt""><font>فتوی: 864=864/ م</font></span></p>
<p class=""MsoNormal"" dir=""rtl""><span lang=""AR-SA"" style="" mso-ansi-font-size: 12.0pt""><o:p><font>&nbsp;</font></o:p></span></p>
<p class=""MsoNormal"" dir=""rtl""><span lang=""AR-SA"" style="" mso-ansi-font-size: 12.0pt""><font>ہونے والا شوہر شادی سے پہلے اجنبی مرد کی طرح ہے، لہٰذا بلاضرورت اس سے فون پر بات کرنا جائز نہیں۔</font></span></p><p></p> 
							<br>
							<span style=""font-size:1.2em"">
								<p><strong>واللہ تعالیٰ اعلم</strong></p>
								<br class=""clear"">
								<p><strong>دارالافتاء،</strong><br>دارالعلوم دیوبند</p>
							</span>
						</li>
											</ul>
				</div>"
https://darulifta-deoband.com/home/ur/nikah-marriage/7346,کیا گھر داری یعنی کھانا پکانا ،صفائی، بچوں کی پرورش، شوہر کی خدمت وغیرہ یہ سب کچھ بیوی کی ذمہ داری نہیں ہے؟ اگر نہیں ہے، تو پھر کس کے ذمہ ہے؟ کیوں کہ مردوں کو زیادہ تر اوقات کو گھر سے باہر ہی گزارنے ہوتے ہیں، یعنی معاش وغیرہ کے سلسلہ میں۔ اگر یہ سب کا م بیوی نہیں کرے گی تو پھر گھر کا نظام تو نہیں چل سکے گا۔اس سلسلہ میں اسلام کیا سنت طریقہ بتاتا ہے؟,"<h2><u> سوال: </u> <p class=""MsoNormal"" dir=""rtl""><span lang=""AR-SA"" style="" mso-ansi-font-size: 12.0pt""><font>کیا گھر داری یعنی کھانا پکانا ،صفائی، بچوں کی پرورش، شوہر کی خدمت وغیرہ یہ سب کچھ بیوی کی ذمہ داری نہیں ہے؟ اگر نہیں ہے، تو پھر کس کے ذمہ ہے؟ کیوں کہ مردوں کو زیادہ تر اوقات کو گھر سے باہر ہی گزارنے ہوتے ہیں، یعنی معاش وغیرہ کے سلسلہ میں۔ اگر یہ سب کا م بیوی نہیں کرے گی تو پھر گھر کا نظام تو نہیں چل سکے گا۔اس سلسلہ میں اسلام کیا سنت طریقہ بتاتا ہے؟</font></span></p></h2>","<p>بسم الله الرحمن الرحيم</p><p> </p><p class=""MsoNormal"" dir=""rtl""><span lang=""AR-SA"" style="" mso-ansi-font-size: 12.0pt""><font>فتوی: 1438=1354/ د</font></span></p><p class=""MsoNormal"" dir=""rtl""><span lang=""AR-SA"" style="" mso-ansi-font-size: 12.0pt""><o:p><font>&nbsp;</font></o:p></span></p><p class=""MsoNormal"" dir=""rtl""><span lang=""AR-SA"" style="" mso-ansi-font-size: 12.0pt""><font>آنحضرت صلی اللہ علیہ وسلم نے حضرت فاطمہ رضی اللہ عنہا کے نکاح کے بعد حضرت علی کرم اللہ وجہہ اور حضرت فاطمہ رضی اللہ تعالیٰ عنہا کے مابین تقسیم کار اس طرح فرمایا کہ باہر کا کام حضرت علی رضی اللہ عنہ کے ذمہ اور گھر کا کام حضرت فاطمہ رضی اللہ عنہا کے ذمہ۔ قال في زاد المعاد حکم النبي صلی اللہ علیہ وسلم علی فاطمة بالخدمة الباطنة وحکم علی علي بالخدمة الظاہرة</font></span><span lang=""AR-SA"" style="" FONT-FAMILY: 'MS Gothic'; mso-ansi-font-size: 12.0pt; mso-bidi-font-family: 'MS Gothic'"">․</span><span lang=""AR-SA"" style="" mso-ansi-font-size: 12.0pt""><font> </font></span></p><p class=""MsoNormal"" dir=""rtl""><span lang=""AR-SA"" style="" mso-ansi-font-size: 12.0pt""><font>شوہر کے ذمہ نان ونفقہ کی ذمہ داری اور باہری کام مثلاً بازار سے سامان وغیرہ لانا اور عورت کی راحت و دلجوئی کا پورا خیال رکھنا۔</font></span></p><p class=""MsoNormal"" dir=""rtl""><font><span lang=""AR-SA"" style="" mso-ansi-font-size: 12.0pt"">بیوی کے ذمہ شوہر کے سامان و مکان کی نگرانی، صفائی ستھرائی اور سلیقہ مندی سے اسے رکھنا۔ بچوں کی پرورش و تربیت کرنا۔ شوہر کی دلجوئی و اطاعت کرنا واجب ہے۔ نان ونفقہ شوہر کے ذمہ ہے، لہٰذا اگر عورت ایسے گھرانہ سے تعلق رکھتی ہے جو خود کھانا نہیں پکاتیں بلکہ ان کی نوکرانیاں پکاتی ہیں یا اسے بیماری وغیرہ کا عذر ہے اس بنا پر وہ شوہر کے گھر کھانا پکانے سے انکار کرتی ہے تو شوہر کے ذمہ پکی روٹی کا انتظام کرنا ضروری ہے، عورت کو کھانا پکانے پر مجبور نہیں کرسکتا، بلکہ نوکرانی رکھ کر روٹی پکوائے۔ اور اگر عورت کا معیار اس قدر بلند نہیں ہے، بلکہ گھر کی عورتیں خود ہی کھانا پکاتی ہیں جیسا کہ بالعموم اسلامی معاشرہ کے متوسط گھرانوں میں ہوتا ہے تو عورت کو کھانا پکانے سے انکار نہیں کرنا چاہیے۔ البتہ ضروریات واسباب و سہولیات کا انتظام کرنا حسب حیثیت شوہر پر واجب ہوگا۔ حاصل یہ کہ کوئی عذر مانع نہ ہو تو عورت پر کھانا پکانا دیانةً واجب ہے لیکن اگر وہ انکار کرتی ہے تو کھانا پکانے پر اسے مجبور نہیں کیا جاسکتا۔ قال فی الدر: امتنعت المرأة من الطحن والخبز إن کانت ممن لاتخدم أو کان بھا علة فعلیہ أن یأتیھا بطعام مہیأ وإلا بأن کانت ممن تخدم نفسھا وتقدر علی ذلک لا یجب علیہ ولا یجوز لہا أخذ الأجرة علی ذلک لوجوبہ علیہا دیانةً ولو شریفةً قال الشامي فتفتی بہ ولکنہا لا تجبر علیہ إن أبت بدائع (شامي: ج</span><span lang=""FA"" style="" mso-ansi-font-size: 12.0pt; mso-bidi-language: FA"">۲</span><span lang=""AR-SA"" style="" mso-ansi-font-size: 12.0pt""> ص</span><span lang=""FA"" style="" mso-ansi-font-size: 12.0pt; mso-bidi-language: FA"">۷۰۴)</span></font><span lang=""AR-SA"" style="" mso-ansi-font-size: 12.0pt""></span></p><p></p><br><span style=""font-size:1.2em"">
								<p><strong>واللہ تعالیٰ اعلم</strong></p>
								<br class=""clear"">
								<p><strong>دارالافتاء،</strong><br>دارالعلوم دیوبند</p>
							</span>",01-Sep-2020,7346,darulifta-deoband.com,معاشرت,نکاح,"<div id=""recent_fatwas"" class=""container tab-pane active""><br>
					<ul class=""answer_detail"">
												<li>
																					<div class=""cate_sec"">
								<p class=""category_name"">
									<span>
										معاشرت									</span> 
									&gt;&gt; 
									<span>
																		<a href=""https://darulifta-deoband.com/ur/category/n-a/Mjg="">نکاح</a>
									</span>
								</p>
								<p class=""quesid""><span class=""anser_id_urdu""> سوال نمبر: 7346</span><!--<span class=""country_urdu"">  : ملک</span> --></p>
							</div>
							<h2><u> عنوان:</u> <p class=""MsoNormal"" dir=""rtl""><span lang=""AR-SA"" style="" mso-ansi-font-size: 12.0pt""><font>کیا گھر داری یعنی کھانا پکانا ،صفائی، بچوں کی پرورش، شوہر کی خدمت وغیرہ یہ سب کچھ بیوی کی ذمہ داری نہیں ہے؟ اگر نہیں ہے، تو پھر کس کے ذمہ ہے؟ کیوں کہ مردوں کو زیادہ تر اوقات کو گھر سے باہر ہی گزارنے ہوتے ہیں، یعنی معاش وغیرہ کے سلسلہ میں۔ اگر یہ سب کا م بیوی نہیں کرے گی تو پھر گھر کا نظام تو نہیں چل سکے گا۔اس سلسلہ میں اسلام کیا سنت طریقہ بتاتا ہے؟</font></span></p></h2>
							<h2><u> سوال: </u> <p class=""MsoNormal"" dir=""rtl""><span lang=""AR-SA"" style="" mso-ansi-font-size: 12.0pt""><font>کیا گھر داری یعنی کھانا پکانا ،صفائی، بچوں کی پرورش، شوہر کی خدمت وغیرہ یہ سب کچھ بیوی کی ذمہ داری نہیں ہے؟ اگر نہیں ہے، تو پھر کس کے ذمہ ہے؟ کیوں کہ مردوں کو زیادہ تر اوقات کو گھر سے باہر ہی گزارنے ہوتے ہیں، یعنی معاش وغیرہ کے سلسلہ میں۔ اگر یہ سب کا م بیوی نہیں کرے گی تو پھر گھر کا نظام تو نہیں چل سکے گا۔اس سلسلہ میں اسلام کیا سنت طریقہ بتاتا ہے؟</font></span></p></h2>
							<p class=""fatwa_answer""><span class=""ans_urdu_id""> جواب نمبر: 7346</span><span style=""color:#efefef;display:none;"" class=""answer_date_urdu"">01-Sep-2020 : تاریخ اشاعت </span></p>
							<p>بسم الله الرحمن الرحيم</p>
							<p> </p><p class=""MsoNormal"" dir=""rtl""><span lang=""AR-SA"" style="" mso-ansi-font-size: 12.0pt""><font>فتوی: 1438=1354/ د</font></span></p>
<p class=""MsoNormal"" dir=""rtl""><span lang=""AR-SA"" style="" mso-ansi-font-size: 12.0pt""><o:p><font>&nbsp;</font></o:p></span></p>
<p class=""MsoNormal"" dir=""rtl""><span lang=""AR-SA"" style="" mso-ansi-font-size: 12.0pt""><font>آنحضرت صلی اللہ علیہ وسلم نے حضرت فاطمہ رضی اللہ عنہا کے نکاح کے بعد حضرت علی کرم اللہ وجہہ اور حضرت فاطمہ رضی اللہ تعالیٰ عنہا کے مابین تقسیم کار اس طرح فرمایا کہ باہر کا کام حضرت علی رضی اللہ عنہ کے ذمہ اور گھر کا کام حضرت فاطمہ رضی اللہ عنہا کے ذمہ۔ قال في زاد المعاد حکم النبي صلی اللہ علیہ وسلم علی فاطمة بالخدمة الباطنة وحکم علی علي بالخدمة الظاہرة</font></span><span lang=""AR-SA"" style="" FONT-FAMILY: 'MS Gothic'; mso-ansi-font-size: 12.0pt; mso-bidi-font-family: 'MS Gothic'"">․</span><span lang=""AR-SA"" style="" mso-ansi-font-size: 12.0pt""><font> </font></span></p>
<p class=""MsoNormal"" dir=""rtl""><span lang=""AR-SA"" style="" mso-ansi-font-size: 12.0pt""><font>شوہر کے ذمہ نان ونفقہ کی ذمہ داری اور باہری کام مثلاً بازار سے سامان وغیرہ لانا اور عورت کی راحت و دلجوئی کا پورا خیال رکھنا۔</font></span></p>
<p class=""MsoNormal"" dir=""rtl""><font><span lang=""AR-SA"" style="" mso-ansi-font-size: 12.0pt"">بیوی کے ذمہ شوہر کے سامان و مکان کی نگرانی، صفائی ستھرائی اور سلیقہ مندی سے اسے رکھنا۔ بچوں کی پرورش و تربیت کرنا۔ شوہر کی دلجوئی و اطاعت کرنا واجب ہے۔ نان ونفقہ شوہر کے ذمہ ہے، لہٰذا اگر عورت ایسے گھرانہ سے تعلق رکھتی ہے جو خود کھانا نہیں پکاتیں بلکہ ان کی نوکرانیاں پکاتی ہیں یا اسے بیماری وغیرہ کا عذر ہے اس بنا پر وہ شوہر کے گھر کھانا پکانے سے انکار کرتی ہے تو شوہر کے ذمہ پکی روٹی کا انتظام کرنا ضروری ہے، عورت کو کھانا پکانے پر مجبور نہیں کرسکتا، بلکہ نوکرانی رکھ کر روٹی پکوائے۔ اور اگر عورت کا معیار اس قدر بلند نہیں ہے، بلکہ گھر کی عورتیں خود ہی کھانا پکاتی ہیں جیسا کہ بالعموم اسلامی معاشرہ کے متوسط گھرانوں میں ہوتا ہے تو عورت کو کھانا پکانے سے انکار نہیں کرنا چاہیے۔ البتہ ضروریات واسباب و سہولیات کا انتظام کرنا حسب حیثیت شوہر پر واجب ہوگا۔ حاصل یہ کہ کوئی عذر مانع نہ ہو تو عورت پر کھانا پکانا دیانةً واجب ہے لیکن اگر وہ انکار کرتی ہے تو کھانا پکانے پر اسے مجبور نہیں کیا جاسکتا۔ قال فی الدر: امتنعت المرأة من الطحن والخبز إن کانت ممن لاتخدم أو کان بھا علة فعلیہ أن یأتیھا بطعام مہیأ وإلا بأن کانت ممن تخدم نفسھا وتقدر علی ذلک لا یجب علیہ ولا یجوز لہا أخذ الأجرة علی ذلک لوجوبہ علیہا دیانةً ولو شریفةً قال الشامي فتفتی بہ ولکنہا لا تجبر علیہ إن أبت بدائع (شامي: ج</span><span lang=""FA"" style="" mso-ansi-font-size: 12.0pt; mso-bidi-language: FA"">۲</span><span lang=""AR-SA"" style="" mso-ansi-font-size: 12.0pt""> ص</span><span lang=""FA"" style="" mso-ansi-font-size: 12.0pt; mso-bidi-language: FA"">۷۰۴)</span></font><span lang=""AR-SA"" style="" mso-ansi-font-size: 12.0pt""></span></p><p></p> 
							<br>
							<span style=""font-size:1.2em"">
								<p><strong>واللہ تعالیٰ اعلم</strong></p>
								<br class=""clear"">
								<p><strong>دارالافتاء،</strong><br>دارالعلوم دیوبند</p>
							</span>
						</li>
											</ul>
				</div>"
https://darulifta-deoband.com/home/ur/nikah-marriage/7332,اگر کوئی شیعہ لڑکا یہ عقیدہ رکھے کہ قرآن مسخ نہیں کیا گیا ہے اور اس میں ترمیم نہیں کی گئی ہے یہ کہتے ہوئے کہ اللہ نے قرآن کی ذمہ داری لی ہے اور کوئی شخص اس میں کوئی تبدیلی نہیں کرسکتا ہے۔ اس کا یہ عقیدہ نہیں ہے کہ حضرت علی رضی اللہ تعالی عنہ خدا ہیں۔ اس کا یہ بھی عقیدہ نہیں ہے کہ حضرت جبرئیل علیہ السلام نے وحی لاتے ہوئے غداری کی۔ وہ حضرت عائشہ صدیقہ رضی اللہ تعالی عنہا پر لعن و طعن نہیں کرتا ہے اور ان کا احترام کرتا ہے اورتمام صحابہ کرام کا احترام کرتا ہے، وہ کسی صحابہ کرام کوگالی نہیں دیتا ہے۔ میں اس کو گزشتہ نوسالوں سے جانتی ہوں اور اس کے گھر والوں کو بہت اچھی طرح سے جانتی ہوں اورمجھے ان کے عقائد میں کوئی غلط چیز نہیں ملی ہے۔ ان تمام حقائق کوجانتے ہوئے کیا اس سے شادی کرنا جائزہے؟,"<h2><u> سوال: </u> <p class=""MsoNormal"" dir=""rtl""><span lang=""ER"" style="" mso-ansi-font-size: 12.0pt; mso-bidi-language: ER""><font>اگر کوئی شیعہ لڑکا یہ عقیدہ رکھے کہ قرآن مسخ نہیں کیا گیا ہے اور اس میں ترمیم نہیں کی گئی ہے یہ کہتے ہوئے کہ اللہ نے قرآن کی ذمہ داری لی ہے اور کوئی شخص اس میں کوئی تبدیلی نہیں کرسکتا ہے۔ اس کا یہ عقیدہ نہیں ہے کہ حضرت علی رضی اللہ تعالی عنہ خدا ہیں۔ اس کا یہ بھی عقیدہ نہیں ہے کہ حضرت جبرئیل علیہ السلام نے وحی لاتے ہوئے غداری کی۔ وہ حضرت عائشہ صدیقہ رضی اللہ تعالی عنہا پر لعن و طعن نہیں کرتا ہے اور ان کا احترام کرتا ہے اورتمام صحابہ کرام کا احترام کرتا ہے، وہ کسی صحابہ کرام کوگالی نہیں دیتا ہے۔ میں اس کو گزشتہ نوسالوں سے جانتی ہوں اور اس کے گھر والوں کو بہت اچھی طرح سے جانتی ہوں اورمجھے ان کے عقائد میں کوئی غلط چیز نہیں ملی ہے۔ ان تمام حقائق کوجانتے ہوئے کیا اس سے شادی کرنا جائزہے؟</font></span></p></h2>","<p>بسم الله الرحمن الرحيم</p><p> </p><p class=""MsoNormal"" dir=""rtl""><span lang=""ER"" style="" mso-ansi-font-size: 12.0pt; mso-bidi-language: ER""><font>فتوی: 1090=954/ل</font></span></p><p class=""MsoNormal"" dir=""rtl""><span lang=""ER"" style="" mso-ansi-font-size: 12.0pt; mso-bidi-language: ER""><o:p><font>&nbsp;</font></o:p></span></p><p class=""MsoNormal"" dir=""rtl""><span lang=""ER"" style="" mso-ansi-font-size: 12.0pt; mso-bidi-language: ER""><font>شعیوں میں تقیہ کا عام رواج ہے اس لیے اس کا اندازہ لگایا جانا مشکل ہے کہ وہ شیعہ اپنی زبان سے جو بات کہہ رہا ہے وہی اس کے دل میں بھی ہے، بنا بریں کسی نیک سنی لڑکے سے نکاح کرنا ہی بہتر ہے۔</font></span></p><p></p><br><span style=""font-size:1.2em"">
								<p><strong>واللہ تعالیٰ اعلم</strong></p>
								<br class=""clear"">
								<p><strong>دارالافتاء،</strong><br>دارالعلوم دیوبند</p>
							</span>",31-Aug-2020,7332,darulifta-deoband.com,معاشرت,نکاح,"<div id=""recent_fatwas"" class=""container tab-pane active""><br>
					<ul class=""answer_detail"">
												<li>
																					<div class=""cate_sec"">
								<p class=""category_name"">
									<span>
										معاشرت									</span> 
									&gt;&gt; 
									<span>
																		<a href=""https://darulifta-deoband.com/ur/category/n-a/Mjg="">نکاح</a>
									</span>
								</p>
								<p class=""quesid""><span class=""anser_id_urdu""> سوال نمبر: 7332</span><!--<span class=""country_urdu"">  : ملک</span> --></p>
							</div>
							<h2><u> عنوان:</u> <p class=""MsoNormal"" dir=""rtl""><span lang=""ER"" style="" mso-ansi-font-size: 12.0pt; mso-bidi-language: ER""><font>اگر کوئی شیعہ لڑکا یہ عقیدہ رکھے کہ قرآن مسخ نہیں کیا گیا ہے اور اس میں ترمیم نہیں کی گئی ہے یہ کہتے ہوئے کہ اللہ نے قرآن کی ذمہ داری لی ہے اور کوئی شخص اس میں کوئی تبدیلی نہیں کرسکتا ہے۔ اس کا یہ عقیدہ نہیں ہے کہ حضرت علی رضی اللہ تعالی عنہ خدا ہیں۔ اس کا یہ بھی عقیدہ نہیں ہے کہ حضرت جبرئیل علیہ السلام نے وحی لاتے ہوئے غداری کی۔ وہ حضرت عائشہ صدیقہ رضی اللہ تعالی عنہا پر لعن و طعن نہیں کرتا ہے اور ان کا احترام کرتا ہے اورتمام صحابہ کرام کا احترام کرتا ہے، وہ کسی صحابہ کرام کوگالی نہیں دیتا ہے۔ میں اس کو گزشتہ نوسالوں سے جانتی ہوں اور اس کے گھر والوں کو بہت اچھی طرح سے جانتی ہوں اورمجھے ان کے عقائد میں کوئی غلط چیز نہیں ملی ہے۔ ان تمام حقائق کوجانتے ہوئے کیا اس سے شادی کرنا جائزہے؟</font></span></p></h2>
							<h2><u> سوال: </u> <p class=""MsoNormal"" dir=""rtl""><span lang=""ER"" style="" mso-ansi-font-size: 12.0pt; mso-bidi-language: ER""><font>اگر کوئی شیعہ لڑکا یہ عقیدہ رکھے کہ قرآن مسخ نہیں کیا گیا ہے اور اس میں ترمیم نہیں کی گئی ہے یہ کہتے ہوئے کہ اللہ نے قرآن کی ذمہ داری لی ہے اور کوئی شخص اس میں کوئی تبدیلی نہیں کرسکتا ہے۔ اس کا یہ عقیدہ نہیں ہے کہ حضرت علی رضی اللہ تعالی عنہ خدا ہیں۔ اس کا یہ بھی عقیدہ نہیں ہے کہ حضرت جبرئیل علیہ السلام نے وحی لاتے ہوئے غداری کی۔ وہ حضرت عائشہ صدیقہ رضی اللہ تعالی عنہا پر لعن و طعن نہیں کرتا ہے اور ان کا احترام کرتا ہے اورتمام صحابہ کرام کا احترام کرتا ہے، وہ کسی صحابہ کرام کوگالی نہیں دیتا ہے۔ میں اس کو گزشتہ نوسالوں سے جانتی ہوں اور اس کے گھر والوں کو بہت اچھی طرح سے جانتی ہوں اورمجھے ان کے عقائد میں کوئی غلط چیز نہیں ملی ہے۔ ان تمام حقائق کوجانتے ہوئے کیا اس سے شادی کرنا جائزہے؟</font></span></p></h2>
							<p class=""fatwa_answer""><span class=""ans_urdu_id""> جواب نمبر: 7332</span><span style=""color:#efefef;display:none;"" class=""answer_date_urdu"">31-Aug-2020 : تاریخ اشاعت </span></p>
							<p>بسم الله الرحمن الرحيم</p>
							<p> </p><p class=""MsoNormal"" dir=""rtl""><span lang=""ER"" style="" mso-ansi-font-size: 12.0pt; mso-bidi-language: ER""><font>فتوی: 1090=954/ل</font></span></p>
<p class=""MsoNormal"" dir=""rtl""><span lang=""ER"" style="" mso-ansi-font-size: 12.0pt; mso-bidi-language: ER""><o:p><font>&nbsp;</font></o:p></span></p>
<p class=""MsoNormal"" dir=""rtl""><span lang=""ER"" style="" mso-ansi-font-size: 12.0pt; mso-bidi-language: ER""><font>شعیوں میں تقیہ کا عام رواج ہے اس لیے اس کا اندازہ لگایا جانا مشکل ہے کہ وہ شیعہ اپنی زبان سے جو بات کہہ رہا ہے وہی اس کے دل میں بھی ہے، بنا بریں کسی نیک سنی لڑکے سے نکاح کرنا ہی بہتر ہے۔</font></span></p><p></p> 
							<br>
							<span style=""font-size:1.2em"">
								<p><strong>واللہ تعالیٰ اعلم</strong></p>
								<br class=""clear"">
								<p><strong>دارالافتاء،</strong><br>دارالعلوم دیوبند</p>
							</span>
						</li>
											</ul>
				</div>"
https://darulifta-deoband.com/home/ur/nikah-marriage/7329,کیا اسلام میں سنی لڑکی کو شیعہ لڑکے کے ساتھ شادی کرنا جائز ہے؟ برائے کرم حوالہ عنایت فرماویں۔,"<h2><u> سوال: </u> <p class=""MsoNormal"" dir=""rtl""><span lang=""AR-SA"" style="" mso-ansi-font-size: 12.0pt""><font>کیا اسلام میں سنی لڑکی کو شیعہ لڑکے کے ساتھ شادی کرنا جائز ہے؟ برائے کرم حوالہ عنایت فرماویں۔</font></span></p></h2>","<p>بسم الله الرحمن الرحيم</p><p> </p><p class=""MsoNormal"" dir=""rtl""><span lang=""AR-SA"" style="" mso-ansi-font-size: 12.0pt""><font>فتوی: 865=865/ م</font></span></p><p class=""MsoNormal"" dir=""rtl""><span lang=""AR-SA"" style="" mso-ansi-font-size: 12.0pt""><o:p><font>&nbsp;</font></o:p></span></p><p class=""MsoNormal"" dir=""rtl""><span lang=""AR-SA"" style="" mso-ansi-font-size: 12.0pt""><font>سنی لڑکی کا نکاح شیعہ لڑکے کے ساتھ نہ کیا جائے۔</font></span></p><p></p><br><span style=""font-size:1.2em"">
								<p><strong>واللہ تعالیٰ اعلم</strong></p>
								<br class=""clear"">
								<p><strong>دارالافتاء،</strong><br>دارالعلوم دیوبند</p>
							</span>",01-Sep-2020,7329,darulifta-deoband.com,معاشرت,نکاح,"<div id=""recent_fatwas"" class=""container tab-pane active""><br>
					<ul class=""answer_detail"">
												<li>
																					<div class=""cate_sec"">
								<p class=""category_name"">
									<span>
										معاشرت									</span> 
									&gt;&gt; 
									<span>
																		<a href=""https://darulifta-deoband.com/ur/category/n-a/Mjg="">نکاح</a>
									</span>
								</p>
								<p class=""quesid""><span class=""anser_id_urdu""> سوال نمبر: 7329</span><!--<span class=""country_urdu"">  : ملک</span> --></p>
							</div>
							<h2><u> عنوان:</u> <p class=""MsoNormal"" dir=""rtl""><span lang=""AR-SA"" style="" mso-ansi-font-size: 12.0pt""><font>کیا اسلام میں سنی لڑکی کو شیعہ لڑکے کے ساتھ شادی کرنا جائز ہے؟ برائے کرم حوالہ عنایت فرماویں۔</font></span></p></h2>
							<h2><u> سوال: </u> <p class=""MsoNormal"" dir=""rtl""><span lang=""AR-SA"" style="" mso-ansi-font-size: 12.0pt""><font>کیا اسلام میں سنی لڑکی کو شیعہ لڑکے کے ساتھ شادی کرنا جائز ہے؟ برائے کرم حوالہ عنایت فرماویں۔</font></span></p></h2>
							<p class=""fatwa_answer""><span class=""ans_urdu_id""> جواب نمبر: 7329</span><span style=""color:#efefef;display:none;"" class=""answer_date_urdu"">01-Sep-2020 : تاریخ اشاعت </span></p>
							<p>بسم الله الرحمن الرحيم</p>
							<p> </p><p class=""MsoNormal"" dir=""rtl""><span lang=""AR-SA"" style="" mso-ansi-font-size: 12.0pt""><font>فتوی: 865=865/ م</font></span></p>
<p class=""MsoNormal"" dir=""rtl""><span lang=""AR-SA"" style="" mso-ansi-font-size: 12.0pt""><o:p><font>&nbsp;</font></o:p></span></p>
<p class=""MsoNormal"" dir=""rtl""><span lang=""AR-SA"" style="" mso-ansi-font-size: 12.0pt""><font>سنی لڑکی کا نکاح شیعہ لڑکے کے ساتھ نہ کیا جائے۔</font></span></p><p></p> 
							<br>
							<span style=""font-size:1.2em"">
								<p><strong>واللہ تعالیٰ اعلم</strong></p>
								<br class=""clear"">
								<p><strong>دارالافتاء،</strong><br>دارالعلوم دیوبند</p>
							</span>
						</li>
											</ul>
				</div>"
https://darulifta-deoband.com/home/ur/nikah-marriage/7261,میں شادی کے بارے میں آپ سے کچھ مشورہ چاہتی ہوں۔ (۱) اگر کوئی لڑکی سید ہے (نبی کریم صلی اللہ علیہ وسلم کے نسب سے)تو اس کو دوسرے سید سے شادی کرنا چاہیے یا یہ بات زیادہ اہم نہیں ہے؟ سب سے بہتر کیا ہے؟ (۲) اس بارے میں مجھے آپ کا مشورہ درکار ہے۔ مثلاً مجھے کسی سے شادی کی ایک تجویز ملی ہے اور اس لڑکے کے گھر والے بہت اچھے ہیں۔ اس کے دنیاوی حالات وغیرہ اچھے ہیں اور میرے والدین اس سے خوش ہیں۔ وہ نمازی ہے، ٹی وی نہیں دیکھتا ہے، اور تصویر وغیرہ نہیں لیتا ہے۔ اس میں دو چیزیں ہیں جس کے بارے میں میرادل مطمئن نہیں ہے:(۱)وہ داڑھی نہیں رکھتا ہے۔ (۲) وہ مجھے اپنے چھوٹے بھائیوں سے (جو کہ مجھ سے عمر میں بڑے ہیں)پردہ نہیں کروانا چاہتا ہے۔ یہاں تک وہ کہتا ہے کہ ان کے ساتھ مذاق اور بات کرو کیوں کہ ان کی مشترکہ فیملی ہے۔ اس کے علاوہ وہ ہر ایک سے حجاب (پردہ) کرنے کو کہتا ہے۔ تاہم،کیا وہ غلط نہیں ہے؟مجھے آپ کا مشورہ درکار ہے کہ مجھے کیا کرنا چاہیے؟,"<h2><u> سوال: </u> <p class=""MsoNormal"" dir=""rtl""><font><span lang=""ER"" style="" mso-ansi-font-size: 12.0pt; mso-bidi-language: ER"">میں شادی کے بارے میں آپ سے کچھ مشورہ چاہتی ہوں۔ (</span><span lang=""FA"" style="" mso-ansi-font-size: 12.0pt; mso-bidi-language: FA"">۱) </span><span lang=""ER"" style="" mso-ansi-font-size: 12.0pt; mso-bidi-language: ER"">اگر کوئی لڑکی سید ہے (نبی کریم صلی اللہ علیہ وسلم کے نسب سے)تو اس کو دوسرے سید سے شادی کرنا چاہیے یا یہ بات زیادہ اہم نہیں ہے؟ سب سے بہتر کیا ہے؟ (</span><span lang=""FA"" style="" mso-ansi-font-size: 12.0pt; mso-bidi-language: FA"">۲) </span><span lang=""ER"" style="" mso-ansi-font-size: 12.0pt; mso-bidi-language: ER"">اس بارے میں مجھے آپ کا مشورہ درکار ہے۔ مثلاً مجھے کسی سے شادی کی ایک تجویز ملی ہے اور اس لڑکے کے گھر والے بہت اچھے ہیں۔ اس کے دنیاوی حالات وغیرہ اچھے ہیں اور میرے والدین اس سے خوش ہیں۔ وہ نمازی ہے، ٹی وی نہیں دیکھتا ہے، اور تصویر وغیرہ نہیں لیتا ہے۔ اس میں دو چیزیں ہیں جس کے بارے میں میرادل مطمئن نہیں ہے:(</span><span lang=""FA"" style="" mso-ansi-font-size: 12.0pt; mso-bidi-language: FA"">۱)</span><span lang=""ER"" style="" mso-ansi-font-size: 12.0pt; mso-bidi-language: ER"">وہ داڑھی نہیں رکھتا ہے۔ (</span><span lang=""FA"" style="" mso-ansi-font-size: 12.0pt; mso-bidi-language: FA"">۲) </span><span lang=""ER"" style="" mso-ansi-font-size: 12.0pt; mso-bidi-language: ER"">وہ مجھے اپنے چھوٹے بھائیوں سے (جو کہ مجھ سے عمر میں بڑے ہیں)پردہ نہیں کروانا چاہتا ہے۔ یہاں تک وہ کہتا ہے کہ ان کے ساتھ مذاق اور بات کرو کیوں کہ ان کی مشترکہ فیملی ہے۔ اس کے علاوہ وہ ہر ایک سے حجاب (پردہ) کرنے کو کہتا ہے۔ تاہم،کیا وہ غلط نہیں ہے؟مجھے آپ کا مشورہ درکار ہے کہ مجھے کیا کرنا چاہیے؟</span></font></p></h2>","<p>بسم الله الرحمن الرحيم</p><p> </p><p class=""MsoNormal"" dir=""rtl""><span lang=""ER"" style="" mso-ansi-font-size: 12.0pt; mso-bidi-language: ER""><font>فتوی: 1514=1430/ د</font></span></p><p class=""MsoNormal"" dir=""rtl""><span lang=""ER"" style="" mso-ansi-font-size: 12.0pt; mso-bidi-language: ER""><o:p><font>&nbsp;</font></o:p></span></p><p class=""MsoNormal"" dir=""rtl""><font><span lang=""ER"" style="" mso-ansi-font-size: 12.0pt; mso-bidi-language: ER"">(</span><span lang=""FA"" style="" mso-ansi-font-size: 12.0pt; mso-bidi-language: FA"">۱) </span><span lang=""ER"" style="" mso-ansi-font-size: 12.0pt; mso-bidi-language: ER"">سادات یا شیوخ یعنی کفو میں شادی کرنا چاہئے۔</span></font></p><p class=""MsoNormal"" dir=""rtl""><font><span lang=""ER"" style="" mso-ansi-font-size: 12.0pt; mso-bidi-language: ER"">(</span><span lang=""FA"" style="" mso-ansi-font-size: 12.0pt; mso-bidi-language: FA"">۲) </span><span lang=""ER"" style="" mso-ansi-font-size: 12.0pt; mso-bidi-language: ER"">دیور سے بھی پردہ کرنا ضروری ہے، ان سے ہنسی مذاق کرنا سخت گناہ ہے، حدیث میں خاص طور پر دیور سے کنارہ کشی اختیار کرنے اور احتیاط برتنے کی تاکید فرمائی گئی ہے۔ ڈاڑھی رکھنا واجب ہے، کاٹنا یا منڈانا گناہ کبیرہ ہے، اگر آئندہ اس کے اصلاح کی امید ہو اورآپ کے والدین مطمئن ہوں تو نکاح کرسکتی ہیں، اس کے لیے آپ استخارہ کرلیں، استخارہ کا طریقہ بہشتی زیور میں لکھا ہوا ہے، استخارہ سے ان شاء اللہ اطمینان کلی حاصل ہوجائے گا۔</span></font></p><p></p><br><span style=""font-size:1.2em"">
								<p><strong>واللہ تعالیٰ اعلم</strong></p>
								<br class=""clear"">
								<p><strong>دارالافتاء،</strong><br>دارالعلوم دیوبند</p>
							</span>",01-Sep-2020,7261,darulifta-deoband.com,معاشرت,نکاح,"<div id=""recent_fatwas"" class=""container tab-pane active""><br>
					<ul class=""answer_detail"">
												<li>
																					<div class=""cate_sec"">
								<p class=""category_name"">
									<span>
										معاشرت									</span> 
									&gt;&gt; 
									<span>
																		<a href=""https://darulifta-deoband.com/ur/category/n-a/Mjg="">نکاح</a>
									</span>
								</p>
								<p class=""quesid""><span class=""anser_id_urdu""> سوال نمبر: 7261</span><!--<span class=""country_urdu"">  : ملک</span> --></p>
							</div>
							<h2><u> عنوان:</u> <p class=""MsoNormal"" dir=""rtl""><font><span lang=""ER"" style="" mso-ansi-font-size: 12.0pt; mso-bidi-language: ER"">میں شادی کے بارے میں آپ سے کچھ مشورہ چاہتی ہوں۔ (</span><span lang=""FA"" style="" mso-ansi-font-size: 12.0pt; mso-bidi-language: FA"">۱) </span><span lang=""ER"" style="" mso-ansi-font-size: 12.0pt; mso-bidi-language: ER"">اگر کوئی لڑکی سید ہے (نبی کریم صلی اللہ علیہ وسلم کے نسب سے)تو اس کو دوسرے سید سے شادی کرنا چاہیے یا یہ بات زیادہ اہم نہیں ہے؟ سب سے بہتر کیا ہے؟ (</span><span lang=""FA"" style="" mso-ansi-font-size: 12.0pt; mso-bidi-language: FA"">۲) </span><span lang=""ER"" style="" mso-ansi-font-size: 12.0pt; mso-bidi-language: ER"">اس بارے میں مجھے آپ کا مشورہ درکار ہے۔ مثلاً مجھے کسی سے شادی کی ایک تجویز ملی ہے اور اس لڑکے کے گھر والے بہت اچھے ہیں۔ اس کے دنیاوی حالات وغیرہ اچھے ہیں اور میرے والدین اس سے خوش ہیں۔ وہ نمازی ہے، ٹی وی نہیں دیکھتا ہے، اور تصویر وغیرہ نہیں لیتا ہے۔ اس میں دو چیزیں ہیں جس کے بارے میں میرادل مطمئن نہیں ہے:(</span><span lang=""FA"" style="" mso-ansi-font-size: 12.0pt; mso-bidi-language: FA"">۱)</span><span lang=""ER"" style="" mso-ansi-font-size: 12.0pt; mso-bidi-language: ER"">وہ داڑھی نہیں رکھتا ہے۔ (</span><span lang=""FA"" style="" mso-ansi-font-size: 12.0pt; mso-bidi-language: FA"">۲) </span><span lang=""ER"" style="" mso-ansi-font-size: 12.0pt; mso-bidi-language: ER"">وہ مجھے اپنے چھوٹے بھائیوں سے (جو کہ مجھ سے عمر میں بڑے ہیں)پردہ نہیں کروانا چاہتا ہے۔ یہاں تک وہ کہتا ہے کہ ان کے ساتھ مذاق اور بات کرو کیوں کہ ان کی مشترکہ فیملی ہے۔ اس کے علاوہ وہ ہر ایک سے حجاب (پردہ) کرنے کو کہتا ہے۔ تاہم،کیا وہ غلط نہیں ہے؟مجھے آپ کا مشورہ درکار ہے کہ مجھے کیا کرنا چاہیے؟</span></font></p></h2>
							<h2><u> سوال: </u> <p class=""MsoNormal"" dir=""rtl""><font><span lang=""ER"" style="" mso-ansi-font-size: 12.0pt; mso-bidi-language: ER"">میں شادی کے بارے میں آپ سے کچھ مشورہ چاہتی ہوں۔ (</span><span lang=""FA"" style="" mso-ansi-font-size: 12.0pt; mso-bidi-language: FA"">۱) </span><span lang=""ER"" style="" mso-ansi-font-size: 12.0pt; mso-bidi-language: ER"">اگر کوئی لڑکی سید ہے (نبی کریم صلی اللہ علیہ وسلم کے نسب سے)تو اس کو دوسرے سید سے شادی کرنا چاہیے یا یہ بات زیادہ اہم نہیں ہے؟ سب سے بہتر کیا ہے؟ (</span><span lang=""FA"" style="" mso-ansi-font-size: 12.0pt; mso-bidi-language: FA"">۲) </span><span lang=""ER"" style="" mso-ansi-font-size: 12.0pt; mso-bidi-language: ER"">اس بارے میں مجھے آپ کا مشورہ درکار ہے۔ مثلاً مجھے کسی سے شادی کی ایک تجویز ملی ہے اور اس لڑکے کے گھر والے بہت اچھے ہیں۔ اس کے دنیاوی حالات وغیرہ اچھے ہیں اور میرے والدین اس سے خوش ہیں۔ وہ نمازی ہے، ٹی وی نہیں دیکھتا ہے، اور تصویر وغیرہ نہیں لیتا ہے۔ اس میں دو چیزیں ہیں جس کے بارے میں میرادل مطمئن نہیں ہے:(</span><span lang=""FA"" style="" mso-ansi-font-size: 12.0pt; mso-bidi-language: FA"">۱)</span><span lang=""ER"" style="" mso-ansi-font-size: 12.0pt; mso-bidi-language: ER"">وہ داڑھی نہیں رکھتا ہے۔ (</span><span lang=""FA"" style="" mso-ansi-font-size: 12.0pt; mso-bidi-language: FA"">۲) </span><span lang=""ER"" style="" mso-ansi-font-size: 12.0pt; mso-bidi-language: ER"">وہ مجھے اپنے چھوٹے بھائیوں سے (جو کہ مجھ سے عمر میں بڑے ہیں)پردہ نہیں کروانا چاہتا ہے۔ یہاں تک وہ کہتا ہے کہ ان کے ساتھ مذاق اور بات کرو کیوں کہ ان کی مشترکہ فیملی ہے۔ اس کے علاوہ وہ ہر ایک سے حجاب (پردہ) کرنے کو کہتا ہے۔ تاہم،کیا وہ غلط نہیں ہے؟مجھے آپ کا مشورہ درکار ہے کہ مجھے کیا کرنا چاہیے؟</span></font></p></h2>
							<p class=""fatwa_answer""><span class=""ans_urdu_id""> جواب نمبر: 7261</span><span style=""color:#efefef;display:none;"" class=""answer_date_urdu"">01-Sep-2020 : تاریخ اشاعت </span></p>
							<p>بسم الله الرحمن الرحيم</p>
							<p> </p><p class=""MsoNormal"" dir=""rtl""><span lang=""ER"" style="" mso-ansi-font-size: 12.0pt; mso-bidi-language: ER""><font>فتوی: 1514=1430/ د</font></span></p>
<p class=""MsoNormal"" dir=""rtl""><span lang=""ER"" style="" mso-ansi-font-size: 12.0pt; mso-bidi-language: ER""><o:p><font>&nbsp;</font></o:p></span></p>
<p class=""MsoNormal"" dir=""rtl""><font><span lang=""ER"" style="" mso-ansi-font-size: 12.0pt; mso-bidi-language: ER"">(</span><span lang=""FA"" style="" mso-ansi-font-size: 12.0pt; mso-bidi-language: FA"">۱) </span><span lang=""ER"" style="" mso-ansi-font-size: 12.0pt; mso-bidi-language: ER"">سادات یا شیوخ یعنی کفو میں شادی کرنا چاہئے۔</span></font></p>
<p class=""MsoNormal"" dir=""rtl""><font><span lang=""ER"" style="" mso-ansi-font-size: 12.0pt; mso-bidi-language: ER"">(</span><span lang=""FA"" style="" mso-ansi-font-size: 12.0pt; mso-bidi-language: FA"">۲) </span><span lang=""ER"" style="" mso-ansi-font-size: 12.0pt; mso-bidi-language: ER"">دیور سے بھی پردہ کرنا ضروری ہے، ان سے ہنسی مذاق کرنا سخت گناہ ہے، حدیث میں خاص طور پر دیور سے کنارہ کشی اختیار کرنے اور احتیاط برتنے کی تاکید فرمائی گئی ہے۔ ڈاڑھی رکھنا واجب ہے، کاٹنا یا منڈانا گناہ کبیرہ ہے، اگر آئندہ اس کے اصلاح کی امید ہو اورآپ کے والدین مطمئن ہوں تو نکاح کرسکتی ہیں، اس کے لیے آپ استخارہ کرلیں، استخارہ کا طریقہ بہشتی زیور میں لکھا ہوا ہے، استخارہ سے ان شاء اللہ اطمینان کلی حاصل ہوجائے گا۔</span></font></p><p></p> 
							<br>
							<span style=""font-size:1.2em"">
								<p><strong>واللہ تعالیٰ اعلم</strong></p>
								<br class=""clear"">
								<p><strong>دارالافتاء،</strong><br>دارالعلوم دیوبند</p>
							</span>
						</li>
											</ul>
				</div>"
https://darulifta-deoband.com/home/ur/nikah-marriage/7124,کیا شادی سے پہلے اپنے ہونے والے شوہر سے فون پر بات کرنے کی خدا تعالی کی طرف سے اجازت ہے؟,"<h2><u> سوال: </u> <p class=""MsoNormal"" dir=""rtl"" style=""MARGIN: 0cm 0cm 0pt; TEXT-ALIGN: justify""><span lang=""AR-SA"" style="" mso-ansi-font-size: 12.0pt""><font>کیا شادی سے پہلے اپنے ہونے والے شوہر سے فون پر بات کرنے کی خدا تعالی کی طرف سے اجازت ہے؟</font></span></p></h2>","<p>بسم الله الرحمن الرحيم</p><p> </p><p class=""MsoNormal"" dir=""rtl"" style=""MARGIN: 0cm 0cm 0pt; TEXT-ALIGN: justify""><span lang=""AR-SA"" style="" mso-ansi-font-size: 12.0pt""><font>فتوی: 797=797/م</font></span></p><p class=""MsoNormal"" dir=""rtl"" style=""MARGIN: 0cm 0cm 0pt; TEXT-ALIGN: justify""><span lang=""AR-SA"" style="" mso-ansi-font-size: 12.0pt""><o:p><font>&nbsp;</font></o:p></span></p><span lang=""AR-SA"" dir=""rtl"" style="" ; mso-fareast-font-family: SimSun; mso-ansi-language: EN-US; mso-fareast-language: EN-US; mso-ansi-font-size: 12.0pt; mso-bidi-language: AR-SA"">جی نہیں! اس کی اجازت نہیں ہے۔</span><p></p><br><span style=""font-size:1.2em"">
								<p><strong>واللہ تعالیٰ اعلم</strong></p>
								<br class=""clear"">
								<p><strong>دارالافتاء،</strong><br>دارالعلوم دیوبند</p>
							</span>",31-Aug-2020,7124,darulifta-deoband.com,معاشرت,نکاح,"<div id=""recent_fatwas"" class=""container tab-pane active""><br>
					<ul class=""answer_detail"">
												<li>
																					<div class=""cate_sec"">
								<p class=""category_name"">
									<span>
										معاشرت									</span> 
									&gt;&gt; 
									<span>
																		<a href=""https://darulifta-deoband.com/ur/category/n-a/Mjg="">نکاح</a>
									</span>
								</p>
								<p class=""quesid""><span class=""anser_id_urdu""> سوال نمبر: 7124</span><!--<span class=""country_urdu"">  : ملک</span> --></p>
							</div>
							<h2><u> عنوان:</u> <p class=""MsoNormal"" dir=""rtl"" style=""MARGIN: 0cm 0cm 0pt; TEXT-ALIGN: justify""><span lang=""AR-SA"" style="" mso-ansi-font-size: 12.0pt""><font>کیا شادی سے پہلے اپنے ہونے والے شوہر سے فون پر بات کرنے کی خدا تعالی کی طرف سے اجازت ہے؟</font></span></p></h2>
							<h2><u> سوال: </u> <p class=""MsoNormal"" dir=""rtl"" style=""MARGIN: 0cm 0cm 0pt; TEXT-ALIGN: justify""><span lang=""AR-SA"" style="" mso-ansi-font-size: 12.0pt""><font>کیا شادی سے پہلے اپنے ہونے والے شوہر سے فون پر بات کرنے کی خدا تعالی کی طرف سے اجازت ہے؟</font></span></p></h2>
							<p class=""fatwa_answer""><span class=""ans_urdu_id""> جواب نمبر: 7124</span><span style=""color:#efefef;display:none;"" class=""answer_date_urdu"">31-Aug-2020 : تاریخ اشاعت </span></p>
							<p>بسم الله الرحمن الرحيم</p>
							<p> </p><p class=""MsoNormal"" dir=""rtl"" style=""MARGIN: 0cm 0cm 0pt; TEXT-ALIGN: justify""><span lang=""AR-SA"" style="" mso-ansi-font-size: 12.0pt""><font>فتوی: 797=797/م</font></span></p>
<p class=""MsoNormal"" dir=""rtl"" style=""MARGIN: 0cm 0cm 0pt; TEXT-ALIGN: justify""><span lang=""AR-SA"" style="" mso-ansi-font-size: 12.0pt""><o:p><font>&nbsp;</font></o:p></span></p><span lang=""AR-SA"" dir=""rtl"" style="" ; mso-fareast-font-family: SimSun; mso-ansi-language: EN-US; mso-fareast-language: EN-US; mso-ansi-font-size: 12.0pt; mso-bidi-language: AR-SA"">جی نہیں! اس کی اجازت نہیں ہے۔</span><p></p> 
							<br>
							<span style=""font-size:1.2em"">
								<p><strong>واللہ تعالیٰ اعلم</strong></p>
								<br class=""clear"">
								<p><strong>دارالافتاء،</strong><br>دارالعلوم دیوبند</p>
							</span>
						</li>
											</ul>
				</div>"
https://darulifta-deoband.com/home/ur/nikah-marriage/7044,فتوی نمبر 4726 کے حوالے سے عرض ہے کہ آپ نے مزید تفصیلات پوچھی ہیں تو مختصرا عرض کرنے کی کوشش کرتا ہوں۔ میرا تعلق ایک معزز اور پڑھے لکھے کاروباری گھرانے سے ہے ۔میری شادی 1985میں ہوئی۔ کراچی کے حالات کی وجہ سے 1989میں میرے والد نے میرے گھر والوں کو لاہور منتقل کروادیا جہاں ہم ہنسی خوشی رہ رہے تھے۔ 1997میں میری بیوی کے والدین بھی لاہور آگئے۔ 13اگست 2001کو کلام پاکستان کے مقام پر میرے ساتھ ایک حادثہ ہوا، میں ایک بم بلاسٹ میں زخمی ہوگیا، اور مجھ پر بدقسمتی کا ایک دور شروع ہوگیا۔۔۔۔؟؟؟,"<h2><u> سوال: </u> <p class=""MsoNormal"" dir=""rtl""><span lang=""ER"" style="" mso-ansi-font-size: 12.0pt; mso-bidi-language: ER""><font>فتوی نمبر 4726 کے حوالے سے عرض ہے کہ آپ نے مزید تفصیلات پوچھی ہیں تو مختصرا عرض کرنے کی کوشش کرتا ہوں۔ میرا تعلق ایک معزز اور پڑھے لکھے کاروباری گھرانے سے ہے ۔میری شادی 1985میں ہوئی۔ کراچی کے حالات کی وجہ سے 1989میں میرے والد نے میرے گھر والوں کو لاہور منتقل کروادیا جہاں ہم ہنسی خوشی رہ رہے تھے۔ 1997میں میری بیوی کے والدین بھی لاہور آگئے۔ 13اگست 2001کو کلام پاکستان کے مقام پر میرے ساتھ ایک حادثہ ہوا، میں ایک بم بلاسٹ میں زخمی ہوگیا، اور مجھ پر بدقسمتی کا ایک دور شروع ہوگیا۔ اس حادثہ میں میں اپنی ایک آنکھ سے ہاتھ دھو بیٹھا، اسپتال میں تین ماہ تک بستر سے لگا رہا۔ میرے کاروبار بھی تباہ ہوگئے اسپتال سے آکر میں نے ہمت نہیں ہاری، اور نئے سرے سے کاروبار جمانے کی کوشش شروع کردی، پر میرے سسرال والے فکر مند ہوگئے کہ یہ کیسے بچے گا اور کیسے دوبارہ اپنے پاؤں جمائے گا۔ چنانچہ انھوں نے میرے اوپر میری بیوی کے ذریعہ دباؤ ڈالنا شروع کیا اور ہمیں کراچی واپس بھجوادیا۔ میں اس وقت ہر لحاظ سے کمزور تھا جسمانی، مالی اور پھر ذہنی لحاظ سے اس حادثے اور بعد کی مشکلات میں صرف ایک خاموش لاش سی بن گیا تھا۔ کراچی واپس آکر میریے والد نے مجھے اپنے کاروبار میں شرکت کرنے کو کہا پر میں نے مناسب نہیں سمجھا، کیوں کہ میرے بھائی والد صاحب کے ساتھ پہلے کام کررہے تھے اور اس طرح کی شرکت بعد میں بھائیوں میں رنجش کا باعث بن سکتی تھی۔ چنانچہ میں نے دوبارہ خالی ہاتھ جو تھوڑی بہت پونجی بچی تھی اس سے کاروبار کرنے کی کوشش شروع کی۔ میرے پاس سرمایہ نہیں تھا صرف محنت اور وقت تھا تو میں نے دن رات ایک کردیا پر مالی حالت نہیں بدلی۔ میری بیوی کے والدین بھی اچھے خاصے کھاتے پیتے گھرانے کے ہیں اور میرے والدین بھی مگر میری غیرت نے گوارہ نہیں کیا کہ میں ان میں سے کسی سے مددمانگوں۔ اس دوران میری بیوی مختصر مالی حالت کی وجہ سے پریشان رہنے لگی۔ اس نے اپنے ماں باپ سے رجوع کیا تو اس کے ماں باپ نے اس کے جیب خرچ کے لیے کچھ رقم باندھ دی، مجھے نہیں معلوم کتنی باندھی ،کیوں کہ میں نے کبھی بھی اس بارے میں اس سے نہیں پوچھا، نہ ہی اس کو مناسب سمجھا۔ اس جیب خرچی بندھنے کی وجہ سے وہ اپنے آپ کو خود مختار سمجھنے لگی اور اس کے رویہ میں فرق آنا شروع ہوگیا۔ میں چوں کہ محنت کے باوجود دوبارہ اپنے پاؤں نہیں جما پارہا تھا اور میری غیرت یہ گوارہ نہیں کررہی تھی کہ میں کسی سے کسی قسم کی مدد طلب کروں اس لیے میں چپ ہوگیا۔ یہاں تک کہ میں ناشتہ بھی اپنی دکان میں کرنے لگا اور رات کا کھانا بھی ساتھ لانے لگا، میری بیوی بھی مجھ سے لا تعلق ہونا شروع ہوگئی میرے والدین نے یقینا اس کو سمجھایا ہوگا پر وہ باز نہ آئی۔ اس نے اب اپنے والدین کے گھر واپس جانا شروع کردیا اور گزشتہ چھ سال میں وہ کم از کم پندرہ سے سولہ دفعہ اپنے والدین سے ملنے کراچی سے لاہور چلی جانے لگی۔ مختصرا سال میں تقریبا پانچ ماہ وہ لاہور میں گزارتی ہے۔ میں ابھی بھی کاروباری طورپر کامیاب نہیں ہوں پر مجھ سے جو ہوسکتا تھا وہ میں کرتا تھا۔لیکن چوں کہ وہ اب خرچہ اپنے والدین سے لے رہی تھی تو میری قدر کم ہوتی جارہی تھی۔ یہاں تک کہ اب وہ اکثر مجھے بتائے بغیر بھی لاہور جانے لگی، بلکہ ایک دفعہ تو اپنے بھائی کے ساتھ حج پر بھی اکیلے چلی گئی۔ میں نے اس کو سمجھانے کی کوشش کی پر اس کا استدلال تھا کہ وہ اپنے پیسوں سے جارہی ہے تو میرا حق نہیں کہ میں اس کو منع کروں یا روکوں۔ شاید اس کی یہ بات درست بھی تھی ، آخرمیں ایک برے دور سے گزر رہا ہوں اور ابھی تک اس قابل نہیں ہوا ہوں کہ گھر کا تمام خرچہ خود اٹھاسکوں۔ میں نے عرض کیا تھا کہ وہ اکیلے حج پر گئی تو اس میں گو کہ میری مرضی شامل نہیں تھی، پر میں نے اس کو روکا بھی نہیں تھا۔ کیوں کہ نان نفقہ مرد کے ذمہ ہوتا ہے اور میں باوجود کوشش کے اس میں کامیاب نہیں ہوں، تو یہ بات میرے ضمیر کو چبھ رہی تھی اسی لیے میں نے یہ سوال کیا تھا۔ میری مالی کمزروی کی وجہ سے وہ خود سر ہوچکی ہے اور میرا کہنا نہیں مانتی ہے۔ میں نے کبھی بھی اس پر کوئی زور زبردستی نہیں کی۔ ہاں دو تین دفعہ غصہ ضرور ہوا تھا اور اونچی آواز میں اس کو ڈانٹا ڈپٹا تھا ۔مگر ہم پڑھے لکھے لوگوں کا المیہ یہی ہے کہ وہ برابر کی آزادی کے لیے کچھ زیادہ قائل ہوجاتی ہے۔ میں نے کوشش کی ہے کہ مختصرا لکھ سکوں پر شاید مختصر نہیں رہ سکتا۔ پھر بھی میں نے یہ حالت اس لیے آپ کو لکھی ہے کیوں کہ آپ نے تفصیل طلب کی تھی۔ آپ کے فتوے کا اور رہنمائی کا شکریہ۔ اللہ ہم سب کو دین کی سمجھ دے اور صبر سے اس پر چلنے کی توفیق عطا فرمائے۔</font></span></p></h2>","<p>بسم الله الرحمن الرحيم</p><p> </p><p class=""MsoNormal"" dir=""rtl""><span lang=""ER"" style="" mso-ansi-font-size: 12.0pt; mso-bidi-language: ER""><font>فتوی: 1590=1399/ ب</font></span></p><p class=""MsoNormal"" dir=""rtl""><span lang=""ER"" style="" mso-ansi-font-size: 12.0pt; mso-bidi-language: ER""><o:p><font>&nbsp;</font></o:p></span></p><p class=""MsoNormal"" dir=""rtl""><span lang=""ER"" style="" mso-ansi-font-size: 12.0pt; mso-bidi-language: ER""><font>غربت و مالداری ہرایک کو پیش آتی رہتی ہے۔ آپ نے سب سے ضروری اور اہم روزانہ کے نان ونفقہ کی ادائیگی میں کوتاہی کی۔ تو بیوی نے اپنے والدین سے نان ونفقہ لینا شروع کردیا پھر بھی آپ کو غیرت نہ آئی، اس پر راضی رہے اسے یا سسرال والوں کو منع نہ کیا۔ حج کے لیے جاتے وقت جب آپ نے روکا نہیں تھا تو پھر شکایت کی ضرورت کیا پیش آئی؟ آپ اسے نان ونفقہ بھی نہیں دیتے۔ مزید اس کو ڈانٹ پلاتے ہیں۔ اور پھر اسے ہی خودسر بتاتے ہیں۔ اس کی خودسری آپ کی مالی کمزوری کی وجہ سے نہیں، بلکہ آپ کی بے توجہی کی وجہ سے ہے۔ یہ تو اس کا ایثار ہے کہ مالی کمزوری کی وجہ سے آپ کی رفاقت نہیں چھوڑی۔ آپ اپنے آپ کو سدھارنے کی کوشش کریں۔ آہستہ آہستہ سارے معاملات صحیح ہوجائیں گے۔</font></span></p><p></p><br><span style=""font-size:1.2em"">
								<p><strong>واللہ تعالیٰ اعلم</strong></p>
								<br class=""clear"">
								<p><strong>دارالافتاء،</strong><br>دارالعلوم دیوبند</p>
							</span>",01-Sep-2020,7044,darulifta-deoband.com,معاشرت,نکاح,"<div id=""recent_fatwas"" class=""container tab-pane active""><br>
					<ul class=""answer_detail"">
												<li>
																					<div class=""cate_sec"">
								<p class=""category_name"">
									<span>
										معاشرت									</span> 
									&gt;&gt; 
									<span>
																		<a href=""https://darulifta-deoband.com/ur/category/n-a/Mjg="">نکاح</a>
									</span>
								</p>
								<p class=""quesid""><span class=""anser_id_urdu""> سوال نمبر: 7044</span><!--<span class=""country_urdu"">  : ملک</span> --></p>
							</div>
							<h2><u> عنوان:</u> <p><span lang=""ER"" style="" mso-ansi-font-size: 12.0pt; mso-bidi-language: ER""><font>فتوی نمبر 4726 کے حوالے سے عرض ہے کہ آپ نے مزید تفصیلات پوچھی ہیں تو مختصرا عرض کرنے کی کوشش کرتا ہوں۔ میرا تعلق ایک معزز اور پڑھے لکھے کاروباری گھرانے سے ہے ۔میری شادی 1985میں ہوئی۔ کراچی کے حالات کی وجہ سے 1989میں میرے والد نے میرے گھر والوں کو لاہور منتقل کروادیا جہاں ہم ہنسی خوشی رہ رہے تھے۔ 1997میں میری بیوی کے والدین بھی لاہور آگئے۔ 13اگست 2001کو کلام پاکستان کے مقام پر میرے ساتھ ایک حادثہ ہوا، میں ایک بم بلاسٹ میں زخمی ہوگیا، اور مجھ پر بدقسمتی کا ایک دور شروع ہوگیا۔۔۔۔؟؟؟</font></span></p></h2>
							<h2><u> سوال: </u> <p class=""MsoNormal"" dir=""rtl""><span lang=""ER"" style="" mso-ansi-font-size: 12.0pt; mso-bidi-language: ER""><font>فتوی نمبر 4726 کے حوالے سے عرض ہے کہ آپ نے مزید تفصیلات پوچھی ہیں تو مختصرا عرض کرنے کی کوشش کرتا ہوں۔ میرا تعلق ایک معزز اور پڑھے لکھے کاروباری گھرانے سے ہے ۔میری شادی 1985میں ہوئی۔ کراچی کے حالات کی وجہ سے 1989میں میرے والد نے میرے گھر والوں کو لاہور منتقل کروادیا جہاں ہم ہنسی خوشی رہ رہے تھے۔ 1997میں میری بیوی کے والدین بھی لاہور آگئے۔ 13اگست 2001کو کلام پاکستان کے مقام پر میرے ساتھ ایک حادثہ ہوا، میں ایک بم بلاسٹ میں زخمی ہوگیا، اور مجھ پر بدقسمتی کا ایک دور شروع ہوگیا۔ اس حادثہ میں میں اپنی ایک آنکھ سے ہاتھ دھو بیٹھا، اسپتال میں تین ماہ تک بستر سے لگا رہا۔ میرے کاروبار بھی تباہ ہوگئے اسپتال سے آکر میں نے ہمت نہیں ہاری، اور نئے سرے سے کاروبار جمانے کی کوشش شروع کردی، پر میرے سسرال والے فکر مند ہوگئے کہ یہ کیسے بچے گا اور کیسے دوبارہ اپنے پاؤں جمائے گا۔ چنانچہ انھوں نے میرے اوپر میری بیوی کے ذریعہ دباؤ ڈالنا شروع کیا اور ہمیں کراچی واپس بھجوادیا۔ میں اس وقت ہر لحاظ سے کمزور تھا جسمانی، مالی اور پھر ذہنی لحاظ سے اس حادثے اور بعد کی مشکلات میں صرف ایک خاموش لاش سی بن گیا تھا۔ کراچی واپس آکر میریے والد نے مجھے اپنے کاروبار میں شرکت کرنے کو کہا پر میں نے مناسب نہیں سمجھا، کیوں کہ میرے بھائی والد صاحب کے ساتھ پہلے کام کررہے تھے اور اس طرح کی شرکت بعد میں بھائیوں میں رنجش کا باعث بن سکتی تھی۔ چنانچہ میں نے دوبارہ خالی ہاتھ جو تھوڑی بہت پونجی بچی تھی اس سے کاروبار کرنے کی کوشش شروع کی۔ میرے پاس سرمایہ نہیں تھا صرف محنت اور وقت تھا تو میں نے دن رات ایک کردیا پر مالی حالت نہیں بدلی۔ میری بیوی کے والدین بھی اچھے خاصے کھاتے پیتے گھرانے کے ہیں اور میرے والدین بھی مگر میری غیرت نے گوارہ نہیں کیا کہ میں ان میں سے کسی سے مددمانگوں۔ اس دوران میری بیوی مختصر مالی حالت کی وجہ سے پریشان رہنے لگی۔ اس نے اپنے ماں باپ سے رجوع کیا تو اس کے ماں باپ نے اس کے جیب خرچ کے لیے کچھ رقم باندھ دی، مجھے نہیں معلوم کتنی باندھی ،کیوں کہ میں نے کبھی بھی اس بارے میں اس سے نہیں پوچھا، نہ ہی اس کو مناسب سمجھا۔ اس جیب خرچی بندھنے کی وجہ سے وہ اپنے آپ کو خود مختار سمجھنے لگی اور اس کے رویہ میں فرق آنا شروع ہوگیا۔ میں چوں کہ محنت کے باوجود دوبارہ اپنے پاؤں نہیں جما پارہا تھا اور میری غیرت یہ گوارہ نہیں کررہی تھی کہ میں کسی سے کسی قسم کی مدد طلب کروں اس لیے میں چپ ہوگیا۔ یہاں تک کہ میں ناشتہ بھی اپنی دکان میں کرنے لگا اور رات کا کھانا بھی ساتھ لانے لگا، میری بیوی بھی مجھ سے لا تعلق ہونا شروع ہوگئی میرے والدین نے یقینا اس کو سمجھایا ہوگا پر وہ باز نہ آئی۔ اس نے اب اپنے والدین کے گھر واپس جانا شروع کردیا اور گزشتہ چھ سال میں وہ کم از کم پندرہ سے سولہ دفعہ اپنے والدین سے ملنے کراچی سے لاہور چلی جانے لگی۔ مختصرا سال میں تقریبا پانچ ماہ وہ لاہور میں گزارتی ہے۔ میں ابھی بھی کاروباری طورپر کامیاب نہیں ہوں پر مجھ سے جو ہوسکتا تھا وہ میں کرتا تھا۔لیکن چوں کہ وہ اب خرچہ اپنے والدین سے لے رہی تھی تو میری قدر کم ہوتی جارہی تھی۔ یہاں تک کہ اب وہ اکثر مجھے بتائے بغیر بھی لاہور جانے لگی، بلکہ ایک دفعہ تو اپنے بھائی کے ساتھ حج پر بھی اکیلے چلی گئی۔ میں نے اس کو سمجھانے کی کوشش کی پر اس کا استدلال تھا کہ وہ اپنے پیسوں سے جارہی ہے تو میرا حق نہیں کہ میں اس کو منع کروں یا روکوں۔ شاید اس کی یہ بات درست بھی تھی ، آخرمیں ایک برے دور سے گزر رہا ہوں اور ابھی تک اس قابل نہیں ہوا ہوں کہ گھر کا تمام خرچہ خود اٹھاسکوں۔ میں نے عرض کیا تھا کہ وہ اکیلے حج پر گئی تو اس میں گو کہ میری مرضی شامل نہیں تھی، پر میں نے اس کو روکا بھی نہیں تھا۔ کیوں کہ نان نفقہ مرد کے ذمہ ہوتا ہے اور میں باوجود کوشش کے اس میں کامیاب نہیں ہوں، تو یہ بات میرے ضمیر کو چبھ رہی تھی اسی لیے میں نے یہ سوال کیا تھا۔ میری مالی کمزروی کی وجہ سے وہ خود سر ہوچکی ہے اور میرا کہنا نہیں مانتی ہے۔ میں نے کبھی بھی اس پر کوئی زور زبردستی نہیں کی۔ ہاں دو تین دفعہ غصہ ضرور ہوا تھا اور اونچی آواز میں اس کو ڈانٹا ڈپٹا تھا ۔مگر ہم پڑھے لکھے لوگوں کا المیہ یہی ہے کہ وہ برابر کی آزادی کے لیے کچھ زیادہ قائل ہوجاتی ہے۔ میں نے کوشش کی ہے کہ مختصرا لکھ سکوں پر شاید مختصر نہیں رہ سکتا۔ پھر بھی میں نے یہ حالت اس لیے آپ کو لکھی ہے کیوں کہ آپ نے تفصیل طلب کی تھی۔ آپ کے فتوے کا اور رہنمائی کا شکریہ۔ اللہ ہم سب کو دین کی سمجھ دے اور صبر سے اس پر چلنے کی توفیق عطا فرمائے۔</font></span></p></h2>
							<p class=""fatwa_answer""><span class=""ans_urdu_id""> جواب نمبر: 7044</span><span style=""color:#efefef;display:none;"" class=""answer_date_urdu"">01-Sep-2020 : تاریخ اشاعت </span></p>
							<p>بسم الله الرحمن الرحيم</p>
							<p> </p><p class=""MsoNormal"" dir=""rtl""><span lang=""ER"" style="" mso-ansi-font-size: 12.0pt; mso-bidi-language: ER""><font>فتوی: 1590=1399/ ب</font></span></p>
<p class=""MsoNormal"" dir=""rtl""><span lang=""ER"" style="" mso-ansi-font-size: 12.0pt; mso-bidi-language: ER""><o:p><font>&nbsp;</font></o:p></span></p>
<p class=""MsoNormal"" dir=""rtl""><span lang=""ER"" style="" mso-ansi-font-size: 12.0pt; mso-bidi-language: ER""><font>غربت و مالداری ہرایک کو پیش آتی رہتی ہے۔ آپ نے سب سے ضروری اور اہم روزانہ کے نان ونفقہ کی ادائیگی میں کوتاہی کی۔ تو بیوی نے اپنے والدین سے نان ونفقہ لینا شروع کردیا پھر بھی آپ کو غیرت نہ آئی، اس پر راضی رہے اسے یا سسرال والوں کو منع نہ کیا۔ حج کے لیے جاتے وقت جب آپ نے روکا نہیں تھا تو پھر شکایت کی ضرورت کیا پیش آئی؟ آپ اسے نان ونفقہ بھی نہیں دیتے۔ مزید اس کو ڈانٹ پلاتے ہیں۔ اور پھر اسے ہی خودسر بتاتے ہیں۔ اس کی خودسری آپ کی مالی کمزوری کی وجہ سے نہیں، بلکہ آپ کی بے توجہی کی وجہ سے ہے۔ یہ تو اس کا ایثار ہے کہ مالی کمزوری کی وجہ سے آپ کی رفاقت نہیں چھوڑی۔ آپ اپنے آپ کو سدھارنے کی کوشش کریں۔ آہستہ آہستہ سارے معاملات صحیح ہوجائیں گے۔</font></span></p><p></p> 
							<br>
							<span style=""font-size:1.2em"">
								<p><strong>واللہ تعالیٰ اعلم</strong></p>
								<br class=""clear"">
								<p><strong>دارالافتاء،</strong><br>دارالعلوم دیوبند</p>
							</span>
						</li>
											</ul>
				</div>"
https://darulifta-deoband.com/home/ur/nikah-marriage/7040,کیا مرد اور عورت ایک دوسرے کی شرمگاہ کو چھو سکتے ہیں؟ کیا اس کی کوئی حد ہے؟ اور مباشرت کے وقت شرمگاہ کو دیکھنا کیسا ہے؟,"<h2><u> سوال: </u> <p class=""MsoNormal"" dir=""rtl"" style=""MARGIN: 0cm 0cm 0pt; TEXT-ALIGN: justify""><span lang=""AR-SA"" style="" mso-ansi-font-size: 12.0pt""><font>کیا مرد اور عورت ایک دوسرے کی شرمگاہ کو چھو سکتے ہیں؟ کیا اس کی کوئی حد ہے؟ اور مباشرت کے وقت شرمگاہ کو دیکھنا کیسا ہے؟</font></span></p></h2>","<p>بسم الله الرحمن الرحيم</p><p> </p><p class=""MsoNormal"" dir=""rtl"" style=""MARGIN: 0cm 0cm 0pt; TEXT-ALIGN: justify""><span lang=""AR-SA"" style="" mso-ansi-font-size: 12.0pt""><font>فتوی: 1010=891/ ل</font></span></p><p class=""MsoNormal"" dir=""rtl"" style=""MARGIN: 0cm 0cm 0pt; TEXT-ALIGN: justify""><span lang=""AR-SA"" style="" mso-ansi-font-size: 12.0pt""><o:p><font>&nbsp;</font></o:p></span></p><p class=""MsoNormal"" dir=""rtl"" style=""MARGIN: 0cm 0cm 0pt; TEXT-ALIGN: justify""><span lang=""AR-SA"" style="" mso-ansi-font-size: 12.0pt""><font>جی ہاں! مرد اور عورت (میاں بیوی) ایک دوسرے کی شرم گاہ کو چھوسکتے ہیں، اس کی کوئی حد نہیں ہے، البتہ بوقت مباشرت شرم گاہ دیکھنا جائز تو ہے مگر خلاف ادب ہے، ام الموٴمنین حضرت عائشہ رضی اللہ عنہا فرماتی ہیں وہ مخصوص مقام (شرم گاہ) نہ حضور صلی اللہ علیہ وسلم نے میرا دیکھا اور نہ میں نے دیکھا۔ (مشکوة شریف)</font></span></p><p></p><br><span style=""font-size:1.2em"">
								<p><strong>واللہ تعالیٰ اعلم</strong></p>
								<br class=""clear"">
								<p><strong>دارالافتاء،</strong><br>دارالعلوم دیوبند</p>
							</span>",01-Sep-2020,7040,darulifta-deoband.com,معاشرت,نکاح,"<div id=""recent_fatwas"" class=""container tab-pane active""><br>
					<ul class=""answer_detail"">
												<li>
																					<div class=""cate_sec"">
								<p class=""category_name"">
									<span>
										معاشرت									</span> 
									&gt;&gt; 
									<span>
																		<a href=""https://darulifta-deoband.com/ur/category/n-a/Mjg="">نکاح</a>
									</span>
								</p>
								<p class=""quesid""><span class=""anser_id_urdu""> سوال نمبر: 7040</span><!--<span class=""country_urdu"">  : ملک</span> --></p>
							</div>
							<h2><u> عنوان:</u> <p class=""MsoNormal"" dir=""rtl"" style=""MARGIN: 0cm 0cm 0pt; TEXT-ALIGN: justify""><span lang=""AR-SA"" style="" mso-ansi-font-size: 12.0pt""><font>کیا مرد اور عورت ایک دوسرے کی شرمگاہ کو چھو سکتے ہیں؟ کیا اس کی کوئی حد ہے؟ اور مباشرت کے وقت شرمگاہ کو دیکھنا کیسا ہے؟</font></span></p></h2>
							<h2><u> سوال: </u> <p class=""MsoNormal"" dir=""rtl"" style=""MARGIN: 0cm 0cm 0pt; TEXT-ALIGN: justify""><span lang=""AR-SA"" style="" mso-ansi-font-size: 12.0pt""><font>کیا مرد اور عورت ایک دوسرے کی شرمگاہ کو چھو سکتے ہیں؟ کیا اس کی کوئی حد ہے؟ اور مباشرت کے وقت شرمگاہ کو دیکھنا کیسا ہے؟</font></span></p></h2>
							<p class=""fatwa_answer""><span class=""ans_urdu_id""> جواب نمبر: 7040</span><span style=""color:#efefef;display:none;"" class=""answer_date_urdu"">01-Sep-2020 : تاریخ اشاعت </span></p>
							<p>بسم الله الرحمن الرحيم</p>
							<p> </p><p class=""MsoNormal"" dir=""rtl"" style=""MARGIN: 0cm 0cm 0pt; TEXT-ALIGN: justify""><span lang=""AR-SA"" style="" mso-ansi-font-size: 12.0pt""><font>فتوی: 1010=891/ ل</font></span></p>
<p class=""MsoNormal"" dir=""rtl"" style=""MARGIN: 0cm 0cm 0pt; TEXT-ALIGN: justify""><span lang=""AR-SA"" style="" mso-ansi-font-size: 12.0pt""><o:p><font>&nbsp;</font></o:p></span></p>
<p class=""MsoNormal"" dir=""rtl"" style=""MARGIN: 0cm 0cm 0pt; TEXT-ALIGN: justify""><span lang=""AR-SA"" style="" mso-ansi-font-size: 12.0pt""><font>جی ہاں! مرد اور عورت (میاں بیوی) ایک دوسرے کی شرم گاہ کو چھوسکتے ہیں، اس کی کوئی حد نہیں ہے، البتہ بوقت مباشرت شرم گاہ دیکھنا جائز تو ہے مگر خلاف ادب ہے، ام الموٴمنین حضرت عائشہ رضی اللہ عنہا فرماتی ہیں وہ مخصوص مقام (شرم گاہ) نہ حضور صلی اللہ علیہ وسلم نے میرا دیکھا اور نہ میں نے دیکھا۔ (مشکوة شریف)</font></span></p><p></p> 
							<br>
							<span style=""font-size:1.2em"">
								<p><strong>واللہ تعالیٰ اعلم</strong></p>
								<br class=""clear"">
								<p><strong>دارالافتاء،</strong><br>دارالعلوم دیوبند</p>
							</span>
						</li>
											</ul>
				</div>"
https://darulifta-deoband.com/home/ur/nikah-marriage/7008,کیا میاں اور بیو ی کے لیے یہ جائز ہے کہ وہ جماع یا مباشرت سے قبل چوما چاٹی کے دوران ایک دوسرے کے مخصوص اعضاء کودیکھیں؟ (۲) اگر میاں اوربیوی چھوٹے سے کمرہ میں ہوں تو کیا وہ بغیر کپڑے کے جماع کرسکتے ہیں؟,"<h2><u> سوال: </u> <p class=""MsoNormal"" dir=""rtl"" style=""MARGIN: 0cm 0cm 0pt; TEXT-ALIGN: justify""><font><span lang=""AR-SA"" style="" mso-ansi-font-size: 12.0pt"">کیا میاں اور بیو ی کے لیے یہ جائز ہے کہ وہ جماع یا مباشرت سے قبل چوما چاٹی کے دوران ایک دوسرے کے مخصوص اعضاء کودیکھیں؟ (</span><span lang=""FA"" style="" mso-bidi-language: FA; mso-ansi-font-size: 12.0pt"">۲) </span><span lang=""AR-SA"" style="" mso-ansi-font-size: 12.0pt"">اگر میاں اوربیوی چھوٹے سے کمرہ میں ہوں تو کیا وہ بغیر کپڑے کے جماع کرسکتے ہیں؟</span></font></p></h2>","<p>بسم الله الرحمن الرحيم</p><p> </p><p class=""MsoNormal"" dir=""rtl"" style=""MARGIN: 0cm 0cm 0pt; TEXT-ALIGN: justify""><span lang=""AR-SA"" style="" mso-ansi-font-size: 12.0pt""><font>فتوی: 763=763/ م</font></span></p><p class=""MsoNormal"" dir=""rtl"" style=""MARGIN: 0cm 0cm 0pt; TEXT-ALIGN: justify""><span lang=""AR-SA"" style="" mso-ansi-font-size: 12.0pt""><o:p><font>&nbsp;</font></o:p></span></p><p class=""MsoNormal"" dir=""rtl"" style=""MARGIN: 0cm 0cm 0pt; TEXT-ALIGN: justify""><font><span lang=""AR-SA"" style="" mso-ansi-font-size: 12.0pt"">(</span><span lang=""FA"" style="" mso-bidi-language: FA; mso-ansi-font-size: 12.0pt"">۱) </span><span lang=""AR-SA"" style="" mso-ansi-font-size: 12.0pt"">جائز ہے لیکن نہ دیکھنا چاہیے، کیوں کہ اس سے نسان پیدا ہوتا ہے اور بینائی کمزور ہوتی ہے، وینظر الرجل</span></font><span lang=""AR-SA"" style="" FONT-FAMILY: 'MS Gothic'; mso-ansi-font-size: 12.0pt; mso-bidi-font-family: 'MS Gothic'"">․․․․</span><span lang=""AR-SA"" style="" mso-ansi-font-size: 12.0pt""><font> من عرسہ وأمتہ الحلال إلی فرجھا بشھوة وغیرھا، والأولی ترکہ لأنہ یورث النسیان الخ وفي الشامیة، ویضعف البصر (در مع الشامي)</font></span></p><span lang=""AR-SA"" dir=""rtl"" style="" ; mso-fareast-font-family: SimSun; mso-ansi-language: EN-US; mso-fareast-language: EN-US; mso-bidi-language: AR-SA; mso-ansi-font-size: 12.0pt"">(</span><span lang=""FA"" dir=""rtl"" style="" ; mso-fareast-font-family: SimSun; mso-ansi-language: EN-US; mso-fareast-language: EN-US; mso-bidi-language: FA; mso-ansi-font-size: 12.0pt"">۲) </span><span lang=""AR-SA"" dir=""rtl"" style="" ; mso-fareast-font-family: SimSun; mso-ansi-language: EN-US; mso-fareast-language: EN-US; mso-bidi-language: AR-SA; mso-ansi-font-size: 12.0pt"">کرسکتے ہیں لیکن خلاف اولیٰ ہے کہ بالکلیہ کپڑے اتار دیئے جائیں، لقولہ علیہ السلام: إذا أتی أحدکم أھلہ فلیستتر ما استطاع ولا یتجردان تجرد العیر، ولأن ذلک یورث النسیان لورود الأثر (شامي)</span><p></p><br><span style=""font-size:1.2em"">
								<p><strong>واللہ تعالیٰ اعلم</strong></p>
								<br class=""clear"">
								<p><strong>دارالافتاء،</strong><br>دارالعلوم دیوبند</p>
							</span>",31-Aug-2020,7008,darulifta-deoband.com,معاشرت,نکاح,"<div id=""recent_fatwas"" class=""container tab-pane active""><br>
					<ul class=""answer_detail"">
												<li>
																					<div class=""cate_sec"">
								<p class=""category_name"">
									<span>
										معاشرت									</span> 
									&gt;&gt; 
									<span>
																		<a href=""https://darulifta-deoband.com/ur/category/n-a/Mjg="">نکاح</a>
									</span>
								</p>
								<p class=""quesid""><span class=""anser_id_urdu""> سوال نمبر: 7008</span><!--<span class=""country_urdu"">  : ملک</span> --></p>
							</div>
							<h2><u> عنوان:</u> <p class=""MsoNormal"" dir=""rtl"" style=""MARGIN: 0cm 0cm 0pt; TEXT-ALIGN: justify""><font><span lang=""AR-SA"" style="" mso-ansi-font-size: 12.0pt"">کیا میاں اور بیو ی کے لیے یہ جائز ہے کہ وہ جماع یا مباشرت سے قبل چوما چاٹی کے دوران ایک دوسرے کے مخصوص اعضاء کودیکھیں؟ (</span><span lang=""FA"" style="" mso-bidi-language: FA; mso-ansi-font-size: 12.0pt"">۲) </span><span lang=""AR-SA"" style="" mso-ansi-font-size: 12.0pt"">اگر میاں اوربیوی چھوٹے سے کمرہ میں ہوں تو کیا وہ بغیر کپڑے کے جماع کرسکتے ہیں؟</span></font></p></h2>
							<h2><u> سوال: </u> <p class=""MsoNormal"" dir=""rtl"" style=""MARGIN: 0cm 0cm 0pt; TEXT-ALIGN: justify""><font><span lang=""AR-SA"" style="" mso-ansi-font-size: 12.0pt"">کیا میاں اور بیو ی کے لیے یہ جائز ہے کہ وہ جماع یا مباشرت سے قبل چوما چاٹی کے دوران ایک دوسرے کے مخصوص اعضاء کودیکھیں؟ (</span><span lang=""FA"" style="" mso-bidi-language: FA; mso-ansi-font-size: 12.0pt"">۲) </span><span lang=""AR-SA"" style="" mso-ansi-font-size: 12.0pt"">اگر میاں اوربیوی چھوٹے سے کمرہ میں ہوں تو کیا وہ بغیر کپڑے کے جماع کرسکتے ہیں؟</span></font></p></h2>
							<p class=""fatwa_answer""><span class=""ans_urdu_id""> جواب نمبر: 7008</span><span style=""color:#efefef;display:none;"" class=""answer_date_urdu"">31-Aug-2020 : تاریخ اشاعت </span></p>
							<p>بسم الله الرحمن الرحيم</p>
							<p> </p><p class=""MsoNormal"" dir=""rtl"" style=""MARGIN: 0cm 0cm 0pt; TEXT-ALIGN: justify""><span lang=""AR-SA"" style="" mso-ansi-font-size: 12.0pt""><font>فتوی: 763=763/ م</font></span></p>
<p class=""MsoNormal"" dir=""rtl"" style=""MARGIN: 0cm 0cm 0pt; TEXT-ALIGN: justify""><span lang=""AR-SA"" style="" mso-ansi-font-size: 12.0pt""><o:p><font>&nbsp;</font></o:p></span></p>
<p class=""MsoNormal"" dir=""rtl"" style=""MARGIN: 0cm 0cm 0pt; TEXT-ALIGN: justify""><font><span lang=""AR-SA"" style="" mso-ansi-font-size: 12.0pt"">(</span><span lang=""FA"" style="" mso-bidi-language: FA; mso-ansi-font-size: 12.0pt"">۱) </span><span lang=""AR-SA"" style="" mso-ansi-font-size: 12.0pt"">جائز ہے لیکن نہ دیکھنا چاہیے، کیوں کہ اس سے نسان پیدا ہوتا ہے اور بینائی کمزور ہوتی ہے، وینظر الرجل</span></font><span lang=""AR-SA"" style="" FONT-FAMILY: 'MS Gothic'; mso-ansi-font-size: 12.0pt; mso-bidi-font-family: 'MS Gothic'"">․․․․</span><span lang=""AR-SA"" style="" mso-ansi-font-size: 12.0pt""><font> من عرسہ وأمتہ الحلال إلی فرجھا بشھوة وغیرھا، والأولی ترکہ لأنہ یورث النسیان الخ وفي الشامیة، ویضعف البصر (در مع الشامي)</font></span></p><span lang=""AR-SA"" dir=""rtl"" style="" ; mso-fareast-font-family: SimSun; mso-ansi-language: EN-US; mso-fareast-language: EN-US; mso-bidi-language: AR-SA; mso-ansi-font-size: 12.0pt"">(</span><span lang=""FA"" dir=""rtl"" style="" ; mso-fareast-font-family: SimSun; mso-ansi-language: EN-US; mso-fareast-language: EN-US; mso-bidi-language: FA; mso-ansi-font-size: 12.0pt"">۲) </span><span lang=""AR-SA"" dir=""rtl"" style="" ; mso-fareast-font-family: SimSun; mso-ansi-language: EN-US; mso-fareast-language: EN-US; mso-bidi-language: AR-SA; mso-ansi-font-size: 12.0pt"">کرسکتے ہیں لیکن خلاف اولیٰ ہے کہ بالکلیہ کپڑے اتار دیئے جائیں، لقولہ علیہ السلام: إذا أتی أحدکم أھلہ فلیستتر ما استطاع ولا یتجردان تجرد العیر، ولأن ذلک یورث النسیان لورود الأثر (شامي)</span><p></p> 
							<br>
							<span style=""font-size:1.2em"">
								<p><strong>واللہ تعالیٰ اعلم</strong></p>
								<br class=""clear"">
								<p><strong>دارالافتاء،</strong><br>دارالعلوم دیوبند</p>
							</span>
						</li>
											</ul>
				</div>"
