link,title,question_html,answer_html,issued_at,fatwa_number,dar_ul_ifta,category_lvl_1,category_lvl_2,html_container
https://darulifta-deoband.com/home/ur/other-transactions/17860,میں کراچی میں رہ رہا ہوں اور ایک کمپنی میں کام کررہاہوں جو کہ بادن ضلع میں ( کراچی سے ایک سو ساٹھ کلومیٹر دور) تیل اور گیس کی دریافت کا کام کرتی ہے۔ میں اس کمپنی میں 1998سے (یعنی گیارہ سال سے ) کام کررہا ہوں۔ اس کمپنی کی ملازمت کو ترک کرنے کی صورت میں چاہے کمپنی کی طرف سے ہو یا ملازم کی طرف سے ایک مہینہ کی نوٹس سے مربوط ہے ۔ ملازمت کے معاہدہ میں اس بات پر بھی اتفاق کیا گیا ہے کہ کمپنی مختصر مدتی نوٹس پر کسی بھی ملازم کو پاکستان کے کسی بھی علاقہ میں مثلاً کراچی، اسلام آباد یا اپنی فیلڈ آفسوں میں بادن یا میر پور خاص، مٹیاری (حیدرآباد) ضلع وغیرہ میں بھیج سکتی ہے۔ کمپنی کے بادن ضلع میں تین اور ضلع میرپور خاصل مٹیاری (حیدرآباد ) میں ایک رہائشی کیمپ ہے۔ ہمیں اپنی ذمہ داریوں اور کام کو پورا کرنے کے لیے مختلف جگہوں پر روزانہ سفر کرنا پڑتا ہے جو کہ بیس( بنیادی) کیمپ سے کم سے کم پانچ کلو میٹر او رزیادہ سے زیادہ سو کلومیٹرآگے ہوسکتا ہے۔...,"<h2><u> سوال: </u> <meta http-equiv=""Content-Type"" content=""text/html; charset=utf-8""><meta name=""ProgId"" content=""Word.Document""><meta name=""Generator"" content=""Microsoft Word 11""><meta name=""Originator"" content=""Microsoft Word 11""><link rel=""File-List"" href=""file:///G:\DOCUME~1\ADMINI~1\LOCALS~1\Temp\msohtml1\01\clip_filelist.xml""><!--[if gte mso 9]><xml>
 <w:WordDocument>
  <w:View>Normal</w:View>
  <w:Zoom>0</w:Zoom>
  <w:PunctuationKerning/>
  <w:ValidateAgainstSchemas/>
  <w:SaveIfXMLInvalid>false</w:SaveIfXMLInvalid>
  <w:IgnoreMixedContent>false</w:IgnoreMixedContent>
  <w:AlwaysShowPlaceholderText>false</w:AlwaysShowPlaceholderText>
  <w:Compatibility>
   <w:BreakWrappedTables/>
   <w:SnapToGridInCell/>
   <w:WrapTextWithPunct/>
   <w:UseAsianBreakRules/>
   <w:DontGrowAutofit/>
  </w:Compatibility>
  <w:BrowserLevel>MicrosoftInternetExplorer4</w:BrowserLevel>
 </w:WordDocument>
</xml><![endif]--><!--[if gte mso 9]><xml>
 <w:LatentStyles DefLockedState=""false"" LatentStyleCount=""156"">
 </w:LatentStyles>
</xml><![endif]--><style>
<!--
 /* Font Definitions */
 @font-face
	{font-family:""Jameel Noori Nastaleeq"";
	panose-1:2 0 5 3 0 0 0 0 0 4;
	mso-font-charset:0;
	mso-generic-font-family:auto;
	mso-font-pitch:variable;
	mso-font-signature:-2147475449 0 0 0 65 0;}
 /* Style Definitions */
 p.MsoNormal, li.MsoNormal, div.MsoNormal
	{mso-style-parent:"""";
	margin:0cm;
	margin-bottom:.0001pt;
	text-align:right;
	mso-pagination:widow-orphan;
	direction:rtl;
	unicode-bidi:embed;
	font-size:12.0pt;
	font-family:""Times New Roman"";
	mso-fareast-font-family:""Times New Roman"";}
@page Section1
	{size:612.0pt 792.0pt;
	margin:72.0pt 90.0pt 72.0pt 90.0pt;
	mso-header-margin:36.0pt;
	mso-footer-margin:36.0pt;
	mso-paper-source:0;}
div.Section1
	{page:Section1;}
-->
</style><!--[if gte mso 10]>
<style>
 /* Style Definitions */
 table.MsoNormalTable
	{mso-style-name:""Table Normal"";
	mso-tstyle-rowband-size:0;
	mso-tstyle-colband-size:0;
	mso-style-noshow:yes;
	mso-style-parent:"""";
	mso-padding-alt:0cm 5.4pt 0cm 5.4pt;
	mso-para-margin:0cm;
	mso-para-margin-bottom:.0001pt;
	mso-pagination:widow-orphan;
	font-size:10.0pt;
	font-family:""Times New Roman"";
	mso-ansi-language:#0400;
	mso-fareast-language:#0400;
	mso-bidi-language:#0400;}
</style>
<![endif]-->

<p class=""MsoNormal"" dir=""rtl"" style=""text-align: justify;""><span style=""font-family: &quot;Jameel Noori Nastaleeq&quot;;"" lang=""AR-SA"">میں
کراچی میں رہ رہا ہوں اور ایک کمپنی میں کام کررہاہوں جو کہ بادن ضلع میں ( کراچی
سے ایک سو ساٹھ کلومیٹر دور) تیل اور گیس کی دریافت کا کام کرتی ہے۔ میں اس کمپنی
میں 1998سے (یعنی گیارہ سال سے ) کام کررہا ہوں۔ اس کمپنی کی ملازمت کو ترک کرنے
کی صورت میں چاہے کمپنی کی طرف سے ہو یا ملازم کی طرف سے ایک مہینہ کی نوٹس سے
مربوط ہے ۔ ملازمت کے معاہدہ میں اس بات پر بھی اتفاق کیا گیا ہے کہ کمپنی مختصر
مدتی نوٹس پر کسی بھی ملازم کو پاکستان کے کسی بھی علاقہ میں مثلاً کراچی، اسلام
آباد یا اپنی فیلڈ آفسوں میں بادن یا میر پور خاص، مٹیاری (حیدرآباد) ضلع وغیرہ میں
بھیج سکتی ہے۔ کمپنی کے بادن ضلع میں تین اور ضلع میرپور خاصل مٹیاری (حیدرآباد )
میں ایک رہائشی کیمپ ہے۔ ہمیں اپنی ذمہ داریوں اور کام کو پورا کرنے کے لیے مختلف
جگہوں پر روزانہ سفر کرنا پڑتا ہے جو کہ بیس( بنیادی) کیمپ سے کم سے کم پانچ کلو
میٹر او رزیادہ سے زیادہ سو کلومیٹرآگے ہوسکتا ہے۔اس بنیادی کیمپ سے دوسری جگہ پر
سفر کرنے کے لیے کسی بھی فرد کو کسی دوسرے کیمپ میں ایک رات کے لیے کسی دن تاخیر
ہونے کی وجہ سے اور بنیادی کیمپ میں پہنچنے سے معذور ہونے کی وجہ سے ٹھہرنا پڑسکتا
ہے۔ پہلے یعنی (1998سے اپریل 2009) تک ہم سولہ دن کی ڈیوٹی کے دنوں میں (368گھنٹے)
کام کرتے تھے اور چودہ دن کی چھٹی ہوتی تھی۔ ہم نے اس ٹائم ٹیبل پر تقریباً دس سال
تک کام کیا۔ اپریل 2009سے کمپنی نے کام کی ترتیب کو سولہ دن کی ڈیوٹی یعنی
(368گھنٹے) کو چودہ دن کی ڈیوٹی یعنی (340گھنٹے)کام کی سائیکل سے تبدیل کردیا ہے
اور چودہ دن کی چھٹی۔ چھٹی کے دنوں میں ہماری کچھ ذاتی چیزیں جیسے کپڑے، جوتے
وغیرہ ہمارے کام کرنے کی جگہ پر ہم کو الاٹ کی گئی الماری ( جو کہ لاک ہوتی ہے اور
چابی ہر اس شخص کے پاس ہوتی ہے جس کو وہ الماری الاٹ کی گئی ہوتی ہے)میں رکھے ہوئے
ہوتے ہیں۔ کمپنی کے ایک کیمپ میں دو مسجدیں بھیموجود ہیں۔یہاں اطراف میں گاؤں بھی
ہیں۔ان میں سے ایک مسجد میں جمعہ اور عید کی نماز نیز رمضان کے مہینہ میں تراویح
بھی ہوتی ہے۔اوپر مذکور صورت اور شرط پر مبنی قصر نماز کے تعلق سے میرے سوالات
ہیں: (</span><span style=""font-family: &quot;Jameel Noori Nastaleeq&quot;;"" lang=""FA"">۱)</span><span style=""font-family: &quot;Jameel Noori Nastaleeq&quot;;"" lang=""AR-SA"">اوپر
مذکور صورت حال میں اور کمپنی کے ساتھ ملازمت کی میعاد میں کیا ہم قصر نماز ادا
کریں گے؟ (</span><span style=""font-family: &quot;Jameel Noori Nastaleeq&quot;;"" lang=""FA"">۲)</span><span style=""font-family: &quot;Jameel Noori Nastaleeq&quot;;"" lang=""AR-SA"">اگر
کوئی ملازم کام کرنے کی جگہ سے اپنی چودہ دن کی چھٹی پر روانہ ہوتے وقت اپنا پورا
ذاتی سامان اپنے ساتھ گھر واپس لے جاتا ہے تو اس صورت میں کیا حکم ہوگا؟ کیا اس کو
قصر نماز اد ا کرنی ہوگی پوری نماز پڑھنا ہوگا؟ (</span><span style=""font-family: &quot;Jameel Noori Nastaleeq&quot;;"" lang=""FA"">۳)</span><span style=""font-family: &quot;Jameel Noori Nastaleeq&quot;;"" lang=""AR-SA"">اگر کوئی ملازم اپنے
بنیادی کیمپ میں چودہ دن کام کرتا ہے یعنی تین سو چالیس گھنٹہ اور دوسری جگہ پر
نہیں جاتا ہے اور صرف بنیادی کیمپ میں اپنی ڈیوٹی پوری کرتا ہے تواس صورت میں کیا
حکم ہے؟ کیا وہ قصر کرے گا یا پوری پڑھے گا؟ (</span><span style=""font-family: &quot;Jameel Noori Nastaleeq&quot;;"" lang=""FA"">۴)</span><span style=""font-family: &quot;Jameel Noori Nastaleeq&quot;;"" lang=""AR-SA"">کیا ہم کو اوپر مذکور
صورت میں سنت ، تراویح، جمعہ، عیدین کی نمازیں پڑھنا چاہیے؟ (</span><span style=""font-family: &quot;Jameel Noori Nastaleeq&quot;;"" lang=""FA"">۵)</span><span style=""font-family: &quot;Jameel Noori Nastaleeq&quot;;"" lang=""AR-SA"">کیا ہم اوپر مذکور صورت
میں نمازوں کو ملائیں گے؟ والسلام<o:p></o:p></span></p>

</h2>","<p>بسم الله الرحمن الرحيم</p><p> <meta http-equiv=""Content-Type"" content=""text/html; charset=utf-8""><meta name=""ProgId"" content=""Word.Document""><meta name=""Generator"" content=""Microsoft Word 11""><meta name=""Originator"" content=""Microsoft Word 11""><link rel=""File-List"" href=""file:///G:\DOCUME~1\ADMINI~1\LOCALS~1\Temp\msohtml1\01\clip_filelist.xml""><!--[if gte mso 9]><xml>
 <w:WordDocument>
  <w:View>Normal</w:View>
  <w:Zoom>0</w:Zoom>
  <w:PunctuationKerning/>
  <w:ValidateAgainstSchemas/>
  <w:SaveIfXMLInvalid>false</w:SaveIfXMLInvalid>
  <w:IgnoreMixedContent>false</w:IgnoreMixedContent>
  <w:AlwaysShowPlaceholderText>false</w:AlwaysShowPlaceholderText>
  <w:Compatibility>
   <w:BreakWrappedTables/>
   <w:SnapToGridInCell/>
   <w:WrapTextWithPunct/>
   <w:UseAsianBreakRules/>
   <w:DontGrowAutofit/>
  </w:Compatibility>
  <w:BrowserLevel>MicrosoftInternetExplorer4</w:BrowserLevel>
 </w:WordDocument>
</xml><![endif]--><!--[if gte mso 9]><xml>
 <w:LatentStyles DefLockedState=""false"" LatentStyleCount=""156"">
 </w:LatentStyles>
</xml><![endif]--><style>
<!--
 /* Font Definitions */
 @font-face
	{font-family:""Jameel Noori Nastaleeq"";
	panose-1:2 0 5 3 0 0 0 0 0 4;
	mso-font-charset:0;
	mso-generic-font-family:auto;
	mso-font-pitch:variable;
	mso-font-signature:-2147475449 0 0 0 65 0;}
 /* Style Definitions */
 p.MsoNormal, li.MsoNormal, div.MsoNormal
	{mso-style-parent:"""";
	margin:0cm;
	margin-bottom:.0001pt;
	text-align:right;
	mso-pagination:widow-orphan;
	direction:rtl;
	unicode-bidi:embed;
	font-size:12.0pt;
	font-family:""Times New Roman"";
	mso-fareast-font-family:""Times New Roman"";}
@page Section1
	{size:612.0pt 792.0pt;
	margin:72.0pt 90.0pt 72.0pt 90.0pt;
	mso-header-margin:36.0pt;
	mso-footer-margin:36.0pt;
	mso-paper-source:0;}
div.Section1
	{page:Section1;}
-->
</style><!--[if gte mso 10]>
<style>
 /* Style Definitions */
 table.MsoNormalTable
	{mso-style-name:""Table Normal"";
	mso-tstyle-rowband-size:0;
	mso-tstyle-colband-size:0;
	mso-style-noshow:yes;
	mso-style-parent:"""";
	mso-padding-alt:0cm 5.4pt 0cm 5.4pt;
	mso-para-margin:0cm;
	mso-para-margin-bottom:.0001pt;
	mso-pagination:widow-orphan;
	font-size:10.0pt;
	font-family:""Times New Roman"";
	mso-ansi-language:#0400;
	mso-fareast-language:#0400;
	mso-bidi-language:#0400;}
</style>
<![endif]-->

</p><p class=""MsoNormal"" dir=""rtl"" style=""text-align: justify;""><span style=""font-family: &quot;Jameel Noori Nastaleeq&quot;;"" lang=""AR-SA"">فتوی(ب):2034=452</span><span dir=""ltr"" style=""font-family: &quot;Jameel Noori Nastaleeq&quot;;"">tb-</span><span dir=""rtl""></span><span dir=""rtl""></span><span style=""font-family: &quot;Jameel Noori Nastaleeq&quot;;"" lang=""AR-SA""><span dir=""rtl""></span><span dir=""rtl""></span>12/1430</span></p><p class=""MsoNormal"" dir=""rtl"" style=""text-align: justify;""><span style=""font-family: &quot;Jameel Noori Nastaleeq&quot;;"" lang=""AR-SA""><o:p>&nbsp;</o:p></span></p><p class=""MsoNormal"" dir=""rtl"" style=""text-align: justify;""><span style=""font-family: &quot;Jameel Noori Nastaleeq&quot;;"" lang=""AR-SA"">(</span><span style=""font-family: &quot;Jameel Noori Nastaleeq&quot;;"" lang=""FA"">۱) </span><span style=""font-family: &quot;Jameel Noori Nastaleeq&quot;;"" lang=""AR-SA"">جب کراچی سے اپنے کام
کرنے والی کمپنی میں جائیں گے تو اگر 15 دن سے کم ٹھہرنے کا ارادہ ہے تو آپ مسافر
رہیں گے، اور قصر نماز پڑھیں گے۔ اور 15 دن یا اس سے زیادہ رہنے کا ارادہ کرلیا ہے
تو آپ مقیم ہوجائیں گے اور نماز پوری پڑھیں گے، اسی طرح کمپنی سے باہر اگر 77.14
کلومیٹر کے لیے آپ نے سفر کیا تو کمپنی اور اس کے مضافات سے نکلنے کے بعد آپ مسافر
ہوجائیں گے اور قصر نماز پڑھیں گے۔ چودہ دن کی چھٹی میں گھر جاتے وقت راستہ میں دو
ہی رکعت پڑھیں گے، ہاں اپنے وطن اصلی پر پہنچ کر پوری پڑھیں گے۔</span></p><p class=""MsoNormal"" dir=""rtl"" style=""text-align: justify;""><span style=""font-family: &quot;Jameel Noori Nastaleeq&quot;;"" lang=""AR-SA"">(</span><span style=""font-family: &quot;Jameel Noori Nastaleeq&quot;;"" lang=""FA"">۲) </span><span style=""font-family: &quot;Jameel Noori Nastaleeq&quot;;"" lang=""AR-SA"">اگر جائے ملازمت میں صرف
14 دن کام کے لیے ٹھہرنا ہوگا توایسی صورت میں وہ مسافر رہے گا اور اسے قصر نماز
پڑھنی ہوگی۔</span></p><p class=""MsoNormal"" dir=""rtl"" style=""text-align: justify;""><span style=""font-family: &quot;Jameel Noori Nastaleeq&quot;;"" lang=""AR-SA"">(</span><span style=""font-family: &quot;Jameel Noori Nastaleeq&quot;;"" lang=""FA"">۳) </span><span style=""font-family: &quot;Jameel Noori Nastaleeq&quot;;"" lang=""AR-SA"">قصر کرے گا۔</span></p><p class=""MsoNormal"" dir=""rtl"" style=""text-align: justify;""><span style=""font-family: &quot;Jameel Noori Nastaleeq&quot;;"" lang=""AR-SA"">(</span><span style=""font-family: &quot;Jameel Noori Nastaleeq&quot;;"" lang=""FA"">۴) </span><span style=""font-family: &quot;Jameel Noori Nastaleeq&quot;;"" lang=""AR-SA"">اگر کمپنی کے کسی قصبہ
میں یا ایسے بڑے گاوٴں میں ہے جہاں کی آبادی 4-5 ہزار کی آبادی ہے اور وہاں روز
مرہ کی تمام چیزیں دستیاب ہیں تو وہاں جمعہ کی اور عیدین کی نماز پڑھیں گے ورنہ
صرف ظہر پڑھیں گے۔ اور سب نماز پڑھ سکتے ہیں، فرض واجب، سنت، نفل تراویح سب ہی
نماز پڑھنے کی اجازت ہے۔</span></p><p class=""MsoNormal"" dir=""rtl"" style=""text-align: justify;""><span style=""font-family: &quot;Jameel Noori Nastaleeq&quot;;"" lang=""AR-SA"">(</span><span style=""font-family: &quot;Jameel Noori Nastaleeq&quot;;"" lang=""FA"">۵) </span><span style=""font-family: &quot;Jameel Noori Nastaleeq&quot;;"" lang=""AR-SA"">جی نہیں! ہرنماز اپنے
وقت پر پڑھنی چاہیے، احناف کے نزدیک دو نمازوں کو ایک جگہ پڑھنا درست نہیں۔</span></p><p></p><br><span style=""font-size:1.2em"">
								<p><strong>واللہ تعالیٰ اعلم</strong></p>
								<br class=""clear"">
								<p><strong>دارالافتاء،</strong><br>دارالعلوم دیوبند</p>
							</span>",01-Sep-2020,17860,darulifta-deoband.com,معاملات,دیگر معاملات,"<div id=""recent_fatwas"" class=""container tab-pane active""><br>
					<ul class=""answer_detail"">
												<li>
																					<div class=""cate_sec"">
								<p class=""category_name"">
									<span>
										معاملات									</span> 
									&gt;&gt; 
									<span>
																		<a href=""https://darulifta-deoband.com/ur/category/n-a/Mzg="">دیگر معاملات</a>
									</span>
								</p>
								<p class=""quesid""><span class=""anser_id_urdu""> سوال نمبر: 17860</span><!--<span class=""country_urdu"">  : ملک</span> --></p>
							</div>
							<h2><u> عنوان:</u> <meta http-equiv=""Content-Type"" content=""text/html; charset=utf-8""><meta name=""ProgId"" content=""Word.Document""><meta name=""Generator"" content=""Microsoft Word 11""><meta name=""Originator"" content=""Microsoft Word 11""><link rel=""File-List"" href=""file:///G:\DOCUME~1\ADMINI~1\LOCALS~1\Temp\msohtml1\01\clip_filelist.xml""><!--[if gte mso 9]><xml>
 <w:WordDocument>
  <w:View>Normal</w:View>
  <w:Zoom>0</w:Zoom>
  <w:PunctuationKerning/>
  <w:ValidateAgainstSchemas/>
  <w:SaveIfXMLInvalid>false</w:SaveIfXMLInvalid>
  <w:IgnoreMixedContent>false</w:IgnoreMixedContent>
  <w:AlwaysShowPlaceholderText>false</w:AlwaysShowPlaceholderText>
  <w:Compatibility>
   <w:BreakWrappedTables/>
   <w:SnapToGridInCell/>
   <w:WrapTextWithPunct/>
   <w:UseAsianBreakRules/>
   <w:DontGrowAutofit/>
  </w:Compatibility>
  <w:BrowserLevel>MicrosoftInternetExplorer4</w:BrowserLevel>
 </w:WordDocument>
</xml><![endif]--><!--[if gte mso 9]><xml>
 <w:LatentStyles DefLockedState=""false"" LatentStyleCount=""156"">
 </w:LatentStyles>
</xml><![endif]--><style>
<!--
 /* Font Definitions */
 @font-face
	{font-family:""Jameel Noori Nastaleeq"";
	panose-1:2 0 5 3 0 0 0 0 0 4;
	mso-font-charset:0;
	mso-generic-font-family:auto;
	mso-font-pitch:variable;
	mso-font-signature:-2147475449 0 0 0 65 0;}
 /* Style Definitions */
 p.MsoNormal, li.MsoNormal, div.MsoNormal
	{mso-style-parent:"""";
	margin:0cm;
	margin-bottom:.0001pt;
	text-align:right;
	mso-pagination:widow-orphan;
	direction:rtl;
	unicode-bidi:embed;
	font-size:12.0pt;
	font-family:""Times New Roman"";
	mso-fareast-font-family:""Times New Roman"";}
@page Section1
	{size:612.0pt 792.0pt;
	margin:72.0pt 90.0pt 72.0pt 90.0pt;
	mso-header-margin:36.0pt;
	mso-footer-margin:36.0pt;
	mso-paper-source:0;}
div.Section1
	{page:Section1;}
-->
</style><!--[if gte mso 10]>
<style>
 /* Style Definitions */
 table.MsoNormalTable
	{mso-style-name:""Table Normal"";
	mso-tstyle-rowband-size:0;
	mso-tstyle-colband-size:0;
	mso-style-noshow:yes;
	mso-style-parent:"""";
	mso-padding-alt:0cm 5.4pt 0cm 5.4pt;
	mso-para-margin:0cm;
	mso-para-margin-bottom:.0001pt;
	mso-pagination:widow-orphan;
	font-size:10.0pt;
	font-family:""Times New Roman"";
	mso-ansi-language:#0400;
	mso-fareast-language:#0400;
	mso-bidi-language:#0400;}
</style>
<![endif]-->

<p class=""MsoNormal"" dir=""rtl"" style=""text-align: justify;""><span style=""font-family: &quot;Jameel Noori Nastaleeq&quot;;"" lang=""AR-SA"">میں
کراچی میں رہ رہا ہوں اور ایک کمپنی میں کام کررہاہوں جو کہ بادن ضلع میں ( کراچی
سے ایک سو ساٹھ کلومیٹر دور) تیل اور گیس کی دریافت کا کام کرتی ہے۔ میں اس کمپنی
میں 1998سے (یعنی گیارہ سال سے ) کام کررہا ہوں۔ اس کمپنی کی ملازمت کو ترک کرنے
کی صورت میں چاہے کمپنی کی طرف سے ہو یا ملازم کی طرف سے ایک مہینہ کی نوٹس سے
مربوط ہے ۔ ملازمت کے معاہدہ میں اس بات پر بھی اتفاق کیا گیا ہے کہ کمپنی مختصر
مدتی نوٹس پر کسی بھی ملازم کو پاکستان کے کسی بھی علاقہ میں مثلاً کراچی، اسلام
آباد یا اپنی فیلڈ آفسوں میں بادن یا میر پور خاص، مٹیاری (حیدرآباد) ضلع وغیرہ میں
بھیج سکتی ہے۔ کمپنی کے بادن ضلع میں تین اور ضلع میرپور خاصل مٹیاری (حیدرآباد )
میں ایک رہائشی کیمپ ہے۔ ہمیں اپنی ذمہ داریوں اور کام کو پورا کرنے کے لیے مختلف
جگہوں پر روزانہ سفر کرنا پڑتا ہے جو کہ بیس( بنیادی) کیمپ سے کم سے کم پانچ کلو
میٹر او رزیادہ سے زیادہ سو کلومیٹرآگے ہوسکتا ہے۔...</span><span style=""font-family: &quot;Jameel Noori Nastaleeq&quot;;"" lang=""AR-SA""><o:p></o:p></span></p>

</h2>
							<h2><u> سوال: </u> <meta http-equiv=""Content-Type"" content=""text/html; charset=utf-8""><meta name=""ProgId"" content=""Word.Document""><meta name=""Generator"" content=""Microsoft Word 11""><meta name=""Originator"" content=""Microsoft Word 11""><link rel=""File-List"" href=""file:///G:\DOCUME~1\ADMINI~1\LOCALS~1\Temp\msohtml1\01\clip_filelist.xml""><!--[if gte mso 9]><xml>
 <w:WordDocument>
  <w:View>Normal</w:View>
  <w:Zoom>0</w:Zoom>
  <w:PunctuationKerning/>
  <w:ValidateAgainstSchemas/>
  <w:SaveIfXMLInvalid>false</w:SaveIfXMLInvalid>
  <w:IgnoreMixedContent>false</w:IgnoreMixedContent>
  <w:AlwaysShowPlaceholderText>false</w:AlwaysShowPlaceholderText>
  <w:Compatibility>
   <w:BreakWrappedTables/>
   <w:SnapToGridInCell/>
   <w:WrapTextWithPunct/>
   <w:UseAsianBreakRules/>
   <w:DontGrowAutofit/>
  </w:Compatibility>
  <w:BrowserLevel>MicrosoftInternetExplorer4</w:BrowserLevel>
 </w:WordDocument>
</xml><![endif]--><!--[if gte mso 9]><xml>
 <w:LatentStyles DefLockedState=""false"" LatentStyleCount=""156"">
 </w:LatentStyles>
</xml><![endif]--><style>
<!--
 /* Font Definitions */
 @font-face
	{font-family:""Jameel Noori Nastaleeq"";
	panose-1:2 0 5 3 0 0 0 0 0 4;
	mso-font-charset:0;
	mso-generic-font-family:auto;
	mso-font-pitch:variable;
	mso-font-signature:-2147475449 0 0 0 65 0;}
 /* Style Definitions */
 p.MsoNormal, li.MsoNormal, div.MsoNormal
	{mso-style-parent:"""";
	margin:0cm;
	margin-bottom:.0001pt;
	text-align:right;
	mso-pagination:widow-orphan;
	direction:rtl;
	unicode-bidi:embed;
	font-size:12.0pt;
	font-family:""Times New Roman"";
	mso-fareast-font-family:""Times New Roman"";}
@page Section1
	{size:612.0pt 792.0pt;
	margin:72.0pt 90.0pt 72.0pt 90.0pt;
	mso-header-margin:36.0pt;
	mso-footer-margin:36.0pt;
	mso-paper-source:0;}
div.Section1
	{page:Section1;}
-->
</style><!--[if gte mso 10]>
<style>
 /* Style Definitions */
 table.MsoNormalTable
	{mso-style-name:""Table Normal"";
	mso-tstyle-rowband-size:0;
	mso-tstyle-colband-size:0;
	mso-style-noshow:yes;
	mso-style-parent:"""";
	mso-padding-alt:0cm 5.4pt 0cm 5.4pt;
	mso-para-margin:0cm;
	mso-para-margin-bottom:.0001pt;
	mso-pagination:widow-orphan;
	font-size:10.0pt;
	font-family:""Times New Roman"";
	mso-ansi-language:#0400;
	mso-fareast-language:#0400;
	mso-bidi-language:#0400;}
</style>
<![endif]-->

<p class=""MsoNormal"" dir=""rtl"" style=""text-align: justify;""><span style=""font-family: &quot;Jameel Noori Nastaleeq&quot;;"" lang=""AR-SA"">میں
کراچی میں رہ رہا ہوں اور ایک کمپنی میں کام کررہاہوں جو کہ بادن ضلع میں ( کراچی
سے ایک سو ساٹھ کلومیٹر دور) تیل اور گیس کی دریافت کا کام کرتی ہے۔ میں اس کمپنی
میں 1998سے (یعنی گیارہ سال سے ) کام کررہا ہوں۔ اس کمپنی کی ملازمت کو ترک کرنے
کی صورت میں چاہے کمپنی کی طرف سے ہو یا ملازم کی طرف سے ایک مہینہ کی نوٹس سے
مربوط ہے ۔ ملازمت کے معاہدہ میں اس بات پر بھی اتفاق کیا گیا ہے کہ کمپنی مختصر
مدتی نوٹس پر کسی بھی ملازم کو پاکستان کے کسی بھی علاقہ میں مثلاً کراچی، اسلام
آباد یا اپنی فیلڈ آفسوں میں بادن یا میر پور خاص، مٹیاری (حیدرآباد) ضلع وغیرہ میں
بھیج سکتی ہے۔ کمپنی کے بادن ضلع میں تین اور ضلع میرپور خاصل مٹیاری (حیدرآباد )
میں ایک رہائشی کیمپ ہے۔ ہمیں اپنی ذمہ داریوں اور کام کو پورا کرنے کے لیے مختلف
جگہوں پر روزانہ سفر کرنا پڑتا ہے جو کہ بیس( بنیادی) کیمپ سے کم سے کم پانچ کلو
میٹر او رزیادہ سے زیادہ سو کلومیٹرآگے ہوسکتا ہے۔اس بنیادی کیمپ سے دوسری جگہ پر
سفر کرنے کے لیے کسی بھی فرد کو کسی دوسرے کیمپ میں ایک رات کے لیے کسی دن تاخیر
ہونے کی وجہ سے اور بنیادی کیمپ میں پہنچنے سے معذور ہونے کی وجہ سے ٹھہرنا پڑسکتا
ہے۔ پہلے یعنی (1998سے اپریل 2009) تک ہم سولہ دن کی ڈیوٹی کے دنوں میں (368گھنٹے)
کام کرتے تھے اور چودہ دن کی چھٹی ہوتی تھی۔ ہم نے اس ٹائم ٹیبل پر تقریباً دس سال
تک کام کیا۔ اپریل 2009سے کمپنی نے کام کی ترتیب کو سولہ دن کی ڈیوٹی یعنی
(368گھنٹے) کو چودہ دن کی ڈیوٹی یعنی (340گھنٹے)کام کی سائیکل سے تبدیل کردیا ہے
اور چودہ دن کی چھٹی۔ چھٹی کے دنوں میں ہماری کچھ ذاتی چیزیں جیسے کپڑے، جوتے
وغیرہ ہمارے کام کرنے کی جگہ پر ہم کو الاٹ کی گئی الماری ( جو کہ لاک ہوتی ہے اور
چابی ہر اس شخص کے پاس ہوتی ہے جس کو وہ الماری الاٹ کی گئی ہوتی ہے)میں رکھے ہوئے
ہوتے ہیں۔ کمپنی کے ایک کیمپ میں دو مسجدیں بھیموجود ہیں۔یہاں اطراف میں گاؤں بھی
ہیں۔ان میں سے ایک مسجد میں جمعہ اور عید کی نماز نیز رمضان کے مہینہ میں تراویح
بھی ہوتی ہے۔اوپر مذکور صورت اور شرط پر مبنی قصر نماز کے تعلق سے میرے سوالات
ہیں: (</span><span style=""font-family: &quot;Jameel Noori Nastaleeq&quot;;"" lang=""FA"">۱)</span><span style=""font-family: &quot;Jameel Noori Nastaleeq&quot;;"" lang=""AR-SA"">اوپر
مذکور صورت حال میں اور کمپنی کے ساتھ ملازمت کی میعاد میں کیا ہم قصر نماز ادا
کریں گے؟ (</span><span style=""font-family: &quot;Jameel Noori Nastaleeq&quot;;"" lang=""FA"">۲)</span><span style=""font-family: &quot;Jameel Noori Nastaleeq&quot;;"" lang=""AR-SA"">اگر
کوئی ملازم کام کرنے کی جگہ سے اپنی چودہ دن کی چھٹی پر روانہ ہوتے وقت اپنا پورا
ذاتی سامان اپنے ساتھ گھر واپس لے جاتا ہے تو اس صورت میں کیا حکم ہوگا؟ کیا اس کو
قصر نماز اد ا کرنی ہوگی پوری نماز پڑھنا ہوگا؟ (</span><span style=""font-family: &quot;Jameel Noori Nastaleeq&quot;;"" lang=""FA"">۳)</span><span style=""font-family: &quot;Jameel Noori Nastaleeq&quot;;"" lang=""AR-SA"">اگر کوئی ملازم اپنے
بنیادی کیمپ میں چودہ دن کام کرتا ہے یعنی تین سو چالیس گھنٹہ اور دوسری جگہ پر
نہیں جاتا ہے اور صرف بنیادی کیمپ میں اپنی ڈیوٹی پوری کرتا ہے تواس صورت میں کیا
حکم ہے؟ کیا وہ قصر کرے گا یا پوری پڑھے گا؟ (</span><span style=""font-family: &quot;Jameel Noori Nastaleeq&quot;;"" lang=""FA"">۴)</span><span style=""font-family: &quot;Jameel Noori Nastaleeq&quot;;"" lang=""AR-SA"">کیا ہم کو اوپر مذکور
صورت میں سنت ، تراویح، جمعہ، عیدین کی نمازیں پڑھنا چاہیے؟ (</span><span style=""font-family: &quot;Jameel Noori Nastaleeq&quot;;"" lang=""FA"">۵)</span><span style=""font-family: &quot;Jameel Noori Nastaleeq&quot;;"" lang=""AR-SA"">کیا ہم اوپر مذکور صورت
میں نمازوں کو ملائیں گے؟ والسلام<o:p></o:p></span></p>

</h2>
							<p class=""fatwa_answer""><span class=""ans_urdu_id""> جواب نمبر: 17860</span><span style=""color:#efefef;display:none;"" class=""answer_date_urdu"">01-Sep-2020 : تاریخ اشاعت </span></p>
							<p>بسم الله الرحمن الرحيم</p>
							<p> <meta http-equiv=""Content-Type"" content=""text/html; charset=utf-8""><meta name=""ProgId"" content=""Word.Document""><meta name=""Generator"" content=""Microsoft Word 11""><meta name=""Originator"" content=""Microsoft Word 11""><link rel=""File-List"" href=""file:///G:\DOCUME~1\ADMINI~1\LOCALS~1\Temp\msohtml1\01\clip_filelist.xml""><!--[if gte mso 9]><xml>
 <w:WordDocument>
  <w:View>Normal</w:View>
  <w:Zoom>0</w:Zoom>
  <w:PunctuationKerning/>
  <w:ValidateAgainstSchemas/>
  <w:SaveIfXMLInvalid>false</w:SaveIfXMLInvalid>
  <w:IgnoreMixedContent>false</w:IgnoreMixedContent>
  <w:AlwaysShowPlaceholderText>false</w:AlwaysShowPlaceholderText>
  <w:Compatibility>
   <w:BreakWrappedTables/>
   <w:SnapToGridInCell/>
   <w:WrapTextWithPunct/>
   <w:UseAsianBreakRules/>
   <w:DontGrowAutofit/>
  </w:Compatibility>
  <w:BrowserLevel>MicrosoftInternetExplorer4</w:BrowserLevel>
 </w:WordDocument>
</xml><![endif]--><!--[if gte mso 9]><xml>
 <w:LatentStyles DefLockedState=""false"" LatentStyleCount=""156"">
 </w:LatentStyles>
</xml><![endif]--><style>
<!--
 /* Font Definitions */
 @font-face
	{font-family:""Jameel Noori Nastaleeq"";
	panose-1:2 0 5 3 0 0 0 0 0 4;
	mso-font-charset:0;
	mso-generic-font-family:auto;
	mso-font-pitch:variable;
	mso-font-signature:-2147475449 0 0 0 65 0;}
 /* Style Definitions */
 p.MsoNormal, li.MsoNormal, div.MsoNormal
	{mso-style-parent:"""";
	margin:0cm;
	margin-bottom:.0001pt;
	text-align:right;
	mso-pagination:widow-orphan;
	direction:rtl;
	unicode-bidi:embed;
	font-size:12.0pt;
	font-family:""Times New Roman"";
	mso-fareast-font-family:""Times New Roman"";}
@page Section1
	{size:612.0pt 792.0pt;
	margin:72.0pt 90.0pt 72.0pt 90.0pt;
	mso-header-margin:36.0pt;
	mso-footer-margin:36.0pt;
	mso-paper-source:0;}
div.Section1
	{page:Section1;}
-->
</style><!--[if gte mso 10]>
<style>
 /* Style Definitions */
 table.MsoNormalTable
	{mso-style-name:""Table Normal"";
	mso-tstyle-rowband-size:0;
	mso-tstyle-colband-size:0;
	mso-style-noshow:yes;
	mso-style-parent:"""";
	mso-padding-alt:0cm 5.4pt 0cm 5.4pt;
	mso-para-margin:0cm;
	mso-para-margin-bottom:.0001pt;
	mso-pagination:widow-orphan;
	font-size:10.0pt;
	font-family:""Times New Roman"";
	mso-ansi-language:#0400;
	mso-fareast-language:#0400;
	mso-bidi-language:#0400;}
</style>
<![endif]-->

</p><p class=""MsoNormal"" dir=""rtl"" style=""text-align: justify;""><span style=""font-family: &quot;Jameel Noori Nastaleeq&quot;;"" lang=""AR-SA"">فتوی(ب):2034=452</span><span dir=""ltr"" style=""font-family: &quot;Jameel Noori Nastaleeq&quot;;"">tb-</span><span dir=""rtl""></span><span dir=""rtl""></span><span style=""font-family: &quot;Jameel Noori Nastaleeq&quot;;"" lang=""AR-SA""><span dir=""rtl""></span><span dir=""rtl""></span>12/1430</span></p>

<p class=""MsoNormal"" dir=""rtl"" style=""text-align: justify;""><span style=""font-family: &quot;Jameel Noori Nastaleeq&quot;;"" lang=""AR-SA""><o:p>&nbsp;</o:p></span></p>

<p class=""MsoNormal"" dir=""rtl"" style=""text-align: justify;""><span style=""font-family: &quot;Jameel Noori Nastaleeq&quot;;"" lang=""AR-SA"">(</span><span style=""font-family: &quot;Jameel Noori Nastaleeq&quot;;"" lang=""FA"">۱) </span><span style=""font-family: &quot;Jameel Noori Nastaleeq&quot;;"" lang=""AR-SA"">جب کراچی سے اپنے کام
کرنے والی کمپنی میں جائیں گے تو اگر 15 دن سے کم ٹھہرنے کا ارادہ ہے تو آپ مسافر
رہیں گے، اور قصر نماز پڑھیں گے۔ اور 15 دن یا اس سے زیادہ رہنے کا ارادہ کرلیا ہے
تو آپ مقیم ہوجائیں گے اور نماز پوری پڑھیں گے، اسی طرح کمپنی سے باہر اگر 77.14
کلومیٹر کے لیے آپ نے سفر کیا تو کمپنی اور اس کے مضافات سے نکلنے کے بعد آپ مسافر
ہوجائیں گے اور قصر نماز پڑھیں گے۔ چودہ دن کی چھٹی میں گھر جاتے وقت راستہ میں دو
ہی رکعت پڑھیں گے، ہاں اپنے وطن اصلی پر پہنچ کر پوری پڑھیں گے۔</span></p>

<p class=""MsoNormal"" dir=""rtl"" style=""text-align: justify;""><span style=""font-family: &quot;Jameel Noori Nastaleeq&quot;;"" lang=""AR-SA"">(</span><span style=""font-family: &quot;Jameel Noori Nastaleeq&quot;;"" lang=""FA"">۲) </span><span style=""font-family: &quot;Jameel Noori Nastaleeq&quot;;"" lang=""AR-SA"">اگر جائے ملازمت میں صرف
14 دن کام کے لیے ٹھہرنا ہوگا توایسی صورت میں وہ مسافر رہے گا اور اسے قصر نماز
پڑھنی ہوگی۔</span></p>

<p class=""MsoNormal"" dir=""rtl"" style=""text-align: justify;""><span style=""font-family: &quot;Jameel Noori Nastaleeq&quot;;"" lang=""AR-SA"">(</span><span style=""font-family: &quot;Jameel Noori Nastaleeq&quot;;"" lang=""FA"">۳) </span><span style=""font-family: &quot;Jameel Noori Nastaleeq&quot;;"" lang=""AR-SA"">قصر کرے گا۔</span></p>

<p class=""MsoNormal"" dir=""rtl"" style=""text-align: justify;""><span style=""font-family: &quot;Jameel Noori Nastaleeq&quot;;"" lang=""AR-SA"">(</span><span style=""font-family: &quot;Jameel Noori Nastaleeq&quot;;"" lang=""FA"">۴) </span><span style=""font-family: &quot;Jameel Noori Nastaleeq&quot;;"" lang=""AR-SA"">اگر کمپنی کے کسی قصبہ
میں یا ایسے بڑے گاوٴں میں ہے جہاں کی آبادی 4-5 ہزار کی آبادی ہے اور وہاں روز
مرہ کی تمام چیزیں دستیاب ہیں تو وہاں جمعہ کی اور عیدین کی نماز پڑھیں گے ورنہ
صرف ظہر پڑھیں گے۔ اور سب نماز پڑھ سکتے ہیں، فرض واجب، سنت، نفل تراویح سب ہی
نماز پڑھنے کی اجازت ہے۔</span></p>

<p class=""MsoNormal"" dir=""rtl"" style=""text-align: justify;""><span style=""font-family: &quot;Jameel Noori Nastaleeq&quot;;"" lang=""AR-SA"">(</span><span style=""font-family: &quot;Jameel Noori Nastaleeq&quot;;"" lang=""FA"">۵) </span><span style=""font-family: &quot;Jameel Noori Nastaleeq&quot;;"" lang=""AR-SA"">جی نہیں! ہرنماز اپنے
وقت پر پڑھنی چاہیے، احناف کے نزدیک دو نمازوں کو ایک جگہ پڑھنا درست نہیں۔</span></p>

<p></p> 
							<br>
							<span style=""font-size:1.2em"">
								<p><strong>واللہ تعالیٰ اعلم</strong></p>
								<br class=""clear"">
								<p><strong>دارالافتاء،</strong><br>دارالعلوم دیوبند</p>
							</span>
						</li>
											</ul>
				</div>"
https://darulifta-deoband.com/home/ur/other-transactions/17857,ہمارا ایک مکان ہے اس کو ہم نے بیوٹی پارلر بنانے کے لیے کرایہ پر دے دیا ہے ۔ آیا اس کا کرایہ استعمال کرنا صحیح ہے؟,"<h2><u> سوال: </u> <!-- [if gte mso 9]><xml>
 <w:WordDocument>
  <w:View>Normal</w:View>
  <w:Zoom>0</w:Zoom>
  <w:PunctuationKerning/>
  <w:ValidateAgainstSchemas/>
  <w:SaveIfXMLInvalid>false</w:SaveIfXMLInvalid>
  <w:IgnoreMixedContent>false</w:IgnoreMixedContent>
  <w:AlwaysShowPlaceholderText>false</w:AlwaysShowPlaceholderText>
  <w:Compatibility>
   <w:BreakWrappedTables/>
   <w:SnapToGridInCell/>
   <w:WrapTextWithPunct/>
   <w:UseAsianBreakRules/>
   <w:DontGrowAutofit/>
  </w:Compatibility>
  <w:BrowserLevel>MicrosoftInternetExplorer4</w:BrowserLevel>
 </w:WordDocument>
</xml><![endif]--><!-- [if gte mso 9]><xml>
 <w:LatentStyles DefLockedState=""false"" LatentStyleCount=""156"">
 </w:LatentStyles>
</xml><![endif]--><!-- [if gte mso 10]>
<style>
 /* Style Definitions */
 table.MsoNormalTable
	{mso-style-name:""Table Normal"";
	mso-tstyle-rowband-size:0;
	mso-tstyle-colband-size:0;
	mso-style-noshow:yes;
	mso-style-parent:"""";
	mso-padding-alt:0cm 5.4pt 0cm 5.4pt;
	mso-para-margin:0cm;
	mso-para-margin-bottom:.0001pt;
	mso-pagination:widow-orphan;
	font-size:10.0pt;
	font-family:""Times New Roman"";
	mso-ansi-language:#0400;
	mso-fareast-language:#0400;
	mso-bidi-language:#0400;}
</style>
<![endif]-->
<p class=""MsoNormal"" dir=""rtl"" style=""text-align: justify;""><span lang=""AR-SA"">ہمارا ایک مکان ہے اس کو ہم نے بیوٹی پارلر بنانے کے لیے کرایہ پر دے دیا ہے ۔ آیا اس کا کرایہ استعمال کرنا صحیح ہے؟</span></p></h2>","<p>بسم الله الرحمن الرحيم</p><p> <!-- [if gte mso 9]><xml>
 <w:WordDocument>
  <w:View>Normal</w:View>
  <w:Zoom>0</w:Zoom>
  <w:PunctuationKerning/>
  <w:ValidateAgainstSchemas/>
  <w:SaveIfXMLInvalid>false</w:SaveIfXMLInvalid>
  <w:IgnoreMixedContent>false</w:IgnoreMixedContent>
  <w:AlwaysShowPlaceholderText>false</w:AlwaysShowPlaceholderText>
  <w:Compatibility>
   <w:BreakWrappedTables/>
   <w:SnapToGridInCell/>
   <w:WrapTextWithPunct/>
   <w:UseAsianBreakRules/>
   <w:DontGrowAutofit/>
  </w:Compatibility>
  <w:BrowserLevel>MicrosoftInternetExplorer4</w:BrowserLevel>
 </w:WordDocument>
</xml><![endif]--><!-- [if gte mso 9]><xml>
 <w:LatentStyles DefLockedState=""false"" LatentStyleCount=""156"">
 </w:LatentStyles>
</xml><![endif]--><!-- [if gte mso 10]>
<style>
 /* Style Definitions */
 table.MsoNormalTable
	{mso-style-name:""Table Normal"";
	mso-tstyle-rowband-size:0;
	mso-tstyle-colband-size:0;
	mso-style-noshow:yes;
	mso-style-parent:"""";
	mso-padding-alt:0cm 5.4pt 0cm 5.4pt;
	mso-para-margin:0cm;
	mso-para-margin-bottom:.0001pt;
	mso-pagination:widow-orphan;
	font-size:10.0pt;
	font-family:""Times New Roman"";
	mso-ansi-language:#0400;
	mso-fareast-language:#0400;
	mso-bidi-language:#0400;}
</style>
<![endif]-->
</p><p class=""MsoNormal"" dir=""rtl"" style=""text-align: justify;""><span lang=""AR-SA"">فتوی(ب):376</span><span dir=""ltr"">tb=</span><span lang=""AR-SA"">2008-12/1430</span></p><p class=""MsoNormal"" dir=""rtl"" style=""text-align: justify;""><span lang=""AR-SA"">&nbsp;</span></p><p class=""MsoNormal"" dir=""rtl"" style=""text-align: justify;""><span lang=""AR-SA"">حضرت امام اعظم ابوحنیفہ (رح)&nbsp;</span><span lang=""AR-SA"">کے نزدیک جائز ہے۔ البتہ اعانت معصیت کی وجہ سے مکروہ ہے۔</span></p><p></p><br><span style=""font-size:1.2em"">
								<p><strong>واللہ تعالیٰ اعلم</strong></p>
								<br class=""clear"">
								<p><strong>دارالافتاء،</strong><br>دارالعلوم دیوبند</p>
							</span>",03-Nov-2021,17857,darulifta-deoband.com,معاملات,دیگر معاملات,"<div id=""recent_fatwas"" class=""container tab-pane active""><br>
					<ul class=""answer_detail"">
												<li>
																					<div class=""cate_sec"">
								<p class=""category_name"">
									<span>
										معاملات									</span> 
									&gt;&gt; 
									<span>
																		<a href=""https://darulifta-deoband.com/ur/category/n-a/Mzg="">دیگر معاملات</a>
									</span>
								</p>
								<p class=""quesid""><span class=""anser_id_urdu""> سوال نمبر: 17857</span><!--<span class=""country_urdu"">  : ملک</span> --></p>
							</div>
							<h2><u> عنوان:</u> <!-- [if gte mso 9]><xml>
 <w:WordDocument>
  <w:View>Normal</w:View>
  <w:Zoom>0</w:Zoom>
  <w:PunctuationKerning/>
  <w:ValidateAgainstSchemas/>
  <w:SaveIfXMLInvalid>false</w:SaveIfXMLInvalid>
  <w:IgnoreMixedContent>false</w:IgnoreMixedContent>
  <w:AlwaysShowPlaceholderText>false</w:AlwaysShowPlaceholderText>
  <w:Compatibility>
   <w:BreakWrappedTables/>
   <w:SnapToGridInCell/>
   <w:WrapTextWithPunct/>
   <w:UseAsianBreakRules/>
   <w:DontGrowAutofit/>
  </w:Compatibility>
  <w:BrowserLevel>MicrosoftInternetExplorer4</w:BrowserLevel>
 </w:WordDocument>
</xml><![endif]--><!-- [if gte mso 9]><xml>
 <w:LatentStyles DefLockedState=""false"" LatentStyleCount=""156"">
 </w:LatentStyles>
</xml><![endif]--><!-- [if gte mso 10]>
<style>
 /* Style Definitions */
 table.MsoNormalTable
	{mso-style-name:""Table Normal"";
	mso-tstyle-rowband-size:0;
	mso-tstyle-colband-size:0;
	mso-style-noshow:yes;
	mso-style-parent:"""";
	mso-padding-alt:0cm 5.4pt 0cm 5.4pt;
	mso-para-margin:0cm;
	mso-para-margin-bottom:.0001pt;
	mso-pagination:widow-orphan;
	font-size:10.0pt;
	font-family:""Times New Roman"";
	mso-ansi-language:#0400;
	mso-fareast-language:#0400;
	mso-bidi-language:#0400;}
</style>
<![endif]-->
<p class=""MsoNormal"" dir=""rtl"" style=""text-align: justify;""><span lang=""AR-SA"">ہمارا ایک مکان ہے اس کو ہم نے بیوٹی پارلر بنانے کے لیے کرایہ پر دے دیا ہے ۔ آیا اس کا کرایہ استعمال کرنا صحیح ہے؟</span></p></h2>
							<h2><u> سوال: </u> <!-- [if gte mso 9]><xml>
 <w:WordDocument>
  <w:View>Normal</w:View>
  <w:Zoom>0</w:Zoom>
  <w:PunctuationKerning/>
  <w:ValidateAgainstSchemas/>
  <w:SaveIfXMLInvalid>false</w:SaveIfXMLInvalid>
  <w:IgnoreMixedContent>false</w:IgnoreMixedContent>
  <w:AlwaysShowPlaceholderText>false</w:AlwaysShowPlaceholderText>
  <w:Compatibility>
   <w:BreakWrappedTables/>
   <w:SnapToGridInCell/>
   <w:WrapTextWithPunct/>
   <w:UseAsianBreakRules/>
   <w:DontGrowAutofit/>
  </w:Compatibility>
  <w:BrowserLevel>MicrosoftInternetExplorer4</w:BrowserLevel>
 </w:WordDocument>
</xml><![endif]--><!-- [if gte mso 9]><xml>
 <w:LatentStyles DefLockedState=""false"" LatentStyleCount=""156"">
 </w:LatentStyles>
</xml><![endif]--><!-- [if gte mso 10]>
<style>
 /* Style Definitions */
 table.MsoNormalTable
	{mso-style-name:""Table Normal"";
	mso-tstyle-rowband-size:0;
	mso-tstyle-colband-size:0;
	mso-style-noshow:yes;
	mso-style-parent:"""";
	mso-padding-alt:0cm 5.4pt 0cm 5.4pt;
	mso-para-margin:0cm;
	mso-para-margin-bottom:.0001pt;
	mso-pagination:widow-orphan;
	font-size:10.0pt;
	font-family:""Times New Roman"";
	mso-ansi-language:#0400;
	mso-fareast-language:#0400;
	mso-bidi-language:#0400;}
</style>
<![endif]-->
<p class=""MsoNormal"" dir=""rtl"" style=""text-align: justify;""><span lang=""AR-SA"">ہمارا ایک مکان ہے اس کو ہم نے بیوٹی پارلر بنانے کے لیے کرایہ پر دے دیا ہے ۔ آیا اس کا کرایہ استعمال کرنا صحیح ہے؟</span></p></h2>
							<p class=""fatwa_answer""><span class=""ans_urdu_id""> جواب نمبر: 17857</span><span style=""color:#efefef;display:none;"" class=""answer_date_urdu"">03-Nov-2021 : تاریخ اشاعت </span></p>
							<p>بسم الله الرحمن الرحيم</p>
							<p> <!-- [if gte mso 9]><xml>
 <w:WordDocument>
  <w:View>Normal</w:View>
  <w:Zoom>0</w:Zoom>
  <w:PunctuationKerning/>
  <w:ValidateAgainstSchemas/>
  <w:SaveIfXMLInvalid>false</w:SaveIfXMLInvalid>
  <w:IgnoreMixedContent>false</w:IgnoreMixedContent>
  <w:AlwaysShowPlaceholderText>false</w:AlwaysShowPlaceholderText>
  <w:Compatibility>
   <w:BreakWrappedTables/>
   <w:SnapToGridInCell/>
   <w:WrapTextWithPunct/>
   <w:UseAsianBreakRules/>
   <w:DontGrowAutofit/>
  </w:Compatibility>
  <w:BrowserLevel>MicrosoftInternetExplorer4</w:BrowserLevel>
 </w:WordDocument>
</xml><![endif]--><!-- [if gte mso 9]><xml>
 <w:LatentStyles DefLockedState=""false"" LatentStyleCount=""156"">
 </w:LatentStyles>
</xml><![endif]--><!-- [if gte mso 10]>
<style>
 /* Style Definitions */
 table.MsoNormalTable
	{mso-style-name:""Table Normal"";
	mso-tstyle-rowband-size:0;
	mso-tstyle-colband-size:0;
	mso-style-noshow:yes;
	mso-style-parent:"""";
	mso-padding-alt:0cm 5.4pt 0cm 5.4pt;
	mso-para-margin:0cm;
	mso-para-margin-bottom:.0001pt;
	mso-pagination:widow-orphan;
	font-size:10.0pt;
	font-family:""Times New Roman"";
	mso-ansi-language:#0400;
	mso-fareast-language:#0400;
	mso-bidi-language:#0400;}
</style>
<![endif]-->
</p><p class=""MsoNormal"" dir=""rtl"" style=""text-align: justify;""><span lang=""AR-SA"">فتوی(ب):376</span><span dir=""ltr"">tb=</span><span lang=""AR-SA"">2008-12/1430</span></p>
<p class=""MsoNormal"" dir=""rtl"" style=""text-align: justify;""><span lang=""AR-SA"">&nbsp;</span></p>
<p class=""MsoNormal"" dir=""rtl"" style=""text-align: justify;""><span lang=""AR-SA"">حضرت امام اعظم ابوحنیفہ (رح)&nbsp;</span><span lang=""AR-SA"">کے نزدیک جائز ہے۔ البتہ اعانت معصیت کی وجہ سے مکروہ ہے۔</span></p><p></p> 
							<br>
							<span style=""font-size:1.2em"">
								<p><strong>واللہ تعالیٰ اعلم</strong></p>
								<br class=""clear"">
								<p><strong>دارالافتاء،</strong><br>دارالعلوم دیوبند</p>
							</span>
						</li>
											</ul>
				</div>"
https://darulifta-deoband.com/home/ur/other-transactions/17740,میرے ایک دوست کے بھائی کا قتل ہوا، جس کو میں نے اپنی آنکھوں سے نہیں دیکھا یعنی میں اس کا چشم دید گواہ نہیں ہوں۔ مگر مقتول میرے دوست کا بھائی رہنے کی وجہ سے میں پولیس میں بیان دیا کہ میں حادثہ کے وقت اس جگہ پر موجود تھا۔ اس کے بعد پولیس نے میرا جواب کورٹ میں سیکشن 164کے تحت سیل کیا، اب کیس بورڈ پر آرہی ہے۔ میری گواہی سے کورٹ میں کیس کا فیصلہ ہونے والا ہے۔ اب شریعت میرے لیے کیا حکم دیتی ہے؟,"<h2><u> سوال: </u> <meta http-equiv=""Content-Type"" content=""text/html; charset=utf-8""><meta name=""ProgId"" content=""Word.Document""><meta name=""Generator"" content=""Microsoft Word 11""><meta name=""Originator"" content=""Microsoft Word 11""><link rel=""File-List"" href=""file:///G:\DOCUME~1\ADMINI~1\LOCALS~1\Temp\msohtml1\01\clip_filelist.xml""><!--[if gte mso 9]><xml>
 <w:WordDocument>
  <w:View>Normal</w:View>
  <w:Zoom>0</w:Zoom>
  <w:PunctuationKerning/>
  <w:ValidateAgainstSchemas/>
  <w:SaveIfXMLInvalid>false</w:SaveIfXMLInvalid>
  <w:IgnoreMixedContent>false</w:IgnoreMixedContent>
  <w:AlwaysShowPlaceholderText>false</w:AlwaysShowPlaceholderText>
  <w:Compatibility>
   <w:BreakWrappedTables/>
   <w:SnapToGridInCell/>
   <w:WrapTextWithPunct/>
   <w:UseAsianBreakRules/>
   <w:DontGrowAutofit/>
  </w:Compatibility>
  <w:BrowserLevel>MicrosoftInternetExplorer4</w:BrowserLevel>
 </w:WordDocument>
</xml><![endif]--><!--[if gte mso 9]><xml>
 <w:LatentStyles DefLockedState=""false"" LatentStyleCount=""156"">
 </w:LatentStyles>
</xml><![endif]--><style>
<!--
 /* Font Definitions */
 @font-face
	{font-family:""Jameel Noori Nastaleeq"";
	panose-1:2 0 5 3 0 0 0 0 0 4;
	mso-font-charset:0;
	mso-generic-font-family:auto;
	mso-font-pitch:variable;
	mso-font-signature:-2147475449 0 0 0 65 0;}
 /* Style Definitions */
 p.MsoNormal, li.MsoNormal, div.MsoNormal
	{mso-style-parent:"""";
	margin:0cm;
	margin-bottom:.0001pt;
	text-align:right;
	mso-pagination:widow-orphan;
	direction:rtl;
	unicode-bidi:embed;
	font-size:12.0pt;
	font-family:""Times New Roman"";
	mso-fareast-font-family:""Times New Roman"";}
@page Section1
	{size:612.0pt 792.0pt;
	margin:72.0pt 90.0pt 72.0pt 90.0pt;
	mso-header-margin:36.0pt;
	mso-footer-margin:36.0pt;
	mso-paper-source:0;}
div.Section1
	{page:Section1;}
-->
</style><!--[if gte mso 10]>
<style>
 /* Style Definitions */
 table.MsoNormalTable
	{mso-style-name:""Table Normal"";
	mso-tstyle-rowband-size:0;
	mso-tstyle-colband-size:0;
	mso-style-noshow:yes;
	mso-style-parent:"""";
	mso-padding-alt:0cm 5.4pt 0cm 5.4pt;
	mso-para-margin:0cm;
	mso-para-margin-bottom:.0001pt;
	mso-pagination:widow-orphan;
	font-size:10.0pt;
	font-family:""Times New Roman"";
	mso-ansi-language:#0400;
	mso-fareast-language:#0400;
	mso-bidi-language:#0400;}
</style>
<![endif]-->

<p class=""MsoNormal"" dir=""rtl"" style=""text-align: justify;""><span style=""font-family: &quot;Jameel Noori Nastaleeq&quot;;"" lang=""AR-SA"">میرے
ایک دوست کے بھائی کا قتل ہوا، جس کو میں نے اپنی آنکھوں سے نہیں دیکھا یعنی میں
اس کا چشم دید گواہ نہیں ہوں۔ مگر مقتول میرے دوست کا بھائی رہنے کی وجہ سے میں
پولیس میں بیان دیا کہ میں حادثہ کے وقت اس جگہ پر موجود تھا۔ اس کے بعد پولیس نے
میرا جواب کورٹ میں سیکشن 164کے تحت سیل کیا، اب کیس بورڈ پر آرہی ہے۔ میری گواہی
سے کورٹ میں کیس کا فیصلہ ہونے والا ہے۔ اب شریعت میرے لیے کیا حکم دیتی ہے؟<o:p></o:p></span></p>

</h2>","<p>بسم الله الرحمن الرحيم</p><p> <meta http-equiv=""Content-Type"" content=""text/html; charset=utf-8""><meta name=""ProgId"" content=""Word.Document""><meta name=""Generator"" content=""Microsoft Word 11""><meta name=""Originator"" content=""Microsoft Word 11""><link rel=""File-List"" href=""file:///G:\DOCUME~1\ADMINI~1\LOCALS~1\Temp\msohtml1\01\clip_filelist.xml""><!--[if gte mso 9]><xml>
 <w:WordDocument>
  <w:View>Normal</w:View>
  <w:Zoom>0</w:Zoom>
  <w:PunctuationKerning/>
  <w:ValidateAgainstSchemas/>
  <w:SaveIfXMLInvalid>false</w:SaveIfXMLInvalid>
  <w:IgnoreMixedContent>false</w:IgnoreMixedContent>
  <w:AlwaysShowPlaceholderText>false</w:AlwaysShowPlaceholderText>
  <w:Compatibility>
   <w:BreakWrappedTables/>
   <w:SnapToGridInCell/>
   <w:WrapTextWithPunct/>
   <w:UseAsianBreakRules/>
   <w:DontGrowAutofit/>
  </w:Compatibility>
  <w:BrowserLevel>MicrosoftInternetExplorer4</w:BrowserLevel>
 </w:WordDocument>
</xml><![endif]--><!--[if gte mso 9]><xml>
 <w:LatentStyles DefLockedState=""false"" LatentStyleCount=""156"">
 </w:LatentStyles>
</xml><![endif]--><style>
<!--
 /* Font Definitions */
 @font-face
	{font-family:""Jameel Noori Nastaleeq"";
	panose-1:2 0 5 3 0 0 0 0 0 4;
	mso-font-charset:0;
	mso-generic-font-family:auto;
	mso-font-pitch:variable;
	mso-font-signature:-2147475449 0 0 0 65 0;}
 /* Style Definitions */
 p.MsoNormal, li.MsoNormal, div.MsoNormal
	{mso-style-parent:"""";
	margin:0cm;
	margin-bottom:.0001pt;
	text-align:right;
	mso-pagination:widow-orphan;
	direction:rtl;
	unicode-bidi:embed;
	font-size:12.0pt;
	font-family:""Times New Roman"";
	mso-fareast-font-family:""Times New Roman"";}
@page Section1
	{size:612.0pt 792.0pt;
	margin:72.0pt 90.0pt 72.0pt 90.0pt;
	mso-header-margin:36.0pt;
	mso-footer-margin:36.0pt;
	mso-paper-source:0;}
div.Section1
	{page:Section1;}
-->
</style><!--[if gte mso 10]>
<style>
 /* Style Definitions */
 table.MsoNormalTable
	{mso-style-name:""Table Normal"";
	mso-tstyle-rowband-size:0;
	mso-tstyle-colband-size:0;
	mso-style-noshow:yes;
	mso-style-parent:"""";
	mso-padding-alt:0cm 5.4pt 0cm 5.4pt;
	mso-para-margin:0cm;
	mso-para-margin-bottom:.0001pt;
	mso-pagination:widow-orphan;
	font-size:10.0pt;
	font-family:""Times New Roman"";
	mso-ansi-language:#0400;
	mso-fareast-language:#0400;
	mso-bidi-language:#0400;}
</style>
<![endif]-->

</p><p class=""MsoNormal"" dir=""rtl"" style=""text-align: justify;""><span style=""font-family: &quot;Jameel Noori Nastaleeq&quot;;"" lang=""AR-SA"">فتوی(د):2136=1700-12/1430</span></p><p class=""MsoNormal"" dir=""rtl"" style=""text-align: justify;""><span style=""font-family: &quot;Jameel Noori Nastaleeq&quot;;"" lang=""AR-SA""><o:p>&nbsp;</o:p></span></p><p class=""MsoNormal"" dir=""rtl"" style=""text-align: justify;""><span style=""font-family: &quot;Jameel Noori Nastaleeq&quot;;"" lang=""AR-SA"">شہادت
کہتے ہیں جس جگہ آدمی موجود ہو وہاں کسی وقوع پذیر واقعہ کی گواہی دینے کو جس کا
اس نے اپنی آنکھوں سے مشاہدہ کیا ہو، جب آپ دوست کے قتل کے شاہد نہیں ہیں تو آپ کا
گواہی دینا شہادت زُور میں داخل ہوگا، اگر آپ کی گواہی واقعہ کے بھی خلاف ہوگی تو
حق العبد ضائع کرنے کا بھی گناہ ہوگا، اور اس خلاف واقعہ گواہی سے رجوع کرنا آپ پر
واجب ہے، تاکہ مدعی علیہ پر ظلم نہ ہو۔</span></p><p></p><br><span style=""font-size:1.2em"">
								<p><strong>واللہ تعالیٰ اعلم</strong></p>
								<br class=""clear"">
								<p><strong>دارالافتاء،</strong><br>دارالعلوم دیوبند</p>
							</span>",31-Aug-2020,17740,darulifta-deoband.com,معاملات,دیگر معاملات,"<div id=""recent_fatwas"" class=""container tab-pane active""><br>
					<ul class=""answer_detail"">
												<li>
																					<div class=""cate_sec"">
								<p class=""category_name"">
									<span>
										معاملات									</span> 
									&gt;&gt; 
									<span>
																		<a href=""https://darulifta-deoband.com/ur/category/n-a/Mzg="">دیگر معاملات</a>
									</span>
								</p>
								<p class=""quesid""><span class=""anser_id_urdu""> سوال نمبر: 17740</span><!--<span class=""country_urdu"">  : ملک</span> --></p>
							</div>
							<h2><u> عنوان:</u> <meta http-equiv=""Content-Type"" content=""text/html; charset=utf-8""><meta name=""ProgId"" content=""Word.Document""><meta name=""Generator"" content=""Microsoft Word 11""><meta name=""Originator"" content=""Microsoft Word 11""><link rel=""File-List"" href=""file:///G:\DOCUME~1\ADMINI~1\LOCALS~1\Temp\msohtml1\01\clip_filelist.xml""><!--[if gte mso 9]><xml>
 <w:WordDocument>
  <w:View>Normal</w:View>
  <w:Zoom>0</w:Zoom>
  <w:PunctuationKerning/>
  <w:ValidateAgainstSchemas/>
  <w:SaveIfXMLInvalid>false</w:SaveIfXMLInvalid>
  <w:IgnoreMixedContent>false</w:IgnoreMixedContent>
  <w:AlwaysShowPlaceholderText>false</w:AlwaysShowPlaceholderText>
  <w:Compatibility>
   <w:BreakWrappedTables/>
   <w:SnapToGridInCell/>
   <w:WrapTextWithPunct/>
   <w:UseAsianBreakRules/>
   <w:DontGrowAutofit/>
  </w:Compatibility>
  <w:BrowserLevel>MicrosoftInternetExplorer4</w:BrowserLevel>
 </w:WordDocument>
</xml><![endif]--><!--[if gte mso 9]><xml>
 <w:LatentStyles DefLockedState=""false"" LatentStyleCount=""156"">
 </w:LatentStyles>
</xml><![endif]--><style>
<!--
 /* Font Definitions */
 @font-face
	{font-family:""Jameel Noori Nastaleeq"";
	panose-1:2 0 5 3 0 0 0 0 0 4;
	mso-font-charset:0;
	mso-generic-font-family:auto;
	mso-font-pitch:variable;
	mso-font-signature:-2147475449 0 0 0 65 0;}
 /* Style Definitions */
 p.MsoNormal, li.MsoNormal, div.MsoNormal
	{mso-style-parent:"""";
	margin:0cm;
	margin-bottom:.0001pt;
	text-align:right;
	mso-pagination:widow-orphan;
	direction:rtl;
	unicode-bidi:embed;
	font-size:12.0pt;
	font-family:""Times New Roman"";
	mso-fareast-font-family:""Times New Roman"";}
@page Section1
	{size:612.0pt 792.0pt;
	margin:72.0pt 90.0pt 72.0pt 90.0pt;
	mso-header-margin:36.0pt;
	mso-footer-margin:36.0pt;
	mso-paper-source:0;}
div.Section1
	{page:Section1;}
-->
</style><!--[if gte mso 10]>
<style>
 /* Style Definitions */
 table.MsoNormalTable
	{mso-style-name:""Table Normal"";
	mso-tstyle-rowband-size:0;
	mso-tstyle-colband-size:0;
	mso-style-noshow:yes;
	mso-style-parent:"""";
	mso-padding-alt:0cm 5.4pt 0cm 5.4pt;
	mso-para-margin:0cm;
	mso-para-margin-bottom:.0001pt;
	mso-pagination:widow-orphan;
	font-size:10.0pt;
	font-family:""Times New Roman"";
	mso-ansi-language:#0400;
	mso-fareast-language:#0400;
	mso-bidi-language:#0400;}
</style>
<![endif]-->

<p class=""MsoNormal"" dir=""rtl"" style=""text-align: justify;""><span style=""font-family: &quot;Jameel Noori Nastaleeq&quot;;"" lang=""AR-SA"">میرے
ایک دوست کے بھائی کا قتل ہوا، جس کو میں نے اپنی آنکھوں سے نہیں دیکھا یعنی میں
اس کا چشم دید گواہ نہیں ہوں۔ مگر مقتول میرے دوست کا بھائی رہنے کی وجہ سے میں
پولیس میں بیان دیا کہ میں حادثہ کے وقت اس جگہ پر موجود تھا۔ اس کے بعد پولیس نے
میرا جواب کورٹ میں سیکشن 164کے تحت سیل کیا، اب کیس بورڈ پر آرہی ہے۔ میری گواہی
سے کورٹ میں کیس کا فیصلہ ہونے والا ہے۔ اب شریعت میرے لیے کیا حکم دیتی ہے؟<o:p></o:p></span></p>

</h2>
							<h2><u> سوال: </u> <meta http-equiv=""Content-Type"" content=""text/html; charset=utf-8""><meta name=""ProgId"" content=""Word.Document""><meta name=""Generator"" content=""Microsoft Word 11""><meta name=""Originator"" content=""Microsoft Word 11""><link rel=""File-List"" href=""file:///G:\DOCUME~1\ADMINI~1\LOCALS~1\Temp\msohtml1\01\clip_filelist.xml""><!--[if gte mso 9]><xml>
 <w:WordDocument>
  <w:View>Normal</w:View>
  <w:Zoom>0</w:Zoom>
  <w:PunctuationKerning/>
  <w:ValidateAgainstSchemas/>
  <w:SaveIfXMLInvalid>false</w:SaveIfXMLInvalid>
  <w:IgnoreMixedContent>false</w:IgnoreMixedContent>
  <w:AlwaysShowPlaceholderText>false</w:AlwaysShowPlaceholderText>
  <w:Compatibility>
   <w:BreakWrappedTables/>
   <w:SnapToGridInCell/>
   <w:WrapTextWithPunct/>
   <w:UseAsianBreakRules/>
   <w:DontGrowAutofit/>
  </w:Compatibility>
  <w:BrowserLevel>MicrosoftInternetExplorer4</w:BrowserLevel>
 </w:WordDocument>
</xml><![endif]--><!--[if gte mso 9]><xml>
 <w:LatentStyles DefLockedState=""false"" LatentStyleCount=""156"">
 </w:LatentStyles>
</xml><![endif]--><style>
<!--
 /* Font Definitions */
 @font-face
	{font-family:""Jameel Noori Nastaleeq"";
	panose-1:2 0 5 3 0 0 0 0 0 4;
	mso-font-charset:0;
	mso-generic-font-family:auto;
	mso-font-pitch:variable;
	mso-font-signature:-2147475449 0 0 0 65 0;}
 /* Style Definitions */
 p.MsoNormal, li.MsoNormal, div.MsoNormal
	{mso-style-parent:"""";
	margin:0cm;
	margin-bottom:.0001pt;
	text-align:right;
	mso-pagination:widow-orphan;
	direction:rtl;
	unicode-bidi:embed;
	font-size:12.0pt;
	font-family:""Times New Roman"";
	mso-fareast-font-family:""Times New Roman"";}
@page Section1
	{size:612.0pt 792.0pt;
	margin:72.0pt 90.0pt 72.0pt 90.0pt;
	mso-header-margin:36.0pt;
	mso-footer-margin:36.0pt;
	mso-paper-source:0;}
div.Section1
	{page:Section1;}
-->
</style><!--[if gte mso 10]>
<style>
 /* Style Definitions */
 table.MsoNormalTable
	{mso-style-name:""Table Normal"";
	mso-tstyle-rowband-size:0;
	mso-tstyle-colband-size:0;
	mso-style-noshow:yes;
	mso-style-parent:"""";
	mso-padding-alt:0cm 5.4pt 0cm 5.4pt;
	mso-para-margin:0cm;
	mso-para-margin-bottom:.0001pt;
	mso-pagination:widow-orphan;
	font-size:10.0pt;
	font-family:""Times New Roman"";
	mso-ansi-language:#0400;
	mso-fareast-language:#0400;
	mso-bidi-language:#0400;}
</style>
<![endif]-->

<p class=""MsoNormal"" dir=""rtl"" style=""text-align: justify;""><span style=""font-family: &quot;Jameel Noori Nastaleeq&quot;;"" lang=""AR-SA"">میرے
ایک دوست کے بھائی کا قتل ہوا، جس کو میں نے اپنی آنکھوں سے نہیں دیکھا یعنی میں
اس کا چشم دید گواہ نہیں ہوں۔ مگر مقتول میرے دوست کا بھائی رہنے کی وجہ سے میں
پولیس میں بیان دیا کہ میں حادثہ کے وقت اس جگہ پر موجود تھا۔ اس کے بعد پولیس نے
میرا جواب کورٹ میں سیکشن 164کے تحت سیل کیا، اب کیس بورڈ پر آرہی ہے۔ میری گواہی
سے کورٹ میں کیس کا فیصلہ ہونے والا ہے۔ اب شریعت میرے لیے کیا حکم دیتی ہے؟<o:p></o:p></span></p>

</h2>
							<p class=""fatwa_answer""><span class=""ans_urdu_id""> جواب نمبر: 17740</span><span style=""color:#efefef;display:none;"" class=""answer_date_urdu"">31-Aug-2020 : تاریخ اشاعت </span></p>
							<p>بسم الله الرحمن الرحيم</p>
							<p> <meta http-equiv=""Content-Type"" content=""text/html; charset=utf-8""><meta name=""ProgId"" content=""Word.Document""><meta name=""Generator"" content=""Microsoft Word 11""><meta name=""Originator"" content=""Microsoft Word 11""><link rel=""File-List"" href=""file:///G:\DOCUME~1\ADMINI~1\LOCALS~1\Temp\msohtml1\01\clip_filelist.xml""><!--[if gte mso 9]><xml>
 <w:WordDocument>
  <w:View>Normal</w:View>
  <w:Zoom>0</w:Zoom>
  <w:PunctuationKerning/>
  <w:ValidateAgainstSchemas/>
  <w:SaveIfXMLInvalid>false</w:SaveIfXMLInvalid>
  <w:IgnoreMixedContent>false</w:IgnoreMixedContent>
  <w:AlwaysShowPlaceholderText>false</w:AlwaysShowPlaceholderText>
  <w:Compatibility>
   <w:BreakWrappedTables/>
   <w:SnapToGridInCell/>
   <w:WrapTextWithPunct/>
   <w:UseAsianBreakRules/>
   <w:DontGrowAutofit/>
  </w:Compatibility>
  <w:BrowserLevel>MicrosoftInternetExplorer4</w:BrowserLevel>
 </w:WordDocument>
</xml><![endif]--><!--[if gte mso 9]><xml>
 <w:LatentStyles DefLockedState=""false"" LatentStyleCount=""156"">
 </w:LatentStyles>
</xml><![endif]--><style>
<!--
 /* Font Definitions */
 @font-face
	{font-family:""Jameel Noori Nastaleeq"";
	panose-1:2 0 5 3 0 0 0 0 0 4;
	mso-font-charset:0;
	mso-generic-font-family:auto;
	mso-font-pitch:variable;
	mso-font-signature:-2147475449 0 0 0 65 0;}
 /* Style Definitions */
 p.MsoNormal, li.MsoNormal, div.MsoNormal
	{mso-style-parent:"""";
	margin:0cm;
	margin-bottom:.0001pt;
	text-align:right;
	mso-pagination:widow-orphan;
	direction:rtl;
	unicode-bidi:embed;
	font-size:12.0pt;
	font-family:""Times New Roman"";
	mso-fareast-font-family:""Times New Roman"";}
@page Section1
	{size:612.0pt 792.0pt;
	margin:72.0pt 90.0pt 72.0pt 90.0pt;
	mso-header-margin:36.0pt;
	mso-footer-margin:36.0pt;
	mso-paper-source:0;}
div.Section1
	{page:Section1;}
-->
</style><!--[if gte mso 10]>
<style>
 /* Style Definitions */
 table.MsoNormalTable
	{mso-style-name:""Table Normal"";
	mso-tstyle-rowband-size:0;
	mso-tstyle-colband-size:0;
	mso-style-noshow:yes;
	mso-style-parent:"""";
	mso-padding-alt:0cm 5.4pt 0cm 5.4pt;
	mso-para-margin:0cm;
	mso-para-margin-bottom:.0001pt;
	mso-pagination:widow-orphan;
	font-size:10.0pt;
	font-family:""Times New Roman"";
	mso-ansi-language:#0400;
	mso-fareast-language:#0400;
	mso-bidi-language:#0400;}
</style>
<![endif]-->

</p><p class=""MsoNormal"" dir=""rtl"" style=""text-align: justify;""><span style=""font-family: &quot;Jameel Noori Nastaleeq&quot;;"" lang=""AR-SA"">فتوی(د):2136=1700-12/1430</span></p>

<p class=""MsoNormal"" dir=""rtl"" style=""text-align: justify;""><span style=""font-family: &quot;Jameel Noori Nastaleeq&quot;;"" lang=""AR-SA""><o:p>&nbsp;</o:p></span></p>

<p class=""MsoNormal"" dir=""rtl"" style=""text-align: justify;""><span style=""font-family: &quot;Jameel Noori Nastaleeq&quot;;"" lang=""AR-SA"">شہادت
کہتے ہیں جس جگہ آدمی موجود ہو وہاں کسی وقوع پذیر واقعہ کی گواہی دینے کو جس کا
اس نے اپنی آنکھوں سے مشاہدہ کیا ہو، جب آپ دوست کے قتل کے شاہد نہیں ہیں تو آپ کا
گواہی دینا شہادت زُور میں داخل ہوگا، اگر آپ کی گواہی واقعہ کے بھی خلاف ہوگی تو
حق العبد ضائع کرنے کا بھی گناہ ہوگا، اور اس خلاف واقعہ گواہی سے رجوع کرنا آپ پر
واجب ہے، تاکہ مدعی علیہ پر ظلم نہ ہو۔</span></p>

<p></p> 
							<br>
							<span style=""font-size:1.2em"">
								<p><strong>واللہ تعالیٰ اعلم</strong></p>
								<br class=""clear"">
								<p><strong>دارالافتاء،</strong><br>دارالعلوم دیوبند</p>
							</span>
						</li>
											</ul>
				</div>"
https://darulifta-deoband.com/home/ur/other-transactions/17464,میں سعودی عرب میں رہتاہوں۔ میرے کفیل (سعودی) کی ایک دوا کی دکان ہے جو میں ٹھیکہ پر لینا چاہتاہوں۔ اس دکان سے ہر مہینے جو منافع ہوگا اس میں سے تین ہزار ریال کفیل کو دے کر جو بچے گا وہ خود لینا ہے۔در اصل مسئلہ یہ ہے کہ سعودی میں خود اپنا کاروبار نہیں کرسکتے۔ کیا میں ایسا کرسکتاہوں؟ دوسرا طریقہ یہ ہے کہ میں اپنا پیسہ لگا کر کفیل کے نام سے دکان کروں اوراس کو کفالت کے طور پر مہینے کا دو سو ریال کے حساب سے دیا کروں، اس صورت میں پونجی او رمنافع دونوں میرا ہوگا۔ اس صورت میں کفالت کے طور پر پیسہ دینا جائز ہے یا نہیں؟ برائے کرم میری رہنمائی جلد سے جلد کریں۔,"<h2><u> سوال: </u> <meta http-equiv=""Content-Type"" content=""text/html; charset=utf-8""><meta name=""ProgId"" content=""Word.Document""><meta name=""Generator"" content=""Microsoft Word 11""><meta name=""Originator"" content=""Microsoft Word 11""><link rel=""File-List"" href=""file:///G:\DOCUME~1\ADMINI~1\LOCALS~1\Temp\msohtml1\01\clip_filelist.xml""><!--[if gte mso 9]><xml>
 <w:WordDocument>
  <w:View>Normal</w:View>
  <w:Zoom>0</w:Zoom>
  <w:PunctuationKerning/>
  <w:ValidateAgainstSchemas/>
  <w:SaveIfXMLInvalid>false</w:SaveIfXMLInvalid>
  <w:IgnoreMixedContent>false</w:IgnoreMixedContent>
  <w:AlwaysShowPlaceholderText>false</w:AlwaysShowPlaceholderText>
  <w:Compatibility>
   <w:BreakWrappedTables/>
   <w:SnapToGridInCell/>
   <w:WrapTextWithPunct/>
   <w:UseAsianBreakRules/>
   <w:DontGrowAutofit/>
  </w:Compatibility>
  <w:BrowserLevel>MicrosoftInternetExplorer4</w:BrowserLevel>
 </w:WordDocument>
</xml><![endif]--><!--[if gte mso 9]><xml>
 <w:LatentStyles DefLockedState=""false"" LatentStyleCount=""156"">
 </w:LatentStyles>
</xml><![endif]--><style>
<!--
 /* Font Definitions */
 @font-face
	{font-family:""Jameel Noori Nastaleeq"";
	panose-1:2 0 5 3 0 0 0 0 0 4;
	mso-font-charset:0;
	mso-generic-font-family:auto;
	mso-font-pitch:variable;
	mso-font-signature:-2147475449 0 0 0 65 0;}
 /* Style Definitions */
 p.MsoNormal, li.MsoNormal, div.MsoNormal
	{mso-style-parent:"""";
	margin:0cm;
	margin-bottom:.0001pt;
	text-align:right;
	mso-pagination:widow-orphan;
	direction:rtl;
	unicode-bidi:embed;
	font-size:12.0pt;
	font-family:""Times New Roman"";
	mso-fareast-font-family:""Times New Roman"";}
@page Section1
	{size:612.0pt 792.0pt;
	margin:72.0pt 90.0pt 72.0pt 90.0pt;
	mso-header-margin:36.0pt;
	mso-footer-margin:36.0pt;
	mso-paper-source:0;}
div.Section1
	{page:Section1;}
-->
</style><!--[if gte mso 10]>
<style>
 /* Style Definitions */
 table.MsoNormalTable
	{mso-style-name:""Table Normal"";
	mso-tstyle-rowband-size:0;
	mso-tstyle-colband-size:0;
	mso-style-noshow:yes;
	mso-style-parent:"""";
	mso-padding-alt:0cm 5.4pt 0cm 5.4pt;
	mso-para-margin:0cm;
	mso-para-margin-bottom:.0001pt;
	mso-pagination:widow-orphan;
	font-size:10.0pt;
	font-family:""Times New Roman"";
	mso-ansi-language:#0400;
	mso-fareast-language:#0400;
	mso-bidi-language:#0400;}
</style>
<![endif]-->

<p class=""MsoNormal"" dir=""rtl"" style=""text-align: justify;""><span style=""font-family: &quot;Jameel Noori Nastaleeq&quot;;"" lang=""AR-SA"">میں
سعودی عرب میں رہتاہوں۔ میرے کفیل (سعودی) کی ایک دوا کی دکان ہے جو میں ٹھیکہ پر
لینا چاہتاہوں۔ اس دکان سے ہر مہینے جو منافع ہوگا اس میں سے تین ہزار ریال کفیل
کو دے کر جو بچے گا وہ خود لینا ہے۔در اصل مسئلہ یہ ہے کہ سعودی میں خود اپنا
کاروبار نہیں کرسکتے۔ کیا میں ایسا کرسکتاہوں؟ دوسرا طریقہ یہ ہے کہ میں اپنا پیسہ
لگا کر کفیل کے نام سے دکان کروں اوراس کو کفالت کے طور پر مہینے کا دو سو ریال کے
حساب سے دیا کروں، اس صورت میں پونجی او رمنافع دونوں میرا ہوگا۔ اس صورت میں
کفالت کے طور پر پیسہ دینا جائز ہے یا نہیں؟ برائے کرم میری رہنمائی جلد سے جلد کریں۔<o:p></o:p></span></p>

</h2>","<p>بسم الله الرحمن الرحيم</p><p> <meta http-equiv=""Content-Type"" content=""text/html; charset=utf-8""><meta name=""ProgId"" content=""Word.Document""><meta name=""Generator"" content=""Microsoft Word 11""><meta name=""Originator"" content=""Microsoft Word 11""><link rel=""File-List"" href=""file:///G:\DOCUME~1\ADMINI~1\LOCALS~1\Temp\msohtml1\01\clip_filelist.xml""><!--[if gte mso 9]><xml>
 <w:WordDocument>
  <w:View>Normal</w:View>
  <w:Zoom>0</w:Zoom>
  <w:PunctuationKerning/>
  <w:ValidateAgainstSchemas/>
  <w:SaveIfXMLInvalid>false</w:SaveIfXMLInvalid>
  <w:IgnoreMixedContent>false</w:IgnoreMixedContent>
  <w:AlwaysShowPlaceholderText>false</w:AlwaysShowPlaceholderText>
  <w:Compatibility>
   <w:BreakWrappedTables/>
   <w:SnapToGridInCell/>
   <w:WrapTextWithPunct/>
   <w:UseAsianBreakRules/>
   <w:DontGrowAutofit/>
  </w:Compatibility>
  <w:BrowserLevel>MicrosoftInternetExplorer4</w:BrowserLevel>
 </w:WordDocument>
</xml><![endif]--><!--[if gte mso 9]><xml>
 <w:LatentStyles DefLockedState=""false"" LatentStyleCount=""156"">
 </w:LatentStyles>
</xml><![endif]--><style>
<!--
 /* Font Definitions */
 @font-face
	{font-family:""Jameel Noori Nastaleeq"";
	panose-1:2 0 5 3 0 0 0 0 0 4;
	mso-font-charset:0;
	mso-generic-font-family:auto;
	mso-font-pitch:variable;
	mso-font-signature:-2147475449 0 0 0 65 0;}
 /* Style Definitions */
 p.MsoNormal, li.MsoNormal, div.MsoNormal
	{mso-style-parent:"""";
	margin:0cm;
	margin-bottom:.0001pt;
	text-align:right;
	mso-pagination:widow-orphan;
	direction:rtl;
	unicode-bidi:embed;
	font-size:12.0pt;
	font-family:""Times New Roman"";
	mso-fareast-font-family:""Times New Roman"";}
@page Section1
	{size:612.0pt 792.0pt;
	margin:72.0pt 90.0pt 72.0pt 90.0pt;
	mso-header-margin:36.0pt;
	mso-footer-margin:36.0pt;
	mso-paper-source:0;}
div.Section1
	{page:Section1;}
-->
</style><!--[if gte mso 10]>
<style>
 /* Style Definitions */
 table.MsoNormalTable
	{mso-style-name:""Table Normal"";
	mso-tstyle-rowband-size:0;
	mso-tstyle-colband-size:0;
	mso-style-noshow:yes;
	mso-style-parent:"""";
	mso-padding-alt:0cm 5.4pt 0cm 5.4pt;
	mso-para-margin:0cm;
	mso-para-margin-bottom:.0001pt;
	mso-pagination:widow-orphan;
	font-size:10.0pt;
	font-family:""Times New Roman"";
	mso-ansi-language:#0400;
	mso-fareast-language:#0400;
	mso-bidi-language:#0400;}
</style>
<![endif]-->

</p><p class=""MsoNormal"" dir=""rtl"" style=""text-align: justify;""><span style=""font-family: &quot;Jameel Noori Nastaleeq&quot;;"" lang=""AR-SA"">فتوی(ل):2011=1596-1/1431</span></p><p class=""MsoNormal"" dir=""rtl"" style=""text-align: justify;""><span style=""font-family: &quot;Jameel Noori Nastaleeq&quot;;"" lang=""AR-SA""><o:p>&nbsp;</o:p></span></p><p class=""MsoNormal"" dir=""rtl"" style=""text-align: justify;""><span style=""font-family: &quot;Jameel Noori Nastaleeq&quot;;"" lang=""AR-SA"">(</span><span style=""font-family: &quot;Jameel Noori Nastaleeq&quot;;"" lang=""FA"">۱) </span><span style=""font-family: &quot;Jameel Noori Nastaleeq&quot;;"" lang=""AR-SA"">تجارت کی پہلی شکل جائز
نہیں کیونکہ شرکت یا مضاربت میں ایک شریک یا ربُ المال کا متعینہ نفع لینا جائز نہیں،
البتہ اگر یہ شکل کرلی جائے کہ نفع سے فیصد متعین کردیا جائے مثلاً جتنا نفع ہوگا
اس کا پچاس فیصد یا 75 فیصد تمہارا (کفیل) کا ہوگا تو یہ شکل جائز ہوسکتی ہے۔</span></p><p class=""MsoNormal"" dir=""rtl"" style=""text-align: justify;""><span style=""font-family: &quot;Jameel Noori Nastaleeq&quot;;"" lang=""AR-SA"">(</span><span style=""font-family: &quot;Jameel Noori Nastaleeq&quot;;"" lang=""FA"">۲) </span><span style=""font-family: &quot;Jameel Noori Nastaleeq&quot;;"" lang=""AR-SA"">کفالت کے روپے مالک (کفیل)
کیوں لیتا ہے، کیا سعودی میں اسی طرح کا قانون ہے اس کی وضاحت کرکے دوبارہ استفتاء
ارسال کریں، پھر ان شاء اللہ تعالیٰ جواب دیا جائے گا۔</span></p><p></p><br><span style=""font-size:1.2em"">
								<p><strong>واللہ تعالیٰ اعلم</strong></p>
								<br class=""clear"">
								<p><strong>دارالافتاء،</strong><br>دارالعلوم دیوبند</p>
							</span>",01-Sep-2020,17464,darulifta-deoband.com,معاملات,دیگر معاملات,"<div id=""recent_fatwas"" class=""container tab-pane active""><br>
					<ul class=""answer_detail"">
												<li>
																					<div class=""cate_sec"">
								<p class=""category_name"">
									<span>
										معاملات									</span> 
									&gt;&gt; 
									<span>
																		<a href=""https://darulifta-deoband.com/ur/category/n-a/Mzg="">دیگر معاملات</a>
									</span>
								</p>
								<p class=""quesid""><span class=""anser_id_urdu""> سوال نمبر: 17464</span><!--<span class=""country_urdu"">  : ملک</span> --></p>
							</div>
							<h2><u> عنوان:</u> <meta http-equiv=""Content-Type"" content=""text/html; charset=utf-8""><meta name=""ProgId"" content=""Word.Document""><meta name=""Generator"" content=""Microsoft Word 11""><meta name=""Originator"" content=""Microsoft Word 11""><link rel=""File-List"" href=""file:///G:\DOCUME~1\ADMINI~1\LOCALS~1\Temp\msohtml1\01\clip_filelist.xml""><!--[if gte mso 9]><xml>
 <w:WordDocument>
  <w:View>Normal</w:View>
  <w:Zoom>0</w:Zoom>
  <w:PunctuationKerning/>
  <w:ValidateAgainstSchemas/>
  <w:SaveIfXMLInvalid>false</w:SaveIfXMLInvalid>
  <w:IgnoreMixedContent>false</w:IgnoreMixedContent>
  <w:AlwaysShowPlaceholderText>false</w:AlwaysShowPlaceholderText>
  <w:Compatibility>
   <w:BreakWrappedTables/>
   <w:SnapToGridInCell/>
   <w:WrapTextWithPunct/>
   <w:UseAsianBreakRules/>
   <w:DontGrowAutofit/>
  </w:Compatibility>
  <w:BrowserLevel>MicrosoftInternetExplorer4</w:BrowserLevel>
 </w:WordDocument>
</xml><![endif]--><!--[if gte mso 9]><xml>
 <w:LatentStyles DefLockedState=""false"" LatentStyleCount=""156"">
 </w:LatentStyles>
</xml><![endif]--><style>
<!--
 /* Font Definitions */
 @font-face
	{font-family:""Jameel Noori Nastaleeq"";
	panose-1:2 0 5 3 0 0 0 0 0 4;
	mso-font-charset:0;
	mso-generic-font-family:auto;
	mso-font-pitch:variable;
	mso-font-signature:-2147475449 0 0 0 65 0;}
 /* Style Definitions */
 p.MsoNormal, li.MsoNormal, div.MsoNormal
	{mso-style-parent:"""";
	margin:0cm;
	margin-bottom:.0001pt;
	text-align:right;
	mso-pagination:widow-orphan;
	direction:rtl;
	unicode-bidi:embed;
	font-size:12.0pt;
	font-family:""Times New Roman"";
	mso-fareast-font-family:""Times New Roman"";}
@page Section1
	{size:612.0pt 792.0pt;
	margin:72.0pt 90.0pt 72.0pt 90.0pt;
	mso-header-margin:36.0pt;
	mso-footer-margin:36.0pt;
	mso-paper-source:0;}
div.Section1
	{page:Section1;}
-->
</style><!--[if gte mso 10]>
<style>
 /* Style Definitions */
 table.MsoNormalTable
	{mso-style-name:""Table Normal"";
	mso-tstyle-rowband-size:0;
	mso-tstyle-colband-size:0;
	mso-style-noshow:yes;
	mso-style-parent:"""";
	mso-padding-alt:0cm 5.4pt 0cm 5.4pt;
	mso-para-margin:0cm;
	mso-para-margin-bottom:.0001pt;
	mso-pagination:widow-orphan;
	font-size:10.0pt;
	font-family:""Times New Roman"";
	mso-ansi-language:#0400;
	mso-fareast-language:#0400;
	mso-bidi-language:#0400;}
</style>
<![endif]-->

<p class=""MsoNormal"" dir=""rtl"" style=""text-align: justify;""><span style=""font-family: &quot;Jameel Noori Nastaleeq&quot;;"" lang=""AR-SA"">میں
سعودی عرب میں رہتاہوں۔ میرے کفیل (سعودی) کی ایک دوا کی دکان ہے جو میں ٹھیکہ پر
لینا چاہتاہوں۔ اس دکان سے ہر مہینے جو منافع ہوگا اس میں سے تین ہزار ریال کفیل
کو دے کر جو بچے گا وہ خود لینا ہے۔در اصل مسئلہ یہ ہے کہ سعودی میں خود اپنا
کاروبار نہیں کرسکتے۔ کیا میں ایسا کرسکتاہوں؟ دوسرا طریقہ یہ ہے کہ میں اپنا پیسہ
لگا کر کفیل کے نام سے دکان کروں اوراس کو کفالت کے طور پر مہینے کا دو سو ریال کے
حساب سے دیا کروں، اس صورت میں پونجی او رمنافع دونوں میرا ہوگا۔ اس صورت میں
کفالت کے طور پر پیسہ دینا جائز ہے یا نہیں؟ برائے کرم میری رہنمائی جلد سے جلد کریں۔<o:p></o:p></span></p>

</h2>
							<h2><u> سوال: </u> <meta http-equiv=""Content-Type"" content=""text/html; charset=utf-8""><meta name=""ProgId"" content=""Word.Document""><meta name=""Generator"" content=""Microsoft Word 11""><meta name=""Originator"" content=""Microsoft Word 11""><link rel=""File-List"" href=""file:///G:\DOCUME~1\ADMINI~1\LOCALS~1\Temp\msohtml1\01\clip_filelist.xml""><!--[if gte mso 9]><xml>
 <w:WordDocument>
  <w:View>Normal</w:View>
  <w:Zoom>0</w:Zoom>
  <w:PunctuationKerning/>
  <w:ValidateAgainstSchemas/>
  <w:SaveIfXMLInvalid>false</w:SaveIfXMLInvalid>
  <w:IgnoreMixedContent>false</w:IgnoreMixedContent>
  <w:AlwaysShowPlaceholderText>false</w:AlwaysShowPlaceholderText>
  <w:Compatibility>
   <w:BreakWrappedTables/>
   <w:SnapToGridInCell/>
   <w:WrapTextWithPunct/>
   <w:UseAsianBreakRules/>
   <w:DontGrowAutofit/>
  </w:Compatibility>
  <w:BrowserLevel>MicrosoftInternetExplorer4</w:BrowserLevel>
 </w:WordDocument>
</xml><![endif]--><!--[if gte mso 9]><xml>
 <w:LatentStyles DefLockedState=""false"" LatentStyleCount=""156"">
 </w:LatentStyles>
</xml><![endif]--><style>
<!--
 /* Font Definitions */
 @font-face
	{font-family:""Jameel Noori Nastaleeq"";
	panose-1:2 0 5 3 0 0 0 0 0 4;
	mso-font-charset:0;
	mso-generic-font-family:auto;
	mso-font-pitch:variable;
	mso-font-signature:-2147475449 0 0 0 65 0;}
 /* Style Definitions */
 p.MsoNormal, li.MsoNormal, div.MsoNormal
	{mso-style-parent:"""";
	margin:0cm;
	margin-bottom:.0001pt;
	text-align:right;
	mso-pagination:widow-orphan;
	direction:rtl;
	unicode-bidi:embed;
	font-size:12.0pt;
	font-family:""Times New Roman"";
	mso-fareast-font-family:""Times New Roman"";}
@page Section1
	{size:612.0pt 792.0pt;
	margin:72.0pt 90.0pt 72.0pt 90.0pt;
	mso-header-margin:36.0pt;
	mso-footer-margin:36.0pt;
	mso-paper-source:0;}
div.Section1
	{page:Section1;}
-->
</style><!--[if gte mso 10]>
<style>
 /* Style Definitions */
 table.MsoNormalTable
	{mso-style-name:""Table Normal"";
	mso-tstyle-rowband-size:0;
	mso-tstyle-colband-size:0;
	mso-style-noshow:yes;
	mso-style-parent:"""";
	mso-padding-alt:0cm 5.4pt 0cm 5.4pt;
	mso-para-margin:0cm;
	mso-para-margin-bottom:.0001pt;
	mso-pagination:widow-orphan;
	font-size:10.0pt;
	font-family:""Times New Roman"";
	mso-ansi-language:#0400;
	mso-fareast-language:#0400;
	mso-bidi-language:#0400;}
</style>
<![endif]-->

<p class=""MsoNormal"" dir=""rtl"" style=""text-align: justify;""><span style=""font-family: &quot;Jameel Noori Nastaleeq&quot;;"" lang=""AR-SA"">میں
سعودی عرب میں رہتاہوں۔ میرے کفیل (سعودی) کی ایک دوا کی دکان ہے جو میں ٹھیکہ پر
لینا چاہتاہوں۔ اس دکان سے ہر مہینے جو منافع ہوگا اس میں سے تین ہزار ریال کفیل
کو دے کر جو بچے گا وہ خود لینا ہے۔در اصل مسئلہ یہ ہے کہ سعودی میں خود اپنا
کاروبار نہیں کرسکتے۔ کیا میں ایسا کرسکتاہوں؟ دوسرا طریقہ یہ ہے کہ میں اپنا پیسہ
لگا کر کفیل کے نام سے دکان کروں اوراس کو کفالت کے طور پر مہینے کا دو سو ریال کے
حساب سے دیا کروں، اس صورت میں پونجی او رمنافع دونوں میرا ہوگا۔ اس صورت میں
کفالت کے طور پر پیسہ دینا جائز ہے یا نہیں؟ برائے کرم میری رہنمائی جلد سے جلد کریں۔<o:p></o:p></span></p>

</h2>
							<p class=""fatwa_answer""><span class=""ans_urdu_id""> جواب نمبر: 17464</span><span style=""color:#efefef;display:none;"" class=""answer_date_urdu"">01-Sep-2020 : تاریخ اشاعت </span></p>
							<p>بسم الله الرحمن الرحيم</p>
							<p> <meta http-equiv=""Content-Type"" content=""text/html; charset=utf-8""><meta name=""ProgId"" content=""Word.Document""><meta name=""Generator"" content=""Microsoft Word 11""><meta name=""Originator"" content=""Microsoft Word 11""><link rel=""File-List"" href=""file:///G:\DOCUME~1\ADMINI~1\LOCALS~1\Temp\msohtml1\01\clip_filelist.xml""><!--[if gte mso 9]><xml>
 <w:WordDocument>
  <w:View>Normal</w:View>
  <w:Zoom>0</w:Zoom>
  <w:PunctuationKerning/>
  <w:ValidateAgainstSchemas/>
  <w:SaveIfXMLInvalid>false</w:SaveIfXMLInvalid>
  <w:IgnoreMixedContent>false</w:IgnoreMixedContent>
  <w:AlwaysShowPlaceholderText>false</w:AlwaysShowPlaceholderText>
  <w:Compatibility>
   <w:BreakWrappedTables/>
   <w:SnapToGridInCell/>
   <w:WrapTextWithPunct/>
   <w:UseAsianBreakRules/>
   <w:DontGrowAutofit/>
  </w:Compatibility>
  <w:BrowserLevel>MicrosoftInternetExplorer4</w:BrowserLevel>
 </w:WordDocument>
</xml><![endif]--><!--[if gte mso 9]><xml>
 <w:LatentStyles DefLockedState=""false"" LatentStyleCount=""156"">
 </w:LatentStyles>
</xml><![endif]--><style>
<!--
 /* Font Definitions */
 @font-face
	{font-family:""Jameel Noori Nastaleeq"";
	panose-1:2 0 5 3 0 0 0 0 0 4;
	mso-font-charset:0;
	mso-generic-font-family:auto;
	mso-font-pitch:variable;
	mso-font-signature:-2147475449 0 0 0 65 0;}
 /* Style Definitions */
 p.MsoNormal, li.MsoNormal, div.MsoNormal
	{mso-style-parent:"""";
	margin:0cm;
	margin-bottom:.0001pt;
	text-align:right;
	mso-pagination:widow-orphan;
	direction:rtl;
	unicode-bidi:embed;
	font-size:12.0pt;
	font-family:""Times New Roman"";
	mso-fareast-font-family:""Times New Roman"";}
@page Section1
	{size:612.0pt 792.0pt;
	margin:72.0pt 90.0pt 72.0pt 90.0pt;
	mso-header-margin:36.0pt;
	mso-footer-margin:36.0pt;
	mso-paper-source:0;}
div.Section1
	{page:Section1;}
-->
</style><!--[if gte mso 10]>
<style>
 /* Style Definitions */
 table.MsoNormalTable
	{mso-style-name:""Table Normal"";
	mso-tstyle-rowband-size:0;
	mso-tstyle-colband-size:0;
	mso-style-noshow:yes;
	mso-style-parent:"""";
	mso-padding-alt:0cm 5.4pt 0cm 5.4pt;
	mso-para-margin:0cm;
	mso-para-margin-bottom:.0001pt;
	mso-pagination:widow-orphan;
	font-size:10.0pt;
	font-family:""Times New Roman"";
	mso-ansi-language:#0400;
	mso-fareast-language:#0400;
	mso-bidi-language:#0400;}
</style>
<![endif]-->

</p><p class=""MsoNormal"" dir=""rtl"" style=""text-align: justify;""><span style=""font-family: &quot;Jameel Noori Nastaleeq&quot;;"" lang=""AR-SA"">فتوی(ل):2011=1596-1/1431</span></p>

<p class=""MsoNormal"" dir=""rtl"" style=""text-align: justify;""><span style=""font-family: &quot;Jameel Noori Nastaleeq&quot;;"" lang=""AR-SA""><o:p>&nbsp;</o:p></span></p>

<p class=""MsoNormal"" dir=""rtl"" style=""text-align: justify;""><span style=""font-family: &quot;Jameel Noori Nastaleeq&quot;;"" lang=""AR-SA"">(</span><span style=""font-family: &quot;Jameel Noori Nastaleeq&quot;;"" lang=""FA"">۱) </span><span style=""font-family: &quot;Jameel Noori Nastaleeq&quot;;"" lang=""AR-SA"">تجارت کی پہلی شکل جائز
نہیں کیونکہ شرکت یا مضاربت میں ایک شریک یا ربُ المال کا متعینہ نفع لینا جائز نہیں،
البتہ اگر یہ شکل کرلی جائے کہ نفع سے فیصد متعین کردیا جائے مثلاً جتنا نفع ہوگا
اس کا پچاس فیصد یا 75 فیصد تمہارا (کفیل) کا ہوگا تو یہ شکل جائز ہوسکتی ہے۔</span></p>

<p class=""MsoNormal"" dir=""rtl"" style=""text-align: justify;""><span style=""font-family: &quot;Jameel Noori Nastaleeq&quot;;"" lang=""AR-SA"">(</span><span style=""font-family: &quot;Jameel Noori Nastaleeq&quot;;"" lang=""FA"">۲) </span><span style=""font-family: &quot;Jameel Noori Nastaleeq&quot;;"" lang=""AR-SA"">کفالت کے روپے مالک (کفیل)
کیوں لیتا ہے، کیا سعودی میں اسی طرح کا قانون ہے اس کی وضاحت کرکے دوبارہ استفتاء
ارسال کریں، پھر ان شاء اللہ تعالیٰ جواب دیا جائے گا۔</span></p>

<p></p> 
							<br>
							<span style=""font-size:1.2em"">
								<p><strong>واللہ تعالیٰ اعلم</strong></p>
								<br class=""clear"">
								<p><strong>دارالافتاء،</strong><br>دارالعلوم دیوبند</p>
							</span>
						</li>
											</ul>
				</div>"
https://darulifta-deoband.com/home/ur/other-transactions/17220,میری ماں کا چند مہینے پہلے انتقال ہوگیا۔ ان کی عمر تقریباً اکیاسی سال تھی۔ ان کو لکھنا نہیں آتا تھا۔اپنے انتقال سے چند سال پہلے انھوں نے مجھ سے اپنے اثاثہ کے ایک تہائی کے متعلق آخری وصیت کی بات چیت کا آئڈیو ٹیپ ریکارڈ کرنے کو کہا۔ انھوں نے وضاحت کی کہ وہ کس طرح اس رقم کو اسلامی مقاصد، اپنے ناتی(میری ایک بہن کے لڑکے)اور نواسی (میری دوسری بہن کی لڑکی) کے درمیان تقسیم کرنا پسند کریں گیں۔کوئی بھی رقم کسی بھائی یا ان کے بچوں کے لیے نہیں ہے۔ ہم پانچ بھائی اور دو بہنیں ہیں،سب باحیات ہیں۔ میرے بھائی لوگ ان کا آئڈیو ٹیپ سنے بغیراس وصیت کو یہ کہہ کر خارج کررہے ہیں کہ میرے علاوہ دوسرے دو اور لوگ بطور گواہ کے ہونے چاہئیں۔برائے کرم اس صورت حال کے بارے میں مجھ کو ایک فتوی عنایت فرماویں۔,"<h2><u> سوال: </u> <meta http-equiv=""Content-Type"" content=""text/html; charset=utf-8""><meta name=""ProgId"" content=""Word.Document""><meta name=""Generator"" content=""Microsoft Word 11""><meta name=""Originator"" content=""Microsoft Word 11""><link rel=""File-List"" href=""file:///G:\DOCUME~1\ADMINI~1\LOCALS~1\Temp\msohtml1\01\clip_filelist.xml""><!--[if gte mso 9]><xml>
 <w:WordDocument>
  <w:View>Normal</w:View>
  <w:Zoom>0</w:Zoom>
  <w:PunctuationKerning/>
  <w:ValidateAgainstSchemas/>
  <w:SaveIfXMLInvalid>false</w:SaveIfXMLInvalid>
  <w:IgnoreMixedContent>false</w:IgnoreMixedContent>
  <w:AlwaysShowPlaceholderText>false</w:AlwaysShowPlaceholderText>
  <w:Compatibility>
   <w:BreakWrappedTables/>
   <w:SnapToGridInCell/>
   <w:WrapTextWithPunct/>
   <w:UseAsianBreakRules/>
   <w:DontGrowAutofit/>
  </w:Compatibility>
  <w:BrowserLevel>MicrosoftInternetExplorer4</w:BrowserLevel>
 </w:WordDocument>
</xml><![endif]--><!--[if gte mso 9]><xml>
 <w:LatentStyles DefLockedState=""false"" LatentStyleCount=""156"">
 </w:LatentStyles>
</xml><![endif]--><style>
<!--
 /* Font Definitions */
 @font-face
	{font-family:""Jameel Noori Nastaleeq"";
	panose-1:2 0 5 3 0 0 0 0 0 4;
	mso-font-charset:0;
	mso-generic-font-family:auto;
	mso-font-pitch:variable;
	mso-font-signature:-2147475449 0 0 0 65 0;}
 /* Style Definitions */
 p.MsoNormal, li.MsoNormal, div.MsoNormal
	{mso-style-parent:"""";
	margin:0cm;
	margin-bottom:.0001pt;
	text-align:right;
	mso-pagination:widow-orphan;
	direction:rtl;
	unicode-bidi:embed;
	font-size:12.0pt;
	font-family:""Times New Roman"";
	mso-fareast-font-family:""Times New Roman"";}
@page Section1
	{size:612.0pt 792.0pt;
	margin:72.0pt 90.0pt 72.0pt 90.0pt;
	mso-header-margin:36.0pt;
	mso-footer-margin:36.0pt;
	mso-paper-source:0;}
div.Section1
	{page:Section1;}
-->
</style><!--[if gte mso 10]>
<style>
 /* Style Definitions */
 table.MsoNormalTable
	{mso-style-name:""Table Normal"";
	mso-tstyle-rowband-size:0;
	mso-tstyle-colband-size:0;
	mso-style-noshow:yes;
	mso-style-parent:"""";
	mso-padding-alt:0cm 5.4pt 0cm 5.4pt;
	mso-para-margin:0cm;
	mso-para-margin-bottom:.0001pt;
	mso-pagination:widow-orphan;
	font-size:10.0pt;
	font-family:""Times New Roman"";
	mso-ansi-language:#0400;
	mso-fareast-language:#0400;
	mso-bidi-language:#0400;}
</style>
<![endif]-->

<p class=""MsoNormal"" dir=""rtl"" style=""text-align: justify;""><span style=""font-family: &quot;Jameel Noori Nastaleeq&quot;;"" lang=""AR-SA"">میری
ماں کا چند مہینے پہلے انتقال ہوگیا۔ ان کی عمر تقریباً اکیاسی سال تھی۔ ان کو
لکھنا نہیں آتا تھا۔اپنے انتقال سے چند سال پہلے انھوں نے مجھ سے اپنے اثاثہ کے
ایک تہائی کے متعلق آخری وصیت کی بات چیت کا آئڈیو ٹیپ ریکارڈ کرنے کو کہا۔ انھوں
نے وضاحت کی کہ وہ کس طرح اس رقم کو اسلامی مقاصد، اپنے ناتی(میری ایک بہن کے
لڑکے)اور نواسی (میری دوسری بہن کی لڑکی) کے درمیان تقسیم کرنا پسند کریں گیں۔کوئی
بھی رقم کسی بھائی یا ان کے بچوں کے لیے نہیں ہے۔ ہم پانچ بھائی اور دو بہنیں
ہیں،سب باحیات ہیں۔ میرے بھائی لوگ ان کا آئڈیو ٹیپ سنے بغیراس وصیت کو یہ کہہ کر
خارج کررہے ہیں کہ میرے علاوہ دوسرے دو اور لوگ بطور گواہ کے ہونے چاہئیں۔برائے
کرم اس صورت حال کے بارے میں مجھ کو ایک فتوی عنایت فرماویں۔ <o:p></o:p></span></p>

</h2>","<p>بسم الله الرحمن الرحيم</p><p> <meta http-equiv=""Content-Type"" content=""text/html; charset=utf-8""><meta name=""ProgId"" content=""Word.Document""><meta name=""Generator"" content=""Microsoft Word 11""><meta name=""Originator"" content=""Microsoft Word 11""><link rel=""File-List"" href=""file:///G:\DOCUME~1\ADMINI~1\LOCALS~1\Temp\msohtml1\01\clip_filelist.xml""><!--[if gte mso 9]><xml>
 <w:WordDocument>
  <w:View>Normal</w:View>
  <w:Zoom>0</w:Zoom>
  <w:PunctuationKerning/>
  <w:ValidateAgainstSchemas/>
  <w:SaveIfXMLInvalid>false</w:SaveIfXMLInvalid>
  <w:IgnoreMixedContent>false</w:IgnoreMixedContent>
  <w:AlwaysShowPlaceholderText>false</w:AlwaysShowPlaceholderText>
  <w:Compatibility>
   <w:BreakWrappedTables/>
   <w:SnapToGridInCell/>
   <w:WrapTextWithPunct/>
   <w:UseAsianBreakRules/>
   <w:DontGrowAutofit/>
  </w:Compatibility>
  <w:BrowserLevel>MicrosoftInternetExplorer4</w:BrowserLevel>
 </w:WordDocument>
</xml><![endif]--><!--[if gte mso 9]><xml>
 <w:LatentStyles DefLockedState=""false"" LatentStyleCount=""156"">
 </w:LatentStyles>
</xml><![endif]--><style>
<!--
 /* Font Definitions */
 @font-face
	{font-family:Tahoma;
	panose-1:2 11 6 4 3 5 4 4 2 4;
	mso-font-charset:0;
	mso-generic-font-family:swiss;
	mso-font-pitch:variable;
	mso-font-signature:1627421319 -2147483648 8 0 66047 0;}
@font-face
	{font-family:""Jameel Noori Nastaleeq"";
	panose-1:2 0 5 3 0 0 0 0 0 4;
	mso-font-charset:0;
	mso-generic-font-family:auto;
	mso-font-pitch:variable;
	mso-font-signature:-2147475449 0 0 0 65 0;}
 /* Style Definitions */
 p.MsoNormal, li.MsoNormal, div.MsoNormal
	{mso-style-parent:"""";
	margin:0cm;
	margin-bottom:.0001pt;
	text-align:right;
	mso-pagination:widow-orphan;
	direction:rtl;
	unicode-bidi:embed;
	font-size:12.0pt;
	font-family:""Times New Roman"";
	mso-fareast-font-family:""Times New Roman"";}
@page Section1
	{size:612.0pt 792.0pt;
	margin:72.0pt 90.0pt 72.0pt 90.0pt;
	mso-header-margin:36.0pt;
	mso-footer-margin:36.0pt;
	mso-paper-source:0;}
div.Section1
	{page:Section1;}
-->
</style><!--[if gte mso 10]>
<style>
 /* Style Definitions */
 table.MsoNormalTable
	{mso-style-name:""Table Normal"";
	mso-tstyle-rowband-size:0;
	mso-tstyle-colband-size:0;
	mso-style-noshow:yes;
	mso-style-parent:"""";
	mso-padding-alt:0cm 5.4pt 0cm 5.4pt;
	mso-para-margin:0cm;
	mso-para-margin-bottom:.0001pt;
	mso-pagination:widow-orphan;
	font-size:10.0pt;
	font-family:""Times New Roman"";
	mso-ansi-language:#0400;
	mso-fareast-language:#0400;
	mso-bidi-language:#0400;}
</style>
<![endif]-->

</p><p class=""MsoNormal"" dir=""rtl"" style=""text-align: justify;""><span style=""font-family: &quot;Jameel Noori Nastaleeq&quot;;"" lang=""AR-SA"">فتوی(د):2227=1758-12/1430</span></p><p class=""MsoNormal"" dir=""rtl"" style=""text-align: justify;""><span style=""font-family: &quot;Jameel Noori Nastaleeq&quot;;"" lang=""AR-SA""><o:p>&nbsp;</o:p></span></p><p class=""MsoNormal"" dir=""rtl"" style=""text-align: justify;""><span style=""font-family: &quot;Jameel Noori Nastaleeq&quot;;"" lang=""AR-SA"">آپ
کے بھائی لوگوں کومذکورہ آڈیو ٹیپ وصیت پر شبہ ہے اس لیے اس پر وہ یقین نہیں کررہے
ہیں، لہٰذا ان کی طرف سے دو گواہوں کا مطالبہ کیا جانا درست ہے، بغیر گواہ کے
مذکورہ وصیت کا تسلیم کرنا ان پر لازم نہیں ہے: </span><span style=""font-size: 10pt; font-family: Tahoma;"" lang=""AR-SA"">[قال في الدر وإن سمعوا کلامہ ولم
یروہ لا تجوز شہادتہم علیہ لأن النغمة تشبہ علیہ فتقع الشبہة (ج</span><span style=""font-size: 10pt; font-family: Tahoma;"" lang=""FA"">۵/۴۲۳</span><span style=""font-size: 10pt; font-family: Tahoma;"" lang=""AR-SA"">، شامي)</span></p><p></p><br><span style=""font-size:1.2em"">
								<p><strong>واللہ تعالیٰ اعلم</strong></p>
								<br class=""clear"">
								<p><strong>دارالافتاء،</strong><br>دارالعلوم دیوبند</p>
							</span>",01-Sep-2020,17220,darulifta-deoband.com,معاملات,دیگر معاملات,"<div id=""recent_fatwas"" class=""container tab-pane active""><br>
					<ul class=""answer_detail"">
												<li>
																					<div class=""cate_sec"">
								<p class=""category_name"">
									<span>
										معاملات									</span> 
									&gt;&gt; 
									<span>
																		<a href=""https://darulifta-deoband.com/ur/category/n-a/Mzg="">دیگر معاملات</a>
									</span>
								</p>
								<p class=""quesid""><span class=""anser_id_urdu""> سوال نمبر: 17220</span><!--<span class=""country_urdu"">  : ملک</span> --></p>
							</div>
							<h2><u> عنوان:</u> <meta http-equiv=""Content-Type"" content=""text/html; charset=utf-8""><meta name=""ProgId"" content=""Word.Document""><meta name=""Generator"" content=""Microsoft Word 11""><meta name=""Originator"" content=""Microsoft Word 11""><link rel=""File-List"" href=""file:///G:\DOCUME~1\ADMINI~1\LOCALS~1\Temp\msohtml1\01\clip_filelist.xml""><!--[if gte mso 9]><xml>
 <w:WordDocument>
  <w:View>Normal</w:View>
  <w:Zoom>0</w:Zoom>
  <w:PunctuationKerning/>
  <w:ValidateAgainstSchemas/>
  <w:SaveIfXMLInvalid>false</w:SaveIfXMLInvalid>
  <w:IgnoreMixedContent>false</w:IgnoreMixedContent>
  <w:AlwaysShowPlaceholderText>false</w:AlwaysShowPlaceholderText>
  <w:Compatibility>
   <w:BreakWrappedTables/>
   <w:SnapToGridInCell/>
   <w:WrapTextWithPunct/>
   <w:UseAsianBreakRules/>
   <w:DontGrowAutofit/>
  </w:Compatibility>
  <w:BrowserLevel>MicrosoftInternetExplorer4</w:BrowserLevel>
 </w:WordDocument>
</xml><![endif]--><!--[if gte mso 9]><xml>
 <w:LatentStyles DefLockedState=""false"" LatentStyleCount=""156"">
 </w:LatentStyles>
</xml><![endif]--><style>
<!--
 /* Font Definitions */
 @font-face
	{font-family:""Jameel Noori Nastaleeq"";
	panose-1:2 0 5 3 0 0 0 0 0 4;
	mso-font-charset:0;
	mso-generic-font-family:auto;
	mso-font-pitch:variable;
	mso-font-signature:-2147475449 0 0 0 65 0;}
 /* Style Definitions */
 p.MsoNormal, li.MsoNormal, div.MsoNormal
	{mso-style-parent:"""";
	margin:0cm;
	margin-bottom:.0001pt;
	text-align:right;
	mso-pagination:widow-orphan;
	direction:rtl;
	unicode-bidi:embed;
	font-size:12.0pt;
	font-family:""Times New Roman"";
	mso-fareast-font-family:""Times New Roman"";}
@page Section1
	{size:612.0pt 792.0pt;
	margin:72.0pt 90.0pt 72.0pt 90.0pt;
	mso-header-margin:36.0pt;
	mso-footer-margin:36.0pt;
	mso-paper-source:0;}
div.Section1
	{page:Section1;}
-->
</style><!--[if gte mso 10]>
<style>
 /* Style Definitions */
 table.MsoNormalTable
	{mso-style-name:""Table Normal"";
	mso-tstyle-rowband-size:0;
	mso-tstyle-colband-size:0;
	mso-style-noshow:yes;
	mso-style-parent:"""";
	mso-padding-alt:0cm 5.4pt 0cm 5.4pt;
	mso-para-margin:0cm;
	mso-para-margin-bottom:.0001pt;
	mso-pagination:widow-orphan;
	font-size:10.0pt;
	font-family:""Times New Roman"";
	mso-ansi-language:#0400;
	mso-fareast-language:#0400;
	mso-bidi-language:#0400;}
</style>
<![endif]-->

<p class=""MsoNormal"" dir=""rtl"" style=""text-align: justify;""><span style=""font-family: &quot;Jameel Noori Nastaleeq&quot;;"" lang=""AR-SA"">میری
ماں کا چند مہینے پہلے انتقال ہوگیا۔ ان کی عمر تقریباً اکیاسی سال تھی۔ ان کو
لکھنا نہیں آتا تھا۔اپنے انتقال سے چند سال پہلے انھوں نے مجھ سے اپنے اثاثہ کے
ایک تہائی کے متعلق آخری وصیت کی بات چیت کا آئڈیو ٹیپ ریکارڈ کرنے کو کہا۔ انھوں
نے وضاحت کی کہ وہ کس طرح اس رقم کو اسلامی مقاصد، اپنے ناتی(میری ایک بہن کے
لڑکے)اور نواسی (میری دوسری بہن کی لڑکی) کے درمیان تقسیم کرنا پسند کریں گیں۔کوئی
بھی رقم کسی بھائی یا ان کے بچوں کے لیے نہیں ہے۔ ہم پانچ بھائی اور دو بہنیں
ہیں،سب باحیات ہیں۔ میرے بھائی لوگ ان کا آئڈیو ٹیپ سنے بغیراس وصیت کو یہ کہہ کر
خارج کررہے ہیں کہ میرے علاوہ دوسرے دو اور لوگ بطور گواہ کے ہونے چاہئیں۔برائے
کرم اس صورت حال کے بارے میں مجھ کو ایک فتوی عنایت فرماویں۔ <o:p></o:p></span></p>

</h2>
							<h2><u> سوال: </u> <meta http-equiv=""Content-Type"" content=""text/html; charset=utf-8""><meta name=""ProgId"" content=""Word.Document""><meta name=""Generator"" content=""Microsoft Word 11""><meta name=""Originator"" content=""Microsoft Word 11""><link rel=""File-List"" href=""file:///G:\DOCUME~1\ADMINI~1\LOCALS~1\Temp\msohtml1\01\clip_filelist.xml""><!--[if gte mso 9]><xml>
 <w:WordDocument>
  <w:View>Normal</w:View>
  <w:Zoom>0</w:Zoom>
  <w:PunctuationKerning/>
  <w:ValidateAgainstSchemas/>
  <w:SaveIfXMLInvalid>false</w:SaveIfXMLInvalid>
  <w:IgnoreMixedContent>false</w:IgnoreMixedContent>
  <w:AlwaysShowPlaceholderText>false</w:AlwaysShowPlaceholderText>
  <w:Compatibility>
   <w:BreakWrappedTables/>
   <w:SnapToGridInCell/>
   <w:WrapTextWithPunct/>
   <w:UseAsianBreakRules/>
   <w:DontGrowAutofit/>
  </w:Compatibility>
  <w:BrowserLevel>MicrosoftInternetExplorer4</w:BrowserLevel>
 </w:WordDocument>
</xml><![endif]--><!--[if gte mso 9]><xml>
 <w:LatentStyles DefLockedState=""false"" LatentStyleCount=""156"">
 </w:LatentStyles>
</xml><![endif]--><style>
<!--
 /* Font Definitions */
 @font-face
	{font-family:""Jameel Noori Nastaleeq"";
	panose-1:2 0 5 3 0 0 0 0 0 4;
	mso-font-charset:0;
	mso-generic-font-family:auto;
	mso-font-pitch:variable;
	mso-font-signature:-2147475449 0 0 0 65 0;}
 /* Style Definitions */
 p.MsoNormal, li.MsoNormal, div.MsoNormal
	{mso-style-parent:"""";
	margin:0cm;
	margin-bottom:.0001pt;
	text-align:right;
	mso-pagination:widow-orphan;
	direction:rtl;
	unicode-bidi:embed;
	font-size:12.0pt;
	font-family:""Times New Roman"";
	mso-fareast-font-family:""Times New Roman"";}
@page Section1
	{size:612.0pt 792.0pt;
	margin:72.0pt 90.0pt 72.0pt 90.0pt;
	mso-header-margin:36.0pt;
	mso-footer-margin:36.0pt;
	mso-paper-source:0;}
div.Section1
	{page:Section1;}
-->
</style><!--[if gte mso 10]>
<style>
 /* Style Definitions */
 table.MsoNormalTable
	{mso-style-name:""Table Normal"";
	mso-tstyle-rowband-size:0;
	mso-tstyle-colband-size:0;
	mso-style-noshow:yes;
	mso-style-parent:"""";
	mso-padding-alt:0cm 5.4pt 0cm 5.4pt;
	mso-para-margin:0cm;
	mso-para-margin-bottom:.0001pt;
	mso-pagination:widow-orphan;
	font-size:10.0pt;
	font-family:""Times New Roman"";
	mso-ansi-language:#0400;
	mso-fareast-language:#0400;
	mso-bidi-language:#0400;}
</style>
<![endif]-->

<p class=""MsoNormal"" dir=""rtl"" style=""text-align: justify;""><span style=""font-family: &quot;Jameel Noori Nastaleeq&quot;;"" lang=""AR-SA"">میری
ماں کا چند مہینے پہلے انتقال ہوگیا۔ ان کی عمر تقریباً اکیاسی سال تھی۔ ان کو
لکھنا نہیں آتا تھا۔اپنے انتقال سے چند سال پہلے انھوں نے مجھ سے اپنے اثاثہ کے
ایک تہائی کے متعلق آخری وصیت کی بات چیت کا آئڈیو ٹیپ ریکارڈ کرنے کو کہا۔ انھوں
نے وضاحت کی کہ وہ کس طرح اس رقم کو اسلامی مقاصد، اپنے ناتی(میری ایک بہن کے
لڑکے)اور نواسی (میری دوسری بہن کی لڑکی) کے درمیان تقسیم کرنا پسند کریں گیں۔کوئی
بھی رقم کسی بھائی یا ان کے بچوں کے لیے نہیں ہے۔ ہم پانچ بھائی اور دو بہنیں
ہیں،سب باحیات ہیں۔ میرے بھائی لوگ ان کا آئڈیو ٹیپ سنے بغیراس وصیت کو یہ کہہ کر
خارج کررہے ہیں کہ میرے علاوہ دوسرے دو اور لوگ بطور گواہ کے ہونے چاہئیں۔برائے
کرم اس صورت حال کے بارے میں مجھ کو ایک فتوی عنایت فرماویں۔ <o:p></o:p></span></p>

</h2>
							<p class=""fatwa_answer""><span class=""ans_urdu_id""> جواب نمبر: 17220</span><span style=""color:#efefef;display:none;"" class=""answer_date_urdu"">01-Sep-2020 : تاریخ اشاعت </span></p>
							<p>بسم الله الرحمن الرحيم</p>
							<p> <meta http-equiv=""Content-Type"" content=""text/html; charset=utf-8""><meta name=""ProgId"" content=""Word.Document""><meta name=""Generator"" content=""Microsoft Word 11""><meta name=""Originator"" content=""Microsoft Word 11""><link rel=""File-List"" href=""file:///G:\DOCUME~1\ADMINI~1\LOCALS~1\Temp\msohtml1\01\clip_filelist.xml""><!--[if gte mso 9]><xml>
 <w:WordDocument>
  <w:View>Normal</w:View>
  <w:Zoom>0</w:Zoom>
  <w:PunctuationKerning/>
  <w:ValidateAgainstSchemas/>
  <w:SaveIfXMLInvalid>false</w:SaveIfXMLInvalid>
  <w:IgnoreMixedContent>false</w:IgnoreMixedContent>
  <w:AlwaysShowPlaceholderText>false</w:AlwaysShowPlaceholderText>
  <w:Compatibility>
   <w:BreakWrappedTables/>
   <w:SnapToGridInCell/>
   <w:WrapTextWithPunct/>
   <w:UseAsianBreakRules/>
   <w:DontGrowAutofit/>
  </w:Compatibility>
  <w:BrowserLevel>MicrosoftInternetExplorer4</w:BrowserLevel>
 </w:WordDocument>
</xml><![endif]--><!--[if gte mso 9]><xml>
 <w:LatentStyles DefLockedState=""false"" LatentStyleCount=""156"">
 </w:LatentStyles>
</xml><![endif]--><style>
<!--
 /* Font Definitions */
 @font-face
	{font-family:Tahoma;
	panose-1:2 11 6 4 3 5 4 4 2 4;
	mso-font-charset:0;
	mso-generic-font-family:swiss;
	mso-font-pitch:variable;
	mso-font-signature:1627421319 -2147483648 8 0 66047 0;}
@font-face
	{font-family:""Jameel Noori Nastaleeq"";
	panose-1:2 0 5 3 0 0 0 0 0 4;
	mso-font-charset:0;
	mso-generic-font-family:auto;
	mso-font-pitch:variable;
	mso-font-signature:-2147475449 0 0 0 65 0;}
 /* Style Definitions */
 p.MsoNormal, li.MsoNormal, div.MsoNormal
	{mso-style-parent:"""";
	margin:0cm;
	margin-bottom:.0001pt;
	text-align:right;
	mso-pagination:widow-orphan;
	direction:rtl;
	unicode-bidi:embed;
	font-size:12.0pt;
	font-family:""Times New Roman"";
	mso-fareast-font-family:""Times New Roman"";}
@page Section1
	{size:612.0pt 792.0pt;
	margin:72.0pt 90.0pt 72.0pt 90.0pt;
	mso-header-margin:36.0pt;
	mso-footer-margin:36.0pt;
	mso-paper-source:0;}
div.Section1
	{page:Section1;}
-->
</style><!--[if gte mso 10]>
<style>
 /* Style Definitions */
 table.MsoNormalTable
	{mso-style-name:""Table Normal"";
	mso-tstyle-rowband-size:0;
	mso-tstyle-colband-size:0;
	mso-style-noshow:yes;
	mso-style-parent:"""";
	mso-padding-alt:0cm 5.4pt 0cm 5.4pt;
	mso-para-margin:0cm;
	mso-para-margin-bottom:.0001pt;
	mso-pagination:widow-orphan;
	font-size:10.0pt;
	font-family:""Times New Roman"";
	mso-ansi-language:#0400;
	mso-fareast-language:#0400;
	mso-bidi-language:#0400;}
</style>
<![endif]-->

</p><p class=""MsoNormal"" dir=""rtl"" style=""text-align: justify;""><span style=""font-family: &quot;Jameel Noori Nastaleeq&quot;;"" lang=""AR-SA"">فتوی(د):2227=1758-12/1430</span></p>

<p class=""MsoNormal"" dir=""rtl"" style=""text-align: justify;""><span style=""font-family: &quot;Jameel Noori Nastaleeq&quot;;"" lang=""AR-SA""><o:p>&nbsp;</o:p></span></p>

<p class=""MsoNormal"" dir=""rtl"" style=""text-align: justify;""><span style=""font-family: &quot;Jameel Noori Nastaleeq&quot;;"" lang=""AR-SA"">آپ
کے بھائی لوگوں کومذکورہ آڈیو ٹیپ وصیت پر شبہ ہے اس لیے اس پر وہ یقین نہیں کررہے
ہیں، لہٰذا ان کی طرف سے دو گواہوں کا مطالبہ کیا جانا درست ہے، بغیر گواہ کے
مذکورہ وصیت کا تسلیم کرنا ان پر لازم نہیں ہے: </span><span style=""font-size: 10pt; font-family: Tahoma;"" lang=""AR-SA"">[قال في الدر وإن سمعوا کلامہ ولم
یروہ لا تجوز شہادتہم علیہ لأن النغمة تشبہ علیہ فتقع الشبہة (ج</span><span style=""font-size: 10pt; font-family: Tahoma;"" lang=""FA"">۵/۴۲۳</span><span style=""font-size: 10pt; font-family: Tahoma;"" lang=""AR-SA"">، شامي)</span></p>

<p></p> 
							<br>
							<span style=""font-size:1.2em"">
								<p><strong>واللہ تعالیٰ اعلم</strong></p>
								<br class=""clear"">
								<p><strong>دارالافتاء،</strong><br>دارالعلوم دیوبند</p>
							</span>
						</li>
											</ul>
				</div>"
https://darulifta-deoband.com/home/ur/other-transactions/17195,میں اور میرایک ا دوست سعودی عربیہ کے ایک کالج میں کام کرتے ہیں۔ ہم کو ہر سال دو مہینہ کی چھٹی ملتی ہے۔ اس سال میں چھٹی میں پاکستان میں نہیں گیا، لیکن میرا دوست گیا او راس نے اپنی کار کو اس کی بیٹری کو برقرار رکھنے کے لیے کار کو ہر ہفتہ اسٹارٹ کرنے کے لیے تاکہ اس کی بیٹری ڈسٹارچ نہ ہوجائے میرے پاس چھوڑگیا۔مزید یہ کہ وہ کار ایک دوسرے دوست کی پارکنگ میں کھڑی تھی اس لیے وہ میرے پاس کار کی چابی چھوڑ گیا۔ میں تقریباً ہر ہفتہ کار کو اسٹارٹ کرنے کا کام کرتا تھا اس کی بیٹری کو باقی رکھنے کے لیے۔ میرے دوست کی آمدسے چند دن پہلے مجھ سے چابی گم ہوگئی۔میں نے سوچا کہ میرے دوست کے پاس دوسری چابی ہوگی اس لیے ہم نقلی چابی بنوالیں گے اس کے آنے کے بعد، لیکن بدقسمتی سے اس کی دوسری چابی نہیں تھی۔ آخر کار ہم کار کو چابی بنانے والے کی دکان پر لے گئے جس نے مجھ سے سو ریال لیا اور اس کے بعد چابی بنانے والے نے چار سو ریال چابی بنانے کا لیا۔...,"<h2><u> سوال: </u> <meta http-equiv=""Content-Type"" content=""text/html; charset=utf-8""><meta name=""ProgId"" content=""Word.Document""><meta name=""Generator"" content=""Microsoft Word 11""><meta name=""Originator"" content=""Microsoft Word 11""><link rel=""File-List"" href=""file:///G:\DOCUME~1\ADMINI~1\LOCALS~1\Temp\msohtml1\01\clip_filelist.xml""><!--[if gte mso 9]><xml>
 <w:WordDocument>
  <w:View>Normal</w:View>
  <w:Zoom>0</w:Zoom>
  <w:PunctuationKerning/>
  <w:ValidateAgainstSchemas/>
  <w:SaveIfXMLInvalid>false</w:SaveIfXMLInvalid>
  <w:IgnoreMixedContent>false</w:IgnoreMixedContent>
  <w:AlwaysShowPlaceholderText>false</w:AlwaysShowPlaceholderText>
  <w:Compatibility>
   <w:BreakWrappedTables/>
   <w:SnapToGridInCell/>
   <w:WrapTextWithPunct/>
   <w:UseAsianBreakRules/>
   <w:DontGrowAutofit/>
  </w:Compatibility>
  <w:BrowserLevel>MicrosoftInternetExplorer4</w:BrowserLevel>
 </w:WordDocument>
</xml><![endif]--><!--[if gte mso 9]><xml>
 <w:LatentStyles DefLockedState=""false"" LatentStyleCount=""156"">
 </w:LatentStyles>
</xml><![endif]--><style>
<!--
 /* Font Definitions */
 @font-face
	{font-family:""Jameel Noori Nastaleeq"";
	panose-1:2 0 5 3 0 0 0 0 0 4;
	mso-font-charset:0;
	mso-generic-font-family:auto;
	mso-font-pitch:variable;
	mso-font-signature:-2147475449 0 0 0 65 0;}
 /* Style Definitions */
 p.MsoNormal, li.MsoNormal, div.MsoNormal
	{mso-style-parent:"""";
	margin:0cm;
	margin-bottom:.0001pt;
	text-align:right;
	mso-pagination:widow-orphan;
	direction:rtl;
	unicode-bidi:embed;
	font-size:12.0pt;
	font-family:""Times New Roman"";
	mso-fareast-font-family:""Times New Roman"";}
@page Section1
	{size:612.0pt 792.0pt;
	margin:72.0pt 90.0pt 72.0pt 90.0pt;
	mso-header-margin:36.0pt;
	mso-footer-margin:36.0pt;
	mso-paper-source:0;}
div.Section1
	{page:Section1;}
-->
</style><!--[if gte mso 10]>
<style>
 /* Style Definitions */
 table.MsoNormalTable
	{mso-style-name:""Table Normal"";
	mso-tstyle-rowband-size:0;
	mso-tstyle-colband-size:0;
	mso-style-noshow:yes;
	mso-style-parent:"""";
	mso-padding-alt:0cm 5.4pt 0cm 5.4pt;
	mso-para-margin:0cm;
	mso-para-margin-bottom:.0001pt;
	mso-pagination:widow-orphan;
	font-size:10.0pt;
	font-family:""Times New Roman"";
	mso-ansi-language:#0400;
	mso-fareast-language:#0400;
	mso-bidi-language:#0400;}
</style>
<![endif]-->

<p class=""MsoNormal"" dir=""rtl"" style=""text-align: justify;""><span style=""font-family: &quot;Jameel Noori Nastaleeq&quot;;"" lang=""AR-SA"">میں
اور میرایک ا دوست سعودی عربیہ کے ایک کالج میں کام کرتے ہیں۔ ہم کو ہر سال دو مہینہ
کی چھٹی ملتی ہے۔ اس سال میں چھٹی میں پاکستان میں نہیں گیا، لیکن میرا دوست گیا
او راس نے اپنی کار کو اس کی بیٹری کو برقرار رکھنے کے لیے کار کو ہر ہفتہ اسٹارٹ
کرنے کے لیے تاکہ اس کی بیٹری ڈسٹارچ نہ ہوجائے میرے پاس چھوڑگیا۔مزید یہ کہ وہ
کار ایک دوسرے دوست کی پارکنگ میں کھڑی تھی اس لیے وہ میرے پاس کار کی چابی چھوڑ گیا۔
میں تقریباً ہر ہفتہ کار کو اسٹارٹ کرنے کا کام کرتا تھا اس کی بیٹری کو باقی
رکھنے کے لیے۔ میرے دوست کی آمدسے چند دن پہلے مجھ سے چابی گم ہوگئی۔میں نے سوچا
کہ میرے دوست کے پاس دوسری چابی ہوگی اس لیے ہم نقلی چابی بنوالیں گے اس کے آنے کے
بعد، لیکن بدقسمتی سے اس کی دوسری چابی نہیں تھی۔ آخر کار ہم کار کو چابی بنانے
والے کی دکان پر لے گئے جس نے مجھ سے سو ریال لیا اور اس کے بعد چابی بنانے والے
نے چار سو ریال چابی بنانے کا لیا۔جب ادائیگی کا وقت آتا ہے تو ہم دونوں پیسہ دینے
کی کوشش کرتے ہیں۔ آخر کار میں اس شرط کے ساتھ پیسہ ادا کرتا ہوں کہ ہم اپنے مذہب
کا طریقہ اختیار کریں گے۔ اب اس بارے میں آپ کا مشورہ درکار ہے (</span><span style=""font-family: &quot;Jameel Noori Nastaleeq&quot;;"" lang=""FA"">۱)</span><span style=""font-family: &quot;Jameel Noori Nastaleeq&quot;;"" lang=""AR-SA"">اس کی ادائیگی کون کرے
گا یا (</span><span style=""font-family: &quot;Jameel Noori Nastaleeq&quot;;"" lang=""FA"">۲)</span><span style=""font-family: &quot;Jameel Noori Nastaleeq&quot;;"" lang=""AR-SA"">ہر
ایک کو آدھا آدھا ادا کرنا ہوگا؟ (</span><span style=""font-family: &quot;Jameel Noori Nastaleeq&quot;;"" lang=""FA"">۳)</span><span style=""font-family: &quot;Jameel Noori Nastaleeq&quot;;"" lang=""AR-SA"">یا
اس کا کوئی اور حل ہے؟ <o:p></o:p></span></p>

</h2>","<p>بسم الله الرحمن الرحيم</p><p> <meta http-equiv=""Content-Type"" content=""text/html; charset=utf-8""><meta name=""ProgId"" content=""Word.Document""><meta name=""Generator"" content=""Microsoft Word 11""><meta name=""Originator"" content=""Microsoft Word 11""><link rel=""File-List"" href=""file:///G:\DOCUME~1\ADMINI~1\LOCALS~1\Temp\msohtml1\01\clip_filelist.xml""><!--[if gte mso 9]><xml>
 <w:WordDocument>
  <w:View>Normal</w:View>
  <w:Zoom>0</w:Zoom>
  <w:PunctuationKerning/>
  <w:ValidateAgainstSchemas/>
  <w:SaveIfXMLInvalid>false</w:SaveIfXMLInvalid>
  <w:IgnoreMixedContent>false</w:IgnoreMixedContent>
  <w:AlwaysShowPlaceholderText>false</w:AlwaysShowPlaceholderText>
  <w:Compatibility>
   <w:BreakWrappedTables/>
   <w:SnapToGridInCell/>
   <w:WrapTextWithPunct/>
   <w:UseAsianBreakRules/>
   <w:DontGrowAutofit/>
  </w:Compatibility>
  <w:BrowserLevel>MicrosoftInternetExplorer4</w:BrowserLevel>
 </w:WordDocument>
</xml><![endif]--><!--[if gte mso 9]><xml>
 <w:LatentStyles DefLockedState=""false"" LatentStyleCount=""156"">
 </w:LatentStyles>
</xml><![endif]--><style>
<!--
 /* Font Definitions */
 @font-face
	{font-family:""Jameel Noori Nastaleeq"";
	panose-1:2 0 5 3 0 0 0 0 0 4;
	mso-font-charset:0;
	mso-generic-font-family:auto;
	mso-font-pitch:variable;
	mso-font-signature:-2147475449 0 0 0 65 0;}
 /* Style Definitions */
 p.MsoNormal, li.MsoNormal, div.MsoNormal
	{mso-style-parent:"""";
	margin:0cm;
	margin-bottom:.0001pt;
	text-align:right;
	mso-pagination:widow-orphan;
	direction:rtl;
	unicode-bidi:embed;
	font-size:12.0pt;
	font-family:""Times New Roman"";
	mso-fareast-font-family:""Times New Roman"";}
@page Section1
	{size:612.0pt 792.0pt;
	margin:72.0pt 90.0pt 72.0pt 90.0pt;
	mso-header-margin:36.0pt;
	mso-footer-margin:36.0pt;
	mso-paper-source:0;}
div.Section1
	{page:Section1;}
-->
</style><!--[if gte mso 10]>
<style>
 /* Style Definitions */
 table.MsoNormalTable
	{mso-style-name:""Table Normal"";
	mso-tstyle-rowband-size:0;
	mso-tstyle-colband-size:0;
	mso-style-noshow:yes;
	mso-style-parent:"""";
	mso-padding-alt:0cm 5.4pt 0cm 5.4pt;
	mso-para-margin:0cm;
	mso-para-margin-bottom:.0001pt;
	mso-pagination:widow-orphan;
	font-size:10.0pt;
	font-family:""Times New Roman"";
	mso-ansi-language:#0400;
	mso-fareast-language:#0400;
	mso-bidi-language:#0400;}
</style>
<![endif]-->

</p><p class=""MsoNormal"" dir=""rtl"" style=""text-align: justify;""><span style=""font-family: &quot;Jameel Noori Nastaleeq&quot;;"" lang=""AR-SA"">فتوی(ھ):2280=1832-12/1430</span></p><p class=""MsoNormal"" dir=""rtl"" style=""text-align: justify;""><span style=""font-family: &quot;Jameel Noori Nastaleeq&quot;;"" lang=""AR-SA""><o:p>&nbsp;</o:p></span></p><p class=""MsoNormal"" dir=""rtl"" style=""text-align: justify;""><span style=""font-family: &quot;Jameel Noori Nastaleeq&quot;;"" lang=""AR-SA"">اگر
چابی کی آ پنے حفاظت کی اور اس کے گم ہونے میں آپ کی غفلت کا کوئی دخل نہیں تو ایسی
صورت میں آپ پربسلسلہ چابی کوئی ضمان نہیں، اگر آپ نے غفلت برتی تو آپ ضامن ہوں
گے، اور کل رقم چابی کے حصول میں صرف شدہ آپ کی طرف سے ہوگی، ورنہ نہیں۔</span></p><p></p><br><span style=""font-size:1.2em"">
								<p><strong>واللہ تعالیٰ اعلم</strong></p>
								<br class=""clear"">
								<p><strong>دارالافتاء،</strong><br>دارالعلوم دیوبند</p>
							</span>",01-Sep-2020,17195,darulifta-deoband.com,معاملات,دیگر معاملات,"<div id=""recent_fatwas"" class=""container tab-pane active""><br>
					<ul class=""answer_detail"">
												<li>
																					<div class=""cate_sec"">
								<p class=""category_name"">
									<span>
										معاملات									</span> 
									&gt;&gt; 
									<span>
																		<a href=""https://darulifta-deoband.com/ur/category/n-a/Mzg="">دیگر معاملات</a>
									</span>
								</p>
								<p class=""quesid""><span class=""anser_id_urdu""> سوال نمبر: 17195</span><!--<span class=""country_urdu"">  : ملک</span> --></p>
							</div>
							<h2><u> عنوان:</u> <meta http-equiv=""Content-Type"" content=""text/html; charset=utf-8""><meta name=""ProgId"" content=""Word.Document""><meta name=""Generator"" content=""Microsoft Word 11""><meta name=""Originator"" content=""Microsoft Word 11""><link rel=""File-List"" href=""file:///G:\DOCUME~1\ADMINI~1\LOCALS~1\Temp\msohtml1\01\clip_filelist.xml""><!--[if gte mso 9]><xml>
 <w:WordDocument>
  <w:View>Normal</w:View>
  <w:Zoom>0</w:Zoom>
  <w:PunctuationKerning/>
  <w:ValidateAgainstSchemas/>
  <w:SaveIfXMLInvalid>false</w:SaveIfXMLInvalid>
  <w:IgnoreMixedContent>false</w:IgnoreMixedContent>
  <w:AlwaysShowPlaceholderText>false</w:AlwaysShowPlaceholderText>
  <w:Compatibility>
   <w:BreakWrappedTables/>
   <w:SnapToGridInCell/>
   <w:WrapTextWithPunct/>
   <w:UseAsianBreakRules/>
   <w:DontGrowAutofit/>
  </w:Compatibility>
  <w:BrowserLevel>MicrosoftInternetExplorer4</w:BrowserLevel>
 </w:WordDocument>
</xml><![endif]--><!--[if gte mso 9]><xml>
 <w:LatentStyles DefLockedState=""false"" LatentStyleCount=""156"">
 </w:LatentStyles>
</xml><![endif]--><style>
<!--
 /* Font Definitions */
 @font-face
	{font-family:""Jameel Noori Nastaleeq"";
	panose-1:2 0 5 3 0 0 0 0 0 4;
	mso-font-charset:0;
	mso-generic-font-family:auto;
	mso-font-pitch:variable;
	mso-font-signature:-2147475449 0 0 0 65 0;}
 /* Style Definitions */
 p.MsoNormal, li.MsoNormal, div.MsoNormal
	{mso-style-parent:"""";
	margin:0cm;
	margin-bottom:.0001pt;
	text-align:right;
	mso-pagination:widow-orphan;
	direction:rtl;
	unicode-bidi:embed;
	font-size:12.0pt;
	font-family:""Times New Roman"";
	mso-fareast-font-family:""Times New Roman"";}
@page Section1
	{size:612.0pt 792.0pt;
	margin:72.0pt 90.0pt 72.0pt 90.0pt;
	mso-header-margin:36.0pt;
	mso-footer-margin:36.0pt;
	mso-paper-source:0;}
div.Section1
	{page:Section1;}
-->
</style><!--[if gte mso 10]>
<style>
 /* Style Definitions */
 table.MsoNormalTable
	{mso-style-name:""Table Normal"";
	mso-tstyle-rowband-size:0;
	mso-tstyle-colband-size:0;
	mso-style-noshow:yes;
	mso-style-parent:"""";
	mso-padding-alt:0cm 5.4pt 0cm 5.4pt;
	mso-para-margin:0cm;
	mso-para-margin-bottom:.0001pt;
	mso-pagination:widow-orphan;
	font-size:10.0pt;
	font-family:""Times New Roman"";
	mso-ansi-language:#0400;
	mso-fareast-language:#0400;
	mso-bidi-language:#0400;}
</style>
<![endif]-->

<p class=""MsoNormal"" dir=""rtl"" style=""text-align: justify;""><span style=""font-family: &quot;Jameel Noori Nastaleeq&quot;;"" lang=""AR-SA"">میں
اور میرایک ا دوست سعودی عربیہ کے ایک کالج میں کام کرتے ہیں۔ ہم کو ہر سال دو مہینہ
کی چھٹی ملتی ہے۔ اس سال میں چھٹی میں پاکستان میں نہیں گیا، لیکن میرا دوست گیا
او راس نے اپنی کار کو اس کی بیٹری کو برقرار رکھنے کے لیے کار کو ہر ہفتہ اسٹارٹ
کرنے کے لیے تاکہ اس کی بیٹری ڈسٹارچ نہ ہوجائے میرے پاس چھوڑگیا۔مزید یہ کہ وہ
کار ایک دوسرے دوست کی پارکنگ میں کھڑی تھی اس لیے وہ میرے پاس کار کی چابی چھوڑ گیا۔
میں تقریباً ہر ہفتہ کار کو اسٹارٹ کرنے کا کام کرتا تھا اس کی بیٹری کو باقی
رکھنے کے لیے۔ میرے دوست کی آمدسے چند دن پہلے مجھ سے چابی گم ہوگئی۔میں نے سوچا
کہ میرے دوست کے پاس دوسری چابی ہوگی اس لیے ہم نقلی چابی بنوالیں گے اس کے آنے کے
بعد، لیکن بدقسمتی سے اس کی دوسری چابی نہیں تھی۔ آخر کار ہم کار کو چابی بنانے
والے کی دکان پر لے گئے جس نے مجھ سے سو ریال لیا اور اس کے بعد چابی بنانے والے
نے چار سو ریال چابی بنانے کا لیا۔...</span><span style=""font-family: &quot;Jameel Noori Nastaleeq&quot;;"" lang=""AR-SA""><o:p></o:p></span></p>

</h2>
							<h2><u> سوال: </u> <meta http-equiv=""Content-Type"" content=""text/html; charset=utf-8""><meta name=""ProgId"" content=""Word.Document""><meta name=""Generator"" content=""Microsoft Word 11""><meta name=""Originator"" content=""Microsoft Word 11""><link rel=""File-List"" href=""file:///G:\DOCUME~1\ADMINI~1\LOCALS~1\Temp\msohtml1\01\clip_filelist.xml""><!--[if gte mso 9]><xml>
 <w:WordDocument>
  <w:View>Normal</w:View>
  <w:Zoom>0</w:Zoom>
  <w:PunctuationKerning/>
  <w:ValidateAgainstSchemas/>
  <w:SaveIfXMLInvalid>false</w:SaveIfXMLInvalid>
  <w:IgnoreMixedContent>false</w:IgnoreMixedContent>
  <w:AlwaysShowPlaceholderText>false</w:AlwaysShowPlaceholderText>
  <w:Compatibility>
   <w:BreakWrappedTables/>
   <w:SnapToGridInCell/>
   <w:WrapTextWithPunct/>
   <w:UseAsianBreakRules/>
   <w:DontGrowAutofit/>
  </w:Compatibility>
  <w:BrowserLevel>MicrosoftInternetExplorer4</w:BrowserLevel>
 </w:WordDocument>
</xml><![endif]--><!--[if gte mso 9]><xml>
 <w:LatentStyles DefLockedState=""false"" LatentStyleCount=""156"">
 </w:LatentStyles>
</xml><![endif]--><style>
<!--
 /* Font Definitions */
 @font-face
	{font-family:""Jameel Noori Nastaleeq"";
	panose-1:2 0 5 3 0 0 0 0 0 4;
	mso-font-charset:0;
	mso-generic-font-family:auto;
	mso-font-pitch:variable;
	mso-font-signature:-2147475449 0 0 0 65 0;}
 /* Style Definitions */
 p.MsoNormal, li.MsoNormal, div.MsoNormal
	{mso-style-parent:"""";
	margin:0cm;
	margin-bottom:.0001pt;
	text-align:right;
	mso-pagination:widow-orphan;
	direction:rtl;
	unicode-bidi:embed;
	font-size:12.0pt;
	font-family:""Times New Roman"";
	mso-fareast-font-family:""Times New Roman"";}
@page Section1
	{size:612.0pt 792.0pt;
	margin:72.0pt 90.0pt 72.0pt 90.0pt;
	mso-header-margin:36.0pt;
	mso-footer-margin:36.0pt;
	mso-paper-source:0;}
div.Section1
	{page:Section1;}
-->
</style><!--[if gte mso 10]>
<style>
 /* Style Definitions */
 table.MsoNormalTable
	{mso-style-name:""Table Normal"";
	mso-tstyle-rowband-size:0;
	mso-tstyle-colband-size:0;
	mso-style-noshow:yes;
	mso-style-parent:"""";
	mso-padding-alt:0cm 5.4pt 0cm 5.4pt;
	mso-para-margin:0cm;
	mso-para-margin-bottom:.0001pt;
	mso-pagination:widow-orphan;
	font-size:10.0pt;
	font-family:""Times New Roman"";
	mso-ansi-language:#0400;
	mso-fareast-language:#0400;
	mso-bidi-language:#0400;}
</style>
<![endif]-->

<p class=""MsoNormal"" dir=""rtl"" style=""text-align: justify;""><span style=""font-family: &quot;Jameel Noori Nastaleeq&quot;;"" lang=""AR-SA"">میں
اور میرایک ا دوست سعودی عربیہ کے ایک کالج میں کام کرتے ہیں۔ ہم کو ہر سال دو مہینہ
کی چھٹی ملتی ہے۔ اس سال میں چھٹی میں پاکستان میں نہیں گیا، لیکن میرا دوست گیا
او راس نے اپنی کار کو اس کی بیٹری کو برقرار رکھنے کے لیے کار کو ہر ہفتہ اسٹارٹ
کرنے کے لیے تاکہ اس کی بیٹری ڈسٹارچ نہ ہوجائے میرے پاس چھوڑگیا۔مزید یہ کہ وہ
کار ایک دوسرے دوست کی پارکنگ میں کھڑی تھی اس لیے وہ میرے پاس کار کی چابی چھوڑ گیا۔
میں تقریباً ہر ہفتہ کار کو اسٹارٹ کرنے کا کام کرتا تھا اس کی بیٹری کو باقی
رکھنے کے لیے۔ میرے دوست کی آمدسے چند دن پہلے مجھ سے چابی گم ہوگئی۔میں نے سوچا
کہ میرے دوست کے پاس دوسری چابی ہوگی اس لیے ہم نقلی چابی بنوالیں گے اس کے آنے کے
بعد، لیکن بدقسمتی سے اس کی دوسری چابی نہیں تھی۔ آخر کار ہم کار کو چابی بنانے
والے کی دکان پر لے گئے جس نے مجھ سے سو ریال لیا اور اس کے بعد چابی بنانے والے
نے چار سو ریال چابی بنانے کا لیا۔جب ادائیگی کا وقت آتا ہے تو ہم دونوں پیسہ دینے
کی کوشش کرتے ہیں۔ آخر کار میں اس شرط کے ساتھ پیسہ ادا کرتا ہوں کہ ہم اپنے مذہب
کا طریقہ اختیار کریں گے۔ اب اس بارے میں آپ کا مشورہ درکار ہے (</span><span style=""font-family: &quot;Jameel Noori Nastaleeq&quot;;"" lang=""FA"">۱)</span><span style=""font-family: &quot;Jameel Noori Nastaleeq&quot;;"" lang=""AR-SA"">اس کی ادائیگی کون کرے
گا یا (</span><span style=""font-family: &quot;Jameel Noori Nastaleeq&quot;;"" lang=""FA"">۲)</span><span style=""font-family: &quot;Jameel Noori Nastaleeq&quot;;"" lang=""AR-SA"">ہر
ایک کو آدھا آدھا ادا کرنا ہوگا؟ (</span><span style=""font-family: &quot;Jameel Noori Nastaleeq&quot;;"" lang=""FA"">۳)</span><span style=""font-family: &quot;Jameel Noori Nastaleeq&quot;;"" lang=""AR-SA"">یا
اس کا کوئی اور حل ہے؟ <o:p></o:p></span></p>

</h2>
							<p class=""fatwa_answer""><span class=""ans_urdu_id""> جواب نمبر: 17195</span><span style=""color:#efefef;display:none;"" class=""answer_date_urdu"">01-Sep-2020 : تاریخ اشاعت </span></p>
							<p>بسم الله الرحمن الرحيم</p>
							<p> <meta http-equiv=""Content-Type"" content=""text/html; charset=utf-8""><meta name=""ProgId"" content=""Word.Document""><meta name=""Generator"" content=""Microsoft Word 11""><meta name=""Originator"" content=""Microsoft Word 11""><link rel=""File-List"" href=""file:///G:\DOCUME~1\ADMINI~1\LOCALS~1\Temp\msohtml1\01\clip_filelist.xml""><!--[if gte mso 9]><xml>
 <w:WordDocument>
  <w:View>Normal</w:View>
  <w:Zoom>0</w:Zoom>
  <w:PunctuationKerning/>
  <w:ValidateAgainstSchemas/>
  <w:SaveIfXMLInvalid>false</w:SaveIfXMLInvalid>
  <w:IgnoreMixedContent>false</w:IgnoreMixedContent>
  <w:AlwaysShowPlaceholderText>false</w:AlwaysShowPlaceholderText>
  <w:Compatibility>
   <w:BreakWrappedTables/>
   <w:SnapToGridInCell/>
   <w:WrapTextWithPunct/>
   <w:UseAsianBreakRules/>
   <w:DontGrowAutofit/>
  </w:Compatibility>
  <w:BrowserLevel>MicrosoftInternetExplorer4</w:BrowserLevel>
 </w:WordDocument>
</xml><![endif]--><!--[if gte mso 9]><xml>
 <w:LatentStyles DefLockedState=""false"" LatentStyleCount=""156"">
 </w:LatentStyles>
</xml><![endif]--><style>
<!--
 /* Font Definitions */
 @font-face
	{font-family:""Jameel Noori Nastaleeq"";
	panose-1:2 0 5 3 0 0 0 0 0 4;
	mso-font-charset:0;
	mso-generic-font-family:auto;
	mso-font-pitch:variable;
	mso-font-signature:-2147475449 0 0 0 65 0;}
 /* Style Definitions */
 p.MsoNormal, li.MsoNormal, div.MsoNormal
	{mso-style-parent:"""";
	margin:0cm;
	margin-bottom:.0001pt;
	text-align:right;
	mso-pagination:widow-orphan;
	direction:rtl;
	unicode-bidi:embed;
	font-size:12.0pt;
	font-family:""Times New Roman"";
	mso-fareast-font-family:""Times New Roman"";}
@page Section1
	{size:612.0pt 792.0pt;
	margin:72.0pt 90.0pt 72.0pt 90.0pt;
	mso-header-margin:36.0pt;
	mso-footer-margin:36.0pt;
	mso-paper-source:0;}
div.Section1
	{page:Section1;}
-->
</style><!--[if gte mso 10]>
<style>
 /* Style Definitions */
 table.MsoNormalTable
	{mso-style-name:""Table Normal"";
	mso-tstyle-rowband-size:0;
	mso-tstyle-colband-size:0;
	mso-style-noshow:yes;
	mso-style-parent:"""";
	mso-padding-alt:0cm 5.4pt 0cm 5.4pt;
	mso-para-margin:0cm;
	mso-para-margin-bottom:.0001pt;
	mso-pagination:widow-orphan;
	font-size:10.0pt;
	font-family:""Times New Roman"";
	mso-ansi-language:#0400;
	mso-fareast-language:#0400;
	mso-bidi-language:#0400;}
</style>
<![endif]-->

</p><p class=""MsoNormal"" dir=""rtl"" style=""text-align: justify;""><span style=""font-family: &quot;Jameel Noori Nastaleeq&quot;;"" lang=""AR-SA"">فتوی(ھ):2280=1832-12/1430</span></p>

<p class=""MsoNormal"" dir=""rtl"" style=""text-align: justify;""><span style=""font-family: &quot;Jameel Noori Nastaleeq&quot;;"" lang=""AR-SA""><o:p>&nbsp;</o:p></span></p>

<p class=""MsoNormal"" dir=""rtl"" style=""text-align: justify;""><span style=""font-family: &quot;Jameel Noori Nastaleeq&quot;;"" lang=""AR-SA"">اگر
چابی کی آ پنے حفاظت کی اور اس کے گم ہونے میں آپ کی غفلت کا کوئی دخل نہیں تو ایسی
صورت میں آپ پربسلسلہ چابی کوئی ضمان نہیں، اگر آپ نے غفلت برتی تو آپ ضامن ہوں
گے، اور کل رقم چابی کے حصول میں صرف شدہ آپ کی طرف سے ہوگی، ورنہ نہیں۔</span></p>

<p></p> 
							<br>
							<span style=""font-size:1.2em"">
								<p><strong>واللہ تعالیٰ اعلم</strong></p>
								<br class=""clear"">
								<p><strong>دارالافتاء،</strong><br>دارالعلوم دیوبند</p>
							</span>
						</li>
											</ul>
				</div>"
https://darulifta-deoband.com/home/ur/other-transactions/16479,میں ایک سرکاری ملازم ہوں اور دس سال تک نوکری کی۔ جوکچھ میں نے کمایا تھا میں نے اپنے والد کو د ے دیا تھا۔ میرے نام پر کوئی مکان نہیں ہے۔ میں نے اپنے والد کو تقریباً چھ لاکھ روپیہ نقد دیا ہے۔ میری شادی کے دس سال بعد تمام علاج کے باوجود بھی میرے کوئی اولاد نہیں ہے۔ اب میرے والد، میری بہن اور اس کا شوہر مجھ کو ، میری بیوی کو اور میرے ساس سسر کو گالی دیتے ہیں۔میرے والد صاحب نے مجھ کو دو مرتبہ پراپرٹی سے کوئی حصہ نہ دینے کی دھمکی دی ہے جس کو انھوں نے اوپر مذکور پیسہ سے خریدا ہے اور آبائی مکان سے۔ اکثر وہ مجھ کو دوسری شادی کرنے کے لیے مجبور کرتے ہیں، جو کہ سرکاری قانون کے مطابق جائز نہیں ہے۔ میرے نام پر حتی کہ ایک کمرہ کا بھی مکان نہیں ہے۔ اس بنیاد پر وہ مجھ کو گالی دیتے ہیں جس کی وجہ سے میں ذہنی طور پر مایوس ہوں اورذہنی ٹینشن کی وجہ سے اکثر بیمار پڑ جاتا ہوں۔برائے کرم مجھ کو درج ذیل پر فتوی عنایت فرماویں: (۱)کیا والد کو اپنے بچوں کو گالی دینے کا حق ہے؟ (۲)وہ ہمیشہ مجھ سے زیادہ سے زیادہ زمین خریدنے کو کہتے ہیں جیسے کہ بائیس لاکھ کا آم کا باغ، جس کو میں اپنی آمدنی سے نہیں خرید سکتاہوں۔ کیا ان کو اس کا حق ہے؟ ان کا یہ ماننا ہے کہ میرے پاس رشوت کی رقم ہوتی ہے، جب کہ حقیقت یہ ہے کہ میرے پاس رشوت کی رقم نہیں ہے؟....,"<h2><u> سوال: </u> <meta http-equiv=""Content-Type"" content=""text/html; charset=utf-8""><meta name=""ProgId"" content=""Word.Document""><meta name=""Generator"" content=""Microsoft Word 11""><meta name=""Originator"" content=""Microsoft Word 11""><link rel=""File-List"" href=""file:///G:\DOCUME~1\ADMINI~1\LOCALS~1\Temp\msohtml1\01\clip_filelist.xml""><!--[if gte mso 9]><xml>
 <w:WordDocument>
  <w:View>Normal</w:View>
  <w:Zoom>0</w:Zoom>
  <w:PunctuationKerning/>
  <w:ValidateAgainstSchemas/>
  <w:SaveIfXMLInvalid>false</w:SaveIfXMLInvalid>
  <w:IgnoreMixedContent>false</w:IgnoreMixedContent>
  <w:AlwaysShowPlaceholderText>false</w:AlwaysShowPlaceholderText>
  <w:Compatibility>
   <w:BreakWrappedTables/>
   <w:SnapToGridInCell/>
   <w:WrapTextWithPunct/>
   <w:UseAsianBreakRules/>
   <w:DontGrowAutofit/>
  </w:Compatibility>
  <w:BrowserLevel>MicrosoftInternetExplorer4</w:BrowserLevel>
 </w:WordDocument>
</xml><![endif]--><!--[if gte mso 9]><xml>
 <w:LatentStyles DefLockedState=""false"" LatentStyleCount=""156"">
 </w:LatentStyles>
</xml><![endif]--><style>
<!--
 /* Font Definitions */
 @font-face
	{font-family:""Jameel Noori Nastaleeq"";
	panose-1:2 0 5 3 0 0 0 0 0 4;
	mso-font-charset:0;
	mso-generic-font-family:auto;
	mso-font-pitch:variable;
	mso-font-signature:-2147475449 0 0 0 65 0;}
 /* Style Definitions */
 p.MsoNormal, li.MsoNormal, div.MsoNormal
	{mso-style-parent:"""";
	margin:0in;
	margin-bottom:.0001pt;
	text-align:right;
	mso-pagination:widow-orphan;
	direction:rtl;
	unicode-bidi:embed;
	font-size:12.0pt;
	font-family:""Times New Roman"";
	mso-fareast-font-family:""Times New Roman"";}
@page Section1
	{size:8.5in 11.0in;
	margin:1.0in 1.25in 1.0in 1.25in;
	mso-header-margin:.5in;
	mso-footer-margin:.5in;
	mso-paper-source:0;}
div.Section1
	{page:Section1;}
-->
</style><!--[if gte mso 10]>
<style>
 /* Style Definitions */
 table.MsoNormalTable
	{mso-style-name:""Table Normal"";
	mso-tstyle-rowband-size:0;
	mso-tstyle-colband-size:0;
	mso-style-noshow:yes;
	mso-style-parent:"""";
	mso-padding-alt:0in 5.4pt 0in 5.4pt;
	mso-para-margin:0in;
	mso-para-margin-bottom:.0001pt;
	mso-pagination:widow-orphan;
	font-size:10.0pt;
	font-family:""Times New Roman"";
	mso-ansi-language:#0400;
	mso-fareast-language:#0400;
	mso-bidi-language:#0400;}
</style>
<![endif]-->

<p class=""MsoNormal"" dir=""rtl"" style=""text-align: justify;""><span style=""font-family: &quot;Jameel Noori Nastaleeq&quot;;"" lang=""AR-SA"">میں
ایک سرکاری ملازم ہوں اور دس سال تک نوکری کی۔ جوکچھ میں نے کمایا تھا میں نے اپنے
والد کو د ے دیا تھا۔ میرے نام پر کوئی مکان نہیں ہے۔ میں نے اپنے والد کو تقریباً
چھ لاکھ روپیہ نقد دیا ہے۔ میری شادی کے دس سال بعد تمام علاج کے باوجود بھی میرے
کوئی اولاد نہیں ہے۔ اب میرے والد، میری بہن اور اس کا شوہر مجھ کو ، میری بیوی کو
اور میرے ساس سسر کو گالی دیتے ہیں۔میرے والد صاحب نے مجھ کو دو مرتبہ پراپرٹی سے
کوئی حصہ نہ دینے کی دھمکی دی ہے جس کو انھوں نے اوپر مذکور پیسہ سے خریدا ہے اور
آبائی مکان سے۔ اکثر وہ مجھ کو دوسری شادی کرنے کے لیے مجبور کرتے ہیں، جو کہ
سرکاری قانون کے مطابق جائز نہیں ہے۔ میرے نام پر حتی کہ ایک کمرہ کا بھی مکان
نہیں ہے۔ اس بنیاد پر وہ مجھ کو گالی دیتے ہیں جس کی وجہ سے میں ذہنی طور پر مایوس
ہوں اورذہنی ٹینشن کی وجہ سے اکثر بیمار پڑ جاتا ہوں۔برائے کرم مجھ کو درج ذیل پر
فتوی عنایت فرماویں: (</span><span style=""font-family: &quot;Jameel Noori Nastaleeq&quot;;"" lang=""FA"">۱)</span><span style=""font-family: &quot;Jameel Noori Nastaleeq&quot;;"" lang=""AR-SA"">کیا
والد کو اپنے بچوں کو گالی دینے کا حق ہے؟ (</span><span style=""font-family: &quot;Jameel Noori Nastaleeq&quot;;"" lang=""FA"">۲)</span><span style=""font-family: &quot;Jameel Noori Nastaleeq&quot;;"" lang=""AR-SA"">وہ ہمیشہ مجھ سے زیادہ
سے زیادہ زمین خریدنے کو کہتے ہیں جیسے کہ بائیس لاکھ کا آم کا باغ، جس کو میں
اپنی آمدنی سے نہیں خرید سکتاہوں۔ کیا ان کو اس کا حق ہے؟ ان کا یہ ماننا ہے کہ
میرے پاس رشوت کی رقم ہوتی ہے، جب کہ حقیقت یہ ہے کہ میرے پاس رشوت کی رقم نہیں
ہے؟ (</span><span style=""font-family: &quot;Jameel Noori Nastaleeq&quot;;"" lang=""FA"">۳)</span><span style=""font-family: &quot;Jameel Noori Nastaleeq&quot;;"" lang=""AR-SA"">میرے
والدین اور رشتہ دار مسلسل میری غیبت کرتے ہیں اورمجھ پر تہمت لگاتے ہیں۔کیا میں
ان کے خلاف مجھ کو ذہنی طور پر پریشان کرنے کے لیے پولیس میں شکایت درج کرواسکتا
ہوں؟اگر کوئی شخص تہمت کو ثابت نہیں کرسکتا ہے گواہوں کے ذریعہ سے تو اس کی شریعت
کے مطابق کیا سزا ہے؟ والسلام<o:p></o:p></span></p>

</h2>","<p>بسم الله الرحمن الرحيم</p><p> <meta http-equiv=""Content-Type"" content=""text/html; charset=utf-8""><meta name=""ProgId"" content=""Word.Document""><meta name=""Generator"" content=""Microsoft Word 11""><meta name=""Originator"" content=""Microsoft Word 11""><link rel=""File-List"" href=""file:///G:\DOCUME~1\ADMINI~1\LOCALS~1\Temp\msohtml1\01\clip_filelist.xml""><!--[if gte mso 9]><xml>
 <w:WordDocument>
  <w:View>Normal</w:View>
  <w:Zoom>0</w:Zoom>
  <w:PunctuationKerning/>
  <w:ValidateAgainstSchemas/>
  <w:SaveIfXMLInvalid>false</w:SaveIfXMLInvalid>
  <w:IgnoreMixedContent>false</w:IgnoreMixedContent>
  <w:AlwaysShowPlaceholderText>false</w:AlwaysShowPlaceholderText>
  <w:Compatibility>
   <w:BreakWrappedTables/>
   <w:SnapToGridInCell/>
   <w:WrapTextWithPunct/>
   <w:UseAsianBreakRules/>
   <w:DontGrowAutofit/>
  </w:Compatibility>
  <w:BrowserLevel>MicrosoftInternetExplorer4</w:BrowserLevel>
 </w:WordDocument>
</xml><![endif]--><!--[if gte mso 9]><xml>
 <w:LatentStyles DefLockedState=""false"" LatentStyleCount=""156"">
 </w:LatentStyles>
</xml><![endif]--><style>
<!--
 /* Font Definitions */
 @font-face
	{font-family:""Jameel Noori Nastaleeq"";
	panose-1:2 0 5 3 0 0 0 0 0 4;
	mso-font-charset:0;
	mso-generic-font-family:auto;
	mso-font-pitch:variable;
	mso-font-signature:-2147475449 0 0 0 65 0;}
 /* Style Definitions */
 p.MsoNormal, li.MsoNormal, div.MsoNormal
	{mso-style-parent:"""";
	margin:0in;
	margin-bottom:.0001pt;
	text-align:right;
	mso-pagination:widow-orphan;
	direction:rtl;
	unicode-bidi:embed;
	font-size:12.0pt;
	font-family:""Times New Roman"";
	mso-fareast-font-family:""Times New Roman"";}
@page Section1
	{size:8.5in 11.0in;
	margin:1.0in 1.25in 1.0in 1.25in;
	mso-header-margin:.5in;
	mso-footer-margin:.5in;
	mso-paper-source:0;}
div.Section1
	{page:Section1;}
-->
</style><!--[if gte mso 10]>
<style>
 /* Style Definitions */
 table.MsoNormalTable
	{mso-style-name:""Table Normal"";
	mso-tstyle-rowband-size:0;
	mso-tstyle-colband-size:0;
	mso-style-noshow:yes;
	mso-style-parent:"""";
	mso-padding-alt:0in 5.4pt 0in 5.4pt;
	mso-para-margin:0in;
	mso-para-margin-bottom:.0001pt;
	mso-pagination:widow-orphan;
	font-size:10.0pt;
	font-family:""Times New Roman"";
	mso-ansi-language:#0400;
	mso-fareast-language:#0400;
	mso-bidi-language:#0400;}
</style>
<![endif]-->

</p><p class=""MsoNormal"" dir=""rtl"" style=""text-align: justify;""><span style=""font-family: &quot;Jameel Noori Nastaleeq&quot;;"" lang=""AR-SA"">فتوی(ب):1658=1532-11/1430</span></p><p class=""MsoNormal"" dir=""rtl"" style=""text-align: justify;""><span style=""font-family: &quot;Jameel Noori Nastaleeq&quot;;"" lang=""AR-SA""><o:p>&nbsp;</o:p></span></p><p class=""MsoNormal"" dir=""rtl"" style=""text-align: justify;""><span style=""font-family: &quot;Jameel Noori Nastaleeq&quot;;"" lang=""AR-SA"">آپ
سے بنیادی غلطی یہ ہوئی کہ آپ نے اپنی ساری کمائی اپنے والد صاحب کو دیدی حالانکہ
والدین کے کھانے کپڑے میں ماہانہ جس قدر ضرورت پڑتی ہے اتنی ہی مقدار آپ پر دینا
فرض تھا۔ بقیہ پیسے بچاکر آپ اپنے لیے کوئی زمین علاحدہ سے اپنے نام خریدتے اور
مکان بنواتے۔ تو یہ مایوسی کے دن نہ دیکھنے پڑتے، بہرحال اب سے بھی آپ ایسا کرسکتے
ہیں تو کرلیجیے۔ والد صاحب کا اپنے بچوں کو گالی دینا ہرگز جائز نہیں نہ ہی 22
لاکھ آموں کے باغ کے لیے زمین خریدنے پر زور دینا جائز ہے۔ نہ ہی ان کا غیبت کرنا
اور تہمت لگانا جائز ہے۔ لیکن ان سب کے باوجود اپنے باپ کے خلاف پولیس میں شکایت
درج کرانا، یا ان کے لیے اس کی سزا تجویز کرنا جائز نہیں۔ آپ صبر سے کام لیں۔ اس
مکان میں رہنا ذہنی کوفت کا ذریعہ ہو تو علاحدہ مکان کرایہ پر لے کر رہیں۔ اور
اپنا ذاتی مکان بنانے کی فکر ضرور کریں۔</span></p><p></p><br><span style=""font-size:1.2em"">
								<p><strong>واللہ تعالیٰ اعلم</strong></p>
								<br class=""clear"">
								<p><strong>دارالافتاء،</strong><br>دارالعلوم دیوبند</p>
							</span>",31-Aug-2020,16479,darulifta-deoband.com,معاملات,دیگر معاملات,"<div id=""recent_fatwas"" class=""container tab-pane active""><br>
					<ul class=""answer_detail"">
												<li>
																					<div class=""cate_sec"">
								<p class=""category_name"">
									<span>
										معاملات									</span> 
									&gt;&gt; 
									<span>
																		<a href=""https://darulifta-deoband.com/ur/category/n-a/Mzg="">دیگر معاملات</a>
									</span>
								</p>
								<p class=""quesid""><span class=""anser_id_urdu""> سوال نمبر: 16479</span><!--<span class=""country_urdu"">  : ملک</span> --></p>
							</div>
							<h2><u> عنوان:</u> <meta http-equiv=""Content-Type"" content=""text/html; charset=utf-8""><meta name=""ProgId"" content=""Word.Document""><meta name=""Generator"" content=""Microsoft Word 11""><meta name=""Originator"" content=""Microsoft Word 11""><link rel=""File-List"" href=""file:///G:\DOCUME~1\ADMINI~1\LOCALS~1\Temp\msohtml1\01\clip_filelist.xml""><!--[if gte mso 9]><xml>
 <w:WordDocument>
  <w:View>Normal</w:View>
  <w:Zoom>0</w:Zoom>
  <w:PunctuationKerning/>
  <w:ValidateAgainstSchemas/>
  <w:SaveIfXMLInvalid>false</w:SaveIfXMLInvalid>
  <w:IgnoreMixedContent>false</w:IgnoreMixedContent>
  <w:AlwaysShowPlaceholderText>false</w:AlwaysShowPlaceholderText>
  <w:Compatibility>
   <w:BreakWrappedTables/>
   <w:SnapToGridInCell/>
   <w:WrapTextWithPunct/>
   <w:UseAsianBreakRules/>
   <w:DontGrowAutofit/>
  </w:Compatibility>
  <w:BrowserLevel>MicrosoftInternetExplorer4</w:BrowserLevel>
 </w:WordDocument>
</xml><![endif]--><!--[if gte mso 9]><xml>
 <w:LatentStyles DefLockedState=""false"" LatentStyleCount=""156"">
 </w:LatentStyles>
</xml><![endif]--><style>
<!--
 /* Font Definitions */
 @font-face
	{font-family:""Jameel Noori Nastaleeq"";
	panose-1:2 0 5 3 0 0 0 0 0 4;
	mso-font-charset:0;
	mso-generic-font-family:auto;
	mso-font-pitch:variable;
	mso-font-signature:-2147475449 0 0 0 65 0;}
 /* Style Definitions */
 p.MsoNormal, li.MsoNormal, div.MsoNormal
	{mso-style-parent:"""";
	margin:0in;
	margin-bottom:.0001pt;
	text-align:right;
	mso-pagination:widow-orphan;
	direction:rtl;
	unicode-bidi:embed;
	font-size:12.0pt;
	font-family:""Times New Roman"";
	mso-fareast-font-family:""Times New Roman"";}
@page Section1
	{size:8.5in 11.0in;
	margin:1.0in 1.25in 1.0in 1.25in;
	mso-header-margin:.5in;
	mso-footer-margin:.5in;
	mso-paper-source:0;}
div.Section1
	{page:Section1;}
-->
</style><!--[if gte mso 10]>
<style>
 /* Style Definitions */
 table.MsoNormalTable
	{mso-style-name:""Table Normal"";
	mso-tstyle-rowband-size:0;
	mso-tstyle-colband-size:0;
	mso-style-noshow:yes;
	mso-style-parent:"""";
	mso-padding-alt:0in 5.4pt 0in 5.4pt;
	mso-para-margin:0in;
	mso-para-margin-bottom:.0001pt;
	mso-pagination:widow-orphan;
	font-size:10.0pt;
	font-family:""Times New Roman"";
	mso-ansi-language:#0400;
	mso-fareast-language:#0400;
	mso-bidi-language:#0400;}
</style>
<![endif]-->

<p class=""MsoNormal"" dir=""rtl"" style=""text-align: justify;""><span style=""font-family: &quot;Jameel Noori Nastaleeq&quot;;"" lang=""AR-SA"">میں
ایک سرکاری ملازم ہوں اور دس سال تک نوکری کی۔ جوکچھ میں نے کمایا تھا میں نے اپنے
والد کو د ے دیا تھا۔ میرے نام پر کوئی مکان نہیں ہے۔ میں نے اپنے والد کو تقریباً
چھ لاکھ روپیہ نقد دیا ہے۔ میری شادی کے دس سال بعد تمام علاج کے باوجود بھی میرے
کوئی اولاد نہیں ہے۔ اب میرے والد، میری بہن اور اس کا شوہر مجھ کو ، میری بیوی کو
اور میرے ساس سسر کو گالی دیتے ہیں۔میرے والد صاحب نے مجھ کو دو مرتبہ پراپرٹی سے
کوئی حصہ نہ دینے کی دھمکی دی ہے جس کو انھوں نے اوپر مذکور پیسہ سے خریدا ہے اور
آبائی مکان سے۔ اکثر وہ مجھ کو دوسری شادی کرنے کے لیے مجبور کرتے ہیں، جو کہ
سرکاری قانون کے مطابق جائز نہیں ہے۔ میرے نام پر حتی کہ ایک کمرہ کا بھی مکان
نہیں ہے۔ اس بنیاد پر وہ مجھ کو گالی دیتے ہیں جس کی وجہ سے میں ذہنی طور پر مایوس
ہوں اورذہنی ٹینشن کی وجہ سے اکثر بیمار پڑ جاتا ہوں۔برائے کرم مجھ کو درج ذیل پر
فتوی عنایت فرماویں: (</span><span style=""font-family: &quot;Jameel Noori Nastaleeq&quot;;"" lang=""FA"">۱)</span><span style=""font-family: &quot;Jameel Noori Nastaleeq&quot;;"" lang=""AR-SA"">کیا
والد کو اپنے بچوں کو گالی دینے کا حق ہے؟ (</span><span style=""font-family: &quot;Jameel Noori Nastaleeq&quot;;"" lang=""FA"">۲)</span><span style=""font-family: &quot;Jameel Noori Nastaleeq&quot;;"" lang=""AR-SA"">وہ ہمیشہ مجھ سے زیادہ
سے زیادہ زمین خریدنے کو کہتے ہیں جیسے کہ بائیس لاکھ کا آم کا باغ، جس کو میں
اپنی آمدنی سے نہیں خرید سکتاہوں۔ کیا ان کو اس کا حق ہے؟ ان کا یہ ماننا ہے کہ
میرے پاس رشوت کی رقم ہوتی ہے، جب کہ حقیقت یہ ہے کہ میرے پاس رشوت کی رقم نہیں
ہے؟....</span><span style=""font-family: &quot;Jameel Noori Nastaleeq&quot;;"" lang=""AR-SA""><o:p></o:p></span></p>

</h2>
							<h2><u> سوال: </u> <meta http-equiv=""Content-Type"" content=""text/html; charset=utf-8""><meta name=""ProgId"" content=""Word.Document""><meta name=""Generator"" content=""Microsoft Word 11""><meta name=""Originator"" content=""Microsoft Word 11""><link rel=""File-List"" href=""file:///G:\DOCUME~1\ADMINI~1\LOCALS~1\Temp\msohtml1\01\clip_filelist.xml""><!--[if gte mso 9]><xml>
 <w:WordDocument>
  <w:View>Normal</w:View>
  <w:Zoom>0</w:Zoom>
  <w:PunctuationKerning/>
  <w:ValidateAgainstSchemas/>
  <w:SaveIfXMLInvalid>false</w:SaveIfXMLInvalid>
  <w:IgnoreMixedContent>false</w:IgnoreMixedContent>
  <w:AlwaysShowPlaceholderText>false</w:AlwaysShowPlaceholderText>
  <w:Compatibility>
   <w:BreakWrappedTables/>
   <w:SnapToGridInCell/>
   <w:WrapTextWithPunct/>
   <w:UseAsianBreakRules/>
   <w:DontGrowAutofit/>
  </w:Compatibility>
  <w:BrowserLevel>MicrosoftInternetExplorer4</w:BrowserLevel>
 </w:WordDocument>
</xml><![endif]--><!--[if gte mso 9]><xml>
 <w:LatentStyles DefLockedState=""false"" LatentStyleCount=""156"">
 </w:LatentStyles>
</xml><![endif]--><style>
<!--
 /* Font Definitions */
 @font-face
	{font-family:""Jameel Noori Nastaleeq"";
	panose-1:2 0 5 3 0 0 0 0 0 4;
	mso-font-charset:0;
	mso-generic-font-family:auto;
	mso-font-pitch:variable;
	mso-font-signature:-2147475449 0 0 0 65 0;}
 /* Style Definitions */
 p.MsoNormal, li.MsoNormal, div.MsoNormal
	{mso-style-parent:"""";
	margin:0in;
	margin-bottom:.0001pt;
	text-align:right;
	mso-pagination:widow-orphan;
	direction:rtl;
	unicode-bidi:embed;
	font-size:12.0pt;
	font-family:""Times New Roman"";
	mso-fareast-font-family:""Times New Roman"";}
@page Section1
	{size:8.5in 11.0in;
	margin:1.0in 1.25in 1.0in 1.25in;
	mso-header-margin:.5in;
	mso-footer-margin:.5in;
	mso-paper-source:0;}
div.Section1
	{page:Section1;}
-->
</style><!--[if gte mso 10]>
<style>
 /* Style Definitions */
 table.MsoNormalTable
	{mso-style-name:""Table Normal"";
	mso-tstyle-rowband-size:0;
	mso-tstyle-colband-size:0;
	mso-style-noshow:yes;
	mso-style-parent:"""";
	mso-padding-alt:0in 5.4pt 0in 5.4pt;
	mso-para-margin:0in;
	mso-para-margin-bottom:.0001pt;
	mso-pagination:widow-orphan;
	font-size:10.0pt;
	font-family:""Times New Roman"";
	mso-ansi-language:#0400;
	mso-fareast-language:#0400;
	mso-bidi-language:#0400;}
</style>
<![endif]-->

<p class=""MsoNormal"" dir=""rtl"" style=""text-align: justify;""><span style=""font-family: &quot;Jameel Noori Nastaleeq&quot;;"" lang=""AR-SA"">میں
ایک سرکاری ملازم ہوں اور دس سال تک نوکری کی۔ جوکچھ میں نے کمایا تھا میں نے اپنے
والد کو د ے دیا تھا۔ میرے نام پر کوئی مکان نہیں ہے۔ میں نے اپنے والد کو تقریباً
چھ لاکھ روپیہ نقد دیا ہے۔ میری شادی کے دس سال بعد تمام علاج کے باوجود بھی میرے
کوئی اولاد نہیں ہے۔ اب میرے والد، میری بہن اور اس کا شوہر مجھ کو ، میری بیوی کو
اور میرے ساس سسر کو گالی دیتے ہیں۔میرے والد صاحب نے مجھ کو دو مرتبہ پراپرٹی سے
کوئی حصہ نہ دینے کی دھمکی دی ہے جس کو انھوں نے اوپر مذکور پیسہ سے خریدا ہے اور
آبائی مکان سے۔ اکثر وہ مجھ کو دوسری شادی کرنے کے لیے مجبور کرتے ہیں، جو کہ
سرکاری قانون کے مطابق جائز نہیں ہے۔ میرے نام پر حتی کہ ایک کمرہ کا بھی مکان
نہیں ہے۔ اس بنیاد پر وہ مجھ کو گالی دیتے ہیں جس کی وجہ سے میں ذہنی طور پر مایوس
ہوں اورذہنی ٹینشن کی وجہ سے اکثر بیمار پڑ جاتا ہوں۔برائے کرم مجھ کو درج ذیل پر
فتوی عنایت فرماویں: (</span><span style=""font-family: &quot;Jameel Noori Nastaleeq&quot;;"" lang=""FA"">۱)</span><span style=""font-family: &quot;Jameel Noori Nastaleeq&quot;;"" lang=""AR-SA"">کیا
والد کو اپنے بچوں کو گالی دینے کا حق ہے؟ (</span><span style=""font-family: &quot;Jameel Noori Nastaleeq&quot;;"" lang=""FA"">۲)</span><span style=""font-family: &quot;Jameel Noori Nastaleeq&quot;;"" lang=""AR-SA"">وہ ہمیشہ مجھ سے زیادہ
سے زیادہ زمین خریدنے کو کہتے ہیں جیسے کہ بائیس لاکھ کا آم کا باغ، جس کو میں
اپنی آمدنی سے نہیں خرید سکتاہوں۔ کیا ان کو اس کا حق ہے؟ ان کا یہ ماننا ہے کہ
میرے پاس رشوت کی رقم ہوتی ہے، جب کہ حقیقت یہ ہے کہ میرے پاس رشوت کی رقم نہیں
ہے؟ (</span><span style=""font-family: &quot;Jameel Noori Nastaleeq&quot;;"" lang=""FA"">۳)</span><span style=""font-family: &quot;Jameel Noori Nastaleeq&quot;;"" lang=""AR-SA"">میرے
والدین اور رشتہ دار مسلسل میری غیبت کرتے ہیں اورمجھ پر تہمت لگاتے ہیں۔کیا میں
ان کے خلاف مجھ کو ذہنی طور پر پریشان کرنے کے لیے پولیس میں شکایت درج کرواسکتا
ہوں؟اگر کوئی شخص تہمت کو ثابت نہیں کرسکتا ہے گواہوں کے ذریعہ سے تو اس کی شریعت
کے مطابق کیا سزا ہے؟ والسلام<o:p></o:p></span></p>

</h2>
							<p class=""fatwa_answer""><span class=""ans_urdu_id""> جواب نمبر: 16479</span><span style=""color:#efefef;display:none;"" class=""answer_date_urdu"">31-Aug-2020 : تاریخ اشاعت </span></p>
							<p>بسم الله الرحمن الرحيم</p>
							<p> <meta http-equiv=""Content-Type"" content=""text/html; charset=utf-8""><meta name=""ProgId"" content=""Word.Document""><meta name=""Generator"" content=""Microsoft Word 11""><meta name=""Originator"" content=""Microsoft Word 11""><link rel=""File-List"" href=""file:///G:\DOCUME~1\ADMINI~1\LOCALS~1\Temp\msohtml1\01\clip_filelist.xml""><!--[if gte mso 9]><xml>
 <w:WordDocument>
  <w:View>Normal</w:View>
  <w:Zoom>0</w:Zoom>
  <w:PunctuationKerning/>
  <w:ValidateAgainstSchemas/>
  <w:SaveIfXMLInvalid>false</w:SaveIfXMLInvalid>
  <w:IgnoreMixedContent>false</w:IgnoreMixedContent>
  <w:AlwaysShowPlaceholderText>false</w:AlwaysShowPlaceholderText>
  <w:Compatibility>
   <w:BreakWrappedTables/>
   <w:SnapToGridInCell/>
   <w:WrapTextWithPunct/>
   <w:UseAsianBreakRules/>
   <w:DontGrowAutofit/>
  </w:Compatibility>
  <w:BrowserLevel>MicrosoftInternetExplorer4</w:BrowserLevel>
 </w:WordDocument>
</xml><![endif]--><!--[if gte mso 9]><xml>
 <w:LatentStyles DefLockedState=""false"" LatentStyleCount=""156"">
 </w:LatentStyles>
</xml><![endif]--><style>
<!--
 /* Font Definitions */
 @font-face
	{font-family:""Jameel Noori Nastaleeq"";
	panose-1:2 0 5 3 0 0 0 0 0 4;
	mso-font-charset:0;
	mso-generic-font-family:auto;
	mso-font-pitch:variable;
	mso-font-signature:-2147475449 0 0 0 65 0;}
 /* Style Definitions */
 p.MsoNormal, li.MsoNormal, div.MsoNormal
	{mso-style-parent:"""";
	margin:0in;
	margin-bottom:.0001pt;
	text-align:right;
	mso-pagination:widow-orphan;
	direction:rtl;
	unicode-bidi:embed;
	font-size:12.0pt;
	font-family:""Times New Roman"";
	mso-fareast-font-family:""Times New Roman"";}
@page Section1
	{size:8.5in 11.0in;
	margin:1.0in 1.25in 1.0in 1.25in;
	mso-header-margin:.5in;
	mso-footer-margin:.5in;
	mso-paper-source:0;}
div.Section1
	{page:Section1;}
-->
</style><!--[if gte mso 10]>
<style>
 /* Style Definitions */
 table.MsoNormalTable
	{mso-style-name:""Table Normal"";
	mso-tstyle-rowband-size:0;
	mso-tstyle-colband-size:0;
	mso-style-noshow:yes;
	mso-style-parent:"""";
	mso-padding-alt:0in 5.4pt 0in 5.4pt;
	mso-para-margin:0in;
	mso-para-margin-bottom:.0001pt;
	mso-pagination:widow-orphan;
	font-size:10.0pt;
	font-family:""Times New Roman"";
	mso-ansi-language:#0400;
	mso-fareast-language:#0400;
	mso-bidi-language:#0400;}
</style>
<![endif]-->

</p><p class=""MsoNormal"" dir=""rtl"" style=""text-align: justify;""><span style=""font-family: &quot;Jameel Noori Nastaleeq&quot;;"" lang=""AR-SA"">فتوی(ب):1658=1532-11/1430</span></p>

<p class=""MsoNormal"" dir=""rtl"" style=""text-align: justify;""><span style=""font-family: &quot;Jameel Noori Nastaleeq&quot;;"" lang=""AR-SA""><o:p>&nbsp;</o:p></span></p>

<p class=""MsoNormal"" dir=""rtl"" style=""text-align: justify;""><span style=""font-family: &quot;Jameel Noori Nastaleeq&quot;;"" lang=""AR-SA"">آپ
سے بنیادی غلطی یہ ہوئی کہ آپ نے اپنی ساری کمائی اپنے والد صاحب کو دیدی حالانکہ
والدین کے کھانے کپڑے میں ماہانہ جس قدر ضرورت پڑتی ہے اتنی ہی مقدار آپ پر دینا
فرض تھا۔ بقیہ پیسے بچاکر آپ اپنے لیے کوئی زمین علاحدہ سے اپنے نام خریدتے اور
مکان بنواتے۔ تو یہ مایوسی کے دن نہ دیکھنے پڑتے، بہرحال اب سے بھی آپ ایسا کرسکتے
ہیں تو کرلیجیے۔ والد صاحب کا اپنے بچوں کو گالی دینا ہرگز جائز نہیں نہ ہی 22
لاکھ آموں کے باغ کے لیے زمین خریدنے پر زور دینا جائز ہے۔ نہ ہی ان کا غیبت کرنا
اور تہمت لگانا جائز ہے۔ لیکن ان سب کے باوجود اپنے باپ کے خلاف پولیس میں شکایت
درج کرانا، یا ان کے لیے اس کی سزا تجویز کرنا جائز نہیں۔ آپ صبر سے کام لیں۔ اس
مکان میں رہنا ذہنی کوفت کا ذریعہ ہو تو علاحدہ مکان کرایہ پر لے کر رہیں۔ اور
اپنا ذاتی مکان بنانے کی فکر ضرور کریں۔</span></p>

<p></p> 
							<br>
							<span style=""font-size:1.2em"">
								<p><strong>واللہ تعالیٰ اعلم</strong></p>
								<br class=""clear"">
								<p><strong>دارالافتاء،</strong><br>دارالعلوم دیوبند</p>
							</span>
						</li>
											</ul>
				</div>"
https://darulifta-deoband.com/home/ur/other-transactions/16200,میں اپنے ایک رشتہ دار کی شادی میں شرکت کرنے کے لیے دوسرے شہر گیا۔ وہاں میں نے اپنی زوجہ کا سونا گھر کے مالک کو امانت دیا کہ وہ اپنی الماری کے لاکر میں اسے رکھے۔ کچھ دن بعد گھر کے مالک نے ایک ملازمہ رکھا، تو میری امی نے گھر کے مالک سے کہا کہ اس ملازمہ کا آئی ڈی کارڈ لو اور کسی کو ساتھ بھیج کر اس کا گھر بھی دیکھ لو کیوں کہ آج کل کسی کا اعتبار نہیں۔ لیکن گھر کے مالک نے سنی ان سنی کردی۔ تو دس دن کے اندر اس ملازمہ نے تمام زیور چوری کرلیے۔ اب میں اپنے زیور کا مطالبہ کرتی ہوں تو گھر کا مالک دینے سے انکار کرتا ہے۔ یاد رہے کہ اس سے پہلے بھی ان کی ایک او رملازمہ ان کے گھر چوری کرچکی ہے، اس کے باوجود مالک نے اتنی بڑی لاپرواہی کی۔ آپ بتائیں کہ میرا مطالبہ درست ہے یا نہیں؟,"<h2><u> سوال: </u> <meta http-equiv=""Content-Type"" content=""text/html; charset=utf-8""><meta name=""ProgId"" content=""Word.Document""><meta name=""Generator"" content=""Microsoft Word 11""><meta name=""Originator"" content=""Microsoft Word 11""><link rel=""File-List"" href=""file:///G:\DOCUME~1\ADMINI~1\LOCALS~1\Temp\msohtml1\03\clip_filelist.xml""><!--[if gte mso 9]><xml>
 <w:WordDocument>
  <w:View>Normal</w:View>
  <w:Zoom>0</w:Zoom>
  <w:PunctuationKerning/>
  <w:ValidateAgainstSchemas/>
  <w:SaveIfXMLInvalid>false</w:SaveIfXMLInvalid>
  <w:IgnoreMixedContent>false</w:IgnoreMixedContent>
  <w:AlwaysShowPlaceholderText>false</w:AlwaysShowPlaceholderText>
  <w:Compatibility>
   <w:BreakWrappedTables/>
   <w:SnapToGridInCell/>
   <w:WrapTextWithPunct/>
   <w:UseAsianBreakRules/>
   <w:DontGrowAutofit/>
  </w:Compatibility>
  <w:BrowserLevel>MicrosoftInternetExplorer4</w:BrowserLevel>
 </w:WordDocument>
</xml><![endif]--><!--[if gte mso 9]><xml>
 <w:LatentStyles DefLockedState=""false"" LatentStyleCount=""156"">
 </w:LatentStyles>
</xml><![endif]--><style>
<!--
 /* Font Definitions */
 @font-face
	{font-family:""Jameel Noori Nastaleeq"";
	panose-1:2 0 5 3 0 0 0 0 0 4;
	mso-font-charset:0;
	mso-generic-font-family:auto;
	mso-font-pitch:variable;
	mso-font-signature:-2147475449 0 0 0 65 0;}
 /* Style Definitions */
 p.MsoNormal, li.MsoNormal, div.MsoNormal
	{mso-style-parent:"""";
	margin:0cm;
	margin-bottom:.0001pt;
	text-align:right;
	mso-pagination:widow-orphan;
	direction:rtl;
	unicode-bidi:embed;
	font-size:12.0pt;
	font-family:""Times New Roman"";
	mso-fareast-font-family:""Times New Roman"";}
@page Section1
	{size:612.0pt 792.0pt;
	margin:72.0pt 90.0pt 72.0pt 90.0pt;
	mso-header-margin:36.0pt;
	mso-footer-margin:36.0pt;
	mso-paper-source:0;}
div.Section1
	{page:Section1;}
-->
</style><!--[if gte mso 10]>
<style>
 /* Style Definitions */
 table.MsoNormalTable
	{mso-style-name:""Table Normal"";
	mso-tstyle-rowband-size:0;
	mso-tstyle-colband-size:0;
	mso-style-noshow:yes;
	mso-style-parent:"""";
	mso-padding-alt:0cm 5.4pt 0cm 5.4pt;
	mso-para-margin:0cm;
	mso-para-margin-bottom:.0001pt;
	mso-pagination:widow-orphan;
	font-size:10.0pt;
	font-family:""Times New Roman"";
	mso-ansi-language:#0400;
	mso-fareast-language:#0400;
	mso-bidi-language:#0400;}
</style>
<![endif]-->

<p class=""MsoNormal"" dir=""rtl"" style=""text-align: justify;""><span style=""font-family: &quot;Jameel Noori Nastaleeq&quot;;"" lang=""AR-SA"">میں
اپنے ایک رشتہ دار کی شادی میں شرکت کرنے کے لیے دوسرے شہر گیا۔ وہاں میں نے اپنی
زوجہ کا سونا گھر کے مالک کو امانت دیا کہ وہ اپنی الماری کے لاکر میں اسے رکھے۔
کچھ دن بعد گھر کے مالک نے ایک ملازمہ رکھا، تو میری امی نے گھر کے مالک سے کہا کہ
اس ملازمہ کا آئی ڈی کارڈ لو اور کسی کو ساتھ بھیج کر اس کا گھر بھی دیکھ لو کیوں
کہ آج کل کسی کا اعتبار نہیں۔ لیکن گھر کے مالک نے سنی ان سنی کردی۔ تو دس دن کے
اندر اس ملازمہ نے تمام زیور چوری کرلیے۔ اب میں اپنے زیور کا مطالبہ کرتی ہوں تو
گھر کا مالک دینے سے انکار کرتا ہے۔ یاد رہے کہ اس سے پہلے بھی ان کی ایک او رملازمہ
ان کے گھر چوری کرچکی ہے، اس کے باوجود مالک نے اتنی بڑی لاپرواہی کی۔ آپ بتائیں
کہ میرا مطالبہ درست ہے یا نہیں؟<o:p></o:p></span></p>

</h2>","<p>بسم الله الرحمن الرحيم</p><p> <meta http-equiv=""Content-Type"" content=""text/html; charset=utf-8""><meta name=""ProgId"" content=""Word.Document""><meta name=""Generator"" content=""Microsoft Word 11""><meta name=""Originator"" content=""Microsoft Word 11""><link rel=""File-List"" href=""file:///G:\DOCUME~1\ADMINI~1\LOCALS~1\Temp\msohtml1\03\clip_filelist.xml""><!--[if gte mso 9]><xml>
 <w:WordDocument>
  <w:View>Normal</w:View>
  <w:Zoom>0</w:Zoom>
  <w:PunctuationKerning/>
  <w:ValidateAgainstSchemas/>
  <w:SaveIfXMLInvalid>false</w:SaveIfXMLInvalid>
  <w:IgnoreMixedContent>false</w:IgnoreMixedContent>
  <w:AlwaysShowPlaceholderText>false</w:AlwaysShowPlaceholderText>
  <w:Compatibility>
   <w:BreakWrappedTables/>
   <w:SnapToGridInCell/>
   <w:WrapTextWithPunct/>
   <w:UseAsianBreakRules/>
   <w:DontGrowAutofit/>
  </w:Compatibility>
  <w:BrowserLevel>MicrosoftInternetExplorer4</w:BrowserLevel>
 </w:WordDocument>
</xml><![endif]--><!--[if gte mso 9]><xml>
 <w:LatentStyles DefLockedState=""false"" LatentStyleCount=""156"">
 </w:LatentStyles>
</xml><![endif]--><style>
<!--
 /* Font Definitions */
 @font-face
	{font-family:""Jameel Noori Nastaleeq"";
	panose-1:2 0 5 3 0 0 0 0 0 4;
	mso-font-charset:0;
	mso-generic-font-family:auto;
	mso-font-pitch:variable;
	mso-font-signature:-2147475449 0 0 0 65 0;}
 /* Style Definitions */
 p.MsoNormal, li.MsoNormal, div.MsoNormal
	{mso-style-parent:"""";
	margin:0cm;
	margin-bottom:.0001pt;
	text-align:right;
	mso-pagination:widow-orphan;
	direction:rtl;
	unicode-bidi:embed;
	font-size:12.0pt;
	font-family:""Times New Roman"";
	mso-fareast-font-family:""Times New Roman"";}
@page Section1
	{size:612.0pt 792.0pt;
	margin:72.0pt 90.0pt 72.0pt 90.0pt;
	mso-header-margin:36.0pt;
	mso-footer-margin:36.0pt;
	mso-paper-source:0;}
div.Section1
	{page:Section1;}
-->
</style><!--[if gte mso 10]>
<style>
 /* Style Definitions */
 table.MsoNormalTable
	{mso-style-name:""Table Normal"";
	mso-tstyle-rowband-size:0;
	mso-tstyle-colband-size:0;
	mso-style-noshow:yes;
	mso-style-parent:"""";
	mso-padding-alt:0cm 5.4pt 0cm 5.4pt;
	mso-para-margin:0cm;
	mso-para-margin-bottom:.0001pt;
	mso-pagination:widow-orphan;
	font-size:10.0pt;
	font-family:""Times New Roman"";
	mso-ansi-language:#0400;
	mso-fareast-language:#0400;
	mso-bidi-language:#0400;}
</style>
<![endif]-->

</p><p class=""MsoNormal"" dir=""rtl"" style=""text-align: justify;""><span style=""font-family: &quot;Jameel Noori Nastaleeq&quot;;"" lang=""AR-SA"">فتوی(د):1778=261</span><span dir=""ltr"" style=""font-family: &quot;Jameel Noori Nastaleeq&quot;;"">k-10/1430</span><span style=""font-family: &quot;Jameel Noori Nastaleeq&quot;;"" lang=""AR-SA""></span></p><p class=""MsoNormal"" dir=""rtl"" style=""text-align: justify;""><span style=""font-family: &quot;Jameel Noori Nastaleeq&quot;;"" lang=""AR-SA""><o:p>&nbsp;</o:p></span></p><p class=""MsoNormal"" dir=""rtl"" style=""text-align: justify;""><span style=""font-family: &quot;Jameel Noori Nastaleeq&quot;;"" lang=""AR-SA"">جب
اس مالکہ کے گھر کی ملازم پہلے چوری کرچکی ہے تو آپ کو ایسی مالکہ کے پاس امانت
رکھنے میں احتیاط کرنی چاہیے تھی، پہلی لاپرواہی تو خود آپ کی ہے، پھر بھی مالکہ
کے پاس آپ نے امانت رکھ دیا اور اس نے حفاظت میں کوتاہی نہیں کی، تو امانت کا
تاوان لینا یا اس کا مطالبہ کرنا آپ کے لیے درست نہیں ہے۔</span></p><p></p><br><span style=""font-size:1.2em"">
								<p><strong>واللہ تعالیٰ اعلم</strong></p>
								<br class=""clear"">
								<p><strong>دارالافتاء،</strong><br>دارالعلوم دیوبند</p>
							</span>",30-Aug-2020,16200,darulifta-deoband.com,معاملات,دیگر معاملات,"<div id=""recent_fatwas"" class=""container tab-pane active""><br>
					<ul class=""answer_detail"">
												<li>
																					<div class=""cate_sec"">
								<p class=""category_name"">
									<span>
										معاملات									</span> 
									&gt;&gt; 
									<span>
																		<a href=""https://darulifta-deoband.com/ur/category/n-a/Mzg="">دیگر معاملات</a>
									</span>
								</p>
								<p class=""quesid""><span class=""anser_id_urdu""> سوال نمبر: 16200</span><!--<span class=""country_urdu"">  : ملک</span> --></p>
							</div>
							<h2><u> عنوان:</u> <meta http-equiv=""Content-Type"" content=""text/html; charset=utf-8""><meta name=""ProgId"" content=""Word.Document""><meta name=""Generator"" content=""Microsoft Word 11""><meta name=""Originator"" content=""Microsoft Word 11""><link rel=""File-List"" href=""file:///G:\DOCUME~1\ADMINI~1\LOCALS~1\Temp\msohtml1\03\clip_filelist.xml""><!--[if gte mso 9]><xml>
 <w:WordDocument>
  <w:View>Normal</w:View>
  <w:Zoom>0</w:Zoom>
  <w:PunctuationKerning/>
  <w:ValidateAgainstSchemas/>
  <w:SaveIfXMLInvalid>false</w:SaveIfXMLInvalid>
  <w:IgnoreMixedContent>false</w:IgnoreMixedContent>
  <w:AlwaysShowPlaceholderText>false</w:AlwaysShowPlaceholderText>
  <w:Compatibility>
   <w:BreakWrappedTables/>
   <w:SnapToGridInCell/>
   <w:WrapTextWithPunct/>
   <w:UseAsianBreakRules/>
   <w:DontGrowAutofit/>
  </w:Compatibility>
  <w:BrowserLevel>MicrosoftInternetExplorer4</w:BrowserLevel>
 </w:WordDocument>
</xml><![endif]--><!--[if gte mso 9]><xml>
 <w:LatentStyles DefLockedState=""false"" LatentStyleCount=""156"">
 </w:LatentStyles>
</xml><![endif]--><style>
<!--
 /* Font Definitions */
 @font-face
	{font-family:""Jameel Noori Nastaleeq"";
	panose-1:2 0 5 3 0 0 0 0 0 4;
	mso-font-charset:0;
	mso-generic-font-family:auto;
	mso-font-pitch:variable;
	mso-font-signature:-2147475449 0 0 0 65 0;}
 /* Style Definitions */
 p.MsoNormal, li.MsoNormal, div.MsoNormal
	{mso-style-parent:"""";
	margin:0cm;
	margin-bottom:.0001pt;
	text-align:right;
	mso-pagination:widow-orphan;
	direction:rtl;
	unicode-bidi:embed;
	font-size:12.0pt;
	font-family:""Times New Roman"";
	mso-fareast-font-family:""Times New Roman"";}
@page Section1
	{size:612.0pt 792.0pt;
	margin:72.0pt 90.0pt 72.0pt 90.0pt;
	mso-header-margin:36.0pt;
	mso-footer-margin:36.0pt;
	mso-paper-source:0;}
div.Section1
	{page:Section1;}
-->
</style><!--[if gte mso 10]>
<style>
 /* Style Definitions */
 table.MsoNormalTable
	{mso-style-name:""Table Normal"";
	mso-tstyle-rowband-size:0;
	mso-tstyle-colband-size:0;
	mso-style-noshow:yes;
	mso-style-parent:"""";
	mso-padding-alt:0cm 5.4pt 0cm 5.4pt;
	mso-para-margin:0cm;
	mso-para-margin-bottom:.0001pt;
	mso-pagination:widow-orphan;
	font-size:10.0pt;
	font-family:""Times New Roman"";
	mso-ansi-language:#0400;
	mso-fareast-language:#0400;
	mso-bidi-language:#0400;}
</style>
<![endif]-->

<p class=""MsoNormal"" dir=""rtl"" style=""text-align: justify;""><span style=""font-family: &quot;Jameel Noori Nastaleeq&quot;;"" lang=""AR-SA"">میں
اپنے ایک رشتہ دار کی شادی میں شرکت کرنے کے لیے دوسرے شہر گیا۔ وہاں میں نے اپنی
زوجہ کا سونا گھر کے مالک کو امانت دیا کہ وہ اپنی الماری کے لاکر میں اسے رکھے۔
کچھ دن بعد گھر کے مالک نے ایک ملازمہ رکھا، تو میری امی نے گھر کے مالک سے کہا کہ
اس ملازمہ کا آئی ڈی کارڈ لو اور کسی کو ساتھ بھیج کر اس کا گھر بھی دیکھ لو کیوں
کہ آج کل کسی کا اعتبار نہیں۔ لیکن گھر کے مالک نے سنی ان سنی کردی۔ تو دس دن کے
اندر اس ملازمہ نے تمام زیور چوری کرلیے۔ اب میں اپنے زیور کا مطالبہ کرتی ہوں تو
گھر کا مالک دینے سے انکار کرتا ہے۔ یاد رہے کہ اس سے پہلے بھی ان کی ایک او رملازمہ
ان کے گھر چوری کرچکی ہے، اس کے باوجود مالک نے اتنی بڑی لاپرواہی کی۔ آپ بتائیں
کہ میرا مطالبہ درست ہے یا نہیں؟<o:p></o:p></span></p>

</h2>
							<h2><u> سوال: </u> <meta http-equiv=""Content-Type"" content=""text/html; charset=utf-8""><meta name=""ProgId"" content=""Word.Document""><meta name=""Generator"" content=""Microsoft Word 11""><meta name=""Originator"" content=""Microsoft Word 11""><link rel=""File-List"" href=""file:///G:\DOCUME~1\ADMINI~1\LOCALS~1\Temp\msohtml1\03\clip_filelist.xml""><!--[if gte mso 9]><xml>
 <w:WordDocument>
  <w:View>Normal</w:View>
  <w:Zoom>0</w:Zoom>
  <w:PunctuationKerning/>
  <w:ValidateAgainstSchemas/>
  <w:SaveIfXMLInvalid>false</w:SaveIfXMLInvalid>
  <w:IgnoreMixedContent>false</w:IgnoreMixedContent>
  <w:AlwaysShowPlaceholderText>false</w:AlwaysShowPlaceholderText>
  <w:Compatibility>
   <w:BreakWrappedTables/>
   <w:SnapToGridInCell/>
   <w:WrapTextWithPunct/>
   <w:UseAsianBreakRules/>
   <w:DontGrowAutofit/>
  </w:Compatibility>
  <w:BrowserLevel>MicrosoftInternetExplorer4</w:BrowserLevel>
 </w:WordDocument>
</xml><![endif]--><!--[if gte mso 9]><xml>
 <w:LatentStyles DefLockedState=""false"" LatentStyleCount=""156"">
 </w:LatentStyles>
</xml><![endif]--><style>
<!--
 /* Font Definitions */
 @font-face
	{font-family:""Jameel Noori Nastaleeq"";
	panose-1:2 0 5 3 0 0 0 0 0 4;
	mso-font-charset:0;
	mso-generic-font-family:auto;
	mso-font-pitch:variable;
	mso-font-signature:-2147475449 0 0 0 65 0;}
 /* Style Definitions */
 p.MsoNormal, li.MsoNormal, div.MsoNormal
	{mso-style-parent:"""";
	margin:0cm;
	margin-bottom:.0001pt;
	text-align:right;
	mso-pagination:widow-orphan;
	direction:rtl;
	unicode-bidi:embed;
	font-size:12.0pt;
	font-family:""Times New Roman"";
	mso-fareast-font-family:""Times New Roman"";}
@page Section1
	{size:612.0pt 792.0pt;
	margin:72.0pt 90.0pt 72.0pt 90.0pt;
	mso-header-margin:36.0pt;
	mso-footer-margin:36.0pt;
	mso-paper-source:0;}
div.Section1
	{page:Section1;}
-->
</style><!--[if gte mso 10]>
<style>
 /* Style Definitions */
 table.MsoNormalTable
	{mso-style-name:""Table Normal"";
	mso-tstyle-rowband-size:0;
	mso-tstyle-colband-size:0;
	mso-style-noshow:yes;
	mso-style-parent:"""";
	mso-padding-alt:0cm 5.4pt 0cm 5.4pt;
	mso-para-margin:0cm;
	mso-para-margin-bottom:.0001pt;
	mso-pagination:widow-orphan;
	font-size:10.0pt;
	font-family:""Times New Roman"";
	mso-ansi-language:#0400;
	mso-fareast-language:#0400;
	mso-bidi-language:#0400;}
</style>
<![endif]-->

<p class=""MsoNormal"" dir=""rtl"" style=""text-align: justify;""><span style=""font-family: &quot;Jameel Noori Nastaleeq&quot;;"" lang=""AR-SA"">میں
اپنے ایک رشتہ دار کی شادی میں شرکت کرنے کے لیے دوسرے شہر گیا۔ وہاں میں نے اپنی
زوجہ کا سونا گھر کے مالک کو امانت دیا کہ وہ اپنی الماری کے لاکر میں اسے رکھے۔
کچھ دن بعد گھر کے مالک نے ایک ملازمہ رکھا، تو میری امی نے گھر کے مالک سے کہا کہ
اس ملازمہ کا آئی ڈی کارڈ لو اور کسی کو ساتھ بھیج کر اس کا گھر بھی دیکھ لو کیوں
کہ آج کل کسی کا اعتبار نہیں۔ لیکن گھر کے مالک نے سنی ان سنی کردی۔ تو دس دن کے
اندر اس ملازمہ نے تمام زیور چوری کرلیے۔ اب میں اپنے زیور کا مطالبہ کرتی ہوں تو
گھر کا مالک دینے سے انکار کرتا ہے۔ یاد رہے کہ اس سے پہلے بھی ان کی ایک او رملازمہ
ان کے گھر چوری کرچکی ہے، اس کے باوجود مالک نے اتنی بڑی لاپرواہی کی۔ آپ بتائیں
کہ میرا مطالبہ درست ہے یا نہیں؟<o:p></o:p></span></p>

</h2>
							<p class=""fatwa_answer""><span class=""ans_urdu_id""> جواب نمبر: 16200</span><span style=""color:#efefef;display:none;"" class=""answer_date_urdu"">30-Aug-2020 : تاریخ اشاعت </span></p>
							<p>بسم الله الرحمن الرحيم</p>
							<p> <meta http-equiv=""Content-Type"" content=""text/html; charset=utf-8""><meta name=""ProgId"" content=""Word.Document""><meta name=""Generator"" content=""Microsoft Word 11""><meta name=""Originator"" content=""Microsoft Word 11""><link rel=""File-List"" href=""file:///G:\DOCUME~1\ADMINI~1\LOCALS~1\Temp\msohtml1\03\clip_filelist.xml""><!--[if gte mso 9]><xml>
 <w:WordDocument>
  <w:View>Normal</w:View>
  <w:Zoom>0</w:Zoom>
  <w:PunctuationKerning/>
  <w:ValidateAgainstSchemas/>
  <w:SaveIfXMLInvalid>false</w:SaveIfXMLInvalid>
  <w:IgnoreMixedContent>false</w:IgnoreMixedContent>
  <w:AlwaysShowPlaceholderText>false</w:AlwaysShowPlaceholderText>
  <w:Compatibility>
   <w:BreakWrappedTables/>
   <w:SnapToGridInCell/>
   <w:WrapTextWithPunct/>
   <w:UseAsianBreakRules/>
   <w:DontGrowAutofit/>
  </w:Compatibility>
  <w:BrowserLevel>MicrosoftInternetExplorer4</w:BrowserLevel>
 </w:WordDocument>
</xml><![endif]--><!--[if gte mso 9]><xml>
 <w:LatentStyles DefLockedState=""false"" LatentStyleCount=""156"">
 </w:LatentStyles>
</xml><![endif]--><style>
<!--
 /* Font Definitions */
 @font-face
	{font-family:""Jameel Noori Nastaleeq"";
	panose-1:2 0 5 3 0 0 0 0 0 4;
	mso-font-charset:0;
	mso-generic-font-family:auto;
	mso-font-pitch:variable;
	mso-font-signature:-2147475449 0 0 0 65 0;}
 /* Style Definitions */
 p.MsoNormal, li.MsoNormal, div.MsoNormal
	{mso-style-parent:"""";
	margin:0cm;
	margin-bottom:.0001pt;
	text-align:right;
	mso-pagination:widow-orphan;
	direction:rtl;
	unicode-bidi:embed;
	font-size:12.0pt;
	font-family:""Times New Roman"";
	mso-fareast-font-family:""Times New Roman"";}
@page Section1
	{size:612.0pt 792.0pt;
	margin:72.0pt 90.0pt 72.0pt 90.0pt;
	mso-header-margin:36.0pt;
	mso-footer-margin:36.0pt;
	mso-paper-source:0;}
div.Section1
	{page:Section1;}
-->
</style><!--[if gte mso 10]>
<style>
 /* Style Definitions */
 table.MsoNormalTable
	{mso-style-name:""Table Normal"";
	mso-tstyle-rowband-size:0;
	mso-tstyle-colband-size:0;
	mso-style-noshow:yes;
	mso-style-parent:"""";
	mso-padding-alt:0cm 5.4pt 0cm 5.4pt;
	mso-para-margin:0cm;
	mso-para-margin-bottom:.0001pt;
	mso-pagination:widow-orphan;
	font-size:10.0pt;
	font-family:""Times New Roman"";
	mso-ansi-language:#0400;
	mso-fareast-language:#0400;
	mso-bidi-language:#0400;}
</style>
<![endif]-->

</p><p class=""MsoNormal"" dir=""rtl"" style=""text-align: justify;""><span style=""font-family: &quot;Jameel Noori Nastaleeq&quot;;"" lang=""AR-SA"">فتوی(د):1778=261</span><span dir=""ltr"" style=""font-family: &quot;Jameel Noori Nastaleeq&quot;;"">k-10/1430</span><span style=""font-family: &quot;Jameel Noori Nastaleeq&quot;;"" lang=""AR-SA""></span></p>

<p class=""MsoNormal"" dir=""rtl"" style=""text-align: justify;""><span style=""font-family: &quot;Jameel Noori Nastaleeq&quot;;"" lang=""AR-SA""><o:p>&nbsp;</o:p></span></p>

<p class=""MsoNormal"" dir=""rtl"" style=""text-align: justify;""><span style=""font-family: &quot;Jameel Noori Nastaleeq&quot;;"" lang=""AR-SA"">جب
اس مالکہ کے گھر کی ملازم پہلے چوری کرچکی ہے تو آپ کو ایسی مالکہ کے پاس امانت
رکھنے میں احتیاط کرنی چاہیے تھی، پہلی لاپرواہی تو خود آپ کی ہے، پھر بھی مالکہ
کے پاس آپ نے امانت رکھ دیا اور اس نے حفاظت میں کوتاہی نہیں کی، تو امانت کا
تاوان لینا یا اس کا مطالبہ کرنا آپ کے لیے درست نہیں ہے۔</span></p>

<p></p> 
							<br>
							<span style=""font-size:1.2em"">
								<p><strong>واللہ تعالیٰ اعلم</strong></p>
								<br class=""clear"">
								<p><strong>دارالافتاء،</strong><br>دارالعلوم دیوبند</p>
							</span>
						</li>
											</ul>
				</div>"
https://darulifta-deoband.com/home/ur/other-transactions/15833,میری والدہ کا انتقال دو سال پہلے ہوچکا ہے، ان کے ذمے قرض تھا جس کی بیٹے نے ذمے داری لی تھی، اور دوکان والوں کو بھی کہہ دیا کہ اس کا ذمہ دار میں ہوں، میری والدہ کو نہ بولیں، اور انھوں نے والدہ سے اتنی رقم لے لی اب اب وہ انکار کرہا ہے کہ میں نہیں جانتا ہوں، کیا گناہ گار والدہ ہوگی یا بیٹا ہوگا؟,"<h2><u> سوال: </u> <meta http-equiv=""Content-Type"" content=""text/html; charset=utf-8""><meta name=""ProgId"" content=""Word.Document""><meta name=""Generator"" content=""Microsoft Word 11""><meta name=""Originator"" content=""Microsoft Word 11""><link rel=""File-List"" href=""file:///G:\DOCUME~1\ADMINI~1\LOCALS~1\Temp\msohtml1\01\clip_filelist.xml""><!--[if gte mso 9]><xml>
 <w:WordDocument>
  <w:View>Normal</w:View>
  <w:Zoom>0</w:Zoom>
  <w:PunctuationKerning/>
  <w:ValidateAgainstSchemas/>
  <w:SaveIfXMLInvalid>false</w:SaveIfXMLInvalid>
  <w:IgnoreMixedContent>false</w:IgnoreMixedContent>
  <w:AlwaysShowPlaceholderText>false</w:AlwaysShowPlaceholderText>
  <w:Compatibility>
   <w:BreakWrappedTables/>
   <w:SnapToGridInCell/>
   <w:WrapTextWithPunct/>
   <w:UseAsianBreakRules/>
   <w:DontGrowAutofit/>
  </w:Compatibility>
  <w:BrowserLevel>MicrosoftInternetExplorer4</w:BrowserLevel>
 </w:WordDocument>
</xml><![endif]--><!--[if gte mso 9]><xml>
 <w:LatentStyles DefLockedState=""false"" LatentStyleCount=""156"">
 </w:LatentStyles>
</xml><![endif]--><style>
<!--
 /* Font Definitions */
 @font-face
	{font-family:""Jameel Noori Nastaleeq"";
	panose-1:2 0 5 3 0 0 0 0 0 4;
	mso-font-charset:0;
	mso-generic-font-family:auto;
	mso-font-pitch:variable;
	mso-font-signature:-2147475449 0 0 0 65 0;}
 /* Style Definitions */
 p.MsoNormal, li.MsoNormal, div.MsoNormal
	{mso-style-parent:"""";
	margin:0cm;
	margin-bottom:.0001pt;
	text-align:right;
	mso-pagination:widow-orphan;
	direction:rtl;
	unicode-bidi:embed;
	font-size:12.0pt;
	font-family:""Times New Roman"";
	mso-fareast-font-family:""Times New Roman"";}
@page Section1
	{size:612.0pt 792.0pt;
	margin:72.0pt 90.0pt 72.0pt 90.0pt;
	mso-header-margin:36.0pt;
	mso-footer-margin:36.0pt;
	mso-paper-source:0;}
div.Section1
	{page:Section1;}
-->
</style><!--[if gte mso 10]>
<style>
 /* Style Definitions */
 table.MsoNormalTable
	{mso-style-name:""Table Normal"";
	mso-tstyle-rowband-size:0;
	mso-tstyle-colband-size:0;
	mso-style-noshow:yes;
	mso-style-parent:"""";
	mso-padding-alt:0cm 5.4pt 0cm 5.4pt;
	mso-para-margin:0cm;
	mso-para-margin-bottom:.0001pt;
	mso-pagination:widow-orphan;
	font-size:10.0pt;
	font-family:""Times New Roman"";
	mso-ansi-language:#0400;
	mso-fareast-language:#0400;
	mso-bidi-language:#0400;}
</style>
<![endif]-->

<p class=""MsoNormal"" dir=""rtl"" style=""text-align: justify;""><span style=""font-family: &quot;Jameel Noori Nastaleeq&quot;;"" lang=""AR-SA"">میری
والدہ کا انتقال دو سال پہلے ہوچکا ہے، ان کے ذمے قرض تھا جس کی بیٹے نے ذمے داری
لی تھی، اور دوکان والوں کو بھی کہہ دیا کہ اس کا ذمہ دار میں ہوں، میری والدہ کو
نہ بولیں، اور انھوں نے والدہ سے اتنی رقم لے لی اب اب وہ انکار کرہا ہے کہ میں نہیں
جانتا ہوں، کیا گناہ گار والدہ ہوگی یا بیٹا ہوگا؟<o:p></o:p></span></p>

</h2>","<p>بسم الله الرحمن الرحيم</p><p> <meta http-equiv=""Content-Type"" content=""text/html; charset=utf-8""><meta name=""ProgId"" content=""Word.Document""><meta name=""Generator"" content=""Microsoft Word 11""><meta name=""Originator"" content=""Microsoft Word 11""><link rel=""File-List"" href=""file:///G:\DOCUME~1\ADMINI~1\LOCALS~1\Temp\msohtml1\01\clip_filelist.xml""><!--[if gte mso 9]><xml>
 <w:WordDocument>
  <w:View>Normal</w:View>
  <w:Zoom>0</w:Zoom>
  <w:PunctuationKerning/>
  <w:ValidateAgainstSchemas/>
  <w:SaveIfXMLInvalid>false</w:SaveIfXMLInvalid>
  <w:IgnoreMixedContent>false</w:IgnoreMixedContent>
  <w:AlwaysShowPlaceholderText>false</w:AlwaysShowPlaceholderText>
  <w:Compatibility>
   <w:BreakWrappedTables/>
   <w:SnapToGridInCell/>
   <w:WrapTextWithPunct/>
   <w:UseAsianBreakRules/>
   <w:DontGrowAutofit/>
  </w:Compatibility>
  <w:BrowserLevel>MicrosoftInternetExplorer4</w:BrowserLevel>
 </w:WordDocument>
</xml><![endif]--><!--[if gte mso 9]><xml>
 <w:LatentStyles DefLockedState=""false"" LatentStyleCount=""156"">
 </w:LatentStyles>
</xml><![endif]--><style>
<!--
 /* Font Definitions */
 @font-face
	{font-family:""Jameel Noori Nastaleeq"";
	panose-1:2 0 5 3 0 0 0 0 0 4;
	mso-font-charset:0;
	mso-generic-font-family:auto;
	mso-font-pitch:variable;
	mso-font-signature:-2147475449 0 0 0 65 0;}
 /* Style Definitions */
 p.MsoNormal, li.MsoNormal, div.MsoNormal
	{mso-style-parent:"""";
	margin:0cm;
	margin-bottom:.0001pt;
	text-align:right;
	mso-pagination:widow-orphan;
	direction:rtl;
	unicode-bidi:embed;
	font-size:12.0pt;
	font-family:""Times New Roman"";
	mso-fareast-font-family:""Times New Roman"";}
@page Section1
	{size:612.0pt 792.0pt;
	margin:72.0pt 90.0pt 72.0pt 90.0pt;
	mso-header-margin:36.0pt;
	mso-footer-margin:36.0pt;
	mso-paper-source:0;}
div.Section1
	{page:Section1;}
-->
</style><!--[if gte mso 10]>
<style>
 /* Style Definitions */
 table.MsoNormalTable
	{mso-style-name:""Table Normal"";
	mso-tstyle-rowband-size:0;
	mso-tstyle-colband-size:0;
	mso-style-noshow:yes;
	mso-style-parent:"""";
	mso-padding-alt:0cm 5.4pt 0cm 5.4pt;
	mso-para-margin:0cm;
	mso-para-margin-bottom:.0001pt;
	mso-pagination:widow-orphan;
	font-size:10.0pt;
	font-family:""Times New Roman"";
	mso-ansi-language:#0400;
	mso-fareast-language:#0400;
	mso-bidi-language:#0400;}
</style>
<![endif]-->

</p><p class=""MsoNormal"" dir=""rtl"" style=""text-align: justify;""><span style=""font-family: &quot;Jameel Noori Nastaleeq&quot;;"" lang=""AR-SA"">فتوی:
1653=214</span><span dir=""ltr"" style=""font-family: &quot;Jameel Noori Nastaleeq&quot;;"">k/1430</span><span dir=""rtl""></span><span style=""font-family: &quot;Jameel Noori Nastaleeq&quot;;"" lang=""AR-SA""><span dir=""rtl""></span>/د</span></p><p class=""MsoNormal"" dir=""rtl"" style=""text-align: justify;""><span style=""font-family: &quot;Jameel Noori Nastaleeq&quot;;"" lang=""AR-SA""><o:p>&nbsp;</o:p></span></p><p class=""MsoNormal"" dir=""rtl"" style=""text-align: justify;""><span style=""font-family: &quot;Jameel Noori Nastaleeq&quot;;"" lang=""AR-SA"">بیٹے
نے قرض خواہوں کے لیے ذمہ داری لے لی تھی کہ میں والدہ کا قرض ادا کردوں گا تو اب
بیٹے کے ذمہ لازم ہے کہ قرض ادا کرے، اگر بیٹے نے قرض ادا کرنے کے لیے والدہ سے
رقم بھی لی تھی تب تو قرض بیٹے ہی کو ادا کرنا ہے، قرض خواہ اسی سے مطالبہ کریں
اور اس صورت میں ماں پر کوئی گناہ نہیں ہوگا۔ اور اگر بیٹے نے ماں سے رقم نہیں لی
تھی ایسے ہی قرض خواہوں سے ادا کرنے کا وعدہ کرلیا تھا تو اب ادا نہ کرنے کی صورت میں
ماں کے ترکہ میں سے قرض ادا کیا جائے، ادائیگی قرض کے بعد جو کچھ بچے اسے ورثہ میں
بطور ترکہ تقسیم کیا جائے۔</span></p><p></p><br><span style=""font-size:1.2em"">
								<p><strong>واللہ تعالیٰ اعلم</strong></p>
								<br class=""clear"">
								<p><strong>دارالافتاء،</strong><br>دارالعلوم دیوبند</p>
							</span>",30-Aug-2020,15833,darulifta-deoband.com,معاملات,دیگر معاملات,"<div id=""recent_fatwas"" class=""container tab-pane active""><br>
					<ul class=""answer_detail"">
												<li>
																					<div class=""cate_sec"">
								<p class=""category_name"">
									<span>
										معاملات									</span> 
									&gt;&gt; 
									<span>
																		<a href=""https://darulifta-deoband.com/ur/category/n-a/Mzg="">دیگر معاملات</a>
									</span>
								</p>
								<p class=""quesid""><span class=""anser_id_urdu""> سوال نمبر: 15833</span><!--<span class=""country_urdu"">  : ملک</span> --></p>
							</div>
							<h2><u> عنوان:</u> <meta http-equiv=""Content-Type"" content=""text/html; charset=utf-8""><meta name=""ProgId"" content=""Word.Document""><meta name=""Generator"" content=""Microsoft Word 11""><meta name=""Originator"" content=""Microsoft Word 11""><link rel=""File-List"" href=""file:///G:\DOCUME~1\ADMINI~1\LOCALS~1\Temp\msohtml1\01\clip_filelist.xml""><!--[if gte mso 9]><xml>
 <w:WordDocument>
  <w:View>Normal</w:View>
  <w:Zoom>0</w:Zoom>
  <w:PunctuationKerning/>
  <w:ValidateAgainstSchemas/>
  <w:SaveIfXMLInvalid>false</w:SaveIfXMLInvalid>
  <w:IgnoreMixedContent>false</w:IgnoreMixedContent>
  <w:AlwaysShowPlaceholderText>false</w:AlwaysShowPlaceholderText>
  <w:Compatibility>
   <w:BreakWrappedTables/>
   <w:SnapToGridInCell/>
   <w:WrapTextWithPunct/>
   <w:UseAsianBreakRules/>
   <w:DontGrowAutofit/>
  </w:Compatibility>
  <w:BrowserLevel>MicrosoftInternetExplorer4</w:BrowserLevel>
 </w:WordDocument>
</xml><![endif]--><!--[if gte mso 9]><xml>
 <w:LatentStyles DefLockedState=""false"" LatentStyleCount=""156"">
 </w:LatentStyles>
</xml><![endif]--><style>
<!--
 /* Font Definitions */
 @font-face
	{font-family:""Jameel Noori Nastaleeq"";
	panose-1:2 0 5 3 0 0 0 0 0 4;
	mso-font-charset:0;
	mso-generic-font-family:auto;
	mso-font-pitch:variable;
	mso-font-signature:-2147475449 0 0 0 65 0;}
 /* Style Definitions */
 p.MsoNormal, li.MsoNormal, div.MsoNormal
	{mso-style-parent:"""";
	margin:0cm;
	margin-bottom:.0001pt;
	text-align:right;
	mso-pagination:widow-orphan;
	direction:rtl;
	unicode-bidi:embed;
	font-size:12.0pt;
	font-family:""Times New Roman"";
	mso-fareast-font-family:""Times New Roman"";}
@page Section1
	{size:612.0pt 792.0pt;
	margin:72.0pt 90.0pt 72.0pt 90.0pt;
	mso-header-margin:36.0pt;
	mso-footer-margin:36.0pt;
	mso-paper-source:0;}
div.Section1
	{page:Section1;}
-->
</style><!--[if gte mso 10]>
<style>
 /* Style Definitions */
 table.MsoNormalTable
	{mso-style-name:""Table Normal"";
	mso-tstyle-rowband-size:0;
	mso-tstyle-colband-size:0;
	mso-style-noshow:yes;
	mso-style-parent:"""";
	mso-padding-alt:0cm 5.4pt 0cm 5.4pt;
	mso-para-margin:0cm;
	mso-para-margin-bottom:.0001pt;
	mso-pagination:widow-orphan;
	font-size:10.0pt;
	font-family:""Times New Roman"";
	mso-ansi-language:#0400;
	mso-fareast-language:#0400;
	mso-bidi-language:#0400;}
</style>
<![endif]-->

<p class=""MsoNormal"" dir=""rtl"" style=""text-align: justify;""><span style=""font-family: &quot;Jameel Noori Nastaleeq&quot;;"" lang=""AR-SA"">میری
والدہ کا انتقال دو سال پہلے ہوچکا ہے، ان کے ذمے قرض تھا جس کی بیٹے نے ذمے داری
لی تھی، اور دوکان والوں کو بھی کہہ دیا کہ اس کا ذمہ دار میں ہوں، میری والدہ کو
نہ بولیں، اور انھوں نے والدہ سے اتنی رقم لے لی اب اب وہ انکار کرہا ہے کہ میں نہیں
جانتا ہوں، کیا گناہ گار والدہ ہوگی یا بیٹا ہوگا؟<o:p></o:p></span></p>

</h2>
							<h2><u> سوال: </u> <meta http-equiv=""Content-Type"" content=""text/html; charset=utf-8""><meta name=""ProgId"" content=""Word.Document""><meta name=""Generator"" content=""Microsoft Word 11""><meta name=""Originator"" content=""Microsoft Word 11""><link rel=""File-List"" href=""file:///G:\DOCUME~1\ADMINI~1\LOCALS~1\Temp\msohtml1\01\clip_filelist.xml""><!--[if gte mso 9]><xml>
 <w:WordDocument>
  <w:View>Normal</w:View>
  <w:Zoom>0</w:Zoom>
  <w:PunctuationKerning/>
  <w:ValidateAgainstSchemas/>
  <w:SaveIfXMLInvalid>false</w:SaveIfXMLInvalid>
  <w:IgnoreMixedContent>false</w:IgnoreMixedContent>
  <w:AlwaysShowPlaceholderText>false</w:AlwaysShowPlaceholderText>
  <w:Compatibility>
   <w:BreakWrappedTables/>
   <w:SnapToGridInCell/>
   <w:WrapTextWithPunct/>
   <w:UseAsianBreakRules/>
   <w:DontGrowAutofit/>
  </w:Compatibility>
  <w:BrowserLevel>MicrosoftInternetExplorer4</w:BrowserLevel>
 </w:WordDocument>
</xml><![endif]--><!--[if gte mso 9]><xml>
 <w:LatentStyles DefLockedState=""false"" LatentStyleCount=""156"">
 </w:LatentStyles>
</xml><![endif]--><style>
<!--
 /* Font Definitions */
 @font-face
	{font-family:""Jameel Noori Nastaleeq"";
	panose-1:2 0 5 3 0 0 0 0 0 4;
	mso-font-charset:0;
	mso-generic-font-family:auto;
	mso-font-pitch:variable;
	mso-font-signature:-2147475449 0 0 0 65 0;}
 /* Style Definitions */
 p.MsoNormal, li.MsoNormal, div.MsoNormal
	{mso-style-parent:"""";
	margin:0cm;
	margin-bottom:.0001pt;
	text-align:right;
	mso-pagination:widow-orphan;
	direction:rtl;
	unicode-bidi:embed;
	font-size:12.0pt;
	font-family:""Times New Roman"";
	mso-fareast-font-family:""Times New Roman"";}
@page Section1
	{size:612.0pt 792.0pt;
	margin:72.0pt 90.0pt 72.0pt 90.0pt;
	mso-header-margin:36.0pt;
	mso-footer-margin:36.0pt;
	mso-paper-source:0;}
div.Section1
	{page:Section1;}
-->
</style><!--[if gte mso 10]>
<style>
 /* Style Definitions */
 table.MsoNormalTable
	{mso-style-name:""Table Normal"";
	mso-tstyle-rowband-size:0;
	mso-tstyle-colband-size:0;
	mso-style-noshow:yes;
	mso-style-parent:"""";
	mso-padding-alt:0cm 5.4pt 0cm 5.4pt;
	mso-para-margin:0cm;
	mso-para-margin-bottom:.0001pt;
	mso-pagination:widow-orphan;
	font-size:10.0pt;
	font-family:""Times New Roman"";
	mso-ansi-language:#0400;
	mso-fareast-language:#0400;
	mso-bidi-language:#0400;}
</style>
<![endif]-->

<p class=""MsoNormal"" dir=""rtl"" style=""text-align: justify;""><span style=""font-family: &quot;Jameel Noori Nastaleeq&quot;;"" lang=""AR-SA"">میری
والدہ کا انتقال دو سال پہلے ہوچکا ہے، ان کے ذمے قرض تھا جس کی بیٹے نے ذمے داری
لی تھی، اور دوکان والوں کو بھی کہہ دیا کہ اس کا ذمہ دار میں ہوں، میری والدہ کو
نہ بولیں، اور انھوں نے والدہ سے اتنی رقم لے لی اب اب وہ انکار کرہا ہے کہ میں نہیں
جانتا ہوں، کیا گناہ گار والدہ ہوگی یا بیٹا ہوگا؟<o:p></o:p></span></p>

</h2>
							<p class=""fatwa_answer""><span class=""ans_urdu_id""> جواب نمبر: 15833</span><span style=""color:#efefef;display:none;"" class=""answer_date_urdu"">30-Aug-2020 : تاریخ اشاعت </span></p>
							<p>بسم الله الرحمن الرحيم</p>
							<p> <meta http-equiv=""Content-Type"" content=""text/html; charset=utf-8""><meta name=""ProgId"" content=""Word.Document""><meta name=""Generator"" content=""Microsoft Word 11""><meta name=""Originator"" content=""Microsoft Word 11""><link rel=""File-List"" href=""file:///G:\DOCUME~1\ADMINI~1\LOCALS~1\Temp\msohtml1\01\clip_filelist.xml""><!--[if gte mso 9]><xml>
 <w:WordDocument>
  <w:View>Normal</w:View>
  <w:Zoom>0</w:Zoom>
  <w:PunctuationKerning/>
  <w:ValidateAgainstSchemas/>
  <w:SaveIfXMLInvalid>false</w:SaveIfXMLInvalid>
  <w:IgnoreMixedContent>false</w:IgnoreMixedContent>
  <w:AlwaysShowPlaceholderText>false</w:AlwaysShowPlaceholderText>
  <w:Compatibility>
   <w:BreakWrappedTables/>
   <w:SnapToGridInCell/>
   <w:WrapTextWithPunct/>
   <w:UseAsianBreakRules/>
   <w:DontGrowAutofit/>
  </w:Compatibility>
  <w:BrowserLevel>MicrosoftInternetExplorer4</w:BrowserLevel>
 </w:WordDocument>
</xml><![endif]--><!--[if gte mso 9]><xml>
 <w:LatentStyles DefLockedState=""false"" LatentStyleCount=""156"">
 </w:LatentStyles>
</xml><![endif]--><style>
<!--
 /* Font Definitions */
 @font-face
	{font-family:""Jameel Noori Nastaleeq"";
	panose-1:2 0 5 3 0 0 0 0 0 4;
	mso-font-charset:0;
	mso-generic-font-family:auto;
	mso-font-pitch:variable;
	mso-font-signature:-2147475449 0 0 0 65 0;}
 /* Style Definitions */
 p.MsoNormal, li.MsoNormal, div.MsoNormal
	{mso-style-parent:"""";
	margin:0cm;
	margin-bottom:.0001pt;
	text-align:right;
	mso-pagination:widow-orphan;
	direction:rtl;
	unicode-bidi:embed;
	font-size:12.0pt;
	font-family:""Times New Roman"";
	mso-fareast-font-family:""Times New Roman"";}
@page Section1
	{size:612.0pt 792.0pt;
	margin:72.0pt 90.0pt 72.0pt 90.0pt;
	mso-header-margin:36.0pt;
	mso-footer-margin:36.0pt;
	mso-paper-source:0;}
div.Section1
	{page:Section1;}
-->
</style><!--[if gte mso 10]>
<style>
 /* Style Definitions */
 table.MsoNormalTable
	{mso-style-name:""Table Normal"";
	mso-tstyle-rowband-size:0;
	mso-tstyle-colband-size:0;
	mso-style-noshow:yes;
	mso-style-parent:"""";
	mso-padding-alt:0cm 5.4pt 0cm 5.4pt;
	mso-para-margin:0cm;
	mso-para-margin-bottom:.0001pt;
	mso-pagination:widow-orphan;
	font-size:10.0pt;
	font-family:""Times New Roman"";
	mso-ansi-language:#0400;
	mso-fareast-language:#0400;
	mso-bidi-language:#0400;}
</style>
<![endif]-->

</p><p class=""MsoNormal"" dir=""rtl"" style=""text-align: justify;""><span style=""font-family: &quot;Jameel Noori Nastaleeq&quot;;"" lang=""AR-SA"">فتوی:
1653=214</span><span dir=""ltr"" style=""font-family: &quot;Jameel Noori Nastaleeq&quot;;"">k/1430</span><span dir=""rtl""></span><span style=""font-family: &quot;Jameel Noori Nastaleeq&quot;;"" lang=""AR-SA""><span dir=""rtl""></span>/د</span></p>

<p class=""MsoNormal"" dir=""rtl"" style=""text-align: justify;""><span style=""font-family: &quot;Jameel Noori Nastaleeq&quot;;"" lang=""AR-SA""><o:p>&nbsp;</o:p></span></p>

<p class=""MsoNormal"" dir=""rtl"" style=""text-align: justify;""><span style=""font-family: &quot;Jameel Noori Nastaleeq&quot;;"" lang=""AR-SA"">بیٹے
نے قرض خواہوں کے لیے ذمہ داری لے لی تھی کہ میں والدہ کا قرض ادا کردوں گا تو اب
بیٹے کے ذمہ لازم ہے کہ قرض ادا کرے، اگر بیٹے نے قرض ادا کرنے کے لیے والدہ سے
رقم بھی لی تھی تب تو قرض بیٹے ہی کو ادا کرنا ہے، قرض خواہ اسی سے مطالبہ کریں
اور اس صورت میں ماں پر کوئی گناہ نہیں ہوگا۔ اور اگر بیٹے نے ماں سے رقم نہیں لی
تھی ایسے ہی قرض خواہوں سے ادا کرنے کا وعدہ کرلیا تھا تو اب ادا نہ کرنے کی صورت میں
ماں کے ترکہ میں سے قرض ادا کیا جائے، ادائیگی قرض کے بعد جو کچھ بچے اسے ورثہ میں
بطور ترکہ تقسیم کیا جائے۔</span></p>

<p></p> 
							<br>
							<span style=""font-size:1.2em"">
								<p><strong>واللہ تعالیٰ اعلم</strong></p>
								<br class=""clear"">
								<p><strong>دارالافتاء،</strong><br>دارالعلوم دیوبند</p>
							</span>
						</li>
											</ul>
				</div>"
https://darulifta-deoband.com/home/ur/other-transactions/15738,اگر خدا نخواستہ کسی مسلمان پر ایسی نوبت آ جائے کہ اس کی جان کا مسئلہ ہو تو جھوٹی قسم اٹھا سکتا ہے۔ جھوٹی قسم کے لیے قرآن اٹھا سکتا ہے او راپنی جان بچانے کے لیے شریعت میں کتنی گنجائش ہے ؟ برائے کرم جلدی جواب دے دیں۔ تفصیل: معاملہ کچھ یوں ہے کہ ایک شخص نے کسی کافر کی کوئی چیز اس لیے رکھ لی تاکہ وہ کافر کے مرنے کے بعد اس سے فائدہ اٹھا سکے، کیوں کہ یہ شخص بہت غریب ہے۔ اب کافر کو معلوم ہوا تو وہ اس کی جان کے در پے ہے ، ممکن ہے کہ اسے اپنے مسلمان بھائیوں کے سامنے بھی قسم کھانی پڑے، اگر پکڑا گیا تو جان سے گیا۔,"<h2><u> سوال: </u> <meta http-equiv=""Content-Type"" content=""text/html; charset=utf-8""><meta name=""ProgId"" content=""Word.Document""><meta name=""Generator"" content=""Microsoft Word 11""><meta name=""Originator"" content=""Microsoft Word 11""><link rel=""File-List"" href=""file:///G:\DOCUME~1\ADMINI~1\LOCALS~1\Temp\msohtml1\01\clip_filelist.xml""><!--[if gte mso 9]><xml>
 <w:WordDocument>
  <w:View>Normal</w:View>
  <w:Zoom>0</w:Zoom>
  <w:PunctuationKerning/>
  <w:ValidateAgainstSchemas/>
  <w:SaveIfXMLInvalid>false</w:SaveIfXMLInvalid>
  <w:IgnoreMixedContent>false</w:IgnoreMixedContent>
  <w:AlwaysShowPlaceholderText>false</w:AlwaysShowPlaceholderText>
  <w:Compatibility>
   <w:BreakWrappedTables/>
   <w:SnapToGridInCell/>
   <w:WrapTextWithPunct/>
   <w:UseAsianBreakRules/>
   <w:DontGrowAutofit/>
  </w:Compatibility>
  <w:BrowserLevel>MicrosoftInternetExplorer4</w:BrowserLevel>
 </w:WordDocument>
</xml><![endif]--><!--[if gte mso 9]><xml>
 <w:LatentStyles DefLockedState=""false"" LatentStyleCount=""156"">
 </w:LatentStyles>
</xml><![endif]--><style>
<!--
 /* Font Definitions */
 @font-face
	{font-family:""Jameel Noori Nastaleeq"";
	panose-1:2 0 5 3 0 0 0 0 0 4;
	mso-font-charset:0;
	mso-generic-font-family:auto;
	mso-font-pitch:variable;
	mso-font-signature:-2147475449 0 0 0 65 0;}
 /* Style Definitions */
 p.MsoNormal, li.MsoNormal, div.MsoNormal
	{mso-style-parent:"""";
	margin:0cm;
	margin-bottom:.0001pt;
	text-align:right;
	mso-pagination:widow-orphan;
	direction:rtl;
	unicode-bidi:embed;
	font-size:12.0pt;
	font-family:""Times New Roman"";
	mso-fareast-font-family:""Times New Roman"";}
@page Section1
	{size:612.0pt 792.0pt;
	margin:72.0pt 90.0pt 72.0pt 90.0pt;
	mso-header-margin:36.0pt;
	mso-footer-margin:36.0pt;
	mso-paper-source:0;}
div.Section1
	{page:Section1;}
-->
</style><!--[if gte mso 10]>
<style>
 /* Style Definitions */
 table.MsoNormalTable
	{mso-style-name:""Table Normal"";
	mso-tstyle-rowband-size:0;
	mso-tstyle-colband-size:0;
	mso-style-noshow:yes;
	mso-style-parent:"""";
	mso-padding-alt:0cm 5.4pt 0cm 5.4pt;
	mso-para-margin:0cm;
	mso-para-margin-bottom:.0001pt;
	mso-pagination:widow-orphan;
	font-size:10.0pt;
	font-family:""Times New Roman"";
	mso-ansi-language:#0400;
	mso-fareast-language:#0400;
	mso-bidi-language:#0400;}
</style>
<![endif]-->

<p class=""MsoNormal"" dir=""rtl""><span style=""font-family: &quot;Jameel Noori Nastaleeq&quot;;"" lang=""AR-SA"">اگر
خدا نخواستہ کسی مسلمان پر ایسی نوبت آ جائے کہ اس کی جان کا مسئلہ ہو تو جھوٹی
قسم اٹھا سکتا ہے۔ جھوٹی قسم کے لیے قرآن اٹھا سکتا ہے او راپنی جان بچانے کے لیے
شریعت میں کتنی گنجائش ہے ؟ برائے کرم جلدی جواب دے دیں۔ <o:p></o:p></span></p>

<p class=""MsoNormal"" dir=""rtl""><span style=""font-family: &quot;Jameel Noori Nastaleeq&quot;;"" lang=""AR-SA"">تفصیل:
معاملہ کچھ یوں ہے کہ ایک شخص نے کسی کافر کی کوئی چیز اس لیے رکھ لی تاکہ وہ کافر
کے مرنے کے بعد اس سے فائدہ اٹھا سکے، کیوں کہ یہ شخص بہت غریب ہے۔ اب کافر کو
معلوم ہوا تو وہ اس کی جان کے در پے ہے ، ممکن ہے کہ اسے اپنے مسلمان بھائیوں کے
سامنے بھی قسم کھانی پڑے، اگر پکڑا گیا تو جان سے گیا۔ <o:p></o:p></span></p>

</h2>","<p>بسم الله الرحمن الرحيم</p><p> <meta http-equiv=""Content-Type"" content=""text/html; charset=utf-8""><meta name=""ProgId"" content=""Word.Document""><meta name=""Generator"" content=""Microsoft Word 11""><meta name=""Originator"" content=""Microsoft Word 11""><link rel=""File-List"" href=""file:///G:\DOCUME~1\ADMINI~1\LOCALS~1\Temp\msohtml1\01\clip_filelist.xml""><!--[if gte mso 9]><xml>
 <w:WordDocument>
  <w:View>Normal</w:View>
  <w:Zoom>0</w:Zoom>
  <w:PunctuationKerning/>
  <w:ValidateAgainstSchemas/>
  <w:SaveIfXMLInvalid>false</w:SaveIfXMLInvalid>
  <w:IgnoreMixedContent>false</w:IgnoreMixedContent>
  <w:AlwaysShowPlaceholderText>false</w:AlwaysShowPlaceholderText>
  <w:Compatibility>
   <w:BreakWrappedTables/>
   <w:SnapToGridInCell/>
   <w:WrapTextWithPunct/>
   <w:UseAsianBreakRules/>
   <w:DontGrowAutofit/>
  </w:Compatibility>
  <w:BrowserLevel>MicrosoftInternetExplorer4</w:BrowserLevel>
 </w:WordDocument>
</xml><![endif]--><!--[if gte mso 9]><xml>
 <w:LatentStyles DefLockedState=""false"" LatentStyleCount=""156"">
 </w:LatentStyles>
</xml><![endif]--><style>
<!--
 /* Font Definitions */
 @font-face
	{font-family:""Jameel Noori Nastaleeq"";
	panose-1:2 0 5 3 0 0 0 0 0 4;
	mso-font-charset:0;
	mso-generic-font-family:auto;
	mso-font-pitch:variable;
	mso-font-signature:-2147475449 0 0 0 65 0;}
 /* Style Definitions */
 p.MsoNormal, li.MsoNormal, div.MsoNormal
	{mso-style-parent:"""";
	margin:0cm;
	margin-bottom:.0001pt;
	text-align:right;
	mso-pagination:widow-orphan;
	direction:rtl;
	unicode-bidi:embed;
	font-size:12.0pt;
	font-family:""Times New Roman"";
	mso-fareast-font-family:""Times New Roman"";}
@page Section1
	{size:612.0pt 792.0pt;
	margin:72.0pt 90.0pt 72.0pt 90.0pt;
	mso-header-margin:36.0pt;
	mso-footer-margin:36.0pt;
	mso-paper-source:0;}
div.Section1
	{page:Section1;}
-->
</style><!--[if gte mso 10]>
<style>
 /* Style Definitions */
 table.MsoNormalTable
	{mso-style-name:""Table Normal"";
	mso-tstyle-rowband-size:0;
	mso-tstyle-colband-size:0;
	mso-style-noshow:yes;
	mso-style-parent:"""";
	mso-padding-alt:0cm 5.4pt 0cm 5.4pt;
	mso-para-margin:0cm;
	mso-para-margin-bottom:.0001pt;
	mso-pagination:widow-orphan;
	font-size:10.0pt;
	font-family:""Times New Roman"";
	mso-ansi-language:#0400;
	mso-fareast-language:#0400;
	mso-bidi-language:#0400;}
</style>
<![endif]-->

</p><p class=""MsoNormal"" dir=""rtl""><span style=""font-family: &quot;Jameel Noori Nastaleeq&quot;;"" lang=""AR-SA"">فتوی:
1632=1348/1430/د</span></p><p class=""MsoNormal"" dir=""rtl""><span style=""font-family: &quot;Jameel Noori Nastaleeq&quot;;"" lang=""AR-SA""><o:p>&nbsp;</o:p></span></p><p class=""MsoNormal"" dir=""rtl""><span style=""font-family: &quot;Jameel Noori Nastaleeq&quot;;"" lang=""AR-SA"">صرف
جھوٹی قسم کھاکر جان بچانے ہی کا مسئلہ نہیں ہے، بلکہ کافر کی کی لی ہوئی چیز کے
ہمیشہ اپنے پاس رکھنے اورغصب کرنے کا گناہ بھی سرپر پڑتا رہے گا، لہٰذا بہتر یہ ہے
کہ کسی بااثر آدمی کو بیچ میں ڈال کر اعتراف کرلیاجائے اور معافی تلافی کرکے
معاملہ رفع دفع کردیا جائے۔</span></p><p></p><br><span style=""font-size:1.2em"">
								<p><strong>واللہ تعالیٰ اعلم</strong></p>
								<br class=""clear"">
								<p><strong>دارالافتاء،</strong><br>دارالعلوم دیوبند</p>
							</span>",01-Sep-2020,15738,darulifta-deoband.com,معاملات,دیگر معاملات,"<div id=""recent_fatwas"" class=""container tab-pane active""><br>
					<ul class=""answer_detail"">
												<li>
																					<div class=""cate_sec"">
								<p class=""category_name"">
									<span>
										معاملات									</span> 
									&gt;&gt; 
									<span>
																		<a href=""https://darulifta-deoband.com/ur/category/n-a/Mzg="">دیگر معاملات</a>
									</span>
								</p>
								<p class=""quesid""><span class=""anser_id_urdu""> سوال نمبر: 15738</span><!--<span class=""country_urdu"">  : ملک</span> --></p>
							</div>
							<h2><u> عنوان:</u> <meta http-equiv=""Content-Type"" content=""text/html; charset=utf-8""><meta name=""ProgId"" content=""Word.Document""><meta name=""Generator"" content=""Microsoft Word 11""><meta name=""Originator"" content=""Microsoft Word 11""><link rel=""File-List"" href=""file:///G:\DOCUME~1\ADMINI~1\LOCALS~1\Temp\msohtml1\01\clip_filelist.xml""><!--[if gte mso 9]><xml>
 <w:WordDocument>
  <w:View>Normal</w:View>
  <w:Zoom>0</w:Zoom>
  <w:PunctuationKerning/>
  <w:ValidateAgainstSchemas/>
  <w:SaveIfXMLInvalid>false</w:SaveIfXMLInvalid>
  <w:IgnoreMixedContent>false</w:IgnoreMixedContent>
  <w:AlwaysShowPlaceholderText>false</w:AlwaysShowPlaceholderText>
  <w:Compatibility>
   <w:BreakWrappedTables/>
   <w:SnapToGridInCell/>
   <w:WrapTextWithPunct/>
   <w:UseAsianBreakRules/>
   <w:DontGrowAutofit/>
  </w:Compatibility>
  <w:BrowserLevel>MicrosoftInternetExplorer4</w:BrowserLevel>
 </w:WordDocument>
</xml><![endif]--><!--[if gte mso 9]><xml>
 <w:LatentStyles DefLockedState=""false"" LatentStyleCount=""156"">
 </w:LatentStyles>
</xml><![endif]--><style>
<!--
 /* Font Definitions */
 @font-face
	{font-family:""Jameel Noori Nastaleeq"";
	panose-1:2 0 5 3 0 0 0 0 0 4;
	mso-font-charset:0;
	mso-generic-font-family:auto;
	mso-font-pitch:variable;
	mso-font-signature:-2147475449 0 0 0 65 0;}
 /* Style Definitions */
 p.MsoNormal, li.MsoNormal, div.MsoNormal
	{mso-style-parent:"""";
	margin:0cm;
	margin-bottom:.0001pt;
	text-align:right;
	mso-pagination:widow-orphan;
	direction:rtl;
	unicode-bidi:embed;
	font-size:12.0pt;
	font-family:""Times New Roman"";
	mso-fareast-font-family:""Times New Roman"";}
@page Section1
	{size:612.0pt 792.0pt;
	margin:72.0pt 90.0pt 72.0pt 90.0pt;
	mso-header-margin:36.0pt;
	mso-footer-margin:36.0pt;
	mso-paper-source:0;}
div.Section1
	{page:Section1;}
-->
</style><!--[if gte mso 10]>
<style>
 /* Style Definitions */
 table.MsoNormalTable
	{mso-style-name:""Table Normal"";
	mso-tstyle-rowband-size:0;
	mso-tstyle-colband-size:0;
	mso-style-noshow:yes;
	mso-style-parent:"""";
	mso-padding-alt:0cm 5.4pt 0cm 5.4pt;
	mso-para-margin:0cm;
	mso-para-margin-bottom:.0001pt;
	mso-pagination:widow-orphan;
	font-size:10.0pt;
	font-family:""Times New Roman"";
	mso-ansi-language:#0400;
	mso-fareast-language:#0400;
	mso-bidi-language:#0400;}
</style>
<![endif]-->

<p class=""MsoNormal"" dir=""rtl""><span style=""font-family: &quot;Jameel Noori Nastaleeq&quot;;"" lang=""AR-SA"">اگر
خدا نخواستہ کسی مسلمان پر ایسی نوبت آ جائے کہ اس کی جان کا مسئلہ ہو تو جھوٹی
قسم اٹھا سکتا ہے۔ جھوٹی قسم کے لیے قرآن اٹھا سکتا ہے او راپنی جان بچانے کے لیے
شریعت میں کتنی گنجائش ہے ؟ برائے کرم جلدی جواب دے دیں۔ <o:p></o:p></span></p>

<p class=""MsoNormal"" dir=""rtl""><span style=""font-family: &quot;Jameel Noori Nastaleeq&quot;;"" lang=""AR-SA"">تفصیل:
معاملہ کچھ یوں ہے کہ ایک شخص نے کسی کافر کی کوئی چیز اس لیے رکھ لی تاکہ وہ کافر
کے مرنے کے بعد اس سے فائدہ اٹھا سکے، کیوں کہ یہ شخص بہت غریب ہے۔ اب کافر کو
معلوم ہوا تو وہ اس کی جان کے در پے ہے ، ممکن ہے کہ اسے اپنے مسلمان بھائیوں کے
سامنے بھی قسم کھانی پڑے، اگر پکڑا گیا تو جان سے گیا۔ <o:p></o:p></span></p>

</h2>
							<h2><u> سوال: </u> <meta http-equiv=""Content-Type"" content=""text/html; charset=utf-8""><meta name=""ProgId"" content=""Word.Document""><meta name=""Generator"" content=""Microsoft Word 11""><meta name=""Originator"" content=""Microsoft Word 11""><link rel=""File-List"" href=""file:///G:\DOCUME~1\ADMINI~1\LOCALS~1\Temp\msohtml1\01\clip_filelist.xml""><!--[if gte mso 9]><xml>
 <w:WordDocument>
  <w:View>Normal</w:View>
  <w:Zoom>0</w:Zoom>
  <w:PunctuationKerning/>
  <w:ValidateAgainstSchemas/>
  <w:SaveIfXMLInvalid>false</w:SaveIfXMLInvalid>
  <w:IgnoreMixedContent>false</w:IgnoreMixedContent>
  <w:AlwaysShowPlaceholderText>false</w:AlwaysShowPlaceholderText>
  <w:Compatibility>
   <w:BreakWrappedTables/>
   <w:SnapToGridInCell/>
   <w:WrapTextWithPunct/>
   <w:UseAsianBreakRules/>
   <w:DontGrowAutofit/>
  </w:Compatibility>
  <w:BrowserLevel>MicrosoftInternetExplorer4</w:BrowserLevel>
 </w:WordDocument>
</xml><![endif]--><!--[if gte mso 9]><xml>
 <w:LatentStyles DefLockedState=""false"" LatentStyleCount=""156"">
 </w:LatentStyles>
</xml><![endif]--><style>
<!--
 /* Font Definitions */
 @font-face
	{font-family:""Jameel Noori Nastaleeq"";
	panose-1:2 0 5 3 0 0 0 0 0 4;
	mso-font-charset:0;
	mso-generic-font-family:auto;
	mso-font-pitch:variable;
	mso-font-signature:-2147475449 0 0 0 65 0;}
 /* Style Definitions */
 p.MsoNormal, li.MsoNormal, div.MsoNormal
	{mso-style-parent:"""";
	margin:0cm;
	margin-bottom:.0001pt;
	text-align:right;
	mso-pagination:widow-orphan;
	direction:rtl;
	unicode-bidi:embed;
	font-size:12.0pt;
	font-family:""Times New Roman"";
	mso-fareast-font-family:""Times New Roman"";}
@page Section1
	{size:612.0pt 792.0pt;
	margin:72.0pt 90.0pt 72.0pt 90.0pt;
	mso-header-margin:36.0pt;
	mso-footer-margin:36.0pt;
	mso-paper-source:0;}
div.Section1
	{page:Section1;}
-->
</style><!--[if gte mso 10]>
<style>
 /* Style Definitions */
 table.MsoNormalTable
	{mso-style-name:""Table Normal"";
	mso-tstyle-rowband-size:0;
	mso-tstyle-colband-size:0;
	mso-style-noshow:yes;
	mso-style-parent:"""";
	mso-padding-alt:0cm 5.4pt 0cm 5.4pt;
	mso-para-margin:0cm;
	mso-para-margin-bottom:.0001pt;
	mso-pagination:widow-orphan;
	font-size:10.0pt;
	font-family:""Times New Roman"";
	mso-ansi-language:#0400;
	mso-fareast-language:#0400;
	mso-bidi-language:#0400;}
</style>
<![endif]-->

<p class=""MsoNormal"" dir=""rtl""><span style=""font-family: &quot;Jameel Noori Nastaleeq&quot;;"" lang=""AR-SA"">اگر
خدا نخواستہ کسی مسلمان پر ایسی نوبت آ جائے کہ اس کی جان کا مسئلہ ہو تو جھوٹی
قسم اٹھا سکتا ہے۔ جھوٹی قسم کے لیے قرآن اٹھا سکتا ہے او راپنی جان بچانے کے لیے
شریعت میں کتنی گنجائش ہے ؟ برائے کرم جلدی جواب دے دیں۔ <o:p></o:p></span></p>

<p class=""MsoNormal"" dir=""rtl""><span style=""font-family: &quot;Jameel Noori Nastaleeq&quot;;"" lang=""AR-SA"">تفصیل:
معاملہ کچھ یوں ہے کہ ایک شخص نے کسی کافر کی کوئی چیز اس لیے رکھ لی تاکہ وہ کافر
کے مرنے کے بعد اس سے فائدہ اٹھا سکے، کیوں کہ یہ شخص بہت غریب ہے۔ اب کافر کو
معلوم ہوا تو وہ اس کی جان کے در پے ہے ، ممکن ہے کہ اسے اپنے مسلمان بھائیوں کے
سامنے بھی قسم کھانی پڑے، اگر پکڑا گیا تو جان سے گیا۔ <o:p></o:p></span></p>

</h2>
							<p class=""fatwa_answer""><span class=""ans_urdu_id""> جواب نمبر: 15738</span><span style=""color:#efefef;display:none;"" class=""answer_date_urdu"">01-Sep-2020 : تاریخ اشاعت </span></p>
							<p>بسم الله الرحمن الرحيم</p>
							<p> <meta http-equiv=""Content-Type"" content=""text/html; charset=utf-8""><meta name=""ProgId"" content=""Word.Document""><meta name=""Generator"" content=""Microsoft Word 11""><meta name=""Originator"" content=""Microsoft Word 11""><link rel=""File-List"" href=""file:///G:\DOCUME~1\ADMINI~1\LOCALS~1\Temp\msohtml1\01\clip_filelist.xml""><!--[if gte mso 9]><xml>
 <w:WordDocument>
  <w:View>Normal</w:View>
  <w:Zoom>0</w:Zoom>
  <w:PunctuationKerning/>
  <w:ValidateAgainstSchemas/>
  <w:SaveIfXMLInvalid>false</w:SaveIfXMLInvalid>
  <w:IgnoreMixedContent>false</w:IgnoreMixedContent>
  <w:AlwaysShowPlaceholderText>false</w:AlwaysShowPlaceholderText>
  <w:Compatibility>
   <w:BreakWrappedTables/>
   <w:SnapToGridInCell/>
   <w:WrapTextWithPunct/>
   <w:UseAsianBreakRules/>
   <w:DontGrowAutofit/>
  </w:Compatibility>
  <w:BrowserLevel>MicrosoftInternetExplorer4</w:BrowserLevel>
 </w:WordDocument>
</xml><![endif]--><!--[if gte mso 9]><xml>
 <w:LatentStyles DefLockedState=""false"" LatentStyleCount=""156"">
 </w:LatentStyles>
</xml><![endif]--><style>
<!--
 /* Font Definitions */
 @font-face
	{font-family:""Jameel Noori Nastaleeq"";
	panose-1:2 0 5 3 0 0 0 0 0 4;
	mso-font-charset:0;
	mso-generic-font-family:auto;
	mso-font-pitch:variable;
	mso-font-signature:-2147475449 0 0 0 65 0;}
 /* Style Definitions */
 p.MsoNormal, li.MsoNormal, div.MsoNormal
	{mso-style-parent:"""";
	margin:0cm;
	margin-bottom:.0001pt;
	text-align:right;
	mso-pagination:widow-orphan;
	direction:rtl;
	unicode-bidi:embed;
	font-size:12.0pt;
	font-family:""Times New Roman"";
	mso-fareast-font-family:""Times New Roman"";}
@page Section1
	{size:612.0pt 792.0pt;
	margin:72.0pt 90.0pt 72.0pt 90.0pt;
	mso-header-margin:36.0pt;
	mso-footer-margin:36.0pt;
	mso-paper-source:0;}
div.Section1
	{page:Section1;}
-->
</style><!--[if gte mso 10]>
<style>
 /* Style Definitions */
 table.MsoNormalTable
	{mso-style-name:""Table Normal"";
	mso-tstyle-rowband-size:0;
	mso-tstyle-colband-size:0;
	mso-style-noshow:yes;
	mso-style-parent:"""";
	mso-padding-alt:0cm 5.4pt 0cm 5.4pt;
	mso-para-margin:0cm;
	mso-para-margin-bottom:.0001pt;
	mso-pagination:widow-orphan;
	font-size:10.0pt;
	font-family:""Times New Roman"";
	mso-ansi-language:#0400;
	mso-fareast-language:#0400;
	mso-bidi-language:#0400;}
</style>
<![endif]-->

</p><p class=""MsoNormal"" dir=""rtl""><span style=""font-family: &quot;Jameel Noori Nastaleeq&quot;;"" lang=""AR-SA"">فتوی:
1632=1348/1430/د</span></p>

<p class=""MsoNormal"" dir=""rtl""><span style=""font-family: &quot;Jameel Noori Nastaleeq&quot;;"" lang=""AR-SA""><o:p>&nbsp;</o:p></span></p>

<p class=""MsoNormal"" dir=""rtl""><span style=""font-family: &quot;Jameel Noori Nastaleeq&quot;;"" lang=""AR-SA"">صرف
جھوٹی قسم کھاکر جان بچانے ہی کا مسئلہ نہیں ہے، بلکہ کافر کی کی لی ہوئی چیز کے
ہمیشہ اپنے پاس رکھنے اورغصب کرنے کا گناہ بھی سرپر پڑتا رہے گا، لہٰذا بہتر یہ ہے
کہ کسی بااثر آدمی کو بیچ میں ڈال کر اعتراف کرلیاجائے اور معافی تلافی کرکے
معاملہ رفع دفع کردیا جائے۔</span></p>

<p></p> 
							<br>
							<span style=""font-size:1.2em"">
								<p><strong>واللہ تعالیٰ اعلم</strong></p>
								<br class=""clear"">
								<p><strong>دارالافتاء،</strong><br>دارالعلوم دیوبند</p>
							</span>
						</li>
											</ul>
				</div>"
https://darulifta-deoband.com/home/ur/other-transactions/15569,حضرت میں ایک موبائل کی دکان پر کام کرتاہوں۔ تھوڑے دن پہلے ایک آدمی کے پیسے وہاں دکان پر گر گئے ، کچھ لوگوں نے مجھے وہ پیسے اٹھانے کے لیے کہا او روہ پیسے میں نے اٹھا لئے اب میں ان پیسوں کی ادائیگی کرنا چاہتا ہوں میں کیسے کروں؟,"<h2><u> سوال: </u> <meta http-equiv=""Content-Type"" content=""text/html; charset=utf-8""><meta name=""ProgId"" content=""Word.Document""><meta name=""Generator"" content=""Microsoft Word 11""><meta name=""Originator"" content=""Microsoft Word 11""><link rel=""File-List"" href=""file:///G:\DOCUME~1\ADMINI~1\LOCALS~1\Temp\msohtml1\01\clip_filelist.xml""><!--[if gte mso 9]><xml>
 <w:WordDocument>
  <w:View>Normal</w:View>
  <w:Zoom>0</w:Zoom>
  <w:PunctuationKerning/>
  <w:ValidateAgainstSchemas/>
  <w:SaveIfXMLInvalid>false</w:SaveIfXMLInvalid>
  <w:IgnoreMixedContent>false</w:IgnoreMixedContent>
  <w:AlwaysShowPlaceholderText>false</w:AlwaysShowPlaceholderText>
  <w:Compatibility>
   <w:BreakWrappedTables/>
   <w:SnapToGridInCell/>
   <w:WrapTextWithPunct/>
   <w:UseAsianBreakRules/>
   <w:DontGrowAutofit/>
  </w:Compatibility>
  <w:BrowserLevel>MicrosoftInternetExplorer4</w:BrowserLevel>
 </w:WordDocument>
</xml><![endif]--><!--[if gte mso 9]><xml>
 <w:LatentStyles DefLockedState=""false"" LatentStyleCount=""156"">
 </w:LatentStyles>
</xml><![endif]--><style>
<!--
 /* Font Definitions */
 @font-face
	{font-family:""Jameel Noori Nastaleeq"";
	panose-1:2 0 5 3 0 0 0 0 0 4;
	mso-font-charset:0;
	mso-generic-font-family:auto;
	mso-font-pitch:variable;
	mso-font-signature:-2147475449 0 0 0 65 0;}
 /* Style Definitions */
 p.MsoNormal, li.MsoNormal, div.MsoNormal
	{mso-style-parent:"""";
	margin:0in;
	margin-bottom:.0001pt;
	text-align:right;
	mso-pagination:widow-orphan;
	direction:rtl;
	unicode-bidi:embed;
	font-size:12.0pt;
	font-family:""Times New Roman"";
	mso-fareast-font-family:""Times New Roman"";}
@page Section1
	{size:8.5in 11.0in;
	margin:1.0in 1.25in 1.0in 1.25in;
	mso-header-margin:.5in;
	mso-footer-margin:.5in;
	mso-paper-source:0;}
div.Section1
	{page:Section1;}
-->
</style><!--[if gte mso 10]>
<style>
 /* Style Definitions */
 table.MsoNormalTable
	{mso-style-name:""Table Normal"";
	mso-tstyle-rowband-size:0;
	mso-tstyle-colband-size:0;
	mso-style-noshow:yes;
	mso-style-parent:"""";
	mso-padding-alt:0in 5.4pt 0in 5.4pt;
	mso-para-margin:0in;
	mso-para-margin-bottom:.0001pt;
	mso-pagination:widow-orphan;
	font-size:10.0pt;
	font-family:""Times New Roman"";
	mso-ansi-language:#0400;
	mso-fareast-language:#0400;
	mso-bidi-language:#0400;}
</style>
<![endif]-->

<p class=""MsoNormal"" dir=""rtl"" style=""text-align: justify;""><span style=""font-family: &quot;Jameel Noori Nastaleeq&quot;;"" lang=""AR-SA"">حضرت
میں ایک موبائل کی دکان پر کام کرتاہوں۔ تھوڑے دن پہلے ایک آدمی کے پیسے وہاں دکان
پر گر گئے ، کچھ لوگوں نے مجھے وہ پیسے اٹھانے کے لیے کہا او روہ پیسے میں نے اٹھا
لئے اب میں ان پیسوں کی ادائیگی کرنا چاہتا ہوں میں کیسے کروں؟<o:p></o:p></span></p>

</h2>","<p>بسم الله الرحمن الرحيم</p><p> <meta http-equiv=""Content-Type"" content=""text/html; charset=utf-8""><meta name=""ProgId"" content=""Word.Document""><meta name=""Generator"" content=""Microsoft Word 11""><meta name=""Originator"" content=""Microsoft Word 11""><link rel=""File-List"" href=""file:///G:\DOCUME~1\ADMINI~1\LOCALS~1\Temp\msohtml1\01\clip_filelist.xml""><!--[if gte mso 9]><xml>
 <w:WordDocument>
  <w:View>Normal</w:View>
  <w:Zoom>0</w:Zoom>
  <w:PunctuationKerning/>
  <w:ValidateAgainstSchemas/>
  <w:SaveIfXMLInvalid>false</w:SaveIfXMLInvalid>
  <w:IgnoreMixedContent>false</w:IgnoreMixedContent>
  <w:AlwaysShowPlaceholderText>false</w:AlwaysShowPlaceholderText>
  <w:Compatibility>
   <w:BreakWrappedTables/>
   <w:SnapToGridInCell/>
   <w:WrapTextWithPunct/>
   <w:UseAsianBreakRules/>
   <w:DontGrowAutofit/>
  </w:Compatibility>
  <w:BrowserLevel>MicrosoftInternetExplorer4</w:BrowserLevel>
 </w:WordDocument>
</xml><![endif]--><!--[if gte mso 9]><xml>
 <w:LatentStyles DefLockedState=""false"" LatentStyleCount=""156"">
 </w:LatentStyles>
</xml><![endif]--><style>
<!--
 /* Font Definitions */
 @font-face
	{font-family:""Jameel Noori Nastaleeq"";
	panose-1:2 0 5 3 0 0 0 0 0 4;
	mso-font-charset:0;
	mso-generic-font-family:auto;
	mso-font-pitch:variable;
	mso-font-signature:-2147475449 0 0 0 65 0;}
 /* Style Definitions */
 p.MsoNormal, li.MsoNormal, div.MsoNormal
	{mso-style-parent:"""";
	margin:0in;
	margin-bottom:.0001pt;
	text-align:right;
	mso-pagination:widow-orphan;
	direction:rtl;
	unicode-bidi:embed;
	font-size:12.0pt;
	font-family:""Times New Roman"";
	mso-fareast-font-family:""Times New Roman"";}
@page Section1
	{size:8.5in 11.0in;
	margin:1.0in 1.25in 1.0in 1.25in;
	mso-header-margin:.5in;
	mso-footer-margin:.5in;
	mso-paper-source:0;}
div.Section1
	{page:Section1;}
-->
</style><!--[if gte mso 10]>
<style>
 /* Style Definitions */
 table.MsoNormalTable
	{mso-style-name:""Table Normal"";
	mso-tstyle-rowband-size:0;
	mso-tstyle-colband-size:0;
	mso-style-noshow:yes;
	mso-style-parent:"""";
	mso-padding-alt:0in 5.4pt 0in 5.4pt;
	mso-para-margin:0in;
	mso-para-margin-bottom:.0001pt;
	mso-pagination:widow-orphan;
	font-size:10.0pt;
	font-family:""Times New Roman"";
	mso-ansi-language:#0400;
	mso-fareast-language:#0400;
	mso-bidi-language:#0400;}
</style>
<![endif]-->

</p><p class=""MsoNormal"" dir=""rtl"" style=""text-align: justify;""><span style=""font-family: &quot;Jameel Noori Nastaleeq&quot;;"" lang=""AR-SA"">فتوی:
1541=1264/د</span></p><p class=""MsoNormal"" dir=""rtl"" style=""text-align: justify;""><span style=""font-family: &quot;Jameel Noori Nastaleeq&quot;;"" lang=""AR-SA""><o:p>&nbsp;</o:p></span></p><p class=""MsoNormal"" dir=""rtl"" style=""text-align: justify;""><span style=""font-family: &quot;Jameel Noori Nastaleeq&quot;;"" lang=""AR-SA"">مالک
تک پیسے پہنچانے کا کوئی ذریعہ ہو تو اس تک پہنچانا واجب ہے، اگر مالک معلوم نہ ہو
تو جس قسم کے لوگوں کے بارے میں گمان ہو ان کو اطلاع کردیں یا دکان ہی پر اعلان
لگادیں، جو شخص واقعی صحیح علامت بتادے اور آپ کو یقین ہوجائے کہ یہی مالک ہے تو
اسے دیدیں، ورنہ پھر اعلان واطلاع کے کچھ روز بعد تک جب مالک کا پتہ نہ چلے اور نہ
ہی پتہ چلنے کی کوئی امید ہو تو کسی غریب کو صدقہ کردیں (مالک کی طرف سے صدقہ کی
نیت کریں) اپنے استعمال میں لانا جائز نہیں ہے۔</span></p><p></p><br><span style=""font-size:1.2em"">
								<p><strong>واللہ تعالیٰ اعلم</strong></p>
								<br class=""clear"">
								<p><strong>دارالافتاء،</strong><br>دارالعلوم دیوبند</p>
							</span>",01-Sep-2020,15569,darulifta-deoband.com,معاملات,دیگر معاملات,"<div id=""recent_fatwas"" class=""container tab-pane active""><br>
					<ul class=""answer_detail"">
												<li>
																					<div class=""cate_sec"">
								<p class=""category_name"">
									<span>
										معاملات									</span> 
									&gt;&gt; 
									<span>
																		<a href=""https://darulifta-deoband.com/ur/category/n-a/Mzg="">دیگر معاملات</a>
									</span>
								</p>
								<p class=""quesid""><span class=""anser_id_urdu""> سوال نمبر: 15569</span><!--<span class=""country_urdu"">  : ملک</span> --></p>
							</div>
							<h2><u> عنوان:</u> <meta http-equiv=""Content-Type"" content=""text/html; charset=utf-8""><meta name=""ProgId"" content=""Word.Document""><meta name=""Generator"" content=""Microsoft Word 11""><meta name=""Originator"" content=""Microsoft Word 11""><link rel=""File-List"" href=""file:///G:\DOCUME~1\ADMINI~1\LOCALS~1\Temp\msohtml1\01\clip_filelist.xml""><!--[if gte mso 9]><xml>
 <w:WordDocument>
  <w:View>Normal</w:View>
  <w:Zoom>0</w:Zoom>
  <w:PunctuationKerning/>
  <w:ValidateAgainstSchemas/>
  <w:SaveIfXMLInvalid>false</w:SaveIfXMLInvalid>
  <w:IgnoreMixedContent>false</w:IgnoreMixedContent>
  <w:AlwaysShowPlaceholderText>false</w:AlwaysShowPlaceholderText>
  <w:Compatibility>
   <w:BreakWrappedTables/>
   <w:SnapToGridInCell/>
   <w:WrapTextWithPunct/>
   <w:UseAsianBreakRules/>
   <w:DontGrowAutofit/>
  </w:Compatibility>
  <w:BrowserLevel>MicrosoftInternetExplorer4</w:BrowserLevel>
 </w:WordDocument>
</xml><![endif]--><!--[if gte mso 9]><xml>
 <w:LatentStyles DefLockedState=""false"" LatentStyleCount=""156"">
 </w:LatentStyles>
</xml><![endif]--><style>
<!--
 /* Font Definitions */
 @font-face
	{font-family:""Jameel Noori Nastaleeq"";
	panose-1:2 0 5 3 0 0 0 0 0 4;
	mso-font-charset:0;
	mso-generic-font-family:auto;
	mso-font-pitch:variable;
	mso-font-signature:-2147475449 0 0 0 65 0;}
 /* Style Definitions */
 p.MsoNormal, li.MsoNormal, div.MsoNormal
	{mso-style-parent:"""";
	margin:0in;
	margin-bottom:.0001pt;
	text-align:right;
	mso-pagination:widow-orphan;
	direction:rtl;
	unicode-bidi:embed;
	font-size:12.0pt;
	font-family:""Times New Roman"";
	mso-fareast-font-family:""Times New Roman"";}
@page Section1
	{size:8.5in 11.0in;
	margin:1.0in 1.25in 1.0in 1.25in;
	mso-header-margin:.5in;
	mso-footer-margin:.5in;
	mso-paper-source:0;}
div.Section1
	{page:Section1;}
-->
</style><!--[if gte mso 10]>
<style>
 /* Style Definitions */
 table.MsoNormalTable
	{mso-style-name:""Table Normal"";
	mso-tstyle-rowband-size:0;
	mso-tstyle-colband-size:0;
	mso-style-noshow:yes;
	mso-style-parent:"""";
	mso-padding-alt:0in 5.4pt 0in 5.4pt;
	mso-para-margin:0in;
	mso-para-margin-bottom:.0001pt;
	mso-pagination:widow-orphan;
	font-size:10.0pt;
	font-family:""Times New Roman"";
	mso-ansi-language:#0400;
	mso-fareast-language:#0400;
	mso-bidi-language:#0400;}
</style>
<![endif]-->

<p class=""MsoNormal"" dir=""rtl"" style=""text-align: justify;""><span style=""font-family: &quot;Jameel Noori Nastaleeq&quot;;"" lang=""AR-SA"">حضرت
میں ایک موبائل کی دکان پر کام کرتاہوں۔ تھوڑے دن پہلے ایک آدمی کے پیسے وہاں دکان
پر گر گئے ، کچھ لوگوں نے مجھے وہ پیسے اٹھانے کے لیے کہا او روہ پیسے میں نے اٹھا
لئے اب میں ان پیسوں کی ادائیگی کرنا چاہتا ہوں میں کیسے کروں؟<o:p></o:p></span></p>

</h2>
							<h2><u> سوال: </u> <meta http-equiv=""Content-Type"" content=""text/html; charset=utf-8""><meta name=""ProgId"" content=""Word.Document""><meta name=""Generator"" content=""Microsoft Word 11""><meta name=""Originator"" content=""Microsoft Word 11""><link rel=""File-List"" href=""file:///G:\DOCUME~1\ADMINI~1\LOCALS~1\Temp\msohtml1\01\clip_filelist.xml""><!--[if gte mso 9]><xml>
 <w:WordDocument>
  <w:View>Normal</w:View>
  <w:Zoom>0</w:Zoom>
  <w:PunctuationKerning/>
  <w:ValidateAgainstSchemas/>
  <w:SaveIfXMLInvalid>false</w:SaveIfXMLInvalid>
  <w:IgnoreMixedContent>false</w:IgnoreMixedContent>
  <w:AlwaysShowPlaceholderText>false</w:AlwaysShowPlaceholderText>
  <w:Compatibility>
   <w:BreakWrappedTables/>
   <w:SnapToGridInCell/>
   <w:WrapTextWithPunct/>
   <w:UseAsianBreakRules/>
   <w:DontGrowAutofit/>
  </w:Compatibility>
  <w:BrowserLevel>MicrosoftInternetExplorer4</w:BrowserLevel>
 </w:WordDocument>
</xml><![endif]--><!--[if gte mso 9]><xml>
 <w:LatentStyles DefLockedState=""false"" LatentStyleCount=""156"">
 </w:LatentStyles>
</xml><![endif]--><style>
<!--
 /* Font Definitions */
 @font-face
	{font-family:""Jameel Noori Nastaleeq"";
	panose-1:2 0 5 3 0 0 0 0 0 4;
	mso-font-charset:0;
	mso-generic-font-family:auto;
	mso-font-pitch:variable;
	mso-font-signature:-2147475449 0 0 0 65 0;}
 /* Style Definitions */
 p.MsoNormal, li.MsoNormal, div.MsoNormal
	{mso-style-parent:"""";
	margin:0in;
	margin-bottom:.0001pt;
	text-align:right;
	mso-pagination:widow-orphan;
	direction:rtl;
	unicode-bidi:embed;
	font-size:12.0pt;
	font-family:""Times New Roman"";
	mso-fareast-font-family:""Times New Roman"";}
@page Section1
	{size:8.5in 11.0in;
	margin:1.0in 1.25in 1.0in 1.25in;
	mso-header-margin:.5in;
	mso-footer-margin:.5in;
	mso-paper-source:0;}
div.Section1
	{page:Section1;}
-->
</style><!--[if gte mso 10]>
<style>
 /* Style Definitions */
 table.MsoNormalTable
	{mso-style-name:""Table Normal"";
	mso-tstyle-rowband-size:0;
	mso-tstyle-colband-size:0;
	mso-style-noshow:yes;
	mso-style-parent:"""";
	mso-padding-alt:0in 5.4pt 0in 5.4pt;
	mso-para-margin:0in;
	mso-para-margin-bottom:.0001pt;
	mso-pagination:widow-orphan;
	font-size:10.0pt;
	font-family:""Times New Roman"";
	mso-ansi-language:#0400;
	mso-fareast-language:#0400;
	mso-bidi-language:#0400;}
</style>
<![endif]-->

<p class=""MsoNormal"" dir=""rtl"" style=""text-align: justify;""><span style=""font-family: &quot;Jameel Noori Nastaleeq&quot;;"" lang=""AR-SA"">حضرت
میں ایک موبائل کی دکان پر کام کرتاہوں۔ تھوڑے دن پہلے ایک آدمی کے پیسے وہاں دکان
پر گر گئے ، کچھ لوگوں نے مجھے وہ پیسے اٹھانے کے لیے کہا او روہ پیسے میں نے اٹھا
لئے اب میں ان پیسوں کی ادائیگی کرنا چاہتا ہوں میں کیسے کروں؟<o:p></o:p></span></p>

</h2>
							<p class=""fatwa_answer""><span class=""ans_urdu_id""> جواب نمبر: 15569</span><span style=""color:#efefef;display:none;"" class=""answer_date_urdu"">01-Sep-2020 : تاریخ اشاعت </span></p>
							<p>بسم الله الرحمن الرحيم</p>
							<p> <meta http-equiv=""Content-Type"" content=""text/html; charset=utf-8""><meta name=""ProgId"" content=""Word.Document""><meta name=""Generator"" content=""Microsoft Word 11""><meta name=""Originator"" content=""Microsoft Word 11""><link rel=""File-List"" href=""file:///G:\DOCUME~1\ADMINI~1\LOCALS~1\Temp\msohtml1\01\clip_filelist.xml""><!--[if gte mso 9]><xml>
 <w:WordDocument>
  <w:View>Normal</w:View>
  <w:Zoom>0</w:Zoom>
  <w:PunctuationKerning/>
  <w:ValidateAgainstSchemas/>
  <w:SaveIfXMLInvalid>false</w:SaveIfXMLInvalid>
  <w:IgnoreMixedContent>false</w:IgnoreMixedContent>
  <w:AlwaysShowPlaceholderText>false</w:AlwaysShowPlaceholderText>
  <w:Compatibility>
   <w:BreakWrappedTables/>
   <w:SnapToGridInCell/>
   <w:WrapTextWithPunct/>
   <w:UseAsianBreakRules/>
   <w:DontGrowAutofit/>
  </w:Compatibility>
  <w:BrowserLevel>MicrosoftInternetExplorer4</w:BrowserLevel>
 </w:WordDocument>
</xml><![endif]--><!--[if gte mso 9]><xml>
 <w:LatentStyles DefLockedState=""false"" LatentStyleCount=""156"">
 </w:LatentStyles>
</xml><![endif]--><style>
<!--
 /* Font Definitions */
 @font-face
	{font-family:""Jameel Noori Nastaleeq"";
	panose-1:2 0 5 3 0 0 0 0 0 4;
	mso-font-charset:0;
	mso-generic-font-family:auto;
	mso-font-pitch:variable;
	mso-font-signature:-2147475449 0 0 0 65 0;}
 /* Style Definitions */
 p.MsoNormal, li.MsoNormal, div.MsoNormal
	{mso-style-parent:"""";
	margin:0in;
	margin-bottom:.0001pt;
	text-align:right;
	mso-pagination:widow-orphan;
	direction:rtl;
	unicode-bidi:embed;
	font-size:12.0pt;
	font-family:""Times New Roman"";
	mso-fareast-font-family:""Times New Roman"";}
@page Section1
	{size:8.5in 11.0in;
	margin:1.0in 1.25in 1.0in 1.25in;
	mso-header-margin:.5in;
	mso-footer-margin:.5in;
	mso-paper-source:0;}
div.Section1
	{page:Section1;}
-->
</style><!--[if gte mso 10]>
<style>
 /* Style Definitions */
 table.MsoNormalTable
	{mso-style-name:""Table Normal"";
	mso-tstyle-rowband-size:0;
	mso-tstyle-colband-size:0;
	mso-style-noshow:yes;
	mso-style-parent:"""";
	mso-padding-alt:0in 5.4pt 0in 5.4pt;
	mso-para-margin:0in;
	mso-para-margin-bottom:.0001pt;
	mso-pagination:widow-orphan;
	font-size:10.0pt;
	font-family:""Times New Roman"";
	mso-ansi-language:#0400;
	mso-fareast-language:#0400;
	mso-bidi-language:#0400;}
</style>
<![endif]-->

</p><p class=""MsoNormal"" dir=""rtl"" style=""text-align: justify;""><span style=""font-family: &quot;Jameel Noori Nastaleeq&quot;;"" lang=""AR-SA"">فتوی:
1541=1264/د</span></p>

<p class=""MsoNormal"" dir=""rtl"" style=""text-align: justify;""><span style=""font-family: &quot;Jameel Noori Nastaleeq&quot;;"" lang=""AR-SA""><o:p>&nbsp;</o:p></span></p>

<p class=""MsoNormal"" dir=""rtl"" style=""text-align: justify;""><span style=""font-family: &quot;Jameel Noori Nastaleeq&quot;;"" lang=""AR-SA"">مالک
تک پیسے پہنچانے کا کوئی ذریعہ ہو تو اس تک پہنچانا واجب ہے، اگر مالک معلوم نہ ہو
تو جس قسم کے لوگوں کے بارے میں گمان ہو ان کو اطلاع کردیں یا دکان ہی پر اعلان
لگادیں، جو شخص واقعی صحیح علامت بتادے اور آپ کو یقین ہوجائے کہ یہی مالک ہے تو
اسے دیدیں، ورنہ پھر اعلان واطلاع کے کچھ روز بعد تک جب مالک کا پتہ نہ چلے اور نہ
ہی پتہ چلنے کی کوئی امید ہو تو کسی غریب کو صدقہ کردیں (مالک کی طرف سے صدقہ کی
نیت کریں) اپنے استعمال میں لانا جائز نہیں ہے۔</span></p>

<p></p> 
							<br>
							<span style=""font-size:1.2em"">
								<p><strong>واللہ تعالیٰ اعلم</strong></p>
								<br class=""clear"">
								<p><strong>دارالافتاء،</strong><br>دارالعلوم دیوبند</p>
							</span>
						</li>
											</ul>
				</div>"
https://darulifta-deoband.com/home/ur/other-transactions/15003,جناب میرا سوال یہ ہے کہ مجھے ایک سونے کی انگوٹھی ملی، میں نے وہاں پر موجود دکاندار سے کہا کہ مجھے کسی کی کوئی چیز ملی ہے اگر آپ کے پاس کوئی ڈھونڈھتا ہوا آئے تو مجھے بتانا۔کئی دن گزر جانے پر بھی اس سونے کی انگوٹھی کو لینے کوئی نہیں آیا۔ اب اس سونے کی انگوٹھی پر کس کا حق بنتا ہے، کیا میں اس کو بیچ کر کسی غریب کو پیسہ دے دوں یہ سمجھ کر کہ یہ ثواب جاریہ ہے،کیا ایسا کرنا چوری میں شمار ہوگا؟ آپ سے دعا کی درخواست ہے۔,"<h2><u> سوال: </u> <meta http-equiv=""Content-Type"" content=""text/html; charset=utf-8""><meta name=""ProgId"" content=""Word.Document""><meta name=""Generator"" content=""Microsoft Word 11""><meta name=""Originator"" content=""Microsoft Word 11""><link rel=""File-List"" href=""file:///G:\DOCUME~1\ADMINI~1\LOCALS~1\Temp\msohtml1\01\clip_filelist.xml""><!--[if gte mso 9]><xml>
 <w:WordDocument>
  <w:View>Normal</w:View>
  <w:Zoom>0</w:Zoom>
  <w:PunctuationKerning/>
  <w:ValidateAgainstSchemas/>
  <w:SaveIfXMLInvalid>false</w:SaveIfXMLInvalid>
  <w:IgnoreMixedContent>false</w:IgnoreMixedContent>
  <w:AlwaysShowPlaceholderText>false</w:AlwaysShowPlaceholderText>
  <w:Compatibility>
   <w:BreakWrappedTables/>
   <w:SnapToGridInCell/>
   <w:WrapTextWithPunct/>
   <w:UseAsianBreakRules/>
   <w:DontGrowAutofit/>
  </w:Compatibility>
  <w:BrowserLevel>MicrosoftInternetExplorer4</w:BrowserLevel>
 </w:WordDocument>
</xml><![endif]--><!--[if gte mso 9]><xml>
 <w:LatentStyles DefLockedState=""false"" LatentStyleCount=""156"">
 </w:LatentStyles>
</xml><![endif]--><style>
<!--
 /* Font Definitions */
 @font-face
	{font-family:SimSun;
	panose-1:2 1 6 0 3 1 1 1 1 1;
	mso-font-alt:&#23435;&#20307;;
	mso-font-charset:134;
	mso-generic-font-family:auto;
	mso-font-pitch:variable;
	mso-font-signature:3 135135232 16 0 262145 0;}
@font-face
	{font-family:""Angsana New"";
	panose-1:2 2 6 3 5 4 5 2 3 4;
	mso-font-charset:0;
	mso-generic-font-family:roman;
	mso-font-pitch:variable;
	mso-font-signature:16777219 0 0 0 65537 0;}
@font-face
	{font-family:Tahoma;
	panose-1:2 11 6 4 3 5 4 4 2 4;
	mso-font-charset:0;
	mso-generic-font-family:swiss;
	mso-font-pitch:variable;
	mso-font-signature:1627421319 -2147483648 8 0 66047 0;}
@font-face
	{font-family:""\@SimSun"";
	panose-1:2 1 6 0 3 1 1 1 1 1;
	mso-font-charset:134;
	mso-generic-font-family:auto;
	mso-font-pitch:variable;
	mso-font-signature:3 135135232 16 0 262145 0;}
@font-face
	{font-family:""Jameel Noori Nastaleeq"";
	panose-1:2 0 5 3 0 0 0 0 0 4;
	mso-font-charset:0;
	mso-generic-font-family:auto;
	mso-font-pitch:variable;
	mso-font-signature:-2147475449 0 0 0 65 0;}
 /* Style Definitions */
 p.MsoNormal, li.MsoNormal, div.MsoNormal
	{mso-style-parent:"""";
	margin:0in;
	margin-bottom:.0001pt;
	text-align:justify;
	text-justify:kashida;
	text-kashida:0%;
	mso-pagination:widow-orphan;
	direction:rtl;
	unicode-bidi:embed;
	font-size:12.0pt;
	mso-bidi-font-size:10.0pt;
	font-family:Tahoma;
	mso-fareast-font-family:SimSun;}
@page Section1
	{size:8.5in 11.0in;
	margin:1.0in 1.25in 1.0in 1.25in;
	mso-header-margin:.5in;
	mso-footer-margin:.5in;
	mso-paper-source:0;}
div.Section1
	{page:Section1;}
-->
</style><!--[if gte mso 10]>
<style>
 /* Style Definitions */
 table.MsoNormalTable
	{mso-style-name:""Table Normal"";
	mso-tstyle-rowband-size:0;
	mso-tstyle-colband-size:0;
	mso-style-noshow:yes;
	mso-style-parent:"""";
	mso-padding-alt:0in 5.4pt 0in 5.4pt;
	mso-para-margin:0in;
	mso-para-margin-bottom:.0001pt;
	mso-pagination:widow-orphan;
	font-size:10.0pt;
	font-family:""Angsana New"";
	mso-ansi-language:#0400;
	mso-fareast-language:#0400;
	mso-bidi-language:#0400;}
</style>
<![endif]-->

<p class=""MsoNormal"" dir=""rtl""><span style=""font-family: &quot;Jameel Noori Nastaleeq&quot;;"" lang=""AR-SA"">جناب میرا سوال یہ ہے کہ مجھے ایک سونے کی
انگوٹھی ملی، میں نے وہاں پر موجود دکاندار سے کہا کہ مجھے کسی کی کوئی چیز ملی ہے
اگر آپ کے پاس کوئی ڈھونڈھتا ہوا آئے تو مجھے بتانا۔کئی دن گزر جانے پر بھی اس
سونے کی انگوٹھی کو لینے کوئی نہیں آیا۔ اب اس سونے کی انگوٹھی پر کس کا حق بنتا
ہے، کیا میں اس کو بیچ کر کسی غریب کو پیسہ دے دوں یہ سمجھ کر کہ یہ ثواب جاریہ
ہے،کیا ایسا کرنا چوری میں شمار ہوگا؟ آپ سے دعا کی درخواست ہے۔<o:p></o:p></span></p>

</h2>","<p>بسم الله الرحمن الرحيم</p><p> <meta http-equiv=""Content-Type"" content=""text/html; charset=utf-8""><meta name=""ProgId"" content=""Word.Document""><meta name=""Generator"" content=""Microsoft Word 11""><meta name=""Originator"" content=""Microsoft Word 11""><link rel=""File-List"" href=""file:///G:\DOCUME~1\ADMINI~1\LOCALS~1\Temp\msohtml1\01\clip_filelist.xml""><!--[if gte mso 9]><xml>
 <w:WordDocument>
  <w:View>Normal</w:View>
  <w:Zoom>0</w:Zoom>
  <w:PunctuationKerning/>
  <w:ValidateAgainstSchemas/>
  <w:SaveIfXMLInvalid>false</w:SaveIfXMLInvalid>
  <w:IgnoreMixedContent>false</w:IgnoreMixedContent>
  <w:AlwaysShowPlaceholderText>false</w:AlwaysShowPlaceholderText>
  <w:Compatibility>
   <w:BreakWrappedTables/>
   <w:SnapToGridInCell/>
   <w:WrapTextWithPunct/>
   <w:UseAsianBreakRules/>
   <w:DontGrowAutofit/>
  </w:Compatibility>
  <w:BrowserLevel>MicrosoftInternetExplorer4</w:BrowserLevel>
 </w:WordDocument>
</xml><![endif]--><!--[if gte mso 9]><xml>
 <w:LatentStyles DefLockedState=""false"" LatentStyleCount=""156"">
 </w:LatentStyles>
</xml><![endif]--><style>
<!--
 /* Font Definitions */
 @font-face
	{font-family:SimSun;
	panose-1:2 1 6 0 3 1 1 1 1 1;
	mso-font-alt:&#23435;&#20307;;
	mso-font-charset:134;
	mso-generic-font-family:auto;
	mso-font-pitch:variable;
	mso-font-signature:3 135135232 16 0 262145 0;}
@font-face
	{font-family:""Angsana New"";
	panose-1:2 2 6 3 5 4 5 2 3 4;
	mso-font-charset:0;
	mso-generic-font-family:roman;
	mso-font-pitch:variable;
	mso-font-signature:16777219 0 0 0 65537 0;}
@font-face
	{font-family:Tahoma;
	panose-1:2 11 6 4 3 5 4 4 2 4;
	mso-font-charset:0;
	mso-generic-font-family:swiss;
	mso-font-pitch:variable;
	mso-font-signature:1627421319 -2147483648 8 0 66047 0;}
@font-face
	{font-family:""\@SimSun"";
	panose-1:2 1 6 0 3 1 1 1 1 1;
	mso-font-charset:134;
	mso-generic-font-family:auto;
	mso-font-pitch:variable;
	mso-font-signature:3 135135232 16 0 262145 0;}
@font-face
	{font-family:""Jameel Noori Nastaleeq"";
	panose-1:2 0 5 3 0 0 0 0 0 4;
	mso-font-charset:0;
	mso-generic-font-family:auto;
	mso-font-pitch:variable;
	mso-font-signature:-2147475449 0 0 0 65 0;}
 /* Style Definitions */
 p.MsoNormal, li.MsoNormal, div.MsoNormal
	{mso-style-parent:"""";
	margin:0in;
	margin-bottom:.0001pt;
	text-align:justify;
	text-justify:kashida;
	text-kashida:0%;
	mso-pagination:widow-orphan;
	direction:rtl;
	unicode-bidi:embed;
	font-size:12.0pt;
	mso-bidi-font-size:10.0pt;
	font-family:Tahoma;
	mso-fareast-font-family:SimSun;}
@page Section1
	{size:8.5in 11.0in;
	margin:1.0in 1.25in 1.0in 1.25in;
	mso-header-margin:.5in;
	mso-footer-margin:.5in;
	mso-paper-source:0;}
div.Section1
	{page:Section1;}
-->
</style><!--[if gte mso 10]>
<style>
 /* Style Definitions */
 table.MsoNormalTable
	{mso-style-name:""Table Normal"";
	mso-tstyle-rowband-size:0;
	mso-tstyle-colband-size:0;
	mso-style-noshow:yes;
	mso-style-parent:"""";
	mso-padding-alt:0in 5.4pt 0in 5.4pt;
	mso-para-margin:0in;
	mso-para-margin-bottom:.0001pt;
	mso-pagination:widow-orphan;
	font-size:10.0pt;
	font-family:""Angsana New"";
	mso-ansi-language:#0400;
	mso-fareast-language:#0400;
	mso-bidi-language:#0400;}
</style>
<![endif]-->

</p><p class=""MsoNormal"" dir=""rtl""><span style=""font-family: &quot;Jameel Noori Nastaleeq&quot;;"" lang=""AR-SA"">فتوی: 1710=1376/ھ</span></p><p class=""MsoNormal"" dir=""rtl""><span style=""font-family: &quot;Jameel Noori Nastaleeq&quot;;"" lang=""AR-SA""><o:p>&nbsp;</o:p></span></p><p class=""MsoNormal"" dir=""rtl""><span style=""font-family: &quot;Jameel Noori Nastaleeq&quot;;"" lang=""AR-SA"">یہ چوری میں شمار نہیں بلکہ حکم یہی ہے کہ
اگر مالک تک پہنچانے اور اس کی تلاش سے مایوسی ہوگئی ہے تو اس کو بیچ کر یا
انگوٹھی ہی کو غرباء فقراء مساکین کو دیدیں۔ </span></p><p></p><br><span style=""font-size:1.2em"">
								<p><strong>واللہ تعالیٰ اعلم</strong></p>
								<br class=""clear"">
								<p><strong>دارالافتاء،</strong><br>دارالعلوم دیوبند</p>
							</span>",01-Sep-2020,15003,darulifta-deoband.com,معاملات,دیگر معاملات,"<div id=""recent_fatwas"" class=""container tab-pane active""><br>
					<ul class=""answer_detail"">
												<li>
																					<div class=""cate_sec"">
								<p class=""category_name"">
									<span>
										معاملات									</span> 
									&gt;&gt; 
									<span>
																		<a href=""https://darulifta-deoband.com/ur/category/n-a/Mzg="">دیگر معاملات</a>
									</span>
								</p>
								<p class=""quesid""><span class=""anser_id_urdu""> سوال نمبر: 15003</span><!--<span class=""country_urdu"">  : ملک</span> --></p>
							</div>
							<h2><u> عنوان:</u> <meta http-equiv=""Content-Type"" content=""text/html; charset=utf-8""><meta name=""ProgId"" content=""Word.Document""><meta name=""Generator"" content=""Microsoft Word 11""><meta name=""Originator"" content=""Microsoft Word 11""><link rel=""File-List"" href=""file:///G:\DOCUME~1\ADMINI~1\LOCALS~1\Temp\msohtml1\01\clip_filelist.xml""><!--[if gte mso 9]><xml>
 <w:WordDocument>
  <w:View>Normal</w:View>
  <w:Zoom>0</w:Zoom>
  <w:PunctuationKerning/>
  <w:ValidateAgainstSchemas/>
  <w:SaveIfXMLInvalid>false</w:SaveIfXMLInvalid>
  <w:IgnoreMixedContent>false</w:IgnoreMixedContent>
  <w:AlwaysShowPlaceholderText>false</w:AlwaysShowPlaceholderText>
  <w:Compatibility>
   <w:BreakWrappedTables/>
   <w:SnapToGridInCell/>
   <w:WrapTextWithPunct/>
   <w:UseAsianBreakRules/>
   <w:DontGrowAutofit/>
  </w:Compatibility>
  <w:BrowserLevel>MicrosoftInternetExplorer4</w:BrowserLevel>
 </w:WordDocument>
</xml><![endif]--><!--[if gte mso 9]><xml>
 <w:LatentStyles DefLockedState=""false"" LatentStyleCount=""156"">
 </w:LatentStyles>
</xml><![endif]--><style>
<!--
 /* Font Definitions */
 @font-face
	{font-family:SimSun;
	panose-1:2 1 6 0 3 1 1 1 1 1;
	mso-font-alt:&#23435;&#20307;;
	mso-font-charset:134;
	mso-generic-font-family:auto;
	mso-font-pitch:variable;
	mso-font-signature:3 135135232 16 0 262145 0;}
@font-face
	{font-family:""Angsana New"";
	panose-1:2 2 6 3 5 4 5 2 3 4;
	mso-font-charset:0;
	mso-generic-font-family:roman;
	mso-font-pitch:variable;
	mso-font-signature:16777219 0 0 0 65537 0;}
@font-face
	{font-family:Tahoma;
	panose-1:2 11 6 4 3 5 4 4 2 4;
	mso-font-charset:0;
	mso-generic-font-family:swiss;
	mso-font-pitch:variable;
	mso-font-signature:1627421319 -2147483648 8 0 66047 0;}
@font-face
	{font-family:""\@SimSun"";
	panose-1:2 1 6 0 3 1 1 1 1 1;
	mso-font-charset:134;
	mso-generic-font-family:auto;
	mso-font-pitch:variable;
	mso-font-signature:3 135135232 16 0 262145 0;}
@font-face
	{font-family:""Jameel Noori Nastaleeq"";
	panose-1:2 0 5 3 0 0 0 0 0 4;
	mso-font-charset:0;
	mso-generic-font-family:auto;
	mso-font-pitch:variable;
	mso-font-signature:-2147475449 0 0 0 65 0;}
 /* Style Definitions */
 p.MsoNormal, li.MsoNormal, div.MsoNormal
	{mso-style-parent:"""";
	margin:0in;
	margin-bottom:.0001pt;
	text-align:justify;
	text-justify:kashida;
	text-kashida:0%;
	mso-pagination:widow-orphan;
	direction:rtl;
	unicode-bidi:embed;
	font-size:12.0pt;
	mso-bidi-font-size:10.0pt;
	font-family:Tahoma;
	mso-fareast-font-family:SimSun;}
@page Section1
	{size:8.5in 11.0in;
	margin:1.0in 1.25in 1.0in 1.25in;
	mso-header-margin:.5in;
	mso-footer-margin:.5in;
	mso-paper-source:0;}
div.Section1
	{page:Section1;}
-->
</style><!--[if gte mso 10]>
<style>
 /* Style Definitions */
 table.MsoNormalTable
	{mso-style-name:""Table Normal"";
	mso-tstyle-rowband-size:0;
	mso-tstyle-colband-size:0;
	mso-style-noshow:yes;
	mso-style-parent:"""";
	mso-padding-alt:0in 5.4pt 0in 5.4pt;
	mso-para-margin:0in;
	mso-para-margin-bottom:.0001pt;
	mso-pagination:widow-orphan;
	font-size:10.0pt;
	font-family:""Angsana New"";
	mso-ansi-language:#0400;
	mso-fareast-language:#0400;
	mso-bidi-language:#0400;}
</style>
<![endif]-->

<p class=""MsoNormal"" dir=""rtl""><span style=""font-family: &quot;Jameel Noori Nastaleeq&quot;;"" lang=""AR-SA"">جناب میرا سوال یہ ہے کہ مجھے ایک سونے کی
انگوٹھی ملی، میں نے وہاں پر موجود دکاندار سے کہا کہ مجھے کسی کی کوئی چیز ملی ہے
اگر آپ کے پاس کوئی ڈھونڈھتا ہوا آئے تو مجھے بتانا۔کئی دن گزر جانے پر بھی اس
سونے کی انگوٹھی کو لینے کوئی نہیں آیا۔ اب اس سونے کی انگوٹھی پر کس کا حق بنتا
ہے، کیا میں اس کو بیچ کر کسی غریب کو پیسہ دے دوں یہ سمجھ کر کہ یہ ثواب جاریہ
ہے،کیا ایسا کرنا چوری میں شمار ہوگا؟ آپ سے دعا کی درخواست ہے۔<o:p></o:p></span></p>

</h2>
							<h2><u> سوال: </u> <meta http-equiv=""Content-Type"" content=""text/html; charset=utf-8""><meta name=""ProgId"" content=""Word.Document""><meta name=""Generator"" content=""Microsoft Word 11""><meta name=""Originator"" content=""Microsoft Word 11""><link rel=""File-List"" href=""file:///G:\DOCUME~1\ADMINI~1\LOCALS~1\Temp\msohtml1\01\clip_filelist.xml""><!--[if gte mso 9]><xml>
 <w:WordDocument>
  <w:View>Normal</w:View>
  <w:Zoom>0</w:Zoom>
  <w:PunctuationKerning/>
  <w:ValidateAgainstSchemas/>
  <w:SaveIfXMLInvalid>false</w:SaveIfXMLInvalid>
  <w:IgnoreMixedContent>false</w:IgnoreMixedContent>
  <w:AlwaysShowPlaceholderText>false</w:AlwaysShowPlaceholderText>
  <w:Compatibility>
   <w:BreakWrappedTables/>
   <w:SnapToGridInCell/>
   <w:WrapTextWithPunct/>
   <w:UseAsianBreakRules/>
   <w:DontGrowAutofit/>
  </w:Compatibility>
  <w:BrowserLevel>MicrosoftInternetExplorer4</w:BrowserLevel>
 </w:WordDocument>
</xml><![endif]--><!--[if gte mso 9]><xml>
 <w:LatentStyles DefLockedState=""false"" LatentStyleCount=""156"">
 </w:LatentStyles>
</xml><![endif]--><style>
<!--
 /* Font Definitions */
 @font-face
	{font-family:SimSun;
	panose-1:2 1 6 0 3 1 1 1 1 1;
	mso-font-alt:&#23435;&#20307;;
	mso-font-charset:134;
	mso-generic-font-family:auto;
	mso-font-pitch:variable;
	mso-font-signature:3 135135232 16 0 262145 0;}
@font-face
	{font-family:""Angsana New"";
	panose-1:2 2 6 3 5 4 5 2 3 4;
	mso-font-charset:0;
	mso-generic-font-family:roman;
	mso-font-pitch:variable;
	mso-font-signature:16777219 0 0 0 65537 0;}
@font-face
	{font-family:Tahoma;
	panose-1:2 11 6 4 3 5 4 4 2 4;
	mso-font-charset:0;
	mso-generic-font-family:swiss;
	mso-font-pitch:variable;
	mso-font-signature:1627421319 -2147483648 8 0 66047 0;}
@font-face
	{font-family:""\@SimSun"";
	panose-1:2 1 6 0 3 1 1 1 1 1;
	mso-font-charset:134;
	mso-generic-font-family:auto;
	mso-font-pitch:variable;
	mso-font-signature:3 135135232 16 0 262145 0;}
@font-face
	{font-family:""Jameel Noori Nastaleeq"";
	panose-1:2 0 5 3 0 0 0 0 0 4;
	mso-font-charset:0;
	mso-generic-font-family:auto;
	mso-font-pitch:variable;
	mso-font-signature:-2147475449 0 0 0 65 0;}
 /* Style Definitions */
 p.MsoNormal, li.MsoNormal, div.MsoNormal
	{mso-style-parent:"""";
	margin:0in;
	margin-bottom:.0001pt;
	text-align:justify;
	text-justify:kashida;
	text-kashida:0%;
	mso-pagination:widow-orphan;
	direction:rtl;
	unicode-bidi:embed;
	font-size:12.0pt;
	mso-bidi-font-size:10.0pt;
	font-family:Tahoma;
	mso-fareast-font-family:SimSun;}
@page Section1
	{size:8.5in 11.0in;
	margin:1.0in 1.25in 1.0in 1.25in;
	mso-header-margin:.5in;
	mso-footer-margin:.5in;
	mso-paper-source:0;}
div.Section1
	{page:Section1;}
-->
</style><!--[if gte mso 10]>
<style>
 /* Style Definitions */
 table.MsoNormalTable
	{mso-style-name:""Table Normal"";
	mso-tstyle-rowband-size:0;
	mso-tstyle-colband-size:0;
	mso-style-noshow:yes;
	mso-style-parent:"""";
	mso-padding-alt:0in 5.4pt 0in 5.4pt;
	mso-para-margin:0in;
	mso-para-margin-bottom:.0001pt;
	mso-pagination:widow-orphan;
	font-size:10.0pt;
	font-family:""Angsana New"";
	mso-ansi-language:#0400;
	mso-fareast-language:#0400;
	mso-bidi-language:#0400;}
</style>
<![endif]-->

<p class=""MsoNormal"" dir=""rtl""><span style=""font-family: &quot;Jameel Noori Nastaleeq&quot;;"" lang=""AR-SA"">جناب میرا سوال یہ ہے کہ مجھے ایک سونے کی
انگوٹھی ملی، میں نے وہاں پر موجود دکاندار سے کہا کہ مجھے کسی کی کوئی چیز ملی ہے
اگر آپ کے پاس کوئی ڈھونڈھتا ہوا آئے تو مجھے بتانا۔کئی دن گزر جانے پر بھی اس
سونے کی انگوٹھی کو لینے کوئی نہیں آیا۔ اب اس سونے کی انگوٹھی پر کس کا حق بنتا
ہے، کیا میں اس کو بیچ کر کسی غریب کو پیسہ دے دوں یہ سمجھ کر کہ یہ ثواب جاریہ
ہے،کیا ایسا کرنا چوری میں شمار ہوگا؟ آپ سے دعا کی درخواست ہے۔<o:p></o:p></span></p>

</h2>
							<p class=""fatwa_answer""><span class=""ans_urdu_id""> جواب نمبر: 15003</span><span style=""color:#efefef;display:none;"" class=""answer_date_urdu"">01-Sep-2020 : تاریخ اشاعت </span></p>
							<p>بسم الله الرحمن الرحيم</p>
							<p> <meta http-equiv=""Content-Type"" content=""text/html; charset=utf-8""><meta name=""ProgId"" content=""Word.Document""><meta name=""Generator"" content=""Microsoft Word 11""><meta name=""Originator"" content=""Microsoft Word 11""><link rel=""File-List"" href=""file:///G:\DOCUME~1\ADMINI~1\LOCALS~1\Temp\msohtml1\01\clip_filelist.xml""><!--[if gte mso 9]><xml>
 <w:WordDocument>
  <w:View>Normal</w:View>
  <w:Zoom>0</w:Zoom>
  <w:PunctuationKerning/>
  <w:ValidateAgainstSchemas/>
  <w:SaveIfXMLInvalid>false</w:SaveIfXMLInvalid>
  <w:IgnoreMixedContent>false</w:IgnoreMixedContent>
  <w:AlwaysShowPlaceholderText>false</w:AlwaysShowPlaceholderText>
  <w:Compatibility>
   <w:BreakWrappedTables/>
   <w:SnapToGridInCell/>
   <w:WrapTextWithPunct/>
   <w:UseAsianBreakRules/>
   <w:DontGrowAutofit/>
  </w:Compatibility>
  <w:BrowserLevel>MicrosoftInternetExplorer4</w:BrowserLevel>
 </w:WordDocument>
</xml><![endif]--><!--[if gte mso 9]><xml>
 <w:LatentStyles DefLockedState=""false"" LatentStyleCount=""156"">
 </w:LatentStyles>
</xml><![endif]--><style>
<!--
 /* Font Definitions */
 @font-face
	{font-family:SimSun;
	panose-1:2 1 6 0 3 1 1 1 1 1;
	mso-font-alt:&#23435;&#20307;;
	mso-font-charset:134;
	mso-generic-font-family:auto;
	mso-font-pitch:variable;
	mso-font-signature:3 135135232 16 0 262145 0;}
@font-face
	{font-family:""Angsana New"";
	panose-1:2 2 6 3 5 4 5 2 3 4;
	mso-font-charset:0;
	mso-generic-font-family:roman;
	mso-font-pitch:variable;
	mso-font-signature:16777219 0 0 0 65537 0;}
@font-face
	{font-family:Tahoma;
	panose-1:2 11 6 4 3 5 4 4 2 4;
	mso-font-charset:0;
	mso-generic-font-family:swiss;
	mso-font-pitch:variable;
	mso-font-signature:1627421319 -2147483648 8 0 66047 0;}
@font-face
	{font-family:""\@SimSun"";
	panose-1:2 1 6 0 3 1 1 1 1 1;
	mso-font-charset:134;
	mso-generic-font-family:auto;
	mso-font-pitch:variable;
	mso-font-signature:3 135135232 16 0 262145 0;}
@font-face
	{font-family:""Jameel Noori Nastaleeq"";
	panose-1:2 0 5 3 0 0 0 0 0 4;
	mso-font-charset:0;
	mso-generic-font-family:auto;
	mso-font-pitch:variable;
	mso-font-signature:-2147475449 0 0 0 65 0;}
 /* Style Definitions */
 p.MsoNormal, li.MsoNormal, div.MsoNormal
	{mso-style-parent:"""";
	margin:0in;
	margin-bottom:.0001pt;
	text-align:justify;
	text-justify:kashida;
	text-kashida:0%;
	mso-pagination:widow-orphan;
	direction:rtl;
	unicode-bidi:embed;
	font-size:12.0pt;
	mso-bidi-font-size:10.0pt;
	font-family:Tahoma;
	mso-fareast-font-family:SimSun;}
@page Section1
	{size:8.5in 11.0in;
	margin:1.0in 1.25in 1.0in 1.25in;
	mso-header-margin:.5in;
	mso-footer-margin:.5in;
	mso-paper-source:0;}
div.Section1
	{page:Section1;}
-->
</style><!--[if gte mso 10]>
<style>
 /* Style Definitions */
 table.MsoNormalTable
	{mso-style-name:""Table Normal"";
	mso-tstyle-rowband-size:0;
	mso-tstyle-colband-size:0;
	mso-style-noshow:yes;
	mso-style-parent:"""";
	mso-padding-alt:0in 5.4pt 0in 5.4pt;
	mso-para-margin:0in;
	mso-para-margin-bottom:.0001pt;
	mso-pagination:widow-orphan;
	font-size:10.0pt;
	font-family:""Angsana New"";
	mso-ansi-language:#0400;
	mso-fareast-language:#0400;
	mso-bidi-language:#0400;}
</style>
<![endif]-->

</p><p class=""MsoNormal"" dir=""rtl""><span style=""font-family: &quot;Jameel Noori Nastaleeq&quot;;"" lang=""AR-SA"">فتوی: 1710=1376/ھ</span></p>

<p class=""MsoNormal"" dir=""rtl""><span style=""font-family: &quot;Jameel Noori Nastaleeq&quot;;"" lang=""AR-SA""><o:p>&nbsp;</o:p></span></p>

<p class=""MsoNormal"" dir=""rtl""><span style=""font-family: &quot;Jameel Noori Nastaleeq&quot;;"" lang=""AR-SA"">یہ چوری میں شمار نہیں بلکہ حکم یہی ہے کہ
اگر مالک تک پہنچانے اور اس کی تلاش سے مایوسی ہوگئی ہے تو اس کو بیچ کر یا
انگوٹھی ہی کو غرباء فقراء مساکین کو دیدیں۔ </span></p>

<p></p> 
							<br>
							<span style=""font-size:1.2em"">
								<p><strong>واللہ تعالیٰ اعلم</strong></p>
								<br class=""clear"">
								<p><strong>دارالافتاء،</strong><br>دارالعلوم دیوبند</p>
							</span>
						</li>
											</ul>
				</div>"
https://darulifta-deoband.com/home/ur/other-transactions/14813,عبدالرحمن اور کامران نے ایک کاروبار شروع کیا جس میں عبدالرحمن اپنی خدمات مہیاکرتا تھا اور کامران صرف نقد پیسہ لگاتا تھا فیکٹری کے اس کاروبار میں۔اس کاروبار میں باہمی رضامندی سے یہ فیصلہ کیا گیا تھا کہ ہر ماہ چار ہزار روپیہ عبدالرحمن کو دیا جائے گا، لیکن جب تک فیکٹری صحیح طریقہ سے نہیں چلے گی چھ سو روپیہ ہر ہفتہ عبدالرحمن کو دیا جائے گا۔ اور بقیہ رقم جو کہ تقریباً ہر ماہ پندرہ سو روپیہ ہوتی ہے بعد میں عبدالرحمن کو دی جائے گی۔اب فیکٹر ی بند ہوگئی ہے لیکن درج ذیل کے بارے میں ایک فتوی کی ضرورت ہے۔(۱) فیکٹری کے بند ہونے کی بڑی وجہ عبدالرحمن کا فیکٹری میں حاضر نہ ہونااور مناسب وقت نہ دینا اور فیکٹری سے غیرحاضررہنا تھی۔ (۲)ہر ہفتہ چھ سو روپیہ عبدالرحمن کو دیا گیا اب وہ مزیدہر ماہ پندرہ سو روپیہ کا تقاضا کررہے ہیں جب کہ فیکٹری بند ہوچکی ہے۔(۳)فقہ کے مطابق ہم کو اس ادائیگی اور اس معاملہ کو حل کرنے کے لیے کیا کرنا چاہیے ؟,"<h2><u> سوال: </u> <meta http-equiv=""Content-Type"" content=""text/html; charset=utf-8""><meta name=""ProgId"" content=""Word.Document""><meta name=""Generator"" content=""Microsoft Word 11""><meta name=""Originator"" content=""Microsoft Word 11""><link rel=""File-List"" href=""file:///G:\DOCUME~1\ADMINI~1\LOCALS~1\Temp\msohtml1\01\clip_filelist.xml""><!--[if gte mso 9]><xml>
 <w:WordDocument>
  <w:View>Normal</w:View>
  <w:Zoom>0</w:Zoom>
  <w:PunctuationKerning/>
  <w:ValidateAgainstSchemas/>
  <w:SaveIfXMLInvalid>false</w:SaveIfXMLInvalid>
  <w:IgnoreMixedContent>false</w:IgnoreMixedContent>
  <w:AlwaysShowPlaceholderText>false</w:AlwaysShowPlaceholderText>
  <w:Compatibility>
   <w:BreakWrappedTables/>
   <w:SnapToGridInCell/>
   <w:WrapTextWithPunct/>
   <w:UseAsianBreakRules/>
   <w:DontGrowAutofit/>
  </w:Compatibility>
  <w:BrowserLevel>MicrosoftInternetExplorer4</w:BrowserLevel>
 </w:WordDocument>
</xml><![endif]--><!--[if gte mso 9]><xml>
 <w:LatentStyles DefLockedState=""false"" LatentStyleCount=""156"">
 </w:LatentStyles>
</xml><![endif]--><style>
<!--
 /* Font Definitions */
 @font-face
	{font-family:Times;
	panose-1:0 0 0 0 0 0 0 0 0 0;
	mso-font-charset:0;
	mso-generic-font-family:roman;
	mso-font-format:other;
	mso-font-pitch:variable;
	mso-font-signature:3 0 0 0 1 0;}
@font-face
	{font-family:""Jameel Noori Nastaleeq"";
	panose-1:2 0 5 3 0 0 0 0 0 4;
	mso-font-charset:0;
	mso-generic-font-family:auto;
	mso-font-pitch:variable;
	mso-font-signature:-2147475449 0 0 0 65 0;}
 /* Style Definitions */
 p.MsoNormal, li.MsoNormal, div.MsoNormal
	{mso-style-parent:"""";
	margin:0in;
	margin-bottom:.0001pt;
	text-align:right;
	mso-pagination:widow-orphan;
	direction:rtl;
	unicode-bidi:embed;
	font-size:12.0pt;
	font-family:Times;
	mso-fareast-font-family:""Times New Roman"";
	mso-bidi-font-family:Times;}
@page Section1
	{size:8.5in 11.0in;
	margin:1.0in 1.25in 1.0in 1.25in;
	mso-header-margin:.5in;
	mso-footer-margin:.5in;
	mso-paper-source:0;}
div.Section1
	{page:Section1;}
-->
</style><!--[if gte mso 10]>
<style>
 /* Style Definitions */
 table.MsoNormalTable
	{mso-style-name:""Table Normal"";
	mso-tstyle-rowband-size:0;
	mso-tstyle-colband-size:0;
	mso-style-noshow:yes;
	mso-style-parent:"""";
	mso-padding-alt:0in 5.4pt 0in 5.4pt;
	mso-para-margin:0in;
	mso-para-margin-bottom:.0001pt;
	mso-pagination:widow-orphan;
	font-size:10.0pt;
	font-family:Times;
	mso-ansi-language:#0400;
	mso-fareast-language:#0400;
	mso-bidi-language:#0400;}
</style>
<![endif]-->

<p class=""MsoNormal"" dir=""rtl"" style=""text-align: justify;""><span style=""font-family: &quot;Jameel Noori Nastaleeq&quot;;"" lang=""AR-SA"">عبدالرحمن
اور کامران نے ایک کاروبار شروع کیا جس میں عبدالرحمن اپنی خدمات مہیاکرتا تھا اور
کامران صرف نقد پیسہ لگاتا تھا فیکٹری کے اس کاروبار میں۔اس کاروبار میں باہمی
رضامندی سے یہ فیصلہ کیا گیا تھا کہ ہر ماہ چار ہزار روپیہ عبدالرحمن کو دیا جائے
گا، لیکن جب تک فیکٹری صحیح طریقہ سے نہیں چلے گی چھ سو روپیہ ہر ہفتہ عبدالرحمن
کو دیا جائے گا۔ اور بقیہ رقم جو کہ تقریباً ہر ماہ پندرہ سو روپیہ ہوتی ہے بعد
میں عبدالرحمن کو دی جائے گی۔اب فیکٹر ی بند ہوگئی ہے لیکن درج ذیل کے بارے میں
ایک فتوی کی ضرورت ہے۔(</span><span style=""font-family: &quot;Jameel Noori Nastaleeq&quot;;"" lang=""FA"">۱) </span><span style=""font-family: &quot;Jameel Noori Nastaleeq&quot;;"" lang=""AR-SA"">فیکٹری
کے بند ہونے کی بڑی وجہ عبدالرحمن کا فیکٹری میں حاضر نہ ہونااور مناسب وقت نہ
دینا اور فیکٹری سے غیرحاضررہنا تھی۔ (</span><span style=""font-family: &quot;Jameel Noori Nastaleeq&quot;;"" lang=""FA"">۲)</span><span style=""font-family: &quot;Jameel Noori Nastaleeq&quot;;"" lang=""AR-SA"">ہر ہفتہ چھ سو روپیہ عبدالرحمن کو
دیا گیا اب وہ مزیدہر ماہ پندرہ سو روپیہ کا تقاضا کررہے ہیں جب کہ فیکٹری بند
ہوچکی ہے۔(</span><span style=""font-family: &quot;Jameel Noori Nastaleeq&quot;;"" lang=""FA"">۳)</span><span style=""font-family: &quot;Jameel Noori Nastaleeq&quot;;"" lang=""AR-SA"">فقہ
کے مطابق ہم کو اس ادائیگی اور اس معاملہ کو حل کرنے کے لیے کیا کرنا چاہیے ؟ <o:p></o:p></span></p>

</h2>","<p>بسم الله الرحمن الرحيم</p><p> <meta http-equiv=""Content-Type"" content=""text/html; charset=utf-8""><meta name=""ProgId"" content=""Word.Document""><meta name=""Generator"" content=""Microsoft Word 11""><meta name=""Originator"" content=""Microsoft Word 11""><link rel=""File-List"" href=""file:///G:\DOCUME~1\ADMINI~1\LOCALS~1\Temp\msohtml1\01\clip_filelist.xml""><!--[if gte mso 9]><xml>
 <w:WordDocument>
  <w:View>Normal</w:View>
  <w:Zoom>0</w:Zoom>
  <w:PunctuationKerning/>
  <w:ValidateAgainstSchemas/>
  <w:SaveIfXMLInvalid>false</w:SaveIfXMLInvalid>
  <w:IgnoreMixedContent>false</w:IgnoreMixedContent>
  <w:AlwaysShowPlaceholderText>false</w:AlwaysShowPlaceholderText>
  <w:Compatibility>
   <w:BreakWrappedTables/>
   <w:SnapToGridInCell/>
   <w:WrapTextWithPunct/>
   <w:UseAsianBreakRules/>
   <w:DontGrowAutofit/>
  </w:Compatibility>
  <w:BrowserLevel>MicrosoftInternetExplorer4</w:BrowserLevel>
 </w:WordDocument>
</xml><![endif]--><!--[if gte mso 9]><xml>
 <w:LatentStyles DefLockedState=""false"" LatentStyleCount=""156"">
 </w:LatentStyles>
</xml><![endif]--><style>
<!--
 /* Font Definitions */
 @font-face
	{font-family:Times;
	panose-1:0 0 0 0 0 0 0 0 0 0;
	mso-font-charset:0;
	mso-generic-font-family:roman;
	mso-font-format:other;
	mso-font-pitch:variable;
	mso-font-signature:3 0 0 0 1 0;}
@font-face
	{font-family:""Jameel Noori Nastaleeq"";
	panose-1:2 0 5 3 0 0 0 0 0 4;
	mso-font-charset:0;
	mso-generic-font-family:auto;
	mso-font-pitch:variable;
	mso-font-signature:-2147475449 0 0 0 65 0;}
 /* Style Definitions */
 p.MsoNormal, li.MsoNormal, div.MsoNormal
	{mso-style-parent:"""";
	margin:0in;
	margin-bottom:.0001pt;
	text-align:right;
	mso-pagination:widow-orphan;
	direction:rtl;
	unicode-bidi:embed;
	font-size:12.0pt;
	font-family:Times;
	mso-fareast-font-family:""Times New Roman"";
	mso-bidi-font-family:Times;}
@page Section1
	{size:8.5in 11.0in;
	margin:1.0in 1.25in 1.0in 1.25in;
	mso-header-margin:.5in;
	mso-footer-margin:.5in;
	mso-paper-source:0;}
div.Section1
	{page:Section1;}
-->
</style><!--[if gte mso 10]>
<style>
 /* Style Definitions */
 table.MsoNormalTable
	{mso-style-name:""Table Normal"";
	mso-tstyle-rowband-size:0;
	mso-tstyle-colband-size:0;
	mso-style-noshow:yes;
	mso-style-parent:"""";
	mso-padding-alt:0in 5.4pt 0in 5.4pt;
	mso-para-margin:0in;
	mso-para-margin-bottom:.0001pt;
	mso-pagination:widow-orphan;
	font-size:10.0pt;
	font-family:Times;
	mso-ansi-language:#0400;
	mso-fareast-language:#0400;
	mso-bidi-language:#0400;}
</style>
<![endif]-->

</p><p class=""MsoNormal"" dir=""rtl"" style=""text-align: justify;""><span style=""font-family: &quot;Jameel Noori Nastaleeq&quot;;"" lang=""AR-SA"">فتوی:
1302=1238/ب</span></p><p class=""MsoNormal"" dir=""rtl"" style=""text-align: justify;""><span style=""font-family: &quot;Jameel Noori Nastaleeq&quot;;"" lang=""AR-SA""><o:p>&nbsp;</o:p></span></p><p class=""MsoNormal"" dir=""rtl"" style=""text-align: justify;""><span style=""font-family: &quot;Jameel Noori Nastaleeq&quot;;"" lang=""AR-SA"">آپ
کے کاروبار کی نوعیت شرکت مضاربت کی ہے،اس میں کسی ایک شریک کو ماہانہ متعین رقم
لینا جائز نہیں بلکہ یہ طے ہونا چاہیے کہ جس قدر کاروبار میں سالانہ نفع ہوگا اس میں
سے آدھا آدھا یا 40فی صد اور 60 فی صد ہوگا۔ اب فیکٹری بند ہونے کی صورت میں یہ
دیکھا جائے کہ نفع کس قدر ہوا ہے، اس کو آدھا آدھا تقسیم کرلیا جائے، اور جو زائد
رقم عبدالرحمن کی طرف چلی گئی ہے اس سے وصول کرلی جائے او راگر نفع نہیں ہوا ہے،
بلکہ نقصان ہوا ہے تو عبدالرحمن کو کچھ بھی نہیں ملے گا۔ جو کچھ پیسہ وہ لے چکا ہے
اسے بھی واپس کردینا چاہیے۔ </span></p><p></p><br><span style=""font-size:1.2em"">
								<p><strong>واللہ تعالیٰ اعلم</strong></p>
								<br class=""clear"">
								<p><strong>دارالافتاء،</strong><br>دارالعلوم دیوبند</p>
							</span>",01-Sep-2020,14813,darulifta-deoband.com,معاملات,دیگر معاملات,"<div id=""recent_fatwas"" class=""container tab-pane active""><br>
					<ul class=""answer_detail"">
												<li>
																					<div class=""cate_sec"">
								<p class=""category_name"">
									<span>
										معاملات									</span> 
									&gt;&gt; 
									<span>
																		<a href=""https://darulifta-deoband.com/ur/category/n-a/Mzg="">دیگر معاملات</a>
									</span>
								</p>
								<p class=""quesid""><span class=""anser_id_urdu""> سوال نمبر: 14813</span><!--<span class=""country_urdu"">  : ملک</span> --></p>
							</div>
							<h2><u> عنوان:</u> <meta http-equiv=""Content-Type"" content=""text/html; charset=utf-8""><meta name=""ProgId"" content=""Word.Document""><meta name=""Generator"" content=""Microsoft Word 11""><meta name=""Originator"" content=""Microsoft Word 11""><link rel=""File-List"" href=""file:///G:\DOCUME~1\ADMINI~1\LOCALS~1\Temp\msohtml1\01\clip_filelist.xml""><!--[if gte mso 9]><xml>
 <w:WordDocument>
  <w:View>Normal</w:View>
  <w:Zoom>0</w:Zoom>
  <w:PunctuationKerning/>
  <w:ValidateAgainstSchemas/>
  <w:SaveIfXMLInvalid>false</w:SaveIfXMLInvalid>
  <w:IgnoreMixedContent>false</w:IgnoreMixedContent>
  <w:AlwaysShowPlaceholderText>false</w:AlwaysShowPlaceholderText>
  <w:Compatibility>
   <w:BreakWrappedTables/>
   <w:SnapToGridInCell/>
   <w:WrapTextWithPunct/>
   <w:UseAsianBreakRules/>
   <w:DontGrowAutofit/>
  </w:Compatibility>
  <w:BrowserLevel>MicrosoftInternetExplorer4</w:BrowserLevel>
 </w:WordDocument>
</xml><![endif]--><!--[if gte mso 9]><xml>
 <w:LatentStyles DefLockedState=""false"" LatentStyleCount=""156"">
 </w:LatentStyles>
</xml><![endif]--><style>
<!--
 /* Font Definitions */
 @font-face
	{font-family:Times;
	panose-1:0 0 0 0 0 0 0 0 0 0;
	mso-font-charset:0;
	mso-generic-font-family:roman;
	mso-font-format:other;
	mso-font-pitch:variable;
	mso-font-signature:3 0 0 0 1 0;}
@font-face
	{font-family:""Jameel Noori Nastaleeq"";
	panose-1:2 0 5 3 0 0 0 0 0 4;
	mso-font-charset:0;
	mso-generic-font-family:auto;
	mso-font-pitch:variable;
	mso-font-signature:-2147475449 0 0 0 65 0;}
 /* Style Definitions */
 p.MsoNormal, li.MsoNormal, div.MsoNormal
	{mso-style-parent:"""";
	margin:0in;
	margin-bottom:.0001pt;
	text-align:right;
	mso-pagination:widow-orphan;
	direction:rtl;
	unicode-bidi:embed;
	font-size:12.0pt;
	font-family:Times;
	mso-fareast-font-family:""Times New Roman"";
	mso-bidi-font-family:Times;}
@page Section1
	{size:8.5in 11.0in;
	margin:1.0in 1.25in 1.0in 1.25in;
	mso-header-margin:.5in;
	mso-footer-margin:.5in;
	mso-paper-source:0;}
div.Section1
	{page:Section1;}
-->
</style><!--[if gte mso 10]>
<style>
 /* Style Definitions */
 table.MsoNormalTable
	{mso-style-name:""Table Normal"";
	mso-tstyle-rowband-size:0;
	mso-tstyle-colband-size:0;
	mso-style-noshow:yes;
	mso-style-parent:"""";
	mso-padding-alt:0in 5.4pt 0in 5.4pt;
	mso-para-margin:0in;
	mso-para-margin-bottom:.0001pt;
	mso-pagination:widow-orphan;
	font-size:10.0pt;
	font-family:Times;
	mso-ansi-language:#0400;
	mso-fareast-language:#0400;
	mso-bidi-language:#0400;}
</style>
<![endif]-->

<p class=""MsoNormal"" dir=""rtl"" style=""text-align: justify;""><span style=""font-family: &quot;Jameel Noori Nastaleeq&quot;;"" lang=""AR-SA"">عبدالرحمن
اور کامران نے ایک کاروبار شروع کیا جس میں عبدالرحمن اپنی خدمات مہیاکرتا تھا اور
کامران صرف نقد پیسہ لگاتا تھا فیکٹری کے اس کاروبار میں۔اس کاروبار میں باہمی
رضامندی سے یہ فیصلہ کیا گیا تھا کہ ہر ماہ چار ہزار روپیہ عبدالرحمن کو دیا جائے
گا، لیکن جب تک فیکٹری صحیح طریقہ سے نہیں چلے گی چھ سو روپیہ ہر ہفتہ عبدالرحمن
کو دیا جائے گا۔ اور بقیہ رقم جو کہ تقریباً ہر ماہ پندرہ سو روپیہ ہوتی ہے بعد
میں عبدالرحمن کو دی جائے گی۔اب فیکٹر ی بند ہوگئی ہے لیکن درج ذیل کے بارے میں
ایک فتوی کی ضرورت ہے۔(</span><span style=""font-family: &quot;Jameel Noori Nastaleeq&quot;;"" lang=""FA"">۱) </span><span style=""font-family: &quot;Jameel Noori Nastaleeq&quot;;"" lang=""AR-SA"">فیکٹری
کے بند ہونے کی بڑی وجہ عبدالرحمن کا فیکٹری میں حاضر نہ ہونااور مناسب وقت نہ
دینا اور فیکٹری سے غیرحاضررہنا تھی۔ (</span><span style=""font-family: &quot;Jameel Noori Nastaleeq&quot;;"" lang=""FA"">۲)</span><span style=""font-family: &quot;Jameel Noori Nastaleeq&quot;;"" lang=""AR-SA"">ہر ہفتہ چھ سو روپیہ عبدالرحمن کو
دیا گیا اب وہ مزیدہر ماہ پندرہ سو روپیہ کا تقاضا کررہے ہیں جب کہ فیکٹری بند
ہوچکی ہے۔(</span><span style=""font-family: &quot;Jameel Noori Nastaleeq&quot;;"" lang=""FA"">۳)</span><span style=""font-family: &quot;Jameel Noori Nastaleeq&quot;;"" lang=""AR-SA"">فقہ
کے مطابق ہم کو اس ادائیگی اور اس معاملہ کو حل کرنے کے لیے کیا کرنا چاہیے ؟ <o:p></o:p></span></p>

</h2>
							<h2><u> سوال: </u> <meta http-equiv=""Content-Type"" content=""text/html; charset=utf-8""><meta name=""ProgId"" content=""Word.Document""><meta name=""Generator"" content=""Microsoft Word 11""><meta name=""Originator"" content=""Microsoft Word 11""><link rel=""File-List"" href=""file:///G:\DOCUME~1\ADMINI~1\LOCALS~1\Temp\msohtml1\01\clip_filelist.xml""><!--[if gte mso 9]><xml>
 <w:WordDocument>
  <w:View>Normal</w:View>
  <w:Zoom>0</w:Zoom>
  <w:PunctuationKerning/>
  <w:ValidateAgainstSchemas/>
  <w:SaveIfXMLInvalid>false</w:SaveIfXMLInvalid>
  <w:IgnoreMixedContent>false</w:IgnoreMixedContent>
  <w:AlwaysShowPlaceholderText>false</w:AlwaysShowPlaceholderText>
  <w:Compatibility>
   <w:BreakWrappedTables/>
   <w:SnapToGridInCell/>
   <w:WrapTextWithPunct/>
   <w:UseAsianBreakRules/>
   <w:DontGrowAutofit/>
  </w:Compatibility>
  <w:BrowserLevel>MicrosoftInternetExplorer4</w:BrowserLevel>
 </w:WordDocument>
</xml><![endif]--><!--[if gte mso 9]><xml>
 <w:LatentStyles DefLockedState=""false"" LatentStyleCount=""156"">
 </w:LatentStyles>
</xml><![endif]--><style>
<!--
 /* Font Definitions */
 @font-face
	{font-family:Times;
	panose-1:0 0 0 0 0 0 0 0 0 0;
	mso-font-charset:0;
	mso-generic-font-family:roman;
	mso-font-format:other;
	mso-font-pitch:variable;
	mso-font-signature:3 0 0 0 1 0;}
@font-face
	{font-family:""Jameel Noori Nastaleeq"";
	panose-1:2 0 5 3 0 0 0 0 0 4;
	mso-font-charset:0;
	mso-generic-font-family:auto;
	mso-font-pitch:variable;
	mso-font-signature:-2147475449 0 0 0 65 0;}
 /* Style Definitions */
 p.MsoNormal, li.MsoNormal, div.MsoNormal
	{mso-style-parent:"""";
	margin:0in;
	margin-bottom:.0001pt;
	text-align:right;
	mso-pagination:widow-orphan;
	direction:rtl;
	unicode-bidi:embed;
	font-size:12.0pt;
	font-family:Times;
	mso-fareast-font-family:""Times New Roman"";
	mso-bidi-font-family:Times;}
@page Section1
	{size:8.5in 11.0in;
	margin:1.0in 1.25in 1.0in 1.25in;
	mso-header-margin:.5in;
	mso-footer-margin:.5in;
	mso-paper-source:0;}
div.Section1
	{page:Section1;}
-->
</style><!--[if gte mso 10]>
<style>
 /* Style Definitions */
 table.MsoNormalTable
	{mso-style-name:""Table Normal"";
	mso-tstyle-rowband-size:0;
	mso-tstyle-colband-size:0;
	mso-style-noshow:yes;
	mso-style-parent:"""";
	mso-padding-alt:0in 5.4pt 0in 5.4pt;
	mso-para-margin:0in;
	mso-para-margin-bottom:.0001pt;
	mso-pagination:widow-orphan;
	font-size:10.0pt;
	font-family:Times;
	mso-ansi-language:#0400;
	mso-fareast-language:#0400;
	mso-bidi-language:#0400;}
</style>
<![endif]-->

<p class=""MsoNormal"" dir=""rtl"" style=""text-align: justify;""><span style=""font-family: &quot;Jameel Noori Nastaleeq&quot;;"" lang=""AR-SA"">عبدالرحمن
اور کامران نے ایک کاروبار شروع کیا جس میں عبدالرحمن اپنی خدمات مہیاکرتا تھا اور
کامران صرف نقد پیسہ لگاتا تھا فیکٹری کے اس کاروبار میں۔اس کاروبار میں باہمی
رضامندی سے یہ فیصلہ کیا گیا تھا کہ ہر ماہ چار ہزار روپیہ عبدالرحمن کو دیا جائے
گا، لیکن جب تک فیکٹری صحیح طریقہ سے نہیں چلے گی چھ سو روپیہ ہر ہفتہ عبدالرحمن
کو دیا جائے گا۔ اور بقیہ رقم جو کہ تقریباً ہر ماہ پندرہ سو روپیہ ہوتی ہے بعد
میں عبدالرحمن کو دی جائے گی۔اب فیکٹر ی بند ہوگئی ہے لیکن درج ذیل کے بارے میں
ایک فتوی کی ضرورت ہے۔(</span><span style=""font-family: &quot;Jameel Noori Nastaleeq&quot;;"" lang=""FA"">۱) </span><span style=""font-family: &quot;Jameel Noori Nastaleeq&quot;;"" lang=""AR-SA"">فیکٹری
کے بند ہونے کی بڑی وجہ عبدالرحمن کا فیکٹری میں حاضر نہ ہونااور مناسب وقت نہ
دینا اور فیکٹری سے غیرحاضررہنا تھی۔ (</span><span style=""font-family: &quot;Jameel Noori Nastaleeq&quot;;"" lang=""FA"">۲)</span><span style=""font-family: &quot;Jameel Noori Nastaleeq&quot;;"" lang=""AR-SA"">ہر ہفتہ چھ سو روپیہ عبدالرحمن کو
دیا گیا اب وہ مزیدہر ماہ پندرہ سو روپیہ کا تقاضا کررہے ہیں جب کہ فیکٹری بند
ہوچکی ہے۔(</span><span style=""font-family: &quot;Jameel Noori Nastaleeq&quot;;"" lang=""FA"">۳)</span><span style=""font-family: &quot;Jameel Noori Nastaleeq&quot;;"" lang=""AR-SA"">فقہ
کے مطابق ہم کو اس ادائیگی اور اس معاملہ کو حل کرنے کے لیے کیا کرنا چاہیے ؟ <o:p></o:p></span></p>

</h2>
							<p class=""fatwa_answer""><span class=""ans_urdu_id""> جواب نمبر: 14813</span><span style=""color:#efefef;display:none;"" class=""answer_date_urdu"">01-Sep-2020 : تاریخ اشاعت </span></p>
							<p>بسم الله الرحمن الرحيم</p>
							<p> <meta http-equiv=""Content-Type"" content=""text/html; charset=utf-8""><meta name=""ProgId"" content=""Word.Document""><meta name=""Generator"" content=""Microsoft Word 11""><meta name=""Originator"" content=""Microsoft Word 11""><link rel=""File-List"" href=""file:///G:\DOCUME~1\ADMINI~1\LOCALS~1\Temp\msohtml1\01\clip_filelist.xml""><!--[if gte mso 9]><xml>
 <w:WordDocument>
  <w:View>Normal</w:View>
  <w:Zoom>0</w:Zoom>
  <w:PunctuationKerning/>
  <w:ValidateAgainstSchemas/>
  <w:SaveIfXMLInvalid>false</w:SaveIfXMLInvalid>
  <w:IgnoreMixedContent>false</w:IgnoreMixedContent>
  <w:AlwaysShowPlaceholderText>false</w:AlwaysShowPlaceholderText>
  <w:Compatibility>
   <w:BreakWrappedTables/>
   <w:SnapToGridInCell/>
   <w:WrapTextWithPunct/>
   <w:UseAsianBreakRules/>
   <w:DontGrowAutofit/>
  </w:Compatibility>
  <w:BrowserLevel>MicrosoftInternetExplorer4</w:BrowserLevel>
 </w:WordDocument>
</xml><![endif]--><!--[if gte mso 9]><xml>
 <w:LatentStyles DefLockedState=""false"" LatentStyleCount=""156"">
 </w:LatentStyles>
</xml><![endif]--><style>
<!--
 /* Font Definitions */
 @font-face
	{font-family:Times;
	panose-1:0 0 0 0 0 0 0 0 0 0;
	mso-font-charset:0;
	mso-generic-font-family:roman;
	mso-font-format:other;
	mso-font-pitch:variable;
	mso-font-signature:3 0 0 0 1 0;}
@font-face
	{font-family:""Jameel Noori Nastaleeq"";
	panose-1:2 0 5 3 0 0 0 0 0 4;
	mso-font-charset:0;
	mso-generic-font-family:auto;
	mso-font-pitch:variable;
	mso-font-signature:-2147475449 0 0 0 65 0;}
 /* Style Definitions */
 p.MsoNormal, li.MsoNormal, div.MsoNormal
	{mso-style-parent:"""";
	margin:0in;
	margin-bottom:.0001pt;
	text-align:right;
	mso-pagination:widow-orphan;
	direction:rtl;
	unicode-bidi:embed;
	font-size:12.0pt;
	font-family:Times;
	mso-fareast-font-family:""Times New Roman"";
	mso-bidi-font-family:Times;}
@page Section1
	{size:8.5in 11.0in;
	margin:1.0in 1.25in 1.0in 1.25in;
	mso-header-margin:.5in;
	mso-footer-margin:.5in;
	mso-paper-source:0;}
div.Section1
	{page:Section1;}
-->
</style><!--[if gte mso 10]>
<style>
 /* Style Definitions */
 table.MsoNormalTable
	{mso-style-name:""Table Normal"";
	mso-tstyle-rowband-size:0;
	mso-tstyle-colband-size:0;
	mso-style-noshow:yes;
	mso-style-parent:"""";
	mso-padding-alt:0in 5.4pt 0in 5.4pt;
	mso-para-margin:0in;
	mso-para-margin-bottom:.0001pt;
	mso-pagination:widow-orphan;
	font-size:10.0pt;
	font-family:Times;
	mso-ansi-language:#0400;
	mso-fareast-language:#0400;
	mso-bidi-language:#0400;}
</style>
<![endif]-->

</p><p class=""MsoNormal"" dir=""rtl"" style=""text-align: justify;""><span style=""font-family: &quot;Jameel Noori Nastaleeq&quot;;"" lang=""AR-SA"">فتوی:
1302=1238/ب</span></p>

<p class=""MsoNormal"" dir=""rtl"" style=""text-align: justify;""><span style=""font-family: &quot;Jameel Noori Nastaleeq&quot;;"" lang=""AR-SA""><o:p>&nbsp;</o:p></span></p>

<p class=""MsoNormal"" dir=""rtl"" style=""text-align: justify;""><span style=""font-family: &quot;Jameel Noori Nastaleeq&quot;;"" lang=""AR-SA"">آپ
کے کاروبار کی نوعیت شرکت مضاربت کی ہے،اس میں کسی ایک شریک کو ماہانہ متعین رقم
لینا جائز نہیں بلکہ یہ طے ہونا چاہیے کہ جس قدر کاروبار میں سالانہ نفع ہوگا اس میں
سے آدھا آدھا یا 40فی صد اور 60 فی صد ہوگا۔ اب فیکٹری بند ہونے کی صورت میں یہ
دیکھا جائے کہ نفع کس قدر ہوا ہے، اس کو آدھا آدھا تقسیم کرلیا جائے، اور جو زائد
رقم عبدالرحمن کی طرف چلی گئی ہے اس سے وصول کرلی جائے او راگر نفع نہیں ہوا ہے،
بلکہ نقصان ہوا ہے تو عبدالرحمن کو کچھ بھی نہیں ملے گا۔ جو کچھ پیسہ وہ لے چکا ہے
اسے بھی واپس کردینا چاہیے۔ </span></p>

<p></p> 
							<br>
							<span style=""font-size:1.2em"">
								<p><strong>واللہ تعالیٰ اعلم</strong></p>
								<br class=""clear"">
								<p><strong>دارالافتاء،</strong><br>دارالعلوم دیوبند</p>
							</span>
						</li>
											</ul>
				</div>"
https://darulifta-deoband.com/home/ur/other-transactions/14779,اگر لین دین کا حساب بھول جائیں تو کس طرح معاملہ حل کیا جائے ،جیسے میری والدہ نے کچھ پیسے مکان بنانے کو دیا، حساب کرنے پر پتہ چلا کہ اس میں لین دین یاد نہیں رہا کہ کس کو کتنے پیسے دئے تھے ۔تو کیا کریں گے اور کس طرح سے حساب کتاب کریں، جب کہ صحیح حساب سمجھ میں نہ آرہا ہو؟,"<h2><u> سوال: </u> <meta http-equiv=""Content-Type"" content=""text/html; charset=utf-8""><meta name=""ProgId"" content=""Word.Document""><meta name=""Generator"" content=""Microsoft Word 11""><meta name=""Originator"" content=""Microsoft Word 11""><link rel=""File-List"" href=""file:///G:\DOCUME~1\ADMINI~1\LOCALS~1\Temp\msohtml1\13\clip_filelist.xml""><!--[if gte mso 9]><xml>
 <w:WordDocument>
  <w:View>Normal</w:View>
  <w:Zoom>0</w:Zoom>
  <w:PunctuationKerning/>
  <w:ValidateAgainstSchemas/>
  <w:SaveIfXMLInvalid>false</w:SaveIfXMLInvalid>
  <w:IgnoreMixedContent>false</w:IgnoreMixedContent>
  <w:AlwaysShowPlaceholderText>false</w:AlwaysShowPlaceholderText>
  <w:Compatibility>
   <w:BreakWrappedTables/>
   <w:SnapToGridInCell/>
   <w:WrapTextWithPunct/>
   <w:UseAsianBreakRules/>
   <w:DontGrowAutofit/>
  </w:Compatibility>
  <w:BrowserLevel>MicrosoftInternetExplorer4</w:BrowserLevel>
 </w:WordDocument>
</xml><![endif]--><!--[if gte mso 9]><xml>
 <w:LatentStyles DefLockedState=""false"" LatentStyleCount=""156"">
 </w:LatentStyles>
</xml><![endif]--><style>
<!--
 /* Font Definitions */
 @font-face
	{font-family:""Jameel Noori Nastaleeq"";
	panose-1:2 0 5 3 0 0 0 0 0 4;
	mso-font-alt:""Times New Roman"";
	mso-font-charset:0;
	mso-generic-font-family:auto;
	mso-font-pitch:variable;
	mso-font-signature:-2147475449 0 0 0 65 0;}
 /* Style Definitions */
 p.MsoNormal, li.MsoNormal, div.MsoNormal
	{mso-style-parent:"""";
	margin:0cm;
	margin-bottom:.0001pt;
	text-align:right;
	mso-pagination:widow-orphan;
	direction:rtl;
	unicode-bidi:embed;
	font-size:12.0pt;
	font-family:""Times New Roman"";
	mso-fareast-font-family:""Times New Roman"";}
@page Section1
	{size:612.0pt 792.0pt;
	margin:72.0pt 90.0pt 72.0pt 90.0pt;
	mso-header-margin:36.0pt;
	mso-footer-margin:36.0pt;
	mso-paper-source:0;}
div.Section1
	{page:Section1;}
-->
</style><!--[if gte mso 10]>
<style>
 /* Style Definitions */
 table.MsoNormalTable
	{mso-style-name:""Table Normal"";
	mso-tstyle-rowband-size:0;
	mso-tstyle-colband-size:0;
	mso-style-noshow:yes;
	mso-style-parent:"""";
	mso-padding-alt:0cm 5.4pt 0cm 5.4pt;
	mso-para-margin:0cm;
	mso-para-margin-bottom:.0001pt;
	mso-pagination:widow-orphan;
	font-size:10.0pt;
	font-family:""Times New Roman"";
	mso-ansi-language:#0400;
	mso-fareast-language:#0400;
	mso-bidi-language:#0400;}
</style>
<![endif]-->

<p class=""MsoNormal"" dir=""rtl"" style=""text-align: justify;""><span style=""font-family: &quot;Jameel Noori Nastaleeq&quot;;"" lang=""AR-SA"">اگر
لین دین کا حساب بھول جائیں تو کس طرح معاملہ حل کیا جائے ،جیسے میری والدہ نے کچھ
پیسے مکان بنانے کو دیا، حساب کرنے پر پتہ چلا کہ اس میں لین دین یاد نہیں رہا کہ
کس کو کتنے پیسے دئے تھے ۔تو کیا کریں گے اور کس طرح سے حساب کتاب کریں، جب کہ
صحیح حساب سمجھ میں نہ آرہا ہو؟<o:p></o:p></span></p>

</h2>","<p>بسم الله الرحمن الرحيم</p><p> <meta http-equiv=""Content-Type"" content=""text/html; charset=utf-8""><meta name=""ProgId"" content=""Word.Document""><meta name=""Generator"" content=""Microsoft Word 11""><meta name=""Originator"" content=""Microsoft Word 11""><link rel=""File-List"" href=""file:///G:\DOCUME~1\ADMINI~1\LOCALS~1\Temp\msohtml1\13\clip_filelist.xml""><!--[if gte mso 9]><xml>
 <w:WordDocument>
  <w:View>Normal</w:View>
  <w:Zoom>0</w:Zoom>
  <w:PunctuationKerning/>
  <w:ValidateAgainstSchemas/>
  <w:SaveIfXMLInvalid>false</w:SaveIfXMLInvalid>
  <w:IgnoreMixedContent>false</w:IgnoreMixedContent>
  <w:AlwaysShowPlaceholderText>false</w:AlwaysShowPlaceholderText>
  <w:Compatibility>
   <w:BreakWrappedTables/>
   <w:SnapToGridInCell/>
   <w:WrapTextWithPunct/>
   <w:UseAsianBreakRules/>
   <w:DontGrowAutofit/>
  </w:Compatibility>
  <w:BrowserLevel>MicrosoftInternetExplorer4</w:BrowserLevel>
 </w:WordDocument>
</xml><![endif]--><!--[if gte mso 9]><xml>
 <w:LatentStyles DefLockedState=""false"" LatentStyleCount=""156"">
 </w:LatentStyles>
</xml><![endif]--><style>
<!--
 /* Font Definitions */
 @font-face
	{font-family:""Jameel Noori Nastaleeq"";
	panose-1:2 0 5 3 0 0 0 0 0 4;
	mso-font-alt:""Times New Roman"";
	mso-font-charset:0;
	mso-generic-font-family:auto;
	mso-font-pitch:variable;
	mso-font-signature:-2147475449 0 0 0 65 0;}
 /* Style Definitions */
 p.MsoNormal, li.MsoNormal, div.MsoNormal
	{mso-style-parent:"""";
	margin:0cm;
	margin-bottom:.0001pt;
	text-align:right;
	mso-pagination:widow-orphan;
	direction:rtl;
	unicode-bidi:embed;
	font-size:12.0pt;
	font-family:""Times New Roman"";
	mso-fareast-font-family:""Times New Roman"";}
@page Section1
	{size:612.0pt 792.0pt;
	margin:72.0pt 90.0pt 72.0pt 90.0pt;
	mso-header-margin:36.0pt;
	mso-footer-margin:36.0pt;
	mso-paper-source:0;}
div.Section1
	{page:Section1;}
-->
</style><!--[if gte mso 10]>
<style>
 /* Style Definitions */
 table.MsoNormalTable
	{mso-style-name:""Table Normal"";
	mso-tstyle-rowband-size:0;
	mso-tstyle-colband-size:0;
	mso-style-noshow:yes;
	mso-style-parent:"""";
	mso-padding-alt:0cm 5.4pt 0cm 5.4pt;
	mso-para-margin:0cm;
	mso-para-margin-bottom:.0001pt;
	mso-pagination:widow-orphan;
	font-size:10.0pt;
	font-family:""Times New Roman"";
	mso-ansi-language:#0400;
	mso-fareast-language:#0400;
	mso-bidi-language:#0400;}
</style>
<![endif]-->

</p><p class=""MsoNormal"" dir=""rtl"" style=""text-align: justify;""><span style=""font-family: &quot;Jameel Noori Nastaleeq&quot;;"" lang=""AR-SA"">فتوی:
1276=1213/ب</span></p><p class=""MsoNormal"" dir=""rtl"" style=""text-align: justify;""><span style=""font-family: &quot;Jameel Noori Nastaleeq&quot;;"" lang=""AR-SA""><o:p>&nbsp;</o:p></span></p><p class=""MsoNormal"" dir=""rtl"" style=""text-align: justify;""><span style=""font-family: &quot;Jameel Noori Nastaleeq&quot;;"" lang=""AR-SA"">قرآن
پاک میں ہمیں یہ تعلیم دی گئی ہے کہ جب ہم قرض یاادھار کا معاملہ کریں تو اسے لکھ
لیا کریں، اس سے حساب محفوظ ہوجاتا ہے، صورت مذکورہ میں جب آپ کی والدہ کو پیسوں
کے دینے کا حساب یاد نہیں رہا تو کم سے کم سوچ لے اور وہ مقدار لے لے،تاکہ ان کے
ذمہ پرایا مال لینے کھانے کا شبہ پیدا نہ ہو۔ یا ایسا کرے کہ جس کو پیسے دیئے تھے
اس سے کہہ دے کہ جتنے پیسے تمھیں یاد ہوں دیدو، مجھے یاد نہیں رہے۔</span></p><p></p><br><span style=""font-size:1.2em"">
								<p><strong>واللہ تعالیٰ اعلم</strong></p>
								<br class=""clear"">
								<p><strong>دارالافتاء،</strong><br>دارالعلوم دیوبند</p>
							</span>",01-Sep-2020,14779,darulifta-deoband.com,معاملات,دیگر معاملات,"<div id=""recent_fatwas"" class=""container tab-pane active""><br>
					<ul class=""answer_detail"">
												<li>
																					<div class=""cate_sec"">
								<p class=""category_name"">
									<span>
										معاملات									</span> 
									&gt;&gt; 
									<span>
																		<a href=""https://darulifta-deoband.com/ur/category/n-a/Mzg="">دیگر معاملات</a>
									</span>
								</p>
								<p class=""quesid""><span class=""anser_id_urdu""> سوال نمبر: 14779</span><!--<span class=""country_urdu"">  : ملک</span> --></p>
							</div>
							<h2><u> عنوان:</u> <meta http-equiv=""Content-Type"" content=""text/html; charset=utf-8""><meta name=""ProgId"" content=""Word.Document""><meta name=""Generator"" content=""Microsoft Word 11""><meta name=""Originator"" content=""Microsoft Word 11""><link rel=""File-List"" href=""file:///G:\DOCUME~1\ADMINI~1\LOCALS~1\Temp\msohtml1\13\clip_filelist.xml""><!--[if gte mso 9]><xml>
 <w:WordDocument>
  <w:View>Normal</w:View>
  <w:Zoom>0</w:Zoom>
  <w:PunctuationKerning/>
  <w:ValidateAgainstSchemas/>
  <w:SaveIfXMLInvalid>false</w:SaveIfXMLInvalid>
  <w:IgnoreMixedContent>false</w:IgnoreMixedContent>
  <w:AlwaysShowPlaceholderText>false</w:AlwaysShowPlaceholderText>
  <w:Compatibility>
   <w:BreakWrappedTables/>
   <w:SnapToGridInCell/>
   <w:WrapTextWithPunct/>
   <w:UseAsianBreakRules/>
   <w:DontGrowAutofit/>
  </w:Compatibility>
  <w:BrowserLevel>MicrosoftInternetExplorer4</w:BrowserLevel>
 </w:WordDocument>
</xml><![endif]--><!--[if gte mso 9]><xml>
 <w:LatentStyles DefLockedState=""false"" LatentStyleCount=""156"">
 </w:LatentStyles>
</xml><![endif]--><style>
<!--
 /* Font Definitions */
 @font-face
	{font-family:""Jameel Noori Nastaleeq"";
	panose-1:2 0 5 3 0 0 0 0 0 4;
	mso-font-alt:""Times New Roman"";
	mso-font-charset:0;
	mso-generic-font-family:auto;
	mso-font-pitch:variable;
	mso-font-signature:-2147475449 0 0 0 65 0;}
 /* Style Definitions */
 p.MsoNormal, li.MsoNormal, div.MsoNormal
	{mso-style-parent:"""";
	margin:0cm;
	margin-bottom:.0001pt;
	text-align:right;
	mso-pagination:widow-orphan;
	direction:rtl;
	unicode-bidi:embed;
	font-size:12.0pt;
	font-family:""Times New Roman"";
	mso-fareast-font-family:""Times New Roman"";}
@page Section1
	{size:612.0pt 792.0pt;
	margin:72.0pt 90.0pt 72.0pt 90.0pt;
	mso-header-margin:36.0pt;
	mso-footer-margin:36.0pt;
	mso-paper-source:0;}
div.Section1
	{page:Section1;}
-->
</style><!--[if gte mso 10]>
<style>
 /* Style Definitions */
 table.MsoNormalTable
	{mso-style-name:""Table Normal"";
	mso-tstyle-rowband-size:0;
	mso-tstyle-colband-size:0;
	mso-style-noshow:yes;
	mso-style-parent:"""";
	mso-padding-alt:0cm 5.4pt 0cm 5.4pt;
	mso-para-margin:0cm;
	mso-para-margin-bottom:.0001pt;
	mso-pagination:widow-orphan;
	font-size:10.0pt;
	font-family:""Times New Roman"";
	mso-ansi-language:#0400;
	mso-fareast-language:#0400;
	mso-bidi-language:#0400;}
</style>
<![endif]-->

<p class=""MsoNormal"" dir=""rtl"" style=""text-align: justify;""><span style=""font-family: &quot;Jameel Noori Nastaleeq&quot;;"" lang=""AR-SA"">اگر
لین دین کا حساب بھول جائیں تو کس طرح معاملہ حل کیا جائے ،جیسے میری والدہ نے کچھ
پیسے مکان بنانے کو دیا، حساب کرنے پر پتہ چلا کہ اس میں لین دین یاد نہیں رہا کہ
کس کو کتنے پیسے دئے تھے ۔تو کیا کریں گے اور کس طرح سے حساب کتاب کریں، جب کہ
صحیح حساب سمجھ میں نہ آرہا ہو؟<o:p></o:p></span></p>

</h2>
							<h2><u> سوال: </u> <meta http-equiv=""Content-Type"" content=""text/html; charset=utf-8""><meta name=""ProgId"" content=""Word.Document""><meta name=""Generator"" content=""Microsoft Word 11""><meta name=""Originator"" content=""Microsoft Word 11""><link rel=""File-List"" href=""file:///G:\DOCUME~1\ADMINI~1\LOCALS~1\Temp\msohtml1\13\clip_filelist.xml""><!--[if gte mso 9]><xml>
 <w:WordDocument>
  <w:View>Normal</w:View>
  <w:Zoom>0</w:Zoom>
  <w:PunctuationKerning/>
  <w:ValidateAgainstSchemas/>
  <w:SaveIfXMLInvalid>false</w:SaveIfXMLInvalid>
  <w:IgnoreMixedContent>false</w:IgnoreMixedContent>
  <w:AlwaysShowPlaceholderText>false</w:AlwaysShowPlaceholderText>
  <w:Compatibility>
   <w:BreakWrappedTables/>
   <w:SnapToGridInCell/>
   <w:WrapTextWithPunct/>
   <w:UseAsianBreakRules/>
   <w:DontGrowAutofit/>
  </w:Compatibility>
  <w:BrowserLevel>MicrosoftInternetExplorer4</w:BrowserLevel>
 </w:WordDocument>
</xml><![endif]--><!--[if gte mso 9]><xml>
 <w:LatentStyles DefLockedState=""false"" LatentStyleCount=""156"">
 </w:LatentStyles>
</xml><![endif]--><style>
<!--
 /* Font Definitions */
 @font-face
	{font-family:""Jameel Noori Nastaleeq"";
	panose-1:2 0 5 3 0 0 0 0 0 4;
	mso-font-alt:""Times New Roman"";
	mso-font-charset:0;
	mso-generic-font-family:auto;
	mso-font-pitch:variable;
	mso-font-signature:-2147475449 0 0 0 65 0;}
 /* Style Definitions */
 p.MsoNormal, li.MsoNormal, div.MsoNormal
	{mso-style-parent:"""";
	margin:0cm;
	margin-bottom:.0001pt;
	text-align:right;
	mso-pagination:widow-orphan;
	direction:rtl;
	unicode-bidi:embed;
	font-size:12.0pt;
	font-family:""Times New Roman"";
	mso-fareast-font-family:""Times New Roman"";}
@page Section1
	{size:612.0pt 792.0pt;
	margin:72.0pt 90.0pt 72.0pt 90.0pt;
	mso-header-margin:36.0pt;
	mso-footer-margin:36.0pt;
	mso-paper-source:0;}
div.Section1
	{page:Section1;}
-->
</style><!--[if gte mso 10]>
<style>
 /* Style Definitions */
 table.MsoNormalTable
	{mso-style-name:""Table Normal"";
	mso-tstyle-rowband-size:0;
	mso-tstyle-colband-size:0;
	mso-style-noshow:yes;
	mso-style-parent:"""";
	mso-padding-alt:0cm 5.4pt 0cm 5.4pt;
	mso-para-margin:0cm;
	mso-para-margin-bottom:.0001pt;
	mso-pagination:widow-orphan;
	font-size:10.0pt;
	font-family:""Times New Roman"";
	mso-ansi-language:#0400;
	mso-fareast-language:#0400;
	mso-bidi-language:#0400;}
</style>
<![endif]-->

<p class=""MsoNormal"" dir=""rtl"" style=""text-align: justify;""><span style=""font-family: &quot;Jameel Noori Nastaleeq&quot;;"" lang=""AR-SA"">اگر
لین دین کا حساب بھول جائیں تو کس طرح معاملہ حل کیا جائے ،جیسے میری والدہ نے کچھ
پیسے مکان بنانے کو دیا، حساب کرنے پر پتہ چلا کہ اس میں لین دین یاد نہیں رہا کہ
کس کو کتنے پیسے دئے تھے ۔تو کیا کریں گے اور کس طرح سے حساب کتاب کریں، جب کہ
صحیح حساب سمجھ میں نہ آرہا ہو؟<o:p></o:p></span></p>

</h2>
							<p class=""fatwa_answer""><span class=""ans_urdu_id""> جواب نمبر: 14779</span><span style=""color:#efefef;display:none;"" class=""answer_date_urdu"">01-Sep-2020 : تاریخ اشاعت </span></p>
							<p>بسم الله الرحمن الرحيم</p>
							<p> <meta http-equiv=""Content-Type"" content=""text/html; charset=utf-8""><meta name=""ProgId"" content=""Word.Document""><meta name=""Generator"" content=""Microsoft Word 11""><meta name=""Originator"" content=""Microsoft Word 11""><link rel=""File-List"" href=""file:///G:\DOCUME~1\ADMINI~1\LOCALS~1\Temp\msohtml1\13\clip_filelist.xml""><!--[if gte mso 9]><xml>
 <w:WordDocument>
  <w:View>Normal</w:View>
  <w:Zoom>0</w:Zoom>
  <w:PunctuationKerning/>
  <w:ValidateAgainstSchemas/>
  <w:SaveIfXMLInvalid>false</w:SaveIfXMLInvalid>
  <w:IgnoreMixedContent>false</w:IgnoreMixedContent>
  <w:AlwaysShowPlaceholderText>false</w:AlwaysShowPlaceholderText>
  <w:Compatibility>
   <w:BreakWrappedTables/>
   <w:SnapToGridInCell/>
   <w:WrapTextWithPunct/>
   <w:UseAsianBreakRules/>
   <w:DontGrowAutofit/>
  </w:Compatibility>
  <w:BrowserLevel>MicrosoftInternetExplorer4</w:BrowserLevel>
 </w:WordDocument>
</xml><![endif]--><!--[if gte mso 9]><xml>
 <w:LatentStyles DefLockedState=""false"" LatentStyleCount=""156"">
 </w:LatentStyles>
</xml><![endif]--><style>
<!--
 /* Font Definitions */
 @font-face
	{font-family:""Jameel Noori Nastaleeq"";
	panose-1:2 0 5 3 0 0 0 0 0 4;
	mso-font-alt:""Times New Roman"";
	mso-font-charset:0;
	mso-generic-font-family:auto;
	mso-font-pitch:variable;
	mso-font-signature:-2147475449 0 0 0 65 0;}
 /* Style Definitions */
 p.MsoNormal, li.MsoNormal, div.MsoNormal
	{mso-style-parent:"""";
	margin:0cm;
	margin-bottom:.0001pt;
	text-align:right;
	mso-pagination:widow-orphan;
	direction:rtl;
	unicode-bidi:embed;
	font-size:12.0pt;
	font-family:""Times New Roman"";
	mso-fareast-font-family:""Times New Roman"";}
@page Section1
	{size:612.0pt 792.0pt;
	margin:72.0pt 90.0pt 72.0pt 90.0pt;
	mso-header-margin:36.0pt;
	mso-footer-margin:36.0pt;
	mso-paper-source:0;}
div.Section1
	{page:Section1;}
-->
</style><!--[if gte mso 10]>
<style>
 /* Style Definitions */
 table.MsoNormalTable
	{mso-style-name:""Table Normal"";
	mso-tstyle-rowband-size:0;
	mso-tstyle-colband-size:0;
	mso-style-noshow:yes;
	mso-style-parent:"""";
	mso-padding-alt:0cm 5.4pt 0cm 5.4pt;
	mso-para-margin:0cm;
	mso-para-margin-bottom:.0001pt;
	mso-pagination:widow-orphan;
	font-size:10.0pt;
	font-family:""Times New Roman"";
	mso-ansi-language:#0400;
	mso-fareast-language:#0400;
	mso-bidi-language:#0400;}
</style>
<![endif]-->

</p><p class=""MsoNormal"" dir=""rtl"" style=""text-align: justify;""><span style=""font-family: &quot;Jameel Noori Nastaleeq&quot;;"" lang=""AR-SA"">فتوی:
1276=1213/ب</span></p>

<p class=""MsoNormal"" dir=""rtl"" style=""text-align: justify;""><span style=""font-family: &quot;Jameel Noori Nastaleeq&quot;;"" lang=""AR-SA""><o:p>&nbsp;</o:p></span></p>

<p class=""MsoNormal"" dir=""rtl"" style=""text-align: justify;""><span style=""font-family: &quot;Jameel Noori Nastaleeq&quot;;"" lang=""AR-SA"">قرآن
پاک میں ہمیں یہ تعلیم دی گئی ہے کہ جب ہم قرض یاادھار کا معاملہ کریں تو اسے لکھ
لیا کریں، اس سے حساب محفوظ ہوجاتا ہے، صورت مذکورہ میں جب آپ کی والدہ کو پیسوں
کے دینے کا حساب یاد نہیں رہا تو کم سے کم سوچ لے اور وہ مقدار لے لے،تاکہ ان کے
ذمہ پرایا مال لینے کھانے کا شبہ پیدا نہ ہو۔ یا ایسا کرے کہ جس کو پیسے دیئے تھے
اس سے کہہ دے کہ جتنے پیسے تمھیں یاد ہوں دیدو، مجھے یاد نہیں رہے۔</span></p>

<p></p> 
							<br>
							<span style=""font-size:1.2em"">
								<p><strong>واللہ تعالیٰ اعلم</strong></p>
								<br class=""clear"">
								<p><strong>دارالافتاء،</strong><br>دارالعلوم دیوبند</p>
							</span>
						</li>
											</ul>
				</div>"
https://darulifta-deoband.com/home/ur/other-transactions/14687,مفتی صاحب فتوی آئی ڈی نمبر14187میں آپ نے فرمایا کہ جن لوگوں سے جتنا پیسہ لیا تھا ان کو واپس کریں۔ مگر پیسہ لینے کا طریقہ ایسا تھا کہ ان کشتیوں کے مالکوں سے چند لوگ مقرر تھے جو ان مالکوں سے پیسے لے کر کشتیوں کے نمبر میرے ابو اور اسٹاف کے دوسرے لوگوں کو دیتے تھے، وہ پیسے فی مہینہ تیس سے چالیس لاکھ بانٹتے۔جس میں سے دس لاکھ خود ماہی گیری کا وزیر لیتا ہے اور پھر دس لاکھ دوسرا کوئی بڑا لیتا ہے ۔ اور ہمارے ابو ایک چھوٹے آفیسر تھے اس لیے وہ تیس سے چالیس ہزار لیتے تھے۔ اب کب کس کشتی والے سے کتنا پیسہ لیا کسی کو پتہ نہیں۔اور ان کا کوئی ریکارڈ اب موجود نہیں۔ او رکشتیوں کے مالکوں سے تو دوسرے لوگ پیسے لیتے تھے اور خود ابو کو بھی نہیں پتہ کہ اس دوران کس قدر پیسے ابو کو ملے، یعنی سال میں چھ لاکھ ملے یا نو لاکھ ملے اور باقی سالوں میں پوری نوکری کے دوران کتنے پیسے ابو کو ملے؟ (۱)کیا گھر بیچ کر وہ پیسے صدقہ کر سکتے ہیں؟ (۲)کیا اندازے سے پیسے یعنی کتنی رقم رشوت کی ملی صدقہ کر سکتے ہیں؟ (۳)اگر جتنی رقم رشوت کی لی ہے اب اتنی رقم پاس موجود نہ ہو یعنی رشوت لی پچاس لاکھ کے قریب مگر اب پیسے تین لاکھ بھی نہ ہوں تو اب کیا کریں؟ برائے کرم میرے ابو کی اس مشکل کا کوئی حل بتائیں۔,"<h2><u> سوال: </u> <meta http-equiv=""Content-Type"" content=""text/html; charset=utf-8""><meta name=""ProgId"" content=""Word.Document""><meta name=""Generator"" content=""Microsoft Word 11""><meta name=""Originator"" content=""Microsoft Word 11""><link rel=""File-List"" href=""file:///G:\DOCUME~1\ADMINI~1\LOCALS~1\Temp\msohtml1\13\clip_filelist.xml""><!--[if gte mso 9]><xml>
 <w:WordDocument>
  <w:View>Normal</w:View>
  <w:Zoom>0</w:Zoom>
  <w:PunctuationKerning/>
  <w:ValidateAgainstSchemas/>
  <w:SaveIfXMLInvalid>false</w:SaveIfXMLInvalid>
  <w:IgnoreMixedContent>false</w:IgnoreMixedContent>
  <w:AlwaysShowPlaceholderText>false</w:AlwaysShowPlaceholderText>
  <w:Compatibility>
   <w:BreakWrappedTables/>
   <w:SnapToGridInCell/>
   <w:WrapTextWithPunct/>
   <w:UseAsianBreakRules/>
   <w:DontGrowAutofit/>
  </w:Compatibility>
  <w:BrowserLevel>MicrosoftInternetExplorer4</w:BrowserLevel>
 </w:WordDocument>
</xml><![endif]--><!--[if gte mso 9]><xml>
 <w:LatentStyles DefLockedState=""false"" LatentStyleCount=""156"">
 </w:LatentStyles>
</xml><![endif]--><style>
<!--
 /* Font Definitions */
 @font-face
	{font-family:""Jameel Noori Nastaleeq"";
	panose-1:2 0 5 3 0 0 0 0 0 4;
	mso-font-alt:""Times New Roman"";
	mso-font-charset:0;
	mso-generic-font-family:auto;
	mso-font-pitch:variable;
	mso-font-signature:-2147475449 0 0 0 65 0;}
 /* Style Definitions */
 p.MsoNormal, li.MsoNormal, div.MsoNormal
	{mso-style-parent:"""";
	margin:0cm;
	margin-bottom:.0001pt;
	text-align:right;
	mso-pagination:widow-orphan;
	direction:rtl;
	unicode-bidi:embed;
	font-size:12.0pt;
	font-family:""Times New Roman"";
	mso-fareast-font-family:""Times New Roman"";}
@page Section1
	{size:612.0pt 792.0pt;
	margin:72.0pt 90.0pt 72.0pt 90.0pt;
	mso-header-margin:36.0pt;
	mso-footer-margin:36.0pt;
	mso-paper-source:0;}
div.Section1
	{page:Section1;}
-->
</style><!--[if gte mso 10]>
<style>
 /* Style Definitions */
 table.MsoNormalTable
	{mso-style-name:""Table Normal"";
	mso-tstyle-rowband-size:0;
	mso-tstyle-colband-size:0;
	mso-style-noshow:yes;
	mso-style-parent:"""";
	mso-padding-alt:0cm 5.4pt 0cm 5.4pt;
	mso-para-margin:0cm;
	mso-para-margin-bottom:.0001pt;
	mso-pagination:widow-orphan;
	font-size:10.0pt;
	font-family:""Times New Roman"";
	mso-ansi-language:#0400;
	mso-fareast-language:#0400;
	mso-bidi-language:#0400;}
</style>
<![endif]-->

<p class=""MsoNormal"" dir=""rtl"" style=""text-align: justify;""><span style=""font-family: &quot;Jameel Noori Nastaleeq&quot;;"" lang=""AR-SA"">مفتی
صاحب فتوی آئی ڈی نمبر14187میں آپ نے فرمایا کہ جن لوگوں سے جتنا پیسہ لیا تھا ان
کو واپس کریں۔ مگر پیسہ لینے کا طریقہ ایسا تھا کہ ان کشتیوں کے مالکوں سے چند لوگ
مقرر تھے جو ان مالکوں سے پیسے لے کر کشتیوں کے نمبر میرے ابو اور اسٹاف کے دوسرے
لوگوں کو دیتے تھے، وہ پیسے فی مہینہ تیس سے چالیس لاکھ بانٹتے۔جس میں سے دس لاکھ
خود ماہی گیری کا وزیر لیتا ہے اور پھر دس لاکھ دوسرا کوئی بڑا لیتا ہے ۔ اور
ہمارے ابو ایک چھوٹے آفیسر تھے اس لیے وہ تیس سے چالیس ہزار لیتے تھے۔ اب کب کس
کشتی والے سے کتنا پیسہ لیا کسی کو پتہ نہیں۔اور ان کا کوئی ریکارڈ اب موجود نہیں۔
او رکشتیوں کے مالکوں سے تو دوسرے لوگ پیسے لیتے تھے اور خود ابو کو بھی نہیں پتہ
کہ اس دوران کس قدر پیسے ابو کو ملے، یعنی سال میں چھ لاکھ ملے یا نو لاکھ ملے اور
باقی سالوں میں پوری نوکری کے دوران کتنے پیسے ابو کو ملے؟ (</span><span style=""font-family: &quot;Jameel Noori Nastaleeq&quot;;"" lang=""FA"">۱)</span><span style=""font-family: &quot;Jameel Noori Nastaleeq&quot;;"" lang=""AR-SA"">کیا گھر بیچ کر وہ پیسے
صدقہ کر سکتے ہیں؟ (</span><span style=""font-family: &quot;Jameel Noori Nastaleeq&quot;;"" lang=""FA"">۲)</span><span style=""font-family: &quot;Jameel Noori Nastaleeq&quot;;"" lang=""AR-SA"">کیا
اندازے سے پیسے یعنی کتنی رقم رشوت کی ملی صدقہ کر سکتے ہیں؟ (</span><span style=""font-family: &quot;Jameel Noori Nastaleeq&quot;;"" lang=""FA"">۳)</span><span style=""font-family: &quot;Jameel Noori Nastaleeq&quot;;"" lang=""AR-SA"">اگر جتنی رقم رشوت کی لی
ہے اب اتنی رقم پاس موجود نہ ہو یعنی رشوت لی پچاس لاکھ کے قریب مگر اب پیسے تین
لاکھ بھی نہ ہوں تو اب کیا کریں؟ برائے کرم میرے ابو کی اس مشکل کا کوئی حل
بتائیں۔<o:p></o:p></span></p>

</h2>","<p>بسم الله الرحمن الرحيم</p><p> <meta http-equiv=""Content-Type"" content=""text/html; charset=utf-8""><meta name=""ProgId"" content=""Word.Document""><meta name=""Generator"" content=""Microsoft Word 11""><meta name=""Originator"" content=""Microsoft Word 11""><link rel=""File-List"" href=""file:///G:\DOCUME~1\ADMINI~1\LOCALS~1\Temp\msohtml1\13\clip_filelist.xml""><!--[if gte mso 9]><xml>
 <w:WordDocument>
  <w:View>Normal</w:View>
  <w:Zoom>0</w:Zoom>
  <w:PunctuationKerning/>
  <w:ValidateAgainstSchemas/>
  <w:SaveIfXMLInvalid>false</w:SaveIfXMLInvalid>
  <w:IgnoreMixedContent>false</w:IgnoreMixedContent>
  <w:AlwaysShowPlaceholderText>false</w:AlwaysShowPlaceholderText>
  <w:Compatibility>
   <w:BreakWrappedTables/>
   <w:SnapToGridInCell/>
   <w:WrapTextWithPunct/>
   <w:UseAsianBreakRules/>
   <w:DontGrowAutofit/>
  </w:Compatibility>
  <w:BrowserLevel>MicrosoftInternetExplorer4</w:BrowserLevel>
 </w:WordDocument>
</xml><![endif]--><!--[if gte mso 9]><xml>
 <w:LatentStyles DefLockedState=""false"" LatentStyleCount=""156"">
 </w:LatentStyles>
</xml><![endif]--><style>
<!--
 /* Font Definitions */
 @font-face
	{font-family:""Jameel Noori Nastaleeq"";
	panose-1:2 0 5 3 0 0 0 0 0 4;
	mso-font-alt:""Times New Roman"";
	mso-font-charset:0;
	mso-generic-font-family:auto;
	mso-font-pitch:variable;
	mso-font-signature:-2147475449 0 0 0 65 0;}
 /* Style Definitions */
 p.MsoNormal, li.MsoNormal, div.MsoNormal
	{mso-style-parent:"""";
	margin:0cm;
	margin-bottom:.0001pt;
	text-align:right;
	mso-pagination:widow-orphan;
	direction:rtl;
	unicode-bidi:embed;
	font-size:12.0pt;
	font-family:""Times New Roman"";
	mso-fareast-font-family:""Times New Roman"";}
@page Section1
	{size:612.0pt 792.0pt;
	margin:72.0pt 90.0pt 72.0pt 90.0pt;
	mso-header-margin:36.0pt;
	mso-footer-margin:36.0pt;
	mso-paper-source:0;}
div.Section1
	{page:Section1;}
-->
</style><!--[if gte mso 10]>
<style>
 /* Style Definitions */
 table.MsoNormalTable
	{mso-style-name:""Table Normal"";
	mso-tstyle-rowband-size:0;
	mso-tstyle-colband-size:0;
	mso-style-noshow:yes;
	mso-style-parent:"""";
	mso-padding-alt:0cm 5.4pt 0cm 5.4pt;
	mso-para-margin:0cm;
	mso-para-margin-bottom:.0001pt;
	mso-pagination:widow-orphan;
	font-size:10.0pt;
	font-family:""Times New Roman"";
	mso-ansi-language:#0400;
	mso-fareast-language:#0400;
	mso-bidi-language:#0400;}
</style>
<![endif]-->

</p><p class=""MsoNormal"" dir=""rtl"" style=""text-align: justify;""><span style=""font-family: &quot;Jameel Noori Nastaleeq&quot;;"" lang=""AR-SA"">فتوی:
1623=1295/ھ</span></p><p class=""MsoNormal"" dir=""rtl"" style=""text-align: justify;""><span style=""font-family: &quot;Jameel Noori Nastaleeq&quot;;"" lang=""AR-SA""><o:p>&nbsp;</o:p></span></p><p class=""MsoNormal"" dir=""rtl"" style=""text-align: justify;""><span style=""font-family: &quot;Jameel Noori Nastaleeq&quot;;"" lang=""AR-SA"">(</span><span style=""font-family: &quot;Jameel Noori Nastaleeq&quot;;"" lang=""FA"">۱) </span><span style=""font-family: &quot;Jameel Noori Nastaleeq&quot;;"" lang=""AR-SA"">ایسا بھی کرسکتے ہیں۔</span></p><p class=""MsoNormal"" dir=""rtl"" style=""text-align: justify;""><span style=""font-family: &quot;Jameel Noori Nastaleeq&quot;;"" lang=""AR-SA"">(</span><span style=""font-family: &quot;Jameel Noori Nastaleeq&quot;;"" lang=""FA"">۲) </span><span style=""font-family: &quot;Jameel Noori Nastaleeq&quot;;"" lang=""AR-SA"">جتنی مقدار پر دل ٹھک
جائے اس سے کچھ زائد مقدار صدقہ کرنے کی ٹھان لیں،اور حسب موقعہ جلد ازجلد جس قدر
کرسکیں کرتے رہیں۔</span></p><p class=""MsoNormal"" dir=""rtl"" style=""text-align: justify;""><span style=""font-family: &quot;Jameel Noori Nastaleeq&quot;;"" lang=""AR-SA"">(</span><span style=""font-family: &quot;Jameel Noori Nastaleeq&quot;;"" lang=""FA"">۳) </span><span style=""font-family: &quot;Jameel Noori Nastaleeq&quot;;"" lang=""AR-SA"">دیانةً فی ما بینکم وبین
اللہ تعالیٰ جتنا کرسکتے ہوں، اتنا کریں اور جو کچھ باقی رہے اس کے معاملہ میں
اللہ پاک سے کثرت کے ساتھ توبہ استغفار کرتے رہیں اور آئندہ جیسے جیسے مال آتا رہے
اس میں صدقہ کرنے کا عمل جاری رکھیں، ایسا کرتے رہنے سے دنیا میں وبال اور آخرت
میں عذاب سے حفاظت رہے گی،آپ اورآپ کے بھائی وغیرہ جو تعاوہ والد صاحب کا کرسکیں
وہ بھی کرتے رہیں۔</span></p><p></p><br><span style=""font-size:1.2em"">
								<p><strong>واللہ تعالیٰ اعلم</strong></p>
								<br class=""clear"">
								<p><strong>دارالافتاء،</strong><br>دارالعلوم دیوبند</p>
							</span>",01-Sep-2020,14687,darulifta-deoband.com,معاملات,دیگر معاملات,"<div id=""recent_fatwas"" class=""container tab-pane active""><br>
					<ul class=""answer_detail"">
												<li>
																					<div class=""cate_sec"">
								<p class=""category_name"">
									<span>
										معاملات									</span> 
									&gt;&gt; 
									<span>
																		<a href=""https://darulifta-deoband.com/ur/category/n-a/Mzg="">دیگر معاملات</a>
									</span>
								</p>
								<p class=""quesid""><span class=""anser_id_urdu""> سوال نمبر: 14687</span><!--<span class=""country_urdu"">  : ملک</span> --></p>
							</div>
							<h2><u> عنوان:</u> <meta http-equiv=""Content-Type"" content=""text/html; charset=utf-8""><meta name=""ProgId"" content=""Word.Document""><meta name=""Generator"" content=""Microsoft Word 11""><meta name=""Originator"" content=""Microsoft Word 11""><link rel=""File-List"" href=""file:///G:\DOCUME~1\ADMINI~1\LOCALS~1\Temp\msohtml1\13\clip_filelist.xml""><!--[if gte mso 9]><xml>
 <w:WordDocument>
  <w:View>Normal</w:View>
  <w:Zoom>0</w:Zoom>
  <w:PunctuationKerning/>
  <w:ValidateAgainstSchemas/>
  <w:SaveIfXMLInvalid>false</w:SaveIfXMLInvalid>
  <w:IgnoreMixedContent>false</w:IgnoreMixedContent>
  <w:AlwaysShowPlaceholderText>false</w:AlwaysShowPlaceholderText>
  <w:Compatibility>
   <w:BreakWrappedTables/>
   <w:SnapToGridInCell/>
   <w:WrapTextWithPunct/>
   <w:UseAsianBreakRules/>
   <w:DontGrowAutofit/>
  </w:Compatibility>
  <w:BrowserLevel>MicrosoftInternetExplorer4</w:BrowserLevel>
 </w:WordDocument>
</xml><![endif]--><!--[if gte mso 9]><xml>
 <w:LatentStyles DefLockedState=""false"" LatentStyleCount=""156"">
 </w:LatentStyles>
</xml><![endif]--><style>
<!--
 /* Font Definitions */
 @font-face
	{font-family:""Jameel Noori Nastaleeq"";
	panose-1:2 0 5 3 0 0 0 0 0 4;
	mso-font-alt:""Times New Roman"";
	mso-font-charset:0;
	mso-generic-font-family:auto;
	mso-font-pitch:variable;
	mso-font-signature:-2147475449 0 0 0 65 0;}
 /* Style Definitions */
 p.MsoNormal, li.MsoNormal, div.MsoNormal
	{mso-style-parent:"""";
	margin:0cm;
	margin-bottom:.0001pt;
	text-align:right;
	mso-pagination:widow-orphan;
	direction:rtl;
	unicode-bidi:embed;
	font-size:12.0pt;
	font-family:""Times New Roman"";
	mso-fareast-font-family:""Times New Roman"";}
@page Section1
	{size:612.0pt 792.0pt;
	margin:72.0pt 90.0pt 72.0pt 90.0pt;
	mso-header-margin:36.0pt;
	mso-footer-margin:36.0pt;
	mso-paper-source:0;}
div.Section1
	{page:Section1;}
-->
</style><!--[if gte mso 10]>
<style>
 /* Style Definitions */
 table.MsoNormalTable
	{mso-style-name:""Table Normal"";
	mso-tstyle-rowband-size:0;
	mso-tstyle-colband-size:0;
	mso-style-noshow:yes;
	mso-style-parent:"""";
	mso-padding-alt:0cm 5.4pt 0cm 5.4pt;
	mso-para-margin:0cm;
	mso-para-margin-bottom:.0001pt;
	mso-pagination:widow-orphan;
	font-size:10.0pt;
	font-family:""Times New Roman"";
	mso-ansi-language:#0400;
	mso-fareast-language:#0400;
	mso-bidi-language:#0400;}
</style>
<![endif]-->

<p class=""MsoNormal"" dir=""rtl"" style=""text-align: justify;""><span style=""font-family: &quot;Jameel Noori Nastaleeq&quot;;"" lang=""AR-SA"">مفتی
صاحب فتوی آئی ڈی نمبر14187میں آپ نے فرمایا کہ جن لوگوں سے جتنا پیسہ لیا تھا ان
کو واپس کریں۔ مگر پیسہ لینے کا طریقہ ایسا تھا کہ ان کشتیوں کے مالکوں سے چند لوگ
مقرر تھے جو ان مالکوں سے پیسے لے کر کشتیوں کے نمبر میرے ابو اور اسٹاف کے دوسرے
لوگوں کو دیتے تھے، وہ پیسے فی مہینہ تیس سے چالیس لاکھ بانٹتے۔جس میں سے دس لاکھ
خود ماہی گیری کا وزیر لیتا ہے اور پھر دس لاکھ دوسرا کوئی بڑا لیتا ہے ۔ اور
ہمارے ابو ایک چھوٹے آفیسر تھے اس لیے وہ تیس سے چالیس ہزار لیتے تھے۔ اب کب کس
کشتی والے سے کتنا پیسہ لیا کسی کو پتہ نہیں۔اور ان کا کوئی ریکارڈ اب موجود نہیں۔
او رکشتیوں کے مالکوں سے تو دوسرے لوگ پیسے لیتے تھے اور خود ابو کو بھی نہیں پتہ
کہ اس دوران کس قدر پیسے ابو کو ملے، یعنی سال میں چھ لاکھ ملے یا نو لاکھ ملے اور
باقی سالوں میں پوری نوکری کے دوران کتنے پیسے ابو کو ملے؟ (</span><span style=""font-family: &quot;Jameel Noori Nastaleeq&quot;;"" lang=""FA"">۱)</span><span style=""font-family: &quot;Jameel Noori Nastaleeq&quot;;"" lang=""AR-SA"">کیا گھر بیچ کر وہ پیسے
صدقہ کر سکتے ہیں؟ (</span><span style=""font-family: &quot;Jameel Noori Nastaleeq&quot;;"" lang=""FA"">۲)</span><span style=""font-family: &quot;Jameel Noori Nastaleeq&quot;;"" lang=""AR-SA"">کیا
اندازے سے پیسے یعنی کتنی رقم رشوت کی ملی صدقہ کر سکتے ہیں؟ (</span><span style=""font-family: &quot;Jameel Noori Nastaleeq&quot;;"" lang=""FA"">۳)</span><span style=""font-family: &quot;Jameel Noori Nastaleeq&quot;;"" lang=""AR-SA"">اگر جتنی رقم رشوت کی لی
ہے اب اتنی رقم پاس موجود نہ ہو یعنی رشوت لی پچاس لاکھ کے قریب مگر اب پیسے تین
لاکھ بھی نہ ہوں تو اب کیا کریں؟ برائے کرم میرے ابو کی اس مشکل کا کوئی حل
بتائیں۔<o:p></o:p></span></p>

</h2>
							<h2><u> سوال: </u> <meta http-equiv=""Content-Type"" content=""text/html; charset=utf-8""><meta name=""ProgId"" content=""Word.Document""><meta name=""Generator"" content=""Microsoft Word 11""><meta name=""Originator"" content=""Microsoft Word 11""><link rel=""File-List"" href=""file:///G:\DOCUME~1\ADMINI~1\LOCALS~1\Temp\msohtml1\13\clip_filelist.xml""><!--[if gte mso 9]><xml>
 <w:WordDocument>
  <w:View>Normal</w:View>
  <w:Zoom>0</w:Zoom>
  <w:PunctuationKerning/>
  <w:ValidateAgainstSchemas/>
  <w:SaveIfXMLInvalid>false</w:SaveIfXMLInvalid>
  <w:IgnoreMixedContent>false</w:IgnoreMixedContent>
  <w:AlwaysShowPlaceholderText>false</w:AlwaysShowPlaceholderText>
  <w:Compatibility>
   <w:BreakWrappedTables/>
   <w:SnapToGridInCell/>
   <w:WrapTextWithPunct/>
   <w:UseAsianBreakRules/>
   <w:DontGrowAutofit/>
  </w:Compatibility>
  <w:BrowserLevel>MicrosoftInternetExplorer4</w:BrowserLevel>
 </w:WordDocument>
</xml><![endif]--><!--[if gte mso 9]><xml>
 <w:LatentStyles DefLockedState=""false"" LatentStyleCount=""156"">
 </w:LatentStyles>
</xml><![endif]--><style>
<!--
 /* Font Definitions */
 @font-face
	{font-family:""Jameel Noori Nastaleeq"";
	panose-1:2 0 5 3 0 0 0 0 0 4;
	mso-font-alt:""Times New Roman"";
	mso-font-charset:0;
	mso-generic-font-family:auto;
	mso-font-pitch:variable;
	mso-font-signature:-2147475449 0 0 0 65 0;}
 /* Style Definitions */
 p.MsoNormal, li.MsoNormal, div.MsoNormal
	{mso-style-parent:"""";
	margin:0cm;
	margin-bottom:.0001pt;
	text-align:right;
	mso-pagination:widow-orphan;
	direction:rtl;
	unicode-bidi:embed;
	font-size:12.0pt;
	font-family:""Times New Roman"";
	mso-fareast-font-family:""Times New Roman"";}
@page Section1
	{size:612.0pt 792.0pt;
	margin:72.0pt 90.0pt 72.0pt 90.0pt;
	mso-header-margin:36.0pt;
	mso-footer-margin:36.0pt;
	mso-paper-source:0;}
div.Section1
	{page:Section1;}
-->
</style><!--[if gte mso 10]>
<style>
 /* Style Definitions */
 table.MsoNormalTable
	{mso-style-name:""Table Normal"";
	mso-tstyle-rowband-size:0;
	mso-tstyle-colband-size:0;
	mso-style-noshow:yes;
	mso-style-parent:"""";
	mso-padding-alt:0cm 5.4pt 0cm 5.4pt;
	mso-para-margin:0cm;
	mso-para-margin-bottom:.0001pt;
	mso-pagination:widow-orphan;
	font-size:10.0pt;
	font-family:""Times New Roman"";
	mso-ansi-language:#0400;
	mso-fareast-language:#0400;
	mso-bidi-language:#0400;}
</style>
<![endif]-->

<p class=""MsoNormal"" dir=""rtl"" style=""text-align: justify;""><span style=""font-family: &quot;Jameel Noori Nastaleeq&quot;;"" lang=""AR-SA"">مفتی
صاحب فتوی آئی ڈی نمبر14187میں آپ نے فرمایا کہ جن لوگوں سے جتنا پیسہ لیا تھا ان
کو واپس کریں۔ مگر پیسہ لینے کا طریقہ ایسا تھا کہ ان کشتیوں کے مالکوں سے چند لوگ
مقرر تھے جو ان مالکوں سے پیسے لے کر کشتیوں کے نمبر میرے ابو اور اسٹاف کے دوسرے
لوگوں کو دیتے تھے، وہ پیسے فی مہینہ تیس سے چالیس لاکھ بانٹتے۔جس میں سے دس لاکھ
خود ماہی گیری کا وزیر لیتا ہے اور پھر دس لاکھ دوسرا کوئی بڑا لیتا ہے ۔ اور
ہمارے ابو ایک چھوٹے آفیسر تھے اس لیے وہ تیس سے چالیس ہزار لیتے تھے۔ اب کب کس
کشتی والے سے کتنا پیسہ لیا کسی کو پتہ نہیں۔اور ان کا کوئی ریکارڈ اب موجود نہیں۔
او رکشتیوں کے مالکوں سے تو دوسرے لوگ پیسے لیتے تھے اور خود ابو کو بھی نہیں پتہ
کہ اس دوران کس قدر پیسے ابو کو ملے، یعنی سال میں چھ لاکھ ملے یا نو لاکھ ملے اور
باقی سالوں میں پوری نوکری کے دوران کتنے پیسے ابو کو ملے؟ (</span><span style=""font-family: &quot;Jameel Noori Nastaleeq&quot;;"" lang=""FA"">۱)</span><span style=""font-family: &quot;Jameel Noori Nastaleeq&quot;;"" lang=""AR-SA"">کیا گھر بیچ کر وہ پیسے
صدقہ کر سکتے ہیں؟ (</span><span style=""font-family: &quot;Jameel Noori Nastaleeq&quot;;"" lang=""FA"">۲)</span><span style=""font-family: &quot;Jameel Noori Nastaleeq&quot;;"" lang=""AR-SA"">کیا
اندازے سے پیسے یعنی کتنی رقم رشوت کی ملی صدقہ کر سکتے ہیں؟ (</span><span style=""font-family: &quot;Jameel Noori Nastaleeq&quot;;"" lang=""FA"">۳)</span><span style=""font-family: &quot;Jameel Noori Nastaleeq&quot;;"" lang=""AR-SA"">اگر جتنی رقم رشوت کی لی
ہے اب اتنی رقم پاس موجود نہ ہو یعنی رشوت لی پچاس لاکھ کے قریب مگر اب پیسے تین
لاکھ بھی نہ ہوں تو اب کیا کریں؟ برائے کرم میرے ابو کی اس مشکل کا کوئی حل
بتائیں۔<o:p></o:p></span></p>

</h2>
							<p class=""fatwa_answer""><span class=""ans_urdu_id""> جواب نمبر: 14687</span><span style=""color:#efefef;display:none;"" class=""answer_date_urdu"">01-Sep-2020 : تاریخ اشاعت </span></p>
							<p>بسم الله الرحمن الرحيم</p>
							<p> <meta http-equiv=""Content-Type"" content=""text/html; charset=utf-8""><meta name=""ProgId"" content=""Word.Document""><meta name=""Generator"" content=""Microsoft Word 11""><meta name=""Originator"" content=""Microsoft Word 11""><link rel=""File-List"" href=""file:///G:\DOCUME~1\ADMINI~1\LOCALS~1\Temp\msohtml1\13\clip_filelist.xml""><!--[if gte mso 9]><xml>
 <w:WordDocument>
  <w:View>Normal</w:View>
  <w:Zoom>0</w:Zoom>
  <w:PunctuationKerning/>
  <w:ValidateAgainstSchemas/>
  <w:SaveIfXMLInvalid>false</w:SaveIfXMLInvalid>
  <w:IgnoreMixedContent>false</w:IgnoreMixedContent>
  <w:AlwaysShowPlaceholderText>false</w:AlwaysShowPlaceholderText>
  <w:Compatibility>
   <w:BreakWrappedTables/>
   <w:SnapToGridInCell/>
   <w:WrapTextWithPunct/>
   <w:UseAsianBreakRules/>
   <w:DontGrowAutofit/>
  </w:Compatibility>
  <w:BrowserLevel>MicrosoftInternetExplorer4</w:BrowserLevel>
 </w:WordDocument>
</xml><![endif]--><!--[if gte mso 9]><xml>
 <w:LatentStyles DefLockedState=""false"" LatentStyleCount=""156"">
 </w:LatentStyles>
</xml><![endif]--><style>
<!--
 /* Font Definitions */
 @font-face
	{font-family:""Jameel Noori Nastaleeq"";
	panose-1:2 0 5 3 0 0 0 0 0 4;
	mso-font-alt:""Times New Roman"";
	mso-font-charset:0;
	mso-generic-font-family:auto;
	mso-font-pitch:variable;
	mso-font-signature:-2147475449 0 0 0 65 0;}
 /* Style Definitions */
 p.MsoNormal, li.MsoNormal, div.MsoNormal
	{mso-style-parent:"""";
	margin:0cm;
	margin-bottom:.0001pt;
	text-align:right;
	mso-pagination:widow-orphan;
	direction:rtl;
	unicode-bidi:embed;
	font-size:12.0pt;
	font-family:""Times New Roman"";
	mso-fareast-font-family:""Times New Roman"";}
@page Section1
	{size:612.0pt 792.0pt;
	margin:72.0pt 90.0pt 72.0pt 90.0pt;
	mso-header-margin:36.0pt;
	mso-footer-margin:36.0pt;
	mso-paper-source:0;}
div.Section1
	{page:Section1;}
-->
</style><!--[if gte mso 10]>
<style>
 /* Style Definitions */
 table.MsoNormalTable
	{mso-style-name:""Table Normal"";
	mso-tstyle-rowband-size:0;
	mso-tstyle-colband-size:0;
	mso-style-noshow:yes;
	mso-style-parent:"""";
	mso-padding-alt:0cm 5.4pt 0cm 5.4pt;
	mso-para-margin:0cm;
	mso-para-margin-bottom:.0001pt;
	mso-pagination:widow-orphan;
	font-size:10.0pt;
	font-family:""Times New Roman"";
	mso-ansi-language:#0400;
	mso-fareast-language:#0400;
	mso-bidi-language:#0400;}
</style>
<![endif]-->

</p><p class=""MsoNormal"" dir=""rtl"" style=""text-align: justify;""><span style=""font-family: &quot;Jameel Noori Nastaleeq&quot;;"" lang=""AR-SA"">فتوی:
1623=1295/ھ</span></p>

<p class=""MsoNormal"" dir=""rtl"" style=""text-align: justify;""><span style=""font-family: &quot;Jameel Noori Nastaleeq&quot;;"" lang=""AR-SA""><o:p>&nbsp;</o:p></span></p>

<p class=""MsoNormal"" dir=""rtl"" style=""text-align: justify;""><span style=""font-family: &quot;Jameel Noori Nastaleeq&quot;;"" lang=""AR-SA"">(</span><span style=""font-family: &quot;Jameel Noori Nastaleeq&quot;;"" lang=""FA"">۱) </span><span style=""font-family: &quot;Jameel Noori Nastaleeq&quot;;"" lang=""AR-SA"">ایسا بھی کرسکتے ہیں۔</span></p>

<p class=""MsoNormal"" dir=""rtl"" style=""text-align: justify;""><span style=""font-family: &quot;Jameel Noori Nastaleeq&quot;;"" lang=""AR-SA"">(</span><span style=""font-family: &quot;Jameel Noori Nastaleeq&quot;;"" lang=""FA"">۲) </span><span style=""font-family: &quot;Jameel Noori Nastaleeq&quot;;"" lang=""AR-SA"">جتنی مقدار پر دل ٹھک
جائے اس سے کچھ زائد مقدار صدقہ کرنے کی ٹھان لیں،اور حسب موقعہ جلد ازجلد جس قدر
کرسکیں کرتے رہیں۔</span></p>

<p class=""MsoNormal"" dir=""rtl"" style=""text-align: justify;""><span style=""font-family: &quot;Jameel Noori Nastaleeq&quot;;"" lang=""AR-SA"">(</span><span style=""font-family: &quot;Jameel Noori Nastaleeq&quot;;"" lang=""FA"">۳) </span><span style=""font-family: &quot;Jameel Noori Nastaleeq&quot;;"" lang=""AR-SA"">دیانةً فی ما بینکم وبین
اللہ تعالیٰ جتنا کرسکتے ہوں، اتنا کریں اور جو کچھ باقی رہے اس کے معاملہ میں
اللہ پاک سے کثرت کے ساتھ توبہ استغفار کرتے رہیں اور آئندہ جیسے جیسے مال آتا رہے
اس میں صدقہ کرنے کا عمل جاری رکھیں، ایسا کرتے رہنے سے دنیا میں وبال اور آخرت
میں عذاب سے حفاظت رہے گی،آپ اورآپ کے بھائی وغیرہ جو تعاوہ والد صاحب کا کرسکیں
وہ بھی کرتے رہیں۔</span></p>

<p></p> 
							<br>
							<span style=""font-size:1.2em"">
								<p><strong>واللہ تعالیٰ اعلم</strong></p>
								<br class=""clear"">
								<p><strong>دارالافتاء،</strong><br>دارالعلوم دیوبند</p>
							</span>
						</li>
											</ul>
				</div>"
https://darulifta-deoband.com/home/ur/other-transactions/14685,زید نے بکر سے کشتی کے لیے چھ لاکھ روپیہ ادھار لیا او رکشتی خریدی۔ زید اب پابند ہے کہ سمندر میں سے جو مال لاتا ہے بکر کو دے دے جس کی مارکیٹ کی قیمت ساٹھ روپیہ فی کلو ہے جب کہ بکر کو دیتا ہے پچاس روپیہ فی کلو، کیوں کہ زید قرض دار ہے بکر کا۔ یہ دس روپیہ فی کلو سود ہے جو بکر لیتا ہے زید سے صرف قرض کی بنیاد پر۔ لیکن اب زید کے پاس اتنے پیسے نہیں ہیں کہ سود کی لعنت سے بچنے کے لیے بکر کو سارا قرضہ دے دے اوراگر کشتی بھی بیچ دے تو کشتی کی قیمت تقریباً چار لاکھ ہوگی۔ اب زید کے لیے کیا حکم ہے شریعت کی روشنی سے؟ (۲)اب اگر تھوڑا تھوڑا کرکے بکر کا سارا قرض لوٹاتا ہے تو اب زید کشتی کا مالک بن جاتا ہے۔ اب سمندر میں سے جو مال لایا جاتا ہے اس کے بارہ حصے کئے جاتے ہیں جس میں سے پانچ حصے زید (کشتی کا مالک، جن پر مزدوں کا ان کی اپنی رضا مندی سے کوئی حق نہیں) کے ہوتے ہیں جب کہ باقی سات حصے کشتی کے مزدوروں کو ملتے ہیں۔ ......,"<h2><u> سوال: </u> <meta http-equiv=""Content-Type"" content=""text/html; charset=utf-8""><meta name=""ProgId"" content=""Word.Document""><meta name=""Generator"" content=""Microsoft Word 11""><meta name=""Originator"" content=""Microsoft Word 11""><link rel=""File-List"" href=""file:///G:\DOCUME~1\ADMINI~1\LOCALS~1\Temp\msohtml1\01\clip_filelist.xml""><!--[if gte mso 9]><xml>
 <w:WordDocument>
  <w:View>Normal</w:View>
  <w:Zoom>0</w:Zoom>
  <w:PunctuationKerning/>
  <w:ValidateAgainstSchemas/>
  <w:SaveIfXMLInvalid>false</w:SaveIfXMLInvalid>
  <w:IgnoreMixedContent>false</w:IgnoreMixedContent>
  <w:AlwaysShowPlaceholderText>false</w:AlwaysShowPlaceholderText>
  <w:Compatibility>
   <w:BreakWrappedTables/>
   <w:SnapToGridInCell/>
   <w:WrapTextWithPunct/>
   <w:UseAsianBreakRules/>
   <w:DontGrowAutofit/>
  </w:Compatibility>
  <w:BrowserLevel>MicrosoftInternetExplorer4</w:BrowserLevel>
 </w:WordDocument>
</xml><![endif]--><!--[if gte mso 9]><xml>
 <w:LatentStyles DefLockedState=""false"" LatentStyleCount=""156"">
 </w:LatentStyles>
</xml><![endif]--><style>
<!--
 /* Font Definitions */
 @font-face
	{font-family:SimSun;
	panose-1:2 1 6 0 3 1 1 1 1 1;
	mso-font-alt:&#23435;&#20307;;
	mso-font-charset:134;
	mso-generic-font-family:auto;
	mso-font-pitch:variable;
	mso-font-signature:3 135135232 16 0 262145 0;}
@font-face
	{font-family:Tahoma;
	panose-1:2 11 6 4 3 5 4 4 2 4;
	mso-font-charset:0;
	mso-generic-font-family:swiss;
	mso-font-pitch:variable;
	mso-font-signature:1627421319 -2147483648 8 0 66047 0;}
@font-face
	{font-family:""Jameel Noori Nastaleeq"";
	panose-1:2 0 5 3 0 0 0 0 0 4;
	mso-font-charset:0;
	mso-generic-font-family:auto;
	mso-font-pitch:variable;
	mso-font-signature:-2147475449 0 0 0 65 0;}
@font-face
	{font-family:""\@SimSun"";
	panose-1:2 1 6 0 3 1 1 1 1 1;
	mso-font-charset:134;
	mso-generic-font-family:auto;
	mso-font-pitch:variable;
	mso-font-signature:3 135135232 16 0 262145 0;}
 /* Style Definitions */
 p.MsoNormal, li.MsoNormal, div.MsoNormal
	{mso-style-parent:"""";
	margin:0cm;
	margin-bottom:.0001pt;
	text-align:justify;
	text-justify:kashida;
	text-kashida:0%;
	mso-pagination:widow-orphan;
	direction:rtl;
	unicode-bidi:embed;
	font-size:12.0pt;
	mso-bidi-font-size:10.0pt;
	font-family:Tahoma;
	mso-fareast-font-family:SimSun;}
@page Section1
	{size:612.0pt 792.0pt;
	margin:72.0pt 90.0pt 72.0pt 90.0pt;
	mso-header-margin:36.0pt;
	mso-footer-margin:36.0pt;
	mso-paper-source:0;}
div.Section1
	{page:Section1;}
-->
</style><!--[if gte mso 10]>
<style>
 /* Style Definitions */
 table.MsoNormalTable
	{mso-style-name:""Table Normal"";
	mso-tstyle-rowband-size:0;
	mso-tstyle-colband-size:0;
	mso-style-noshow:yes;
	mso-style-parent:"""";
	mso-padding-alt:0cm 5.4pt 0cm 5.4pt;
	mso-para-margin:0cm;
	mso-para-margin-bottom:.0001pt;
	mso-pagination:widow-orphan;
	font-size:10.0pt;
	font-family:""Times New Roman"";
	mso-ansi-language:#0400;
	mso-fareast-language:#0400;
	mso-bidi-language:#0400;}
</style>
<![endif]-->

<p class=""MsoNormal"" dir=""rtl""><span style=""font-family: &quot;Jameel Noori Nastaleeq&quot;;"" lang=""AR-SA"">زید نے بکر سے کشتی کے لیے چھ لاکھ روپیہ
ادھار لیا او رکشتی خریدی۔ زید اب پابند ہے کہ سمندر میں سے جو مال لاتا ہے بکر کو
دے دے جس کی مارکیٹ کی قیمت ساٹھ روپیہ فی کلو ہے جب کہ بکر کو دیتا ہے پچاس روپیہ
فی کلو، کیوں کہ زید قرض دار ہے بکر کا۔ یہ دس روپیہ فی کلو سود ہے جو بکر لیتا ہے
زید سے صرف قرض کی بنیاد پر۔ لیکن اب زید کے پاس اتنے پیسے نہیں ہیں کہ سود کی
لعنت سے بچنے کے لیے بکر کو سارا قرضہ دے دے اوراگر کشتی بھی بیچ دے تو کشتی کی قیمت
تقریباً چار لاکھ ہوگی۔ اب زید کے لیے کیا حکم ہے شریعت کی روشنی سے؟ (</span><span style=""font-family: &quot;Jameel Noori Nastaleeq&quot;;"" lang=""FA"">۲)</span><span style=""font-family: &quot;Jameel Noori Nastaleeq&quot;;"" lang=""AR-SA"">اب اگر تھوڑا تھوڑا کرکے بکر کا سارا قرض
لوٹاتا ہے تو اب زید کشتی کا مالک بن جاتا ہے۔ اب سمندر میں سے جو مال لایا جاتا
ہے اس کے بارہ حصے کئے جاتے ہیں جس میں سے پانچ حصے زید (کشتی کا مالک، جن پر
مزدوں کا ان کی اپنی رضا مندی سے کوئی حق نہیں) کے ہوتے ہیں جب کہ باقی سات حصے
کشتی کے مزدوروں کو ملتے ہیں۔ جب مال بیچا جاتا ہے تو ساٹھ روپیہ فی کلو کے حساب
سے او رحصے تقسیم ہوتے ہیں پچاس روپیہ فی کلو کے حساب سے، یہ دس روپیہ فی کلو
بچائے جاتے ہیں کشتی کے خرچے (جال، انجن، پنکھا، وغیرہ خراب ہوتے ہیں ان کی مرمت )
کے لیے جس پر مزدوروں کو کوئی اعتراض نہیں، کیوں کہ اگر نہ بچایا جائے تو خرچے
پورے نہیں ہوپاتے اور کاروبار نہیں چل سکتا۔ یہ خرچے دس روپیہ فی کلو کی رقم سے
پورے کئے جاتے ہیں۔ اب اگر پورے سال خرچہ نہ ہو یا خرچہ کم ہو او رپیسے زیادہ بچ
جائیں تو یہ دس روپئے فی کلو کے حساب سے بچے ہوئے پیسے کس کے ہوں گے مالک کے یا
مزدوروں کے؟ کیوں کہ ہمارے یہاں یہ دس روپیہ فی کلو سے بچے ہوئے پیسے کشتی کا مالک
لیتا ہے اور سال کے اندر اپنی دوسری کشتی کرتا ہے ، کیا یہ جائز ہے؟ تھوڑی وضاحت
سے جواب عطا کریں۔ <o:p></o:p></span></p>

</h2>","<p>بسم الله الرحمن الرحيم</p><p> <meta http-equiv=""Content-Type"" content=""text/html; charset=utf-8""><meta name=""ProgId"" content=""Word.Document""><meta name=""Generator"" content=""Microsoft Word 11""><meta name=""Originator"" content=""Microsoft Word 11""><link rel=""File-List"" href=""file:///G:\DOCUME~1\ADMINI~1\LOCALS~1\Temp\msohtml1\01\clip_filelist.xml""><!--[if gte mso 9]><xml>
 <w:WordDocument>
  <w:View>Normal</w:View>
  <w:Zoom>0</w:Zoom>
  <w:PunctuationKerning/>
  <w:ValidateAgainstSchemas/>
  <w:SaveIfXMLInvalid>false</w:SaveIfXMLInvalid>
  <w:IgnoreMixedContent>false</w:IgnoreMixedContent>
  <w:AlwaysShowPlaceholderText>false</w:AlwaysShowPlaceholderText>
  <w:Compatibility>
   <w:BreakWrappedTables/>
   <w:SnapToGridInCell/>
   <w:WrapTextWithPunct/>
   <w:UseAsianBreakRules/>
   <w:DontGrowAutofit/>
  </w:Compatibility>
  <w:BrowserLevel>MicrosoftInternetExplorer4</w:BrowserLevel>
 </w:WordDocument>
</xml><![endif]--><!--[if gte mso 9]><xml>
 <w:LatentStyles DefLockedState=""false"" LatentStyleCount=""156"">
 </w:LatentStyles>
</xml><![endif]--><style>
<!--
 /* Font Definitions */
 @font-face
	{font-family:SimSun;
	panose-1:2 1 6 0 3 1 1 1 1 1;
	mso-font-alt:&#23435;&#20307;;
	mso-font-charset:134;
	mso-generic-font-family:auto;
	mso-font-pitch:variable;
	mso-font-signature:3 135135232 16 0 262145 0;}
@font-face
	{font-family:Tahoma;
	panose-1:2 11 6 4 3 5 4 4 2 4;
	mso-font-charset:0;
	mso-generic-font-family:swiss;
	mso-font-pitch:variable;
	mso-font-signature:1627421319 -2147483648 8 0 66047 0;}
@font-face
	{font-family:""Jameel Noori Nastaleeq"";
	panose-1:2 0 5 3 0 0 0 0 0 4;
	mso-font-charset:0;
	mso-generic-font-family:auto;
	mso-font-pitch:variable;
	mso-font-signature:-2147475449 0 0 0 65 0;}
@font-face
	{font-family:""\@SimSun"";
	panose-1:2 1 6 0 3 1 1 1 1 1;
	mso-font-charset:134;
	mso-generic-font-family:auto;
	mso-font-pitch:variable;
	mso-font-signature:3 135135232 16 0 262145 0;}
 /* Style Definitions */
 p.MsoNormal, li.MsoNormal, div.MsoNormal
	{mso-style-parent:"""";
	margin:0cm;
	margin-bottom:.0001pt;
	text-align:justify;
	text-justify:kashida;
	text-kashida:0%;
	mso-pagination:widow-orphan;
	direction:rtl;
	unicode-bidi:embed;
	font-size:12.0pt;
	mso-bidi-font-size:10.0pt;
	font-family:Tahoma;
	mso-fareast-font-family:SimSun;}
@page Section1
	{size:612.0pt 792.0pt;
	margin:72.0pt 90.0pt 72.0pt 90.0pt;
	mso-header-margin:36.0pt;
	mso-footer-margin:36.0pt;
	mso-paper-source:0;}
div.Section1
	{page:Section1;}
-->
</style><!--[if gte mso 10]>
<style>
 /* Style Definitions */
 table.MsoNormalTable
	{mso-style-name:""Table Normal"";
	mso-tstyle-rowband-size:0;
	mso-tstyle-colband-size:0;
	mso-style-noshow:yes;
	mso-style-parent:"""";
	mso-padding-alt:0cm 5.4pt 0cm 5.4pt;
	mso-para-margin:0cm;
	mso-para-margin-bottom:.0001pt;
	mso-pagination:widow-orphan;
	font-size:10.0pt;
	font-family:""Times New Roman"";
	mso-ansi-language:#0400;
	mso-fareast-language:#0400;
	mso-bidi-language:#0400;}
</style>
<![endif]-->

</p><p class=""MsoNormal"" dir=""rtl""><span style=""font-family: &quot;Jameel Noori Nastaleeq&quot;;"" lang=""AR-SA"">فتوی: 1359=1109/د</span></p><p class=""MsoNormal"" dir=""rtl""><span style=""font-family: &quot;Jameel Noori Nastaleeq&quot;;"" lang=""AR-SA""><o:p>&nbsp;</o:p></span></p><p class=""MsoNormal"" dir=""rtl""><span style=""font-family: &quot;Jameel Noori Nastaleeq&quot;;"" lang=""AR-SA"">(</span><span style=""font-family: &quot;Jameel Noori Nastaleeq&quot;;"" lang=""FA"">۱) </span><span style=""font-family: &quot;Jameel Noori Nastaleeq&quot;;"" lang=""AR-SA"">بکر
کو بجائے ساٹھ روپئے کے پچاس روپیہ کلو دینا، قرض دار ہونے کی وجہ سے ہے، اس لیے یہ
یقیناً سود میں داخل ہے کل قرض جر نفعا فہو ربا۔</span></p><p class=""MsoNormal"" dir=""rtl""><span style=""font-family: &quot;Jameel Noori Nastaleeq&quot;;"" lang=""AR-SA"">(</span><span style=""font-family: &quot;Jameel Noori Nastaleeq&quot;;"" lang=""FA"">۲) </span><span style=""font-family: &quot;Jameel Noori Nastaleeq&quot;;"" lang=""AR-SA"">دس
روپیہ فی کلو جو خرچ وغیرہ کے نام سے روکے گئے ہیں، مزدوروں کے حصہ کی رقم روکنا
جائز نہیں ہے کیونکہ کشتی کی مرمت وغیرہ کشتی کے مالک کے ذمہ آتی ہے، مزدوروں پر
اس کا بوجھ ڈالنا درست نہیں ہے۔ البتہ شروع ہی سے ان کی مزدوری کم طے کی جائے
اورمالک کشتی کے حصہ میں اس کا نفع اس قدر رکھا جائے جس سے وہ بوقت ضرورت کشتی کی
مرمت بھی کراسکے تو جائز ہے، لیکن مزدوروں کی مزدوری طے کرنے کا مذکور فی السوال
طریقہ درست نہیں ہے۔ یہ قفیز طحان کے مشابہ ہے، کہ سمندر سے جو مال مزدوروں نے
نکالا اسی کا بعض جز یا اس کی قیمت اجرت میں دینا طے کیا گیا ہے، ایسا کرنا ناجائز
ہے، ان کی مزدوری نکلنے والے مال کے علاوہ سے دوسرے ریٹ سے طے کی جائے۔ </span></p><p></p><br><span style=""font-size:1.2em"">
								<p><strong>واللہ تعالیٰ اعلم</strong></p>
								<br class=""clear"">
								<p><strong>دارالافتاء،</strong><br>دارالعلوم دیوبند</p>
							</span>",01-Sep-2020,14685,darulifta-deoband.com,معاملات,دیگر معاملات,"<div id=""recent_fatwas"" class=""container tab-pane active""><br>
					<ul class=""answer_detail"">
												<li>
																					<div class=""cate_sec"">
								<p class=""category_name"">
									<span>
										معاملات									</span> 
									&gt;&gt; 
									<span>
																		<a href=""https://darulifta-deoband.com/ur/category/n-a/Mzg="">دیگر معاملات</a>
									</span>
								</p>
								<p class=""quesid""><span class=""anser_id_urdu""> سوال نمبر: 14685</span><!--<span class=""country_urdu"">  : ملک</span> --></p>
							</div>
							<h2><u> عنوان:</u> <meta http-equiv=""Content-Type"" content=""text/html; charset=utf-8""><meta name=""ProgId"" content=""Word.Document""><meta name=""Generator"" content=""Microsoft Word 11""><meta name=""Originator"" content=""Microsoft Word 11""><link rel=""File-List"" href=""file:///G:\DOCUME~1\ADMINI~1\LOCALS~1\Temp\msohtml1\01\clip_filelist.xml""><!--[if gte mso 9]><xml>
 <w:WordDocument>
  <w:View>Normal</w:View>
  <w:Zoom>0</w:Zoom>
  <w:PunctuationKerning/>
  <w:ValidateAgainstSchemas/>
  <w:SaveIfXMLInvalid>false</w:SaveIfXMLInvalid>
  <w:IgnoreMixedContent>false</w:IgnoreMixedContent>
  <w:AlwaysShowPlaceholderText>false</w:AlwaysShowPlaceholderText>
  <w:Compatibility>
   <w:BreakWrappedTables/>
   <w:SnapToGridInCell/>
   <w:WrapTextWithPunct/>
   <w:UseAsianBreakRules/>
   <w:DontGrowAutofit/>
  </w:Compatibility>
  <w:BrowserLevel>MicrosoftInternetExplorer4</w:BrowserLevel>
 </w:WordDocument>
</xml><![endif]--><!--[if gte mso 9]><xml>
 <w:LatentStyles DefLockedState=""false"" LatentStyleCount=""156"">
 </w:LatentStyles>
</xml><![endif]--><style>
<!--
 /* Font Definitions */
 @font-face
	{font-family:SimSun;
	panose-1:2 1 6 0 3 1 1 1 1 1;
	mso-font-alt:&#23435;&#20307;;
	mso-font-charset:134;
	mso-generic-font-family:auto;
	mso-font-pitch:variable;
	mso-font-signature:3 135135232 16 0 262145 0;}
@font-face
	{font-family:Tahoma;
	panose-1:2 11 6 4 3 5 4 4 2 4;
	mso-font-charset:0;
	mso-generic-font-family:swiss;
	mso-font-pitch:variable;
	mso-font-signature:1627421319 -2147483648 8 0 66047 0;}
@font-face
	{font-family:""Jameel Noori Nastaleeq"";
	panose-1:2 0 5 3 0 0 0 0 0 4;
	mso-font-charset:0;
	mso-generic-font-family:auto;
	mso-font-pitch:variable;
	mso-font-signature:-2147475449 0 0 0 65 0;}
@font-face
	{font-family:""\@SimSun"";
	panose-1:2 1 6 0 3 1 1 1 1 1;
	mso-font-charset:134;
	mso-generic-font-family:auto;
	mso-font-pitch:variable;
	mso-font-signature:3 135135232 16 0 262145 0;}
 /* Style Definitions */
 p.MsoNormal, li.MsoNormal, div.MsoNormal
	{mso-style-parent:"""";
	margin:0cm;
	margin-bottom:.0001pt;
	text-align:justify;
	text-justify:kashida;
	text-kashida:0%;
	mso-pagination:widow-orphan;
	direction:rtl;
	unicode-bidi:embed;
	font-size:12.0pt;
	mso-bidi-font-size:10.0pt;
	font-family:Tahoma;
	mso-fareast-font-family:SimSun;}
@page Section1
	{size:612.0pt 792.0pt;
	margin:72.0pt 90.0pt 72.0pt 90.0pt;
	mso-header-margin:36.0pt;
	mso-footer-margin:36.0pt;
	mso-paper-source:0;}
div.Section1
	{page:Section1;}
-->
</style><!--[if gte mso 10]>
<style>
 /* Style Definitions */
 table.MsoNormalTable
	{mso-style-name:""Table Normal"";
	mso-tstyle-rowband-size:0;
	mso-tstyle-colband-size:0;
	mso-style-noshow:yes;
	mso-style-parent:"""";
	mso-padding-alt:0cm 5.4pt 0cm 5.4pt;
	mso-para-margin:0cm;
	mso-para-margin-bottom:.0001pt;
	mso-pagination:widow-orphan;
	font-size:10.0pt;
	font-family:""Times New Roman"";
	mso-ansi-language:#0400;
	mso-fareast-language:#0400;
	mso-bidi-language:#0400;}
</style>
<![endif]-->

<p class=""MsoNormal"" dir=""rtl""><span style=""font-family: &quot;Jameel Noori Nastaleeq&quot;;"" lang=""AR-SA"">زید نے بکر سے کشتی کے لیے چھ لاکھ روپیہ
ادھار لیا او رکشتی خریدی۔ زید اب پابند ہے کہ سمندر میں سے جو مال لاتا ہے بکر کو
دے دے جس کی مارکیٹ کی قیمت ساٹھ روپیہ فی کلو ہے جب کہ بکر کو دیتا ہے پچاس روپیہ
فی کلو، کیوں کہ زید قرض دار ہے بکر کا۔ یہ دس روپیہ فی کلو سود ہے جو بکر لیتا ہے
زید سے صرف قرض کی بنیاد پر۔ لیکن اب زید کے پاس اتنے پیسے نہیں ہیں کہ سود کی
لعنت سے بچنے کے لیے بکر کو سارا قرضہ دے دے اوراگر کشتی بھی بیچ دے تو کشتی کی قیمت
تقریباً چار لاکھ ہوگی۔ اب زید کے لیے کیا حکم ہے شریعت کی روشنی سے؟ (</span><span style=""font-family: &quot;Jameel Noori Nastaleeq&quot;;"" lang=""FA"">۲)</span><span style=""font-family: &quot;Jameel Noori Nastaleeq&quot;;"" lang=""AR-SA"">اب اگر تھوڑا تھوڑا کرکے بکر کا سارا قرض
لوٹاتا ہے تو اب زید کشتی کا مالک بن جاتا ہے۔ اب سمندر میں سے جو مال لایا جاتا
ہے اس کے بارہ حصے کئے جاتے ہیں جس میں سے پانچ حصے زید (کشتی کا مالک، جن پر
مزدوں کا ان کی اپنی رضا مندی سے کوئی حق نہیں) کے ہوتے ہیں جب کہ باقی سات حصے
کشتی کے مزدوروں کو ملتے ہیں۔ ......<o:p></o:p></span></p>

</h2>
							<h2><u> سوال: </u> <meta http-equiv=""Content-Type"" content=""text/html; charset=utf-8""><meta name=""ProgId"" content=""Word.Document""><meta name=""Generator"" content=""Microsoft Word 11""><meta name=""Originator"" content=""Microsoft Word 11""><link rel=""File-List"" href=""file:///G:\DOCUME~1\ADMINI~1\LOCALS~1\Temp\msohtml1\01\clip_filelist.xml""><!--[if gte mso 9]><xml>
 <w:WordDocument>
  <w:View>Normal</w:View>
  <w:Zoom>0</w:Zoom>
  <w:PunctuationKerning/>
  <w:ValidateAgainstSchemas/>
  <w:SaveIfXMLInvalid>false</w:SaveIfXMLInvalid>
  <w:IgnoreMixedContent>false</w:IgnoreMixedContent>
  <w:AlwaysShowPlaceholderText>false</w:AlwaysShowPlaceholderText>
  <w:Compatibility>
   <w:BreakWrappedTables/>
   <w:SnapToGridInCell/>
   <w:WrapTextWithPunct/>
   <w:UseAsianBreakRules/>
   <w:DontGrowAutofit/>
  </w:Compatibility>
  <w:BrowserLevel>MicrosoftInternetExplorer4</w:BrowserLevel>
 </w:WordDocument>
</xml><![endif]--><!--[if gte mso 9]><xml>
 <w:LatentStyles DefLockedState=""false"" LatentStyleCount=""156"">
 </w:LatentStyles>
</xml><![endif]--><style>
<!--
 /* Font Definitions */
 @font-face
	{font-family:SimSun;
	panose-1:2 1 6 0 3 1 1 1 1 1;
	mso-font-alt:&#23435;&#20307;;
	mso-font-charset:134;
	mso-generic-font-family:auto;
	mso-font-pitch:variable;
	mso-font-signature:3 135135232 16 0 262145 0;}
@font-face
	{font-family:Tahoma;
	panose-1:2 11 6 4 3 5 4 4 2 4;
	mso-font-charset:0;
	mso-generic-font-family:swiss;
	mso-font-pitch:variable;
	mso-font-signature:1627421319 -2147483648 8 0 66047 0;}
@font-face
	{font-family:""Jameel Noori Nastaleeq"";
	panose-1:2 0 5 3 0 0 0 0 0 4;
	mso-font-charset:0;
	mso-generic-font-family:auto;
	mso-font-pitch:variable;
	mso-font-signature:-2147475449 0 0 0 65 0;}
@font-face
	{font-family:""\@SimSun"";
	panose-1:2 1 6 0 3 1 1 1 1 1;
	mso-font-charset:134;
	mso-generic-font-family:auto;
	mso-font-pitch:variable;
	mso-font-signature:3 135135232 16 0 262145 0;}
 /* Style Definitions */
 p.MsoNormal, li.MsoNormal, div.MsoNormal
	{mso-style-parent:"""";
	margin:0cm;
	margin-bottom:.0001pt;
	text-align:justify;
	text-justify:kashida;
	text-kashida:0%;
	mso-pagination:widow-orphan;
	direction:rtl;
	unicode-bidi:embed;
	font-size:12.0pt;
	mso-bidi-font-size:10.0pt;
	font-family:Tahoma;
	mso-fareast-font-family:SimSun;}
@page Section1
	{size:612.0pt 792.0pt;
	margin:72.0pt 90.0pt 72.0pt 90.0pt;
	mso-header-margin:36.0pt;
	mso-footer-margin:36.0pt;
	mso-paper-source:0;}
div.Section1
	{page:Section1;}
-->
</style><!--[if gte mso 10]>
<style>
 /* Style Definitions */
 table.MsoNormalTable
	{mso-style-name:""Table Normal"";
	mso-tstyle-rowband-size:0;
	mso-tstyle-colband-size:0;
	mso-style-noshow:yes;
	mso-style-parent:"""";
	mso-padding-alt:0cm 5.4pt 0cm 5.4pt;
	mso-para-margin:0cm;
	mso-para-margin-bottom:.0001pt;
	mso-pagination:widow-orphan;
	font-size:10.0pt;
	font-family:""Times New Roman"";
	mso-ansi-language:#0400;
	mso-fareast-language:#0400;
	mso-bidi-language:#0400;}
</style>
<![endif]-->

<p class=""MsoNormal"" dir=""rtl""><span style=""font-family: &quot;Jameel Noori Nastaleeq&quot;;"" lang=""AR-SA"">زید نے بکر سے کشتی کے لیے چھ لاکھ روپیہ
ادھار لیا او رکشتی خریدی۔ زید اب پابند ہے کہ سمندر میں سے جو مال لاتا ہے بکر کو
دے دے جس کی مارکیٹ کی قیمت ساٹھ روپیہ فی کلو ہے جب کہ بکر کو دیتا ہے پچاس روپیہ
فی کلو، کیوں کہ زید قرض دار ہے بکر کا۔ یہ دس روپیہ فی کلو سود ہے جو بکر لیتا ہے
زید سے صرف قرض کی بنیاد پر۔ لیکن اب زید کے پاس اتنے پیسے نہیں ہیں کہ سود کی
لعنت سے بچنے کے لیے بکر کو سارا قرضہ دے دے اوراگر کشتی بھی بیچ دے تو کشتی کی قیمت
تقریباً چار لاکھ ہوگی۔ اب زید کے لیے کیا حکم ہے شریعت کی روشنی سے؟ (</span><span style=""font-family: &quot;Jameel Noori Nastaleeq&quot;;"" lang=""FA"">۲)</span><span style=""font-family: &quot;Jameel Noori Nastaleeq&quot;;"" lang=""AR-SA"">اب اگر تھوڑا تھوڑا کرکے بکر کا سارا قرض
لوٹاتا ہے تو اب زید کشتی کا مالک بن جاتا ہے۔ اب سمندر میں سے جو مال لایا جاتا
ہے اس کے بارہ حصے کئے جاتے ہیں جس میں سے پانچ حصے زید (کشتی کا مالک، جن پر
مزدوں کا ان کی اپنی رضا مندی سے کوئی حق نہیں) کے ہوتے ہیں جب کہ باقی سات حصے
کشتی کے مزدوروں کو ملتے ہیں۔ جب مال بیچا جاتا ہے تو ساٹھ روپیہ فی کلو کے حساب
سے او رحصے تقسیم ہوتے ہیں پچاس روپیہ فی کلو کے حساب سے، یہ دس روپیہ فی کلو
بچائے جاتے ہیں کشتی کے خرچے (جال، انجن، پنکھا، وغیرہ خراب ہوتے ہیں ان کی مرمت )
کے لیے جس پر مزدوروں کو کوئی اعتراض نہیں، کیوں کہ اگر نہ بچایا جائے تو خرچے
پورے نہیں ہوپاتے اور کاروبار نہیں چل سکتا۔ یہ خرچے دس روپیہ فی کلو کی رقم سے
پورے کئے جاتے ہیں۔ اب اگر پورے سال خرچہ نہ ہو یا خرچہ کم ہو او رپیسے زیادہ بچ
جائیں تو یہ دس روپئے فی کلو کے حساب سے بچے ہوئے پیسے کس کے ہوں گے مالک کے یا
مزدوروں کے؟ کیوں کہ ہمارے یہاں یہ دس روپیہ فی کلو سے بچے ہوئے پیسے کشتی کا مالک
لیتا ہے اور سال کے اندر اپنی دوسری کشتی کرتا ہے ، کیا یہ جائز ہے؟ تھوڑی وضاحت
سے جواب عطا کریں۔ <o:p></o:p></span></p>

</h2>
							<p class=""fatwa_answer""><span class=""ans_urdu_id""> جواب نمبر: 14685</span><span style=""color:#efefef;display:none;"" class=""answer_date_urdu"">01-Sep-2020 : تاریخ اشاعت </span></p>
							<p>بسم الله الرحمن الرحيم</p>
							<p> <meta http-equiv=""Content-Type"" content=""text/html; charset=utf-8""><meta name=""ProgId"" content=""Word.Document""><meta name=""Generator"" content=""Microsoft Word 11""><meta name=""Originator"" content=""Microsoft Word 11""><link rel=""File-List"" href=""file:///G:\DOCUME~1\ADMINI~1\LOCALS~1\Temp\msohtml1\01\clip_filelist.xml""><!--[if gte mso 9]><xml>
 <w:WordDocument>
  <w:View>Normal</w:View>
  <w:Zoom>0</w:Zoom>
  <w:PunctuationKerning/>
  <w:ValidateAgainstSchemas/>
  <w:SaveIfXMLInvalid>false</w:SaveIfXMLInvalid>
  <w:IgnoreMixedContent>false</w:IgnoreMixedContent>
  <w:AlwaysShowPlaceholderText>false</w:AlwaysShowPlaceholderText>
  <w:Compatibility>
   <w:BreakWrappedTables/>
   <w:SnapToGridInCell/>
   <w:WrapTextWithPunct/>
   <w:UseAsianBreakRules/>
   <w:DontGrowAutofit/>
  </w:Compatibility>
  <w:BrowserLevel>MicrosoftInternetExplorer4</w:BrowserLevel>
 </w:WordDocument>
</xml><![endif]--><!--[if gte mso 9]><xml>
 <w:LatentStyles DefLockedState=""false"" LatentStyleCount=""156"">
 </w:LatentStyles>
</xml><![endif]--><style>
<!--
 /* Font Definitions */
 @font-face
	{font-family:SimSun;
	panose-1:2 1 6 0 3 1 1 1 1 1;
	mso-font-alt:&#23435;&#20307;;
	mso-font-charset:134;
	mso-generic-font-family:auto;
	mso-font-pitch:variable;
	mso-font-signature:3 135135232 16 0 262145 0;}
@font-face
	{font-family:Tahoma;
	panose-1:2 11 6 4 3 5 4 4 2 4;
	mso-font-charset:0;
	mso-generic-font-family:swiss;
	mso-font-pitch:variable;
	mso-font-signature:1627421319 -2147483648 8 0 66047 0;}
@font-face
	{font-family:""Jameel Noori Nastaleeq"";
	panose-1:2 0 5 3 0 0 0 0 0 4;
	mso-font-charset:0;
	mso-generic-font-family:auto;
	mso-font-pitch:variable;
	mso-font-signature:-2147475449 0 0 0 65 0;}
@font-face
	{font-family:""\@SimSun"";
	panose-1:2 1 6 0 3 1 1 1 1 1;
	mso-font-charset:134;
	mso-generic-font-family:auto;
	mso-font-pitch:variable;
	mso-font-signature:3 135135232 16 0 262145 0;}
 /* Style Definitions */
 p.MsoNormal, li.MsoNormal, div.MsoNormal
	{mso-style-parent:"""";
	margin:0cm;
	margin-bottom:.0001pt;
	text-align:justify;
	text-justify:kashida;
	text-kashida:0%;
	mso-pagination:widow-orphan;
	direction:rtl;
	unicode-bidi:embed;
	font-size:12.0pt;
	mso-bidi-font-size:10.0pt;
	font-family:Tahoma;
	mso-fareast-font-family:SimSun;}
@page Section1
	{size:612.0pt 792.0pt;
	margin:72.0pt 90.0pt 72.0pt 90.0pt;
	mso-header-margin:36.0pt;
	mso-footer-margin:36.0pt;
	mso-paper-source:0;}
div.Section1
	{page:Section1;}
-->
</style><!--[if gte mso 10]>
<style>
 /* Style Definitions */
 table.MsoNormalTable
	{mso-style-name:""Table Normal"";
	mso-tstyle-rowband-size:0;
	mso-tstyle-colband-size:0;
	mso-style-noshow:yes;
	mso-style-parent:"""";
	mso-padding-alt:0cm 5.4pt 0cm 5.4pt;
	mso-para-margin:0cm;
	mso-para-margin-bottom:.0001pt;
	mso-pagination:widow-orphan;
	font-size:10.0pt;
	font-family:""Times New Roman"";
	mso-ansi-language:#0400;
	mso-fareast-language:#0400;
	mso-bidi-language:#0400;}
</style>
<![endif]-->

</p><p class=""MsoNormal"" dir=""rtl""><span style=""font-family: &quot;Jameel Noori Nastaleeq&quot;;"" lang=""AR-SA"">فتوی: 1359=1109/د</span></p>

<p class=""MsoNormal"" dir=""rtl""><span style=""font-family: &quot;Jameel Noori Nastaleeq&quot;;"" lang=""AR-SA""><o:p>&nbsp;</o:p></span></p>

<p class=""MsoNormal"" dir=""rtl""><span style=""font-family: &quot;Jameel Noori Nastaleeq&quot;;"" lang=""AR-SA"">(</span><span style=""font-family: &quot;Jameel Noori Nastaleeq&quot;;"" lang=""FA"">۱) </span><span style=""font-family: &quot;Jameel Noori Nastaleeq&quot;;"" lang=""AR-SA"">بکر
کو بجائے ساٹھ روپئے کے پچاس روپیہ کلو دینا، قرض دار ہونے کی وجہ سے ہے، اس لیے یہ
یقیناً سود میں داخل ہے کل قرض جر نفعا فہو ربا۔</span></p>

<p class=""MsoNormal"" dir=""rtl""><span style=""font-family: &quot;Jameel Noori Nastaleeq&quot;;"" lang=""AR-SA"">(</span><span style=""font-family: &quot;Jameel Noori Nastaleeq&quot;;"" lang=""FA"">۲) </span><span style=""font-family: &quot;Jameel Noori Nastaleeq&quot;;"" lang=""AR-SA"">دس
روپیہ فی کلو جو خرچ وغیرہ کے نام سے روکے گئے ہیں، مزدوروں کے حصہ کی رقم روکنا
جائز نہیں ہے کیونکہ کشتی کی مرمت وغیرہ کشتی کے مالک کے ذمہ آتی ہے، مزدوروں پر
اس کا بوجھ ڈالنا درست نہیں ہے۔ البتہ شروع ہی سے ان کی مزدوری کم طے کی جائے
اورمالک کشتی کے حصہ میں اس کا نفع اس قدر رکھا جائے جس سے وہ بوقت ضرورت کشتی کی
مرمت بھی کراسکے تو جائز ہے، لیکن مزدوروں کی مزدوری طے کرنے کا مذکور فی السوال
طریقہ درست نہیں ہے۔ یہ قفیز طحان کے مشابہ ہے، کہ سمندر سے جو مال مزدوروں نے
نکالا اسی کا بعض جز یا اس کی قیمت اجرت میں دینا طے کیا گیا ہے، ایسا کرنا ناجائز
ہے، ان کی مزدوری نکلنے والے مال کے علاوہ سے دوسرے ریٹ سے طے کی جائے۔ </span></p>

<p></p> 
							<br>
							<span style=""font-size:1.2em"">
								<p><strong>واللہ تعالیٰ اعلم</strong></p>
								<br class=""clear"">
								<p><strong>دارالافتاء،</strong><br>دارالعلوم دیوبند</p>
							</span>
						</li>
											</ul>
				</div>"
https://darulifta-deoband.com/home/ur/other-transactions/14517,زید کا ایک مکان تھا، کئی برسوں پہلے وہ مکان کسی کو کرایہ پر یا پے انگ گیسٹ کے طور پر دیا تھا، بیس پچیس سال سے کرایہ دار اس میں رہتے ہیں۔ جس وقت یہ مکان کرایہ پر دیا گیا تھا اس وقت اس کی قیمت بہت کم تھی مثلاً پچیس ہزار روپیہ تھی، لیکن اب صورت حال یہ ہے کہ اس مکان کی قیمت کئی گنا بڑ ھ کر پچیس لاکھ روپیہ ہوگئی ہے۔ اور جگہ کی قلت کی بناء پر بلڈر اس طرح کے چند مکان خرید کر اس جگہ بلڈنگ بنانا چاہتے ہیں اس طرح تین قسم کے لوگ سامنے آتے ہیں: (۱)مالک (۲)کرایہ دار (۳)بلڈر۔ بلڈر مالک کے ساتھ بیٹھ کر ایک رقم طے کرتا ہے جو مالک کو زمین کے عوض ملتی ہے، اور کرایہ دار حضرات کئی برسوں سے رہ رہے ہیں اس لیے ہندوستانی قانون کے مطابق اس مکان سے مکان مالک انھیں نکال نہیں سکتا، اس لیے انھیں بھی بلڈر جب تک اس جگہ پر بلڈنگ نہیں بن جاتی اتنے عرصہ کا کرایہ دیتا ہے اور مکان بھی اس بلڈنگ میں دے گا۔ ....,"<h2><u> سوال: </u> <meta http-equiv=""Content-Type"" content=""text/html; charset=utf-8""><meta name=""ProgId"" content=""Word.Document""><meta name=""Generator"" content=""Microsoft Word 11""><meta name=""Originator"" content=""Microsoft Word 11""><link rel=""File-List"" href=""file:///F:\DOCUME~1\ADMINI~1\LOCALS~1\Temp\msohtml1\01\clip_filelist.xml""><!--[if gte mso 9]><xml>
 <w:WordDocument>
  <w:View>Normal</w:View>
  <w:Zoom>0</w:Zoom>
  <w:PunctuationKerning/>
  <w:ValidateAgainstSchemas/>
  <w:SaveIfXMLInvalid>false</w:SaveIfXMLInvalid>
  <w:IgnoreMixedContent>false</w:IgnoreMixedContent>
  <w:AlwaysShowPlaceholderText>false</w:AlwaysShowPlaceholderText>
  <w:Compatibility>
   <w:BreakWrappedTables/>
   <w:SnapToGridInCell/>
   <w:WrapTextWithPunct/>
   <w:UseAsianBreakRules/>
   <w:DontGrowAutofit/>
  </w:Compatibility>
  <w:BrowserLevel>MicrosoftInternetExplorer4</w:BrowserLevel>
 </w:WordDocument>
</xml><![endif]--><!--[if gte mso 9]><xml>
 <w:LatentStyles DefLockedState=""false"" LatentStyleCount=""156"">
 </w:LatentStyles>
</xml><![endif]--><style>
<!--
 /* Font Definitions */
 @font-face
	{font-family:""Jameel Noori Nastaleeq"";
	panose-1:2 0 5 3 0 0 0 0 0 4;
	mso-font-charset:0;
	mso-generic-font-family:auto;
	mso-font-pitch:variable;
	mso-font-signature:-2147475449 0 0 0 65 0;}
 /* Style Definitions */
 p.MsoNormal, li.MsoNormal, div.MsoNormal
	{mso-style-parent:"""";
	margin:0cm;
	margin-bottom:.0001pt;
	text-align:right;
	mso-pagination:widow-orphan;
	direction:rtl;
	unicode-bidi:embed;
	font-size:12.0pt;
	font-family:""Times New Roman"";
	mso-fareast-font-family:""Times New Roman"";}
@page Section1
	{size:612.0pt 792.0pt;
	margin:72.0pt 90.0pt 72.0pt 90.0pt;
	mso-header-margin:36.0pt;
	mso-footer-margin:36.0pt;
	mso-paper-source:0;}
div.Section1
	{page:Section1;}
-->
</style><!--[if gte mso 10]>
<style>
 /* Style Definitions */
 table.MsoNormalTable
	{mso-style-name:""Table Normal"";
	mso-tstyle-rowband-size:0;
	mso-tstyle-colband-size:0;
	mso-style-noshow:yes;
	mso-style-parent:"""";
	mso-padding-alt:0cm 5.4pt 0cm 5.4pt;
	mso-para-margin:0cm;
	mso-para-margin-bottom:.0001pt;
	mso-pagination:widow-orphan;
	font-size:10.0pt;
	font-family:""Times New Roman"";
	mso-ansi-language:#0400;
	mso-fareast-language:#0400;
	mso-bidi-language:#0400;}
</style>
<![endif]-->

<p class=""MsoNormal"" dir=""rtl"" style=""text-align: justify;""><span style=""font-family: &quot;Jameel Noori Nastaleeq&quot;;"" lang=""AR-SA"">زید
کا ایک مکان تھا، کئی برسوں پہلے وہ مکان کسی کو کرایہ پر یا پے انگ گیسٹ کے طور
پر دیا تھا، بیس پچیس سال سے کرایہ دار اس میں رہتے ہیں۔ جس وقت یہ مکان کرایہ پر
دیا گیا تھا اس وقت اس کی قیمت بہت کم تھی مثلاً پچیس ہزار روپیہ تھی، لیکن اب
صورت حال یہ ہے کہ اس مکان کی قیمت کئی گنا بڑ ھ کر پچیس لاکھ روپیہ ہوگئی ہے۔ اور
جگہ کی قلت کی بناء پر بلڈر اس طرح کے چند مکان خرید کر اس جگہ بلڈنگ بنانا چاہتے
ہیں اس طرح تین قسم کے لوگ سامنے آتے ہیں: (</span><span style=""font-family: &quot;Jameel Noori Nastaleeq&quot;;"" lang=""FA"">۱)</span><span style=""font-family: &quot;Jameel Noori Nastaleeq&quot;;"" lang=""AR-SA"">مالک (</span><span style=""font-family: &quot;Jameel Noori Nastaleeq&quot;;"" lang=""FA"">۲)</span><span style=""font-family: &quot;Jameel Noori Nastaleeq&quot;;"" lang=""AR-SA"">کرایہ دار (</span><span style=""font-family: &quot;Jameel Noori Nastaleeq&quot;;"" lang=""FA"">۳)</span><span style=""font-family: &quot;Jameel Noori Nastaleeq&quot;;"" lang=""AR-SA"">بلڈر۔ بلڈر مالک کے ساتھ
بیٹھ کر ایک رقم طے کرتا ہے جو مالک کو زمین کے عوض ملتی ہے، اور کرایہ دار حضرات
کئی برسوں سے رہ رہے ہیں اس لیے ہندوستانی قانون کے مطابق اس مکان سے مکان مالک
انھیں نکال نہیں سکتا، اس لیے انھیں بھی بلڈر جب تک اس جگہ پر بلڈنگ نہیں بن جاتی
اتنے عرصہ کا کرایہ دیتا ہے اور مکان بھی اس بلڈنگ میں دے گا۔ تو کیا جب تک بلڈنگ
نہ بن جائے کرایہ دار کا اپنے آپ کو کرایہ کا حق دار سمجھنا اور مکان کا حق دار
سمجھنا کیسا ہے، صحیح یا غلط؟ بہت سی مرتبہ ایسا ہوتاہے کہ کرائے دار بلڈر کی طرف
سے ملنے والے مکان کو لینے کے موڈ میں نہیں ہوتا تو اس صورت میں وہ ایک بہت بڑی
رقم لے کر ہٹ جاتا ہے۔ توکیا وہ اس رقم کا حق دا رہے؟ اور اگر بلڈر یہ رقم دے تو
استعمال کرسکتے ہیں یا نہیں؟ مہاراشٹرکے قانون کے مطابق پندرہ یا اٹھارہ سال کے
بعد مکان مالک کرائے دار کو مکان سے نہیں نکال سکتاہے۔ والسلام<o:p></o:p></span></p>

</h2>","<p>بسم الله الرحمن الرحيم</p><p> <meta http-equiv=""Content-Type"" content=""text/html; charset=utf-8""><meta name=""ProgId"" content=""Word.Document""><meta name=""Generator"" content=""Microsoft Word 11""><meta name=""Originator"" content=""Microsoft Word 11""><link rel=""File-List"" href=""file:///F:\DOCUME~1\ADMINI~1\LOCALS~1\Temp\msohtml1\01\clip_filelist.xml""><!--[if gte mso 9]><xml>
 <w:WordDocument>
  <w:View>Normal</w:View>
  <w:Zoom>0</w:Zoom>
  <w:PunctuationKerning/>
  <w:ValidateAgainstSchemas/>
  <w:SaveIfXMLInvalid>false</w:SaveIfXMLInvalid>
  <w:IgnoreMixedContent>false</w:IgnoreMixedContent>
  <w:AlwaysShowPlaceholderText>false</w:AlwaysShowPlaceholderText>
  <w:Compatibility>
   <w:BreakWrappedTables/>
   <w:SnapToGridInCell/>
   <w:WrapTextWithPunct/>
   <w:UseAsianBreakRules/>
   <w:DontGrowAutofit/>
  </w:Compatibility>
  <w:BrowserLevel>MicrosoftInternetExplorer4</w:BrowserLevel>
 </w:WordDocument>
</xml><![endif]--><!--[if gte mso 9]><xml>
 <w:LatentStyles DefLockedState=""false"" LatentStyleCount=""156"">
 </w:LatentStyles>
</xml><![endif]--><style>
<!--
 /* Font Definitions */
 @font-face
	{font-family:""Jameel Noori Nastaleeq"";
	panose-1:2 0 5 3 0 0 0 0 0 4;
	mso-font-charset:0;
	mso-generic-font-family:auto;
	mso-font-pitch:variable;
	mso-font-signature:-2147475449 0 0 0 65 0;}
 /* Style Definitions */
 p.MsoNormal, li.MsoNormal, div.MsoNormal
	{mso-style-parent:"""";
	margin:0cm;
	margin-bottom:.0001pt;
	text-align:right;
	mso-pagination:widow-orphan;
	direction:rtl;
	unicode-bidi:embed;
	font-size:12.0pt;
	font-family:""Times New Roman"";
	mso-fareast-font-family:""Times New Roman"";}
@page Section1
	{size:612.0pt 792.0pt;
	margin:72.0pt 90.0pt 72.0pt 90.0pt;
	mso-header-margin:36.0pt;
	mso-footer-margin:36.0pt;
	mso-paper-source:0;}
div.Section1
	{page:Section1;}
-->
</style><!--[if gte mso 10]>
<style>
 /* Style Definitions */
 table.MsoNormalTable
	{mso-style-name:""Table Normal"";
	mso-tstyle-rowband-size:0;
	mso-tstyle-colband-size:0;
	mso-style-noshow:yes;
	mso-style-parent:"""";
	mso-padding-alt:0cm 5.4pt 0cm 5.4pt;
	mso-para-margin:0cm;
	mso-para-margin-bottom:.0001pt;
	mso-pagination:widow-orphan;
	font-size:10.0pt;
	font-family:""Times New Roman"";
	mso-ansi-language:#0400;
	mso-fareast-language:#0400;
	mso-bidi-language:#0400;}
</style>
<![endif]-->

</p><p class=""MsoNormal"" dir=""rtl"" style=""text-align: justify;""><span style=""font-family: &quot;Jameel Noori Nastaleeq&quot;;"" lang=""AR-SA"">فتوی:
1581=1256/ھ</span></p><p class=""MsoNormal"" dir=""rtl"" style=""text-align: justify;""><span style=""font-family: &quot;Jameel Noori Nastaleeq&quot;;"" lang=""AR-SA""><o:p>&nbsp;</o:p></span></p><p class=""MsoNormal"" dir=""rtl"" style=""text-align: justify;""><span style=""font-family: &quot;Jameel Noori Nastaleeq&quot;;"" lang=""AR-SA"">بذمہٴ
بلڈر ایسی صورت میں شرعاً کرایہ یا کسی دیگر عنوان سے رقم دینا واجب نہیں اور بحق
کرایہ دار شرعی اعتبار سے وہ رقم حلال نہیں کیونکہ بلڈر تو مجبوری میں بادل
ناخواستہ دیتا ہے، مگر مسلمان کرایہ دار کو لینے کی تو شرعاً یا عقلاً کچھ مجبوری
نہیں۔ </span></p><p></p><br><span style=""font-size:1.2em"">
								<p><strong>واللہ تعالیٰ اعلم</strong></p>
								<br class=""clear"">
								<p><strong>دارالافتاء،</strong><br>دارالعلوم دیوبند</p>
							</span>",31-Aug-2020,14517,darulifta-deoband.com,معاملات,دیگر معاملات,"<div id=""recent_fatwas"" class=""container tab-pane active""><br>
					<ul class=""answer_detail"">
												<li>
																					<div class=""cate_sec"">
								<p class=""category_name"">
									<span>
										معاملات									</span> 
									&gt;&gt; 
									<span>
																		<a href=""https://darulifta-deoband.com/ur/category/n-a/Mzg="">دیگر معاملات</a>
									</span>
								</p>
								<p class=""quesid""><span class=""anser_id_urdu""> سوال نمبر: 14517</span><!--<span class=""country_urdu"">  : ملک</span> --></p>
							</div>
							<h2><u> عنوان:</u> <meta http-equiv=""Content-Type"" content=""text/html; charset=utf-8""><meta name=""ProgId"" content=""Word.Document""><meta name=""Generator"" content=""Microsoft Word 11""><meta name=""Originator"" content=""Microsoft Word 11""><link rel=""File-List"" href=""file:///F:\DOCUME~1\ADMINI~1\LOCALS~1\Temp\msohtml1\01\clip_filelist.xml""><!--[if gte mso 9]><xml>
 <w:WordDocument>
  <w:View>Normal</w:View>
  <w:Zoom>0</w:Zoom>
  <w:PunctuationKerning/>
  <w:ValidateAgainstSchemas/>
  <w:SaveIfXMLInvalid>false</w:SaveIfXMLInvalid>
  <w:IgnoreMixedContent>false</w:IgnoreMixedContent>
  <w:AlwaysShowPlaceholderText>false</w:AlwaysShowPlaceholderText>
  <w:Compatibility>
   <w:BreakWrappedTables/>
   <w:SnapToGridInCell/>
   <w:WrapTextWithPunct/>
   <w:UseAsianBreakRules/>
   <w:DontGrowAutofit/>
  </w:Compatibility>
  <w:BrowserLevel>MicrosoftInternetExplorer4</w:BrowserLevel>
 </w:WordDocument>
</xml><![endif]--><!--[if gte mso 9]><xml>
 <w:LatentStyles DefLockedState=""false"" LatentStyleCount=""156"">
 </w:LatentStyles>
</xml><![endif]--><style>
<!--
 /* Font Definitions */
 @font-face
	{font-family:""Jameel Noori Nastaleeq"";
	panose-1:2 0 5 3 0 0 0 0 0 4;
	mso-font-charset:0;
	mso-generic-font-family:auto;
	mso-font-pitch:variable;
	mso-font-signature:-2147475449 0 0 0 65 0;}
 /* Style Definitions */
 p.MsoNormal, li.MsoNormal, div.MsoNormal
	{mso-style-parent:"""";
	margin:0cm;
	margin-bottom:.0001pt;
	text-align:right;
	mso-pagination:widow-orphan;
	direction:rtl;
	unicode-bidi:embed;
	font-size:12.0pt;
	font-family:""Times New Roman"";
	mso-fareast-font-family:""Times New Roman"";}
@page Section1
	{size:612.0pt 792.0pt;
	margin:72.0pt 90.0pt 72.0pt 90.0pt;
	mso-header-margin:36.0pt;
	mso-footer-margin:36.0pt;
	mso-paper-source:0;}
div.Section1
	{page:Section1;}
-->
</style><!--[if gte mso 10]>
<style>
 /* Style Definitions */
 table.MsoNormalTable
	{mso-style-name:""Table Normal"";
	mso-tstyle-rowband-size:0;
	mso-tstyle-colband-size:0;
	mso-style-noshow:yes;
	mso-style-parent:"""";
	mso-padding-alt:0cm 5.4pt 0cm 5.4pt;
	mso-para-margin:0cm;
	mso-para-margin-bottom:.0001pt;
	mso-pagination:widow-orphan;
	font-size:10.0pt;
	font-family:""Times New Roman"";
	mso-ansi-language:#0400;
	mso-fareast-language:#0400;
	mso-bidi-language:#0400;}
</style>
<![endif]-->

<p class=""MsoNormal"" dir=""rtl"" style=""text-align: justify;""><span style=""font-family: &quot;Jameel Noori Nastaleeq&quot;;"" lang=""AR-SA"">زید
کا ایک مکان تھا، کئی برسوں پہلے وہ مکان کسی کو کرایہ پر یا پے انگ گیسٹ کے طور
پر دیا تھا، بیس پچیس سال سے کرایہ دار اس میں رہتے ہیں۔ جس وقت یہ مکان کرایہ پر
دیا گیا تھا اس وقت اس کی قیمت بہت کم تھی مثلاً پچیس ہزار روپیہ تھی، لیکن اب
صورت حال یہ ہے کہ اس مکان کی قیمت کئی گنا بڑ ھ کر پچیس لاکھ روپیہ ہوگئی ہے۔ اور
جگہ کی قلت کی بناء پر بلڈر اس طرح کے چند مکان خرید کر اس جگہ بلڈنگ بنانا چاہتے
ہیں اس طرح تین قسم کے لوگ سامنے آتے ہیں: (</span><span style=""font-family: &quot;Jameel Noori Nastaleeq&quot;;"" lang=""FA"">۱)</span><span style=""font-family: &quot;Jameel Noori Nastaleeq&quot;;"" lang=""AR-SA"">مالک (</span><span style=""font-family: &quot;Jameel Noori Nastaleeq&quot;;"" lang=""FA"">۲)</span><span style=""font-family: &quot;Jameel Noori Nastaleeq&quot;;"" lang=""AR-SA"">کرایہ دار (</span><span style=""font-family: &quot;Jameel Noori Nastaleeq&quot;;"" lang=""FA"">۳)</span><span style=""font-family: &quot;Jameel Noori Nastaleeq&quot;;"" lang=""AR-SA"">بلڈر۔ بلڈر مالک کے ساتھ
بیٹھ کر ایک رقم طے کرتا ہے جو مالک کو زمین کے عوض ملتی ہے، اور کرایہ دار حضرات
کئی برسوں سے رہ رہے ہیں اس لیے ہندوستانی قانون کے مطابق اس مکان سے مکان مالک
انھیں نکال نہیں سکتا، اس لیے انھیں بھی بلڈر جب تک اس جگہ پر بلڈنگ نہیں بن جاتی
اتنے عرصہ کا کرایہ دیتا ہے اور مکان بھی اس بلڈنگ میں دے گا۔ ....<o:p></o:p></span></p>

</h2>
							<h2><u> سوال: </u> <meta http-equiv=""Content-Type"" content=""text/html; charset=utf-8""><meta name=""ProgId"" content=""Word.Document""><meta name=""Generator"" content=""Microsoft Word 11""><meta name=""Originator"" content=""Microsoft Word 11""><link rel=""File-List"" href=""file:///F:\DOCUME~1\ADMINI~1\LOCALS~1\Temp\msohtml1\01\clip_filelist.xml""><!--[if gte mso 9]><xml>
 <w:WordDocument>
  <w:View>Normal</w:View>
  <w:Zoom>0</w:Zoom>
  <w:PunctuationKerning/>
  <w:ValidateAgainstSchemas/>
  <w:SaveIfXMLInvalid>false</w:SaveIfXMLInvalid>
  <w:IgnoreMixedContent>false</w:IgnoreMixedContent>
  <w:AlwaysShowPlaceholderText>false</w:AlwaysShowPlaceholderText>
  <w:Compatibility>
   <w:BreakWrappedTables/>
   <w:SnapToGridInCell/>
   <w:WrapTextWithPunct/>
   <w:UseAsianBreakRules/>
   <w:DontGrowAutofit/>
  </w:Compatibility>
  <w:BrowserLevel>MicrosoftInternetExplorer4</w:BrowserLevel>
 </w:WordDocument>
</xml><![endif]--><!--[if gte mso 9]><xml>
 <w:LatentStyles DefLockedState=""false"" LatentStyleCount=""156"">
 </w:LatentStyles>
</xml><![endif]--><style>
<!--
 /* Font Definitions */
 @font-face
	{font-family:""Jameel Noori Nastaleeq"";
	panose-1:2 0 5 3 0 0 0 0 0 4;
	mso-font-charset:0;
	mso-generic-font-family:auto;
	mso-font-pitch:variable;
	mso-font-signature:-2147475449 0 0 0 65 0;}
 /* Style Definitions */
 p.MsoNormal, li.MsoNormal, div.MsoNormal
	{mso-style-parent:"""";
	margin:0cm;
	margin-bottom:.0001pt;
	text-align:right;
	mso-pagination:widow-orphan;
	direction:rtl;
	unicode-bidi:embed;
	font-size:12.0pt;
	font-family:""Times New Roman"";
	mso-fareast-font-family:""Times New Roman"";}
@page Section1
	{size:612.0pt 792.0pt;
	margin:72.0pt 90.0pt 72.0pt 90.0pt;
	mso-header-margin:36.0pt;
	mso-footer-margin:36.0pt;
	mso-paper-source:0;}
div.Section1
	{page:Section1;}
-->
</style><!--[if gte mso 10]>
<style>
 /* Style Definitions */
 table.MsoNormalTable
	{mso-style-name:""Table Normal"";
	mso-tstyle-rowband-size:0;
	mso-tstyle-colband-size:0;
	mso-style-noshow:yes;
	mso-style-parent:"""";
	mso-padding-alt:0cm 5.4pt 0cm 5.4pt;
	mso-para-margin:0cm;
	mso-para-margin-bottom:.0001pt;
	mso-pagination:widow-orphan;
	font-size:10.0pt;
	font-family:""Times New Roman"";
	mso-ansi-language:#0400;
	mso-fareast-language:#0400;
	mso-bidi-language:#0400;}
</style>
<![endif]-->

<p class=""MsoNormal"" dir=""rtl"" style=""text-align: justify;""><span style=""font-family: &quot;Jameel Noori Nastaleeq&quot;;"" lang=""AR-SA"">زید
کا ایک مکان تھا، کئی برسوں پہلے وہ مکان کسی کو کرایہ پر یا پے انگ گیسٹ کے طور
پر دیا تھا، بیس پچیس سال سے کرایہ دار اس میں رہتے ہیں۔ جس وقت یہ مکان کرایہ پر
دیا گیا تھا اس وقت اس کی قیمت بہت کم تھی مثلاً پچیس ہزار روپیہ تھی، لیکن اب
صورت حال یہ ہے کہ اس مکان کی قیمت کئی گنا بڑ ھ کر پچیس لاکھ روپیہ ہوگئی ہے۔ اور
جگہ کی قلت کی بناء پر بلڈر اس طرح کے چند مکان خرید کر اس جگہ بلڈنگ بنانا چاہتے
ہیں اس طرح تین قسم کے لوگ سامنے آتے ہیں: (</span><span style=""font-family: &quot;Jameel Noori Nastaleeq&quot;;"" lang=""FA"">۱)</span><span style=""font-family: &quot;Jameel Noori Nastaleeq&quot;;"" lang=""AR-SA"">مالک (</span><span style=""font-family: &quot;Jameel Noori Nastaleeq&quot;;"" lang=""FA"">۲)</span><span style=""font-family: &quot;Jameel Noori Nastaleeq&quot;;"" lang=""AR-SA"">کرایہ دار (</span><span style=""font-family: &quot;Jameel Noori Nastaleeq&quot;;"" lang=""FA"">۳)</span><span style=""font-family: &quot;Jameel Noori Nastaleeq&quot;;"" lang=""AR-SA"">بلڈر۔ بلڈر مالک کے ساتھ
بیٹھ کر ایک رقم طے کرتا ہے جو مالک کو زمین کے عوض ملتی ہے، اور کرایہ دار حضرات
کئی برسوں سے رہ رہے ہیں اس لیے ہندوستانی قانون کے مطابق اس مکان سے مکان مالک
انھیں نکال نہیں سکتا، اس لیے انھیں بھی بلڈر جب تک اس جگہ پر بلڈنگ نہیں بن جاتی
اتنے عرصہ کا کرایہ دیتا ہے اور مکان بھی اس بلڈنگ میں دے گا۔ تو کیا جب تک بلڈنگ
نہ بن جائے کرایہ دار کا اپنے آپ کو کرایہ کا حق دار سمجھنا اور مکان کا حق دار
سمجھنا کیسا ہے، صحیح یا غلط؟ بہت سی مرتبہ ایسا ہوتاہے کہ کرائے دار بلڈر کی طرف
سے ملنے والے مکان کو لینے کے موڈ میں نہیں ہوتا تو اس صورت میں وہ ایک بہت بڑی
رقم لے کر ہٹ جاتا ہے۔ توکیا وہ اس رقم کا حق دا رہے؟ اور اگر بلڈر یہ رقم دے تو
استعمال کرسکتے ہیں یا نہیں؟ مہاراشٹرکے قانون کے مطابق پندرہ یا اٹھارہ سال کے
بعد مکان مالک کرائے دار کو مکان سے نہیں نکال سکتاہے۔ والسلام<o:p></o:p></span></p>

</h2>
							<p class=""fatwa_answer""><span class=""ans_urdu_id""> جواب نمبر: 14517</span><span style=""color:#efefef;display:none;"" class=""answer_date_urdu"">31-Aug-2020 : تاریخ اشاعت </span></p>
							<p>بسم الله الرحمن الرحيم</p>
							<p> <meta http-equiv=""Content-Type"" content=""text/html; charset=utf-8""><meta name=""ProgId"" content=""Word.Document""><meta name=""Generator"" content=""Microsoft Word 11""><meta name=""Originator"" content=""Microsoft Word 11""><link rel=""File-List"" href=""file:///F:\DOCUME~1\ADMINI~1\LOCALS~1\Temp\msohtml1\01\clip_filelist.xml""><!--[if gte mso 9]><xml>
 <w:WordDocument>
  <w:View>Normal</w:View>
  <w:Zoom>0</w:Zoom>
  <w:PunctuationKerning/>
  <w:ValidateAgainstSchemas/>
  <w:SaveIfXMLInvalid>false</w:SaveIfXMLInvalid>
  <w:IgnoreMixedContent>false</w:IgnoreMixedContent>
  <w:AlwaysShowPlaceholderText>false</w:AlwaysShowPlaceholderText>
  <w:Compatibility>
   <w:BreakWrappedTables/>
   <w:SnapToGridInCell/>
   <w:WrapTextWithPunct/>
   <w:UseAsianBreakRules/>
   <w:DontGrowAutofit/>
  </w:Compatibility>
  <w:BrowserLevel>MicrosoftInternetExplorer4</w:BrowserLevel>
 </w:WordDocument>
</xml><![endif]--><!--[if gte mso 9]><xml>
 <w:LatentStyles DefLockedState=""false"" LatentStyleCount=""156"">
 </w:LatentStyles>
</xml><![endif]--><style>
<!--
 /* Font Definitions */
 @font-face
	{font-family:""Jameel Noori Nastaleeq"";
	panose-1:2 0 5 3 0 0 0 0 0 4;
	mso-font-charset:0;
	mso-generic-font-family:auto;
	mso-font-pitch:variable;
	mso-font-signature:-2147475449 0 0 0 65 0;}
 /* Style Definitions */
 p.MsoNormal, li.MsoNormal, div.MsoNormal
	{mso-style-parent:"""";
	margin:0cm;
	margin-bottom:.0001pt;
	text-align:right;
	mso-pagination:widow-orphan;
	direction:rtl;
	unicode-bidi:embed;
	font-size:12.0pt;
	font-family:""Times New Roman"";
	mso-fareast-font-family:""Times New Roman"";}
@page Section1
	{size:612.0pt 792.0pt;
	margin:72.0pt 90.0pt 72.0pt 90.0pt;
	mso-header-margin:36.0pt;
	mso-footer-margin:36.0pt;
	mso-paper-source:0;}
div.Section1
	{page:Section1;}
-->
</style><!--[if gte mso 10]>
<style>
 /* Style Definitions */
 table.MsoNormalTable
	{mso-style-name:""Table Normal"";
	mso-tstyle-rowband-size:0;
	mso-tstyle-colband-size:0;
	mso-style-noshow:yes;
	mso-style-parent:"""";
	mso-padding-alt:0cm 5.4pt 0cm 5.4pt;
	mso-para-margin:0cm;
	mso-para-margin-bottom:.0001pt;
	mso-pagination:widow-orphan;
	font-size:10.0pt;
	font-family:""Times New Roman"";
	mso-ansi-language:#0400;
	mso-fareast-language:#0400;
	mso-bidi-language:#0400;}
</style>
<![endif]-->

</p><p class=""MsoNormal"" dir=""rtl"" style=""text-align: justify;""><span style=""font-family: &quot;Jameel Noori Nastaleeq&quot;;"" lang=""AR-SA"">فتوی:
1581=1256/ھ</span></p>

<p class=""MsoNormal"" dir=""rtl"" style=""text-align: justify;""><span style=""font-family: &quot;Jameel Noori Nastaleeq&quot;;"" lang=""AR-SA""><o:p>&nbsp;</o:p></span></p>

<p class=""MsoNormal"" dir=""rtl"" style=""text-align: justify;""><span style=""font-family: &quot;Jameel Noori Nastaleeq&quot;;"" lang=""AR-SA"">بذمہٴ
بلڈر ایسی صورت میں شرعاً کرایہ یا کسی دیگر عنوان سے رقم دینا واجب نہیں اور بحق
کرایہ دار شرعی اعتبار سے وہ رقم حلال نہیں کیونکہ بلڈر تو مجبوری میں بادل
ناخواستہ دیتا ہے، مگر مسلمان کرایہ دار کو لینے کی تو شرعاً یا عقلاً کچھ مجبوری
نہیں۔ </span></p>

<p></p> 
							<br>
							<span style=""font-size:1.2em"">
								<p><strong>واللہ تعالیٰ اعلم</strong></p>
								<br class=""clear"">
								<p><strong>دارالافتاء،</strong><br>دارالعلوم دیوبند</p>
							</span>
						</li>
											</ul>
				</div>"
https://darulifta-deoband.com/home/ur/other-transactions/14148,ہبہ میں اگر کوئی ثبوت نہ ہو او رنہ ہی کوئی تحریری دستاویزہو ایسی صورت میں مدعی موہوب لہ کے دعوے کو کس طرح سے مانا جائے گا؟ ہبہ کے لیے قرینے کیا کیا ہوسکتے ہیں؟,"<h2><u> سوال: </u> <meta http-equiv=""Content-Type"" content=""text/html; charset=utf-8""><meta name=""ProgId"" content=""Word.Document""><meta name=""Generator"" content=""Microsoft Word 11""><meta name=""Originator"" content=""Microsoft Word 11""><link rel=""File-List"" href=""file:///G:\DOCUME~1\XPPRESP3\LOCALS~1\Temp\msohtml1\23\clip_filelist.xml""><!--[if gte mso 9]><xml>
 <w:WordDocument>
  <w:View>Normal</w:View>
  <w:Zoom>0</w:Zoom>
  <w:PunctuationKerning/>
  <w:ValidateAgainstSchemas/>
  <w:SaveIfXMLInvalid>false</w:SaveIfXMLInvalid>
  <w:IgnoreMixedContent>false</w:IgnoreMixedContent>
  <w:AlwaysShowPlaceholderText>false</w:AlwaysShowPlaceholderText>
  <w:Compatibility>
   <w:BreakWrappedTables/>
   <w:SnapToGridInCell/>
   <w:WrapTextWithPunct/>
   <w:UseAsianBreakRules/>
   <w:DontGrowAutofit/>
  </w:Compatibility>
  <w:BrowserLevel>MicrosoftInternetExplorer4</w:BrowserLevel>
 </w:WordDocument>
</xml><![endif]--><!--[if gte mso 9]><xml>
 <w:LatentStyles DefLockedState=""false"" LatentStyleCount=""156"">
 </w:LatentStyles>
</xml><![endif]--><style>
<!--
 /* Font Definitions */
 @font-face
	{font-family:SimSun;
	panose-1:2 1 6 0 3 1 1 1 1 1;
	mso-font-alt:&#23435;&#20307;;
	mso-font-charset:134;
	mso-generic-font-family:auto;
	mso-font-format:other;
	mso-font-pitch:variable;
	mso-font-signature:1 135135232 16 0 262144 0;}
@font-face
	{font-family:Tahoma;
	panose-1:2 11 6 4 3 5 4 4 2 4;
	mso-font-charset:0;
	mso-generic-font-family:swiss;
	mso-font-pitch:variable;
	mso-font-signature:1627421319 -2147483648 8 0 66047 0;}
@font-face
	{font-family:""Jameel Noori Nastaleeq"";
	panose-1:2 0 5 3 0 0 0 0 0 4;
	mso-font-charset:0;
	mso-generic-font-family:auto;
	mso-font-pitch:variable;
	mso-font-signature:-2147475449 0 0 0 65 0;}
@font-face
	{font-family:""\@SimSun"";
	panose-1:0 0 0 0 0 0 0 0 0 0;
	mso-font-charset:134;
	mso-generic-font-family:auto;
	mso-font-format:other;
	mso-font-pitch:variable;
	mso-font-signature:1 135135232 16 0 262144 0;}
 /* Style Definitions */
 p.MsoNormal, li.MsoNormal, div.MsoNormal
	{mso-style-parent:"""";
	margin:0in;
	margin-bottom:.0001pt;
	text-align:justify;
	text-justify:kashida;
	text-kashida:0%;
	mso-pagination:widow-orphan;
	direction:rtl;
	unicode-bidi:embed;
	font-size:12.0pt;
	mso-bidi-font-size:10.0pt;
	font-family:Tahoma;
	mso-fareast-font-family:SimSun;}
p.MsoPlainText, li.MsoPlainText, div.MsoPlainText
	{margin:0in;
	margin-bottom:.0001pt;
	text-align:right;
	mso-pagination:widow-orphan;
	direction:rtl;
	unicode-bidi:embed;
	font-size:10.0pt;
	font-family:""Courier New"";
	mso-fareast-font-family:""Times New Roman"";}
@page Section1
	{size:8.5in 11.0in;
	margin:1.0in 1.25in 1.0in 1.25in;
	mso-header-margin:.5in;
	mso-footer-margin:.5in;
	mso-paper-source:0;}
div.Section1
	{page:Section1;}
-->
</style><!--[if gte mso 10]>
<style>
 /* Style Definitions */
 table.MsoNormalTable
	{mso-style-name:""Table Normal"";
	mso-tstyle-rowband-size:0;
	mso-tstyle-colband-size:0;
	mso-style-noshow:yes;
	mso-style-parent:"""";
	mso-padding-alt:0in 5.4pt 0in 5.4pt;
	mso-para-margin:0in;
	mso-para-margin-bottom:.0001pt;
	mso-pagination:widow-orphan;
	font-size:10.0pt;
	font-family:""Times New Roman"";
	mso-ansi-language:#0400;
	mso-fareast-language:#0400;
	mso-bidi-language:#0400;}
</style>
<![endif]-->

<p class=""MsoPlainText"" dir=""rtl"" style=""text-align: justify;""><span style=""font-size: 12pt; font-family: &quot;Jameel Noori Nastaleeq&quot;;"" lang=""AR-SA"">ہبہ
میں اگر کوئی ثبوت نہ ہو او رنہ ہی کوئی تحریری دستاویزہو ایسی صورت میں مدعی
موہوب لہ کے دعوے کو کس طرح سے مانا جائے گا؟ ہبہ کے لیے قرینے کیا کیا ہوسکتے ہیں؟<o:p></o:p></span></p>

</h2>","<p>بسم الله الرحمن الرحيم</p><p> <meta http-equiv=""Content-Type"" content=""text/html; charset=utf-8""><meta name=""ProgId"" content=""Word.Document""><meta name=""Generator"" content=""Microsoft Word 11""><meta name=""Originator"" content=""Microsoft Word 11""><link rel=""File-List"" href=""file:///G:\DOCUME~1\XPPRESP3\LOCALS~1\Temp\msohtml1\24\clip_filelist.xml""><!--[if gte mso 9]><xml>
 <w:WordDocument>
  <w:View>Normal</w:View>
  <w:Zoom>0</w:Zoom>
  <w:PunctuationKerning/>
  <w:ValidateAgainstSchemas/>
  <w:SaveIfXMLInvalid>false</w:SaveIfXMLInvalid>
  <w:IgnoreMixedContent>false</w:IgnoreMixedContent>
  <w:AlwaysShowPlaceholderText>false</w:AlwaysShowPlaceholderText>
  <w:Compatibility>
   <w:BreakWrappedTables/>
   <w:SnapToGridInCell/>
   <w:WrapTextWithPunct/>
   <w:UseAsianBreakRules/>
   <w:DontGrowAutofit/>
  </w:Compatibility>
  <w:BrowserLevel>MicrosoftInternetExplorer4</w:BrowserLevel>
 </w:WordDocument>
</xml><![endif]--><!--[if gte mso 9]><xml>
 <w:LatentStyles DefLockedState=""false"" LatentStyleCount=""156"">
 </w:LatentStyles>
</xml><![endif]--><style>
<!--
 /* Font Definitions */
 @font-face
	{font-family:SimSun;
	panose-1:2 1 6 0 3 1 1 1 1 1;
	mso-font-alt:&#23435;&#20307;;
	mso-font-charset:134;
	mso-generic-font-family:auto;
	mso-font-format:other;
	mso-font-pitch:variable;
	mso-font-signature:1 135135232 16 0 262144 0;}
@font-face
	{font-family:Tahoma;
	panose-1:2 11 6 4 3 5 4 4 2 4;
	mso-font-charset:0;
	mso-generic-font-family:swiss;
	mso-font-pitch:variable;
	mso-font-signature:1627421319 -2147483648 8 0 66047 0;}
@font-face
	{font-family:""Jameel Noori Nastaleeq"";
	panose-1:2 0 5 3 0 0 0 0 0 4;
	mso-font-charset:0;
	mso-generic-font-family:auto;
	mso-font-pitch:variable;
	mso-font-signature:-2147475449 0 0 0 65 0;}
@font-face
	{font-family:""\@SimSun"";
	panose-1:0 0 0 0 0 0 0 0 0 0;
	mso-font-charset:134;
	mso-generic-font-family:auto;
	mso-font-format:other;
	mso-font-pitch:variable;
	mso-font-signature:1 135135232 16 0 262144 0;}
 /* Style Definitions */
 p.MsoNormal, li.MsoNormal, div.MsoNormal
	{mso-style-parent:"""";
	margin:0in;
	margin-bottom:.0001pt;
	text-align:justify;
	text-justify:kashida;
	text-kashida:0%;
	mso-pagination:widow-orphan;
	direction:rtl;
	unicode-bidi:embed;
	font-size:12.0pt;
	mso-bidi-font-size:10.0pt;
	font-family:Tahoma;
	mso-fareast-font-family:SimSun;}
p.MsoPlainText, li.MsoPlainText, div.MsoPlainText
	{margin:0in;
	margin-bottom:.0001pt;
	text-align:right;
	mso-pagination:widow-orphan;
	direction:rtl;
	unicode-bidi:embed;
	font-size:10.0pt;
	font-family:""Courier New"";
	mso-fareast-font-family:""Times New Roman"";}
@page Section1
	{size:8.5in 11.0in;
	margin:1.0in 1.25in 1.0in 1.25in;
	mso-header-margin:.5in;
	mso-footer-margin:.5in;
	mso-paper-source:0;}
div.Section1
	{page:Section1;}
-->
</style><!--[if gte mso 10]>
<style>
 /* Style Definitions */
 table.MsoNormalTable
	{mso-style-name:""Table Normal"";
	mso-tstyle-rowband-size:0;
	mso-tstyle-colband-size:0;
	mso-style-noshow:yes;
	mso-style-parent:"""";
	mso-padding-alt:0in 5.4pt 0in 5.4pt;
	mso-para-margin:0in;
	mso-para-margin-bottom:.0001pt;
	mso-pagination:widow-orphan;
	font-size:10.0pt;
	font-family:""Times New Roman"";
	mso-ansi-language:#0400;
	mso-fareast-language:#0400;
	mso-bidi-language:#0400;}
</style>
<![endif]-->

</p><p class=""MsoPlainText"" dir=""rtl"" style=""text-align: justify;""><span style=""font-size: 12pt; font-family: &quot;Jameel Noori Nastaleeq&quot;;"" lang=""AR-SA"">فتوی:
1041=1041/م</span></p><p class=""MsoPlainText"" dir=""rtl"" style=""text-align: justify;""><span style=""font-size: 12pt; font-family: &quot;Jameel Noori Nastaleeq&quot;;"" lang=""AR-SA""><o:p>&nbsp;</o:p></span></p><p class=""MsoPlainText"" dir=""rtl"" style=""text-align: justify;""><span style=""font-size: 12pt; font-family: &quot;Jameel Noori Nastaleeq&quot;;"" lang=""AR-SA"">اگر
کوئی شخص اس بات کا مدعی ہو کہ فلاں شئ مثلاً جائداد وغیرہ اس کو بطور ہبہ حاصل
ہوئی ہے، اور اس مدعی موہوب لہ کے پاس زبانی یا تحریری کوئی ثبوت نہ ہو تو اس کا
دعویٰ اس طرح درست مانا جاسکتا ہے کہ اس شئ موہوب پر ظاہراً اس کا قبضہ ہو، اور اس
کے خلاف پر کوئی کسی طرح کا ثبوت قائم نہ ہو، اس لیے کہ ہبہ قبضہ کے بعد ہی تام
ہوتا ہے، پس مدعی کا قبضہ ہی قرینہ ہے۔ </span></p><p></p><br><span style=""font-size:1.2em"">
								<p><strong>واللہ تعالیٰ اعلم</strong></p>
								<br class=""clear"">
								<p><strong>دارالافتاء،</strong><br>دارالعلوم دیوبند</p>
							</span>",31-Aug-2020,14148,darulifta-deoband.com,معاملات,دیگر معاملات,"<div id=""recent_fatwas"" class=""container tab-pane active""><br>
					<ul class=""answer_detail"">
												<li>
																					<div class=""cate_sec"">
								<p class=""category_name"">
									<span>
										معاملات									</span> 
									&gt;&gt; 
									<span>
																		<a href=""https://darulifta-deoband.com/ur/category/n-a/Mzg="">دیگر معاملات</a>
									</span>
								</p>
								<p class=""quesid""><span class=""anser_id_urdu""> سوال نمبر: 14148</span><!--<span class=""country_urdu"">  : ملک</span> --></p>
							</div>
							<h2><u> عنوان:</u> <meta http-equiv=""Content-Type"" content=""text/html; charset=utf-8""><meta name=""ProgId"" content=""Word.Document""><meta name=""Generator"" content=""Microsoft Word 11""><meta name=""Originator"" content=""Microsoft Word 11""><link rel=""File-List"" href=""file:///G:\DOCUME~1\XPPRESP3\LOCALS~1\Temp\msohtml1\23\clip_filelist.xml""><!--[if gte mso 9]><xml>
 <w:WordDocument>
  <w:View>Normal</w:View>
  <w:Zoom>0</w:Zoom>
  <w:PunctuationKerning/>
  <w:ValidateAgainstSchemas/>
  <w:SaveIfXMLInvalid>false</w:SaveIfXMLInvalid>
  <w:IgnoreMixedContent>false</w:IgnoreMixedContent>
  <w:AlwaysShowPlaceholderText>false</w:AlwaysShowPlaceholderText>
  <w:Compatibility>
   <w:BreakWrappedTables/>
   <w:SnapToGridInCell/>
   <w:WrapTextWithPunct/>
   <w:UseAsianBreakRules/>
   <w:DontGrowAutofit/>
  </w:Compatibility>
  <w:BrowserLevel>MicrosoftInternetExplorer4</w:BrowserLevel>
 </w:WordDocument>
</xml><![endif]--><!--[if gte mso 9]><xml>
 <w:LatentStyles DefLockedState=""false"" LatentStyleCount=""156"">
 </w:LatentStyles>
</xml><![endif]--><style>
<!--
 /* Font Definitions */
 @font-face
	{font-family:SimSun;
	panose-1:2 1 6 0 3 1 1 1 1 1;
	mso-font-alt:&#23435;&#20307;;
	mso-font-charset:134;
	mso-generic-font-family:auto;
	mso-font-format:other;
	mso-font-pitch:variable;
	mso-font-signature:1 135135232 16 0 262144 0;}
@font-face
	{font-family:Tahoma;
	panose-1:2 11 6 4 3 5 4 4 2 4;
	mso-font-charset:0;
	mso-generic-font-family:swiss;
	mso-font-pitch:variable;
	mso-font-signature:1627421319 -2147483648 8 0 66047 0;}
@font-face
	{font-family:""Jameel Noori Nastaleeq"";
	panose-1:2 0 5 3 0 0 0 0 0 4;
	mso-font-charset:0;
	mso-generic-font-family:auto;
	mso-font-pitch:variable;
	mso-font-signature:-2147475449 0 0 0 65 0;}
@font-face
	{font-family:""\@SimSun"";
	panose-1:0 0 0 0 0 0 0 0 0 0;
	mso-font-charset:134;
	mso-generic-font-family:auto;
	mso-font-format:other;
	mso-font-pitch:variable;
	mso-font-signature:1 135135232 16 0 262144 0;}
 /* Style Definitions */
 p.MsoNormal, li.MsoNormal, div.MsoNormal
	{mso-style-parent:"""";
	margin:0in;
	margin-bottom:.0001pt;
	text-align:justify;
	text-justify:kashida;
	text-kashida:0%;
	mso-pagination:widow-orphan;
	direction:rtl;
	unicode-bidi:embed;
	font-size:12.0pt;
	mso-bidi-font-size:10.0pt;
	font-family:Tahoma;
	mso-fareast-font-family:SimSun;}
p.MsoPlainText, li.MsoPlainText, div.MsoPlainText
	{margin:0in;
	margin-bottom:.0001pt;
	text-align:right;
	mso-pagination:widow-orphan;
	direction:rtl;
	unicode-bidi:embed;
	font-size:10.0pt;
	font-family:""Courier New"";
	mso-fareast-font-family:""Times New Roman"";}
@page Section1
	{size:8.5in 11.0in;
	margin:1.0in 1.25in 1.0in 1.25in;
	mso-header-margin:.5in;
	mso-footer-margin:.5in;
	mso-paper-source:0;}
div.Section1
	{page:Section1;}
-->
</style><!--[if gte mso 10]>
<style>
 /* Style Definitions */
 table.MsoNormalTable
	{mso-style-name:""Table Normal"";
	mso-tstyle-rowband-size:0;
	mso-tstyle-colband-size:0;
	mso-style-noshow:yes;
	mso-style-parent:"""";
	mso-padding-alt:0in 5.4pt 0in 5.4pt;
	mso-para-margin:0in;
	mso-para-margin-bottom:.0001pt;
	mso-pagination:widow-orphan;
	font-size:10.0pt;
	font-family:""Times New Roman"";
	mso-ansi-language:#0400;
	mso-fareast-language:#0400;
	mso-bidi-language:#0400;}
</style>
<![endif]-->

<p class=""MsoPlainText"" dir=""rtl"" style=""text-align: justify;""><span style=""font-size: 12pt; font-family: &quot;Jameel Noori Nastaleeq&quot;;"" lang=""AR-SA"">ہبہ
میں اگر کوئی ثبوت نہ ہو او رنہ ہی کوئی تحریری دستاویزہو ایسی صورت میں مدعی
موہوب لہ کے دعوے کو کس طرح سے مانا جائے گا؟ ہبہ کے لیے قرینے کیا کیا ہوسکتے ہیں؟<o:p></o:p></span></p>

</h2>
							<h2><u> سوال: </u> <meta http-equiv=""Content-Type"" content=""text/html; charset=utf-8""><meta name=""ProgId"" content=""Word.Document""><meta name=""Generator"" content=""Microsoft Word 11""><meta name=""Originator"" content=""Microsoft Word 11""><link rel=""File-List"" href=""file:///G:\DOCUME~1\XPPRESP3\LOCALS~1\Temp\msohtml1\23\clip_filelist.xml""><!--[if gte mso 9]><xml>
 <w:WordDocument>
  <w:View>Normal</w:View>
  <w:Zoom>0</w:Zoom>
  <w:PunctuationKerning/>
  <w:ValidateAgainstSchemas/>
  <w:SaveIfXMLInvalid>false</w:SaveIfXMLInvalid>
  <w:IgnoreMixedContent>false</w:IgnoreMixedContent>
  <w:AlwaysShowPlaceholderText>false</w:AlwaysShowPlaceholderText>
  <w:Compatibility>
   <w:BreakWrappedTables/>
   <w:SnapToGridInCell/>
   <w:WrapTextWithPunct/>
   <w:UseAsianBreakRules/>
   <w:DontGrowAutofit/>
  </w:Compatibility>
  <w:BrowserLevel>MicrosoftInternetExplorer4</w:BrowserLevel>
 </w:WordDocument>
</xml><![endif]--><!--[if gte mso 9]><xml>
 <w:LatentStyles DefLockedState=""false"" LatentStyleCount=""156"">
 </w:LatentStyles>
</xml><![endif]--><style>
<!--
 /* Font Definitions */
 @font-face
	{font-family:SimSun;
	panose-1:2 1 6 0 3 1 1 1 1 1;
	mso-font-alt:&#23435;&#20307;;
	mso-font-charset:134;
	mso-generic-font-family:auto;
	mso-font-format:other;
	mso-font-pitch:variable;
	mso-font-signature:1 135135232 16 0 262144 0;}
@font-face
	{font-family:Tahoma;
	panose-1:2 11 6 4 3 5 4 4 2 4;
	mso-font-charset:0;
	mso-generic-font-family:swiss;
	mso-font-pitch:variable;
	mso-font-signature:1627421319 -2147483648 8 0 66047 0;}
@font-face
	{font-family:""Jameel Noori Nastaleeq"";
	panose-1:2 0 5 3 0 0 0 0 0 4;
	mso-font-charset:0;
	mso-generic-font-family:auto;
	mso-font-pitch:variable;
	mso-font-signature:-2147475449 0 0 0 65 0;}
@font-face
	{font-family:""\@SimSun"";
	panose-1:0 0 0 0 0 0 0 0 0 0;
	mso-font-charset:134;
	mso-generic-font-family:auto;
	mso-font-format:other;
	mso-font-pitch:variable;
	mso-font-signature:1 135135232 16 0 262144 0;}
 /* Style Definitions */
 p.MsoNormal, li.MsoNormal, div.MsoNormal
	{mso-style-parent:"""";
	margin:0in;
	margin-bottom:.0001pt;
	text-align:justify;
	text-justify:kashida;
	text-kashida:0%;
	mso-pagination:widow-orphan;
	direction:rtl;
	unicode-bidi:embed;
	font-size:12.0pt;
	mso-bidi-font-size:10.0pt;
	font-family:Tahoma;
	mso-fareast-font-family:SimSun;}
p.MsoPlainText, li.MsoPlainText, div.MsoPlainText
	{margin:0in;
	margin-bottom:.0001pt;
	text-align:right;
	mso-pagination:widow-orphan;
	direction:rtl;
	unicode-bidi:embed;
	font-size:10.0pt;
	font-family:""Courier New"";
	mso-fareast-font-family:""Times New Roman"";}
@page Section1
	{size:8.5in 11.0in;
	margin:1.0in 1.25in 1.0in 1.25in;
	mso-header-margin:.5in;
	mso-footer-margin:.5in;
	mso-paper-source:0;}
div.Section1
	{page:Section1;}
-->
</style><!--[if gte mso 10]>
<style>
 /* Style Definitions */
 table.MsoNormalTable
	{mso-style-name:""Table Normal"";
	mso-tstyle-rowband-size:0;
	mso-tstyle-colband-size:0;
	mso-style-noshow:yes;
	mso-style-parent:"""";
	mso-padding-alt:0in 5.4pt 0in 5.4pt;
	mso-para-margin:0in;
	mso-para-margin-bottom:.0001pt;
	mso-pagination:widow-orphan;
	font-size:10.0pt;
	font-family:""Times New Roman"";
	mso-ansi-language:#0400;
	mso-fareast-language:#0400;
	mso-bidi-language:#0400;}
</style>
<![endif]-->

<p class=""MsoPlainText"" dir=""rtl"" style=""text-align: justify;""><span style=""font-size: 12pt; font-family: &quot;Jameel Noori Nastaleeq&quot;;"" lang=""AR-SA"">ہبہ
میں اگر کوئی ثبوت نہ ہو او رنہ ہی کوئی تحریری دستاویزہو ایسی صورت میں مدعی
موہوب لہ کے دعوے کو کس طرح سے مانا جائے گا؟ ہبہ کے لیے قرینے کیا کیا ہوسکتے ہیں؟<o:p></o:p></span></p>

</h2>
							<p class=""fatwa_answer""><span class=""ans_urdu_id""> جواب نمبر: 14148</span><span style=""color:#efefef;display:none;"" class=""answer_date_urdu"">31-Aug-2020 : تاریخ اشاعت </span></p>
							<p>بسم الله الرحمن الرحيم</p>
							<p> <meta http-equiv=""Content-Type"" content=""text/html; charset=utf-8""><meta name=""ProgId"" content=""Word.Document""><meta name=""Generator"" content=""Microsoft Word 11""><meta name=""Originator"" content=""Microsoft Word 11""><link rel=""File-List"" href=""file:///G:\DOCUME~1\XPPRESP3\LOCALS~1\Temp\msohtml1\24\clip_filelist.xml""><!--[if gte mso 9]><xml>
 <w:WordDocument>
  <w:View>Normal</w:View>
  <w:Zoom>0</w:Zoom>
  <w:PunctuationKerning/>
  <w:ValidateAgainstSchemas/>
  <w:SaveIfXMLInvalid>false</w:SaveIfXMLInvalid>
  <w:IgnoreMixedContent>false</w:IgnoreMixedContent>
  <w:AlwaysShowPlaceholderText>false</w:AlwaysShowPlaceholderText>
  <w:Compatibility>
   <w:BreakWrappedTables/>
   <w:SnapToGridInCell/>
   <w:WrapTextWithPunct/>
   <w:UseAsianBreakRules/>
   <w:DontGrowAutofit/>
  </w:Compatibility>
  <w:BrowserLevel>MicrosoftInternetExplorer4</w:BrowserLevel>
 </w:WordDocument>
</xml><![endif]--><!--[if gte mso 9]><xml>
 <w:LatentStyles DefLockedState=""false"" LatentStyleCount=""156"">
 </w:LatentStyles>
</xml><![endif]--><style>
<!--
 /* Font Definitions */
 @font-face
	{font-family:SimSun;
	panose-1:2 1 6 0 3 1 1 1 1 1;
	mso-font-alt:&#23435;&#20307;;
	mso-font-charset:134;
	mso-generic-font-family:auto;
	mso-font-format:other;
	mso-font-pitch:variable;
	mso-font-signature:1 135135232 16 0 262144 0;}
@font-face
	{font-family:Tahoma;
	panose-1:2 11 6 4 3 5 4 4 2 4;
	mso-font-charset:0;
	mso-generic-font-family:swiss;
	mso-font-pitch:variable;
	mso-font-signature:1627421319 -2147483648 8 0 66047 0;}
@font-face
	{font-family:""Jameel Noori Nastaleeq"";
	panose-1:2 0 5 3 0 0 0 0 0 4;
	mso-font-charset:0;
	mso-generic-font-family:auto;
	mso-font-pitch:variable;
	mso-font-signature:-2147475449 0 0 0 65 0;}
@font-face
	{font-family:""\@SimSun"";
	panose-1:0 0 0 0 0 0 0 0 0 0;
	mso-font-charset:134;
	mso-generic-font-family:auto;
	mso-font-format:other;
	mso-font-pitch:variable;
	mso-font-signature:1 135135232 16 0 262144 0;}
 /* Style Definitions */
 p.MsoNormal, li.MsoNormal, div.MsoNormal
	{mso-style-parent:"""";
	margin:0in;
	margin-bottom:.0001pt;
	text-align:justify;
	text-justify:kashida;
	text-kashida:0%;
	mso-pagination:widow-orphan;
	direction:rtl;
	unicode-bidi:embed;
	font-size:12.0pt;
	mso-bidi-font-size:10.0pt;
	font-family:Tahoma;
	mso-fareast-font-family:SimSun;}
p.MsoPlainText, li.MsoPlainText, div.MsoPlainText
	{margin:0in;
	margin-bottom:.0001pt;
	text-align:right;
	mso-pagination:widow-orphan;
	direction:rtl;
	unicode-bidi:embed;
	font-size:10.0pt;
	font-family:""Courier New"";
	mso-fareast-font-family:""Times New Roman"";}
@page Section1
	{size:8.5in 11.0in;
	margin:1.0in 1.25in 1.0in 1.25in;
	mso-header-margin:.5in;
	mso-footer-margin:.5in;
	mso-paper-source:0;}
div.Section1
	{page:Section1;}
-->
</style><!--[if gte mso 10]>
<style>
 /* Style Definitions */
 table.MsoNormalTable
	{mso-style-name:""Table Normal"";
	mso-tstyle-rowband-size:0;
	mso-tstyle-colband-size:0;
	mso-style-noshow:yes;
	mso-style-parent:"""";
	mso-padding-alt:0in 5.4pt 0in 5.4pt;
	mso-para-margin:0in;
	mso-para-margin-bottom:.0001pt;
	mso-pagination:widow-orphan;
	font-size:10.0pt;
	font-family:""Times New Roman"";
	mso-ansi-language:#0400;
	mso-fareast-language:#0400;
	mso-bidi-language:#0400;}
</style>
<![endif]-->

</p><p class=""MsoPlainText"" dir=""rtl"" style=""text-align: justify;""><span style=""font-size: 12pt; font-family: &quot;Jameel Noori Nastaleeq&quot;;"" lang=""AR-SA"">فتوی:
1041=1041/م</span></p>

<p class=""MsoPlainText"" dir=""rtl"" style=""text-align: justify;""><span style=""font-size: 12pt; font-family: &quot;Jameel Noori Nastaleeq&quot;;"" lang=""AR-SA""><o:p>&nbsp;</o:p></span></p>

<p class=""MsoPlainText"" dir=""rtl"" style=""text-align: justify;""><span style=""font-size: 12pt; font-family: &quot;Jameel Noori Nastaleeq&quot;;"" lang=""AR-SA"">اگر
کوئی شخص اس بات کا مدعی ہو کہ فلاں شئ مثلاً جائداد وغیرہ اس کو بطور ہبہ حاصل
ہوئی ہے، اور اس مدعی موہوب لہ کے پاس زبانی یا تحریری کوئی ثبوت نہ ہو تو اس کا
دعویٰ اس طرح درست مانا جاسکتا ہے کہ اس شئ موہوب پر ظاہراً اس کا قبضہ ہو، اور اس
کے خلاف پر کوئی کسی طرح کا ثبوت قائم نہ ہو، اس لیے کہ ہبہ قبضہ کے بعد ہی تام
ہوتا ہے، پس مدعی کا قبضہ ہی قرینہ ہے۔ </span></p>

<p></p> 
							<br>
							<span style=""font-size:1.2em"">
								<p><strong>واللہ تعالیٰ اعلم</strong></p>
								<br class=""clear"">
								<p><strong>دارالافتاء،</strong><br>دارالعلوم دیوبند</p>
							</span>
						</li>
											</ul>
				</div>"
https://darulifta-deoband.com/home/ur/other-transactions/14147,کیا کرایہ کی جگہ جس میں ڈپوزٹ ہو وراثت میں شامل کی جاسکتی ہے؟ (۲)خود کے باپ سے پیسہ لے کر کوئی دکان خریدتا ہے تو کیا اس خریدی ہوئی دکان میں سے باپ کے انتقال کے بعد وراثت جاری ہوگی؟ یا جس نے خریدا تھا اس کی ذاتی ملکیت ہوگی؟,"<h2><u> سوال: </u> <meta name=""ProgId"" content=""Word.Document""><meta name=""Generator"" content=""Microsoft Word 11""><meta name=""Originator"" content=""Microsoft Word 11""><link rel=""File-List"" href=""file:///G:\DOCUME~1\MY-PC\LOCALS~1\Temp\msohtml1\01\clip_filelist.xml""><!--[if gte mso 9]><xml>
 <w:WordDocument>
  <w:View>Normal</w:View>
  <w:Zoom>0</w:Zoom>
  <w:PunctuationKerning/>
  <w:ValidateAgainstSchemas/>
  <w:SaveIfXMLInvalid>false</w:SaveIfXMLInvalid>
  <w:IgnoreMixedContent>false</w:IgnoreMixedContent>
  <w:AlwaysShowPlaceholderText>false</w:AlwaysShowPlaceholderText>
  <w:Compatibility>
   <w:BreakWrappedTables/>
   <w:SnapToGridInCell/>
   <w:WrapTextWithPunct/>
   <w:UseAsianBreakRules/>
   <w:DontGrowAutofit/>
  </w:Compatibility>
  <w:BrowserLevel>MicrosoftInternetExplorer4</w:BrowserLevel>
 </w:WordDocument>
</xml><![endif]--><!--[if gte mso 9]><xml>
 <w:LatentStyles DefLockedState=""false"" LatentStyleCount=""156"">
 </w:LatentStyles>
</xml><![endif]--><style>
<!--
 /* Font Definitions */
 @font-face
	{font-family:SimSun;
	panose-1:2 1 6 0 3 1 1 1 1 1;
	mso-font-alt:&#23435;&#20307;;
	mso-font-charset:134;
	mso-generic-font-family:auto;
	mso-font-format:other;
	mso-font-pitch:variable;
	mso-font-signature:1 135135232 16 0 262144 0;}
@font-face
	{font-family:Tahoma;
	panose-1:2 11 6 4 3 5 4 4 2 4;
	mso-font-charset:0;
	mso-generic-font-family:swiss;
	mso-font-pitch:variable;
	mso-font-signature:1627421319 -2147483648 8 0 66047 0;}
@font-face
	{font-family:""Jameel Noori Nastaleeq"";
	panose-1:2 0 5 3 0 0 0 0 0 4;
	mso-font-charset:0;
	mso-generic-font-family:auto;
	mso-font-pitch:variable;
	mso-font-signature:-2147475449 0 0 0 65 0;}
@font-face
	{font-family:""\@SimSun"";
	panose-1:0 0 0 0 0 0 0 0 0 0;
	mso-font-charset:134;
	mso-generic-font-family:auto;
	mso-font-format:other;
	mso-font-pitch:variable;
	mso-font-signature:1 135135232 16 0 262144 0;}
 /* Style Definitions */
 p.MsoNormal, li.MsoNormal, div.MsoNormal
	{mso-style-parent:"""";
	margin:0cm;
	margin-bottom:.0001pt;
	text-align:justify;
	text-justify:kashida;
	text-kashida:0%;
	mso-pagination:widow-orphan;
	direction:rtl;
	unicode-bidi:embed;
	font-size:12.0pt;
	mso-bidi-font-size:10.0pt;
	font-family:Tahoma;
	mso-fareast-font-family:SimSun;}
p.MsoPlainText, li.MsoPlainText, div.MsoPlainText
	{margin:0cm;
	margin-bottom:.0001pt;
	text-align:right;
	mso-pagination:widow-orphan;
	direction:rtl;
	unicode-bidi:embed;
	font-size:10.0pt;
	font-family:""Courier New"";
	mso-fareast-font-family:""Times New Roman"";}
@page Section1
	{size:612.0pt 792.0pt;
	margin:72.0pt 90.0pt 72.0pt 90.0pt;
	mso-header-margin:36.0pt;
	mso-footer-margin:36.0pt;
	mso-paper-source:0;}
div.Section1
	{page:Section1;}
-->
</style><!--[if gte mso 10]>
<style>
 /* Style Definitions */
 table.MsoNormalTable
	{mso-style-name:""Table Normal"";
	mso-tstyle-rowband-size:0;
	mso-tstyle-colband-size:0;
	mso-style-noshow:yes;
	mso-style-parent:"""";
	mso-padding-alt:0cm 5.4pt 0cm 5.4pt;
	mso-para-margin:0cm;
	mso-para-margin-bottom:.0001pt;
	mso-pagination:widow-orphan;
	font-size:10.0pt;
	font-family:""Times New Roman"";
	mso-ansi-language:#0400;
	mso-fareast-language:#0400;
	mso-bidi-language:#0400;}
</style>
<![endif]-->

<p class=""MsoPlainText"" dir=""rtl"" style=""text-align: justify;""><span dir=""rtl""></span><span dir=""rtl""></span><span style=""font-size: 12pt; font-family: &quot;Jameel Noori Nastaleeq&quot;;"" lang=""AR-SA""><span dir=""rtl""></span><span dir=""rtl""></span></span><span style=""font-size: 12pt; font-family: &quot;Jameel Noori Nastaleeq&quot;;"" lang=""FA""></span><span style=""font-size: 12pt; font-family: &quot;Jameel Noori Nastaleeq&quot;;"" lang=""AR-SA"">کیا
کرایہ کی جگہ جس میں ڈپوزٹ ہو وراثت میں شامل کی جاسکتی ہے؟ (</span><span style=""font-size: 12pt; font-family: &quot;Jameel Noori Nastaleeq&quot;;"" lang=""FA"">۲)</span><span style=""font-size: 12pt; font-family: &quot;Jameel Noori Nastaleeq&quot;;"" lang=""AR-SA"">خود کے باپ سے پیسہ لے کر کوئی دکان خریدتا
ہے تو کیا اس خریدی ہوئی دکان میں سے باپ کے انتقال کے بعد وراثت جاری ہوگی؟ یا جس
نے خریدا تھا اس کی ذاتی ملکیت ہوگی؟<o:p></o:p></span></p>

</h2>","<p>بسم الله الرحمن الرحيم</p><p> <meta http-equiv=""Content-Type"" content=""text/html; charset=utf-8""><meta name=""ProgId"" content=""Word.Document""><meta name=""Generator"" content=""Microsoft Word 11""><meta name=""Originator"" content=""Microsoft Word 11""><link rel=""File-List"" href=""file:///G:\DOCUME~1\MY-PC\LOCALS~1\Temp\msohtml1\01\clip_filelist.xml""><!--[if gte mso 9]><xml>
 <w:WordDocument>
  <w:View>Normal</w:View>
  <w:Zoom>0</w:Zoom>
  <w:PunctuationKerning/>
  <w:ValidateAgainstSchemas/>
  <w:SaveIfXMLInvalid>false</w:SaveIfXMLInvalid>
  <w:IgnoreMixedContent>false</w:IgnoreMixedContent>
  <w:AlwaysShowPlaceholderText>false</w:AlwaysShowPlaceholderText>
  <w:Compatibility>
   <w:BreakWrappedTables/>
   <w:SnapToGridInCell/>
   <w:WrapTextWithPunct/>
   <w:UseAsianBreakRules/>
   <w:DontGrowAutofit/>
  </w:Compatibility>
  <w:BrowserLevel>MicrosoftInternetExplorer4</w:BrowserLevel>
 </w:WordDocument>
</xml><![endif]--><!--[if gte mso 9]><xml>
 <w:LatentStyles DefLockedState=""false"" LatentStyleCount=""156"">
 </w:LatentStyles>
</xml><![endif]--><style>
<!--
 /* Font Definitions */
 @font-face
	{font-family:SimSun;
	panose-1:2 1 6 0 3 1 1 1 1 1;
	mso-font-alt:&#23435;&#20307;;
	mso-font-charset:134;
	mso-generic-font-family:auto;
	mso-font-format:other;
	mso-font-pitch:variable;
	mso-font-signature:1 135135232 16 0 262144 0;}
@font-face
	{font-family:Tahoma;
	panose-1:2 11 6 4 3 5 4 4 2 4;
	mso-font-charset:0;
	mso-generic-font-family:swiss;
	mso-font-pitch:variable;
	mso-font-signature:1627421319 -2147483648 8 0 66047 0;}
@font-face
	{font-family:""Jameel Noori Nastaleeq"";
	panose-1:2 0 5 3 0 0 0 0 0 4;
	mso-font-charset:0;
	mso-generic-font-family:auto;
	mso-font-pitch:variable;
	mso-font-signature:-2147475449 0 0 0 65 0;}
@font-face
	{font-family:""\@SimSun"";
	panose-1:0 0 0 0 0 0 0 0 0 0;
	mso-font-charset:134;
	mso-generic-font-family:auto;
	mso-font-format:other;
	mso-font-pitch:variable;
	mso-font-signature:1 135135232 16 0 262144 0;}
 /* Style Definitions */
 p.MsoNormal, li.MsoNormal, div.MsoNormal
	{mso-style-parent:"""";
	margin:0cm;
	margin-bottom:.0001pt;
	text-align:justify;
	text-justify:kashida;
	text-kashida:0%;
	mso-pagination:widow-orphan;
	direction:rtl;
	unicode-bidi:embed;
	font-size:12.0pt;
	mso-bidi-font-size:10.0pt;
	font-family:Tahoma;
	mso-fareast-font-family:SimSun;}
p.MsoPlainText, li.MsoPlainText, div.MsoPlainText
	{margin:0cm;
	margin-bottom:.0001pt;
	text-align:right;
	mso-pagination:widow-orphan;
	direction:rtl;
	unicode-bidi:embed;
	font-size:10.0pt;
	font-family:""Courier New"";
	mso-fareast-font-family:""Times New Roman"";}
@page Section1
	{size:612.0pt 792.0pt;
	margin:72.0pt 90.0pt 72.0pt 90.0pt;
	mso-header-margin:36.0pt;
	mso-footer-margin:36.0pt;
	mso-paper-source:0;}
div.Section1
	{page:Section1;}
-->
</style><!--[if gte mso 10]>
<style>
 /* Style Definitions */
 table.MsoNormalTable
	{mso-style-name:""Table Normal"";
	mso-tstyle-rowband-size:0;
	mso-tstyle-colband-size:0;
	mso-style-noshow:yes;
	mso-style-parent:"""";
	mso-padding-alt:0cm 5.4pt 0cm 5.4pt;
	mso-para-margin:0cm;
	mso-para-margin-bottom:.0001pt;
	mso-pagination:widow-orphan;
	font-size:10.0pt;
	font-family:""Times New Roman"";
	mso-ansi-language:#0400;
	mso-fareast-language:#0400;
	mso-bidi-language:#0400;}
</style>
<![endif]-->

</p><p class=""MsoPlainText"" dir=""rtl"" style=""text-align: justify;""><span style=""font-size: 12pt; font-family: &quot;Jameel Noori Nastaleeq&quot;;"" lang=""AR-SA"">فتوی: 1070=1070/م</span></p><p class=""MsoPlainText"" dir=""rtl"" style=""text-align: justify;""><span style=""font-size: 12pt; font-family: &quot;Jameel Noori Nastaleeq&quot;;"" lang=""AR-SA""><o:p>&nbsp;</o:p></span></p><p class=""MsoPlainText"" dir=""rtl"" style=""text-align: justify;""><span style=""font-size: 12pt; font-family: &quot;Jameel Noori Nastaleeq&quot;;"" lang=""AR-SA"">(</span><span style=""font-size: 12pt; font-family: &quot;Jameel Noori Nastaleeq&quot;;"" lang=""FA"">۱) </span><span style=""font-size: 12pt; font-family: &quot;Jameel Noori Nastaleeq&quot;;"" lang=""AR-SA"">کرایہ کی جگہ خواہ دوکان ہو یا مکان کرایہ
دار کی ملکیت نہیں ہوتی ہے، لہٰذا اگر کرایہ دار کا انتقال ہوجائے تو وہ کرایہ کی
جگہ اس کی وراثت میں شامل نہیں ہوگی، البتہ جو رقم فکس ڈپوزٹ کے طور پر کرایہ کا
معاملہ کرتے وقت جمع کی ہوگی جس کو پگڑی کہتے ہیں، جو مالک بالکل شروع میں ہرماہ
کرایہ کے علاوہ ایڈوانس یکمشت رقم جمع لے لیتا ہے وہ کرایہ دار کی وراثت میں شامل
ہوگی۔</span></p><p class=""MsoPlainText"" dir=""rtl"" style=""text-align: justify;""><span style=""font-size: 12pt; font-family: &quot;Jameel Noori Nastaleeq&quot;;"" lang=""AR-SA"">(</span><span style=""font-size: 12pt; font-family: &quot;Jameel Noori Nastaleeq&quot;;"" lang=""FA"">۲) </span><span style=""font-size: 12pt; font-family: &quot;Jameel Noori Nastaleeq&quot;;"" lang=""AR-SA"">اگر باپ نے بیٹے کو روپیہ بطور ملکیت نہیں
دیا ہے مثلاً اس کو ہبہ وغیرہ نہیں کیا ہے بلکہ اس کو دوکان خریدنے کے لیے وکیل
بالشراء کی حیثیت سے دیا ہے، پھر بیٹا اس روپیہ سے دوکان خریدلیتا ہے تو وہ دوکان
باپ کی ملکیت شمار ہوگی، جس میں باپ کی وراثت جاری ہوگی، اور اگر باپ نے بیٹے کو
روپیہ ہبةً دیدیا ہے، تو اس روپیہ سے خریدی ہوئی دوکان بیٹے کی ذاتی ملکیت ہوگی۔</span></p><p></p><br><span style=""font-size:1.2em"">
								<p><strong>واللہ تعالیٰ اعلم</strong></p>
								<br class=""clear"">
								<p><strong>دارالافتاء،</strong><br>دارالعلوم دیوبند</p>
							</span>",31-Aug-2020,14147,darulifta-deoband.com,معاملات,دیگر معاملات,"<div id=""recent_fatwas"" class=""container tab-pane active""><br>
					<ul class=""answer_detail"">
												<li>
																					<div class=""cate_sec"">
								<p class=""category_name"">
									<span>
										معاملات									</span> 
									&gt;&gt; 
									<span>
																		<a href=""https://darulifta-deoband.com/ur/category/n-a/Mzg="">دیگر معاملات</a>
									</span>
								</p>
								<p class=""quesid""><span class=""anser_id_urdu""> سوال نمبر: 14147</span><!--<span class=""country_urdu"">  : ملک</span> --></p>
							</div>
							<h2><u> عنوان:</u> <meta http-equiv=""Content-Type"" content=""text/html; charset=utf-8""><meta name=""ProgId"" content=""Word.Document""><meta name=""Generator"" content=""Microsoft Word 11""><meta name=""Originator"" content=""Microsoft Word 11""><link rel=""File-List"" href=""file:///G:\DOCUME~1\MY-PC\LOCALS~1\Temp\msohtml1\01\clip_filelist.xml""><!--[if gte mso 9]><xml>
 <w:WordDocument>
  <w:View>Normal</w:View>
  <w:Zoom>0</w:Zoom>
  <w:PunctuationKerning/>
  <w:ValidateAgainstSchemas/>
  <w:SaveIfXMLInvalid>false</w:SaveIfXMLInvalid>
  <w:IgnoreMixedContent>false</w:IgnoreMixedContent>
  <w:AlwaysShowPlaceholderText>false</w:AlwaysShowPlaceholderText>
  <w:Compatibility>
   <w:BreakWrappedTables/>
   <w:SnapToGridInCell/>
   <w:WrapTextWithPunct/>
   <w:UseAsianBreakRules/>
   <w:DontGrowAutofit/>
  </w:Compatibility>
  <w:BrowserLevel>MicrosoftInternetExplorer4</w:BrowserLevel>
 </w:WordDocument>
</xml><![endif]--><!--[if gte mso 9]><xml>
 <w:LatentStyles DefLockedState=""false"" LatentStyleCount=""156"">
 </w:LatentStyles>
</xml><![endif]--><style>
<!--
 /* Font Definitions */
 @font-face
	{font-family:SimSun;
	panose-1:2 1 6 0 3 1 1 1 1 1;
	mso-font-alt:&#23435;&#20307;;
	mso-font-charset:134;
	mso-generic-font-family:auto;
	mso-font-format:other;
	mso-font-pitch:variable;
	mso-font-signature:1 135135232 16 0 262144 0;}
@font-face
	{font-family:Tahoma;
	panose-1:2 11 6 4 3 5 4 4 2 4;
	mso-font-charset:0;
	mso-generic-font-family:swiss;
	mso-font-pitch:variable;
	mso-font-signature:1627421319 -2147483648 8 0 66047 0;}
@font-face
	{font-family:""Jameel Noori Nastaleeq"";
	panose-1:2 0 5 3 0 0 0 0 0 4;
	mso-font-charset:0;
	mso-generic-font-family:auto;
	mso-font-pitch:variable;
	mso-font-signature:-2147475449 0 0 0 65 0;}
@font-face
	{font-family:""\@SimSun"";
	panose-1:0 0 0 0 0 0 0 0 0 0;
	mso-font-charset:134;
	mso-generic-font-family:auto;
	mso-font-format:other;
	mso-font-pitch:variable;
	mso-font-signature:1 135135232 16 0 262144 0;}
 /* Style Definitions */
 p.MsoNormal, li.MsoNormal, div.MsoNormal
	{mso-style-parent:"""";
	margin:0cm;
	margin-bottom:.0001pt;
	text-align:justify;
	text-justify:kashida;
	text-kashida:0%;
	mso-pagination:widow-orphan;
	direction:rtl;
	unicode-bidi:embed;
	font-size:12.0pt;
	mso-bidi-font-size:10.0pt;
	font-family:Tahoma;
	mso-fareast-font-family:SimSun;}
p.MsoPlainText, li.MsoPlainText, div.MsoPlainText
	{margin:0cm;
	margin-bottom:.0001pt;
	text-align:right;
	mso-pagination:widow-orphan;
	direction:rtl;
	unicode-bidi:embed;
	font-size:10.0pt;
	font-family:""Courier New"";
	mso-fareast-font-family:""Times New Roman"";}
@page Section1
	{size:612.0pt 792.0pt;
	margin:72.0pt 90.0pt 72.0pt 90.0pt;
	mso-header-margin:36.0pt;
	mso-footer-margin:36.0pt;
	mso-paper-source:0;}
div.Section1
	{page:Section1;}
-->
</style><!--[if gte mso 10]>
<style>
 /* Style Definitions */
 table.MsoNormalTable
	{mso-style-name:""Table Normal"";
	mso-tstyle-rowband-size:0;
	mso-tstyle-colband-size:0;
	mso-style-noshow:yes;
	mso-style-parent:"""";
	mso-padding-alt:0cm 5.4pt 0cm 5.4pt;
	mso-para-margin:0cm;
	mso-para-margin-bottom:.0001pt;
	mso-pagination:widow-orphan;
	font-size:10.0pt;
	font-family:""Times New Roman"";
	mso-ansi-language:#0400;
	mso-fareast-language:#0400;
	mso-bidi-language:#0400;}
</style>
<![endif]-->

<p class=""MsoPlainText"" dir=""rtl"" style=""text-align: justify;""><span dir=""rtl""></span><span dir=""rtl""></span><span style=""font-size: 12pt; font-family: &quot;Jameel Noori Nastaleeq&quot;;"" lang=""AR-SA""><span dir=""rtl""></span><span dir=""rtl""></span></span><span style=""font-size: 12pt; font-family: &quot;Jameel Noori Nastaleeq&quot;;"" lang=""FA""></span><span style=""font-size: 12pt; font-family: &quot;Jameel Noori Nastaleeq&quot;;"" lang=""AR-SA"">کیا
کرایہ کی جگہ جس میں ڈپوزٹ ہو وراثت میں شامل کی جاسکتی ہے؟ (</span><span style=""font-size: 12pt; font-family: &quot;Jameel Noori Nastaleeq&quot;;"" lang=""FA"">۲)</span><span style=""font-size: 12pt; font-family: &quot;Jameel Noori Nastaleeq&quot;;"" lang=""AR-SA"">خود کے باپ سے پیسہ لے کر کوئی دکان خریدتا
ہے تو کیا اس خریدی ہوئی دکان میں سے باپ کے انتقال کے بعد وراثت جاری ہوگی؟ یا جس
نے خریدا تھا اس کی ذاتی ملکیت ہوگی؟<o:p></o:p></span></p>

</h2>
							<h2><u> سوال: </u> <meta name=""ProgId"" content=""Word.Document""><meta name=""Generator"" content=""Microsoft Word 11""><meta name=""Originator"" content=""Microsoft Word 11""><link rel=""File-List"" href=""file:///G:\DOCUME~1\MY-PC\LOCALS~1\Temp\msohtml1\01\clip_filelist.xml""><!--[if gte mso 9]><xml>
 <w:WordDocument>
  <w:View>Normal</w:View>
  <w:Zoom>0</w:Zoom>
  <w:PunctuationKerning/>
  <w:ValidateAgainstSchemas/>
  <w:SaveIfXMLInvalid>false</w:SaveIfXMLInvalid>
  <w:IgnoreMixedContent>false</w:IgnoreMixedContent>
  <w:AlwaysShowPlaceholderText>false</w:AlwaysShowPlaceholderText>
  <w:Compatibility>
   <w:BreakWrappedTables/>
   <w:SnapToGridInCell/>
   <w:WrapTextWithPunct/>
   <w:UseAsianBreakRules/>
   <w:DontGrowAutofit/>
  </w:Compatibility>
  <w:BrowserLevel>MicrosoftInternetExplorer4</w:BrowserLevel>
 </w:WordDocument>
</xml><![endif]--><!--[if gte mso 9]><xml>
 <w:LatentStyles DefLockedState=""false"" LatentStyleCount=""156"">
 </w:LatentStyles>
</xml><![endif]--><style>
<!--
 /* Font Definitions */
 @font-face
	{font-family:SimSun;
	panose-1:2 1 6 0 3 1 1 1 1 1;
	mso-font-alt:&#23435;&#20307;;
	mso-font-charset:134;
	mso-generic-font-family:auto;
	mso-font-format:other;
	mso-font-pitch:variable;
	mso-font-signature:1 135135232 16 0 262144 0;}
@font-face
	{font-family:Tahoma;
	panose-1:2 11 6 4 3 5 4 4 2 4;
	mso-font-charset:0;
	mso-generic-font-family:swiss;
	mso-font-pitch:variable;
	mso-font-signature:1627421319 -2147483648 8 0 66047 0;}
@font-face
	{font-family:""Jameel Noori Nastaleeq"";
	panose-1:2 0 5 3 0 0 0 0 0 4;
	mso-font-charset:0;
	mso-generic-font-family:auto;
	mso-font-pitch:variable;
	mso-font-signature:-2147475449 0 0 0 65 0;}
@font-face
	{font-family:""\@SimSun"";
	panose-1:0 0 0 0 0 0 0 0 0 0;
	mso-font-charset:134;
	mso-generic-font-family:auto;
	mso-font-format:other;
	mso-font-pitch:variable;
	mso-font-signature:1 135135232 16 0 262144 0;}
 /* Style Definitions */
 p.MsoNormal, li.MsoNormal, div.MsoNormal
	{mso-style-parent:"""";
	margin:0cm;
	margin-bottom:.0001pt;
	text-align:justify;
	text-justify:kashida;
	text-kashida:0%;
	mso-pagination:widow-orphan;
	direction:rtl;
	unicode-bidi:embed;
	font-size:12.0pt;
	mso-bidi-font-size:10.0pt;
	font-family:Tahoma;
	mso-fareast-font-family:SimSun;}
p.MsoPlainText, li.MsoPlainText, div.MsoPlainText
	{margin:0cm;
	margin-bottom:.0001pt;
	text-align:right;
	mso-pagination:widow-orphan;
	direction:rtl;
	unicode-bidi:embed;
	font-size:10.0pt;
	font-family:""Courier New"";
	mso-fareast-font-family:""Times New Roman"";}
@page Section1
	{size:612.0pt 792.0pt;
	margin:72.0pt 90.0pt 72.0pt 90.0pt;
	mso-header-margin:36.0pt;
	mso-footer-margin:36.0pt;
	mso-paper-source:0;}
div.Section1
	{page:Section1;}
-->
</style><!--[if gte mso 10]>
<style>
 /* Style Definitions */
 table.MsoNormalTable
	{mso-style-name:""Table Normal"";
	mso-tstyle-rowband-size:0;
	mso-tstyle-colband-size:0;
	mso-style-noshow:yes;
	mso-style-parent:"""";
	mso-padding-alt:0cm 5.4pt 0cm 5.4pt;
	mso-para-margin:0cm;
	mso-para-margin-bottom:.0001pt;
	mso-pagination:widow-orphan;
	font-size:10.0pt;
	font-family:""Times New Roman"";
	mso-ansi-language:#0400;
	mso-fareast-language:#0400;
	mso-bidi-language:#0400;}
</style>
<![endif]-->

<p class=""MsoPlainText"" dir=""rtl"" style=""text-align: justify;""><span dir=""rtl""></span><span dir=""rtl""></span><span style=""font-size: 12pt; font-family: &quot;Jameel Noori Nastaleeq&quot;;"" lang=""AR-SA""><span dir=""rtl""></span><span dir=""rtl""></span></span><span style=""font-size: 12pt; font-family: &quot;Jameel Noori Nastaleeq&quot;;"" lang=""FA""></span><span style=""font-size: 12pt; font-family: &quot;Jameel Noori Nastaleeq&quot;;"" lang=""AR-SA"">کیا
کرایہ کی جگہ جس میں ڈپوزٹ ہو وراثت میں شامل کی جاسکتی ہے؟ (</span><span style=""font-size: 12pt; font-family: &quot;Jameel Noori Nastaleeq&quot;;"" lang=""FA"">۲)</span><span style=""font-size: 12pt; font-family: &quot;Jameel Noori Nastaleeq&quot;;"" lang=""AR-SA"">خود کے باپ سے پیسہ لے کر کوئی دکان خریدتا
ہے تو کیا اس خریدی ہوئی دکان میں سے باپ کے انتقال کے بعد وراثت جاری ہوگی؟ یا جس
نے خریدا تھا اس کی ذاتی ملکیت ہوگی؟<o:p></o:p></span></p>

</h2>
							<p class=""fatwa_answer""><span class=""ans_urdu_id""> جواب نمبر: 14147</span><span style=""color:#efefef;display:none;"" class=""answer_date_urdu"">31-Aug-2020 : تاریخ اشاعت </span></p>
							<p>بسم الله الرحمن الرحيم</p>
							<p> <meta http-equiv=""Content-Type"" content=""text/html; charset=utf-8""><meta name=""ProgId"" content=""Word.Document""><meta name=""Generator"" content=""Microsoft Word 11""><meta name=""Originator"" content=""Microsoft Word 11""><link rel=""File-List"" href=""file:///G:\DOCUME~1\MY-PC\LOCALS~1\Temp\msohtml1\01\clip_filelist.xml""><!--[if gte mso 9]><xml>
 <w:WordDocument>
  <w:View>Normal</w:View>
  <w:Zoom>0</w:Zoom>
  <w:PunctuationKerning/>
  <w:ValidateAgainstSchemas/>
  <w:SaveIfXMLInvalid>false</w:SaveIfXMLInvalid>
  <w:IgnoreMixedContent>false</w:IgnoreMixedContent>
  <w:AlwaysShowPlaceholderText>false</w:AlwaysShowPlaceholderText>
  <w:Compatibility>
   <w:BreakWrappedTables/>
   <w:SnapToGridInCell/>
   <w:WrapTextWithPunct/>
   <w:UseAsianBreakRules/>
   <w:DontGrowAutofit/>
  </w:Compatibility>
  <w:BrowserLevel>MicrosoftInternetExplorer4</w:BrowserLevel>
 </w:WordDocument>
</xml><![endif]--><!--[if gte mso 9]><xml>
 <w:LatentStyles DefLockedState=""false"" LatentStyleCount=""156"">
 </w:LatentStyles>
</xml><![endif]--><style>
<!--
 /* Font Definitions */
 @font-face
	{font-family:SimSun;
	panose-1:2 1 6 0 3 1 1 1 1 1;
	mso-font-alt:&#23435;&#20307;;
	mso-font-charset:134;
	mso-generic-font-family:auto;
	mso-font-format:other;
	mso-font-pitch:variable;
	mso-font-signature:1 135135232 16 0 262144 0;}
@font-face
	{font-family:Tahoma;
	panose-1:2 11 6 4 3 5 4 4 2 4;
	mso-font-charset:0;
	mso-generic-font-family:swiss;
	mso-font-pitch:variable;
	mso-font-signature:1627421319 -2147483648 8 0 66047 0;}
@font-face
	{font-family:""Jameel Noori Nastaleeq"";
	panose-1:2 0 5 3 0 0 0 0 0 4;
	mso-font-charset:0;
	mso-generic-font-family:auto;
	mso-font-pitch:variable;
	mso-font-signature:-2147475449 0 0 0 65 0;}
@font-face
	{font-family:""\@SimSun"";
	panose-1:0 0 0 0 0 0 0 0 0 0;
	mso-font-charset:134;
	mso-generic-font-family:auto;
	mso-font-format:other;
	mso-font-pitch:variable;
	mso-font-signature:1 135135232 16 0 262144 0;}
 /* Style Definitions */
 p.MsoNormal, li.MsoNormal, div.MsoNormal
	{mso-style-parent:"""";
	margin:0cm;
	margin-bottom:.0001pt;
	text-align:justify;
	text-justify:kashida;
	text-kashida:0%;
	mso-pagination:widow-orphan;
	direction:rtl;
	unicode-bidi:embed;
	font-size:12.0pt;
	mso-bidi-font-size:10.0pt;
	font-family:Tahoma;
	mso-fareast-font-family:SimSun;}
p.MsoPlainText, li.MsoPlainText, div.MsoPlainText
	{margin:0cm;
	margin-bottom:.0001pt;
	text-align:right;
	mso-pagination:widow-orphan;
	direction:rtl;
	unicode-bidi:embed;
	font-size:10.0pt;
	font-family:""Courier New"";
	mso-fareast-font-family:""Times New Roman"";}
@page Section1
	{size:612.0pt 792.0pt;
	margin:72.0pt 90.0pt 72.0pt 90.0pt;
	mso-header-margin:36.0pt;
	mso-footer-margin:36.0pt;
	mso-paper-source:0;}
div.Section1
	{page:Section1;}
-->
</style><!--[if gte mso 10]>
<style>
 /* Style Definitions */
 table.MsoNormalTable
	{mso-style-name:""Table Normal"";
	mso-tstyle-rowband-size:0;
	mso-tstyle-colband-size:0;
	mso-style-noshow:yes;
	mso-style-parent:"""";
	mso-padding-alt:0cm 5.4pt 0cm 5.4pt;
	mso-para-margin:0cm;
	mso-para-margin-bottom:.0001pt;
	mso-pagination:widow-orphan;
	font-size:10.0pt;
	font-family:""Times New Roman"";
	mso-ansi-language:#0400;
	mso-fareast-language:#0400;
	mso-bidi-language:#0400;}
</style>
<![endif]-->

</p><p class=""MsoPlainText"" dir=""rtl"" style=""text-align: justify;""><span style=""font-size: 12pt; font-family: &quot;Jameel Noori Nastaleeq&quot;;"" lang=""AR-SA"">فتوی: 1070=1070/م</span></p>

<p class=""MsoPlainText"" dir=""rtl"" style=""text-align: justify;""><span style=""font-size: 12pt; font-family: &quot;Jameel Noori Nastaleeq&quot;;"" lang=""AR-SA""><o:p>&nbsp;</o:p></span></p>

<p class=""MsoPlainText"" dir=""rtl"" style=""text-align: justify;""><span style=""font-size: 12pt; font-family: &quot;Jameel Noori Nastaleeq&quot;;"" lang=""AR-SA"">(</span><span style=""font-size: 12pt; font-family: &quot;Jameel Noori Nastaleeq&quot;;"" lang=""FA"">۱) </span><span style=""font-size: 12pt; font-family: &quot;Jameel Noori Nastaleeq&quot;;"" lang=""AR-SA"">کرایہ کی جگہ خواہ دوکان ہو یا مکان کرایہ
دار کی ملکیت نہیں ہوتی ہے، لہٰذا اگر کرایہ دار کا انتقال ہوجائے تو وہ کرایہ کی
جگہ اس کی وراثت میں شامل نہیں ہوگی، البتہ جو رقم فکس ڈپوزٹ کے طور پر کرایہ کا
معاملہ کرتے وقت جمع کی ہوگی جس کو پگڑی کہتے ہیں، جو مالک بالکل شروع میں ہرماہ
کرایہ کے علاوہ ایڈوانس یکمشت رقم جمع لے لیتا ہے وہ کرایہ دار کی وراثت میں شامل
ہوگی۔</span></p>

<p class=""MsoPlainText"" dir=""rtl"" style=""text-align: justify;""><span style=""font-size: 12pt; font-family: &quot;Jameel Noori Nastaleeq&quot;;"" lang=""AR-SA"">(</span><span style=""font-size: 12pt; font-family: &quot;Jameel Noori Nastaleeq&quot;;"" lang=""FA"">۲) </span><span style=""font-size: 12pt; font-family: &quot;Jameel Noori Nastaleeq&quot;;"" lang=""AR-SA"">اگر باپ نے بیٹے کو روپیہ بطور ملکیت نہیں
دیا ہے مثلاً اس کو ہبہ وغیرہ نہیں کیا ہے بلکہ اس کو دوکان خریدنے کے لیے وکیل
بالشراء کی حیثیت سے دیا ہے، پھر بیٹا اس روپیہ سے دوکان خریدلیتا ہے تو وہ دوکان
باپ کی ملکیت شمار ہوگی، جس میں باپ کی وراثت جاری ہوگی، اور اگر باپ نے بیٹے کو
روپیہ ہبةً دیدیا ہے، تو اس روپیہ سے خریدی ہوئی دوکان بیٹے کی ذاتی ملکیت ہوگی۔</span></p>

<p></p> 
							<br>
							<span style=""font-size:1.2em"">
								<p><strong>واللہ تعالیٰ اعلم</strong></p>
								<br class=""clear"">
								<p><strong>دارالافتاء،</strong><br>دارالعلوم دیوبند</p>
							</span>
						</li>
											</ul>
				</div>"
https://darulifta-deoband.com/home/ur/other-transactions/13951,زید نے چار سال پہلے ایک شخص کو تین لاکھ روپے قرض دیے اس شرط پر کہ اس رقم سے تم اپنے نامکمل مکان کو مکمل کرکے مجھے پانچ سال کے لیے دو ہزار روپئے ماہوار پر مجھے کرایہ پر دوگے؟ ان تین لاکھ روپے میں سے ساکی لاکھ بیس ہزار روپئے ایڈوانس کرایہ کے طور پر مقرر ہے جب کہ باقی رقم مالک مکان جلد از جلد واپس کرے گا؟ اب چوتھے سال مالک مکان زید کو بقایا رقم واپس کرنا چاہتا ہے لیکن زید کہتا ہے کہ اس وقت روپے کی قیمت زیادہ تھی اس وقت روپے کی قیمت کم ہے، لہٰذا اب تم مجھے اس سے زیادہ دو گے؟ کیا زید کا یہ مطالبہ صحیح ہے؟,"<h2><u> سوال: </u> <p class=""MsoNormal"" dir=""rtl"" style=""MARGIN: 0cm 0cm 0pt; TEXT-ALIGN: justify""><span lang=""AR-SA"" style=""FONT-FAMILY: 'Jameel Noori Nastaleeq'; mso-bidi-font-size: 12.0pt"">زید نے چار سال پہلے ایک شخص کو تین لاکھ روپے قرض دیے اس شرط پر کہ اس رقم سے تم اپنے نامکمل مکان کو مکمل کرکے مجھے پانچ سال کے لیے دو ہزار روپئے ماہوار پر مجھے کرایہ پر دوگے؟ ان تین لاکھ روپے میں سے ساکی لاکھ بیس ہزار روپئے ایڈوانس کرایہ کے طور پر مقرر ہے جب کہ باقی رقم مالک مکان جلد از جلد واپس کرے گا؟ اب چوتھے سال مالک مکان زید کو بقایا رقم واپس کرنا چاہتا ہے لیکن زید کہتا ہے کہ اس وقت روپے کی قیمت زیادہ تھی اس وقت روپے کی قیمت کم ہے، لہٰذا اب تم مجھے اس سے زیادہ دو گے؟ کیا زید کا یہ مطالبہ صحیح ہے؟</span><span dir=""ltr"" style=""FONT-FAMILY: 'Jameel Noori Nastaleeq'; mso-bidi-font-size: 12.0pt""><!--?xml:namespace prefix = o ns = ""urn:schemas-microsoft-com:office:office"" /--><o:p></o:p></span></p></h2>","<p>بسم الله الرحمن الرحيم</p><p> </p><p class=""MsoNormal"" dir=""rtl"" style=""MARGIN: 0cm 0cm 0pt; TEXT-ALIGN: justify""><span lang=""AR-SA"" style=""FONT-FAMILY: 'Jameel Noori Nastaleeq'; mso-bidi-font-size: 12.0pt"">فتوی: 1106=1050/ب</span><span dir=""ltr"" style=""FONT-FAMILY: 'Jameel Noori Nastaleeq'; mso-bidi-font-size: 12.0pt""></span></p><p class=""MsoNormal"" dir=""rtl"" style=""MARGIN: 0cm 0cm 0pt; TEXT-ALIGN: justify""><span dir=""ltr"" style=""FONT-FAMILY: 'Jameel Noori Nastaleeq'; mso-bidi-font-size: 12.0pt""><o:p>&nbsp;</o:p></span></p><p class=""MsoNormal"" dir=""rtl"" style=""MARGIN: 0cm 0cm 0pt; TEXT-ALIGN: justify""><span lang=""AR-SA"" style=""FONT-FAMILY: 'Jameel Noori Nastaleeq'; mso-bidi-font-size: 12.0pt"">زید کا قرض دیتے وقت کرایہ پر مکان دینے کی شرط لگانا جائز نہیں کیونکہ جس قرض سے قرض خواہ نفع حاصل کرے کل قرض جر نفعًا فھو حرام کے تحت وہ نفع ناجائز او رحرام ہے اور زید نے تین سال قبل مکان مالک کو جتنا روپیہ قرض دیا تھا اتنا ہی روپیہ زید اپنے مقروض سے لینے کا حق دار ہے، اس سے زیادہ وصول کرنا جائز نہیں، بلکہ وہ زائد رقم سود اور حرام ہوگی، روپیہ کی قیمت کے کم اور زیادہ ہونے کی وجہ سے کوئی اثر نہیں ہوتا: </span><span lang=""AR-SA"" style=""""><font>کما في البدائع ولو استقرض فلوسًا نافقة وقبضہا ولم تکسد لکنہا رخصت أو علت فعلیہ رد مثل ما قبض بلا خلاف </font></span><span dir=""ltr"" style=""""></span></p><p></p><br><span style=""font-size:1.2em"">
								<p><strong>واللہ تعالیٰ اعلم</strong></p>
								<br class=""clear"">
								<p><strong>دارالافتاء،</strong><br>دارالعلوم دیوبند</p>
							</span>",01-Sep-2020,13951,darulifta-deoband.com,معاملات,دیگر معاملات,"<div id=""recent_fatwas"" class=""container tab-pane active""><br>
					<ul class=""answer_detail"">
												<li>
																					<div class=""cate_sec"">
								<p class=""category_name"">
									<span>
										معاملات									</span> 
									&gt;&gt; 
									<span>
																		<a href=""https://darulifta-deoband.com/ur/category/n-a/Mzg="">دیگر معاملات</a>
									</span>
								</p>
								<p class=""quesid""><span class=""anser_id_urdu""> سوال نمبر: 13951</span><!--<span class=""country_urdu"">  : ملک</span> --></p>
							</div>
							<h2><u> عنوان:</u> <p class=""MsoNormal"" dir=""rtl"" style=""MARGIN: 0cm 0cm 0pt; TEXT-ALIGN: justify""><span lang=""AR-SA"" style=""FONT-FAMILY: 'Jameel Noori Nastaleeq'; mso-bidi-font-size: 12.0pt"">زید نے چار سال پہلے ایک شخص کو تین لاکھ روپے قرض دیے اس شرط پر کہ اس رقم سے تم اپنے نامکمل مکان کو مکمل کرکے مجھے پانچ سال کے لیے دو ہزار روپئے ماہوار پر مجھے کرایہ پر دوگے؟ ان تین لاکھ روپے میں سے ساکی لاکھ بیس ہزار روپئے ایڈوانس کرایہ کے طور پر مقرر ہے جب کہ باقی رقم مالک مکان جلد از جلد واپس کرے گا؟ اب چوتھے سال مالک مکان زید کو بقایا رقم واپس کرنا چاہتا ہے لیکن زید کہتا ہے کہ اس وقت روپے کی قیمت زیادہ تھی اس وقت روپے کی قیمت کم ہے، لہٰذا اب تم مجھے اس سے زیادہ دو گے؟ کیا زید کا یہ مطالبہ صحیح ہے؟</span><span dir=""ltr"" style=""FONT-FAMILY: 'Jameel Noori Nastaleeq'; mso-bidi-font-size: 12.0pt""><!--?xml:namespace prefix = o ns = ""urn:schemas-microsoft-com:office:office"" /--><o:p></o:p></span></p></h2>
							<h2><u> سوال: </u> <p class=""MsoNormal"" dir=""rtl"" style=""MARGIN: 0cm 0cm 0pt; TEXT-ALIGN: justify""><span lang=""AR-SA"" style=""FONT-FAMILY: 'Jameel Noori Nastaleeq'; mso-bidi-font-size: 12.0pt"">زید نے چار سال پہلے ایک شخص کو تین لاکھ روپے قرض دیے اس شرط پر کہ اس رقم سے تم اپنے نامکمل مکان کو مکمل کرکے مجھے پانچ سال کے لیے دو ہزار روپئے ماہوار پر مجھے کرایہ پر دوگے؟ ان تین لاکھ روپے میں سے ساکی لاکھ بیس ہزار روپئے ایڈوانس کرایہ کے طور پر مقرر ہے جب کہ باقی رقم مالک مکان جلد از جلد واپس کرے گا؟ اب چوتھے سال مالک مکان زید کو بقایا رقم واپس کرنا چاہتا ہے لیکن زید کہتا ہے کہ اس وقت روپے کی قیمت زیادہ تھی اس وقت روپے کی قیمت کم ہے، لہٰذا اب تم مجھے اس سے زیادہ دو گے؟ کیا زید کا یہ مطالبہ صحیح ہے؟</span><span dir=""ltr"" style=""FONT-FAMILY: 'Jameel Noori Nastaleeq'; mso-bidi-font-size: 12.0pt""><!--?xml:namespace prefix = o ns = ""urn:schemas-microsoft-com:office:office"" /--><o:p></o:p></span></p></h2>
							<p class=""fatwa_answer""><span class=""ans_urdu_id""> جواب نمبر: 13951</span><span style=""color:#efefef;display:none;"" class=""answer_date_urdu"">01-Sep-2020 : تاریخ اشاعت </span></p>
							<p>بسم الله الرحمن الرحيم</p>
							<p> </p><p class=""MsoNormal"" dir=""rtl"" style=""MARGIN: 0cm 0cm 0pt; TEXT-ALIGN: justify""><span lang=""AR-SA"" style=""FONT-FAMILY: 'Jameel Noori Nastaleeq'; mso-bidi-font-size: 12.0pt"">فتوی: 1106=1050/ب</span><span dir=""ltr"" style=""FONT-FAMILY: 'Jameel Noori Nastaleeq'; mso-bidi-font-size: 12.0pt""></span></p>
<p class=""MsoNormal"" dir=""rtl"" style=""MARGIN: 0cm 0cm 0pt; TEXT-ALIGN: justify""><span dir=""ltr"" style=""FONT-FAMILY: 'Jameel Noori Nastaleeq'; mso-bidi-font-size: 12.0pt""><o:p>&nbsp;</o:p></span></p>
<p class=""MsoNormal"" dir=""rtl"" style=""MARGIN: 0cm 0cm 0pt; TEXT-ALIGN: justify""><span lang=""AR-SA"" style=""FONT-FAMILY: 'Jameel Noori Nastaleeq'; mso-bidi-font-size: 12.0pt"">زید کا قرض دیتے وقت کرایہ پر مکان دینے کی شرط لگانا جائز نہیں کیونکہ جس قرض سے قرض خواہ نفع حاصل کرے کل قرض جر نفعًا فھو حرام کے تحت وہ نفع ناجائز او رحرام ہے اور زید نے تین سال قبل مکان مالک کو جتنا روپیہ قرض دیا تھا اتنا ہی روپیہ زید اپنے مقروض سے لینے کا حق دار ہے، اس سے زیادہ وصول کرنا جائز نہیں، بلکہ وہ زائد رقم سود اور حرام ہوگی، روپیہ کی قیمت کے کم اور زیادہ ہونے کی وجہ سے کوئی اثر نہیں ہوتا: </span><span lang=""AR-SA"" style=""""><font>کما في البدائع ولو استقرض فلوسًا نافقة وقبضہا ولم تکسد لکنہا رخصت أو علت فعلیہ رد مثل ما قبض بلا خلاف </font></span><span dir=""ltr"" style=""""></span></p><p></p> 
							<br>
							<span style=""font-size:1.2em"">
								<p><strong>واللہ تعالیٰ اعلم</strong></p>
								<br class=""clear"">
								<p><strong>دارالافتاء،</strong><br>دارالعلوم دیوبند</p>
							</span>
						</li>
											</ul>
				</div>"
