link,title,question_html,answer_html,issued_at,fatwa_number,dar_ul_ifta,category_lvl_1,category_lvl_2,html_container
https://darulifta-deoband.com/home/ur/the-holy-quran/25330,سوال یہ ہے کہ رمضان المبارک میں جو لوگ دس دن یا تین دن میں تروایح میں قرآن کریم مکمل کرتے ہیں، ان کا یہ عمل ٹھیک ہے یانہیں؟ میرے بڑے بھائی مجھ سے یہ کہہ رہے تھے کہ دیوبند سے فتوی بھی ہے کہ دس دن یا تین دن میں تراویح میں قرآن کریم مکمل کرنا جائز نہیں ہے۔ مہربانی کرکے قرآن کریم اور حدیث کی روشنی میں جواب دیں، کیوں کہ میں بھی دس دن میں قرآن مکمل کرتاہوں ، بعد میں کاروبار کی مصروفیت کی وجہ سے جہاں جس مسجد میں وقت ملتاہے تروایح پڑھ لیتاہوں۔,<h2><u> سوال: </u> سوال یہ ہے کہ رمضان المبارک میں جو لوگ دس دن یا تین دن میں تروایح میں قرآن کریم مکمل کرتے ہیں، ان کا یہ عمل ٹھیک ہے یانہیں؟ میرے بڑے بھائی مجھ سے یہ کہہ رہے تھے کہ دیوبند سے فتوی بھی ہے کہ دس دن یا تین دن میں تراویح میں قرآن کریم مکمل کرنا جائز نہیں ہے۔ مہربانی کرکے قرآن کریم اور حدیث کی روشنی میں جواب دیں، کیوں کہ میں بھی دس دن میں قرآن مکمل کرتاہوں ، بعد میں کاروبار کی مصروفیت کی وجہ سے جہاں جس مسجد میں وقت ملتاہے تروایح پڑھ لیتاہوں۔</h2>,"<p>بسم الله الرحمن الرحيم</p><p> فتوی(تل): 1471=432-9/1431<br><br>اگر قرآن تراویح میں اس طرح پڑھا جائے کہ تصحیح حروف کے ساتھ حروف نہ کٹیں اور مقتدی بھی پوری بشاشت سے سنتے ہوں تو دس دن یا اس سے کم میں بھی ختم قرآن جائز ہے، دس دن یا اس سے کم میں ختم قرآن کی صورت میں بالعموم ان دوچیزوں کی رعایت نہیں ہوپاتی اس لیے بہتر یہی ہے کہ سکون واطمینان سے قرآن ختم کیا جائے، البتہ اگر کوئی مشغول ہو اور اس کے دس دن سے زیادہ میں قرآن ختم کرنے میں حرج ہو تو مذکورہ بالا دونوں شرطوں کی رعایت کرتے ہوئے دس دن میں بھی قرآن ختم کرسکتا ہے۔<br></p><br><span style=""font-size:1.2em"">
								<p><strong>واللہ تعالیٰ اعلم</strong></p>
								<br class=""clear"">
								<p><strong>دارالافتاء،</strong><br>دارالعلوم دیوبند</p>
							</span>",01-Sep-2020,25330,darulifta-deoband.com,عقائد و  ایمانیات,قرآن کریم,"<div id=""recent_fatwas"" class=""container tab-pane active""><br>
					<ul class=""answer_detail"">
												<li>
																					<div class=""cate_sec"">
								<p class=""category_name"">
									<span>
										عقائد و  ایمانیات									</span> 
									&gt;&gt; 
									<span>
																		<a href=""https://darulifta-deoband.com/ur/category/n-a/Nw=="">قرآن کریم</a>
									</span>
								</p>
								<p class=""quesid""><span class=""anser_id_urdu""> سوال نمبر: 25330</span><!--<span class=""country_urdu"">  : ملک</span> --></p>
							</div>
							<h2><u> عنوان:</u> سوال یہ ہے کہ رمضان المبارک میں جو لوگ دس دن یا تین دن میں تروایح میں قرآن کریم مکمل کرتے ہیں، ان کا یہ عمل ٹھیک ہے یانہیں؟ میرے بڑے بھائی مجھ سے یہ کہہ رہے تھے کہ دیوبند سے فتوی بھی ہے کہ دس دن یا تین دن میں تراویح میں قرآن کریم مکمل کرنا جائز نہیں ہے۔ مہربانی کرکے قرآن کریم اور حدیث کی روشنی میں جواب دیں، کیوں کہ میں بھی دس دن میں قرآن مکمل کرتاہوں ، بعد میں کاروبار کی مصروفیت کی وجہ سے جہاں جس مسجد میں وقت ملتاہے تروایح پڑھ لیتاہوں۔</h2>
							<h2><u> سوال: </u> سوال یہ ہے کہ رمضان المبارک میں جو لوگ دس دن یا تین دن میں تروایح میں قرآن کریم مکمل کرتے ہیں، ان کا یہ عمل ٹھیک ہے یانہیں؟ میرے بڑے بھائی مجھ سے یہ کہہ رہے تھے کہ دیوبند سے فتوی بھی ہے کہ دس دن یا تین دن میں تراویح میں قرآن کریم مکمل کرنا جائز نہیں ہے۔ مہربانی کرکے قرآن کریم اور حدیث کی روشنی میں جواب دیں، کیوں کہ میں بھی دس دن میں قرآن مکمل کرتاہوں ، بعد میں کاروبار کی مصروفیت کی وجہ سے جہاں جس مسجد میں وقت ملتاہے تروایح پڑھ لیتاہوں۔</h2>
							<p class=""fatwa_answer""><span class=""ans_urdu_id""> جواب نمبر: 25330</span><span style=""color:#efefef;display:none;"" class=""answer_date_urdu"">01-Sep-2020 : تاریخ اشاعت </span></p>
							<p>بسم الله الرحمن الرحيم</p>
							<p> فتوی(تل): 1471=432-9/1431<br><br>اگر قرآن تراویح میں اس طرح پڑھا جائے کہ تصحیح حروف کے ساتھ حروف نہ کٹیں اور مقتدی بھی پوری بشاشت سے سنتے ہوں تو دس دن یا اس سے کم میں بھی ختم قرآن جائز ہے، دس دن یا اس سے کم میں ختم قرآن کی صورت میں بالعموم ان دوچیزوں کی رعایت نہیں ہوپاتی اس لیے بہتر یہی ہے کہ سکون واطمینان سے قرآن ختم کیا جائے، البتہ اگر کوئی مشغول ہو اور اس کے دس دن سے زیادہ میں قرآن ختم کرنے میں حرج ہو تو مذکورہ بالا دونوں شرطوں کی رعایت کرتے ہوئے دس دن میں بھی قرآن ختم کرسکتا ہے۔<br></p> 
							<br>
							<span style=""font-size:1.2em"">
								<p><strong>واللہ تعالیٰ اعلم</strong></p>
								<br class=""clear"">
								<p><strong>دارالافتاء،</strong><br>دارالعلوم دیوبند</p>
							</span>
						</li>
											</ul>
				</div>"
https://darulifta-deoband.com/home/ur/the-holy-quran/24923,میں ایک دواخانہ چلاتاہوں اور میرا وضو زیادہ دیر قائم نہیں رہ پاتا اور جب میں فرصت میں ہوتاہوں تو قرآن کا ترجمہ پڑھنا چاہتاہوں تو کیا بغیر وضو کے قرآن کو ہاتھ میں لے کر پڑھ سکتاہوں؟,<h2><u> سوال: </u> میں ایک دواخانہ چلاتاہوں اور میرا وضو زیادہ دیر قائم نہیں رہ پاتا اور جب میں فرصت میں ہوتاہوں تو قرآن کا ترجمہ پڑھنا چاہتاہوں تو کیا بغیر وضو کے قرآن کو ہاتھ میں لے کر پڑھ سکتاہوں؟</h2>,"<p>بسم الله الرحمن الرحيم</p><p> فتوی(م): 1323=1323-9/1431<br><br>جس ترجمہٴ قرآن میں ترجمہ اور تفسیری کلمات قرآنی کلمات کے مقابلے میں زیادہ ہوں اس کو بلا وضو ہاتھ میں لے کر پڑھ سکتے ہیں، البتہ اس کا خیال رہے کہ قرآنی آیات پر ہاتھ نہ لگے اور مستند ترجمہ اور تفسیر پڑھئے جیسے ترجمہ شیخ الہند، معارف القرآن وغیرہ۔<br></p><br><span style=""font-size:1.2em"">
								<p><strong>واللہ تعالیٰ اعلم</strong></p>
								<br class=""clear"">
								<p><strong>دارالافتاء،</strong><br>دارالعلوم دیوبند</p>
							</span>",31-Aug-2020,24923,darulifta-deoband.com,عقائد و  ایمانیات,قرآن کریم,"<div id=""recent_fatwas"" class=""container tab-pane active""><br>
					<ul class=""answer_detail"">
												<li>
																					<div class=""cate_sec"">
								<p class=""category_name"">
									<span>
										عقائد و  ایمانیات									</span> 
									&gt;&gt; 
									<span>
																		<a href=""https://darulifta-deoband.com/ur/category/n-a/Nw=="">قرآن کریم</a>
									</span>
								</p>
								<p class=""quesid""><span class=""anser_id_urdu""> سوال نمبر: 24923</span><!--<span class=""country_urdu"">  : ملک</span> --></p>
							</div>
							<h2><u> عنوان:</u> میں ایک دواخانہ چلاتاہوں اور میرا وضو زیادہ دیر قائم نہیں رہ پاتا اور جب میں فرصت میں ہوتاہوں تو قرآن کا ترجمہ پڑھنا چاہتاہوں تو کیا بغیر وضو کے قرآن کو ہاتھ میں لے کر پڑھ سکتاہوں؟</h2>
							<h2><u> سوال: </u> میں ایک دواخانہ چلاتاہوں اور میرا وضو زیادہ دیر قائم نہیں رہ پاتا اور جب میں فرصت میں ہوتاہوں تو قرآن کا ترجمہ پڑھنا چاہتاہوں تو کیا بغیر وضو کے قرآن کو ہاتھ میں لے کر پڑھ سکتاہوں؟</h2>
							<p class=""fatwa_answer""><span class=""ans_urdu_id""> جواب نمبر: 24923</span><span style=""color:#efefef;display:none;"" class=""answer_date_urdu"">31-Aug-2020 : تاریخ اشاعت </span></p>
							<p>بسم الله الرحمن الرحيم</p>
							<p> فتوی(م): 1323=1323-9/1431<br><br>جس ترجمہٴ قرآن میں ترجمہ اور تفسیری کلمات قرآنی کلمات کے مقابلے میں زیادہ ہوں اس کو بلا وضو ہاتھ میں لے کر پڑھ سکتے ہیں، البتہ اس کا خیال رہے کہ قرآنی آیات پر ہاتھ نہ لگے اور مستند ترجمہ اور تفسیر پڑھئے جیسے ترجمہ شیخ الہند، معارف القرآن وغیرہ۔<br></p> 
							<br>
							<span style=""font-size:1.2em"">
								<p><strong>واللہ تعالیٰ اعلم</strong></p>
								<br class=""clear"">
								<p><strong>دارالافتاء،</strong><br>دارالعلوم دیوبند</p>
							</span>
						</li>
											</ul>
				</div>"
https://darulifta-deoband.com/home/ur/the-holy-quran/24005,کیا ایک وقت پر ایک سے زیادہ لوگ ختم قرآن کرسکتے ہیں یا نہیں؟ کوئی ایک پارہ پڑھے گا تو کوئی دوسرا،کوئی تیسرا․․․؟,<h2><u> سوال: </u> کیا ایک وقت پر ایک سے زیادہ لوگ ختم قرآن کرسکتے ہیں یا نہیں؟ کوئی ایک پارہ پڑھے گا تو کوئی دوسرا،کوئی تیسرا․․․؟</h2>,"<p>بسم الله الرحمن الرحيم</p><p> فتوی(م): 1084=1084-7/1431<br><br>اجتماعی قرآن خوانی کا مروجہ طریقہ جس میں لوگوں کو قرآن خوانی کے لیے باقاعدہ مدعو کیا جاتا ہے، اور سب لوگ جمع ہوکر ایک ساتھ قرآن پڑھتے ہیں، مختلف قباحتوں اور خرابیوں پر مشتمل ہونے کی وجہ سے مکروہ ہے، فتاویٰ ہندیہ وغیرہا میں کراہت کی تصریح ہے، یکرہ للقوم أن یقرأوا القرآن جملةً الخ (ہندیہ)<br></p><br><span style=""font-size:1.2em"">
								<p><strong>واللہ تعالیٰ اعلم</strong></p>
								<br class=""clear"">
								<p><strong>دارالافتاء،</strong><br>دارالعلوم دیوبند</p>
							</span>",01-Sep-2020,24005,darulifta-deoband.com,عقائد و  ایمانیات,قرآن کریم,"<div id=""recent_fatwas"" class=""container tab-pane active""><br>
					<ul class=""answer_detail"">
												<li>
																					<div class=""cate_sec"">
								<p class=""category_name"">
									<span>
										عقائد و  ایمانیات									</span> 
									&gt;&gt; 
									<span>
																		<a href=""https://darulifta-deoband.com/ur/category/n-a/Nw=="">قرآن کریم</a>
									</span>
								</p>
								<p class=""quesid""><span class=""anser_id_urdu""> سوال نمبر: 24005</span><!--<span class=""country_urdu"">  : ملک</span> --></p>
							</div>
							<h2><u> عنوان:</u> کیا ایک وقت پر ایک سے زیادہ لوگ ختم قرآن کرسکتے ہیں یا نہیں؟ کوئی ایک پارہ پڑھے گا تو کوئی دوسرا،کوئی تیسرا․․․؟</h2>
							<h2><u> سوال: </u> کیا ایک وقت پر ایک سے زیادہ لوگ ختم قرآن کرسکتے ہیں یا نہیں؟ کوئی ایک پارہ پڑھے گا تو کوئی دوسرا،کوئی تیسرا․․․؟</h2>
							<p class=""fatwa_answer""><span class=""ans_urdu_id""> جواب نمبر: 24005</span><span style=""color:#efefef;display:none;"" class=""answer_date_urdu"">01-Sep-2020 : تاریخ اشاعت </span></p>
							<p>بسم الله الرحمن الرحيم</p>
							<p> فتوی(م): 1084=1084-7/1431<br><br>اجتماعی قرآن خوانی کا مروجہ طریقہ جس میں لوگوں کو قرآن خوانی کے لیے باقاعدہ مدعو کیا جاتا ہے، اور سب لوگ جمع ہوکر ایک ساتھ قرآن پڑھتے ہیں، مختلف قباحتوں اور خرابیوں پر مشتمل ہونے کی وجہ سے مکروہ ہے، فتاویٰ ہندیہ وغیرہا میں کراہت کی تصریح ہے، یکرہ للقوم أن یقرأوا القرآن جملةً الخ (ہندیہ)<br></p> 
							<br>
							<span style=""font-size:1.2em"">
								<p><strong>واللہ تعالیٰ اعلم</strong></p>
								<br class=""clear"">
								<p><strong>دارالافتاء،</strong><br>دارالعلوم دیوبند</p>
							</span>
						</li>
											</ul>
				</div>"
https://darulifta-deoband.com/home/ur/the-holy-quran/23838,مجھے یہ پوچھنا ہے کہ تفسیر عثمانی پاکستانی کے بارے میں آپ کیا فرماتے ہیں؟ کیا اس کا مطالعہ کرنا ٹھیک ہے؟,<h2><u> سوال: </u> مجھے یہ پوچھنا ہے کہ تفسیر عثمانی پاکستانی کے بارے میں آپ کیا فرماتے ہیں؟ کیا اس کا مطالعہ کرنا ٹھیک ہے؟ </h2>,"<p>بسم الله الرحمن الرحيم</p><p> فتوی(ل): 1095=830-7/1431<br><br>”تفسیر عثمانی“ موٴلف حضرت مولانا شبیر احمد صاحب عثمانی ایک معتبر ومستند تفسیر ہے، اس تفسیر کا مطالعہ مفید ہے۔<br></p><br><span style=""font-size:1.2em"">
								<p><strong>واللہ تعالیٰ اعلم</strong></p>
								<br class=""clear"">
								<p><strong>دارالافتاء،</strong><br>دارالعلوم دیوبند</p>
							</span>",01-Sep-2020,23838,darulifta-deoband.com,عقائد و  ایمانیات,قرآن کریم,"<div id=""recent_fatwas"" class=""container tab-pane active""><br>
					<ul class=""answer_detail"">
												<li>
																					<div class=""cate_sec"">
								<p class=""category_name"">
									<span>
										عقائد و  ایمانیات									</span> 
									&gt;&gt; 
									<span>
																		<a href=""https://darulifta-deoband.com/ur/category/n-a/Nw=="">قرآن کریم</a>
									</span>
								</p>
								<p class=""quesid""><span class=""anser_id_urdu""> سوال نمبر: 23838</span><!--<span class=""country_urdu"">  : ملک</span> --></p>
							</div>
							<h2><u> عنوان:</u> مجھے یہ پوچھنا ہے کہ تفسیر عثمانی پاکستانی کے بارے میں آپ کیا فرماتے ہیں؟ کیا اس کا مطالعہ کرنا ٹھیک ہے؟</h2>
							<h2><u> سوال: </u> مجھے یہ پوچھنا ہے کہ تفسیر عثمانی پاکستانی کے بارے میں آپ کیا فرماتے ہیں؟ کیا اس کا مطالعہ کرنا ٹھیک ہے؟ </h2>
							<p class=""fatwa_answer""><span class=""ans_urdu_id""> جواب نمبر: 23838</span><span style=""color:#efefef;display:none;"" class=""answer_date_urdu"">01-Sep-2020 : تاریخ اشاعت </span></p>
							<p>بسم الله الرحمن الرحيم</p>
							<p> فتوی(ل): 1095=830-7/1431<br><br>”تفسیر عثمانی“ موٴلف حضرت مولانا شبیر احمد صاحب عثمانی ایک معتبر ومستند تفسیر ہے، اس تفسیر کا مطالعہ مفید ہے۔<br></p> 
							<br>
							<span style=""font-size:1.2em"">
								<p><strong>واللہ تعالیٰ اعلم</strong></p>
								<br class=""clear"">
								<p><strong>دارالافتاء،</strong><br>دارالعلوم دیوبند</p>
							</span>
						</li>
											</ul>
				</div>"
https://darulifta-deoband.com/home/ur/the-holy-quran/22631,براہ کرم، بتائیں کہ قرآن کریم کو بطور ٹیوشن پڑھانے کی اجرت لینا شرعاً کیساہے؟ اگر اس کے پاس کوئی اور پیشہ بھی نہ ہو۔ اور اگر کوئی ذریعہ معاش ہو بھی تو کیا حکم ہے؟ براہ کرم، دونوں صورتوں کی وضاحت فرمائیں۔,<h2><u> سوال: </u> براہ کرم، بتائیں کہ قرآن کریم کو بطور ٹیوشن پڑھانے کی اجرت لینا شرعاً کیساہے؟ اگر اس کے پاس کوئی اور پیشہ بھی نہ ہو۔ اور اگر کوئی ذریعہ معاش ہو بھی تو کیا حکم ہے؟ براہ کرم، دونوں صورتوں کی وضاحت فرمائیں۔</h2>,"<p>بسم الله الرحمن الرحيم</p><p> فتوی(م):861=861-6/1431<br><br>تعلیم قرآن پر اجرت لینے کو فقہاء نے ضرورةً جائز قرار دیا ہے، شامی وغیرہ کتب فقہ وفتاویٰ میں تصریح موجود ہے، اس لیے قرآن کریم کو بطورِ ٹیوشن پڑھانے پر اجرت لینا ناجائز نہیں ہے، البتہ نیت کھانے اور کمانے کی نہ رکھے، قرآن کی خدمت اور اللہ کی خوشنودی کی نیت سے پڑھائے اورمعاشی ضرورت کی بنا پر اجرت لے۔ ہاں، اگر کسی کو اللہ نے وسعت دی ہے اور دوسرا ذریعہ معاش موجود ہے تو بہتر یہ ہے کہ بلا اجرت اللہ واسطے یہ خدمت انجام دے۔<br><br></p><br><span style=""font-size:1.2em"">
								<p><strong>واللہ تعالیٰ اعلم</strong></p>
								<br class=""clear"">
								<p><strong>دارالافتاء،</strong><br>دارالعلوم دیوبند</p>
							</span>",31-Aug-2020,22631,darulifta-deoband.com,عقائد و  ایمانیات,قرآن کریم,"<div id=""recent_fatwas"" class=""container tab-pane active""><br>
					<ul class=""answer_detail"">
												<li>
																					<div class=""cate_sec"">
								<p class=""category_name"">
									<span>
										عقائد و  ایمانیات									</span> 
									&gt;&gt; 
									<span>
																		<a href=""https://darulifta-deoband.com/ur/category/n-a/Nw=="">قرآن کریم</a>
									</span>
								</p>
								<p class=""quesid""><span class=""anser_id_urdu""> سوال نمبر: 22631</span><!--<span class=""country_urdu"">  : ملک</span> --></p>
							</div>
							<h2><u> عنوان:</u> براہ کرم، بتائیں کہ قرآن کریم کو بطور ٹیوشن پڑھانے کی اجرت لینا شرعاً کیساہے؟ اگر اس کے پاس کوئی اور پیشہ بھی نہ ہو۔ اور اگر کوئی ذریعہ معاش ہو بھی تو کیا حکم ہے؟ براہ کرم، دونوں صورتوں کی وضاحت فرمائیں۔</h2>
							<h2><u> سوال: </u> براہ کرم، بتائیں کہ قرآن کریم کو بطور ٹیوشن پڑھانے کی اجرت لینا شرعاً کیساہے؟ اگر اس کے پاس کوئی اور پیشہ بھی نہ ہو۔ اور اگر کوئی ذریعہ معاش ہو بھی تو کیا حکم ہے؟ براہ کرم، دونوں صورتوں کی وضاحت فرمائیں۔</h2>
							<p class=""fatwa_answer""><span class=""ans_urdu_id""> جواب نمبر: 22631</span><span style=""color:#efefef;display:none;"" class=""answer_date_urdu"">31-Aug-2020 : تاریخ اشاعت </span></p>
							<p>بسم الله الرحمن الرحيم</p>
							<p> فتوی(م):861=861-6/1431<br><br>تعلیم قرآن پر اجرت لینے کو فقہاء نے ضرورةً جائز قرار دیا ہے، شامی وغیرہ کتب فقہ وفتاویٰ میں تصریح موجود ہے، اس لیے قرآن کریم کو بطورِ ٹیوشن پڑھانے پر اجرت لینا ناجائز نہیں ہے، البتہ نیت کھانے اور کمانے کی نہ رکھے، قرآن کی خدمت اور اللہ کی خوشنودی کی نیت سے پڑھائے اورمعاشی ضرورت کی بنا پر اجرت لے۔ ہاں، اگر کسی کو اللہ نے وسعت دی ہے اور دوسرا ذریعہ معاش موجود ہے تو بہتر یہ ہے کہ بلا اجرت اللہ واسطے یہ خدمت انجام دے۔<br><br></p> 
							<br>
							<span style=""font-size:1.2em"">
								<p><strong>واللہ تعالیٰ اعلم</strong></p>
								<br class=""clear"">
								<p><strong>دارالافتاء،</strong><br>دارالعلوم دیوبند</p>
							</span>
						</li>
											</ul>
				</div>"
https://darulifta-deoband.com/home/ur/the-holy-quran/22236,اللہ تعالی دارالافتاء کو ترقی دے ، آمین۔ ایک آیت کے متعلق میرا سوال ہے جو سورة انفال میں ہے :” کونوا مع الصادقین“ مجھے اس کی تشریح مطلوب ہے۔ امید ہے کہ جواب سے نوازیں گے۔,<h2><u> سوال: </u> اللہ تعالی دارالافتاء کو ترقی دے ، آمین۔ ایک آیت کے متعلق میرا سوال ہے جو سورة انفال میں ہے :” کونوا مع الصادقین“ مجھے اس کی تشریح مطلوب ہے۔ امید ہے کہ جواب سے نوازیں گے۔&nbsp;</h2>,"<p>بسم الله الرحمن الرحيم</p><p> فتوی(ل):897=651-6/1431<br><br>معارف القرآن ۴/۴۸۵ پر اس آیت کی تفسیر اس طرح مذکور ہے: سابقہ آیات میں جو واقعہ تخلف عن الجہاد کا بعض مخلصین سے پیش آیا پھر ان کی توبہ قبول ہوئی یہ سب نتیجہ ان کے تقویٰ اور خوفِ خدا کا تھا اس لیے اس آیت میں عام مسلمانوں کو تقویٰ کے لیے ہدایت فرمائی گئی اور کونوا مع الصادقین میں اس طرف اشارہ فرمایا گیا کہ صفت تقویٰ حاصل ہونے کا طریقہ صالحین وصادقین کی صحبت اور عمل میں ان کی موافقت ہے۔ اس میں شاید یہ اشارہ بھی ہو کہ جن حضرات سے یہ لغزش ہوئی اس میں منافقین کی صحبت ومجالست اور ان کے مشورہ کو بھی دخل تھا، اللہ کے نافرمانوں کی صحبت سے بچنا چاہیے اور صادقین کی صحبت اختیار کرنی چاہیے۔ اس جگہ قرآن حکیم نے علماء صلحاء کے بجائے صادقین کا لفظ اختیار فرماکر عالم وصالح کی پہنچان بھی بتلادی ہے کہ صالح صرف وہی شخص ہوسکتا ہے جس کا ظاہر وباطن یکساں ہو، نیت وارادے کا بھی سچا ہو، قول کا بھی سچا ہو، عمل کا بھی سچا ہو۔<br><br></p><br><span style=""font-size:1.2em"">
								<p><strong>واللہ تعالیٰ اعلم</strong></p>
								<br class=""clear"">
								<p><strong>دارالافتاء،</strong><br>دارالعلوم دیوبند</p>
							</span>",01-Sep-2020,22236,darulifta-deoband.com,عقائد و  ایمانیات,قرآن کریم,"<div id=""recent_fatwas"" class=""container tab-pane active""><br>
					<ul class=""answer_detail"">
												<li>
																					<div class=""cate_sec"">
								<p class=""category_name"">
									<span>
										عقائد و  ایمانیات									</span> 
									&gt;&gt; 
									<span>
																		<a href=""https://darulifta-deoband.com/ur/category/n-a/Nw=="">قرآن کریم</a>
									</span>
								</p>
								<p class=""quesid""><span class=""anser_id_urdu""> سوال نمبر: 22236</span><!--<span class=""country_urdu"">  : ملک</span> --></p>
							</div>
							<h2><u> عنوان:</u> اللہ تعالی دارالافتاء کو ترقی دے ، آمین۔ ایک آیت کے متعلق میرا سوال ہے جو سورة انفال میں ہے :” کونوا مع الصادقین“ مجھے اس کی تشریح مطلوب ہے۔ امید ہے کہ جواب سے نوازیں گے۔&nbsp;<br><br><br></h2>
							<h2><u> سوال: </u> اللہ تعالی دارالافتاء کو ترقی دے ، آمین۔ ایک آیت کے متعلق میرا سوال ہے جو سورة انفال میں ہے :” کونوا مع الصادقین“ مجھے اس کی تشریح مطلوب ہے۔ امید ہے کہ جواب سے نوازیں گے۔&nbsp;</h2>
							<p class=""fatwa_answer""><span class=""ans_urdu_id""> جواب نمبر: 22236</span><span style=""color:#efefef;display:none;"" class=""answer_date_urdu"">01-Sep-2020 : تاریخ اشاعت </span></p>
							<p>بسم الله الرحمن الرحيم</p>
							<p> فتوی(ل):897=651-6/1431<br><br>معارف القرآن ۴/۴۸۵ پر اس آیت کی تفسیر اس طرح مذکور ہے: سابقہ آیات میں جو واقعہ تخلف عن الجہاد کا بعض مخلصین سے پیش آیا پھر ان کی توبہ قبول ہوئی یہ سب نتیجہ ان کے تقویٰ اور خوفِ خدا کا تھا اس لیے اس آیت میں عام مسلمانوں کو تقویٰ کے لیے ہدایت فرمائی گئی اور کونوا مع الصادقین میں اس طرف اشارہ فرمایا گیا کہ صفت تقویٰ حاصل ہونے کا طریقہ صالحین وصادقین کی صحبت اور عمل میں ان کی موافقت ہے۔ اس میں شاید یہ اشارہ بھی ہو کہ جن حضرات سے یہ لغزش ہوئی اس میں منافقین کی صحبت ومجالست اور ان کے مشورہ کو بھی دخل تھا، اللہ کے نافرمانوں کی صحبت سے بچنا چاہیے اور صادقین کی صحبت اختیار کرنی چاہیے۔ اس جگہ قرآن حکیم نے علماء صلحاء کے بجائے صادقین کا لفظ اختیار فرماکر عالم وصالح کی پہنچان بھی بتلادی ہے کہ صالح صرف وہی شخص ہوسکتا ہے جس کا ظاہر وباطن یکساں ہو، نیت وارادے کا بھی سچا ہو، قول کا بھی سچا ہو، عمل کا بھی سچا ہو۔<br><br></p> 
							<br>
							<span style=""font-size:1.2em"">
								<p><strong>واللہ تعالیٰ اعلم</strong></p>
								<br class=""clear"">
								<p><strong>دارالافتاء،</strong><br>دارالعلوم دیوبند</p>
							</span>
						</li>
											</ul>
				</div>"
https://darulifta-deoband.com/home/ur/the-holy-quran/22169,مہدوی تفاسیر مثلاً لوامع البیان اور تفسیر رشدی اور تبین القرآن کا آپ نے مطالعہ کیا ہے، ان تفاسیر میں اہل سنت والجماعت کے مخالف تو کوئی عقائد نہیں ہیں؟,<h2><u> سوال: </u> مہدوی تفاسیر مثلاً لوامع البیان اور تفسیر رشدی اور تبین القرآن کا آپ نے مطالعہ کیا ہے، ان تفاسیر میں اہل سنت والجماعت کے مخالف تو کوئی عقائد نہیں ہیں؟</h2>,"<p>بسم الله الرحمن الرحيم</p><p> فتوی(ل):933=673-6/1431<br><br>مہدوی تفاسیر لوامع البیان، تفسیر رشدی، تبیین القرآن کا میں نے مطالعہ نہیں کیا اور بعد تلاش بسیار کے بھی یہ تفاسیر نہیں مل سکیں۔ البتہ تحقیق کرنے پر یہ معلوم ہوا کہ ان تفاسیر میں بے شمار عقائد اہل سنت والجماعت کے خلاف ہیں اور بہت سی آیات وخطابات کا مصداق محمد جونپوری کو بتایا گیا ہے جب کہ تمام اہل سنت والجماعت کا متفقہ فیصلہ ہے کہ کسی بھی آیت یا خطاب کا مصداق محمد جونپوری قطعاً نہیں ہے۔<br><br></p><br><span style=""font-size:1.2em"">
								<p><strong>واللہ تعالیٰ اعلم</strong></p>
								<br class=""clear"">
								<p><strong>دارالافتاء،</strong><br>دارالعلوم دیوبند</p>
							</span>",01-Sep-2020,22169,darulifta-deoband.com,عقائد و  ایمانیات,قرآن کریم,"<div id=""recent_fatwas"" class=""container tab-pane active""><br>
					<ul class=""answer_detail"">
												<li>
																					<div class=""cate_sec"">
								<p class=""category_name"">
									<span>
										عقائد و  ایمانیات									</span> 
									&gt;&gt; 
									<span>
																		<a href=""https://darulifta-deoband.com/ur/category/n-a/Nw=="">قرآن کریم</a>
									</span>
								</p>
								<p class=""quesid""><span class=""anser_id_urdu""> سوال نمبر: 22169</span><!--<span class=""country_urdu"">  : ملک</span> --></p>
							</div>
							<h2><u> عنوان:</u> مہدوی تفاسیر مثلاً لوامع البیان اور تفسیر رشدی اور تبین القرآن کا آپ نے مطالعہ کیا ہے، ان تفاسیر میں اہل سنت والجماعت کے مخالف تو کوئی عقائد نہیں ہیں؟</h2>
							<h2><u> سوال: </u> مہدوی تفاسیر مثلاً لوامع البیان اور تفسیر رشدی اور تبین القرآن کا آپ نے مطالعہ کیا ہے، ان تفاسیر میں اہل سنت والجماعت کے مخالف تو کوئی عقائد نہیں ہیں؟</h2>
							<p class=""fatwa_answer""><span class=""ans_urdu_id""> جواب نمبر: 22169</span><span style=""color:#efefef;display:none;"" class=""answer_date_urdu"">01-Sep-2020 : تاریخ اشاعت </span></p>
							<p>بسم الله الرحمن الرحيم</p>
							<p> فتوی(ل):933=673-6/1431<br><br>مہدوی تفاسیر لوامع البیان، تفسیر رشدی، تبیین القرآن کا میں نے مطالعہ نہیں کیا اور بعد تلاش بسیار کے بھی یہ تفاسیر نہیں مل سکیں۔ البتہ تحقیق کرنے پر یہ معلوم ہوا کہ ان تفاسیر میں بے شمار عقائد اہل سنت والجماعت کے خلاف ہیں اور بہت سی آیات وخطابات کا مصداق محمد جونپوری کو بتایا گیا ہے جب کہ تمام اہل سنت والجماعت کا متفقہ فیصلہ ہے کہ کسی بھی آیت یا خطاب کا مصداق محمد جونپوری قطعاً نہیں ہے۔<br><br></p> 
							<br>
							<span style=""font-size:1.2em"">
								<p><strong>واللہ تعالیٰ اعلم</strong></p>
								<br class=""clear"">
								<p><strong>دارالافتاء،</strong><br>دارالعلوم دیوبند</p>
							</span>
						</li>
											</ul>
				</div>"
https://darulifta-deoband.com/home/ur/the-holy-quran/21899,میں یہ جاننا چاہتاہوں کہ کیا قرآن کی کوئی بھی آیت ایسی ہے جو آج قابل عمل نہیں ہوسکتی؟ اگر نہیں تو پھر جو مسلمان یہ سوچ لے کہ کچھ آیت صرف اس وقت کے لیے تھی اب وہ لاگو نہیں کی جاسکتی تو ایسے شخص کے بارے میں شریعت کیا کہتی ہے؟ (۲)اور اس کی کوئی سند ہے کہ قرآن کا ہر لفظ قیامت تک کے لیے مناسب اور موزوں ہے؟,"<h2><u> سوال: </u> <p class=""MsoNormal"" dir=""rtl""><span lang=""AR-SA"" style=""FONT-FAMILY: 'Jameel Noori Nastaleeq'; mso-bidi-font-size: 12.0pt"">میں یہ جاننا چاہتاہوں کہ کیا قرآن کی کوئی بھی آیت ایسی ہے جو آج قابل عمل نہیں ہوسکتی؟ اگر نہیں تو پھر جو مسلمان یہ سوچ لے کہ کچھ آیت صرف اس وقت کے لیے تھی اب وہ لاگو نہیں کی جاسکتی تو ایسے شخص کے بارے میں شریعت کیا کہتی ہے؟ (</span><span lang=""FA"" style=""FONT-FAMILY: 'Jameel Noori Nastaleeq'; mso-bidi-font-size: 12.0pt; mso-bidi-language: FA"">۲)</span><span lang=""AR-SA"" style=""FONT-FAMILY: 'Jameel Noori Nastaleeq'; mso-bidi-font-size: 12.0pt"">اور اس کی کوئی سند ہے کہ قرآن کا ہر لفظ قیامت تک کے لیے مناسب اور موزوں ہے؟</span></p></h2>","<p>بسم الله الرحمن الرحيم</p><p> </p><p class=""MsoNormal"" dir=""rtl""><span lang=""AR-SA"" style=""FONT-FAMILY: 'Jameel Noori Nastaleeq'; mso-bidi-font-size: 12.0pt"">فتوی(د): 710=556-5/1431</span></p><p class=""MsoNormal"" dir=""rtl""><span lang=""AR-SA"" style=""FONT-FAMILY: 'Jameel Noori Nastaleeq'; mso-bidi-font-size: 12.0pt""><o:p>&nbsp;</o:p></span></p><p class=""MsoNormal"" dir=""rtl""><span lang=""AR-SA"" style=""FONT-FAMILY: 'Jameel Noori Nastaleeq'; mso-bidi-font-size: 12.0pt"">قرآن میں کچھ آیتیں ایسی ہیں جو قابل عمل نہیں منسوخ ہیں ۔جو مسلمان یہ سوچے کہ قرآن کی کچھ آیتیں صرف اس وقت کے لیے تھی اب لاگو نہیں ہوسکتی اس کے دو مطلب ہوسکتے ہیں، پہلا مطلب قرآن کی کچھ آیات منسوخ ہوچکی ہیں، اب قابل عمل نہیں ہیں، تو ایسا سوچنا صحیح ہے، اس میں کوئی حرج نہیں ہے، دوسرا مطلب جیسا کہ بہت سے جاہل کہتے ہیں کہ قرآن کے بہت سے احکام اس وقت کے لیے تھے اب لاگو نہیں ہوسکتے حالانکہ وہ احکام منسوخ نہیں بلکہ معمول بہا ہیں تو ایسا کہنے والا سخت گمراہی میں ہے اوراس پر اندیشہٴ کفر ہے۔ </span></p><p class=""MsoNormal"" dir=""rtl""><span lang=""AR-SA"" style=""FONT-FAMILY: 'Jameel Noori Nastaleeq'; mso-bidi-font-size: 12.0pt"">(</span><span lang=""FA"" style=""FONT-FAMILY: 'Jameel Noori Nastaleeq'; mso-bidi-font-size: 12.0pt; mso-bidi-language: FA"">۲) </span><span lang=""AR-SA"" style=""FONT-FAMILY: 'Jameel Noori Nastaleeq'; mso-bidi-font-size: 12.0pt"">اور قرآن کا ہرلفظ قیامت تک کے لیے مناسب اور موزوں ہے، اس کا کیا مطلب ہے؟ واضح کریں۔</span></p><p></p><br><span style=""font-size:1.2em"">
								<p><strong>واللہ تعالیٰ اعلم</strong></p>
								<br class=""clear"">
								<p><strong>دارالافتاء،</strong><br>دارالعلوم دیوبند</p>
							</span>",30-Aug-2020,21899,darulifta-deoband.com,عقائد و  ایمانیات,قرآن کریم,"<div id=""recent_fatwas"" class=""container tab-pane active""><br>
					<ul class=""answer_detail"">
												<li>
																					<div class=""cate_sec"">
								<p class=""category_name"">
									<span>
										عقائد و  ایمانیات									</span> 
									&gt;&gt; 
									<span>
																		<a href=""https://darulifta-deoband.com/ur/category/n-a/Nw=="">قرآن کریم</a>
									</span>
								</p>
								<p class=""quesid""><span class=""anser_id_urdu""> سوال نمبر: 21899</span><!--<span class=""country_urdu"">  : ملک</span> --></p>
							</div>
							<h2><u> عنوان:</u> <p class=""MsoNormal"" dir=""rtl""><span lang=""AR-SA"" style=""FONT-FAMILY: 'Jameel Noori Nastaleeq'; mso-bidi-font-size: 12.0pt"">میں یہ جاننا چاہتاہوں کہ کیا قرآن کی کوئی بھی آیت ایسی ہے جو آج قابل عمل نہیں ہوسکتی؟ اگر نہیں تو پھر جو مسلمان یہ سوچ لے کہ کچھ آیت صرف اس وقت کے لیے تھی اب وہ لاگو نہیں کی جاسکتی تو ایسے شخص کے بارے میں شریعت کیا کہتی ہے؟ (</span><span lang=""FA"" style=""FONT-FAMILY: 'Jameel Noori Nastaleeq'; mso-bidi-font-size: 12.0pt; mso-bidi-language: FA"">۲)</span><span lang=""AR-SA"" style=""FONT-FAMILY: 'Jameel Noori Nastaleeq'; mso-bidi-font-size: 12.0pt"">اور اس کی کوئی سند ہے کہ قرآن کا ہر لفظ قیامت تک کے لیے مناسب اور موزوں ہے؟</span></p></h2>
							<h2><u> سوال: </u> <p class=""MsoNormal"" dir=""rtl""><span lang=""AR-SA"" style=""FONT-FAMILY: 'Jameel Noori Nastaleeq'; mso-bidi-font-size: 12.0pt"">میں یہ جاننا چاہتاہوں کہ کیا قرآن کی کوئی بھی آیت ایسی ہے جو آج قابل عمل نہیں ہوسکتی؟ اگر نہیں تو پھر جو مسلمان یہ سوچ لے کہ کچھ آیت صرف اس وقت کے لیے تھی اب وہ لاگو نہیں کی جاسکتی تو ایسے شخص کے بارے میں شریعت کیا کہتی ہے؟ (</span><span lang=""FA"" style=""FONT-FAMILY: 'Jameel Noori Nastaleeq'; mso-bidi-font-size: 12.0pt; mso-bidi-language: FA"">۲)</span><span lang=""AR-SA"" style=""FONT-FAMILY: 'Jameel Noori Nastaleeq'; mso-bidi-font-size: 12.0pt"">اور اس کی کوئی سند ہے کہ قرآن کا ہر لفظ قیامت تک کے لیے مناسب اور موزوں ہے؟</span></p></h2>
							<p class=""fatwa_answer""><span class=""ans_urdu_id""> جواب نمبر: 21899</span><span style=""color:#efefef;display:none;"" class=""answer_date_urdu"">30-Aug-2020 : تاریخ اشاعت </span></p>
							<p>بسم الله الرحمن الرحيم</p>
							<p> </p><p class=""MsoNormal"" dir=""rtl""><span lang=""AR-SA"" style=""FONT-FAMILY: 'Jameel Noori Nastaleeq'; mso-bidi-font-size: 12.0pt"">فتوی(د): 710=556-5/1431</span></p>
<p class=""MsoNormal"" dir=""rtl""><span lang=""AR-SA"" style=""FONT-FAMILY: 'Jameel Noori Nastaleeq'; mso-bidi-font-size: 12.0pt""><o:p>&nbsp;</o:p></span></p>
<p class=""MsoNormal"" dir=""rtl""><span lang=""AR-SA"" style=""FONT-FAMILY: 'Jameel Noori Nastaleeq'; mso-bidi-font-size: 12.0pt"">قرآن میں کچھ آیتیں ایسی ہیں جو قابل عمل نہیں منسوخ ہیں ۔جو مسلمان یہ سوچے کہ قرآن کی کچھ آیتیں صرف اس وقت کے لیے تھی اب لاگو نہیں ہوسکتی اس کے دو مطلب ہوسکتے ہیں، پہلا مطلب قرآن کی کچھ آیات منسوخ ہوچکی ہیں، اب قابل عمل نہیں ہیں، تو ایسا سوچنا صحیح ہے، اس میں کوئی حرج نہیں ہے، دوسرا مطلب جیسا کہ بہت سے جاہل کہتے ہیں کہ قرآن کے بہت سے احکام اس وقت کے لیے تھے اب لاگو نہیں ہوسکتے حالانکہ وہ احکام منسوخ نہیں بلکہ معمول بہا ہیں تو ایسا کہنے والا سخت گمراہی میں ہے اوراس پر اندیشہٴ کفر ہے۔ </span></p>
<p class=""MsoNormal"" dir=""rtl""><span lang=""AR-SA"" style=""FONT-FAMILY: 'Jameel Noori Nastaleeq'; mso-bidi-font-size: 12.0pt"">(</span><span lang=""FA"" style=""FONT-FAMILY: 'Jameel Noori Nastaleeq'; mso-bidi-font-size: 12.0pt; mso-bidi-language: FA"">۲) </span><span lang=""AR-SA"" style=""FONT-FAMILY: 'Jameel Noori Nastaleeq'; mso-bidi-font-size: 12.0pt"">اور قرآن کا ہرلفظ قیامت تک کے لیے مناسب اور موزوں ہے، اس کا کیا مطلب ہے؟ واضح کریں۔</span></p><p></p> 
							<br>
							<span style=""font-size:1.2em"">
								<p><strong>واللہ تعالیٰ اعلم</strong></p>
								<br class=""clear"">
								<p><strong>دارالافتاء،</strong><br>دارالعلوم دیوبند</p>
							</span>
						</li>
											</ul>
				</div>"
https://darulifta-deoband.com/home/ur/the-holy-quran/21894,میرے پاس بہت سارے اخبار اور کتابیں ہیں جن پر خانہ کعبہ کی تصویر اور قرآنی آیات اور احادیث چھپی ہوئی ہیں۔ میں یہ معلوم کرنا چاہتاہوں کہ میں ا ن اخباروں کو کیسے ٹھکانے لگاؤں، کیا میں ان کو جلا دوں یا کیا کروں؟,"<h2><u> سوال: </u> <p class=""MsoNormal"" dir=""rtl""><span lang=""AR-SA"" style=""FONT-FAMILY: 'Jameel Noori Nastaleeq'; mso-bidi-font-size: 12.0pt"">میرے پاس بہت سارے اخبار اور کتابیں ہیں جن پر خانہ کعبہ کی تصویر اور قرآنی آیات اور احادیث چھپی ہوئی ہیں۔ میں یہ معلوم کرنا چاہتاہوں کہ میں ا ن اخباروں کو کیسے ٹھکانے لگاؤں، کیا میں ان کو جلا دوں یا کیا کروں؟</span></p></h2>","<p>بسم الله الرحمن الرحيم</p><p> </p><p class=""MsoNormal"" dir=""rtl""><span lang=""AR-SA"" style=""FONT-FAMILY: 'Jameel Noori Nastaleeq'; mso-bidi-font-size: 12.0pt"">فتوی(د): 692=543-5/1431</span></p><p class=""MsoNormal"" dir=""rtl""><span lang=""AR-SA"" style=""FONT-FAMILY: 'Jameel Noori Nastaleeq'; mso-bidi-font-size: 12.0pt""><o:p>&nbsp;</o:p></span></p><p class=""MsoNormal"" dir=""rtl""><span lang=""AR-SA"" style=""FONT-FAMILY: 'Jameel Noori Nastaleeq'; mso-bidi-font-size: 12.0pt"">بہتر تو یہ ہے کہ کسی گتّہ میں پیک کرکے زمین کھود کر دفن کردیں، اگر اس میں دشواری ہو تو جلانے کی بھی گنجائش ہے، اس کی راکھ کسی کیاری گملے وغیرہ میں ڈالدیں۔</span></p><p></p><br><span style=""font-size:1.2em"">
								<p><strong>واللہ تعالیٰ اعلم</strong></p>
								<br class=""clear"">
								<p><strong>دارالافتاء،</strong><br>دارالعلوم دیوبند</p>
							</span>",01-Sep-2020,21894,darulifta-deoband.com,عقائد و  ایمانیات,قرآن کریم,"<div id=""recent_fatwas"" class=""container tab-pane active""><br>
					<ul class=""answer_detail"">
												<li>
																					<div class=""cate_sec"">
								<p class=""category_name"">
									<span>
										عقائد و  ایمانیات									</span> 
									&gt;&gt; 
									<span>
																		<a href=""https://darulifta-deoband.com/ur/category/n-a/Nw=="">قرآن کریم</a>
									</span>
								</p>
								<p class=""quesid""><span class=""anser_id_urdu""> سوال نمبر: 21894</span><!--<span class=""country_urdu"">  : ملک</span> --></p>
							</div>
							<h2><u> عنوان:</u> <p class=""MsoNormal"" dir=""rtl""><span lang=""AR-SA"" style=""FONT-FAMILY: 'Jameel Noori Nastaleeq'; mso-bidi-font-size: 12.0pt"">میرے پاس بہت سارے اخبار اور کتابیں ہیں جن پر خانہ کعبہ کی تصویر اور قرآنی آیات اور احادیث چھپی ہوئی ہیں۔ میں یہ معلوم کرنا چاہتاہوں کہ میں ا ن اخباروں کو کیسے ٹھکانے لگاؤں، کیا میں ان کو جلا دوں یا کیا کروں؟</span></p></h2>
							<h2><u> سوال: </u> <p class=""MsoNormal"" dir=""rtl""><span lang=""AR-SA"" style=""FONT-FAMILY: 'Jameel Noori Nastaleeq'; mso-bidi-font-size: 12.0pt"">میرے پاس بہت سارے اخبار اور کتابیں ہیں جن پر خانہ کعبہ کی تصویر اور قرآنی آیات اور احادیث چھپی ہوئی ہیں۔ میں یہ معلوم کرنا چاہتاہوں کہ میں ا ن اخباروں کو کیسے ٹھکانے لگاؤں، کیا میں ان کو جلا دوں یا کیا کروں؟</span></p></h2>
							<p class=""fatwa_answer""><span class=""ans_urdu_id""> جواب نمبر: 21894</span><span style=""color:#efefef;display:none;"" class=""answer_date_urdu"">01-Sep-2020 : تاریخ اشاعت </span></p>
							<p>بسم الله الرحمن الرحيم</p>
							<p> </p><p class=""MsoNormal"" dir=""rtl""><span lang=""AR-SA"" style=""FONT-FAMILY: 'Jameel Noori Nastaleeq'; mso-bidi-font-size: 12.0pt"">فتوی(د): 692=543-5/1431</span></p>
<p class=""MsoNormal"" dir=""rtl""><span lang=""AR-SA"" style=""FONT-FAMILY: 'Jameel Noori Nastaleeq'; mso-bidi-font-size: 12.0pt""><o:p>&nbsp;</o:p></span></p>
<p class=""MsoNormal"" dir=""rtl""><span lang=""AR-SA"" style=""FONT-FAMILY: 'Jameel Noori Nastaleeq'; mso-bidi-font-size: 12.0pt"">بہتر تو یہ ہے کہ کسی گتّہ میں پیک کرکے زمین کھود کر دفن کردیں، اگر اس میں دشواری ہو تو جلانے کی بھی گنجائش ہے، اس کی راکھ کسی کیاری گملے وغیرہ میں ڈالدیں۔</span></p><p></p> 
							<br>
							<span style=""font-size:1.2em"">
								<p><strong>واللہ تعالیٰ اعلم</strong></p>
								<br class=""clear"">
								<p><strong>دارالافتاء،</strong><br>دارالعلوم دیوبند</p>
							</span>
						</li>
											</ul>
				</div>"
https://darulifta-deoband.com/home/ur/the-holy-quran/21884,میں آپ سے یہ سوال پوچھنا چاہتا ہوں کہ کیا میں قرآنی تعلیم کو پیسے کمانے کے لیے استعمال کرسکتا ہوں؟ قاری جو مسلم بچوں کو ٹیوشن پڑھانے کے لیے ان کے گھروں میں جاتے ہیں، اس بارے میں کیا حکم ہے؟ براہ کرم، قرآن وحدیث کی روشنی میں بتائیں۔میں اپنے حفظ کے سلسلے میں کافی فکرمند ہوں۔ میرا خیال ہے کہ اسی طریقہ سے میں قرآن کریم کو یاد رکھ سکتاہوں۔,<h2><u> سوال: </u> میں آپ سے یہ سوال پوچھنا چاہتا ہوں کہ کیا میں قرآنی تعلیم کو پیسے کمانے کے لیے استعمال کرسکتا ہوں؟ قاری جو مسلم بچوں کو ٹیوشن پڑھانے کے لیے ان کے گھروں میں جاتے ہیں، اس بارے میں کیا حکم ہے؟ براہ کرم، قرآن وحدیث کی روشنی میں بتائیں۔میں اپنے حفظ کے سلسلے میں کافی فکرمند ہوں۔ میرا خیال ہے کہ اسی طریقہ سے میں قرآن کریم کو یاد رکھ سکتاہوں۔&nbsp;</h2>,"<p>بسم الله الرحمن الرحيم</p><p> فتوی(م): 766=766-5/1431<br><br>فقہائے متاخرین نے تعلیم قرآن پر اجرت لینے کو ضرورةً جائز قرار دیا ہے، تاکہ دین کا ضیاع لازم نہ آئے، شامی وغیرہ کتب فقہ وفتاویٰ میں یہ مسئلہ مصرح ہے، اس لیے آپ تعلیم قرآن پر پیسے لے سکتے ہیں، گھر میں بچوں کو ٹیوشن پڑھانے کی اجرت لینا بھی جائز ہے، لیکن اس سے نیت خالص پیسہ کمانے کی نہیں ہونی چاہیے اور نہ قرآنی تعلیم محض کھانے کمانے کے ذریعہ کے طور پر استعمال کرنا چاہیے۔ دین وقرآن کی خدمت مقصود ہونی چاہیے۔ اور یہ نیت رکھنی چاہیے کہ اگر اللہ نے کسی ذریعہ کا نظم فرمادیا تو میں قرآن کی خدمت ان شاء اللہ بغیر کسی معاوضہ کے کروں گا۔<br><br><br></p><br><span style=""font-size:1.2em"">
								<p><strong>واللہ تعالیٰ اعلم</strong></p>
								<br class=""clear"">
								<p><strong>دارالافتاء،</strong><br>دارالعلوم دیوبند</p>
							</span>",01-Sep-2020,21884,darulifta-deoband.com,عقائد و  ایمانیات,قرآن کریم,"<div id=""recent_fatwas"" class=""container tab-pane active""><br>
					<ul class=""answer_detail"">
												<li>
																					<div class=""cate_sec"">
								<p class=""category_name"">
									<span>
										عقائد و  ایمانیات									</span> 
									&gt;&gt; 
									<span>
																		<a href=""https://darulifta-deoband.com/ur/category/n-a/Nw=="">قرآن کریم</a>
									</span>
								</p>
								<p class=""quesid""><span class=""anser_id_urdu""> سوال نمبر: 21884</span><!--<span class=""country_urdu"">  : ملک</span> --></p>
							</div>
							<h2><u> عنوان:</u> میں آپ سے یہ سوال پوچھنا چاہتا ہوں کہ کیا میں قرآنی تعلیم کو پیسے کمانے کے لیے استعمال کرسکتا ہوں؟ قاری جو مسلم بچوں کو ٹیوشن پڑھانے کے لیے ان کے گھروں میں جاتے ہیں، اس بارے میں کیا حکم ہے؟ براہ کرم، قرآن وحدیث کی روشنی میں بتائیں۔میں اپنے حفظ کے سلسلے میں کافی فکرمند ہوں۔ میرا خیال ہے کہ اسی طریقہ سے میں قرآن کریم کو یاد رکھ سکتاہوں۔&nbsp;</h2>
							<h2><u> سوال: </u> میں آپ سے یہ سوال پوچھنا چاہتا ہوں کہ کیا میں قرآنی تعلیم کو پیسے کمانے کے لیے استعمال کرسکتا ہوں؟ قاری جو مسلم بچوں کو ٹیوشن پڑھانے کے لیے ان کے گھروں میں جاتے ہیں، اس بارے میں کیا حکم ہے؟ براہ کرم، قرآن وحدیث کی روشنی میں بتائیں۔میں اپنے حفظ کے سلسلے میں کافی فکرمند ہوں۔ میرا خیال ہے کہ اسی طریقہ سے میں قرآن کریم کو یاد رکھ سکتاہوں۔&nbsp;</h2>
							<p class=""fatwa_answer""><span class=""ans_urdu_id""> جواب نمبر: 21884</span><span style=""color:#efefef;display:none;"" class=""answer_date_urdu"">01-Sep-2020 : تاریخ اشاعت </span></p>
							<p>بسم الله الرحمن الرحيم</p>
							<p> فتوی(م): 766=766-5/1431<br><br>فقہائے متاخرین نے تعلیم قرآن پر اجرت لینے کو ضرورةً جائز قرار دیا ہے، تاکہ دین کا ضیاع لازم نہ آئے، شامی وغیرہ کتب فقہ وفتاویٰ میں یہ مسئلہ مصرح ہے، اس لیے آپ تعلیم قرآن پر پیسے لے سکتے ہیں، گھر میں بچوں کو ٹیوشن پڑھانے کی اجرت لینا بھی جائز ہے، لیکن اس سے نیت خالص پیسہ کمانے کی نہیں ہونی چاہیے اور نہ قرآنی تعلیم محض کھانے کمانے کے ذریعہ کے طور پر استعمال کرنا چاہیے۔ دین وقرآن کی خدمت مقصود ہونی چاہیے۔ اور یہ نیت رکھنی چاہیے کہ اگر اللہ نے کسی ذریعہ کا نظم فرمادیا تو میں قرآن کی خدمت ان شاء اللہ بغیر کسی معاوضہ کے کروں گا۔<br><br><br></p> 
							<br>
							<span style=""font-size:1.2em"">
								<p><strong>واللہ تعالیٰ اعلم</strong></p>
								<br class=""clear"">
								<p><strong>دارالافتاء،</strong><br>دارالعلوم دیوبند</p>
							</span>
						</li>
											</ul>
				</div>"
https://darulifta-deoband.com/home/ur/the-holy-quran/21594,تفسیر معارف القرآن کی آیت پندرہ کی تفسیر میں حضرت یحی علیہ السلام کے بارے میں لکھا ہے کہ ? سلام ہے اس پر جس دن وہ پیدا ہوئے اور جس دن وہ مرے اور جس دن اٹھاکر زندہ ہوکر․․․․? کیا اس مطلب ہے کہ حضرت یحی علیہ السلام زندہ ہیں؟,"<h2><u> سوال: </u> <p class=""MsoNormal"" dir=""rtl""><span lang=""AR-SA"" style=""FONT-FAMILY: 'Jameel Noori Nastaleeq'; mso-bidi-font-size: 12.0pt"">تفسیر معارف القرآن کی آیت پندرہ کی تفسیر میں حضرت یحی علیہ السلام کے بارے میں لکھا ہے کہ ? سلام ہے اس پر جس دن وہ پیدا ہوئے اور جس دن وہ مرے اور جس دن اٹھاکر زندہ ہوکر․․․․? کیا اس مطلب ہے کہ حضرت یحی علیہ السلام زندہ ہیں؟ </span></p></h2>","<p>بسم الله الرحمن الرحيم</p><p> </p><p class=""MsoNormal"" dir=""rtl""><span lang=""AR-SA"" style=""FONT-FAMILY: 'Jameel Noori Nastaleeq'; mso-bidi-font-size: 12.0pt"">فتوی(ل): 726=563-5/1431</span></p><p class=""MsoNormal"" dir=""rtl""><span lang=""AR-SA"" style=""FONT-FAMILY: 'Jameel Noori Nastaleeq'; mso-bidi-font-size: 12.0pt""><o:p>&nbsp;</o:p></span></p><p class=""MsoNormal"" dir=""rtl""><span lang=""AR-SA"" style=""FONT-FAMILY: 'Jameel Noori Nastaleeq'; mso-bidi-font-size: 12.0pt"">مذکورہ بالا آیت کا یہ مطلب نہیں ہے کہ حضرت یحییٰ علیہ السلام حیاتِ دنیوی کے ساتھ زندہ ہیں۔ حضرت یحییٰ علیہ السلام کی وفات ہوچکی ہے، آیت میں بعد الموت کا ذکر ہے، یعنی جب قیامت برپا ہوگی تو تمام لوگ اپنی قبروں سے زندہ اٹھ کھڑے ہوں گے، اسی طرح حضرت یحییٰ علیہ السلام بھی۔ البتہ جب قیامت کے دن زندہ کھڑے ہوں گے تو قیامت کی ہولناکیوں اور عذاب سے محفوظ رہیں گے قولہ تعالیٰ : وَسَلَامٌ عَلَیْہِ یَوْمَ وُلِدَ وَیَوْمَ یَمُوْتُ وَیَوْمَ یُبْعَثُ حَیًّْا قال في روح المعاني: ?ویوم یموت? من وحشة فراق الدنیا وہو المصطلح وعذاب القبر وفیہ دلیل علی أنہ یقال للمقتول ?میت? بناء علی أنہ علیہ السلام قتل لبغي من بغایا بنی إسرائیل ?ویوم یبعث? من ہول القیامة وعذاب النار وجيء بالحال للتاکید․ (روح المعاني: </span><span lang=""FA"" style=""FONT-FAMILY: 'Jameel Noori Nastaleeq'; mso-bidi-font-size: 12.0pt; mso-bidi-language: FA"">۹/۷۳)</span><span lang=""AR-SA"" style=""FONT-FAMILY: 'Jameel Noori Nastaleeq'; mso-bidi-font-size: 12.0pt""></span></p><p></p><br><span style=""font-size:1.2em"">
								<p><strong>واللہ تعالیٰ اعلم</strong></p>
								<br class=""clear"">
								<p><strong>دارالافتاء،</strong><br>دارالعلوم دیوبند</p>
							</span>",01-Sep-2020,21594,darulifta-deoband.com,عقائد و  ایمانیات,قرآن کریم,"<div id=""recent_fatwas"" class=""container tab-pane active""><br>
					<ul class=""answer_detail"">
												<li>
																					<div class=""cate_sec"">
								<p class=""category_name"">
									<span>
										عقائد و  ایمانیات									</span> 
									&gt;&gt; 
									<span>
																		<a href=""https://darulifta-deoband.com/ur/category/n-a/Nw=="">قرآن کریم</a>
									</span>
								</p>
								<p class=""quesid""><span class=""anser_id_urdu""> سوال نمبر: 21594</span><!--<span class=""country_urdu"">  : ملک</span> --></p>
							</div>
							<h2><u> عنوان:</u> <p class=""MsoNormal"" dir=""rtl""><span lang=""AR-SA"" style=""FONT-FAMILY: 'Jameel Noori Nastaleeq'; mso-bidi-font-size: 12.0pt"">تفسیر معارف القرآن کی آیت پندرہ کی تفسیر میں حضرت یحی علیہ السلام کے بارے میں لکھا ہے کہ ? سلام ہے اس پر جس دن وہ پیدا ہوئے اور جس دن وہ مرے اور جس دن اٹھاکر زندہ ہوکر․․․․? کیا اس مطلب ہے کہ حضرت یحی علیہ السلام زندہ ہیں؟ </span></p></h2>
							<h2><u> سوال: </u> <p class=""MsoNormal"" dir=""rtl""><span lang=""AR-SA"" style=""FONT-FAMILY: 'Jameel Noori Nastaleeq'; mso-bidi-font-size: 12.0pt"">تفسیر معارف القرآن کی آیت پندرہ کی تفسیر میں حضرت یحی علیہ السلام کے بارے میں لکھا ہے کہ ? سلام ہے اس پر جس دن وہ پیدا ہوئے اور جس دن وہ مرے اور جس دن اٹھاکر زندہ ہوکر․․․․? کیا اس مطلب ہے کہ حضرت یحی علیہ السلام زندہ ہیں؟ </span></p></h2>
							<p class=""fatwa_answer""><span class=""ans_urdu_id""> جواب نمبر: 21594</span><span style=""color:#efefef;display:none;"" class=""answer_date_urdu"">01-Sep-2020 : تاریخ اشاعت </span></p>
							<p>بسم الله الرحمن الرحيم</p>
							<p> </p><p class=""MsoNormal"" dir=""rtl""><span lang=""AR-SA"" style=""FONT-FAMILY: 'Jameel Noori Nastaleeq'; mso-bidi-font-size: 12.0pt"">فتوی(ل): 726=563-5/1431</span></p>
<p class=""MsoNormal"" dir=""rtl""><span lang=""AR-SA"" style=""FONT-FAMILY: 'Jameel Noori Nastaleeq'; mso-bidi-font-size: 12.0pt""><o:p>&nbsp;</o:p></span></p>
<p class=""MsoNormal"" dir=""rtl""><span lang=""AR-SA"" style=""FONT-FAMILY: 'Jameel Noori Nastaleeq'; mso-bidi-font-size: 12.0pt"">مذکورہ بالا آیت کا یہ مطلب نہیں ہے کہ حضرت یحییٰ علیہ السلام حیاتِ دنیوی کے ساتھ زندہ ہیں۔ حضرت یحییٰ علیہ السلام کی وفات ہوچکی ہے، آیت میں بعد الموت کا ذکر ہے، یعنی جب قیامت برپا ہوگی تو تمام لوگ اپنی قبروں سے زندہ اٹھ کھڑے ہوں گے، اسی طرح حضرت یحییٰ علیہ السلام بھی۔ البتہ جب قیامت کے دن زندہ کھڑے ہوں گے تو قیامت کی ہولناکیوں اور عذاب سے محفوظ رہیں گے قولہ تعالیٰ : وَسَلَامٌ عَلَیْہِ یَوْمَ وُلِدَ وَیَوْمَ یَمُوْتُ وَیَوْمَ یُبْعَثُ حَیًّْا قال في روح المعاني: ?ویوم یموت? من وحشة فراق الدنیا وہو المصطلح وعذاب القبر وفیہ دلیل علی أنہ یقال للمقتول ?میت? بناء علی أنہ علیہ السلام قتل لبغي من بغایا بنی إسرائیل ?ویوم یبعث? من ہول القیامة وعذاب النار وجيء بالحال للتاکید․ (روح المعاني: </span><span lang=""FA"" style=""FONT-FAMILY: 'Jameel Noori Nastaleeq'; mso-bidi-font-size: 12.0pt; mso-bidi-language: FA"">۹/۷۳)</span><span lang=""AR-SA"" style=""FONT-FAMILY: 'Jameel Noori Nastaleeq'; mso-bidi-font-size: 12.0pt""></span></p><p></p> 
							<br>
							<span style=""font-size:1.2em"">
								<p><strong>واللہ تعالیٰ اعلم</strong></p>
								<br class=""clear"">
								<p><strong>دارالافتاء،</strong><br>دارالعلوم دیوبند</p>
							</span>
						</li>
											</ul>
				</div>"
https://darulifta-deoband.com/home/ur/the-holy-quran/21584,ایک عورت نے اپنے شوہر سے جھگڑا کرتے وقت بہت زیادہ غصہ کی حالت میں قرآن کریم کے نسخوں کو فرش پر پھینک دیا، وہ عام طور پر پابندی سے نماز پڑھتی ہے اور روزانہ قرآن کی تلاوت بھی کرتی ہے۔ یہ واقعہ نہایت غصہ کی حالت میں ہوا اور اس نے قرآن کریم کے بارے میں کچھ توہین آمیز باتیں بھی کہی۔ براہ کرم، اسلامی تعلیمات کی روشنی میں اس کے کفارہ کے بارے میں بتائیں، نیز یہ بھی بتائیں کہ کیا اس سے میاں بیوی کے نکاح پر کوئی اثر پڑے گا؟,"<h2><u> سوال: </u> <p class=""MsoNormal"" dir=""rtl""><span lang=""AR-SA"" style=""FONT-FAMILY: 'Jameel Noori Nastaleeq'; mso-bidi-font-size: 12.0pt"">ایک عورت نے اپنے شوہر سے جھگڑا کرتے وقت بہت زیادہ غصہ کی حالت میں قرآن کریم کے نسخوں کو فرش پر پھینک دیا، وہ عام طور پر پابندی سے نماز پڑھتی ہے اور روزانہ قرآن کی تلاوت بھی کرتی ہے۔ یہ واقعہ نہایت غصہ کی حالت میں ہوا اور اس نے قرآن کریم کے بارے میں کچھ توہین آمیز باتیں بھی کہی۔ براہ کرم، اسلامی تعلیمات کی روشنی میں اس کے کفارہ کے بارے میں بتائیں، نیز یہ بھی بتائیں کہ کیا اس سے میاں بیوی کے نکاح پر کوئی اثر پڑے گا؟ </span></p></h2>","<p>بسم الله الرحمن الرحيم</p><p> </p><p class=""MsoNormal"" dir=""rtl""><span lang=""AR-SA"" style=""FONT-FAMILY: 'Jameel Noori Nastaleeq'; mso-bidi-font-size: 12.0pt"">فتوی(ل): 803=550-5/1431</span></p><p class=""MsoNormal"" dir=""rtl""><span lang=""AR-SA"" style=""FONT-FAMILY: 'Jameel Noori Nastaleeq'; mso-bidi-font-size: 12.0pt""><o:p>&nbsp;</o:p></span></p><p class=""MsoNormal"" dir=""rtl""><span lang=""AR-SA"" style=""FONT-FAMILY: 'Jameel Noori Nastaleeq'; mso-bidi-font-size: 12.0pt"">قرآن کریم کے نسخوں کو فرش پر پھینکنا اور قرآن کریم کے بارے میں توہین آمیز باتیں کہنا نہایت سخت گناہ اور قرآن کی بے حرمتی وتوہین ہے اور قرآن کی توہین کرنے سے ایمان سلامت نہیں رہتا، آدمی کافر ہوجاتا ہے لہٰذا اس عورت کو توبہ واستغفار کرنا ضروری ہے اور تجدیدِ ایمان اور تجدیدِ نکاح کرانا بھی ضروری ہے: وفي تتمة الفتاوی: من استخف بالقرآن أو بالمسجد أو بنحوہ مما یعظم الشرع کفر (شرح فقہ اکبر، فصل في القراء ة والصلاة ص:</span><span lang=""FA"" style=""FONT-FAMILY: 'Jameel Noori Nastaleeq'; mso-bidi-font-size: 12.0pt; mso-bidi-language: FA"">۲۰۵</span><span lang=""AR-SA"" style=""FONT-FAMILY: 'Jameel Noori Nastaleeq'; mso-bidi-font-size: 12.0pt"">، اشرفی بکڈپو)</span></p><p></p><br><span style=""font-size:1.2em"">
								<p><strong>واللہ تعالیٰ اعلم</strong></p>
								<br class=""clear"">
								<p><strong>دارالافتاء،</strong><br>دارالعلوم دیوبند</p>
							</span>",01-Sep-2020,21584,darulifta-deoband.com,عقائد و  ایمانیات,قرآن کریم,"<div id=""recent_fatwas"" class=""container tab-pane active""><br>
					<ul class=""answer_detail"">
												<li>
																					<div class=""cate_sec"">
								<p class=""category_name"">
									<span>
										عقائد و  ایمانیات									</span> 
									&gt;&gt; 
									<span>
																		<a href=""https://darulifta-deoband.com/ur/category/n-a/Nw=="">قرآن کریم</a>
									</span>
								</p>
								<p class=""quesid""><span class=""anser_id_urdu""> سوال نمبر: 21584</span><!--<span class=""country_urdu"">  : ملک</span> --></p>
							</div>
							<h2><u> عنوان:</u> <p class=""MsoNormal"" dir=""rtl""><span lang=""AR-SA"" style=""FONT-FAMILY: 'Jameel Noori Nastaleeq'; mso-bidi-font-size: 12.0pt"">ایک عورت نے اپنے شوہر سے جھگڑا کرتے وقت بہت زیادہ غصہ کی حالت میں قرآن کریم کے نسخوں کو فرش پر پھینک دیا، وہ عام طور پر پابندی سے نماز پڑھتی ہے اور روزانہ قرآن کی تلاوت بھی کرتی ہے۔ یہ واقعہ نہایت غصہ کی حالت میں ہوا اور اس نے قرآن کریم کے بارے میں کچھ توہین آمیز باتیں بھی کہی۔ براہ کرم، اسلامی تعلیمات کی روشنی میں اس کے کفارہ کے بارے میں بتائیں، نیز یہ بھی بتائیں کہ کیا اس سے میاں بیوی کے نکاح پر کوئی اثر پڑے گا؟ </span></p></h2>
							<h2><u> سوال: </u> <p class=""MsoNormal"" dir=""rtl""><span lang=""AR-SA"" style=""FONT-FAMILY: 'Jameel Noori Nastaleeq'; mso-bidi-font-size: 12.0pt"">ایک عورت نے اپنے شوہر سے جھگڑا کرتے وقت بہت زیادہ غصہ کی حالت میں قرآن کریم کے نسخوں کو فرش پر پھینک دیا، وہ عام طور پر پابندی سے نماز پڑھتی ہے اور روزانہ قرآن کی تلاوت بھی کرتی ہے۔ یہ واقعہ نہایت غصہ کی حالت میں ہوا اور اس نے قرآن کریم کے بارے میں کچھ توہین آمیز باتیں بھی کہی۔ براہ کرم، اسلامی تعلیمات کی روشنی میں اس کے کفارہ کے بارے میں بتائیں، نیز یہ بھی بتائیں کہ کیا اس سے میاں بیوی کے نکاح پر کوئی اثر پڑے گا؟ </span></p></h2>
							<p class=""fatwa_answer""><span class=""ans_urdu_id""> جواب نمبر: 21584</span><span style=""color:#efefef;display:none;"" class=""answer_date_urdu"">01-Sep-2020 : تاریخ اشاعت </span></p>
							<p>بسم الله الرحمن الرحيم</p>
							<p> </p><p class=""MsoNormal"" dir=""rtl""><span lang=""AR-SA"" style=""FONT-FAMILY: 'Jameel Noori Nastaleeq'; mso-bidi-font-size: 12.0pt"">فتوی(ل): 803=550-5/1431</span></p>
<p class=""MsoNormal"" dir=""rtl""><span lang=""AR-SA"" style=""FONT-FAMILY: 'Jameel Noori Nastaleeq'; mso-bidi-font-size: 12.0pt""><o:p>&nbsp;</o:p></span></p>
<p class=""MsoNormal"" dir=""rtl""><span lang=""AR-SA"" style=""FONT-FAMILY: 'Jameel Noori Nastaleeq'; mso-bidi-font-size: 12.0pt"">قرآن کریم کے نسخوں کو فرش پر پھینکنا اور قرآن کریم کے بارے میں توہین آمیز باتیں کہنا نہایت سخت گناہ اور قرآن کی بے حرمتی وتوہین ہے اور قرآن کی توہین کرنے سے ایمان سلامت نہیں رہتا، آدمی کافر ہوجاتا ہے لہٰذا اس عورت کو توبہ واستغفار کرنا ضروری ہے اور تجدیدِ ایمان اور تجدیدِ نکاح کرانا بھی ضروری ہے: وفي تتمة الفتاوی: من استخف بالقرآن أو بالمسجد أو بنحوہ مما یعظم الشرع کفر (شرح فقہ اکبر، فصل في القراء ة والصلاة ص:</span><span lang=""FA"" style=""FONT-FAMILY: 'Jameel Noori Nastaleeq'; mso-bidi-font-size: 12.0pt; mso-bidi-language: FA"">۲۰۵</span><span lang=""AR-SA"" style=""FONT-FAMILY: 'Jameel Noori Nastaleeq'; mso-bidi-font-size: 12.0pt"">، اشرفی بکڈپو)</span></p><p></p> 
							<br>
							<span style=""font-size:1.2em"">
								<p><strong>واللہ تعالیٰ اعلم</strong></p>
								<br class=""clear"">
								<p><strong>دارالافتاء،</strong><br>دارالعلوم دیوبند</p>
							</span>
						</li>
											</ul>
				</div>"
https://darulifta-deoband.com/home/ur/the-holy-quran/21564,بازار، گلیوں اوراپنے گھروں میں ہم لوگوں کو اسلامی بیانات، قرآن مجید کی کیسٹس زورسے بجاتے ہوئے سنتے ہیں۔ کبھی کبھار مسجدوں کے لاؤڈ اسیپکر سے یہ سب سنتے ہیں۔ ایسے وقت میں جیسا کہ آپ جانتے ہیں کہ ہم لوگ روزمرہ کی زندگی میں مصروف رہتے ہیں ، مثلا، با ت چیت، پڑھنا، دوسری چیزوں کی طرف دھیان دینا، جیسے خرید وفروخت، بیوی وغیرہ کے ساتھ کھانا پینا وغیرہ۔کیا یہ ہمارے لیے گناہ ہے؟یہ اتنا عام ہے کہ اس سے زندگی اجیرن بن جاتی ہے۔ فتوی(م): 409=409-4/1431 ایسی جگہوں میں جہاں لوگ کھانے پینے، خرید وفروخت کرنے اور چلنے پھرنے وغیرہ میں مصروف ہوں، اسلامی بیانات اور قرآن مجید کی کیسٹیں زور سے بجانا، یہ دین کی باتوں اور قرآنی آیات کی توہین اور بے ادبی ہے، بجانے والوں کو اس کا خیال رکھنا چاہیے، سننے والوں کی طرف سے اگر اہانت کی کوئی بات نہیں پائی جاتی تو ان پر کوئی گناہ نہیں۔ فتوای کا مندرجہ بالاجواب ملا بھت خشی ھوئئ، اللہ آپ کے درجات بلند فرمائے،صرف دو اشکالات باقی ھیں اور وہ یہ ھیں کہ(ا) یھاں اھانت سے کیا مراد ھے(ب)کیا ھم اس دوران اپنی معمول کی زندگی گزارسکتے ھیں یعنی باتیں کرنا، کھانا پینا، کام کرنا،خرید فروخت کرنا و غیرہ,"<h2><u> سوال: </u> <p class=""MsoNormal"" dir=""rtl""><span lang=""AR-SA"" style=""FONT-FAMILY: 'Jameel Noori Nastaleeq'; mso-bidi-font-size: 12.0pt"">بازار، گلیوں اوراپنے گھروں میں ہم لوگوں کو اسلامی بیانات، قرآن مجید کی کیسٹس</span><span dir=""ltr""></span><span dir=""ltr""></span><span lang=""AR-SA"" dir=""ltr"" style=""FONT-FAMILY: 'Jameel Noori Nastaleeq'; mso-bidi-font-size: 12.0pt""><span dir=""ltr""></span><span dir=""ltr""></span> </span><span lang=""AR-SA"" style=""FONT-FAMILY: 'Jameel Noori Nastaleeq'; mso-bidi-font-size: 12.0pt"">زورسے بجاتے ہوئے سنتے ہیں۔ کبھی کبھار مسجدوں کے لاؤڈ اسیپکر سے یہ سب سنتے ہیں۔</span><span dir=""ltr""></span><span dir=""ltr""></span><span lang=""AR-SA"" dir=""ltr"" style=""FONT-FAMILY: 'Jameel Noori Nastaleeq'; mso-bidi-font-size: 12.0pt""><span dir=""ltr""></span><span dir=""ltr""></span> </span><span lang=""AR-SA"" style=""FONT-FAMILY: 'Jameel Noori Nastaleeq'; mso-bidi-font-size: 12.0pt"">ایسے وقت میں جیسا کہ آپ جانتے ہیں کہ ہم لوگ روزمرہ کی زندگی میں مصروف رہتے ہیں ،</span><span dir=""ltr""></span><span dir=""ltr""></span><span lang=""AR-SA"" dir=""ltr"" style=""FONT-FAMILY: 'Jameel Noori Nastaleeq'; mso-bidi-font-size: 12.0pt""><span dir=""ltr""></span><span dir=""ltr""></span> </span><span lang=""AR-SA"" style=""FONT-FAMILY: 'Jameel Noori Nastaleeq'; mso-bidi-font-size: 12.0pt"">مثلا، با ت چیت، پڑھنا، دوسری چیزوں کی طرف دھیان دینا، جیسے خرید وفروخت، بیوی</span><span dir=""ltr""></span><span dir=""ltr""></span><span lang=""AR-SA"" dir=""ltr"" style=""FONT-FAMILY: 'Jameel Noori Nastaleeq'; mso-bidi-font-size: 12.0pt""><span dir=""ltr""></span><span dir=""ltr""></span> </span><span lang=""AR-SA"" style=""FONT-FAMILY: 'Jameel Noori Nastaleeq'; mso-bidi-font-size: 12.0pt"">وغیرہ کے ساتھ کھانا پینا وغیرہ۔کیا یہ ہمارے لیے گناہ ہے؟یہ اتنا عام ہے کہ اس سے</span><span dir=""ltr""></span><span dir=""ltr""></span><span lang=""AR-SA"" dir=""ltr"" style=""FONT-FAMILY: 'Jameel Noori Nastaleeq'; mso-bidi-font-size: 12.0pt""><span dir=""ltr""></span><span dir=""ltr""></span> </span><span lang=""AR-SA"" style=""FONT-FAMILY: 'Jameel Noori Nastaleeq'; mso-bidi-font-size: 12.0pt"">زندگی اجیرن بن جاتی ہے۔ فتوی(م): 409=409-4/1431 ایسی جگہوں میں جہاں لوگ کھانے</span><span dir=""ltr""></span><span dir=""ltr""></span><span lang=""AR-SA"" dir=""ltr"" style=""FONT-FAMILY: 'Jameel Noori Nastaleeq'; mso-bidi-font-size: 12.0pt""><span dir=""ltr""></span><span dir=""ltr""></span> </span><span lang=""AR-SA"" style=""FONT-FAMILY: 'Jameel Noori Nastaleeq'; mso-bidi-font-size: 12.0pt"">پینے، خرید وفروخت کرنے اور چلنے پھرنے وغیرہ میں مصروف ہوں، اسلامی بیانات اور</span><span dir=""ltr""></span><span dir=""ltr""></span><span lang=""AR-SA"" dir=""ltr"" style=""FONT-FAMILY: 'Jameel Noori Nastaleeq'; mso-bidi-font-size: 12.0pt""><span dir=""ltr""></span><span dir=""ltr""></span> </span><span lang=""AR-SA"" style=""FONT-FAMILY: 'Jameel Noori Nastaleeq'; mso-bidi-font-size: 12.0pt"">قرآن مجید کی کیسٹیں زور سے بجانا، یہ دین کی باتوں اور قرآنی آیات کی توہین اور بے</span><span dir=""ltr""></span><span dir=""ltr""></span><span lang=""AR-SA"" dir=""ltr"" style=""FONT-FAMILY: 'Jameel Noori Nastaleeq'; mso-bidi-font-size: 12.0pt""><span dir=""ltr""></span><span dir=""ltr""></span> </span><span lang=""AR-SA"" style=""FONT-FAMILY: 'Jameel Noori Nastaleeq'; mso-bidi-font-size: 12.0pt"">ادبی ہے، بجانے والوں کو اس کا خیال رکھنا چاہیے، سننے والوں کی طرف سے اگر اہانت</span><span dir=""ltr""></span><span dir=""ltr""></span><span lang=""AR-SA"" dir=""ltr"" style=""FONT-FAMILY: 'Jameel Noori Nastaleeq'; mso-bidi-font-size: 12.0pt""><span dir=""ltr""></span><span dir=""ltr""></span> </span><span lang=""AR-SA"" style=""FONT-FAMILY: 'Jameel Noori Nastaleeq'; mso-bidi-font-size: 12.0pt"">کی کوئی بات نہیں پائی جاتی تو ان پر کوئی گناہ نہیں۔ فتوای کا مندرجہ بالاجواب ملا</span><span dir=""ltr""></span><span dir=""ltr""></span><span lang=""AR-SA"" dir=""ltr"" style=""FONT-FAMILY: 'Jameel Noori Nastaleeq'; mso-bidi-font-size: 12.0pt""><span dir=""ltr""></span><span dir=""ltr""></span> </span><span lang=""AR-SA"" style=""FONT-FAMILY: 'Jameel Noori Nastaleeq'; mso-bidi-font-size: 12.0pt"">بھت خشی ھوئئ، اللہ آپ کے درجات بلند فرمائے،صرف دو اشکالات باقی ھیں اور وہ یہ ھیں</span><span dir=""ltr""></span><span dir=""ltr""></span><span lang=""AR-SA"" dir=""ltr"" style=""FONT-FAMILY: 'Jameel Noori Nastaleeq'; mso-bidi-font-size: 12.0pt""><span dir=""ltr""></span><span dir=""ltr""></span> </span><span lang=""AR-SA"" style=""FONT-FAMILY: 'Jameel Noori Nastaleeq'; mso-bidi-font-size: 12.0pt"">کہ(ا) یھاں اھانت سے کیا مراد ھے(ب)کیا ھم اس دوران اپنی معمول کی زندگی گزارسکتے</span><span dir=""ltr""></span><span dir=""ltr""></span><span lang=""AR-SA"" dir=""ltr"" style=""FONT-FAMILY: 'Jameel Noori Nastaleeq'; mso-bidi-font-size: 12.0pt""><span dir=""ltr""></span><span dir=""ltr""></span> </span><span lang=""AR-SA"" style=""FONT-FAMILY: 'Jameel Noori Nastaleeq'; mso-bidi-font-size: 12.0pt"">ھیں یعنی باتیں کرنا، کھانا پینا، کام کرنا،خرید فروخت کرنا و غیرہ</span><span dir=""ltr""></span><span dir=""ltr""></span><span lang=""AR-SA"" dir=""ltr"" style=""FONT-FAMILY: 'Jameel Noori Nastaleeq'; mso-bidi-font-size: 12.0pt""><span dir=""ltr""></span><span dir=""ltr""></span> </span></p></h2>","<p>بسم الله الرحمن الرحيم</p><p> </p><p class=""MsoNormal"" dir=""rtl""><span lang=""AR-SA"" style=""FONT-FAMILY: 'Jameel Noori Nastaleeq'; mso-bidi-font-size: 12.0pt"">فتوی(م): 728=728-5/1431</span></p><p class=""MsoNormal"" dir=""rtl""><span lang=""AR-SA"" style=""FONT-FAMILY: 'Jameel Noori Nastaleeq'; mso-bidi-font-size: 12.0pt""><o:p>&nbsp;</o:p></span></p><p class=""MsoNormal"" dir=""rtl""><span lang=""AR-SA"" style=""FONT-FAMILY: 'Jameel Noori Nastaleeq'; mso-bidi-font-size: 12.0pt"">قرآن جب پڑھاجائے تو اس وقت خاموش رہنے اور غور سے سننے کا حکم ہے اِذَا قُرِئَ الْقُرْآنُ فَاسْتَمِعُوْا لَہ</span><span dir=""ltr""></span><span dir=""ltr""></span><span lang=""EN-US"" dir=""ltr"" style=""FONT-FAMILY: 'Jameel Noori Nastaleeq'; mso-bidi-font-size: 12.0pt""><span dir=""ltr""></span><span dir=""ltr""></span></span><span dir=""rtl""></span><span dir=""rtl""></span><span lang=""AR-SA"" style=""FONT-FAMILY: 'Jameel Noori Nastaleeq'; mso-bidi-font-size: 12.0pt""><span dir=""rtl""></span><span dir=""rtl""></span> وَاَنْصِتُوْا الخ (القرآن) اس حکم کی خلاف ورزی اس کی توہین ہے، اسی طرح پڑھنے والے کے لیے حکم یہ ہے کہ اس کو غیر محل اور نامناسب جگہ میں نہ پڑھے، لوگ جہاں ضروریات زندگی کی تکمیل میں مشغول ہوں اور سننے کے لیے آمادہ نہ ہوں وہاں قرآن پڑھنا اسکی بے ادبی اور توہین ہے، کیسٹ بجانے والوں کو اس کا خاص خیال رکھنا چاہیے۔</span></p><p class=""MsoNormal"" dir=""rtl""><span lang=""AR-SA"" style=""FONT-FAMILY: 'Jameel Noori Nastaleeq'; mso-bidi-font-size: 12.0pt"">(ب) اس دوران اگر کھانے پینے اور خرید وفروخت کی ضرورت درپیش ہو تو مضایقہ نہیں، کرسکتے ہیں اور اگر قرآن کے ادب واحترام میں ان چیزوں میں مشغول نہ ہوں تو بہتر ہے۔</span></p><p></p><br><span style=""font-size:1.2em"">
								<p><strong>واللہ تعالیٰ اعلم</strong></p>
								<br class=""clear"">
								<p><strong>دارالافتاء،</strong><br>دارالعلوم دیوبند</p>
							</span>",01-Sep-2020,21564,darulifta-deoband.com,عقائد و  ایمانیات,قرآن کریم,"<div id=""recent_fatwas"" class=""container tab-pane active""><br>
					<ul class=""answer_detail"">
												<li>
																					<div class=""cate_sec"">
								<p class=""category_name"">
									<span>
										عقائد و  ایمانیات									</span> 
									&gt;&gt; 
									<span>
																		<a href=""https://darulifta-deoband.com/ur/category/n-a/Nw=="">قرآن کریم</a>
									</span>
								</p>
								<p class=""quesid""><span class=""anser_id_urdu""> سوال نمبر: 21564</span><!--<span class=""country_urdu"">  : ملک</span> --></p>
							</div>
							<h2><u> عنوان:</u> <p class=""MsoNormal"" dir=""rtl""><span lang=""AR-SA"" style=""FONT-FAMILY: 'Jameel Noori Nastaleeq'; mso-bidi-font-size: 12.0pt"">بازار، گلیوں اوراپنے گھروں میں ہم لوگوں کو اسلامی بیانات، قرآن مجید کی کیسٹس</span><span dir=""ltr""></span><span dir=""ltr""></span><span lang=""AR-SA"" dir=""ltr"" style=""FONT-FAMILY: 'Jameel Noori Nastaleeq'; mso-bidi-font-size: 12.0pt""><span dir=""ltr""></span><span dir=""ltr""></span> </span><span lang=""AR-SA"" style=""FONT-FAMILY: 'Jameel Noori Nastaleeq'; mso-bidi-font-size: 12.0pt"">زورسے بجاتے ہوئے سنتے ہیں۔ کبھی کبھار مسجدوں کے لاؤڈ اسیپکر سے یہ سب سنتے ہیں۔</span><span dir=""ltr""></span><span dir=""ltr""></span><span lang=""AR-SA"" dir=""ltr"" style=""FONT-FAMILY: 'Jameel Noori Nastaleeq'; mso-bidi-font-size: 12.0pt""><span dir=""ltr""></span><span dir=""ltr""></span> </span><span lang=""AR-SA"" style=""FONT-FAMILY: 'Jameel Noori Nastaleeq'; mso-bidi-font-size: 12.0pt"">ایسے وقت میں جیسا کہ آپ جانتے ہیں کہ ہم لوگ روزمرہ کی زندگی میں مصروف رہتے ہیں ،</span><span dir=""ltr""></span><span dir=""ltr""></span><span lang=""AR-SA"" dir=""ltr"" style=""FONT-FAMILY: 'Jameel Noori Nastaleeq'; mso-bidi-font-size: 12.0pt""><span dir=""ltr""></span><span dir=""ltr""></span> </span><span lang=""AR-SA"" style=""FONT-FAMILY: 'Jameel Noori Nastaleeq'; mso-bidi-font-size: 12.0pt"">مثلا، با ت چیت، پڑھنا، دوسری چیزوں کی طرف دھیان دینا، جیسے خرید وفروخت، بیوی</span><span dir=""ltr""></span><span dir=""ltr""></span><span lang=""AR-SA"" dir=""ltr"" style=""FONT-FAMILY: 'Jameel Noori Nastaleeq'; mso-bidi-font-size: 12.0pt""><span dir=""ltr""></span><span dir=""ltr""></span> </span><span lang=""AR-SA"" style=""FONT-FAMILY: 'Jameel Noori Nastaleeq'; mso-bidi-font-size: 12.0pt"">وغیرہ کے ساتھ کھانا پینا وغیرہ۔کیا یہ ہمارے لیے گناہ ہے؟یہ اتنا عام ہے کہ اس سے</span><span dir=""ltr""></span><span dir=""ltr""></span><span lang=""AR-SA"" dir=""ltr"" style=""FONT-FAMILY: 'Jameel Noori Nastaleeq'; mso-bidi-font-size: 12.0pt""><span dir=""ltr""></span><span dir=""ltr""></span> </span><span lang=""AR-SA"" style=""FONT-FAMILY: 'Jameel Noori Nastaleeq'; mso-bidi-font-size: 12.0pt"">زندگی اجیرن بن جاتی ہے۔ فتوی(م): 409=409-4/1431 ایسی جگہوں میں جہاں لوگ کھانے</span><span dir=""ltr""></span><span dir=""ltr""></span><span lang=""AR-SA"" dir=""ltr"" style=""FONT-FAMILY: 'Jameel Noori Nastaleeq'; mso-bidi-font-size: 12.0pt""><span dir=""ltr""></span><span dir=""ltr""></span> </span><span lang=""AR-SA"" style=""FONT-FAMILY: 'Jameel Noori Nastaleeq'; mso-bidi-font-size: 12.0pt"">پینے، خرید وفروخت کرنے اور چلنے پھرنے وغیرہ میں مصروف ہوں، اسلامی بیانات اور</span><span dir=""ltr""></span><span dir=""ltr""></span><span lang=""AR-SA"" dir=""ltr"" style=""FONT-FAMILY: 'Jameel Noori Nastaleeq'; mso-bidi-font-size: 12.0pt""><span dir=""ltr""></span><span dir=""ltr""></span> </span><span lang=""AR-SA"" style=""FONT-FAMILY: 'Jameel Noori Nastaleeq'; mso-bidi-font-size: 12.0pt"">قرآن مجید کی کیسٹیں زور سے بجانا، یہ دین کی باتوں اور قرآنی آیات کی توہین اور بے</span><span dir=""ltr""></span><span dir=""ltr""></span><span lang=""AR-SA"" dir=""ltr"" style=""FONT-FAMILY: 'Jameel Noori Nastaleeq'; mso-bidi-font-size: 12.0pt""><span dir=""ltr""></span><span dir=""ltr""></span> </span><span lang=""AR-SA"" style=""FONT-FAMILY: 'Jameel Noori Nastaleeq'; mso-bidi-font-size: 12.0pt"">ادبی ہے، بجانے والوں کو اس کا خیال رکھنا چاہیے، سننے والوں کی طرف سے اگر اہانت</span><span dir=""ltr""></span><span dir=""ltr""></span><span lang=""AR-SA"" dir=""ltr"" style=""FONT-FAMILY: 'Jameel Noori Nastaleeq'; mso-bidi-font-size: 12.0pt""><span dir=""ltr""></span><span dir=""ltr""></span> </span><span lang=""AR-SA"" style=""FONT-FAMILY: 'Jameel Noori Nastaleeq'; mso-bidi-font-size: 12.0pt"">کی کوئی بات نہیں پائی جاتی تو ان پر کوئی گناہ نہیں۔ فتوای کا مندرجہ بالاجواب ملا</span><span dir=""ltr""></span><span dir=""ltr""></span><span lang=""AR-SA"" dir=""ltr"" style=""FONT-FAMILY: 'Jameel Noori Nastaleeq'; mso-bidi-font-size: 12.0pt""><span dir=""ltr""></span><span dir=""ltr""></span> </span><span lang=""AR-SA"" style=""FONT-FAMILY: 'Jameel Noori Nastaleeq'; mso-bidi-font-size: 12.0pt"">بھت خشی ھوئئ، اللہ آپ کے درجات بلند فرمائے،صرف دو اشکالات باقی ھیں اور وہ یہ ھیں</span><span dir=""ltr""></span><span dir=""ltr""></span><span lang=""AR-SA"" dir=""ltr"" style=""FONT-FAMILY: 'Jameel Noori Nastaleeq'; mso-bidi-font-size: 12.0pt""><span dir=""ltr""></span><span dir=""ltr""></span> </span><span lang=""AR-SA"" style=""FONT-FAMILY: 'Jameel Noori Nastaleeq'; mso-bidi-font-size: 12.0pt"">کہ(ا) یھاں اھانت سے کیا مراد ھے(ب)کیا ھم اس دوران اپنی معمول کی زندگی گزارسکتے</span><span dir=""ltr""></span><span dir=""ltr""></span><span lang=""AR-SA"" dir=""ltr"" style=""FONT-FAMILY: 'Jameel Noori Nastaleeq'; mso-bidi-font-size: 12.0pt""><span dir=""ltr""></span><span dir=""ltr""></span> </span><span lang=""AR-SA"" style=""FONT-FAMILY: 'Jameel Noori Nastaleeq'; mso-bidi-font-size: 12.0pt"">ھیں یعنی باتیں کرنا، کھانا پینا، کام کرنا،خرید فروخت کرنا و غیرہ</span><span dir=""ltr""></span><span dir=""ltr""></span><span lang=""AR-SA"" dir=""ltr"" style=""FONT-FAMILY: 'Jameel Noori Nastaleeq'; mso-bidi-font-size: 12.0pt""><span dir=""ltr""></span><span dir=""ltr""></span> </span></p></h2>
							<h2><u> سوال: </u> <p class=""MsoNormal"" dir=""rtl""><span lang=""AR-SA"" style=""FONT-FAMILY: 'Jameel Noori Nastaleeq'; mso-bidi-font-size: 12.0pt"">بازار، گلیوں اوراپنے گھروں میں ہم لوگوں کو اسلامی بیانات، قرآن مجید کی کیسٹس</span><span dir=""ltr""></span><span dir=""ltr""></span><span lang=""AR-SA"" dir=""ltr"" style=""FONT-FAMILY: 'Jameel Noori Nastaleeq'; mso-bidi-font-size: 12.0pt""><span dir=""ltr""></span><span dir=""ltr""></span> </span><span lang=""AR-SA"" style=""FONT-FAMILY: 'Jameel Noori Nastaleeq'; mso-bidi-font-size: 12.0pt"">زورسے بجاتے ہوئے سنتے ہیں۔ کبھی کبھار مسجدوں کے لاؤڈ اسیپکر سے یہ سب سنتے ہیں۔</span><span dir=""ltr""></span><span dir=""ltr""></span><span lang=""AR-SA"" dir=""ltr"" style=""FONT-FAMILY: 'Jameel Noori Nastaleeq'; mso-bidi-font-size: 12.0pt""><span dir=""ltr""></span><span dir=""ltr""></span> </span><span lang=""AR-SA"" style=""FONT-FAMILY: 'Jameel Noori Nastaleeq'; mso-bidi-font-size: 12.0pt"">ایسے وقت میں جیسا کہ آپ جانتے ہیں کہ ہم لوگ روزمرہ کی زندگی میں مصروف رہتے ہیں ،</span><span dir=""ltr""></span><span dir=""ltr""></span><span lang=""AR-SA"" dir=""ltr"" style=""FONT-FAMILY: 'Jameel Noori Nastaleeq'; mso-bidi-font-size: 12.0pt""><span dir=""ltr""></span><span dir=""ltr""></span> </span><span lang=""AR-SA"" style=""FONT-FAMILY: 'Jameel Noori Nastaleeq'; mso-bidi-font-size: 12.0pt"">مثلا، با ت چیت، پڑھنا، دوسری چیزوں کی طرف دھیان دینا، جیسے خرید وفروخت، بیوی</span><span dir=""ltr""></span><span dir=""ltr""></span><span lang=""AR-SA"" dir=""ltr"" style=""FONT-FAMILY: 'Jameel Noori Nastaleeq'; mso-bidi-font-size: 12.0pt""><span dir=""ltr""></span><span dir=""ltr""></span> </span><span lang=""AR-SA"" style=""FONT-FAMILY: 'Jameel Noori Nastaleeq'; mso-bidi-font-size: 12.0pt"">وغیرہ کے ساتھ کھانا پینا وغیرہ۔کیا یہ ہمارے لیے گناہ ہے؟یہ اتنا عام ہے کہ اس سے</span><span dir=""ltr""></span><span dir=""ltr""></span><span lang=""AR-SA"" dir=""ltr"" style=""FONT-FAMILY: 'Jameel Noori Nastaleeq'; mso-bidi-font-size: 12.0pt""><span dir=""ltr""></span><span dir=""ltr""></span> </span><span lang=""AR-SA"" style=""FONT-FAMILY: 'Jameel Noori Nastaleeq'; mso-bidi-font-size: 12.0pt"">زندگی اجیرن بن جاتی ہے۔ فتوی(م): 409=409-4/1431 ایسی جگہوں میں جہاں لوگ کھانے</span><span dir=""ltr""></span><span dir=""ltr""></span><span lang=""AR-SA"" dir=""ltr"" style=""FONT-FAMILY: 'Jameel Noori Nastaleeq'; mso-bidi-font-size: 12.0pt""><span dir=""ltr""></span><span dir=""ltr""></span> </span><span lang=""AR-SA"" style=""FONT-FAMILY: 'Jameel Noori Nastaleeq'; mso-bidi-font-size: 12.0pt"">پینے، خرید وفروخت کرنے اور چلنے پھرنے وغیرہ میں مصروف ہوں، اسلامی بیانات اور</span><span dir=""ltr""></span><span dir=""ltr""></span><span lang=""AR-SA"" dir=""ltr"" style=""FONT-FAMILY: 'Jameel Noori Nastaleeq'; mso-bidi-font-size: 12.0pt""><span dir=""ltr""></span><span dir=""ltr""></span> </span><span lang=""AR-SA"" style=""FONT-FAMILY: 'Jameel Noori Nastaleeq'; mso-bidi-font-size: 12.0pt"">قرآن مجید کی کیسٹیں زور سے بجانا، یہ دین کی باتوں اور قرآنی آیات کی توہین اور بے</span><span dir=""ltr""></span><span dir=""ltr""></span><span lang=""AR-SA"" dir=""ltr"" style=""FONT-FAMILY: 'Jameel Noori Nastaleeq'; mso-bidi-font-size: 12.0pt""><span dir=""ltr""></span><span dir=""ltr""></span> </span><span lang=""AR-SA"" style=""FONT-FAMILY: 'Jameel Noori Nastaleeq'; mso-bidi-font-size: 12.0pt"">ادبی ہے، بجانے والوں کو اس کا خیال رکھنا چاہیے، سننے والوں کی طرف سے اگر اہانت</span><span dir=""ltr""></span><span dir=""ltr""></span><span lang=""AR-SA"" dir=""ltr"" style=""FONT-FAMILY: 'Jameel Noori Nastaleeq'; mso-bidi-font-size: 12.0pt""><span dir=""ltr""></span><span dir=""ltr""></span> </span><span lang=""AR-SA"" style=""FONT-FAMILY: 'Jameel Noori Nastaleeq'; mso-bidi-font-size: 12.0pt"">کی کوئی بات نہیں پائی جاتی تو ان پر کوئی گناہ نہیں۔ فتوای کا مندرجہ بالاجواب ملا</span><span dir=""ltr""></span><span dir=""ltr""></span><span lang=""AR-SA"" dir=""ltr"" style=""FONT-FAMILY: 'Jameel Noori Nastaleeq'; mso-bidi-font-size: 12.0pt""><span dir=""ltr""></span><span dir=""ltr""></span> </span><span lang=""AR-SA"" style=""FONT-FAMILY: 'Jameel Noori Nastaleeq'; mso-bidi-font-size: 12.0pt"">بھت خشی ھوئئ، اللہ آپ کے درجات بلند فرمائے،صرف دو اشکالات باقی ھیں اور وہ یہ ھیں</span><span dir=""ltr""></span><span dir=""ltr""></span><span lang=""AR-SA"" dir=""ltr"" style=""FONT-FAMILY: 'Jameel Noori Nastaleeq'; mso-bidi-font-size: 12.0pt""><span dir=""ltr""></span><span dir=""ltr""></span> </span><span lang=""AR-SA"" style=""FONT-FAMILY: 'Jameel Noori Nastaleeq'; mso-bidi-font-size: 12.0pt"">کہ(ا) یھاں اھانت سے کیا مراد ھے(ب)کیا ھم اس دوران اپنی معمول کی زندگی گزارسکتے</span><span dir=""ltr""></span><span dir=""ltr""></span><span lang=""AR-SA"" dir=""ltr"" style=""FONT-FAMILY: 'Jameel Noori Nastaleeq'; mso-bidi-font-size: 12.0pt""><span dir=""ltr""></span><span dir=""ltr""></span> </span><span lang=""AR-SA"" style=""FONT-FAMILY: 'Jameel Noori Nastaleeq'; mso-bidi-font-size: 12.0pt"">ھیں یعنی باتیں کرنا، کھانا پینا، کام کرنا،خرید فروخت کرنا و غیرہ</span><span dir=""ltr""></span><span dir=""ltr""></span><span lang=""AR-SA"" dir=""ltr"" style=""FONT-FAMILY: 'Jameel Noori Nastaleeq'; mso-bidi-font-size: 12.0pt""><span dir=""ltr""></span><span dir=""ltr""></span> </span></p></h2>
							<p class=""fatwa_answer""><span class=""ans_urdu_id""> جواب نمبر: 21564</span><span style=""color:#efefef;display:none;"" class=""answer_date_urdu"">01-Sep-2020 : تاریخ اشاعت </span></p>
							<p>بسم الله الرحمن الرحيم</p>
							<p> </p><p class=""MsoNormal"" dir=""rtl""><span lang=""AR-SA"" style=""FONT-FAMILY: 'Jameel Noori Nastaleeq'; mso-bidi-font-size: 12.0pt"">فتوی(م): 728=728-5/1431</span></p>
<p class=""MsoNormal"" dir=""rtl""><span lang=""AR-SA"" style=""FONT-FAMILY: 'Jameel Noori Nastaleeq'; mso-bidi-font-size: 12.0pt""><o:p>&nbsp;</o:p></span></p>
<p class=""MsoNormal"" dir=""rtl""><span lang=""AR-SA"" style=""FONT-FAMILY: 'Jameel Noori Nastaleeq'; mso-bidi-font-size: 12.0pt"">قرآن جب پڑھاجائے تو اس وقت خاموش رہنے اور غور سے سننے کا حکم ہے اِذَا قُرِئَ الْقُرْآنُ فَاسْتَمِعُوْا لَہ</span><span dir=""ltr""></span><span dir=""ltr""></span><span lang=""EN-US"" dir=""ltr"" style=""FONT-FAMILY: 'Jameel Noori Nastaleeq'; mso-bidi-font-size: 12.0pt""><span dir=""ltr""></span><span dir=""ltr""></span></span><span dir=""rtl""></span><span dir=""rtl""></span><span lang=""AR-SA"" style=""FONT-FAMILY: 'Jameel Noori Nastaleeq'; mso-bidi-font-size: 12.0pt""><span dir=""rtl""></span><span dir=""rtl""></span> وَاَنْصِتُوْا الخ (القرآن) اس حکم کی خلاف ورزی اس کی توہین ہے، اسی طرح پڑھنے والے کے لیے حکم یہ ہے کہ اس کو غیر محل اور نامناسب جگہ میں نہ پڑھے، لوگ جہاں ضروریات زندگی کی تکمیل میں مشغول ہوں اور سننے کے لیے آمادہ نہ ہوں وہاں قرآن پڑھنا اسکی بے ادبی اور توہین ہے، کیسٹ بجانے والوں کو اس کا خاص خیال رکھنا چاہیے۔</span></p>
<p class=""MsoNormal"" dir=""rtl""><span lang=""AR-SA"" style=""FONT-FAMILY: 'Jameel Noori Nastaleeq'; mso-bidi-font-size: 12.0pt"">(ب) اس دوران اگر کھانے پینے اور خرید وفروخت کی ضرورت درپیش ہو تو مضایقہ نہیں، کرسکتے ہیں اور اگر قرآن کے ادب واحترام میں ان چیزوں میں مشغول نہ ہوں تو بہتر ہے۔</span></p><p></p> 
							<br>
							<span style=""font-size:1.2em"">
								<p><strong>واللہ تعالیٰ اعلم</strong></p>
								<br class=""clear"">
								<p><strong>دارالافتاء،</strong><br>دارالعلوم دیوبند</p>
							</span>
						</li>
											</ul>
				</div>"
https://darulifta-deoband.com/home/ur/the-holy-quran/21420,میں ساؤتھ کوریا میں ایک طالب علم ہوں۔ میرے دوسوالات ہیں۔ (۱) کیا ہم غیر مسلمیں کو قرآن کریم دے سکتے ہیں؟(۲) کیا ہم سیگریٹ پینے کے بعد وضو کئے بغیر نمازپڑھ سکتے ہیں؟,"<h2><u> سوال: </u> <p class=""MsoNormal"" dir=""rtl""><span lang=""ER"" style=""FONT-FAMILY: 'Jameel Noori Nastaleeq'; mso-bidi-font-size: 12.0pt; mso-ansi-language: EN-IN; mso-bidi-language: ER"">میں ساؤتھ کوریا میں ایک طالب علم ہوں۔ میرے دوسوالات ہیں۔ (</span><span lang=""FA"" style=""FONT-FAMILY: 'Jameel Noori Nastaleeq'; mso-bidi-font-size: 12.0pt; mso-ansi-language: EN-IN; mso-bidi-language: FA"">۱) </span><span lang=""ER"" style=""FONT-FAMILY: 'Jameel Noori Nastaleeq'; mso-bidi-font-size: 12.0pt; mso-ansi-language: EN-IN; mso-bidi-language: ER"">کیا ہم غیر مسلمیں کو قرآن کریم دے سکتے ہیں؟(</span><span lang=""FA"" style=""FONT-FAMILY: 'Jameel Noori Nastaleeq'; mso-bidi-font-size: 12.0pt; mso-ansi-language: EN-IN; mso-bidi-language: FA"">۲) </span><span lang=""ER"" style=""FONT-FAMILY: 'Jameel Noori Nastaleeq'; mso-bidi-font-size: 12.0pt; mso-ansi-language: EN-IN; mso-bidi-language: ER"">کیا ہم سیگریٹ پینے کے بعد وضو کئے بغیر نمازپڑھ سکتے ہیں؟</span></p></h2>","<p>بسم الله الرحمن الرحيم</p><p> </p><p class=""MsoNormal"" dir=""rtl""><span lang=""ER"" style=""FONT-FAMILY: 'Jameel Noori Nastaleeq'; mso-bidi-font-size: 12.0pt; mso-ansi-language: EN-IN; mso-bidi-language: ER"">فتوی(ھ): 827=633-4/1431</span></p><p class=""MsoNormal"" dir=""rtl""><span lang=""ER"" style=""FONT-FAMILY: 'Jameel Noori Nastaleeq'; mso-bidi-font-size: 12.0pt; mso-ansi-language: EN-IN; mso-bidi-language: ER""><o:p>&nbsp;</o:p></span></p><p class=""MsoNormal"" dir=""rtl""><span lang=""ER"" style=""FONT-FAMILY: 'Jameel Noori Nastaleeq'; mso-bidi-font-size: 12.0pt; mso-ansi-language: EN-IN; mso-bidi-language: ER"">(</span><span lang=""FA"" style=""FONT-FAMILY: 'Jameel Noori Nastaleeq'; mso-bidi-font-size: 12.0pt; mso-ansi-language: EN-IN; mso-bidi-language: FA"">۱) </span><span lang=""ER"" style=""FONT-FAMILY: 'Jameel Noori Nastaleeq'; mso-bidi-font-size: 12.0pt; mso-ansi-language: EN-IN; mso-bidi-language: ER"">بے ادبی کا اندیشہ نہ ہو کوئی اور بھی مفسدہ نہ ہو، نیز کوئی ضرورت داعی ہو توگنجائش ہے۔ </span></p><p class=""MsoNormal"" dir=""rtl""><span lang=""ER"" style=""FONT-FAMILY: 'Jameel Noori Nastaleeq'; mso-bidi-font-size: 12.0pt; mso-ansi-language: EN-IN; mso-bidi-language: ER"">(</span><span lang=""FA"" style=""FONT-FAMILY: 'Jameel Noori Nastaleeq'; mso-bidi-font-size: 12.0pt; mso-ansi-language: EN-IN; mso-bidi-language: FA"">۲) </span><span lang=""ER"" style=""FONT-FAMILY: 'Jameel Noori Nastaleeq'; mso-bidi-font-size: 12.0pt; mso-ansi-language: EN-IN; mso-bidi-language: ER"">منھ میں بدبو کے ساتھ نماز پڑھنا مکروہ ہے، بدبو زائل کرکے ادا کی جائے۔</span></p><p></p><br><span style=""font-size:1.2em"">
								<p><strong>واللہ تعالیٰ اعلم</strong></p>
								<br class=""clear"">
								<p><strong>دارالافتاء،</strong><br>دارالعلوم دیوبند</p>
							</span>",01-Sep-2020,21420,darulifta-deoband.com,عقائد و  ایمانیات,قرآن کریم,"<div id=""recent_fatwas"" class=""container tab-pane active""><br>
					<ul class=""answer_detail"">
												<li>
																					<div class=""cate_sec"">
								<p class=""category_name"">
									<span>
										عقائد و  ایمانیات									</span> 
									&gt;&gt; 
									<span>
																		<a href=""https://darulifta-deoband.com/ur/category/n-a/Nw=="">قرآن کریم</a>
									</span>
								</p>
								<p class=""quesid""><span class=""anser_id_urdu""> سوال نمبر: 21420</span><!--<span class=""country_urdu"">  : ملک</span> --></p>
							</div>
							<h2><u> عنوان:</u> <p class=""MsoNormal"" dir=""rtl""><span lang=""ER"" style=""FONT-FAMILY: 'Jameel Noori Nastaleeq'; mso-bidi-font-size: 12.0pt; mso-ansi-language: EN-IN; mso-bidi-language: ER"">میں ساؤتھ کوریا میں ایک طالب علم ہوں۔ میرے دوسوالات ہیں۔ (</span><span lang=""FA"" style=""FONT-FAMILY: 'Jameel Noori Nastaleeq'; mso-bidi-font-size: 12.0pt; mso-ansi-language: EN-IN; mso-bidi-language: FA"">۱) </span><span lang=""ER"" style=""FONT-FAMILY: 'Jameel Noori Nastaleeq'; mso-bidi-font-size: 12.0pt; mso-ansi-language: EN-IN; mso-bidi-language: ER"">کیا ہم غیر مسلمیں کو قرآن کریم دے سکتے ہیں؟(</span><span lang=""FA"" style=""FONT-FAMILY: 'Jameel Noori Nastaleeq'; mso-bidi-font-size: 12.0pt; mso-ansi-language: EN-IN; mso-bidi-language: FA"">۲) </span><span lang=""ER"" style=""FONT-FAMILY: 'Jameel Noori Nastaleeq'; mso-bidi-font-size: 12.0pt; mso-ansi-language: EN-IN; mso-bidi-language: ER"">کیا ہم سیگریٹ پینے کے بعد وضو کئے بغیر نمازپڑھ سکتے ہیں؟</span></p></h2>
							<h2><u> سوال: </u> <p class=""MsoNormal"" dir=""rtl""><span lang=""ER"" style=""FONT-FAMILY: 'Jameel Noori Nastaleeq'; mso-bidi-font-size: 12.0pt; mso-ansi-language: EN-IN; mso-bidi-language: ER"">میں ساؤتھ کوریا میں ایک طالب علم ہوں۔ میرے دوسوالات ہیں۔ (</span><span lang=""FA"" style=""FONT-FAMILY: 'Jameel Noori Nastaleeq'; mso-bidi-font-size: 12.0pt; mso-ansi-language: EN-IN; mso-bidi-language: FA"">۱) </span><span lang=""ER"" style=""FONT-FAMILY: 'Jameel Noori Nastaleeq'; mso-bidi-font-size: 12.0pt; mso-ansi-language: EN-IN; mso-bidi-language: ER"">کیا ہم غیر مسلمیں کو قرآن کریم دے سکتے ہیں؟(</span><span lang=""FA"" style=""FONT-FAMILY: 'Jameel Noori Nastaleeq'; mso-bidi-font-size: 12.0pt; mso-ansi-language: EN-IN; mso-bidi-language: FA"">۲) </span><span lang=""ER"" style=""FONT-FAMILY: 'Jameel Noori Nastaleeq'; mso-bidi-font-size: 12.0pt; mso-ansi-language: EN-IN; mso-bidi-language: ER"">کیا ہم سیگریٹ پینے کے بعد وضو کئے بغیر نمازپڑھ سکتے ہیں؟</span></p></h2>
							<p class=""fatwa_answer""><span class=""ans_urdu_id""> جواب نمبر: 21420</span><span style=""color:#efefef;display:none;"" class=""answer_date_urdu"">01-Sep-2020 : تاریخ اشاعت </span></p>
							<p>بسم الله الرحمن الرحيم</p>
							<p> </p><p class=""MsoNormal"" dir=""rtl""><span lang=""ER"" style=""FONT-FAMILY: 'Jameel Noori Nastaleeq'; mso-bidi-font-size: 12.0pt; mso-ansi-language: EN-IN; mso-bidi-language: ER"">فتوی(ھ): 827=633-4/1431</span></p>
<p class=""MsoNormal"" dir=""rtl""><span lang=""ER"" style=""FONT-FAMILY: 'Jameel Noori Nastaleeq'; mso-bidi-font-size: 12.0pt; mso-ansi-language: EN-IN; mso-bidi-language: ER""><o:p>&nbsp;</o:p></span></p>
<p class=""MsoNormal"" dir=""rtl""><span lang=""ER"" style=""FONT-FAMILY: 'Jameel Noori Nastaleeq'; mso-bidi-font-size: 12.0pt; mso-ansi-language: EN-IN; mso-bidi-language: ER"">(</span><span lang=""FA"" style=""FONT-FAMILY: 'Jameel Noori Nastaleeq'; mso-bidi-font-size: 12.0pt; mso-ansi-language: EN-IN; mso-bidi-language: FA"">۱) </span><span lang=""ER"" style=""FONT-FAMILY: 'Jameel Noori Nastaleeq'; mso-bidi-font-size: 12.0pt; mso-ansi-language: EN-IN; mso-bidi-language: ER"">بے ادبی کا اندیشہ نہ ہو کوئی اور بھی مفسدہ نہ ہو، نیز کوئی ضرورت داعی ہو توگنجائش ہے۔ </span></p>
<p class=""MsoNormal"" dir=""rtl""><span lang=""ER"" style=""FONT-FAMILY: 'Jameel Noori Nastaleeq'; mso-bidi-font-size: 12.0pt; mso-ansi-language: EN-IN; mso-bidi-language: ER"">(</span><span lang=""FA"" style=""FONT-FAMILY: 'Jameel Noori Nastaleeq'; mso-bidi-font-size: 12.0pt; mso-ansi-language: EN-IN; mso-bidi-language: FA"">۲) </span><span lang=""ER"" style=""FONT-FAMILY: 'Jameel Noori Nastaleeq'; mso-bidi-font-size: 12.0pt; mso-ansi-language: EN-IN; mso-bidi-language: ER"">منھ میں بدبو کے ساتھ نماز پڑھنا مکروہ ہے، بدبو زائل کرکے ادا کی جائے۔</span></p><p></p> 
							<br>
							<span style=""font-size:1.2em"">
								<p><strong>واللہ تعالیٰ اعلم</strong></p>
								<br class=""clear"">
								<p><strong>دارالافتاء،</strong><br>دارالعلوم دیوبند</p>
							</span>
						</li>
											</ul>
				</div>"
https://darulifta-deoband.com/home/ur/the-holy-quran/21269,قرآن کریم میں جو وقف کے مقامات ہیں جیسے O م، ج، ز، ص، صلے، ق، صل، قف، س یا سکتہ، وقفہ، لا، ک، ان پر وقف کرنا یا نہ کرنا حرام یا مکروہ تحریمی ہے۔ قرآن مجید میں کوئی ایسی جگہ ہے جہاں وقف کرنا یا نہ کرنا فرض، واجب یا سنت موٴکدہ ہے؟ (۲) وقف لازم پر کہتے ہیں وقف نہ کرنے سے مطلب بدل جاتا ہے، یہ کہاں تک صحیح ہے اور اس کا گناہ ہوتا ہے یا نہیں؟(۳) سکتوں کے مقامات پر سکتہ کرنا فرض ہے، واجب ہے یا سنت موٴکدہ ہے؟ مد کرنا فرض ہے یا واجب ہے یا سنت موٴکدہ ہے؟(۴) غنہ کرنا فرض ہے یا واجب ہے یا سنت موٴکدہ ہے؟ برائے مہربانی آپ ان سوالوں کا جلد جواب ارسال فرمادیں۔ اللہ آپ کے درجات بلند فرمائے اور آپ کو دنیا اور آخرت میں کامیاب کرے۔ آمین,"<h2><u> سوال: </u> <p class=""MsoNormal"" dir=""rtl""><span lang=""AR-SA"" style=""FONT-FAMILY: 'Jameel Noori Nastaleeq'; mso-ansi-language: EN-IN; mso-bidi-font-size: 12.0pt"">قرآن کریم میں جو وقف کے مقامات ہیں جیسے </span><span lang=""EN-IN"" dir=""ltr"" style=""FONT-FAMILY: 'Jameel Noori Nastaleeq'; mso-ansi-language: EN-IN; mso-bidi-font-size: 12.0pt"">O</span><span dir=""rtl""></span><span lang=""AR-SA"" style=""FONT-FAMILY: 'Jameel Noori Nastaleeq'; mso-ansi-language: EN-IN; mso-bidi-font-size: 12.0pt""><span dir=""rtl""></span> م، ج، ز، ص، صلے، ق، صل، قف، س یا سکتہ، وقفہ، لا، ک، ان پر وقف کرنا یا نہ کرنا حرام یا مکروہ تحریمی ہے۔ قرآن مجید میں کوئی ایسی جگہ ہے جہاں وقف کرنا یا نہ کرنا فرض، واجب یا سنت موٴکدہ ہے؟ </span><span lang=""AR-SA"" style=""FONT-FAMILY: 'Jameel Noori Nastaleeq'; mso-ansi-language: EN-IN; mso-bidi-font-size: 12.0pt"">(</span><span lang=""FA"" style=""FONT-FAMILY: 'Jameel Noori Nastaleeq'; mso-ansi-language: EN-IN; mso-bidi-font-size: 12.0pt; mso-bidi-language: FA"">۲) </span><span lang=""AR-SA"" style=""FONT-FAMILY: 'Jameel Noori Nastaleeq'; mso-ansi-language: EN-IN; mso-bidi-font-size: 12.0pt"">وقف لازم پر کہتے ہیں وقف نہ کرنے سے مطلب بدل جاتا ہے، یہ کہاں تک صحیح ہے اور اس کا گناہ ہوتا ہے یا نہیں؟</span><span lang=""AR-SA"" style=""FONT-FAMILY: 'Jameel Noori Nastaleeq'; mso-ansi-language: EN-IN; mso-bidi-font-size: 12.0pt"">(</span><span lang=""FA"" style=""FONT-FAMILY: 'Jameel Noori Nastaleeq'; mso-ansi-language: EN-IN; mso-bidi-font-size: 12.0pt; mso-bidi-language: FA"">۳) </span><span lang=""AR-SA"" style=""FONT-FAMILY: 'Jameel Noori Nastaleeq'; mso-ansi-language: EN-IN; mso-bidi-font-size: 12.0pt"">سکتوں کے مقامات پر سکتہ کرنا فرض ہے، واجب ہے یا سنت موٴکدہ ہے؟ مد کرنا فرض ہے یا واجب ہے یا سنت موٴکدہ ہے؟</span><span lang=""AR-SA"" style=""FONT-FAMILY: 'Jameel Noori Nastaleeq'; mso-ansi-language: EN-IN; mso-bidi-font-size: 12.0pt"">(</span><span lang=""FA"" style=""FONT-FAMILY: 'Jameel Noori Nastaleeq'; mso-ansi-language: EN-IN; mso-bidi-font-size: 12.0pt; mso-bidi-language: FA"">۴) </span><span lang=""AR-SA"" style=""FONT-FAMILY: 'Jameel Noori Nastaleeq'; mso-ansi-language: EN-IN; mso-bidi-font-size: 12.0pt"">غنہ کرنا فرض ہے یا واجب ہے یا سنت موٴکدہ ہے؟ برائے مہربانی آپ ان سوالوں کا جلد جواب ارسال فرمادیں۔ اللہ آپ کے درجات بلند فرمائے اور آپ کو دنیا اور آخرت میں کامیاب کرے۔ آمین</span></p></h2>","<p>بسم الله الرحمن الرحيم</p><p> </p><p class=""MsoNormal"" dir=""rtl""><span lang=""AR-SA"" style=""FONT-FAMILY: 'Jameel Noori Nastaleeq'; mso-ansi-language: EN-IN; mso-bidi-font-size: 12.0pt"">فتوی(د): 592=449-5/1431</span></p><p class=""MsoNormal"" dir=""rtl""><span lang=""AR-SA"" style=""FONT-FAMILY: 'Jameel Noori Nastaleeq'; mso-ansi-language: EN-IN; mso-bidi-font-size: 12.0pt""><o:p>&nbsp;</o:p></span></p><p class=""MsoNormal"" dir=""rtl""><span lang=""AR-SA"" style=""FONT-FAMILY: 'Jameel Noori Nastaleeq'; mso-ansi-language: EN-IN; mso-bidi-font-size: 12.0pt"">اس سوال کا اصل جواب یہ ہے کہ تجوید کے قواعد خواہ وقف سے متعلق ہوں یا غنہ اخفاء وغیرہ سے آیت کریمہ ? وَرَتِّلِ الْقُرْآنَ تَرْتِیْلاً? اور حدیث ?اقرأوا القرآن بلحون العرب? اور ?زیِّنوا القرآن بأصواتکم? جیسی حدیثوں سے نیز حضور اکرم اور صحابہٴ کرام سے مروی طریقہٴ تلاوت سے ماخوذ ہیں۔ دوارنِ تلاوت سب کی رعایت حسب مراتب کرنی چاہیے، ان میں سے کوئی حکم شرعاً واجب، فرض، مستحب یا مکروہ نہیں، بلکہ فن قراء ت کے ماہرین نے مراتب کی طرف اشارہ کرنے کے لیے اس کو وضع کیا ہے۔</span></p><p class=""MsoNormal"" dir=""rtl""><span lang=""AR-SA"" style=""FONT-FAMILY: 'Jameel Noori Nastaleeq'; mso-ansi-language: EN-IN; mso-bidi-font-size: 12.0pt"">ہاں اگر کسی جگہ وقف کرنے سے دوسرے معنی کا وہم ہو اور کوئی بدعقیدہ آدمی اس معنی کی نیت کرے تو وہاں وصل لازم ہوجاتا ہے اور وقف حرام ہوجاتا ہے۔ اسی طرح اگر کسی جگہ وصل کرنے سے دوسرے معنی کا وہم ہو اور قاری بھی اسی فاسد معنی کی نیت کرے تو وقف لازم ہوجاتا ہے۔ مزید معلومات کیے لیے ?جامع الوقف? اور ?فوائد مکیہ? کی طرف رجوع کیا جاسکتا ہے۔</span></p><p></p><br><span style=""font-size:1.2em"">
								<p><strong>واللہ تعالیٰ اعلم</strong></p>
								<br class=""clear"">
								<p><strong>دارالافتاء،</strong><br>دارالعلوم دیوبند</p>
							</span>",01-Sep-2020,21269,darulifta-deoband.com,عقائد و  ایمانیات,قرآن کریم,"<div id=""recent_fatwas"" class=""container tab-pane active""><br>
					<ul class=""answer_detail"">
												<li>
																					<div class=""cate_sec"">
								<p class=""category_name"">
									<span>
										عقائد و  ایمانیات									</span> 
									&gt;&gt; 
									<span>
																		<a href=""https://darulifta-deoband.com/ur/category/n-a/Nw=="">قرآن کریم</a>
									</span>
								</p>
								<p class=""quesid""><span class=""anser_id_urdu""> سوال نمبر: 21269</span><!--<span class=""country_urdu"">  : ملک</span> --></p>
							</div>
							<h2><u> عنوان:</u> <p class=""MsoNormal"" dir=""rtl""><span lang=""AR-SA"" style=""FONT-FAMILY: 'Jameel Noori Nastaleeq'; mso-ansi-language: EN-IN; mso-bidi-font-size: 12.0pt"">قرآن کریم میں جو وقف کے مقامات ہیں جیسے </span><span lang=""EN-IN"" dir=""ltr"" style=""FONT-FAMILY: 'Jameel Noori Nastaleeq'; mso-ansi-language: EN-IN; mso-bidi-font-size: 12.0pt"">O</span><span dir=""rtl""></span><span lang=""AR-SA"" style=""FONT-FAMILY: 'Jameel Noori Nastaleeq'; mso-ansi-language: EN-IN; mso-bidi-font-size: 12.0pt""><span dir=""rtl""></span> م، ج، ز، ص، صلے، ق، صل، قف، س یا سکتہ، وقفہ، لا، ک، ان پر وقف کرنا یا نہ کرنا حرام یا مکروہ تحریمی ہے۔ قرآن مجید میں کوئی ایسی جگہ ہے جہاں وقف کرنا یا نہ کرنا فرض، واجب یا سنت موٴکدہ ہے؟ </span><span lang=""AR-SA"" style=""FONT-FAMILY: 'Jameel Noori Nastaleeq'; mso-ansi-language: EN-IN; mso-bidi-font-size: 12.0pt"">(</span><span lang=""FA"" style=""FONT-FAMILY: 'Jameel Noori Nastaleeq'; mso-ansi-language: EN-IN; mso-bidi-font-size: 12.0pt; mso-bidi-language: FA"">۲) </span><span lang=""AR-SA"" style=""FONT-FAMILY: 'Jameel Noori Nastaleeq'; mso-ansi-language: EN-IN; mso-bidi-font-size: 12.0pt"">وقف لازم پر کہتے ہیں وقف نہ کرنے سے مطلب بدل جاتا ہے، یہ کہاں تک صحیح ہے اور اس کا گناہ ہوتا ہے یا نہیں؟</span><span lang=""AR-SA"" style=""FONT-FAMILY: 'Jameel Noori Nastaleeq'; mso-ansi-language: EN-IN; mso-bidi-font-size: 12.0pt"">(</span><span lang=""FA"" style=""FONT-FAMILY: 'Jameel Noori Nastaleeq'; mso-ansi-language: EN-IN; mso-bidi-font-size: 12.0pt; mso-bidi-language: FA"">۳) </span><span lang=""AR-SA"" style=""FONT-FAMILY: 'Jameel Noori Nastaleeq'; mso-ansi-language: EN-IN; mso-bidi-font-size: 12.0pt"">سکتوں کے مقامات پر سکتہ کرنا فرض ہے، واجب ہے یا سنت موٴکدہ ہے؟ مد کرنا فرض ہے یا واجب ہے یا سنت موٴکدہ ہے؟</span><span lang=""AR-SA"" style=""FONT-FAMILY: 'Jameel Noori Nastaleeq'; mso-ansi-language: EN-IN; mso-bidi-font-size: 12.0pt"">(</span><span lang=""FA"" style=""FONT-FAMILY: 'Jameel Noori Nastaleeq'; mso-ansi-language: EN-IN; mso-bidi-font-size: 12.0pt; mso-bidi-language: FA"">۴) </span><span lang=""AR-SA"" style=""FONT-FAMILY: 'Jameel Noori Nastaleeq'; mso-ansi-language: EN-IN; mso-bidi-font-size: 12.0pt"">غنہ کرنا فرض ہے یا واجب ہے یا سنت موٴکدہ ہے؟ برائے مہربانی آپ ان سوالوں کا جلد جواب ارسال فرمادیں۔ اللہ آپ کے درجات بلند فرمائے اور آپ کو دنیا اور آخرت میں کامیاب کرے۔ آمین</span></p></h2>
							<h2><u> سوال: </u> <p class=""MsoNormal"" dir=""rtl""><span lang=""AR-SA"" style=""FONT-FAMILY: 'Jameel Noori Nastaleeq'; mso-ansi-language: EN-IN; mso-bidi-font-size: 12.0pt"">قرآن کریم میں جو وقف کے مقامات ہیں جیسے </span><span lang=""EN-IN"" dir=""ltr"" style=""FONT-FAMILY: 'Jameel Noori Nastaleeq'; mso-ansi-language: EN-IN; mso-bidi-font-size: 12.0pt"">O</span><span dir=""rtl""></span><span lang=""AR-SA"" style=""FONT-FAMILY: 'Jameel Noori Nastaleeq'; mso-ansi-language: EN-IN; mso-bidi-font-size: 12.0pt""><span dir=""rtl""></span> م، ج، ز، ص، صلے، ق، صل، قف، س یا سکتہ، وقفہ، لا، ک، ان پر وقف کرنا یا نہ کرنا حرام یا مکروہ تحریمی ہے۔ قرآن مجید میں کوئی ایسی جگہ ہے جہاں وقف کرنا یا نہ کرنا فرض، واجب یا سنت موٴکدہ ہے؟ </span><span lang=""AR-SA"" style=""FONT-FAMILY: 'Jameel Noori Nastaleeq'; mso-ansi-language: EN-IN; mso-bidi-font-size: 12.0pt"">(</span><span lang=""FA"" style=""FONT-FAMILY: 'Jameel Noori Nastaleeq'; mso-ansi-language: EN-IN; mso-bidi-font-size: 12.0pt; mso-bidi-language: FA"">۲) </span><span lang=""AR-SA"" style=""FONT-FAMILY: 'Jameel Noori Nastaleeq'; mso-ansi-language: EN-IN; mso-bidi-font-size: 12.0pt"">وقف لازم پر کہتے ہیں وقف نہ کرنے سے مطلب بدل جاتا ہے، یہ کہاں تک صحیح ہے اور اس کا گناہ ہوتا ہے یا نہیں؟</span><span lang=""AR-SA"" style=""FONT-FAMILY: 'Jameel Noori Nastaleeq'; mso-ansi-language: EN-IN; mso-bidi-font-size: 12.0pt"">(</span><span lang=""FA"" style=""FONT-FAMILY: 'Jameel Noori Nastaleeq'; mso-ansi-language: EN-IN; mso-bidi-font-size: 12.0pt; mso-bidi-language: FA"">۳) </span><span lang=""AR-SA"" style=""FONT-FAMILY: 'Jameel Noori Nastaleeq'; mso-ansi-language: EN-IN; mso-bidi-font-size: 12.0pt"">سکتوں کے مقامات پر سکتہ کرنا فرض ہے، واجب ہے یا سنت موٴکدہ ہے؟ مد کرنا فرض ہے یا واجب ہے یا سنت موٴکدہ ہے؟</span><span lang=""AR-SA"" style=""FONT-FAMILY: 'Jameel Noori Nastaleeq'; mso-ansi-language: EN-IN; mso-bidi-font-size: 12.0pt"">(</span><span lang=""FA"" style=""FONT-FAMILY: 'Jameel Noori Nastaleeq'; mso-ansi-language: EN-IN; mso-bidi-font-size: 12.0pt; mso-bidi-language: FA"">۴) </span><span lang=""AR-SA"" style=""FONT-FAMILY: 'Jameel Noori Nastaleeq'; mso-ansi-language: EN-IN; mso-bidi-font-size: 12.0pt"">غنہ کرنا فرض ہے یا واجب ہے یا سنت موٴکدہ ہے؟ برائے مہربانی آپ ان سوالوں کا جلد جواب ارسال فرمادیں۔ اللہ آپ کے درجات بلند فرمائے اور آپ کو دنیا اور آخرت میں کامیاب کرے۔ آمین</span></p></h2>
							<p class=""fatwa_answer""><span class=""ans_urdu_id""> جواب نمبر: 21269</span><span style=""color:#efefef;display:none;"" class=""answer_date_urdu"">01-Sep-2020 : تاریخ اشاعت </span></p>
							<p>بسم الله الرحمن الرحيم</p>
							<p> </p><p class=""MsoNormal"" dir=""rtl""><span lang=""AR-SA"" style=""FONT-FAMILY: 'Jameel Noori Nastaleeq'; mso-ansi-language: EN-IN; mso-bidi-font-size: 12.0pt"">فتوی(د): 592=449-5/1431</span></p>
<p class=""MsoNormal"" dir=""rtl""><span lang=""AR-SA"" style=""FONT-FAMILY: 'Jameel Noori Nastaleeq'; mso-ansi-language: EN-IN; mso-bidi-font-size: 12.0pt""><o:p>&nbsp;</o:p></span></p>
<p class=""MsoNormal"" dir=""rtl""><span lang=""AR-SA"" style=""FONT-FAMILY: 'Jameel Noori Nastaleeq'; mso-ansi-language: EN-IN; mso-bidi-font-size: 12.0pt"">اس سوال کا اصل جواب یہ ہے کہ تجوید کے قواعد خواہ وقف سے متعلق ہوں یا غنہ اخفاء وغیرہ سے آیت کریمہ ? وَرَتِّلِ الْقُرْآنَ تَرْتِیْلاً? اور حدیث ?اقرأوا القرآن بلحون العرب? اور ?زیِّنوا القرآن بأصواتکم? جیسی حدیثوں سے نیز حضور اکرم اور صحابہٴ کرام سے مروی طریقہٴ تلاوت سے ماخوذ ہیں۔ دوارنِ تلاوت سب کی رعایت حسب مراتب کرنی چاہیے، ان میں سے کوئی حکم شرعاً واجب، فرض، مستحب یا مکروہ نہیں، بلکہ فن قراء ت کے ماہرین نے مراتب کی طرف اشارہ کرنے کے لیے اس کو وضع کیا ہے۔</span></p>
<p class=""MsoNormal"" dir=""rtl""><span lang=""AR-SA"" style=""FONT-FAMILY: 'Jameel Noori Nastaleeq'; mso-ansi-language: EN-IN; mso-bidi-font-size: 12.0pt"">ہاں اگر کسی جگہ وقف کرنے سے دوسرے معنی کا وہم ہو اور کوئی بدعقیدہ آدمی اس معنی کی نیت کرے تو وہاں وصل لازم ہوجاتا ہے اور وقف حرام ہوجاتا ہے۔ اسی طرح اگر کسی جگہ وصل کرنے سے دوسرے معنی کا وہم ہو اور قاری بھی اسی فاسد معنی کی نیت کرے تو وقف لازم ہوجاتا ہے۔ مزید معلومات کیے لیے ?جامع الوقف? اور ?فوائد مکیہ? کی طرف رجوع کیا جاسکتا ہے۔</span></p><p></p> 
							<br>
							<span style=""font-size:1.2em"">
								<p><strong>واللہ تعالیٰ اعلم</strong></p>
								<br class=""clear"">
								<p><strong>دارالافتاء،</strong><br>دارالعلوم دیوبند</p>
							</span>
						</li>
											</ul>
				</div>"
https://darulifta-deoband.com/home/ur/the-holy-quran/21030,مسجد ارقم ميں قرأن مع ترجمه وتفسير مودودي گرد وغبار ميں پڑا هوا تھا.بنده تلاوت كيوقت ترجمه وتفسير والے قرأن كو ترجيح ديتا هے. چونكه اس وقت وهي مفصل تھا. اسلئے سورة مائده كي آيت 106-107-108كے ضمن ميں مسائل ديكھے. يه ديكھتےهي امام صاحب برهم هوئے اور كها كه يه مودودي صاحب كي تفسير هے. ميں نے جواب ديا كه هميں معارف القرآن كے ذريعےاس كےبعض مقامات كےبارے ميں كچھ معلومات حاصل هيں. اور بنده اردو اور عربي ميں مختلف تفاسير ديكھتا رهتا هے.جيسےتفسير عثماني، ماجدي، بيان القرآن، معارف القرآن، قرطبي، بيضاوي ، ابن كثير، طبري ، مولانا صلاح الدين يوسف كےتفسيري نوٹ، اور نعيم مراد أآبادي. اسكے باوجود دوسرے دن سے اس تفسير كو اس مسجد سے غائب كرديا گيا. سوالات: 1) كيا تفسير مودودي كا پڑھنا حرام هے؟ 2) اگر يه مصحف اس مسجد كيلئے كسي نےوقف كيا هوتو كيا اُسےاس مسجد سے نكالا جاسكتاهے؟ 3) اگر يه كسي شخص كي ملكيت هو تو كيا دوسرا شخص وهاں سے غائب كرسكتا هے؟,"<h2><u> سوال: </u> <p class=""MsoNormal"" dir=""rtl""><span lang=""AR-SA"" style=""FONT-FAMILY: 'Jameel Noori Nastaleeq'; mso-bidi-font-size: 12.0pt"">مسجد ارقم ميں قرأن مع ترجمه وتفسير</span><span dir=""ltr""></span><span dir=""ltr""></span><span lang=""AR-SA"" dir=""ltr"" style=""FONT-FAMILY: 'Jameel Noori Nastaleeq'; mso-bidi-font-size: 12.0pt""><span dir=""ltr""></span><span dir=""ltr""></span> </span><span lang=""AR-SA"" style=""FONT-FAMILY: 'Jameel Noori Nastaleeq'; mso-bidi-font-size: 12.0pt"">مودودي گرد وغبار ميں پڑا هوا تھا.بنده تلاوت كيوقت ترجمه وتفسير والے قرأن كو</span><span dir=""ltr""></span><span dir=""ltr""></span><span lang=""AR-SA"" dir=""ltr"" style=""FONT-FAMILY: 'Jameel Noori Nastaleeq'; mso-bidi-font-size: 12.0pt""><span dir=""ltr""></span><span dir=""ltr""></span> </span><span lang=""AR-SA"" style=""FONT-FAMILY: 'Jameel Noori Nastaleeq'; mso-bidi-font-size: 12.0pt"">ترجيح ديتا هے. چونكه اس وقت وهي مفصل تھا. اسلئے سورة مائده كي آيت 106-107-108كے</span><span dir=""ltr""></span><span dir=""ltr""></span><span lang=""AR-SA"" dir=""ltr"" style=""FONT-FAMILY: 'Jameel Noori Nastaleeq'; mso-bidi-font-size: 12.0pt""><span dir=""ltr""></span><span dir=""ltr""></span> </span><span lang=""AR-SA"" style=""FONT-FAMILY: 'Jameel Noori Nastaleeq'; mso-bidi-font-size: 12.0pt"">ضمن ميں مسائل ديكھے. يه ديكھتےهي امام صاحب برهم هوئے اور كها كه يه مودودي صاحب</span><span dir=""ltr""></span><span dir=""ltr""></span><span lang=""AR-SA"" dir=""ltr"" style=""FONT-FAMILY: 'Jameel Noori Nastaleeq'; mso-bidi-font-size: 12.0pt""><span dir=""ltr""></span><span dir=""ltr""></span> </span><span lang=""AR-SA"" style=""FONT-FAMILY: 'Jameel Noori Nastaleeq'; mso-bidi-font-size: 12.0pt"">كي تفسير هے. ميں نے جواب ديا كه هميں معارف القرآن كے ذريعےاس كےبعض مقامات كےبارے</span><span dir=""ltr""></span><span dir=""ltr""></span><span lang=""AR-SA"" dir=""ltr"" style=""FONT-FAMILY: 'Jameel Noori Nastaleeq'; mso-bidi-font-size: 12.0pt""><span dir=""ltr""></span><span dir=""ltr""></span> </span><span lang=""AR-SA"" style=""FONT-FAMILY: 'Jameel Noori Nastaleeq'; mso-bidi-font-size: 12.0pt"">ميں كچھ معلومات حاصل هيں. اور بنده اردو اور عربي ميں مختلف تفاسير ديكھتا رهتا</span><span dir=""ltr""></span><span dir=""ltr""></span><span lang=""AR-SA"" dir=""ltr"" style=""FONT-FAMILY: 'Jameel Noori Nastaleeq'; mso-bidi-font-size: 12.0pt""><span dir=""ltr""></span><span dir=""ltr""></span> </span><span lang=""AR-SA"" style=""FONT-FAMILY: 'Jameel Noori Nastaleeq'; mso-bidi-font-size: 12.0pt"">هے.جيسےتفسير عثماني، ماجدي، بيان القرآن، معارف القرآن، قرطبي، بيضاوي ، ابن كثير،</span><span dir=""ltr""></span><span dir=""ltr""></span><span lang=""AR-SA"" dir=""ltr"" style=""FONT-FAMILY: 'Jameel Noori Nastaleeq'; mso-bidi-font-size: 12.0pt""><span dir=""ltr""></span><span dir=""ltr""></span> </span><span lang=""AR-SA"" style=""FONT-FAMILY: 'Jameel Noori Nastaleeq'; mso-bidi-font-size: 12.0pt"">طبري ، مولانا صلاح الدين يوسف كےتفسيري نوٹ، اور نعيم مراد أآبادي. اسكے باوجود</span><span dir=""ltr""></span><span dir=""ltr""></span><span lang=""AR-SA"" dir=""ltr"" style=""FONT-FAMILY: 'Jameel Noori Nastaleeq'; mso-bidi-font-size: 12.0pt""><span dir=""ltr""></span><span dir=""ltr""></span> </span><span lang=""AR-SA"" style=""FONT-FAMILY: 'Jameel Noori Nastaleeq'; mso-bidi-font-size: 12.0pt"">دوسرے دن سے اس تفسير كو اس مسجد سے غائب كرديا گيا. سوالات: 1) كيا تفسير مودودي</span><span dir=""ltr""></span><span dir=""ltr""></span><span lang=""AR-SA"" dir=""ltr"" style=""FONT-FAMILY: 'Jameel Noori Nastaleeq'; mso-bidi-font-size: 12.0pt""><span dir=""ltr""></span><span dir=""ltr""></span> </span><span lang=""AR-SA"" style=""FONT-FAMILY: 'Jameel Noori Nastaleeq'; mso-bidi-font-size: 12.0pt"">كا پڑھنا حرام هے؟ 2) اگر يه مصحف اس مسجد كيلئے كسي نےوقف كيا هوتو كيا اُسےاس</span><span dir=""ltr""></span><span dir=""ltr""></span><span lang=""AR-SA"" dir=""ltr"" style=""FONT-FAMILY: 'Jameel Noori Nastaleeq'; mso-bidi-font-size: 12.0pt""><span dir=""ltr""></span><span dir=""ltr""></span> </span><span lang=""AR-SA"" style=""FONT-FAMILY: 'Jameel Noori Nastaleeq'; mso-bidi-font-size: 12.0pt"">مسجد سے نكالا جاسكتاهے؟ 3) اگر يه كسي شخص كي ملكيت هو تو كيا دوسرا شخص وهاں سے</span><span dir=""ltr""></span><span dir=""ltr""></span><span lang=""AR-SA"" dir=""ltr"" style=""FONT-FAMILY: 'Jameel Noori Nastaleeq'; mso-bidi-font-size: 12.0pt""><span dir=""ltr""></span><span dir=""ltr""></span> </span><span lang=""AR-SA"" style=""FONT-FAMILY: 'Jameel Noori Nastaleeq'; mso-bidi-font-size: 12.0pt"">غائب كرسكتا هے؟ </span></p></h2>","<p>بسم الله الرحمن الرحيم</p><p> </p><p class=""MsoNormal"" dir=""rtl""><span lang=""AR-SA"" style=""FONT-FAMILY: 'Jameel Noori Nastaleeq'; mso-bidi-font-size: 12.0pt"">فتوی(ل): 727=564-5/1431</span></p><p class=""MsoNormal"" dir=""rtl""><span lang=""AR-SA"" style=""FONT-FAMILY: 'Jameel Noori Nastaleeq'; mso-bidi-font-size: 12.0pt""><o:p>&nbsp;</o:p></span></p><p class=""MsoNormal"" dir=""rtl""><span lang=""AR-SA"" style=""FONT-FAMILY: 'Jameel Noori Nastaleeq'; mso-bidi-font-size: 12.0pt""><span>&nbsp;</span>مودودی صاحب کی تفسیر تفہیم القرآن میں بہت سی چیزیں جمہور اہل سنت والجماعت کے مسلک کے خلاف ہیں، عامة المسلمین کا اس کو پڑھنا اعتقادی اورعملی گمراہی وغلطی کا موجب بن سکتا ہے اس لیے اس سے پرہیز لازم ہے جو حضرات اہل علم ہیں کتاب وسنت کا علم باقاعدہ معتمد اساتذہ سے حاصل کرکے اس پر استحکام رکھتے ہیں اور صحیح وغلط میں تمیز کرنے کا ان کو ملکہ راسخہ حاصل ہے ان کے لیے مضر نہیں۔( فتاویٰ محمودیہ: </span><span lang=""FA"" style=""FONT-FAMILY: 'Jameel Noori Nastaleeq'; mso-bidi-font-size: 12.0pt; mso-bidi-language: FA"">۲/۱۶۸)</span><span lang=""AR-SA"" style=""FONT-FAMILY: 'Jameel Noori Nastaleeq'; mso-bidi-font-size: 12.0pt""></span></p><p class=""MsoNormal"" dir=""rtl""><span lang=""AR-SA"" style=""FONT-FAMILY: 'Jameel Noori Nastaleeq'; mso-bidi-font-size: 12.0pt"">(</span><span lang=""FA"" style=""FONT-FAMILY: 'Jameel Noori Nastaleeq'; mso-bidi-font-size: 12.0pt; mso-bidi-language: FA"">۲) </span><span lang=""AR-SA"" style=""FONT-FAMILY: 'Jameel Noori Nastaleeq'; mso-bidi-font-size: 12.0pt"">جی ہاں! نکالا جاسکتا ہے، فقہاء نے صراحت کی ہے کہ کسی چیز میں مفسدہ اور مصلحت دونوں جمع ہوجائیں تو مفسدہ کی رعایت کی جائے گی</span><span dir=""ltr""></span><span dir=""ltr""></span><span lang=""EN-US"" dir=""ltr"" style=""""><span dir=""ltr""></span><span dir=""ltr""></span><font>:</font></span><span dir=""rtl""></span><span dir=""rtl""></span><span lang=""EN-US"" style=""""><span dir=""rtl""></span><span dir=""rtl""></span><font> <span>&nbsp;</span></font></span><font><span lang=""AR-SA"" style="""">فإذا تعارضت مفسدة ومصلحة قدم دفع المفسدة غالبًا لأن اعتناء الشرع بالمنہیات أشد من اعتنائہ بالمامورات ولذا قال علیہ السلام ?إذا أمرتکم بشيء فأتو منہ ما استطعتم وإذا نہیتکم عن شيء فاجتنبوہ? (الأشباہ والنظائر: </span><span lang=""FA"" style="" mso-bidi-language: FA"">۱/۲۶۴</span><span lang=""AR-SA"" style="""">، ط: کراچی)</span></font></p><p></p><br><span style=""font-size:1.2em"">
								<p><strong>واللہ تعالیٰ اعلم</strong></p>
								<br class=""clear"">
								<p><strong>دارالافتاء،</strong><br>دارالعلوم دیوبند</p>
							</span>",01-Sep-2020,21030,darulifta-deoband.com,عقائد و  ایمانیات,قرآن کریم,"<div id=""recent_fatwas"" class=""container tab-pane active""><br>
					<ul class=""answer_detail"">
												<li>
																					<div class=""cate_sec"">
								<p class=""category_name"">
									<span>
										عقائد و  ایمانیات									</span> 
									&gt;&gt; 
									<span>
																		<a href=""https://darulifta-deoband.com/ur/category/n-a/Nw=="">قرآن کریم</a>
									</span>
								</p>
								<p class=""quesid""><span class=""anser_id_urdu""> سوال نمبر: 21030</span><!--<span class=""country_urdu"">  : ملک</span> --></p>
							</div>
							<h2><u> عنوان:</u> <p class=""MsoNormal"" dir=""rtl""><span lang=""AR-SA"" style=""FONT-FAMILY: 'Jameel Noori Nastaleeq'; mso-bidi-font-size: 12.0pt"">مسجد ارقم ميں قرأن مع ترجمه وتفسير</span><span dir=""ltr""></span><span dir=""ltr""></span><span lang=""AR-SA"" dir=""ltr"" style=""FONT-FAMILY: 'Jameel Noori Nastaleeq'; mso-bidi-font-size: 12.0pt""><span dir=""ltr""></span><span dir=""ltr""></span> </span><span lang=""AR-SA"" style=""FONT-FAMILY: 'Jameel Noori Nastaleeq'; mso-bidi-font-size: 12.0pt"">مودودي گرد وغبار ميں پڑا هوا تھا.بنده تلاوت كيوقت ترجمه وتفسير والے قرأن كو</span><span dir=""ltr""></span><span dir=""ltr""></span><span lang=""AR-SA"" dir=""ltr"" style=""FONT-FAMILY: 'Jameel Noori Nastaleeq'; mso-bidi-font-size: 12.0pt""><span dir=""ltr""></span><span dir=""ltr""></span> </span><span lang=""AR-SA"" style=""FONT-FAMILY: 'Jameel Noori Nastaleeq'; mso-bidi-font-size: 12.0pt"">ترجيح ديتا هے. چونكه اس وقت وهي مفصل تھا. اسلئے سورة مائده كي آيت 106-107-108كے</span><span dir=""ltr""></span><span dir=""ltr""></span><span lang=""AR-SA"" dir=""ltr"" style=""FONT-FAMILY: 'Jameel Noori Nastaleeq'; mso-bidi-font-size: 12.0pt""><span dir=""ltr""></span><span dir=""ltr""></span> </span><span lang=""AR-SA"" style=""FONT-FAMILY: 'Jameel Noori Nastaleeq'; mso-bidi-font-size: 12.0pt"">ضمن ميں مسائل ديكھے. يه ديكھتےهي امام صاحب برهم هوئے اور كها كه يه مودودي صاحب</span><span dir=""ltr""></span><span dir=""ltr""></span><span lang=""AR-SA"" dir=""ltr"" style=""FONT-FAMILY: 'Jameel Noori Nastaleeq'; mso-bidi-font-size: 12.0pt""><span dir=""ltr""></span><span dir=""ltr""></span> </span><span lang=""AR-SA"" style=""FONT-FAMILY: 'Jameel Noori Nastaleeq'; mso-bidi-font-size: 12.0pt"">كي تفسير هے. ميں نے جواب ديا كه هميں معارف القرآن كے ذريعےاس كےبعض مقامات كےبارے</span><span dir=""ltr""></span><span dir=""ltr""></span><span lang=""AR-SA"" dir=""ltr"" style=""FONT-FAMILY: 'Jameel Noori Nastaleeq'; mso-bidi-font-size: 12.0pt""><span dir=""ltr""></span><span dir=""ltr""></span> </span><span lang=""AR-SA"" style=""FONT-FAMILY: 'Jameel Noori Nastaleeq'; mso-bidi-font-size: 12.0pt"">ميں كچھ معلومات حاصل هيں. اور بنده اردو اور عربي ميں مختلف تفاسير ديكھتا رهتا</span><span dir=""ltr""></span><span dir=""ltr""></span><span lang=""AR-SA"" dir=""ltr"" style=""FONT-FAMILY: 'Jameel Noori Nastaleeq'; mso-bidi-font-size: 12.0pt""><span dir=""ltr""></span><span dir=""ltr""></span> </span><span lang=""AR-SA"" style=""FONT-FAMILY: 'Jameel Noori Nastaleeq'; mso-bidi-font-size: 12.0pt"">هے.جيسےتفسير عثماني، ماجدي، بيان القرآن، معارف القرآن، قرطبي، بيضاوي ، ابن كثير،</span><span dir=""ltr""></span><span dir=""ltr""></span><span lang=""AR-SA"" dir=""ltr"" style=""FONT-FAMILY: 'Jameel Noori Nastaleeq'; mso-bidi-font-size: 12.0pt""><span dir=""ltr""></span><span dir=""ltr""></span> </span><span lang=""AR-SA"" style=""FONT-FAMILY: 'Jameel Noori Nastaleeq'; mso-bidi-font-size: 12.0pt"">طبري ، مولانا صلاح الدين يوسف كےتفسيري نوٹ، اور نعيم مراد أآبادي. اسكے باوجود</span><span dir=""ltr""></span><span dir=""ltr""></span><span lang=""AR-SA"" dir=""ltr"" style=""FONT-FAMILY: 'Jameel Noori Nastaleeq'; mso-bidi-font-size: 12.0pt""><span dir=""ltr""></span><span dir=""ltr""></span> </span><span lang=""AR-SA"" style=""FONT-FAMILY: 'Jameel Noori Nastaleeq'; mso-bidi-font-size: 12.0pt"">دوسرے دن سے اس تفسير كو اس مسجد سے غائب كرديا گيا. سوالات: 1) كيا تفسير مودودي</span><span dir=""ltr""></span><span dir=""ltr""></span><span lang=""AR-SA"" dir=""ltr"" style=""FONT-FAMILY: 'Jameel Noori Nastaleeq'; mso-bidi-font-size: 12.0pt""><span dir=""ltr""></span><span dir=""ltr""></span> </span><span lang=""AR-SA"" style=""FONT-FAMILY: 'Jameel Noori Nastaleeq'; mso-bidi-font-size: 12.0pt"">كا پڑھنا حرام هے؟ 2) اگر يه مصحف اس مسجد كيلئے كسي نےوقف كيا هوتو كيا اُسےاس</span><span dir=""ltr""></span><span dir=""ltr""></span><span lang=""AR-SA"" dir=""ltr"" style=""FONT-FAMILY: 'Jameel Noori Nastaleeq'; mso-bidi-font-size: 12.0pt""><span dir=""ltr""></span><span dir=""ltr""></span> </span><span lang=""AR-SA"" style=""FONT-FAMILY: 'Jameel Noori Nastaleeq'; mso-bidi-font-size: 12.0pt"">مسجد سے نكالا جاسكتاهے؟ 3) اگر يه كسي شخص كي ملكيت هو تو كيا دوسرا شخص وهاں سے</span><span dir=""ltr""></span><span dir=""ltr""></span><span lang=""AR-SA"" dir=""ltr"" style=""FONT-FAMILY: 'Jameel Noori Nastaleeq'; mso-bidi-font-size: 12.0pt""><span dir=""ltr""></span><span dir=""ltr""></span> </span><span lang=""AR-SA"" style=""FONT-FAMILY: 'Jameel Noori Nastaleeq'; mso-bidi-font-size: 12.0pt"">غائب كرسكتا هے؟ </span></p></h2>
							<h2><u> سوال: </u> <p class=""MsoNormal"" dir=""rtl""><span lang=""AR-SA"" style=""FONT-FAMILY: 'Jameel Noori Nastaleeq'; mso-bidi-font-size: 12.0pt"">مسجد ارقم ميں قرأن مع ترجمه وتفسير</span><span dir=""ltr""></span><span dir=""ltr""></span><span lang=""AR-SA"" dir=""ltr"" style=""FONT-FAMILY: 'Jameel Noori Nastaleeq'; mso-bidi-font-size: 12.0pt""><span dir=""ltr""></span><span dir=""ltr""></span> </span><span lang=""AR-SA"" style=""FONT-FAMILY: 'Jameel Noori Nastaleeq'; mso-bidi-font-size: 12.0pt"">مودودي گرد وغبار ميں پڑا هوا تھا.بنده تلاوت كيوقت ترجمه وتفسير والے قرأن كو</span><span dir=""ltr""></span><span dir=""ltr""></span><span lang=""AR-SA"" dir=""ltr"" style=""FONT-FAMILY: 'Jameel Noori Nastaleeq'; mso-bidi-font-size: 12.0pt""><span dir=""ltr""></span><span dir=""ltr""></span> </span><span lang=""AR-SA"" style=""FONT-FAMILY: 'Jameel Noori Nastaleeq'; mso-bidi-font-size: 12.0pt"">ترجيح ديتا هے. چونكه اس وقت وهي مفصل تھا. اسلئے سورة مائده كي آيت 106-107-108كے</span><span dir=""ltr""></span><span dir=""ltr""></span><span lang=""AR-SA"" dir=""ltr"" style=""FONT-FAMILY: 'Jameel Noori Nastaleeq'; mso-bidi-font-size: 12.0pt""><span dir=""ltr""></span><span dir=""ltr""></span> </span><span lang=""AR-SA"" style=""FONT-FAMILY: 'Jameel Noori Nastaleeq'; mso-bidi-font-size: 12.0pt"">ضمن ميں مسائل ديكھے. يه ديكھتےهي امام صاحب برهم هوئے اور كها كه يه مودودي صاحب</span><span dir=""ltr""></span><span dir=""ltr""></span><span lang=""AR-SA"" dir=""ltr"" style=""FONT-FAMILY: 'Jameel Noori Nastaleeq'; mso-bidi-font-size: 12.0pt""><span dir=""ltr""></span><span dir=""ltr""></span> </span><span lang=""AR-SA"" style=""FONT-FAMILY: 'Jameel Noori Nastaleeq'; mso-bidi-font-size: 12.0pt"">كي تفسير هے. ميں نے جواب ديا كه هميں معارف القرآن كے ذريعےاس كےبعض مقامات كےبارے</span><span dir=""ltr""></span><span dir=""ltr""></span><span lang=""AR-SA"" dir=""ltr"" style=""FONT-FAMILY: 'Jameel Noori Nastaleeq'; mso-bidi-font-size: 12.0pt""><span dir=""ltr""></span><span dir=""ltr""></span> </span><span lang=""AR-SA"" style=""FONT-FAMILY: 'Jameel Noori Nastaleeq'; mso-bidi-font-size: 12.0pt"">ميں كچھ معلومات حاصل هيں. اور بنده اردو اور عربي ميں مختلف تفاسير ديكھتا رهتا</span><span dir=""ltr""></span><span dir=""ltr""></span><span lang=""AR-SA"" dir=""ltr"" style=""FONT-FAMILY: 'Jameel Noori Nastaleeq'; mso-bidi-font-size: 12.0pt""><span dir=""ltr""></span><span dir=""ltr""></span> </span><span lang=""AR-SA"" style=""FONT-FAMILY: 'Jameel Noori Nastaleeq'; mso-bidi-font-size: 12.0pt"">هے.جيسےتفسير عثماني، ماجدي، بيان القرآن، معارف القرآن، قرطبي، بيضاوي ، ابن كثير،</span><span dir=""ltr""></span><span dir=""ltr""></span><span lang=""AR-SA"" dir=""ltr"" style=""FONT-FAMILY: 'Jameel Noori Nastaleeq'; mso-bidi-font-size: 12.0pt""><span dir=""ltr""></span><span dir=""ltr""></span> </span><span lang=""AR-SA"" style=""FONT-FAMILY: 'Jameel Noori Nastaleeq'; mso-bidi-font-size: 12.0pt"">طبري ، مولانا صلاح الدين يوسف كےتفسيري نوٹ، اور نعيم مراد أآبادي. اسكے باوجود</span><span dir=""ltr""></span><span dir=""ltr""></span><span lang=""AR-SA"" dir=""ltr"" style=""FONT-FAMILY: 'Jameel Noori Nastaleeq'; mso-bidi-font-size: 12.0pt""><span dir=""ltr""></span><span dir=""ltr""></span> </span><span lang=""AR-SA"" style=""FONT-FAMILY: 'Jameel Noori Nastaleeq'; mso-bidi-font-size: 12.0pt"">دوسرے دن سے اس تفسير كو اس مسجد سے غائب كرديا گيا. سوالات: 1) كيا تفسير مودودي</span><span dir=""ltr""></span><span dir=""ltr""></span><span lang=""AR-SA"" dir=""ltr"" style=""FONT-FAMILY: 'Jameel Noori Nastaleeq'; mso-bidi-font-size: 12.0pt""><span dir=""ltr""></span><span dir=""ltr""></span> </span><span lang=""AR-SA"" style=""FONT-FAMILY: 'Jameel Noori Nastaleeq'; mso-bidi-font-size: 12.0pt"">كا پڑھنا حرام هے؟ 2) اگر يه مصحف اس مسجد كيلئے كسي نےوقف كيا هوتو كيا اُسےاس</span><span dir=""ltr""></span><span dir=""ltr""></span><span lang=""AR-SA"" dir=""ltr"" style=""FONT-FAMILY: 'Jameel Noori Nastaleeq'; mso-bidi-font-size: 12.0pt""><span dir=""ltr""></span><span dir=""ltr""></span> </span><span lang=""AR-SA"" style=""FONT-FAMILY: 'Jameel Noori Nastaleeq'; mso-bidi-font-size: 12.0pt"">مسجد سے نكالا جاسكتاهے؟ 3) اگر يه كسي شخص كي ملكيت هو تو كيا دوسرا شخص وهاں سے</span><span dir=""ltr""></span><span dir=""ltr""></span><span lang=""AR-SA"" dir=""ltr"" style=""FONT-FAMILY: 'Jameel Noori Nastaleeq'; mso-bidi-font-size: 12.0pt""><span dir=""ltr""></span><span dir=""ltr""></span> </span><span lang=""AR-SA"" style=""FONT-FAMILY: 'Jameel Noori Nastaleeq'; mso-bidi-font-size: 12.0pt"">غائب كرسكتا هے؟ </span></p></h2>
							<p class=""fatwa_answer""><span class=""ans_urdu_id""> جواب نمبر: 21030</span><span style=""color:#efefef;display:none;"" class=""answer_date_urdu"">01-Sep-2020 : تاریخ اشاعت </span></p>
							<p>بسم الله الرحمن الرحيم</p>
							<p> </p><p class=""MsoNormal"" dir=""rtl""><span lang=""AR-SA"" style=""FONT-FAMILY: 'Jameel Noori Nastaleeq'; mso-bidi-font-size: 12.0pt"">فتوی(ل): 727=564-5/1431</span></p>
<p class=""MsoNormal"" dir=""rtl""><span lang=""AR-SA"" style=""FONT-FAMILY: 'Jameel Noori Nastaleeq'; mso-bidi-font-size: 12.0pt""><o:p>&nbsp;</o:p></span></p>
<p class=""MsoNormal"" dir=""rtl""><span lang=""AR-SA"" style=""FONT-FAMILY: 'Jameel Noori Nastaleeq'; mso-bidi-font-size: 12.0pt""><span>&nbsp;</span>مودودی صاحب کی تفسیر تفہیم القرآن میں بہت سی چیزیں جمہور اہل سنت والجماعت کے مسلک کے خلاف ہیں، عامة المسلمین کا اس کو پڑھنا اعتقادی اورعملی گمراہی وغلطی کا موجب بن سکتا ہے اس لیے اس سے پرہیز لازم ہے جو حضرات اہل علم ہیں کتاب وسنت کا علم باقاعدہ معتمد اساتذہ سے حاصل کرکے اس پر استحکام رکھتے ہیں اور صحیح وغلط میں تمیز کرنے کا ان کو ملکہ راسخہ حاصل ہے ان کے لیے مضر نہیں۔( فتاویٰ محمودیہ: </span><span lang=""FA"" style=""FONT-FAMILY: 'Jameel Noori Nastaleeq'; mso-bidi-font-size: 12.0pt; mso-bidi-language: FA"">۲/۱۶۸)</span><span lang=""AR-SA"" style=""FONT-FAMILY: 'Jameel Noori Nastaleeq'; mso-bidi-font-size: 12.0pt""></span></p>
<p class=""MsoNormal"" dir=""rtl""><span lang=""AR-SA"" style=""FONT-FAMILY: 'Jameel Noori Nastaleeq'; mso-bidi-font-size: 12.0pt"">(</span><span lang=""FA"" style=""FONT-FAMILY: 'Jameel Noori Nastaleeq'; mso-bidi-font-size: 12.0pt; mso-bidi-language: FA"">۲) </span><span lang=""AR-SA"" style=""FONT-FAMILY: 'Jameel Noori Nastaleeq'; mso-bidi-font-size: 12.0pt"">جی ہاں! نکالا جاسکتا ہے، فقہاء نے صراحت کی ہے کہ کسی چیز میں مفسدہ اور مصلحت دونوں جمع ہوجائیں تو مفسدہ کی رعایت کی جائے گی</span><span dir=""ltr""></span><span dir=""ltr""></span><span lang=""EN-US"" dir=""ltr"" style=""""><span dir=""ltr""></span><span dir=""ltr""></span><font>:</font></span><span dir=""rtl""></span><span dir=""rtl""></span><span lang=""EN-US"" style=""""><span dir=""rtl""></span><span dir=""rtl""></span><font> <span>&nbsp;</span></font></span><font><span lang=""AR-SA"" style="""">فإذا تعارضت مفسدة ومصلحة قدم دفع المفسدة غالبًا لأن اعتناء الشرع بالمنہیات أشد من اعتنائہ بالمامورات ولذا قال علیہ السلام ?إذا أمرتکم بشيء فأتو منہ ما استطعتم وإذا نہیتکم عن شيء فاجتنبوہ? (الأشباہ والنظائر: </span><span lang=""FA"" style="" mso-bidi-language: FA"">۱/۲۶۴</span><span lang=""AR-SA"" style="""">، ط: کراچی)</span></font></p><p></p> 
							<br>
							<span style=""font-size:1.2em"">
								<p><strong>واللہ تعالیٰ اعلم</strong></p>
								<br class=""clear"">
								<p><strong>دارالافتاء،</strong><br>دارالعلوم دیوبند</p>
							</span>
						</li>
											</ul>
				</div>"
https://darulifta-deoband.com/home/ur/the-holy-quran/20877,بچے قرآن پڑھ رہے ہوں اور اذان ہو جائے تو اس وقت اذان سننا ضروری ہے یا بچے پڑھاتے رہے ۔ واضح رہے کہ ان کے پڑھنے کا وقت متعین ہے اور کم ہے۔,"<h2><u> سوال: </u> <p class=""MsoNormal"" dir=""rtl""><span lang=""AR-SA"" style=""FONT-FAMILY: 'Jameel Noori Nastaleeq'; mso-bidi-font-size: 12.0pt; mso-ansi-language: EN-IN"">بچے قرآن پڑھ رہے ہوں اور اذان ہو جائے تو اس وقت اذان سننا ضروری ہے یا بچے پڑھاتے رہے ۔ واضح رہے کہ ان کے پڑھنے کا وقت متعین ہے اور کم ہے۔ </span></p></h2>","<p>بسم الله الرحمن الرحيم</p><p> </p><p class=""MsoNormal"" dir=""rtl""><span lang=""AR-SA"" style=""FONT-FAMILY: 'Jameel Noori Nastaleeq'; mso-bidi-font-size: 12.0pt; mso-ansi-language: EN-IN"">فتوی(م):398=398-4/1431</span></p><p class=""MsoNormal"" dir=""rtl""><span lang=""AR-SA"" style=""FONT-FAMILY: 'Jameel Noori Nastaleeq'; mso-bidi-font-size: 12.0pt; mso-ansi-language: EN-IN""><o:p>&nbsp;</o:p></span></p><p class=""MsoNormal"" dir=""rtl""><span lang=""AR-SA"" style=""FONT-FAMILY: 'Jameel Noori Nastaleeq'; mso-bidi-font-size: 12.0pt; mso-ansi-language: EN-IN"">ضروری نہیں البتہ بہتر یہ ہے کہ قرآن پڑھنا موقوف کردے اوراذان خاموشی کے ساتھ سن کر اس کا جواب دے، لا یردّ السلام ولا یسلم ولا یقرأ بل لیقطعہا ویجیب ولا یشتغل بغیر الإجابة (درمختار)</span></p><p></p><br><span style=""font-size:1.2em"">
								<p><strong>واللہ تعالیٰ اعلم</strong></p>
								<br class=""clear"">
								<p><strong>دارالافتاء،</strong><br>دارالعلوم دیوبند</p>
							</span>",01-Sep-2020,20877,darulifta-deoband.com,عقائد و  ایمانیات,قرآن کریم,"<div id=""recent_fatwas"" class=""container tab-pane active""><br>
					<ul class=""answer_detail"">
												<li>
																					<div class=""cate_sec"">
								<p class=""category_name"">
									<span>
										عقائد و  ایمانیات									</span> 
									&gt;&gt; 
									<span>
																		<a href=""https://darulifta-deoband.com/ur/category/n-a/Nw=="">قرآن کریم</a>
									</span>
								</p>
								<p class=""quesid""><span class=""anser_id_urdu""> سوال نمبر: 20877</span><!--<span class=""country_urdu"">  : ملک</span> --></p>
							</div>
							<h2><u> عنوان:</u> <p class=""MsoNormal"" dir=""rtl""><span lang=""AR-SA"" style=""FONT-FAMILY: 'Jameel Noori Nastaleeq'; mso-bidi-font-size: 12.0pt; mso-ansi-language: EN-IN"">بچے قرآن پڑھ رہے ہوں اور اذان ہو جائے تو اس وقت اذان سننا ضروری ہے یا بچے پڑھاتے رہے ۔ واضح رہے کہ ان کے پڑھنے کا وقت متعین ہے اور کم ہے۔ </span></p></h2>
							<h2><u> سوال: </u> <p class=""MsoNormal"" dir=""rtl""><span lang=""AR-SA"" style=""FONT-FAMILY: 'Jameel Noori Nastaleeq'; mso-bidi-font-size: 12.0pt; mso-ansi-language: EN-IN"">بچے قرآن پڑھ رہے ہوں اور اذان ہو جائے تو اس وقت اذان سننا ضروری ہے یا بچے پڑھاتے رہے ۔ واضح رہے کہ ان کے پڑھنے کا وقت متعین ہے اور کم ہے۔ </span></p></h2>
							<p class=""fatwa_answer""><span class=""ans_urdu_id""> جواب نمبر: 20877</span><span style=""color:#efefef;display:none;"" class=""answer_date_urdu"">01-Sep-2020 : تاریخ اشاعت </span></p>
							<p>بسم الله الرحمن الرحيم</p>
							<p> </p><p class=""MsoNormal"" dir=""rtl""><span lang=""AR-SA"" style=""FONT-FAMILY: 'Jameel Noori Nastaleeq'; mso-bidi-font-size: 12.0pt; mso-ansi-language: EN-IN"">فتوی(م):398=398-4/1431</span></p>
<p class=""MsoNormal"" dir=""rtl""><span lang=""AR-SA"" style=""FONT-FAMILY: 'Jameel Noori Nastaleeq'; mso-bidi-font-size: 12.0pt; mso-ansi-language: EN-IN""><o:p>&nbsp;</o:p></span></p>
<p class=""MsoNormal"" dir=""rtl""><span lang=""AR-SA"" style=""FONT-FAMILY: 'Jameel Noori Nastaleeq'; mso-bidi-font-size: 12.0pt; mso-ansi-language: EN-IN"">ضروری نہیں البتہ بہتر یہ ہے کہ قرآن پڑھنا موقوف کردے اوراذان خاموشی کے ساتھ سن کر اس کا جواب دے، لا یردّ السلام ولا یسلم ولا یقرأ بل لیقطعہا ویجیب ولا یشتغل بغیر الإجابة (درمختار)</span></p><p></p> 
							<br>
							<span style=""font-size:1.2em"">
								<p><strong>واللہ تعالیٰ اعلم</strong></p>
								<br class=""clear"">
								<p><strong>دارالافتاء،</strong><br>دارالعلوم دیوبند</p>
							</span>
						</li>
											</ul>
				</div>"
https://darulifta-deoband.com/home/ur/the-holy-quran/20597,اگر کوئی حالت جنابت میں ہو اور جو دعائیں قرآن مجید سے ہوں مثلاً آیت الکرسی، یا معوذتین، یا بہت سی اور چھوٹی بڑی دعائیں جو ہم پڑھتے ہیں اور وہ قرآن مجید سیہیں یا جیسے بسم اللہ جو قرآن مجید میں بھی ہے تو ان قرآنی دعاؤں کا حالت جنابت میں دعا کی نیت کرکے پڑھنا کیسا ہے ؟اور ان کے پڑھتے وقت اعوذ باللہ اور بسم اللہ جس طرح قرآن پڑھتے وقت پڑھتے ہیں پڑھیں یا نہیں؟,"<h2><u> سوال: </u> <p class=""MsoNormal"" dir=""rtl""><span lang=""AR-SA"" style=""FONT-FAMILY: 'Jameel Noori Nastaleeq'; mso-bidi-font-size: 12.0pt; mso-ansi-language: EN-IN"">اگر کوئی حالت جنابت میں ہو اور جو دعائیں قرآن مجید سے ہوں مثلاً آیت الکرسی، یا معوذتین، یا بہت سی اور چھوٹی بڑی دعائیں جو ہم پڑھتے ہیں اور وہ قرآن مجید سیہیں یا جیسے بسم اللہ جو قرآن مجید میں بھی ہے تو ان قرآنی دعاؤں کا حالت جنابت میں دعا کی نیت کرکے پڑھنا کیسا ہے ؟اور ان کے پڑھتے وقت اعوذ باللہ اور بسم اللہ جس طرح قرآن پڑھتے وقت پڑھتے ہیں پڑھیں یا نہیں؟ </span></p></h2>","<p>بسم الله الرحمن الرحيم</p><p> </p><p class=""MsoNormal"" dir=""rtl""><span lang=""AR-SA"" style=""FONT-FAMILY: 'Jameel Noori Nastaleeq'; mso-bidi-font-size: 12.0pt; mso-ansi-language: EN-IN"">فتوی(ب): 426=379-4/1431</span></p><p class=""MsoNormal"" dir=""rtl""><span lang=""AR-SA"" style=""FONT-FAMILY: 'Jameel Noori Nastaleeq'; mso-bidi-font-size: 12.0pt; mso-ansi-language: EN-IN""><o:p>&nbsp;</o:p></span></p><p class=""MsoNormal"" dir=""rtl""><span lang=""AR-SA"" style=""FONT-FAMILY: 'Jameel Noori Nastaleeq'; mso-bidi-font-size: 12.0pt; mso-ansi-language: EN-IN"">دعاء کے طور پر پڑھنے کی اجازت ہے۔ اوران کے پڑھتے وقت اعوذ باللہ اور بسم اللہ پڑھنے کی ضرورت نہیں۔ یہ دونوں تلاوت کے لیے پڑھا جاتا ہے۔ تلاوت کی نیت سے مذکورہ آیات پڑھنا جائز نہیں۔</span></p><p></p><br><span style=""font-size:1.2em"">
								<p><strong>واللہ تعالیٰ اعلم</strong></p>
								<br class=""clear"">
								<p><strong>دارالافتاء،</strong><br>دارالعلوم دیوبند</p>
							</span>",01-Sep-2020,20597,darulifta-deoband.com,عقائد و  ایمانیات,قرآن کریم,"<div id=""recent_fatwas"" class=""container tab-pane active""><br>
					<ul class=""answer_detail"">
												<li>
																					<div class=""cate_sec"">
								<p class=""category_name"">
									<span>
										عقائد و  ایمانیات									</span> 
									&gt;&gt; 
									<span>
																		<a href=""https://darulifta-deoband.com/ur/category/n-a/Nw=="">قرآن کریم</a>
									</span>
								</p>
								<p class=""quesid""><span class=""anser_id_urdu""> سوال نمبر: 20597</span><!--<span class=""country_urdu"">  : ملک</span> --></p>
							</div>
							<h2><u> عنوان:</u> <p class=""MsoNormal"" dir=""rtl""><span lang=""AR-SA"" style=""FONT-FAMILY: 'Jameel Noori Nastaleeq'; mso-bidi-font-size: 12.0pt; mso-ansi-language: EN-IN"">اگر کوئی حالت جنابت میں ہو اور جو دعائیں قرآن مجید سے ہوں مثلاً آیت الکرسی، یا معوذتین، یا بہت سی اور چھوٹی بڑی دعائیں جو ہم پڑھتے ہیں اور وہ قرآن مجید سیہیں یا جیسے بسم اللہ جو قرآن مجید میں بھی ہے تو ان قرآنی دعاؤں کا حالت جنابت میں دعا کی نیت کرکے پڑھنا کیسا ہے ؟اور ان کے پڑھتے وقت اعوذ باللہ اور بسم اللہ جس طرح قرآن پڑھتے وقت پڑھتے ہیں پڑھیں یا نہیں؟ </span></p></h2>
							<h2><u> سوال: </u> <p class=""MsoNormal"" dir=""rtl""><span lang=""AR-SA"" style=""FONT-FAMILY: 'Jameel Noori Nastaleeq'; mso-bidi-font-size: 12.0pt; mso-ansi-language: EN-IN"">اگر کوئی حالت جنابت میں ہو اور جو دعائیں قرآن مجید سے ہوں مثلاً آیت الکرسی، یا معوذتین، یا بہت سی اور چھوٹی بڑی دعائیں جو ہم پڑھتے ہیں اور وہ قرآن مجید سیہیں یا جیسے بسم اللہ جو قرآن مجید میں بھی ہے تو ان قرآنی دعاؤں کا حالت جنابت میں دعا کی نیت کرکے پڑھنا کیسا ہے ؟اور ان کے پڑھتے وقت اعوذ باللہ اور بسم اللہ جس طرح قرآن پڑھتے وقت پڑھتے ہیں پڑھیں یا نہیں؟ </span></p></h2>
							<p class=""fatwa_answer""><span class=""ans_urdu_id""> جواب نمبر: 20597</span><span style=""color:#efefef;display:none;"" class=""answer_date_urdu"">01-Sep-2020 : تاریخ اشاعت </span></p>
							<p>بسم الله الرحمن الرحيم</p>
							<p> </p><p class=""MsoNormal"" dir=""rtl""><span lang=""AR-SA"" style=""FONT-FAMILY: 'Jameel Noori Nastaleeq'; mso-bidi-font-size: 12.0pt; mso-ansi-language: EN-IN"">فتوی(ب): 426=379-4/1431</span></p>
<p class=""MsoNormal"" dir=""rtl""><span lang=""AR-SA"" style=""FONT-FAMILY: 'Jameel Noori Nastaleeq'; mso-bidi-font-size: 12.0pt; mso-ansi-language: EN-IN""><o:p>&nbsp;</o:p></span></p>
<p class=""MsoNormal"" dir=""rtl""><span lang=""AR-SA"" style=""FONT-FAMILY: 'Jameel Noori Nastaleeq'; mso-bidi-font-size: 12.0pt; mso-ansi-language: EN-IN"">دعاء کے طور پر پڑھنے کی اجازت ہے۔ اوران کے پڑھتے وقت اعوذ باللہ اور بسم اللہ پڑھنے کی ضرورت نہیں۔ یہ دونوں تلاوت کے لیے پڑھا جاتا ہے۔ تلاوت کی نیت سے مذکورہ آیات پڑھنا جائز نہیں۔</span></p><p></p> 
							<br>
							<span style=""font-size:1.2em"">
								<p><strong>واللہ تعالیٰ اعلم</strong></p>
								<br class=""clear"">
								<p><strong>دارالافتاء،</strong><br>دارالعلوم دیوبند</p>
							</span>
						</li>
											</ul>
				</div>"
https://darulifta-deoband.com/home/ur/the-holy-quran/20521,ان مولانا کا نام بتائیں جنھوں نے بغیر نقطہ کی تفسیر لکھی ہے غالباً وہ زمانہ اکبر بادشاہ کا تھا؟,"<h2><u> سوال: </u> <p class=""MsoNormal"" dir=""rtl""><span lang=""ER"" style=""FONT-FAMILY: 'Jameel Noori Nastaleeq'; mso-bidi-font-size: 12.0pt; mso-bidi-language: ER"">ان مولانا کا نام بتائیں جنھوں نے بغیر نقطہ کی تفسیر لکھی ہے غالباً وہ زمانہ اکبر بادشاہ کا تھا؟</span></p></h2>","<p>بسم الله الرحمن الرحيم</p><p> </p><p class=""MsoNormal"" dir=""rtl""><span lang=""ER"" style=""FONT-FAMILY: 'Jameel Noori Nastaleeq'; mso-bidi-font-size: 12.0pt; mso-bidi-language: ER"">فتوی(ب): 334=75</span><span lang=""EN-US"" dir=""ltr"" style=""FONT-FAMILY: 'Jameel Noori Nastaleeq'; mso-bidi-font-size: 12.0pt; mso-bidi-language: ER"">tb-3/1431</span><span lang=""ER"" style=""FONT-FAMILY: 'Jameel Noori Nastaleeq'; mso-bidi-font-size: 12.0pt; mso-bidi-language: ER""></span></p><p class=""MsoNormal"" dir=""rtl""><span lang=""ER"" style=""FONT-FAMILY: 'Jameel Noori Nastaleeq'; mso-bidi-font-size: 12.0pt; mso-bidi-language: ER""><o:p>&nbsp;</o:p></span></p><p class=""MsoNormal"" dir=""rtl""><span lang=""ER"" style=""FONT-FAMILY: 'Jameel Noori Nastaleeq'; mso-bidi-font-size: 12.0pt; mso-bidi-language: ER"">اس کتاب کا نام ?سواطع الالہام? ہے۔ اور اس کے مصنف کا نام ?ابوالفیض فیضی? ہے۔</span></p><p></p><br><span style=""font-size:1.2em"">
								<p><strong>واللہ تعالیٰ اعلم</strong></p>
								<br class=""clear"">
								<p><strong>دارالافتاء،</strong><br>دارالعلوم دیوبند</p>
							</span>",01-Sep-2020,20521,darulifta-deoband.com,عقائد و  ایمانیات,قرآن کریم,"<div id=""recent_fatwas"" class=""container tab-pane active""><br>
					<ul class=""answer_detail"">
												<li>
																					<div class=""cate_sec"">
								<p class=""category_name"">
									<span>
										عقائد و  ایمانیات									</span> 
									&gt;&gt; 
									<span>
																		<a href=""https://darulifta-deoband.com/ur/category/n-a/Nw=="">قرآن کریم</a>
									</span>
								</p>
								<p class=""quesid""><span class=""anser_id_urdu""> سوال نمبر: 20521</span><!--<span class=""country_urdu"">  : ملک</span> --></p>
							</div>
							<h2><u> عنوان:</u> <p class=""MsoNormal"" dir=""rtl""><span lang=""ER"" style=""FONT-FAMILY: 'Jameel Noori Nastaleeq'; mso-bidi-font-size: 12.0pt; mso-bidi-language: ER"">ان مولانا کا نام بتائیں جنھوں نے بغیر نقطہ کی تفسیر لکھی ہے غالباً وہ زمانہ اکبر بادشاہ کا تھا؟</span></p></h2>
							<h2><u> سوال: </u> <p class=""MsoNormal"" dir=""rtl""><span lang=""ER"" style=""FONT-FAMILY: 'Jameel Noori Nastaleeq'; mso-bidi-font-size: 12.0pt; mso-bidi-language: ER"">ان مولانا کا نام بتائیں جنھوں نے بغیر نقطہ کی تفسیر لکھی ہے غالباً وہ زمانہ اکبر بادشاہ کا تھا؟</span></p></h2>
							<p class=""fatwa_answer""><span class=""ans_urdu_id""> جواب نمبر: 20521</span><span style=""color:#efefef;display:none;"" class=""answer_date_urdu"">01-Sep-2020 : تاریخ اشاعت </span></p>
							<p>بسم الله الرحمن الرحيم</p>
							<p> </p><p class=""MsoNormal"" dir=""rtl""><span lang=""ER"" style=""FONT-FAMILY: 'Jameel Noori Nastaleeq'; mso-bidi-font-size: 12.0pt; mso-bidi-language: ER"">فتوی(ب): 334=75</span><span lang=""EN-US"" dir=""ltr"" style=""FONT-FAMILY: 'Jameel Noori Nastaleeq'; mso-bidi-font-size: 12.0pt; mso-bidi-language: ER"">tb-3/1431</span><span lang=""ER"" style=""FONT-FAMILY: 'Jameel Noori Nastaleeq'; mso-bidi-font-size: 12.0pt; mso-bidi-language: ER""></span></p>
<p class=""MsoNormal"" dir=""rtl""><span lang=""ER"" style=""FONT-FAMILY: 'Jameel Noori Nastaleeq'; mso-bidi-font-size: 12.0pt; mso-bidi-language: ER""><o:p>&nbsp;</o:p></span></p>
<p class=""MsoNormal"" dir=""rtl""><span lang=""ER"" style=""FONT-FAMILY: 'Jameel Noori Nastaleeq'; mso-bidi-font-size: 12.0pt; mso-bidi-language: ER"">اس کتاب کا نام ?سواطع الالہام? ہے۔ اور اس کے مصنف کا نام ?ابوالفیض فیضی? ہے۔</span></p><p></p> 
							<br>
							<span style=""font-size:1.2em"">
								<p><strong>واللہ تعالیٰ اعلم</strong></p>
								<br class=""clear"">
								<p><strong>دارالافتاء،</strong><br>دارالعلوم دیوبند</p>
							</span>
						</li>
											</ul>
				</div>"
https://darulifta-deoband.com/home/ur/the-holy-quran/20463,قرآن خوانی پر پیسے لینا کیسا ہے؟,"<h2><u> سوال: </u> <p class=""MsoNormal"" dir=""rtl""><span dir=""rtl""></span><span lang=""AR-SA"" style=""FONT-FAMILY: 'Jameel Noori Nastaleeq'; mso-bidi-font-size: 12.0pt; mso-ansi-language: EN-IN""><span dir=""rtl""></span><span>&nbsp;</span>قرآن خوانی پر پیسے لینا کیسا ہے؟</span></p></h2>","<p>بسم الله الرحمن الرحيم</p><p> </p><p class=""MsoNormal"" dir=""rtl""><span lang=""AR-SA"" style=""FONT-FAMILY: 'Jameel Noori Nastaleeq'; mso-bidi-font-size: 12.0pt; mso-ansi-language: EN-IN"">فتوی(ب): 447=378-4/1431</span></p><p class=""MsoNormal"" dir=""rtl""><span lang=""AR-SA"" style=""FONT-FAMILY: 'Jameel Noori Nastaleeq'; mso-bidi-font-size: 12.0pt; mso-ansi-language: EN-IN""><o:p>&nbsp;</o:p></span></p><p class=""MsoNormal"" dir=""rtl""><span lang=""AR-SA"" style=""FONT-FAMILY: 'Jameel Noori Nastaleeq'; mso-bidi-font-size: 12.0pt; mso-ansi-language: EN-IN"">قرآن پڑھنے، سننے اور سنانے پر پیسے لینا یہ اجرت ہے جو شرعاً ناجائز وحرام ہے، حدیث شریف میں آتا ہے: اقروٴالقرآن ولا تاکلوا بہ (رواہ احمد)۔ ہاں قرآن کی تعلیم پر یعنی وہ معلم اور استاذ ہے، قرآن کی تعلیم دیتا ہے، دوسروں کو پڑھاتا ہے تو وہ اجرت لے سکتا ہے، اس کے لیے جائز ہے: أجازہ المتأخرون لخوف ضیاع الدین․</span></p><p></p><br><span style=""font-size:1.2em"">
								<p><strong>واللہ تعالیٰ اعلم</strong></p>
								<br class=""clear"">
								<p><strong>دارالافتاء،</strong><br>دارالعلوم دیوبند</p>
							</span>",01-Sep-2020,20463,darulifta-deoband.com,عقائد و  ایمانیات,قرآن کریم,"<div id=""recent_fatwas"" class=""container tab-pane active""><br>
					<ul class=""answer_detail"">
												<li>
																					<div class=""cate_sec"">
								<p class=""category_name"">
									<span>
										عقائد و  ایمانیات									</span> 
									&gt;&gt; 
									<span>
																		<a href=""https://darulifta-deoband.com/ur/category/n-a/Nw=="">قرآن کریم</a>
									</span>
								</p>
								<p class=""quesid""><span class=""anser_id_urdu""> سوال نمبر: 20463</span><!--<span class=""country_urdu"">  : ملک</span> --></p>
							</div>
							<h2><u> عنوان:</u> <p class=""MsoNormal"" dir=""rtl""><span dir=""rtl""></span><span lang=""AR-SA"" style=""FONT-FAMILY: 'Jameel Noori Nastaleeq'; mso-bidi-font-size: 12.0pt; mso-ansi-language: EN-IN""><span dir=""rtl""></span><span>&nbsp;</span>قرآن خوانی پر پیسے لینا کیسا ہے؟</span></p></h2>
							<h2><u> سوال: </u> <p class=""MsoNormal"" dir=""rtl""><span dir=""rtl""></span><span lang=""AR-SA"" style=""FONT-FAMILY: 'Jameel Noori Nastaleeq'; mso-bidi-font-size: 12.0pt; mso-ansi-language: EN-IN""><span dir=""rtl""></span><span>&nbsp;</span>قرآن خوانی پر پیسے لینا کیسا ہے؟</span></p></h2>
							<p class=""fatwa_answer""><span class=""ans_urdu_id""> جواب نمبر: 20463</span><span style=""color:#efefef;display:none;"" class=""answer_date_urdu"">01-Sep-2020 : تاریخ اشاعت </span></p>
							<p>بسم الله الرحمن الرحيم</p>
							<p> </p><p class=""MsoNormal"" dir=""rtl""><span lang=""AR-SA"" style=""FONT-FAMILY: 'Jameel Noori Nastaleeq'; mso-bidi-font-size: 12.0pt; mso-ansi-language: EN-IN"">فتوی(ب): 447=378-4/1431</span></p>
<p class=""MsoNormal"" dir=""rtl""><span lang=""AR-SA"" style=""FONT-FAMILY: 'Jameel Noori Nastaleeq'; mso-bidi-font-size: 12.0pt; mso-ansi-language: EN-IN""><o:p>&nbsp;</o:p></span></p>
<p class=""MsoNormal"" dir=""rtl""><span lang=""AR-SA"" style=""FONT-FAMILY: 'Jameel Noori Nastaleeq'; mso-bidi-font-size: 12.0pt; mso-ansi-language: EN-IN"">قرآن پڑھنے، سننے اور سنانے پر پیسے لینا یہ اجرت ہے جو شرعاً ناجائز وحرام ہے، حدیث شریف میں آتا ہے: اقروٴالقرآن ولا تاکلوا بہ (رواہ احمد)۔ ہاں قرآن کی تعلیم پر یعنی وہ معلم اور استاذ ہے، قرآن کی تعلیم دیتا ہے، دوسروں کو پڑھاتا ہے تو وہ اجرت لے سکتا ہے، اس کے لیے جائز ہے: أجازہ المتأخرون لخوف ضیاع الدین․</span></p><p></p> 
							<br>
							<span style=""font-size:1.2em"">
								<p><strong>واللہ تعالیٰ اعلم</strong></p>
								<br class=""clear"">
								<p><strong>دارالافتاء،</strong><br>دارالعلوم دیوبند</p>
							</span>
						</li>
											</ul>
				</div>"
