issued_at,link,title,question_html,answer_html,fatwa_number,dar_ul_ifta,category_lvl_1,category_lvl_2,html_container
2020-10-17,https://almuftionline.com/2020/10/17/2850/,لفظ آزاد سے طلاق کا حکم,"<p>خلاصہ سوال:    میرے میاں کو کچھ بیماری ہے جس کی وجہ سے ہماری ازدواجی زندگی بالکل ختم ہے۔ کئی مرتبہ جھگڑا ہوا تو میاں صاحب نے کہا کہ تم میری طرف سے آزاد ہو، جہاں چاہو جا سکتی ہو۔</p><p><span dir=""RTL"">دو سال ہو گئے ہیں یہ لفظ کہتے ہوئے۔ اس چیز کے گواہ میرے بچے بھی ہیں۔  مہربانی کرکے مجھے اس مسئلے کا حل بتائیے۔</span></p>","<h4 class=""has-text-align-center"">اَلجَوَابْ بِاسْمِ مُلْہِمِ الصَّوَابْ

</h4><p>لفظ""آزاد ہو"" کی نسبت جب نکاح کی جانب نہ ہو تو یہ طلاق کے کنائی الفاظ میں سے ہے۔ نیت یا قرینہ موجود ہونے کی صورت میں اس جملے سے طلاق واقع ہو جاتی ہے۔ سوال میں مذکور صورت کے مطابق لڑائی کے دوران شوہر  نے کہا کہ ""تم میری طرف سے آزاد ہو۔"" یہ جملہ چونکہ شوہر نے بیوی کے سوال کے جواب میں نہیں کہا بلکہ غصے میں کہا ہے تو دیکھا جائے گا کہ یہاں گفتگو کیا ہو رہی تھی؟</p><p> اگر گفتگو ایسی تھی جس میں یہ لفظ برا بھلا کہنے کے لیے بھی استعمال ہو سکتا تھا اور طلاق کے لیے بھی، تو شوہر سے پوچھا جائے گا کہ اس کی کیا نیت تھی؟ اگر اس کی نیت طلاق کی تھی تو ایک طلاق واقع ہو گئی۔ پھر اگر دوبارہ یا سہ بارہ یہی جملہ کہا تو مزید طلاق نہیں ہوئی۔ اگر آپ کی تین ماہواریاں گزر چکی ہیں تو آپ کہیں بھی نکاح کر سکتی ہیں اور اگر سابقہ شوہر کے ساتھ رہنا چاہیں تو نئے سرے سے نکاح کر کے رہ سکتی ہیں۔ اور اگر شوہر قسم کھا کر یہ کہتا ہے کہ اس کی نیت طلاق کی نہیں تھی تو کوئی طلاق واقع نہیں ہوئی اور پچھلا نکاح باقی ہے۔</p><p>اگر گفتگو ایسی نہیں تھی جس میں یہ لفظ برا بھلا کہنے کے لیے استعمال ہوتا تو ایک طلاق واقع ہو گئی۔ پھر اگر دوبارہ یا سہ بارہ یہی جملہ کہا تو مزید طلاق نہیں ہوئی۔ اگر آپ کی تین ماہواریاں گزر چکی ہیں تو آپ کہیں بھی نکاح کر سکتی ہیں اور اگر سابقہ شوہر کے ساتھ رہنا چاہیں تو نئے سرے سے نکاح کر کے رہ سکتی ہیں۔</p><p><span dir=""RTL"">اگر یہ یاد نہ ہو کہ گفتگو کس قسم کی تھی تو احتیاطاً تجدید نکاح کر لیں۔</span></p><h6 class=""has-text-align-right"">حوالہ جات</h6><div style=""direction: rtl;font-family: Amiri;
    
     font-size: 13px; font-weight: 400;""><p>الحالات ثلاث: رضا وغضب ومذاكرة والكنايات ثلاث ما يحتمل الرد أو ما يصلح للسب، أو لا ولا (فنحو اخرجي واذهبي وقومي) تقنعي تخمري استتري انتقلي انطلقي اغربي اعزبي من الغربة أو من العزوبة (يحتمل ردا، ونحو خلية برية حرام بائن) ومرادفها كبتة بتلة (يصلح سبا، ونحو اعتدي واستبرئي رحمك، أنت واحدة، أنت حرة، اختاري أمرك بيدك سرحتك، فارقتك لا يحتمل السب والرد، ففي حالة الرضا) أي غير الغضب والمذاكرة (تتوقف الأقسام) الثلاثة تأثيرا (على نية) للاحتمال والقول له بيمينه في عدم النية ويكفي تحليفها له في منزله.</p>
<p>(الدر المختار و حاشية ابن عابدين، 3/300، ط: دار الفكر)</p>
</div><p>محمد اویس پراچہ     </p><p>دار الافتاء، جامعۃ الرشید</p><p>تاریخ: 29/ صفر المظفر 1442ھ</p><h6 class=""has-text-align-center"">
واللہ سبحانہ وتعالی اعلم
</h6><figure class=""wp-block-table""><table><tbody><tr><td><h3>مجیب</h3></td><td>محمد اویس پراچہ</td><td><h3>مفتیان</h3></td><td>سیّد عابد شاہ صاحب / محمد حسین خلیل خیل صاحب</td></tr></tbody></table></figure>",70281,jameya-tur-rasheed,طلاق کے احکام,الفاظ کنایہ سے طلاق  کا بیان,"<div class=""pagelayer-col-holder""><div class=""p-kgd1425 pagelayer-post_excerpt"" pagelayer-id=""kgd1425"">
<style pagelayer-style-id=""kgd1425"">.p-kgd1425 .pagelayer-post-excerpt{color:#adb5bd;font-family: ; font-size: 15px !important; font-style: Italic !important; font-weight: 500 !important; font-variant:  !important; text-decoration-line:  !important; text-decoration-style:  !important; line-height: 1.5em !important; text-transform:  !important; letter-spacing: px !important; word-spacing: px !important;margin-top:0px; margin-right:0px; margin-bottom:0px; margin-left:0px}
.p-kgd1425{text-align: left;margin-top: 0px; margin-right: 0px; margin-bottom: 0px; margin-left: 0px;padding-top: 0px; padding-right: 0px; padding-bottom: 0px; padding-left: 0px}
</style></div><div class=""p-4wb1030 pagelayer-featured_img"" pagelayer-id=""4wb1030"">
<style pagelayer-style-id=""4wb1030"">.p-4wb1030{text-align: center}
.p-4wb1030 img{filter: blur(0px) brightness(100%) contrast(100%) grayscale(0%) hue-rotate(0deg) opacity(100%) saturate(100%);box-shadow: 0px 24px 36px 0px rgba(0,0,0,0.10)  !important;-webkit-transition: all 400ms; transition: all 400ms}
.p-4wb1030 .pagelayer-featured-caption{color: #0986c0}
</style>
<div class=""pagelayer-featured-img""></div>
</div><div class=""p-f8n3612 pagelayer-inner_row pagelayer-row-stretch-auto pagelayer-height-default"" pagelayer-id=""f8n3612"">
<style pagelayer-style-id=""f8n3612"">.p-f8n3612 .pagelayer-col-holder{padding: 10px}
.p-f8n3612 > .pagelayer-background-overlay{-webkit-transition: all 400ms !important; transition: all 400ms !important}
.p-f8n3612 .pagelayer-svg-top .pagelayer-shape-fill{fill:#227bc3}
.p-f8n3612 .pagelayer-row-svg .pagelayer-svg-top{width:100%;height:100px}
.p-f8n3612 .pagelayer-svg-bottom .pagelayer-shape-fill{fill:#e44993}
.p-f8n3612 .pagelayer-row-svg .pagelayer-svg-bottom{width:100%;height:100px}
</style>
<div class=""pagelayer-row-holder pagelayer-row pagelayer-auto pagelayer-width-auto""><div class=""p-i795860 pagelayer-col pagelayer-col-4"" pagelayer-id=""i795860"">
<style pagelayer-style-id=""i795860"">.p-i795860{align-content: center !important}
.p-i795860 .pagelayer-col-holder > div:not(:last-child){margin-bottom: 15px}
.p-i795860 > .pagelayer-background-overlay{-webkit-transition: all 400ms !important; transition: all 400ms !important}
</style>
<div class=""pagelayer-col-holder""><div class=""p-qip3968 pagelayer-post_info"" pagelayer-id=""qip3968"">
<style pagelayer-style-id=""qip3968"">.p-qip3968 .pagelayer-post-info-vertical .pagelayer-post-info-list-container{margin-right:25px}
.p-qip3968 .pagelayer-post-info-horizontal .pagelayer-post-info-list-container{margin-bottom:25px}
.p-qip3968 .pagelayer-post-info-container{text-align:right}
.p-qip3968 .pagelayer-post-info-icon span{font-size:120%;color:#495057}
.p-qip3968 .pagelayer-post-info-list-container a{font-family: Roboto !important; font-size: 14px !important; font-style:  !important; font-weight: 500 !important; font-variant:  !important; text-decoration-line:  !important; text-decoration-style:  !important; line-height: 1.6em !important; text-transform:  !important; letter-spacing: px !important; word-spacing: px !important}
.p-qip3968 .pagelayer-post-info-label{color:#495057}
.p-qip3968 .pagelayer-post-info-label a{color:#495057}
.p-qip3968 .pagelayer-post-info-label:hover{color:#000000}
.p-qip3968 .pagelayer-post-info-label:hover a{color:#000000}
</style><div class=""pagelayer-post-info-container pagelayer-post-info-vertical""><div class=""p-xj43574 pagelayer-post_info_list"" pagelayer-id=""xj43574"">
<div class=""pagelayer-post-info-list-container"">
<a class=""pagelayer-post-info-list-link"" href=""https://almuftionline.com/2020/10/17/"">
<span class=""pagelayer-post-info-icon"">
<span class=""far fa-clock""></span>
</span>
<span class=""pagelayer-post-info-label pagelayer-date"">اکتوبر 17, 2020</span>
</a>
</div></div></div></div></div></div><div class=""p-t2j1983 pagelayer-col pagelayer-col-7"" pagelayer-id=""t2j1983"">
<style pagelayer-style-id=""t2j1983"">.p-t2j1983{align-content: center !important}
.p-t2j1983 .pagelayer-col-holder > div:not(:last-child){margin-bottom: 15px}
.p-t2j1983 > .pagelayer-background-overlay{-webkit-transition: all 400ms !important; transition: all 400ms !important}
</style>
<div class=""pagelayer-col-holder""><div class=""p-dbq3916 pagelayer-post_info"" pagelayer-id=""dbq3916"">
<style pagelayer-style-id=""dbq3916"">.p-dbq3916 .pagelayer-post-info-container{text-align:right}
.p-dbq3916 .pagelayer-post-info-icon span{font-size:120%;color:#495057}
.p-dbq3916 .pagelayer-post-info-list-container a{font-family: Roboto !important; font-size: 14px !important; font-style:  !important; font-weight: 500 !important; font-variant:  !important; text-decoration-line:  !important; text-decoration-style:  !important; line-height: 1.6em !important; text-transform:  !important; letter-spacing: px !important; word-spacing: px !important}
.p-dbq3916 .pagelayer-post-info-label{color:#0072ff}
.p-dbq3916 .pagelayer-post-info-label a{color:#0072ff}
.p-dbq3916 .pagelayer-terms *{color:#f8952c !important;padding-top:5px; padding-right:10px; padding-bottom:5px; padding-left:10px;margin-top:0px; margin-right:5px; margin-bottom:0px; margin-left:5px;border-radius: 4px 4px 4px 4px; -webkit-border-radius:  4px 4px 4px 4px;-moz-border-radius: 4px 4px 4px 4px}
.p-dbq3916{padding-top: 0px; padding-right: 0px; padding-bottom: 0px; padding-left: 0px}
@media (max-width: 768px) and (min-width: 501px){.p-dbq3916 .pagelayer-post-info-container{text-align:left}
}
@media (max-width: 500px){.p-dbq3916 .pagelayer-post-info-container{text-align:left}
}
</style><div class=""pagelayer-post-info-container pagelayer-post-info-vertical""><div class=""p-wpv7212 pagelayer-post_info_list"" pagelayer-id=""wpv7212"">
<div class=""pagelayer-post-info-list-container"">
<span class=""pagelayer-post-info-icon"">
</span>
<span class=""pagelayer-post-info-label pagelayer-terms""> <a href=""https://almuftionline.com/category/fatwa/19/""> طلاق کے احکام </a></span>
</div></div></div></div></div></div></div></div><div class=""p-trw3096 pagelayer-inner_row pagelayer-row-stretch-auto pagelayer-height-default"" pagelayer-id=""trw3096"">
<style pagelayer-style-id=""trw3096"">.p-trw3096 .pagelayer-col-holder{padding: 10px}
.p-trw3096 > .pagelayer-background-overlay{-webkit-transition: all 400ms !important; transition: all 400ms !important}
.p-trw3096 .pagelayer-svg-top .pagelayer-shape-fill{fill:#227bc3}
.p-trw3096 .pagelayer-row-svg .pagelayer-svg-top{width:100%;height:100px}
.p-trw3096 .pagelayer-svg-bottom .pagelayer-shape-fill{fill:#e44993}
.p-trw3096 .pagelayer-row-svg .pagelayer-svg-bottom{width:100%;height:100px}
</style>
<div class=""pagelayer-row-holder pagelayer-row pagelayer-auto pagelayer-width-auto""><div class=""p-wwu6541 pagelayer-col pagelayer-col-2"" pagelayer-id=""wwu6541"">
<style pagelayer-style-id=""wwu6541"">.p-wwu6541{align-content: center !important}
.p-wwu6541 .pagelayer-col-holder > div:not(:last-child){margin-bottom: 15px}
.p-wwu6541 > .pagelayer-background-overlay{-webkit-transition: all 400ms !important; transition: all 400ms !important}
</style>
<div class=""pagelayer-col-holder""><div class=""p-ccj4284 pagelayer-post_content"" pagelayer-id=""ccj4284"">
<style pagelayer-style-id=""ccj4284"">.p-ccj4284{text-align: right}
</style><div class=""entry-content pagelayer-post-excerpt""><figure class=""wp-block-table""><table><tbody><tr><td>70281</td><td>طلاق کے احکام</td><td>الفاظ کنایہ سے طلاق  کا بیان</td></tr></tbody></table></figure><div style=""direction:rtl;line-height: 2.5;""><h3 class=""has-text-align-center"">سوال</h3><p>خلاصہ سوال:    میرے میاں کو کچھ بیماری ہے جس کی وجہ سے ہماری ازدواجی زندگی بالکل ختم ہے۔ کئی مرتبہ جھگڑا ہوا تو میاں صاحب نے کہا کہ تم میری طرف سے آزاد ہو، جہاں چاہو جا سکتی ہو۔</p>
<p><span dir=""RTL"">دو سال ہو گئے ہیں یہ لفظ کہتے ہوئے۔ اس چیز کے گواہ میرے بچے بھی ہیں۔  مہربانی کرکے مجھے اس مسئلے کا حل بتائیے۔</span></p>
<h4 class=""has-text-align-center"">اَلجَوَابْ بِاسْمِ مُلْہِمِ الصَّوَابْ

</h4><p>لفظ""آزاد ہو"" کی نسبت جب نکاح کی جانب نہ ہو تو یہ طلاق کے کنائی الفاظ میں سے ہے۔ نیت یا قرینہ موجود ہونے کی صورت میں اس جملے سے طلاق واقع ہو جاتی ہے۔ سوال میں مذکور صورت کے مطابق لڑائی کے دوران شوہر  نے کہا کہ ""تم میری طرف سے آزاد ہو۔"" یہ جملہ چونکہ شوہر نے بیوی کے سوال کے جواب میں نہیں کہا بلکہ غصے میں کہا ہے تو دیکھا جائے گا کہ یہاں گفتگو کیا ہو رہی تھی؟</p>
<p> اگر گفتگو ایسی تھی جس میں یہ لفظ برا بھلا کہنے کے لیے بھی استعمال ہو سکتا تھا اور طلاق کے لیے بھی، تو شوہر سے پوچھا جائے گا کہ اس کی کیا نیت تھی؟ اگر اس کی نیت طلاق کی تھی تو ایک طلاق واقع ہو گئی۔ پھر اگر دوبارہ یا سہ بارہ یہی جملہ کہا تو مزید طلاق نہیں ہوئی۔ اگر آپ کی تین ماہواریاں گزر چکی ہیں تو آپ کہیں بھی نکاح کر سکتی ہیں اور اگر سابقہ شوہر کے ساتھ رہنا چاہیں تو نئے سرے سے نکاح کر کے رہ سکتی ہیں۔ اور اگر شوہر قسم کھا کر یہ کہتا ہے کہ اس کی نیت طلاق کی نہیں تھی تو کوئی طلاق واقع نہیں ہوئی اور پچھلا نکاح باقی ہے۔</p>
<p>اگر گفتگو ایسی نہیں تھی جس میں یہ لفظ برا بھلا کہنے کے لیے استعمال ہوتا تو ایک طلاق واقع ہو گئی۔ پھر اگر دوبارہ یا سہ بارہ یہی جملہ کہا تو مزید طلاق نہیں ہوئی۔ اگر آپ کی تین ماہواریاں گزر چکی ہیں تو آپ کہیں بھی نکاح کر سکتی ہیں اور اگر سابقہ شوہر کے ساتھ رہنا چاہیں تو نئے سرے سے نکاح کر کے رہ سکتی ہیں۔</p>
<p><span dir=""RTL"">اگر یہ یاد نہ ہو کہ گفتگو کس قسم کی تھی تو احتیاطاً تجدید نکاح کر لیں۔</span></p>
</div><h6 class=""has-text-align-right"">حوالہ جات</h6><div style=""direction: rtl;font-family: Amiri;
    
     font-size: 13px; font-weight: 400;""><p>الحالات ثلاث: رضا وغضب ومذاكرة والكنايات ثلاث ما يحتمل الرد أو ما يصلح للسب، أو لا ولا (فنحو اخرجي واذهبي وقومي) تقنعي تخمري استتري انتقلي انطلقي اغربي اعزبي من الغربة أو من العزوبة (يحتمل ردا، ونحو خلية برية حرام بائن) ومرادفها كبتة بتلة (يصلح سبا، ونحو اعتدي واستبرئي رحمك، أنت واحدة، أنت حرة، اختاري أمرك بيدك سرحتك، فارقتك لا يحتمل السب والرد، ففي حالة الرضا) أي غير الغضب والمذاكرة (تتوقف الأقسام) الثلاثة تأثيرا (على نية) للاحتمال والقول له بيمينه في عدم النية ويكفي تحليفها له في منزله.</p>
<p>(الدر المختار و حاشية ابن عابدين، 3/300، ط: دار الفكر)</p>
</div><p>محمد اویس پراچہ     </p>
<p>دار الافتاء، جامعۃ الرشید</p>
<p>تاریخ: 29/ صفر المظفر 1442ھ</p>
<h6 class=""has-text-align-center"">
واللہ سبحانہ وتعالی اعلم
</h6><figure class=""wp-block-table""><table><tbody><tr><td><h3>مجیب</h3></td><td>محمد اویس پراچہ</td><td><h3>مفتیان</h3></td><td>سیّد عابد شاہ صاحب / محمد حسین خلیل خیل صاحب</td></tr></tbody></table></figure></div></div></div></div></div></div><div class=""p-wl6689 pagelayer-inner_row pagelayer-row-stretch-auto pagelayer-height-default"" pagelayer-id=""wl6689"">
<style pagelayer-style-id=""wl6689"">.p-wl6689 .pagelayer-col-holder{padding: 10px}
.p-wl6689 > .pagelayer-background-overlay{-webkit-transition: all 400ms !important; transition: all 400ms !important}
.p-wl6689 .pagelayer-svg-top .pagelayer-shape-fill{fill:#227bc3}
.p-wl6689 .pagelayer-row-svg .pagelayer-svg-top{width:100%;height:100px}
.p-wl6689 .pagelayer-svg-bottom .pagelayer-shape-fill{fill:#e44993}
.p-wl6689 .pagelayer-row-svg .pagelayer-svg-bottom{width:100%;height:100px}
</style>
<div class=""pagelayer-row-holder pagelayer-row pagelayer-auto pagelayer-width-auto""><div class=""p-jzl6522 pagelayer-col pagelayer-col-6"" pagelayer-id=""jzl6522"">
<style pagelayer-style-id=""jzl6522"">.p-jzl6522{align-content: center !important}
.p-jzl6522 .pagelayer-col-holder > div:not(:last-child){margin-bottom: 15px}
.p-jzl6522 > .pagelayer-background-overlay{-webkit-transition: all 400ms !important; transition: all 400ms !important}
</style>
<div class=""pagelayer-col-holder""><div class=""p-xsb5673 pagelayer-share_grp pagelayer-share-type-icon-label pagelayer-social-bg-none pagelayer-scheme-official"" pagelayer-id=""xsb5673"">
<style pagelayer-style-id=""xsb5673"">.p-xsb5673{text-align: right}
.p-xsb5673 .pagelayer-share-content{min-height: 35px;-webkit-transition: all 400ms; transition: all 400ms}
.p-xsb5673 i{font-size: 27px}
.p-xsb5673 .pagelayer-icon-holder{font-size: 27px}
.p-xsb5673 .pagelayer-share-content i{-webkit-transition: all 400ms; transition: all 400ms}
.p-xsb5673 .pagelayer-icon-name{font-family: Roboto; font-size: 15px !important; font-style:  !important; font-weight: 500 !important; font-variant:  !important; text-decoration-line:  !important; text-decoration-style:  !important; line-height: em !important; text-transform:  !important; letter-spacing: px !important; word-spacing: px !important}
@media (max-width: 768px) and (min-width: 501px){.p-xsb5673{text-align: left}
.p-xsb5673 .pagelayer-share{padding-top: 10px; padding-bottom: 10px;padding-left: 10px; padding-right: 10px}
.p-xsb5673 i{font-size: 20px}
.p-xsb5673 .pagelayer-icon-holder{font-size: 20px}
.p-xsb5673 .pagelayer-icon-name{font-family: ; font-size: 13px !important; font-style:  !important; font-weight:  !important; font-variant:  !important; text-decoration-line:  !important; text-decoration-style:  !important; line-height: em !important; text-transform:  !important; letter-spacing: px !important; word-spacing: px !important}
}
@media (max-width: 500px){.p-xsb5673{text-align: left}
.p-xsb5673 .pagelayer-share{padding-top: 10px; padding-bottom: 10px;padding-left: 10px; padding-right: 10px}
.p-xsb5673 .pagelayer-share-content{min-height: NaNpx}
.p-xsb5673 i{font-size: 20px}
.p-xsb5673 .pagelayer-icon-holder{font-size: 20px}
.p-xsb5673 .pagelayer-icon-name{font-family: ; font-size: 13px !important; font-style:  !important; font-weight:  !important; font-variant:  !important; text-decoration-line:  !important; text-decoration-style:  !important; line-height: em !important; text-transform:  !important; letter-spacing: px !important; word-spacing: px !important}
}
</style><div class=""p-9mh2934 pagelayer-share"" pagelayer-id=""9mh2934"">
<a class=""pagelayer-ele-link"" href=""https://www.facebook.com/sharer/sharer.php?u=almuftionline.com/2020/10/17/2850/"" target=""_blank"" title=""fab fa-facebook-square"">
<div class=""pagelayer-share-content pagelayer-facebook-square"" data-icon=""fab fa-facebook-square"">
<div class=""pagelayer-icon-holder pagelayer-share-buttons"">
<i class=""pagelayer-social-fa fab fa-facebook-square""></i>
</div>
<div class=""pagelayer-icon-name"">
<span class=""pagelayer-icon-name-span"">Facebook</span>
</div>
</div>
</a></div><div class=""p-rai4926 pagelayer-share"" pagelayer-id=""rai4926"">
<a class=""pagelayer-ele-link"" href=""https://twitter.com/share?url=almuftionline.com/2020/10/17/2850/"" target=""_blank"" title=""fab fa-twitter-square"">
<div class=""pagelayer-share-content pagelayer-twitter-square"" data-icon=""fab fa-twitter-square"">
<div class=""pagelayer-icon-holder pagelayer-share-buttons"">
<i class=""pagelayer-social-fa fab fa-twitter-square""></i>
</div>
<div class=""pagelayer-icon-name"">
<span class=""pagelayer-icon-name-span"">Twitter</span>
</div>
</div>
</a></div><div class=""p-ndy3728 pagelayer-share"" pagelayer-id=""ndy3728"">
<a class=""pagelayer-ele-link"" href=""whatsapp://send?text=almuftionline.com/2020/10/17/2850/"" target=""_blank"" title=""fab fa-whatsapp"">
<div class=""pagelayer-share-content pagelayer-whatsapp"" data-icon=""fab fa-whatsapp"">
<div class=""pagelayer-icon-holder pagelayer-share-buttons"">
<i class=""pagelayer-social-fa fab fa-whatsapp""></i>
</div>
<div class=""pagelayer-icon-name"">
<span class=""pagelayer-icon-name-span"">WhatsApp</span>
</div>
</div>
</a></div></div></div></div></div></div><div class=""p-zqp4850 pagelayer-inner_row pagelayer-row-stretch-auto pagelayer-height-default"" pagelayer-id=""zqp4850"">
<style pagelayer-style-id=""zqp4850"">.p-zqp4850 .pagelayer-col-holder{padding: 10px}
.p-zqp4850 > .pagelayer-background-overlay{-webkit-transition: all 400ms !important; transition: all 400ms !important}
.p-zqp4850 .pagelayer-svg-top .pagelayer-shape-fill{fill:#227bc3}
.p-zqp4850 .pagelayer-row-svg .pagelayer-svg-top{width:100%;height:100px}
.p-zqp4850 .pagelayer-svg-bottom .pagelayer-shape-fill{fill:#e44993}
.p-zqp4850 .pagelayer-row-svg .pagelayer-svg-bottom{width:100%;height:100px}
</style>
<div class=""pagelayer-row-holder pagelayer-row pagelayer-auto pagelayer-width-auto""><div class=""p-q725202 pagelayer-col pagelayer-col-2"" pagelayer-id=""q725202"">
<style pagelayer-style-id=""q725202"">.p-q725202{align-content: center !important}
.p-q725202 .pagelayer-col-holder > div:not(:last-child){margin-bottom: 15px}
.p-q725202 > .pagelayer-background-overlay{-webkit-transition: all 400ms !important; transition: all 400ms !important}
</style>
<div class=""pagelayer-col-holder""><div class=""p-55r4448 pagelayer-post_nav"" pagelayer-id=""55r4448"">
<style pagelayer-style-id=""55r4448"">.p-55r4448 .pagelayer-post-nav-link{color:#adb5bd;font-family:  !important; font-size: 15px !important; font-style:  !important; font-weight:  !important; font-variant:  !important; text-decoration-line:  !important; text-decoration-style:  !important; line-height: em !important; text-transform:  !important; letter-spacing: px !important; word-spacing: px !important}
.p-55r4448 .pagelayer-post-nav-title{color:#000000;font-family:  !important; font-size: 18px !important; font-style:  !important; font-weight: bold !important; font-variant:  !important; text-decoration-line:  !important; text-decoration-style: Solid !important; line-height: em !important; text-transform:  !important; letter-spacing: px !important; word-spacing: px !important}
.p-55r4448 .pagelayer-post-nav-icon{color:#adb5bd;font-size:30px}
.p-55r4448 .pagelayer-post-nav-separator{display:none}
@media (max-width: 768px) and (min-width: 501px){.p-55r4448 .pagelayer-post-nav-link{font-family:  !important; font-size: 12px !important; font-style:  !important; font-weight:  !important; font-variant:  !important; text-decoration-line:  !important; text-decoration-style: Solid !important; line-height: em !important; text-transform:  !important; letter-spacing: px !important; word-spacing: px !important}
.p-55r4448 .pagelayer-post-nav-title{font-family:  !important; font-size: 15px !important; font-style:  !important; font-weight:  !important; font-variant:  !important; text-decoration-line:  !important; text-decoration-style: Solid !important; line-height: em !important; text-transform:  !important; letter-spacing: px !important; word-spacing: px !important}
}
@media (max-width: 500px){.p-55r4448 .pagelayer-post-nav-link{font-family:  !important; font-size: 12px !important; font-style:  !important; font-weight:  !important; font-variant:  !important; text-decoration-line:  !important; text-decoration-style: Solid !important; line-height: em !important; text-transform:  !important; letter-spacing: px !important; word-spacing: px !important}
.p-55r4448 .pagelayer-post-nav-title{font-family:  !important; font-size: 12px !important; font-style:  !important; font-weight:  !important; font-variant:  !important; text-decoration-line:  !important; text-decoration-style: Solid !important; line-height: em !important; text-transform:  !important; letter-spacing: px !important; word-spacing: px !important}
}
</style><div class=""pagelayer-post-nav-container"">
<div class=""pagelayer-prev-post"">
<a href=""https://almuftionline.com/2020/10/15/2869/"" rel=""prev""><span class=""pagelayer-post-nav-icon fa fa-chevron-left""></span>
<span class=""pagelayer-next-holder"">
<span class=""pagelayer-post-nav-link""> Previous</span><span class=""pagelayer-post-nav-title"">مخلوط نظامِ تعلیم میں پڑھنے کے لیے جانے کا شرعی حکم</span>
</span></a>
</div>
<div class=""pagelayer-post-nav-separator""></div>
<div class=""pagelayer-next-post"">
<a href=""https://almuftionline.com/2020/10/17/2859/"" rel=""next""><span class=""pagelayer-next-holder"">
<span class=""pagelayer-post-nav-link""> Next</span><span class=""pagelayer-post-nav-title"">صرافہ مارکیٹ میں مستقبل کے سودے اور ضمان، ان کے متبادل اور متبادل کی صورت میں آنے والے مختلف مسائل کا حکم</span>
</span>
<span class=""pagelayer-post-nav-icon fa fa-chevron-right""></span></a>
</div>
</div></div></div></div></div></div></div>"
2020-10-15,https://almuftionline.com/2020/10/15/2869/,مخلوط نظامِ تعلیم میں پڑھنے کے لیے جانے کا شرعی حکم,<p>لڑکوں اور لڑکیوں کا ایک ہی کالج یا یونیورسٹی میں ایک ساتھ تعلیم حاصل کرنے کے بارے میں اسلام کا کیا حکم ہے؟</p>,"<h4 class=""has-text-align-center"">اَلجَوَابْ بِاسْمِ مُلْہِمِ الصَّوَابْ

</h4><p>شریعت میں نامحرم مردوں اور عورتوں کابلاضرورت اختلاط اورمیل جول ناجائز ہے جس سے بچنا لازم ہے۔ اس لئے حکومتِ وقت اور اسلامی معاشرے کی شرعی ذمہ داری ہے کہ وہ لڑکوں کے لیے الگ اور لڑکیوں کے لیے الگ تعلیمی ادارے قائم کریں۔ جہاں لڑکوں اور لڑکیوں کے لیے الگ الگ تعلیم کا نظم موجود ہو، وہاں مخلوط تعلیمی اداروں میں جانا درست نہیں۔ اگر کہیں پر الگ الگ تعلیمی ادارے قائم نہ ہوں اور لڑکے لڑکیاں ایک ہی تعلیمی ادارے میں جاتے ہوں تو پھر ادارے والوں پر لازم ہے کہ ان کی کلاسز، اور دیگر ضروریات کی جگہیں الگ الگ رکھیں، لڑکوں کو  مرد حضرات اورلڑکیوں کو خواتین پڑھائیں، اور ان کا ایک دوسرے کی درس گاہوں میں آنا جانا بھی نہ ہو۔</p><p>طلبا و طالبات، ان کے والدین اور سرپرستوں کی بھی شرعی ذمہ داری ہے کہ وہ حکومت اور متعلقہ تعلیمی اداروں سے لڑکوں اور لڑکیوں کے لیے الگ الگ ادارے قائم کرنے کا مطالبہ کریں اور اسے عملی جامہ پہنانے کے لیے مقدور بھر کوششیں جاری رکھیں۔ لیکن جب تک ایسا نظم میسر نہ ہو اور ضروری تعلیم حاصل کرنے کے لیے مجبورا ایسی جگہ جانا پڑے جہاں لڑکوں اور لڑکیوں کو ایک ہی کلاس میں سبق پڑھایا جاتا ہو تو مجبوری کے درجے میں مندرجہ ذیل شرائط کا خیال رکھتے ہوئے اس کی گنجائش ہے:-</p><ol>
<li>لڑکیاں پردے کامکمل اہتمام کریں ، اور کلاس میں لڑکوں اور لڑکیوں کی نشستیں الگ الگ ہوں۔  لڑکے لڑکوں کے ساتھ بیٹھیں اور لڑکیاں لڑکیوں کے ساتھ۔ درمیان میں پردہ، بورڈ وغیرہ کوئی حائل لگانے میں کوئی رکاوٹ نہ ہو تو اس کا اہتمام بھی کیا جائے۔</li>
<li>لڑکے اور لڑکیاں حتی الامکان اختلاط اور بلا ضرورت گفتگو سے پرہیز کریں۔</li>
<li>جہاں مجبوری کی وجہ سے اختلاط ہو، وہاں مرد و خواتین دونوں اپنی نگاہیں نیچی رکھیں۔</li>
<li>اگر مرد استاذ کسی ایسی کلاس میں سبق پڑھائے جس میں لڑکیاں بھی ہوں تو اولاً کوشش یہ ہونی چاہیے کہ لڑکیوں کی جانب پردہ ہو، اگر ایسا انتظام کرنا اختیار میں نہ ہو تو پھر وہ حتی الامکان اپنی نگاہیں نیچی رکھیں۔ اسی طرح اگر کوئی خاتون استانی ایسی کلاس میں سبق پڑھائے جہاں لڑکے بھی ہوں تو وہ مکمل پردے کا اہتمام کرے اور اپنی نگاہوں کی حفاظت کرے، طلبا بھی اپنے دل اور نگاہوں کی حفاظت کریں۔  استاذ اور طالبات اور استانی و طلبا کی ایک دوسرے کے ساتھ گفتگو سبق سے متعلق سوال جواب کی حد تک ہو، اس کے علاوہ بلاضرورت گفتگو سے پرہیز کریں۔</li>
<li>جب تک مخلوط تعلیمی اداروں میں جانے والے طلبا و طالبات کو الگ الگ تعلیمی ادارے میسر نہیں آتے، اس وقت تک اللہ تعالیٰ کی طرف رجوع اور استغفار کا اہتمام کرنا چاہیے، اور اس نظام کو دل سے برا سمجھتے ہوئے اس کی تبدیلی اور متبادل نظام لانے کے لیے ہر سطح پر اپنی ممکنہ کوششیں بھی جاری رکھنی چاہئیں۔</li>
</ol><h6 class=""has-text-align-right"">حوالہ جات</h6><div style=""direction: rtl;font-family: Amiri;
    
     font-size: 13px; font-weight: 400;""><p>القرآن الکریم،  [النور: 30، 31]:</p>
<p>{قُلْ لِلْمُؤْمِنِينَ يَغُضُّوا مِنْ أَبْصَارِهِمْ وَيَحْفَظُوا فُرُوجَهُمْ ذَلِكَ أَزْكَى لَهُمْ إِنَّ اللَّهَ خَبِيرٌ بِمَا يَصْنَعُونَ (30) وَقُلْ لِلْمُؤْمِنَاتِ يَغْضُضْنَ مِنْ أَبْصَارِهِنَّ وَيَحْفَظْنَ فُرُوجَهُنَّ وَلَا يُبْدِينَ زِينَتَهُنَّ إِلَّا مَا ظَهَرَ مِنْهَا وَلْيَضْرِبْنَ بِخُمُرِهِنَّ عَلَى جُيُوبِهِنَّ وَلَا يُبْدِينَ زِينَتَهُنَّ إِلَّا لِبُعُولَتِهِنَّ أَوْ آبَائِهِنَّ أَوْ آبَاءِ بُعُولَتِهِنَّ أَوْ أَبْنَائِهِنَّ أَوْ أَبْنَاءِ بُعُولَتِهِنَّ أَوْ إِخْوَانِهِنَّ أَوْ بَنِي إِخْوَانِهِنَّ أَوْ بَنِي أَخَوَاتِهِنَّ أَوْ نِسَائِهِنَّ أَوْ مَا مَلَكَتْ أَيْمَانُهُنَّ أَوِ التَّابِعِينَ غَيْرِ أُولِي الْإِرْبَةِ مِنَ الرِّجَالِ أَوِ الطِّفْلِ الَّذِينَ لَمْ يَظْهَرُوا عَلَى عَوْرَاتِ النِّسَاءِ وَلَا يَضْرِبْنَ بِأَرْجُلِهِنَّ لِيُعْلَمَ مَا يُخْفِينَ مِنْ زِينَتِهِنَّ وَتُوبُوا إِلَى اللَّهِ جَمِيعًا أَيُّهَ الْمُؤْمِنُونَ لَعَلَّكُمْ تُفْلِحُونَ (31) } .</p>
<p> القرآن الکریم،    [الأحزاب: 53]:</p>
<p>{وَإِذَا سَأَلْتُمُوهُنَّ مَتَاعًا فَاسْأَلُوهُنَّ مِنْ وَرَاءِ حِجَابٍ ذَلِكُمْ أَطْهَرُ لِقُلُوبِكُمْ وَقُلُوبِهِنَّ}الآیة.   </p>
</div><p>     عبداللہ ولی غفر اللہ لہٗ</p><p>  دار الافتاء جامعۃ الرشید کراچی</p><p>27/صفر المظفر/<span dir=""LTR"">1442</span>ھ</p><h6 class=""has-text-align-center"">
واللہ سبحانہ وتعالی اعلم
</h6><figure class=""wp-block-table""><table><tbody><tr><td><h3>مجیب</h3></td><td>عبداللہ ولی</td><td><h3>مفتیان</h3></td><td>سیّد عابد شاہ صاحب / محمد حسین خلیل خیل صاحب</td></tr></tbody></table></figure>",70271,jameya-tur-rasheed,جائز و ناجائزامور کا بیان,جائز و ناجائز کے متفرق مسائل,"<div class=""pagelayer-col-holder""><div class=""p-kgd1425 pagelayer-post_excerpt"" pagelayer-id=""kgd1425"">
<style pagelayer-style-id=""kgd1425"">.p-kgd1425 .pagelayer-post-excerpt{color:#adb5bd;font-family: ; font-size: 15px !important; font-style: Italic !important; font-weight: 500 !important; font-variant:  !important; text-decoration-line:  !important; text-decoration-style:  !important; line-height: 1.5em !important; text-transform:  !important; letter-spacing: px !important; word-spacing: px !important;margin-top:0px; margin-right:0px; margin-bottom:0px; margin-left:0px}
.p-kgd1425{text-align: left;margin-top: 0px; margin-right: 0px; margin-bottom: 0px; margin-left: 0px;padding-top: 0px; padding-right: 0px; padding-bottom: 0px; padding-left: 0px}
</style></div><div class=""p-4wb1030 pagelayer-featured_img"" pagelayer-id=""4wb1030"">
<style pagelayer-style-id=""4wb1030"">.p-4wb1030{text-align: center}
.p-4wb1030 img{filter: blur(0px) brightness(100%) contrast(100%) grayscale(0%) hue-rotate(0deg) opacity(100%) saturate(100%);box-shadow: 0px 24px 36px 0px rgba(0,0,0,0.10)  !important;-webkit-transition: all 400ms; transition: all 400ms}
.p-4wb1030 .pagelayer-featured-caption{color: #0986c0}
</style>
<div class=""pagelayer-featured-img""></div>
</div><div class=""p-f8n3612 pagelayer-inner_row pagelayer-row-stretch-auto pagelayer-height-default"" pagelayer-id=""f8n3612"">
<style pagelayer-style-id=""f8n3612"">.p-f8n3612 .pagelayer-col-holder{padding: 10px}
.p-f8n3612 > .pagelayer-background-overlay{-webkit-transition: all 400ms !important; transition: all 400ms !important}
.p-f8n3612 .pagelayer-svg-top .pagelayer-shape-fill{fill:#227bc3}
.p-f8n3612 .pagelayer-row-svg .pagelayer-svg-top{width:100%;height:100px}
.p-f8n3612 .pagelayer-svg-bottom .pagelayer-shape-fill{fill:#e44993}
.p-f8n3612 .pagelayer-row-svg .pagelayer-svg-bottom{width:100%;height:100px}
</style>
<div class=""pagelayer-row-holder pagelayer-row pagelayer-auto pagelayer-width-auto""><div class=""p-i795860 pagelayer-col pagelayer-col-4"" pagelayer-id=""i795860"">
<style pagelayer-style-id=""i795860"">.p-i795860{align-content: center !important}
.p-i795860 .pagelayer-col-holder > div:not(:last-child){margin-bottom: 15px}
.p-i795860 > .pagelayer-background-overlay{-webkit-transition: all 400ms !important; transition: all 400ms !important}
</style>
<div class=""pagelayer-col-holder""><div class=""p-qip3968 pagelayer-post_info"" pagelayer-id=""qip3968"">
<style pagelayer-style-id=""qip3968"">.p-qip3968 .pagelayer-post-info-vertical .pagelayer-post-info-list-container{margin-right:25px}
.p-qip3968 .pagelayer-post-info-horizontal .pagelayer-post-info-list-container{margin-bottom:25px}
.p-qip3968 .pagelayer-post-info-container{text-align:right}
.p-qip3968 .pagelayer-post-info-icon span{font-size:120%;color:#495057}
.p-qip3968 .pagelayer-post-info-list-container a{font-family: Roboto !important; font-size: 14px !important; font-style:  !important; font-weight: 500 !important; font-variant:  !important; text-decoration-line:  !important; text-decoration-style:  !important; line-height: 1.6em !important; text-transform:  !important; letter-spacing: px !important; word-spacing: px !important}
.p-qip3968 .pagelayer-post-info-label{color:#495057}
.p-qip3968 .pagelayer-post-info-label a{color:#495057}
.p-qip3968 .pagelayer-post-info-label:hover{color:#000000}
.p-qip3968 .pagelayer-post-info-label:hover a{color:#000000}
</style><div class=""pagelayer-post-info-container pagelayer-post-info-vertical""><div class=""p-xj43574 pagelayer-post_info_list"" pagelayer-id=""xj43574"">
<div class=""pagelayer-post-info-list-container"">
<a class=""pagelayer-post-info-list-link"" href=""https://almuftionline.com/2020/10/15/"">
<span class=""pagelayer-post-info-icon"">
<span class=""far fa-clock""></span>
</span>
<span class=""pagelayer-post-info-label pagelayer-date"">اکتوبر 15, 2020</span>
</a>
</div></div></div></div></div></div><div class=""p-t2j1983 pagelayer-col pagelayer-col-7"" pagelayer-id=""t2j1983"">
<style pagelayer-style-id=""t2j1983"">.p-t2j1983{align-content: center !important}
.p-t2j1983 .pagelayer-col-holder > div:not(:last-child){margin-bottom: 15px}
.p-t2j1983 > .pagelayer-background-overlay{-webkit-transition: all 400ms !important; transition: all 400ms !important}
</style>
<div class=""pagelayer-col-holder""><div class=""p-dbq3916 pagelayer-post_info"" pagelayer-id=""dbq3916"">
<style pagelayer-style-id=""dbq3916"">.p-dbq3916 .pagelayer-post-info-container{text-align:right}
.p-dbq3916 .pagelayer-post-info-icon span{font-size:120%;color:#495057}
.p-dbq3916 .pagelayer-post-info-list-container a{font-family: Roboto !important; font-size: 14px !important; font-style:  !important; font-weight: 500 !important; font-variant:  !important; text-decoration-line:  !important; text-decoration-style:  !important; line-height: 1.6em !important; text-transform:  !important; letter-spacing: px !important; word-spacing: px !important}
.p-dbq3916 .pagelayer-post-info-label{color:#0072ff}
.p-dbq3916 .pagelayer-post-info-label a{color:#0072ff}
.p-dbq3916 .pagelayer-terms *{color:#f8952c !important;padding-top:5px; padding-right:10px; padding-bottom:5px; padding-left:10px;margin-top:0px; margin-right:5px; margin-bottom:0px; margin-left:5px;border-radius: 4px 4px 4px 4px; -webkit-border-radius:  4px 4px 4px 4px;-moz-border-radius: 4px 4px 4px 4px}
.p-dbq3916{padding-top: 0px; padding-right: 0px; padding-bottom: 0px; padding-left: 0px}
@media (max-width: 768px) and (min-width: 501px){.p-dbq3916 .pagelayer-post-info-container{text-align:left}
}
@media (max-width: 500px){.p-dbq3916 .pagelayer-post-info-container{text-align:left}
}
</style><div class=""pagelayer-post-info-container pagelayer-post-info-vertical""><div class=""p-wpv7212 pagelayer-post_info_list"" pagelayer-id=""wpv7212"">
<div class=""pagelayer-post-info-list-container"">
<span class=""pagelayer-post-info-icon"">
</span>
<span class=""pagelayer-post-info-label pagelayer-terms""> <a href=""https://almuftionline.com/category/fatwa/54/""> جائز و ناجائزامور کا بیان </a></span>
</div></div></div></div></div></div></div></div><div class=""p-trw3096 pagelayer-inner_row pagelayer-row-stretch-auto pagelayer-height-default"" pagelayer-id=""trw3096"">
<style pagelayer-style-id=""trw3096"">.p-trw3096 .pagelayer-col-holder{padding: 10px}
.p-trw3096 > .pagelayer-background-overlay{-webkit-transition: all 400ms !important; transition: all 400ms !important}
.p-trw3096 .pagelayer-svg-top .pagelayer-shape-fill{fill:#227bc3}
.p-trw3096 .pagelayer-row-svg .pagelayer-svg-top{width:100%;height:100px}
.p-trw3096 .pagelayer-svg-bottom .pagelayer-shape-fill{fill:#e44993}
.p-trw3096 .pagelayer-row-svg .pagelayer-svg-bottom{width:100%;height:100px}
</style>
<div class=""pagelayer-row-holder pagelayer-row pagelayer-auto pagelayer-width-auto""><div class=""p-wwu6541 pagelayer-col pagelayer-col-2"" pagelayer-id=""wwu6541"">
<style pagelayer-style-id=""wwu6541"">.p-wwu6541{align-content: center !important}
.p-wwu6541 .pagelayer-col-holder > div:not(:last-child){margin-bottom: 15px}
.p-wwu6541 > .pagelayer-background-overlay{-webkit-transition: all 400ms !important; transition: all 400ms !important}
</style>
<div class=""pagelayer-col-holder""><div class=""p-ccj4284 pagelayer-post_content"" pagelayer-id=""ccj4284"">
<style pagelayer-style-id=""ccj4284"">.p-ccj4284{text-align: right}
</style><div class=""entry-content pagelayer-post-excerpt""><figure class=""wp-block-table""><table><tbody><tr><td>70271</td><td>جائز و ناجائزامور کا بیان</td><td>جائز و ناجائز کے متفرق مسائل </td></tr></tbody></table></figure><div style=""direction:rtl;line-height: 2.5;""><h3 class=""has-text-align-center"">سوال</h3><p>لڑکوں اور لڑکیوں کا ایک ہی کالج یا یونیورسٹی میں ایک ساتھ تعلیم حاصل کرنے کے بارے میں اسلام کا کیا حکم ہے؟</p>
<h4 class=""has-text-align-center"">اَلجَوَابْ بِاسْمِ مُلْہِمِ الصَّوَابْ

</h4><p>شریعت میں نامحرم مردوں اور عورتوں کابلاضرورت اختلاط اورمیل جول ناجائز ہے جس سے بچنا لازم ہے۔ اس لئے حکومتِ وقت اور اسلامی معاشرے کی شرعی ذمہ داری ہے کہ وہ لڑکوں کے لیے الگ اور لڑکیوں کے لیے الگ تعلیمی ادارے قائم کریں۔ جہاں لڑکوں اور لڑکیوں کے لیے الگ الگ تعلیم کا نظم موجود ہو، وہاں مخلوط تعلیمی اداروں میں جانا درست نہیں۔ اگر کہیں پر الگ الگ تعلیمی ادارے قائم نہ ہوں اور لڑکے لڑکیاں ایک ہی تعلیمی ادارے میں جاتے ہوں تو پھر ادارے والوں پر لازم ہے کہ ان کی کلاسز، اور دیگر ضروریات کی جگہیں الگ الگ رکھیں، لڑکوں کو  مرد حضرات اورلڑکیوں کو خواتین پڑھائیں، اور ان کا ایک دوسرے کی درس گاہوں میں آنا جانا بھی نہ ہو۔</p>
<p>طلبا و طالبات، ان کے والدین اور سرپرستوں کی بھی شرعی ذمہ داری ہے کہ وہ حکومت اور متعلقہ تعلیمی اداروں سے لڑکوں اور لڑکیوں کے لیے الگ الگ ادارے قائم کرنے کا مطالبہ کریں اور اسے عملی جامہ پہنانے کے لیے مقدور بھر کوششیں جاری رکھیں۔ لیکن جب تک ایسا نظم میسر نہ ہو اور ضروری تعلیم حاصل کرنے کے لیے مجبورا ایسی جگہ جانا پڑے جہاں لڑکوں اور لڑکیوں کو ایک ہی کلاس میں سبق پڑھایا جاتا ہو تو مجبوری کے درجے میں مندرجہ ذیل شرائط کا خیال رکھتے ہوئے اس کی گنجائش ہے:-</p>
<ol>
<li>لڑکیاں پردے کامکمل اہتمام کریں ، اور کلاس میں لڑکوں اور لڑکیوں کی نشستیں الگ الگ ہوں۔  لڑکے لڑکوں کے ساتھ بیٹھیں اور لڑکیاں لڑکیوں کے ساتھ۔ درمیان میں پردہ، بورڈ وغیرہ کوئی حائل لگانے میں کوئی رکاوٹ نہ ہو تو اس کا اہتمام بھی کیا جائے۔</li>
<li>لڑکے اور لڑکیاں حتی الامکان اختلاط اور بلا ضرورت گفتگو سے پرہیز کریں۔</li>
<li>جہاں مجبوری کی وجہ سے اختلاط ہو، وہاں مرد و خواتین دونوں اپنی نگاہیں نیچی رکھیں۔</li>
<li>اگر مرد استاذ کسی ایسی کلاس میں سبق پڑھائے جس میں لڑکیاں بھی ہوں تو اولاً کوشش یہ ہونی چاہیے کہ لڑکیوں کی جانب پردہ ہو، اگر ایسا انتظام کرنا اختیار میں نہ ہو تو پھر وہ حتی الامکان اپنی نگاہیں نیچی رکھیں۔ اسی طرح اگر کوئی خاتون استانی ایسی کلاس میں سبق پڑھائے جہاں لڑکے بھی ہوں تو وہ مکمل پردے کا اہتمام کرے اور اپنی نگاہوں کی حفاظت کرے، طلبا بھی اپنے دل اور نگاہوں کی حفاظت کریں۔  استاذ اور طالبات اور استانی و طلبا کی ایک دوسرے کے ساتھ گفتگو سبق سے متعلق سوال جواب کی حد تک ہو، اس کے علاوہ بلاضرورت گفتگو سے پرہیز کریں۔</li>
<li>جب تک مخلوط تعلیمی اداروں میں جانے والے طلبا و طالبات کو الگ الگ تعلیمی ادارے میسر نہیں آتے، اس وقت تک اللہ تعالیٰ کی طرف رجوع اور استغفار کا اہتمام کرنا چاہیے، اور اس نظام کو دل سے برا سمجھتے ہوئے اس کی تبدیلی اور متبادل نظام لانے کے لیے ہر سطح پر اپنی ممکنہ کوششیں بھی جاری رکھنی چاہئیں۔</li>
</ol>
</div><h6 class=""has-text-align-right"">حوالہ جات</h6><div style=""direction: rtl;font-family: Amiri;
    
     font-size: 13px; font-weight: 400;""><p>القرآن الکریم،  [النور: 30، 31]:</p>
<p>{قُلْ لِلْمُؤْمِنِينَ يَغُضُّوا مِنْ أَبْصَارِهِمْ وَيَحْفَظُوا فُرُوجَهُمْ ذَلِكَ أَزْكَى لَهُمْ إِنَّ اللَّهَ خَبِيرٌ بِمَا يَصْنَعُونَ (30) وَقُلْ لِلْمُؤْمِنَاتِ يَغْضُضْنَ مِنْ أَبْصَارِهِنَّ وَيَحْفَظْنَ فُرُوجَهُنَّ وَلَا يُبْدِينَ زِينَتَهُنَّ إِلَّا مَا ظَهَرَ مِنْهَا وَلْيَضْرِبْنَ بِخُمُرِهِنَّ عَلَى جُيُوبِهِنَّ وَلَا يُبْدِينَ زِينَتَهُنَّ إِلَّا لِبُعُولَتِهِنَّ أَوْ آبَائِهِنَّ أَوْ آبَاءِ بُعُولَتِهِنَّ أَوْ أَبْنَائِهِنَّ أَوْ أَبْنَاءِ بُعُولَتِهِنَّ أَوْ إِخْوَانِهِنَّ أَوْ بَنِي إِخْوَانِهِنَّ أَوْ بَنِي أَخَوَاتِهِنَّ أَوْ نِسَائِهِنَّ أَوْ مَا مَلَكَتْ أَيْمَانُهُنَّ أَوِ التَّابِعِينَ غَيْرِ أُولِي الْإِرْبَةِ مِنَ الرِّجَالِ أَوِ الطِّفْلِ الَّذِينَ لَمْ يَظْهَرُوا عَلَى عَوْرَاتِ النِّسَاءِ وَلَا يَضْرِبْنَ بِأَرْجُلِهِنَّ لِيُعْلَمَ مَا يُخْفِينَ مِنْ زِينَتِهِنَّ وَتُوبُوا إِلَى اللَّهِ جَمِيعًا أَيُّهَ الْمُؤْمِنُونَ لَعَلَّكُمْ تُفْلِحُونَ (31) } .</p>
<p> القرآن الکریم،    [الأحزاب: 53]:</p>
<p>{وَإِذَا سَأَلْتُمُوهُنَّ مَتَاعًا فَاسْأَلُوهُنَّ مِنْ وَرَاءِ حِجَابٍ ذَلِكُمْ أَطْهَرُ لِقُلُوبِكُمْ وَقُلُوبِهِنَّ}الآیة.   </p>
</div><p>     عبداللہ ولی غفر اللہ لہٗ</p>
<p>  دار الافتاء جامعۃ الرشید کراچی</p>
<p>27/صفر المظفر/<span dir=""LTR"">1442</span>ھ</p>
<h6 class=""has-text-align-center"">
واللہ سبحانہ وتعالی اعلم
</h6><figure class=""wp-block-table""><table><tbody><tr><td><h3>مجیب</h3></td><td>عبداللہ ولی</td><td><h3>مفتیان</h3></td><td>سیّد عابد شاہ صاحب / محمد حسین خلیل خیل صاحب</td></tr></tbody></table></figure></div></div></div></div></div></div><div class=""p-wl6689 pagelayer-inner_row pagelayer-row-stretch-auto pagelayer-height-default"" pagelayer-id=""wl6689"">
<style pagelayer-style-id=""wl6689"">.p-wl6689 .pagelayer-col-holder{padding: 10px}
.p-wl6689 > .pagelayer-background-overlay{-webkit-transition: all 400ms !important; transition: all 400ms !important}
.p-wl6689 .pagelayer-svg-top .pagelayer-shape-fill{fill:#227bc3}
.p-wl6689 .pagelayer-row-svg .pagelayer-svg-top{width:100%;height:100px}
.p-wl6689 .pagelayer-svg-bottom .pagelayer-shape-fill{fill:#e44993}
.p-wl6689 .pagelayer-row-svg .pagelayer-svg-bottom{width:100%;height:100px}
</style>
<div class=""pagelayer-row-holder pagelayer-row pagelayer-auto pagelayer-width-auto""><div class=""p-jzl6522 pagelayer-col pagelayer-col-6"" pagelayer-id=""jzl6522"">
<style pagelayer-style-id=""jzl6522"">.p-jzl6522{align-content: center !important}
.p-jzl6522 .pagelayer-col-holder > div:not(:last-child){margin-bottom: 15px}
.p-jzl6522 > .pagelayer-background-overlay{-webkit-transition: all 400ms !important; transition: all 400ms !important}
</style>
<div class=""pagelayer-col-holder""><div class=""p-xsb5673 pagelayer-share_grp pagelayer-share-type-icon-label pagelayer-social-bg-none pagelayer-scheme-official"" pagelayer-id=""xsb5673"">
<style pagelayer-style-id=""xsb5673"">.p-xsb5673{text-align: right}
.p-xsb5673 .pagelayer-share-content{min-height: 35px;-webkit-transition: all 400ms; transition: all 400ms}
.p-xsb5673 i{font-size: 27px}
.p-xsb5673 .pagelayer-icon-holder{font-size: 27px}
.p-xsb5673 .pagelayer-share-content i{-webkit-transition: all 400ms; transition: all 400ms}
.p-xsb5673 .pagelayer-icon-name{font-family: Roboto; font-size: 15px !important; font-style:  !important; font-weight: 500 !important; font-variant:  !important; text-decoration-line:  !important; text-decoration-style:  !important; line-height: em !important; text-transform:  !important; letter-spacing: px !important; word-spacing: px !important}
@media (max-width: 768px) and (min-width: 501px){.p-xsb5673{text-align: left}
.p-xsb5673 .pagelayer-share{padding-top: 10px; padding-bottom: 10px;padding-left: 10px; padding-right: 10px}
.p-xsb5673 i{font-size: 20px}
.p-xsb5673 .pagelayer-icon-holder{font-size: 20px}
.p-xsb5673 .pagelayer-icon-name{font-family: ; font-size: 13px !important; font-style:  !important; font-weight:  !important; font-variant:  !important; text-decoration-line:  !important; text-decoration-style:  !important; line-height: em !important; text-transform:  !important; letter-spacing: px !important; word-spacing: px !important}
}
@media (max-width: 500px){.p-xsb5673{text-align: left}
.p-xsb5673 .pagelayer-share{padding-top: 10px; padding-bottom: 10px;padding-left: 10px; padding-right: 10px}
.p-xsb5673 .pagelayer-share-content{min-height: NaNpx}
.p-xsb5673 i{font-size: 20px}
.p-xsb5673 .pagelayer-icon-holder{font-size: 20px}
.p-xsb5673 .pagelayer-icon-name{font-family: ; font-size: 13px !important; font-style:  !important; font-weight:  !important; font-variant:  !important; text-decoration-line:  !important; text-decoration-style:  !important; line-height: em !important; text-transform:  !important; letter-spacing: px !important; word-spacing: px !important}
}
</style><div class=""p-9mh2934 pagelayer-share"" pagelayer-id=""9mh2934"">
<a class=""pagelayer-ele-link"" href=""https://www.facebook.com/sharer/sharer.php?u=almuftionline.com/2020/10/15/2869/"" target=""_blank"" title=""fab fa-facebook-square"">
<div class=""pagelayer-share-content pagelayer-facebook-square"" data-icon=""fab fa-facebook-square"">
<div class=""pagelayer-icon-holder pagelayer-share-buttons"">
<i class=""pagelayer-social-fa fab fa-facebook-square""></i>
</div>
<div class=""pagelayer-icon-name"">
<span class=""pagelayer-icon-name-span"">Facebook</span>
</div>
</div>
</a></div><div class=""p-rai4926 pagelayer-share"" pagelayer-id=""rai4926"">
<a class=""pagelayer-ele-link"" href=""https://twitter.com/share?url=almuftionline.com/2020/10/15/2869/"" target=""_blank"" title=""fab fa-twitter-square"">
<div class=""pagelayer-share-content pagelayer-twitter-square"" data-icon=""fab fa-twitter-square"">
<div class=""pagelayer-icon-holder pagelayer-share-buttons"">
<i class=""pagelayer-social-fa fab fa-twitter-square""></i>
</div>
<div class=""pagelayer-icon-name"">
<span class=""pagelayer-icon-name-span"">Twitter</span>
</div>
</div>
</a></div><div class=""p-ndy3728 pagelayer-share"" pagelayer-id=""ndy3728"">
<a class=""pagelayer-ele-link"" href=""whatsapp://send?text=almuftionline.com/2020/10/15/2869/"" target=""_blank"" title=""fab fa-whatsapp"">
<div class=""pagelayer-share-content pagelayer-whatsapp"" data-icon=""fab fa-whatsapp"">
<div class=""pagelayer-icon-holder pagelayer-share-buttons"">
<i class=""pagelayer-social-fa fab fa-whatsapp""></i>
</div>
<div class=""pagelayer-icon-name"">
<span class=""pagelayer-icon-name-span"">WhatsApp</span>
</div>
</div>
</a></div></div></div></div></div></div><div class=""p-zqp4850 pagelayer-inner_row pagelayer-row-stretch-auto pagelayer-height-default"" pagelayer-id=""zqp4850"">
<style pagelayer-style-id=""zqp4850"">.p-zqp4850 .pagelayer-col-holder{padding: 10px}
.p-zqp4850 > .pagelayer-background-overlay{-webkit-transition: all 400ms !important; transition: all 400ms !important}
.p-zqp4850 .pagelayer-svg-top .pagelayer-shape-fill{fill:#227bc3}
.p-zqp4850 .pagelayer-row-svg .pagelayer-svg-top{width:100%;height:100px}
.p-zqp4850 .pagelayer-svg-bottom .pagelayer-shape-fill{fill:#e44993}
.p-zqp4850 .pagelayer-row-svg .pagelayer-svg-bottom{width:100%;height:100px}
</style>
<div class=""pagelayer-row-holder pagelayer-row pagelayer-auto pagelayer-width-auto""><div class=""p-q725202 pagelayer-col pagelayer-col-2"" pagelayer-id=""q725202"">
<style pagelayer-style-id=""q725202"">.p-q725202{align-content: center !important}
.p-q725202 .pagelayer-col-holder > div:not(:last-child){margin-bottom: 15px}
.p-q725202 > .pagelayer-background-overlay{-webkit-transition: all 400ms !important; transition: all 400ms !important}
</style>
<div class=""pagelayer-col-holder""><div class=""p-55r4448 pagelayer-post_nav"" pagelayer-id=""55r4448"">
<style pagelayer-style-id=""55r4448"">.p-55r4448 .pagelayer-post-nav-link{color:#adb5bd;font-family:  !important; font-size: 15px !important; font-style:  !important; font-weight:  !important; font-variant:  !important; text-decoration-line:  !important; text-decoration-style:  !important; line-height: em !important; text-transform:  !important; letter-spacing: px !important; word-spacing: px !important}
.p-55r4448 .pagelayer-post-nav-title{color:#000000;font-family:  !important; font-size: 18px !important; font-style:  !important; font-weight: bold !important; font-variant:  !important; text-decoration-line:  !important; text-decoration-style: Solid !important; line-height: em !important; text-transform:  !important; letter-spacing: px !important; word-spacing: px !important}
.p-55r4448 .pagelayer-post-nav-icon{color:#adb5bd;font-size:30px}
.p-55r4448 .pagelayer-post-nav-separator{display:none}
@media (max-width: 768px) and (min-width: 501px){.p-55r4448 .pagelayer-post-nav-link{font-family:  !important; font-size: 12px !important; font-style:  !important; font-weight:  !important; font-variant:  !important; text-decoration-line:  !important; text-decoration-style: Solid !important; line-height: em !important; text-transform:  !important; letter-spacing: px !important; word-spacing: px !important}
.p-55r4448 .pagelayer-post-nav-title{font-family:  !important; font-size: 15px !important; font-style:  !important; font-weight:  !important; font-variant:  !important; text-decoration-line:  !important; text-decoration-style: Solid !important; line-height: em !important; text-transform:  !important; letter-spacing: px !important; word-spacing: px !important}
}
@media (max-width: 500px){.p-55r4448 .pagelayer-post-nav-link{font-family:  !important; font-size: 12px !important; font-style:  !important; font-weight:  !important; font-variant:  !important; text-decoration-line:  !important; text-decoration-style: Solid !important; line-height: em !important; text-transform:  !important; letter-spacing: px !important; word-spacing: px !important}
.p-55r4448 .pagelayer-post-nav-title{font-family:  !important; font-size: 12px !important; font-style:  !important; font-weight:  !important; font-variant:  !important; text-decoration-line:  !important; text-decoration-style: Solid !important; line-height: em !important; text-transform:  !important; letter-spacing: px !important; word-spacing: px !important}
}
</style><div class=""pagelayer-post-nav-container"">
<div class=""pagelayer-prev-post"">
<a href=""https://almuftionline.com/2020/10/15/3141/"" rel=""prev""><span class=""pagelayer-post-nav-icon fa fa-chevron-left""></span>
<span class=""pagelayer-next-holder"">
<span class=""pagelayer-post-nav-link""> Previous</span><span class=""pagelayer-post-nav-title"">ایسے پلاٹ کا حکم جس کی کچھ قسطیں والد نے ادا کی ہوں اور کچھ بیٹے نے</span>
</span></a>
</div>
<div class=""pagelayer-post-nav-separator""></div>
<div class=""pagelayer-next-post"">
<a href=""https://almuftionline.com/2020/10/17/2850/"" rel=""next""><span class=""pagelayer-next-holder"">
<span class=""pagelayer-post-nav-link""> Next</span><span class=""pagelayer-post-nav-title"">لفظ آزاد سے طلاق کا حکم</span>
</span>
<span class=""pagelayer-post-nav-icon fa fa-chevron-right""></span></a>
</div>
</div></div></div></div></div></div></div>"
2020-10-15,https://almuftionline.com/2020/10/15/3141/,ایسے پلاٹ کا حکم جس کی کچھ قسطیں والد نے ادا کی ہوں اور کچھ بیٹے نے,<p>میرے والد صاحب کا انتقال 1981ء میں ہوا،ورثہ میں ایک بیوہ جن کا انتقال 2016ء میں ہوا،دیگر ورثہ الحمد للہ حیات ہیں،جن میں تین بیٹے اور چار بیٹیاں ہیں۔</p><p>والد نے انتقال سے پہلے ایک پلاٹ کی ممبر شپ لی تھی جو اسکیم 33 میں واقع تھا،چند اقساط جو تقریبا اڑتالیس ہزار کی بنتی تھی ادا کرنے کے بعد والد صاحب کا انتقال ہوگیا،تقریبا ایک سال کے اندر یہ پلاٹ جو والد صاحب کے نام پر تھا میرے نام کردیا گیا اور اس کی بقایا تمام اقساط میرے نام کے ساتھ ادا ہوتی رہی،2005ء میں اس پلاٹ کو ایک ضرورت کے تحت میں نے فروخت کردیا اور اس پلاٹ کی رقم چھوٹے بھائی کے کاروبار میں شامل کرادی،ابو کے انتقال سے لے کر چھوٹے بھائی کو رقم لگانے تک اس پلاٹ کی شرعی حیثیت سے ناواقف تھا،اب اس پلاٹ کی شرعی حیٕثیت کے بارے میں معلوم کرنا ہے۔</p><p>1۔کیا یہ پلاٹ تمام وارثوں کا تھا؟</p><p>2۔1981ءمیں 4800 کی قیمت والد صاحب نے ادا کی تھی،کیا یہ رقم تقسیم ہوگی؟</p><p>3۔2005ء میں اس پلاٹ کو فروخت کیا گیا،کیا یہ رقم ورثہ میں تقسیم ہوگی؟</p><p>4۔2005ءکے بعد چھوٹے بھائی کے ساتھ کاروبار میں شامل کرادی اور ہم آج بھی اپنا کاروبار کررہے ہیں،کیا موجودہ حیثیت میں 2020ء میں جو موجود ہے،کیا یہ سب ورثہ میں تقسیم ہوگا؟</p><p><strong>تنقیح:</strong></p><p>پلاٹ کی بقیہ اقساط سائل نے اپنی ذاتی کمائی سے ادا کی تھیں اور پلاٹ بیچنے کے بعد اس کی رقم جس کاروبار میں لگائی گئی ہے وہ صرف سائل اور اس کے چھوٹے بھائی نے ذاتی سرمایہ لگاکر شروع کیا  ہے،دیگر ورثہ اس میں شریک نہیں ہیں۔</p><p>اسی طرح پلاٹ کا قبضہ والد کے انتقال کے بعد قسطیں پوری ہونے کے بعد دیا گیا تھا،والد صاحب کو صرف اس اسکیم میں ممبر شپ دی گئی تھی،والد کے انتقال کے بعد اس بیٹے نے بقیہ اقساط بھر کر یہ پلاٹ اپنے لیے خریدا تھا۔</p>,"<h4 class=""has-text-align-center"">اَلجَوَابْ بِاسْمِ مُلْہِمِ الصَّوَابْ

</h4><p>1،2۔ چونکہ  والد صاحب کی وفات کے بعد آپ نے مزید قسطیں جمع کراکر یہ پلاٹ ذاتی طور پر اپنے لیے خریدا تھا،اس لیے یہ آپ ہی کی ملکیت تھا،البتہ وہ رقم (<span dir=""LTR"">4800</span>)جو مرحوم والد نے جمع کرائی تھی ان کے انتقال کے بعد وہ تمام ورثہ کی مشترکہ ملکیت میں آگئی تھی،اس لیے آپ کے ذمے لازم ہے کہ اس میں سے آپ کا جتنا حصہ بنتا ہے اس کے علاوہ بقیہ رقم ورثہ کو دے دیں۔ </p><p>3،4۔چونکہ پلاٹ آپ کی ملکیت تھا،اس لیے اسے بیچنے کے نتیجے میں جو رقم حاصل ہوئی وہ بھی آپ کی ملکیت تھی،لہذایہ رقم ورثہ میں تقسیم نہیں ہوگی اور  اس رقم سے کاروبار کے حجم میں جو اضافہ ہوا ہے،اس میں بھی دیگر ورثہ کا حق نہیں ہوگا۔</p><p>واضح رہے کہ یہ جواب اس مفروضے پر مبنی ہے کہ آپ نے یہ پلاٹ صرف اپنے لیے خریدا ہو،سب ورثہ کی مشترکہ ملکیت کی نیت سے نہ خریدا ہو۔</p><h6 class=""has-text-align-right"">حوالہ جات</h6><div style=""direction: rtl;font-family: Amiri;
    
     font-size: 13px; font-weight: 400;""><p>""مجلة الأحكام العدلية"" (ص: 204):</p>
<p>""شركة الملك هي كون الشيء مشتركا بين أكثر من واحد أي مخصوصا بهم بسبب من أسباب التملك كالاشتراء والاتهاب وقبول الوصية والتوارث أو بخلط"".</p>
<p>""درر الحكام في شرح مجلة الأحكام"" (3/ 16):</p>
<p>"" كون الشيء، ولم يقل كون العين لأنه كما يفهم من المادة (1066) أن  شركة الملك كما تكون في العين تكون في الدين أيضا، وقد استعمل في بعض الكتب الفقهية تعبير العين إلا أن هذا الاستعمال هو؛ لأن شركة العين غالبة أو أكثر أو لأن العين المقصودة هناك معممة على العين حالا والعين مالا"".</p>
<p>""درر الحكام في شرح مجلة الأحكام"" (3/ 67):</p>
<p>""المادة (3 1 1) - (إذا لم يقبض أحد الشريكين في الدين المشترك شيئا من الدين المشترك لكنه اشترى متاعا من المدين بدلا عن حصته فلا يكون الدائن الآخر شريكا في ذلك المتاع لكن له أن يضمنه حصته من ثمن ذلك المتاع وإذا اتفقا على الاشتراك يكون المتاع المذكور مشتركا بينهما) إذا لم يقبض أحد الشريكين في الدين المشترك مقدارا قليلا أو كثيرا من الدين المشترك لكنه اشترى متاعا من المدين بدلا عن حصته فلا يكون الدائن الآخر شريكا في ذلك المتاع للدائن المشتري لأن الشريك المشتري قد أصبح مالكا لذلك المال بعقد البيع وليس بسبب الدين لأن عقد البيع مثبت للملكية بنفسه ومستغن عن وجود الدين السابق"".</p>
<p>""شرح المجلة لخالد الاتاسی"" (4/ 38):</p>
<p>احدالشریکین فی الدین المشترک اذا اشتری بحصتہ متاعا من المدیون ولم یقبض منہ شیئا فلایکون الدائن الآخر شریکا فی ذٰلک المتاع،لکن لہ ان یضمنہ حصتہ من ثمن ذٰلک المتاع وان اتفقا علی کون المتاع مشترکا کان بینھما کذلک"".</p>
</div><p>محمد طارق</p><p>دارالافتاءجامعۃالرشید</p><p>18<span dir=""LTR"">/</span>ربیع الاول1442ھ</p><h6 class=""has-text-align-center"">
واللہ سبحانہ وتعالی اعلم
</h6><figure class=""wp-block-table""><table><tbody><tr><td><h3>مجیب</h3></td><td>محمد طارق  غرفی</td><td><h3>مفتیان</h3></td><td> آفتاب احمد صاحب    / سیّد عابد شاہ صاحب</td></tr></tbody></table></figure>",70490,jameya-tur-rasheed,میراث کے مسائل,میراث کے متفرق مسائل,"<div class=""pagelayer-col-holder""><div class=""p-kgd1425 pagelayer-post_excerpt"" pagelayer-id=""kgd1425"">
<style pagelayer-style-id=""kgd1425"">.p-kgd1425 .pagelayer-post-excerpt{color:#adb5bd;font-family: ; font-size: 15px !important; font-style: Italic !important; font-weight: 500 !important; font-variant:  !important; text-decoration-line:  !important; text-decoration-style:  !important; line-height: 1.5em !important; text-transform:  !important; letter-spacing: px !important; word-spacing: px !important;margin-top:0px; margin-right:0px; margin-bottom:0px; margin-left:0px}
.p-kgd1425{text-align: left;margin-top: 0px; margin-right: 0px; margin-bottom: 0px; margin-left: 0px;padding-top: 0px; padding-right: 0px; padding-bottom: 0px; padding-left: 0px}
</style></div><div class=""p-4wb1030 pagelayer-featured_img"" pagelayer-id=""4wb1030"">
<style pagelayer-style-id=""4wb1030"">.p-4wb1030{text-align: center}
.p-4wb1030 img{filter: blur(0px) brightness(100%) contrast(100%) grayscale(0%) hue-rotate(0deg) opacity(100%) saturate(100%);box-shadow: 0px 24px 36px 0px rgba(0,0,0,0.10)  !important;-webkit-transition: all 400ms; transition: all 400ms}
.p-4wb1030 .pagelayer-featured-caption{color: #0986c0}
</style>
<div class=""pagelayer-featured-img""></div>
</div><div class=""p-f8n3612 pagelayer-inner_row pagelayer-row-stretch-auto pagelayer-height-default"" pagelayer-id=""f8n3612"">
<style pagelayer-style-id=""f8n3612"">.p-f8n3612 .pagelayer-col-holder{padding: 10px}
.p-f8n3612 > .pagelayer-background-overlay{-webkit-transition: all 400ms !important; transition: all 400ms !important}
.p-f8n3612 .pagelayer-svg-top .pagelayer-shape-fill{fill:#227bc3}
.p-f8n3612 .pagelayer-row-svg .pagelayer-svg-top{width:100%;height:100px}
.p-f8n3612 .pagelayer-svg-bottom .pagelayer-shape-fill{fill:#e44993}
.p-f8n3612 .pagelayer-row-svg .pagelayer-svg-bottom{width:100%;height:100px}
</style>
<div class=""pagelayer-row-holder pagelayer-row pagelayer-auto pagelayer-width-auto""><div class=""p-i795860 pagelayer-col pagelayer-col-4"" pagelayer-id=""i795860"">
<style pagelayer-style-id=""i795860"">.p-i795860{align-content: center !important}
.p-i795860 .pagelayer-col-holder > div:not(:last-child){margin-bottom: 15px}
.p-i795860 > .pagelayer-background-overlay{-webkit-transition: all 400ms !important; transition: all 400ms !important}
</style>
<div class=""pagelayer-col-holder""><div class=""p-qip3968 pagelayer-post_info"" pagelayer-id=""qip3968"">
<style pagelayer-style-id=""qip3968"">.p-qip3968 .pagelayer-post-info-vertical .pagelayer-post-info-list-container{margin-right:25px}
.p-qip3968 .pagelayer-post-info-horizontal .pagelayer-post-info-list-container{margin-bottom:25px}
.p-qip3968 .pagelayer-post-info-container{text-align:right}
.p-qip3968 .pagelayer-post-info-icon span{font-size:120%;color:#495057}
.p-qip3968 .pagelayer-post-info-list-container a{font-family: Roboto !important; font-size: 14px !important; font-style:  !important; font-weight: 500 !important; font-variant:  !important; text-decoration-line:  !important; text-decoration-style:  !important; line-height: 1.6em !important; text-transform:  !important; letter-spacing: px !important; word-spacing: px !important}
.p-qip3968 .pagelayer-post-info-label{color:#495057}
.p-qip3968 .pagelayer-post-info-label a{color:#495057}
.p-qip3968 .pagelayer-post-info-label:hover{color:#000000}
.p-qip3968 .pagelayer-post-info-label:hover a{color:#000000}
</style><div class=""pagelayer-post-info-container pagelayer-post-info-vertical""><div class=""p-xj43574 pagelayer-post_info_list"" pagelayer-id=""xj43574"">
<div class=""pagelayer-post-info-list-container"">
<a class=""pagelayer-post-info-list-link"" href=""https://almuftionline.com/2020/10/15/"">
<span class=""pagelayer-post-info-icon"">
<span class=""far fa-clock""></span>
</span>
<span class=""pagelayer-post-info-label pagelayer-date"">اکتوبر 15, 2020</span>
</a>
</div></div></div></div></div></div><div class=""p-t2j1983 pagelayer-col pagelayer-col-7"" pagelayer-id=""t2j1983"">
<style pagelayer-style-id=""t2j1983"">.p-t2j1983{align-content: center !important}
.p-t2j1983 .pagelayer-col-holder > div:not(:last-child){margin-bottom: 15px}
.p-t2j1983 > .pagelayer-background-overlay{-webkit-transition: all 400ms !important; transition: all 400ms !important}
</style>
<div class=""pagelayer-col-holder""><div class=""p-dbq3916 pagelayer-post_info"" pagelayer-id=""dbq3916"">
<style pagelayer-style-id=""dbq3916"">.p-dbq3916 .pagelayer-post-info-container{text-align:right}
.p-dbq3916 .pagelayer-post-info-icon span{font-size:120%;color:#495057}
.p-dbq3916 .pagelayer-post-info-list-container a{font-family: Roboto !important; font-size: 14px !important; font-style:  !important; font-weight: 500 !important; font-variant:  !important; text-decoration-line:  !important; text-decoration-style:  !important; line-height: 1.6em !important; text-transform:  !important; letter-spacing: px !important; word-spacing: px !important}
.p-dbq3916 .pagelayer-post-info-label{color:#0072ff}
.p-dbq3916 .pagelayer-post-info-label a{color:#0072ff}
.p-dbq3916 .pagelayer-terms *{color:#f8952c !important;padding-top:5px; padding-right:10px; padding-bottom:5px; padding-left:10px;margin-top:0px; margin-right:5px; margin-bottom:0px; margin-left:5px;border-radius: 4px 4px 4px 4px; -webkit-border-radius:  4px 4px 4px 4px;-moz-border-radius: 4px 4px 4px 4px}
.p-dbq3916{padding-top: 0px; padding-right: 0px; padding-bottom: 0px; padding-left: 0px}
@media (max-width: 768px) and (min-width: 501px){.p-dbq3916 .pagelayer-post-info-container{text-align:left}
}
@media (max-width: 500px){.p-dbq3916 .pagelayer-post-info-container{text-align:left}
}
</style><div class=""pagelayer-post-info-container pagelayer-post-info-vertical""><div class=""p-wpv7212 pagelayer-post_info_list"" pagelayer-id=""wpv7212"">
<div class=""pagelayer-post-info-list-container"">
<span class=""pagelayer-post-info-icon"">
</span>
<span class=""pagelayer-post-info-label pagelayer-terms""> <a href=""https://almuftionline.com/category/fatwa/53/""> میراث کے مسائل </a></span>
</div></div></div></div></div></div></div></div><div class=""p-trw3096 pagelayer-inner_row pagelayer-row-stretch-auto pagelayer-height-default"" pagelayer-id=""trw3096"">
<style pagelayer-style-id=""trw3096"">.p-trw3096 .pagelayer-col-holder{padding: 10px}
.p-trw3096 > .pagelayer-background-overlay{-webkit-transition: all 400ms !important; transition: all 400ms !important}
.p-trw3096 .pagelayer-svg-top .pagelayer-shape-fill{fill:#227bc3}
.p-trw3096 .pagelayer-row-svg .pagelayer-svg-top{width:100%;height:100px}
.p-trw3096 .pagelayer-svg-bottom .pagelayer-shape-fill{fill:#e44993}
.p-trw3096 .pagelayer-row-svg .pagelayer-svg-bottom{width:100%;height:100px}
</style>
<div class=""pagelayer-row-holder pagelayer-row pagelayer-auto pagelayer-width-auto""><div class=""p-wwu6541 pagelayer-col pagelayer-col-2"" pagelayer-id=""wwu6541"">
<style pagelayer-style-id=""wwu6541"">.p-wwu6541{align-content: center !important}
.p-wwu6541 .pagelayer-col-holder > div:not(:last-child){margin-bottom: 15px}
.p-wwu6541 > .pagelayer-background-overlay{-webkit-transition: all 400ms !important; transition: all 400ms !important}
</style>
<div class=""pagelayer-col-holder""><div class=""p-ccj4284 pagelayer-post_content"" pagelayer-id=""ccj4284"">
<style pagelayer-style-id=""ccj4284"">.p-ccj4284{text-align: right}
</style><div class=""entry-content pagelayer-post-excerpt""><figure class=""wp-block-table""><table><tbody><tr><td>70490</td><td>میراث کے مسائل</td><td>میراث کے متفرق مسائل</td></tr></tbody></table></figure><div style=""direction:rtl;line-height: 2.5;""><h3 class=""has-text-align-center"">سوال</h3><p>میرے والد صاحب کا انتقال 1981ء میں ہوا،ورثہ میں ایک بیوہ جن کا انتقال 2016ء میں ہوا،دیگر ورثہ الحمد للہ حیات ہیں،جن میں تین بیٹے اور چار بیٹیاں ہیں۔</p>
<p>والد نے انتقال سے پہلے ایک پلاٹ کی ممبر شپ لی تھی جو اسکیم 33 میں واقع تھا،چند اقساط جو تقریبا اڑتالیس ہزار کی بنتی تھی ادا کرنے کے بعد والد صاحب کا انتقال ہوگیا،تقریبا ایک سال کے اندر یہ پلاٹ جو والد صاحب کے نام پر تھا میرے نام کردیا گیا اور اس کی بقایا تمام اقساط میرے نام کے ساتھ ادا ہوتی رہی،2005ء میں اس پلاٹ کو ایک ضرورت کے تحت میں نے فروخت کردیا اور اس پلاٹ کی رقم چھوٹے بھائی کے کاروبار میں شامل کرادی،ابو کے انتقال سے لے کر چھوٹے بھائی کو رقم لگانے تک اس پلاٹ کی شرعی حیثیت سے ناواقف تھا،اب اس پلاٹ کی شرعی حیٕثیت کے بارے میں معلوم کرنا ہے۔</p>
<p>1۔کیا یہ پلاٹ تمام وارثوں کا تھا؟</p>
<p>2۔1981ءمیں 4800 کی قیمت والد صاحب نے ادا کی تھی،کیا یہ رقم تقسیم ہوگی؟</p>
<p>3۔2005ء میں اس پلاٹ کو فروخت کیا گیا،کیا یہ رقم ورثہ میں تقسیم ہوگی؟</p>
<p>4۔2005ءکے بعد چھوٹے بھائی کے ساتھ کاروبار میں شامل کرادی اور ہم آج بھی اپنا کاروبار کررہے ہیں،کیا موجودہ حیثیت میں 2020ء میں جو موجود ہے،کیا یہ سب ورثہ میں تقسیم ہوگا؟</p>
<p><strong>تنقیح:</strong></p>
<p>پلاٹ کی بقیہ اقساط سائل نے اپنی ذاتی کمائی سے ادا کی تھیں اور پلاٹ بیچنے کے بعد اس کی رقم جس کاروبار میں لگائی گئی ہے وہ صرف سائل اور اس کے چھوٹے بھائی نے ذاتی سرمایہ لگاکر شروع کیا  ہے،دیگر ورثہ اس میں شریک نہیں ہیں۔</p>
<p>اسی طرح پلاٹ کا قبضہ والد کے انتقال کے بعد قسطیں پوری ہونے کے بعد دیا گیا تھا،والد صاحب کو صرف اس اسکیم میں ممبر شپ دی گئی تھی،والد کے انتقال کے بعد اس بیٹے نے بقیہ اقساط بھر کر یہ پلاٹ اپنے لیے خریدا تھا۔</p>
<h4 class=""has-text-align-center"">اَلجَوَابْ بِاسْمِ مُلْہِمِ الصَّوَابْ

</h4><p>1،2۔ چونکہ  والد صاحب کی وفات کے بعد آپ نے مزید قسطیں جمع کراکر یہ پلاٹ ذاتی طور پر اپنے لیے خریدا تھا،اس لیے یہ آپ ہی کی ملکیت تھا،البتہ وہ رقم (<span dir=""LTR"">4800</span>)جو مرحوم والد نے جمع کرائی تھی ان کے انتقال کے بعد وہ تمام ورثہ کی مشترکہ ملکیت میں آگئی تھی،اس لیے آپ کے ذمے لازم ہے کہ اس میں سے آپ کا جتنا حصہ بنتا ہے اس کے علاوہ بقیہ رقم ورثہ کو دے دیں۔ </p>
<p>3،4۔چونکہ پلاٹ آپ کی ملکیت تھا،اس لیے اسے بیچنے کے نتیجے میں جو رقم حاصل ہوئی وہ بھی آپ کی ملکیت تھی،لہذایہ رقم ورثہ میں تقسیم نہیں ہوگی اور  اس رقم سے کاروبار کے حجم میں جو اضافہ ہوا ہے،اس میں بھی دیگر ورثہ کا حق نہیں ہوگا۔</p>
<p>واضح رہے کہ یہ جواب اس مفروضے پر مبنی ہے کہ آپ نے یہ پلاٹ صرف اپنے لیے خریدا ہو،سب ورثہ کی مشترکہ ملکیت کی نیت سے نہ خریدا ہو۔</p>
</div><h6 class=""has-text-align-right"">حوالہ جات</h6><div style=""direction: rtl;font-family: Amiri;
    
     font-size: 13px; font-weight: 400;""><p>""مجلة الأحكام العدلية"" (ص: 204):</p>
<p>""شركة الملك هي كون الشيء مشتركا بين أكثر من واحد أي مخصوصا بهم بسبب من أسباب التملك كالاشتراء والاتهاب وقبول الوصية والتوارث أو بخلط"".</p>
<p>""درر الحكام في شرح مجلة الأحكام"" (3/ 16):</p>
<p>"" كون الشيء، ولم يقل كون العين لأنه كما يفهم من المادة (1066) أن  شركة الملك كما تكون في العين تكون في الدين أيضا، وقد استعمل في بعض الكتب الفقهية تعبير العين إلا أن هذا الاستعمال هو؛ لأن شركة العين غالبة أو أكثر أو لأن العين المقصودة هناك معممة على العين حالا والعين مالا"".</p>
<p>""درر الحكام في شرح مجلة الأحكام"" (3/ 67):</p>
<p>""المادة (3 1 1) - (إذا لم يقبض أحد الشريكين في الدين المشترك شيئا من الدين المشترك لكنه اشترى متاعا من المدين بدلا عن حصته فلا يكون الدائن الآخر شريكا في ذلك المتاع لكن له أن يضمنه حصته من ثمن ذلك المتاع وإذا اتفقا على الاشتراك يكون المتاع المذكور مشتركا بينهما) إذا لم يقبض أحد الشريكين في الدين المشترك مقدارا قليلا أو كثيرا من الدين المشترك لكنه اشترى متاعا من المدين بدلا عن حصته فلا يكون الدائن الآخر شريكا في ذلك المتاع للدائن المشتري لأن الشريك المشتري قد أصبح مالكا لذلك المال بعقد البيع وليس بسبب الدين لأن عقد البيع مثبت للملكية بنفسه ومستغن عن وجود الدين السابق"".</p>
<p>""شرح المجلة لخالد الاتاسی"" (4/ 38):</p>
<p>احدالشریکین فی الدین المشترک اذا اشتری بحصتہ متاعا من المدیون ولم یقبض منہ شیئا فلایکون الدائن الآخر شریکا فی ذٰلک المتاع،لکن لہ ان یضمنہ حصتہ من ثمن ذٰلک المتاع وان اتفقا علی کون المتاع مشترکا کان بینھما کذلک"".</p>
</div><p>محمد طارق</p>
<p>دارالافتاءجامعۃالرشید</p>
<p>18<span dir=""LTR"">/</span>ربیع الاول1442ھ</p>
<h6 class=""has-text-align-center"">
واللہ سبحانہ وتعالی اعلم
</h6><figure class=""wp-block-table""><table><tbody><tr><td><h3>مجیب</h3></td><td>محمد طارق  غرفی</td><td><h3>مفتیان</h3></td><td> آفتاب احمد صاحب    / سیّد عابد شاہ صاحب</td></tr></tbody></table></figure></div></div></div></div></div></div><div class=""p-wl6689 pagelayer-inner_row pagelayer-row-stretch-auto pagelayer-height-default"" pagelayer-id=""wl6689"">
<style pagelayer-style-id=""wl6689"">.p-wl6689 .pagelayer-col-holder{padding: 10px}
.p-wl6689 > .pagelayer-background-overlay{-webkit-transition: all 400ms !important; transition: all 400ms !important}
.p-wl6689 .pagelayer-svg-top .pagelayer-shape-fill{fill:#227bc3}
.p-wl6689 .pagelayer-row-svg .pagelayer-svg-top{width:100%;height:100px}
.p-wl6689 .pagelayer-svg-bottom .pagelayer-shape-fill{fill:#e44993}
.p-wl6689 .pagelayer-row-svg .pagelayer-svg-bottom{width:100%;height:100px}
</style>
<div class=""pagelayer-row-holder pagelayer-row pagelayer-auto pagelayer-width-auto""><div class=""p-jzl6522 pagelayer-col pagelayer-col-6"" pagelayer-id=""jzl6522"">
<style pagelayer-style-id=""jzl6522"">.p-jzl6522{align-content: center !important}
.p-jzl6522 .pagelayer-col-holder > div:not(:last-child){margin-bottom: 15px}
.p-jzl6522 > .pagelayer-background-overlay{-webkit-transition: all 400ms !important; transition: all 400ms !important}
</style>
<div class=""pagelayer-col-holder""><div class=""p-xsb5673 pagelayer-share_grp pagelayer-share-type-icon-label pagelayer-social-bg-none pagelayer-scheme-official"" pagelayer-id=""xsb5673"">
<style pagelayer-style-id=""xsb5673"">.p-xsb5673{text-align: right}
.p-xsb5673 .pagelayer-share-content{min-height: 35px;-webkit-transition: all 400ms; transition: all 400ms}
.p-xsb5673 i{font-size: 27px}
.p-xsb5673 .pagelayer-icon-holder{font-size: 27px}
.p-xsb5673 .pagelayer-share-content i{-webkit-transition: all 400ms; transition: all 400ms}
.p-xsb5673 .pagelayer-icon-name{font-family: Roboto; font-size: 15px !important; font-style:  !important; font-weight: 500 !important; font-variant:  !important; text-decoration-line:  !important; text-decoration-style:  !important; line-height: em !important; text-transform:  !important; letter-spacing: px !important; word-spacing: px !important}
@media (max-width: 768px) and (min-width: 501px){.p-xsb5673{text-align: left}
.p-xsb5673 .pagelayer-share{padding-top: 10px; padding-bottom: 10px;padding-left: 10px; padding-right: 10px}
.p-xsb5673 i{font-size: 20px}
.p-xsb5673 .pagelayer-icon-holder{font-size: 20px}
.p-xsb5673 .pagelayer-icon-name{font-family: ; font-size: 13px !important; font-style:  !important; font-weight:  !important; font-variant:  !important; text-decoration-line:  !important; text-decoration-style:  !important; line-height: em !important; text-transform:  !important; letter-spacing: px !important; word-spacing: px !important}
}
@media (max-width: 500px){.p-xsb5673{text-align: left}
.p-xsb5673 .pagelayer-share{padding-top: 10px; padding-bottom: 10px;padding-left: 10px; padding-right: 10px}
.p-xsb5673 .pagelayer-share-content{min-height: NaNpx}
.p-xsb5673 i{font-size: 20px}
.p-xsb5673 .pagelayer-icon-holder{font-size: 20px}
.p-xsb5673 .pagelayer-icon-name{font-family: ; font-size: 13px !important; font-style:  !important; font-weight:  !important; font-variant:  !important; text-decoration-line:  !important; text-decoration-style:  !important; line-height: em !important; text-transform:  !important; letter-spacing: px !important; word-spacing: px !important}
}
</style><div class=""p-9mh2934 pagelayer-share"" pagelayer-id=""9mh2934"">
<a class=""pagelayer-ele-link"" href=""https://www.facebook.com/sharer/sharer.php?u=almuftionline.com/2020/10/15/3141/"" target=""_blank"" title=""fab fa-facebook-square"">
<div class=""pagelayer-share-content pagelayer-facebook-square"" data-icon=""fab fa-facebook-square"">
<div class=""pagelayer-icon-holder pagelayer-share-buttons"">
<i class=""pagelayer-social-fa fab fa-facebook-square""></i>
</div>
<div class=""pagelayer-icon-name"">
<span class=""pagelayer-icon-name-span"">Facebook</span>
</div>
</div>
</a></div><div class=""p-rai4926 pagelayer-share"" pagelayer-id=""rai4926"">
<a class=""pagelayer-ele-link"" href=""https://twitter.com/share?url=almuftionline.com/2020/10/15/3141/"" target=""_blank"" title=""fab fa-twitter-square"">
<div class=""pagelayer-share-content pagelayer-twitter-square"" data-icon=""fab fa-twitter-square"">
<div class=""pagelayer-icon-holder pagelayer-share-buttons"">
<i class=""pagelayer-social-fa fab fa-twitter-square""></i>
</div>
<div class=""pagelayer-icon-name"">
<span class=""pagelayer-icon-name-span"">Twitter</span>
</div>
</div>
</a></div><div class=""p-ndy3728 pagelayer-share"" pagelayer-id=""ndy3728"">
<a class=""pagelayer-ele-link"" href=""whatsapp://send?text=almuftionline.com/2020/10/15/3141/"" target=""_blank"" title=""fab fa-whatsapp"">
<div class=""pagelayer-share-content pagelayer-whatsapp"" data-icon=""fab fa-whatsapp"">
<div class=""pagelayer-icon-holder pagelayer-share-buttons"">
<i class=""pagelayer-social-fa fab fa-whatsapp""></i>
</div>
<div class=""pagelayer-icon-name"">
<span class=""pagelayer-icon-name-span"">WhatsApp</span>
</div>
</div>
</a></div></div></div></div></div></div><div class=""p-zqp4850 pagelayer-inner_row pagelayer-row-stretch-auto pagelayer-height-default"" pagelayer-id=""zqp4850"">
<style pagelayer-style-id=""zqp4850"">.p-zqp4850 .pagelayer-col-holder{padding: 10px}
.p-zqp4850 > .pagelayer-background-overlay{-webkit-transition: all 400ms !important; transition: all 400ms !important}
.p-zqp4850 .pagelayer-svg-top .pagelayer-shape-fill{fill:#227bc3}
.p-zqp4850 .pagelayer-row-svg .pagelayer-svg-top{width:100%;height:100px}
.p-zqp4850 .pagelayer-svg-bottom .pagelayer-shape-fill{fill:#e44993}
.p-zqp4850 .pagelayer-row-svg .pagelayer-svg-bottom{width:100%;height:100px}
</style>
<div class=""pagelayer-row-holder pagelayer-row pagelayer-auto pagelayer-width-auto""><div class=""p-q725202 pagelayer-col pagelayer-col-2"" pagelayer-id=""q725202"">
<style pagelayer-style-id=""q725202"">.p-q725202{align-content: center !important}
.p-q725202 .pagelayer-col-holder > div:not(:last-child){margin-bottom: 15px}
.p-q725202 > .pagelayer-background-overlay{-webkit-transition: all 400ms !important; transition: all 400ms !important}
</style>
<div class=""pagelayer-col-holder""><div class=""p-55r4448 pagelayer-post_nav"" pagelayer-id=""55r4448"">
<style pagelayer-style-id=""55r4448"">.p-55r4448 .pagelayer-post-nav-link{color:#adb5bd;font-family:  !important; font-size: 15px !important; font-style:  !important; font-weight:  !important; font-variant:  !important; text-decoration-line:  !important; text-decoration-style:  !important; line-height: em !important; text-transform:  !important; letter-spacing: px !important; word-spacing: px !important}
.p-55r4448 .pagelayer-post-nav-title{color:#000000;font-family:  !important; font-size: 18px !important; font-style:  !important; font-weight: bold !important; font-variant:  !important; text-decoration-line:  !important; text-decoration-style: Solid !important; line-height: em !important; text-transform:  !important; letter-spacing: px !important; word-spacing: px !important}
.p-55r4448 .pagelayer-post-nav-icon{color:#adb5bd;font-size:30px}
.p-55r4448 .pagelayer-post-nav-separator{display:none}
@media (max-width: 768px) and (min-width: 501px){.p-55r4448 .pagelayer-post-nav-link{font-family:  !important; font-size: 12px !important; font-style:  !important; font-weight:  !important; font-variant:  !important; text-decoration-line:  !important; text-decoration-style: Solid !important; line-height: em !important; text-transform:  !important; letter-spacing: px !important; word-spacing: px !important}
.p-55r4448 .pagelayer-post-nav-title{font-family:  !important; font-size: 15px !important; font-style:  !important; font-weight:  !important; font-variant:  !important; text-decoration-line:  !important; text-decoration-style: Solid !important; line-height: em !important; text-transform:  !important; letter-spacing: px !important; word-spacing: px !important}
}
@media (max-width: 500px){.p-55r4448 .pagelayer-post-nav-link{font-family:  !important; font-size: 12px !important; font-style:  !important; font-weight:  !important; font-variant:  !important; text-decoration-line:  !important; text-decoration-style: Solid !important; line-height: em !important; text-transform:  !important; letter-spacing: px !important; word-spacing: px !important}
.p-55r4448 .pagelayer-post-nav-title{font-family:  !important; font-size: 12px !important; font-style:  !important; font-weight:  !important; font-variant:  !important; text-decoration-line:  !important; text-decoration-style: Solid !important; line-height: em !important; text-transform:  !important; letter-spacing: px !important; word-spacing: px !important}
}
</style><div class=""pagelayer-post-nav-container"">
<div class=""pagelayer-prev-post"">
<a href=""https://almuftionline.com/2020/10/14/2992/"" rel=""prev""><span class=""pagelayer-post-nav-icon fa fa-chevron-left""></span>
<span class=""pagelayer-next-holder"">
<span class=""pagelayer-post-nav-link""> Previous</span><span class=""pagelayer-post-nav-title"">کرایہ پر لی گئی دکان کسی اور کو زیادہ کرایہ پر دینا</span>
</span></a>
</div>
<div class=""pagelayer-post-nav-separator""></div>
<div class=""pagelayer-next-post"">
<a href=""https://almuftionline.com/2020/10/15/2869/"" rel=""next""><span class=""pagelayer-next-holder"">
<span class=""pagelayer-post-nav-link""> Next</span><span class=""pagelayer-post-nav-title"">مخلوط نظامِ تعلیم میں پڑھنے کے لیے جانے کا شرعی حکم</span>
</span>
<span class=""pagelayer-post-nav-icon fa fa-chevron-right""></span></a>
</div>
</div></div></div></div></div></div></div>"
2020-10-14,https://almuftionline.com/2020/10/14/2992/,کرایہ پر لی گئی دکان کسی اور کو زیادہ کرایہ پر دینا,<p>ایک بندے نے 25000 روپے کرایہ پر ایک دکان لی اور پھر یہ دکان آگے ایک دوسرے شخص کو 32000 یا 50000 کرایہ پر دی،جبکہ دکان کے مالک کو اس کا علم بھی ہے،کیا کرایہ پر لی ہوئی جگہ کو اس طرح آگے کرایہ پر دینا جائز ہے؟</p>,"<h4 class=""has-text-align-center"">اَلجَوَابْ بِاسْمِ مُلْہِمِ الصَّوَابْ

</h4><p>جس شخص نے 25000 کے عوض دکان کرایہ پر لی ہے اگر اس نے دکان میں کوئی  اضافی تعمیر،ڈیکوریشن وغیرہ کا کام کروایا ہے تو پھر وہ یہ دکان کسی اور کو زیادہ کرایہ پر دے سکتا ہے اور اگر کوئی کام نہیں کروایا تو پھر 25000 سے زیادہ کرایہ پر دینا جائز نہیں۔</p><h6 class=""has-text-align-right"">حوالہ جات</h6><div style=""direction: rtl;font-family: Amiri;
    
     font-size: 13px; font-weight: 400;""><p>""بدائع الصنائع ""(4/ 206):</p>
<p>"" وللمستأجر في إجارة الدار وغيرها من العقار أن ينتفع بها كيف شاء بالسكنى، ووضع المتاع، وأن يسكن بنفسه، وبغيره، وأن يسكن غيره بالإجارة، والإعارة.</p>
<p>إلا أنه ليس له أن يجعل فيها حدادا، ولا قصارا، ونحو ذلك مما يوهن البناء لما بينا فيما تقدم، ولو أجرها المستأجر بأكثر من الأجرة الأولى فإن كانت الثانية من خلاف جنس الأولى طابت له الزيادة، وإن كانت من جنس الأولى لا تطيب له حتى يزيد في الدار زيادة من بناء أو حفر أو تطيين أو تجصيص"".</p>
</div><p>محمد طارق</p><p>دارالافتاءجامعۃالرشید</p><p>26<span dir=""LTR"">/</span>صفر1442ھ</p><h6 class=""has-text-align-center"">
واللہ سبحانہ وتعالی اعلم
</h6><figure class=""wp-block-table""><table><tbody><tr><td><h3>مجیب</h3></td><td>محمد طارق  غرفی</td><td><h3>مفتیان</h3></td><td>سیّد عابد شاہ صاحب / سعید احمد حسن صاحب</td></tr></tbody></table></figure>",70273,jameya-tur-rasheed,اجارہ یعنی کرایہ داری اور ملازمت کے احکام و مسائل,کرایہ داری کے متفرق احکام,"<div class=""pagelayer-col-holder""><div class=""p-kgd1425 pagelayer-post_excerpt"" pagelayer-id=""kgd1425"">
<style pagelayer-style-id=""kgd1425"">.p-kgd1425 .pagelayer-post-excerpt{color:#adb5bd;font-family: ; font-size: 15px !important; font-style: Italic !important; font-weight: 500 !important; font-variant:  !important; text-decoration-line:  !important; text-decoration-style:  !important; line-height: 1.5em !important; text-transform:  !important; letter-spacing: px !important; word-spacing: px !important;margin-top:0px; margin-right:0px; margin-bottom:0px; margin-left:0px}
.p-kgd1425{text-align: left;margin-top: 0px; margin-right: 0px; margin-bottom: 0px; margin-left: 0px;padding-top: 0px; padding-right: 0px; padding-bottom: 0px; padding-left: 0px}
</style></div><div class=""p-4wb1030 pagelayer-featured_img"" pagelayer-id=""4wb1030"">
<style pagelayer-style-id=""4wb1030"">.p-4wb1030{text-align: center}
.p-4wb1030 img{filter: blur(0px) brightness(100%) contrast(100%) grayscale(0%) hue-rotate(0deg) opacity(100%) saturate(100%);box-shadow: 0px 24px 36px 0px rgba(0,0,0,0.10)  !important;-webkit-transition: all 400ms; transition: all 400ms}
.p-4wb1030 .pagelayer-featured-caption{color: #0986c0}
</style>
<div class=""pagelayer-featured-img""></div>
</div><div class=""p-f8n3612 pagelayer-inner_row pagelayer-row-stretch-auto pagelayer-height-default"" pagelayer-id=""f8n3612"">
<style pagelayer-style-id=""f8n3612"">.p-f8n3612 .pagelayer-col-holder{padding: 10px}
.p-f8n3612 > .pagelayer-background-overlay{-webkit-transition: all 400ms !important; transition: all 400ms !important}
.p-f8n3612 .pagelayer-svg-top .pagelayer-shape-fill{fill:#227bc3}
.p-f8n3612 .pagelayer-row-svg .pagelayer-svg-top{width:100%;height:100px}
.p-f8n3612 .pagelayer-svg-bottom .pagelayer-shape-fill{fill:#e44993}
.p-f8n3612 .pagelayer-row-svg .pagelayer-svg-bottom{width:100%;height:100px}
</style>
<div class=""pagelayer-row-holder pagelayer-row pagelayer-auto pagelayer-width-auto""><div class=""p-i795860 pagelayer-col pagelayer-col-4"" pagelayer-id=""i795860"">
<style pagelayer-style-id=""i795860"">.p-i795860{align-content: center !important}
.p-i795860 .pagelayer-col-holder > div:not(:last-child){margin-bottom: 15px}
.p-i795860 > .pagelayer-background-overlay{-webkit-transition: all 400ms !important; transition: all 400ms !important}
</style>
<div class=""pagelayer-col-holder""><div class=""p-qip3968 pagelayer-post_info"" pagelayer-id=""qip3968"">
<style pagelayer-style-id=""qip3968"">.p-qip3968 .pagelayer-post-info-vertical .pagelayer-post-info-list-container{margin-right:25px}
.p-qip3968 .pagelayer-post-info-horizontal .pagelayer-post-info-list-container{margin-bottom:25px}
.p-qip3968 .pagelayer-post-info-container{text-align:right}
.p-qip3968 .pagelayer-post-info-icon span{font-size:120%;color:#495057}
.p-qip3968 .pagelayer-post-info-list-container a{font-family: Roboto !important; font-size: 14px !important; font-style:  !important; font-weight: 500 !important; font-variant:  !important; text-decoration-line:  !important; text-decoration-style:  !important; line-height: 1.6em !important; text-transform:  !important; letter-spacing: px !important; word-spacing: px !important}
.p-qip3968 .pagelayer-post-info-label{color:#495057}
.p-qip3968 .pagelayer-post-info-label a{color:#495057}
.p-qip3968 .pagelayer-post-info-label:hover{color:#000000}
.p-qip3968 .pagelayer-post-info-label:hover a{color:#000000}
</style><div class=""pagelayer-post-info-container pagelayer-post-info-vertical""><div class=""p-xj43574 pagelayer-post_info_list"" pagelayer-id=""xj43574"">
<div class=""pagelayer-post-info-list-container"">
<a class=""pagelayer-post-info-list-link"" href=""https://almuftionline.com/2020/10/14/"">
<span class=""pagelayer-post-info-icon"">
<span class=""far fa-clock""></span>
</span>
<span class=""pagelayer-post-info-label pagelayer-date"">اکتوبر 14, 2020</span>
</a>
</div></div></div></div></div></div><div class=""p-t2j1983 pagelayer-col pagelayer-col-7"" pagelayer-id=""t2j1983"">
<style pagelayer-style-id=""t2j1983"">.p-t2j1983{align-content: center !important}
.p-t2j1983 .pagelayer-col-holder > div:not(:last-child){margin-bottom: 15px}
.p-t2j1983 > .pagelayer-background-overlay{-webkit-transition: all 400ms !important; transition: all 400ms !important}
</style>
<div class=""pagelayer-col-holder""><div class=""p-dbq3916 pagelayer-post_info"" pagelayer-id=""dbq3916"">
<style pagelayer-style-id=""dbq3916"">.p-dbq3916 .pagelayer-post-info-container{text-align:right}
.p-dbq3916 .pagelayer-post-info-icon span{font-size:120%;color:#495057}
.p-dbq3916 .pagelayer-post-info-list-container a{font-family: Roboto !important; font-size: 14px !important; font-style:  !important; font-weight: 500 !important; font-variant:  !important; text-decoration-line:  !important; text-decoration-style:  !important; line-height: 1.6em !important; text-transform:  !important; letter-spacing: px !important; word-spacing: px !important}
.p-dbq3916 .pagelayer-post-info-label{color:#0072ff}
.p-dbq3916 .pagelayer-post-info-label a{color:#0072ff}
.p-dbq3916 .pagelayer-terms *{color:#f8952c !important;padding-top:5px; padding-right:10px; padding-bottom:5px; padding-left:10px;margin-top:0px; margin-right:5px; margin-bottom:0px; margin-left:5px;border-radius: 4px 4px 4px 4px; -webkit-border-radius:  4px 4px 4px 4px;-moz-border-radius: 4px 4px 4px 4px}
.p-dbq3916{padding-top: 0px; padding-right: 0px; padding-bottom: 0px; padding-left: 0px}
@media (max-width: 768px) and (min-width: 501px){.p-dbq3916 .pagelayer-post-info-container{text-align:left}
}
@media (max-width: 500px){.p-dbq3916 .pagelayer-post-info-container{text-align:left}
}
</style><div class=""pagelayer-post-info-container pagelayer-post-info-vertical""><div class=""p-wpv7212 pagelayer-post_info_list"" pagelayer-id=""wpv7212"">
<div class=""pagelayer-post-info-list-container"">
<span class=""pagelayer-post-info-icon"">
</span>
<span class=""pagelayer-post-info-label pagelayer-terms""> <a href=""https://almuftionline.com/category/fatwa/29/""> اجارہ یعنی کرایہ داری اور ملازمت کے احکام و مسائل </a></span>
</div></div></div></div></div></div></div></div><div class=""p-trw3096 pagelayer-inner_row pagelayer-row-stretch-auto pagelayer-height-default"" pagelayer-id=""trw3096"">
<style pagelayer-style-id=""trw3096"">.p-trw3096 .pagelayer-col-holder{padding: 10px}
.p-trw3096 > .pagelayer-background-overlay{-webkit-transition: all 400ms !important; transition: all 400ms !important}
.p-trw3096 .pagelayer-svg-top .pagelayer-shape-fill{fill:#227bc3}
.p-trw3096 .pagelayer-row-svg .pagelayer-svg-top{width:100%;height:100px}
.p-trw3096 .pagelayer-svg-bottom .pagelayer-shape-fill{fill:#e44993}
.p-trw3096 .pagelayer-row-svg .pagelayer-svg-bottom{width:100%;height:100px}
</style>
<div class=""pagelayer-row-holder pagelayer-row pagelayer-auto pagelayer-width-auto""><div class=""p-wwu6541 pagelayer-col pagelayer-col-2"" pagelayer-id=""wwu6541"">
<style pagelayer-style-id=""wwu6541"">.p-wwu6541{align-content: center !important}
.p-wwu6541 .pagelayer-col-holder > div:not(:last-child){margin-bottom: 15px}
.p-wwu6541 > .pagelayer-background-overlay{-webkit-transition: all 400ms !important; transition: all 400ms !important}
</style>
<div class=""pagelayer-col-holder""><div class=""p-ccj4284 pagelayer-post_content"" pagelayer-id=""ccj4284"">
<style pagelayer-style-id=""ccj4284"">.p-ccj4284{text-align: right}
</style><div class=""entry-content pagelayer-post-excerpt""><figure class=""wp-block-table""><table><tbody><tr><td>70273</td><td>اجارہ یعنی کرایہ داری اور ملازمت کے احکام و مسائل</td><td>کرایہ داری کے متفرق احکام </td></tr></tbody></table></figure><div style=""direction:rtl;line-height: 2.5;""><h3 class=""has-text-align-center"">سوال</h3><p>ایک بندے نے 25000 روپے کرایہ پر ایک دکان لی اور پھر یہ دکان آگے ایک دوسرے شخص کو 32000 یا 50000 کرایہ پر دی،جبکہ دکان کے مالک کو اس کا علم بھی ہے،کیا کرایہ پر لی ہوئی جگہ کو اس طرح آگے کرایہ پر دینا جائز ہے؟</p>
<h4 class=""has-text-align-center"">اَلجَوَابْ بِاسْمِ مُلْہِمِ الصَّوَابْ

</h4><p>جس شخص نے 25000 کے عوض دکان کرایہ پر لی ہے اگر اس نے دکان میں کوئی  اضافی تعمیر،ڈیکوریشن وغیرہ کا کام کروایا ہے تو پھر وہ یہ دکان کسی اور کو زیادہ کرایہ پر دے سکتا ہے اور اگر کوئی کام نہیں کروایا تو پھر 25000 سے زیادہ کرایہ پر دینا جائز نہیں۔</p>
</div><h6 class=""has-text-align-right"">حوالہ جات</h6><div style=""direction: rtl;font-family: Amiri;
    
     font-size: 13px; font-weight: 400;""><p>""بدائع الصنائع ""(4/ 206):</p>
<p>"" وللمستأجر في إجارة الدار وغيرها من العقار أن ينتفع بها كيف شاء بالسكنى، ووضع المتاع، وأن يسكن بنفسه، وبغيره، وأن يسكن غيره بالإجارة، والإعارة.</p>
<p>إلا أنه ليس له أن يجعل فيها حدادا، ولا قصارا، ونحو ذلك مما يوهن البناء لما بينا فيما تقدم، ولو أجرها المستأجر بأكثر من الأجرة الأولى فإن كانت الثانية من خلاف جنس الأولى طابت له الزيادة، وإن كانت من جنس الأولى لا تطيب له حتى يزيد في الدار زيادة من بناء أو حفر أو تطيين أو تجصيص"".</p>
</div><p>محمد طارق</p>
<p>دارالافتاءجامعۃالرشید</p>
<p>26<span dir=""LTR"">/</span>صفر1442ھ</p>
<h6 class=""has-text-align-center"">
واللہ سبحانہ وتعالی اعلم
</h6><figure class=""wp-block-table""><table><tbody><tr><td><h3>مجیب</h3></td><td>محمد طارق  غرفی</td><td><h3>مفتیان</h3></td><td>سیّد عابد شاہ صاحب / سعید احمد حسن صاحب</td></tr></tbody></table></figure></div></div></div></div></div></div><div class=""p-wl6689 pagelayer-inner_row pagelayer-row-stretch-auto pagelayer-height-default"" pagelayer-id=""wl6689"">
<style pagelayer-style-id=""wl6689"">.p-wl6689 .pagelayer-col-holder{padding: 10px}
.p-wl6689 > .pagelayer-background-overlay{-webkit-transition: all 400ms !important; transition: all 400ms !important}
.p-wl6689 .pagelayer-svg-top .pagelayer-shape-fill{fill:#227bc3}
.p-wl6689 .pagelayer-row-svg .pagelayer-svg-top{width:100%;height:100px}
.p-wl6689 .pagelayer-svg-bottom .pagelayer-shape-fill{fill:#e44993}
.p-wl6689 .pagelayer-row-svg .pagelayer-svg-bottom{width:100%;height:100px}
</style>
<div class=""pagelayer-row-holder pagelayer-row pagelayer-auto pagelayer-width-auto""><div class=""p-jzl6522 pagelayer-col pagelayer-col-6"" pagelayer-id=""jzl6522"">
<style pagelayer-style-id=""jzl6522"">.p-jzl6522{align-content: center !important}
.p-jzl6522 .pagelayer-col-holder > div:not(:last-child){margin-bottom: 15px}
.p-jzl6522 > .pagelayer-background-overlay{-webkit-transition: all 400ms !important; transition: all 400ms !important}
</style>
<div class=""pagelayer-col-holder""><div class=""p-xsb5673 pagelayer-share_grp pagelayer-share-type-icon-label pagelayer-social-bg-none pagelayer-scheme-official"" pagelayer-id=""xsb5673"">
<style pagelayer-style-id=""xsb5673"">.p-xsb5673{text-align: right}
.p-xsb5673 .pagelayer-share-content{min-height: 35px;-webkit-transition: all 400ms; transition: all 400ms}
.p-xsb5673 i{font-size: 27px}
.p-xsb5673 .pagelayer-icon-holder{font-size: 27px}
.p-xsb5673 .pagelayer-share-content i{-webkit-transition: all 400ms; transition: all 400ms}
.p-xsb5673 .pagelayer-icon-name{font-family: Roboto; font-size: 15px !important; font-style:  !important; font-weight: 500 !important; font-variant:  !important; text-decoration-line:  !important; text-decoration-style:  !important; line-height: em !important; text-transform:  !important; letter-spacing: px !important; word-spacing: px !important}
@media (max-width: 768px) and (min-width: 501px){.p-xsb5673{text-align: left}
.p-xsb5673 .pagelayer-share{padding-top: 10px; padding-bottom: 10px;padding-left: 10px; padding-right: 10px}
.p-xsb5673 i{font-size: 20px}
.p-xsb5673 .pagelayer-icon-holder{font-size: 20px}
.p-xsb5673 .pagelayer-icon-name{font-family: ; font-size: 13px !important; font-style:  !important; font-weight:  !important; font-variant:  !important; text-decoration-line:  !important; text-decoration-style:  !important; line-height: em !important; text-transform:  !important; letter-spacing: px !important; word-spacing: px !important}
}
@media (max-width: 500px){.p-xsb5673{text-align: left}
.p-xsb5673 .pagelayer-share{padding-top: 10px; padding-bottom: 10px;padding-left: 10px; padding-right: 10px}
.p-xsb5673 .pagelayer-share-content{min-height: NaNpx}
.p-xsb5673 i{font-size: 20px}
.p-xsb5673 .pagelayer-icon-holder{font-size: 20px}
.p-xsb5673 .pagelayer-icon-name{font-family: ; font-size: 13px !important; font-style:  !important; font-weight:  !important; font-variant:  !important; text-decoration-line:  !important; text-decoration-style:  !important; line-height: em !important; text-transform:  !important; letter-spacing: px !important; word-spacing: px !important}
}
</style><div class=""p-9mh2934 pagelayer-share"" pagelayer-id=""9mh2934"">
<a class=""pagelayer-ele-link"" href=""https://www.facebook.com/sharer/sharer.php?u=almuftionline.com/2020/10/14/2992/"" target=""_blank"" title=""fab fa-facebook-square"">
<div class=""pagelayer-share-content pagelayer-facebook-square"" data-icon=""fab fa-facebook-square"">
<div class=""pagelayer-icon-holder pagelayer-share-buttons"">
<i class=""pagelayer-social-fa fab fa-facebook-square""></i>
</div>
<div class=""pagelayer-icon-name"">
<span class=""pagelayer-icon-name-span"">Facebook</span>
</div>
</div>
</a></div><div class=""p-rai4926 pagelayer-share"" pagelayer-id=""rai4926"">
<a class=""pagelayer-ele-link"" href=""https://twitter.com/share?url=almuftionline.com/2020/10/14/2992/"" target=""_blank"" title=""fab fa-twitter-square"">
<div class=""pagelayer-share-content pagelayer-twitter-square"" data-icon=""fab fa-twitter-square"">
<div class=""pagelayer-icon-holder pagelayer-share-buttons"">
<i class=""pagelayer-social-fa fab fa-twitter-square""></i>
</div>
<div class=""pagelayer-icon-name"">
<span class=""pagelayer-icon-name-span"">Twitter</span>
</div>
</div>
</a></div><div class=""p-ndy3728 pagelayer-share"" pagelayer-id=""ndy3728"">
<a class=""pagelayer-ele-link"" href=""whatsapp://send?text=almuftionline.com/2020/10/14/2992/"" target=""_blank"" title=""fab fa-whatsapp"">
<div class=""pagelayer-share-content pagelayer-whatsapp"" data-icon=""fab fa-whatsapp"">
<div class=""pagelayer-icon-holder pagelayer-share-buttons"">
<i class=""pagelayer-social-fa fab fa-whatsapp""></i>
</div>
<div class=""pagelayer-icon-name"">
<span class=""pagelayer-icon-name-span"">WhatsApp</span>
</div>
</div>
</a></div></div></div></div></div></div><div class=""p-zqp4850 pagelayer-inner_row pagelayer-row-stretch-auto pagelayer-height-default"" pagelayer-id=""zqp4850"">
<style pagelayer-style-id=""zqp4850"">.p-zqp4850 .pagelayer-col-holder{padding: 10px}
.p-zqp4850 > .pagelayer-background-overlay{-webkit-transition: all 400ms !important; transition: all 400ms !important}
.p-zqp4850 .pagelayer-svg-top .pagelayer-shape-fill{fill:#227bc3}
.p-zqp4850 .pagelayer-row-svg .pagelayer-svg-top{width:100%;height:100px}
.p-zqp4850 .pagelayer-svg-bottom .pagelayer-shape-fill{fill:#e44993}
.p-zqp4850 .pagelayer-row-svg .pagelayer-svg-bottom{width:100%;height:100px}
</style>
<div class=""pagelayer-row-holder pagelayer-row pagelayer-auto pagelayer-width-auto""><div class=""p-q725202 pagelayer-col pagelayer-col-2"" pagelayer-id=""q725202"">
<style pagelayer-style-id=""q725202"">.p-q725202{align-content: center !important}
.p-q725202 .pagelayer-col-holder > div:not(:last-child){margin-bottom: 15px}
.p-q725202 > .pagelayer-background-overlay{-webkit-transition: all 400ms !important; transition: all 400ms !important}
</style>
<div class=""pagelayer-col-holder""><div class=""p-55r4448 pagelayer-post_nav"" pagelayer-id=""55r4448"">
<style pagelayer-style-id=""55r4448"">.p-55r4448 .pagelayer-post-nav-link{color:#adb5bd;font-family:  !important; font-size: 15px !important; font-style:  !important; font-weight:  !important; font-variant:  !important; text-decoration-line:  !important; text-decoration-style:  !important; line-height: em !important; text-transform:  !important; letter-spacing: px !important; word-spacing: px !important}
.p-55r4448 .pagelayer-post-nav-title{color:#000000;font-family:  !important; font-size: 18px !important; font-style:  !important; font-weight: bold !important; font-variant:  !important; text-decoration-line:  !important; text-decoration-style: Solid !important; line-height: em !important; text-transform:  !important; letter-spacing: px !important; word-spacing: px !important}
.p-55r4448 .pagelayer-post-nav-icon{color:#adb5bd;font-size:30px}
.p-55r4448 .pagelayer-post-nav-separator{display:none}
@media (max-width: 768px) and (min-width: 501px){.p-55r4448 .pagelayer-post-nav-link{font-family:  !important; font-size: 12px !important; font-style:  !important; font-weight:  !important; font-variant:  !important; text-decoration-line:  !important; text-decoration-style: Solid !important; line-height: em !important; text-transform:  !important; letter-spacing: px !important; word-spacing: px !important}
.p-55r4448 .pagelayer-post-nav-title{font-family:  !important; font-size: 15px !important; font-style:  !important; font-weight:  !important; font-variant:  !important; text-decoration-line:  !important; text-decoration-style: Solid !important; line-height: em !important; text-transform:  !important; letter-spacing: px !important; word-spacing: px !important}
}
@media (max-width: 500px){.p-55r4448 .pagelayer-post-nav-link{font-family:  !important; font-size: 12px !important; font-style:  !important; font-weight:  !important; font-variant:  !important; text-decoration-line:  !important; text-decoration-style: Solid !important; line-height: em !important; text-transform:  !important; letter-spacing: px !important; word-spacing: px !important}
.p-55r4448 .pagelayer-post-nav-title{font-family:  !important; font-size: 12px !important; font-style:  !important; font-weight:  !important; font-variant:  !important; text-decoration-line:  !important; text-decoration-style: Solid !important; line-height: em !important; text-transform:  !important; letter-spacing: px !important; word-spacing: px !important}
}
</style><div class=""pagelayer-post-nav-container"">
<div class=""pagelayer-prev-post"">
<a href=""https://almuftionline.com/2020/10/14/2980/"" rel=""prev""><span class=""pagelayer-post-nav-icon fa fa-chevron-left""></span>
<span class=""pagelayer-next-holder"">
<span class=""pagelayer-post-nav-link""> Previous</span><span class=""pagelayer-post-nav-title"">زندگی میں جائیداد تقسیم کرتے وقت کمی بیشی کا حکم</span>
</span></a>
</div>
<div class=""pagelayer-post-nav-separator""></div>
<div class=""pagelayer-next-post"">
<a href=""https://almuftionline.com/2020/10/15/3141/"" rel=""next""><span class=""pagelayer-next-holder"">
<span class=""pagelayer-post-nav-link""> Next</span><span class=""pagelayer-post-nav-title"">ایسے پلاٹ کا حکم جس کی کچھ قسطیں والد نے ادا کی ہوں اور کچھ بیٹے نے</span>
</span>
<span class=""pagelayer-post-nav-icon fa fa-chevron-right""></span></a>
</div>
</div></div></div></div></div></div></div>"
2020-10-14,https://almuftionline.com/2020/10/14/2980/,زندگی میں جائیداد تقسیم کرتے وقت کمی بیشی کا حکم,<p>ہم کل نو بہن بھائی ہیں،جن میں سے پانچ بہنیں ہیں اور چار بھائی،والدہ فوت ہوچکی ہے،جبکہ والد حیات ہیں،کچھ بھائیوں کے کہنے پر والد صاحب کہتے ہیں کہ میری مرضی میں جس  کوجتنا بھی دوں،کچھ بھائی اور والد صاحب بہنوں کو الگ الگ بلاکر انہیں اپنی مرضی سے کچھ دے کر دستخط کرانا چاہتے ہیں کہ یہ تمہارا وراثت کا حصہ ہوگیا،مزید یہ کہ بھائی کہتے ہیں اس کے جواز پر ہمارے پاس فتوی بھی موجود ہے؟</p>,"<h4 class=""has-text-align-center"">اَلجَوَابْ بِاسْمِ مُلْہِمِ الصَّوَابْ

</h4><p>زندگی میں اپنی جائیداد اولاد میں تقسیم کرنا ہبہ کے حکم میں ہےاور اس کے حوالے سے تفصیل درج ذیل ہے:</p><p>1۔عام حالات میں اولاد کے درمیان ہبہ کرنے میں برابری مستحب ہے ،یعنی سب کو ،چاہے لڑکا ہو یا لڑکی برابر حصہ دیا جائے۔</p><p>2۔بغیر کسی معقول وجہ ترجیح کے، محض نقصان پہنچانے کی غرض سے بعض کو کم اور بعض کو زیادہ دینا ناجائز ہے۔</p><p>3۔ اگرکمی بیشی کی کوئی معقول وجہ ہو،جیسےاولاد میں سے کسی کا زیادہ تنگدست ہونا، زیادہ عیالدار ہونا،بعض کا خدمت گار ہونا اور بعض کا نافرمان ہوناوغیرہ توایسی صورت میں جو زیادہ تنگدست،عیالدار یا خدمت گار ہو اسے زیادہ دیا جاسکتا ہے،لیکن کسی کو بالکل محروم کردینا جائز نہیں۔</p><p>4۔ایسی بے دین اولاد کوجسے دینے کی صورت میں غالب گمان ہو کہ وہ اس مال کو ناجائز کاموں میں صرف کرے گی وقتی ضرورت سے زیادہ نہیں دینا چاہیے،بلکہ ایسی صورت میں سارا ان میں تقسیم کرنے کے بجائےاضافی مال دینی کاموں میں خرچ کردینا مستحب ہے۔</p><p>واضح رہے کہ چونکہ زندگی میں جائیداد کی تقسیم ہبہ ہے،اس لیے اس میں یہ بھی ضروری ہے کہ والد اولاد میں سے جس کو جو مال دے وہ اس کے نام کرکے باقاعدہ اس کے قبضے میں بھی دے،کیونکہ اگر صرف نام کروایا اور قبضہ نہیں دیا تو ایسا ہبہ پورانہیں ہوگا اور والد کے انتقال کے بعد ایسا مال بھی میراث کا حصہ بن کر سب ورثہ میں شرعی حصوں کے مطابق تقسیم ہوگا۔</p><p>یہ بھی واضح ہو کہ زندگی میں کسی وارث کو کچھ مال دے کر یہ کہنے سے کہ اب میراث میں تمہارا کوئی حصہ باقی نہیں رہا،اس وارث کا حصہ میراث میں حصہ ختم نہیں ہوتا۔</p><h6 class=""has-text-align-right"">حوالہ جات</h6><div style=""direction: rtl;font-family: Amiri;
    
     font-size: 13px; font-weight: 400;""><p>""البحر الرائق شرح كنز الدقائق "": (ج 20 / ص 110) :</p>
<p>""يكره تفضيل بعض الأولاد على البعض في الهبة حالة الصحة إلا لزيادة فضل له في الدين وإن وهب ماله كله الواحد جاز قضاء وهو آثم، كذا في المحيط.</p>
<p> وفي فتاوى وفي الخلاصة المختار التسوية بين الذكر والأنثى في الهبة, ولو كان ولده فاسقا فأراد أن يصرف ماله إلى وجوه الخير ويحرمه عن الميراث, هذا خير من تركه؛ لأن فيه إعانة على المعصية، ولو كان ولده فاسقا لا يعطي له أكثر من قوته"".</p>
<p>""الدر المختار للحصفكي "": (ج 5 / ص 265) :</p>
<p>وفي الخانية: لا بأس بتفضيل بعض الاولاد في المحبة لانها عمل القلب، وكذا في العطايا إن لم يقصد به الاضرار، وإن قصده فسوى بينهم يعطي البنت كالابن عند الثاني، وعليه الفتوى ولو وهب في صحته كل المال للولد جاز وأثم"".</p>
<p>""البزازیہ علی ھامش الہندیۃ""(۶/237):</p>
<p>""الافضل فی ھبۃ الابن والبنت التثلیث کالمیراث وعند الثانی التنصیف وھوالمختار،ولووھب جمیع مالہ من ابنہ جاز ،وھو آثم ،نص علیہ محمد ،ولو خص بعض اولادہ لزیادۃ رشدہ لاباس بہ ،وان کانا سواءلایفعلہ"".</p>
</div><p>محمد طارق</p><p>دارالافتاءجامعۃالرشید</p><p>26<span dir=""LTR"">/</span>صفر1442ھ</p><h6 class=""has-text-align-center"">
واللہ سبحانہ وتعالی اعلم
</h6><figure class=""wp-block-table""><table><tbody><tr><td><h3>مجیب</h3></td><td>محمد طارق  غرفی</td><td><h3>مفتیان</h3></td><td>محمد حسین خلیل خیل صاحب / سعید احمد حسن صاحب</td></tr></tbody></table></figure>",70301,jameya-tur-rasheed,ہبہ اور صدقہ کے مسائل,ہبہ کےمتفرق مسائل,"<div class=""pagelayer-col-holder""><div class=""p-kgd1425 pagelayer-post_excerpt"" pagelayer-id=""kgd1425"">
<style pagelayer-style-id=""kgd1425"">.p-kgd1425 .pagelayer-post-excerpt{color:#adb5bd;font-family: ; font-size: 15px !important; font-style: Italic !important; font-weight: 500 !important; font-variant:  !important; text-decoration-line:  !important; text-decoration-style:  !important; line-height: 1.5em !important; text-transform:  !important; letter-spacing: px !important; word-spacing: px !important;margin-top:0px; margin-right:0px; margin-bottom:0px; margin-left:0px}
.p-kgd1425{text-align: left;margin-top: 0px; margin-right: 0px; margin-bottom: 0px; margin-left: 0px;padding-top: 0px; padding-right: 0px; padding-bottom: 0px; padding-left: 0px}
</style></div><div class=""p-4wb1030 pagelayer-featured_img"" pagelayer-id=""4wb1030"">
<style pagelayer-style-id=""4wb1030"">.p-4wb1030{text-align: center}
.p-4wb1030 img{filter: blur(0px) brightness(100%) contrast(100%) grayscale(0%) hue-rotate(0deg) opacity(100%) saturate(100%);box-shadow: 0px 24px 36px 0px rgba(0,0,0,0.10)  !important;-webkit-transition: all 400ms; transition: all 400ms}
.p-4wb1030 .pagelayer-featured-caption{color: #0986c0}
</style>
<div class=""pagelayer-featured-img""></div>
</div><div class=""p-f8n3612 pagelayer-inner_row pagelayer-row-stretch-auto pagelayer-height-default"" pagelayer-id=""f8n3612"">
<style pagelayer-style-id=""f8n3612"">.p-f8n3612 .pagelayer-col-holder{padding: 10px}
.p-f8n3612 > .pagelayer-background-overlay{-webkit-transition: all 400ms !important; transition: all 400ms !important}
.p-f8n3612 .pagelayer-svg-top .pagelayer-shape-fill{fill:#227bc3}
.p-f8n3612 .pagelayer-row-svg .pagelayer-svg-top{width:100%;height:100px}
.p-f8n3612 .pagelayer-svg-bottom .pagelayer-shape-fill{fill:#e44993}
.p-f8n3612 .pagelayer-row-svg .pagelayer-svg-bottom{width:100%;height:100px}
</style>
<div class=""pagelayer-row-holder pagelayer-row pagelayer-auto pagelayer-width-auto""><div class=""p-i795860 pagelayer-col pagelayer-col-4"" pagelayer-id=""i795860"">
<style pagelayer-style-id=""i795860"">.p-i795860{align-content: center !important}
.p-i795860 .pagelayer-col-holder > div:not(:last-child){margin-bottom: 15px}
.p-i795860 > .pagelayer-background-overlay{-webkit-transition: all 400ms !important; transition: all 400ms !important}
</style>
<div class=""pagelayer-col-holder""><div class=""p-qip3968 pagelayer-post_info"" pagelayer-id=""qip3968"">
<style pagelayer-style-id=""qip3968"">.p-qip3968 .pagelayer-post-info-vertical .pagelayer-post-info-list-container{margin-right:25px}
.p-qip3968 .pagelayer-post-info-horizontal .pagelayer-post-info-list-container{margin-bottom:25px}
.p-qip3968 .pagelayer-post-info-container{text-align:right}
.p-qip3968 .pagelayer-post-info-icon span{font-size:120%;color:#495057}
.p-qip3968 .pagelayer-post-info-list-container a{font-family: Roboto !important; font-size: 14px !important; font-style:  !important; font-weight: 500 !important; font-variant:  !important; text-decoration-line:  !important; text-decoration-style:  !important; line-height: 1.6em !important; text-transform:  !important; letter-spacing: px !important; word-spacing: px !important}
.p-qip3968 .pagelayer-post-info-label{color:#495057}
.p-qip3968 .pagelayer-post-info-label a{color:#495057}
.p-qip3968 .pagelayer-post-info-label:hover{color:#000000}
.p-qip3968 .pagelayer-post-info-label:hover a{color:#000000}
</style><div class=""pagelayer-post-info-container pagelayer-post-info-vertical""><div class=""p-xj43574 pagelayer-post_info_list"" pagelayer-id=""xj43574"">
<div class=""pagelayer-post-info-list-container"">
<a class=""pagelayer-post-info-list-link"" href=""https://almuftionline.com/2020/10/14/"">
<span class=""pagelayer-post-info-icon"">
<span class=""far fa-clock""></span>
</span>
<span class=""pagelayer-post-info-label pagelayer-date"">اکتوبر 14, 2020</span>
</a>
</div></div></div></div></div></div><div class=""p-t2j1983 pagelayer-col pagelayer-col-7"" pagelayer-id=""t2j1983"">
<style pagelayer-style-id=""t2j1983"">.p-t2j1983{align-content: center !important}
.p-t2j1983 .pagelayer-col-holder > div:not(:last-child){margin-bottom: 15px}
.p-t2j1983 > .pagelayer-background-overlay{-webkit-transition: all 400ms !important; transition: all 400ms !important}
</style>
<div class=""pagelayer-col-holder""><div class=""p-dbq3916 pagelayer-post_info"" pagelayer-id=""dbq3916"">
<style pagelayer-style-id=""dbq3916"">.p-dbq3916 .pagelayer-post-info-container{text-align:right}
.p-dbq3916 .pagelayer-post-info-icon span{font-size:120%;color:#495057}
.p-dbq3916 .pagelayer-post-info-list-container a{font-family: Roboto !important; font-size: 14px !important; font-style:  !important; font-weight: 500 !important; font-variant:  !important; text-decoration-line:  !important; text-decoration-style:  !important; line-height: 1.6em !important; text-transform:  !important; letter-spacing: px !important; word-spacing: px !important}
.p-dbq3916 .pagelayer-post-info-label{color:#0072ff}
.p-dbq3916 .pagelayer-post-info-label a{color:#0072ff}
.p-dbq3916 .pagelayer-terms *{color:#f8952c !important;padding-top:5px; padding-right:10px; padding-bottom:5px; padding-left:10px;margin-top:0px; margin-right:5px; margin-bottom:0px; margin-left:5px;border-radius: 4px 4px 4px 4px; -webkit-border-radius:  4px 4px 4px 4px;-moz-border-radius: 4px 4px 4px 4px}
.p-dbq3916{padding-top: 0px; padding-right: 0px; padding-bottom: 0px; padding-left: 0px}
@media (max-width: 768px) and (min-width: 501px){.p-dbq3916 .pagelayer-post-info-container{text-align:left}
}
@media (max-width: 500px){.p-dbq3916 .pagelayer-post-info-container{text-align:left}
}
</style><div class=""pagelayer-post-info-container pagelayer-post-info-vertical""><div class=""p-wpv7212 pagelayer-post_info_list"" pagelayer-id=""wpv7212"">
<div class=""pagelayer-post-info-list-container"">
<span class=""pagelayer-post-info-icon"">
</span>
<span class=""pagelayer-post-info-label pagelayer-terms""> <a href=""https://almuftionline.com/category/fatwa/31/""> ہبہ اور صدقہ کے مسائل </a></span>
</div></div></div></div></div></div></div></div><div class=""p-trw3096 pagelayer-inner_row pagelayer-row-stretch-auto pagelayer-height-default"" pagelayer-id=""trw3096"">
<style pagelayer-style-id=""trw3096"">.p-trw3096 .pagelayer-col-holder{padding: 10px}
.p-trw3096 > .pagelayer-background-overlay{-webkit-transition: all 400ms !important; transition: all 400ms !important}
.p-trw3096 .pagelayer-svg-top .pagelayer-shape-fill{fill:#227bc3}
.p-trw3096 .pagelayer-row-svg .pagelayer-svg-top{width:100%;height:100px}
.p-trw3096 .pagelayer-svg-bottom .pagelayer-shape-fill{fill:#e44993}
.p-trw3096 .pagelayer-row-svg .pagelayer-svg-bottom{width:100%;height:100px}
</style>
<div class=""pagelayer-row-holder pagelayer-row pagelayer-auto pagelayer-width-auto""><div class=""p-wwu6541 pagelayer-col pagelayer-col-2"" pagelayer-id=""wwu6541"">
<style pagelayer-style-id=""wwu6541"">.p-wwu6541{align-content: center !important}
.p-wwu6541 .pagelayer-col-holder > div:not(:last-child){margin-bottom: 15px}
.p-wwu6541 > .pagelayer-background-overlay{-webkit-transition: all 400ms !important; transition: all 400ms !important}
</style>
<div class=""pagelayer-col-holder""><div class=""p-ccj4284 pagelayer-post_content"" pagelayer-id=""ccj4284"">
<style pagelayer-style-id=""ccj4284"">.p-ccj4284{text-align: right}
</style><div class=""entry-content pagelayer-post-excerpt""><figure class=""wp-block-table""><table><tbody><tr><td>70301</td><td>ہبہ اور صدقہ کے مسائل</td><td>ہبہ کےمتفرق مسائل</td></tr></tbody></table></figure><div style=""direction:rtl;line-height: 2.5;""><h3 class=""has-text-align-center"">سوال</h3><p>ہم کل نو بہن بھائی ہیں،جن میں سے پانچ بہنیں ہیں اور چار بھائی،والدہ فوت ہوچکی ہے،جبکہ والد حیات ہیں،کچھ بھائیوں کے کہنے پر والد صاحب کہتے ہیں کہ میری مرضی میں جس  کوجتنا بھی دوں،کچھ بھائی اور والد صاحب بہنوں کو الگ الگ بلاکر انہیں اپنی مرضی سے کچھ دے کر دستخط کرانا چاہتے ہیں کہ یہ تمہارا وراثت کا حصہ ہوگیا،مزید یہ کہ بھائی کہتے ہیں اس کے جواز پر ہمارے پاس فتوی بھی موجود ہے؟</p>
<h4 class=""has-text-align-center"">اَلجَوَابْ بِاسْمِ مُلْہِمِ الصَّوَابْ

</h4><p>زندگی میں اپنی جائیداد اولاد میں تقسیم کرنا ہبہ کے حکم میں ہےاور اس کے حوالے سے تفصیل درج ذیل ہے:</p>
<p>1۔عام حالات میں اولاد کے درمیان ہبہ کرنے میں برابری مستحب ہے ،یعنی سب کو ،چاہے لڑکا ہو یا لڑکی برابر حصہ دیا جائے۔</p>
<p>2۔بغیر کسی معقول وجہ ترجیح کے، محض نقصان پہنچانے کی غرض سے بعض کو کم اور بعض کو زیادہ دینا ناجائز ہے۔</p>
<p>3۔ اگرکمی بیشی کی کوئی معقول وجہ ہو،جیسےاولاد میں سے کسی کا زیادہ تنگدست ہونا، زیادہ عیالدار ہونا،بعض کا خدمت گار ہونا اور بعض کا نافرمان ہوناوغیرہ توایسی صورت میں جو زیادہ تنگدست،عیالدار یا خدمت گار ہو اسے زیادہ دیا جاسکتا ہے،لیکن کسی کو بالکل محروم کردینا جائز نہیں۔</p>
<p>4۔ایسی بے دین اولاد کوجسے دینے کی صورت میں غالب گمان ہو کہ وہ اس مال کو ناجائز کاموں میں صرف کرے گی وقتی ضرورت سے زیادہ نہیں دینا چاہیے،بلکہ ایسی صورت میں سارا ان میں تقسیم کرنے کے بجائےاضافی مال دینی کاموں میں خرچ کردینا مستحب ہے۔</p>
<p>واضح رہے کہ چونکہ زندگی میں جائیداد کی تقسیم ہبہ ہے،اس لیے اس میں یہ بھی ضروری ہے کہ والد اولاد میں سے جس کو جو مال دے وہ اس کے نام کرکے باقاعدہ اس کے قبضے میں بھی دے،کیونکہ اگر صرف نام کروایا اور قبضہ نہیں دیا تو ایسا ہبہ پورانہیں ہوگا اور والد کے انتقال کے بعد ایسا مال بھی میراث کا حصہ بن کر سب ورثہ میں شرعی حصوں کے مطابق تقسیم ہوگا۔</p>
<p>یہ بھی واضح ہو کہ زندگی میں کسی وارث کو کچھ مال دے کر یہ کہنے سے کہ اب میراث میں تمہارا کوئی حصہ باقی نہیں رہا،اس وارث کا حصہ میراث میں حصہ ختم نہیں ہوتا۔</p>
</div><h6 class=""has-text-align-right"">حوالہ جات</h6><div style=""direction: rtl;font-family: Amiri;
    
     font-size: 13px; font-weight: 400;""><p>""البحر الرائق شرح كنز الدقائق "": (ج 20 / ص 110) :</p>
<p>""يكره تفضيل بعض الأولاد على البعض في الهبة حالة الصحة إلا لزيادة فضل له في الدين وإن وهب ماله كله الواحد جاز قضاء وهو آثم، كذا في المحيط.</p>
<p> وفي فتاوى وفي الخلاصة المختار التسوية بين الذكر والأنثى في الهبة, ولو كان ولده فاسقا فأراد أن يصرف ماله إلى وجوه الخير ويحرمه عن الميراث, هذا خير من تركه؛ لأن فيه إعانة على المعصية، ولو كان ولده فاسقا لا يعطي له أكثر من قوته"".</p>
<p>""الدر المختار للحصفكي "": (ج 5 / ص 265) :</p>
<p>وفي الخانية: لا بأس بتفضيل بعض الاولاد في المحبة لانها عمل القلب، وكذا في العطايا إن لم يقصد به الاضرار، وإن قصده فسوى بينهم يعطي البنت كالابن عند الثاني، وعليه الفتوى ولو وهب في صحته كل المال للولد جاز وأثم"".</p>
<p>""البزازیہ علی ھامش الہندیۃ""(۶/237):</p>
<p>""الافضل فی ھبۃ الابن والبنت التثلیث کالمیراث وعند الثانی التنصیف وھوالمختار،ولووھب جمیع مالہ من ابنہ جاز ،وھو آثم ،نص علیہ محمد ،ولو خص بعض اولادہ لزیادۃ رشدہ لاباس بہ ،وان کانا سواءلایفعلہ"".</p>
</div><p>محمد طارق</p>
<p>دارالافتاءجامعۃالرشید</p>
<p>26<span dir=""LTR"">/</span>صفر1442ھ</p>
<h6 class=""has-text-align-center"">
واللہ سبحانہ وتعالی اعلم
</h6><figure class=""wp-block-table""><table><tbody><tr><td><h3>مجیب</h3></td><td>محمد طارق  غرفی</td><td><h3>مفتیان</h3></td><td>محمد حسین خلیل خیل صاحب / سعید احمد حسن صاحب</td></tr></tbody></table></figure></div></div></div></div></div></div><div class=""p-wl6689 pagelayer-inner_row pagelayer-row-stretch-auto pagelayer-height-default"" pagelayer-id=""wl6689"">
<style pagelayer-style-id=""wl6689"">.p-wl6689 .pagelayer-col-holder{padding: 10px}
.p-wl6689 > .pagelayer-background-overlay{-webkit-transition: all 400ms !important; transition: all 400ms !important}
.p-wl6689 .pagelayer-svg-top .pagelayer-shape-fill{fill:#227bc3}
.p-wl6689 .pagelayer-row-svg .pagelayer-svg-top{width:100%;height:100px}
.p-wl6689 .pagelayer-svg-bottom .pagelayer-shape-fill{fill:#e44993}
.p-wl6689 .pagelayer-row-svg .pagelayer-svg-bottom{width:100%;height:100px}
</style>
<div class=""pagelayer-row-holder pagelayer-row pagelayer-auto pagelayer-width-auto""><div class=""p-jzl6522 pagelayer-col pagelayer-col-6"" pagelayer-id=""jzl6522"">
<style pagelayer-style-id=""jzl6522"">.p-jzl6522{align-content: center !important}
.p-jzl6522 .pagelayer-col-holder > div:not(:last-child){margin-bottom: 15px}
.p-jzl6522 > .pagelayer-background-overlay{-webkit-transition: all 400ms !important; transition: all 400ms !important}
</style>
<div class=""pagelayer-col-holder""><div class=""p-xsb5673 pagelayer-share_grp pagelayer-share-type-icon-label pagelayer-social-bg-none pagelayer-scheme-official"" pagelayer-id=""xsb5673"">
<style pagelayer-style-id=""xsb5673"">.p-xsb5673{text-align: right}
.p-xsb5673 .pagelayer-share-content{min-height: 35px;-webkit-transition: all 400ms; transition: all 400ms}
.p-xsb5673 i{font-size: 27px}
.p-xsb5673 .pagelayer-icon-holder{font-size: 27px}
.p-xsb5673 .pagelayer-share-content i{-webkit-transition: all 400ms; transition: all 400ms}
.p-xsb5673 .pagelayer-icon-name{font-family: Roboto; font-size: 15px !important; font-style:  !important; font-weight: 500 !important; font-variant:  !important; text-decoration-line:  !important; text-decoration-style:  !important; line-height: em !important; text-transform:  !important; letter-spacing: px !important; word-spacing: px !important}
@media (max-width: 768px) and (min-width: 501px){.p-xsb5673{text-align: left}
.p-xsb5673 .pagelayer-share{padding-top: 10px; padding-bottom: 10px;padding-left: 10px; padding-right: 10px}
.p-xsb5673 i{font-size: 20px}
.p-xsb5673 .pagelayer-icon-holder{font-size: 20px}
.p-xsb5673 .pagelayer-icon-name{font-family: ; font-size: 13px !important; font-style:  !important; font-weight:  !important; font-variant:  !important; text-decoration-line:  !important; text-decoration-style:  !important; line-height: em !important; text-transform:  !important; letter-spacing: px !important; word-spacing: px !important}
}
@media (max-width: 500px){.p-xsb5673{text-align: left}
.p-xsb5673 .pagelayer-share{padding-top: 10px; padding-bottom: 10px;padding-left: 10px; padding-right: 10px}
.p-xsb5673 .pagelayer-share-content{min-height: NaNpx}
.p-xsb5673 i{font-size: 20px}
.p-xsb5673 .pagelayer-icon-holder{font-size: 20px}
.p-xsb5673 .pagelayer-icon-name{font-family: ; font-size: 13px !important; font-style:  !important; font-weight:  !important; font-variant:  !important; text-decoration-line:  !important; text-decoration-style:  !important; line-height: em !important; text-transform:  !important; letter-spacing: px !important; word-spacing: px !important}
}
</style><div class=""p-9mh2934 pagelayer-share"" pagelayer-id=""9mh2934"">
<a class=""pagelayer-ele-link"" href=""https://www.facebook.com/sharer/sharer.php?u=almuftionline.com/2020/10/14/2980/"" target=""_blank"" title=""fab fa-facebook-square"">
<div class=""pagelayer-share-content pagelayer-facebook-square"" data-icon=""fab fa-facebook-square"">
<div class=""pagelayer-icon-holder pagelayer-share-buttons"">
<i class=""pagelayer-social-fa fab fa-facebook-square""></i>
</div>
<div class=""pagelayer-icon-name"">
<span class=""pagelayer-icon-name-span"">Facebook</span>
</div>
</div>
</a></div><div class=""p-rai4926 pagelayer-share"" pagelayer-id=""rai4926"">
<a class=""pagelayer-ele-link"" href=""https://twitter.com/share?url=almuftionline.com/2020/10/14/2980/"" target=""_blank"" title=""fab fa-twitter-square"">
<div class=""pagelayer-share-content pagelayer-twitter-square"" data-icon=""fab fa-twitter-square"">
<div class=""pagelayer-icon-holder pagelayer-share-buttons"">
<i class=""pagelayer-social-fa fab fa-twitter-square""></i>
</div>
<div class=""pagelayer-icon-name"">
<span class=""pagelayer-icon-name-span"">Twitter</span>
</div>
</div>
</a></div><div class=""p-ndy3728 pagelayer-share"" pagelayer-id=""ndy3728"">
<a class=""pagelayer-ele-link"" href=""whatsapp://send?text=almuftionline.com/2020/10/14/2980/"" target=""_blank"" title=""fab fa-whatsapp"">
<div class=""pagelayer-share-content pagelayer-whatsapp"" data-icon=""fab fa-whatsapp"">
<div class=""pagelayer-icon-holder pagelayer-share-buttons"">
<i class=""pagelayer-social-fa fab fa-whatsapp""></i>
</div>
<div class=""pagelayer-icon-name"">
<span class=""pagelayer-icon-name-span"">WhatsApp</span>
</div>
</div>
</a></div></div></div></div></div></div><div class=""p-zqp4850 pagelayer-inner_row pagelayer-row-stretch-auto pagelayer-height-default"" pagelayer-id=""zqp4850"">
<style pagelayer-style-id=""zqp4850"">.p-zqp4850 .pagelayer-col-holder{padding: 10px}
.p-zqp4850 > .pagelayer-background-overlay{-webkit-transition: all 400ms !important; transition: all 400ms !important}
.p-zqp4850 .pagelayer-svg-top .pagelayer-shape-fill{fill:#227bc3}
.p-zqp4850 .pagelayer-row-svg .pagelayer-svg-top{width:100%;height:100px}
.p-zqp4850 .pagelayer-svg-bottom .pagelayer-shape-fill{fill:#e44993}
.p-zqp4850 .pagelayer-row-svg .pagelayer-svg-bottom{width:100%;height:100px}
</style>
<div class=""pagelayer-row-holder pagelayer-row pagelayer-auto pagelayer-width-auto""><div class=""p-q725202 pagelayer-col pagelayer-col-2"" pagelayer-id=""q725202"">
<style pagelayer-style-id=""q725202"">.p-q725202{align-content: center !important}
.p-q725202 .pagelayer-col-holder > div:not(:last-child){margin-bottom: 15px}
.p-q725202 > .pagelayer-background-overlay{-webkit-transition: all 400ms !important; transition: all 400ms !important}
</style>
<div class=""pagelayer-col-holder""><div class=""p-55r4448 pagelayer-post_nav"" pagelayer-id=""55r4448"">
<style pagelayer-style-id=""55r4448"">.p-55r4448 .pagelayer-post-nav-link{color:#adb5bd;font-family:  !important; font-size: 15px !important; font-style:  !important; font-weight:  !important; font-variant:  !important; text-decoration-line:  !important; text-decoration-style:  !important; line-height: em !important; text-transform:  !important; letter-spacing: px !important; word-spacing: px !important}
.p-55r4448 .pagelayer-post-nav-title{color:#000000;font-family:  !important; font-size: 18px !important; font-style:  !important; font-weight: bold !important; font-variant:  !important; text-decoration-line:  !important; text-decoration-style: Solid !important; line-height: em !important; text-transform:  !important; letter-spacing: px !important; word-spacing: px !important}
.p-55r4448 .pagelayer-post-nav-icon{color:#adb5bd;font-size:30px}
.p-55r4448 .pagelayer-post-nav-separator{display:none}
@media (max-width: 768px) and (min-width: 501px){.p-55r4448 .pagelayer-post-nav-link{font-family:  !important; font-size: 12px !important; font-style:  !important; font-weight:  !important; font-variant:  !important; text-decoration-line:  !important; text-decoration-style: Solid !important; line-height: em !important; text-transform:  !important; letter-spacing: px !important; word-spacing: px !important}
.p-55r4448 .pagelayer-post-nav-title{font-family:  !important; font-size: 15px !important; font-style:  !important; font-weight:  !important; font-variant:  !important; text-decoration-line:  !important; text-decoration-style: Solid !important; line-height: em !important; text-transform:  !important; letter-spacing: px !important; word-spacing: px !important}
}
@media (max-width: 500px){.p-55r4448 .pagelayer-post-nav-link{font-family:  !important; font-size: 12px !important; font-style:  !important; font-weight:  !important; font-variant:  !important; text-decoration-line:  !important; text-decoration-style: Solid !important; line-height: em !important; text-transform:  !important; letter-spacing: px !important; word-spacing: px !important}
.p-55r4448 .pagelayer-post-nav-title{font-family:  !important; font-size: 12px !important; font-style:  !important; font-weight:  !important; font-variant:  !important; text-decoration-line:  !important; text-decoration-style: Solid !important; line-height: em !important; text-transform:  !important; letter-spacing: px !important; word-spacing: px !important}
}
</style><div class=""pagelayer-post-nav-container"">
<div class=""pagelayer-prev-post"">
<a href=""https://almuftionline.com/2020/10/14/2884/"" rel=""prev""><span class=""pagelayer-post-nav-icon fa fa-chevron-left""></span>
<span class=""pagelayer-next-holder"">
<span class=""pagelayer-post-nav-link""> Previous</span><span class=""pagelayer-post-nav-title"">مرحوم کی طرف سے ہبہ شدہ زمین میں دوسرے بھائی کاحصہ مانگنا</span>
</span></a>
</div>
<div class=""pagelayer-post-nav-separator""></div>
<div class=""pagelayer-next-post"">
<a href=""https://almuftionline.com/2020/10/14/2992/"" rel=""next""><span class=""pagelayer-next-holder"">
<span class=""pagelayer-post-nav-link""> Next</span><span class=""pagelayer-post-nav-title"">کرایہ پر لی گئی دکان کسی اور کو زیادہ کرایہ پر دینا</span>
</span>
<span class=""pagelayer-post-nav-icon fa fa-chevron-right""></span></a>
</div>
</div></div></div></div></div></div></div>"
2020-10-14,https://almuftionline.com/2020/10/14/2884/,مرحوم کی طرف سے ہبہ شدہ زمین میں دوسرے بھائی کاحصہ مانگنا,<p> ایک زمیندار نے اپنی ایک زمین کےتین حصے کرکے اپنے دوبیٹوں میں سے ایک بیٹے کوایک حصہ دیا اوردوسرے چھوٹے بیٹے کودوحصے دئیے اورکہاکہ ان دوحصوں میں بڑے بیٹےکاکوئی حصہ نہیں ہے،نہ ہی میری زندگی میں اورنہ میرے مرنےکے بعد اورجب تک میں اورمیری بیوی زندہ ہیں ،ہم دونوں کےاخراجات چھوٹے بیٹے کے ذمہ ہیں اورقبضہ بھی دیدیا اورکاغذات بھی اورخوددنیاسے رخصت ہوگئے۔</p><p>اب مسئلہ یہ پوچھنا ہے کہ  بڑابیٹا چھوٹے بھائی سے حصہ مانگ رہاہے ،لیکن بھائی کہتاہےکہ یہ تومجھے اباجان نے دیدیاتھا،میں آپ کونہیں دے سکتا،لیکن بھائی کامطالبہ کرنادرست ہے؟</p>,"<h4 class=""has-text-align-center"">اَلجَوَابْ بِاسْمِ مُلْہِمِ الصَّوَابْ

</h4><p>بیٹوں کوزبانی طورپر کہناکہ یہ جائیدادتمہاری ہے یاملکیت دینے کی نیت سےکاغذات بیٹوں کے نام پر بنانا ہبہ ہے ، ہبہ مکمل ہونے کے لئے موہوب لہ (جس کوہبہ کیاجارہاہے)کواس طرح قبضہ دیناضروری ہے کہ وہ اس میں اپنی مرضی سے آزادانہ طورپر تصرف کرسکےجس کیلئے ضروری ہے کہ ہبہ کی گئی چیزکوبالکل الگ کرکے اپنے تصرف سے فارغ کردے،اگراس طرح کاقبضہ نہ دیاجائےتو ہبہ مکمل نہیں ہوتا۔صورت مسؤلہ میں اگر والد نےمذکورہ زمین  بیٹوں کے نام صرف کاغذات کی حد تک کرائی  تھی اوران کواس زمین پر اس طورپر مالکانہ تصرف کااختیارنہیں دیاتھاکہ وہ اپنی مرضی سے اس کواستعمال کرسکیں تو یہ ہبہ مکمل نہیں ہوا اورزمین والدکی ملکیت ہی شمارہوگی، اس صورت میں والدکی وفات کے بعد تمام ورثہ کااس میں حق ہے، اوراگرباقاعدہ نام کرانےکے ساتھ قبضہ بھی دیدیاتھاجیساکہ سوال سےمعلوم ہورہاہے تواس صورت میں  ہربیٹے کودیاگیاحصہ اس کی ملکیت ہے،چاہے کم ہویازیادہ،لہذا مذکورہ زمین میں کسی بھائی کادوسرے بھائی سے کوئی مطالبہ درست نہیں ۔</p><h6 class=""has-text-align-right"">حوالہ جات</h6><div style=""direction: rtl;font-family: Amiri;
    
     font-size: 13px; font-weight: 400;""><p>الدر المختار للحصفكي (ج 5 / ص 259):</p>
<p>""(وتتم) الهبة (بالقبض) الكامل.""</p>
<p>العناية شرح الهداية (ج 12 / ص 264):</p>
<p>""ولنا قوله عليه الصلاة والسلام { لا تجوز الهبة إلا مقبوضة } والمراد نفي الملك ، لأن الجواز بدونه ثابت ، ولأنه عقد تبرع ، وفي إثبات الملك قبل القبض إلزام المتبرع شيئا لم يتبرع به ، وهو التسليم فلا يصح.""</p>
<p>الجوهرة النيرة شرح مختصر القدوري (ج 3 / ص 173):</p>
<p>""لو قال الرجل : جميع مالي ، أو جميع ما أملكه لفلان فهذا إقرار بالهبة لا يجوز إلا مقبوضة ، وإن امتنع من التسليم لم يجبر عليه.""                                                                                                                                                                                                                  </p>
</div><p>۔۔</p><h6 class=""has-text-align-center"">
واللہ سبحانہ وتعالی اعلم
</h6><figure class=""wp-block-table""><table><tbody><tr><td><h3>مجیب</h3></td><td>محمد اویس صاحب</td><td><h3>مفتیان</h3></td><td>سیّد عابد شاہ صاحب / سعید احمد حسن صاحب</td></tr></tbody></table></figure>",70263,jameya-tur-rasheed,ہبہ اور صدقہ کے مسائل,ہبہ کےمتفرق مسائل,"<div class=""pagelayer-col-holder""><div class=""p-kgd1425 pagelayer-post_excerpt"" pagelayer-id=""kgd1425"">
<style pagelayer-style-id=""kgd1425"">.p-kgd1425 .pagelayer-post-excerpt{color:#adb5bd;font-family: ; font-size: 15px !important; font-style: Italic !important; font-weight: 500 !important; font-variant:  !important; text-decoration-line:  !important; text-decoration-style:  !important; line-height: 1.5em !important; text-transform:  !important; letter-spacing: px !important; word-spacing: px !important;margin-top:0px; margin-right:0px; margin-bottom:0px; margin-left:0px}
.p-kgd1425{text-align: left;margin-top: 0px; margin-right: 0px; margin-bottom: 0px; margin-left: 0px;padding-top: 0px; padding-right: 0px; padding-bottom: 0px; padding-left: 0px}
</style></div><div class=""p-4wb1030 pagelayer-featured_img"" pagelayer-id=""4wb1030"">
<style pagelayer-style-id=""4wb1030"">.p-4wb1030{text-align: center}
.p-4wb1030 img{filter: blur(0px) brightness(100%) contrast(100%) grayscale(0%) hue-rotate(0deg) opacity(100%) saturate(100%);box-shadow: 0px 24px 36px 0px rgba(0,0,0,0.10)  !important;-webkit-transition: all 400ms; transition: all 400ms}
.p-4wb1030 .pagelayer-featured-caption{color: #0986c0}
</style>
<div class=""pagelayer-featured-img""></div>
</div><div class=""p-f8n3612 pagelayer-inner_row pagelayer-row-stretch-auto pagelayer-height-default"" pagelayer-id=""f8n3612"">
<style pagelayer-style-id=""f8n3612"">.p-f8n3612 .pagelayer-col-holder{padding: 10px}
.p-f8n3612 > .pagelayer-background-overlay{-webkit-transition: all 400ms !important; transition: all 400ms !important}
.p-f8n3612 .pagelayer-svg-top .pagelayer-shape-fill{fill:#227bc3}
.p-f8n3612 .pagelayer-row-svg .pagelayer-svg-top{width:100%;height:100px}
.p-f8n3612 .pagelayer-svg-bottom .pagelayer-shape-fill{fill:#e44993}
.p-f8n3612 .pagelayer-row-svg .pagelayer-svg-bottom{width:100%;height:100px}
</style>
<div class=""pagelayer-row-holder pagelayer-row pagelayer-auto pagelayer-width-auto""><div class=""p-i795860 pagelayer-col pagelayer-col-4"" pagelayer-id=""i795860"">
<style pagelayer-style-id=""i795860"">.p-i795860{align-content: center !important}
.p-i795860 .pagelayer-col-holder > div:not(:last-child){margin-bottom: 15px}
.p-i795860 > .pagelayer-background-overlay{-webkit-transition: all 400ms !important; transition: all 400ms !important}
</style>
<div class=""pagelayer-col-holder""><div class=""p-qip3968 pagelayer-post_info"" pagelayer-id=""qip3968"">
<style pagelayer-style-id=""qip3968"">.p-qip3968 .pagelayer-post-info-vertical .pagelayer-post-info-list-container{margin-right:25px}
.p-qip3968 .pagelayer-post-info-horizontal .pagelayer-post-info-list-container{margin-bottom:25px}
.p-qip3968 .pagelayer-post-info-container{text-align:right}
.p-qip3968 .pagelayer-post-info-icon span{font-size:120%;color:#495057}
.p-qip3968 .pagelayer-post-info-list-container a{font-family: Roboto !important; font-size: 14px !important; font-style:  !important; font-weight: 500 !important; font-variant:  !important; text-decoration-line:  !important; text-decoration-style:  !important; line-height: 1.6em !important; text-transform:  !important; letter-spacing: px !important; word-spacing: px !important}
.p-qip3968 .pagelayer-post-info-label{color:#495057}
.p-qip3968 .pagelayer-post-info-label a{color:#495057}
.p-qip3968 .pagelayer-post-info-label:hover{color:#000000}
.p-qip3968 .pagelayer-post-info-label:hover a{color:#000000}
</style><div class=""pagelayer-post-info-container pagelayer-post-info-vertical""><div class=""p-xj43574 pagelayer-post_info_list"" pagelayer-id=""xj43574"">
<div class=""pagelayer-post-info-list-container"">
<a class=""pagelayer-post-info-list-link"" href=""https://almuftionline.com/2020/10/14/"">
<span class=""pagelayer-post-info-icon"">
<span class=""far fa-clock""></span>
</span>
<span class=""pagelayer-post-info-label pagelayer-date"">اکتوبر 14, 2020</span>
</a>
</div></div></div></div></div></div><div class=""p-t2j1983 pagelayer-col pagelayer-col-7"" pagelayer-id=""t2j1983"">
<style pagelayer-style-id=""t2j1983"">.p-t2j1983{align-content: center !important}
.p-t2j1983 .pagelayer-col-holder > div:not(:last-child){margin-bottom: 15px}
.p-t2j1983 > .pagelayer-background-overlay{-webkit-transition: all 400ms !important; transition: all 400ms !important}
</style>
<div class=""pagelayer-col-holder""><div class=""p-dbq3916 pagelayer-post_info"" pagelayer-id=""dbq3916"">
<style pagelayer-style-id=""dbq3916"">.p-dbq3916 .pagelayer-post-info-container{text-align:right}
.p-dbq3916 .pagelayer-post-info-icon span{font-size:120%;color:#495057}
.p-dbq3916 .pagelayer-post-info-list-container a{font-family: Roboto !important; font-size: 14px !important; font-style:  !important; font-weight: 500 !important; font-variant:  !important; text-decoration-line:  !important; text-decoration-style:  !important; line-height: 1.6em !important; text-transform:  !important; letter-spacing: px !important; word-spacing: px !important}
.p-dbq3916 .pagelayer-post-info-label{color:#0072ff}
.p-dbq3916 .pagelayer-post-info-label a{color:#0072ff}
.p-dbq3916 .pagelayer-terms *{color:#f8952c !important;padding-top:5px; padding-right:10px; padding-bottom:5px; padding-left:10px;margin-top:0px; margin-right:5px; margin-bottom:0px; margin-left:5px;border-radius: 4px 4px 4px 4px; -webkit-border-radius:  4px 4px 4px 4px;-moz-border-radius: 4px 4px 4px 4px}
.p-dbq3916{padding-top: 0px; padding-right: 0px; padding-bottom: 0px; padding-left: 0px}
@media (max-width: 768px) and (min-width: 501px){.p-dbq3916 .pagelayer-post-info-container{text-align:left}
}
@media (max-width: 500px){.p-dbq3916 .pagelayer-post-info-container{text-align:left}
}
</style><div class=""pagelayer-post-info-container pagelayer-post-info-vertical""><div class=""p-wpv7212 pagelayer-post_info_list"" pagelayer-id=""wpv7212"">
<div class=""pagelayer-post-info-list-container"">
<span class=""pagelayer-post-info-icon"">
</span>
<span class=""pagelayer-post-info-label pagelayer-terms""> <a href=""https://almuftionline.com/category/fatwa/31/""> ہبہ اور صدقہ کے مسائل </a></span>
</div></div></div></div></div></div></div></div><div class=""p-trw3096 pagelayer-inner_row pagelayer-row-stretch-auto pagelayer-height-default"" pagelayer-id=""trw3096"">
<style pagelayer-style-id=""trw3096"">.p-trw3096 .pagelayer-col-holder{padding: 10px}
.p-trw3096 > .pagelayer-background-overlay{-webkit-transition: all 400ms !important; transition: all 400ms !important}
.p-trw3096 .pagelayer-svg-top .pagelayer-shape-fill{fill:#227bc3}
.p-trw3096 .pagelayer-row-svg .pagelayer-svg-top{width:100%;height:100px}
.p-trw3096 .pagelayer-svg-bottom .pagelayer-shape-fill{fill:#e44993}
.p-trw3096 .pagelayer-row-svg .pagelayer-svg-bottom{width:100%;height:100px}
</style>
<div class=""pagelayer-row-holder pagelayer-row pagelayer-auto pagelayer-width-auto""><div class=""p-wwu6541 pagelayer-col pagelayer-col-2"" pagelayer-id=""wwu6541"">
<style pagelayer-style-id=""wwu6541"">.p-wwu6541{align-content: center !important}
.p-wwu6541 .pagelayer-col-holder > div:not(:last-child){margin-bottom: 15px}
.p-wwu6541 > .pagelayer-background-overlay{-webkit-transition: all 400ms !important; transition: all 400ms !important}
</style>
<div class=""pagelayer-col-holder""><div class=""p-ccj4284 pagelayer-post_content"" pagelayer-id=""ccj4284"">
<style pagelayer-style-id=""ccj4284"">.p-ccj4284{text-align: right}
</style><div class=""entry-content pagelayer-post-excerpt""><figure class=""wp-block-table""><table><tbody><tr><td>70263</td><td>ہبہ اور صدقہ کے مسائل</td><td>ہبہ کےمتفرق مسائل</td></tr></tbody></table></figure><div style=""direction:rtl;line-height: 2.5;""><h3 class=""has-text-align-center"">سوال</h3><p> ایک زمیندار نے اپنی ایک زمین کےتین حصے کرکے اپنے دوبیٹوں میں سے ایک بیٹے کوایک حصہ دیا اوردوسرے چھوٹے بیٹے کودوحصے دئیے اورکہاکہ ان دوحصوں میں بڑے بیٹےکاکوئی حصہ نہیں ہے،نہ ہی میری زندگی میں اورنہ میرے مرنےکے بعد اورجب تک میں اورمیری بیوی زندہ ہیں ،ہم دونوں کےاخراجات چھوٹے بیٹے کے ذمہ ہیں اورقبضہ بھی دیدیا اورکاغذات بھی اورخوددنیاسے رخصت ہوگئے۔</p>
<p>اب مسئلہ یہ پوچھنا ہے کہ  بڑابیٹا چھوٹے بھائی سے حصہ مانگ رہاہے ،لیکن بھائی کہتاہےکہ یہ تومجھے اباجان نے دیدیاتھا،میں آپ کونہیں دے سکتا،لیکن بھائی کامطالبہ کرنادرست ہے؟</p>
<h4 class=""has-text-align-center"">اَلجَوَابْ بِاسْمِ مُلْہِمِ الصَّوَابْ

</h4><p>بیٹوں کوزبانی طورپر کہناکہ یہ جائیدادتمہاری ہے یاملکیت دینے کی نیت سےکاغذات بیٹوں کے نام پر بنانا ہبہ ہے ، ہبہ مکمل ہونے کے لئے موہوب لہ (جس کوہبہ کیاجارہاہے)کواس طرح قبضہ دیناضروری ہے کہ وہ اس میں اپنی مرضی سے آزادانہ طورپر تصرف کرسکےجس کیلئے ضروری ہے کہ ہبہ کی گئی چیزکوبالکل الگ کرکے اپنے تصرف سے فارغ کردے،اگراس طرح کاقبضہ نہ دیاجائےتو ہبہ مکمل نہیں ہوتا۔صورت مسؤلہ میں اگر والد نےمذکورہ زمین  بیٹوں کے نام صرف کاغذات کی حد تک کرائی  تھی اوران کواس زمین پر اس طورپر مالکانہ تصرف کااختیارنہیں دیاتھاکہ وہ اپنی مرضی سے اس کواستعمال کرسکیں تو یہ ہبہ مکمل نہیں ہوا اورزمین والدکی ملکیت ہی شمارہوگی، اس صورت میں والدکی وفات کے بعد تمام ورثہ کااس میں حق ہے، اوراگرباقاعدہ نام کرانےکے ساتھ قبضہ بھی دیدیاتھاجیساکہ سوال سےمعلوم ہورہاہے تواس صورت میں  ہربیٹے کودیاگیاحصہ اس کی ملکیت ہے،چاہے کم ہویازیادہ،لہذا مذکورہ زمین میں کسی بھائی کادوسرے بھائی سے کوئی مطالبہ درست نہیں ۔</p>
</div><h6 class=""has-text-align-right"">حوالہ جات</h6><div style=""direction: rtl;font-family: Amiri;
    
     font-size: 13px; font-weight: 400;""><p>الدر المختار للحصفكي (ج 5 / ص 259):</p>
<p>""(وتتم) الهبة (بالقبض) الكامل.""</p>
<p>العناية شرح الهداية (ج 12 / ص 264):</p>
<p>""ولنا قوله عليه الصلاة والسلام { لا تجوز الهبة إلا مقبوضة } والمراد نفي الملك ، لأن الجواز بدونه ثابت ، ولأنه عقد تبرع ، وفي إثبات الملك قبل القبض إلزام المتبرع شيئا لم يتبرع به ، وهو التسليم فلا يصح.""</p>
<p>الجوهرة النيرة شرح مختصر القدوري (ج 3 / ص 173):</p>
<p>""لو قال الرجل : جميع مالي ، أو جميع ما أملكه لفلان فهذا إقرار بالهبة لا يجوز إلا مقبوضة ، وإن امتنع من التسليم لم يجبر عليه.""                                                                                                                                                                                                                  </p>
</div><p>۔۔</p>
<h6 class=""has-text-align-center"">
واللہ سبحانہ وتعالی اعلم
</h6><figure class=""wp-block-table""><table><tbody><tr><td><h3>مجیب</h3></td><td>محمد اویس صاحب</td><td><h3>مفتیان</h3></td><td>سیّد عابد شاہ صاحب / سعید احمد حسن صاحب</td></tr></tbody></table></figure></div></div></div></div></div></div><div class=""p-wl6689 pagelayer-inner_row pagelayer-row-stretch-auto pagelayer-height-default"" pagelayer-id=""wl6689"">
<style pagelayer-style-id=""wl6689"">.p-wl6689 .pagelayer-col-holder{padding: 10px}
.p-wl6689 > .pagelayer-background-overlay{-webkit-transition: all 400ms !important; transition: all 400ms !important}
.p-wl6689 .pagelayer-svg-top .pagelayer-shape-fill{fill:#227bc3}
.p-wl6689 .pagelayer-row-svg .pagelayer-svg-top{width:100%;height:100px}
.p-wl6689 .pagelayer-svg-bottom .pagelayer-shape-fill{fill:#e44993}
.p-wl6689 .pagelayer-row-svg .pagelayer-svg-bottom{width:100%;height:100px}
</style>
<div class=""pagelayer-row-holder pagelayer-row pagelayer-auto pagelayer-width-auto""><div class=""p-jzl6522 pagelayer-col pagelayer-col-6"" pagelayer-id=""jzl6522"">
<style pagelayer-style-id=""jzl6522"">.p-jzl6522{align-content: center !important}
.p-jzl6522 .pagelayer-col-holder > div:not(:last-child){margin-bottom: 15px}
.p-jzl6522 > .pagelayer-background-overlay{-webkit-transition: all 400ms !important; transition: all 400ms !important}
</style>
<div class=""pagelayer-col-holder""><div class=""p-xsb5673 pagelayer-share_grp pagelayer-share-type-icon-label pagelayer-social-bg-none pagelayer-scheme-official"" pagelayer-id=""xsb5673"">
<style pagelayer-style-id=""xsb5673"">.p-xsb5673{text-align: right}
.p-xsb5673 .pagelayer-share-content{min-height: 35px;-webkit-transition: all 400ms; transition: all 400ms}
.p-xsb5673 i{font-size: 27px}
.p-xsb5673 .pagelayer-icon-holder{font-size: 27px}
.p-xsb5673 .pagelayer-share-content i{-webkit-transition: all 400ms; transition: all 400ms}
.p-xsb5673 .pagelayer-icon-name{font-family: Roboto; font-size: 15px !important; font-style:  !important; font-weight: 500 !important; font-variant:  !important; text-decoration-line:  !important; text-decoration-style:  !important; line-height: em !important; text-transform:  !important; letter-spacing: px !important; word-spacing: px !important}
@media (max-width: 768px) and (min-width: 501px){.p-xsb5673{text-align: left}
.p-xsb5673 .pagelayer-share{padding-top: 10px; padding-bottom: 10px;padding-left: 10px; padding-right: 10px}
.p-xsb5673 i{font-size: 20px}
.p-xsb5673 .pagelayer-icon-holder{font-size: 20px}
.p-xsb5673 .pagelayer-icon-name{font-family: ; font-size: 13px !important; font-style:  !important; font-weight:  !important; font-variant:  !important; text-decoration-line:  !important; text-decoration-style:  !important; line-height: em !important; text-transform:  !important; letter-spacing: px !important; word-spacing: px !important}
}
@media (max-width: 500px){.p-xsb5673{text-align: left}
.p-xsb5673 .pagelayer-share{padding-top: 10px; padding-bottom: 10px;padding-left: 10px; padding-right: 10px}
.p-xsb5673 .pagelayer-share-content{min-height: NaNpx}
.p-xsb5673 i{font-size: 20px}
.p-xsb5673 .pagelayer-icon-holder{font-size: 20px}
.p-xsb5673 .pagelayer-icon-name{font-family: ; font-size: 13px !important; font-style:  !important; font-weight:  !important; font-variant:  !important; text-decoration-line:  !important; text-decoration-style:  !important; line-height: em !important; text-transform:  !important; letter-spacing: px !important; word-spacing: px !important}
}
</style><div class=""p-9mh2934 pagelayer-share"" pagelayer-id=""9mh2934"">
<a class=""pagelayer-ele-link"" href=""https://www.facebook.com/sharer/sharer.php?u=almuftionline.com/2020/10/14/2884/"" target=""_blank"" title=""fab fa-facebook-square"">
<div class=""pagelayer-share-content pagelayer-facebook-square"" data-icon=""fab fa-facebook-square"">
<div class=""pagelayer-icon-holder pagelayer-share-buttons"">
<i class=""pagelayer-social-fa fab fa-facebook-square""></i>
</div>
<div class=""pagelayer-icon-name"">
<span class=""pagelayer-icon-name-span"">Facebook</span>
</div>
</div>
</a></div><div class=""p-rai4926 pagelayer-share"" pagelayer-id=""rai4926"">
<a class=""pagelayer-ele-link"" href=""https://twitter.com/share?url=almuftionline.com/2020/10/14/2884/"" target=""_blank"" title=""fab fa-twitter-square"">
<div class=""pagelayer-share-content pagelayer-twitter-square"" data-icon=""fab fa-twitter-square"">
<div class=""pagelayer-icon-holder pagelayer-share-buttons"">
<i class=""pagelayer-social-fa fab fa-twitter-square""></i>
</div>
<div class=""pagelayer-icon-name"">
<span class=""pagelayer-icon-name-span"">Twitter</span>
</div>
</div>
</a></div><div class=""p-ndy3728 pagelayer-share"" pagelayer-id=""ndy3728"">
<a class=""pagelayer-ele-link"" href=""whatsapp://send?text=almuftionline.com/2020/10/14/2884/"" target=""_blank"" title=""fab fa-whatsapp"">
<div class=""pagelayer-share-content pagelayer-whatsapp"" data-icon=""fab fa-whatsapp"">
<div class=""pagelayer-icon-holder pagelayer-share-buttons"">
<i class=""pagelayer-social-fa fab fa-whatsapp""></i>
</div>
<div class=""pagelayer-icon-name"">
<span class=""pagelayer-icon-name-span"">WhatsApp</span>
</div>
</div>
</a></div></div></div></div></div></div><div class=""p-zqp4850 pagelayer-inner_row pagelayer-row-stretch-auto pagelayer-height-default"" pagelayer-id=""zqp4850"">
<style pagelayer-style-id=""zqp4850"">.p-zqp4850 .pagelayer-col-holder{padding: 10px}
.p-zqp4850 > .pagelayer-background-overlay{-webkit-transition: all 400ms !important; transition: all 400ms !important}
.p-zqp4850 .pagelayer-svg-top .pagelayer-shape-fill{fill:#227bc3}
.p-zqp4850 .pagelayer-row-svg .pagelayer-svg-top{width:100%;height:100px}
.p-zqp4850 .pagelayer-svg-bottom .pagelayer-shape-fill{fill:#e44993}
.p-zqp4850 .pagelayer-row-svg .pagelayer-svg-bottom{width:100%;height:100px}
</style>
<div class=""pagelayer-row-holder pagelayer-row pagelayer-auto pagelayer-width-auto""><div class=""p-q725202 pagelayer-col pagelayer-col-2"" pagelayer-id=""q725202"">
<style pagelayer-style-id=""q725202"">.p-q725202{align-content: center !important}
.p-q725202 .pagelayer-col-holder > div:not(:last-child){margin-bottom: 15px}
.p-q725202 > .pagelayer-background-overlay{-webkit-transition: all 400ms !important; transition: all 400ms !important}
</style>
<div class=""pagelayer-col-holder""><div class=""p-55r4448 pagelayer-post_nav"" pagelayer-id=""55r4448"">
<style pagelayer-style-id=""55r4448"">.p-55r4448 .pagelayer-post-nav-link{color:#adb5bd;font-family:  !important; font-size: 15px !important; font-style:  !important; font-weight:  !important; font-variant:  !important; text-decoration-line:  !important; text-decoration-style:  !important; line-height: em !important; text-transform:  !important; letter-spacing: px !important; word-spacing: px !important}
.p-55r4448 .pagelayer-post-nav-title{color:#000000;font-family:  !important; font-size: 18px !important; font-style:  !important; font-weight: bold !important; font-variant:  !important; text-decoration-line:  !important; text-decoration-style: Solid !important; line-height: em !important; text-transform:  !important; letter-spacing: px !important; word-spacing: px !important}
.p-55r4448 .pagelayer-post-nav-icon{color:#adb5bd;font-size:30px}
.p-55r4448 .pagelayer-post-nav-separator{display:none}
@media (max-width: 768px) and (min-width: 501px){.p-55r4448 .pagelayer-post-nav-link{font-family:  !important; font-size: 12px !important; font-style:  !important; font-weight:  !important; font-variant:  !important; text-decoration-line:  !important; text-decoration-style: Solid !important; line-height: em !important; text-transform:  !important; letter-spacing: px !important; word-spacing: px !important}
.p-55r4448 .pagelayer-post-nav-title{font-family:  !important; font-size: 15px !important; font-style:  !important; font-weight:  !important; font-variant:  !important; text-decoration-line:  !important; text-decoration-style: Solid !important; line-height: em !important; text-transform:  !important; letter-spacing: px !important; word-spacing: px !important}
}
@media (max-width: 500px){.p-55r4448 .pagelayer-post-nav-link{font-family:  !important; font-size: 12px !important; font-style:  !important; font-weight:  !important; font-variant:  !important; text-decoration-line:  !important; text-decoration-style: Solid !important; line-height: em !important; text-transform:  !important; letter-spacing: px !important; word-spacing: px !important}
.p-55r4448 .pagelayer-post-nav-title{font-family:  !important; font-size: 12px !important; font-style:  !important; font-weight:  !important; font-variant:  !important; text-decoration-line:  !important; text-decoration-style: Solid !important; line-height: em !important; text-transform:  !important; letter-spacing: px !important; word-spacing: px !important}
}
</style><div class=""pagelayer-post-nav-container"">
<div class=""pagelayer-prev-post"">
<a href=""https://almuftionline.com/2020/10/13/2990/"" rel=""prev""><span class=""pagelayer-post-nav-icon fa fa-chevron-left""></span>
<span class=""pagelayer-next-holder"">
<span class=""pagelayer-post-nav-link""> Previous</span><span class=""pagelayer-post-nav-title"">تم مجھ سے طلاق لے لو،تم میری طرف سے آزاد ہو پوری طرح</span>
</span></a>
</div>
<div class=""pagelayer-post-nav-separator""></div>
<div class=""pagelayer-next-post"">
<a href=""https://almuftionline.com/2020/10/14/2980/"" rel=""next""><span class=""pagelayer-next-holder"">
<span class=""pagelayer-post-nav-link""> Next</span><span class=""pagelayer-post-nav-title"">زندگی میں جائیداد تقسیم کرتے وقت کمی بیشی کا حکم</span>
</span>
<span class=""pagelayer-post-nav-icon fa fa-chevron-right""></span></a>
</div>
</div></div></div></div></div></div></div>"
2020-10-13,https://almuftionline.com/2020/10/13/2990/,تم مجھ سے طلاق لے لو،تم میری طرف سے آزاد ہو پوری طرح,<p>میرا نام علی ہے،مجھے طلاق کے حوالے سے ایک مسئلہ درپیش ہے،جس کی وجہ سے مجھے آپ سے رجوع کرنا پڑرہا ہے،میری بیوی کے ساتھ کچھ دن پہلے لڑائی ہوئی،لڑائی کسی بڑی وجہ سے نہیں ہوئی،میں نے بیوی کو بولا کہ تم مجھ سے طلاق لے لو،پھر میری بیوی نے دوبارہ مجھے کہا کہ مجھے معاف کرو،یعنی میری جان چھوڑدو،جس کے جواب میں میں نے کہہ دیا کہ ایک بار ہی اب کروں گا،اس کے بعد وہ آف لائن ہوگئی،پھر تھوڑی دیر بعد میں نے خود ہی میسج کیا اور اس میسج میں بھی میں نے کہا کہ طلاق کے علاوہ کوئی حل نہیں،حالانکہ یہ بات میں نے اس لئے کی کہ اس کو طلاق کا لفظ برا لگتا تھا تو اسے خود بھی رشتے کا احساس ہوجاتا تھا،یہ بات ختم ہوچکی تھی،اس کے بعد میں نے جواب نہیں دیا،پھر سات منٹ کے وقفے کے بعد میں نے اسے میسج کیا اور بولا تمہیں برا لگتا ہے مجھے حساب دینا ،میں کوئی بھی حساب نہیں لوں گا تم سے،جب مرضی جاگو،تم میری طرف سے آزاد ہو پوری طرح سے،کیونکہ وہ مجھے بار بار کہہ رہی تھی کہ تمہیں میرے سونے سے بھی مسئلہ ہے،جاگنے سے بھی وغیرہ وغیرہ،اس کے جواب میں میں نے یہ بات کہی تھی اور یہ کہتے وقت میرا ارادہ طلاق کا نہیں تھا،نہ میرے دماغ میں کوئی بات ایسی کوئی بات تھی اور نہ ہی مجھے معلوم تھا کہ ایسے بھی طلاق ہوتی ہے،کیونکہ میری پسند کی شادی ہے اور میں اسے چھوڑنے کا تصور بھی نہیں کرسکتا،نہ ہی مجھے اس مسئلے کے بارے میں علم تھا،جب میں نے یوٹیوب پر اس مسئلے کے حوالے سے بیان سنا تو میں مزید پریشانی میں مبتلا ہوچکا ہوں،مجھے مسئلے کے بارے میں کچھ سمجھ نہیں آرہی کہ کیا اس طرح سے طلاق ہوگئی یا نہیں،مہربانی کرکے میری راہنمائی فرمائیں،تاکہ نہ میں اپنے رب کی نظر میں گنہگار کہلاؤں اور نہ ہی اپنا آنگن تباہ کروں۔</p>,"<h4 class=""has-text-align-center"">اَلجَوَابْ بِاسْمِ مُلْہِمِ الصَّوَابْ

</h4><p>""تم مجھے سے طلاق لے لو"" ان الفاظ سے کوئی طلاق واقع نہیں ہوئی،کیونکہ یہ جملہ طلاق کے انشاء کا نہیں،بلکہ بیوی کو طلاق کے مطالبے کا حکم ہے،جبکہ بیوی نے اس پر عمل نہیں کیا۔</p><p>جبکہ ""تم میری طرف سے آزاد ہو"" طلاق کےایسے الفاظ میں سے ہے،جو سیاق و سباق اور خاص عرف کی دلالت کی وجہ سے کبھی طلاق کے لئے استعمال ہوتا ہے اور کبھی کسی اور معنی کے لیے،چونکہ مذکورہ صورت میں آپ نے یہ جملہ طلاق کے معنی میں استعمال نہیں کیا،بلکہ سونے جاگنے کے حوالے سے اختیار کی آزادی دینے کے لیے استعمال کیا ہے،جس کا قرینہ یہ ہے کہ آپ نے یہ جملہ بیوی کی اس بات کے جواب میں کہا کہ تمہیں میرے سونے سے بھی مسئلہ ہے اور جاگنے سے بھی،اس لیے اس سے بھی کوئی طلاق واقع نہیں ہوئی،لیکن آئندہ کے لیے طلاق یا ایسے الفاظ استعمال کرنے میں احتیاط سے کام لیں جو ازدواجی رشتے کے ختم کرنے پر دلالت کرتے ہیں۔</p><h6 class=""has-text-align-right"">حوالہ جات</h6><div style=""direction: rtl;font-family: Amiri;
    
     font-size: 13px; font-weight: 400;""><p>""الدر المختار""(3/ 300):</p>
<p>""(تتوقف الأقسام) الثلاثة تأثيرا (على نية) للاحتمال والقول لہ بيمينه في عدم النية ويكفي تحليفها له في منزله"".</p>
</div><p>محمد طارق</p><p>دارالافتاءجامعۃالرشید</p><p>25<span dir=""LTR"">/</span>صفر1442ھ</p><h6 class=""has-text-align-center"">
واللہ سبحانہ وتعالی اعلم
</h6><figure class=""wp-block-table""><table><tbody><tr><td><h3>مجیب</h3></td><td>محمد طارق  غرفی</td><td><h3>مفتیان</h3></td><td>سیّد عابد شاہ صاحب / سعید احمد حسن صاحب</td></tr></tbody></table></figure>",70270,jameya-tur-rasheed,طلاق کے احکام,الفاظ کنایہ سے طلاق  کا بیان,"<div class=""pagelayer-col-holder""><div class=""p-kgd1425 pagelayer-post_excerpt"" pagelayer-id=""kgd1425"">
<style pagelayer-style-id=""kgd1425"">.p-kgd1425 .pagelayer-post-excerpt{color:#adb5bd;font-family: ; font-size: 15px !important; font-style: Italic !important; font-weight: 500 !important; font-variant:  !important; text-decoration-line:  !important; text-decoration-style:  !important; line-height: 1.5em !important; text-transform:  !important; letter-spacing: px !important; word-spacing: px !important;margin-top:0px; margin-right:0px; margin-bottom:0px; margin-left:0px}
.p-kgd1425{text-align: left;margin-top: 0px; margin-right: 0px; margin-bottom: 0px; margin-left: 0px;padding-top: 0px; padding-right: 0px; padding-bottom: 0px; padding-left: 0px}
</style></div><div class=""p-4wb1030 pagelayer-featured_img"" pagelayer-id=""4wb1030"">
<style pagelayer-style-id=""4wb1030"">.p-4wb1030{text-align: center}
.p-4wb1030 img{filter: blur(0px) brightness(100%) contrast(100%) grayscale(0%) hue-rotate(0deg) opacity(100%) saturate(100%);box-shadow: 0px 24px 36px 0px rgba(0,0,0,0.10)  !important;-webkit-transition: all 400ms; transition: all 400ms}
.p-4wb1030 .pagelayer-featured-caption{color: #0986c0}
</style>
<div class=""pagelayer-featured-img""></div>
</div><div class=""p-f8n3612 pagelayer-inner_row pagelayer-row-stretch-auto pagelayer-height-default"" pagelayer-id=""f8n3612"">
<style pagelayer-style-id=""f8n3612"">.p-f8n3612 .pagelayer-col-holder{padding: 10px}
.p-f8n3612 > .pagelayer-background-overlay{-webkit-transition: all 400ms !important; transition: all 400ms !important}
.p-f8n3612 .pagelayer-svg-top .pagelayer-shape-fill{fill:#227bc3}
.p-f8n3612 .pagelayer-row-svg .pagelayer-svg-top{width:100%;height:100px}
.p-f8n3612 .pagelayer-svg-bottom .pagelayer-shape-fill{fill:#e44993}
.p-f8n3612 .pagelayer-row-svg .pagelayer-svg-bottom{width:100%;height:100px}
</style>
<div class=""pagelayer-row-holder pagelayer-row pagelayer-auto pagelayer-width-auto""><div class=""p-i795860 pagelayer-col pagelayer-col-4"" pagelayer-id=""i795860"">
<style pagelayer-style-id=""i795860"">.p-i795860{align-content: center !important}
.p-i795860 .pagelayer-col-holder > div:not(:last-child){margin-bottom: 15px}
.p-i795860 > .pagelayer-background-overlay{-webkit-transition: all 400ms !important; transition: all 400ms !important}
</style>
<div class=""pagelayer-col-holder""><div class=""p-qip3968 pagelayer-post_info"" pagelayer-id=""qip3968"">
<style pagelayer-style-id=""qip3968"">.p-qip3968 .pagelayer-post-info-vertical .pagelayer-post-info-list-container{margin-right:25px}
.p-qip3968 .pagelayer-post-info-horizontal .pagelayer-post-info-list-container{margin-bottom:25px}
.p-qip3968 .pagelayer-post-info-container{text-align:right}
.p-qip3968 .pagelayer-post-info-icon span{font-size:120%;color:#495057}
.p-qip3968 .pagelayer-post-info-list-container a{font-family: Roboto !important; font-size: 14px !important; font-style:  !important; font-weight: 500 !important; font-variant:  !important; text-decoration-line:  !important; text-decoration-style:  !important; line-height: 1.6em !important; text-transform:  !important; letter-spacing: px !important; word-spacing: px !important}
.p-qip3968 .pagelayer-post-info-label{color:#495057}
.p-qip3968 .pagelayer-post-info-label a{color:#495057}
.p-qip3968 .pagelayer-post-info-label:hover{color:#000000}
.p-qip3968 .pagelayer-post-info-label:hover a{color:#000000}
</style><div class=""pagelayer-post-info-container pagelayer-post-info-vertical""><div class=""p-xj43574 pagelayer-post_info_list"" pagelayer-id=""xj43574"">
<div class=""pagelayer-post-info-list-container"">
<a class=""pagelayer-post-info-list-link"" href=""https://almuftionline.com/2020/10/13/"">
<span class=""pagelayer-post-info-icon"">
<span class=""far fa-clock""></span>
</span>
<span class=""pagelayer-post-info-label pagelayer-date"">اکتوبر 13, 2020</span>
</a>
</div></div></div></div></div></div><div class=""p-t2j1983 pagelayer-col pagelayer-col-7"" pagelayer-id=""t2j1983"">
<style pagelayer-style-id=""t2j1983"">.p-t2j1983{align-content: center !important}
.p-t2j1983 .pagelayer-col-holder > div:not(:last-child){margin-bottom: 15px}
.p-t2j1983 > .pagelayer-background-overlay{-webkit-transition: all 400ms !important; transition: all 400ms !important}
</style>
<div class=""pagelayer-col-holder""><div class=""p-dbq3916 pagelayer-post_info"" pagelayer-id=""dbq3916"">
<style pagelayer-style-id=""dbq3916"">.p-dbq3916 .pagelayer-post-info-container{text-align:right}
.p-dbq3916 .pagelayer-post-info-icon span{font-size:120%;color:#495057}
.p-dbq3916 .pagelayer-post-info-list-container a{font-family: Roboto !important; font-size: 14px !important; font-style:  !important; font-weight: 500 !important; font-variant:  !important; text-decoration-line:  !important; text-decoration-style:  !important; line-height: 1.6em !important; text-transform:  !important; letter-spacing: px !important; word-spacing: px !important}
.p-dbq3916 .pagelayer-post-info-label{color:#0072ff}
.p-dbq3916 .pagelayer-post-info-label a{color:#0072ff}
.p-dbq3916 .pagelayer-terms *{color:#f8952c !important;padding-top:5px; padding-right:10px; padding-bottom:5px; padding-left:10px;margin-top:0px; margin-right:5px; margin-bottom:0px; margin-left:5px;border-radius: 4px 4px 4px 4px; -webkit-border-radius:  4px 4px 4px 4px;-moz-border-radius: 4px 4px 4px 4px}
.p-dbq3916{padding-top: 0px; padding-right: 0px; padding-bottom: 0px; padding-left: 0px}
@media (max-width: 768px) and (min-width: 501px){.p-dbq3916 .pagelayer-post-info-container{text-align:left}
}
@media (max-width: 500px){.p-dbq3916 .pagelayer-post-info-container{text-align:left}
}
</style><div class=""pagelayer-post-info-container pagelayer-post-info-vertical""><div class=""p-wpv7212 pagelayer-post_info_list"" pagelayer-id=""wpv7212"">
<div class=""pagelayer-post-info-list-container"">
<span class=""pagelayer-post-info-icon"">
</span>
<span class=""pagelayer-post-info-label pagelayer-terms""> <a href=""https://almuftionline.com/category/fatwa/19/""> طلاق کے احکام </a></span>
</div></div></div></div></div></div></div></div><div class=""p-trw3096 pagelayer-inner_row pagelayer-row-stretch-auto pagelayer-height-default"" pagelayer-id=""trw3096"">
<style pagelayer-style-id=""trw3096"">.p-trw3096 .pagelayer-col-holder{padding: 10px}
.p-trw3096 > .pagelayer-background-overlay{-webkit-transition: all 400ms !important; transition: all 400ms !important}
.p-trw3096 .pagelayer-svg-top .pagelayer-shape-fill{fill:#227bc3}
.p-trw3096 .pagelayer-row-svg .pagelayer-svg-top{width:100%;height:100px}
.p-trw3096 .pagelayer-svg-bottom .pagelayer-shape-fill{fill:#e44993}
.p-trw3096 .pagelayer-row-svg .pagelayer-svg-bottom{width:100%;height:100px}
</style>
<div class=""pagelayer-row-holder pagelayer-row pagelayer-auto pagelayer-width-auto""><div class=""p-wwu6541 pagelayer-col pagelayer-col-2"" pagelayer-id=""wwu6541"">
<style pagelayer-style-id=""wwu6541"">.p-wwu6541{align-content: center !important}
.p-wwu6541 .pagelayer-col-holder > div:not(:last-child){margin-bottom: 15px}
.p-wwu6541 > .pagelayer-background-overlay{-webkit-transition: all 400ms !important; transition: all 400ms !important}
</style>
<div class=""pagelayer-col-holder""><div class=""p-ccj4284 pagelayer-post_content"" pagelayer-id=""ccj4284"">
<style pagelayer-style-id=""ccj4284"">.p-ccj4284{text-align: right}
</style><div class=""entry-content pagelayer-post-excerpt""><figure class=""wp-block-table""><table><tbody><tr><td>70270</td><td>طلاق کے احکام</td><td>الفاظ کنایہ سے طلاق  کا بیان</td></tr></tbody></table></figure><div style=""direction:rtl;line-height: 2.5;""><h3 class=""has-text-align-center"">سوال</h3><p>میرا نام علی ہے،مجھے طلاق کے حوالے سے ایک مسئلہ درپیش ہے،جس کی وجہ سے مجھے آپ سے رجوع کرنا پڑرہا ہے،میری بیوی کے ساتھ کچھ دن پہلے لڑائی ہوئی،لڑائی کسی بڑی وجہ سے نہیں ہوئی،میں نے بیوی کو بولا کہ تم مجھ سے طلاق لے لو،پھر میری بیوی نے دوبارہ مجھے کہا کہ مجھے معاف کرو،یعنی میری جان چھوڑدو،جس کے جواب میں میں نے کہہ دیا کہ ایک بار ہی اب کروں گا،اس کے بعد وہ آف لائن ہوگئی،پھر تھوڑی دیر بعد میں نے خود ہی میسج کیا اور اس میسج میں بھی میں نے کہا کہ طلاق کے علاوہ کوئی حل نہیں،حالانکہ یہ بات میں نے اس لئے کی کہ اس کو طلاق کا لفظ برا لگتا تھا تو اسے خود بھی رشتے کا احساس ہوجاتا تھا،یہ بات ختم ہوچکی تھی،اس کے بعد میں نے جواب نہیں دیا،پھر سات منٹ کے وقفے کے بعد میں نے اسے میسج کیا اور بولا تمہیں برا لگتا ہے مجھے حساب دینا ،میں کوئی بھی حساب نہیں لوں گا تم سے،جب مرضی جاگو،تم میری طرف سے آزاد ہو پوری طرح سے،کیونکہ وہ مجھے بار بار کہہ رہی تھی کہ تمہیں میرے سونے سے بھی مسئلہ ہے،جاگنے سے بھی وغیرہ وغیرہ،اس کے جواب میں میں نے یہ بات کہی تھی اور یہ کہتے وقت میرا ارادہ طلاق کا نہیں تھا،نہ میرے دماغ میں کوئی بات ایسی کوئی بات تھی اور نہ ہی مجھے معلوم تھا کہ ایسے بھی طلاق ہوتی ہے،کیونکہ میری پسند کی شادی ہے اور میں اسے چھوڑنے کا تصور بھی نہیں کرسکتا،نہ ہی مجھے اس مسئلے کے بارے میں علم تھا،جب میں نے یوٹیوب پر اس مسئلے کے حوالے سے بیان سنا تو میں مزید پریشانی میں مبتلا ہوچکا ہوں،مجھے مسئلے کے بارے میں کچھ سمجھ نہیں آرہی کہ کیا اس طرح سے طلاق ہوگئی یا نہیں،مہربانی کرکے میری راہنمائی فرمائیں،تاکہ نہ میں اپنے رب کی نظر میں گنہگار کہلاؤں اور نہ ہی اپنا آنگن تباہ کروں۔</p>
<h4 class=""has-text-align-center"">اَلجَوَابْ بِاسْمِ مُلْہِمِ الصَّوَابْ

</h4><p>""تم مجھے سے طلاق لے لو"" ان الفاظ سے کوئی طلاق واقع نہیں ہوئی،کیونکہ یہ جملہ طلاق کے انشاء کا نہیں،بلکہ بیوی کو طلاق کے مطالبے کا حکم ہے،جبکہ بیوی نے اس پر عمل نہیں کیا۔</p>
<p>جبکہ ""تم میری طرف سے آزاد ہو"" طلاق کےایسے الفاظ میں سے ہے،جو سیاق و سباق اور خاص عرف کی دلالت کی وجہ سے کبھی طلاق کے لئے استعمال ہوتا ہے اور کبھی کسی اور معنی کے لیے،چونکہ مذکورہ صورت میں آپ نے یہ جملہ طلاق کے معنی میں استعمال نہیں کیا،بلکہ سونے جاگنے کے حوالے سے اختیار کی آزادی دینے کے لیے استعمال کیا ہے،جس کا قرینہ یہ ہے کہ آپ نے یہ جملہ بیوی کی اس بات کے جواب میں کہا کہ تمہیں میرے سونے سے بھی مسئلہ ہے اور جاگنے سے بھی،اس لیے اس سے بھی کوئی طلاق واقع نہیں ہوئی،لیکن آئندہ کے لیے طلاق یا ایسے الفاظ استعمال کرنے میں احتیاط سے کام لیں جو ازدواجی رشتے کے ختم کرنے پر دلالت کرتے ہیں۔</p>
</div><h6 class=""has-text-align-right"">حوالہ جات</h6><div style=""direction: rtl;font-family: Amiri;
    
     font-size: 13px; font-weight: 400;""><p>""الدر المختار""(3/ 300):</p>
<p>""(تتوقف الأقسام) الثلاثة تأثيرا (على نية) للاحتمال والقول لہ بيمينه في عدم النية ويكفي تحليفها له في منزله"".</p>
</div><p>محمد طارق</p>
<p>دارالافتاءجامعۃالرشید</p>
<p>25<span dir=""LTR"">/</span>صفر1442ھ</p>
<h6 class=""has-text-align-center"">
واللہ سبحانہ وتعالی اعلم
</h6><figure class=""wp-block-table""><table><tbody><tr><td><h3>مجیب</h3></td><td>محمد طارق  غرفی</td><td><h3>مفتیان</h3></td><td>سیّد عابد شاہ صاحب / سعید احمد حسن صاحب</td></tr></tbody></table></figure></div></div></div></div></div></div><div class=""p-wl6689 pagelayer-inner_row pagelayer-row-stretch-auto pagelayer-height-default"" pagelayer-id=""wl6689"">
<style pagelayer-style-id=""wl6689"">.p-wl6689 .pagelayer-col-holder{padding: 10px}
.p-wl6689 > .pagelayer-background-overlay{-webkit-transition: all 400ms !important; transition: all 400ms !important}
.p-wl6689 .pagelayer-svg-top .pagelayer-shape-fill{fill:#227bc3}
.p-wl6689 .pagelayer-row-svg .pagelayer-svg-top{width:100%;height:100px}
.p-wl6689 .pagelayer-svg-bottom .pagelayer-shape-fill{fill:#e44993}
.p-wl6689 .pagelayer-row-svg .pagelayer-svg-bottom{width:100%;height:100px}
</style>
<div class=""pagelayer-row-holder pagelayer-row pagelayer-auto pagelayer-width-auto""><div class=""p-jzl6522 pagelayer-col pagelayer-col-6"" pagelayer-id=""jzl6522"">
<style pagelayer-style-id=""jzl6522"">.p-jzl6522{align-content: center !important}
.p-jzl6522 .pagelayer-col-holder > div:not(:last-child){margin-bottom: 15px}
.p-jzl6522 > .pagelayer-background-overlay{-webkit-transition: all 400ms !important; transition: all 400ms !important}
</style>
<div class=""pagelayer-col-holder""><div class=""p-xsb5673 pagelayer-share_grp pagelayer-share-type-icon-label pagelayer-social-bg-none pagelayer-scheme-official"" pagelayer-id=""xsb5673"">
<style pagelayer-style-id=""xsb5673"">.p-xsb5673{text-align: right}
.p-xsb5673 .pagelayer-share-content{min-height: 35px;-webkit-transition: all 400ms; transition: all 400ms}
.p-xsb5673 i{font-size: 27px}
.p-xsb5673 .pagelayer-icon-holder{font-size: 27px}
.p-xsb5673 .pagelayer-share-content i{-webkit-transition: all 400ms; transition: all 400ms}
.p-xsb5673 .pagelayer-icon-name{font-family: Roboto; font-size: 15px !important; font-style:  !important; font-weight: 500 !important; font-variant:  !important; text-decoration-line:  !important; text-decoration-style:  !important; line-height: em !important; text-transform:  !important; letter-spacing: px !important; word-spacing: px !important}
@media (max-width: 768px) and (min-width: 501px){.p-xsb5673{text-align: left}
.p-xsb5673 .pagelayer-share{padding-top: 10px; padding-bottom: 10px;padding-left: 10px; padding-right: 10px}
.p-xsb5673 i{font-size: 20px}
.p-xsb5673 .pagelayer-icon-holder{font-size: 20px}
.p-xsb5673 .pagelayer-icon-name{font-family: ; font-size: 13px !important; font-style:  !important; font-weight:  !important; font-variant:  !important; text-decoration-line:  !important; text-decoration-style:  !important; line-height: em !important; text-transform:  !important; letter-spacing: px !important; word-spacing: px !important}
}
@media (max-width: 500px){.p-xsb5673{text-align: left}
.p-xsb5673 .pagelayer-share{padding-top: 10px; padding-bottom: 10px;padding-left: 10px; padding-right: 10px}
.p-xsb5673 .pagelayer-share-content{min-height: NaNpx}
.p-xsb5673 i{font-size: 20px}
.p-xsb5673 .pagelayer-icon-holder{font-size: 20px}
.p-xsb5673 .pagelayer-icon-name{font-family: ; font-size: 13px !important; font-style:  !important; font-weight:  !important; font-variant:  !important; text-decoration-line:  !important; text-decoration-style:  !important; line-height: em !important; text-transform:  !important; letter-spacing: px !important; word-spacing: px !important}
}
</style><div class=""p-9mh2934 pagelayer-share"" pagelayer-id=""9mh2934"">
<a class=""pagelayer-ele-link"" href=""https://www.facebook.com/sharer/sharer.php?u=almuftionline.com/2020/10/13/2990/"" target=""_blank"" title=""fab fa-facebook-square"">
<div class=""pagelayer-share-content pagelayer-facebook-square"" data-icon=""fab fa-facebook-square"">
<div class=""pagelayer-icon-holder pagelayer-share-buttons"">
<i class=""pagelayer-social-fa fab fa-facebook-square""></i>
</div>
<div class=""pagelayer-icon-name"">
<span class=""pagelayer-icon-name-span"">Facebook</span>
</div>
</div>
</a></div><div class=""p-rai4926 pagelayer-share"" pagelayer-id=""rai4926"">
<a class=""pagelayer-ele-link"" href=""https://twitter.com/share?url=almuftionline.com/2020/10/13/2990/"" target=""_blank"" title=""fab fa-twitter-square"">
<div class=""pagelayer-share-content pagelayer-twitter-square"" data-icon=""fab fa-twitter-square"">
<div class=""pagelayer-icon-holder pagelayer-share-buttons"">
<i class=""pagelayer-social-fa fab fa-twitter-square""></i>
</div>
<div class=""pagelayer-icon-name"">
<span class=""pagelayer-icon-name-span"">Twitter</span>
</div>
</div>
</a></div><div class=""p-ndy3728 pagelayer-share"" pagelayer-id=""ndy3728"">
<a class=""pagelayer-ele-link"" href=""whatsapp://send?text=almuftionline.com/2020/10/13/2990/"" target=""_blank"" title=""fab fa-whatsapp"">
<div class=""pagelayer-share-content pagelayer-whatsapp"" data-icon=""fab fa-whatsapp"">
<div class=""pagelayer-icon-holder pagelayer-share-buttons"">
<i class=""pagelayer-social-fa fab fa-whatsapp""></i>
</div>
<div class=""pagelayer-icon-name"">
<span class=""pagelayer-icon-name-span"">WhatsApp</span>
</div>
</div>
</a></div></div></div></div></div></div><div class=""p-zqp4850 pagelayer-inner_row pagelayer-row-stretch-auto pagelayer-height-default"" pagelayer-id=""zqp4850"">
<style pagelayer-style-id=""zqp4850"">.p-zqp4850 .pagelayer-col-holder{padding: 10px}
.p-zqp4850 > .pagelayer-background-overlay{-webkit-transition: all 400ms !important; transition: all 400ms !important}
.p-zqp4850 .pagelayer-svg-top .pagelayer-shape-fill{fill:#227bc3}
.p-zqp4850 .pagelayer-row-svg .pagelayer-svg-top{width:100%;height:100px}
.p-zqp4850 .pagelayer-svg-bottom .pagelayer-shape-fill{fill:#e44993}
.p-zqp4850 .pagelayer-row-svg .pagelayer-svg-bottom{width:100%;height:100px}
</style>
<div class=""pagelayer-row-holder pagelayer-row pagelayer-auto pagelayer-width-auto""><div class=""p-q725202 pagelayer-col pagelayer-col-2"" pagelayer-id=""q725202"">
<style pagelayer-style-id=""q725202"">.p-q725202{align-content: center !important}
.p-q725202 .pagelayer-col-holder > div:not(:last-child){margin-bottom: 15px}
.p-q725202 > .pagelayer-background-overlay{-webkit-transition: all 400ms !important; transition: all 400ms !important}
</style>
<div class=""pagelayer-col-holder""><div class=""p-55r4448 pagelayer-post_nav"" pagelayer-id=""55r4448"">
<style pagelayer-style-id=""55r4448"">.p-55r4448 .pagelayer-post-nav-link{color:#adb5bd;font-family:  !important; font-size: 15px !important; font-style:  !important; font-weight:  !important; font-variant:  !important; text-decoration-line:  !important; text-decoration-style:  !important; line-height: em !important; text-transform:  !important; letter-spacing: px !important; word-spacing: px !important}
.p-55r4448 .pagelayer-post-nav-title{color:#000000;font-family:  !important; font-size: 18px !important; font-style:  !important; font-weight: bold !important; font-variant:  !important; text-decoration-line:  !important; text-decoration-style: Solid !important; line-height: em !important; text-transform:  !important; letter-spacing: px !important; word-spacing: px !important}
.p-55r4448 .pagelayer-post-nav-icon{color:#adb5bd;font-size:30px}
.p-55r4448 .pagelayer-post-nav-separator{display:none}
@media (max-width: 768px) and (min-width: 501px){.p-55r4448 .pagelayer-post-nav-link{font-family:  !important; font-size: 12px !important; font-style:  !important; font-weight:  !important; font-variant:  !important; text-decoration-line:  !important; text-decoration-style: Solid !important; line-height: em !important; text-transform:  !important; letter-spacing: px !important; word-spacing: px !important}
.p-55r4448 .pagelayer-post-nav-title{font-family:  !important; font-size: 15px !important; font-style:  !important; font-weight:  !important; font-variant:  !important; text-decoration-line:  !important; text-decoration-style: Solid !important; line-height: em !important; text-transform:  !important; letter-spacing: px !important; word-spacing: px !important}
}
@media (max-width: 500px){.p-55r4448 .pagelayer-post-nav-link{font-family:  !important; font-size: 12px !important; font-style:  !important; font-weight:  !important; font-variant:  !important; text-decoration-line:  !important; text-decoration-style: Solid !important; line-height: em !important; text-transform:  !important; letter-spacing: px !important; word-spacing: px !important}
.p-55r4448 .pagelayer-post-nav-title{font-family:  !important; font-size: 12px !important; font-style:  !important; font-weight:  !important; font-variant:  !important; text-decoration-line:  !important; text-decoration-style: Solid !important; line-height: em !important; text-transform:  !important; letter-spacing: px !important; word-spacing: px !important}
}
</style><div class=""pagelayer-post-nav-container"">
<div class=""pagelayer-prev-post"">
<a href=""https://almuftionline.com/2020/10/13/2885/"" rel=""prev""><span class=""pagelayer-post-nav-icon fa fa-chevron-left""></span>
<span class=""pagelayer-next-holder"">
<span class=""pagelayer-post-nav-link""> Previous</span><span class=""pagelayer-post-nav-title"">بیٹوں کوزمین ہبہ کرنے سے ترکہ میں ان کاحصہ ختم ہوجاتاہے؟</span>
</span></a>
</div>
<div class=""pagelayer-post-nav-separator""></div>
<div class=""pagelayer-next-post"">
<a href=""https://almuftionline.com/2020/10/14/2884/"" rel=""next""><span class=""pagelayer-next-holder"">
<span class=""pagelayer-post-nav-link""> Next</span><span class=""pagelayer-post-nav-title"">مرحوم کی طرف سے ہبہ شدہ زمین میں دوسرے بھائی کاحصہ مانگنا</span>
</span>
<span class=""pagelayer-post-nav-icon fa fa-chevron-right""></span></a>
</div>
</div></div></div></div></div></div></div>"
2020-10-13,https://almuftionline.com/2020/10/13/2885/,بیٹوں کوزمین ہبہ کرنے سے ترکہ میں ان کاحصہ ختم ہوجاتاہے؟,"<p> کیافرماتے ہیں مفتیان کرام اس بارے میں کہ ہم چھ بھائی اورچاربہنیں ہیں،والدصاحب حیا ت ہے،والدصاحب نے اپنے چاربیٹوں کواپنی جائیداد میں سے ایک عددفلیٹ دیدیاہے اورباقی دوبیٹوں میں سے ہرایک کو دس لاکھ روپے دینے کاوعدہ کیاہے۔</p><p><span dir=""RTL"">بقیہ جائیداد جوکہ کھیتی باڑی یعنی زمینداری ہے وہ والدصاحب کے نام ہے،پوچھنایہ ہے کہ والدصاحب کی وفات کے بعدبیٹوں کاجائیداد میں حصہ ہے یانہیں؟</span></p>","<h4 class=""has-text-align-center"">اَلجَوَابْ بِاسْمِ مُلْہِمِ الصَّوَابْ

</h4><p>زندگی میں اپنے بیٹوں اوربیٹیوں کوہبہ دینے کے حوالہ سے شرعی تعلیم یہ ہے کہ اپنی تمام اولاد میں برابری کرتے ہوئے سب کواپنی ملکیت میں سےبرابر یاکم ازکم ہرلڑکی کولڑکے کے مقابلے میں نصف دیاجائے،صرف لڑکوں کو ہبہ کرنا  اور لڑکیوں کومکمل محروم کرنا شرعاً درست اقدام نہیں اوریہ گناہ ہے ، لہذاوالدکوچاہیے کہ وہ لڑکیوں کوبھی کچھ دے۔</p><p>والد کاچاربیٹوں کوایک فلیٹ دینا  شرعی طورپرہبہ کہلاتاہے،جس میں تفصیل یہ ہے کہ اگر یہ  فلیٹ قابل تقسیم ہےیعنی اس کی حسی تقسیم کے بعد بھی ہرشریک کے لئے قابل استعمال رہتاہے اوروالدنے كمرے تقسیم كئے بغیر چاروں بیٹوں کوہبہ کردیا توایسی صورت میں یہ ہبہ درست نہیں ہوااورمذکورہ فلیٹ والد کی ملکیت ہی شمارہوگااوراگرتقسیم کرکے  دیاہے یایہ فلیٹ قابل تقسیم ہی نہیں  یعنی تقسیم کی صورت  میں اس سے کام نہیں لیاجاسکتاتوایسی صورت میں قبضہ کے ساتھ ہبہ مکمل ہوگیا ہے۔</p><p>والدصاحب کی وفات کی صورت میں تمام ورثہ یعنی بہن بھائی وغیرہ ترکہ میں اپنے حصوں کے مطابق حق دارہوں گے،زندگی میں والدکی طرف سے ہبہ ملنے کی وجہ سے کوئی بیٹایابیٹی محروم نہیں ہوتاہے۔</p><h6 class=""has-text-align-right"">حوالہ جات</h6><div style=""direction: rtl;font-family: Amiri;
    
     font-size: 13px; font-weight: 400;""><p>فی خلاصة الفتاوی ج: 4ص: <span dir=""LTR"">400</span></p>
<p><span dir=""LTR"">”</span>رجل لہ ابن وبنت اراد ان یھب لھما فالافضل ان یجعل للذکرمثل حظ الانثیین عندمحمد وعند ابی یوسف رحمہ اللہ بینھماسواء ھو المختارلورود الآثار.<span dir=""LTR""> “</span></p>
<p>وفی رد المحتار (ج 24 / ص 42):</p>
<p><span dir=""LTR"">”</span>وفي الخانية لا بأس بتفضيل بعض الأولاد في المحبة لأنها عمل القلب ، وكذا في العطايا إن لم يقصد به الإضرار ، وإن قصده فسوى بينهم يعطي البنت كالابن عند الثاني وعليه الفتوى ولو وهب في صحته كل المال للولد جاز وأثم.<span dir=""LTR""> “</span></p>
<p>وفی رد المحتار (ج 24 / ص 42)<span dir=""LTR"">:</span></p>
<p><span dir=""LTR"">”</span>( قوله وعليه الفتوى ) أي على قول أبي يوسف : من أن التنصيف بين الذكر والأنثى أفضل من التثليث الذي هو قول محمد رملي.<span dir=""LTR""> “</span></p>
<p>وفی تبيين الحقائق شرح كنز الدقائق (ج 14 / ص 282)<span dir=""LTR"">:</span></p>
<p>قال علماؤنا<span dir=""LTR"">:</span> هبة المشاع فيما يحتمل القسمة لا تتم ولا تفيد الملك قبل القسمة<span dir=""LTR"">.</span></p>
<p>وفی  رد المحتار (ج 6 / ص 261):</p>
<p>هبة المشاع فيما يقسم لا تفيد الملك عند أبي حنيفة، وفي القهستاني: لا تفيد الملك، وهو المختار كما في المضمرات، وهذا مروي عن أبي حنيفة وهو الصحيح<span dir=""LTR"">.</span></p>
</div><p>۔۔</p><h6 class=""has-text-align-center"">
واللہ سبحانہ وتعالی اعلم
</h6><figure class=""wp-block-table""><table><tbody><tr><td><h3>مجیب</h3></td><td>محمد اویس صاحب</td><td><h3>مفتیان</h3></td><td>سیّد عابد شاہ صاحب / سعید احمد حسن صاحب</td></tr></tbody></table></figure>",70264,jameya-tur-rasheed,میراث کے مسائل,میراث کے متفرق مسائل,"<div class=""pagelayer-col-holder""><div class=""p-kgd1425 pagelayer-post_excerpt"" pagelayer-id=""kgd1425"">
<style pagelayer-style-id=""kgd1425"">.p-kgd1425 .pagelayer-post-excerpt{color:#adb5bd;font-family: ; font-size: 15px !important; font-style: Italic !important; font-weight: 500 !important; font-variant:  !important; text-decoration-line:  !important; text-decoration-style:  !important; line-height: 1.5em !important; text-transform:  !important; letter-spacing: px !important; word-spacing: px !important;margin-top:0px; margin-right:0px; margin-bottom:0px; margin-left:0px}
.p-kgd1425{text-align: left;margin-top: 0px; margin-right: 0px; margin-bottom: 0px; margin-left: 0px;padding-top: 0px; padding-right: 0px; padding-bottom: 0px; padding-left: 0px}
</style></div><div class=""p-4wb1030 pagelayer-featured_img"" pagelayer-id=""4wb1030"">
<style pagelayer-style-id=""4wb1030"">.p-4wb1030{text-align: center}
.p-4wb1030 img{filter: blur(0px) brightness(100%) contrast(100%) grayscale(0%) hue-rotate(0deg) opacity(100%) saturate(100%);box-shadow: 0px 24px 36px 0px rgba(0,0,0,0.10)  !important;-webkit-transition: all 400ms; transition: all 400ms}
.p-4wb1030 .pagelayer-featured-caption{color: #0986c0}
</style>
<div class=""pagelayer-featured-img""></div>
</div><div class=""p-f8n3612 pagelayer-inner_row pagelayer-row-stretch-auto pagelayer-height-default"" pagelayer-id=""f8n3612"">
<style pagelayer-style-id=""f8n3612"">.p-f8n3612 .pagelayer-col-holder{padding: 10px}
.p-f8n3612 > .pagelayer-background-overlay{-webkit-transition: all 400ms !important; transition: all 400ms !important}
.p-f8n3612 .pagelayer-svg-top .pagelayer-shape-fill{fill:#227bc3}
.p-f8n3612 .pagelayer-row-svg .pagelayer-svg-top{width:100%;height:100px}
.p-f8n3612 .pagelayer-svg-bottom .pagelayer-shape-fill{fill:#e44993}
.p-f8n3612 .pagelayer-row-svg .pagelayer-svg-bottom{width:100%;height:100px}
</style>
<div class=""pagelayer-row-holder pagelayer-row pagelayer-auto pagelayer-width-auto""><div class=""p-i795860 pagelayer-col pagelayer-col-4"" pagelayer-id=""i795860"">
<style pagelayer-style-id=""i795860"">.p-i795860{align-content: center !important}
.p-i795860 .pagelayer-col-holder > div:not(:last-child){margin-bottom: 15px}
.p-i795860 > .pagelayer-background-overlay{-webkit-transition: all 400ms !important; transition: all 400ms !important}
</style>
<div class=""pagelayer-col-holder""><div class=""p-qip3968 pagelayer-post_info"" pagelayer-id=""qip3968"">
<style pagelayer-style-id=""qip3968"">.p-qip3968 .pagelayer-post-info-vertical .pagelayer-post-info-list-container{margin-right:25px}
.p-qip3968 .pagelayer-post-info-horizontal .pagelayer-post-info-list-container{margin-bottom:25px}
.p-qip3968 .pagelayer-post-info-container{text-align:right}
.p-qip3968 .pagelayer-post-info-icon span{font-size:120%;color:#495057}
.p-qip3968 .pagelayer-post-info-list-container a{font-family: Roboto !important; font-size: 14px !important; font-style:  !important; font-weight: 500 !important; font-variant:  !important; text-decoration-line:  !important; text-decoration-style:  !important; line-height: 1.6em !important; text-transform:  !important; letter-spacing: px !important; word-spacing: px !important}
.p-qip3968 .pagelayer-post-info-label{color:#495057}
.p-qip3968 .pagelayer-post-info-label a{color:#495057}
.p-qip3968 .pagelayer-post-info-label:hover{color:#000000}
.p-qip3968 .pagelayer-post-info-label:hover a{color:#000000}
</style><div class=""pagelayer-post-info-container pagelayer-post-info-vertical""><div class=""p-xj43574 pagelayer-post_info_list"" pagelayer-id=""xj43574"">
<div class=""pagelayer-post-info-list-container"">
<a class=""pagelayer-post-info-list-link"" href=""https://almuftionline.com/2020/10/13/"">
<span class=""pagelayer-post-info-icon"">
<span class=""far fa-clock""></span>
</span>
<span class=""pagelayer-post-info-label pagelayer-date"">اکتوبر 13, 2020</span>
</a>
</div></div></div></div></div></div><div class=""p-t2j1983 pagelayer-col pagelayer-col-7"" pagelayer-id=""t2j1983"">
<style pagelayer-style-id=""t2j1983"">.p-t2j1983{align-content: center !important}
.p-t2j1983 .pagelayer-col-holder > div:not(:last-child){margin-bottom: 15px}
.p-t2j1983 > .pagelayer-background-overlay{-webkit-transition: all 400ms !important; transition: all 400ms !important}
</style>
<div class=""pagelayer-col-holder""><div class=""p-dbq3916 pagelayer-post_info"" pagelayer-id=""dbq3916"">
<style pagelayer-style-id=""dbq3916"">.p-dbq3916 .pagelayer-post-info-container{text-align:right}
.p-dbq3916 .pagelayer-post-info-icon span{font-size:120%;color:#495057}
.p-dbq3916 .pagelayer-post-info-list-container a{font-family: Roboto !important; font-size: 14px !important; font-style:  !important; font-weight: 500 !important; font-variant:  !important; text-decoration-line:  !important; text-decoration-style:  !important; line-height: 1.6em !important; text-transform:  !important; letter-spacing: px !important; word-spacing: px !important}
.p-dbq3916 .pagelayer-post-info-label{color:#0072ff}
.p-dbq3916 .pagelayer-post-info-label a{color:#0072ff}
.p-dbq3916 .pagelayer-terms *{color:#f8952c !important;padding-top:5px; padding-right:10px; padding-bottom:5px; padding-left:10px;margin-top:0px; margin-right:5px; margin-bottom:0px; margin-left:5px;border-radius: 4px 4px 4px 4px; -webkit-border-radius:  4px 4px 4px 4px;-moz-border-radius: 4px 4px 4px 4px}
.p-dbq3916{padding-top: 0px; padding-right: 0px; padding-bottom: 0px; padding-left: 0px}
@media (max-width: 768px) and (min-width: 501px){.p-dbq3916 .pagelayer-post-info-container{text-align:left}
}
@media (max-width: 500px){.p-dbq3916 .pagelayer-post-info-container{text-align:left}
}
</style><div class=""pagelayer-post-info-container pagelayer-post-info-vertical""><div class=""p-wpv7212 pagelayer-post_info_list"" pagelayer-id=""wpv7212"">
<div class=""pagelayer-post-info-list-container"">
<span class=""pagelayer-post-info-icon"">
</span>
<span class=""pagelayer-post-info-label pagelayer-terms""> <a href=""https://almuftionline.com/category/fatwa/53/""> میراث کے مسائل </a></span>
</div></div></div></div></div></div></div></div><div class=""p-trw3096 pagelayer-inner_row pagelayer-row-stretch-auto pagelayer-height-default"" pagelayer-id=""trw3096"">
<style pagelayer-style-id=""trw3096"">.p-trw3096 .pagelayer-col-holder{padding: 10px}
.p-trw3096 > .pagelayer-background-overlay{-webkit-transition: all 400ms !important; transition: all 400ms !important}
.p-trw3096 .pagelayer-svg-top .pagelayer-shape-fill{fill:#227bc3}
.p-trw3096 .pagelayer-row-svg .pagelayer-svg-top{width:100%;height:100px}
.p-trw3096 .pagelayer-svg-bottom .pagelayer-shape-fill{fill:#e44993}
.p-trw3096 .pagelayer-row-svg .pagelayer-svg-bottom{width:100%;height:100px}
</style>
<div class=""pagelayer-row-holder pagelayer-row pagelayer-auto pagelayer-width-auto""><div class=""p-wwu6541 pagelayer-col pagelayer-col-2"" pagelayer-id=""wwu6541"">
<style pagelayer-style-id=""wwu6541"">.p-wwu6541{align-content: center !important}
.p-wwu6541 .pagelayer-col-holder > div:not(:last-child){margin-bottom: 15px}
.p-wwu6541 > .pagelayer-background-overlay{-webkit-transition: all 400ms !important; transition: all 400ms !important}
</style>
<div class=""pagelayer-col-holder""><div class=""p-ccj4284 pagelayer-post_content"" pagelayer-id=""ccj4284"">
<style pagelayer-style-id=""ccj4284"">.p-ccj4284{text-align: right}
</style><div class=""entry-content pagelayer-post-excerpt""><figure class=""wp-block-table""><table><tbody><tr><td>70264</td><td>میراث کے مسائل</td><td>میراث کے متفرق مسائل</td></tr></tbody></table></figure><div style=""direction:rtl;line-height: 2.5;""><h3 class=""has-text-align-center"">سوال</h3><p> کیافرماتے ہیں مفتیان کرام اس بارے میں کہ ہم چھ بھائی اورچاربہنیں ہیں،والدصاحب حیا ت ہے،والدصاحب نے اپنے چاربیٹوں کواپنی جائیداد میں سے ایک عددفلیٹ دیدیاہے اورباقی دوبیٹوں میں سے ہرایک کو دس لاکھ روپے دینے کاوعدہ کیاہے۔</p>
<p><span dir=""RTL"">بقیہ جائیداد جوکہ کھیتی باڑی یعنی زمینداری ہے وہ والدصاحب کے نام ہے،پوچھنایہ ہے کہ والدصاحب کی وفات کے بعدبیٹوں کاجائیداد میں حصہ ہے یانہیں؟</span></p>
<h4 class=""has-text-align-center"">اَلجَوَابْ بِاسْمِ مُلْہِمِ الصَّوَابْ

</h4><p>زندگی میں اپنے بیٹوں اوربیٹیوں کوہبہ دینے کے حوالہ سے شرعی تعلیم یہ ہے کہ اپنی تمام اولاد میں برابری کرتے ہوئے سب کواپنی ملکیت میں سےبرابر یاکم ازکم ہرلڑکی کولڑکے کے مقابلے میں نصف دیاجائے،صرف لڑکوں کو ہبہ کرنا  اور لڑکیوں کومکمل محروم کرنا شرعاً درست اقدام نہیں اوریہ گناہ ہے ، لہذاوالدکوچاہیے کہ وہ لڑکیوں کوبھی کچھ دے۔</p>
<p>والد کاچاربیٹوں کوایک فلیٹ دینا  شرعی طورپرہبہ کہلاتاہے،جس میں تفصیل یہ ہے کہ اگر یہ  فلیٹ قابل تقسیم ہےیعنی اس کی حسی تقسیم کے بعد بھی ہرشریک کے لئے قابل استعمال رہتاہے اوروالدنے كمرے تقسیم كئے بغیر چاروں بیٹوں کوہبہ کردیا توایسی صورت میں یہ ہبہ درست نہیں ہوااورمذکورہ فلیٹ والد کی ملکیت ہی شمارہوگااوراگرتقسیم کرکے  دیاہے یایہ فلیٹ قابل تقسیم ہی نہیں  یعنی تقسیم کی صورت  میں اس سے کام نہیں لیاجاسکتاتوایسی صورت میں قبضہ کے ساتھ ہبہ مکمل ہوگیا ہے۔</p>
<p>والدصاحب کی وفات کی صورت میں تمام ورثہ یعنی بہن بھائی وغیرہ ترکہ میں اپنے حصوں کے مطابق حق دارہوں گے،زندگی میں والدکی طرف سے ہبہ ملنے کی وجہ سے کوئی بیٹایابیٹی محروم نہیں ہوتاہے۔</p>
</div><h6 class=""has-text-align-right"">حوالہ جات</h6><div style=""direction: rtl;font-family: Amiri;
    
     font-size: 13px; font-weight: 400;""><p>فی خلاصة الفتاوی ج: 4ص: <span dir=""LTR"">400</span></p>
<p><span dir=""LTR"">”</span>رجل لہ ابن وبنت اراد ان یھب لھما فالافضل ان یجعل للذکرمثل حظ الانثیین عندمحمد وعند ابی یوسف رحمہ اللہ بینھماسواء ھو المختارلورود الآثار.<span dir=""LTR""> “</span></p>
<p>وفی رد المحتار (ج 24 / ص 42):</p>
<p><span dir=""LTR"">”</span>وفي الخانية لا بأس بتفضيل بعض الأولاد في المحبة لأنها عمل القلب ، وكذا في العطايا إن لم يقصد به الإضرار ، وإن قصده فسوى بينهم يعطي البنت كالابن عند الثاني وعليه الفتوى ولو وهب في صحته كل المال للولد جاز وأثم.<span dir=""LTR""> “</span></p>
<p>وفی رد المحتار (ج 24 / ص 42)<span dir=""LTR"">:</span></p>
<p><span dir=""LTR"">”</span>( قوله وعليه الفتوى ) أي على قول أبي يوسف : من أن التنصيف بين الذكر والأنثى أفضل من التثليث الذي هو قول محمد رملي.<span dir=""LTR""> “</span></p>
<p>وفی تبيين الحقائق شرح كنز الدقائق (ج 14 / ص 282)<span dir=""LTR"">:</span></p>
<p>قال علماؤنا<span dir=""LTR"">:</span> هبة المشاع فيما يحتمل القسمة لا تتم ولا تفيد الملك قبل القسمة<span dir=""LTR"">.</span></p>
<p>وفی  رد المحتار (ج 6 / ص 261):</p>
<p>هبة المشاع فيما يقسم لا تفيد الملك عند أبي حنيفة، وفي القهستاني: لا تفيد الملك، وهو المختار كما في المضمرات، وهذا مروي عن أبي حنيفة وهو الصحيح<span dir=""LTR"">.</span></p>
</div><p>۔۔</p>
<h6 class=""has-text-align-center"">
واللہ سبحانہ وتعالی اعلم
</h6><figure class=""wp-block-table""><table><tbody><tr><td><h3>مجیب</h3></td><td>محمد اویس صاحب</td><td><h3>مفتیان</h3></td><td>سیّد عابد شاہ صاحب / سعید احمد حسن صاحب</td></tr></tbody></table></figure></div></div></div></div></div></div><div class=""p-wl6689 pagelayer-inner_row pagelayer-row-stretch-auto pagelayer-height-default"" pagelayer-id=""wl6689"">
<style pagelayer-style-id=""wl6689"">.p-wl6689 .pagelayer-col-holder{padding: 10px}
.p-wl6689 > .pagelayer-background-overlay{-webkit-transition: all 400ms !important; transition: all 400ms !important}
.p-wl6689 .pagelayer-svg-top .pagelayer-shape-fill{fill:#227bc3}
.p-wl6689 .pagelayer-row-svg .pagelayer-svg-top{width:100%;height:100px}
.p-wl6689 .pagelayer-svg-bottom .pagelayer-shape-fill{fill:#e44993}
.p-wl6689 .pagelayer-row-svg .pagelayer-svg-bottom{width:100%;height:100px}
</style>
<div class=""pagelayer-row-holder pagelayer-row pagelayer-auto pagelayer-width-auto""><div class=""p-jzl6522 pagelayer-col pagelayer-col-6"" pagelayer-id=""jzl6522"">
<style pagelayer-style-id=""jzl6522"">.p-jzl6522{align-content: center !important}
.p-jzl6522 .pagelayer-col-holder > div:not(:last-child){margin-bottom: 15px}
.p-jzl6522 > .pagelayer-background-overlay{-webkit-transition: all 400ms !important; transition: all 400ms !important}
</style>
<div class=""pagelayer-col-holder""><div class=""p-xsb5673 pagelayer-share_grp pagelayer-share-type-icon-label pagelayer-social-bg-none pagelayer-scheme-official"" pagelayer-id=""xsb5673"">
<style pagelayer-style-id=""xsb5673"">.p-xsb5673{text-align: right}
.p-xsb5673 .pagelayer-share-content{min-height: 35px;-webkit-transition: all 400ms; transition: all 400ms}
.p-xsb5673 i{font-size: 27px}
.p-xsb5673 .pagelayer-icon-holder{font-size: 27px}
.p-xsb5673 .pagelayer-share-content i{-webkit-transition: all 400ms; transition: all 400ms}
.p-xsb5673 .pagelayer-icon-name{font-family: Roboto; font-size: 15px !important; font-style:  !important; font-weight: 500 !important; font-variant:  !important; text-decoration-line:  !important; text-decoration-style:  !important; line-height: em !important; text-transform:  !important; letter-spacing: px !important; word-spacing: px !important}
@media (max-width: 768px) and (min-width: 501px){.p-xsb5673{text-align: left}
.p-xsb5673 .pagelayer-share{padding-top: 10px; padding-bottom: 10px;padding-left: 10px; padding-right: 10px}
.p-xsb5673 i{font-size: 20px}
.p-xsb5673 .pagelayer-icon-holder{font-size: 20px}
.p-xsb5673 .pagelayer-icon-name{font-family: ; font-size: 13px !important; font-style:  !important; font-weight:  !important; font-variant:  !important; text-decoration-line:  !important; text-decoration-style:  !important; line-height: em !important; text-transform:  !important; letter-spacing: px !important; word-spacing: px !important}
}
@media (max-width: 500px){.p-xsb5673{text-align: left}
.p-xsb5673 .pagelayer-share{padding-top: 10px; padding-bottom: 10px;padding-left: 10px; padding-right: 10px}
.p-xsb5673 .pagelayer-share-content{min-height: NaNpx}
.p-xsb5673 i{font-size: 20px}
.p-xsb5673 .pagelayer-icon-holder{font-size: 20px}
.p-xsb5673 .pagelayer-icon-name{font-family: ; font-size: 13px !important; font-style:  !important; font-weight:  !important; font-variant:  !important; text-decoration-line:  !important; text-decoration-style:  !important; line-height: em !important; text-transform:  !important; letter-spacing: px !important; word-spacing: px !important}
}
</style><div class=""p-9mh2934 pagelayer-share"" pagelayer-id=""9mh2934"">
<a class=""pagelayer-ele-link"" href=""https://www.facebook.com/sharer/sharer.php?u=almuftionline.com/2020/10/13/2885/"" target=""_blank"" title=""fab fa-facebook-square"">
<div class=""pagelayer-share-content pagelayer-facebook-square"" data-icon=""fab fa-facebook-square"">
<div class=""pagelayer-icon-holder pagelayer-share-buttons"">
<i class=""pagelayer-social-fa fab fa-facebook-square""></i>
</div>
<div class=""pagelayer-icon-name"">
<span class=""pagelayer-icon-name-span"">Facebook</span>
</div>
</div>
</a></div><div class=""p-rai4926 pagelayer-share"" pagelayer-id=""rai4926"">
<a class=""pagelayer-ele-link"" href=""https://twitter.com/share?url=almuftionline.com/2020/10/13/2885/"" target=""_blank"" title=""fab fa-twitter-square"">
<div class=""pagelayer-share-content pagelayer-twitter-square"" data-icon=""fab fa-twitter-square"">
<div class=""pagelayer-icon-holder pagelayer-share-buttons"">
<i class=""pagelayer-social-fa fab fa-twitter-square""></i>
</div>
<div class=""pagelayer-icon-name"">
<span class=""pagelayer-icon-name-span"">Twitter</span>
</div>
</div>
</a></div><div class=""p-ndy3728 pagelayer-share"" pagelayer-id=""ndy3728"">
<a class=""pagelayer-ele-link"" href=""whatsapp://send?text=almuftionline.com/2020/10/13/2885/"" target=""_blank"" title=""fab fa-whatsapp"">
<div class=""pagelayer-share-content pagelayer-whatsapp"" data-icon=""fab fa-whatsapp"">
<div class=""pagelayer-icon-holder pagelayer-share-buttons"">
<i class=""pagelayer-social-fa fab fa-whatsapp""></i>
</div>
<div class=""pagelayer-icon-name"">
<span class=""pagelayer-icon-name-span"">WhatsApp</span>
</div>
</div>
</a></div></div></div></div></div></div><div class=""p-zqp4850 pagelayer-inner_row pagelayer-row-stretch-auto pagelayer-height-default"" pagelayer-id=""zqp4850"">
<style pagelayer-style-id=""zqp4850"">.p-zqp4850 .pagelayer-col-holder{padding: 10px}
.p-zqp4850 > .pagelayer-background-overlay{-webkit-transition: all 400ms !important; transition: all 400ms !important}
.p-zqp4850 .pagelayer-svg-top .pagelayer-shape-fill{fill:#227bc3}
.p-zqp4850 .pagelayer-row-svg .pagelayer-svg-top{width:100%;height:100px}
.p-zqp4850 .pagelayer-svg-bottom .pagelayer-shape-fill{fill:#e44993}
.p-zqp4850 .pagelayer-row-svg .pagelayer-svg-bottom{width:100%;height:100px}
</style>
<div class=""pagelayer-row-holder pagelayer-row pagelayer-auto pagelayer-width-auto""><div class=""p-q725202 pagelayer-col pagelayer-col-2"" pagelayer-id=""q725202"">
<style pagelayer-style-id=""q725202"">.p-q725202{align-content: center !important}
.p-q725202 .pagelayer-col-holder > div:not(:last-child){margin-bottom: 15px}
.p-q725202 > .pagelayer-background-overlay{-webkit-transition: all 400ms !important; transition: all 400ms !important}
</style>
<div class=""pagelayer-col-holder""><div class=""p-55r4448 pagelayer-post_nav"" pagelayer-id=""55r4448"">
<style pagelayer-style-id=""55r4448"">.p-55r4448 .pagelayer-post-nav-link{color:#adb5bd;font-family:  !important; font-size: 15px !important; font-style:  !important; font-weight:  !important; font-variant:  !important; text-decoration-line:  !important; text-decoration-style:  !important; line-height: em !important; text-transform:  !important; letter-spacing: px !important; word-spacing: px !important}
.p-55r4448 .pagelayer-post-nav-title{color:#000000;font-family:  !important; font-size: 18px !important; font-style:  !important; font-weight: bold !important; font-variant:  !important; text-decoration-line:  !important; text-decoration-style: Solid !important; line-height: em !important; text-transform:  !important; letter-spacing: px !important; word-spacing: px !important}
.p-55r4448 .pagelayer-post-nav-icon{color:#adb5bd;font-size:30px}
.p-55r4448 .pagelayer-post-nav-separator{display:none}
@media (max-width: 768px) and (min-width: 501px){.p-55r4448 .pagelayer-post-nav-link{font-family:  !important; font-size: 12px !important; font-style:  !important; font-weight:  !important; font-variant:  !important; text-decoration-line:  !important; text-decoration-style: Solid !important; line-height: em !important; text-transform:  !important; letter-spacing: px !important; word-spacing: px !important}
.p-55r4448 .pagelayer-post-nav-title{font-family:  !important; font-size: 15px !important; font-style:  !important; font-weight:  !important; font-variant:  !important; text-decoration-line:  !important; text-decoration-style: Solid !important; line-height: em !important; text-transform:  !important; letter-spacing: px !important; word-spacing: px !important}
}
@media (max-width: 500px){.p-55r4448 .pagelayer-post-nav-link{font-family:  !important; font-size: 12px !important; font-style:  !important; font-weight:  !important; font-variant:  !important; text-decoration-line:  !important; text-decoration-style: Solid !important; line-height: em !important; text-transform:  !important; letter-spacing: px !important; word-spacing: px !important}
.p-55r4448 .pagelayer-post-nav-title{font-family:  !important; font-size: 12px !important; font-style:  !important; font-weight:  !important; font-variant:  !important; text-decoration-line:  !important; text-decoration-style: Solid !important; line-height: em !important; text-transform:  !important; letter-spacing: px !important; word-spacing: px !important}
}
</style><div class=""pagelayer-post-nav-container"">
<div class=""pagelayer-prev-post"">
<a href=""https://almuftionline.com/2020/10/13/2849/"" rel=""prev""><span class=""pagelayer-post-nav-icon fa fa-chevron-left""></span>
<span class=""pagelayer-next-holder"">
<span class=""pagelayer-post-nav-link""> Previous</span><span class=""pagelayer-post-nav-title"">یوٹیوب سے کمائی کا حکم</span>
</span></a>
</div>
<div class=""pagelayer-post-nav-separator""></div>
<div class=""pagelayer-next-post"">
<a href=""https://almuftionline.com/2020/10/13/2990/"" rel=""next""><span class=""pagelayer-next-holder"">
<span class=""pagelayer-post-nav-link""> Next</span><span class=""pagelayer-post-nav-title"">تم مجھ سے طلاق لے لو،تم میری طرف سے آزاد ہو پوری طرح</span>
</span>
<span class=""pagelayer-post-nav-icon fa fa-chevron-right""></span></a>
</div>
</div></div></div></div></div></div></div>"
2020-10-13,https://almuftionline.com/2020/10/13/2849/,یوٹیوب سے کمائی کا حکم,<p>کیا یو ٹیوب کی کمائی جائز ہے؟ میں یو ٹیوب پر ایک چینل بنانا چاہتا ہوں جس میں بارہویں جماعت اور داخلہ امتحانات میں ریاضی کے متعلق سمجھانا چاہتا ہوں۔ کیا یہ جائز ہے؟</p><p>تنقیح: سائل نے بذریعہ فون بتایا کہ وہ مونیٹائزیشن (اشتہارات لگوانے) کے ذریعے کمائی کرنا چاہتا ہے۔</p>,"<h4 class=""has-text-align-center"">اَلجَوَابْ بِاسْمِ مُلْہِمِ الصَّوَابْ

</h4><p>یوٹیوب پر مونیٹائزیشن (اشتہارات لگانے) کا عمل گوگل ایڈ سینس کے ذریعے ہوتا ہے۔ گوگل ویڈیو مالک سے اس کے چینل یا ویڈیو پر جگہ اجارے پر لیتا ہے اور اس کی اجرت اسے ادا کرتا ہے۔ اس میں تین طرح کے اشتہارات ہوتے ہیں: تحریری، تصویری اور ویڈیو۔ ان کی کمائی کی تفصیل مندرجہ ذیل ہے:</p><p><strong>تحریری و تصویری اشتہارات:</strong></p><p>تحریری و تصویری اشتہارات سے حاصل ہونے والی آمدن تین شرائط کے ساتھ جائز ہے:</p><p><!--[if !supportLists]-->1.     <!--[endif]-->جس کاروبار کا اشتہار ہے وہ کاروبار جائز ہو۔ لہذا ان کیٹگریز کو فلٹر کر دیا جائے جو شرعاً جائز نہیں ہیں۔</p><p><!--[if !supportLists]-->2.     <!--[endif]-->گوگل ایڈسینس اور ویب سائٹ کے مالک کے درمیان طے شدہ شرائط پر مکمل عمل کیا جائے اور ایسا کوئی فعل نہ کیا جائے جو معاہدے کے خلاف ہو۔</p><p><!--[if !supportLists]-->3.     <!--[endif]-->کسی جائز پراڈکٹ کے اشتہار میں اگر گوگل کی طرف سے کوئی ناجائز مواد مثلاً فحش تصویر وغیرہ شامل کر دی جائے اور اس میں ویب سائٹ کے مالک کی اجازت یا رضامندی شامل نہ ہو تو مالک اس کا ذمہ دار نہ ہوگا۔ لہذا اگر کیٹگریز فلٹر کرنے کے باوجود کوئی ایسا اشتہار لگ جائے جو کسی ناجائز کاروبار کی جانب لے جا رہا ہو یا ناجائز مواد (مثلاً نامحرم کی تصاویر) پر مشتمل ہو  تو اس کا گناہ ویب سائٹ مالک کو نہیں ہوگا۔ البتہ ایڈ ریویو سینٹر میں اشتہارات کا جائزہ لے کر ناجائز اشتہارات کی آمدن صدقہ کر دی جائے۔</p><p><strong>ویڈیو اشتہارات:</strong></p><p>جو اشتہارات ویڈیو کی شکل میں ہوں ان کی آمدن مندرجہ ذیل شرائط کے ساتھ جائز ہے:</p><p><!--[if !supportLists]-->1.     <!--[endif]-->جس کاروبار کا اشتہار ہے وہ کاروبار جائز ہو۔ لہذا ان کیٹگریز کو فلٹر کر دیا جائے جو شرعاً جائز نہیں ہیں۔</p><p><!--[if !supportLists]-->2.     <!--[endif]-->گوگل ایڈسینس اور ویب سائٹ کے مالک کے درمیان طے شدہ شرائط پر مکمل عمل کیا جائے اور ایسا کوئی فعل نہ کیا جائے جو معاہدے کے خلاف ہو۔</p><p><!--[if !supportLists]-->3.     <!--[endif]-->کسی جائز پراڈکٹ کے اشتہار میں اگر گوگل کی طرف سے کوئی ناجائز مواد مثلاً فحش تصویر وغیرہ شامل کر دی جائے اور اس میں ویڈیو یا چینل کے مالک کی اجازت یا رضامندی شامل نہ ہو تو مالک اس کا ذمہ دار نہ ہوگا۔ لہذا اگر کیٹگریز فلٹر کرنے کے باوجود کوئی ایسا اشتہار لگ جائے جو کسی ناجائز کاروبار کی جانب لے جا رہا ہو یا ناجائز مواد (مثلاً نامحرم کی تصاویر) پر مشتمل ہو  تو اس کا گناہ ویڈیو مالک کو نہیں ہوگا۔ البتہ ایڈ ریویو سینٹر میں اشتہارات کا جائزہ لے کر ناجائز اشتہارات کی آمدن صدقہ کر دی جائے۔</p><p><span dir=""RTL"">بیک گراؤنڈ میوزک تکنیکی لحاظ سے ویڈیو سے الگ چیز ہے جسے ویڈیو میں خوبصورتی پیدا کرنے کے لیے ساتھ لگایا جاتا ہے۔ ویب سائٹ یا ویڈیو کا مالک گوگل ایڈسینس کو ویڈیو لگانے کے لیے اجارے کے طور پر جگہ دیتا ہے ، بیک گراؤنڈ میوزک لگانے کے لیےنہیں دیتا۔ لہذا اگر اشتہار کا مواد اور بنیادی کاروبار جائز ہو لیکن اس کے بیک گراؤنڈ میں میوزک ہو تو مالک پر لازم ہے کہ اولاً بذریعہ ای میل یا کسی اور طریقے سے صراحتاً گوگل کو میوزک  نہ لگانے کا کہے۔ اگر گوگل میوزک نہیں ہٹاتا  تو مالک اپنے چینل یا ویڈیو میں یہ تحریر کر دے کہ اشتہار کے وقت آواز بند کر دی جائے۔ اس کے باوجود اگر کوئی شخص آواز بند نہیں کرتا تو اس کا گناہ مالک کو نہیں ہوگا اور اس کی آمدن جائز ہوگی۔</span></p><h6 class=""has-text-align-right"">حوالہ جات</h6><div style=""direction: rtl;font-family: Amiri;
    
     font-size: 13px; font-weight: 400;""><p>""وإذا استأجر الذمي من المسلم دارا يسكنها فلا بأس بذلك، وإن شرب فيها الخمر أو عبد فيها الصليب أو أدخل فيها الخنازير ولم يلحق المسلم في ذلك بأس لأن المسلم لا يؤاجرها لذلك إنما آجرها للسكنى. كذا في المحيط.""</p>
<p>(الفتاوی الھندیۃ، 4/450، ط: دار الفکر)</p>
<p> </p>
<p>قال الحصكفيؒ: "" (و) جاز (إجارة بيت بسواد الكوفة) أي قراها (لا بغيرها على الأصح) وأما الأمصار وقرى غير الكوفة فلا يمكنون لظهور شعار الإسلام فيها وخص سواد الكوفة، لأن غالب أهلها أهل الذمة (ليتخذ بيت نار أو كنيسة أو بيعة أو يباع فيه الخمر) وقالا لا ينبغي ذلك لأنه إعانة على المعصية وبه قالت الثلاثة زيلعي.""</p>
<p>قال ابن عابدين ؒ: "" (قوله وجاز إجارة بيت إلخ) هذا عنده أيضا لأن الإجارة على منفعة البيت، ولهذا يجب الأجر بمجرد التسليم، ولا معصية فيه وإنما المعصية بفعل المستأجر وهو مختار فينقطع نسبيته عنه، فصار كبيع الجارية ممن لا يستبرئها أو يأتيها من دبر وبيع الغلام من لوطي والدليل عليه أنه لو آجره للسكنى جاز وهو لا بد له من عبادته فيه اهـ زيلعي وعيني ومثله في النهاية والكفاية۔۔۔.""</p>
<p><span dir=""RTL"">(الدر المختار و حاشية ابن عابدين، 6/392، ط: دار الفكر)</span></p>
</div><p>محمد اویس پراچہ     </p><p>دار الافتاء، جامعۃ الرشید</p><p><span dir=""RTL"">تاریخ: 25/ صفر المظفر 1442ھ</span></p><h6 class=""has-text-align-center"">
واللہ سبحانہ وتعالی اعلم
</h6><figure class=""wp-block-table""><table><tbody><tr><td><h3>مجیب</h3></td><td>محمد اویس پراچہ</td><td><h3>مفتیان</h3></td><td>سیّد عابد شاہ صاحب / محمد حسین خلیل خیل صاحب</td></tr></tbody></table></figure>",70283,jameya-tur-rasheed,اجارہ یعنی کرایہ داری اور ملازمت کے احکام و مسائل,کرایہ داری کے جدید مسائل,"<div class=""pagelayer-col-holder""><div class=""p-kgd1425 pagelayer-post_excerpt"" pagelayer-id=""kgd1425"">
<style pagelayer-style-id=""kgd1425"">.p-kgd1425 .pagelayer-post-excerpt{color:#adb5bd;font-family: ; font-size: 15px !important; font-style: Italic !important; font-weight: 500 !important; font-variant:  !important; text-decoration-line:  !important; text-decoration-style:  !important; line-height: 1.5em !important; text-transform:  !important; letter-spacing: px !important; word-spacing: px !important;margin-top:0px; margin-right:0px; margin-bottom:0px; margin-left:0px}
.p-kgd1425{text-align: left;margin-top: 0px; margin-right: 0px; margin-bottom: 0px; margin-left: 0px;padding-top: 0px; padding-right: 0px; padding-bottom: 0px; padding-left: 0px}
</style></div><div class=""p-4wb1030 pagelayer-featured_img"" pagelayer-id=""4wb1030"">
<style pagelayer-style-id=""4wb1030"">.p-4wb1030{text-align: center}
.p-4wb1030 img{filter: blur(0px) brightness(100%) contrast(100%) grayscale(0%) hue-rotate(0deg) opacity(100%) saturate(100%);box-shadow: 0px 24px 36px 0px rgba(0,0,0,0.10)  !important;-webkit-transition: all 400ms; transition: all 400ms}
.p-4wb1030 .pagelayer-featured-caption{color: #0986c0}
</style>
<div class=""pagelayer-featured-img""></div>
</div><div class=""p-f8n3612 pagelayer-inner_row pagelayer-row-stretch-auto pagelayer-height-default"" pagelayer-id=""f8n3612"">
<style pagelayer-style-id=""f8n3612"">.p-f8n3612 .pagelayer-col-holder{padding: 10px}
.p-f8n3612 > .pagelayer-background-overlay{-webkit-transition: all 400ms !important; transition: all 400ms !important}
.p-f8n3612 .pagelayer-svg-top .pagelayer-shape-fill{fill:#227bc3}
.p-f8n3612 .pagelayer-row-svg .pagelayer-svg-top{width:100%;height:100px}
.p-f8n3612 .pagelayer-svg-bottom .pagelayer-shape-fill{fill:#e44993}
.p-f8n3612 .pagelayer-row-svg .pagelayer-svg-bottom{width:100%;height:100px}
</style>
<div class=""pagelayer-row-holder pagelayer-row pagelayer-auto pagelayer-width-auto""><div class=""p-i795860 pagelayer-col pagelayer-col-4"" pagelayer-id=""i795860"">
<style pagelayer-style-id=""i795860"">.p-i795860{align-content: center !important}
.p-i795860 .pagelayer-col-holder > div:not(:last-child){margin-bottom: 15px}
.p-i795860 > .pagelayer-background-overlay{-webkit-transition: all 400ms !important; transition: all 400ms !important}
</style>
<div class=""pagelayer-col-holder""><div class=""p-qip3968 pagelayer-post_info"" pagelayer-id=""qip3968"">
<style pagelayer-style-id=""qip3968"">.p-qip3968 .pagelayer-post-info-vertical .pagelayer-post-info-list-container{margin-right:25px}
.p-qip3968 .pagelayer-post-info-horizontal .pagelayer-post-info-list-container{margin-bottom:25px}
.p-qip3968 .pagelayer-post-info-container{text-align:right}
.p-qip3968 .pagelayer-post-info-icon span{font-size:120%;color:#495057}
.p-qip3968 .pagelayer-post-info-list-container a{font-family: Roboto !important; font-size: 14px !important; font-style:  !important; font-weight: 500 !important; font-variant:  !important; text-decoration-line:  !important; text-decoration-style:  !important; line-height: 1.6em !important; text-transform:  !important; letter-spacing: px !important; word-spacing: px !important}
.p-qip3968 .pagelayer-post-info-label{color:#495057}
.p-qip3968 .pagelayer-post-info-label a{color:#495057}
.p-qip3968 .pagelayer-post-info-label:hover{color:#000000}
.p-qip3968 .pagelayer-post-info-label:hover a{color:#000000}
</style><div class=""pagelayer-post-info-container pagelayer-post-info-vertical""><div class=""p-xj43574 pagelayer-post_info_list"" pagelayer-id=""xj43574"">
<div class=""pagelayer-post-info-list-container"">
<a class=""pagelayer-post-info-list-link"" href=""https://almuftionline.com/2020/10/13/"">
<span class=""pagelayer-post-info-icon"">
<span class=""far fa-clock""></span>
</span>
<span class=""pagelayer-post-info-label pagelayer-date"">اکتوبر 13, 2020</span>
</a>
</div></div></div></div></div></div><div class=""p-t2j1983 pagelayer-col pagelayer-col-7"" pagelayer-id=""t2j1983"">
<style pagelayer-style-id=""t2j1983"">.p-t2j1983{align-content: center !important}
.p-t2j1983 .pagelayer-col-holder > div:not(:last-child){margin-bottom: 15px}
.p-t2j1983 > .pagelayer-background-overlay{-webkit-transition: all 400ms !important; transition: all 400ms !important}
</style>
<div class=""pagelayer-col-holder""><div class=""p-dbq3916 pagelayer-post_info"" pagelayer-id=""dbq3916"">
<style pagelayer-style-id=""dbq3916"">.p-dbq3916 .pagelayer-post-info-container{text-align:right}
.p-dbq3916 .pagelayer-post-info-icon span{font-size:120%;color:#495057}
.p-dbq3916 .pagelayer-post-info-list-container a{font-family: Roboto !important; font-size: 14px !important; font-style:  !important; font-weight: 500 !important; font-variant:  !important; text-decoration-line:  !important; text-decoration-style:  !important; line-height: 1.6em !important; text-transform:  !important; letter-spacing: px !important; word-spacing: px !important}
.p-dbq3916 .pagelayer-post-info-label{color:#0072ff}
.p-dbq3916 .pagelayer-post-info-label a{color:#0072ff}
.p-dbq3916 .pagelayer-terms *{color:#f8952c !important;padding-top:5px; padding-right:10px; padding-bottom:5px; padding-left:10px;margin-top:0px; margin-right:5px; margin-bottom:0px; margin-left:5px;border-radius: 4px 4px 4px 4px; -webkit-border-radius:  4px 4px 4px 4px;-moz-border-radius: 4px 4px 4px 4px}
.p-dbq3916{padding-top: 0px; padding-right: 0px; padding-bottom: 0px; padding-left: 0px}
@media (max-width: 768px) and (min-width: 501px){.p-dbq3916 .pagelayer-post-info-container{text-align:left}
}
@media (max-width: 500px){.p-dbq3916 .pagelayer-post-info-container{text-align:left}
}
</style><div class=""pagelayer-post-info-container pagelayer-post-info-vertical""><div class=""p-wpv7212 pagelayer-post_info_list"" pagelayer-id=""wpv7212"">
<div class=""pagelayer-post-info-list-container"">
<span class=""pagelayer-post-info-icon"">
</span>
<span class=""pagelayer-post-info-label pagelayer-terms""> <a href=""https://almuftionline.com/category/fatwa/29/""> اجارہ یعنی کرایہ داری اور ملازمت کے احکام و مسائل </a></span>
</div></div></div></div></div></div></div></div><div class=""p-trw3096 pagelayer-inner_row pagelayer-row-stretch-auto pagelayer-height-default"" pagelayer-id=""trw3096"">
<style pagelayer-style-id=""trw3096"">.p-trw3096 .pagelayer-col-holder{padding: 10px}
.p-trw3096 > .pagelayer-background-overlay{-webkit-transition: all 400ms !important; transition: all 400ms !important}
.p-trw3096 .pagelayer-svg-top .pagelayer-shape-fill{fill:#227bc3}
.p-trw3096 .pagelayer-row-svg .pagelayer-svg-top{width:100%;height:100px}
.p-trw3096 .pagelayer-svg-bottom .pagelayer-shape-fill{fill:#e44993}
.p-trw3096 .pagelayer-row-svg .pagelayer-svg-bottom{width:100%;height:100px}
</style>
<div class=""pagelayer-row-holder pagelayer-row pagelayer-auto pagelayer-width-auto""><div class=""p-wwu6541 pagelayer-col pagelayer-col-2"" pagelayer-id=""wwu6541"">
<style pagelayer-style-id=""wwu6541"">.p-wwu6541{align-content: center !important}
.p-wwu6541 .pagelayer-col-holder > div:not(:last-child){margin-bottom: 15px}
.p-wwu6541 > .pagelayer-background-overlay{-webkit-transition: all 400ms !important; transition: all 400ms !important}
</style>
<div class=""pagelayer-col-holder""><div class=""p-ccj4284 pagelayer-post_content"" pagelayer-id=""ccj4284"">
<style pagelayer-style-id=""ccj4284"">.p-ccj4284{text-align: right}
</style><div class=""entry-content pagelayer-post-excerpt""><figure class=""wp-block-table""><table><tbody><tr><td>70283</td><td>اجارہ یعنی کرایہ داری اور ملازمت کے احکام و مسائل</td><td>کرایہ داری کے جدید مسائل</td></tr></tbody></table></figure><div style=""direction:rtl;line-height: 2.5;""><h3 class=""has-text-align-center"">سوال</h3><p>کیا یو ٹیوب کی کمائی جائز ہے؟ میں یو ٹیوب پر ایک چینل بنانا چاہتا ہوں جس میں بارہویں جماعت اور داخلہ امتحانات میں ریاضی کے متعلق سمجھانا چاہتا ہوں۔ کیا یہ جائز ہے؟</p>
<p>تنقیح: سائل نے بذریعہ فون بتایا کہ وہ مونیٹائزیشن (اشتہارات لگوانے) کے ذریعے کمائی کرنا چاہتا ہے۔</p>
<h4 class=""has-text-align-center"">اَلجَوَابْ بِاسْمِ مُلْہِمِ الصَّوَابْ

</h4><p>یوٹیوب پر مونیٹائزیشن (اشتہارات لگانے) کا عمل گوگل ایڈ سینس کے ذریعے ہوتا ہے۔ گوگل ویڈیو مالک سے اس کے چینل یا ویڈیو پر جگہ اجارے پر لیتا ہے اور اس کی اجرت اسے ادا کرتا ہے۔ اس میں تین طرح کے اشتہارات ہوتے ہیں: تحریری، تصویری اور ویڈیو۔ ان کی کمائی کی تفصیل مندرجہ ذیل ہے:</p>
<p><strong>تحریری و تصویری اشتہارات:</strong></p>
<p>تحریری و تصویری اشتہارات سے حاصل ہونے والی آمدن تین شرائط کے ساتھ جائز ہے:</p>
<p><!--[if !supportLists]-->1.     <!--[endif]-->جس کاروبار کا اشتہار ہے وہ کاروبار جائز ہو۔ لہذا ان کیٹگریز کو فلٹر کر دیا جائے جو شرعاً جائز نہیں ہیں۔</p>
<p><!--[if !supportLists]-->2.     <!--[endif]-->گوگل ایڈسینس اور ویب سائٹ کے مالک کے درمیان طے شدہ شرائط پر مکمل عمل کیا جائے اور ایسا کوئی فعل نہ کیا جائے جو معاہدے کے خلاف ہو۔</p>
<p><!--[if !supportLists]-->3.     <!--[endif]-->کسی جائز پراڈکٹ کے اشتہار میں اگر گوگل کی طرف سے کوئی ناجائز مواد مثلاً فحش تصویر وغیرہ شامل کر دی جائے اور اس میں ویب سائٹ کے مالک کی اجازت یا رضامندی شامل نہ ہو تو مالک اس کا ذمہ دار نہ ہوگا۔ لہذا اگر کیٹگریز فلٹر کرنے کے باوجود کوئی ایسا اشتہار لگ جائے جو کسی ناجائز کاروبار کی جانب لے جا رہا ہو یا ناجائز مواد (مثلاً نامحرم کی تصاویر) پر مشتمل ہو  تو اس کا گناہ ویب سائٹ مالک کو نہیں ہوگا۔ البتہ ایڈ ریویو سینٹر میں اشتہارات کا جائزہ لے کر ناجائز اشتہارات کی آمدن صدقہ کر دی جائے۔</p>
<p><strong>ویڈیو اشتہارات:</strong></p>
<p>جو اشتہارات ویڈیو کی شکل میں ہوں ان کی آمدن مندرجہ ذیل شرائط کے ساتھ جائز ہے:</p>
<p><!--[if !supportLists]-->1.     <!--[endif]-->جس کاروبار کا اشتہار ہے وہ کاروبار جائز ہو۔ لہذا ان کیٹگریز کو فلٹر کر دیا جائے جو شرعاً جائز نہیں ہیں۔</p>
<p><!--[if !supportLists]-->2.     <!--[endif]-->گوگل ایڈسینس اور ویب سائٹ کے مالک کے درمیان طے شدہ شرائط پر مکمل عمل کیا جائے اور ایسا کوئی فعل نہ کیا جائے جو معاہدے کے خلاف ہو۔</p>
<p><!--[if !supportLists]-->3.     <!--[endif]-->کسی جائز پراڈکٹ کے اشتہار میں اگر گوگل کی طرف سے کوئی ناجائز مواد مثلاً فحش تصویر وغیرہ شامل کر دی جائے اور اس میں ویڈیو یا چینل کے مالک کی اجازت یا رضامندی شامل نہ ہو تو مالک اس کا ذمہ دار نہ ہوگا۔ لہذا اگر کیٹگریز فلٹر کرنے کے باوجود کوئی ایسا اشتہار لگ جائے جو کسی ناجائز کاروبار کی جانب لے جا رہا ہو یا ناجائز مواد (مثلاً نامحرم کی تصاویر) پر مشتمل ہو  تو اس کا گناہ ویڈیو مالک کو نہیں ہوگا۔ البتہ ایڈ ریویو سینٹر میں اشتہارات کا جائزہ لے کر ناجائز اشتہارات کی آمدن صدقہ کر دی جائے۔</p>
<p><span dir=""RTL"">بیک گراؤنڈ میوزک تکنیکی لحاظ سے ویڈیو سے الگ چیز ہے جسے ویڈیو میں خوبصورتی پیدا کرنے کے لیے ساتھ لگایا جاتا ہے۔ ویب سائٹ یا ویڈیو کا مالک گوگل ایڈسینس کو ویڈیو لگانے کے لیے اجارے کے طور پر جگہ دیتا ہے ، بیک گراؤنڈ میوزک لگانے کے لیےنہیں دیتا۔ لہذا اگر اشتہار کا مواد اور بنیادی کاروبار جائز ہو لیکن اس کے بیک گراؤنڈ میں میوزک ہو تو مالک پر لازم ہے کہ اولاً بذریعہ ای میل یا کسی اور طریقے سے صراحتاً گوگل کو میوزک  نہ لگانے کا کہے۔ اگر گوگل میوزک نہیں ہٹاتا  تو مالک اپنے چینل یا ویڈیو میں یہ تحریر کر دے کہ اشتہار کے وقت آواز بند کر دی جائے۔ اس کے باوجود اگر کوئی شخص آواز بند نہیں کرتا تو اس کا گناہ مالک کو نہیں ہوگا اور اس کی آمدن جائز ہوگی۔</span></p>
</div><h6 class=""has-text-align-right"">حوالہ جات</h6><div style=""direction: rtl;font-family: Amiri;
    
     font-size: 13px; font-weight: 400;""><p>""وإذا استأجر الذمي من المسلم دارا يسكنها فلا بأس بذلك، وإن شرب فيها الخمر أو عبد فيها الصليب أو أدخل فيها الخنازير ولم يلحق المسلم في ذلك بأس لأن المسلم لا يؤاجرها لذلك إنما آجرها للسكنى. كذا في المحيط.""</p>
<p>(الفتاوی الھندیۃ، 4/450، ط: دار الفکر)</p>
<p> </p>
<p>قال الحصكفيؒ: "" (و) جاز (إجارة بيت بسواد الكوفة) أي قراها (لا بغيرها على الأصح) وأما الأمصار وقرى غير الكوفة فلا يمكنون لظهور شعار الإسلام فيها وخص سواد الكوفة، لأن غالب أهلها أهل الذمة (ليتخذ بيت نار أو كنيسة أو بيعة أو يباع فيه الخمر) وقالا لا ينبغي ذلك لأنه إعانة على المعصية وبه قالت الثلاثة زيلعي.""</p>
<p>قال ابن عابدين ؒ: "" (قوله وجاز إجارة بيت إلخ) هذا عنده أيضا لأن الإجارة على منفعة البيت، ولهذا يجب الأجر بمجرد التسليم، ولا معصية فيه وإنما المعصية بفعل المستأجر وهو مختار فينقطع نسبيته عنه، فصار كبيع الجارية ممن لا يستبرئها أو يأتيها من دبر وبيع الغلام من لوطي والدليل عليه أنه لو آجره للسكنى جاز وهو لا بد له من عبادته فيه اهـ زيلعي وعيني ومثله في النهاية والكفاية۔۔۔.""</p>
<p><span dir=""RTL"">(الدر المختار و حاشية ابن عابدين، 6/392، ط: دار الفكر)</span></p>
</div><p>محمد اویس پراچہ     </p>
<p>دار الافتاء، جامعۃ الرشید</p>
<p><span dir=""RTL"">تاریخ: 25/ صفر المظفر 1442ھ</span></p>
<h6 class=""has-text-align-center"">
واللہ سبحانہ وتعالی اعلم
</h6><figure class=""wp-block-table""><table><tbody><tr><td><h3>مجیب</h3></td><td>محمد اویس پراچہ</td><td><h3>مفتیان</h3></td><td>سیّد عابد شاہ صاحب / محمد حسین خلیل خیل صاحب</td></tr></tbody></table></figure></div></div></div></div></div></div><div class=""p-wl6689 pagelayer-inner_row pagelayer-row-stretch-auto pagelayer-height-default"" pagelayer-id=""wl6689"">
<style pagelayer-style-id=""wl6689"">.p-wl6689 .pagelayer-col-holder{padding: 10px}
.p-wl6689 > .pagelayer-background-overlay{-webkit-transition: all 400ms !important; transition: all 400ms !important}
.p-wl6689 .pagelayer-svg-top .pagelayer-shape-fill{fill:#227bc3}
.p-wl6689 .pagelayer-row-svg .pagelayer-svg-top{width:100%;height:100px}
.p-wl6689 .pagelayer-svg-bottom .pagelayer-shape-fill{fill:#e44993}
.p-wl6689 .pagelayer-row-svg .pagelayer-svg-bottom{width:100%;height:100px}
</style>
<div class=""pagelayer-row-holder pagelayer-row pagelayer-auto pagelayer-width-auto""><div class=""p-jzl6522 pagelayer-col pagelayer-col-6"" pagelayer-id=""jzl6522"">
<style pagelayer-style-id=""jzl6522"">.p-jzl6522{align-content: center !important}
.p-jzl6522 .pagelayer-col-holder > div:not(:last-child){margin-bottom: 15px}
.p-jzl6522 > .pagelayer-background-overlay{-webkit-transition: all 400ms !important; transition: all 400ms !important}
</style>
<div class=""pagelayer-col-holder""><div class=""p-xsb5673 pagelayer-share_grp pagelayer-share-type-icon-label pagelayer-social-bg-none pagelayer-scheme-official"" pagelayer-id=""xsb5673"">
<style pagelayer-style-id=""xsb5673"">.p-xsb5673{text-align: right}
.p-xsb5673 .pagelayer-share-content{min-height: 35px;-webkit-transition: all 400ms; transition: all 400ms}
.p-xsb5673 i{font-size: 27px}
.p-xsb5673 .pagelayer-icon-holder{font-size: 27px}
.p-xsb5673 .pagelayer-share-content i{-webkit-transition: all 400ms; transition: all 400ms}
.p-xsb5673 .pagelayer-icon-name{font-family: Roboto; font-size: 15px !important; font-style:  !important; font-weight: 500 !important; font-variant:  !important; text-decoration-line:  !important; text-decoration-style:  !important; line-height: em !important; text-transform:  !important; letter-spacing: px !important; word-spacing: px !important}
@media (max-width: 768px) and (min-width: 501px){.p-xsb5673{text-align: left}
.p-xsb5673 .pagelayer-share{padding-top: 10px; padding-bottom: 10px;padding-left: 10px; padding-right: 10px}
.p-xsb5673 i{font-size: 20px}
.p-xsb5673 .pagelayer-icon-holder{font-size: 20px}
.p-xsb5673 .pagelayer-icon-name{font-family: ; font-size: 13px !important; font-style:  !important; font-weight:  !important; font-variant:  !important; text-decoration-line:  !important; text-decoration-style:  !important; line-height: em !important; text-transform:  !important; letter-spacing: px !important; word-spacing: px !important}
}
@media (max-width: 500px){.p-xsb5673{text-align: left}
.p-xsb5673 .pagelayer-share{padding-top: 10px; padding-bottom: 10px;padding-left: 10px; padding-right: 10px}
.p-xsb5673 .pagelayer-share-content{min-height: NaNpx}
.p-xsb5673 i{font-size: 20px}
.p-xsb5673 .pagelayer-icon-holder{font-size: 20px}
.p-xsb5673 .pagelayer-icon-name{font-family: ; font-size: 13px !important; font-style:  !important; font-weight:  !important; font-variant:  !important; text-decoration-line:  !important; text-decoration-style:  !important; line-height: em !important; text-transform:  !important; letter-spacing: px !important; word-spacing: px !important}
}
</style><div class=""p-9mh2934 pagelayer-share"" pagelayer-id=""9mh2934"">
<a class=""pagelayer-ele-link"" href=""https://www.facebook.com/sharer/sharer.php?u=almuftionline.com/2020/10/13/2849/"" target=""_blank"" title=""fab fa-facebook-square"">
<div class=""pagelayer-share-content pagelayer-facebook-square"" data-icon=""fab fa-facebook-square"">
<div class=""pagelayer-icon-holder pagelayer-share-buttons"">
<i class=""pagelayer-social-fa fab fa-facebook-square""></i>
</div>
<div class=""pagelayer-icon-name"">
<span class=""pagelayer-icon-name-span"">Facebook</span>
</div>
</div>
</a></div><div class=""p-rai4926 pagelayer-share"" pagelayer-id=""rai4926"">
<a class=""pagelayer-ele-link"" href=""https://twitter.com/share?url=almuftionline.com/2020/10/13/2849/"" target=""_blank"" title=""fab fa-twitter-square"">
<div class=""pagelayer-share-content pagelayer-twitter-square"" data-icon=""fab fa-twitter-square"">
<div class=""pagelayer-icon-holder pagelayer-share-buttons"">
<i class=""pagelayer-social-fa fab fa-twitter-square""></i>
</div>
<div class=""pagelayer-icon-name"">
<span class=""pagelayer-icon-name-span"">Twitter</span>
</div>
</div>
</a></div><div class=""p-ndy3728 pagelayer-share"" pagelayer-id=""ndy3728"">
<a class=""pagelayer-ele-link"" href=""whatsapp://send?text=almuftionline.com/2020/10/13/2849/"" target=""_blank"" title=""fab fa-whatsapp"">
<div class=""pagelayer-share-content pagelayer-whatsapp"" data-icon=""fab fa-whatsapp"">
<div class=""pagelayer-icon-holder pagelayer-share-buttons"">
<i class=""pagelayer-social-fa fab fa-whatsapp""></i>
</div>
<div class=""pagelayer-icon-name"">
<span class=""pagelayer-icon-name-span"">WhatsApp</span>
</div>
</div>
</a></div></div></div></div></div></div><div class=""p-zqp4850 pagelayer-inner_row pagelayer-row-stretch-auto pagelayer-height-default"" pagelayer-id=""zqp4850"">
<style pagelayer-style-id=""zqp4850"">.p-zqp4850 .pagelayer-col-holder{padding: 10px}
.p-zqp4850 > .pagelayer-background-overlay{-webkit-transition: all 400ms !important; transition: all 400ms !important}
.p-zqp4850 .pagelayer-svg-top .pagelayer-shape-fill{fill:#227bc3}
.p-zqp4850 .pagelayer-row-svg .pagelayer-svg-top{width:100%;height:100px}
.p-zqp4850 .pagelayer-svg-bottom .pagelayer-shape-fill{fill:#e44993}
.p-zqp4850 .pagelayer-row-svg .pagelayer-svg-bottom{width:100%;height:100px}
</style>
<div class=""pagelayer-row-holder pagelayer-row pagelayer-auto pagelayer-width-auto""><div class=""p-q725202 pagelayer-col pagelayer-col-2"" pagelayer-id=""q725202"">
<style pagelayer-style-id=""q725202"">.p-q725202{align-content: center !important}
.p-q725202 .pagelayer-col-holder > div:not(:last-child){margin-bottom: 15px}
.p-q725202 > .pagelayer-background-overlay{-webkit-transition: all 400ms !important; transition: all 400ms !important}
</style>
<div class=""pagelayer-col-holder""><div class=""p-55r4448 pagelayer-post_nav"" pagelayer-id=""55r4448"">
<style pagelayer-style-id=""55r4448"">.p-55r4448 .pagelayer-post-nav-link{color:#adb5bd;font-family:  !important; font-size: 15px !important; font-style:  !important; font-weight:  !important; font-variant:  !important; text-decoration-line:  !important; text-decoration-style:  !important; line-height: em !important; text-transform:  !important; letter-spacing: px !important; word-spacing: px !important}
.p-55r4448 .pagelayer-post-nav-title{color:#000000;font-family:  !important; font-size: 18px !important; font-style:  !important; font-weight: bold !important; font-variant:  !important; text-decoration-line:  !important; text-decoration-style: Solid !important; line-height: em !important; text-transform:  !important; letter-spacing: px !important; word-spacing: px !important}
.p-55r4448 .pagelayer-post-nav-icon{color:#adb5bd;font-size:30px}
.p-55r4448 .pagelayer-post-nav-separator{display:none}
@media (max-width: 768px) and (min-width: 501px){.p-55r4448 .pagelayer-post-nav-link{font-family:  !important; font-size: 12px !important; font-style:  !important; font-weight:  !important; font-variant:  !important; text-decoration-line:  !important; text-decoration-style: Solid !important; line-height: em !important; text-transform:  !important; letter-spacing: px !important; word-spacing: px !important}
.p-55r4448 .pagelayer-post-nav-title{font-family:  !important; font-size: 15px !important; font-style:  !important; font-weight:  !important; font-variant:  !important; text-decoration-line:  !important; text-decoration-style: Solid !important; line-height: em !important; text-transform:  !important; letter-spacing: px !important; word-spacing: px !important}
}
@media (max-width: 500px){.p-55r4448 .pagelayer-post-nav-link{font-family:  !important; font-size: 12px !important; font-style:  !important; font-weight:  !important; font-variant:  !important; text-decoration-line:  !important; text-decoration-style: Solid !important; line-height: em !important; text-transform:  !important; letter-spacing: px !important; word-spacing: px !important}
.p-55r4448 .pagelayer-post-nav-title{font-family:  !important; font-size: 12px !important; font-style:  !important; font-weight:  !important; font-variant:  !important; text-decoration-line:  !important; text-decoration-style: Solid !important; line-height: em !important; text-transform:  !important; letter-spacing: px !important; word-spacing: px !important}
}
</style><div class=""pagelayer-post-nav-container"">
<div class=""pagelayer-prev-post"">
<a href=""https://almuftionline.com/2020/10/13/2848/"" rel=""prev""><span class=""pagelayer-post-nav-icon fa fa-chevron-left""></span>
<span class=""pagelayer-next-holder"">
<span class=""pagelayer-post-nav-link""> Previous</span><span class=""pagelayer-post-nav-title"">سافٹ وئیرز کی پائیریٹڈ کاپی استعمال کرنے کا حکم</span>
</span></a>
</div>
<div class=""pagelayer-post-nav-separator""></div>
<div class=""pagelayer-next-post"">
<a href=""https://almuftionline.com/2020/10/13/2885/"" rel=""next""><span class=""pagelayer-next-holder"">
<span class=""pagelayer-post-nav-link""> Next</span><span class=""pagelayer-post-nav-title"">بیٹوں کوزمین ہبہ کرنے سے ترکہ میں ان کاحصہ ختم ہوجاتاہے؟</span>
</span>
<span class=""pagelayer-post-nav-icon fa fa-chevron-right""></span></a>
</div>
</div></div></div></div></div></div></div>"
2020-10-13,https://almuftionline.com/2020/10/13/2848/,سافٹ وئیرز کی پائیریٹڈ کاپی استعمال کرنے کا حکم,"<p><span dir=""RTL"">میں میکینکل انجینئرنگ کر رہا ہوں۔  اس میں </span>3D<span dir=""RTL""> ماڈلنگ سافٹ وئیر استعمال ہوتے ہیں جن کے لائسنس بہت مہنگے ہوتے ہیں۔ کیا سیکھنے کے لیے پائیریٹڈ کاپی استعمال کی جا سکتی ہے؟ اگر سیکھنا فری لانسنگ کے لیے ہو اور بعد میں فری لانسنگ کرتے وقت کمرشل کاپی خریدیں تو یہ جائز ہے؟ نیز اگر سیکھنا جاب اسکل ڈیویلپمنٹ یعنی سی وی بہتر بنانے کے لیے ہو تو کیا حکم ہوگا؟</span></p>","<h4 class=""has-text-align-center"">اَلجَوَابْ بِاسْمِ مُلْہِمِ الصَّوَابْ

</h4><p><span dir=""RTL"">ذاتی استعمال کی حد تک سافٹ وئیر کے ""کاپی رائٹ"" کے قوانین کا شرعاًاعتبار نہیں ہے۔  لہذا سوال میں مذکور صورت میں آپ کے لیے ان سافٹ وئیرز کی پائیریٹڈکاپی اپنے ذاتی استعمال میں رکھنا  شرعاً جائز ہے۔ نیز سیکھنے کے بعد اگر فری لانسنگ کرنے میں استعمال کریں تو وہ بھی شرعاً جائز ہے۔</span></p><h6 class=""has-text-align-right"">حوالہ جات</h6><div style=""direction: rtl;font-family: Amiri;
    
     font-size: 13px; font-weight: 400;""><p>۔۔</p>
</div><p>محمد اویس پراچہ     </p><p>دار الافتاء، جامعۃ الرشید</p><p><span dir=""RTL"">تاریخ: 25/ صفر المظفر 1442ھ </span></p><h6 class=""has-text-align-center"">
واللہ سبحانہ وتعالی اعلم
</h6><figure class=""wp-block-table""><table><tbody><tr><td><h3>مجیب</h3></td><td>محمد اویس پراچہ</td><td><h3>مفتیان</h3></td><td>سیّد عابد شاہ صاحب / محمد حسین خلیل خیل صاحب</td></tr></tbody></table></figure>",70282,jameya-tur-rasheed,جائز و ناجائزامور کا بیان,جائز و ناجائز کے متفرق مسائل,"<div class=""pagelayer-col-holder""><div class=""p-kgd1425 pagelayer-post_excerpt"" pagelayer-id=""kgd1425"">
<style pagelayer-style-id=""kgd1425"">.p-kgd1425 .pagelayer-post-excerpt{color:#adb5bd;font-family: ; font-size: 15px !important; font-style: Italic !important; font-weight: 500 !important; font-variant:  !important; text-decoration-line:  !important; text-decoration-style:  !important; line-height: 1.5em !important; text-transform:  !important; letter-spacing: px !important; word-spacing: px !important;margin-top:0px; margin-right:0px; margin-bottom:0px; margin-left:0px}
.p-kgd1425{text-align: left;margin-top: 0px; margin-right: 0px; margin-bottom: 0px; margin-left: 0px;padding-top: 0px; padding-right: 0px; padding-bottom: 0px; padding-left: 0px}
</style></div><div class=""p-4wb1030 pagelayer-featured_img"" pagelayer-id=""4wb1030"">
<style pagelayer-style-id=""4wb1030"">.p-4wb1030{text-align: center}
.p-4wb1030 img{filter: blur(0px) brightness(100%) contrast(100%) grayscale(0%) hue-rotate(0deg) opacity(100%) saturate(100%);box-shadow: 0px 24px 36px 0px rgba(0,0,0,0.10)  !important;-webkit-transition: all 400ms; transition: all 400ms}
.p-4wb1030 .pagelayer-featured-caption{color: #0986c0}
</style>
<div class=""pagelayer-featured-img""></div>
</div><div class=""p-f8n3612 pagelayer-inner_row pagelayer-row-stretch-auto pagelayer-height-default"" pagelayer-id=""f8n3612"">
<style pagelayer-style-id=""f8n3612"">.p-f8n3612 .pagelayer-col-holder{padding: 10px}
.p-f8n3612 > .pagelayer-background-overlay{-webkit-transition: all 400ms !important; transition: all 400ms !important}
.p-f8n3612 .pagelayer-svg-top .pagelayer-shape-fill{fill:#227bc3}
.p-f8n3612 .pagelayer-row-svg .pagelayer-svg-top{width:100%;height:100px}
.p-f8n3612 .pagelayer-svg-bottom .pagelayer-shape-fill{fill:#e44993}
.p-f8n3612 .pagelayer-row-svg .pagelayer-svg-bottom{width:100%;height:100px}
</style>
<div class=""pagelayer-row-holder pagelayer-row pagelayer-auto pagelayer-width-auto""><div class=""p-i795860 pagelayer-col pagelayer-col-4"" pagelayer-id=""i795860"">
<style pagelayer-style-id=""i795860"">.p-i795860{align-content: center !important}
.p-i795860 .pagelayer-col-holder > div:not(:last-child){margin-bottom: 15px}
.p-i795860 > .pagelayer-background-overlay{-webkit-transition: all 400ms !important; transition: all 400ms !important}
</style>
<div class=""pagelayer-col-holder""><div class=""p-qip3968 pagelayer-post_info"" pagelayer-id=""qip3968"">
<style pagelayer-style-id=""qip3968"">.p-qip3968 .pagelayer-post-info-vertical .pagelayer-post-info-list-container{margin-right:25px}
.p-qip3968 .pagelayer-post-info-horizontal .pagelayer-post-info-list-container{margin-bottom:25px}
.p-qip3968 .pagelayer-post-info-container{text-align:right}
.p-qip3968 .pagelayer-post-info-icon span{font-size:120%;color:#495057}
.p-qip3968 .pagelayer-post-info-list-container a{font-family: Roboto !important; font-size: 14px !important; font-style:  !important; font-weight: 500 !important; font-variant:  !important; text-decoration-line:  !important; text-decoration-style:  !important; line-height: 1.6em !important; text-transform:  !important; letter-spacing: px !important; word-spacing: px !important}
.p-qip3968 .pagelayer-post-info-label{color:#495057}
.p-qip3968 .pagelayer-post-info-label a{color:#495057}
.p-qip3968 .pagelayer-post-info-label:hover{color:#000000}
.p-qip3968 .pagelayer-post-info-label:hover a{color:#000000}
</style><div class=""pagelayer-post-info-container pagelayer-post-info-vertical""><div class=""p-xj43574 pagelayer-post_info_list"" pagelayer-id=""xj43574"">
<div class=""pagelayer-post-info-list-container"">
<a class=""pagelayer-post-info-list-link"" href=""https://almuftionline.com/2020/10/13/"">
<span class=""pagelayer-post-info-icon"">
<span class=""far fa-clock""></span>
</span>
<span class=""pagelayer-post-info-label pagelayer-date"">اکتوبر 13, 2020</span>
</a>
</div></div></div></div></div></div><div class=""p-t2j1983 pagelayer-col pagelayer-col-7"" pagelayer-id=""t2j1983"">
<style pagelayer-style-id=""t2j1983"">.p-t2j1983{align-content: center !important}
.p-t2j1983 .pagelayer-col-holder > div:not(:last-child){margin-bottom: 15px}
.p-t2j1983 > .pagelayer-background-overlay{-webkit-transition: all 400ms !important; transition: all 400ms !important}
</style>
<div class=""pagelayer-col-holder""><div class=""p-dbq3916 pagelayer-post_info"" pagelayer-id=""dbq3916"">
<style pagelayer-style-id=""dbq3916"">.p-dbq3916 .pagelayer-post-info-container{text-align:right}
.p-dbq3916 .pagelayer-post-info-icon span{font-size:120%;color:#495057}
.p-dbq3916 .pagelayer-post-info-list-container a{font-family: Roboto !important; font-size: 14px !important; font-style:  !important; font-weight: 500 !important; font-variant:  !important; text-decoration-line:  !important; text-decoration-style:  !important; line-height: 1.6em !important; text-transform:  !important; letter-spacing: px !important; word-spacing: px !important}
.p-dbq3916 .pagelayer-post-info-label{color:#0072ff}
.p-dbq3916 .pagelayer-post-info-label a{color:#0072ff}
.p-dbq3916 .pagelayer-terms *{color:#f8952c !important;padding-top:5px; padding-right:10px; padding-bottom:5px; padding-left:10px;margin-top:0px; margin-right:5px; margin-bottom:0px; margin-left:5px;border-radius: 4px 4px 4px 4px; -webkit-border-radius:  4px 4px 4px 4px;-moz-border-radius: 4px 4px 4px 4px}
.p-dbq3916{padding-top: 0px; padding-right: 0px; padding-bottom: 0px; padding-left: 0px}
@media (max-width: 768px) and (min-width: 501px){.p-dbq3916 .pagelayer-post-info-container{text-align:left}
}
@media (max-width: 500px){.p-dbq3916 .pagelayer-post-info-container{text-align:left}
}
</style><div class=""pagelayer-post-info-container pagelayer-post-info-vertical""><div class=""p-wpv7212 pagelayer-post_info_list"" pagelayer-id=""wpv7212"">
<div class=""pagelayer-post-info-list-container"">
<span class=""pagelayer-post-info-icon"">
</span>
<span class=""pagelayer-post-info-label pagelayer-terms""> <a href=""https://almuftionline.com/category/fatwa/54/""> جائز و ناجائزامور کا بیان </a></span>
</div></div></div></div></div></div></div></div><div class=""p-trw3096 pagelayer-inner_row pagelayer-row-stretch-auto pagelayer-height-default"" pagelayer-id=""trw3096"">
<style pagelayer-style-id=""trw3096"">.p-trw3096 .pagelayer-col-holder{padding: 10px}
.p-trw3096 > .pagelayer-background-overlay{-webkit-transition: all 400ms !important; transition: all 400ms !important}
.p-trw3096 .pagelayer-svg-top .pagelayer-shape-fill{fill:#227bc3}
.p-trw3096 .pagelayer-row-svg .pagelayer-svg-top{width:100%;height:100px}
.p-trw3096 .pagelayer-svg-bottom .pagelayer-shape-fill{fill:#e44993}
.p-trw3096 .pagelayer-row-svg .pagelayer-svg-bottom{width:100%;height:100px}
</style>
<div class=""pagelayer-row-holder pagelayer-row pagelayer-auto pagelayer-width-auto""><div class=""p-wwu6541 pagelayer-col pagelayer-col-2"" pagelayer-id=""wwu6541"">
<style pagelayer-style-id=""wwu6541"">.p-wwu6541{align-content: center !important}
.p-wwu6541 .pagelayer-col-holder > div:not(:last-child){margin-bottom: 15px}
.p-wwu6541 > .pagelayer-background-overlay{-webkit-transition: all 400ms !important; transition: all 400ms !important}
</style>
<div class=""pagelayer-col-holder""><div class=""p-ccj4284 pagelayer-post_content"" pagelayer-id=""ccj4284"">
<style pagelayer-style-id=""ccj4284"">.p-ccj4284{text-align: right}
</style><div class=""entry-content pagelayer-post-excerpt""><figure class=""wp-block-table""><table><tbody><tr><td>70282</td><td>جائز و ناجائزامور کا بیان</td><td>جائز و ناجائز کے متفرق مسائل </td></tr></tbody></table></figure><div style=""direction:rtl;line-height: 2.5;""><h3 class=""has-text-align-center"">سوال</h3><p><span dir=""RTL"">میں میکینکل انجینئرنگ کر رہا ہوں۔  اس میں </span>3D<span dir=""RTL""> ماڈلنگ سافٹ وئیر استعمال ہوتے ہیں جن کے لائسنس بہت مہنگے ہوتے ہیں۔ کیا سیکھنے کے لیے پائیریٹڈ کاپی استعمال کی جا سکتی ہے؟ اگر سیکھنا فری لانسنگ کے لیے ہو اور بعد میں فری لانسنگ کرتے وقت کمرشل کاپی خریدیں تو یہ جائز ہے؟ نیز اگر سیکھنا جاب اسکل ڈیویلپمنٹ یعنی سی وی بہتر بنانے کے لیے ہو تو کیا حکم ہوگا؟</span></p>
<h4 class=""has-text-align-center"">اَلجَوَابْ بِاسْمِ مُلْہِمِ الصَّوَابْ

</h4><p><span dir=""RTL"">ذاتی استعمال کی حد تک سافٹ وئیر کے ""کاپی رائٹ"" کے قوانین کا شرعاًاعتبار نہیں ہے۔  لہذا سوال میں مذکور صورت میں آپ کے لیے ان سافٹ وئیرز کی پائیریٹڈکاپی اپنے ذاتی استعمال میں رکھنا  شرعاً جائز ہے۔ نیز سیکھنے کے بعد اگر فری لانسنگ کرنے میں استعمال کریں تو وہ بھی شرعاً جائز ہے۔</span></p>
</div><h6 class=""has-text-align-right"">حوالہ جات</h6><div style=""direction: rtl;font-family: Amiri;
    
     font-size: 13px; font-weight: 400;""><p>۔۔</p>
</div><p>محمد اویس پراچہ     </p>
<p>دار الافتاء، جامعۃ الرشید</p>
<p><span dir=""RTL"">تاریخ: 25/ صفر المظفر 1442ھ </span></p>
<h6 class=""has-text-align-center"">
واللہ سبحانہ وتعالی اعلم
</h6><figure class=""wp-block-table""><table><tbody><tr><td><h3>مجیب</h3></td><td>محمد اویس پراچہ</td><td><h3>مفتیان</h3></td><td>سیّد عابد شاہ صاحب / محمد حسین خلیل خیل صاحب</td></tr></tbody></table></figure></div></div></div></div></div></div><div class=""p-wl6689 pagelayer-inner_row pagelayer-row-stretch-auto pagelayer-height-default"" pagelayer-id=""wl6689"">
<style pagelayer-style-id=""wl6689"">.p-wl6689 .pagelayer-col-holder{padding: 10px}
.p-wl6689 > .pagelayer-background-overlay{-webkit-transition: all 400ms !important; transition: all 400ms !important}
.p-wl6689 .pagelayer-svg-top .pagelayer-shape-fill{fill:#227bc3}
.p-wl6689 .pagelayer-row-svg .pagelayer-svg-top{width:100%;height:100px}
.p-wl6689 .pagelayer-svg-bottom .pagelayer-shape-fill{fill:#e44993}
.p-wl6689 .pagelayer-row-svg .pagelayer-svg-bottom{width:100%;height:100px}
</style>
<div class=""pagelayer-row-holder pagelayer-row pagelayer-auto pagelayer-width-auto""><div class=""p-jzl6522 pagelayer-col pagelayer-col-6"" pagelayer-id=""jzl6522"">
<style pagelayer-style-id=""jzl6522"">.p-jzl6522{align-content: center !important}
.p-jzl6522 .pagelayer-col-holder > div:not(:last-child){margin-bottom: 15px}
.p-jzl6522 > .pagelayer-background-overlay{-webkit-transition: all 400ms !important; transition: all 400ms !important}
</style>
<div class=""pagelayer-col-holder""><div class=""p-xsb5673 pagelayer-share_grp pagelayer-share-type-icon-label pagelayer-social-bg-none pagelayer-scheme-official"" pagelayer-id=""xsb5673"">
<style pagelayer-style-id=""xsb5673"">.p-xsb5673{text-align: right}
.p-xsb5673 .pagelayer-share-content{min-height: 35px;-webkit-transition: all 400ms; transition: all 400ms}
.p-xsb5673 i{font-size: 27px}
.p-xsb5673 .pagelayer-icon-holder{font-size: 27px}
.p-xsb5673 .pagelayer-share-content i{-webkit-transition: all 400ms; transition: all 400ms}
.p-xsb5673 .pagelayer-icon-name{font-family: Roboto; font-size: 15px !important; font-style:  !important; font-weight: 500 !important; font-variant:  !important; text-decoration-line:  !important; text-decoration-style:  !important; line-height: em !important; text-transform:  !important; letter-spacing: px !important; word-spacing: px !important}
@media (max-width: 768px) and (min-width: 501px){.p-xsb5673{text-align: left}
.p-xsb5673 .pagelayer-share{padding-top: 10px; padding-bottom: 10px;padding-left: 10px; padding-right: 10px}
.p-xsb5673 i{font-size: 20px}
.p-xsb5673 .pagelayer-icon-holder{font-size: 20px}
.p-xsb5673 .pagelayer-icon-name{font-family: ; font-size: 13px !important; font-style:  !important; font-weight:  !important; font-variant:  !important; text-decoration-line:  !important; text-decoration-style:  !important; line-height: em !important; text-transform:  !important; letter-spacing: px !important; word-spacing: px !important}
}
@media (max-width: 500px){.p-xsb5673{text-align: left}
.p-xsb5673 .pagelayer-share{padding-top: 10px; padding-bottom: 10px;padding-left: 10px; padding-right: 10px}
.p-xsb5673 .pagelayer-share-content{min-height: NaNpx}
.p-xsb5673 i{font-size: 20px}
.p-xsb5673 .pagelayer-icon-holder{font-size: 20px}
.p-xsb5673 .pagelayer-icon-name{font-family: ; font-size: 13px !important; font-style:  !important; font-weight:  !important; font-variant:  !important; text-decoration-line:  !important; text-decoration-style:  !important; line-height: em !important; text-transform:  !important; letter-spacing: px !important; word-spacing: px !important}
}
</style><div class=""p-9mh2934 pagelayer-share"" pagelayer-id=""9mh2934"">
<a class=""pagelayer-ele-link"" href=""https://www.facebook.com/sharer/sharer.php?u=almuftionline.com/2020/10/13/2848/"" target=""_blank"" title=""fab fa-facebook-square"">
<div class=""pagelayer-share-content pagelayer-facebook-square"" data-icon=""fab fa-facebook-square"">
<div class=""pagelayer-icon-holder pagelayer-share-buttons"">
<i class=""pagelayer-social-fa fab fa-facebook-square""></i>
</div>
<div class=""pagelayer-icon-name"">
<span class=""pagelayer-icon-name-span"">Facebook</span>
</div>
</div>
</a></div><div class=""p-rai4926 pagelayer-share"" pagelayer-id=""rai4926"">
<a class=""pagelayer-ele-link"" href=""https://twitter.com/share?url=almuftionline.com/2020/10/13/2848/"" target=""_blank"" title=""fab fa-twitter-square"">
<div class=""pagelayer-share-content pagelayer-twitter-square"" data-icon=""fab fa-twitter-square"">
<div class=""pagelayer-icon-holder pagelayer-share-buttons"">
<i class=""pagelayer-social-fa fab fa-twitter-square""></i>
</div>
<div class=""pagelayer-icon-name"">
<span class=""pagelayer-icon-name-span"">Twitter</span>
</div>
</div>
</a></div><div class=""p-ndy3728 pagelayer-share"" pagelayer-id=""ndy3728"">
<a class=""pagelayer-ele-link"" href=""whatsapp://send?text=almuftionline.com/2020/10/13/2848/"" target=""_blank"" title=""fab fa-whatsapp"">
<div class=""pagelayer-share-content pagelayer-whatsapp"" data-icon=""fab fa-whatsapp"">
<div class=""pagelayer-icon-holder pagelayer-share-buttons"">
<i class=""pagelayer-social-fa fab fa-whatsapp""></i>
</div>
<div class=""pagelayer-icon-name"">
<span class=""pagelayer-icon-name-span"">WhatsApp</span>
</div>
</div>
</a></div></div></div></div></div></div><div class=""p-zqp4850 pagelayer-inner_row pagelayer-row-stretch-auto pagelayer-height-default"" pagelayer-id=""zqp4850"">
<style pagelayer-style-id=""zqp4850"">.p-zqp4850 .pagelayer-col-holder{padding: 10px}
.p-zqp4850 > .pagelayer-background-overlay{-webkit-transition: all 400ms !important; transition: all 400ms !important}
.p-zqp4850 .pagelayer-svg-top .pagelayer-shape-fill{fill:#227bc3}
.p-zqp4850 .pagelayer-row-svg .pagelayer-svg-top{width:100%;height:100px}
.p-zqp4850 .pagelayer-svg-bottom .pagelayer-shape-fill{fill:#e44993}
.p-zqp4850 .pagelayer-row-svg .pagelayer-svg-bottom{width:100%;height:100px}
</style>
<div class=""pagelayer-row-holder pagelayer-row pagelayer-auto pagelayer-width-auto""><div class=""p-q725202 pagelayer-col pagelayer-col-2"" pagelayer-id=""q725202"">
<style pagelayer-style-id=""q725202"">.p-q725202{align-content: center !important}
.p-q725202 .pagelayer-col-holder > div:not(:last-child){margin-bottom: 15px}
.p-q725202 > .pagelayer-background-overlay{-webkit-transition: all 400ms !important; transition: all 400ms !important}
</style>
<div class=""pagelayer-col-holder""><div class=""p-55r4448 pagelayer-post_nav"" pagelayer-id=""55r4448"">
<style pagelayer-style-id=""55r4448"">.p-55r4448 .pagelayer-post-nav-link{color:#adb5bd;font-family:  !important; font-size: 15px !important; font-style:  !important; font-weight:  !important; font-variant:  !important; text-decoration-line:  !important; text-decoration-style:  !important; line-height: em !important; text-transform:  !important; letter-spacing: px !important; word-spacing: px !important}
.p-55r4448 .pagelayer-post-nav-title{color:#000000;font-family:  !important; font-size: 18px !important; font-style:  !important; font-weight: bold !important; font-variant:  !important; text-decoration-line:  !important; text-decoration-style: Solid !important; line-height: em !important; text-transform:  !important; letter-spacing: px !important; word-spacing: px !important}
.p-55r4448 .pagelayer-post-nav-icon{color:#adb5bd;font-size:30px}
.p-55r4448 .pagelayer-post-nav-separator{display:none}
@media (max-width: 768px) and (min-width: 501px){.p-55r4448 .pagelayer-post-nav-link{font-family:  !important; font-size: 12px !important; font-style:  !important; font-weight:  !important; font-variant:  !important; text-decoration-line:  !important; text-decoration-style: Solid !important; line-height: em !important; text-transform:  !important; letter-spacing: px !important; word-spacing: px !important}
.p-55r4448 .pagelayer-post-nav-title{font-family:  !important; font-size: 15px !important; font-style:  !important; font-weight:  !important; font-variant:  !important; text-decoration-line:  !important; text-decoration-style: Solid !important; line-height: em !important; text-transform:  !important; letter-spacing: px !important; word-spacing: px !important}
}
@media (max-width: 500px){.p-55r4448 .pagelayer-post-nav-link{font-family:  !important; font-size: 12px !important; font-style:  !important; font-weight:  !important; font-variant:  !important; text-decoration-line:  !important; text-decoration-style: Solid !important; line-height: em !important; text-transform:  !important; letter-spacing: px !important; word-spacing: px !important}
.p-55r4448 .pagelayer-post-nav-title{font-family:  !important; font-size: 12px !important; font-style:  !important; font-weight:  !important; font-variant:  !important; text-decoration-line:  !important; text-decoration-style: Solid !important; line-height: em !important; text-transform:  !important; letter-spacing: px !important; word-spacing: px !important}
}
</style><div class=""pagelayer-post-nav-container"">
<div class=""pagelayer-prev-post"">
<a href=""https://almuftionline.com/2020/10/12/2854/"" rel=""prev""><span class=""pagelayer-post-nav-icon fa fa-chevron-left""></span>
<span class=""pagelayer-next-holder"">
<span class=""pagelayer-post-nav-link""> Previous</span><span class=""pagelayer-post-nav-title"">حرام آمدنی والے اورخلاف شرع کام کرنے والے حجام کودکان کرایہ پر دینا</span>
</span></a>
</div>
<div class=""pagelayer-post-nav-separator""></div>
<div class=""pagelayer-next-post"">
<a href=""https://almuftionline.com/2020/10/13/2849/"" rel=""next""><span class=""pagelayer-next-holder"">
<span class=""pagelayer-post-nav-link""> Next</span><span class=""pagelayer-post-nav-title"">یوٹیوب سے کمائی کا حکم</span>
</span>
<span class=""pagelayer-post-nav-icon fa fa-chevron-right""></span></a>
</div>
</div></div></div></div></div></div></div>"
