issued_at,link,title,question_html,answer_html,fatwa_number,dar_ul_ifta,category_lvl_1,category_lvl_2,html_container
2018-07-22,https://almuftionline.com/2018/07/22/1824/,زندگی میں اولاد کے درمیان زمین کی تقسیم,,"<h4 class=""has-text-align-center"">اَلجَوَابْ بِاسْمِ مُلْہِمِ الصَّوَابْ

</h4><h6 class=""has-text-align-right"">حوالہ جات</h6><div style=""direction: rtl;font-family: Amiri;
    
     font-size: 13px; font-weight: 400;"">واللہ اعلم بصواب</div><h6 class=""has-text-align-center"">
واللہ سبحانہ وتعالی اعلم
</h6><figure class=""wp-block-table""><table><tbody><tr><td><h3>مجیب</h3></td><td>عبداللہ ولی</td><td><h3>مفتیان</h3></td><td>سیّد عابد شاہ صاحب / محمد حسین خلیل خیل صاحب</td></tr></tbody></table></figure>",63607,jameya-tur-rasheed,ہبہ اور صدقہ کے مسائل,ہبہ کےمتفرق مسائل,"<div class=""pagelayer-col-holder""><div class=""p-kgd1425 pagelayer-post_excerpt"" pagelayer-id=""kgd1425"">
<style pagelayer-style-id=""kgd1425"">.p-kgd1425 .pagelayer-post-excerpt{color:#adb5bd;font-family: ; font-size: 15px !important; font-style: Italic !important; font-weight: 500 !important; font-variant:  !important; text-decoration-line:  !important; text-decoration-style:  !important; line-height: 1.5em !important; text-transform:  !important; letter-spacing: px !important; word-spacing: px !important;margin-top:0px; margin-right:0px; margin-bottom:0px; margin-left:0px}
.p-kgd1425{text-align: left;margin-top: 0px; margin-right: 0px; margin-bottom: 0px; margin-left: 0px;padding-top: 0px; padding-right: 0px; padding-bottom: 0px; padding-left: 0px}
</style></div><div class=""p-4wb1030 pagelayer-featured_img"" pagelayer-id=""4wb1030"">
<style pagelayer-style-id=""4wb1030"">.p-4wb1030{text-align: center}
.p-4wb1030 img{filter: blur(0px) brightness(100%) contrast(100%) grayscale(0%) hue-rotate(0deg) opacity(100%) saturate(100%);box-shadow: 0px 24px 36px 0px rgba(0,0,0,0.10)  !important;-webkit-transition: all 400ms; transition: all 400ms}
.p-4wb1030 .pagelayer-featured-caption{color: #0986c0}
</style>
<div class=""pagelayer-featured-img""></div>
</div><div class=""p-f8n3612 pagelayer-inner_row pagelayer-row-stretch-auto pagelayer-height-default"" pagelayer-id=""f8n3612"">
<style pagelayer-style-id=""f8n3612"">.p-f8n3612 .pagelayer-col-holder{padding: 10px}
.p-f8n3612 > .pagelayer-background-overlay{-webkit-transition: all 400ms !important; transition: all 400ms !important}
.p-f8n3612 .pagelayer-svg-top .pagelayer-shape-fill{fill:#227bc3}
.p-f8n3612 .pagelayer-row-svg .pagelayer-svg-top{width:100%;height:100px}
.p-f8n3612 .pagelayer-svg-bottom .pagelayer-shape-fill{fill:#e44993}
.p-f8n3612 .pagelayer-row-svg .pagelayer-svg-bottom{width:100%;height:100px}
</style>
<div class=""pagelayer-row-holder pagelayer-row pagelayer-auto pagelayer-width-auto""><div class=""p-i795860 pagelayer-col pagelayer-col-4"" pagelayer-id=""i795860"">
<style pagelayer-style-id=""i795860"">.p-i795860{align-content: center !important}
.p-i795860 .pagelayer-col-holder > div:not(:last-child){margin-bottom: 15px}
.p-i795860 > .pagelayer-background-overlay{-webkit-transition: all 400ms !important; transition: all 400ms !important}
</style>
<div class=""pagelayer-col-holder""><div class=""p-qip3968 pagelayer-post_info"" pagelayer-id=""qip3968"">
<style pagelayer-style-id=""qip3968"">.p-qip3968 .pagelayer-post-info-vertical .pagelayer-post-info-list-container{margin-right:25px}
.p-qip3968 .pagelayer-post-info-horizontal .pagelayer-post-info-list-container{margin-bottom:25px}
.p-qip3968 .pagelayer-post-info-container{text-align:right}
.p-qip3968 .pagelayer-post-info-icon span{font-size:120%;color:#495057}
.p-qip3968 .pagelayer-post-info-list-container a{font-family: Roboto !important; font-size: 14px !important; font-style:  !important; font-weight: 500 !important; font-variant:  !important; text-decoration-line:  !important; text-decoration-style:  !important; line-height: 1.6em !important; text-transform:  !important; letter-spacing: px !important; word-spacing: px !important}
.p-qip3968 .pagelayer-post-info-label{color:#495057}
.p-qip3968 .pagelayer-post-info-label a{color:#495057}
.p-qip3968 .pagelayer-post-info-label:hover{color:#000000}
.p-qip3968 .pagelayer-post-info-label:hover a{color:#000000}
</style><div class=""pagelayer-post-info-container pagelayer-post-info-vertical""><div class=""p-xj43574 pagelayer-post_info_list"" pagelayer-id=""xj43574"">
<div class=""pagelayer-post-info-list-container"">
<a class=""pagelayer-post-info-list-link"" href=""https://almuftionline.com/2018/07/22/"">
<span class=""pagelayer-post-info-icon"">
<span class=""far fa-clock""></span>
</span>
<span class=""pagelayer-post-info-label pagelayer-date"">جولائی 22, 2018</span>
</a>
</div></div></div></div></div></div><div class=""p-t2j1983 pagelayer-col pagelayer-col-7"" pagelayer-id=""t2j1983"">
<style pagelayer-style-id=""t2j1983"">.p-t2j1983{align-content: center !important}
.p-t2j1983 .pagelayer-col-holder > div:not(:last-child){margin-bottom: 15px}
.p-t2j1983 > .pagelayer-background-overlay{-webkit-transition: all 400ms !important; transition: all 400ms !important}
</style>
<div class=""pagelayer-col-holder""><div class=""p-dbq3916 pagelayer-post_info"" pagelayer-id=""dbq3916"">
<style pagelayer-style-id=""dbq3916"">.p-dbq3916 .pagelayer-post-info-container{text-align:right}
.p-dbq3916 .pagelayer-post-info-icon span{font-size:120%;color:#495057}
.p-dbq3916 .pagelayer-post-info-list-container a{font-family: Roboto !important; font-size: 14px !important; font-style:  !important; font-weight: 500 !important; font-variant:  !important; text-decoration-line:  !important; text-decoration-style:  !important; line-height: 1.6em !important; text-transform:  !important; letter-spacing: px !important; word-spacing: px !important}
.p-dbq3916 .pagelayer-post-info-label{color:#0072ff}
.p-dbq3916 .pagelayer-post-info-label a{color:#0072ff}
.p-dbq3916 .pagelayer-terms *{color:#f8952c !important;padding-top:5px; padding-right:10px; padding-bottom:5px; padding-left:10px;margin-top:0px; margin-right:5px; margin-bottom:0px; margin-left:5px;border-radius: 4px 4px 4px 4px; -webkit-border-radius:  4px 4px 4px 4px;-moz-border-radius: 4px 4px 4px 4px}
.p-dbq3916{padding-top: 0px; padding-right: 0px; padding-bottom: 0px; padding-left: 0px}
@media (max-width: 768px) and (min-width: 501px){.p-dbq3916 .pagelayer-post-info-container{text-align:left}
}
@media (max-width: 500px){.p-dbq3916 .pagelayer-post-info-container{text-align:left}
}
</style><div class=""pagelayer-post-info-container pagelayer-post-info-vertical""><div class=""p-wpv7212 pagelayer-post_info_list"" pagelayer-id=""wpv7212"">
<div class=""pagelayer-post-info-list-container"">
<span class=""pagelayer-post-info-icon"">
</span>
<span class=""pagelayer-post-info-label pagelayer-terms""> <a href=""https://almuftionline.com/category/fatwa/31/""> ہبہ اور صدقہ کے مسائل </a></span>
</div></div></div></div></div></div></div></div><div class=""p-trw3096 pagelayer-inner_row pagelayer-row-stretch-auto pagelayer-height-default"" pagelayer-id=""trw3096"">
<style pagelayer-style-id=""trw3096"">.p-trw3096 .pagelayer-col-holder{padding: 10px}
.p-trw3096 > .pagelayer-background-overlay{-webkit-transition: all 400ms !important; transition: all 400ms !important}
.p-trw3096 .pagelayer-svg-top .pagelayer-shape-fill{fill:#227bc3}
.p-trw3096 .pagelayer-row-svg .pagelayer-svg-top{width:100%;height:100px}
.p-trw3096 .pagelayer-svg-bottom .pagelayer-shape-fill{fill:#e44993}
.p-trw3096 .pagelayer-row-svg .pagelayer-svg-bottom{width:100%;height:100px}
</style>
<div class=""pagelayer-row-holder pagelayer-row pagelayer-auto pagelayer-width-auto""><div class=""p-wwu6541 pagelayer-col pagelayer-col-2"" pagelayer-id=""wwu6541"">
<style pagelayer-style-id=""wwu6541"">.p-wwu6541{align-content: center !important}
.p-wwu6541 .pagelayer-col-holder > div:not(:last-child){margin-bottom: 15px}
.p-wwu6541 > .pagelayer-background-overlay{-webkit-transition: all 400ms !important; transition: all 400ms !important}
</style>
<div class=""pagelayer-col-holder""><div class=""p-ccj4284 pagelayer-post_content"" pagelayer-id=""ccj4284"">
<style pagelayer-style-id=""ccj4284"">.p-ccj4284{text-align: right}
</style><div class=""entry-content pagelayer-post-excerpt""><figure class=""wp-block-table""><table><tbody><tr><td>63607</td><td>ہبہ اور صدقہ کے مسائل</td><td>ہبہ کےمتفرق مسائل</td></tr></tbody></table></figure><div style=""direction:rtl;line-height: 2.5;""><h3 class=""has-text-align-center"">سوال</h3>میری زرعی زمین ہے، اگر میں اس میں سے شریعت کے مطابق اپنی زندگی میں ہر ایک کا حصہ الگ الگ کرلوں، لیکن قبضہ میری وفات کے بعد ہوگا، کیونکہ میں اپنی زندگی میں نان ونفقہ اس زمین سے پورا کرتا ہوں۔ کیا شریعت میں اس کی اجازت ہے؟<h4 class=""has-text-align-center"">اَلجَوَابْ بِاسْمِ مُلْہِمِ الصَّوَابْ

</h4>زندگی میں اولاد کے درمیان جائیداد کی تقسیم ہبہ (گفٹ) ہے۔ اور ہبہ مکمل قبضہ کیے بغیر پورا نہیں ہوتا، اس لیے اگر آپ اپنی مذکورہ زمین میں سے اپنے بچوں کا حصہ الگ الگ کردیں لیکن ان کو قبضہ نہ دیں تو یہ ہبہ تام نہیں ہوگا اور آپ کی وفات کے بعد مذکورہ زمین آپ کے ترکہ میں شامل ہوکر تمام ورثاء کے درمیان ان کے میراث کے شرعی حصوں کے مطابق تقسیم ہوگی۔ اس لیے اگر آپ اپنی زندگی میں جائیداد بیٹوں اور بیٹیوں کو ہبہ (گفٹ) کرنا چاہتے ہیں تو اس کا طریقہ یہ ہے کہ  آپ اس زمین کا کچھ حصہ اپنے نان نفقہ کے لیے اپنی ملکیت میں رکھیں اور باقی زمین اولاد کے درمیان تقسیم کرکے ہر ایک کو اس کے حصے پر قبضہ دیدیں۔  اس طرح تقسیم میں شرعاً بہتر یہ ہے کہ بیٹوں اور بیٹیوں سب کو برابر حصہ دیں، تاہم اگر میراث کے اصول کے مطابق بیٹوں کو بیٹیوں سے دوگنا دینا چاہیں تو اس کی بھی اجازت ہے۔</div><h6 class=""has-text-align-right"">حوالہ جات</h6><div style=""direction: rtl;font-family: Amiri;
    
     font-size: 13px; font-weight: 400;"">واللہ اعلم بصواب</div>..<h6 class=""has-text-align-center"">
واللہ سبحانہ وتعالی اعلم
</h6><figure class=""wp-block-table""><table><tbody><tr><td><h3>مجیب</h3></td><td>عبداللہ ولی</td><td><h3>مفتیان</h3></td><td>سیّد عابد شاہ صاحب / محمد حسین خلیل خیل صاحب</td></tr></tbody></table></figure></div></div></div></div></div></div><div class=""p-wl6689 pagelayer-inner_row pagelayer-row-stretch-auto pagelayer-height-default"" pagelayer-id=""wl6689"">
<style pagelayer-style-id=""wl6689"">.p-wl6689 .pagelayer-col-holder{padding: 10px}
.p-wl6689 > .pagelayer-background-overlay{-webkit-transition: all 400ms !important; transition: all 400ms !important}
.p-wl6689 .pagelayer-svg-top .pagelayer-shape-fill{fill:#227bc3}
.p-wl6689 .pagelayer-row-svg .pagelayer-svg-top{width:100%;height:100px}
.p-wl6689 .pagelayer-svg-bottom .pagelayer-shape-fill{fill:#e44993}
.p-wl6689 .pagelayer-row-svg .pagelayer-svg-bottom{width:100%;height:100px}
</style>
<div class=""pagelayer-row-holder pagelayer-row pagelayer-auto pagelayer-width-auto""><div class=""p-jzl6522 pagelayer-col pagelayer-col-6"" pagelayer-id=""jzl6522"">
<style pagelayer-style-id=""jzl6522"">.p-jzl6522{align-content: center !important}
.p-jzl6522 .pagelayer-col-holder > div:not(:last-child){margin-bottom: 15px}
.p-jzl6522 > .pagelayer-background-overlay{-webkit-transition: all 400ms !important; transition: all 400ms !important}
</style>
<div class=""pagelayer-col-holder""><div class=""p-xsb5673 pagelayer-share_grp pagelayer-share-type-icon-label pagelayer-social-bg-none pagelayer-scheme-official"" pagelayer-id=""xsb5673"">
<style pagelayer-style-id=""xsb5673"">.p-xsb5673{text-align: right}
.p-xsb5673 .pagelayer-share-content{min-height: 35px;-webkit-transition: all 400ms; transition: all 400ms}
.p-xsb5673 i{font-size: 27px}
.p-xsb5673 .pagelayer-icon-holder{font-size: 27px}
.p-xsb5673 .pagelayer-share-content i{-webkit-transition: all 400ms; transition: all 400ms}
.p-xsb5673 .pagelayer-icon-name{font-family: Roboto; font-size: 15px !important; font-style:  !important; font-weight: 500 !important; font-variant:  !important; text-decoration-line:  !important; text-decoration-style:  !important; line-height: em !important; text-transform:  !important; letter-spacing: px !important; word-spacing: px !important}
@media (max-width: 768px) and (min-width: 501px){.p-xsb5673{text-align: left}
.p-xsb5673 .pagelayer-share{padding-top: 10px; padding-bottom: 10px;padding-left: 10px; padding-right: 10px}
.p-xsb5673 i{font-size: 20px}
.p-xsb5673 .pagelayer-icon-holder{font-size: 20px}
.p-xsb5673 .pagelayer-icon-name{font-family: ; font-size: 13px !important; font-style:  !important; font-weight:  !important; font-variant:  !important; text-decoration-line:  !important; text-decoration-style:  !important; line-height: em !important; text-transform:  !important; letter-spacing: px !important; word-spacing: px !important}
}
@media (max-width: 500px){.p-xsb5673{text-align: left}
.p-xsb5673 .pagelayer-share{padding-top: 10px; padding-bottom: 10px;padding-left: 10px; padding-right: 10px}
.p-xsb5673 .pagelayer-share-content{min-height: NaNpx}
.p-xsb5673 i{font-size: 20px}
.p-xsb5673 .pagelayer-icon-holder{font-size: 20px}
.p-xsb5673 .pagelayer-icon-name{font-family: ; font-size: 13px !important; font-style:  !important; font-weight:  !important; font-variant:  !important; text-decoration-line:  !important; text-decoration-style:  !important; line-height: em !important; text-transform:  !important; letter-spacing: px !important; word-spacing: px !important}
}
</style><div class=""p-9mh2934 pagelayer-share"" pagelayer-id=""9mh2934"">
<a class=""pagelayer-ele-link"" href=""https://www.facebook.com/sharer/sharer.php?u=almuftionline.com/2018/07/22/1824/"" target=""_blank"" title=""fab fa-facebook-square"">
<div class=""pagelayer-share-content pagelayer-facebook-square"" data-icon=""fab fa-facebook-square"">
<div class=""pagelayer-icon-holder pagelayer-share-buttons"">
<i class=""pagelayer-social-fa fab fa-facebook-square""></i>
</div>
<div class=""pagelayer-icon-name"">
<span class=""pagelayer-icon-name-span"">Facebook</span>
</div>
</div>
</a></div><div class=""p-rai4926 pagelayer-share"" pagelayer-id=""rai4926"">
<a class=""pagelayer-ele-link"" href=""https://twitter.com/share?url=almuftionline.com/2018/07/22/1824/"" target=""_blank"" title=""fab fa-twitter-square"">
<div class=""pagelayer-share-content pagelayer-twitter-square"" data-icon=""fab fa-twitter-square"">
<div class=""pagelayer-icon-holder pagelayer-share-buttons"">
<i class=""pagelayer-social-fa fab fa-twitter-square""></i>
</div>
<div class=""pagelayer-icon-name"">
<span class=""pagelayer-icon-name-span"">Twitter</span>
</div>
</div>
</a></div><div class=""p-ndy3728 pagelayer-share"" pagelayer-id=""ndy3728"">
<a class=""pagelayer-ele-link"" href=""whatsapp://send?text=almuftionline.com/2018/07/22/1824/"" target=""_blank"" title=""fab fa-whatsapp"">
<div class=""pagelayer-share-content pagelayer-whatsapp"" data-icon=""fab fa-whatsapp"">
<div class=""pagelayer-icon-holder pagelayer-share-buttons"">
<i class=""pagelayer-social-fa fab fa-whatsapp""></i>
</div>
<div class=""pagelayer-icon-name"">
<span class=""pagelayer-icon-name-span"">WhatsApp</span>
</div>
</div>
</a></div></div></div></div></div></div><div class=""p-zqp4850 pagelayer-inner_row pagelayer-row-stretch-auto pagelayer-height-default"" pagelayer-id=""zqp4850"">
<style pagelayer-style-id=""zqp4850"">.p-zqp4850 .pagelayer-col-holder{padding: 10px}
.p-zqp4850 > .pagelayer-background-overlay{-webkit-transition: all 400ms !important; transition: all 400ms !important}
.p-zqp4850 .pagelayer-svg-top .pagelayer-shape-fill{fill:#227bc3}
.p-zqp4850 .pagelayer-row-svg .pagelayer-svg-top{width:100%;height:100px}
.p-zqp4850 .pagelayer-svg-bottom .pagelayer-shape-fill{fill:#e44993}
.p-zqp4850 .pagelayer-row-svg .pagelayer-svg-bottom{width:100%;height:100px}
</style>
<div class=""pagelayer-row-holder pagelayer-row pagelayer-auto pagelayer-width-auto""><div class=""p-q725202 pagelayer-col pagelayer-col-2"" pagelayer-id=""q725202"">
<style pagelayer-style-id=""q725202"">.p-q725202{align-content: center !important}
.p-q725202 .pagelayer-col-holder > div:not(:last-child){margin-bottom: 15px}
.p-q725202 > .pagelayer-background-overlay{-webkit-transition: all 400ms !important; transition: all 400ms !important}
</style>
<div class=""pagelayer-col-holder""><div class=""p-55r4448 pagelayer-post_nav"" pagelayer-id=""55r4448"">
<style pagelayer-style-id=""55r4448"">.p-55r4448 .pagelayer-post-nav-link{color:#adb5bd;font-family:  !important; font-size: 15px !important; font-style:  !important; font-weight:  !important; font-variant:  !important; text-decoration-line:  !important; text-decoration-style:  !important; line-height: em !important; text-transform:  !important; letter-spacing: px !important; word-spacing: px !important}
.p-55r4448 .pagelayer-post-nav-title{color:#000000;font-family:  !important; font-size: 18px !important; font-style:  !important; font-weight: bold !important; font-variant:  !important; text-decoration-line:  !important; text-decoration-style: Solid !important; line-height: em !important; text-transform:  !important; letter-spacing: px !important; word-spacing: px !important}
.p-55r4448 .pagelayer-post-nav-icon{color:#adb5bd;font-size:30px}
.p-55r4448 .pagelayer-post-nav-separator{display:none}
@media (max-width: 768px) and (min-width: 501px){.p-55r4448 .pagelayer-post-nav-link{font-family:  !important; font-size: 12px !important; font-style:  !important; font-weight:  !important; font-variant:  !important; text-decoration-line:  !important; text-decoration-style: Solid !important; line-height: em !important; text-transform:  !important; letter-spacing: px !important; word-spacing: px !important}
.p-55r4448 .pagelayer-post-nav-title{font-family:  !important; font-size: 15px !important; font-style:  !important; font-weight:  !important; font-variant:  !important; text-decoration-line:  !important; text-decoration-style: Solid !important; line-height: em !important; text-transform:  !important; letter-spacing: px !important; word-spacing: px !important}
}
@media (max-width: 500px){.p-55r4448 .pagelayer-post-nav-link{font-family:  !important; font-size: 12px !important; font-style:  !important; font-weight:  !important; font-variant:  !important; text-decoration-line:  !important; text-decoration-style: Solid !important; line-height: em !important; text-transform:  !important; letter-spacing: px !important; word-spacing: px !important}
.p-55r4448 .pagelayer-post-nav-title{font-family:  !important; font-size: 12px !important; font-style:  !important; font-weight:  !important; font-variant:  !important; text-decoration-line:  !important; text-decoration-style: Solid !important; line-height: em !important; text-transform:  !important; letter-spacing: px !important; word-spacing: px !important}
}
</style><div class=""pagelayer-post-nav-container"">
<div class=""pagelayer-prev-post"">
<a href=""https://almuftionline.com/2018/07/22/1823/"" rel=""prev""><span class=""pagelayer-post-nav-icon fa fa-chevron-left""></span>
<span class=""pagelayer-next-holder"">
<span class=""pagelayer-post-nav-link""> Previous</span><span class=""pagelayer-post-nav-title"">ہر شخص اپنی کمائی کا خود مستحق ہے،دوسرا اس میں شریک نہیں</span>
</span></a>
</div>
<div class=""pagelayer-post-nav-separator""></div>
<div class=""pagelayer-next-post"">
<a href=""https://almuftionline.com/2018/07/28/1835/"" rel=""next""><span class=""pagelayer-next-holder"">
<span class=""pagelayer-post-nav-link""> Next</span><span class=""pagelayer-post-nav-title"">مجلسِ نکاح میں دلہن کے وکیل کی اجازت کے بغیر براہ راست لڑکے سے نکاح قبول کروانے کا حکم</span>
</span>
<span class=""pagelayer-post-nav-icon fa fa-chevron-right""></span></a>
</div>
</div></div></div></div></div></div></div>"
2018-07-22,https://almuftionline.com/2018/07/22/1823/,ہر شخص اپنی کمائی کا خود مستحق ہے،دوسرا اس میں شریک نہیں,,"<h4 class=""has-text-align-center"">اَلجَوَابْ بِاسْمِ مُلْہِمِ الصَّوَابْ

</h4><h6 class=""has-text-align-right"">حوالہ جات</h6><div style=""direction: rtl;font-family: Amiri;
    
     font-size: 13px; font-weight: 400;"">واللہ اعلم بصواب</div><h6 class=""has-text-align-center"">
واللہ سبحانہ وتعالی اعلم
</h6><figure class=""wp-block-table""><table><tbody><tr><td><h3>مجیب</h3></td><td>عبداللہ ولی</td><td><h3>مفتیان</h3></td><td>سیّد عابد شاہ صاحب / محمد حسین خلیل خیل صاحب</td></tr></tbody></table></figure>",63606,jameya-tur-rasheed,شرکت کے مسائل,شرکت سے متعلق متفرق مسائل,"<div class=""pagelayer-col-holder""><div class=""p-kgd1425 pagelayer-post_excerpt"" pagelayer-id=""kgd1425"">
<style pagelayer-style-id=""kgd1425"">.p-kgd1425 .pagelayer-post-excerpt{color:#adb5bd;font-family: ; font-size: 15px !important; font-style: Italic !important; font-weight: 500 !important; font-variant:  !important; text-decoration-line:  !important; text-decoration-style:  !important; line-height: 1.5em !important; text-transform:  !important; letter-spacing: px !important; word-spacing: px !important;margin-top:0px; margin-right:0px; margin-bottom:0px; margin-left:0px}
.p-kgd1425{text-align: left;margin-top: 0px; margin-right: 0px; margin-bottom: 0px; margin-left: 0px;padding-top: 0px; padding-right: 0px; padding-bottom: 0px; padding-left: 0px}
</style></div><div class=""p-4wb1030 pagelayer-featured_img"" pagelayer-id=""4wb1030"">
<style pagelayer-style-id=""4wb1030"">.p-4wb1030{text-align: center}
.p-4wb1030 img{filter: blur(0px) brightness(100%) contrast(100%) grayscale(0%) hue-rotate(0deg) opacity(100%) saturate(100%);box-shadow: 0px 24px 36px 0px rgba(0,0,0,0.10)  !important;-webkit-transition: all 400ms; transition: all 400ms}
.p-4wb1030 .pagelayer-featured-caption{color: #0986c0}
</style>
<div class=""pagelayer-featured-img""></div>
</div><div class=""p-f8n3612 pagelayer-inner_row pagelayer-row-stretch-auto pagelayer-height-default"" pagelayer-id=""f8n3612"">
<style pagelayer-style-id=""f8n3612"">.p-f8n3612 .pagelayer-col-holder{padding: 10px}
.p-f8n3612 > .pagelayer-background-overlay{-webkit-transition: all 400ms !important; transition: all 400ms !important}
.p-f8n3612 .pagelayer-svg-top .pagelayer-shape-fill{fill:#227bc3}
.p-f8n3612 .pagelayer-row-svg .pagelayer-svg-top{width:100%;height:100px}
.p-f8n3612 .pagelayer-svg-bottom .pagelayer-shape-fill{fill:#e44993}
.p-f8n3612 .pagelayer-row-svg .pagelayer-svg-bottom{width:100%;height:100px}
</style>
<div class=""pagelayer-row-holder pagelayer-row pagelayer-auto pagelayer-width-auto""><div class=""p-i795860 pagelayer-col pagelayer-col-4"" pagelayer-id=""i795860"">
<style pagelayer-style-id=""i795860"">.p-i795860{align-content: center !important}
.p-i795860 .pagelayer-col-holder > div:not(:last-child){margin-bottom: 15px}
.p-i795860 > .pagelayer-background-overlay{-webkit-transition: all 400ms !important; transition: all 400ms !important}
</style>
<div class=""pagelayer-col-holder""><div class=""p-qip3968 pagelayer-post_info"" pagelayer-id=""qip3968"">
<style pagelayer-style-id=""qip3968"">.p-qip3968 .pagelayer-post-info-vertical .pagelayer-post-info-list-container{margin-right:25px}
.p-qip3968 .pagelayer-post-info-horizontal .pagelayer-post-info-list-container{margin-bottom:25px}
.p-qip3968 .pagelayer-post-info-container{text-align:right}
.p-qip3968 .pagelayer-post-info-icon span{font-size:120%;color:#495057}
.p-qip3968 .pagelayer-post-info-list-container a{font-family: Roboto !important; font-size: 14px !important; font-style:  !important; font-weight: 500 !important; font-variant:  !important; text-decoration-line:  !important; text-decoration-style:  !important; line-height: 1.6em !important; text-transform:  !important; letter-spacing: px !important; word-spacing: px !important}
.p-qip3968 .pagelayer-post-info-label{color:#495057}
.p-qip3968 .pagelayer-post-info-label a{color:#495057}
.p-qip3968 .pagelayer-post-info-label:hover{color:#000000}
.p-qip3968 .pagelayer-post-info-label:hover a{color:#000000}
</style><div class=""pagelayer-post-info-container pagelayer-post-info-vertical""><div class=""p-xj43574 pagelayer-post_info_list"" pagelayer-id=""xj43574"">
<div class=""pagelayer-post-info-list-container"">
<a class=""pagelayer-post-info-list-link"" href=""https://almuftionline.com/2018/07/22/"">
<span class=""pagelayer-post-info-icon"">
<span class=""far fa-clock""></span>
</span>
<span class=""pagelayer-post-info-label pagelayer-date"">جولائی 22, 2018</span>
</a>
</div></div></div></div></div></div><div class=""p-t2j1983 pagelayer-col pagelayer-col-7"" pagelayer-id=""t2j1983"">
<style pagelayer-style-id=""t2j1983"">.p-t2j1983{align-content: center !important}
.p-t2j1983 .pagelayer-col-holder > div:not(:last-child){margin-bottom: 15px}
.p-t2j1983 > .pagelayer-background-overlay{-webkit-transition: all 400ms !important; transition: all 400ms !important}
</style>
<div class=""pagelayer-col-holder""><div class=""p-dbq3916 pagelayer-post_info"" pagelayer-id=""dbq3916"">
<style pagelayer-style-id=""dbq3916"">.p-dbq3916 .pagelayer-post-info-container{text-align:right}
.p-dbq3916 .pagelayer-post-info-icon span{font-size:120%;color:#495057}
.p-dbq3916 .pagelayer-post-info-list-container a{font-family: Roboto !important; font-size: 14px !important; font-style:  !important; font-weight: 500 !important; font-variant:  !important; text-decoration-line:  !important; text-decoration-style:  !important; line-height: 1.6em !important; text-transform:  !important; letter-spacing: px !important; word-spacing: px !important}
.p-dbq3916 .pagelayer-post-info-label{color:#0072ff}
.p-dbq3916 .pagelayer-post-info-label a{color:#0072ff}
.p-dbq3916 .pagelayer-terms *{color:#f8952c !important;padding-top:5px; padding-right:10px; padding-bottom:5px; padding-left:10px;margin-top:0px; margin-right:5px; margin-bottom:0px; margin-left:5px;border-radius: 4px 4px 4px 4px; -webkit-border-radius:  4px 4px 4px 4px;-moz-border-radius: 4px 4px 4px 4px}
.p-dbq3916{padding-top: 0px; padding-right: 0px; padding-bottom: 0px; padding-left: 0px}
@media (max-width: 768px) and (min-width: 501px){.p-dbq3916 .pagelayer-post-info-container{text-align:left}
}
@media (max-width: 500px){.p-dbq3916 .pagelayer-post-info-container{text-align:left}
}
</style><div class=""pagelayer-post-info-container pagelayer-post-info-vertical""><div class=""p-wpv7212 pagelayer-post_info_list"" pagelayer-id=""wpv7212"">
<div class=""pagelayer-post-info-list-container"">
<span class=""pagelayer-post-info-icon"">
</span>
<span class=""pagelayer-post-info-label pagelayer-terms""> <a href=""https://almuftionline.com/category/fatwa/27/""> شرکت کے مسائل </a></span>
</div></div></div></div></div></div></div></div><div class=""p-trw3096 pagelayer-inner_row pagelayer-row-stretch-auto pagelayer-height-default"" pagelayer-id=""trw3096"">
<style pagelayer-style-id=""trw3096"">.p-trw3096 .pagelayer-col-holder{padding: 10px}
.p-trw3096 > .pagelayer-background-overlay{-webkit-transition: all 400ms !important; transition: all 400ms !important}
.p-trw3096 .pagelayer-svg-top .pagelayer-shape-fill{fill:#227bc3}
.p-trw3096 .pagelayer-row-svg .pagelayer-svg-top{width:100%;height:100px}
.p-trw3096 .pagelayer-svg-bottom .pagelayer-shape-fill{fill:#e44993}
.p-trw3096 .pagelayer-row-svg .pagelayer-svg-bottom{width:100%;height:100px}
</style>
<div class=""pagelayer-row-holder pagelayer-row pagelayer-auto pagelayer-width-auto""><div class=""p-wwu6541 pagelayer-col pagelayer-col-2"" pagelayer-id=""wwu6541"">
<style pagelayer-style-id=""wwu6541"">.p-wwu6541{align-content: center !important}
.p-wwu6541 .pagelayer-col-holder > div:not(:last-child){margin-bottom: 15px}
.p-wwu6541 > .pagelayer-background-overlay{-webkit-transition: all 400ms !important; transition: all 400ms !important}
</style>
<div class=""pagelayer-col-holder""><div class=""p-ccj4284 pagelayer-post_content"" pagelayer-id=""ccj4284"">
<style pagelayer-style-id=""ccj4284"">.p-ccj4284{text-align: right}
</style><div class=""entry-content pagelayer-post-excerpt""><figure class=""wp-block-table""><table><tbody><tr><td>63606  </td><td>شرکت کے مسائل</td><td>شرکت سے متعلق متفرق مسائل</td></tr></tbody></table></figure><div style=""direction:rtl;line-height: 2.5;""><h3 class=""has-text-align-center"">سوال</h3>میں نے اپنے بیٹوں کو 2009ء میں کہا کہ جو کچھ آپ لوگ کماؤگے وہ آپ لوگوں کی ملکیت متصور ہوگی تو اس صورت میں جو وہ کمائیں گے اس میں والدہ، بھائیوں اور بہنوں کا ان کی اس جائیداد میں جو انہوں نے لی ہوئی ہے، حصہ ہوگا یا نہیں ؟<h4 class=""has-text-align-center"">اَلجَوَابْ بِاسْمِ مُلْہِمِ الصَّوَابْ

</h4>آپ کے بیٹوں نے اپنی کمائی سے جو جائیداد خریدی ہے وہ صرف ان کی ملکیت ہے۔ والدہ یا دوسرے بہن بھائیوں کا اس میں کوئی حصہ نہیں۔</div><h6 class=""has-text-align-right"">حوالہ جات</h6><div style=""direction: rtl;font-family: Amiri;
    
     font-size: 13px; font-weight: 400;"">واللہ اعلم بصواب</div>..<h6 class=""has-text-align-center"">
واللہ سبحانہ وتعالی اعلم
</h6><figure class=""wp-block-table""><table><tbody><tr><td><h3>مجیب</h3></td><td>عبداللہ ولی</td><td><h3>مفتیان</h3></td><td>سیّد عابد شاہ صاحب / محمد حسین خلیل خیل صاحب</td></tr></tbody></table></figure></div></div></div></div></div></div><div class=""p-wl6689 pagelayer-inner_row pagelayer-row-stretch-auto pagelayer-height-default"" pagelayer-id=""wl6689"">
<style pagelayer-style-id=""wl6689"">.p-wl6689 .pagelayer-col-holder{padding: 10px}
.p-wl6689 > .pagelayer-background-overlay{-webkit-transition: all 400ms !important; transition: all 400ms !important}
.p-wl6689 .pagelayer-svg-top .pagelayer-shape-fill{fill:#227bc3}
.p-wl6689 .pagelayer-row-svg .pagelayer-svg-top{width:100%;height:100px}
.p-wl6689 .pagelayer-svg-bottom .pagelayer-shape-fill{fill:#e44993}
.p-wl6689 .pagelayer-row-svg .pagelayer-svg-bottom{width:100%;height:100px}
</style>
<div class=""pagelayer-row-holder pagelayer-row pagelayer-auto pagelayer-width-auto""><div class=""p-jzl6522 pagelayer-col pagelayer-col-6"" pagelayer-id=""jzl6522"">
<style pagelayer-style-id=""jzl6522"">.p-jzl6522{align-content: center !important}
.p-jzl6522 .pagelayer-col-holder > div:not(:last-child){margin-bottom: 15px}
.p-jzl6522 > .pagelayer-background-overlay{-webkit-transition: all 400ms !important; transition: all 400ms !important}
</style>
<div class=""pagelayer-col-holder""><div class=""p-xsb5673 pagelayer-share_grp pagelayer-share-type-icon-label pagelayer-social-bg-none pagelayer-scheme-official"" pagelayer-id=""xsb5673"">
<style pagelayer-style-id=""xsb5673"">.p-xsb5673{text-align: right}
.p-xsb5673 .pagelayer-share-content{min-height: 35px;-webkit-transition: all 400ms; transition: all 400ms}
.p-xsb5673 i{font-size: 27px}
.p-xsb5673 .pagelayer-icon-holder{font-size: 27px}
.p-xsb5673 .pagelayer-share-content i{-webkit-transition: all 400ms; transition: all 400ms}
.p-xsb5673 .pagelayer-icon-name{font-family: Roboto; font-size: 15px !important; font-style:  !important; font-weight: 500 !important; font-variant:  !important; text-decoration-line:  !important; text-decoration-style:  !important; line-height: em !important; text-transform:  !important; letter-spacing: px !important; word-spacing: px !important}
@media (max-width: 768px) and (min-width: 501px){.p-xsb5673{text-align: left}
.p-xsb5673 .pagelayer-share{padding-top: 10px; padding-bottom: 10px;padding-left: 10px; padding-right: 10px}
.p-xsb5673 i{font-size: 20px}
.p-xsb5673 .pagelayer-icon-holder{font-size: 20px}
.p-xsb5673 .pagelayer-icon-name{font-family: ; font-size: 13px !important; font-style:  !important; font-weight:  !important; font-variant:  !important; text-decoration-line:  !important; text-decoration-style:  !important; line-height: em !important; text-transform:  !important; letter-spacing: px !important; word-spacing: px !important}
}
@media (max-width: 500px){.p-xsb5673{text-align: left}
.p-xsb5673 .pagelayer-share{padding-top: 10px; padding-bottom: 10px;padding-left: 10px; padding-right: 10px}
.p-xsb5673 .pagelayer-share-content{min-height: NaNpx}
.p-xsb5673 i{font-size: 20px}
.p-xsb5673 .pagelayer-icon-holder{font-size: 20px}
.p-xsb5673 .pagelayer-icon-name{font-family: ; font-size: 13px !important; font-style:  !important; font-weight:  !important; font-variant:  !important; text-decoration-line:  !important; text-decoration-style:  !important; line-height: em !important; text-transform:  !important; letter-spacing: px !important; word-spacing: px !important}
}
</style><div class=""p-9mh2934 pagelayer-share"" pagelayer-id=""9mh2934"">
<a class=""pagelayer-ele-link"" href=""https://www.facebook.com/sharer/sharer.php?u=almuftionline.com/2018/07/22/1823/"" target=""_blank"" title=""fab fa-facebook-square"">
<div class=""pagelayer-share-content pagelayer-facebook-square"" data-icon=""fab fa-facebook-square"">
<div class=""pagelayer-icon-holder pagelayer-share-buttons"">
<i class=""pagelayer-social-fa fab fa-facebook-square""></i>
</div>
<div class=""pagelayer-icon-name"">
<span class=""pagelayer-icon-name-span"">Facebook</span>
</div>
</div>
</a></div><div class=""p-rai4926 pagelayer-share"" pagelayer-id=""rai4926"">
<a class=""pagelayer-ele-link"" href=""https://twitter.com/share?url=almuftionline.com/2018/07/22/1823/"" target=""_blank"" title=""fab fa-twitter-square"">
<div class=""pagelayer-share-content pagelayer-twitter-square"" data-icon=""fab fa-twitter-square"">
<div class=""pagelayer-icon-holder pagelayer-share-buttons"">
<i class=""pagelayer-social-fa fab fa-twitter-square""></i>
</div>
<div class=""pagelayer-icon-name"">
<span class=""pagelayer-icon-name-span"">Twitter</span>
</div>
</div>
</a></div><div class=""p-ndy3728 pagelayer-share"" pagelayer-id=""ndy3728"">
<a class=""pagelayer-ele-link"" href=""whatsapp://send?text=almuftionline.com/2018/07/22/1823/"" target=""_blank"" title=""fab fa-whatsapp"">
<div class=""pagelayer-share-content pagelayer-whatsapp"" data-icon=""fab fa-whatsapp"">
<div class=""pagelayer-icon-holder pagelayer-share-buttons"">
<i class=""pagelayer-social-fa fab fa-whatsapp""></i>
</div>
<div class=""pagelayer-icon-name"">
<span class=""pagelayer-icon-name-span"">WhatsApp</span>
</div>
</div>
</a></div></div></div></div></div></div><div class=""p-zqp4850 pagelayer-inner_row pagelayer-row-stretch-auto pagelayer-height-default"" pagelayer-id=""zqp4850"">
<style pagelayer-style-id=""zqp4850"">.p-zqp4850 .pagelayer-col-holder{padding: 10px}
.p-zqp4850 > .pagelayer-background-overlay{-webkit-transition: all 400ms !important; transition: all 400ms !important}
.p-zqp4850 .pagelayer-svg-top .pagelayer-shape-fill{fill:#227bc3}
.p-zqp4850 .pagelayer-row-svg .pagelayer-svg-top{width:100%;height:100px}
.p-zqp4850 .pagelayer-svg-bottom .pagelayer-shape-fill{fill:#e44993}
.p-zqp4850 .pagelayer-row-svg .pagelayer-svg-bottom{width:100%;height:100px}
</style>
<div class=""pagelayer-row-holder pagelayer-row pagelayer-auto pagelayer-width-auto""><div class=""p-q725202 pagelayer-col pagelayer-col-2"" pagelayer-id=""q725202"">
<style pagelayer-style-id=""q725202"">.p-q725202{align-content: center !important}
.p-q725202 .pagelayer-col-holder > div:not(:last-child){margin-bottom: 15px}
.p-q725202 > .pagelayer-background-overlay{-webkit-transition: all 400ms !important; transition: all 400ms !important}
</style>
<div class=""pagelayer-col-holder""><div class=""p-55r4448 pagelayer-post_nav"" pagelayer-id=""55r4448"">
<style pagelayer-style-id=""55r4448"">.p-55r4448 .pagelayer-post-nav-link{color:#adb5bd;font-family:  !important; font-size: 15px !important; font-style:  !important; font-weight:  !important; font-variant:  !important; text-decoration-line:  !important; text-decoration-style:  !important; line-height: em !important; text-transform:  !important; letter-spacing: px !important; word-spacing: px !important}
.p-55r4448 .pagelayer-post-nav-title{color:#000000;font-family:  !important; font-size: 18px !important; font-style:  !important; font-weight: bold !important; font-variant:  !important; text-decoration-line:  !important; text-decoration-style: Solid !important; line-height: em !important; text-transform:  !important; letter-spacing: px !important; word-spacing: px !important}
.p-55r4448 .pagelayer-post-nav-icon{color:#adb5bd;font-size:30px}
.p-55r4448 .pagelayer-post-nav-separator{display:none}
@media (max-width: 768px) and (min-width: 501px){.p-55r4448 .pagelayer-post-nav-link{font-family:  !important; font-size: 12px !important; font-style:  !important; font-weight:  !important; font-variant:  !important; text-decoration-line:  !important; text-decoration-style: Solid !important; line-height: em !important; text-transform:  !important; letter-spacing: px !important; word-spacing: px !important}
.p-55r4448 .pagelayer-post-nav-title{font-family:  !important; font-size: 15px !important; font-style:  !important; font-weight:  !important; font-variant:  !important; text-decoration-line:  !important; text-decoration-style: Solid !important; line-height: em !important; text-transform:  !important; letter-spacing: px !important; word-spacing: px !important}
}
@media (max-width: 500px){.p-55r4448 .pagelayer-post-nav-link{font-family:  !important; font-size: 12px !important; font-style:  !important; font-weight:  !important; font-variant:  !important; text-decoration-line:  !important; text-decoration-style: Solid !important; line-height: em !important; text-transform:  !important; letter-spacing: px !important; word-spacing: px !important}
.p-55r4448 .pagelayer-post-nav-title{font-family:  !important; font-size: 12px !important; font-style:  !important; font-weight:  !important; font-variant:  !important; text-decoration-line:  !important; text-decoration-style: Solid !important; line-height: em !important; text-transform:  !important; letter-spacing: px !important; word-spacing: px !important}
}
</style><div class=""pagelayer-post-nav-container"">
<div class=""pagelayer-prev-post"">
<a href=""https://almuftionline.com/2018/07/22/1816/"" rel=""prev""><span class=""pagelayer-post-nav-icon fa fa-chevron-left""></span>
<span class=""pagelayer-next-holder"">
<span class=""pagelayer-post-nav-link""> Previous</span><span class=""pagelayer-post-nav-title"">بھائی کا بہن اور بہنوئی کو زکوۃ دینا</span>
</span></a>
</div>
<div class=""pagelayer-post-nav-separator""></div>
<div class=""pagelayer-next-post"">
<a href=""https://almuftionline.com/2018/07/22/1824/"" rel=""next""><span class=""pagelayer-next-holder"">
<span class=""pagelayer-post-nav-link""> Next</span><span class=""pagelayer-post-nav-title"">زندگی میں اولاد کے درمیان زمین کی تقسیم</span>
</span>
<span class=""pagelayer-post-nav-icon fa fa-chevron-right""></span></a>
</div>
</div></div></div></div></div></div></div>"
2018-07-22,https://almuftionline.com/2018/07/22/1816/,بھائی کا بہن اور بہنوئی کو زکوۃ دینا,,"<h4 class=""has-text-align-center"">اَلجَوَابْ بِاسْمِ مُلْہِمِ الصَّوَابْ

</h4><h6 class=""has-text-align-right"">حوالہ جات</h6><div style=""direction: rtl;font-family: Amiri;
    
     font-size: 13px; font-weight: 400;"">حاشية ابن عابدين (2/ 346):
وقيد بالولاد لجوازه لبقية الأقارب كالإخوة والأعمام والأخوال الفقراء بل هم أولى لأنه 
صلة وصدقة.  وفي الظهيرية ويبدأ في الصدقات بالأقارب ثم الموالي ثم الجيران…. الخ
</div><h6 class=""has-text-align-center"">
واللہ سبحانہ وتعالی اعلم
</h6><figure class=""wp-block-table""><table><tbody><tr><td><h3>مجیب</h3></td><td>عبداللہ ولی</td><td><h3>مفتیان</h3></td><td>سیّد عابد شاہ صاحب / محمد حسین خلیل خیل صاحب</td></tr></tbody></table></figure>",63610,jameya-tur-rasheed,زکوة کابیان,مستحقین زکوة کا بیان,"<div class=""pagelayer-col-holder""><div class=""p-kgd1425 pagelayer-post_excerpt"" pagelayer-id=""kgd1425"">
<style pagelayer-style-id=""kgd1425"">.p-kgd1425 .pagelayer-post-excerpt{color:#adb5bd;font-family: ; font-size: 15px !important; font-style: Italic !important; font-weight: 500 !important; font-variant:  !important; text-decoration-line:  !important; text-decoration-style:  !important; line-height: 1.5em !important; text-transform:  !important; letter-spacing: px !important; word-spacing: px !important;margin-top:0px; margin-right:0px; margin-bottom:0px; margin-left:0px}
.p-kgd1425{text-align: left;margin-top: 0px; margin-right: 0px; margin-bottom: 0px; margin-left: 0px;padding-top: 0px; padding-right: 0px; padding-bottom: 0px; padding-left: 0px}
</style></div><div class=""p-4wb1030 pagelayer-featured_img"" pagelayer-id=""4wb1030"">
<style pagelayer-style-id=""4wb1030"">.p-4wb1030{text-align: center}
.p-4wb1030 img{filter: blur(0px) brightness(100%) contrast(100%) grayscale(0%) hue-rotate(0deg) opacity(100%) saturate(100%);box-shadow: 0px 24px 36px 0px rgba(0,0,0,0.10)  !important;-webkit-transition: all 400ms; transition: all 400ms}
.p-4wb1030 .pagelayer-featured-caption{color: #0986c0}
</style>
<div class=""pagelayer-featured-img""></div>
</div><div class=""p-f8n3612 pagelayer-inner_row pagelayer-row-stretch-auto pagelayer-height-default"" pagelayer-id=""f8n3612"">
<style pagelayer-style-id=""f8n3612"">.p-f8n3612 .pagelayer-col-holder{padding: 10px}
.p-f8n3612 > .pagelayer-background-overlay{-webkit-transition: all 400ms !important; transition: all 400ms !important}
.p-f8n3612 .pagelayer-svg-top .pagelayer-shape-fill{fill:#227bc3}
.p-f8n3612 .pagelayer-row-svg .pagelayer-svg-top{width:100%;height:100px}
.p-f8n3612 .pagelayer-svg-bottom .pagelayer-shape-fill{fill:#e44993}
.p-f8n3612 .pagelayer-row-svg .pagelayer-svg-bottom{width:100%;height:100px}
</style>
<div class=""pagelayer-row-holder pagelayer-row pagelayer-auto pagelayer-width-auto""><div class=""p-i795860 pagelayer-col pagelayer-col-4"" pagelayer-id=""i795860"">
<style pagelayer-style-id=""i795860"">.p-i795860{align-content: center !important}
.p-i795860 .pagelayer-col-holder > div:not(:last-child){margin-bottom: 15px}
.p-i795860 > .pagelayer-background-overlay{-webkit-transition: all 400ms !important; transition: all 400ms !important}
</style>
<div class=""pagelayer-col-holder""><div class=""p-qip3968 pagelayer-post_info"" pagelayer-id=""qip3968"">
<style pagelayer-style-id=""qip3968"">.p-qip3968 .pagelayer-post-info-vertical .pagelayer-post-info-list-container{margin-right:25px}
.p-qip3968 .pagelayer-post-info-horizontal .pagelayer-post-info-list-container{margin-bottom:25px}
.p-qip3968 .pagelayer-post-info-container{text-align:right}
.p-qip3968 .pagelayer-post-info-icon span{font-size:120%;color:#495057}
.p-qip3968 .pagelayer-post-info-list-container a{font-family: Roboto !important; font-size: 14px !important; font-style:  !important; font-weight: 500 !important; font-variant:  !important; text-decoration-line:  !important; text-decoration-style:  !important; line-height: 1.6em !important; text-transform:  !important; letter-spacing: px !important; word-spacing: px !important}
.p-qip3968 .pagelayer-post-info-label{color:#495057}
.p-qip3968 .pagelayer-post-info-label a{color:#495057}
.p-qip3968 .pagelayer-post-info-label:hover{color:#000000}
.p-qip3968 .pagelayer-post-info-label:hover a{color:#000000}
</style><div class=""pagelayer-post-info-container pagelayer-post-info-vertical""><div class=""p-xj43574 pagelayer-post_info_list"" pagelayer-id=""xj43574"">
<div class=""pagelayer-post-info-list-container"">
<a class=""pagelayer-post-info-list-link"" href=""https://almuftionline.com/2018/07/22/"">
<span class=""pagelayer-post-info-icon"">
<span class=""far fa-clock""></span>
</span>
<span class=""pagelayer-post-info-label pagelayer-date"">جولائی 22, 2018</span>
</a>
</div></div></div></div></div></div><div class=""p-t2j1983 pagelayer-col pagelayer-col-7"" pagelayer-id=""t2j1983"">
<style pagelayer-style-id=""t2j1983"">.p-t2j1983{align-content: center !important}
.p-t2j1983 .pagelayer-col-holder > div:not(:last-child){margin-bottom: 15px}
.p-t2j1983 > .pagelayer-background-overlay{-webkit-transition: all 400ms !important; transition: all 400ms !important}
</style>
<div class=""pagelayer-col-holder""><div class=""p-dbq3916 pagelayer-post_info"" pagelayer-id=""dbq3916"">
<style pagelayer-style-id=""dbq3916"">.p-dbq3916 .pagelayer-post-info-container{text-align:right}
.p-dbq3916 .pagelayer-post-info-icon span{font-size:120%;color:#495057}
.p-dbq3916 .pagelayer-post-info-list-container a{font-family: Roboto !important; font-size: 14px !important; font-style:  !important; font-weight: 500 !important; font-variant:  !important; text-decoration-line:  !important; text-decoration-style:  !important; line-height: 1.6em !important; text-transform:  !important; letter-spacing: px !important; word-spacing: px !important}
.p-dbq3916 .pagelayer-post-info-label{color:#0072ff}
.p-dbq3916 .pagelayer-post-info-label a{color:#0072ff}
.p-dbq3916 .pagelayer-terms *{color:#f8952c !important;padding-top:5px; padding-right:10px; padding-bottom:5px; padding-left:10px;margin-top:0px; margin-right:5px; margin-bottom:0px; margin-left:5px;border-radius: 4px 4px 4px 4px; -webkit-border-radius:  4px 4px 4px 4px;-moz-border-radius: 4px 4px 4px 4px}
.p-dbq3916{padding-top: 0px; padding-right: 0px; padding-bottom: 0px; padding-left: 0px}
@media (max-width: 768px) and (min-width: 501px){.p-dbq3916 .pagelayer-post-info-container{text-align:left}
}
@media (max-width: 500px){.p-dbq3916 .pagelayer-post-info-container{text-align:left}
}
</style><div class=""pagelayer-post-info-container pagelayer-post-info-vertical""><div class=""p-wpv7212 pagelayer-post_info_list"" pagelayer-id=""wpv7212"">
<div class=""pagelayer-post-info-list-container"">
<span class=""pagelayer-post-info-icon"">
</span>
<span class=""pagelayer-post-info-label pagelayer-terms""> <a href=""https://almuftionline.com/category/fatwa/15/""> زکوة کابیان </a></span>
</div></div></div></div></div></div></div></div><div class=""p-trw3096 pagelayer-inner_row pagelayer-row-stretch-auto pagelayer-height-default"" pagelayer-id=""trw3096"">
<style pagelayer-style-id=""trw3096"">.p-trw3096 .pagelayer-col-holder{padding: 10px}
.p-trw3096 > .pagelayer-background-overlay{-webkit-transition: all 400ms !important; transition: all 400ms !important}
.p-trw3096 .pagelayer-svg-top .pagelayer-shape-fill{fill:#227bc3}
.p-trw3096 .pagelayer-row-svg .pagelayer-svg-top{width:100%;height:100px}
.p-trw3096 .pagelayer-svg-bottom .pagelayer-shape-fill{fill:#e44993}
.p-trw3096 .pagelayer-row-svg .pagelayer-svg-bottom{width:100%;height:100px}
</style>
<div class=""pagelayer-row-holder pagelayer-row pagelayer-auto pagelayer-width-auto""><div class=""p-wwu6541 pagelayer-col pagelayer-col-2"" pagelayer-id=""wwu6541"">
<style pagelayer-style-id=""wwu6541"">.p-wwu6541{align-content: center !important}
.p-wwu6541 .pagelayer-col-holder > div:not(:last-child){margin-bottom: 15px}
.p-wwu6541 > .pagelayer-background-overlay{-webkit-transition: all 400ms !important; transition: all 400ms !important}
</style>
<div class=""pagelayer-col-holder""><div class=""p-ccj4284 pagelayer-post_content"" pagelayer-id=""ccj4284"">
<style pagelayer-style-id=""ccj4284"">.p-ccj4284{text-align: right}
</style><div class=""entry-content pagelayer-post-excerpt""><figure class=""wp-block-table""><table><tbody><tr><td>63610</td><td>زکوة کابیان</td><td>مستحقین زکوة کا بیان</td></tr></tbody></table></figure><div style=""direction:rtl;line-height: 2.5;""><h3 class=""has-text-align-center"">سوال</h3>بھائی، اپنی بہن اور بہنوئی کو (جو اس وقت دینی تعلیم میں مصروف ہیں) زکوۃ کی رقم دے سکتے ہیں یا نہیں؟<h4 class=""has-text-align-center"">اَلجَوَابْ بِاسْمِ مُلْہِمِ الصَّوَابْ

</h4>جی ہاں! بھائی اپنی مستحقِ زکوۃ بہن اور بہنوئی کو زکوۃ کی رقم دے سکتے ہیں۔ بلکہ دوسرے لوگوں کے مقابلے میں ان کو دینا افضل ہے۔</div><h6 class=""has-text-align-right"">حوالہ جات</h6><div style=""direction: rtl;font-family: Amiri;
    
     font-size: 13px; font-weight: 400;"">حاشية ابن عابدين (2/ 346):
وقيد بالولاد لجوازه لبقية الأقارب كالإخوة والأعمام والأخوال الفقراء بل هم أولى لأنه 
صلة وصدقة.  وفي الظهيرية ويبدأ في الصدقات بالأقارب ثم الموالي ثم الجيران…. الخ
</div>..<h6 class=""has-text-align-center"">
واللہ سبحانہ وتعالی اعلم
</h6><figure class=""wp-block-table""><table><tbody><tr><td><h3>مجیب</h3></td><td>عبداللہ ولی</td><td><h3>مفتیان</h3></td><td>سیّد عابد شاہ صاحب / محمد حسین خلیل خیل صاحب</td></tr></tbody></table></figure></div></div></div></div></div></div><div class=""p-wl6689 pagelayer-inner_row pagelayer-row-stretch-auto pagelayer-height-default"" pagelayer-id=""wl6689"">
<style pagelayer-style-id=""wl6689"">.p-wl6689 .pagelayer-col-holder{padding: 10px}
.p-wl6689 > .pagelayer-background-overlay{-webkit-transition: all 400ms !important; transition: all 400ms !important}
.p-wl6689 .pagelayer-svg-top .pagelayer-shape-fill{fill:#227bc3}
.p-wl6689 .pagelayer-row-svg .pagelayer-svg-top{width:100%;height:100px}
.p-wl6689 .pagelayer-svg-bottom .pagelayer-shape-fill{fill:#e44993}
.p-wl6689 .pagelayer-row-svg .pagelayer-svg-bottom{width:100%;height:100px}
</style>
<div class=""pagelayer-row-holder pagelayer-row pagelayer-auto pagelayer-width-auto""><div class=""p-jzl6522 pagelayer-col pagelayer-col-6"" pagelayer-id=""jzl6522"">
<style pagelayer-style-id=""jzl6522"">.p-jzl6522{align-content: center !important}
.p-jzl6522 .pagelayer-col-holder > div:not(:last-child){margin-bottom: 15px}
.p-jzl6522 > .pagelayer-background-overlay{-webkit-transition: all 400ms !important; transition: all 400ms !important}
</style>
<div class=""pagelayer-col-holder""><div class=""p-xsb5673 pagelayer-share_grp pagelayer-share-type-icon-label pagelayer-social-bg-none pagelayer-scheme-official"" pagelayer-id=""xsb5673"">
<style pagelayer-style-id=""xsb5673"">.p-xsb5673{text-align: right}
.p-xsb5673 .pagelayer-share-content{min-height: 35px;-webkit-transition: all 400ms; transition: all 400ms}
.p-xsb5673 i{font-size: 27px}
.p-xsb5673 .pagelayer-icon-holder{font-size: 27px}
.p-xsb5673 .pagelayer-share-content i{-webkit-transition: all 400ms; transition: all 400ms}
.p-xsb5673 .pagelayer-icon-name{font-family: Roboto; font-size: 15px !important; font-style:  !important; font-weight: 500 !important; font-variant:  !important; text-decoration-line:  !important; text-decoration-style:  !important; line-height: em !important; text-transform:  !important; letter-spacing: px !important; word-spacing: px !important}
@media (max-width: 768px) and (min-width: 501px){.p-xsb5673{text-align: left}
.p-xsb5673 .pagelayer-share{padding-top: 10px; padding-bottom: 10px;padding-left: 10px; padding-right: 10px}
.p-xsb5673 i{font-size: 20px}
.p-xsb5673 .pagelayer-icon-holder{font-size: 20px}
.p-xsb5673 .pagelayer-icon-name{font-family: ; font-size: 13px !important; font-style:  !important; font-weight:  !important; font-variant:  !important; text-decoration-line:  !important; text-decoration-style:  !important; line-height: em !important; text-transform:  !important; letter-spacing: px !important; word-spacing: px !important}
}
@media (max-width: 500px){.p-xsb5673{text-align: left}
.p-xsb5673 .pagelayer-share{padding-top: 10px; padding-bottom: 10px;padding-left: 10px; padding-right: 10px}
.p-xsb5673 .pagelayer-share-content{min-height: NaNpx}
.p-xsb5673 i{font-size: 20px}
.p-xsb5673 .pagelayer-icon-holder{font-size: 20px}
.p-xsb5673 .pagelayer-icon-name{font-family: ; font-size: 13px !important; font-style:  !important; font-weight:  !important; font-variant:  !important; text-decoration-line:  !important; text-decoration-style:  !important; line-height: em !important; text-transform:  !important; letter-spacing: px !important; word-spacing: px !important}
}
</style><div class=""p-9mh2934 pagelayer-share"" pagelayer-id=""9mh2934"">
<a class=""pagelayer-ele-link"" href=""https://www.facebook.com/sharer/sharer.php?u=almuftionline.com/2018/07/22/1816/"" target=""_blank"" title=""fab fa-facebook-square"">
<div class=""pagelayer-share-content pagelayer-facebook-square"" data-icon=""fab fa-facebook-square"">
<div class=""pagelayer-icon-holder pagelayer-share-buttons"">
<i class=""pagelayer-social-fa fab fa-facebook-square""></i>
</div>
<div class=""pagelayer-icon-name"">
<span class=""pagelayer-icon-name-span"">Facebook</span>
</div>
</div>
</a></div><div class=""p-rai4926 pagelayer-share"" pagelayer-id=""rai4926"">
<a class=""pagelayer-ele-link"" href=""https://twitter.com/share?url=almuftionline.com/2018/07/22/1816/"" target=""_blank"" title=""fab fa-twitter-square"">
<div class=""pagelayer-share-content pagelayer-twitter-square"" data-icon=""fab fa-twitter-square"">
<div class=""pagelayer-icon-holder pagelayer-share-buttons"">
<i class=""pagelayer-social-fa fab fa-twitter-square""></i>
</div>
<div class=""pagelayer-icon-name"">
<span class=""pagelayer-icon-name-span"">Twitter</span>
</div>
</div>
</a></div><div class=""p-ndy3728 pagelayer-share"" pagelayer-id=""ndy3728"">
<a class=""pagelayer-ele-link"" href=""whatsapp://send?text=almuftionline.com/2018/07/22/1816/"" target=""_blank"" title=""fab fa-whatsapp"">
<div class=""pagelayer-share-content pagelayer-whatsapp"" data-icon=""fab fa-whatsapp"">
<div class=""pagelayer-icon-holder pagelayer-share-buttons"">
<i class=""pagelayer-social-fa fab fa-whatsapp""></i>
</div>
<div class=""pagelayer-icon-name"">
<span class=""pagelayer-icon-name-span"">WhatsApp</span>
</div>
</div>
</a></div></div></div></div></div></div><div class=""p-zqp4850 pagelayer-inner_row pagelayer-row-stretch-auto pagelayer-height-default"" pagelayer-id=""zqp4850"">
<style pagelayer-style-id=""zqp4850"">.p-zqp4850 .pagelayer-col-holder{padding: 10px}
.p-zqp4850 > .pagelayer-background-overlay{-webkit-transition: all 400ms !important; transition: all 400ms !important}
.p-zqp4850 .pagelayer-svg-top .pagelayer-shape-fill{fill:#227bc3}
.p-zqp4850 .pagelayer-row-svg .pagelayer-svg-top{width:100%;height:100px}
.p-zqp4850 .pagelayer-svg-bottom .pagelayer-shape-fill{fill:#e44993}
.p-zqp4850 .pagelayer-row-svg .pagelayer-svg-bottom{width:100%;height:100px}
</style>
<div class=""pagelayer-row-holder pagelayer-row pagelayer-auto pagelayer-width-auto""><div class=""p-q725202 pagelayer-col pagelayer-col-2"" pagelayer-id=""q725202"">
<style pagelayer-style-id=""q725202"">.p-q725202{align-content: center !important}
.p-q725202 .pagelayer-col-holder > div:not(:last-child){margin-bottom: 15px}
.p-q725202 > .pagelayer-background-overlay{-webkit-transition: all 400ms !important; transition: all 400ms !important}
</style>
<div class=""pagelayer-col-holder""><div class=""p-55r4448 pagelayer-post_nav"" pagelayer-id=""55r4448"">
<style pagelayer-style-id=""55r4448"">.p-55r4448 .pagelayer-post-nav-link{color:#adb5bd;font-family:  !important; font-size: 15px !important; font-style:  !important; font-weight:  !important; font-variant:  !important; text-decoration-line:  !important; text-decoration-style:  !important; line-height: em !important; text-transform:  !important; letter-spacing: px !important; word-spacing: px !important}
.p-55r4448 .pagelayer-post-nav-title{color:#000000;font-family:  !important; font-size: 18px !important; font-style:  !important; font-weight: bold !important; font-variant:  !important; text-decoration-line:  !important; text-decoration-style: Solid !important; line-height: em !important; text-transform:  !important; letter-spacing: px !important; word-spacing: px !important}
.p-55r4448 .pagelayer-post-nav-icon{color:#adb5bd;font-size:30px}
.p-55r4448 .pagelayer-post-nav-separator{display:none}
@media (max-width: 768px) and (min-width: 501px){.p-55r4448 .pagelayer-post-nav-link{font-family:  !important; font-size: 12px !important; font-style:  !important; font-weight:  !important; font-variant:  !important; text-decoration-line:  !important; text-decoration-style: Solid !important; line-height: em !important; text-transform:  !important; letter-spacing: px !important; word-spacing: px !important}
.p-55r4448 .pagelayer-post-nav-title{font-family:  !important; font-size: 15px !important; font-style:  !important; font-weight:  !important; font-variant:  !important; text-decoration-line:  !important; text-decoration-style: Solid !important; line-height: em !important; text-transform:  !important; letter-spacing: px !important; word-spacing: px !important}
}
@media (max-width: 500px){.p-55r4448 .pagelayer-post-nav-link{font-family:  !important; font-size: 12px !important; font-style:  !important; font-weight:  !important; font-variant:  !important; text-decoration-line:  !important; text-decoration-style: Solid !important; line-height: em !important; text-transform:  !important; letter-spacing: px !important; word-spacing: px !important}
.p-55r4448 .pagelayer-post-nav-title{font-family:  !important; font-size: 12px !important; font-style:  !important; font-weight:  !important; font-variant:  !important; text-decoration-line:  !important; text-decoration-style: Solid !important; line-height: em !important; text-transform:  !important; letter-spacing: px !important; word-spacing: px !important}
}
</style><div class=""pagelayer-post-nav-container"">
<div class=""pagelayer-prev-post"">
<a href=""https://almuftionline.com/2018/07/22/1815/"" rel=""prev""><span class=""pagelayer-post-nav-icon fa fa-chevron-left""></span>
<span class=""pagelayer-next-holder"">
<span class=""pagelayer-post-nav-link""> Previous</span><span class=""pagelayer-post-nav-title"">ایک بیٹی کو ضرورت مند ہونے کی وجہ سے پلاٹ ہدیہ میں دینا</span>
</span></a>
</div>
<div class=""pagelayer-post-nav-separator""></div>
<div class=""pagelayer-next-post"">
<a href=""https://almuftionline.com/2018/07/22/1823/"" rel=""next""><span class=""pagelayer-next-holder"">
<span class=""pagelayer-post-nav-link""> Next</span><span class=""pagelayer-post-nav-title"">ہر شخص اپنی کمائی کا خود مستحق ہے،دوسرا اس میں شریک نہیں</span>
</span>
<span class=""pagelayer-post-nav-icon fa fa-chevron-right""></span></a>
</div>
</div></div></div></div></div></div></div>"
2018-07-22,https://almuftionline.com/2018/07/22/1815/,ایک بیٹی کو ضرورت مند ہونے کی وجہ سے پلاٹ ہدیہ میں دینا,,"<h4 class=""has-text-align-center"">اَلجَوَابْ بِاسْمِ مُلْہِمِ الصَّوَابْ

</h4><h6 class=""has-text-align-right"">حوالہ جات</h6><div style=""direction: rtl;font-family: Amiri;
    
     font-size: 13px; font-weight: 400;"">صحيح مسلم - عبد الباقي (3/ 1243):
عن النعمان بن بشير قال: انطلق بي أبي يحملني إلى رسول الله صلى الله عليه وسلم فقال : يا رسول الله اشهد أني قد نحلت النعمان كذا وكذا من مالي فقال أكل بنيك قد نحلت مثل ما نحلت النعمان؟ قال لا، قال: فأشهد على هذا غيري ثم قال أيسرك أن يكونوا إليك في البر سواء قال بلى قال فلا إذا.
تكملة فتح الملهم (2/65-64):
فالذي یظهر لهذا العبد الضعيف عفا الله عنه : أن الوالد إن وهب لأحد أبنائه هبة أكثر من غيره اتفاقا أو بسبب علمه أو عمله أو بره بالوالدين من غير أن يقصد بذلك إضرار الآخرين ولا الجور عليهم كان جائزا على قول الجمهور....أما إذا قصد الوالد الإضرار أو تفضيل أحد الأبناء على غيره بقصد التفضيل من غير داعية مجوزة لذلك؛ فإنه لايبيحه أحد. والظاهر من الروایات فی قصة النعمان بن بشیر رضی الله عنهما ان الواقع فیها کان الثانی دون الأول.
حاشية ابن عابدين (4/ 444):
وفي صحيح مسلم من حديث النعمان بن بشير ""اتقوا الله وعدلوا في أولادكم""، فالعدل من حقوق الأولاد في العطايا، والوقف عطية فيسوي بين الذكر والأنثى؛ لأنهم فسروا العدل في الأولاد بالتسوية في العطايا حال الحياة.وفي الخانية: ولو وهب شيئا لأولاده في الصحة وأراد تفضيل البعض على البعض روى عن أبي حنيفة لا بأس به إذا كان التفضيل لزيادة فضل في الدين وإن كانوا سواء يكره،وروى المعلى عن أبي يوسف أنه لا بأس به إذا لم يقصد الإضرار وإلا سوى بينهم وعليه الفتوى وقال محمد يعطى للذكر ضعف الأنثى.
</div><h6 class=""has-text-align-center"">
واللہ سبحانہ وتعالی اعلم
</h6><figure class=""wp-block-table""><table><tbody><tr><td><h3>مجیب</h3></td><td>عبداللہ ولی</td><td><h3>مفتیان</h3></td><td>سیّد عابد شاہ صاحب / محمد حسین خلیل خیل صاحب</td></tr></tbody></table></figure>",63609,jameya-tur-rasheed,ہبہ اور صدقہ کے مسائل,ہبہ کےمتفرق مسائل,"<div class=""pagelayer-col-holder""><div class=""p-kgd1425 pagelayer-post_excerpt"" pagelayer-id=""kgd1425"">
<style pagelayer-style-id=""kgd1425"">.p-kgd1425 .pagelayer-post-excerpt{color:#adb5bd;font-family: ; font-size: 15px !important; font-style: Italic !important; font-weight: 500 !important; font-variant:  !important; text-decoration-line:  !important; text-decoration-style:  !important; line-height: 1.5em !important; text-transform:  !important; letter-spacing: px !important; word-spacing: px !important;margin-top:0px; margin-right:0px; margin-bottom:0px; margin-left:0px}
.p-kgd1425{text-align: left;margin-top: 0px; margin-right: 0px; margin-bottom: 0px; margin-left: 0px;padding-top: 0px; padding-right: 0px; padding-bottom: 0px; padding-left: 0px}
</style></div><div class=""p-4wb1030 pagelayer-featured_img"" pagelayer-id=""4wb1030"">
<style pagelayer-style-id=""4wb1030"">.p-4wb1030{text-align: center}
.p-4wb1030 img{filter: blur(0px) brightness(100%) contrast(100%) grayscale(0%) hue-rotate(0deg) opacity(100%) saturate(100%);box-shadow: 0px 24px 36px 0px rgba(0,0,0,0.10)  !important;-webkit-transition: all 400ms; transition: all 400ms}
.p-4wb1030 .pagelayer-featured-caption{color: #0986c0}
</style>
<div class=""pagelayer-featured-img""></div>
</div><div class=""p-f8n3612 pagelayer-inner_row pagelayer-row-stretch-auto pagelayer-height-default"" pagelayer-id=""f8n3612"">
<style pagelayer-style-id=""f8n3612"">.p-f8n3612 .pagelayer-col-holder{padding: 10px}
.p-f8n3612 > .pagelayer-background-overlay{-webkit-transition: all 400ms !important; transition: all 400ms !important}
.p-f8n3612 .pagelayer-svg-top .pagelayer-shape-fill{fill:#227bc3}
.p-f8n3612 .pagelayer-row-svg .pagelayer-svg-top{width:100%;height:100px}
.p-f8n3612 .pagelayer-svg-bottom .pagelayer-shape-fill{fill:#e44993}
.p-f8n3612 .pagelayer-row-svg .pagelayer-svg-bottom{width:100%;height:100px}
</style>
<div class=""pagelayer-row-holder pagelayer-row pagelayer-auto pagelayer-width-auto""><div class=""p-i795860 pagelayer-col pagelayer-col-4"" pagelayer-id=""i795860"">
<style pagelayer-style-id=""i795860"">.p-i795860{align-content: center !important}
.p-i795860 .pagelayer-col-holder > div:not(:last-child){margin-bottom: 15px}
.p-i795860 > .pagelayer-background-overlay{-webkit-transition: all 400ms !important; transition: all 400ms !important}
</style>
<div class=""pagelayer-col-holder""><div class=""p-qip3968 pagelayer-post_info"" pagelayer-id=""qip3968"">
<style pagelayer-style-id=""qip3968"">.p-qip3968 .pagelayer-post-info-vertical .pagelayer-post-info-list-container{margin-right:25px}
.p-qip3968 .pagelayer-post-info-horizontal .pagelayer-post-info-list-container{margin-bottom:25px}
.p-qip3968 .pagelayer-post-info-container{text-align:right}
.p-qip3968 .pagelayer-post-info-icon span{font-size:120%;color:#495057}
.p-qip3968 .pagelayer-post-info-list-container a{font-family: Roboto !important; font-size: 14px !important; font-style:  !important; font-weight: 500 !important; font-variant:  !important; text-decoration-line:  !important; text-decoration-style:  !important; line-height: 1.6em !important; text-transform:  !important; letter-spacing: px !important; word-spacing: px !important}
.p-qip3968 .pagelayer-post-info-label{color:#495057}
.p-qip3968 .pagelayer-post-info-label a{color:#495057}
.p-qip3968 .pagelayer-post-info-label:hover{color:#000000}
.p-qip3968 .pagelayer-post-info-label:hover a{color:#000000}
</style><div class=""pagelayer-post-info-container pagelayer-post-info-vertical""><div class=""p-xj43574 pagelayer-post_info_list"" pagelayer-id=""xj43574"">
<div class=""pagelayer-post-info-list-container"">
<a class=""pagelayer-post-info-list-link"" href=""https://almuftionline.com/2018/07/22/"">
<span class=""pagelayer-post-info-icon"">
<span class=""far fa-clock""></span>
</span>
<span class=""pagelayer-post-info-label pagelayer-date"">جولائی 22, 2018</span>
</a>
</div></div></div></div></div></div><div class=""p-t2j1983 pagelayer-col pagelayer-col-7"" pagelayer-id=""t2j1983"">
<style pagelayer-style-id=""t2j1983"">.p-t2j1983{align-content: center !important}
.p-t2j1983 .pagelayer-col-holder > div:not(:last-child){margin-bottom: 15px}
.p-t2j1983 > .pagelayer-background-overlay{-webkit-transition: all 400ms !important; transition: all 400ms !important}
</style>
<div class=""pagelayer-col-holder""><div class=""p-dbq3916 pagelayer-post_info"" pagelayer-id=""dbq3916"">
<style pagelayer-style-id=""dbq3916"">.p-dbq3916 .pagelayer-post-info-container{text-align:right}
.p-dbq3916 .pagelayer-post-info-icon span{font-size:120%;color:#495057}
.p-dbq3916 .pagelayer-post-info-list-container a{font-family: Roboto !important; font-size: 14px !important; font-style:  !important; font-weight: 500 !important; font-variant:  !important; text-decoration-line:  !important; text-decoration-style:  !important; line-height: 1.6em !important; text-transform:  !important; letter-spacing: px !important; word-spacing: px !important}
.p-dbq3916 .pagelayer-post-info-label{color:#0072ff}
.p-dbq3916 .pagelayer-post-info-label a{color:#0072ff}
.p-dbq3916 .pagelayer-terms *{color:#f8952c !important;padding-top:5px; padding-right:10px; padding-bottom:5px; padding-left:10px;margin-top:0px; margin-right:5px; margin-bottom:0px; margin-left:5px;border-radius: 4px 4px 4px 4px; -webkit-border-radius:  4px 4px 4px 4px;-moz-border-radius: 4px 4px 4px 4px}
.p-dbq3916{padding-top: 0px; padding-right: 0px; padding-bottom: 0px; padding-left: 0px}
@media (max-width: 768px) and (min-width: 501px){.p-dbq3916 .pagelayer-post-info-container{text-align:left}
}
@media (max-width: 500px){.p-dbq3916 .pagelayer-post-info-container{text-align:left}
}
</style><div class=""pagelayer-post-info-container pagelayer-post-info-vertical""><div class=""p-wpv7212 pagelayer-post_info_list"" pagelayer-id=""wpv7212"">
<div class=""pagelayer-post-info-list-container"">
<span class=""pagelayer-post-info-icon"">
</span>
<span class=""pagelayer-post-info-label pagelayer-terms""> <a href=""https://almuftionline.com/category/fatwa/31/""> ہبہ اور صدقہ کے مسائل </a></span>
</div></div></div></div></div></div></div></div><div class=""p-trw3096 pagelayer-inner_row pagelayer-row-stretch-auto pagelayer-height-default"" pagelayer-id=""trw3096"">
<style pagelayer-style-id=""trw3096"">.p-trw3096 .pagelayer-col-holder{padding: 10px}
.p-trw3096 > .pagelayer-background-overlay{-webkit-transition: all 400ms !important; transition: all 400ms !important}
.p-trw3096 .pagelayer-svg-top .pagelayer-shape-fill{fill:#227bc3}
.p-trw3096 .pagelayer-row-svg .pagelayer-svg-top{width:100%;height:100px}
.p-trw3096 .pagelayer-svg-bottom .pagelayer-shape-fill{fill:#e44993}
.p-trw3096 .pagelayer-row-svg .pagelayer-svg-bottom{width:100%;height:100px}
</style>
<div class=""pagelayer-row-holder pagelayer-row pagelayer-auto pagelayer-width-auto""><div class=""p-wwu6541 pagelayer-col pagelayer-col-2"" pagelayer-id=""wwu6541"">
<style pagelayer-style-id=""wwu6541"">.p-wwu6541{align-content: center !important}
.p-wwu6541 .pagelayer-col-holder > div:not(:last-child){margin-bottom: 15px}
.p-wwu6541 > .pagelayer-background-overlay{-webkit-transition: all 400ms !important; transition: all 400ms !important}
</style>
<div class=""pagelayer-col-holder""><div class=""p-ccj4284 pagelayer-post_content"" pagelayer-id=""ccj4284"">
<style pagelayer-style-id=""ccj4284"">.p-ccj4284{text-align: right}
</style><div class=""entry-content pagelayer-post-excerpt""><figure class=""wp-block-table""><table><tbody><tr><td>63609</td><td>ہبہ اور صدقہ کے مسائل</td><td>ہبہ کےمتفرق مسائل</td></tr></tbody></table></figure><div style=""direction:rtl;line-height: 2.5;""><h3 class=""has-text-align-center"">سوال</h3>میری ایک بیٹی ہے، اس کے پاس رہائش کے لیے مکان نہیں ہے اور اس کے شوہر اس وقت دینی تعلیم میں مصروف ہیں، کیا میں اس بیٹی کو ایک پلاٹ ہدیہ کے طور پر دے سکتا ہوں؟ جبکہ میری باقی اولاد کی مالی کیفیت صحیح ہے اور الحمد للہ اپنے شغل میں اچھی طرح کمارہے ہیں یا کوئی عصری تعلیم کے آخری مراحل میں چل رہا ہے۔<h4 class=""has-text-align-center"">اَلجَوَابْ بِاسْمِ مُلْہِمِ الصَّوَابْ

</h4>جی ہاں! مذکورہ صورت میں آپ اپنی اس ضرورت مند بیٹی کو پلاٹ ہدیہ دے سکتے ہیں۔</div><h6 class=""has-text-align-right"">حوالہ جات</h6><div style=""direction: rtl;font-family: Amiri;
    
     font-size: 13px; font-weight: 400;"">صحيح مسلم - عبد الباقي (3/ 1243):
عن النعمان بن بشير قال: انطلق بي أبي يحملني إلى رسول الله صلى الله عليه وسلم فقال : يا رسول الله اشهد أني قد نحلت النعمان كذا وكذا من مالي فقال أكل بنيك قد نحلت مثل ما نحلت النعمان؟ قال لا، قال: فأشهد على هذا غيري ثم قال أيسرك أن يكونوا إليك في البر سواء قال بلى قال فلا إذا.
تكملة فتح الملهم (2/65-64):
فالذي یظهر لهذا العبد الضعيف عفا الله عنه : أن الوالد إن وهب لأحد أبنائه هبة أكثر من غيره اتفاقا أو بسبب علمه أو عمله أو بره بالوالدين من غير أن يقصد بذلك إضرار الآخرين ولا الجور عليهم كان جائزا على قول الجمهور....أما إذا قصد الوالد الإضرار أو تفضيل أحد الأبناء على غيره بقصد التفضيل من غير داعية مجوزة لذلك؛ فإنه لايبيحه أحد. والظاهر من الروایات فی قصة النعمان بن بشیر رضی الله عنهما ان الواقع فیها کان الثانی دون الأول.
حاشية ابن عابدين (4/ 444):
وفي صحيح مسلم من حديث النعمان بن بشير ""اتقوا الله وعدلوا في أولادكم""، فالعدل من حقوق الأولاد في العطايا، والوقف عطية فيسوي بين الذكر والأنثى؛ لأنهم فسروا العدل في الأولاد بالتسوية في العطايا حال الحياة.وفي الخانية: ولو وهب شيئا لأولاده في الصحة وأراد تفضيل البعض على البعض روى عن أبي حنيفة لا بأس به إذا كان التفضيل لزيادة فضل في الدين وإن كانوا سواء يكره،وروى المعلى عن أبي يوسف أنه لا بأس به إذا لم يقصد الإضرار وإلا سوى بينهم وعليه الفتوى وقال محمد يعطى للذكر ضعف الأنثى.
</div>..<h6 class=""has-text-align-center"">
واللہ سبحانہ وتعالی اعلم
</h6><figure class=""wp-block-table""><table><tbody><tr><td><h3>مجیب</h3></td><td>عبداللہ ولی</td><td><h3>مفتیان</h3></td><td>سیّد عابد شاہ صاحب / محمد حسین خلیل خیل صاحب</td></tr></tbody></table></figure></div></div></div></div></div></div><div class=""p-wl6689 pagelayer-inner_row pagelayer-row-stretch-auto pagelayer-height-default"" pagelayer-id=""wl6689"">
<style pagelayer-style-id=""wl6689"">.p-wl6689 .pagelayer-col-holder{padding: 10px}
.p-wl6689 > .pagelayer-background-overlay{-webkit-transition: all 400ms !important; transition: all 400ms !important}
.p-wl6689 .pagelayer-svg-top .pagelayer-shape-fill{fill:#227bc3}
.p-wl6689 .pagelayer-row-svg .pagelayer-svg-top{width:100%;height:100px}
.p-wl6689 .pagelayer-svg-bottom .pagelayer-shape-fill{fill:#e44993}
.p-wl6689 .pagelayer-row-svg .pagelayer-svg-bottom{width:100%;height:100px}
</style>
<div class=""pagelayer-row-holder pagelayer-row pagelayer-auto pagelayer-width-auto""><div class=""p-jzl6522 pagelayer-col pagelayer-col-6"" pagelayer-id=""jzl6522"">
<style pagelayer-style-id=""jzl6522"">.p-jzl6522{align-content: center !important}
.p-jzl6522 .pagelayer-col-holder > div:not(:last-child){margin-bottom: 15px}
.p-jzl6522 > .pagelayer-background-overlay{-webkit-transition: all 400ms !important; transition: all 400ms !important}
</style>
<div class=""pagelayer-col-holder""><div class=""p-xsb5673 pagelayer-share_grp pagelayer-share-type-icon-label pagelayer-social-bg-none pagelayer-scheme-official"" pagelayer-id=""xsb5673"">
<style pagelayer-style-id=""xsb5673"">.p-xsb5673{text-align: right}
.p-xsb5673 .pagelayer-share-content{min-height: 35px;-webkit-transition: all 400ms; transition: all 400ms}
.p-xsb5673 i{font-size: 27px}
.p-xsb5673 .pagelayer-icon-holder{font-size: 27px}
.p-xsb5673 .pagelayer-share-content i{-webkit-transition: all 400ms; transition: all 400ms}
.p-xsb5673 .pagelayer-icon-name{font-family: Roboto; font-size: 15px !important; font-style:  !important; font-weight: 500 !important; font-variant:  !important; text-decoration-line:  !important; text-decoration-style:  !important; line-height: em !important; text-transform:  !important; letter-spacing: px !important; word-spacing: px !important}
@media (max-width: 768px) and (min-width: 501px){.p-xsb5673{text-align: left}
.p-xsb5673 .pagelayer-share{padding-top: 10px; padding-bottom: 10px;padding-left: 10px; padding-right: 10px}
.p-xsb5673 i{font-size: 20px}
.p-xsb5673 .pagelayer-icon-holder{font-size: 20px}
.p-xsb5673 .pagelayer-icon-name{font-family: ; font-size: 13px !important; font-style:  !important; font-weight:  !important; font-variant:  !important; text-decoration-line:  !important; text-decoration-style:  !important; line-height: em !important; text-transform:  !important; letter-spacing: px !important; word-spacing: px !important}
}
@media (max-width: 500px){.p-xsb5673{text-align: left}
.p-xsb5673 .pagelayer-share{padding-top: 10px; padding-bottom: 10px;padding-left: 10px; padding-right: 10px}
.p-xsb5673 .pagelayer-share-content{min-height: NaNpx}
.p-xsb5673 i{font-size: 20px}
.p-xsb5673 .pagelayer-icon-holder{font-size: 20px}
.p-xsb5673 .pagelayer-icon-name{font-family: ; font-size: 13px !important; font-style:  !important; font-weight:  !important; font-variant:  !important; text-decoration-line:  !important; text-decoration-style:  !important; line-height: em !important; text-transform:  !important; letter-spacing: px !important; word-spacing: px !important}
}
</style><div class=""p-9mh2934 pagelayer-share"" pagelayer-id=""9mh2934"">
<a class=""pagelayer-ele-link"" href=""https://www.facebook.com/sharer/sharer.php?u=almuftionline.com/2018/07/22/1815/"" target=""_blank"" title=""fab fa-facebook-square"">
<div class=""pagelayer-share-content pagelayer-facebook-square"" data-icon=""fab fa-facebook-square"">
<div class=""pagelayer-icon-holder pagelayer-share-buttons"">
<i class=""pagelayer-social-fa fab fa-facebook-square""></i>
</div>
<div class=""pagelayer-icon-name"">
<span class=""pagelayer-icon-name-span"">Facebook</span>
</div>
</div>
</a></div><div class=""p-rai4926 pagelayer-share"" pagelayer-id=""rai4926"">
<a class=""pagelayer-ele-link"" href=""https://twitter.com/share?url=almuftionline.com/2018/07/22/1815/"" target=""_blank"" title=""fab fa-twitter-square"">
<div class=""pagelayer-share-content pagelayer-twitter-square"" data-icon=""fab fa-twitter-square"">
<div class=""pagelayer-icon-holder pagelayer-share-buttons"">
<i class=""pagelayer-social-fa fab fa-twitter-square""></i>
</div>
<div class=""pagelayer-icon-name"">
<span class=""pagelayer-icon-name-span"">Twitter</span>
</div>
</div>
</a></div><div class=""p-ndy3728 pagelayer-share"" pagelayer-id=""ndy3728"">
<a class=""pagelayer-ele-link"" href=""whatsapp://send?text=almuftionline.com/2018/07/22/1815/"" target=""_blank"" title=""fab fa-whatsapp"">
<div class=""pagelayer-share-content pagelayer-whatsapp"" data-icon=""fab fa-whatsapp"">
<div class=""pagelayer-icon-holder pagelayer-share-buttons"">
<i class=""pagelayer-social-fa fab fa-whatsapp""></i>
</div>
<div class=""pagelayer-icon-name"">
<span class=""pagelayer-icon-name-span"">WhatsApp</span>
</div>
</div>
</a></div></div></div></div></div></div><div class=""p-zqp4850 pagelayer-inner_row pagelayer-row-stretch-auto pagelayer-height-default"" pagelayer-id=""zqp4850"">
<style pagelayer-style-id=""zqp4850"">.p-zqp4850 .pagelayer-col-holder{padding: 10px}
.p-zqp4850 > .pagelayer-background-overlay{-webkit-transition: all 400ms !important; transition: all 400ms !important}
.p-zqp4850 .pagelayer-svg-top .pagelayer-shape-fill{fill:#227bc3}
.p-zqp4850 .pagelayer-row-svg .pagelayer-svg-top{width:100%;height:100px}
.p-zqp4850 .pagelayer-svg-bottom .pagelayer-shape-fill{fill:#e44993}
.p-zqp4850 .pagelayer-row-svg .pagelayer-svg-bottom{width:100%;height:100px}
</style>
<div class=""pagelayer-row-holder pagelayer-row pagelayer-auto pagelayer-width-auto""><div class=""p-q725202 pagelayer-col pagelayer-col-2"" pagelayer-id=""q725202"">
<style pagelayer-style-id=""q725202"">.p-q725202{align-content: center !important}
.p-q725202 .pagelayer-col-holder > div:not(:last-child){margin-bottom: 15px}
.p-q725202 > .pagelayer-background-overlay{-webkit-transition: all 400ms !important; transition: all 400ms !important}
</style>
<div class=""pagelayer-col-holder""><div class=""p-55r4448 pagelayer-post_nav"" pagelayer-id=""55r4448"">
<style pagelayer-style-id=""55r4448"">.p-55r4448 .pagelayer-post-nav-link{color:#adb5bd;font-family:  !important; font-size: 15px !important; font-style:  !important; font-weight:  !important; font-variant:  !important; text-decoration-line:  !important; text-decoration-style:  !important; line-height: em !important; text-transform:  !important; letter-spacing: px !important; word-spacing: px !important}
.p-55r4448 .pagelayer-post-nav-title{color:#000000;font-family:  !important; font-size: 18px !important; font-style:  !important; font-weight: bold !important; font-variant:  !important; text-decoration-line:  !important; text-decoration-style: Solid !important; line-height: em !important; text-transform:  !important; letter-spacing: px !important; word-spacing: px !important}
.p-55r4448 .pagelayer-post-nav-icon{color:#adb5bd;font-size:30px}
.p-55r4448 .pagelayer-post-nav-separator{display:none}
@media (max-width: 768px) and (min-width: 501px){.p-55r4448 .pagelayer-post-nav-link{font-family:  !important; font-size: 12px !important; font-style:  !important; font-weight:  !important; font-variant:  !important; text-decoration-line:  !important; text-decoration-style: Solid !important; line-height: em !important; text-transform:  !important; letter-spacing: px !important; word-spacing: px !important}
.p-55r4448 .pagelayer-post-nav-title{font-family:  !important; font-size: 15px !important; font-style:  !important; font-weight:  !important; font-variant:  !important; text-decoration-line:  !important; text-decoration-style: Solid !important; line-height: em !important; text-transform:  !important; letter-spacing: px !important; word-spacing: px !important}
}
@media (max-width: 500px){.p-55r4448 .pagelayer-post-nav-link{font-family:  !important; font-size: 12px !important; font-style:  !important; font-weight:  !important; font-variant:  !important; text-decoration-line:  !important; text-decoration-style: Solid !important; line-height: em !important; text-transform:  !important; letter-spacing: px !important; word-spacing: px !important}
.p-55r4448 .pagelayer-post-nav-title{font-family:  !important; font-size: 12px !important; font-style:  !important; font-weight:  !important; font-variant:  !important; text-decoration-line:  !important; text-decoration-style: Solid !important; line-height: em !important; text-transform:  !important; letter-spacing: px !important; word-spacing: px !important}
}
</style><div class=""pagelayer-post-nav-container"">
<div class=""pagelayer-prev-post"">
<a href=""https://almuftionline.com/2018/07/22/1814/"" rel=""prev""><span class=""pagelayer-post-nav-icon fa fa-chevron-left""></span>
<span class=""pagelayer-next-holder"">
<span class=""pagelayer-post-nav-link""> Previous</span><span class=""pagelayer-post-nav-title"">داماد کو زکوۃ دینا</span>
</span></a>
</div>
<div class=""pagelayer-post-nav-separator""></div>
<div class=""pagelayer-next-post"">
<a href=""https://almuftionline.com/2018/07/22/1816/"" rel=""next""><span class=""pagelayer-next-holder"">
<span class=""pagelayer-post-nav-link""> Next</span><span class=""pagelayer-post-nav-title"">بھائی کا بہن اور بہنوئی کو زکوۃ دینا</span>
</span>
<span class=""pagelayer-post-nav-icon fa fa-chevron-right""></span></a>
</div>
</div></div></div></div></div></div></div>"
2018-07-22,https://almuftionline.com/2018/07/22/1814/,داماد کو زکوۃ دینا,,"<h4 class=""has-text-align-center"">اَلجَوَابْ بِاسْمِ مُلْہِمِ الصَّوَابْ

</h4><h6 class=""has-text-align-right"">حوالہ جات</h6><div style=""direction: rtl;font-family: Amiri;
    
     font-size: 13px; font-weight: 400;"">حاشية ابن عابدين (2/ 346):
ويجوز دفعها لزوجة أبيه وابنه وزوج ابنته. تاترخانية.
مراقي الفلاح (ص: 267):
الأفضل صرفها للأقرب فالأقرب من كل ذي رحم محرم منه، ثم لجيرانه، ثم لأهل محلته، ثم لأهل حرفته، ثم لأهل بلدته.  وقال الشيخ أبو حفص الكبير رحمه الله: لا تقبل صدقة الرجل وقرابته محاويج حتى يبدأ بهم فيسد حاجتهم.
</div><h6 class=""has-text-align-center"">
واللہ سبحانہ وتعالی اعلم
</h6><figure class=""wp-block-table""><table><tbody><tr><td><h3>مجیب</h3></td><td>عبداللہ ولی</td><td><h3>مفتیان</h3></td><td>سیّد عابد شاہ صاحب / محمد حسین خلیل خیل صاحب</td></tr></tbody></table></figure>",63608,jameya-tur-rasheed,زکوة کابیان,مستحقین زکوة کا بیان,"<div class=""pagelayer-col-holder""><div class=""p-kgd1425 pagelayer-post_excerpt"" pagelayer-id=""kgd1425"">
<style pagelayer-style-id=""kgd1425"">.p-kgd1425 .pagelayer-post-excerpt{color:#adb5bd;font-family: ; font-size: 15px !important; font-style: Italic !important; font-weight: 500 !important; font-variant:  !important; text-decoration-line:  !important; text-decoration-style:  !important; line-height: 1.5em !important; text-transform:  !important; letter-spacing: px !important; word-spacing: px !important;margin-top:0px; margin-right:0px; margin-bottom:0px; margin-left:0px}
.p-kgd1425{text-align: left;margin-top: 0px; margin-right: 0px; margin-bottom: 0px; margin-left: 0px;padding-top: 0px; padding-right: 0px; padding-bottom: 0px; padding-left: 0px}
</style></div><div class=""p-4wb1030 pagelayer-featured_img"" pagelayer-id=""4wb1030"">
<style pagelayer-style-id=""4wb1030"">.p-4wb1030{text-align: center}
.p-4wb1030 img{filter: blur(0px) brightness(100%) contrast(100%) grayscale(0%) hue-rotate(0deg) opacity(100%) saturate(100%);box-shadow: 0px 24px 36px 0px rgba(0,0,0,0.10)  !important;-webkit-transition: all 400ms; transition: all 400ms}
.p-4wb1030 .pagelayer-featured-caption{color: #0986c0}
</style>
<div class=""pagelayer-featured-img""></div>
</div><div class=""p-f8n3612 pagelayer-inner_row pagelayer-row-stretch-auto pagelayer-height-default"" pagelayer-id=""f8n3612"">
<style pagelayer-style-id=""f8n3612"">.p-f8n3612 .pagelayer-col-holder{padding: 10px}
.p-f8n3612 > .pagelayer-background-overlay{-webkit-transition: all 400ms !important; transition: all 400ms !important}
.p-f8n3612 .pagelayer-svg-top .pagelayer-shape-fill{fill:#227bc3}
.p-f8n3612 .pagelayer-row-svg .pagelayer-svg-top{width:100%;height:100px}
.p-f8n3612 .pagelayer-svg-bottom .pagelayer-shape-fill{fill:#e44993}
.p-f8n3612 .pagelayer-row-svg .pagelayer-svg-bottom{width:100%;height:100px}
</style>
<div class=""pagelayer-row-holder pagelayer-row pagelayer-auto pagelayer-width-auto""><div class=""p-i795860 pagelayer-col pagelayer-col-4"" pagelayer-id=""i795860"">
<style pagelayer-style-id=""i795860"">.p-i795860{align-content: center !important}
.p-i795860 .pagelayer-col-holder > div:not(:last-child){margin-bottom: 15px}
.p-i795860 > .pagelayer-background-overlay{-webkit-transition: all 400ms !important; transition: all 400ms !important}
</style>
<div class=""pagelayer-col-holder""><div class=""p-qip3968 pagelayer-post_info"" pagelayer-id=""qip3968"">
<style pagelayer-style-id=""qip3968"">.p-qip3968 .pagelayer-post-info-vertical .pagelayer-post-info-list-container{margin-right:25px}
.p-qip3968 .pagelayer-post-info-horizontal .pagelayer-post-info-list-container{margin-bottom:25px}
.p-qip3968 .pagelayer-post-info-container{text-align:right}
.p-qip3968 .pagelayer-post-info-icon span{font-size:120%;color:#495057}
.p-qip3968 .pagelayer-post-info-list-container a{font-family: Roboto !important; font-size: 14px !important; font-style:  !important; font-weight: 500 !important; font-variant:  !important; text-decoration-line:  !important; text-decoration-style:  !important; line-height: 1.6em !important; text-transform:  !important; letter-spacing: px !important; word-spacing: px !important}
.p-qip3968 .pagelayer-post-info-label{color:#495057}
.p-qip3968 .pagelayer-post-info-label a{color:#495057}
.p-qip3968 .pagelayer-post-info-label:hover{color:#000000}
.p-qip3968 .pagelayer-post-info-label:hover a{color:#000000}
</style><div class=""pagelayer-post-info-container pagelayer-post-info-vertical""><div class=""p-xj43574 pagelayer-post_info_list"" pagelayer-id=""xj43574"">
<div class=""pagelayer-post-info-list-container"">
<a class=""pagelayer-post-info-list-link"" href=""https://almuftionline.com/2018/07/22/"">
<span class=""pagelayer-post-info-icon"">
<span class=""far fa-clock""></span>
</span>
<span class=""pagelayer-post-info-label pagelayer-date"">جولائی 22, 2018</span>
</a>
</div></div></div></div></div></div><div class=""p-t2j1983 pagelayer-col pagelayer-col-7"" pagelayer-id=""t2j1983"">
<style pagelayer-style-id=""t2j1983"">.p-t2j1983{align-content: center !important}
.p-t2j1983 .pagelayer-col-holder > div:not(:last-child){margin-bottom: 15px}
.p-t2j1983 > .pagelayer-background-overlay{-webkit-transition: all 400ms !important; transition: all 400ms !important}
</style>
<div class=""pagelayer-col-holder""><div class=""p-dbq3916 pagelayer-post_info"" pagelayer-id=""dbq3916"">
<style pagelayer-style-id=""dbq3916"">.p-dbq3916 .pagelayer-post-info-container{text-align:right}
.p-dbq3916 .pagelayer-post-info-icon span{font-size:120%;color:#495057}
.p-dbq3916 .pagelayer-post-info-list-container a{font-family: Roboto !important; font-size: 14px !important; font-style:  !important; font-weight: 500 !important; font-variant:  !important; text-decoration-line:  !important; text-decoration-style:  !important; line-height: 1.6em !important; text-transform:  !important; letter-spacing: px !important; word-spacing: px !important}
.p-dbq3916 .pagelayer-post-info-label{color:#0072ff}
.p-dbq3916 .pagelayer-post-info-label a{color:#0072ff}
.p-dbq3916 .pagelayer-terms *{color:#f8952c !important;padding-top:5px; padding-right:10px; padding-bottom:5px; padding-left:10px;margin-top:0px; margin-right:5px; margin-bottom:0px; margin-left:5px;border-radius: 4px 4px 4px 4px; -webkit-border-radius:  4px 4px 4px 4px;-moz-border-radius: 4px 4px 4px 4px}
.p-dbq3916{padding-top: 0px; padding-right: 0px; padding-bottom: 0px; padding-left: 0px}
@media (max-width: 768px) and (min-width: 501px){.p-dbq3916 .pagelayer-post-info-container{text-align:left}
}
@media (max-width: 500px){.p-dbq3916 .pagelayer-post-info-container{text-align:left}
}
</style><div class=""pagelayer-post-info-container pagelayer-post-info-vertical""><div class=""p-wpv7212 pagelayer-post_info_list"" pagelayer-id=""wpv7212"">
<div class=""pagelayer-post-info-list-container"">
<span class=""pagelayer-post-info-icon"">
</span>
<span class=""pagelayer-post-info-label pagelayer-terms""> <a href=""https://almuftionline.com/category/fatwa/15/""> زکوة کابیان </a></span>
</div></div></div></div></div></div></div></div><div class=""p-trw3096 pagelayer-inner_row pagelayer-row-stretch-auto pagelayer-height-default"" pagelayer-id=""trw3096"">
<style pagelayer-style-id=""trw3096"">.p-trw3096 .pagelayer-col-holder{padding: 10px}
.p-trw3096 > .pagelayer-background-overlay{-webkit-transition: all 400ms !important; transition: all 400ms !important}
.p-trw3096 .pagelayer-svg-top .pagelayer-shape-fill{fill:#227bc3}
.p-trw3096 .pagelayer-row-svg .pagelayer-svg-top{width:100%;height:100px}
.p-trw3096 .pagelayer-svg-bottom .pagelayer-shape-fill{fill:#e44993}
.p-trw3096 .pagelayer-row-svg .pagelayer-svg-bottom{width:100%;height:100px}
</style>
<div class=""pagelayer-row-holder pagelayer-row pagelayer-auto pagelayer-width-auto""><div class=""p-wwu6541 pagelayer-col pagelayer-col-2"" pagelayer-id=""wwu6541"">
<style pagelayer-style-id=""wwu6541"">.p-wwu6541{align-content: center !important}
.p-wwu6541 .pagelayer-col-holder > div:not(:last-child){margin-bottom: 15px}
.p-wwu6541 > .pagelayer-background-overlay{-webkit-transition: all 400ms !important; transition: all 400ms !important}
</style>
<div class=""pagelayer-col-holder""><div class=""p-ccj4284 pagelayer-post_content"" pagelayer-id=""ccj4284"">
<style pagelayer-style-id=""ccj4284"">.p-ccj4284{text-align: right}
</style><div class=""entry-content pagelayer-post-excerpt""><figure class=""wp-block-table""><table><tbody><tr><td>63608  </td><td>زکوة کابیان</td><td>مستحقین زکوة کا بیان</td></tr></tbody></table></figure><div style=""direction:rtl;line-height: 2.5;""><h3 class=""has-text-align-center"">سوال</h3>میرا ایک داماد طالبِ علم ہے، صاحبِ نصاب نہیں ہے اور اس وقت حصولِ علم میں مصروف ہے، کمانے کی فرصت نہیں ہے۔ کیا میں اسے زکوۃ دے سکتا ہوں؟ اس کے گھر کے نان نفقہ کا مسئلہ ہے۔<h4 class=""has-text-align-center"">اَلجَوَابْ بِاسْمِ مُلْہِمِ الصَّوَابْ

</h4>اگر آپ کا داماد سید یعنی ہاشمی نہیں ہے تو اس  کو زکوۃ دینا نہ صرف جائز بلکہ افضل ہے۔ البتہ خود بیٹی کو زکوۃ دینا جائز نہیں ہے۔</div><h6 class=""has-text-align-right"">حوالہ جات</h6><div style=""direction: rtl;font-family: Amiri;
    
     font-size: 13px; font-weight: 400;"">حاشية ابن عابدين (2/ 346):
ويجوز دفعها لزوجة أبيه وابنه وزوج ابنته. تاترخانية.
مراقي الفلاح (ص: 267):
الأفضل صرفها للأقرب فالأقرب من كل ذي رحم محرم منه، ثم لجيرانه، ثم لأهل محلته، ثم لأهل حرفته، ثم لأهل بلدته.  وقال الشيخ أبو حفص الكبير رحمه الله: لا تقبل صدقة الرجل وقرابته محاويج حتى يبدأ بهم فيسد حاجتهم.
</div>..<h6 class=""has-text-align-center"">
واللہ سبحانہ وتعالی اعلم
</h6><figure class=""wp-block-table""><table><tbody><tr><td><h3>مجیب</h3></td><td>عبداللہ ولی</td><td><h3>مفتیان</h3></td><td>سیّد عابد شاہ صاحب / محمد حسین خلیل خیل صاحب</td></tr></tbody></table></figure></div></div></div></div></div></div><div class=""p-wl6689 pagelayer-inner_row pagelayer-row-stretch-auto pagelayer-height-default"" pagelayer-id=""wl6689"">
<style pagelayer-style-id=""wl6689"">.p-wl6689 .pagelayer-col-holder{padding: 10px}
.p-wl6689 > .pagelayer-background-overlay{-webkit-transition: all 400ms !important; transition: all 400ms !important}
.p-wl6689 .pagelayer-svg-top .pagelayer-shape-fill{fill:#227bc3}
.p-wl6689 .pagelayer-row-svg .pagelayer-svg-top{width:100%;height:100px}
.p-wl6689 .pagelayer-svg-bottom .pagelayer-shape-fill{fill:#e44993}
.p-wl6689 .pagelayer-row-svg .pagelayer-svg-bottom{width:100%;height:100px}
</style>
<div class=""pagelayer-row-holder pagelayer-row pagelayer-auto pagelayer-width-auto""><div class=""p-jzl6522 pagelayer-col pagelayer-col-6"" pagelayer-id=""jzl6522"">
<style pagelayer-style-id=""jzl6522"">.p-jzl6522{align-content: center !important}
.p-jzl6522 .pagelayer-col-holder > div:not(:last-child){margin-bottom: 15px}
.p-jzl6522 > .pagelayer-background-overlay{-webkit-transition: all 400ms !important; transition: all 400ms !important}
</style>
<div class=""pagelayer-col-holder""><div class=""p-xsb5673 pagelayer-share_grp pagelayer-share-type-icon-label pagelayer-social-bg-none pagelayer-scheme-official"" pagelayer-id=""xsb5673"">
<style pagelayer-style-id=""xsb5673"">.p-xsb5673{text-align: right}
.p-xsb5673 .pagelayer-share-content{min-height: 35px;-webkit-transition: all 400ms; transition: all 400ms}
.p-xsb5673 i{font-size: 27px}
.p-xsb5673 .pagelayer-icon-holder{font-size: 27px}
.p-xsb5673 .pagelayer-share-content i{-webkit-transition: all 400ms; transition: all 400ms}
.p-xsb5673 .pagelayer-icon-name{font-family: Roboto; font-size: 15px !important; font-style:  !important; font-weight: 500 !important; font-variant:  !important; text-decoration-line:  !important; text-decoration-style:  !important; line-height: em !important; text-transform:  !important; letter-spacing: px !important; word-spacing: px !important}
@media (max-width: 768px) and (min-width: 501px){.p-xsb5673{text-align: left}
.p-xsb5673 .pagelayer-share{padding-top: 10px; padding-bottom: 10px;padding-left: 10px; padding-right: 10px}
.p-xsb5673 i{font-size: 20px}
.p-xsb5673 .pagelayer-icon-holder{font-size: 20px}
.p-xsb5673 .pagelayer-icon-name{font-family: ; font-size: 13px !important; font-style:  !important; font-weight:  !important; font-variant:  !important; text-decoration-line:  !important; text-decoration-style:  !important; line-height: em !important; text-transform:  !important; letter-spacing: px !important; word-spacing: px !important}
}
@media (max-width: 500px){.p-xsb5673{text-align: left}
.p-xsb5673 .pagelayer-share{padding-top: 10px; padding-bottom: 10px;padding-left: 10px; padding-right: 10px}
.p-xsb5673 .pagelayer-share-content{min-height: NaNpx}
.p-xsb5673 i{font-size: 20px}
.p-xsb5673 .pagelayer-icon-holder{font-size: 20px}
.p-xsb5673 .pagelayer-icon-name{font-family: ; font-size: 13px !important; font-style:  !important; font-weight:  !important; font-variant:  !important; text-decoration-line:  !important; text-decoration-style:  !important; line-height: em !important; text-transform:  !important; letter-spacing: px !important; word-spacing: px !important}
}
</style><div class=""p-9mh2934 pagelayer-share"" pagelayer-id=""9mh2934"">
<a class=""pagelayer-ele-link"" href=""https://www.facebook.com/sharer/sharer.php?u=almuftionline.com/2018/07/22/1814/"" target=""_blank"" title=""fab fa-facebook-square"">
<div class=""pagelayer-share-content pagelayer-facebook-square"" data-icon=""fab fa-facebook-square"">
<div class=""pagelayer-icon-holder pagelayer-share-buttons"">
<i class=""pagelayer-social-fa fab fa-facebook-square""></i>
</div>
<div class=""pagelayer-icon-name"">
<span class=""pagelayer-icon-name-span"">Facebook</span>
</div>
</div>
</a></div><div class=""p-rai4926 pagelayer-share"" pagelayer-id=""rai4926"">
<a class=""pagelayer-ele-link"" href=""https://twitter.com/share?url=almuftionline.com/2018/07/22/1814/"" target=""_blank"" title=""fab fa-twitter-square"">
<div class=""pagelayer-share-content pagelayer-twitter-square"" data-icon=""fab fa-twitter-square"">
<div class=""pagelayer-icon-holder pagelayer-share-buttons"">
<i class=""pagelayer-social-fa fab fa-twitter-square""></i>
</div>
<div class=""pagelayer-icon-name"">
<span class=""pagelayer-icon-name-span"">Twitter</span>
</div>
</div>
</a></div><div class=""p-ndy3728 pagelayer-share"" pagelayer-id=""ndy3728"">
<a class=""pagelayer-ele-link"" href=""whatsapp://send?text=almuftionline.com/2018/07/22/1814/"" target=""_blank"" title=""fab fa-whatsapp"">
<div class=""pagelayer-share-content pagelayer-whatsapp"" data-icon=""fab fa-whatsapp"">
<div class=""pagelayer-icon-holder pagelayer-share-buttons"">
<i class=""pagelayer-social-fa fab fa-whatsapp""></i>
</div>
<div class=""pagelayer-icon-name"">
<span class=""pagelayer-icon-name-span"">WhatsApp</span>
</div>
</div>
</a></div></div></div></div></div></div><div class=""p-zqp4850 pagelayer-inner_row pagelayer-row-stretch-auto pagelayer-height-default"" pagelayer-id=""zqp4850"">
<style pagelayer-style-id=""zqp4850"">.p-zqp4850 .pagelayer-col-holder{padding: 10px}
.p-zqp4850 > .pagelayer-background-overlay{-webkit-transition: all 400ms !important; transition: all 400ms !important}
.p-zqp4850 .pagelayer-svg-top .pagelayer-shape-fill{fill:#227bc3}
.p-zqp4850 .pagelayer-row-svg .pagelayer-svg-top{width:100%;height:100px}
.p-zqp4850 .pagelayer-svg-bottom .pagelayer-shape-fill{fill:#e44993}
.p-zqp4850 .pagelayer-row-svg .pagelayer-svg-bottom{width:100%;height:100px}
</style>
<div class=""pagelayer-row-holder pagelayer-row pagelayer-auto pagelayer-width-auto""><div class=""p-q725202 pagelayer-col pagelayer-col-2"" pagelayer-id=""q725202"">
<style pagelayer-style-id=""q725202"">.p-q725202{align-content: center !important}
.p-q725202 .pagelayer-col-holder > div:not(:last-child){margin-bottom: 15px}
.p-q725202 > .pagelayer-background-overlay{-webkit-transition: all 400ms !important; transition: all 400ms !important}
</style>
<div class=""pagelayer-col-holder""><div class=""p-55r4448 pagelayer-post_nav"" pagelayer-id=""55r4448"">
<style pagelayer-style-id=""55r4448"">.p-55r4448 .pagelayer-post-nav-link{color:#adb5bd;font-family:  !important; font-size: 15px !important; font-style:  !important; font-weight:  !important; font-variant:  !important; text-decoration-line:  !important; text-decoration-style:  !important; line-height: em !important; text-transform:  !important; letter-spacing: px !important; word-spacing: px !important}
.p-55r4448 .pagelayer-post-nav-title{color:#000000;font-family:  !important; font-size: 18px !important; font-style:  !important; font-weight: bold !important; font-variant:  !important; text-decoration-line:  !important; text-decoration-style: Solid !important; line-height: em !important; text-transform:  !important; letter-spacing: px !important; word-spacing: px !important}
.p-55r4448 .pagelayer-post-nav-icon{color:#adb5bd;font-size:30px}
.p-55r4448 .pagelayer-post-nav-separator{display:none}
@media (max-width: 768px) and (min-width: 501px){.p-55r4448 .pagelayer-post-nav-link{font-family:  !important; font-size: 12px !important; font-style:  !important; font-weight:  !important; font-variant:  !important; text-decoration-line:  !important; text-decoration-style: Solid !important; line-height: em !important; text-transform:  !important; letter-spacing: px !important; word-spacing: px !important}
.p-55r4448 .pagelayer-post-nav-title{font-family:  !important; font-size: 15px !important; font-style:  !important; font-weight:  !important; font-variant:  !important; text-decoration-line:  !important; text-decoration-style: Solid !important; line-height: em !important; text-transform:  !important; letter-spacing: px !important; word-spacing: px !important}
}
@media (max-width: 500px){.p-55r4448 .pagelayer-post-nav-link{font-family:  !important; font-size: 12px !important; font-style:  !important; font-weight:  !important; font-variant:  !important; text-decoration-line:  !important; text-decoration-style: Solid !important; line-height: em !important; text-transform:  !important; letter-spacing: px !important; word-spacing: px !important}
.p-55r4448 .pagelayer-post-nav-title{font-family:  !important; font-size: 12px !important; font-style:  !important; font-weight:  !important; font-variant:  !important; text-decoration-line:  !important; text-decoration-style: Solid !important; line-height: em !important; text-transform:  !important; letter-spacing: px !important; word-spacing: px !important}
}
</style><div class=""pagelayer-post-nav-container"">
<div class=""pagelayer-prev-post"">
<a href=""https://almuftionline.com/2018/07/21/1845/"" rel=""prev""><span class=""pagelayer-post-nav-icon fa fa-chevron-left""></span>
<span class=""pagelayer-next-holder"">
<span class=""pagelayer-post-nav-link""> Previous</span><span class=""pagelayer-post-nav-title"">جماعت نکلنے کے اندیشے کے باوجود صاحب ترتیب پہلے قضاء پڑھے گا</span>
</span></a>
</div>
<div class=""pagelayer-post-nav-separator""></div>
<div class=""pagelayer-next-post"">
<a href=""https://almuftionline.com/2018/07/22/1815/"" rel=""next""><span class=""pagelayer-next-holder"">
<span class=""pagelayer-post-nav-link""> Next</span><span class=""pagelayer-post-nav-title"">ایک بیٹی کو ضرورت مند ہونے کی وجہ سے پلاٹ ہدیہ میں دینا</span>
</span>
<span class=""pagelayer-post-nav-icon fa fa-chevron-right""></span></a>
</div>
</div></div></div></div></div></div></div>"
2018-07-21,https://almuftionline.com/2018/07/21/1845/,جماعت نکلنے کے اندیشے کے باوجود صاحب ترتیب پہلے قضاء پڑھے گا,,"<h4 class=""has-text-align-center"">اَلجَوَابْ بِاسْمِ مُلْہِمِ الصَّوَابْ

</h4><h6 class=""has-text-align-right"">حوالہ جات</h6><div style=""direction: rtl;font-family: Amiri;
    
     font-size: 13px; font-weight: 400;"">""بدائع الصنائع "" (1/ 131):
""(أما) الترتيب بين قضاء الفائتة وأداء الوقتية فقد قال أصحابنا: إنه شرط.
وقال الشافعي: ليس بشرط.
(وجه) قوله أن هذا الوقت صار للوقتية بالكتاب والسنة المتواترة وإجماع الأمة، فيجب أداؤها في وقتها كما في حال ضيق الوقت وكثرة الفوائت والنسيان.
(ولنا) قول النبي - صلى الله عليه وسلم -: «من نام عن صلاة أو نسيها فليصلها إذا ذكرها، فإن ذلك وقتها» وفي بعض الروايات: «لا وقت لها إلا ذلك، فقد جعل وقت التذكر وقت الفائتة» ، فكان أداء الوقتية قبل قضاء الفائتة أداء قبل وقتها فلا يجوز
وروي عن ابن عمر عن النبي - صلى الله عليه وسلم - أنه قال: «من نسي صلاة فلم يذكرها إلا وهو مع الإمام فليصل مع الإمام وليجعلها تطوعا، ثم ليقض ما تذكر ثم ليعد ما كان صلاه مع الإمام» ، وهذا عين مذهبنا أنه تفسد الفرضية للصلاة إذا تذكر الفائتة فيها، ويلزمه الإعادة، بخلاف حال ضيق الوقت وكثرة الفوائت والنسيان"".
</div><h6 class=""has-text-align-center"">
واللہ سبحانہ وتعالی اعلم
</h6><figure class=""wp-block-table""><table><tbody><tr><td><h3>مجیب</h3></td><td>محمد طارق  غرفی</td><td><h3>مفتیان</h3></td><td> آفتاب احمد صاحب    / سعید احمد حسن صاحب</td></tr></tbody></table></figure>",63654,jameya-tur-rasheed,نماز کا بیان,قضاء نمازوں کا بیان,"<div class=""pagelayer-col-holder""><div class=""p-kgd1425 pagelayer-post_excerpt"" pagelayer-id=""kgd1425"">
<style pagelayer-style-id=""kgd1425"">.p-kgd1425 .pagelayer-post-excerpt{color:#adb5bd;font-family: ; font-size: 15px !important; font-style: Italic !important; font-weight: 500 !important; font-variant:  !important; text-decoration-line:  !important; text-decoration-style:  !important; line-height: 1.5em !important; text-transform:  !important; letter-spacing: px !important; word-spacing: px !important;margin-top:0px; margin-right:0px; margin-bottom:0px; margin-left:0px}
.p-kgd1425{text-align: left;margin-top: 0px; margin-right: 0px; margin-bottom: 0px; margin-left: 0px;padding-top: 0px; padding-right: 0px; padding-bottom: 0px; padding-left: 0px}
</style></div><div class=""p-4wb1030 pagelayer-featured_img"" pagelayer-id=""4wb1030"">
<style pagelayer-style-id=""4wb1030"">.p-4wb1030{text-align: center}
.p-4wb1030 img{filter: blur(0px) brightness(100%) contrast(100%) grayscale(0%) hue-rotate(0deg) opacity(100%) saturate(100%);box-shadow: 0px 24px 36px 0px rgba(0,0,0,0.10)  !important;-webkit-transition: all 400ms; transition: all 400ms}
.p-4wb1030 .pagelayer-featured-caption{color: #0986c0}
</style>
<div class=""pagelayer-featured-img""></div>
</div><div class=""p-f8n3612 pagelayer-inner_row pagelayer-row-stretch-auto pagelayer-height-default"" pagelayer-id=""f8n3612"">
<style pagelayer-style-id=""f8n3612"">.p-f8n3612 .pagelayer-col-holder{padding: 10px}
.p-f8n3612 > .pagelayer-background-overlay{-webkit-transition: all 400ms !important; transition: all 400ms !important}
.p-f8n3612 .pagelayer-svg-top .pagelayer-shape-fill{fill:#227bc3}
.p-f8n3612 .pagelayer-row-svg .pagelayer-svg-top{width:100%;height:100px}
.p-f8n3612 .pagelayer-svg-bottom .pagelayer-shape-fill{fill:#e44993}
.p-f8n3612 .pagelayer-row-svg .pagelayer-svg-bottom{width:100%;height:100px}
</style>
<div class=""pagelayer-row-holder pagelayer-row pagelayer-auto pagelayer-width-auto""><div class=""p-i795860 pagelayer-col pagelayer-col-4"" pagelayer-id=""i795860"">
<style pagelayer-style-id=""i795860"">.p-i795860{align-content: center !important}
.p-i795860 .pagelayer-col-holder > div:not(:last-child){margin-bottom: 15px}
.p-i795860 > .pagelayer-background-overlay{-webkit-transition: all 400ms !important; transition: all 400ms !important}
</style>
<div class=""pagelayer-col-holder""><div class=""p-qip3968 pagelayer-post_info"" pagelayer-id=""qip3968"">
<style pagelayer-style-id=""qip3968"">.p-qip3968 .pagelayer-post-info-vertical .pagelayer-post-info-list-container{margin-right:25px}
.p-qip3968 .pagelayer-post-info-horizontal .pagelayer-post-info-list-container{margin-bottom:25px}
.p-qip3968 .pagelayer-post-info-container{text-align:right}
.p-qip3968 .pagelayer-post-info-icon span{font-size:120%;color:#495057}
.p-qip3968 .pagelayer-post-info-list-container a{font-family: Roboto !important; font-size: 14px !important; font-style:  !important; font-weight: 500 !important; font-variant:  !important; text-decoration-line:  !important; text-decoration-style:  !important; line-height: 1.6em !important; text-transform:  !important; letter-spacing: px !important; word-spacing: px !important}
.p-qip3968 .pagelayer-post-info-label{color:#495057}
.p-qip3968 .pagelayer-post-info-label a{color:#495057}
.p-qip3968 .pagelayer-post-info-label:hover{color:#000000}
.p-qip3968 .pagelayer-post-info-label:hover a{color:#000000}
</style><div class=""pagelayer-post-info-container pagelayer-post-info-vertical""><div class=""p-xj43574 pagelayer-post_info_list"" pagelayer-id=""xj43574"">
<div class=""pagelayer-post-info-list-container"">
<a class=""pagelayer-post-info-list-link"" href=""https://almuftionline.com/2018/07/21/"">
<span class=""pagelayer-post-info-icon"">
<span class=""far fa-clock""></span>
</span>
<span class=""pagelayer-post-info-label pagelayer-date"">جولائی 21, 2018</span>
</a>
</div></div></div></div></div></div><div class=""p-t2j1983 pagelayer-col pagelayer-col-7"" pagelayer-id=""t2j1983"">
<style pagelayer-style-id=""t2j1983"">.p-t2j1983{align-content: center !important}
.p-t2j1983 .pagelayer-col-holder > div:not(:last-child){margin-bottom: 15px}
.p-t2j1983 > .pagelayer-background-overlay{-webkit-transition: all 400ms !important; transition: all 400ms !important}
</style>
<div class=""pagelayer-col-holder""><div class=""p-dbq3916 pagelayer-post_info"" pagelayer-id=""dbq3916"">
<style pagelayer-style-id=""dbq3916"">.p-dbq3916 .pagelayer-post-info-container{text-align:right}
.p-dbq3916 .pagelayer-post-info-icon span{font-size:120%;color:#495057}
.p-dbq3916 .pagelayer-post-info-list-container a{font-family: Roboto !important; font-size: 14px !important; font-style:  !important; font-weight: 500 !important; font-variant:  !important; text-decoration-line:  !important; text-decoration-style:  !important; line-height: 1.6em !important; text-transform:  !important; letter-spacing: px !important; word-spacing: px !important}
.p-dbq3916 .pagelayer-post-info-label{color:#0072ff}
.p-dbq3916 .pagelayer-post-info-label a{color:#0072ff}
.p-dbq3916 .pagelayer-terms *{color:#f8952c !important;padding-top:5px; padding-right:10px; padding-bottom:5px; padding-left:10px;margin-top:0px; margin-right:5px; margin-bottom:0px; margin-left:5px;border-radius: 4px 4px 4px 4px; -webkit-border-radius:  4px 4px 4px 4px;-moz-border-radius: 4px 4px 4px 4px}
.p-dbq3916{padding-top: 0px; padding-right: 0px; padding-bottom: 0px; padding-left: 0px}
@media (max-width: 768px) and (min-width: 501px){.p-dbq3916 .pagelayer-post-info-container{text-align:left}
}
@media (max-width: 500px){.p-dbq3916 .pagelayer-post-info-container{text-align:left}
}
</style><div class=""pagelayer-post-info-container pagelayer-post-info-vertical""><div class=""p-wpv7212 pagelayer-post_info_list"" pagelayer-id=""wpv7212"">
<div class=""pagelayer-post-info-list-container"">
<span class=""pagelayer-post-info-icon"">
</span>
<span class=""pagelayer-post-info-label pagelayer-terms""> <a href=""https://almuftionline.com/category/fatwa/13/""> نماز کا بیان </a></span>
</div></div></div></div></div></div></div></div><div class=""p-trw3096 pagelayer-inner_row pagelayer-row-stretch-auto pagelayer-height-default"" pagelayer-id=""trw3096"">
<style pagelayer-style-id=""trw3096"">.p-trw3096 .pagelayer-col-holder{padding: 10px}
.p-trw3096 > .pagelayer-background-overlay{-webkit-transition: all 400ms !important; transition: all 400ms !important}
.p-trw3096 .pagelayer-svg-top .pagelayer-shape-fill{fill:#227bc3}
.p-trw3096 .pagelayer-row-svg .pagelayer-svg-top{width:100%;height:100px}
.p-trw3096 .pagelayer-svg-bottom .pagelayer-shape-fill{fill:#e44993}
.p-trw3096 .pagelayer-row-svg .pagelayer-svg-bottom{width:100%;height:100px}
</style>
<div class=""pagelayer-row-holder pagelayer-row pagelayer-auto pagelayer-width-auto""><div class=""p-wwu6541 pagelayer-col pagelayer-col-2"" pagelayer-id=""wwu6541"">
<style pagelayer-style-id=""wwu6541"">.p-wwu6541{align-content: center !important}
.p-wwu6541 .pagelayer-col-holder > div:not(:last-child){margin-bottom: 15px}
.p-wwu6541 > .pagelayer-background-overlay{-webkit-transition: all 400ms !important; transition: all 400ms !important}
</style>
<div class=""pagelayer-col-holder""><div class=""p-ccj4284 pagelayer-post_content"" pagelayer-id=""ccj4284"">
<style pagelayer-style-id=""ccj4284"">.p-ccj4284{text-align: right}
</style><div class=""entry-content pagelayer-post-excerpt""><figure class=""wp-block-table""><table><tbody><tr><td>  63654</td><td>نماز کا بیان</td><td>قضاء نمازوں کا بیان</td></tr></tbody></table></figure><div style=""direction:rtl;line-height: 2.5;""><h3 class=""has-text-align-center"">سوال</h3>سوال:کیا فرماتے ہیں مفتیانِ کرام اس مسئلے کے بارے میں کہ صاحب ترتیب  کی اگر بالفرض عصر کی نماز قضا ہوگئی اور اب مغرب کی جماعت کھڑی ہوگئی تو وہ وضوء کرکے مسجد پہنچا اس کے لیے اس صورت میں کیا حکم ہے،آیا پہلے عصر کی قضاء پڑھے،پھر مغرب پڑھے،چاہے جماعت نکل جائے یا پہلے مغرب باجماعت پڑھے،پھر عصر کی قضاء پڑھے؟<h4 class=""has-text-align-center"">اَلجَوَابْ بِاسْمِ مُلْہِمِ الصَّوَابْ

</h4>ترتیب تین چیزوں سے ساقط ہوتی ہے :
1۔بھولنے سے،یعنی صاحب ترتیب نے بھولے سے وقت کی نماز پڑھ لی،پھر اسے یاد آیا کہ اس کے ذمے سابقہ نماز کی قضاء باقی ہے تو وقت کی نماز ہوگئی،اب صرف سابقہ نماز کی قضاء لازم ہے۔
2۔فوت شدہ نمازوں کے چھ سے زیادہ ہونے سے
3۔اداء نماز کا وقت اتنا کم رہ جائے کہ اگر پہلے فوت شدہ نماز کی قضاء کرے گا تو اداء نماز کا وقت نکل جائے گا،ایسی صورت میں بھی پہلے اداء نماز پڑھے گا،پھر قضاء نماز لوٹائے گا۔
چونکہ مذکورہ صورت میں وقت کے نکلنے کا اندیشہ نہیں،صرف جماعت نکلنے کا اندیشہ ہے،اس لیے پہلے عصر کی قضاء نماز پڑھے گا،اس کے بعد مغرب پڑھے گا۔
</div><h6 class=""has-text-align-right"">حوالہ جات</h6><div style=""direction: rtl;font-family: Amiri;
    
     font-size: 13px; font-weight: 400;"">""بدائع الصنائع "" (1/ 131):
""(أما) الترتيب بين قضاء الفائتة وأداء الوقتية فقد قال أصحابنا: إنه شرط.
وقال الشافعي: ليس بشرط.
(وجه) قوله أن هذا الوقت صار للوقتية بالكتاب والسنة المتواترة وإجماع الأمة، فيجب أداؤها في وقتها كما في حال ضيق الوقت وكثرة الفوائت والنسيان.
(ولنا) قول النبي - صلى الله عليه وسلم -: «من نام عن صلاة أو نسيها فليصلها إذا ذكرها، فإن ذلك وقتها» وفي بعض الروايات: «لا وقت لها إلا ذلك، فقد جعل وقت التذكر وقت الفائتة» ، فكان أداء الوقتية قبل قضاء الفائتة أداء قبل وقتها فلا يجوز
وروي عن ابن عمر عن النبي - صلى الله عليه وسلم - أنه قال: «من نسي صلاة فلم يذكرها إلا وهو مع الإمام فليصل مع الإمام وليجعلها تطوعا، ثم ليقض ما تذكر ثم ليعد ما كان صلاه مع الإمام» ، وهذا عين مذهبنا أنه تفسد الفرضية للصلاة إذا تذكر الفائتة فيها، ويلزمه الإعادة، بخلاف حال ضيق الوقت وكثرة الفوائت والنسيان"".
</div>..<h6 class=""has-text-align-center"">
واللہ سبحانہ وتعالی اعلم
</h6><figure class=""wp-block-table""><table><tbody><tr><td><h3>مجیب</h3></td><td>محمد طارق  غرفی</td><td><h3>مفتیان</h3></td><td> آفتاب احمد صاحب    / سعید احمد حسن صاحب</td></tr></tbody></table></figure></div></div></div></div></div></div><div class=""p-wl6689 pagelayer-inner_row pagelayer-row-stretch-auto pagelayer-height-default"" pagelayer-id=""wl6689"">
<style pagelayer-style-id=""wl6689"">.p-wl6689 .pagelayer-col-holder{padding: 10px}
.p-wl6689 > .pagelayer-background-overlay{-webkit-transition: all 400ms !important; transition: all 400ms !important}
.p-wl6689 .pagelayer-svg-top .pagelayer-shape-fill{fill:#227bc3}
.p-wl6689 .pagelayer-row-svg .pagelayer-svg-top{width:100%;height:100px}
.p-wl6689 .pagelayer-svg-bottom .pagelayer-shape-fill{fill:#e44993}
.p-wl6689 .pagelayer-row-svg .pagelayer-svg-bottom{width:100%;height:100px}
</style>
<div class=""pagelayer-row-holder pagelayer-row pagelayer-auto pagelayer-width-auto""><div class=""p-jzl6522 pagelayer-col pagelayer-col-6"" pagelayer-id=""jzl6522"">
<style pagelayer-style-id=""jzl6522"">.p-jzl6522{align-content: center !important}
.p-jzl6522 .pagelayer-col-holder > div:not(:last-child){margin-bottom: 15px}
.p-jzl6522 > .pagelayer-background-overlay{-webkit-transition: all 400ms !important; transition: all 400ms !important}
</style>
<div class=""pagelayer-col-holder""><div class=""p-xsb5673 pagelayer-share_grp pagelayer-share-type-icon-label pagelayer-social-bg-none pagelayer-scheme-official"" pagelayer-id=""xsb5673"">
<style pagelayer-style-id=""xsb5673"">.p-xsb5673{text-align: right}
.p-xsb5673 .pagelayer-share-content{min-height: 35px;-webkit-transition: all 400ms; transition: all 400ms}
.p-xsb5673 i{font-size: 27px}
.p-xsb5673 .pagelayer-icon-holder{font-size: 27px}
.p-xsb5673 .pagelayer-share-content i{-webkit-transition: all 400ms; transition: all 400ms}
.p-xsb5673 .pagelayer-icon-name{font-family: Roboto; font-size: 15px !important; font-style:  !important; font-weight: 500 !important; font-variant:  !important; text-decoration-line:  !important; text-decoration-style:  !important; line-height: em !important; text-transform:  !important; letter-spacing: px !important; word-spacing: px !important}
@media (max-width: 768px) and (min-width: 501px){.p-xsb5673{text-align: left}
.p-xsb5673 .pagelayer-share{padding-top: 10px; padding-bottom: 10px;padding-left: 10px; padding-right: 10px}
.p-xsb5673 i{font-size: 20px}
.p-xsb5673 .pagelayer-icon-holder{font-size: 20px}
.p-xsb5673 .pagelayer-icon-name{font-family: ; font-size: 13px !important; font-style:  !important; font-weight:  !important; font-variant:  !important; text-decoration-line:  !important; text-decoration-style:  !important; line-height: em !important; text-transform:  !important; letter-spacing: px !important; word-spacing: px !important}
}
@media (max-width: 500px){.p-xsb5673{text-align: left}
.p-xsb5673 .pagelayer-share{padding-top: 10px; padding-bottom: 10px;padding-left: 10px; padding-right: 10px}
.p-xsb5673 .pagelayer-share-content{min-height: NaNpx}
.p-xsb5673 i{font-size: 20px}
.p-xsb5673 .pagelayer-icon-holder{font-size: 20px}
.p-xsb5673 .pagelayer-icon-name{font-family: ; font-size: 13px !important; font-style:  !important; font-weight:  !important; font-variant:  !important; text-decoration-line:  !important; text-decoration-style:  !important; line-height: em !important; text-transform:  !important; letter-spacing: px !important; word-spacing: px !important}
}
</style><div class=""p-9mh2934 pagelayer-share"" pagelayer-id=""9mh2934"">
<a class=""pagelayer-ele-link"" href=""https://www.facebook.com/sharer/sharer.php?u=almuftionline.com/2018/07/21/1845/"" target=""_blank"" title=""fab fa-facebook-square"">
<div class=""pagelayer-share-content pagelayer-facebook-square"" data-icon=""fab fa-facebook-square"">
<div class=""pagelayer-icon-holder pagelayer-share-buttons"">
<i class=""pagelayer-social-fa fab fa-facebook-square""></i>
</div>
<div class=""pagelayer-icon-name"">
<span class=""pagelayer-icon-name-span"">Facebook</span>
</div>
</div>
</a></div><div class=""p-rai4926 pagelayer-share"" pagelayer-id=""rai4926"">
<a class=""pagelayer-ele-link"" href=""https://twitter.com/share?url=almuftionline.com/2018/07/21/1845/"" target=""_blank"" title=""fab fa-twitter-square"">
<div class=""pagelayer-share-content pagelayer-twitter-square"" data-icon=""fab fa-twitter-square"">
<div class=""pagelayer-icon-holder pagelayer-share-buttons"">
<i class=""pagelayer-social-fa fab fa-twitter-square""></i>
</div>
<div class=""pagelayer-icon-name"">
<span class=""pagelayer-icon-name-span"">Twitter</span>
</div>
</div>
</a></div><div class=""p-ndy3728 pagelayer-share"" pagelayer-id=""ndy3728"">
<a class=""pagelayer-ele-link"" href=""whatsapp://send?text=almuftionline.com/2018/07/21/1845/"" target=""_blank"" title=""fab fa-whatsapp"">
<div class=""pagelayer-share-content pagelayer-whatsapp"" data-icon=""fab fa-whatsapp"">
<div class=""pagelayer-icon-holder pagelayer-share-buttons"">
<i class=""pagelayer-social-fa fab fa-whatsapp""></i>
</div>
<div class=""pagelayer-icon-name"">
<span class=""pagelayer-icon-name-span"">WhatsApp</span>
</div>
</div>
</a></div></div></div></div></div></div><div class=""p-zqp4850 pagelayer-inner_row pagelayer-row-stretch-auto pagelayer-height-default"" pagelayer-id=""zqp4850"">
<style pagelayer-style-id=""zqp4850"">.p-zqp4850 .pagelayer-col-holder{padding: 10px}
.p-zqp4850 > .pagelayer-background-overlay{-webkit-transition: all 400ms !important; transition: all 400ms !important}
.p-zqp4850 .pagelayer-svg-top .pagelayer-shape-fill{fill:#227bc3}
.p-zqp4850 .pagelayer-row-svg .pagelayer-svg-top{width:100%;height:100px}
.p-zqp4850 .pagelayer-svg-bottom .pagelayer-shape-fill{fill:#e44993}
.p-zqp4850 .pagelayer-row-svg .pagelayer-svg-bottom{width:100%;height:100px}
</style>
<div class=""pagelayer-row-holder pagelayer-row pagelayer-auto pagelayer-width-auto""><div class=""p-q725202 pagelayer-col pagelayer-col-2"" pagelayer-id=""q725202"">
<style pagelayer-style-id=""q725202"">.p-q725202{align-content: center !important}
.p-q725202 .pagelayer-col-holder > div:not(:last-child){margin-bottom: 15px}
.p-q725202 > .pagelayer-background-overlay{-webkit-transition: all 400ms !important; transition: all 400ms !important}
</style>
<div class=""pagelayer-col-holder""><div class=""p-55r4448 pagelayer-post_nav"" pagelayer-id=""55r4448"">
<style pagelayer-style-id=""55r4448"">.p-55r4448 .pagelayer-post-nav-link{color:#adb5bd;font-family:  !important; font-size: 15px !important; font-style:  !important; font-weight:  !important; font-variant:  !important; text-decoration-line:  !important; text-decoration-style:  !important; line-height: em !important; text-transform:  !important; letter-spacing: px !important; word-spacing: px !important}
.p-55r4448 .pagelayer-post-nav-title{color:#000000;font-family:  !important; font-size: 18px !important; font-style:  !important; font-weight: bold !important; font-variant:  !important; text-decoration-line:  !important; text-decoration-style: Solid !important; line-height: em !important; text-transform:  !important; letter-spacing: px !important; word-spacing: px !important}
.p-55r4448 .pagelayer-post-nav-icon{color:#adb5bd;font-size:30px}
.p-55r4448 .pagelayer-post-nav-separator{display:none}
@media (max-width: 768px) and (min-width: 501px){.p-55r4448 .pagelayer-post-nav-link{font-family:  !important; font-size: 12px !important; font-style:  !important; font-weight:  !important; font-variant:  !important; text-decoration-line:  !important; text-decoration-style: Solid !important; line-height: em !important; text-transform:  !important; letter-spacing: px !important; word-spacing: px !important}
.p-55r4448 .pagelayer-post-nav-title{font-family:  !important; font-size: 15px !important; font-style:  !important; font-weight:  !important; font-variant:  !important; text-decoration-line:  !important; text-decoration-style: Solid !important; line-height: em !important; text-transform:  !important; letter-spacing: px !important; word-spacing: px !important}
}
@media (max-width: 500px){.p-55r4448 .pagelayer-post-nav-link{font-family:  !important; font-size: 12px !important; font-style:  !important; font-weight:  !important; font-variant:  !important; text-decoration-line:  !important; text-decoration-style: Solid !important; line-height: em !important; text-transform:  !important; letter-spacing: px !important; word-spacing: px !important}
.p-55r4448 .pagelayer-post-nav-title{font-family:  !important; font-size: 12px !important; font-style:  !important; font-weight:  !important; font-variant:  !important; text-decoration-line:  !important; text-decoration-style: Solid !important; line-height: em !important; text-transform:  !important; letter-spacing: px !important; word-spacing: px !important}
}
</style><div class=""pagelayer-post-nav-container"">
<div class=""pagelayer-prev-post"">
<a href=""https://almuftionline.com/2018/07/21/1844/"" rel=""prev""><span class=""pagelayer-post-nav-icon fa fa-chevron-left""></span>
<span class=""pagelayer-next-holder"">
<span class=""pagelayer-post-nav-link""> Previous</span><span class=""pagelayer-post-nav-title"">کیا صاحب ترتیب کی تعریف کسی حدیث سے ماخوذ ہے؟</span>
</span></a>
</div>
<div class=""pagelayer-post-nav-separator""></div>
<div class=""pagelayer-next-post"">
<a href=""https://almuftionline.com/2018/07/22/1814/"" rel=""next""><span class=""pagelayer-next-holder"">
<span class=""pagelayer-post-nav-link""> Next</span><span class=""pagelayer-post-nav-title"">داماد کو زکوۃ دینا</span>
</span>
<span class=""pagelayer-post-nav-icon fa fa-chevron-right""></span></a>
</div>
</div></div></div></div></div></div></div>"
2018-07-21,https://almuftionline.com/2018/07/21/1844/,کیا صاحب ترتیب کی تعریف کسی حدیث سے ماخوذ ہے؟,,"<h4 class=""has-text-align-center"">اَلجَوَابْ بِاسْمِ مُلْہِمِ الصَّوَابْ

</h4><h6 class=""has-text-align-right"">حوالہ جات</h6><div style=""direction: rtl;font-family: Amiri;
    
     font-size: 13px; font-weight: 400;"">""بدائع الصنائع "" (1/ 131):
""(أما) الترتيب بين قضاء الفائتة وأداء الوقتية فقد قال أصحابنا: إنه شرط.
وقال الشافعي: ليس بشرط.
(وجه) قوله أن هذا الوقت صار للوقتية بالكتاب والسنة المتواترة وإجماع الأمة، فيجب أداؤها في وقتها كما في حال ضيق الوقت وكثرة الفوائت والنسيان.
(ولنا) قول النبي - صلى الله عليه وسلم -: «من نام عن صلاة أو نسيها فليصلها إذا ذكرها، فإن ذلك وقتها» وفي بعض الروايات: «لا وقت لها إلا ذلك، فقد جعل وقت التذكر وقت الفائتة» ، فكان أداء الوقتية قبل قضاء الفائتة أداء قبل وقتها فلا يجوز
وروي عن ابن عمر عن النبي - صلى الله عليه وسلم - أنه قال: «من نسي صلاة فلم يذكرها إلا وهو مع الإمام فليصل مع الإمام وليجعلها تطوعا، ثم ليقض ما تذكر ثم ليعد ما كان صلاه مع الإمام» ، وهذا عين مذهبنا أنه تفسد الفرضية للصلاة إذا تذكر الفائتة فيها، ويلزمه الإعادة، بخلاف حال ضيق الوقت وكثرة الفوائت والنسيان؛ لأنا إنما عرفنا كون هذا الوقت وقتا للوقتية بنص الكتاب والسنة المتواترة والإجماع، وعرفنا كونه وقتا للفائتة بخبر الواحد، والعمل بخبر الواحد إنما يجب على وجه لا يؤدي إلى إبطال العمل بالدليل المقطوع به، والاشتغال بالفائتة عند ضيق الوقت إبطال العمل به؛ لأنه تفويت للوقتية عن الوقت، وكذا عند كثرة الفوائت؛ لأن الفوائت إذا كثرت تستغرق الوقت فتفوت الوقتية عن وقتها؛ ولأن الشرع إنما جعل الوقت وقتا للفائتة لتدارك ما فات فلا يصير وقتا لها على وجه يؤدي إلى تفويت صلاة أخرى وهي الوقتية؛ ولأن جعل الشرع وقت التذكر وقتا للفائتة على الإطلاق ينصرف إلى وقت ليس بمشغول؛ لأن المشغول لا يشغل، كما انصرف إلى وقت لا تكره الصلاة فيه.
(وأما) النسيان فلأن خبر الواحد جعل وقت التذكر وقتا للفائتة، ولا تذكر ههنا فلم يصر الوقت وقتا للفائتة فبقي وقتا للوقتية"".
</div><h6 class=""has-text-align-center"">
واللہ سبحانہ وتعالی اعلم
</h6><figure class=""wp-block-table""><table><tbody><tr><td><h3>مجیب</h3></td><td>محمد طارق  غرفی</td><td><h3>مفتیان</h3></td><td> آفتاب احمد صاحب    / سعید احمد حسن صاحب</td></tr></tbody></table></figure>",63653,jameya-tur-rasheed,نماز کا بیان,قضاء نمازوں کا بیان,"<div class=""pagelayer-col-holder""><div class=""p-kgd1425 pagelayer-post_excerpt"" pagelayer-id=""kgd1425"">
<style pagelayer-style-id=""kgd1425"">.p-kgd1425 .pagelayer-post-excerpt{color:#adb5bd;font-family: ; font-size: 15px !important; font-style: Italic !important; font-weight: 500 !important; font-variant:  !important; text-decoration-line:  !important; text-decoration-style:  !important; line-height: 1.5em !important; text-transform:  !important; letter-spacing: px !important; word-spacing: px !important;margin-top:0px; margin-right:0px; margin-bottom:0px; margin-left:0px}
.p-kgd1425{text-align: left;margin-top: 0px; margin-right: 0px; margin-bottom: 0px; margin-left: 0px;padding-top: 0px; padding-right: 0px; padding-bottom: 0px; padding-left: 0px}
</style></div><div class=""p-4wb1030 pagelayer-featured_img"" pagelayer-id=""4wb1030"">
<style pagelayer-style-id=""4wb1030"">.p-4wb1030{text-align: center}
.p-4wb1030 img{filter: blur(0px) brightness(100%) contrast(100%) grayscale(0%) hue-rotate(0deg) opacity(100%) saturate(100%);box-shadow: 0px 24px 36px 0px rgba(0,0,0,0.10)  !important;-webkit-transition: all 400ms; transition: all 400ms}
.p-4wb1030 .pagelayer-featured-caption{color: #0986c0}
</style>
<div class=""pagelayer-featured-img""></div>
</div><div class=""p-f8n3612 pagelayer-inner_row pagelayer-row-stretch-auto pagelayer-height-default"" pagelayer-id=""f8n3612"">
<style pagelayer-style-id=""f8n3612"">.p-f8n3612 .pagelayer-col-holder{padding: 10px}
.p-f8n3612 > .pagelayer-background-overlay{-webkit-transition: all 400ms !important; transition: all 400ms !important}
.p-f8n3612 .pagelayer-svg-top .pagelayer-shape-fill{fill:#227bc3}
.p-f8n3612 .pagelayer-row-svg .pagelayer-svg-top{width:100%;height:100px}
.p-f8n3612 .pagelayer-svg-bottom .pagelayer-shape-fill{fill:#e44993}
.p-f8n3612 .pagelayer-row-svg .pagelayer-svg-bottom{width:100%;height:100px}
</style>
<div class=""pagelayer-row-holder pagelayer-row pagelayer-auto pagelayer-width-auto""><div class=""p-i795860 pagelayer-col pagelayer-col-4"" pagelayer-id=""i795860"">
<style pagelayer-style-id=""i795860"">.p-i795860{align-content: center !important}
.p-i795860 .pagelayer-col-holder > div:not(:last-child){margin-bottom: 15px}
.p-i795860 > .pagelayer-background-overlay{-webkit-transition: all 400ms !important; transition: all 400ms !important}
</style>
<div class=""pagelayer-col-holder""><div class=""p-qip3968 pagelayer-post_info"" pagelayer-id=""qip3968"">
<style pagelayer-style-id=""qip3968"">.p-qip3968 .pagelayer-post-info-vertical .pagelayer-post-info-list-container{margin-right:25px}
.p-qip3968 .pagelayer-post-info-horizontal .pagelayer-post-info-list-container{margin-bottom:25px}
.p-qip3968 .pagelayer-post-info-container{text-align:right}
.p-qip3968 .pagelayer-post-info-icon span{font-size:120%;color:#495057}
.p-qip3968 .pagelayer-post-info-list-container a{font-family: Roboto !important; font-size: 14px !important; font-style:  !important; font-weight: 500 !important; font-variant:  !important; text-decoration-line:  !important; text-decoration-style:  !important; line-height: 1.6em !important; text-transform:  !important; letter-spacing: px !important; word-spacing: px !important}
.p-qip3968 .pagelayer-post-info-label{color:#495057}
.p-qip3968 .pagelayer-post-info-label a{color:#495057}
.p-qip3968 .pagelayer-post-info-label:hover{color:#000000}
.p-qip3968 .pagelayer-post-info-label:hover a{color:#000000}
</style><div class=""pagelayer-post-info-container pagelayer-post-info-vertical""><div class=""p-xj43574 pagelayer-post_info_list"" pagelayer-id=""xj43574"">
<div class=""pagelayer-post-info-list-container"">
<a class=""pagelayer-post-info-list-link"" href=""https://almuftionline.com/2018/07/21/"">
<span class=""pagelayer-post-info-icon"">
<span class=""far fa-clock""></span>
</span>
<span class=""pagelayer-post-info-label pagelayer-date"">جولائی 21, 2018</span>
</a>
</div></div></div></div></div></div><div class=""p-t2j1983 pagelayer-col pagelayer-col-7"" pagelayer-id=""t2j1983"">
<style pagelayer-style-id=""t2j1983"">.p-t2j1983{align-content: center !important}
.p-t2j1983 .pagelayer-col-holder > div:not(:last-child){margin-bottom: 15px}
.p-t2j1983 > .pagelayer-background-overlay{-webkit-transition: all 400ms !important; transition: all 400ms !important}
</style>
<div class=""pagelayer-col-holder""><div class=""p-dbq3916 pagelayer-post_info"" pagelayer-id=""dbq3916"">
<style pagelayer-style-id=""dbq3916"">.p-dbq3916 .pagelayer-post-info-container{text-align:right}
.p-dbq3916 .pagelayer-post-info-icon span{font-size:120%;color:#495057}
.p-dbq3916 .pagelayer-post-info-list-container a{font-family: Roboto !important; font-size: 14px !important; font-style:  !important; font-weight: 500 !important; font-variant:  !important; text-decoration-line:  !important; text-decoration-style:  !important; line-height: 1.6em !important; text-transform:  !important; letter-spacing: px !important; word-spacing: px !important}
.p-dbq3916 .pagelayer-post-info-label{color:#0072ff}
.p-dbq3916 .pagelayer-post-info-label a{color:#0072ff}
.p-dbq3916 .pagelayer-terms *{color:#f8952c !important;padding-top:5px; padding-right:10px; padding-bottom:5px; padding-left:10px;margin-top:0px; margin-right:5px; margin-bottom:0px; margin-left:5px;border-radius: 4px 4px 4px 4px; -webkit-border-radius:  4px 4px 4px 4px;-moz-border-radius: 4px 4px 4px 4px}
.p-dbq3916{padding-top: 0px; padding-right: 0px; padding-bottom: 0px; padding-left: 0px}
@media (max-width: 768px) and (min-width: 501px){.p-dbq3916 .pagelayer-post-info-container{text-align:left}
}
@media (max-width: 500px){.p-dbq3916 .pagelayer-post-info-container{text-align:left}
}
</style><div class=""pagelayer-post-info-container pagelayer-post-info-vertical""><div class=""p-wpv7212 pagelayer-post_info_list"" pagelayer-id=""wpv7212"">
<div class=""pagelayer-post-info-list-container"">
<span class=""pagelayer-post-info-icon"">
</span>
<span class=""pagelayer-post-info-label pagelayer-terms""> <a href=""https://almuftionline.com/category/fatwa/13/""> نماز کا بیان </a></span>
</div></div></div></div></div></div></div></div><div class=""p-trw3096 pagelayer-inner_row pagelayer-row-stretch-auto pagelayer-height-default"" pagelayer-id=""trw3096"">
<style pagelayer-style-id=""trw3096"">.p-trw3096 .pagelayer-col-holder{padding: 10px}
.p-trw3096 > .pagelayer-background-overlay{-webkit-transition: all 400ms !important; transition: all 400ms !important}
.p-trw3096 .pagelayer-svg-top .pagelayer-shape-fill{fill:#227bc3}
.p-trw3096 .pagelayer-row-svg .pagelayer-svg-top{width:100%;height:100px}
.p-trw3096 .pagelayer-svg-bottom .pagelayer-shape-fill{fill:#e44993}
.p-trw3096 .pagelayer-row-svg .pagelayer-svg-bottom{width:100%;height:100px}
</style>
<div class=""pagelayer-row-holder pagelayer-row pagelayer-auto pagelayer-width-auto""><div class=""p-wwu6541 pagelayer-col pagelayer-col-2"" pagelayer-id=""wwu6541"">
<style pagelayer-style-id=""wwu6541"">.p-wwu6541{align-content: center !important}
.p-wwu6541 .pagelayer-col-holder > div:not(:last-child){margin-bottom: 15px}
.p-wwu6541 > .pagelayer-background-overlay{-webkit-transition: all 400ms !important; transition: all 400ms !important}
</style>
<div class=""pagelayer-col-holder""><div class=""p-ccj4284 pagelayer-post_content"" pagelayer-id=""ccj4284"">
<style pagelayer-style-id=""ccj4284"">.p-ccj4284{text-align: right}
</style><div class=""entry-content pagelayer-post-excerpt""><figure class=""wp-block-table""><table><tbody><tr><td>  63653</td><td>نماز کا بیان</td><td>قضاء نمازوں کا بیان</td></tr></tbody></table></figure><div style=""direction:rtl;line-height: 2.5;""><h3 class=""has-text-align-center"">سوال</h3>سوال:کیا فرماتے ہیں مفتیانِ کرام اس مسئلے کے بارے میں کہ صاحب ترتیب  کی تعریف کسی حدیث سے ماخوذ ہے؟<h4 class=""has-text-align-center"">اَلجَوَابْ بِاسْمِ مُلْہِمِ الصَّوَابْ

</h4>صاحب ترتیب کی تعریف درج ذیل حدیث سے ماخوذ ہے«من نام عن صلاة أو نسيها فليصلها إذا ذكرها، فإن ذلك وقتها» کہ جو شخص نماز کے وقت میں سوتا رہ جائے یا بھول جائے تو جب اسے یاد آئے اسے پڑھ لے،کیونکہ یہی اس کا وقت ہے،جبکہ بعض روایات میں یہ الفاظ بھی آتے ہیں"" لا وقت لها إلا ذلك""     کہ اس فوت شدہ نماز کا وقت یہی ہے جس وقت وہ سوکر اٹھےیا  نماز یاد آجائے،اس کے علاوہ کوئی نہیں۔
لیکن جب فوت شدہ نمازیں زیادہ ہوجائیں تب اگر پہلے فوت شدہ نمازوں کی قضاء لازم کی جائے تو ان میں مصروفیت کی وجہ سے اداء نماز کا وقت نکل جائے گا اور اس وقت کا اداء نمازکےلیےمتعین ہونا  قرآن،مشہور احادیث اور اجماع سے ثابت ہے،جبکہ فوت شدہ نماز کےلیےمتعین ہوناخبر واحد سے ثابت ہے اور خبر واحد پر اس طریقے سے عمل کیا جاتا ہے کہ اس پر عمل کی وجہ سے قطعی دلیل کی مخالفت لازم نہ آئے،اس لیے فوت شدہ نمازوں کے زیادہ ہونے کی صورت میں پہلے وقت کی نماز پڑھنا جائز ہے۔
</div><h6 class=""has-text-align-right"">حوالہ جات</h6><div style=""direction: rtl;font-family: Amiri;
    
     font-size: 13px; font-weight: 400;"">""بدائع الصنائع "" (1/ 131):
""(أما) الترتيب بين قضاء الفائتة وأداء الوقتية فقد قال أصحابنا: إنه شرط.
وقال الشافعي: ليس بشرط.
(وجه) قوله أن هذا الوقت صار للوقتية بالكتاب والسنة المتواترة وإجماع الأمة، فيجب أداؤها في وقتها كما في حال ضيق الوقت وكثرة الفوائت والنسيان.
(ولنا) قول النبي - صلى الله عليه وسلم -: «من نام عن صلاة أو نسيها فليصلها إذا ذكرها، فإن ذلك وقتها» وفي بعض الروايات: «لا وقت لها إلا ذلك، فقد جعل وقت التذكر وقت الفائتة» ، فكان أداء الوقتية قبل قضاء الفائتة أداء قبل وقتها فلا يجوز
وروي عن ابن عمر عن النبي - صلى الله عليه وسلم - أنه قال: «من نسي صلاة فلم يذكرها إلا وهو مع الإمام فليصل مع الإمام وليجعلها تطوعا، ثم ليقض ما تذكر ثم ليعد ما كان صلاه مع الإمام» ، وهذا عين مذهبنا أنه تفسد الفرضية للصلاة إذا تذكر الفائتة فيها، ويلزمه الإعادة، بخلاف حال ضيق الوقت وكثرة الفوائت والنسيان؛ لأنا إنما عرفنا كون هذا الوقت وقتا للوقتية بنص الكتاب والسنة المتواترة والإجماع، وعرفنا كونه وقتا للفائتة بخبر الواحد، والعمل بخبر الواحد إنما يجب على وجه لا يؤدي إلى إبطال العمل بالدليل المقطوع به، والاشتغال بالفائتة عند ضيق الوقت إبطال العمل به؛ لأنه تفويت للوقتية عن الوقت، وكذا عند كثرة الفوائت؛ لأن الفوائت إذا كثرت تستغرق الوقت فتفوت الوقتية عن وقتها؛ ولأن الشرع إنما جعل الوقت وقتا للفائتة لتدارك ما فات فلا يصير وقتا لها على وجه يؤدي إلى تفويت صلاة أخرى وهي الوقتية؛ ولأن جعل الشرع وقت التذكر وقتا للفائتة على الإطلاق ينصرف إلى وقت ليس بمشغول؛ لأن المشغول لا يشغل، كما انصرف إلى وقت لا تكره الصلاة فيه.
(وأما) النسيان فلأن خبر الواحد جعل وقت التذكر وقتا للفائتة، ولا تذكر ههنا فلم يصر الوقت وقتا للفائتة فبقي وقتا للوقتية"".
</div>..<h6 class=""has-text-align-center"">
واللہ سبحانہ وتعالی اعلم
</h6><figure class=""wp-block-table""><table><tbody><tr><td><h3>مجیب</h3></td><td>محمد طارق  غرفی</td><td><h3>مفتیان</h3></td><td> آفتاب احمد صاحب    / سعید احمد حسن صاحب</td></tr></tbody></table></figure></div></div></div></div></div></div><div class=""p-wl6689 pagelayer-inner_row pagelayer-row-stretch-auto pagelayer-height-default"" pagelayer-id=""wl6689"">
<style pagelayer-style-id=""wl6689"">.p-wl6689 .pagelayer-col-holder{padding: 10px}
.p-wl6689 > .pagelayer-background-overlay{-webkit-transition: all 400ms !important; transition: all 400ms !important}
.p-wl6689 .pagelayer-svg-top .pagelayer-shape-fill{fill:#227bc3}
.p-wl6689 .pagelayer-row-svg .pagelayer-svg-top{width:100%;height:100px}
.p-wl6689 .pagelayer-svg-bottom .pagelayer-shape-fill{fill:#e44993}
.p-wl6689 .pagelayer-row-svg .pagelayer-svg-bottom{width:100%;height:100px}
</style>
<div class=""pagelayer-row-holder pagelayer-row pagelayer-auto pagelayer-width-auto""><div class=""p-jzl6522 pagelayer-col pagelayer-col-6"" pagelayer-id=""jzl6522"">
<style pagelayer-style-id=""jzl6522"">.p-jzl6522{align-content: center !important}
.p-jzl6522 .pagelayer-col-holder > div:not(:last-child){margin-bottom: 15px}
.p-jzl6522 > .pagelayer-background-overlay{-webkit-transition: all 400ms !important; transition: all 400ms !important}
</style>
<div class=""pagelayer-col-holder""><div class=""p-xsb5673 pagelayer-share_grp pagelayer-share-type-icon-label pagelayer-social-bg-none pagelayer-scheme-official"" pagelayer-id=""xsb5673"">
<style pagelayer-style-id=""xsb5673"">.p-xsb5673{text-align: right}
.p-xsb5673 .pagelayer-share-content{min-height: 35px;-webkit-transition: all 400ms; transition: all 400ms}
.p-xsb5673 i{font-size: 27px}
.p-xsb5673 .pagelayer-icon-holder{font-size: 27px}
.p-xsb5673 .pagelayer-share-content i{-webkit-transition: all 400ms; transition: all 400ms}
.p-xsb5673 .pagelayer-icon-name{font-family: Roboto; font-size: 15px !important; font-style:  !important; font-weight: 500 !important; font-variant:  !important; text-decoration-line:  !important; text-decoration-style:  !important; line-height: em !important; text-transform:  !important; letter-spacing: px !important; word-spacing: px !important}
@media (max-width: 768px) and (min-width: 501px){.p-xsb5673{text-align: left}
.p-xsb5673 .pagelayer-share{padding-top: 10px; padding-bottom: 10px;padding-left: 10px; padding-right: 10px}
.p-xsb5673 i{font-size: 20px}
.p-xsb5673 .pagelayer-icon-holder{font-size: 20px}
.p-xsb5673 .pagelayer-icon-name{font-family: ; font-size: 13px !important; font-style:  !important; font-weight:  !important; font-variant:  !important; text-decoration-line:  !important; text-decoration-style:  !important; line-height: em !important; text-transform:  !important; letter-spacing: px !important; word-spacing: px !important}
}
@media (max-width: 500px){.p-xsb5673{text-align: left}
.p-xsb5673 .pagelayer-share{padding-top: 10px; padding-bottom: 10px;padding-left: 10px; padding-right: 10px}
.p-xsb5673 .pagelayer-share-content{min-height: NaNpx}
.p-xsb5673 i{font-size: 20px}
.p-xsb5673 .pagelayer-icon-holder{font-size: 20px}
.p-xsb5673 .pagelayer-icon-name{font-family: ; font-size: 13px !important; font-style:  !important; font-weight:  !important; font-variant:  !important; text-decoration-line:  !important; text-decoration-style:  !important; line-height: em !important; text-transform:  !important; letter-spacing: px !important; word-spacing: px !important}
}
</style><div class=""p-9mh2934 pagelayer-share"" pagelayer-id=""9mh2934"">
<a class=""pagelayer-ele-link"" href=""https://www.facebook.com/sharer/sharer.php?u=almuftionline.com/2018/07/21/1844/"" target=""_blank"" title=""fab fa-facebook-square"">
<div class=""pagelayer-share-content pagelayer-facebook-square"" data-icon=""fab fa-facebook-square"">
<div class=""pagelayer-icon-holder pagelayer-share-buttons"">
<i class=""pagelayer-social-fa fab fa-facebook-square""></i>
</div>
<div class=""pagelayer-icon-name"">
<span class=""pagelayer-icon-name-span"">Facebook</span>
</div>
</div>
</a></div><div class=""p-rai4926 pagelayer-share"" pagelayer-id=""rai4926"">
<a class=""pagelayer-ele-link"" href=""https://twitter.com/share?url=almuftionline.com/2018/07/21/1844/"" target=""_blank"" title=""fab fa-twitter-square"">
<div class=""pagelayer-share-content pagelayer-twitter-square"" data-icon=""fab fa-twitter-square"">
<div class=""pagelayer-icon-holder pagelayer-share-buttons"">
<i class=""pagelayer-social-fa fab fa-twitter-square""></i>
</div>
<div class=""pagelayer-icon-name"">
<span class=""pagelayer-icon-name-span"">Twitter</span>
</div>
</div>
</a></div><div class=""p-ndy3728 pagelayer-share"" pagelayer-id=""ndy3728"">
<a class=""pagelayer-ele-link"" href=""whatsapp://send?text=almuftionline.com/2018/07/21/1844/"" target=""_blank"" title=""fab fa-whatsapp"">
<div class=""pagelayer-share-content pagelayer-whatsapp"" data-icon=""fab fa-whatsapp"">
<div class=""pagelayer-icon-holder pagelayer-share-buttons"">
<i class=""pagelayer-social-fa fab fa-whatsapp""></i>
</div>
<div class=""pagelayer-icon-name"">
<span class=""pagelayer-icon-name-span"">WhatsApp</span>
</div>
</div>
</a></div></div></div></div></div></div><div class=""p-zqp4850 pagelayer-inner_row pagelayer-row-stretch-auto pagelayer-height-default"" pagelayer-id=""zqp4850"">
<style pagelayer-style-id=""zqp4850"">.p-zqp4850 .pagelayer-col-holder{padding: 10px}
.p-zqp4850 > .pagelayer-background-overlay{-webkit-transition: all 400ms !important; transition: all 400ms !important}
.p-zqp4850 .pagelayer-svg-top .pagelayer-shape-fill{fill:#227bc3}
.p-zqp4850 .pagelayer-row-svg .pagelayer-svg-top{width:100%;height:100px}
.p-zqp4850 .pagelayer-svg-bottom .pagelayer-shape-fill{fill:#e44993}
.p-zqp4850 .pagelayer-row-svg .pagelayer-svg-bottom{width:100%;height:100px}
</style>
<div class=""pagelayer-row-holder pagelayer-row pagelayer-auto pagelayer-width-auto""><div class=""p-q725202 pagelayer-col pagelayer-col-2"" pagelayer-id=""q725202"">
<style pagelayer-style-id=""q725202"">.p-q725202{align-content: center !important}
.p-q725202 .pagelayer-col-holder > div:not(:last-child){margin-bottom: 15px}
.p-q725202 > .pagelayer-background-overlay{-webkit-transition: all 400ms !important; transition: all 400ms !important}
</style>
<div class=""pagelayer-col-holder""><div class=""p-55r4448 pagelayer-post_nav"" pagelayer-id=""55r4448"">
<style pagelayer-style-id=""55r4448"">.p-55r4448 .pagelayer-post-nav-link{color:#adb5bd;font-family:  !important; font-size: 15px !important; font-style:  !important; font-weight:  !important; font-variant:  !important; text-decoration-line:  !important; text-decoration-style:  !important; line-height: em !important; text-transform:  !important; letter-spacing: px !important; word-spacing: px !important}
.p-55r4448 .pagelayer-post-nav-title{color:#000000;font-family:  !important; font-size: 18px !important; font-style:  !important; font-weight: bold !important; font-variant:  !important; text-decoration-line:  !important; text-decoration-style: Solid !important; line-height: em !important; text-transform:  !important; letter-spacing: px !important; word-spacing: px !important}
.p-55r4448 .pagelayer-post-nav-icon{color:#adb5bd;font-size:30px}
.p-55r4448 .pagelayer-post-nav-separator{display:none}
@media (max-width: 768px) and (min-width: 501px){.p-55r4448 .pagelayer-post-nav-link{font-family:  !important; font-size: 12px !important; font-style:  !important; font-weight:  !important; font-variant:  !important; text-decoration-line:  !important; text-decoration-style: Solid !important; line-height: em !important; text-transform:  !important; letter-spacing: px !important; word-spacing: px !important}
.p-55r4448 .pagelayer-post-nav-title{font-family:  !important; font-size: 15px !important; font-style:  !important; font-weight:  !important; font-variant:  !important; text-decoration-line:  !important; text-decoration-style: Solid !important; line-height: em !important; text-transform:  !important; letter-spacing: px !important; word-spacing: px !important}
}
@media (max-width: 500px){.p-55r4448 .pagelayer-post-nav-link{font-family:  !important; font-size: 12px !important; font-style:  !important; font-weight:  !important; font-variant:  !important; text-decoration-line:  !important; text-decoration-style: Solid !important; line-height: em !important; text-transform:  !important; letter-spacing: px !important; word-spacing: px !important}
.p-55r4448 .pagelayer-post-nav-title{font-family:  !important; font-size: 12px !important; font-style:  !important; font-weight:  !important; font-variant:  !important; text-decoration-line:  !important; text-decoration-style: Solid !important; line-height: em !important; text-transform:  !important; letter-spacing: px !important; word-spacing: px !important}
}
</style><div class=""pagelayer-post-nav-container"">
<div class=""pagelayer-prev-post"">
<a href=""https://almuftionline.com/2018/07/21/1843/"" rel=""prev""><span class=""pagelayer-post-nav-icon fa fa-chevron-left""></span>
<span class=""pagelayer-next-holder"">
<span class=""pagelayer-post-nav-link""> Previous</span><span class=""pagelayer-post-nav-title"">صاحب ترتیب کون کہلاتا ہے؟</span>
</span></a>
</div>
<div class=""pagelayer-post-nav-separator""></div>
<div class=""pagelayer-next-post"">
<a href=""https://almuftionline.com/2018/07/21/1845/"" rel=""next""><span class=""pagelayer-next-holder"">
<span class=""pagelayer-post-nav-link""> Next</span><span class=""pagelayer-post-nav-title"">جماعت نکلنے کے اندیشے کے باوجود صاحب ترتیب پہلے قضاء پڑھے گا</span>
</span>
<span class=""pagelayer-post-nav-icon fa fa-chevron-right""></span></a>
</div>
</div></div></div></div></div></div></div>"
2018-07-21,https://almuftionline.com/2018/07/21/1843/,صاحب ترتیب کون کہلاتا ہے؟,,"<h4 class=""has-text-align-center"">اَلجَوَابْ بِاسْمِ مُلْہِمِ الصَّوَابْ

</h4><h6 class=""has-text-align-right"">حوالہ جات</h6><div style=""direction: rtl;font-family: Amiri;
    
     font-size: 13px; font-weight: 400;"">""اللباب في شرح الكتاب"" (1/ 87):
""(وإن فاتته صلوات رتبها) لزوماً (في القضاء كماوجبت) عليه (في الأصل) : أي قبل الفوات، وهذا حيث كانت الفوائت قليلة دون ست صلوات، وأما إذا صارت ستاً فأكثر فلا يلزمه الترتيب؛ لما فيه من الحرج؛ ولذا قال: (إلا أن تزيد الفوائت على ست صلوات) وكذا لو كانت ستاً، والمعتبر خروج وقت السادسة في الصحيح، إمداد (فيسقط الترتيب فيها) : أي بينها، كما سقط فيما بينها وبين الوقتية، ولا يعود الترتيب بعودها إلى القلة على المختار كما في التصحيح"".
</div><h6 class=""has-text-align-center"">
واللہ سبحانہ وتعالی اعلم
</h6><figure class=""wp-block-table""><table><tbody><tr><td><h3>مجیب</h3></td><td>محمد طارق  غرفی</td><td><h3>مفتیان</h3></td><td> آفتاب احمد صاحب    / سعید احمد حسن صاحب</td></tr></tbody></table></figure>",63652,jameya-tur-rasheed,نماز کا بیان,قضاء نمازوں کا بیان,"<div class=""pagelayer-col-holder""><div class=""p-kgd1425 pagelayer-post_excerpt"" pagelayer-id=""kgd1425"">
<style pagelayer-style-id=""kgd1425"">.p-kgd1425 .pagelayer-post-excerpt{color:#adb5bd;font-family: ; font-size: 15px !important; font-style: Italic !important; font-weight: 500 !important; font-variant:  !important; text-decoration-line:  !important; text-decoration-style:  !important; line-height: 1.5em !important; text-transform:  !important; letter-spacing: px !important; word-spacing: px !important;margin-top:0px; margin-right:0px; margin-bottom:0px; margin-left:0px}
.p-kgd1425{text-align: left;margin-top: 0px; margin-right: 0px; margin-bottom: 0px; margin-left: 0px;padding-top: 0px; padding-right: 0px; padding-bottom: 0px; padding-left: 0px}
</style></div><div class=""p-4wb1030 pagelayer-featured_img"" pagelayer-id=""4wb1030"">
<style pagelayer-style-id=""4wb1030"">.p-4wb1030{text-align: center}
.p-4wb1030 img{filter: blur(0px) brightness(100%) contrast(100%) grayscale(0%) hue-rotate(0deg) opacity(100%) saturate(100%);box-shadow: 0px 24px 36px 0px rgba(0,0,0,0.10)  !important;-webkit-transition: all 400ms; transition: all 400ms}
.p-4wb1030 .pagelayer-featured-caption{color: #0986c0}
</style>
<div class=""pagelayer-featured-img""></div>
</div><div class=""p-f8n3612 pagelayer-inner_row pagelayer-row-stretch-auto pagelayer-height-default"" pagelayer-id=""f8n3612"">
<style pagelayer-style-id=""f8n3612"">.p-f8n3612 .pagelayer-col-holder{padding: 10px}
.p-f8n3612 > .pagelayer-background-overlay{-webkit-transition: all 400ms !important; transition: all 400ms !important}
.p-f8n3612 .pagelayer-svg-top .pagelayer-shape-fill{fill:#227bc3}
.p-f8n3612 .pagelayer-row-svg .pagelayer-svg-top{width:100%;height:100px}
.p-f8n3612 .pagelayer-svg-bottom .pagelayer-shape-fill{fill:#e44993}
.p-f8n3612 .pagelayer-row-svg .pagelayer-svg-bottom{width:100%;height:100px}
</style>
<div class=""pagelayer-row-holder pagelayer-row pagelayer-auto pagelayer-width-auto""><div class=""p-i795860 pagelayer-col pagelayer-col-4"" pagelayer-id=""i795860"">
<style pagelayer-style-id=""i795860"">.p-i795860{align-content: center !important}
.p-i795860 .pagelayer-col-holder > div:not(:last-child){margin-bottom: 15px}
.p-i795860 > .pagelayer-background-overlay{-webkit-transition: all 400ms !important; transition: all 400ms !important}
</style>
<div class=""pagelayer-col-holder""><div class=""p-qip3968 pagelayer-post_info"" pagelayer-id=""qip3968"">
<style pagelayer-style-id=""qip3968"">.p-qip3968 .pagelayer-post-info-vertical .pagelayer-post-info-list-container{margin-right:25px}
.p-qip3968 .pagelayer-post-info-horizontal .pagelayer-post-info-list-container{margin-bottom:25px}
.p-qip3968 .pagelayer-post-info-container{text-align:right}
.p-qip3968 .pagelayer-post-info-icon span{font-size:120%;color:#495057}
.p-qip3968 .pagelayer-post-info-list-container a{font-family: Roboto !important; font-size: 14px !important; font-style:  !important; font-weight: 500 !important; font-variant:  !important; text-decoration-line:  !important; text-decoration-style:  !important; line-height: 1.6em !important; text-transform:  !important; letter-spacing: px !important; word-spacing: px !important}
.p-qip3968 .pagelayer-post-info-label{color:#495057}
.p-qip3968 .pagelayer-post-info-label a{color:#495057}
.p-qip3968 .pagelayer-post-info-label:hover{color:#000000}
.p-qip3968 .pagelayer-post-info-label:hover a{color:#000000}
</style><div class=""pagelayer-post-info-container pagelayer-post-info-vertical""><div class=""p-xj43574 pagelayer-post_info_list"" pagelayer-id=""xj43574"">
<div class=""pagelayer-post-info-list-container"">
<a class=""pagelayer-post-info-list-link"" href=""https://almuftionline.com/2018/07/21/"">
<span class=""pagelayer-post-info-icon"">
<span class=""far fa-clock""></span>
</span>
<span class=""pagelayer-post-info-label pagelayer-date"">جولائی 21, 2018</span>
</a>
</div></div></div></div></div></div><div class=""p-t2j1983 pagelayer-col pagelayer-col-7"" pagelayer-id=""t2j1983"">
<style pagelayer-style-id=""t2j1983"">.p-t2j1983{align-content: center !important}
.p-t2j1983 .pagelayer-col-holder > div:not(:last-child){margin-bottom: 15px}
.p-t2j1983 > .pagelayer-background-overlay{-webkit-transition: all 400ms !important; transition: all 400ms !important}
</style>
<div class=""pagelayer-col-holder""><div class=""p-dbq3916 pagelayer-post_info"" pagelayer-id=""dbq3916"">
<style pagelayer-style-id=""dbq3916"">.p-dbq3916 .pagelayer-post-info-container{text-align:right}
.p-dbq3916 .pagelayer-post-info-icon span{font-size:120%;color:#495057}
.p-dbq3916 .pagelayer-post-info-list-container a{font-family: Roboto !important; font-size: 14px !important; font-style:  !important; font-weight: 500 !important; font-variant:  !important; text-decoration-line:  !important; text-decoration-style:  !important; line-height: 1.6em !important; text-transform:  !important; letter-spacing: px !important; word-spacing: px !important}
.p-dbq3916 .pagelayer-post-info-label{color:#0072ff}
.p-dbq3916 .pagelayer-post-info-label a{color:#0072ff}
.p-dbq3916 .pagelayer-terms *{color:#f8952c !important;padding-top:5px; padding-right:10px; padding-bottom:5px; padding-left:10px;margin-top:0px; margin-right:5px; margin-bottom:0px; margin-left:5px;border-radius: 4px 4px 4px 4px; -webkit-border-radius:  4px 4px 4px 4px;-moz-border-radius: 4px 4px 4px 4px}
.p-dbq3916{padding-top: 0px; padding-right: 0px; padding-bottom: 0px; padding-left: 0px}
@media (max-width: 768px) and (min-width: 501px){.p-dbq3916 .pagelayer-post-info-container{text-align:left}
}
@media (max-width: 500px){.p-dbq3916 .pagelayer-post-info-container{text-align:left}
}
</style><div class=""pagelayer-post-info-container pagelayer-post-info-vertical""><div class=""p-wpv7212 pagelayer-post_info_list"" pagelayer-id=""wpv7212"">
<div class=""pagelayer-post-info-list-container"">
<span class=""pagelayer-post-info-icon"">
</span>
<span class=""pagelayer-post-info-label pagelayer-terms""> <a href=""https://almuftionline.com/category/fatwa/13/""> نماز کا بیان </a></span>
</div></div></div></div></div></div></div></div><div class=""p-trw3096 pagelayer-inner_row pagelayer-row-stretch-auto pagelayer-height-default"" pagelayer-id=""trw3096"">
<style pagelayer-style-id=""trw3096"">.p-trw3096 .pagelayer-col-holder{padding: 10px}
.p-trw3096 > .pagelayer-background-overlay{-webkit-transition: all 400ms !important; transition: all 400ms !important}
.p-trw3096 .pagelayer-svg-top .pagelayer-shape-fill{fill:#227bc3}
.p-trw3096 .pagelayer-row-svg .pagelayer-svg-top{width:100%;height:100px}
.p-trw3096 .pagelayer-svg-bottom .pagelayer-shape-fill{fill:#e44993}
.p-trw3096 .pagelayer-row-svg .pagelayer-svg-bottom{width:100%;height:100px}
</style>
<div class=""pagelayer-row-holder pagelayer-row pagelayer-auto pagelayer-width-auto""><div class=""p-wwu6541 pagelayer-col pagelayer-col-2"" pagelayer-id=""wwu6541"">
<style pagelayer-style-id=""wwu6541"">.p-wwu6541{align-content: center !important}
.p-wwu6541 .pagelayer-col-holder > div:not(:last-child){margin-bottom: 15px}
.p-wwu6541 > .pagelayer-background-overlay{-webkit-transition: all 400ms !important; transition: all 400ms !important}
</style>
<div class=""pagelayer-col-holder""><div class=""p-ccj4284 pagelayer-post_content"" pagelayer-id=""ccj4284"">
<style pagelayer-style-id=""ccj4284"">.p-ccj4284{text-align: right}
</style><div class=""entry-content pagelayer-post-excerpt""><figure class=""wp-block-table""><table><tbody><tr><td> 63652</td><td>نماز کا بیان</td><td>قضاء نمازوں کا بیان</td></tr></tbody></table></figure><div style=""direction:rtl;line-height: 2.5;""><h3 class=""has-text-align-center"">سوال</h3>سوال:کیا فرماتے ہیں مفتیانِ کرام اس مسئلے کے بارے میں کہ صاحب ترتیب کے بارے میں کہا جاتا ہے کہ وہ نمازی جس کی بلوغت سے لے کر اب تک کوئی چھ نمازیں قضا نہ ہوئی ہو،اس حوالے سے وضاحت فرمادیں کہ چھ نمازوں مراد یہ ہے کہ کبھی بھی مسلسل چھ نمازیں قضا نہ ہوئی ہو یا کہ بلوغت سے اب تک کل چھ نمازیں قضا نہ ہوئی ہوں۔<h4 class=""has-text-align-center"">اَلجَوَابْ بِاسْمِ مُلْہِمِ الصَّوَابْ

</h4>صاحب ترتیب وہ شخص کہلاتا ہے جس کی بلوغت کے بعد سے چھ نمازیں قضاء نہ ہوئی ہوں،چاہے مسلسل یا متفرق طور پر اور اگر قضاء ہوئی ہو تو اس نے اس کو لوٹا لیا ہو اور فی الحال اس کے ذمے کوئی کسی نماز کی قضاء لازم نہ ہو۔</div><h6 class=""has-text-align-right"">حوالہ جات</h6><div style=""direction: rtl;font-family: Amiri;
    
     font-size: 13px; font-weight: 400;"">""اللباب في شرح الكتاب"" (1/ 87):
""(وإن فاتته صلوات رتبها) لزوماً (في القضاء كماوجبت) عليه (في الأصل) : أي قبل الفوات، وهذا حيث كانت الفوائت قليلة دون ست صلوات، وأما إذا صارت ستاً فأكثر فلا يلزمه الترتيب؛ لما فيه من الحرج؛ ولذا قال: (إلا أن تزيد الفوائت على ست صلوات) وكذا لو كانت ستاً، والمعتبر خروج وقت السادسة في الصحيح، إمداد (فيسقط الترتيب فيها) : أي بينها، كما سقط فيما بينها وبين الوقتية، ولا يعود الترتيب بعودها إلى القلة على المختار كما في التصحيح"".
</div>..<h6 class=""has-text-align-center"">
واللہ سبحانہ وتعالی اعلم
</h6><figure class=""wp-block-table""><table><tbody><tr><td><h3>مجیب</h3></td><td>محمد طارق  غرفی</td><td><h3>مفتیان</h3></td><td> آفتاب احمد صاحب    / سعید احمد حسن صاحب</td></tr></tbody></table></figure></div></div></div></div></div></div><div class=""p-wl6689 pagelayer-inner_row pagelayer-row-stretch-auto pagelayer-height-default"" pagelayer-id=""wl6689"">
<style pagelayer-style-id=""wl6689"">.p-wl6689 .pagelayer-col-holder{padding: 10px}
.p-wl6689 > .pagelayer-background-overlay{-webkit-transition: all 400ms !important; transition: all 400ms !important}
.p-wl6689 .pagelayer-svg-top .pagelayer-shape-fill{fill:#227bc3}
.p-wl6689 .pagelayer-row-svg .pagelayer-svg-top{width:100%;height:100px}
.p-wl6689 .pagelayer-svg-bottom .pagelayer-shape-fill{fill:#e44993}
.p-wl6689 .pagelayer-row-svg .pagelayer-svg-bottom{width:100%;height:100px}
</style>
<div class=""pagelayer-row-holder pagelayer-row pagelayer-auto pagelayer-width-auto""><div class=""p-jzl6522 pagelayer-col pagelayer-col-6"" pagelayer-id=""jzl6522"">
<style pagelayer-style-id=""jzl6522"">.p-jzl6522{align-content: center !important}
.p-jzl6522 .pagelayer-col-holder > div:not(:last-child){margin-bottom: 15px}
.p-jzl6522 > .pagelayer-background-overlay{-webkit-transition: all 400ms !important; transition: all 400ms !important}
</style>
<div class=""pagelayer-col-holder""><div class=""p-xsb5673 pagelayer-share_grp pagelayer-share-type-icon-label pagelayer-social-bg-none pagelayer-scheme-official"" pagelayer-id=""xsb5673"">
<style pagelayer-style-id=""xsb5673"">.p-xsb5673{text-align: right}
.p-xsb5673 .pagelayer-share-content{min-height: 35px;-webkit-transition: all 400ms; transition: all 400ms}
.p-xsb5673 i{font-size: 27px}
.p-xsb5673 .pagelayer-icon-holder{font-size: 27px}
.p-xsb5673 .pagelayer-share-content i{-webkit-transition: all 400ms; transition: all 400ms}
.p-xsb5673 .pagelayer-icon-name{font-family: Roboto; font-size: 15px !important; font-style:  !important; font-weight: 500 !important; font-variant:  !important; text-decoration-line:  !important; text-decoration-style:  !important; line-height: em !important; text-transform:  !important; letter-spacing: px !important; word-spacing: px !important}
@media (max-width: 768px) and (min-width: 501px){.p-xsb5673{text-align: left}
.p-xsb5673 .pagelayer-share{padding-top: 10px; padding-bottom: 10px;padding-left: 10px; padding-right: 10px}
.p-xsb5673 i{font-size: 20px}
.p-xsb5673 .pagelayer-icon-holder{font-size: 20px}
.p-xsb5673 .pagelayer-icon-name{font-family: ; font-size: 13px !important; font-style:  !important; font-weight:  !important; font-variant:  !important; text-decoration-line:  !important; text-decoration-style:  !important; line-height: em !important; text-transform:  !important; letter-spacing: px !important; word-spacing: px !important}
}
@media (max-width: 500px){.p-xsb5673{text-align: left}
.p-xsb5673 .pagelayer-share{padding-top: 10px; padding-bottom: 10px;padding-left: 10px; padding-right: 10px}
.p-xsb5673 .pagelayer-share-content{min-height: NaNpx}
.p-xsb5673 i{font-size: 20px}
.p-xsb5673 .pagelayer-icon-holder{font-size: 20px}
.p-xsb5673 .pagelayer-icon-name{font-family: ; font-size: 13px !important; font-style:  !important; font-weight:  !important; font-variant:  !important; text-decoration-line:  !important; text-decoration-style:  !important; line-height: em !important; text-transform:  !important; letter-spacing: px !important; word-spacing: px !important}
}
</style><div class=""p-9mh2934 pagelayer-share"" pagelayer-id=""9mh2934"">
<a class=""pagelayer-ele-link"" href=""https://www.facebook.com/sharer/sharer.php?u=almuftionline.com/2018/07/21/1843/"" target=""_blank"" title=""fab fa-facebook-square"">
<div class=""pagelayer-share-content pagelayer-facebook-square"" data-icon=""fab fa-facebook-square"">
<div class=""pagelayer-icon-holder pagelayer-share-buttons"">
<i class=""pagelayer-social-fa fab fa-facebook-square""></i>
</div>
<div class=""pagelayer-icon-name"">
<span class=""pagelayer-icon-name-span"">Facebook</span>
</div>
</div>
</a></div><div class=""p-rai4926 pagelayer-share"" pagelayer-id=""rai4926"">
<a class=""pagelayer-ele-link"" href=""https://twitter.com/share?url=almuftionline.com/2018/07/21/1843/"" target=""_blank"" title=""fab fa-twitter-square"">
<div class=""pagelayer-share-content pagelayer-twitter-square"" data-icon=""fab fa-twitter-square"">
<div class=""pagelayer-icon-holder pagelayer-share-buttons"">
<i class=""pagelayer-social-fa fab fa-twitter-square""></i>
</div>
<div class=""pagelayer-icon-name"">
<span class=""pagelayer-icon-name-span"">Twitter</span>
</div>
</div>
</a></div><div class=""p-ndy3728 pagelayer-share"" pagelayer-id=""ndy3728"">
<a class=""pagelayer-ele-link"" href=""whatsapp://send?text=almuftionline.com/2018/07/21/1843/"" target=""_blank"" title=""fab fa-whatsapp"">
<div class=""pagelayer-share-content pagelayer-whatsapp"" data-icon=""fab fa-whatsapp"">
<div class=""pagelayer-icon-holder pagelayer-share-buttons"">
<i class=""pagelayer-social-fa fab fa-whatsapp""></i>
</div>
<div class=""pagelayer-icon-name"">
<span class=""pagelayer-icon-name-span"">WhatsApp</span>
</div>
</div>
</a></div></div></div></div></div></div><div class=""p-zqp4850 pagelayer-inner_row pagelayer-row-stretch-auto pagelayer-height-default"" pagelayer-id=""zqp4850"">
<style pagelayer-style-id=""zqp4850"">.p-zqp4850 .pagelayer-col-holder{padding: 10px}
.p-zqp4850 > .pagelayer-background-overlay{-webkit-transition: all 400ms !important; transition: all 400ms !important}
.p-zqp4850 .pagelayer-svg-top .pagelayer-shape-fill{fill:#227bc3}
.p-zqp4850 .pagelayer-row-svg .pagelayer-svg-top{width:100%;height:100px}
.p-zqp4850 .pagelayer-svg-bottom .pagelayer-shape-fill{fill:#e44993}
.p-zqp4850 .pagelayer-row-svg .pagelayer-svg-bottom{width:100%;height:100px}
</style>
<div class=""pagelayer-row-holder pagelayer-row pagelayer-auto pagelayer-width-auto""><div class=""p-q725202 pagelayer-col pagelayer-col-2"" pagelayer-id=""q725202"">
<style pagelayer-style-id=""q725202"">.p-q725202{align-content: center !important}
.p-q725202 .pagelayer-col-holder > div:not(:last-child){margin-bottom: 15px}
.p-q725202 > .pagelayer-background-overlay{-webkit-transition: all 400ms !important; transition: all 400ms !important}
</style>
<div class=""pagelayer-col-holder""><div class=""p-55r4448 pagelayer-post_nav"" pagelayer-id=""55r4448"">
<style pagelayer-style-id=""55r4448"">.p-55r4448 .pagelayer-post-nav-link{color:#adb5bd;font-family:  !important; font-size: 15px !important; font-style:  !important; font-weight:  !important; font-variant:  !important; text-decoration-line:  !important; text-decoration-style:  !important; line-height: em !important; text-transform:  !important; letter-spacing: px !important; word-spacing: px !important}
.p-55r4448 .pagelayer-post-nav-title{color:#000000;font-family:  !important; font-size: 18px !important; font-style:  !important; font-weight: bold !important; font-variant:  !important; text-decoration-line:  !important; text-decoration-style: Solid !important; line-height: em !important; text-transform:  !important; letter-spacing: px !important; word-spacing: px !important}
.p-55r4448 .pagelayer-post-nav-icon{color:#adb5bd;font-size:30px}
.p-55r4448 .pagelayer-post-nav-separator{display:none}
@media (max-width: 768px) and (min-width: 501px){.p-55r4448 .pagelayer-post-nav-link{font-family:  !important; font-size: 12px !important; font-style:  !important; font-weight:  !important; font-variant:  !important; text-decoration-line:  !important; text-decoration-style: Solid !important; line-height: em !important; text-transform:  !important; letter-spacing: px !important; word-spacing: px !important}
.p-55r4448 .pagelayer-post-nav-title{font-family:  !important; font-size: 15px !important; font-style:  !important; font-weight:  !important; font-variant:  !important; text-decoration-line:  !important; text-decoration-style: Solid !important; line-height: em !important; text-transform:  !important; letter-spacing: px !important; word-spacing: px !important}
}
@media (max-width: 500px){.p-55r4448 .pagelayer-post-nav-link{font-family:  !important; font-size: 12px !important; font-style:  !important; font-weight:  !important; font-variant:  !important; text-decoration-line:  !important; text-decoration-style: Solid !important; line-height: em !important; text-transform:  !important; letter-spacing: px !important; word-spacing: px !important}
.p-55r4448 .pagelayer-post-nav-title{font-family:  !important; font-size: 12px !important; font-style:  !important; font-weight:  !important; font-variant:  !important; text-decoration-line:  !important; text-decoration-style: Solid !important; line-height: em !important; text-transform:  !important; letter-spacing: px !important; word-spacing: px !important}
}
</style><div class=""pagelayer-post-nav-container"">
<div class=""pagelayer-prev-post"">
<a href=""https://almuftionline.com/2018/07/21/1842/"" rel=""prev""><span class=""pagelayer-post-nav-icon fa fa-chevron-left""></span>
<span class=""pagelayer-next-holder"">
<span class=""pagelayer-post-nav-link""> Previous</span><span class=""pagelayer-post-nav-title"">نزلے کی وجہ سے نماز میں ناک صاف کرنے کا حکم</span>
</span></a>
</div>
<div class=""pagelayer-post-nav-separator""></div>
<div class=""pagelayer-next-post"">
<a href=""https://almuftionline.com/2018/07/21/1844/"" rel=""next""><span class=""pagelayer-next-holder"">
<span class=""pagelayer-post-nav-link""> Next</span><span class=""pagelayer-post-nav-title"">کیا صاحب ترتیب کی تعریف کسی حدیث سے ماخوذ ہے؟</span>
</span>
<span class=""pagelayer-post-nav-icon fa fa-chevron-right""></span></a>
</div>
</div></div></div></div></div></div></div>"
2018-07-21,https://almuftionline.com/2018/07/21/1842/,نزلے کی وجہ سے نماز میں ناک صاف کرنے کا حکم,,"<h4 class=""has-text-align-center"">اَلجَوَابْ بِاسْمِ مُلْہِمِ الصَّوَابْ

</h4><h6 class=""has-text-align-right"">حوالہ جات</h6><div style=""direction: rtl;font-family: Amiri;
    
     font-size: 13px; font-weight: 400;"">""الدر المختار"" (1/ 640):
""(و) كره (كفه) أي رفعه ولو لتراب كمشمر كم أو ذيل (وعبثه به) أي بثوبه (وبجسده) للنهي إلا لحاجة ولا بأس به خارج صلاة"".
قال ابن عابدین رحمہ اللہ :""(قوله وعبثه) هو فعل لغرض غير صحيح .
قال في النهاية: وحاصله أن كل عمل هو مفيد للمصلي فلا بأس به. أصله ما روي «أن النبي - صلى الله عليه وسلم - عرق في صلاته فسلت العرق عن جبينه» أي مسحه لأنه كان يؤذيه فكان مفيدا. وفي زمن الصيف كان إذا قام من السجود نفض ثوبه يمنة أو يسرة لأنه كان مفيدا كي لا تبقى صورة. فأما ما ليس بمفيدفهوالعبث اه.....
(قوله إلا لحاجة) كحك بدنه لشيء أكله وأضره وسلت عرق يؤلمه ويشغل قلبه. وهذا لو بدون عمل كثير"".
""الفتاوى الهندية"" (1/ 105):
""ظهر من أنفه ذنين في الصلاة فمسحه أولى من أن يقطر منه على الأرض. كذا في القنية"".
</div><h6 class=""has-text-align-center"">
واللہ سبحانہ وتعالی اعلم
</h6><figure class=""wp-block-table""><table><tbody><tr><td><h3>مجیب</h3></td><td>محمد طارق  غرفی</td><td><h3>مفتیان</h3></td><td> آفتاب احمد صاحب    / سعید احمد حسن صاحب</td></tr></tbody></table></figure>",63651,jameya-tur-rasheed,نماز کا بیان,نماز کےمفسدات و مکروھات کا بیان,"<div class=""pagelayer-col-holder""><div class=""p-kgd1425 pagelayer-post_excerpt"" pagelayer-id=""kgd1425"">
<style pagelayer-style-id=""kgd1425"">.p-kgd1425 .pagelayer-post-excerpt{color:#adb5bd;font-family: ; font-size: 15px !important; font-style: Italic !important; font-weight: 500 !important; font-variant:  !important; text-decoration-line:  !important; text-decoration-style:  !important; line-height: 1.5em !important; text-transform:  !important; letter-spacing: px !important; word-spacing: px !important;margin-top:0px; margin-right:0px; margin-bottom:0px; margin-left:0px}
.p-kgd1425{text-align: left;margin-top: 0px; margin-right: 0px; margin-bottom: 0px; margin-left: 0px;padding-top: 0px; padding-right: 0px; padding-bottom: 0px; padding-left: 0px}
</style></div><div class=""p-4wb1030 pagelayer-featured_img"" pagelayer-id=""4wb1030"">
<style pagelayer-style-id=""4wb1030"">.p-4wb1030{text-align: center}
.p-4wb1030 img{filter: blur(0px) brightness(100%) contrast(100%) grayscale(0%) hue-rotate(0deg) opacity(100%) saturate(100%);box-shadow: 0px 24px 36px 0px rgba(0,0,0,0.10)  !important;-webkit-transition: all 400ms; transition: all 400ms}
.p-4wb1030 .pagelayer-featured-caption{color: #0986c0}
</style>
<div class=""pagelayer-featured-img""></div>
</div><div class=""p-f8n3612 pagelayer-inner_row pagelayer-row-stretch-auto pagelayer-height-default"" pagelayer-id=""f8n3612"">
<style pagelayer-style-id=""f8n3612"">.p-f8n3612 .pagelayer-col-holder{padding: 10px}
.p-f8n3612 > .pagelayer-background-overlay{-webkit-transition: all 400ms !important; transition: all 400ms !important}
.p-f8n3612 .pagelayer-svg-top .pagelayer-shape-fill{fill:#227bc3}
.p-f8n3612 .pagelayer-row-svg .pagelayer-svg-top{width:100%;height:100px}
.p-f8n3612 .pagelayer-svg-bottom .pagelayer-shape-fill{fill:#e44993}
.p-f8n3612 .pagelayer-row-svg .pagelayer-svg-bottom{width:100%;height:100px}
</style>
<div class=""pagelayer-row-holder pagelayer-row pagelayer-auto pagelayer-width-auto""><div class=""p-i795860 pagelayer-col pagelayer-col-4"" pagelayer-id=""i795860"">
<style pagelayer-style-id=""i795860"">.p-i795860{align-content: center !important}
.p-i795860 .pagelayer-col-holder > div:not(:last-child){margin-bottom: 15px}
.p-i795860 > .pagelayer-background-overlay{-webkit-transition: all 400ms !important; transition: all 400ms !important}
</style>
<div class=""pagelayer-col-holder""><div class=""p-qip3968 pagelayer-post_info"" pagelayer-id=""qip3968"">
<style pagelayer-style-id=""qip3968"">.p-qip3968 .pagelayer-post-info-vertical .pagelayer-post-info-list-container{margin-right:25px}
.p-qip3968 .pagelayer-post-info-horizontal .pagelayer-post-info-list-container{margin-bottom:25px}
.p-qip3968 .pagelayer-post-info-container{text-align:right}
.p-qip3968 .pagelayer-post-info-icon span{font-size:120%;color:#495057}
.p-qip3968 .pagelayer-post-info-list-container a{font-family: Roboto !important; font-size: 14px !important; font-style:  !important; font-weight: 500 !important; font-variant:  !important; text-decoration-line:  !important; text-decoration-style:  !important; line-height: 1.6em !important; text-transform:  !important; letter-spacing: px !important; word-spacing: px !important}
.p-qip3968 .pagelayer-post-info-label{color:#495057}
.p-qip3968 .pagelayer-post-info-label a{color:#495057}
.p-qip3968 .pagelayer-post-info-label:hover{color:#000000}
.p-qip3968 .pagelayer-post-info-label:hover a{color:#000000}
</style><div class=""pagelayer-post-info-container pagelayer-post-info-vertical""><div class=""p-xj43574 pagelayer-post_info_list"" pagelayer-id=""xj43574"">
<div class=""pagelayer-post-info-list-container"">
<a class=""pagelayer-post-info-list-link"" href=""https://almuftionline.com/2018/07/21/"">
<span class=""pagelayer-post-info-icon"">
<span class=""far fa-clock""></span>
</span>
<span class=""pagelayer-post-info-label pagelayer-date"">جولائی 21, 2018</span>
</a>
</div></div></div></div></div></div><div class=""p-t2j1983 pagelayer-col pagelayer-col-7"" pagelayer-id=""t2j1983"">
<style pagelayer-style-id=""t2j1983"">.p-t2j1983{align-content: center !important}
.p-t2j1983 .pagelayer-col-holder > div:not(:last-child){margin-bottom: 15px}
.p-t2j1983 > .pagelayer-background-overlay{-webkit-transition: all 400ms !important; transition: all 400ms !important}
</style>
<div class=""pagelayer-col-holder""><div class=""p-dbq3916 pagelayer-post_info"" pagelayer-id=""dbq3916"">
<style pagelayer-style-id=""dbq3916"">.p-dbq3916 .pagelayer-post-info-container{text-align:right}
.p-dbq3916 .pagelayer-post-info-icon span{font-size:120%;color:#495057}
.p-dbq3916 .pagelayer-post-info-list-container a{font-family: Roboto !important; font-size: 14px !important; font-style:  !important; font-weight: 500 !important; font-variant:  !important; text-decoration-line:  !important; text-decoration-style:  !important; line-height: 1.6em !important; text-transform:  !important; letter-spacing: px !important; word-spacing: px !important}
.p-dbq3916 .pagelayer-post-info-label{color:#0072ff}
.p-dbq3916 .pagelayer-post-info-label a{color:#0072ff}
.p-dbq3916 .pagelayer-terms *{color:#f8952c !important;padding-top:5px; padding-right:10px; padding-bottom:5px; padding-left:10px;margin-top:0px; margin-right:5px; margin-bottom:0px; margin-left:5px;border-radius: 4px 4px 4px 4px; -webkit-border-radius:  4px 4px 4px 4px;-moz-border-radius: 4px 4px 4px 4px}
.p-dbq3916{padding-top: 0px; padding-right: 0px; padding-bottom: 0px; padding-left: 0px}
@media (max-width: 768px) and (min-width: 501px){.p-dbq3916 .pagelayer-post-info-container{text-align:left}
}
@media (max-width: 500px){.p-dbq3916 .pagelayer-post-info-container{text-align:left}
}
</style><div class=""pagelayer-post-info-container pagelayer-post-info-vertical""><div class=""p-wpv7212 pagelayer-post_info_list"" pagelayer-id=""wpv7212"">
<div class=""pagelayer-post-info-list-container"">
<span class=""pagelayer-post-info-icon"">
</span>
<span class=""pagelayer-post-info-label pagelayer-terms""> <a href=""https://almuftionline.com/category/fatwa/13/""> نماز کا بیان </a></span>
</div></div></div></div></div></div></div></div><div class=""p-trw3096 pagelayer-inner_row pagelayer-row-stretch-auto pagelayer-height-default"" pagelayer-id=""trw3096"">
<style pagelayer-style-id=""trw3096"">.p-trw3096 .pagelayer-col-holder{padding: 10px}
.p-trw3096 > .pagelayer-background-overlay{-webkit-transition: all 400ms !important; transition: all 400ms !important}
.p-trw3096 .pagelayer-svg-top .pagelayer-shape-fill{fill:#227bc3}
.p-trw3096 .pagelayer-row-svg .pagelayer-svg-top{width:100%;height:100px}
.p-trw3096 .pagelayer-svg-bottom .pagelayer-shape-fill{fill:#e44993}
.p-trw3096 .pagelayer-row-svg .pagelayer-svg-bottom{width:100%;height:100px}
</style>
<div class=""pagelayer-row-holder pagelayer-row pagelayer-auto pagelayer-width-auto""><div class=""p-wwu6541 pagelayer-col pagelayer-col-2"" pagelayer-id=""wwu6541"">
<style pagelayer-style-id=""wwu6541"">.p-wwu6541{align-content: center !important}
.p-wwu6541 .pagelayer-col-holder > div:not(:last-child){margin-bottom: 15px}
.p-wwu6541 > .pagelayer-background-overlay{-webkit-transition: all 400ms !important; transition: all 400ms !important}
</style>
<div class=""pagelayer-col-holder""><div class=""p-ccj4284 pagelayer-post_content"" pagelayer-id=""ccj4284"">
<style pagelayer-style-id=""ccj4284"">.p-ccj4284{text-align: right}
</style><div class=""entry-content pagelayer-post-excerpt""><figure class=""wp-block-table""><table><tbody><tr><td>63651</td><td>نماز کا بیان</td><td>نماز کےمفسدات و مکروھات کا بیان</td></tr></tbody></table></figure><div style=""direction:rtl;line-height: 2.5;""><h3 class=""has-text-align-center"">سوال</h3>سوال:کیا فرماتے ہیں مفتیانِ کرام اس مسئلے کے بارے میں کہ نماز کے مفسدات میں ایک یہ بھی ہے کہ جیب کوئی کپڑا نکال کر ناک صاف کرنا،اب مسئلہ یہ ہے کہ مجھے جب بھی زکام لگتا ہے تو اتنا تیز ہوتا ہے کہ تھوڑی دیر میں رومال بھیگ جاتا ہے،چارکعات نماز پڑھنا میرے لیے مشکل ہوجاتا ہے،اگر صاف نہ کروں تو پانی کپڑوں اور صف پر گرتا رہتا ہے،بازو سے اچھی طرح ناک صاف نہیں ہوتی،ایسی حالت میں میرے لیے کیا حکم ہے؟<h4 class=""has-text-align-center"">اَلجَوَابْ بِاسْمِ مُلْہِمِ الصَّوَابْ

</h4>بلاضرورت نماز میں ہاتھ ہلانا مکروہ تحریمی ہے،لیکن ضروت کے وقت نماز میں ہاتھ ہلانے کی گنجائش ہے،اس سے نماز پر کوئی فرق نہیں پڑتا،لہذامذکورہ صورت میں آپ ایک ہاتھ استعمال کرکےناک صاف کرسکتے ہیں۔</div><h6 class=""has-text-align-right"">حوالہ جات</h6><div style=""direction: rtl;font-family: Amiri;
    
     font-size: 13px; font-weight: 400;"">""الدر المختار"" (1/ 640):
""(و) كره (كفه) أي رفعه ولو لتراب كمشمر كم أو ذيل (وعبثه به) أي بثوبه (وبجسده) للنهي إلا لحاجة ولا بأس به خارج صلاة"".
قال ابن عابدین رحمہ اللہ :""(قوله وعبثه) هو فعل لغرض غير صحيح .
قال في النهاية: وحاصله أن كل عمل هو مفيد للمصلي فلا بأس به. أصله ما روي «أن النبي - صلى الله عليه وسلم - عرق في صلاته فسلت العرق عن جبينه» أي مسحه لأنه كان يؤذيه فكان مفيدا. وفي زمن الصيف كان إذا قام من السجود نفض ثوبه يمنة أو يسرة لأنه كان مفيدا كي لا تبقى صورة. فأما ما ليس بمفيدفهوالعبث اه.....
(قوله إلا لحاجة) كحك بدنه لشيء أكله وأضره وسلت عرق يؤلمه ويشغل قلبه. وهذا لو بدون عمل كثير"".
""الفتاوى الهندية"" (1/ 105):
""ظهر من أنفه ذنين في الصلاة فمسحه أولى من أن يقطر منه على الأرض. كذا في القنية"".
</div>..<h6 class=""has-text-align-center"">
واللہ سبحانہ وتعالی اعلم
</h6><figure class=""wp-block-table""><table><tbody><tr><td><h3>مجیب</h3></td><td>محمد طارق  غرفی</td><td><h3>مفتیان</h3></td><td> آفتاب احمد صاحب    / سعید احمد حسن صاحب</td></tr></tbody></table></figure></div></div></div></div></div></div><div class=""p-wl6689 pagelayer-inner_row pagelayer-row-stretch-auto pagelayer-height-default"" pagelayer-id=""wl6689"">
<style pagelayer-style-id=""wl6689"">.p-wl6689 .pagelayer-col-holder{padding: 10px}
.p-wl6689 > .pagelayer-background-overlay{-webkit-transition: all 400ms !important; transition: all 400ms !important}
.p-wl6689 .pagelayer-svg-top .pagelayer-shape-fill{fill:#227bc3}
.p-wl6689 .pagelayer-row-svg .pagelayer-svg-top{width:100%;height:100px}
.p-wl6689 .pagelayer-svg-bottom .pagelayer-shape-fill{fill:#e44993}
.p-wl6689 .pagelayer-row-svg .pagelayer-svg-bottom{width:100%;height:100px}
</style>
<div class=""pagelayer-row-holder pagelayer-row pagelayer-auto pagelayer-width-auto""><div class=""p-jzl6522 pagelayer-col pagelayer-col-6"" pagelayer-id=""jzl6522"">
<style pagelayer-style-id=""jzl6522"">.p-jzl6522{align-content: center !important}
.p-jzl6522 .pagelayer-col-holder > div:not(:last-child){margin-bottom: 15px}
.p-jzl6522 > .pagelayer-background-overlay{-webkit-transition: all 400ms !important; transition: all 400ms !important}
</style>
<div class=""pagelayer-col-holder""><div class=""p-xsb5673 pagelayer-share_grp pagelayer-share-type-icon-label pagelayer-social-bg-none pagelayer-scheme-official"" pagelayer-id=""xsb5673"">
<style pagelayer-style-id=""xsb5673"">.p-xsb5673{text-align: right}
.p-xsb5673 .pagelayer-share-content{min-height: 35px;-webkit-transition: all 400ms; transition: all 400ms}
.p-xsb5673 i{font-size: 27px}
.p-xsb5673 .pagelayer-icon-holder{font-size: 27px}
.p-xsb5673 .pagelayer-share-content i{-webkit-transition: all 400ms; transition: all 400ms}
.p-xsb5673 .pagelayer-icon-name{font-family: Roboto; font-size: 15px !important; font-style:  !important; font-weight: 500 !important; font-variant:  !important; text-decoration-line:  !important; text-decoration-style:  !important; line-height: em !important; text-transform:  !important; letter-spacing: px !important; word-spacing: px !important}
@media (max-width: 768px) and (min-width: 501px){.p-xsb5673{text-align: left}
.p-xsb5673 .pagelayer-share{padding-top: 10px; padding-bottom: 10px;padding-left: 10px; padding-right: 10px}
.p-xsb5673 i{font-size: 20px}
.p-xsb5673 .pagelayer-icon-holder{font-size: 20px}
.p-xsb5673 .pagelayer-icon-name{font-family: ; font-size: 13px !important; font-style:  !important; font-weight:  !important; font-variant:  !important; text-decoration-line:  !important; text-decoration-style:  !important; line-height: em !important; text-transform:  !important; letter-spacing: px !important; word-spacing: px !important}
}
@media (max-width: 500px){.p-xsb5673{text-align: left}
.p-xsb5673 .pagelayer-share{padding-top: 10px; padding-bottom: 10px;padding-left: 10px; padding-right: 10px}
.p-xsb5673 .pagelayer-share-content{min-height: NaNpx}
.p-xsb5673 i{font-size: 20px}
.p-xsb5673 .pagelayer-icon-holder{font-size: 20px}
.p-xsb5673 .pagelayer-icon-name{font-family: ; font-size: 13px !important; font-style:  !important; font-weight:  !important; font-variant:  !important; text-decoration-line:  !important; text-decoration-style:  !important; line-height: em !important; text-transform:  !important; letter-spacing: px !important; word-spacing: px !important}
}
</style><div class=""p-9mh2934 pagelayer-share"" pagelayer-id=""9mh2934"">
<a class=""pagelayer-ele-link"" href=""https://www.facebook.com/sharer/sharer.php?u=almuftionline.com/2018/07/21/1842/"" target=""_blank"" title=""fab fa-facebook-square"">
<div class=""pagelayer-share-content pagelayer-facebook-square"" data-icon=""fab fa-facebook-square"">
<div class=""pagelayer-icon-holder pagelayer-share-buttons"">
<i class=""pagelayer-social-fa fab fa-facebook-square""></i>
</div>
<div class=""pagelayer-icon-name"">
<span class=""pagelayer-icon-name-span"">Facebook</span>
</div>
</div>
</a></div><div class=""p-rai4926 pagelayer-share"" pagelayer-id=""rai4926"">
<a class=""pagelayer-ele-link"" href=""https://twitter.com/share?url=almuftionline.com/2018/07/21/1842/"" target=""_blank"" title=""fab fa-twitter-square"">
<div class=""pagelayer-share-content pagelayer-twitter-square"" data-icon=""fab fa-twitter-square"">
<div class=""pagelayer-icon-holder pagelayer-share-buttons"">
<i class=""pagelayer-social-fa fab fa-twitter-square""></i>
</div>
<div class=""pagelayer-icon-name"">
<span class=""pagelayer-icon-name-span"">Twitter</span>
</div>
</div>
</a></div><div class=""p-ndy3728 pagelayer-share"" pagelayer-id=""ndy3728"">
<a class=""pagelayer-ele-link"" href=""whatsapp://send?text=almuftionline.com/2018/07/21/1842/"" target=""_blank"" title=""fab fa-whatsapp"">
<div class=""pagelayer-share-content pagelayer-whatsapp"" data-icon=""fab fa-whatsapp"">
<div class=""pagelayer-icon-holder pagelayer-share-buttons"">
<i class=""pagelayer-social-fa fab fa-whatsapp""></i>
</div>
<div class=""pagelayer-icon-name"">
<span class=""pagelayer-icon-name-span"">WhatsApp</span>
</div>
</div>
</a></div></div></div></div></div></div><div class=""p-zqp4850 pagelayer-inner_row pagelayer-row-stretch-auto pagelayer-height-default"" pagelayer-id=""zqp4850"">
<style pagelayer-style-id=""zqp4850"">.p-zqp4850 .pagelayer-col-holder{padding: 10px}
.p-zqp4850 > .pagelayer-background-overlay{-webkit-transition: all 400ms !important; transition: all 400ms !important}
.p-zqp4850 .pagelayer-svg-top .pagelayer-shape-fill{fill:#227bc3}
.p-zqp4850 .pagelayer-row-svg .pagelayer-svg-top{width:100%;height:100px}
.p-zqp4850 .pagelayer-svg-bottom .pagelayer-shape-fill{fill:#e44993}
.p-zqp4850 .pagelayer-row-svg .pagelayer-svg-bottom{width:100%;height:100px}
</style>
<div class=""pagelayer-row-holder pagelayer-row pagelayer-auto pagelayer-width-auto""><div class=""p-q725202 pagelayer-col pagelayer-col-2"" pagelayer-id=""q725202"">
<style pagelayer-style-id=""q725202"">.p-q725202{align-content: center !important}
.p-q725202 .pagelayer-col-holder > div:not(:last-child){margin-bottom: 15px}
.p-q725202 > .pagelayer-background-overlay{-webkit-transition: all 400ms !important; transition: all 400ms !important}
</style>
<div class=""pagelayer-col-holder""><div class=""p-55r4448 pagelayer-post_nav"" pagelayer-id=""55r4448"">
<style pagelayer-style-id=""55r4448"">.p-55r4448 .pagelayer-post-nav-link{color:#adb5bd;font-family:  !important; font-size: 15px !important; font-style:  !important; font-weight:  !important; font-variant:  !important; text-decoration-line:  !important; text-decoration-style:  !important; line-height: em !important; text-transform:  !important; letter-spacing: px !important; word-spacing: px !important}
.p-55r4448 .pagelayer-post-nav-title{color:#000000;font-family:  !important; font-size: 18px !important; font-style:  !important; font-weight: bold !important; font-variant:  !important; text-decoration-line:  !important; text-decoration-style: Solid !important; line-height: em !important; text-transform:  !important; letter-spacing: px !important; word-spacing: px !important}
.p-55r4448 .pagelayer-post-nav-icon{color:#adb5bd;font-size:30px}
.p-55r4448 .pagelayer-post-nav-separator{display:none}
@media (max-width: 768px) and (min-width: 501px){.p-55r4448 .pagelayer-post-nav-link{font-family:  !important; font-size: 12px !important; font-style:  !important; font-weight:  !important; font-variant:  !important; text-decoration-line:  !important; text-decoration-style: Solid !important; line-height: em !important; text-transform:  !important; letter-spacing: px !important; word-spacing: px !important}
.p-55r4448 .pagelayer-post-nav-title{font-family:  !important; font-size: 15px !important; font-style:  !important; font-weight:  !important; font-variant:  !important; text-decoration-line:  !important; text-decoration-style: Solid !important; line-height: em !important; text-transform:  !important; letter-spacing: px !important; word-spacing: px !important}
}
@media (max-width: 500px){.p-55r4448 .pagelayer-post-nav-link{font-family:  !important; font-size: 12px !important; font-style:  !important; font-weight:  !important; font-variant:  !important; text-decoration-line:  !important; text-decoration-style: Solid !important; line-height: em !important; text-transform:  !important; letter-spacing: px !important; word-spacing: px !important}
.p-55r4448 .pagelayer-post-nav-title{font-family:  !important; font-size: 12px !important; font-style:  !important; font-weight:  !important; font-variant:  !important; text-decoration-line:  !important; text-decoration-style: Solid !important; line-height: em !important; text-transform:  !important; letter-spacing: px !important; word-spacing: px !important}
}
</style><div class=""pagelayer-post-nav-container"">
<div class=""pagelayer-prev-post"">
<a href=""https://almuftionline.com/2018/07/19/1839/"" rel=""prev""><span class=""pagelayer-post-nav-icon fa fa-chevron-left""></span>
<span class=""pagelayer-next-holder"">
<span class=""pagelayer-post-nav-link""> Previous</span><span class=""pagelayer-post-nav-title"">مسجد کی چھت کو بطورِ درسگاہ اور رہائش استعمال کرنا</span>
</span></a>
</div>
<div class=""pagelayer-post-nav-separator""></div>
<div class=""pagelayer-next-post"">
<a href=""https://almuftionline.com/2018/07/21/1843/"" rel=""next""><span class=""pagelayer-next-holder"">
<span class=""pagelayer-post-nav-link""> Next</span><span class=""pagelayer-post-nav-title"">صاحب ترتیب کون کہلاتا ہے؟</span>
</span>
<span class=""pagelayer-post-nav-icon fa fa-chevron-right""></span></a>
</div>
</div></div></div></div></div></div></div>"
2018-07-19,https://almuftionline.com/2018/07/19/1839/,مسجد کی چھت کو بطورِ درسگاہ اور رہائش استعمال کرنا,,"<h4 class=""has-text-align-center"">اَلجَوَابْ بِاسْمِ مُلْہِمِ الصَّوَابْ

</h4><h6 class=""has-text-align-right"">حوالہ جات</h6><div style=""direction: rtl;font-family: Amiri;
    
     font-size: 13px; font-weight: 400;"">""الدر المختار "" (1/ 661):
""ویحرم فیہ السوال......وأكل، ونوم إلا لمعتكف وغريب، وأكل نحو ثوم، ويمنع منه؛ وكذا كل مؤذ ولو بلسانه وكل عقد إلا لمعتكف بشرطه"".
قال ابن عابدین رحمہ اللہ :""(قوله وكل عقد) الظاهر أن المراد به عقد مبادلة ليخرج نحو الهبة تأمل، وصرح في الأشباه وغيرها بأنه يستحب عقد النكاح في المسجد وسيأتي في النكاح.
 (قوله بشرطه) وهو أن لا يكون للتجارة، بل يكون ما يحتاجه لنفسه أو عياله بدون إحضار السلعة"".
""رد المحتار"" (1/ 656):
""(قوله الوطء فوقه) أي الجماع خزائن؛ أما الوطء فوقه بالقدم فغير مكروه إلا في الكعبة لغير عذر، لقولهم بكراهة الصلاة فوقها. ثم رأيت القهستاني نقل عن المفيد كراهة الصعود على سطح المسجد اهـ ويلزمه كراهة الصلاة أيضا فوقه فليتأمل (قوله لأنه مسجد) علة لكراهة ما ذكر فوقه. قال الزيلعي: ولهذا يصح اقتداء من على سطح المسجد بمن فيه إذا لم يتقدم على الإمام.
ولا يبطل الاعتكاف بالصعود إليه ولا يحل للجنب والحائض والنفساء الوقوف عليه؛ ولو حلف لا يدخل هذه الدار فوقف على سطحها يحنث اهـ"".
""الدر المختار "" (4/ 358):
"" لو بنى فوقه بيتا للإمام لا يضر لأنه من المصالح، أما لو تمت المسجدية ثم أراد البناء منع ولو قال عنيت ذلك لم يصدق تتارخانية"".
</div><h6 class=""has-text-align-center"">
واللہ سبحانہ وتعالی اعلم
</h6><figure class=""wp-block-table""><table><tbody><tr><td><h3>مجیب</h3></td><td>محمد طارق  غرفی</td><td><h3>مفتیان</h3></td><td> آفتاب احمد صاحب    / سعید احمد حسن صاحب</td></tr></tbody></table></figure>",63624,jameya-tur-rasheed,وقف کے مسائل,مسجد کے احکام و مسائل,"<div class=""pagelayer-col-holder""><div class=""p-kgd1425 pagelayer-post_excerpt"" pagelayer-id=""kgd1425"">
<style pagelayer-style-id=""kgd1425"">.p-kgd1425 .pagelayer-post-excerpt{color:#adb5bd;font-family: ; font-size: 15px !important; font-style: Italic !important; font-weight: 500 !important; font-variant:  !important; text-decoration-line:  !important; text-decoration-style:  !important; line-height: 1.5em !important; text-transform:  !important; letter-spacing: px !important; word-spacing: px !important;margin-top:0px; margin-right:0px; margin-bottom:0px; margin-left:0px}
.p-kgd1425{text-align: left;margin-top: 0px; margin-right: 0px; margin-bottom: 0px; margin-left: 0px;padding-top: 0px; padding-right: 0px; padding-bottom: 0px; padding-left: 0px}
</style></div><div class=""p-4wb1030 pagelayer-featured_img"" pagelayer-id=""4wb1030"">
<style pagelayer-style-id=""4wb1030"">.p-4wb1030{text-align: center}
.p-4wb1030 img{filter: blur(0px) brightness(100%) contrast(100%) grayscale(0%) hue-rotate(0deg) opacity(100%) saturate(100%);box-shadow: 0px 24px 36px 0px rgba(0,0,0,0.10)  !important;-webkit-transition: all 400ms; transition: all 400ms}
.p-4wb1030 .pagelayer-featured-caption{color: #0986c0}
</style>
<div class=""pagelayer-featured-img""></div>
</div><div class=""p-f8n3612 pagelayer-inner_row pagelayer-row-stretch-auto pagelayer-height-default"" pagelayer-id=""f8n3612"">
<style pagelayer-style-id=""f8n3612"">.p-f8n3612 .pagelayer-col-holder{padding: 10px}
.p-f8n3612 > .pagelayer-background-overlay{-webkit-transition: all 400ms !important; transition: all 400ms !important}
.p-f8n3612 .pagelayer-svg-top .pagelayer-shape-fill{fill:#227bc3}
.p-f8n3612 .pagelayer-row-svg .pagelayer-svg-top{width:100%;height:100px}
.p-f8n3612 .pagelayer-svg-bottom .pagelayer-shape-fill{fill:#e44993}
.p-f8n3612 .pagelayer-row-svg .pagelayer-svg-bottom{width:100%;height:100px}
</style>
<div class=""pagelayer-row-holder pagelayer-row pagelayer-auto pagelayer-width-auto""><div class=""p-i795860 pagelayer-col pagelayer-col-4"" pagelayer-id=""i795860"">
<style pagelayer-style-id=""i795860"">.p-i795860{align-content: center !important}
.p-i795860 .pagelayer-col-holder > div:not(:last-child){margin-bottom: 15px}
.p-i795860 > .pagelayer-background-overlay{-webkit-transition: all 400ms !important; transition: all 400ms !important}
</style>
<div class=""pagelayer-col-holder""><div class=""p-qip3968 pagelayer-post_info"" pagelayer-id=""qip3968"">
<style pagelayer-style-id=""qip3968"">.p-qip3968 .pagelayer-post-info-vertical .pagelayer-post-info-list-container{margin-right:25px}
.p-qip3968 .pagelayer-post-info-horizontal .pagelayer-post-info-list-container{margin-bottom:25px}
.p-qip3968 .pagelayer-post-info-container{text-align:right}
.p-qip3968 .pagelayer-post-info-icon span{font-size:120%;color:#495057}
.p-qip3968 .pagelayer-post-info-list-container a{font-family: Roboto !important; font-size: 14px !important; font-style:  !important; font-weight: 500 !important; font-variant:  !important; text-decoration-line:  !important; text-decoration-style:  !important; line-height: 1.6em !important; text-transform:  !important; letter-spacing: px !important; word-spacing: px !important}
.p-qip3968 .pagelayer-post-info-label{color:#495057}
.p-qip3968 .pagelayer-post-info-label a{color:#495057}
.p-qip3968 .pagelayer-post-info-label:hover{color:#000000}
.p-qip3968 .pagelayer-post-info-label:hover a{color:#000000}
</style><div class=""pagelayer-post-info-container pagelayer-post-info-vertical""><div class=""p-xj43574 pagelayer-post_info_list"" pagelayer-id=""xj43574"">
<div class=""pagelayer-post-info-list-container"">
<a class=""pagelayer-post-info-list-link"" href=""https://almuftionline.com/2018/07/19/"">
<span class=""pagelayer-post-info-icon"">
<span class=""far fa-clock""></span>
</span>
<span class=""pagelayer-post-info-label pagelayer-date"">جولائی 19, 2018</span>
</a>
</div></div></div></div></div></div><div class=""p-t2j1983 pagelayer-col pagelayer-col-7"" pagelayer-id=""t2j1983"">
<style pagelayer-style-id=""t2j1983"">.p-t2j1983{align-content: center !important}
.p-t2j1983 .pagelayer-col-holder > div:not(:last-child){margin-bottom: 15px}
.p-t2j1983 > .pagelayer-background-overlay{-webkit-transition: all 400ms !important; transition: all 400ms !important}
</style>
<div class=""pagelayer-col-holder""><div class=""p-dbq3916 pagelayer-post_info"" pagelayer-id=""dbq3916"">
<style pagelayer-style-id=""dbq3916"">.p-dbq3916 .pagelayer-post-info-container{text-align:right}
.p-dbq3916 .pagelayer-post-info-icon span{font-size:120%;color:#495057}
.p-dbq3916 .pagelayer-post-info-list-container a{font-family: Roboto !important; font-size: 14px !important; font-style:  !important; font-weight: 500 !important; font-variant:  !important; text-decoration-line:  !important; text-decoration-style:  !important; line-height: 1.6em !important; text-transform:  !important; letter-spacing: px !important; word-spacing: px !important}
.p-dbq3916 .pagelayer-post-info-label{color:#0072ff}
.p-dbq3916 .pagelayer-post-info-label a{color:#0072ff}
.p-dbq3916 .pagelayer-terms *{color:#f8952c !important;padding-top:5px; padding-right:10px; padding-bottom:5px; padding-left:10px;margin-top:0px; margin-right:5px; margin-bottom:0px; margin-left:5px;border-radius: 4px 4px 4px 4px; -webkit-border-radius:  4px 4px 4px 4px;-moz-border-radius: 4px 4px 4px 4px}
.p-dbq3916{padding-top: 0px; padding-right: 0px; padding-bottom: 0px; padding-left: 0px}
@media (max-width: 768px) and (min-width: 501px){.p-dbq3916 .pagelayer-post-info-container{text-align:left}
}
@media (max-width: 500px){.p-dbq3916 .pagelayer-post-info-container{text-align:left}
}
</style><div class=""pagelayer-post-info-container pagelayer-post-info-vertical""><div class=""p-wpv7212 pagelayer-post_info_list"" pagelayer-id=""wpv7212"">
<div class=""pagelayer-post-info-list-container"">
<span class=""pagelayer-post-info-icon"">
</span>
<span class=""pagelayer-post-info-label pagelayer-terms""> <a href=""https://almuftionline.com/category/fatwa/24/""> وقف کے مسائل </a></span>
</div></div></div></div></div></div></div></div><div class=""p-trw3096 pagelayer-inner_row pagelayer-row-stretch-auto pagelayer-height-default"" pagelayer-id=""trw3096"">
<style pagelayer-style-id=""trw3096"">.p-trw3096 .pagelayer-col-holder{padding: 10px}
.p-trw3096 > .pagelayer-background-overlay{-webkit-transition: all 400ms !important; transition: all 400ms !important}
.p-trw3096 .pagelayer-svg-top .pagelayer-shape-fill{fill:#227bc3}
.p-trw3096 .pagelayer-row-svg .pagelayer-svg-top{width:100%;height:100px}
.p-trw3096 .pagelayer-svg-bottom .pagelayer-shape-fill{fill:#e44993}
.p-trw3096 .pagelayer-row-svg .pagelayer-svg-bottom{width:100%;height:100px}
</style>
<div class=""pagelayer-row-holder pagelayer-row pagelayer-auto pagelayer-width-auto""><div class=""p-wwu6541 pagelayer-col pagelayer-col-2"" pagelayer-id=""wwu6541"">
<style pagelayer-style-id=""wwu6541"">.p-wwu6541{align-content: center !important}
.p-wwu6541 .pagelayer-col-holder > div:not(:last-child){margin-bottom: 15px}
.p-wwu6541 > .pagelayer-background-overlay{-webkit-transition: all 400ms !important; transition: all 400ms !important}
</style>
<div class=""pagelayer-col-holder""><div class=""p-ccj4284 pagelayer-post_content"" pagelayer-id=""ccj4284"">
<style pagelayer-style-id=""ccj4284"">.p-ccj4284{text-align: right}
</style><div class=""entry-content pagelayer-post-excerpt""><figure class=""wp-block-table""><table><tbody><tr><td>63624</td><td>وقف کے مسائل</td><td>مسجد کے احکام و مسائل</td></tr></tbody></table></figure><div style=""direction:rtl;line-height: 2.5;""><h3 class=""has-text-align-center"">سوال</h3>سوال:کیا فرماتے ہیں مفتیانِ کرام اس مسئلے کے بارے میں کہ یہاں جامع سجد کی چھت پر تین کمرے بنائے گیے ہیں بچوں کو تعلیم قرآن دینے کے لیے،ان کمروں میں بچوں کو قرآن حفظ کروایا جاتا ہے،بچوں اور مدرس کا قیام بھی ان کمروں میں ہے۔
سوال یہ ہے کہ مدرس اپنی اہلیہ کے ہمراہ ان کمروں میں مستقل قیام کرسکتا ہے یا نہیں،مستقل قیام کی صورت میں زوجین کا حقوق زوجیت ادا کرنا اور ماہانہ ماہواری کی وجہ سے زوجین کو گناہ ہوگا یا نہیں اور اس مستقل قیام سے مسجد کی توہین ہوگی یا نہیں،نیز جماعت کے وقت نمازی چھت پر بھی ہوتے ہیں۔
<h4 class=""has-text-align-center"">اَلجَوَابْ بِاسْمِ مُلْہِمِ الصَّوَابْ

</h4>مسجد اللہ کاگھر ہے،اسے دنیوی مقاصد کے لیے استعمال کرنا جائز نہیں،خصوصا گھر کے طور پر رہائش کے لیے استعمال کرنا،کیونکہ گھر کو جن مقاصد کے لیے استعمال کیا جاتا ہے مسجد کو ان مقاصد کے لیے استعمال کرنا ہرگز جائز نہیں۔
جب تک متبادل جگہ کا انتظام نہیں ہوجاتا اس وقت تک درج ذیل شرائط کے ساتھ ان کمروں کو صرف درسگاہ کے طور پر،نہ کہ رہائش کے لیے استعمال کرنے کی گنجائش ہے:
1۔مدرس صرف بقدر ضرورت تنخواہ پر اکتفاء کرے۔
2۔اس کی وجہ سے دیگر نمازیوں کی عبادت میں خلل نہ آئے۔
3۔ایسے کمسن اور ناسمجھ بچوں کو نہ آنے دیا جائے جو مسجد کے آداب سے واقف نہ ہوں۔
البتہ اگر یہ کمرے مسجد کی چھت پر مسجد کی حدود سے باہر وضوء خانے یا استنجاء خانے کے اوپر بنائے گئے ہوں،یااس جگہ کو مسجد شرعی قرار دینے سے پہلے اس کی چھت پر امام کے لیے مکان یا مصالح مسجد کے لیے کچھ اور بنانے کی نیت کرلی گئی تھی اور لوگوں کو اس کی اطلاع بھی کردی گئی تھی تو پھران کمروں کو سوال میں ذکر کیے گئے مقاصد کے لیے استعمال کرنا بذات خود جائز تو ہے،لیکن مسجد کے ساتھ انتہائی حد تک قربت کی وجہ سے بیوی سمیت ان کمروں میں رہائش رکھنا احترام مسجد کے پیش نظر بہتر نہیں ہے۔
</div><h6 class=""has-text-align-right"">حوالہ جات</h6><div style=""direction: rtl;font-family: Amiri;
    
     font-size: 13px; font-weight: 400;"">""الدر المختار "" (1/ 661):
""ویحرم فیہ السوال......وأكل، ونوم إلا لمعتكف وغريب، وأكل نحو ثوم، ويمنع منه؛ وكذا كل مؤذ ولو بلسانه وكل عقد إلا لمعتكف بشرطه"".
قال ابن عابدین رحمہ اللہ :""(قوله وكل عقد) الظاهر أن المراد به عقد مبادلة ليخرج نحو الهبة تأمل، وصرح في الأشباه وغيرها بأنه يستحب عقد النكاح في المسجد وسيأتي في النكاح.
 (قوله بشرطه) وهو أن لا يكون للتجارة، بل يكون ما يحتاجه لنفسه أو عياله بدون إحضار السلعة"".
""رد المحتار"" (1/ 656):
""(قوله الوطء فوقه) أي الجماع خزائن؛ أما الوطء فوقه بالقدم فغير مكروه إلا في الكعبة لغير عذر، لقولهم بكراهة الصلاة فوقها. ثم رأيت القهستاني نقل عن المفيد كراهة الصعود على سطح المسجد اهـ ويلزمه كراهة الصلاة أيضا فوقه فليتأمل (قوله لأنه مسجد) علة لكراهة ما ذكر فوقه. قال الزيلعي: ولهذا يصح اقتداء من على سطح المسجد بمن فيه إذا لم يتقدم على الإمام.
ولا يبطل الاعتكاف بالصعود إليه ولا يحل للجنب والحائض والنفساء الوقوف عليه؛ ولو حلف لا يدخل هذه الدار فوقف على سطحها يحنث اهـ"".
""الدر المختار "" (4/ 358):
"" لو بنى فوقه بيتا للإمام لا يضر لأنه من المصالح، أما لو تمت المسجدية ثم أراد البناء منع ولو قال عنيت ذلك لم يصدق تتارخانية"".
</div>..<h6 class=""has-text-align-center"">
واللہ سبحانہ وتعالی اعلم
</h6><figure class=""wp-block-table""><table><tbody><tr><td><h3>مجیب</h3></td><td>محمد طارق  غرفی</td><td><h3>مفتیان</h3></td><td> آفتاب احمد صاحب    / سعید احمد حسن صاحب</td></tr></tbody></table></figure></div></div></div></div></div></div><div class=""p-wl6689 pagelayer-inner_row pagelayer-row-stretch-auto pagelayer-height-default"" pagelayer-id=""wl6689"">
<style pagelayer-style-id=""wl6689"">.p-wl6689 .pagelayer-col-holder{padding: 10px}
.p-wl6689 > .pagelayer-background-overlay{-webkit-transition: all 400ms !important; transition: all 400ms !important}
.p-wl6689 .pagelayer-svg-top .pagelayer-shape-fill{fill:#227bc3}
.p-wl6689 .pagelayer-row-svg .pagelayer-svg-top{width:100%;height:100px}
.p-wl6689 .pagelayer-svg-bottom .pagelayer-shape-fill{fill:#e44993}
.p-wl6689 .pagelayer-row-svg .pagelayer-svg-bottom{width:100%;height:100px}
</style>
<div class=""pagelayer-row-holder pagelayer-row pagelayer-auto pagelayer-width-auto""><div class=""p-jzl6522 pagelayer-col pagelayer-col-6"" pagelayer-id=""jzl6522"">
<style pagelayer-style-id=""jzl6522"">.p-jzl6522{align-content: center !important}
.p-jzl6522 .pagelayer-col-holder > div:not(:last-child){margin-bottom: 15px}
.p-jzl6522 > .pagelayer-background-overlay{-webkit-transition: all 400ms !important; transition: all 400ms !important}
</style>
<div class=""pagelayer-col-holder""><div class=""p-xsb5673 pagelayer-share_grp pagelayer-share-type-icon-label pagelayer-social-bg-none pagelayer-scheme-official"" pagelayer-id=""xsb5673"">
<style pagelayer-style-id=""xsb5673"">.p-xsb5673{text-align: right}
.p-xsb5673 .pagelayer-share-content{min-height: 35px;-webkit-transition: all 400ms; transition: all 400ms}
.p-xsb5673 i{font-size: 27px}
.p-xsb5673 .pagelayer-icon-holder{font-size: 27px}
.p-xsb5673 .pagelayer-share-content i{-webkit-transition: all 400ms; transition: all 400ms}
.p-xsb5673 .pagelayer-icon-name{font-family: Roboto; font-size: 15px !important; font-style:  !important; font-weight: 500 !important; font-variant:  !important; text-decoration-line:  !important; text-decoration-style:  !important; line-height: em !important; text-transform:  !important; letter-spacing: px !important; word-spacing: px !important}
@media (max-width: 768px) and (min-width: 501px){.p-xsb5673{text-align: left}
.p-xsb5673 .pagelayer-share{padding-top: 10px; padding-bottom: 10px;padding-left: 10px; padding-right: 10px}
.p-xsb5673 i{font-size: 20px}
.p-xsb5673 .pagelayer-icon-holder{font-size: 20px}
.p-xsb5673 .pagelayer-icon-name{font-family: ; font-size: 13px !important; font-style:  !important; font-weight:  !important; font-variant:  !important; text-decoration-line:  !important; text-decoration-style:  !important; line-height: em !important; text-transform:  !important; letter-spacing: px !important; word-spacing: px !important}
}
@media (max-width: 500px){.p-xsb5673{text-align: left}
.p-xsb5673 .pagelayer-share{padding-top: 10px; padding-bottom: 10px;padding-left: 10px; padding-right: 10px}
.p-xsb5673 .pagelayer-share-content{min-height: NaNpx}
.p-xsb5673 i{font-size: 20px}
.p-xsb5673 .pagelayer-icon-holder{font-size: 20px}
.p-xsb5673 .pagelayer-icon-name{font-family: ; font-size: 13px !important; font-style:  !important; font-weight:  !important; font-variant:  !important; text-decoration-line:  !important; text-decoration-style:  !important; line-height: em !important; text-transform:  !important; letter-spacing: px !important; word-spacing: px !important}
}
</style><div class=""p-9mh2934 pagelayer-share"" pagelayer-id=""9mh2934"">
<a class=""pagelayer-ele-link"" href=""https://www.facebook.com/sharer/sharer.php?u=almuftionline.com/2018/07/19/1839/"" target=""_blank"" title=""fab fa-facebook-square"">
<div class=""pagelayer-share-content pagelayer-facebook-square"" data-icon=""fab fa-facebook-square"">
<div class=""pagelayer-icon-holder pagelayer-share-buttons"">
<i class=""pagelayer-social-fa fab fa-facebook-square""></i>
</div>
<div class=""pagelayer-icon-name"">
<span class=""pagelayer-icon-name-span"">Facebook</span>
</div>
</div>
</a></div><div class=""p-rai4926 pagelayer-share"" pagelayer-id=""rai4926"">
<a class=""pagelayer-ele-link"" href=""https://twitter.com/share?url=almuftionline.com/2018/07/19/1839/"" target=""_blank"" title=""fab fa-twitter-square"">
<div class=""pagelayer-share-content pagelayer-twitter-square"" data-icon=""fab fa-twitter-square"">
<div class=""pagelayer-icon-holder pagelayer-share-buttons"">
<i class=""pagelayer-social-fa fab fa-twitter-square""></i>
</div>
<div class=""pagelayer-icon-name"">
<span class=""pagelayer-icon-name-span"">Twitter</span>
</div>
</div>
</a></div><div class=""p-ndy3728 pagelayer-share"" pagelayer-id=""ndy3728"">
<a class=""pagelayer-ele-link"" href=""whatsapp://send?text=almuftionline.com/2018/07/19/1839/"" target=""_blank"" title=""fab fa-whatsapp"">
<div class=""pagelayer-share-content pagelayer-whatsapp"" data-icon=""fab fa-whatsapp"">
<div class=""pagelayer-icon-holder pagelayer-share-buttons"">
<i class=""pagelayer-social-fa fab fa-whatsapp""></i>
</div>
<div class=""pagelayer-icon-name"">
<span class=""pagelayer-icon-name-span"">WhatsApp</span>
</div>
</div>
</a></div></div></div></div></div></div><div class=""p-zqp4850 pagelayer-inner_row pagelayer-row-stretch-auto pagelayer-height-default"" pagelayer-id=""zqp4850"">
<style pagelayer-style-id=""zqp4850"">.p-zqp4850 .pagelayer-col-holder{padding: 10px}
.p-zqp4850 > .pagelayer-background-overlay{-webkit-transition: all 400ms !important; transition: all 400ms !important}
.p-zqp4850 .pagelayer-svg-top .pagelayer-shape-fill{fill:#227bc3}
.p-zqp4850 .pagelayer-row-svg .pagelayer-svg-top{width:100%;height:100px}
.p-zqp4850 .pagelayer-svg-bottom .pagelayer-shape-fill{fill:#e44993}
.p-zqp4850 .pagelayer-row-svg .pagelayer-svg-bottom{width:100%;height:100px}
</style>
<div class=""pagelayer-row-holder pagelayer-row pagelayer-auto pagelayer-width-auto""><div class=""p-q725202 pagelayer-col pagelayer-col-2"" pagelayer-id=""q725202"">
<style pagelayer-style-id=""q725202"">.p-q725202{align-content: center !important}
.p-q725202 .pagelayer-col-holder > div:not(:last-child){margin-bottom: 15px}
.p-q725202 > .pagelayer-background-overlay{-webkit-transition: all 400ms !important; transition: all 400ms !important}
</style>
<div class=""pagelayer-col-holder""><div class=""p-55r4448 pagelayer-post_nav"" pagelayer-id=""55r4448"">
<style pagelayer-style-id=""55r4448"">.p-55r4448 .pagelayer-post-nav-link{color:#adb5bd;font-family:  !important; font-size: 15px !important; font-style:  !important; font-weight:  !important; font-variant:  !important; text-decoration-line:  !important; text-decoration-style:  !important; line-height: em !important; text-transform:  !important; letter-spacing: px !important; word-spacing: px !important}
.p-55r4448 .pagelayer-post-nav-title{color:#000000;font-family:  !important; font-size: 18px !important; font-style:  !important; font-weight: bold !important; font-variant:  !important; text-decoration-line:  !important; text-decoration-style: Solid !important; line-height: em !important; text-transform:  !important; letter-spacing: px !important; word-spacing: px !important}
.p-55r4448 .pagelayer-post-nav-icon{color:#adb5bd;font-size:30px}
.p-55r4448 .pagelayer-post-nav-separator{display:none}
@media (max-width: 768px) and (min-width: 501px){.p-55r4448 .pagelayer-post-nav-link{font-family:  !important; font-size: 12px !important; font-style:  !important; font-weight:  !important; font-variant:  !important; text-decoration-line:  !important; text-decoration-style: Solid !important; line-height: em !important; text-transform:  !important; letter-spacing: px !important; word-spacing: px !important}
.p-55r4448 .pagelayer-post-nav-title{font-family:  !important; font-size: 15px !important; font-style:  !important; font-weight:  !important; font-variant:  !important; text-decoration-line:  !important; text-decoration-style: Solid !important; line-height: em !important; text-transform:  !important; letter-spacing: px !important; word-spacing: px !important}
}
@media (max-width: 500px){.p-55r4448 .pagelayer-post-nav-link{font-family:  !important; font-size: 12px !important; font-style:  !important; font-weight:  !important; font-variant:  !important; text-decoration-line:  !important; text-decoration-style: Solid !important; line-height: em !important; text-transform:  !important; letter-spacing: px !important; word-spacing: px !important}
.p-55r4448 .pagelayer-post-nav-title{font-family:  !important; font-size: 12px !important; font-style:  !important; font-weight:  !important; font-variant:  !important; text-decoration-line:  !important; text-decoration-style: Solid !important; line-height: em !important; text-transform:  !important; letter-spacing: px !important; word-spacing: px !important}
}
</style><div class=""pagelayer-post-nav-container"">
<div class=""pagelayer-prev-post"">
<a href=""https://almuftionline.com/2018/07/17/1817/"" rel=""prev""><span class=""pagelayer-post-nav-icon fa fa-chevron-left""></span>
<span class=""pagelayer-next-holder"">
<span class=""pagelayer-post-nav-link""> Previous</span><span class=""pagelayer-post-nav-title"">قطروں کے مریض کی طہارت کا مسئلہ</span>
</span></a>
</div>
<div class=""pagelayer-post-nav-separator""></div>
<div class=""pagelayer-next-post"">
<a href=""https://almuftionline.com/2018/07/21/1842/"" rel=""next""><span class=""pagelayer-next-holder"">
<span class=""pagelayer-post-nav-link""> Next</span><span class=""pagelayer-post-nav-title"">نزلے کی وجہ سے نماز میں ناک صاف کرنے کا حکم</span>
</span>
<span class=""pagelayer-post-nav-icon fa fa-chevron-right""></span></a>
</div>
</div></div></div></div></div></div></div>"
