issued_at,link,title,question_html,answer_html,fatwa_number,dar_ul_ifta,category_lvl_1,category_lvl_2,html_container
2025-02-06,https://almuftionline.com/2025/02/06/16731/,فروخت کنندہ کافلیٹ پر قبضہ دینے سے پہلے فلیٹ کاکرایہ وصول کرنا,<p>کیا فرماتے ہیں مفتیان کرام اس مسئلہ کے بارے میں کہ میں نے اپنا فلیٹ 24 لاکھ روپے میں فروخت کیا، جس میں ایڈوانس کی مد میں ایک لاکھ روپیہ وصول ہوگیا ہے، باقی 13 لاکھ روپے کی ادائیگی 10 فروری تک ہے، بقیہ 10لاکھ کی ادائیگی کےلئے 6 مہینہ کی مدت طے کی گئی تھی۔</p><p>صورتحال یہ ہے کہ فلیٹ کا قبضہ برضا و خوشی خریدار ابھی میرے پاس ہی ہے اور وہ فلیٹ کرایہ پر دیا ہوا ہے، کرایہ داری کا ایگریمنٹ ہوا ہے، سوال یہ ہے کہ کیا ایسی صورت میں اس فلیٹ کا کرایہ میرے لیے حلال ہے؟</p><p>واضح رہے کہ خریدار کو میرے کرایہ وصول کرنے پر کوئی اعتراض نہیں ہے، مشتری کہتا ہے کہ 6ماہ کا کرایہ آپ وصول کرلو باقی میں رکھ لوں گا۔</p>,"<h4 class=""has-text-align-center"">اَلجَوَابْ بِاسْمِ مُلْہِمِ الصَّوَابْ

</h4><p>خریدوفروخت کے معاملہ میں ایجاب وقبول مکمل ہونے کے ساتھ معاملہ حتمی ہوجاتاہے،فروخت شدہ چیزپرخریدارکاحق ثابت ہوجاتاہے اورخریدارہی ملکیت کے منافع اور فوائد کا حقدار  ہوتاہے،فروخت کرنے والے کا اس میں کوئی حق نہیں ہوتا، وہ صرف اتنا کر سکتا ہے کہ جب تک اسے پیسے وصول نہ ہوجائیں اس چیز کو اپنے پاس روکے رکھے،لہذاصورت مسئولہ میں فلیٹ فروخت کرنے کے بعد آپ کے لئے اس فلیٹ کوکرایہ پر دیکرکرایہ وصول  کرناجائزنہیں،البتہ اس کے جواز کی یہ صورت ہوسکتی ہےکہ اس کرایہ کواصل قیمت میں شمارکرکے طے شدہ قیمت سے منفی کرلیاجائے اس شرط کے ساتھ یہ کرایہ اجرت مثل(مارکیٹ میں رائج کرایہ) سے کم نہ ہو۔</p><h6 class=""has-text-align-right"">حوالہ جات</h6><div style=""direction: rtl;font-family: Amiri;
    
     font-size: 13px; font-weight: 400;""><p>فی درر الحكام في شرح مجلة الأحكام (ج 2 / ص 50):</p>
<p> في بيع النسيئة ليس للبائع حق حبس المبيع بل عليه أن يسلم المبيع إلى المشتري على أن يقبض الثمن وقت حلول الأجل .</p>
<p>أي إذا كان كل الثمن مؤجلا ( هندية ) مثلا إذا باع شخص متاعا بثمن مؤجل ولم يطلب المشتري قبض المبيع فحل أجل قبض المبيع فللمشتري أن يقبض المبيع قبل نقد الثمن وليس للبائع حبسه لاستيفاء الثمن أما إذا كان بعض الثمن حالا وبعضه مؤجلا فللبائع أن يحبس المبيع حتى يقبض الحال من الثمن .</p>
<p>وفی الهداية في شرح بداية المبتدي (ج 5 / ص 261):</p>
<p>""ومن اشترى ثوبا بدراهم فقال للبائع أمسك هذا الثوب حتى أعطيك الثمن فالثوب رهن""</p>
<p>وفی  رد المحتار (ج 5 / ص 292):</p>
<p>لا يحل له أن ينتفع بشئ منه بوجه من الوجوه وإن أذن له الراهن، لانه أذن له في الربا لانه يستوفي دينه كاملا فتبقى له المنفعة فضلا، فتكون ربا، وهذا أمر عظيم.</p>
</div><p>محمد اویس</p><p>دارالافتاء جامعة الرشید کراچی</p><p>   ۷/شعبان ۱۴۴۶ھ</p><h6 class=""has-text-align-center"">
واللہ سبحانہ وتعالی اعلم
</h6><figure class=""wp-block-table""><table><tbody><tr><td><h3>مجیب</h3></td><td>محمد اویس صاحب</td><td><h3>مفتیان</h3></td><td>سیّد عابد شاہ صاحب / محمد حسین خلیل خیل صاحب</td></tr></tbody></table></figure>",86811,jameya-tur-rasheed,خرید و فروخت کے احکام,خرید و فروخت کے جدید اور متفرق مسائل,"<div class=""pagelayer-col-holder""><div class=""p-kgd1425 pagelayer-post_excerpt"" pagelayer-id=""kgd1425"">
<style pagelayer-style-id=""kgd1425"">.p-kgd1425 .pagelayer-post-excerpt{color:#adb5bd;font-family: ; font-size: 15px !important; font-style: Italic !important; font-weight: 500 !important; font-variant:  !important; text-decoration-line:  !important; text-decoration-style:  !important; line-height: 1.5em !important; text-transform:  !important; letter-spacing: px !important; word-spacing: px !important;margin-top:0px; margin-right:0px; margin-bottom:0px; margin-left:0px}
.p-kgd1425{text-align: left;margin-top: 0px; margin-right: 0px; margin-bottom: 0px; margin-left: 0px;padding-top: 0px; padding-right: 0px; padding-bottom: 0px; padding-left: 0px}
</style></div><div class=""p-4wb1030 pagelayer-featured_img"" pagelayer-id=""4wb1030"">
<style pagelayer-style-id=""4wb1030"">.p-4wb1030{text-align: center}
.p-4wb1030 img{filter: blur(0px) brightness(100%) contrast(100%) grayscale(0%) hue-rotate(0deg) opacity(100%) saturate(100%);box-shadow: 0px 24px 36px 0px rgba(0,0,0,0.10)  !important;-webkit-transition: all 400ms; transition: all 400ms}
.p-4wb1030 .pagelayer-featured-caption{color: #0986c0}
</style>
<div class=""pagelayer-featured-img""></div>
</div><div class=""p-f8n3612 pagelayer-inner_row pagelayer-row-stretch-auto pagelayer-height-default"" pagelayer-id=""f8n3612"">
<style pagelayer-style-id=""f8n3612"">.p-f8n3612 .pagelayer-col-holder{padding: 10px}
.p-f8n3612 > .pagelayer-background-overlay{-webkit-transition: all 400ms !important; transition: all 400ms !important}
.p-f8n3612 .pagelayer-svg-top .pagelayer-shape-fill{fill:#227bc3}
.p-f8n3612 .pagelayer-row-svg .pagelayer-svg-top{width:100%;height:100px}
.p-f8n3612 .pagelayer-svg-bottom .pagelayer-shape-fill{fill:#e44993}
.p-f8n3612 .pagelayer-row-svg .pagelayer-svg-bottom{width:100%;height:100px}
</style>
<div class=""pagelayer-row-holder pagelayer-row pagelayer-auto pagelayer-width-auto""><div class=""p-i795860 pagelayer-col pagelayer-col-4"" pagelayer-id=""i795860"">
<style pagelayer-style-id=""i795860"">.p-i795860{align-content: center !important}
.p-i795860 .pagelayer-col-holder > div:not(:last-child){margin-bottom: 15px}
.p-i795860 > .pagelayer-background-overlay{-webkit-transition: all 400ms !important; transition: all 400ms !important}
</style>
<div class=""pagelayer-col-holder""><div class=""p-qip3968 pagelayer-post_info"" pagelayer-id=""qip3968"">
<style pagelayer-style-id=""qip3968"">.p-qip3968 .pagelayer-post-info-vertical .pagelayer-post-info-list-container{margin-right:25px}
.p-qip3968 .pagelayer-post-info-horizontal .pagelayer-post-info-list-container{margin-bottom:25px}
.p-qip3968 .pagelayer-post-info-container{text-align:right}
.p-qip3968 .pagelayer-post-info-icon span{font-size:120%;color:#495057}
.p-qip3968 .pagelayer-post-info-list-container a{font-family: Roboto !important; font-size: 14px !important; font-style:  !important; font-weight: 500 !important; font-variant:  !important; text-decoration-line:  !important; text-decoration-style:  !important; line-height: 1.6em !important; text-transform:  !important; letter-spacing: px !important; word-spacing: px !important}
.p-qip3968 .pagelayer-post-info-label{color:#495057}
.p-qip3968 .pagelayer-post-info-label a{color:#495057}
.p-qip3968 .pagelayer-post-info-label:hover{color:#000000}
.p-qip3968 .pagelayer-post-info-label:hover a{color:#000000}
</style><div class=""pagelayer-post-info-container pagelayer-post-info-vertical""><div class=""p-xj43574 pagelayer-post_info_list"" pagelayer-id=""xj43574"">
<div class=""pagelayer-post-info-list-container"">
<a class=""pagelayer-post-info-list-link"" href=""https://almuftionline.com/2025/02/06/"">
<span class=""pagelayer-post-info-icon"">
<span class=""far fa-clock""></span>
</span>
<span class=""pagelayer-post-info-label pagelayer-date"">فروری 6, 2025</span>
</a>
</div></div></div></div></div></div><div class=""p-t2j1983 pagelayer-col pagelayer-col-7"" pagelayer-id=""t2j1983"">
<style pagelayer-style-id=""t2j1983"">.p-t2j1983{align-content: center !important}
.p-t2j1983 .pagelayer-col-holder > div:not(:last-child){margin-bottom: 15px}
.p-t2j1983 > .pagelayer-background-overlay{-webkit-transition: all 400ms !important; transition: all 400ms !important}
</style>
<div class=""pagelayer-col-holder""><div class=""p-dbq3916 pagelayer-post_info"" pagelayer-id=""dbq3916"">
<style pagelayer-style-id=""dbq3916"">.p-dbq3916 .pagelayer-post-info-container{text-align:right}
.p-dbq3916 .pagelayer-post-info-icon span{font-size:120%;color:#495057}
.p-dbq3916 .pagelayer-post-info-list-container a{font-family: Roboto !important; font-size: 14px !important; font-style:  !important; font-weight: 500 !important; font-variant:  !important; text-decoration-line:  !important; text-decoration-style:  !important; line-height: 1.6em !important; text-transform:  !important; letter-spacing: px !important; word-spacing: px !important}
.p-dbq3916 .pagelayer-post-info-label{color:#0072ff}
.p-dbq3916 .pagelayer-post-info-label a{color:#0072ff}
.p-dbq3916 .pagelayer-terms *{color:#f8952c !important;padding-top:5px; padding-right:10px; padding-bottom:5px; padding-left:10px;margin-top:0px; margin-right:5px; margin-bottom:0px; margin-left:5px;border-radius: 4px 4px 4px 4px; -webkit-border-radius:  4px 4px 4px 4px;-moz-border-radius: 4px 4px 4px 4px}
.p-dbq3916{padding-top: 0px; padding-right: 0px; padding-bottom: 0px; padding-left: 0px}
@media (max-width: 768px) and (min-width: 501px){.p-dbq3916 .pagelayer-post-info-container{text-align:left}
}
@media (max-width: 500px){.p-dbq3916 .pagelayer-post-info-container{text-align:left}
}
</style><div class=""pagelayer-post-info-container pagelayer-post-info-vertical""><div class=""p-wpv7212 pagelayer-post_info_list"" pagelayer-id=""wpv7212"">
<div class=""pagelayer-post-info-list-container"">
<span class=""pagelayer-post-info-icon"">
</span>
<span class=""pagelayer-post-info-label pagelayer-terms""> <a href=""https://almuftionline.com/category/fatwa/25/""> خرید و فروخت کے احکام </a></span>
</div></div></div></div></div></div></div></div><div class=""p-trw3096 pagelayer-inner_row pagelayer-row-stretch-auto pagelayer-height-default"" pagelayer-id=""trw3096"">
<style pagelayer-style-id=""trw3096"">.p-trw3096 .pagelayer-col-holder{padding: 10px}
.p-trw3096 > .pagelayer-background-overlay{-webkit-transition: all 400ms !important; transition: all 400ms !important}
.p-trw3096 .pagelayer-svg-top .pagelayer-shape-fill{fill:#227bc3}
.p-trw3096 .pagelayer-row-svg .pagelayer-svg-top{width:100%;height:100px}
.p-trw3096 .pagelayer-svg-bottom .pagelayer-shape-fill{fill:#e44993}
.p-trw3096 .pagelayer-row-svg .pagelayer-svg-bottom{width:100%;height:100px}
</style>
<div class=""pagelayer-row-holder pagelayer-row pagelayer-auto pagelayer-width-auto""><div class=""p-wwu6541 pagelayer-col pagelayer-col-2"" pagelayer-id=""wwu6541"">
<style pagelayer-style-id=""wwu6541"">.p-wwu6541{align-content: center !important}
.p-wwu6541 .pagelayer-col-holder > div:not(:last-child){margin-bottom: 15px}
.p-wwu6541 > .pagelayer-background-overlay{-webkit-transition: all 400ms !important; transition: all 400ms !important}
</style>
<div class=""pagelayer-col-holder""><div class=""p-ccj4284 pagelayer-post_content"" pagelayer-id=""ccj4284"">
<style pagelayer-style-id=""ccj4284"">.p-ccj4284{text-align: right}
</style><div class=""entry-content pagelayer-post-excerpt""><figure class=""wp-block-table""><table><tbody><tr><td>86811</td><td>خرید و فروخت کے احکام</td><td>خرید و فروخت کے جدید اور متفرق مسائل</td></tr></tbody></table></figure><div style=""direction:rtl;line-height: 2.5;""><h3 class=""has-text-align-center"">سوال</h3><p>کیا فرماتے ہیں مفتیان کرام اس مسئلہ کے بارے میں کہ میں نے اپنا فلیٹ 24 لاکھ روپے میں فروخت کیا، جس میں ایڈوانس کی مد میں ایک لاکھ روپیہ وصول ہوگیا ہے، باقی 13 لاکھ روپے کی ادائیگی 10 فروری تک ہے، بقیہ 10لاکھ کی ادائیگی کےلئے 6 مہینہ کی مدت طے کی گئی تھی۔</p>
<p>صورتحال یہ ہے کہ فلیٹ کا قبضہ برضا و خوشی خریدار ابھی میرے پاس ہی ہے اور وہ فلیٹ کرایہ پر دیا ہوا ہے، کرایہ داری کا ایگریمنٹ ہوا ہے، سوال یہ ہے کہ کیا ایسی صورت میں اس فلیٹ کا کرایہ میرے لیے حلال ہے؟</p>
<p>واضح رہے کہ خریدار کو میرے کرایہ وصول کرنے پر کوئی اعتراض نہیں ہے، مشتری کہتا ہے کہ 6ماہ کا کرایہ آپ وصول کرلو باقی میں رکھ لوں گا۔</p>
<h4 class=""has-text-align-center"">اَلجَوَابْ بِاسْمِ مُلْہِمِ الصَّوَابْ

</h4><p>خریدوفروخت کے معاملہ میں ایجاب وقبول مکمل ہونے کے ساتھ معاملہ حتمی ہوجاتاہے،فروخت شدہ چیزپرخریدارکاحق ثابت ہوجاتاہے اورخریدارہی ملکیت کے منافع اور فوائد کا حقدار  ہوتاہے،فروخت کرنے والے کا اس میں کوئی حق نہیں ہوتا، وہ صرف اتنا کر سکتا ہے کہ جب تک اسے پیسے وصول نہ ہوجائیں اس چیز کو اپنے پاس روکے رکھے،لہذاصورت مسئولہ میں فلیٹ فروخت کرنے کے بعد آپ کے لئے اس فلیٹ کوکرایہ پر دیکرکرایہ وصول  کرناجائزنہیں،البتہ اس کے جواز کی یہ صورت ہوسکتی ہےکہ اس کرایہ کواصل قیمت میں شمارکرکے طے شدہ قیمت سے منفی کرلیاجائے اس شرط کے ساتھ یہ کرایہ اجرت مثل(مارکیٹ میں رائج کرایہ) سے کم نہ ہو۔</p>
</div><h6 class=""has-text-align-right"">حوالہ جات</h6><div style=""direction: rtl;font-family: Amiri;
    
     font-size: 13px; font-weight: 400;""><p>فی درر الحكام في شرح مجلة الأحكام (ج 2 / ص 50):</p>
<p> في بيع النسيئة ليس للبائع حق حبس المبيع بل عليه أن يسلم المبيع إلى المشتري على أن يقبض الثمن وقت حلول الأجل .</p>
<p>أي إذا كان كل الثمن مؤجلا ( هندية ) مثلا إذا باع شخص متاعا بثمن مؤجل ولم يطلب المشتري قبض المبيع فحل أجل قبض المبيع فللمشتري أن يقبض المبيع قبل نقد الثمن وليس للبائع حبسه لاستيفاء الثمن أما إذا كان بعض الثمن حالا وبعضه مؤجلا فللبائع أن يحبس المبيع حتى يقبض الحال من الثمن .</p>
<p>وفی الهداية في شرح بداية المبتدي (ج 5 / ص 261):</p>
<p>""ومن اشترى ثوبا بدراهم فقال للبائع أمسك هذا الثوب حتى أعطيك الثمن فالثوب رهن""</p>
<p>وفی  رد المحتار (ج 5 / ص 292):</p>
<p>لا يحل له أن ينتفع بشئ منه بوجه من الوجوه وإن أذن له الراهن، لانه أذن له في الربا لانه يستوفي دينه كاملا فتبقى له المنفعة فضلا، فتكون ربا، وهذا أمر عظيم.</p>
</div><p>محمد اویس</p>
<p>دارالافتاء جامعة الرشید کراچی</p>
<p>   ۷/شعبان ۱۴۴۶ھ</p>
<h6 class=""has-text-align-center"">
واللہ سبحانہ وتعالی اعلم
</h6><figure class=""wp-block-table""><table><tbody><tr><td><h3>مجیب</h3></td><td>محمد اویس صاحب</td><td><h3>مفتیان</h3></td><td>سیّد عابد شاہ صاحب / محمد حسین خلیل خیل صاحب</td></tr></tbody></table></figure></div></div></div></div></div></div><div class=""p-wl6689 pagelayer-inner_row pagelayer-row-stretch-auto pagelayer-height-default"" pagelayer-id=""wl6689"">
<style pagelayer-style-id=""wl6689"">.p-wl6689 .pagelayer-col-holder{padding: 10px}
.p-wl6689 > .pagelayer-background-overlay{-webkit-transition: all 400ms !important; transition: all 400ms !important}
.p-wl6689 .pagelayer-svg-top .pagelayer-shape-fill{fill:#227bc3}
.p-wl6689 .pagelayer-row-svg .pagelayer-svg-top{width:100%;height:100px}
.p-wl6689 .pagelayer-svg-bottom .pagelayer-shape-fill{fill:#e44993}
.p-wl6689 .pagelayer-row-svg .pagelayer-svg-bottom{width:100%;height:100px}
</style>
<div class=""pagelayer-row-holder pagelayer-row pagelayer-auto pagelayer-width-auto""><div class=""p-jzl6522 pagelayer-col pagelayer-col-6"" pagelayer-id=""jzl6522"">
<style pagelayer-style-id=""jzl6522"">.p-jzl6522{align-content: center !important}
.p-jzl6522 .pagelayer-col-holder > div:not(:last-child){margin-bottom: 15px}
.p-jzl6522 > .pagelayer-background-overlay{-webkit-transition: all 400ms !important; transition: all 400ms !important}
</style>
<div class=""pagelayer-col-holder""><div class=""p-xsb5673 pagelayer-share_grp pagelayer-share-type-icon-label pagelayer-social-bg-none pagelayer-scheme-official"" pagelayer-id=""xsb5673"">
<style pagelayer-style-id=""xsb5673"">.p-xsb5673{text-align: right}
.p-xsb5673 .pagelayer-share-content{min-height: 35px;-webkit-transition: all 400ms; transition: all 400ms}
.p-xsb5673 i{font-size: 27px}
.p-xsb5673 .pagelayer-icon-holder{font-size: 27px}
.p-xsb5673 .pagelayer-share-content i{-webkit-transition: all 400ms; transition: all 400ms}
.p-xsb5673 .pagelayer-icon-name{font-family: Roboto; font-size: 15px !important; font-style:  !important; font-weight: 500 !important; font-variant:  !important; text-decoration-line:  !important; text-decoration-style:  !important; line-height: em !important; text-transform:  !important; letter-spacing: px !important; word-spacing: px !important}
@media (max-width: 768px) and (min-width: 501px){.p-xsb5673{text-align: left}
.p-xsb5673 .pagelayer-share{padding-top: 10px; padding-bottom: 10px;padding-left: 10px; padding-right: 10px}
.p-xsb5673 i{font-size: 20px}
.p-xsb5673 .pagelayer-icon-holder{font-size: 20px}
.p-xsb5673 .pagelayer-icon-name{font-family: ; font-size: 13px !important; font-style:  !important; font-weight:  !important; font-variant:  !important; text-decoration-line:  !important; text-decoration-style:  !important; line-height: em !important; text-transform:  !important; letter-spacing: px !important; word-spacing: px !important}
}
@media (max-width: 500px){.p-xsb5673{text-align: left}
.p-xsb5673 .pagelayer-share{padding-top: 10px; padding-bottom: 10px;padding-left: 10px; padding-right: 10px}
.p-xsb5673 .pagelayer-share-content{min-height: NaNpx}
.p-xsb5673 i{font-size: 20px}
.p-xsb5673 .pagelayer-icon-holder{font-size: 20px}
.p-xsb5673 .pagelayer-icon-name{font-family: ; font-size: 13px !important; font-style:  !important; font-weight:  !important; font-variant:  !important; text-decoration-line:  !important; text-decoration-style:  !important; line-height: em !important; text-transform:  !important; letter-spacing: px !important; word-spacing: px !important}
}
</style><div class=""p-9mh2934 pagelayer-share"" pagelayer-id=""9mh2934"">
<a class=""pagelayer-ele-link"" href=""https://www.facebook.com/sharer/sharer.php?u=almuftionline.com/2025/02/06/16731/"" target=""_blank"" title=""fab fa-facebook-square"">
<div class=""pagelayer-share-content pagelayer-facebook-square"" data-icon=""fab fa-facebook-square"">
<div class=""pagelayer-icon-holder pagelayer-share-buttons"">
<i class=""pagelayer-social-fa fab fa-facebook-square""></i>
</div>
<div class=""pagelayer-icon-name"">
<span class=""pagelayer-icon-name-span"">Facebook</span>
</div>
</div>
</a></div><div class=""p-rai4926 pagelayer-share"" pagelayer-id=""rai4926"">
<a class=""pagelayer-ele-link"" href=""https://twitter.com/share?url=almuftionline.com/2025/02/06/16731/"" target=""_blank"" title=""fab fa-twitter-square"">
<div class=""pagelayer-share-content pagelayer-twitter-square"" data-icon=""fab fa-twitter-square"">
<div class=""pagelayer-icon-holder pagelayer-share-buttons"">
<i class=""pagelayer-social-fa fab fa-twitter-square""></i>
</div>
<div class=""pagelayer-icon-name"">
<span class=""pagelayer-icon-name-span"">Twitter</span>
</div>
</div>
</a></div><div class=""p-ndy3728 pagelayer-share"" pagelayer-id=""ndy3728"">
<a class=""pagelayer-ele-link"" href=""whatsapp://send?text=almuftionline.com/2025/02/06/16731/"" target=""_blank"" title=""fab fa-whatsapp"">
<div class=""pagelayer-share-content pagelayer-whatsapp"" data-icon=""fab fa-whatsapp"">
<div class=""pagelayer-icon-holder pagelayer-share-buttons"">
<i class=""pagelayer-social-fa fab fa-whatsapp""></i>
</div>
<div class=""pagelayer-icon-name"">
<span class=""pagelayer-icon-name-span"">WhatsApp</span>
</div>
</div>
</a></div></div></div></div></div></div><div class=""p-zqp4850 pagelayer-inner_row pagelayer-row-stretch-auto pagelayer-height-default"" pagelayer-id=""zqp4850"">
<style pagelayer-style-id=""zqp4850"">.p-zqp4850 .pagelayer-col-holder{padding: 10px}
.p-zqp4850 > .pagelayer-background-overlay{-webkit-transition: all 400ms !important; transition: all 400ms !important}
.p-zqp4850 .pagelayer-svg-top .pagelayer-shape-fill{fill:#227bc3}
.p-zqp4850 .pagelayer-row-svg .pagelayer-svg-top{width:100%;height:100px}
.p-zqp4850 .pagelayer-svg-bottom .pagelayer-shape-fill{fill:#e44993}
.p-zqp4850 .pagelayer-row-svg .pagelayer-svg-bottom{width:100%;height:100px}
</style>
<div class=""pagelayer-row-holder pagelayer-row pagelayer-auto pagelayer-width-auto""><div class=""p-q725202 pagelayer-col pagelayer-col-2"" pagelayer-id=""q725202"">
<style pagelayer-style-id=""q725202"">.p-q725202{align-content: center !important}
.p-q725202 .pagelayer-col-holder > div:not(:last-child){margin-bottom: 15px}
.p-q725202 > .pagelayer-background-overlay{-webkit-transition: all 400ms !important; transition: all 400ms !important}
</style>
<div class=""pagelayer-col-holder""><div class=""p-55r4448 pagelayer-post_nav"" pagelayer-id=""55r4448"">
<style pagelayer-style-id=""55r4448"">.p-55r4448 .pagelayer-post-nav-link{color:#adb5bd;font-family:  !important; font-size: 15px !important; font-style:  !important; font-weight:  !important; font-variant:  !important; text-decoration-line:  !important; text-decoration-style:  !important; line-height: em !important; text-transform:  !important; letter-spacing: px !important; word-spacing: px !important}
.p-55r4448 .pagelayer-post-nav-title{color:#000000;font-family:  !important; font-size: 18px !important; font-style:  !important; font-weight: bold !important; font-variant:  !important; text-decoration-line:  !important; text-decoration-style: Solid !important; line-height: em !important; text-transform:  !important; letter-spacing: px !important; word-spacing: px !important}
.p-55r4448 .pagelayer-post-nav-icon{color:#adb5bd;font-size:30px}
.p-55r4448 .pagelayer-post-nav-separator{display:none}
@media (max-width: 768px) and (min-width: 501px){.p-55r4448 .pagelayer-post-nav-link{font-family:  !important; font-size: 12px !important; font-style:  !important; font-weight:  !important; font-variant:  !important; text-decoration-line:  !important; text-decoration-style: Solid !important; line-height: em !important; text-transform:  !important; letter-spacing: px !important; word-spacing: px !important}
.p-55r4448 .pagelayer-post-nav-title{font-family:  !important; font-size: 15px !important; font-style:  !important; font-weight:  !important; font-variant:  !important; text-decoration-line:  !important; text-decoration-style: Solid !important; line-height: em !important; text-transform:  !important; letter-spacing: px !important; word-spacing: px !important}
}
@media (max-width: 500px){.p-55r4448 .pagelayer-post-nav-link{font-family:  !important; font-size: 12px !important; font-style:  !important; font-weight:  !important; font-variant:  !important; text-decoration-line:  !important; text-decoration-style: Solid !important; line-height: em !important; text-transform:  !important; letter-spacing: px !important; word-spacing: px !important}
.p-55r4448 .pagelayer-post-nav-title{font-family:  !important; font-size: 12px !important; font-style:  !important; font-weight:  !important; font-variant:  !important; text-decoration-line:  !important; text-decoration-style: Solid !important; line-height: em !important; text-transform:  !important; letter-spacing: px !important; word-spacing: px !important}
}
</style><div class=""pagelayer-post-nav-container"">
<div class=""pagelayer-prev-post"">
<a href=""https://almuftionline.com/2025/02/06/16282/"" rel=""prev""><span class=""pagelayer-post-nav-icon fa fa-chevron-left""></span>
<span class=""pagelayer-next-holder"">
<span class=""pagelayer-post-nav-link""> Previous</span><span class=""pagelayer-post-nav-title"">اسلامی بینک سے گارنٹی کا اجرا</span>
</span></a>
</div>
<div class=""pagelayer-post-nav-separator""></div>
<div class=""pagelayer-next-post"">
<a href=""https://almuftionline.com/2025/02/06/16438/"" rel=""next""><span class=""pagelayer-next-holder"">
<span class=""pagelayer-post-nav-link""> Next</span><span class=""pagelayer-post-nav-title"">موبائل سے قرآنِ پاک کی تلاوت کرنا</span>
</span>
<span class=""pagelayer-post-nav-icon fa fa-chevron-right""></span></a>
</div>
</div></div></div></div></div></div></div>"
2025-02-06,https://almuftionline.com/2025/02/06/16282/,اسلامی بینک سے گارنٹی کا اجرا,"<p><a name=""_Hlk189386033"">موجودہ وقت میں حکومت کے مختلف ٹینڈرز میں حصہ لینے کے لیے درپیش مسائل میں سے ایک یہ ہے کہ دَرپَتر خریدنے کے ساتھ ساتھ سیکیورٹی جمع کروانا ضروری ہوتا ہے۔ اس کے بعد اگر کام مل جائے تو پرفارمنس سیکیورٹی جمع کروانی پڑتی ہے۔ سیکیورٹی جمع کرنے کے لیے دو طریقے ہیں:</a></p><p><strong> 1</strong><strong><span dir=""LTR"">(</span></strong><strong>بینک گارنٹی کا اجرا:</strong> اسلامی بینک عام طور پر جزوی مارجن کے ساتھ اور کسی  مال کی رہن کے بدلے بینک گارنٹی جاری کرتے ہیں۔ اس کے بدلے میں بینک ایک مخصوص چارجز  وصول کرتے ہیں۔</p><p><strong> 2</strong><strong><span dir=""LTR"">(</span></strong><strong> پے آرڈر:</strong> اگر گاہک کے اکاؤنٹ میں کافی رقم موجود ہو یا وہ نقد رقم جمع کرائے تو بینک پے آرڈر جاری کرتا ہے اور اس کے بدلے ایک مخصوص چارج لیتا ہے۔ تاہم، اگر گاہک کے پاس نقد رقم نہ ہو، تو کچھ اسلامی بینک گاہک کو قرض فراہم کرتے ہیں اور اس کے بدلے ایک مخصوص فیصد وصول کرتے ہیں۔ میرا سوال یہ ہے کہ بینک گارنٹی اور پے آرڈر کے معاملے میں یہ چارج کی شرح شرعی طور پر جائز ہے یا نہیں؟ ان لین دین کے شرعی اصولوں اور فقہی نقطہ نظر سے اس کی قانونی حیثیت کے بارے میں تفصیل سے دلائل کے ساتھ وضاحت فراہم کرنے کی درخواست ہے۔</p>","<h4 class=""has-text-align-center"">اَلجَوَابْ بِاسْمِ مُلْہِمِ الصَّوَابْ

</h4><p>واضح رہے کہ نفسِ ضمانت اور گارنٹی (کفالت) پر اجرت لینا شرعاً جائز نہیں۔ اس کی پہلی وجہ یہ ہے کہ کفالت  دراصل مکفول عنہ (جس کی طرف سے ضمانت لی جائے) کی امانت کی شہادت ہےاور شہادت پر اجرت لینا جائز نہیں، کیونکہ یہ  گواہی دینے والے  کی ایک اخلاقی ذمہ داری ہے جس کو بیچا نہیں جا سکتا۔  دوسری وجہ یہ ہے کہ گارنٹی(کفالت) میں ادائیگی قرض کی ضمانت ہے، جب خود ادائیگی قرض پر اضافہ لینا سود ہے اور جائز نہیں، تو اس کی ضمانت پر بھی اجرت لینا جائز نہیں۔ البتہ اسلامی بینک جب ضمانت جاری کرتا ہے، اس پر ان کے حقیقی اخراجات آتے ہیں، جیسے ضمانت نامہ تیار کرنا پھر لیگل ڈپارٹمنٹ ، شریعہ ڈپارٹمنٹ اور رسک  منیجمنٹ  ڈپارٹمنٹ میں اس کی جانچ پڑتال کرنا  وغیرہ۔ ان امور کی انجام دہی کے لیے ملازمین، عملہ، دفتر، عمارت اور دیگر ضروری اشیاء کی ضرورت پڑتی ہے، چنانچہ ان امور کی انجام دہی کے لیے بینک کا اپنے گاہک سے (حقیقی اخراجات کی مد میں) مناسب چارجز وصول کرتا  ہے۔ تاہم اجرت اور حقیقی اخراجات میں یہ فرق ہے کہ اجرت مالِ مضمون کی مقدار اور مدت کے اعتبار سے بڑھتی ہے، جبکہ حقیقی اخراجات میں مالِ مضمون کی مقدار اور مدت پیشِ نظر نہیں ہوتی۔ اجرت لینا ناجائز اور حقیقی اخراجات لینا جائز ہے۔</p><p>لہٰذا صورتِ مسئولہ میں گارنٹی  اور پے آرڈر کے اجراء پر بینک کا مخصوص چارجز (حقیقی اخراجات کی مد میں) وصول کرنا  جائز ہے۔البتہ  ان اخراجات کو کسی قسم کی کمی بیشی سے مربوط کرنا جائز نہیں۔</p><h6 class=""has-text-align-right"">حوالہ جات</h6><div style=""direction: rtl;font-family: Amiri;
    
     font-size: 13px; font-weight: 400;""><p><strong>شرح مختصر الطحاوي </strong> <strong> للجصاص (3/ 228):</strong></p>
<p>قال أحمد: الأصل في جواز الكفالة قول النبي صلى الله عليه وسلم: ""‌الزعيم ‌غارم""، والزعيم الكفيل.</p>
<p><strong>بدائع الصنائع في ترتيب الشرائع (4/ 93):</strong></p>
<p>‌الكفالة تنعقد تبرعا حتى لا تصح إلا ممن هو أهل التبرع.</p>
<p><strong>فقہ البیوع</strong><strong>(</strong><strong><span dir=""LTR"">1074/02</span></strong><strong>):</strong></p>
<p>والحالة الثانية ألا يقدم المكفول عنه مبلغ الكفالة إلى البنك، ففي هذه الحالة هو ضمان محض لا يجوز أخذ الأجرة عليه، إلا التكاليف الفعلية لإصدار خطاب الضمان ونص القرار ما يأتی......... ولذلك فإن المجمع قرر ما يلي:</p>
<p>أولاً: أن خطاب الضمان لا يجوز أخذ الأجر عليه لقاء عملية الضمان والتي يُراعى فيها عادةً مبلغ الضمان ومدته)، سواء أكان بغطاء أم بدونه.</p>
<p>ثانياً: أما النفقات الإدارية لإصدار خطاب الضمان بنوعيه فجائزة شرعاً، مع مراعاة عدم الزيادة على أجر المثل، وفي حالة تقديم غطاء كلي أو جزئي، يجوز أن يُراعى في تقدير النفقات لإصدار خطاب الضمان ما قد تتطلبه المهمة الفعلية لأداء ذلك الغطاء، والله أعلم.</p>
<p><span dir=""RTL"">وحاصل هذا القرار: أن خطاب الضمان بدون غطاء لا يجوز أخذ العمولة عليه، ويجوز تقاضي النفقات الفعلية.</span></p>
</div><p>حضرت خُبیب</p><p>دارالافتاء جامعۃ الرشید کراچی</p><p>   <span dir=""LTR"">07  </span>/شعبان <span dir=""LTR"">1446</span>ھ</p><h6 class=""has-text-align-center"">
واللہ سبحانہ وتعالی اعلم
</h6><figure class=""wp-block-table""><table><tbody><tr><td><h3>مجیب</h3></td><td>حضرت خبیب بن حضرت عیسیٰ</td><td><h3>مفتیان</h3></td><td>سیّد عابد شاہ صاحب / محمد حسین خلیل خیل صاحب / سعید احمد حسن صاحب</td></tr></tbody></table></figure>",86826,jameya-tur-rasheed,سود اور جوے کے مسائل,مختلف بینکوں اور جدید مالیاتی اداروں کے سود  سے متعلق مسائل کا بیان,"<div class=""pagelayer-col-holder""><div class=""p-kgd1425 pagelayer-post_excerpt"" pagelayer-id=""kgd1425"">
<style pagelayer-style-id=""kgd1425"">.p-kgd1425 .pagelayer-post-excerpt{color:#adb5bd;font-family: ; font-size: 15px !important; font-style: Italic !important; font-weight: 500 !important; font-variant:  !important; text-decoration-line:  !important; text-decoration-style:  !important; line-height: 1.5em !important; text-transform:  !important; letter-spacing: px !important; word-spacing: px !important;margin-top:0px; margin-right:0px; margin-bottom:0px; margin-left:0px}
.p-kgd1425{text-align: left;margin-top: 0px; margin-right: 0px; margin-bottom: 0px; margin-left: 0px;padding-top: 0px; padding-right: 0px; padding-bottom: 0px; padding-left: 0px}
</style></div><div class=""p-4wb1030 pagelayer-featured_img"" pagelayer-id=""4wb1030"">
<style pagelayer-style-id=""4wb1030"">.p-4wb1030{text-align: center}
.p-4wb1030 img{filter: blur(0px) brightness(100%) contrast(100%) grayscale(0%) hue-rotate(0deg) opacity(100%) saturate(100%);box-shadow: 0px 24px 36px 0px rgba(0,0,0,0.10)  !important;-webkit-transition: all 400ms; transition: all 400ms}
.p-4wb1030 .pagelayer-featured-caption{color: #0986c0}
</style>
<div class=""pagelayer-featured-img""></div>
</div><div class=""p-f8n3612 pagelayer-inner_row pagelayer-row-stretch-auto pagelayer-height-default"" pagelayer-id=""f8n3612"">
<style pagelayer-style-id=""f8n3612"">.p-f8n3612 .pagelayer-col-holder{padding: 10px}
.p-f8n3612 > .pagelayer-background-overlay{-webkit-transition: all 400ms !important; transition: all 400ms !important}
.p-f8n3612 .pagelayer-svg-top .pagelayer-shape-fill{fill:#227bc3}
.p-f8n3612 .pagelayer-row-svg .pagelayer-svg-top{width:100%;height:100px}
.p-f8n3612 .pagelayer-svg-bottom .pagelayer-shape-fill{fill:#e44993}
.p-f8n3612 .pagelayer-row-svg .pagelayer-svg-bottom{width:100%;height:100px}
</style>
<div class=""pagelayer-row-holder pagelayer-row pagelayer-auto pagelayer-width-auto""><div class=""p-i795860 pagelayer-col pagelayer-col-4"" pagelayer-id=""i795860"">
<style pagelayer-style-id=""i795860"">.p-i795860{align-content: center !important}
.p-i795860 .pagelayer-col-holder > div:not(:last-child){margin-bottom: 15px}
.p-i795860 > .pagelayer-background-overlay{-webkit-transition: all 400ms !important; transition: all 400ms !important}
</style>
<div class=""pagelayer-col-holder""><div class=""p-qip3968 pagelayer-post_info"" pagelayer-id=""qip3968"">
<style pagelayer-style-id=""qip3968"">.p-qip3968 .pagelayer-post-info-vertical .pagelayer-post-info-list-container{margin-right:25px}
.p-qip3968 .pagelayer-post-info-horizontal .pagelayer-post-info-list-container{margin-bottom:25px}
.p-qip3968 .pagelayer-post-info-container{text-align:right}
.p-qip3968 .pagelayer-post-info-icon span{font-size:120%;color:#495057}
.p-qip3968 .pagelayer-post-info-list-container a{font-family: Roboto !important; font-size: 14px !important; font-style:  !important; font-weight: 500 !important; font-variant:  !important; text-decoration-line:  !important; text-decoration-style:  !important; line-height: 1.6em !important; text-transform:  !important; letter-spacing: px !important; word-spacing: px !important}
.p-qip3968 .pagelayer-post-info-label{color:#495057}
.p-qip3968 .pagelayer-post-info-label a{color:#495057}
.p-qip3968 .pagelayer-post-info-label:hover{color:#000000}
.p-qip3968 .pagelayer-post-info-label:hover a{color:#000000}
</style><div class=""pagelayer-post-info-container pagelayer-post-info-vertical""><div class=""p-xj43574 pagelayer-post_info_list"" pagelayer-id=""xj43574"">
<div class=""pagelayer-post-info-list-container"">
<a class=""pagelayer-post-info-list-link"" href=""https://almuftionline.com/2025/02/06/"">
<span class=""pagelayer-post-info-icon"">
<span class=""far fa-clock""></span>
</span>
<span class=""pagelayer-post-info-label pagelayer-date"">فروری 6, 2025</span>
</a>
</div></div></div></div></div></div><div class=""p-t2j1983 pagelayer-col pagelayer-col-7"" pagelayer-id=""t2j1983"">
<style pagelayer-style-id=""t2j1983"">.p-t2j1983{align-content: center !important}
.p-t2j1983 .pagelayer-col-holder > div:not(:last-child){margin-bottom: 15px}
.p-t2j1983 > .pagelayer-background-overlay{-webkit-transition: all 400ms !important; transition: all 400ms !important}
</style>
<div class=""pagelayer-col-holder""><div class=""p-dbq3916 pagelayer-post_info"" pagelayer-id=""dbq3916"">
<style pagelayer-style-id=""dbq3916"">.p-dbq3916 .pagelayer-post-info-container{text-align:right}
.p-dbq3916 .pagelayer-post-info-icon span{font-size:120%;color:#495057}
.p-dbq3916 .pagelayer-post-info-list-container a{font-family: Roboto !important; font-size: 14px !important; font-style:  !important; font-weight: 500 !important; font-variant:  !important; text-decoration-line:  !important; text-decoration-style:  !important; line-height: 1.6em !important; text-transform:  !important; letter-spacing: px !important; word-spacing: px !important}
.p-dbq3916 .pagelayer-post-info-label{color:#0072ff}
.p-dbq3916 .pagelayer-post-info-label a{color:#0072ff}
.p-dbq3916 .pagelayer-terms *{color:#f8952c !important;padding-top:5px; padding-right:10px; padding-bottom:5px; padding-left:10px;margin-top:0px; margin-right:5px; margin-bottom:0px; margin-left:5px;border-radius: 4px 4px 4px 4px; -webkit-border-radius:  4px 4px 4px 4px;-moz-border-radius: 4px 4px 4px 4px}
.p-dbq3916{padding-top: 0px; padding-right: 0px; padding-bottom: 0px; padding-left: 0px}
@media (max-width: 768px) and (min-width: 501px){.p-dbq3916 .pagelayer-post-info-container{text-align:left}
}
@media (max-width: 500px){.p-dbq3916 .pagelayer-post-info-container{text-align:left}
}
</style><div class=""pagelayer-post-info-container pagelayer-post-info-vertical""><div class=""p-wpv7212 pagelayer-post_info_list"" pagelayer-id=""wpv7212"">
<div class=""pagelayer-post-info-list-container"">
<span class=""pagelayer-post-info-icon"">
</span>
<span class=""pagelayer-post-info-label pagelayer-terms""> <a href=""https://almuftionline.com/category/fatwa/26/""> سود اور جوے کے مسائل </a></span>
</div></div></div></div></div></div></div></div><div class=""p-trw3096 pagelayer-inner_row pagelayer-row-stretch-auto pagelayer-height-default"" pagelayer-id=""trw3096"">
<style pagelayer-style-id=""trw3096"">.p-trw3096 .pagelayer-col-holder{padding: 10px}
.p-trw3096 > .pagelayer-background-overlay{-webkit-transition: all 400ms !important; transition: all 400ms !important}
.p-trw3096 .pagelayer-svg-top .pagelayer-shape-fill{fill:#227bc3}
.p-trw3096 .pagelayer-row-svg .pagelayer-svg-top{width:100%;height:100px}
.p-trw3096 .pagelayer-svg-bottom .pagelayer-shape-fill{fill:#e44993}
.p-trw3096 .pagelayer-row-svg .pagelayer-svg-bottom{width:100%;height:100px}
</style>
<div class=""pagelayer-row-holder pagelayer-row pagelayer-auto pagelayer-width-auto""><div class=""p-wwu6541 pagelayer-col pagelayer-col-2"" pagelayer-id=""wwu6541"">
<style pagelayer-style-id=""wwu6541"">.p-wwu6541{align-content: center !important}
.p-wwu6541 .pagelayer-col-holder > div:not(:last-child){margin-bottom: 15px}
.p-wwu6541 > .pagelayer-background-overlay{-webkit-transition: all 400ms !important; transition: all 400ms !important}
</style>
<div class=""pagelayer-col-holder""><div class=""p-ccj4284 pagelayer-post_content"" pagelayer-id=""ccj4284"">
<style pagelayer-style-id=""ccj4284"">.p-ccj4284{text-align: right}
</style><div class=""entry-content pagelayer-post-excerpt""><figure class=""wp-block-table""><table><tbody><tr><td>86826</td><td>سود اور جوے کے مسائل</td><td>مختلف بینکوں اور جدید مالیاتی اداروں کے سود  سے متعلق مسائل کا بیان</td></tr></tbody></table></figure><div style=""direction:rtl;line-height: 2.5;""><h3 class=""has-text-align-center"">سوال</h3><p><a name=""_Hlk189386033"">موجودہ وقت میں حکومت کے مختلف ٹینڈرز میں حصہ لینے کے لیے درپیش مسائل میں سے ایک یہ ہے کہ دَرپَتر خریدنے کے ساتھ ساتھ سیکیورٹی جمع کروانا ضروری ہوتا ہے۔ اس کے بعد اگر کام مل جائے تو پرفارمنس سیکیورٹی جمع کروانی پڑتی ہے۔ سیکیورٹی جمع کرنے کے لیے دو طریقے ہیں:</a></p>
<p><strong> 1</strong><strong><span dir=""LTR"">(</span></strong><strong>بینک گارنٹی کا اجرا:</strong> اسلامی بینک عام طور پر جزوی مارجن کے ساتھ اور کسی  مال کی رہن کے بدلے بینک گارنٹی جاری کرتے ہیں۔ اس کے بدلے میں بینک ایک مخصوص چارجز  وصول کرتے ہیں۔</p>
<p><strong> 2</strong><strong><span dir=""LTR"">(</span></strong><strong> پے آرڈر:</strong> اگر گاہک کے اکاؤنٹ میں کافی رقم موجود ہو یا وہ نقد رقم جمع کرائے تو بینک پے آرڈر جاری کرتا ہے اور اس کے بدلے ایک مخصوص چارج لیتا ہے۔ تاہم، اگر گاہک کے پاس نقد رقم نہ ہو، تو کچھ اسلامی بینک گاہک کو قرض فراہم کرتے ہیں اور اس کے بدلے ایک مخصوص فیصد وصول کرتے ہیں۔ میرا سوال یہ ہے کہ بینک گارنٹی اور پے آرڈر کے معاملے میں یہ چارج کی شرح شرعی طور پر جائز ہے یا نہیں؟ ان لین دین کے شرعی اصولوں اور فقہی نقطہ نظر سے اس کی قانونی حیثیت کے بارے میں تفصیل سے دلائل کے ساتھ وضاحت فراہم کرنے کی درخواست ہے۔</p>
<h4 class=""has-text-align-center"">اَلجَوَابْ بِاسْمِ مُلْہِمِ الصَّوَابْ

</h4><p>واضح رہے کہ نفسِ ضمانت اور گارنٹی (کفالت) پر اجرت لینا شرعاً جائز نہیں۔ اس کی پہلی وجہ یہ ہے کہ کفالت  دراصل مکفول عنہ (جس کی طرف سے ضمانت لی جائے) کی امانت کی شہادت ہےاور شہادت پر اجرت لینا جائز نہیں، کیونکہ یہ  گواہی دینے والے  کی ایک اخلاقی ذمہ داری ہے جس کو بیچا نہیں جا سکتا۔  دوسری وجہ یہ ہے کہ گارنٹی(کفالت) میں ادائیگی قرض کی ضمانت ہے، جب خود ادائیگی قرض پر اضافہ لینا سود ہے اور جائز نہیں، تو اس کی ضمانت پر بھی اجرت لینا جائز نہیں۔ البتہ اسلامی بینک جب ضمانت جاری کرتا ہے، اس پر ان کے حقیقی اخراجات آتے ہیں، جیسے ضمانت نامہ تیار کرنا پھر لیگل ڈپارٹمنٹ ، شریعہ ڈپارٹمنٹ اور رسک  منیجمنٹ  ڈپارٹمنٹ میں اس کی جانچ پڑتال کرنا  وغیرہ۔ ان امور کی انجام دہی کے لیے ملازمین، عملہ، دفتر، عمارت اور دیگر ضروری اشیاء کی ضرورت پڑتی ہے، چنانچہ ان امور کی انجام دہی کے لیے بینک کا اپنے گاہک سے (حقیقی اخراجات کی مد میں) مناسب چارجز وصول کرتا  ہے۔ تاہم اجرت اور حقیقی اخراجات میں یہ فرق ہے کہ اجرت مالِ مضمون کی مقدار اور مدت کے اعتبار سے بڑھتی ہے، جبکہ حقیقی اخراجات میں مالِ مضمون کی مقدار اور مدت پیشِ نظر نہیں ہوتی۔ اجرت لینا ناجائز اور حقیقی اخراجات لینا جائز ہے۔</p>
<p>لہٰذا صورتِ مسئولہ میں گارنٹی  اور پے آرڈر کے اجراء پر بینک کا مخصوص چارجز (حقیقی اخراجات کی مد میں) وصول کرنا  جائز ہے۔البتہ  ان اخراجات کو کسی قسم کی کمی بیشی سے مربوط کرنا جائز نہیں۔</p>
</div><h6 class=""has-text-align-right"">حوالہ جات</h6><div style=""direction: rtl;font-family: Amiri;
    
     font-size: 13px; font-weight: 400;""><p><strong>شرح مختصر الطحاوي </strong> <strong> للجصاص (3/ 228):</strong></p>
<p>قال أحمد: الأصل في جواز الكفالة قول النبي صلى الله عليه وسلم: ""‌الزعيم ‌غارم""، والزعيم الكفيل.</p>
<p><strong>بدائع الصنائع في ترتيب الشرائع (4/ 93):</strong></p>
<p>‌الكفالة تنعقد تبرعا حتى لا تصح إلا ممن هو أهل التبرع.</p>
<p><strong>فقہ البیوع</strong><strong>(</strong><strong><span dir=""LTR"">1074/02</span></strong><strong>):</strong></p>
<p>والحالة الثانية ألا يقدم المكفول عنه مبلغ الكفالة إلى البنك، ففي هذه الحالة هو ضمان محض لا يجوز أخذ الأجرة عليه، إلا التكاليف الفعلية لإصدار خطاب الضمان ونص القرار ما يأتی......... ولذلك فإن المجمع قرر ما يلي:</p>
<p>أولاً: أن خطاب الضمان لا يجوز أخذ الأجر عليه لقاء عملية الضمان والتي يُراعى فيها عادةً مبلغ الضمان ومدته)، سواء أكان بغطاء أم بدونه.</p>
<p>ثانياً: أما النفقات الإدارية لإصدار خطاب الضمان بنوعيه فجائزة شرعاً، مع مراعاة عدم الزيادة على أجر المثل، وفي حالة تقديم غطاء كلي أو جزئي، يجوز أن يُراعى في تقدير النفقات لإصدار خطاب الضمان ما قد تتطلبه المهمة الفعلية لأداء ذلك الغطاء، والله أعلم.</p>
<p><span dir=""RTL"">وحاصل هذا القرار: أن خطاب الضمان بدون غطاء لا يجوز أخذ العمولة عليه، ويجوز تقاضي النفقات الفعلية.</span></p>
</div><p>حضرت خُبیب</p>
<p>دارالافتاء جامعۃ الرشید کراچی</p>
<p>   <span dir=""LTR"">07  </span>/شعبان <span dir=""LTR"">1446</span>ھ</p>
<h6 class=""has-text-align-center"">
واللہ سبحانہ وتعالی اعلم
</h6><figure class=""wp-block-table""><table><tbody><tr><td><h3>مجیب</h3></td><td>حضرت خبیب بن حضرت عیسیٰ</td><td><h3>مفتیان</h3></td><td>سیّد عابد شاہ صاحب / محمد حسین خلیل خیل صاحب / سعید احمد حسن صاحب</td></tr></tbody></table></figure></div></div></div></div></div></div><div class=""p-wl6689 pagelayer-inner_row pagelayer-row-stretch-auto pagelayer-height-default"" pagelayer-id=""wl6689"">
<style pagelayer-style-id=""wl6689"">.p-wl6689 .pagelayer-col-holder{padding: 10px}
.p-wl6689 > .pagelayer-background-overlay{-webkit-transition: all 400ms !important; transition: all 400ms !important}
.p-wl6689 .pagelayer-svg-top .pagelayer-shape-fill{fill:#227bc3}
.p-wl6689 .pagelayer-row-svg .pagelayer-svg-top{width:100%;height:100px}
.p-wl6689 .pagelayer-svg-bottom .pagelayer-shape-fill{fill:#e44993}
.p-wl6689 .pagelayer-row-svg .pagelayer-svg-bottom{width:100%;height:100px}
</style>
<div class=""pagelayer-row-holder pagelayer-row pagelayer-auto pagelayer-width-auto""><div class=""p-jzl6522 pagelayer-col pagelayer-col-6"" pagelayer-id=""jzl6522"">
<style pagelayer-style-id=""jzl6522"">.p-jzl6522{align-content: center !important}
.p-jzl6522 .pagelayer-col-holder > div:not(:last-child){margin-bottom: 15px}
.p-jzl6522 > .pagelayer-background-overlay{-webkit-transition: all 400ms !important; transition: all 400ms !important}
</style>
<div class=""pagelayer-col-holder""><div class=""p-xsb5673 pagelayer-share_grp pagelayer-share-type-icon-label pagelayer-social-bg-none pagelayer-scheme-official"" pagelayer-id=""xsb5673"">
<style pagelayer-style-id=""xsb5673"">.p-xsb5673{text-align: right}
.p-xsb5673 .pagelayer-share-content{min-height: 35px;-webkit-transition: all 400ms; transition: all 400ms}
.p-xsb5673 i{font-size: 27px}
.p-xsb5673 .pagelayer-icon-holder{font-size: 27px}
.p-xsb5673 .pagelayer-share-content i{-webkit-transition: all 400ms; transition: all 400ms}
.p-xsb5673 .pagelayer-icon-name{font-family: Roboto; font-size: 15px !important; font-style:  !important; font-weight: 500 !important; font-variant:  !important; text-decoration-line:  !important; text-decoration-style:  !important; line-height: em !important; text-transform:  !important; letter-spacing: px !important; word-spacing: px !important}
@media (max-width: 768px) and (min-width: 501px){.p-xsb5673{text-align: left}
.p-xsb5673 .pagelayer-share{padding-top: 10px; padding-bottom: 10px;padding-left: 10px; padding-right: 10px}
.p-xsb5673 i{font-size: 20px}
.p-xsb5673 .pagelayer-icon-holder{font-size: 20px}
.p-xsb5673 .pagelayer-icon-name{font-family: ; font-size: 13px !important; font-style:  !important; font-weight:  !important; font-variant:  !important; text-decoration-line:  !important; text-decoration-style:  !important; line-height: em !important; text-transform:  !important; letter-spacing: px !important; word-spacing: px !important}
}
@media (max-width: 500px){.p-xsb5673{text-align: left}
.p-xsb5673 .pagelayer-share{padding-top: 10px; padding-bottom: 10px;padding-left: 10px; padding-right: 10px}
.p-xsb5673 .pagelayer-share-content{min-height: NaNpx}
.p-xsb5673 i{font-size: 20px}
.p-xsb5673 .pagelayer-icon-holder{font-size: 20px}
.p-xsb5673 .pagelayer-icon-name{font-family: ; font-size: 13px !important; font-style:  !important; font-weight:  !important; font-variant:  !important; text-decoration-line:  !important; text-decoration-style:  !important; line-height: em !important; text-transform:  !important; letter-spacing: px !important; word-spacing: px !important}
}
</style><div class=""p-9mh2934 pagelayer-share"" pagelayer-id=""9mh2934"">
<a class=""pagelayer-ele-link"" href=""https://www.facebook.com/sharer/sharer.php?u=almuftionline.com/2025/02/06/16282/"" target=""_blank"" title=""fab fa-facebook-square"">
<div class=""pagelayer-share-content pagelayer-facebook-square"" data-icon=""fab fa-facebook-square"">
<div class=""pagelayer-icon-holder pagelayer-share-buttons"">
<i class=""pagelayer-social-fa fab fa-facebook-square""></i>
</div>
<div class=""pagelayer-icon-name"">
<span class=""pagelayer-icon-name-span"">Facebook</span>
</div>
</div>
</a></div><div class=""p-rai4926 pagelayer-share"" pagelayer-id=""rai4926"">
<a class=""pagelayer-ele-link"" href=""https://twitter.com/share?url=almuftionline.com/2025/02/06/16282/"" target=""_blank"" title=""fab fa-twitter-square"">
<div class=""pagelayer-share-content pagelayer-twitter-square"" data-icon=""fab fa-twitter-square"">
<div class=""pagelayer-icon-holder pagelayer-share-buttons"">
<i class=""pagelayer-social-fa fab fa-twitter-square""></i>
</div>
<div class=""pagelayer-icon-name"">
<span class=""pagelayer-icon-name-span"">Twitter</span>
</div>
</div>
</a></div><div class=""p-ndy3728 pagelayer-share"" pagelayer-id=""ndy3728"">
<a class=""pagelayer-ele-link"" href=""whatsapp://send?text=almuftionline.com/2025/02/06/16282/"" target=""_blank"" title=""fab fa-whatsapp"">
<div class=""pagelayer-share-content pagelayer-whatsapp"" data-icon=""fab fa-whatsapp"">
<div class=""pagelayer-icon-holder pagelayer-share-buttons"">
<i class=""pagelayer-social-fa fab fa-whatsapp""></i>
</div>
<div class=""pagelayer-icon-name"">
<span class=""pagelayer-icon-name-span"">WhatsApp</span>
</div>
</div>
</a></div></div></div></div></div></div><div class=""p-zqp4850 pagelayer-inner_row pagelayer-row-stretch-auto pagelayer-height-default"" pagelayer-id=""zqp4850"">
<style pagelayer-style-id=""zqp4850"">.p-zqp4850 .pagelayer-col-holder{padding: 10px}
.p-zqp4850 > .pagelayer-background-overlay{-webkit-transition: all 400ms !important; transition: all 400ms !important}
.p-zqp4850 .pagelayer-svg-top .pagelayer-shape-fill{fill:#227bc3}
.p-zqp4850 .pagelayer-row-svg .pagelayer-svg-top{width:100%;height:100px}
.p-zqp4850 .pagelayer-svg-bottom .pagelayer-shape-fill{fill:#e44993}
.p-zqp4850 .pagelayer-row-svg .pagelayer-svg-bottom{width:100%;height:100px}
</style>
<div class=""pagelayer-row-holder pagelayer-row pagelayer-auto pagelayer-width-auto""><div class=""p-q725202 pagelayer-col pagelayer-col-2"" pagelayer-id=""q725202"">
<style pagelayer-style-id=""q725202"">.p-q725202{align-content: center !important}
.p-q725202 .pagelayer-col-holder > div:not(:last-child){margin-bottom: 15px}
.p-q725202 > .pagelayer-background-overlay{-webkit-transition: all 400ms !important; transition: all 400ms !important}
</style>
<div class=""pagelayer-col-holder""><div class=""p-55r4448 pagelayer-post_nav"" pagelayer-id=""55r4448"">
<style pagelayer-style-id=""55r4448"">.p-55r4448 .pagelayer-post-nav-link{color:#adb5bd;font-family:  !important; font-size: 15px !important; font-style:  !important; font-weight:  !important; font-variant:  !important; text-decoration-line:  !important; text-decoration-style:  !important; line-height: em !important; text-transform:  !important; letter-spacing: px !important; word-spacing: px !important}
.p-55r4448 .pagelayer-post-nav-title{color:#000000;font-family:  !important; font-size: 18px !important; font-style:  !important; font-weight: bold !important; font-variant:  !important; text-decoration-line:  !important; text-decoration-style: Solid !important; line-height: em !important; text-transform:  !important; letter-spacing: px !important; word-spacing: px !important}
.p-55r4448 .pagelayer-post-nav-icon{color:#adb5bd;font-size:30px}
.p-55r4448 .pagelayer-post-nav-separator{display:none}
@media (max-width: 768px) and (min-width: 501px){.p-55r4448 .pagelayer-post-nav-link{font-family:  !important; font-size: 12px !important; font-style:  !important; font-weight:  !important; font-variant:  !important; text-decoration-line:  !important; text-decoration-style: Solid !important; line-height: em !important; text-transform:  !important; letter-spacing: px !important; word-spacing: px !important}
.p-55r4448 .pagelayer-post-nav-title{font-family:  !important; font-size: 15px !important; font-style:  !important; font-weight:  !important; font-variant:  !important; text-decoration-line:  !important; text-decoration-style: Solid !important; line-height: em !important; text-transform:  !important; letter-spacing: px !important; word-spacing: px !important}
}
@media (max-width: 500px){.p-55r4448 .pagelayer-post-nav-link{font-family:  !important; font-size: 12px !important; font-style:  !important; font-weight:  !important; font-variant:  !important; text-decoration-line:  !important; text-decoration-style: Solid !important; line-height: em !important; text-transform:  !important; letter-spacing: px !important; word-spacing: px !important}
.p-55r4448 .pagelayer-post-nav-title{font-family:  !important; font-size: 12px !important; font-style:  !important; font-weight:  !important; font-variant:  !important; text-decoration-line:  !important; text-decoration-style: Solid !important; line-height: em !important; text-transform:  !important; letter-spacing: px !important; word-spacing: px !important}
}
</style><div class=""pagelayer-post-nav-container"">
<div class=""pagelayer-prev-post"">
<a href=""https://almuftionline.com/2025/02/06/15918/"" rel=""prev""><span class=""pagelayer-post-nav-icon fa fa-chevron-left""></span>
<span class=""pagelayer-next-holder"">
<span class=""pagelayer-post-nav-link""> Previous</span><span class=""pagelayer-post-nav-title"">فسخ شرکت کا طریقہ کار(شرکت ختم کرنے کا طریقہ کار)</span>
</span></a>
</div>
<div class=""pagelayer-post-nav-separator""></div>
<div class=""pagelayer-next-post"">
<a href=""https://almuftionline.com/2025/02/06/16731/"" rel=""next""><span class=""pagelayer-next-holder"">
<span class=""pagelayer-post-nav-link""> Next</span><span class=""pagelayer-post-nav-title"">فروخت کنندہ کافلیٹ پر قبضہ دینے سے پہلے فلیٹ کاکرایہ وصول کرنا</span>
</span>
<span class=""pagelayer-post-nav-icon fa fa-chevron-right""></span></a>
</div>
</div></div></div></div></div></div></div>"
2025-02-06,https://almuftionline.com/2025/02/06/15918/,فسخ شرکت کا طریقہ کار(شرکت ختم کرنے کا طریقہ کار),"<p>دو افراد  نے مل کر ایک تعلیمی ادارہ قائم کیا؛ فریق اول بلڈنگ کا مالک بھی ہے، اور تمام تر اشیاء (فرنیچر، کمپیوٹر لیب، وغیرہ)  بھی اس کی ملکیت  ہیں ، دوسرا فریق سکول چلانے کا ذمہ دار  ہے یعنی پرنسپل (پرنسپل 25٪ نفع و نقصان کاحصہ دار ہےاور کوئی تنخواہ نہیں ہے) فریقین میں معاہدہ کچھ یوں طے ہوا ہے کہ سکول کے تمام تر اخراجات( تنخواہیں، بجلی بل، سٹیشنری وغیرہ) نکال کر جو نفع/نقصان کی رقم ہوگی، اسکو<span dir=""LTR"">)</span> 75:25)کے تناسب سے  تقسیم کریں گے۔ دو سال مسلسل وہ ایسے ہی تقسیم کرتے آئے۔ دسمبر 2024 میں سکول کی کل تعداد تقریباً 540 ہے۔ دوران ِسال  سکول کےتمام اخراجات (رنگ، مرمت، پیپرز، پرنٹنگ مشین، نئے لیپ ٹاپ لینا،محکمہ سے رجسٹریشن، بورڈ سے الحاق وغیرہ) دونوں فریقین اپنے حصہ کی بچت سے برابر کرتے آئے ہیں۔ اخراجات زیادہ ہونے کی وجہ سے آمدن بہت اچھی نہیں تھی جس وجہ سے فریق اول( مالک) ایک سال کے بعد سکول سیل(بند) کرنے کی کوشش کرتے رہے، یا کسی پارٹی کو بطور حصہ دار ملانے کی کوشش کرتےرہے۔ ان باتوں کو مدنظر رکھتے ہوئے 6 اگست 2024کو پرنسپل نے (اہم وجوہات کی بنیاد پر)باہر جانے کی غرض سے ادارہ چھوڑنے کا فیصلہ کرلیا۔ سکول مالک کو بتایا کہ وہ تیاری کر رہے ہیں، مگر سیشن  ( یعنی سالانہ امتحان دسمبرتک)مکمل کروا دیں گے۔ اس دوران فریق اول (مالک) کافی دوستوں سے سکول میں بطور مینجمنٹ اور حصہ داری کا کہتے رہے، انکو سکول کا وزٹ کرواتے رہے۔ اب  23 دسمبر کو امتحانات کے بعد فریق دؤم (پرنسپل) نے دسمبر کی 20 چھٹیوں میں فریق اول (مالک )کو نئی مینجمنٹ لانے کا کہا  (یعنی خود سکول چھوڑ دیا)اورپرنسپل  اپنے حصے کا25٪ (جو ہر ماہ مختلف مقدار میں ملتا تھا)مستقبل میں بھی وصول کرنے  کا مطالبہ کر رہے ہیں ، مطالبہ کی وجہ یہ ہے کہ تمام طلباء ہم دونوں اپنی محنت سے لیکر آئے ہیں، انکو محنت سے  پڑھایا، اچھا رزلٹ دیا ، بطور پرنسپل تمام کاغذات اور  ڈگریاں ان کے دستخط سے ہوئی  ہیں اور اب  میرے سکول سے جانے کے بعد ہر ماہ میرے حصے کی رقم آپ وصول کریں گے، جبکہ میرا ان طلباء پر  محنت کی بنیاد پر حصہ بنتا ہے۔ فریق اول اب سکول اپنے حصے میں ہی یا کسی اور پارٹی سے مل کر چلانا  چاہتے ہیں۔ کیا اس حصے کا تقاضا فریق دؤم کی طرف سے جائز ہے ؟</p>","<h4 class=""has-text-align-center"">اَلجَوَابْ بِاسْمِ مُلْہِمِ الصَّوَابْ

</h4><p>صورت مسئولہ میں  دوافراد نے آپس میں جو شرکت کا عقد کیا ،یہ شرعاً ""شرکتِ تقبل "" کہلاتا ہے،شرکت تقبل میں عاقدین کو نفع، ان کےعمل کی ذمہ داری اٹھانے کی بناء پر ملتا ہے۔مذکورہ صورت میں عاقدین شرکت ختم کرنا چاہتےہیں،</p><p>تاہم ایک فریق مستقبل میں بھی سکول چلانا چاہتا ہے،چنانچہ مال کی تقسیم کا  طریقہ  کار درج ذیل ہو گا:</p><p><span dir=""LTR"">1</span>۔وہ اثاثہ جات جو سکول کے قیام   سے پہلے  فریقِ اول کی ملکیت تھے ،ان کا مالک فریق اول ہی ہوگا، البتہ ان پر جواضافی اخراجات مشترکہ طور پر  باہمی رضامندی سے کئے گئے ہیں، مثلاً رنگ و  مرمت وغیرہ ، اس حوالے سے دو تجربہ کار  عادل آدمی  مل کر  آج کے اعتبار سے عمارت کی  دو طرح کی قیمت لگالیں:عمارت کی رنگ ومرمت کے بغیر  اور رنگ و مرمت کے ساتھ مالیت۔یوں    ر نگ    و مرمت کی وجہ سے جو   قیمت کا فرق آ رہا ہے ، اس میں سے  فریق اول(مالک)  دوسرے فریق  (پرنسپل)  کی جانب سے کیے گئے  اخراجات کے تناسب سے اس کا حصہ  ادا کردے، مثلا رنگ ومرمت   پر شروع میں فریقین نے  نصف نصف اخراجات کیے تھے اور آج رنگ ومرمت کے بغیر عمارت کی قیمت ایک کروڑ روپے ہو  ،جبکہ رنگ و مرمت  کی وجہ سے  عمارت کی قیمت ایک کروڑ دس لاکھ روپے  بنتی ہو، تواضافی  دس لاکھ  میں سے پانچ لاکھ روپے فریق اول  دوسرے فریق(پرنسپل) کو ادا کردے، تاہم اگر اس رنگ ومرمت  کی افادیت اب  ختم ہو چکی ہو  تو فریق اول پر  لازم نہیں کہ وہ  دوسرے فریق کو اس مد میں کوئی رقم ادا کرے۔</p><p><span dir=""LTR"">2</span>۔عقدِ شرکت کے بعدمشترکہ طور پر خریدے گئے تمام   اثاثہ جات کا حساب لگایاجائے گا،جس میں پرنٹنگ مشین،لیپ ٹاپ، سکول کی گڈ وِل (<span dir=""LTR"">Good Will</span>) اور دیگر تمام ساز و سامان شامل ہے۔ یوں سب سے پہلے مال ِ شرکت میں سے فریقین کو اصل سرمایہ واپس کیا جائے گا، اس کے بعد اگر کچھ بچے تو اسے  منافع سمجھا جائے گا،لہذا اس کو طہ شدہ تناسب سے تقسیم کیا جائے گا۔</p><p><span dir=""LTR"">3</span>۔شرکت میں جو   اثاثے نقدی   کی   صورت میں ہوں ، ان   کو بطور نقود   ہی   تقسیم کیا جائے گا،تاہم جو اثاثے نقود کے علاوہ ہوں، ان   کو فریقین باہمی رضامندی سے قیمت کے لحاظ سے بھی تقسیم کر سکتے ہیں ۔ ( یعنی ایک فریق دوسرے  فریق کو اس  کے  حصے کی قیمت  ادا کر سکتا ہے  ) یا ان اثاثہ جات کو بیچ کر ان کی قیمت باہمی طور پر اپنے حصص کے تناسب سے تقسیم کر لیں۔</p><p>تقسیم کے بعد کوئی فریق دوسرے  فریق کے حصے سے نفع کا مطالبہ نہیں کر سکتا۔ جیسا کہ پہلے گزر چکا  کہ"" شرکت تقبل"" میں   فریقین  عمل کی ذمہ داری کی بناء پر اجرت کے مستحق ہوتے ہیں،جبکہ صورت مسئولہ میں پرنسپل اب اس ذمہ داری سے بری الذمہ ہو چکے ہیں، چنانچہ  اب پرنسپل کی جانب سے شرکت ختم ہونے کے بعد   ماضی میں محنت سے لائے ہوئے طلبہ اور ان  کو پڑھانے کے عو ض، مستقبل میں اجرت کا مطالبہ درست نہیں ۔</p><h6 class=""has-text-align-right"">حوالہ جات</h6><div style=""direction: rtl;font-family: Amiri;
    
     font-size: 13px; font-weight: 400;""><p><strong>درر الحكام في شرح مجلة الأحكام (3/ 361):</strong></p>
<p><strong>المادة </strong><strong>(1346)</strong> (ضمان العمل نوع من العمل، فلذلك إذا تشارك اثنان شركة صنائع بأن وضع أحد في دكانة آخر من أرباب الصنائع على أن ما يتقبله ويتعهده هو من الأعمال يعمله ذلك الآخر وأن ما يحصل من الكسب أي الأجرة يقسم بينهما مناصفة جاز، وإنما استحقاق صاحب الدكان الحصة هو بضمانه العمل وتعهده إياه كما أنه ينال في ضمن ذلك أيضا منفعة دكانة)</p>
<p><strong>شرح:</strong>ضمان العمل أي تقبل العمل نوع من العمل، وعلى ذلك فضمان العمل سبب لاستحقاق الأجرة أيضا كالعمل أي أنه كما جاز تقدير قيمة زائدة لعمل أحد الشريكين باتفاقهما وتزييد حصة أحدهما في الربح فيجوز أيضا تعين قيمة لضمان العمل باتفاق الشريكين أيضا ويكون من نتيجة ذلك جواز شرط ربح للشريك الذي ضمن العمل مقابل ضمانه هذا فلذلك إذا تشارك اثنان شركة صنائع بأن وضع أحد في دكانة آخر من أرباب الصنائع على أن ما يتقبله ويتعهده هو من الأعمال يعمله ذلك الآخر وأن ما يحصل من الكسب أي الأجرة يقسم بينهما مناصفة جاز استحسانا لأن يكون أحيانا صاحب الدكان ذا جاه واحترام ولكنه غير حاذق في العمل فلذلك يمكنه أن يضع عاملا حاذقا في دكانه ليقوم بالعمل وبهذه الصورة يستفيد أحدهما من وجاهته والآخر من حذقه۔</p>
<p>لو شرط في الشركة عدم تقبل العامل لا تصح لأنه إذا سكت في عقد الشركة عن ذكر تقبل العامل فالسكوت الواقع يثبت حق التقبل للعامل اقتضاء فيثبت حق تقبله۔</p>
</div><p>حسن علی عباسی</p><p>دارالافتاء جامعۃ الرشید،کراچی</p><p><span dir=""LTR"">5</span>/شعبان /<span dir=""LTR"">1446</span>ھ</p><h6 class=""has-text-align-center"">
واللہ سبحانہ وتعالی اعلم
</h6><figure class=""wp-block-table""><table><tbody><tr><td><h3>مجیب</h3></td><td>حسن علی عباسی ولد ذوالفقار علی عباسی</td><td><h3>مفتیان</h3></td><td>مفتی محمد صاحب / سیّد عابد شاہ صاحب</td></tr></tbody></table></figure>",86790,jameya-tur-rasheed,شرکت کے مسائل,شرکت سے متعلق متفرق مسائل,"<div class=""pagelayer-col-holder""><div class=""p-kgd1425 pagelayer-post_excerpt"" pagelayer-id=""kgd1425"">
<style pagelayer-style-id=""kgd1425"">.p-kgd1425 .pagelayer-post-excerpt{color:#adb5bd;font-family: ; font-size: 15px !important; font-style: Italic !important; font-weight: 500 !important; font-variant:  !important; text-decoration-line:  !important; text-decoration-style:  !important; line-height: 1.5em !important; text-transform:  !important; letter-spacing: px !important; word-spacing: px !important;margin-top:0px; margin-right:0px; margin-bottom:0px; margin-left:0px}
.p-kgd1425{text-align: left;margin-top: 0px; margin-right: 0px; margin-bottom: 0px; margin-left: 0px;padding-top: 0px; padding-right: 0px; padding-bottom: 0px; padding-left: 0px}
</style></div><div class=""p-4wb1030 pagelayer-featured_img"" pagelayer-id=""4wb1030"">
<style pagelayer-style-id=""4wb1030"">.p-4wb1030{text-align: center}
.p-4wb1030 img{filter: blur(0px) brightness(100%) contrast(100%) grayscale(0%) hue-rotate(0deg) opacity(100%) saturate(100%);box-shadow: 0px 24px 36px 0px rgba(0,0,0,0.10)  !important;-webkit-transition: all 400ms; transition: all 400ms}
.p-4wb1030 .pagelayer-featured-caption{color: #0986c0}
</style>
<div class=""pagelayer-featured-img""></div>
</div><div class=""p-f8n3612 pagelayer-inner_row pagelayer-row-stretch-auto pagelayer-height-default"" pagelayer-id=""f8n3612"">
<style pagelayer-style-id=""f8n3612"">.p-f8n3612 .pagelayer-col-holder{padding: 10px}
.p-f8n3612 > .pagelayer-background-overlay{-webkit-transition: all 400ms !important; transition: all 400ms !important}
.p-f8n3612 .pagelayer-svg-top .pagelayer-shape-fill{fill:#227bc3}
.p-f8n3612 .pagelayer-row-svg .pagelayer-svg-top{width:100%;height:100px}
.p-f8n3612 .pagelayer-svg-bottom .pagelayer-shape-fill{fill:#e44993}
.p-f8n3612 .pagelayer-row-svg .pagelayer-svg-bottom{width:100%;height:100px}
</style>
<div class=""pagelayer-row-holder pagelayer-row pagelayer-auto pagelayer-width-auto""><div class=""p-i795860 pagelayer-col pagelayer-col-4"" pagelayer-id=""i795860"">
<style pagelayer-style-id=""i795860"">.p-i795860{align-content: center !important}
.p-i795860 .pagelayer-col-holder > div:not(:last-child){margin-bottom: 15px}
.p-i795860 > .pagelayer-background-overlay{-webkit-transition: all 400ms !important; transition: all 400ms !important}
</style>
<div class=""pagelayer-col-holder""><div class=""p-qip3968 pagelayer-post_info"" pagelayer-id=""qip3968"">
<style pagelayer-style-id=""qip3968"">.p-qip3968 .pagelayer-post-info-vertical .pagelayer-post-info-list-container{margin-right:25px}
.p-qip3968 .pagelayer-post-info-horizontal .pagelayer-post-info-list-container{margin-bottom:25px}
.p-qip3968 .pagelayer-post-info-container{text-align:right}
.p-qip3968 .pagelayer-post-info-icon span{font-size:120%;color:#495057}
.p-qip3968 .pagelayer-post-info-list-container a{font-family: Roboto !important; font-size: 14px !important; font-style:  !important; font-weight: 500 !important; font-variant:  !important; text-decoration-line:  !important; text-decoration-style:  !important; line-height: 1.6em !important; text-transform:  !important; letter-spacing: px !important; word-spacing: px !important}
.p-qip3968 .pagelayer-post-info-label{color:#495057}
.p-qip3968 .pagelayer-post-info-label a{color:#495057}
.p-qip3968 .pagelayer-post-info-label:hover{color:#000000}
.p-qip3968 .pagelayer-post-info-label:hover a{color:#000000}
</style><div class=""pagelayer-post-info-container pagelayer-post-info-vertical""><div class=""p-xj43574 pagelayer-post_info_list"" pagelayer-id=""xj43574"">
<div class=""pagelayer-post-info-list-container"">
<a class=""pagelayer-post-info-list-link"" href=""https://almuftionline.com/2025/02/06/"">
<span class=""pagelayer-post-info-icon"">
<span class=""far fa-clock""></span>
</span>
<span class=""pagelayer-post-info-label pagelayer-date"">فروری 6, 2025</span>
</a>
</div></div></div></div></div></div><div class=""p-t2j1983 pagelayer-col pagelayer-col-7"" pagelayer-id=""t2j1983"">
<style pagelayer-style-id=""t2j1983"">.p-t2j1983{align-content: center !important}
.p-t2j1983 .pagelayer-col-holder > div:not(:last-child){margin-bottom: 15px}
.p-t2j1983 > .pagelayer-background-overlay{-webkit-transition: all 400ms !important; transition: all 400ms !important}
</style>
<div class=""pagelayer-col-holder""><div class=""p-dbq3916 pagelayer-post_info"" pagelayer-id=""dbq3916"">
<style pagelayer-style-id=""dbq3916"">.p-dbq3916 .pagelayer-post-info-container{text-align:right}
.p-dbq3916 .pagelayer-post-info-icon span{font-size:120%;color:#495057}
.p-dbq3916 .pagelayer-post-info-list-container a{font-family: Roboto !important; font-size: 14px !important; font-style:  !important; font-weight: 500 !important; font-variant:  !important; text-decoration-line:  !important; text-decoration-style:  !important; line-height: 1.6em !important; text-transform:  !important; letter-spacing: px !important; word-spacing: px !important}
.p-dbq3916 .pagelayer-post-info-label{color:#0072ff}
.p-dbq3916 .pagelayer-post-info-label a{color:#0072ff}
.p-dbq3916 .pagelayer-terms *{color:#f8952c !important;padding-top:5px; padding-right:10px; padding-bottom:5px; padding-left:10px;margin-top:0px; margin-right:5px; margin-bottom:0px; margin-left:5px;border-radius: 4px 4px 4px 4px; -webkit-border-radius:  4px 4px 4px 4px;-moz-border-radius: 4px 4px 4px 4px}
.p-dbq3916{padding-top: 0px; padding-right: 0px; padding-bottom: 0px; padding-left: 0px}
@media (max-width: 768px) and (min-width: 501px){.p-dbq3916 .pagelayer-post-info-container{text-align:left}
}
@media (max-width: 500px){.p-dbq3916 .pagelayer-post-info-container{text-align:left}
}
</style><div class=""pagelayer-post-info-container pagelayer-post-info-vertical""><div class=""p-wpv7212 pagelayer-post_info_list"" pagelayer-id=""wpv7212"">
<div class=""pagelayer-post-info-list-container"">
<span class=""pagelayer-post-info-icon"">
</span>
<span class=""pagelayer-post-info-label pagelayer-terms""> <a href=""https://almuftionline.com/category/fatwa/27/""> شرکت کے مسائل </a></span>
</div></div></div></div></div></div></div></div><div class=""p-trw3096 pagelayer-inner_row pagelayer-row-stretch-auto pagelayer-height-default"" pagelayer-id=""trw3096"">
<style pagelayer-style-id=""trw3096"">.p-trw3096 .pagelayer-col-holder{padding: 10px}
.p-trw3096 > .pagelayer-background-overlay{-webkit-transition: all 400ms !important; transition: all 400ms !important}
.p-trw3096 .pagelayer-svg-top .pagelayer-shape-fill{fill:#227bc3}
.p-trw3096 .pagelayer-row-svg .pagelayer-svg-top{width:100%;height:100px}
.p-trw3096 .pagelayer-svg-bottom .pagelayer-shape-fill{fill:#e44993}
.p-trw3096 .pagelayer-row-svg .pagelayer-svg-bottom{width:100%;height:100px}
</style>
<div class=""pagelayer-row-holder pagelayer-row pagelayer-auto pagelayer-width-auto""><div class=""p-wwu6541 pagelayer-col pagelayer-col-2"" pagelayer-id=""wwu6541"">
<style pagelayer-style-id=""wwu6541"">.p-wwu6541{align-content: center !important}
.p-wwu6541 .pagelayer-col-holder > div:not(:last-child){margin-bottom: 15px}
.p-wwu6541 > .pagelayer-background-overlay{-webkit-transition: all 400ms !important; transition: all 400ms !important}
</style>
<div class=""pagelayer-col-holder""><div class=""p-ccj4284 pagelayer-post_content"" pagelayer-id=""ccj4284"">
<style pagelayer-style-id=""ccj4284"">.p-ccj4284{text-align: right}
</style><div class=""entry-content pagelayer-post-excerpt""><figure class=""wp-block-table""><table><tbody><tr><td>86790</td><td>شرکت کے مسائل</td><td>شرکت سے متعلق متفرق مسائل</td></tr></tbody></table></figure><div style=""direction:rtl;line-height: 2.5;""><h3 class=""has-text-align-center"">سوال</h3><p>دو افراد  نے مل کر ایک تعلیمی ادارہ قائم کیا؛ فریق اول بلڈنگ کا مالک بھی ہے، اور تمام تر اشیاء (فرنیچر، کمپیوٹر لیب، وغیرہ)  بھی اس کی ملکیت  ہیں ، دوسرا فریق سکول چلانے کا ذمہ دار  ہے یعنی پرنسپل (پرنسپل 25٪ نفع و نقصان کاحصہ دار ہےاور کوئی تنخواہ نہیں ہے) فریقین میں معاہدہ کچھ یوں طے ہوا ہے کہ سکول کے تمام تر اخراجات( تنخواہیں، بجلی بل، سٹیشنری وغیرہ) نکال کر جو نفع/نقصان کی رقم ہوگی، اسکو<span dir=""LTR"">)</span> 75:25)کے تناسب سے  تقسیم کریں گے۔ دو سال مسلسل وہ ایسے ہی تقسیم کرتے آئے۔ دسمبر 2024 میں سکول کی کل تعداد تقریباً 540 ہے۔ دوران ِسال  سکول کےتمام اخراجات (رنگ، مرمت، پیپرز، پرنٹنگ مشین، نئے لیپ ٹاپ لینا،محکمہ سے رجسٹریشن، بورڈ سے الحاق وغیرہ) دونوں فریقین اپنے حصہ کی بچت سے برابر کرتے آئے ہیں۔ اخراجات زیادہ ہونے کی وجہ سے آمدن بہت اچھی نہیں تھی جس وجہ سے فریق اول( مالک) ایک سال کے بعد سکول سیل(بند) کرنے کی کوشش کرتے رہے، یا کسی پارٹی کو بطور حصہ دار ملانے کی کوشش کرتےرہے۔ ان باتوں کو مدنظر رکھتے ہوئے 6 اگست 2024کو پرنسپل نے (اہم وجوہات کی بنیاد پر)باہر جانے کی غرض سے ادارہ چھوڑنے کا فیصلہ کرلیا۔ سکول مالک کو بتایا کہ وہ تیاری کر رہے ہیں، مگر سیشن  ( یعنی سالانہ امتحان دسمبرتک)مکمل کروا دیں گے۔ اس دوران فریق اول (مالک) کافی دوستوں سے سکول میں بطور مینجمنٹ اور حصہ داری کا کہتے رہے، انکو سکول کا وزٹ کرواتے رہے۔ اب  23 دسمبر کو امتحانات کے بعد فریق دؤم (پرنسپل) نے دسمبر کی 20 چھٹیوں میں فریق اول (مالک )کو نئی مینجمنٹ لانے کا کہا  (یعنی خود سکول چھوڑ دیا)اورپرنسپل  اپنے حصے کا25٪ (جو ہر ماہ مختلف مقدار میں ملتا تھا)مستقبل میں بھی وصول کرنے  کا مطالبہ کر رہے ہیں ، مطالبہ کی وجہ یہ ہے کہ تمام طلباء ہم دونوں اپنی محنت سے لیکر آئے ہیں، انکو محنت سے  پڑھایا، اچھا رزلٹ دیا ، بطور پرنسپل تمام کاغذات اور  ڈگریاں ان کے دستخط سے ہوئی  ہیں اور اب  میرے سکول سے جانے کے بعد ہر ماہ میرے حصے کی رقم آپ وصول کریں گے، جبکہ میرا ان طلباء پر  محنت کی بنیاد پر حصہ بنتا ہے۔ فریق اول اب سکول اپنے حصے میں ہی یا کسی اور پارٹی سے مل کر چلانا  چاہتے ہیں۔ کیا اس حصے کا تقاضا فریق دؤم کی طرف سے جائز ہے ؟</p>
<h4 class=""has-text-align-center"">اَلجَوَابْ بِاسْمِ مُلْہِمِ الصَّوَابْ

</h4><p>صورت مسئولہ میں  دوافراد نے آپس میں جو شرکت کا عقد کیا ،یہ شرعاً ""شرکتِ تقبل "" کہلاتا ہے،شرکت تقبل میں عاقدین کو نفع، ان کےعمل کی ذمہ داری اٹھانے کی بناء پر ملتا ہے۔مذکورہ صورت میں عاقدین شرکت ختم کرنا چاہتےہیں،</p>
<p>تاہم ایک فریق مستقبل میں بھی سکول چلانا چاہتا ہے،چنانچہ مال کی تقسیم کا  طریقہ  کار درج ذیل ہو گا:</p>
<p><span dir=""LTR"">1</span>۔وہ اثاثہ جات جو سکول کے قیام   سے پہلے  فریقِ اول کی ملکیت تھے ،ان کا مالک فریق اول ہی ہوگا، البتہ ان پر جواضافی اخراجات مشترکہ طور پر  باہمی رضامندی سے کئے گئے ہیں، مثلاً رنگ و  مرمت وغیرہ ، اس حوالے سے دو تجربہ کار  عادل آدمی  مل کر  آج کے اعتبار سے عمارت کی  دو طرح کی قیمت لگالیں:عمارت کی رنگ ومرمت کے بغیر  اور رنگ و مرمت کے ساتھ مالیت۔یوں    ر نگ    و مرمت کی وجہ سے جو   قیمت کا فرق آ رہا ہے ، اس میں سے  فریق اول(مالک)  دوسرے فریق  (پرنسپل)  کی جانب سے کیے گئے  اخراجات کے تناسب سے اس کا حصہ  ادا کردے، مثلا رنگ ومرمت   پر شروع میں فریقین نے  نصف نصف اخراجات کیے تھے اور آج رنگ ومرمت کے بغیر عمارت کی قیمت ایک کروڑ روپے ہو  ،جبکہ رنگ و مرمت  کی وجہ سے  عمارت کی قیمت ایک کروڑ دس لاکھ روپے  بنتی ہو، تواضافی  دس لاکھ  میں سے پانچ لاکھ روپے فریق اول  دوسرے فریق(پرنسپل) کو ادا کردے، تاہم اگر اس رنگ ومرمت  کی افادیت اب  ختم ہو چکی ہو  تو فریق اول پر  لازم نہیں کہ وہ  دوسرے فریق کو اس مد میں کوئی رقم ادا کرے۔</p>
<p><span dir=""LTR"">2</span>۔عقدِ شرکت کے بعدمشترکہ طور پر خریدے گئے تمام   اثاثہ جات کا حساب لگایاجائے گا،جس میں پرنٹنگ مشین،لیپ ٹاپ، سکول کی گڈ وِل (<span dir=""LTR"">Good Will</span>) اور دیگر تمام ساز و سامان شامل ہے۔ یوں سب سے پہلے مال ِ شرکت میں سے فریقین کو اصل سرمایہ واپس کیا جائے گا، اس کے بعد اگر کچھ بچے تو اسے  منافع سمجھا جائے گا،لہذا اس کو طہ شدہ تناسب سے تقسیم کیا جائے گا۔</p>
<p><span dir=""LTR"">3</span>۔شرکت میں جو   اثاثے نقدی   کی   صورت میں ہوں ، ان   کو بطور نقود   ہی   تقسیم کیا جائے گا،تاہم جو اثاثے نقود کے علاوہ ہوں، ان   کو فریقین باہمی رضامندی سے قیمت کے لحاظ سے بھی تقسیم کر سکتے ہیں ۔ ( یعنی ایک فریق دوسرے  فریق کو اس  کے  حصے کی قیمت  ادا کر سکتا ہے  ) یا ان اثاثہ جات کو بیچ کر ان کی قیمت باہمی طور پر اپنے حصص کے تناسب سے تقسیم کر لیں۔</p>
<p>تقسیم کے بعد کوئی فریق دوسرے  فریق کے حصے سے نفع کا مطالبہ نہیں کر سکتا۔ جیسا کہ پہلے گزر چکا  کہ"" شرکت تقبل"" میں   فریقین  عمل کی ذمہ داری کی بناء پر اجرت کے مستحق ہوتے ہیں،جبکہ صورت مسئولہ میں پرنسپل اب اس ذمہ داری سے بری الذمہ ہو چکے ہیں، چنانچہ  اب پرنسپل کی جانب سے شرکت ختم ہونے کے بعد   ماضی میں محنت سے لائے ہوئے طلبہ اور ان  کو پڑھانے کے عو ض، مستقبل میں اجرت کا مطالبہ درست نہیں ۔</p>
</div><h6 class=""has-text-align-right"">حوالہ جات</h6><div style=""direction: rtl;font-family: Amiri;
    
     font-size: 13px; font-weight: 400;""><p><strong>درر الحكام في شرح مجلة الأحكام (3/ 361):</strong></p>
<p><strong>المادة </strong><strong>(1346)</strong> (ضمان العمل نوع من العمل، فلذلك إذا تشارك اثنان شركة صنائع بأن وضع أحد في دكانة آخر من أرباب الصنائع على أن ما يتقبله ويتعهده هو من الأعمال يعمله ذلك الآخر وأن ما يحصل من الكسب أي الأجرة يقسم بينهما مناصفة جاز، وإنما استحقاق صاحب الدكان الحصة هو بضمانه العمل وتعهده إياه كما أنه ينال في ضمن ذلك أيضا منفعة دكانة)</p>
<p><strong>شرح:</strong>ضمان العمل أي تقبل العمل نوع من العمل، وعلى ذلك فضمان العمل سبب لاستحقاق الأجرة أيضا كالعمل أي أنه كما جاز تقدير قيمة زائدة لعمل أحد الشريكين باتفاقهما وتزييد حصة أحدهما في الربح فيجوز أيضا تعين قيمة لضمان العمل باتفاق الشريكين أيضا ويكون من نتيجة ذلك جواز شرط ربح للشريك الذي ضمن العمل مقابل ضمانه هذا فلذلك إذا تشارك اثنان شركة صنائع بأن وضع أحد في دكانة آخر من أرباب الصنائع على أن ما يتقبله ويتعهده هو من الأعمال يعمله ذلك الآخر وأن ما يحصل من الكسب أي الأجرة يقسم بينهما مناصفة جاز استحسانا لأن يكون أحيانا صاحب الدكان ذا جاه واحترام ولكنه غير حاذق في العمل فلذلك يمكنه أن يضع عاملا حاذقا في دكانه ليقوم بالعمل وبهذه الصورة يستفيد أحدهما من وجاهته والآخر من حذقه۔</p>
<p>لو شرط في الشركة عدم تقبل العامل لا تصح لأنه إذا سكت في عقد الشركة عن ذكر تقبل العامل فالسكوت الواقع يثبت حق التقبل للعامل اقتضاء فيثبت حق تقبله۔</p>
</div><p>حسن علی عباسی</p>
<p>دارالافتاء جامعۃ الرشید،کراچی</p>
<p><span dir=""LTR"">5</span>/شعبان /<span dir=""LTR"">1446</span>ھ</p>
<h6 class=""has-text-align-center"">
واللہ سبحانہ وتعالی اعلم
</h6><figure class=""wp-block-table""><table><tbody><tr><td><h3>مجیب</h3></td><td>حسن علی عباسی ولد ذوالفقار علی عباسی</td><td><h3>مفتیان</h3></td><td>مفتی محمد صاحب / سیّد عابد شاہ صاحب</td></tr></tbody></table></figure></div></div></div></div></div></div><div class=""p-wl6689 pagelayer-inner_row pagelayer-row-stretch-auto pagelayer-height-default"" pagelayer-id=""wl6689"">
<style pagelayer-style-id=""wl6689"">.p-wl6689 .pagelayer-col-holder{padding: 10px}
.p-wl6689 > .pagelayer-background-overlay{-webkit-transition: all 400ms !important; transition: all 400ms !important}
.p-wl6689 .pagelayer-svg-top .pagelayer-shape-fill{fill:#227bc3}
.p-wl6689 .pagelayer-row-svg .pagelayer-svg-top{width:100%;height:100px}
.p-wl6689 .pagelayer-svg-bottom .pagelayer-shape-fill{fill:#e44993}
.p-wl6689 .pagelayer-row-svg .pagelayer-svg-bottom{width:100%;height:100px}
</style>
<div class=""pagelayer-row-holder pagelayer-row pagelayer-auto pagelayer-width-auto""><div class=""p-jzl6522 pagelayer-col pagelayer-col-6"" pagelayer-id=""jzl6522"">
<style pagelayer-style-id=""jzl6522"">.p-jzl6522{align-content: center !important}
.p-jzl6522 .pagelayer-col-holder > div:not(:last-child){margin-bottom: 15px}
.p-jzl6522 > .pagelayer-background-overlay{-webkit-transition: all 400ms !important; transition: all 400ms !important}
</style>
<div class=""pagelayer-col-holder""><div class=""p-xsb5673 pagelayer-share_grp pagelayer-share-type-icon-label pagelayer-social-bg-none pagelayer-scheme-official"" pagelayer-id=""xsb5673"">
<style pagelayer-style-id=""xsb5673"">.p-xsb5673{text-align: right}
.p-xsb5673 .pagelayer-share-content{min-height: 35px;-webkit-transition: all 400ms; transition: all 400ms}
.p-xsb5673 i{font-size: 27px}
.p-xsb5673 .pagelayer-icon-holder{font-size: 27px}
.p-xsb5673 .pagelayer-share-content i{-webkit-transition: all 400ms; transition: all 400ms}
.p-xsb5673 .pagelayer-icon-name{font-family: Roboto; font-size: 15px !important; font-style:  !important; font-weight: 500 !important; font-variant:  !important; text-decoration-line:  !important; text-decoration-style:  !important; line-height: em !important; text-transform:  !important; letter-spacing: px !important; word-spacing: px !important}
@media (max-width: 768px) and (min-width: 501px){.p-xsb5673{text-align: left}
.p-xsb5673 .pagelayer-share{padding-top: 10px; padding-bottom: 10px;padding-left: 10px; padding-right: 10px}
.p-xsb5673 i{font-size: 20px}
.p-xsb5673 .pagelayer-icon-holder{font-size: 20px}
.p-xsb5673 .pagelayer-icon-name{font-family: ; font-size: 13px !important; font-style:  !important; font-weight:  !important; font-variant:  !important; text-decoration-line:  !important; text-decoration-style:  !important; line-height: em !important; text-transform:  !important; letter-spacing: px !important; word-spacing: px !important}
}
@media (max-width: 500px){.p-xsb5673{text-align: left}
.p-xsb5673 .pagelayer-share{padding-top: 10px; padding-bottom: 10px;padding-left: 10px; padding-right: 10px}
.p-xsb5673 .pagelayer-share-content{min-height: NaNpx}
.p-xsb5673 i{font-size: 20px}
.p-xsb5673 .pagelayer-icon-holder{font-size: 20px}
.p-xsb5673 .pagelayer-icon-name{font-family: ; font-size: 13px !important; font-style:  !important; font-weight:  !important; font-variant:  !important; text-decoration-line:  !important; text-decoration-style:  !important; line-height: em !important; text-transform:  !important; letter-spacing: px !important; word-spacing: px !important}
}
</style><div class=""p-9mh2934 pagelayer-share"" pagelayer-id=""9mh2934"">
<a class=""pagelayer-ele-link"" href=""https://www.facebook.com/sharer/sharer.php?u=almuftionline.com/2025/02/06/15918/"" target=""_blank"" title=""fab fa-facebook-square"">
<div class=""pagelayer-share-content pagelayer-facebook-square"" data-icon=""fab fa-facebook-square"">
<div class=""pagelayer-icon-holder pagelayer-share-buttons"">
<i class=""pagelayer-social-fa fab fa-facebook-square""></i>
</div>
<div class=""pagelayer-icon-name"">
<span class=""pagelayer-icon-name-span"">Facebook</span>
</div>
</div>
</a></div><div class=""p-rai4926 pagelayer-share"" pagelayer-id=""rai4926"">
<a class=""pagelayer-ele-link"" href=""https://twitter.com/share?url=almuftionline.com/2025/02/06/15918/"" target=""_blank"" title=""fab fa-twitter-square"">
<div class=""pagelayer-share-content pagelayer-twitter-square"" data-icon=""fab fa-twitter-square"">
<div class=""pagelayer-icon-holder pagelayer-share-buttons"">
<i class=""pagelayer-social-fa fab fa-twitter-square""></i>
</div>
<div class=""pagelayer-icon-name"">
<span class=""pagelayer-icon-name-span"">Twitter</span>
</div>
</div>
</a></div><div class=""p-ndy3728 pagelayer-share"" pagelayer-id=""ndy3728"">
<a class=""pagelayer-ele-link"" href=""whatsapp://send?text=almuftionline.com/2025/02/06/15918/"" target=""_blank"" title=""fab fa-whatsapp"">
<div class=""pagelayer-share-content pagelayer-whatsapp"" data-icon=""fab fa-whatsapp"">
<div class=""pagelayer-icon-holder pagelayer-share-buttons"">
<i class=""pagelayer-social-fa fab fa-whatsapp""></i>
</div>
<div class=""pagelayer-icon-name"">
<span class=""pagelayer-icon-name-span"">WhatsApp</span>
</div>
</div>
</a></div></div></div></div></div></div><div class=""p-zqp4850 pagelayer-inner_row pagelayer-row-stretch-auto pagelayer-height-default"" pagelayer-id=""zqp4850"">
<style pagelayer-style-id=""zqp4850"">.p-zqp4850 .pagelayer-col-holder{padding: 10px}
.p-zqp4850 > .pagelayer-background-overlay{-webkit-transition: all 400ms !important; transition: all 400ms !important}
.p-zqp4850 .pagelayer-svg-top .pagelayer-shape-fill{fill:#227bc3}
.p-zqp4850 .pagelayer-row-svg .pagelayer-svg-top{width:100%;height:100px}
.p-zqp4850 .pagelayer-svg-bottom .pagelayer-shape-fill{fill:#e44993}
.p-zqp4850 .pagelayer-row-svg .pagelayer-svg-bottom{width:100%;height:100px}
</style>
<div class=""pagelayer-row-holder pagelayer-row pagelayer-auto pagelayer-width-auto""><div class=""p-q725202 pagelayer-col pagelayer-col-2"" pagelayer-id=""q725202"">
<style pagelayer-style-id=""q725202"">.p-q725202{align-content: center !important}
.p-q725202 .pagelayer-col-holder > div:not(:last-child){margin-bottom: 15px}
.p-q725202 > .pagelayer-background-overlay{-webkit-transition: all 400ms !important; transition: all 400ms !important}
</style>
<div class=""pagelayer-col-holder""><div class=""p-55r4448 pagelayer-post_nav"" pagelayer-id=""55r4448"">
<style pagelayer-style-id=""55r4448"">.p-55r4448 .pagelayer-post-nav-link{color:#adb5bd;font-family:  !important; font-size: 15px !important; font-style:  !important; font-weight:  !important; font-variant:  !important; text-decoration-line:  !important; text-decoration-style:  !important; line-height: em !important; text-transform:  !important; letter-spacing: px !important; word-spacing: px !important}
.p-55r4448 .pagelayer-post-nav-title{color:#000000;font-family:  !important; font-size: 18px !important; font-style:  !important; font-weight: bold !important; font-variant:  !important; text-decoration-line:  !important; text-decoration-style: Solid !important; line-height: em !important; text-transform:  !important; letter-spacing: px !important; word-spacing: px !important}
.p-55r4448 .pagelayer-post-nav-icon{color:#adb5bd;font-size:30px}
.p-55r4448 .pagelayer-post-nav-separator{display:none}
@media (max-width: 768px) and (min-width: 501px){.p-55r4448 .pagelayer-post-nav-link{font-family:  !important; font-size: 12px !important; font-style:  !important; font-weight:  !important; font-variant:  !important; text-decoration-line:  !important; text-decoration-style: Solid !important; line-height: em !important; text-transform:  !important; letter-spacing: px !important; word-spacing: px !important}
.p-55r4448 .pagelayer-post-nav-title{font-family:  !important; font-size: 15px !important; font-style:  !important; font-weight:  !important; font-variant:  !important; text-decoration-line:  !important; text-decoration-style: Solid !important; line-height: em !important; text-transform:  !important; letter-spacing: px !important; word-spacing: px !important}
}
@media (max-width: 500px){.p-55r4448 .pagelayer-post-nav-link{font-family:  !important; font-size: 12px !important; font-style:  !important; font-weight:  !important; font-variant:  !important; text-decoration-line:  !important; text-decoration-style: Solid !important; line-height: em !important; text-transform:  !important; letter-spacing: px !important; word-spacing: px !important}
.p-55r4448 .pagelayer-post-nav-title{font-family:  !important; font-size: 12px !important; font-style:  !important; font-weight:  !important; font-variant:  !important; text-decoration-line:  !important; text-decoration-style: Solid !important; line-height: em !important; text-transform:  !important; letter-spacing: px !important; word-spacing: px !important}
}
</style><div class=""pagelayer-post-nav-container"">
<div class=""pagelayer-prev-post"">
<a href=""https://almuftionline.com/2025/02/05/16436/"" rel=""prev""><span class=""pagelayer-post-nav-icon fa fa-chevron-left""></span>
<span class=""pagelayer-next-holder"">
<span class=""pagelayer-post-nav-link""> Previous</span><span class=""pagelayer-post-nav-title"">بوقتِ ضرورت  امانت کی چیز واپس کرنے کی نیت سے استعمال  کرنا</span>
</span></a>
</div>
<div class=""pagelayer-post-nav-separator""></div>
<div class=""pagelayer-next-post"">
<a href=""https://almuftionline.com/2025/02/06/16282/"" rel=""next""><span class=""pagelayer-next-holder"">
<span class=""pagelayer-post-nav-link""> Next</span><span class=""pagelayer-post-nav-title"">اسلامی بینک سے گارنٹی کا اجرا</span>
</span>
<span class=""pagelayer-post-nav-icon fa fa-chevron-right""></span></a>
</div>
</div></div></div></div></div></div></div>"
2025-02-05,https://almuftionline.com/2025/02/05/16436/,بوقتِ ضرورت  امانت کی چیز واپس کرنے کی نیت سے استعمال  کرنا,<p>اگر کسی کی امانت میرے  پاس رکھی ہو اور مجھے اس کی ضرورت پڑ جائے تو کیا اس نیت کے ساتھ اس کو استعمال کر سکتا ہوں  کہ اس کو دوبار ہ اتنی  مقدار میں رکھ کر مطالبے کے وقت واپس کردوں گا؟</p><p>                                                                                                                                                    </p>,"<h4 class=""has-text-align-center"">اَلجَوَابْ بِاسْمِ مُلْہِمِ الصَّوَابْ

</h4><p>جس شخص کے پاس امانت کے طورپر  رقم یا کوئی اورچیز رکھوائی گئی ہوتو اس   چیز کی حفاظت کرنا اور بعینہ وہی  چیز لوٹانا لازم ہے،امانت دار کے لیے مالک کی اجازت کے بغیر اس کا  استعمال جائز نہیں ہے،اگرچہ  وہ اسے اپنی ضرورت  کے وقت اور اس  نیت سے استعمال  کرے کہ  وہ اتنی مقدار میں رقم یا اس جیسی چیزمالک کو واپس کرے گا،لہٰذا اگر  کوئی  سخت ضرور ت  در پیش ہوتو  کسی اور سے قرض لے لیا جائے یا امانت کی چیز کے  مالک  سے  اجازت لے کر وہ چیز بطورِ قرض استعمال کی جائے ۔</p><h6 class=""has-text-align-right"">حوالہ جات</h6><div style=""direction: rtl;font-family: Amiri;
    
     font-size: 13px; font-weight: 400;""><p><strong>أحكام القرآن للجصاص ت قمحاوي (3/ 172):</strong></p>
<p> إن الله يأمركم أن تؤدوا الأمانات إلى أهلها...قال أبو بكر ما اؤتمن عليه الإنسان فهو أمانة فعلى المؤتمن عليها ردها إلى صاحبها فمن الأمانات الودائع على مودعيها ردها إلى من أودعه إياها.</p>
<p><strong>الفتاوى الهندية (4/ 338):</strong></p>
<p>وأما حكمها فوجوب الحفظ على المودع، وصيرورة المال أمانة في يده، ووجوب أدائه عند طلب مالكه، كذا في الشمني.الوديعة لا تودع ولا تعار ولا تؤاجر ولا ترهن، وإن فعل شيئا منها ضمن.</p>
<p><strong>دررالحکام شرح مجلة الأحكام  (1/ 191،192دارالکتب العلمیۃ)</strong></p>
<p>لا يتعين الثمن بالتعيين في العقد...احکام النقود ھی اولافی البیع وفی سائر عقود المعاوضۃ...فإذا إذا كانت العقود ليست للمعاوضة كالأمانة والوكالة والشركة والمضاربة والغصب فالنقود تتعين فيها بالتعين،مثال ذلك: الأمانة - إذا أودع إنسان آخر مائة دينار فإذا كانت تلك الدنانير موجودة عينا وجب على المودع أن يردها عينا إلى صاحبها، وليس له أن يبقي تلك النقود ويدفع إلى المودع غيرها بغير رضاه.</p>
<p></p><blockquote class=""wp-embedded-content"" data-secret=""I7rq1rZoxz""><a href=""https://almuftionline.com/2023/03/09/9943/"">امانت کی رقم تبدیل کرنے کا حکم</a></blockquote><iframe class=""wp-embedded-content"" data-secret=""I7rq1rZoxz"" frameborder=""0"" height=""282"" marginheight=""0"" marginwidth=""0"" sandbox=""allow-scripts"" scrolling=""no"" security=""restricted"" src=""https://almuftionline.com/2023/03/09/9943/embed/#?secret=jbC7MPlcsA#?secret=I7rq1rZoxz"" style=""position: absolute; visibility: hidden;"" title=""“امانت کی رقم تبدیل کرنے کا حکم” — Al Mufti Online"" width=""500""></iframe>
</div><p>محمدعبدالمجیدبن مریدحسین</p><p>  دارالافتاء جامعۃ الرشید ،کراچی</p><p>  6/شعبان/1446ھ  </p><h6 class=""has-text-align-center"">
واللہ سبحانہ وتعالی اعلم
</h6><figure class=""wp-block-table""><table><tbody><tr><td><h3>مجیب</h3></td><td>محمدعبدالمجید بن مرید حسین</td><td><h3>مفتیان</h3></td><td>مفتی محمد صاحب / سیّد عابد شاہ صاحب</td></tr></tbody></table></figure>",86833,jameya-tur-rasheed,امانتا اور عاریة  کے مسائل,متفرّق مسائل,"<div class=""pagelayer-col-holder""><div class=""p-kgd1425 pagelayer-post_excerpt"" pagelayer-id=""kgd1425"">
<style pagelayer-style-id=""kgd1425"">.p-kgd1425 .pagelayer-post-excerpt{color:#adb5bd;font-family: ; font-size: 15px !important; font-style: Italic !important; font-weight: 500 !important; font-variant:  !important; text-decoration-line:  !important; text-decoration-style:  !important; line-height: 1.5em !important; text-transform:  !important; letter-spacing: px !important; word-spacing: px !important;margin-top:0px; margin-right:0px; margin-bottom:0px; margin-left:0px}
.p-kgd1425{text-align: left;margin-top: 0px; margin-right: 0px; margin-bottom: 0px; margin-left: 0px;padding-top: 0px; padding-right: 0px; padding-bottom: 0px; padding-left: 0px}
</style></div><div class=""p-4wb1030 pagelayer-featured_img"" pagelayer-id=""4wb1030"">
<style pagelayer-style-id=""4wb1030"">.p-4wb1030{text-align: center}
.p-4wb1030 img{filter: blur(0px) brightness(100%) contrast(100%) grayscale(0%) hue-rotate(0deg) opacity(100%) saturate(100%);box-shadow: 0px 24px 36px 0px rgba(0,0,0,0.10)  !important;-webkit-transition: all 400ms; transition: all 400ms}
.p-4wb1030 .pagelayer-featured-caption{color: #0986c0}
</style>
<div class=""pagelayer-featured-img""></div>
</div><div class=""p-f8n3612 pagelayer-inner_row pagelayer-row-stretch-auto pagelayer-height-default"" pagelayer-id=""f8n3612"">
<style pagelayer-style-id=""f8n3612"">.p-f8n3612 .pagelayer-col-holder{padding: 10px}
.p-f8n3612 > .pagelayer-background-overlay{-webkit-transition: all 400ms !important; transition: all 400ms !important}
.p-f8n3612 .pagelayer-svg-top .pagelayer-shape-fill{fill:#227bc3}
.p-f8n3612 .pagelayer-row-svg .pagelayer-svg-top{width:100%;height:100px}
.p-f8n3612 .pagelayer-svg-bottom .pagelayer-shape-fill{fill:#e44993}
.p-f8n3612 .pagelayer-row-svg .pagelayer-svg-bottom{width:100%;height:100px}
</style>
<div class=""pagelayer-row-holder pagelayer-row pagelayer-auto pagelayer-width-auto""><div class=""p-i795860 pagelayer-col pagelayer-col-4"" pagelayer-id=""i795860"">
<style pagelayer-style-id=""i795860"">.p-i795860{align-content: center !important}
.p-i795860 .pagelayer-col-holder > div:not(:last-child){margin-bottom: 15px}
.p-i795860 > .pagelayer-background-overlay{-webkit-transition: all 400ms !important; transition: all 400ms !important}
</style>
<div class=""pagelayer-col-holder""><div class=""p-qip3968 pagelayer-post_info"" pagelayer-id=""qip3968"">
<style pagelayer-style-id=""qip3968"">.p-qip3968 .pagelayer-post-info-vertical .pagelayer-post-info-list-container{margin-right:25px}
.p-qip3968 .pagelayer-post-info-horizontal .pagelayer-post-info-list-container{margin-bottom:25px}
.p-qip3968 .pagelayer-post-info-container{text-align:right}
.p-qip3968 .pagelayer-post-info-icon span{font-size:120%;color:#495057}
.p-qip3968 .pagelayer-post-info-list-container a{font-family: Roboto !important; font-size: 14px !important; font-style:  !important; font-weight: 500 !important; font-variant:  !important; text-decoration-line:  !important; text-decoration-style:  !important; line-height: 1.6em !important; text-transform:  !important; letter-spacing: px !important; word-spacing: px !important}
.p-qip3968 .pagelayer-post-info-label{color:#495057}
.p-qip3968 .pagelayer-post-info-label a{color:#495057}
.p-qip3968 .pagelayer-post-info-label:hover{color:#000000}
.p-qip3968 .pagelayer-post-info-label:hover a{color:#000000}
</style><div class=""pagelayer-post-info-container pagelayer-post-info-vertical""><div class=""p-xj43574 pagelayer-post_info_list"" pagelayer-id=""xj43574"">
<div class=""pagelayer-post-info-list-container"">
<a class=""pagelayer-post-info-list-link"" href=""https://almuftionline.com/2025/02/05/"">
<span class=""pagelayer-post-info-icon"">
<span class=""far fa-clock""></span>
</span>
<span class=""pagelayer-post-info-label pagelayer-date"">فروری 5, 2025</span>
</a>
</div></div></div></div></div></div><div class=""p-t2j1983 pagelayer-col pagelayer-col-7"" pagelayer-id=""t2j1983"">
<style pagelayer-style-id=""t2j1983"">.p-t2j1983{align-content: center !important}
.p-t2j1983 .pagelayer-col-holder > div:not(:last-child){margin-bottom: 15px}
.p-t2j1983 > .pagelayer-background-overlay{-webkit-transition: all 400ms !important; transition: all 400ms !important}
</style>
<div class=""pagelayer-col-holder""><div class=""p-dbq3916 pagelayer-post_info"" pagelayer-id=""dbq3916"">
<style pagelayer-style-id=""dbq3916"">.p-dbq3916 .pagelayer-post-info-container{text-align:right}
.p-dbq3916 .pagelayer-post-info-icon span{font-size:120%;color:#495057}
.p-dbq3916 .pagelayer-post-info-list-container a{font-family: Roboto !important; font-size: 14px !important; font-style:  !important; font-weight: 500 !important; font-variant:  !important; text-decoration-line:  !important; text-decoration-style:  !important; line-height: 1.6em !important; text-transform:  !important; letter-spacing: px !important; word-spacing: px !important}
.p-dbq3916 .pagelayer-post-info-label{color:#0072ff}
.p-dbq3916 .pagelayer-post-info-label a{color:#0072ff}
.p-dbq3916 .pagelayer-terms *{color:#f8952c !important;padding-top:5px; padding-right:10px; padding-bottom:5px; padding-left:10px;margin-top:0px; margin-right:5px; margin-bottom:0px; margin-left:5px;border-radius: 4px 4px 4px 4px; -webkit-border-radius:  4px 4px 4px 4px;-moz-border-radius: 4px 4px 4px 4px}
.p-dbq3916{padding-top: 0px; padding-right: 0px; padding-bottom: 0px; padding-left: 0px}
@media (max-width: 768px) and (min-width: 501px){.p-dbq3916 .pagelayer-post-info-container{text-align:left}
}
@media (max-width: 500px){.p-dbq3916 .pagelayer-post-info-container{text-align:left}
}
</style><div class=""pagelayer-post-info-container pagelayer-post-info-vertical""><div class=""p-wpv7212 pagelayer-post_info_list"" pagelayer-id=""wpv7212"">
<div class=""pagelayer-post-info-list-container"">
<span class=""pagelayer-post-info-icon"">
</span>
<span class=""pagelayer-post-info-label pagelayer-terms""> <a href=""https://almuftionline.com/category/fatwa/30/""> امانتا اور عاریة  کے مسائل </a></span>
</div></div></div></div></div></div></div></div><div class=""p-trw3096 pagelayer-inner_row pagelayer-row-stretch-auto pagelayer-height-default"" pagelayer-id=""trw3096"">
<style pagelayer-style-id=""trw3096"">.p-trw3096 .pagelayer-col-holder{padding: 10px}
.p-trw3096 > .pagelayer-background-overlay{-webkit-transition: all 400ms !important; transition: all 400ms !important}
.p-trw3096 .pagelayer-svg-top .pagelayer-shape-fill{fill:#227bc3}
.p-trw3096 .pagelayer-row-svg .pagelayer-svg-top{width:100%;height:100px}
.p-trw3096 .pagelayer-svg-bottom .pagelayer-shape-fill{fill:#e44993}
.p-trw3096 .pagelayer-row-svg .pagelayer-svg-bottom{width:100%;height:100px}
</style>
<div class=""pagelayer-row-holder pagelayer-row pagelayer-auto pagelayer-width-auto""><div class=""p-wwu6541 pagelayer-col pagelayer-col-2"" pagelayer-id=""wwu6541"">
<style pagelayer-style-id=""wwu6541"">.p-wwu6541{align-content: center !important}
.p-wwu6541 .pagelayer-col-holder > div:not(:last-child){margin-bottom: 15px}
.p-wwu6541 > .pagelayer-background-overlay{-webkit-transition: all 400ms !important; transition: all 400ms !important}
</style>
<div class=""pagelayer-col-holder""><div class=""p-ccj4284 pagelayer-post_content"" pagelayer-id=""ccj4284"">
<style pagelayer-style-id=""ccj4284"">.p-ccj4284{text-align: right}
</style><div class=""entry-content pagelayer-post-excerpt""><figure class=""wp-block-table""><table><tbody><tr><td>86833</td><td>امانتا اور عاریة  کے مسائل</td><td>متفرّق مسائل</td></tr></tbody></table></figure><div style=""direction:rtl;line-height: 2.5;""><h3 class=""has-text-align-center"">سوال</h3><p>اگر کسی کی امانت میرے  پاس رکھی ہو اور مجھے اس کی ضرورت پڑ جائے تو کیا اس نیت کے ساتھ اس کو استعمال کر سکتا ہوں  کہ اس کو دوبار ہ اتنی  مقدار میں رکھ کر مطالبے کے وقت واپس کردوں گا؟</p>
<p>                                                                                                                                                    </p>
<h4 class=""has-text-align-center"">اَلجَوَابْ بِاسْمِ مُلْہِمِ الصَّوَابْ

</h4><p>جس شخص کے پاس امانت کے طورپر  رقم یا کوئی اورچیز رکھوائی گئی ہوتو اس   چیز کی حفاظت کرنا اور بعینہ وہی  چیز لوٹانا لازم ہے،امانت دار کے لیے مالک کی اجازت کے بغیر اس کا  استعمال جائز نہیں ہے،اگرچہ  وہ اسے اپنی ضرورت  کے وقت اور اس  نیت سے استعمال  کرے کہ  وہ اتنی مقدار میں رقم یا اس جیسی چیزمالک کو واپس کرے گا،لہٰذا اگر  کوئی  سخت ضرور ت  در پیش ہوتو  کسی اور سے قرض لے لیا جائے یا امانت کی چیز کے  مالک  سے  اجازت لے کر وہ چیز بطورِ قرض استعمال کی جائے ۔</p>
</div><h6 class=""has-text-align-right"">حوالہ جات</h6><div style=""direction: rtl;font-family: Amiri;
    
     font-size: 13px; font-weight: 400;""><p><strong>أحكام القرآن للجصاص ت قمحاوي (3/ 172):</strong></p>
<p> إن الله يأمركم أن تؤدوا الأمانات إلى أهلها...قال أبو بكر ما اؤتمن عليه الإنسان فهو أمانة فعلى المؤتمن عليها ردها إلى صاحبها فمن الأمانات الودائع على مودعيها ردها إلى من أودعه إياها.</p>
<p><strong>الفتاوى الهندية (4/ 338):</strong></p>
<p>وأما حكمها فوجوب الحفظ على المودع، وصيرورة المال أمانة في يده، ووجوب أدائه عند طلب مالكه، كذا في الشمني.الوديعة لا تودع ولا تعار ولا تؤاجر ولا ترهن، وإن فعل شيئا منها ضمن.</p>
<p><strong>دررالحکام شرح مجلة الأحكام  (1/ 191،192دارالکتب العلمیۃ)</strong></p>
<p>لا يتعين الثمن بالتعيين في العقد...احکام النقود ھی اولافی البیع وفی سائر عقود المعاوضۃ...فإذا إذا كانت العقود ليست للمعاوضة كالأمانة والوكالة والشركة والمضاربة والغصب فالنقود تتعين فيها بالتعين،مثال ذلك: الأمانة - إذا أودع إنسان آخر مائة دينار فإذا كانت تلك الدنانير موجودة عينا وجب على المودع أن يردها عينا إلى صاحبها، وليس له أن يبقي تلك النقود ويدفع إلى المودع غيرها بغير رضاه.</p>
<p></p><blockquote class=""wp-embedded-content"" data-secret=""I7rq1rZoxz""><a href=""https://almuftionline.com/2023/03/09/9943/"">امانت کی رقم تبدیل کرنے کا حکم</a></blockquote><iframe class=""wp-embedded-content"" data-secret=""I7rq1rZoxz"" frameborder=""0"" height=""282"" marginheight=""0"" marginwidth=""0"" sandbox=""allow-scripts"" scrolling=""no"" security=""restricted"" src=""https://almuftionline.com/2023/03/09/9943/embed/#?secret=jbC7MPlcsA#?secret=I7rq1rZoxz"" style=""position: absolute; visibility: hidden;"" title=""“امانت کی رقم تبدیل کرنے کا حکم” — Al Mufti Online"" width=""500""></iframe>
</div><p>محمدعبدالمجیدبن مریدحسین</p>
<p>  دارالافتاء جامعۃ الرشید ،کراچی</p>
<p>  6/شعبان/1446ھ  </p>
<h6 class=""has-text-align-center"">
واللہ سبحانہ وتعالی اعلم
</h6><figure class=""wp-block-table""><table><tbody><tr><td><h3>مجیب</h3></td><td>محمدعبدالمجید بن مرید حسین</td><td><h3>مفتیان</h3></td><td>مفتی محمد صاحب / سیّد عابد شاہ صاحب</td></tr></tbody></table></figure></div></div></div></div></div></div><div class=""p-wl6689 pagelayer-inner_row pagelayer-row-stretch-auto pagelayer-height-default"" pagelayer-id=""wl6689"">
<style pagelayer-style-id=""wl6689"">.p-wl6689 .pagelayer-col-holder{padding: 10px}
.p-wl6689 > .pagelayer-background-overlay{-webkit-transition: all 400ms !important; transition: all 400ms !important}
.p-wl6689 .pagelayer-svg-top .pagelayer-shape-fill{fill:#227bc3}
.p-wl6689 .pagelayer-row-svg .pagelayer-svg-top{width:100%;height:100px}
.p-wl6689 .pagelayer-svg-bottom .pagelayer-shape-fill{fill:#e44993}
.p-wl6689 .pagelayer-row-svg .pagelayer-svg-bottom{width:100%;height:100px}
</style>
<div class=""pagelayer-row-holder pagelayer-row pagelayer-auto pagelayer-width-auto""><div class=""p-jzl6522 pagelayer-col pagelayer-col-6"" pagelayer-id=""jzl6522"">
<style pagelayer-style-id=""jzl6522"">.p-jzl6522{align-content: center !important}
.p-jzl6522 .pagelayer-col-holder > div:not(:last-child){margin-bottom: 15px}
.p-jzl6522 > .pagelayer-background-overlay{-webkit-transition: all 400ms !important; transition: all 400ms !important}
</style>
<div class=""pagelayer-col-holder""><div class=""p-xsb5673 pagelayer-share_grp pagelayer-share-type-icon-label pagelayer-social-bg-none pagelayer-scheme-official"" pagelayer-id=""xsb5673"">
<style pagelayer-style-id=""xsb5673"">.p-xsb5673{text-align: right}
.p-xsb5673 .pagelayer-share-content{min-height: 35px;-webkit-transition: all 400ms; transition: all 400ms}
.p-xsb5673 i{font-size: 27px}
.p-xsb5673 .pagelayer-icon-holder{font-size: 27px}
.p-xsb5673 .pagelayer-share-content i{-webkit-transition: all 400ms; transition: all 400ms}
.p-xsb5673 .pagelayer-icon-name{font-family: Roboto; font-size: 15px !important; font-style:  !important; font-weight: 500 !important; font-variant:  !important; text-decoration-line:  !important; text-decoration-style:  !important; line-height: em !important; text-transform:  !important; letter-spacing: px !important; word-spacing: px !important}
@media (max-width: 768px) and (min-width: 501px){.p-xsb5673{text-align: left}
.p-xsb5673 .pagelayer-share{padding-top: 10px; padding-bottom: 10px;padding-left: 10px; padding-right: 10px}
.p-xsb5673 i{font-size: 20px}
.p-xsb5673 .pagelayer-icon-holder{font-size: 20px}
.p-xsb5673 .pagelayer-icon-name{font-family: ; font-size: 13px !important; font-style:  !important; font-weight:  !important; font-variant:  !important; text-decoration-line:  !important; text-decoration-style:  !important; line-height: em !important; text-transform:  !important; letter-spacing: px !important; word-spacing: px !important}
}
@media (max-width: 500px){.p-xsb5673{text-align: left}
.p-xsb5673 .pagelayer-share{padding-top: 10px; padding-bottom: 10px;padding-left: 10px; padding-right: 10px}
.p-xsb5673 .pagelayer-share-content{min-height: NaNpx}
.p-xsb5673 i{font-size: 20px}
.p-xsb5673 .pagelayer-icon-holder{font-size: 20px}
.p-xsb5673 .pagelayer-icon-name{font-family: ; font-size: 13px !important; font-style:  !important; font-weight:  !important; font-variant:  !important; text-decoration-line:  !important; text-decoration-style:  !important; line-height: em !important; text-transform:  !important; letter-spacing: px !important; word-spacing: px !important}
}
</style><div class=""p-9mh2934 pagelayer-share"" pagelayer-id=""9mh2934"">
<a class=""pagelayer-ele-link"" href=""https://www.facebook.com/sharer/sharer.php?u=almuftionline.com/2025/02/05/16436/"" target=""_blank"" title=""fab fa-facebook-square"">
<div class=""pagelayer-share-content pagelayer-facebook-square"" data-icon=""fab fa-facebook-square"">
<div class=""pagelayer-icon-holder pagelayer-share-buttons"">
<i class=""pagelayer-social-fa fab fa-facebook-square""></i>
</div>
<div class=""pagelayer-icon-name"">
<span class=""pagelayer-icon-name-span"">Facebook</span>
</div>
</div>
</a></div><div class=""p-rai4926 pagelayer-share"" pagelayer-id=""rai4926"">
<a class=""pagelayer-ele-link"" href=""https://twitter.com/share?url=almuftionline.com/2025/02/05/16436/"" target=""_blank"" title=""fab fa-twitter-square"">
<div class=""pagelayer-share-content pagelayer-twitter-square"" data-icon=""fab fa-twitter-square"">
<div class=""pagelayer-icon-holder pagelayer-share-buttons"">
<i class=""pagelayer-social-fa fab fa-twitter-square""></i>
</div>
<div class=""pagelayer-icon-name"">
<span class=""pagelayer-icon-name-span"">Twitter</span>
</div>
</div>
</a></div><div class=""p-ndy3728 pagelayer-share"" pagelayer-id=""ndy3728"">
<a class=""pagelayer-ele-link"" href=""whatsapp://send?text=almuftionline.com/2025/02/05/16436/"" target=""_blank"" title=""fab fa-whatsapp"">
<div class=""pagelayer-share-content pagelayer-whatsapp"" data-icon=""fab fa-whatsapp"">
<div class=""pagelayer-icon-holder pagelayer-share-buttons"">
<i class=""pagelayer-social-fa fab fa-whatsapp""></i>
</div>
<div class=""pagelayer-icon-name"">
<span class=""pagelayer-icon-name-span"">WhatsApp</span>
</div>
</div>
</a></div></div></div></div></div></div><div class=""p-zqp4850 pagelayer-inner_row pagelayer-row-stretch-auto pagelayer-height-default"" pagelayer-id=""zqp4850"">
<style pagelayer-style-id=""zqp4850"">.p-zqp4850 .pagelayer-col-holder{padding: 10px}
.p-zqp4850 > .pagelayer-background-overlay{-webkit-transition: all 400ms !important; transition: all 400ms !important}
.p-zqp4850 .pagelayer-svg-top .pagelayer-shape-fill{fill:#227bc3}
.p-zqp4850 .pagelayer-row-svg .pagelayer-svg-top{width:100%;height:100px}
.p-zqp4850 .pagelayer-svg-bottom .pagelayer-shape-fill{fill:#e44993}
.p-zqp4850 .pagelayer-row-svg .pagelayer-svg-bottom{width:100%;height:100px}
</style>
<div class=""pagelayer-row-holder pagelayer-row pagelayer-auto pagelayer-width-auto""><div class=""p-q725202 pagelayer-col pagelayer-col-2"" pagelayer-id=""q725202"">
<style pagelayer-style-id=""q725202"">.p-q725202{align-content: center !important}
.p-q725202 .pagelayer-col-holder > div:not(:last-child){margin-bottom: 15px}
.p-q725202 > .pagelayer-background-overlay{-webkit-transition: all 400ms !important; transition: all 400ms !important}
</style>
<div class=""pagelayer-col-holder""><div class=""p-55r4448 pagelayer-post_nav"" pagelayer-id=""55r4448"">
<style pagelayer-style-id=""55r4448"">.p-55r4448 .pagelayer-post-nav-link{color:#adb5bd;font-family:  !important; font-size: 15px !important; font-style:  !important; font-weight:  !important; font-variant:  !important; text-decoration-line:  !important; text-decoration-style:  !important; line-height: em !important; text-transform:  !important; letter-spacing: px !important; word-spacing: px !important}
.p-55r4448 .pagelayer-post-nav-title{color:#000000;font-family:  !important; font-size: 18px !important; font-style:  !important; font-weight: bold !important; font-variant:  !important; text-decoration-line:  !important; text-decoration-style: Solid !important; line-height: em !important; text-transform:  !important; letter-spacing: px !important; word-spacing: px !important}
.p-55r4448 .pagelayer-post-nav-icon{color:#adb5bd;font-size:30px}
.p-55r4448 .pagelayer-post-nav-separator{display:none}
@media (max-width: 768px) and (min-width: 501px){.p-55r4448 .pagelayer-post-nav-link{font-family:  !important; font-size: 12px !important; font-style:  !important; font-weight:  !important; font-variant:  !important; text-decoration-line:  !important; text-decoration-style: Solid !important; line-height: em !important; text-transform:  !important; letter-spacing: px !important; word-spacing: px !important}
.p-55r4448 .pagelayer-post-nav-title{font-family:  !important; font-size: 15px !important; font-style:  !important; font-weight:  !important; font-variant:  !important; text-decoration-line:  !important; text-decoration-style: Solid !important; line-height: em !important; text-transform:  !important; letter-spacing: px !important; word-spacing: px !important}
}
@media (max-width: 500px){.p-55r4448 .pagelayer-post-nav-link{font-family:  !important; font-size: 12px !important; font-style:  !important; font-weight:  !important; font-variant:  !important; text-decoration-line:  !important; text-decoration-style: Solid !important; line-height: em !important; text-transform:  !important; letter-spacing: px !important; word-spacing: px !important}
.p-55r4448 .pagelayer-post-nav-title{font-family:  !important; font-size: 12px !important; font-style:  !important; font-weight:  !important; font-variant:  !important; text-decoration-line:  !important; text-decoration-style: Solid !important; line-height: em !important; text-transform:  !important; letter-spacing: px !important; word-spacing: px !important}
}
</style><div class=""pagelayer-post-nav-container"">
<div class=""pagelayer-prev-post"">
<a href=""https://almuftionline.com/2025/02/05/16507/"" rel=""prev""><span class=""pagelayer-post-nav-icon fa fa-chevron-left""></span>
<span class=""pagelayer-next-holder"">
<span class=""pagelayer-post-nav-link""> Previous</span><span class=""pagelayer-post-nav-title"">بغیراحرام کے مکہ میں داخل ہوکر مسجدعائشہ سے احرام باندھنا</span>
</span></a>
</div>
<div class=""pagelayer-post-nav-separator""></div>
<div class=""pagelayer-next-post"">
<a href=""https://almuftionline.com/2025/02/06/15918/"" rel=""next""><span class=""pagelayer-next-holder"">
<span class=""pagelayer-post-nav-link""> Next</span><span class=""pagelayer-post-nav-title"">فسخ شرکت کا طریقہ کار(شرکت ختم کرنے کا طریقہ کار)</span>
</span>
<span class=""pagelayer-post-nav-icon fa fa-chevron-right""></span></a>
</div>
</div></div></div></div></div></div></div>"
2025-02-05,https://almuftionline.com/2025/02/05/16507/,بغیراحرام کے مکہ میں داخل ہوکر مسجدعائشہ سے احرام باندھنا,<p>ایک شخص عمرہ کی نیت سے مکہ کی حدود میں داخل ہوا اوراحرام باندھنابھول گیا،کیااب وہ مسجدعائشہ جاکراحرام باندھ لے اورعمرہ کرلے تودم واجب ہوگایانہیں؟</p>,"<h4 class=""has-text-align-center"">اَلجَوَابْ بِاسْمِ مُلْہِمِ الصَّوَابْ

</h4><p>حج اورعمرہ کے قصدکرنے والے کےلئےمیقات سے پہلے احرام باندھنااوراس کی نیت کرناضروری ہے،اگرکوئی شخص  بغیراحرام کےمیقات سے تجاوزکرجائے تواس پردم لازم ہوجاتاہے،اگراسی میقات پرواپس آکراحرام باندھ لیاتودم ساقط ہوجاتاہے،صورت مسؤلہ میں اگر یہ شخص آفاقی ہے تومسجدعائشہ سے احرام باندھنے سے دم ختم نہیں ہوگا اوراگرحل میں رہنے والاہے تومسجدعائشہ سے احرام باندھنے سے دم ختم ہوجائے گا۔</p><h6 class=""has-text-align-right"">حوالہ جات</h6><div style=""direction: rtl;font-family: Amiri;
    
     font-size: 13px; font-weight: 400;""><p>فی بدائع الصنائع في ترتيب الشرائع (ج 4 / ص 478):</p>
<p> صنف منهم يسمون أهل الآفاق, وهم الذين منازلهم خارج المواقيت التي وقت لهم رسول الله صلى الله عليه وسلم وهي خمسة, كذا روي في الحديث ""أن رسول الله صلى الله عليه وسلم وقت لأهل المدينة ذا الحليفة، ولأهل الشام الجحفة ولأهل نجد قرن ولأهل اليمن يلملم ولأهل العراق ذات عرق وقال صلى الله عليه وسلم :هن لأهلهن ولمن مر بهن من غير أهلهن ممن أراد الحج أو العمرة"". وصنف منهم يسمون أهل الحل، وهم الذين منازلهم داخل المواقيت الخمسة خارج الحرم كأهل بستان بني عامر وغيرهم، وصنف منهم يسمون أهل الحرم، وهم أهل مكة، أما الصنف الأول فميقاتهم ما وقت لهم رسول الله صلى الله عليه وسلم لا يجوز لأحد منهم أن يجاوز ميقاته إذا أراد الحج أو العمرة إلا محرما۔۔۔۔ وأما الصنف الثاني فميقاتهم للحج أو العمرة دويرة أهلهم أو حيث شاءوا من الحل الذي بين دويرة أهلهم وبين الحرم لقوله عز وجل : { وأتموا الحج والعمرة لله } روينا عن علي ، وابن مسعود رضي الله عنهما أنهما قالا حين سئلا عن هذه الآية : إتمامهما أن تحرم بهما من دويرة أهلك ، فلا يجوز لهم أن يجاوزوا ميقاتهم للحج أو العمرة إلا محرمين ، والحل الذي بين دويرة أهلهم وبين الحرم كشيء واحد ، فيجوز إحرامهم إلى آخر أجزاء الحل كما يجوز إحرام الآفاقي من دويرة أهله إلى آخر أجزاء ميقاته ، فلو جاوز أحد منهم ميقاته يريد الحج أو العمرة فدخل الحرم من غير إحرام فعليه دم ، ولو عاد إلى الميقات قبل أن يحرم أو بعد ما أحرم ، فهو على التفصيل والاتفاق والاختلاف الذي ذكرنا في الآفاقي إذا جاوز الميقات بغير إحرام .</p>
</div><p>محمد اویس</p><p>دارالافتاء جامعة الرشید کراچی</p><p>۶/شعبان ۱۴۴۶ھ</p><h6 class=""has-text-align-center"">
واللہ سبحانہ وتعالی اعلم
</h6><figure class=""wp-block-table""><table><tbody><tr><td><h3>مجیب</h3></td><td>محمد اویس صاحب</td><td><h3>مفتیان</h3></td><td>سیّد عابد شاہ صاحب / محمد حسین خلیل خیل صاحب</td></tr></tbody></table></figure>",86795,jameya-tur-rasheed,حج کے  احکام ومسائل,میقات کابیان,"<div class=""pagelayer-col-holder""><div class=""p-kgd1425 pagelayer-post_excerpt"" pagelayer-id=""kgd1425"">
<style pagelayer-style-id=""kgd1425"">.p-kgd1425 .pagelayer-post-excerpt{color:#adb5bd;font-family: ; font-size: 15px !important; font-style: Italic !important; font-weight: 500 !important; font-variant:  !important; text-decoration-line:  !important; text-decoration-style:  !important; line-height: 1.5em !important; text-transform:  !important; letter-spacing: px !important; word-spacing: px !important;margin-top:0px; margin-right:0px; margin-bottom:0px; margin-left:0px}
.p-kgd1425{text-align: left;margin-top: 0px; margin-right: 0px; margin-bottom: 0px; margin-left: 0px;padding-top: 0px; padding-right: 0px; padding-bottom: 0px; padding-left: 0px}
</style></div><div class=""p-4wb1030 pagelayer-featured_img"" pagelayer-id=""4wb1030"">
<style pagelayer-style-id=""4wb1030"">.p-4wb1030{text-align: center}
.p-4wb1030 img{filter: blur(0px) brightness(100%) contrast(100%) grayscale(0%) hue-rotate(0deg) opacity(100%) saturate(100%);box-shadow: 0px 24px 36px 0px rgba(0,0,0,0.10)  !important;-webkit-transition: all 400ms; transition: all 400ms}
.p-4wb1030 .pagelayer-featured-caption{color: #0986c0}
</style>
<div class=""pagelayer-featured-img""></div>
</div><div class=""p-f8n3612 pagelayer-inner_row pagelayer-row-stretch-auto pagelayer-height-default"" pagelayer-id=""f8n3612"">
<style pagelayer-style-id=""f8n3612"">.p-f8n3612 .pagelayer-col-holder{padding: 10px}
.p-f8n3612 > .pagelayer-background-overlay{-webkit-transition: all 400ms !important; transition: all 400ms !important}
.p-f8n3612 .pagelayer-svg-top .pagelayer-shape-fill{fill:#227bc3}
.p-f8n3612 .pagelayer-row-svg .pagelayer-svg-top{width:100%;height:100px}
.p-f8n3612 .pagelayer-svg-bottom .pagelayer-shape-fill{fill:#e44993}
.p-f8n3612 .pagelayer-row-svg .pagelayer-svg-bottom{width:100%;height:100px}
</style>
<div class=""pagelayer-row-holder pagelayer-row pagelayer-auto pagelayer-width-auto""><div class=""p-i795860 pagelayer-col pagelayer-col-4"" pagelayer-id=""i795860"">
<style pagelayer-style-id=""i795860"">.p-i795860{align-content: center !important}
.p-i795860 .pagelayer-col-holder > div:not(:last-child){margin-bottom: 15px}
.p-i795860 > .pagelayer-background-overlay{-webkit-transition: all 400ms !important; transition: all 400ms !important}
</style>
<div class=""pagelayer-col-holder""><div class=""p-qip3968 pagelayer-post_info"" pagelayer-id=""qip3968"">
<style pagelayer-style-id=""qip3968"">.p-qip3968 .pagelayer-post-info-vertical .pagelayer-post-info-list-container{margin-right:25px}
.p-qip3968 .pagelayer-post-info-horizontal .pagelayer-post-info-list-container{margin-bottom:25px}
.p-qip3968 .pagelayer-post-info-container{text-align:right}
.p-qip3968 .pagelayer-post-info-icon span{font-size:120%;color:#495057}
.p-qip3968 .pagelayer-post-info-list-container a{font-family: Roboto !important; font-size: 14px !important; font-style:  !important; font-weight: 500 !important; font-variant:  !important; text-decoration-line:  !important; text-decoration-style:  !important; line-height: 1.6em !important; text-transform:  !important; letter-spacing: px !important; word-spacing: px !important}
.p-qip3968 .pagelayer-post-info-label{color:#495057}
.p-qip3968 .pagelayer-post-info-label a{color:#495057}
.p-qip3968 .pagelayer-post-info-label:hover{color:#000000}
.p-qip3968 .pagelayer-post-info-label:hover a{color:#000000}
</style><div class=""pagelayer-post-info-container pagelayer-post-info-vertical""><div class=""p-xj43574 pagelayer-post_info_list"" pagelayer-id=""xj43574"">
<div class=""pagelayer-post-info-list-container"">
<a class=""pagelayer-post-info-list-link"" href=""https://almuftionline.com/2025/02/05/"">
<span class=""pagelayer-post-info-icon"">
<span class=""far fa-clock""></span>
</span>
<span class=""pagelayer-post-info-label pagelayer-date"">فروری 5, 2025</span>
</a>
</div></div></div></div></div></div><div class=""p-t2j1983 pagelayer-col pagelayer-col-7"" pagelayer-id=""t2j1983"">
<style pagelayer-style-id=""t2j1983"">.p-t2j1983{align-content: center !important}
.p-t2j1983 .pagelayer-col-holder > div:not(:last-child){margin-bottom: 15px}
.p-t2j1983 > .pagelayer-background-overlay{-webkit-transition: all 400ms !important; transition: all 400ms !important}
</style>
<div class=""pagelayer-col-holder""><div class=""p-dbq3916 pagelayer-post_info"" pagelayer-id=""dbq3916"">
<style pagelayer-style-id=""dbq3916"">.p-dbq3916 .pagelayer-post-info-container{text-align:right}
.p-dbq3916 .pagelayer-post-info-icon span{font-size:120%;color:#495057}
.p-dbq3916 .pagelayer-post-info-list-container a{font-family: Roboto !important; font-size: 14px !important; font-style:  !important; font-weight: 500 !important; font-variant:  !important; text-decoration-line:  !important; text-decoration-style:  !important; line-height: 1.6em !important; text-transform:  !important; letter-spacing: px !important; word-spacing: px !important}
.p-dbq3916 .pagelayer-post-info-label{color:#0072ff}
.p-dbq3916 .pagelayer-post-info-label a{color:#0072ff}
.p-dbq3916 .pagelayer-terms *{color:#f8952c !important;padding-top:5px; padding-right:10px; padding-bottom:5px; padding-left:10px;margin-top:0px; margin-right:5px; margin-bottom:0px; margin-left:5px;border-radius: 4px 4px 4px 4px; -webkit-border-radius:  4px 4px 4px 4px;-moz-border-radius: 4px 4px 4px 4px}
.p-dbq3916{padding-top: 0px; padding-right: 0px; padding-bottom: 0px; padding-left: 0px}
@media (max-width: 768px) and (min-width: 501px){.p-dbq3916 .pagelayer-post-info-container{text-align:left}
}
@media (max-width: 500px){.p-dbq3916 .pagelayer-post-info-container{text-align:left}
}
</style><div class=""pagelayer-post-info-container pagelayer-post-info-vertical""><div class=""p-wpv7212 pagelayer-post_info_list"" pagelayer-id=""wpv7212"">
<div class=""pagelayer-post-info-list-container"">
<span class=""pagelayer-post-info-icon"">
</span>
<span class=""pagelayer-post-info-label pagelayer-terms""> <a href=""https://almuftionline.com/category/fatwa/17/""> حج کے  احکام ومسائل </a></span>
</div></div></div></div></div></div></div></div><div class=""p-trw3096 pagelayer-inner_row pagelayer-row-stretch-auto pagelayer-height-default"" pagelayer-id=""trw3096"">
<style pagelayer-style-id=""trw3096"">.p-trw3096 .pagelayer-col-holder{padding: 10px}
.p-trw3096 > .pagelayer-background-overlay{-webkit-transition: all 400ms !important; transition: all 400ms !important}
.p-trw3096 .pagelayer-svg-top .pagelayer-shape-fill{fill:#227bc3}
.p-trw3096 .pagelayer-row-svg .pagelayer-svg-top{width:100%;height:100px}
.p-trw3096 .pagelayer-svg-bottom .pagelayer-shape-fill{fill:#e44993}
.p-trw3096 .pagelayer-row-svg .pagelayer-svg-bottom{width:100%;height:100px}
</style>
<div class=""pagelayer-row-holder pagelayer-row pagelayer-auto pagelayer-width-auto""><div class=""p-wwu6541 pagelayer-col pagelayer-col-2"" pagelayer-id=""wwu6541"">
<style pagelayer-style-id=""wwu6541"">.p-wwu6541{align-content: center !important}
.p-wwu6541 .pagelayer-col-holder > div:not(:last-child){margin-bottom: 15px}
.p-wwu6541 > .pagelayer-background-overlay{-webkit-transition: all 400ms !important; transition: all 400ms !important}
</style>
<div class=""pagelayer-col-holder""><div class=""p-ccj4284 pagelayer-post_content"" pagelayer-id=""ccj4284"">
<style pagelayer-style-id=""ccj4284"">.p-ccj4284{text-align: right}
</style><div class=""entry-content pagelayer-post-excerpt""><figure class=""wp-block-table""><table><tbody><tr><td>86795</td><td>حج کے  احکام ومسائل</td><td>میقات کابیان</td></tr></tbody></table></figure><div style=""direction:rtl;line-height: 2.5;""><h3 class=""has-text-align-center"">سوال</h3><p>ایک شخص عمرہ کی نیت سے مکہ کی حدود میں داخل ہوا اوراحرام باندھنابھول گیا،کیااب وہ مسجدعائشہ جاکراحرام باندھ لے اورعمرہ کرلے تودم واجب ہوگایانہیں؟</p>
<h4 class=""has-text-align-center"">اَلجَوَابْ بِاسْمِ مُلْہِمِ الصَّوَابْ

</h4><p>حج اورعمرہ کے قصدکرنے والے کےلئےمیقات سے پہلے احرام باندھنااوراس کی نیت کرناضروری ہے،اگرکوئی شخص  بغیراحرام کےمیقات سے تجاوزکرجائے تواس پردم لازم ہوجاتاہے،اگراسی میقات پرواپس آکراحرام باندھ لیاتودم ساقط ہوجاتاہے،صورت مسؤلہ میں اگر یہ شخص آفاقی ہے تومسجدعائشہ سے احرام باندھنے سے دم ختم نہیں ہوگا اوراگرحل میں رہنے والاہے تومسجدعائشہ سے احرام باندھنے سے دم ختم ہوجائے گا۔</p>
</div><h6 class=""has-text-align-right"">حوالہ جات</h6><div style=""direction: rtl;font-family: Amiri;
    
     font-size: 13px; font-weight: 400;""><p>فی بدائع الصنائع في ترتيب الشرائع (ج 4 / ص 478):</p>
<p> صنف منهم يسمون أهل الآفاق, وهم الذين منازلهم خارج المواقيت التي وقت لهم رسول الله صلى الله عليه وسلم وهي خمسة, كذا روي في الحديث ""أن رسول الله صلى الله عليه وسلم وقت لأهل المدينة ذا الحليفة، ولأهل الشام الجحفة ولأهل نجد قرن ولأهل اليمن يلملم ولأهل العراق ذات عرق وقال صلى الله عليه وسلم :هن لأهلهن ولمن مر بهن من غير أهلهن ممن أراد الحج أو العمرة"". وصنف منهم يسمون أهل الحل، وهم الذين منازلهم داخل المواقيت الخمسة خارج الحرم كأهل بستان بني عامر وغيرهم، وصنف منهم يسمون أهل الحرم، وهم أهل مكة، أما الصنف الأول فميقاتهم ما وقت لهم رسول الله صلى الله عليه وسلم لا يجوز لأحد منهم أن يجاوز ميقاته إذا أراد الحج أو العمرة إلا محرما۔۔۔۔ وأما الصنف الثاني فميقاتهم للحج أو العمرة دويرة أهلهم أو حيث شاءوا من الحل الذي بين دويرة أهلهم وبين الحرم لقوله عز وجل : { وأتموا الحج والعمرة لله } روينا عن علي ، وابن مسعود رضي الله عنهما أنهما قالا حين سئلا عن هذه الآية : إتمامهما أن تحرم بهما من دويرة أهلك ، فلا يجوز لهم أن يجاوزوا ميقاتهم للحج أو العمرة إلا محرمين ، والحل الذي بين دويرة أهلهم وبين الحرم كشيء واحد ، فيجوز إحرامهم إلى آخر أجزاء الحل كما يجوز إحرام الآفاقي من دويرة أهله إلى آخر أجزاء ميقاته ، فلو جاوز أحد منهم ميقاته يريد الحج أو العمرة فدخل الحرم من غير إحرام فعليه دم ، ولو عاد إلى الميقات قبل أن يحرم أو بعد ما أحرم ، فهو على التفصيل والاتفاق والاختلاف الذي ذكرنا في الآفاقي إذا جاوز الميقات بغير إحرام .</p>
</div><p>محمد اویس</p>
<p>دارالافتاء جامعة الرشید کراچی</p>
<p>۶/شعبان ۱۴۴۶ھ</p>
<h6 class=""has-text-align-center"">
واللہ سبحانہ وتعالی اعلم
</h6><figure class=""wp-block-table""><table><tbody><tr><td><h3>مجیب</h3></td><td>محمد اویس صاحب</td><td><h3>مفتیان</h3></td><td>سیّد عابد شاہ صاحب / محمد حسین خلیل خیل صاحب</td></tr></tbody></table></figure></div></div></div></div></div></div><div class=""p-wl6689 pagelayer-inner_row pagelayer-row-stretch-auto pagelayer-height-default"" pagelayer-id=""wl6689"">
<style pagelayer-style-id=""wl6689"">.p-wl6689 .pagelayer-col-holder{padding: 10px}
.p-wl6689 > .pagelayer-background-overlay{-webkit-transition: all 400ms !important; transition: all 400ms !important}
.p-wl6689 .pagelayer-svg-top .pagelayer-shape-fill{fill:#227bc3}
.p-wl6689 .pagelayer-row-svg .pagelayer-svg-top{width:100%;height:100px}
.p-wl6689 .pagelayer-svg-bottom .pagelayer-shape-fill{fill:#e44993}
.p-wl6689 .pagelayer-row-svg .pagelayer-svg-bottom{width:100%;height:100px}
</style>
<div class=""pagelayer-row-holder pagelayer-row pagelayer-auto pagelayer-width-auto""><div class=""p-jzl6522 pagelayer-col pagelayer-col-6"" pagelayer-id=""jzl6522"">
<style pagelayer-style-id=""jzl6522"">.p-jzl6522{align-content: center !important}
.p-jzl6522 .pagelayer-col-holder > div:not(:last-child){margin-bottom: 15px}
.p-jzl6522 > .pagelayer-background-overlay{-webkit-transition: all 400ms !important; transition: all 400ms !important}
</style>
<div class=""pagelayer-col-holder""><div class=""p-xsb5673 pagelayer-share_grp pagelayer-share-type-icon-label pagelayer-social-bg-none pagelayer-scheme-official"" pagelayer-id=""xsb5673"">
<style pagelayer-style-id=""xsb5673"">.p-xsb5673{text-align: right}
.p-xsb5673 .pagelayer-share-content{min-height: 35px;-webkit-transition: all 400ms; transition: all 400ms}
.p-xsb5673 i{font-size: 27px}
.p-xsb5673 .pagelayer-icon-holder{font-size: 27px}
.p-xsb5673 .pagelayer-share-content i{-webkit-transition: all 400ms; transition: all 400ms}
.p-xsb5673 .pagelayer-icon-name{font-family: Roboto; font-size: 15px !important; font-style:  !important; font-weight: 500 !important; font-variant:  !important; text-decoration-line:  !important; text-decoration-style:  !important; line-height: em !important; text-transform:  !important; letter-spacing: px !important; word-spacing: px !important}
@media (max-width: 768px) and (min-width: 501px){.p-xsb5673{text-align: left}
.p-xsb5673 .pagelayer-share{padding-top: 10px; padding-bottom: 10px;padding-left: 10px; padding-right: 10px}
.p-xsb5673 i{font-size: 20px}
.p-xsb5673 .pagelayer-icon-holder{font-size: 20px}
.p-xsb5673 .pagelayer-icon-name{font-family: ; font-size: 13px !important; font-style:  !important; font-weight:  !important; font-variant:  !important; text-decoration-line:  !important; text-decoration-style:  !important; line-height: em !important; text-transform:  !important; letter-spacing: px !important; word-spacing: px !important}
}
@media (max-width: 500px){.p-xsb5673{text-align: left}
.p-xsb5673 .pagelayer-share{padding-top: 10px; padding-bottom: 10px;padding-left: 10px; padding-right: 10px}
.p-xsb5673 .pagelayer-share-content{min-height: NaNpx}
.p-xsb5673 i{font-size: 20px}
.p-xsb5673 .pagelayer-icon-holder{font-size: 20px}
.p-xsb5673 .pagelayer-icon-name{font-family: ; font-size: 13px !important; font-style:  !important; font-weight:  !important; font-variant:  !important; text-decoration-line:  !important; text-decoration-style:  !important; line-height: em !important; text-transform:  !important; letter-spacing: px !important; word-spacing: px !important}
}
</style><div class=""p-9mh2934 pagelayer-share"" pagelayer-id=""9mh2934"">
<a class=""pagelayer-ele-link"" href=""https://www.facebook.com/sharer/sharer.php?u=almuftionline.com/2025/02/05/16507/"" target=""_blank"" title=""fab fa-facebook-square"">
<div class=""pagelayer-share-content pagelayer-facebook-square"" data-icon=""fab fa-facebook-square"">
<div class=""pagelayer-icon-holder pagelayer-share-buttons"">
<i class=""pagelayer-social-fa fab fa-facebook-square""></i>
</div>
<div class=""pagelayer-icon-name"">
<span class=""pagelayer-icon-name-span"">Facebook</span>
</div>
</div>
</a></div><div class=""p-rai4926 pagelayer-share"" pagelayer-id=""rai4926"">
<a class=""pagelayer-ele-link"" href=""https://twitter.com/share?url=almuftionline.com/2025/02/05/16507/"" target=""_blank"" title=""fab fa-twitter-square"">
<div class=""pagelayer-share-content pagelayer-twitter-square"" data-icon=""fab fa-twitter-square"">
<div class=""pagelayer-icon-holder pagelayer-share-buttons"">
<i class=""pagelayer-social-fa fab fa-twitter-square""></i>
</div>
<div class=""pagelayer-icon-name"">
<span class=""pagelayer-icon-name-span"">Twitter</span>
</div>
</div>
</a></div><div class=""p-ndy3728 pagelayer-share"" pagelayer-id=""ndy3728"">
<a class=""pagelayer-ele-link"" href=""whatsapp://send?text=almuftionline.com/2025/02/05/16507/"" target=""_blank"" title=""fab fa-whatsapp"">
<div class=""pagelayer-share-content pagelayer-whatsapp"" data-icon=""fab fa-whatsapp"">
<div class=""pagelayer-icon-holder pagelayer-share-buttons"">
<i class=""pagelayer-social-fa fab fa-whatsapp""></i>
</div>
<div class=""pagelayer-icon-name"">
<span class=""pagelayer-icon-name-span"">WhatsApp</span>
</div>
</div>
</a></div></div></div></div></div></div><div class=""p-zqp4850 pagelayer-inner_row pagelayer-row-stretch-auto pagelayer-height-default"" pagelayer-id=""zqp4850"">
<style pagelayer-style-id=""zqp4850"">.p-zqp4850 .pagelayer-col-holder{padding: 10px}
.p-zqp4850 > .pagelayer-background-overlay{-webkit-transition: all 400ms !important; transition: all 400ms !important}
.p-zqp4850 .pagelayer-svg-top .pagelayer-shape-fill{fill:#227bc3}
.p-zqp4850 .pagelayer-row-svg .pagelayer-svg-top{width:100%;height:100px}
.p-zqp4850 .pagelayer-svg-bottom .pagelayer-shape-fill{fill:#e44993}
.p-zqp4850 .pagelayer-row-svg .pagelayer-svg-bottom{width:100%;height:100px}
</style>
<div class=""pagelayer-row-holder pagelayer-row pagelayer-auto pagelayer-width-auto""><div class=""p-q725202 pagelayer-col pagelayer-col-2"" pagelayer-id=""q725202"">
<style pagelayer-style-id=""q725202"">.p-q725202{align-content: center !important}
.p-q725202 .pagelayer-col-holder > div:not(:last-child){margin-bottom: 15px}
.p-q725202 > .pagelayer-background-overlay{-webkit-transition: all 400ms !important; transition: all 400ms !important}
</style>
<div class=""pagelayer-col-holder""><div class=""p-55r4448 pagelayer-post_nav"" pagelayer-id=""55r4448"">
<style pagelayer-style-id=""55r4448"">.p-55r4448 .pagelayer-post-nav-link{color:#adb5bd;font-family:  !important; font-size: 15px !important; font-style:  !important; font-weight:  !important; font-variant:  !important; text-decoration-line:  !important; text-decoration-style:  !important; line-height: em !important; text-transform:  !important; letter-spacing: px !important; word-spacing: px !important}
.p-55r4448 .pagelayer-post-nav-title{color:#000000;font-family:  !important; font-size: 18px !important; font-style:  !important; font-weight: bold !important; font-variant:  !important; text-decoration-line:  !important; text-decoration-style: Solid !important; line-height: em !important; text-transform:  !important; letter-spacing: px !important; word-spacing: px !important}
.p-55r4448 .pagelayer-post-nav-icon{color:#adb5bd;font-size:30px}
.p-55r4448 .pagelayer-post-nav-separator{display:none}
@media (max-width: 768px) and (min-width: 501px){.p-55r4448 .pagelayer-post-nav-link{font-family:  !important; font-size: 12px !important; font-style:  !important; font-weight:  !important; font-variant:  !important; text-decoration-line:  !important; text-decoration-style: Solid !important; line-height: em !important; text-transform:  !important; letter-spacing: px !important; word-spacing: px !important}
.p-55r4448 .pagelayer-post-nav-title{font-family:  !important; font-size: 15px !important; font-style:  !important; font-weight:  !important; font-variant:  !important; text-decoration-line:  !important; text-decoration-style: Solid !important; line-height: em !important; text-transform:  !important; letter-spacing: px !important; word-spacing: px !important}
}
@media (max-width: 500px){.p-55r4448 .pagelayer-post-nav-link{font-family:  !important; font-size: 12px !important; font-style:  !important; font-weight:  !important; font-variant:  !important; text-decoration-line:  !important; text-decoration-style: Solid !important; line-height: em !important; text-transform:  !important; letter-spacing: px !important; word-spacing: px !important}
.p-55r4448 .pagelayer-post-nav-title{font-family:  !important; font-size: 12px !important; font-style:  !important; font-weight:  !important; font-variant:  !important; text-decoration-line:  !important; text-decoration-style: Solid !important; line-height: em !important; text-transform:  !important; letter-spacing: px !important; word-spacing: px !important}
}
</style><div class=""pagelayer-post-nav-container"">
<div class=""pagelayer-prev-post"">
<a href=""https://almuftionline.com/2025/02/05/16511/"" rel=""prev""><span class=""pagelayer-post-nav-icon fa fa-chevron-left""></span>
<span class=""pagelayer-next-holder"">
<span class=""pagelayer-post-nav-link""> Previous</span><span class=""pagelayer-post-nav-title"">سودی بینک میں کرنٹ اکاؤنٹ کھلوانے اور اس میں رقم رکھنے کا حکم</span>
</span></a>
</div>
<div class=""pagelayer-post-nav-separator""></div>
<div class=""pagelayer-next-post"">
<a href=""https://almuftionline.com/2025/02/05/16436/"" rel=""next""><span class=""pagelayer-next-holder"">
<span class=""pagelayer-post-nav-link""> Next</span><span class=""pagelayer-post-nav-title"">بوقتِ ضرورت  امانت کی چیز واپس کرنے کی نیت سے استعمال  کرنا</span>
</span>
<span class=""pagelayer-post-nav-icon fa fa-chevron-right""></span></a>
</div>
</div></div></div></div></div></div></div>"
2025-02-05,https://almuftionline.com/2025/02/05/16511/,سودی بینک میں کرنٹ اکاؤنٹ کھلوانے اور اس میں رقم رکھنے کا حکم,<p>میرا ایک سودی بینک میں کرنٹ اکاؤنٹ ہے، اسی بینک کی اب غیر سودی برانچ بھی موجود ہے، لیکن میں نے اپنا مذکورہ اکاؤنٹ بند کر کے غیر سودی برانچ میں نیا اکاؤنٹ نہیں کھلوایا ؛ کیونکہ میں سمجھتا ہوں کہ مجھے اس سودی بینک کے کرنٹ اکاؤنٹ پر کوئی نفع وغیرہ نہیں ملتا، نہ ہی کوئی اور مفت سہولت ملتی ہے، اس لیے مجھے سودی معاملہ کا کوئی گناہ نہیں ہوگا۔</p><p>پچھلے دنوں ایک دوست سے بات ہو رہی تھی تو اس نے بتایا کہ سودی بینک کرنٹ اکاؤنٹ کے ڈپازٹ سے آگے اپنے گاہکوں کو سودی قرضے دیتا ہے، اسی طرح حکومت کے جاری کردہ سودی بانڈز اور ٹی بلز میں سرمایہ کاری کرتا ہے، مزید یہ کہ جو ڈپازٹ فارغ رہ جاتے ہیں تو رات کو سٹیٹ بینک کے پاس رکھوا کر اس پر بھی سود کماتا ہے۔ اس دوست کا کہنا تھا کہ میرے سودی بینک میں کرنٹ اکاؤنٹ کی وجہ سے انفرادی سطح پر بھی اور ملکی سطح پر بھی سودی بینکاری نظام کو تقویت ملتی ہے اور میرے ڈپازٹ کا سودی لین دین میں استعمال ہونا یقینی ہے۔ لہٰذا غیر سودی بینکاری نظام کے میسر ہوتے ہوئے میرے لیے بغیر کسی مجبوری کے اپنے بینک کے سودی برانچ میں کرنٹ اکاؤنٹ کھلوانا درست نہیں، مجھ پر لازم ہے کہ اپنے بینک کے سودی برانچ سے اپنا کرنٹ اکاؤنٹ ختم کروں، پھر اگر چاہوں تو اسی بینک کی غیر سودی برانچ میں کسی اور غیر سودی بینک میں ہی اپنا اکاؤنٹ کھلواؤں؛ تاکہ میری رقم سے سودی نظام کی کوئی مدد نہ ہوسکے۔</p><p>آپ سے گزارش ہے کہ اس حوالے سے جو بھی شرعی حکم ہو، اس کی وضاحت فرمادیں۔</p>,"<h4 class=""has-text-align-center"">اَلجَوَابْ بِاسْمِ مُلْہِمِ الصَّوَابْ

</h4><p>آپ کے دوست کی بات فی نفسہ درست ہے، غیر سودی بینکنگ کی سہولت دستیاب ہونے کی صورت میں حاجت یا ضرورت کے بغیر سودی بینک میں کرنٹ اکاؤنٹ کھلوانے اور اس میں رقم رکھنے سے بھی اجتناب کرنا چاہیے۔</p><h6 class=""has-text-align-right"">حوالہ جات</h6><div style=""direction: rtl;font-family: Amiri;
    
     font-size: 13px; font-weight: 400;""><p>فقه البیوع (<span dir=""LTR"">2</span>/<span dir=""LTR"">1061-1063</span>):</p>
<p><strong>512- التعامل مع البنوك الربویة:</strong><strong><span dir=""LTR"">………..</span></strong><strong> 514 – الثاني: فتح الحساب الجاري (</strong><strong><span dir=""LTR"">Current       Account</span></strong><strong>) معها:-</strong></p>
<p>وإن العادة في الحسابات الجاریة للبنوك أن صاحب الحساب یحق له أن یسحب من ذلك الحساب مبالغه متی شاء بإصدار شیك شخصي أو بطریق التحویل المصرفي <strong>(</strong><strong><span dir=""LTR"">Bank Transfer</span></strong><strong>)</strong>، ولایعطي البنك علی المبالغ المودعة في ذلك الحساب أي مبلغ إضافي<span dir=""LTR"">.</span></p>
<p>وحکمه شرعا أنه إقراض للبنك، وإن کان یسمی ""إیداعا"" في الاصطلاح المصرفي؛ لأن هذه الودائع لاتبقی عند المصرف کما هي، وإنما یختلط بعضها ببعض، ویستثمرها المصرف في تمویلات یقدمها إلی عملائه، ویطالبهم علی ذلك بفائدة أو ربح<span dir=""LTR"">.</span> وإنها تکون مضمونة علی المصرف، یلتزم المصرف بإعادتها إلی المودع في کل حال حسب الشروط المتفق علیها<span dir=""LTR"">.</span></p>
<p>وقد أفتی العلماء المعاصرون بجواز ذلك عند الحاجة؛ لکون هذا القرض لایجر نفعا<span dir=""LTR"">.</span> <strong>وقد یستشکل بأن</strong><strong>ه</strong><strong> وإن لم یکن قرضا ربویا، ففی</strong><strong>ه</strong><strong> إعانة للبنك ف</strong><strong>ي</strong><strong> المعاملات الربویة؛ لأن من المعلوم أن البنك الربو</strong><strong>ي</strong><strong> لایمسك </strong><strong>ه</strong><strong>ذ</strong><strong>ه</strong><strong> الودائع جامدة، وإنما یستثمر</strong><strong>ه</strong><strong>ا ف</strong><strong>ي</strong><strong> القروض الربویة، فیصیر المودع معینا للبنك ف</strong><strong>ي ممارسارته</strong><strong> الربویة</strong><strong><span dir=""LTR"">.</span></strong></p>
<p>ولکننا قدمنا مسئلة الإعانة علی المعصیة بتفصیل في أحکام المتعاقدین تحت عنوان ""إن کان أحد العاقدین یقصد بالعقد ارتکاب معصیة""<span dir=""LTR"">.</span> ولو نظرنا إلی الودائع المصرفیة علی أساس المبادئ التي قررناها هناك، وجدنا أن إیداع رجل أمواله في الحساب الجاري لیس سببا محرکا أو داعیا للمعاملات الربویة، بحیث لو لم یودع هذا الرجل ماله، لم یقع البنك في المعصیة، فدخل في القسم الثاني، ولایقصد المودع في عامة الأحوال أن یعین البنك في ممارساته الربویة، وإنما یقصد به حفظ ماله<span dir=""LTR"">.</span></p>
<p><strong>ثم إن المودع لایعلم بیقین أن ماله سوف یستخدم في معاملة ربویة، بل یحتمل أن یبقی عند البنك أو یستخدم في معاملة مشروعة، ولو استخدمه البنك في معاملة ربویة، فإن النقود لاتتعین بالتعیین في عقود المعاوضة المشروعة، فلا تنسب هذه المعاملة إلی النقود التي أودعها، وإنما تنسب إلی النقود التي صارت ملکا للبنك</strong><strong><span dir=""LTR"">.</span></strong><strong> وغایة ما في الباب أن یکون هذا الإیداع مکروها کراهة تنزیه</strong><strong><span dir=""LTR"">.</span></strong></p>
<p>ولا شك أن کثیرا من المعاملات المشروعة الیوم أصبحت مرتبطة بالبنوك، ویحتاج الإنسان لإنجازها أن یکون له حساب مفتوح في إحدی البنوك، فالحاجة ظاهرة مشاهدة، وترتفع مثل هذه الکراهة التنزیهیة بمثل هذ الحاجة إن شاء الله تعالی<span dir=""LTR"">.</span></p>
<p><strong>غیر أن هذه الرخصة إنما یجوز العمل بها إن لم یوجد مصرف غیر ربوي</strong><strong><span dir=""LTR"">.</span></strong><strong> فإن وجد بشکل مقبول شرعا، فلاینبغي العمل بهذه الرخصة</strong><strong><span dir=""LTR"">.</span></strong></p>
<p> </p>
<p>فقه البیوع (1/<span dir=""LTR"">192-193</span>):</p>
<p>(نقلاً عن جواهر الفقه للمفتي محمد شفیع العثماني – رحمه الله تعالی - ):-</p>
<p>فتنقیح الضابط في هذا الباب علی ما من بي ربي : أن الإعانة علی المعصیة حرام مطلقا بنص القرآن، أعني قوله تعالیٰ "" وَلَا تَعَاوَنُوا عَلَى الْإِثْمِ وَالْعُدْوَانِ  ""  (المائدة: 2) وقوله تعالیٰ: "" فَلَنْ أَكُونَ ظَهِيرًا لِلْمُجْرِمِينَ "" (القصص: 17)<span dir=""LTR"">.</span>  </p>
<p>ولکن الإعانة حقیقة هي ما قامت المعصیة بعین فعل المعین، ولایتحقق إلا بنیة الإعانة أوالتصریح بها أو تعینها في استعمال هذا الشیئ بحیث لایحتمل غیر المعصیة<span dir=""LTR"">. </span></p>
<p>وما لم تقم المعصیة بعینه لم یکن من الإعانة حقیقة، بل من التسبب، ومن أطلق علیه لفظ ""الإعانة"" فقد تجوَّز؛ لکونه صورة إعانة، کما مر من السیر الکبیر<span dir=""LTR"">.</span></p>
<p>ثم السبب إن کان سببا محرکا وداعیا إلی المعصیة، فالتسبب فیه حرام، کالإعانة علی المعصیة بنص القرآن، کقوله تعالیٰ:  {وَلَا تَسُبُّوا الَّذِينَ يَدْعُونَ مِنْ دُونِ اللَّهِ فَيَسُبُّوا اللَّهَ عَدْوًا بِغَيْرِ عِلْمٍ } [الأنعام: 108] ، و قوله تعالیٰ:  {وَلَا تَبَرَّجْنَ تَبَرُّجَ الْجَاهِلِيَّةِ الْأُولَى} [الأحزاب: 33]<span dir=""LTR"">.</span></p>
<p>وإن لم یکن محرکًا وداعیًا، بل موصلًا محضًا، وهو مع ذلك سبب قریب بحیث لایحتاج في إقامة المعصیة به إلی إحداث صنعة من الفاعل، کبیع السلاح من أهل الفتنة، وبیع الأمرد ممن یعصي به، وإجارة البیت ممن یبیع فیه الخمر أو یتخذها کنیسة أو بیت نار وأمثالها، فکله مکروه تحریما، بشرط أن یعلم به البائع والآجر، من دون تصریح به باللسان؛ فإنه إن لم یعلم کان معذورًا، وإن علم وصرح کان داخلًا في الإعانة المحرمة<span dir=""LTR"">.</span> وإن کان سببًا بعیدًا بحیث لایفضي إلی المعصیة علی حالتها الموجودة، بل یحتاج إلی إحداث صنعة فیه، کبیع الحدید من أهل الفتنة وأمثالها، فتکره تنزیهًا<span dir=""LTR"">.</span></p>
<p>ویتلخص منه أن الإنسان إذا قصد الإعانة علی المعصیة بإحدی الوجوه الثلاثة (النیة، أو التصریح فی العقد، أو تمحضه للمحظور) المذکورة؛ فإن العقد حرام لا ینعقد، و البائع آثم<span dir=""LTR"">.</span> أما إذا لم یقصد ذلك، وکان البیع سببا للمعصیة فلا یحرم العقد، و لکن إذا کان سببا محرکا فالبیع حرام، و إن لم یکن محرکا و کان سببا قریبا بحیث یستخدم فی المعصیة فی حالتها الراهنة و لا یحتاج إلی صنعة جدیدة من الفاعل کره تحریما، و إلا فتنزیها<span dir=""LTR"">.</span></p>
</div><p>     عبداللہ ولی غفر اللہ لہٗ</p><p>  دار الافتاء جامعۃ الرشید کراچی</p><p>     6/شعبان المعظم/1446ھ</p><h6 class=""has-text-align-center"">
واللہ سبحانہ وتعالی اعلم
</h6><figure class=""wp-block-table""><table><tbody><tr><td><h3>مجیب</h3></td><td>عبداللہ ولی</td><td><h3>مفتیان</h3></td><td>سیّد عابد شاہ صاحب / محمد حسین خلیل خیل صاحب</td></tr></tbody></table></figure>",86773,jameya-tur-rasheed,سود اور جوے کے مسائل,مختلف بینکوں اور جدید مالیاتی اداروں کے سود  سے متعلق مسائل کا بیان,"<div class=""pagelayer-col-holder""><div class=""p-kgd1425 pagelayer-post_excerpt"" pagelayer-id=""kgd1425"">
<style pagelayer-style-id=""kgd1425"">.p-kgd1425 .pagelayer-post-excerpt{color:#adb5bd;font-family: ; font-size: 15px !important; font-style: Italic !important; font-weight: 500 !important; font-variant:  !important; text-decoration-line:  !important; text-decoration-style:  !important; line-height: 1.5em !important; text-transform:  !important; letter-spacing: px !important; word-spacing: px !important;margin-top:0px; margin-right:0px; margin-bottom:0px; margin-left:0px}
.p-kgd1425{text-align: left;margin-top: 0px; margin-right: 0px; margin-bottom: 0px; margin-left: 0px;padding-top: 0px; padding-right: 0px; padding-bottom: 0px; padding-left: 0px}
</style></div><div class=""p-4wb1030 pagelayer-featured_img"" pagelayer-id=""4wb1030"">
<style pagelayer-style-id=""4wb1030"">.p-4wb1030{text-align: center}
.p-4wb1030 img{filter: blur(0px) brightness(100%) contrast(100%) grayscale(0%) hue-rotate(0deg) opacity(100%) saturate(100%);box-shadow: 0px 24px 36px 0px rgba(0,0,0,0.10)  !important;-webkit-transition: all 400ms; transition: all 400ms}
.p-4wb1030 .pagelayer-featured-caption{color: #0986c0}
</style>
<div class=""pagelayer-featured-img""></div>
</div><div class=""p-f8n3612 pagelayer-inner_row pagelayer-row-stretch-auto pagelayer-height-default"" pagelayer-id=""f8n3612"">
<style pagelayer-style-id=""f8n3612"">.p-f8n3612 .pagelayer-col-holder{padding: 10px}
.p-f8n3612 > .pagelayer-background-overlay{-webkit-transition: all 400ms !important; transition: all 400ms !important}
.p-f8n3612 .pagelayer-svg-top .pagelayer-shape-fill{fill:#227bc3}
.p-f8n3612 .pagelayer-row-svg .pagelayer-svg-top{width:100%;height:100px}
.p-f8n3612 .pagelayer-svg-bottom .pagelayer-shape-fill{fill:#e44993}
.p-f8n3612 .pagelayer-row-svg .pagelayer-svg-bottom{width:100%;height:100px}
</style>
<div class=""pagelayer-row-holder pagelayer-row pagelayer-auto pagelayer-width-auto""><div class=""p-i795860 pagelayer-col pagelayer-col-4"" pagelayer-id=""i795860"">
<style pagelayer-style-id=""i795860"">.p-i795860{align-content: center !important}
.p-i795860 .pagelayer-col-holder > div:not(:last-child){margin-bottom: 15px}
.p-i795860 > .pagelayer-background-overlay{-webkit-transition: all 400ms !important; transition: all 400ms !important}
</style>
<div class=""pagelayer-col-holder""><div class=""p-qip3968 pagelayer-post_info"" pagelayer-id=""qip3968"">
<style pagelayer-style-id=""qip3968"">.p-qip3968 .pagelayer-post-info-vertical .pagelayer-post-info-list-container{margin-right:25px}
.p-qip3968 .pagelayer-post-info-horizontal .pagelayer-post-info-list-container{margin-bottom:25px}
.p-qip3968 .pagelayer-post-info-container{text-align:right}
.p-qip3968 .pagelayer-post-info-icon span{font-size:120%;color:#495057}
.p-qip3968 .pagelayer-post-info-list-container a{font-family: Roboto !important; font-size: 14px !important; font-style:  !important; font-weight: 500 !important; font-variant:  !important; text-decoration-line:  !important; text-decoration-style:  !important; line-height: 1.6em !important; text-transform:  !important; letter-spacing: px !important; word-spacing: px !important}
.p-qip3968 .pagelayer-post-info-label{color:#495057}
.p-qip3968 .pagelayer-post-info-label a{color:#495057}
.p-qip3968 .pagelayer-post-info-label:hover{color:#000000}
.p-qip3968 .pagelayer-post-info-label:hover a{color:#000000}
</style><div class=""pagelayer-post-info-container pagelayer-post-info-vertical""><div class=""p-xj43574 pagelayer-post_info_list"" pagelayer-id=""xj43574"">
<div class=""pagelayer-post-info-list-container"">
<a class=""pagelayer-post-info-list-link"" href=""https://almuftionline.com/2025/02/05/"">
<span class=""pagelayer-post-info-icon"">
<span class=""far fa-clock""></span>
</span>
<span class=""pagelayer-post-info-label pagelayer-date"">فروری 5, 2025</span>
</a>
</div></div></div></div></div></div><div class=""p-t2j1983 pagelayer-col pagelayer-col-7"" pagelayer-id=""t2j1983"">
<style pagelayer-style-id=""t2j1983"">.p-t2j1983{align-content: center !important}
.p-t2j1983 .pagelayer-col-holder > div:not(:last-child){margin-bottom: 15px}
.p-t2j1983 > .pagelayer-background-overlay{-webkit-transition: all 400ms !important; transition: all 400ms !important}
</style>
<div class=""pagelayer-col-holder""><div class=""p-dbq3916 pagelayer-post_info"" pagelayer-id=""dbq3916"">
<style pagelayer-style-id=""dbq3916"">.p-dbq3916 .pagelayer-post-info-container{text-align:right}
.p-dbq3916 .pagelayer-post-info-icon span{font-size:120%;color:#495057}
.p-dbq3916 .pagelayer-post-info-list-container a{font-family: Roboto !important; font-size: 14px !important; font-style:  !important; font-weight: 500 !important; font-variant:  !important; text-decoration-line:  !important; text-decoration-style:  !important; line-height: 1.6em !important; text-transform:  !important; letter-spacing: px !important; word-spacing: px !important}
.p-dbq3916 .pagelayer-post-info-label{color:#0072ff}
.p-dbq3916 .pagelayer-post-info-label a{color:#0072ff}
.p-dbq3916 .pagelayer-terms *{color:#f8952c !important;padding-top:5px; padding-right:10px; padding-bottom:5px; padding-left:10px;margin-top:0px; margin-right:5px; margin-bottom:0px; margin-left:5px;border-radius: 4px 4px 4px 4px; -webkit-border-radius:  4px 4px 4px 4px;-moz-border-radius: 4px 4px 4px 4px}
.p-dbq3916{padding-top: 0px; padding-right: 0px; padding-bottom: 0px; padding-left: 0px}
@media (max-width: 768px) and (min-width: 501px){.p-dbq3916 .pagelayer-post-info-container{text-align:left}
}
@media (max-width: 500px){.p-dbq3916 .pagelayer-post-info-container{text-align:left}
}
</style><div class=""pagelayer-post-info-container pagelayer-post-info-vertical""><div class=""p-wpv7212 pagelayer-post_info_list"" pagelayer-id=""wpv7212"">
<div class=""pagelayer-post-info-list-container"">
<span class=""pagelayer-post-info-icon"">
</span>
<span class=""pagelayer-post-info-label pagelayer-terms""> <a href=""https://almuftionline.com/category/fatwa/26/""> سود اور جوے کے مسائل </a></span>
</div></div></div></div></div></div></div></div><div class=""p-trw3096 pagelayer-inner_row pagelayer-row-stretch-auto pagelayer-height-default"" pagelayer-id=""trw3096"">
<style pagelayer-style-id=""trw3096"">.p-trw3096 .pagelayer-col-holder{padding: 10px}
.p-trw3096 > .pagelayer-background-overlay{-webkit-transition: all 400ms !important; transition: all 400ms !important}
.p-trw3096 .pagelayer-svg-top .pagelayer-shape-fill{fill:#227bc3}
.p-trw3096 .pagelayer-row-svg .pagelayer-svg-top{width:100%;height:100px}
.p-trw3096 .pagelayer-svg-bottom .pagelayer-shape-fill{fill:#e44993}
.p-trw3096 .pagelayer-row-svg .pagelayer-svg-bottom{width:100%;height:100px}
</style>
<div class=""pagelayer-row-holder pagelayer-row pagelayer-auto pagelayer-width-auto""><div class=""p-wwu6541 pagelayer-col pagelayer-col-2"" pagelayer-id=""wwu6541"">
<style pagelayer-style-id=""wwu6541"">.p-wwu6541{align-content: center !important}
.p-wwu6541 .pagelayer-col-holder > div:not(:last-child){margin-bottom: 15px}
.p-wwu6541 > .pagelayer-background-overlay{-webkit-transition: all 400ms !important; transition: all 400ms !important}
</style>
<div class=""pagelayer-col-holder""><div class=""p-ccj4284 pagelayer-post_content"" pagelayer-id=""ccj4284"">
<style pagelayer-style-id=""ccj4284"">.p-ccj4284{text-align: right}
</style><div class=""entry-content pagelayer-post-excerpt""><figure class=""wp-block-table""><table><tbody><tr><td>86773</td><td>سود اور جوے کے مسائل</td><td>مختلف بینکوں اور جدید مالیاتی اداروں کے سود  سے متعلق مسائل کا بیان</td></tr></tbody></table></figure><div style=""direction:rtl;line-height: 2.5;""><h3 class=""has-text-align-center"">سوال</h3><p>میرا ایک سودی بینک میں کرنٹ اکاؤنٹ ہے، اسی بینک کی اب غیر سودی برانچ بھی موجود ہے، لیکن میں نے اپنا مذکورہ اکاؤنٹ بند کر کے غیر سودی برانچ میں نیا اکاؤنٹ نہیں کھلوایا ؛ کیونکہ میں سمجھتا ہوں کہ مجھے اس سودی بینک کے کرنٹ اکاؤنٹ پر کوئی نفع وغیرہ نہیں ملتا، نہ ہی کوئی اور مفت سہولت ملتی ہے، اس لیے مجھے سودی معاملہ کا کوئی گناہ نہیں ہوگا۔</p>
<p>پچھلے دنوں ایک دوست سے بات ہو رہی تھی تو اس نے بتایا کہ سودی بینک کرنٹ اکاؤنٹ کے ڈپازٹ سے آگے اپنے گاہکوں کو سودی قرضے دیتا ہے، اسی طرح حکومت کے جاری کردہ سودی بانڈز اور ٹی بلز میں سرمایہ کاری کرتا ہے، مزید یہ کہ جو ڈپازٹ فارغ رہ جاتے ہیں تو رات کو سٹیٹ بینک کے پاس رکھوا کر اس پر بھی سود کماتا ہے۔ اس دوست کا کہنا تھا کہ میرے سودی بینک میں کرنٹ اکاؤنٹ کی وجہ سے انفرادی سطح پر بھی اور ملکی سطح پر بھی سودی بینکاری نظام کو تقویت ملتی ہے اور میرے ڈپازٹ کا سودی لین دین میں استعمال ہونا یقینی ہے۔ لہٰذا غیر سودی بینکاری نظام کے میسر ہوتے ہوئے میرے لیے بغیر کسی مجبوری کے اپنے بینک کے سودی برانچ میں کرنٹ اکاؤنٹ کھلوانا درست نہیں، مجھ پر لازم ہے کہ اپنے بینک کے سودی برانچ سے اپنا کرنٹ اکاؤنٹ ختم کروں، پھر اگر چاہوں تو اسی بینک کی غیر سودی برانچ میں کسی اور غیر سودی بینک میں ہی اپنا اکاؤنٹ کھلواؤں؛ تاکہ میری رقم سے سودی نظام کی کوئی مدد نہ ہوسکے۔</p>
<p>آپ سے گزارش ہے کہ اس حوالے سے جو بھی شرعی حکم ہو، اس کی وضاحت فرمادیں۔</p>
<h4 class=""has-text-align-center"">اَلجَوَابْ بِاسْمِ مُلْہِمِ الصَّوَابْ

</h4><p>آپ کے دوست کی بات فی نفسہ درست ہے، غیر سودی بینکنگ کی سہولت دستیاب ہونے کی صورت میں حاجت یا ضرورت کے بغیر سودی بینک میں کرنٹ اکاؤنٹ کھلوانے اور اس میں رقم رکھنے سے بھی اجتناب کرنا چاہیے۔</p>
</div><h6 class=""has-text-align-right"">حوالہ جات</h6><div style=""direction: rtl;font-family: Amiri;
    
     font-size: 13px; font-weight: 400;""><p>فقه البیوع (<span dir=""LTR"">2</span>/<span dir=""LTR"">1061-1063</span>):</p>
<p><strong>512- التعامل مع البنوك الربویة:</strong><strong><span dir=""LTR"">………..</span></strong><strong> 514 – الثاني: فتح الحساب الجاري (</strong><strong><span dir=""LTR"">Current       Account</span></strong><strong>) معها:-</strong></p>
<p>وإن العادة في الحسابات الجاریة للبنوك أن صاحب الحساب یحق له أن یسحب من ذلك الحساب مبالغه متی شاء بإصدار شیك شخصي أو بطریق التحویل المصرفي <strong>(</strong><strong><span dir=""LTR"">Bank Transfer</span></strong><strong>)</strong>، ولایعطي البنك علی المبالغ المودعة في ذلك الحساب أي مبلغ إضافي<span dir=""LTR"">.</span></p>
<p>وحکمه شرعا أنه إقراض للبنك، وإن کان یسمی ""إیداعا"" في الاصطلاح المصرفي؛ لأن هذه الودائع لاتبقی عند المصرف کما هي، وإنما یختلط بعضها ببعض، ویستثمرها المصرف في تمویلات یقدمها إلی عملائه، ویطالبهم علی ذلك بفائدة أو ربح<span dir=""LTR"">.</span> وإنها تکون مضمونة علی المصرف، یلتزم المصرف بإعادتها إلی المودع في کل حال حسب الشروط المتفق علیها<span dir=""LTR"">.</span></p>
<p>وقد أفتی العلماء المعاصرون بجواز ذلك عند الحاجة؛ لکون هذا القرض لایجر نفعا<span dir=""LTR"">.</span> <strong>وقد یستشکل بأن</strong><strong>ه</strong><strong> وإن لم یکن قرضا ربویا، ففی</strong><strong>ه</strong><strong> إعانة للبنك ف</strong><strong>ي</strong><strong> المعاملات الربویة؛ لأن من المعلوم أن البنك الربو</strong><strong>ي</strong><strong> لایمسك </strong><strong>ه</strong><strong>ذ</strong><strong>ه</strong><strong> الودائع جامدة، وإنما یستثمر</strong><strong>ه</strong><strong>ا ف</strong><strong>ي</strong><strong> القروض الربویة، فیصیر المودع معینا للبنك ف</strong><strong>ي ممارسارته</strong><strong> الربویة</strong><strong><span dir=""LTR"">.</span></strong></p>
<p>ولکننا قدمنا مسئلة الإعانة علی المعصیة بتفصیل في أحکام المتعاقدین تحت عنوان ""إن کان أحد العاقدین یقصد بالعقد ارتکاب معصیة""<span dir=""LTR"">.</span> ولو نظرنا إلی الودائع المصرفیة علی أساس المبادئ التي قررناها هناك، وجدنا أن إیداع رجل أمواله في الحساب الجاري لیس سببا محرکا أو داعیا للمعاملات الربویة، بحیث لو لم یودع هذا الرجل ماله، لم یقع البنك في المعصیة، فدخل في القسم الثاني، ولایقصد المودع في عامة الأحوال أن یعین البنك في ممارساته الربویة، وإنما یقصد به حفظ ماله<span dir=""LTR"">.</span></p>
<p><strong>ثم إن المودع لایعلم بیقین أن ماله سوف یستخدم في معاملة ربویة، بل یحتمل أن یبقی عند البنك أو یستخدم في معاملة مشروعة، ولو استخدمه البنك في معاملة ربویة، فإن النقود لاتتعین بالتعیین في عقود المعاوضة المشروعة، فلا تنسب هذه المعاملة إلی النقود التي أودعها، وإنما تنسب إلی النقود التي صارت ملکا للبنك</strong><strong><span dir=""LTR"">.</span></strong><strong> وغایة ما في الباب أن یکون هذا الإیداع مکروها کراهة تنزیه</strong><strong><span dir=""LTR"">.</span></strong></p>
<p>ولا شك أن کثیرا من المعاملات المشروعة الیوم أصبحت مرتبطة بالبنوك، ویحتاج الإنسان لإنجازها أن یکون له حساب مفتوح في إحدی البنوك، فالحاجة ظاهرة مشاهدة، وترتفع مثل هذه الکراهة التنزیهیة بمثل هذ الحاجة إن شاء الله تعالی<span dir=""LTR"">.</span></p>
<p><strong>غیر أن هذه الرخصة إنما یجوز العمل بها إن لم یوجد مصرف غیر ربوي</strong><strong><span dir=""LTR"">.</span></strong><strong> فإن وجد بشکل مقبول شرعا، فلاینبغي العمل بهذه الرخصة</strong><strong><span dir=""LTR"">.</span></strong></p>
<p> </p>
<p>فقه البیوع (1/<span dir=""LTR"">192-193</span>):</p>
<p>(نقلاً عن جواهر الفقه للمفتي محمد شفیع العثماني – رحمه الله تعالی - ):-</p>
<p>فتنقیح الضابط في هذا الباب علی ما من بي ربي : أن الإعانة علی المعصیة حرام مطلقا بنص القرآن، أعني قوله تعالیٰ "" وَلَا تَعَاوَنُوا عَلَى الْإِثْمِ وَالْعُدْوَانِ  ""  (المائدة: 2) وقوله تعالیٰ: "" فَلَنْ أَكُونَ ظَهِيرًا لِلْمُجْرِمِينَ "" (القصص: 17)<span dir=""LTR"">.</span>  </p>
<p>ولکن الإعانة حقیقة هي ما قامت المعصیة بعین فعل المعین، ولایتحقق إلا بنیة الإعانة أوالتصریح بها أو تعینها في استعمال هذا الشیئ بحیث لایحتمل غیر المعصیة<span dir=""LTR"">. </span></p>
<p>وما لم تقم المعصیة بعینه لم یکن من الإعانة حقیقة، بل من التسبب، ومن أطلق علیه لفظ ""الإعانة"" فقد تجوَّز؛ لکونه صورة إعانة، کما مر من السیر الکبیر<span dir=""LTR"">.</span></p>
<p>ثم السبب إن کان سببا محرکا وداعیا إلی المعصیة، فالتسبب فیه حرام، کالإعانة علی المعصیة بنص القرآن، کقوله تعالیٰ:  {وَلَا تَسُبُّوا الَّذِينَ يَدْعُونَ مِنْ دُونِ اللَّهِ فَيَسُبُّوا اللَّهَ عَدْوًا بِغَيْرِ عِلْمٍ } [الأنعام: 108] ، و قوله تعالیٰ:  {وَلَا تَبَرَّجْنَ تَبَرُّجَ الْجَاهِلِيَّةِ الْأُولَى} [الأحزاب: 33]<span dir=""LTR"">.</span></p>
<p>وإن لم یکن محرکًا وداعیًا، بل موصلًا محضًا، وهو مع ذلك سبب قریب بحیث لایحتاج في إقامة المعصیة به إلی إحداث صنعة من الفاعل، کبیع السلاح من أهل الفتنة، وبیع الأمرد ممن یعصي به، وإجارة البیت ممن یبیع فیه الخمر أو یتخذها کنیسة أو بیت نار وأمثالها، فکله مکروه تحریما، بشرط أن یعلم به البائع والآجر، من دون تصریح به باللسان؛ فإنه إن لم یعلم کان معذورًا، وإن علم وصرح کان داخلًا في الإعانة المحرمة<span dir=""LTR"">.</span> وإن کان سببًا بعیدًا بحیث لایفضي إلی المعصیة علی حالتها الموجودة، بل یحتاج إلی إحداث صنعة فیه، کبیع الحدید من أهل الفتنة وأمثالها، فتکره تنزیهًا<span dir=""LTR"">.</span></p>
<p>ویتلخص منه أن الإنسان إذا قصد الإعانة علی المعصیة بإحدی الوجوه الثلاثة (النیة، أو التصریح فی العقد، أو تمحضه للمحظور) المذکورة؛ فإن العقد حرام لا ینعقد، و البائع آثم<span dir=""LTR"">.</span> أما إذا لم یقصد ذلك، وکان البیع سببا للمعصیة فلا یحرم العقد، و لکن إذا کان سببا محرکا فالبیع حرام، و إن لم یکن محرکا و کان سببا قریبا بحیث یستخدم فی المعصیة فی حالتها الراهنة و لا یحتاج إلی صنعة جدیدة من الفاعل کره تحریما، و إلا فتنزیها<span dir=""LTR"">.</span></p>
</div><p>     عبداللہ ولی غفر اللہ لہٗ</p>
<p>  دار الافتاء جامعۃ الرشید کراچی</p>
<p>     6/شعبان المعظم/1446ھ</p>
<h6 class=""has-text-align-center"">
واللہ سبحانہ وتعالی اعلم
</h6><figure class=""wp-block-table""><table><tbody><tr><td><h3>مجیب</h3></td><td>عبداللہ ولی</td><td><h3>مفتیان</h3></td><td>سیّد عابد شاہ صاحب / محمد حسین خلیل خیل صاحب</td></tr></tbody></table></figure></div></div></div></div></div></div><div class=""p-wl6689 pagelayer-inner_row pagelayer-row-stretch-auto pagelayer-height-default"" pagelayer-id=""wl6689"">
<style pagelayer-style-id=""wl6689"">.p-wl6689 .pagelayer-col-holder{padding: 10px}
.p-wl6689 > .pagelayer-background-overlay{-webkit-transition: all 400ms !important; transition: all 400ms !important}
.p-wl6689 .pagelayer-svg-top .pagelayer-shape-fill{fill:#227bc3}
.p-wl6689 .pagelayer-row-svg .pagelayer-svg-top{width:100%;height:100px}
.p-wl6689 .pagelayer-svg-bottom .pagelayer-shape-fill{fill:#e44993}
.p-wl6689 .pagelayer-row-svg .pagelayer-svg-bottom{width:100%;height:100px}
</style>
<div class=""pagelayer-row-holder pagelayer-row pagelayer-auto pagelayer-width-auto""><div class=""p-jzl6522 pagelayer-col pagelayer-col-6"" pagelayer-id=""jzl6522"">
<style pagelayer-style-id=""jzl6522"">.p-jzl6522{align-content: center !important}
.p-jzl6522 .pagelayer-col-holder > div:not(:last-child){margin-bottom: 15px}
.p-jzl6522 > .pagelayer-background-overlay{-webkit-transition: all 400ms !important; transition: all 400ms !important}
</style>
<div class=""pagelayer-col-holder""><div class=""p-xsb5673 pagelayer-share_grp pagelayer-share-type-icon-label pagelayer-social-bg-none pagelayer-scheme-official"" pagelayer-id=""xsb5673"">
<style pagelayer-style-id=""xsb5673"">.p-xsb5673{text-align: right}
.p-xsb5673 .pagelayer-share-content{min-height: 35px;-webkit-transition: all 400ms; transition: all 400ms}
.p-xsb5673 i{font-size: 27px}
.p-xsb5673 .pagelayer-icon-holder{font-size: 27px}
.p-xsb5673 .pagelayer-share-content i{-webkit-transition: all 400ms; transition: all 400ms}
.p-xsb5673 .pagelayer-icon-name{font-family: Roboto; font-size: 15px !important; font-style:  !important; font-weight: 500 !important; font-variant:  !important; text-decoration-line:  !important; text-decoration-style:  !important; line-height: em !important; text-transform:  !important; letter-spacing: px !important; word-spacing: px !important}
@media (max-width: 768px) and (min-width: 501px){.p-xsb5673{text-align: left}
.p-xsb5673 .pagelayer-share{padding-top: 10px; padding-bottom: 10px;padding-left: 10px; padding-right: 10px}
.p-xsb5673 i{font-size: 20px}
.p-xsb5673 .pagelayer-icon-holder{font-size: 20px}
.p-xsb5673 .pagelayer-icon-name{font-family: ; font-size: 13px !important; font-style:  !important; font-weight:  !important; font-variant:  !important; text-decoration-line:  !important; text-decoration-style:  !important; line-height: em !important; text-transform:  !important; letter-spacing: px !important; word-spacing: px !important}
}
@media (max-width: 500px){.p-xsb5673{text-align: left}
.p-xsb5673 .pagelayer-share{padding-top: 10px; padding-bottom: 10px;padding-left: 10px; padding-right: 10px}
.p-xsb5673 .pagelayer-share-content{min-height: NaNpx}
.p-xsb5673 i{font-size: 20px}
.p-xsb5673 .pagelayer-icon-holder{font-size: 20px}
.p-xsb5673 .pagelayer-icon-name{font-family: ; font-size: 13px !important; font-style:  !important; font-weight:  !important; font-variant:  !important; text-decoration-line:  !important; text-decoration-style:  !important; line-height: em !important; text-transform:  !important; letter-spacing: px !important; word-spacing: px !important}
}
</style><div class=""p-9mh2934 pagelayer-share"" pagelayer-id=""9mh2934"">
<a class=""pagelayer-ele-link"" href=""https://www.facebook.com/sharer/sharer.php?u=almuftionline.com/2025/02/05/16511/"" target=""_blank"" title=""fab fa-facebook-square"">
<div class=""pagelayer-share-content pagelayer-facebook-square"" data-icon=""fab fa-facebook-square"">
<div class=""pagelayer-icon-holder pagelayer-share-buttons"">
<i class=""pagelayer-social-fa fab fa-facebook-square""></i>
</div>
<div class=""pagelayer-icon-name"">
<span class=""pagelayer-icon-name-span"">Facebook</span>
</div>
</div>
</a></div><div class=""p-rai4926 pagelayer-share"" pagelayer-id=""rai4926"">
<a class=""pagelayer-ele-link"" href=""https://twitter.com/share?url=almuftionline.com/2025/02/05/16511/"" target=""_blank"" title=""fab fa-twitter-square"">
<div class=""pagelayer-share-content pagelayer-twitter-square"" data-icon=""fab fa-twitter-square"">
<div class=""pagelayer-icon-holder pagelayer-share-buttons"">
<i class=""pagelayer-social-fa fab fa-twitter-square""></i>
</div>
<div class=""pagelayer-icon-name"">
<span class=""pagelayer-icon-name-span"">Twitter</span>
</div>
</div>
</a></div><div class=""p-ndy3728 pagelayer-share"" pagelayer-id=""ndy3728"">
<a class=""pagelayer-ele-link"" href=""whatsapp://send?text=almuftionline.com/2025/02/05/16511/"" target=""_blank"" title=""fab fa-whatsapp"">
<div class=""pagelayer-share-content pagelayer-whatsapp"" data-icon=""fab fa-whatsapp"">
<div class=""pagelayer-icon-holder pagelayer-share-buttons"">
<i class=""pagelayer-social-fa fab fa-whatsapp""></i>
</div>
<div class=""pagelayer-icon-name"">
<span class=""pagelayer-icon-name-span"">WhatsApp</span>
</div>
</div>
</a></div></div></div></div></div></div><div class=""p-zqp4850 pagelayer-inner_row pagelayer-row-stretch-auto pagelayer-height-default"" pagelayer-id=""zqp4850"">
<style pagelayer-style-id=""zqp4850"">.p-zqp4850 .pagelayer-col-holder{padding: 10px}
.p-zqp4850 > .pagelayer-background-overlay{-webkit-transition: all 400ms !important; transition: all 400ms !important}
.p-zqp4850 .pagelayer-svg-top .pagelayer-shape-fill{fill:#227bc3}
.p-zqp4850 .pagelayer-row-svg .pagelayer-svg-top{width:100%;height:100px}
.p-zqp4850 .pagelayer-svg-bottom .pagelayer-shape-fill{fill:#e44993}
.p-zqp4850 .pagelayer-row-svg .pagelayer-svg-bottom{width:100%;height:100px}
</style>
<div class=""pagelayer-row-holder pagelayer-row pagelayer-auto pagelayer-width-auto""><div class=""p-q725202 pagelayer-col pagelayer-col-2"" pagelayer-id=""q725202"">
<style pagelayer-style-id=""q725202"">.p-q725202{align-content: center !important}
.p-q725202 .pagelayer-col-holder > div:not(:last-child){margin-bottom: 15px}
.p-q725202 > .pagelayer-background-overlay{-webkit-transition: all 400ms !important; transition: all 400ms !important}
</style>
<div class=""pagelayer-col-holder""><div class=""p-55r4448 pagelayer-post_nav"" pagelayer-id=""55r4448"">
<style pagelayer-style-id=""55r4448"">.p-55r4448 .pagelayer-post-nav-link{color:#adb5bd;font-family:  !important; font-size: 15px !important; font-style:  !important; font-weight:  !important; font-variant:  !important; text-decoration-line:  !important; text-decoration-style:  !important; line-height: em !important; text-transform:  !important; letter-spacing: px !important; word-spacing: px !important}
.p-55r4448 .pagelayer-post-nav-title{color:#000000;font-family:  !important; font-size: 18px !important; font-style:  !important; font-weight: bold !important; font-variant:  !important; text-decoration-line:  !important; text-decoration-style: Solid !important; line-height: em !important; text-transform:  !important; letter-spacing: px !important; word-spacing: px !important}
.p-55r4448 .pagelayer-post-nav-icon{color:#adb5bd;font-size:30px}
.p-55r4448 .pagelayer-post-nav-separator{display:none}
@media (max-width: 768px) and (min-width: 501px){.p-55r4448 .pagelayer-post-nav-link{font-family:  !important; font-size: 12px !important; font-style:  !important; font-weight:  !important; font-variant:  !important; text-decoration-line:  !important; text-decoration-style: Solid !important; line-height: em !important; text-transform:  !important; letter-spacing: px !important; word-spacing: px !important}
.p-55r4448 .pagelayer-post-nav-title{font-family:  !important; font-size: 15px !important; font-style:  !important; font-weight:  !important; font-variant:  !important; text-decoration-line:  !important; text-decoration-style: Solid !important; line-height: em !important; text-transform:  !important; letter-spacing: px !important; word-spacing: px !important}
}
@media (max-width: 500px){.p-55r4448 .pagelayer-post-nav-link{font-family:  !important; font-size: 12px !important; font-style:  !important; font-weight:  !important; font-variant:  !important; text-decoration-line:  !important; text-decoration-style: Solid !important; line-height: em !important; text-transform:  !important; letter-spacing: px !important; word-spacing: px !important}
.p-55r4448 .pagelayer-post-nav-title{font-family:  !important; font-size: 12px !important; font-style:  !important; font-weight:  !important; font-variant:  !important; text-decoration-line:  !important; text-decoration-style: Solid !important; line-height: em !important; text-transform:  !important; letter-spacing: px !important; word-spacing: px !important}
}
</style><div class=""pagelayer-post-nav-container"">
<div class=""pagelayer-prev-post"">
<a href=""https://almuftionline.com/2025/02/05/16619/"" rel=""prev""><span class=""pagelayer-post-nav-icon fa fa-chevron-left""></span>
<span class=""pagelayer-next-holder"">
<span class=""pagelayer-post-nav-link""> Previous</span><span class=""pagelayer-post-nav-title"">بعض ورثا کی اجازت کے بغیر ترکہ میں سے صدقہ کرنے اور حجِ بدل کی وصیت کا حکم</span>
</span></a>
</div>
<div class=""pagelayer-post-nav-separator""></div>
<div class=""pagelayer-next-post"">
<a href=""https://almuftionline.com/2025/02/05/16507/"" rel=""next""><span class=""pagelayer-next-holder"">
<span class=""pagelayer-post-nav-link""> Next</span><span class=""pagelayer-post-nav-title"">بغیراحرام کے مکہ میں داخل ہوکر مسجدعائشہ سے احرام باندھنا</span>
</span>
<span class=""pagelayer-post-nav-icon fa fa-chevron-right""></span></a>
</div>
</div></div></div></div></div></div></div>"
2025-02-05,https://almuftionline.com/2025/02/05/16619/,بعض ورثا کی اجازت کے بغیر ترکہ میں سے صدقہ کرنے اور حجِ بدل کی وصیت کا حکم,<p>میری والدہ کا تقریبا چھ سال پہلے انتقال ہوا، ہم صرف تین بہنیں ہیں، ہمارا بھائی کوئی نہیں، والد صاحب کا انتقال والدہ سے پہلے ہوا تھا۔ والدہ کے انتقال کے وقت ان کے والدین، دادا، دادی اور نانی میں سے کوئی زندہ نہیں تھا، البتہ پانچ بھائی اور چار بہنیں زندہ تھیں، جن میں سے اب ایک بھائی کا انتقال ہوچکا ہے، جبکہ چار بھائی اور چار بہنیں زندہ ہیں۔</p><p> ہماری والدہ پر حج فرض ہوا تھا، ان کے پاس اتنے پیسے تھے جس سے وہ خود بھی حج پر جاسکتی تھی اور اپنے ساتھ محرم کو بھی لے کر جاسکتی تھی، لیکن کوئی محرم ان کے ساتھ جانے کے لیے تیار نہیں ہوا، اس لیے انہوں نے مجھے وصیت کی کہ چار لاکھ روپے سے میرے میری طرف سے حج کرلینا۔ والدہ نے انتقال کے وقت کچھ رقم چھوڑی تھی، ہم تین بہنوں نے باہم رضامندی سے وہ رقم امی کے لیے صدقہ کی، البتہ حج کے لیے چار لاکھ روپے چھوڑ دئیے، وہ اب بھی ہمارے پاس موجود ہیں۔ میں نے اپنا حج کیا ہے، لیکن اب بیمار ہوں۔ اگر والدہ کی طرف سے مجھے حج کرنا پڑے تو میں کرسی پر حج کرسکتی ہوں؟</p><p>ہمیں معلوم نہیں تھا کہ ہماری والدہ کی میراث میں ان کے بھائی اور بہنوں کا بھی حصہ ہوگا، اس لیے ہم بہنوں نے پیسے صدقہ کرتے وقت ان سے نہیں پوچھا۔ اب ہم نے سنا کہ ان کا بھی حق بنتا ہے تو ہم پوچھنا چاہتے ہیں کہ کیا واقعتا ان کا حق بنتا ہے؟ اگر ان کا حق بنتا ہے تو اس صورت میں ہم کیا کریں؟   </p><p>ہم ماموؤں اور خالاؤں کو فی الحال کچھ نہیں بتاسکتے، پہلے ہمیں شرعی حکم کا علم ہوجائے، اس کے بعد ان شاء اللہ ان سے بات کریں گے۔</p>,"<h4 class=""has-text-align-center"">اَلجَوَابْ بِاسْمِ مُلْہِمِ الصَّوَابْ

</h4><p>(1)۔۔۔ انسان انتقال کے وقت اپنی ملکیت میں جو منقولہ و غیر منقولہ مال و جائیداد ،نقد رقم، سونا چاندی، مالِ تجارت غرض ہر طرح کا چھوٹا بڑا جو بھی سازوسامان چھوڑے یا اگر مرحوم کا کسی شخص یا ادارے کے ذمے  کوئی قرض واجب ہو، وہ سب اس کا ترکہ کہلاتا ہے۔ ترکہ کے ساتھ درجِ ذیل چار حقوق بالترتیب</p><p>متعلق ہوتے ہیں:-</p><ul>
<li>سب سے پہلے اس سے میت کی تجہیز و تکفین كےمتوسط اخراجات نکالے جائیں گے، البتہ اگر یہ اخراجات کسی نے بطورِ احسان اپنی طرف سے کیے ہوں تو پھر انہیں ترکہ سے نہیں نکالا جائے گا۔</li>
<li>اس کے بعد اگر میت کے ذمہ کسی کا قرض واجب الادا ہو تو اس کو ادا کیا جائے گا۔</li>
<li> اس کے بعد اگر اس نے کسی غیر وارث کے حق میں کوئی جائز وصیت کی ہو تو بقیہ مال میں سے ایک تہائی (3/1) مال کی حد تک اس پر عمل کیا جائے گا۔</li>
<li>اس کے بعد جو کچھ بچے گا، وہ اس کے ورثا میں ان کے شرعی حصوں کے مطابق تقسیم ہوگا۔</li>
</ul><p>(2)۔۔۔ سوال میں ذکر کردہ تفصیل کے مطابق آپ کی والدہ کے ترکہ میں دو تہائی حصہ آپ تین بہنوں کا بنتا تھا، جبکہ بقیہ ایک تہائی حصہ آپ کے پانچ ماموؤں اور چار خالاؤں کا بنتا تھا، لہٰذا آپ بہنوں کا ان کی اجازت کے بغیر والدہ کے ترکہ کی رقم صدقہ کرنا درست نہیں تھا۔ اب آپ کے لیے حکم یہ ہے کہ چار زندہ ماموؤں، چاروں خالاؤں اور فوت شدہ ماموں کے ورثا کو یہ بات بتادیں، اگر وہ اس صدقے کی اجازت دیں اور اس پر رضامندی کا اظہار کریں تو آپ بری الذمہ ہوجائیں گی، لیکن اگر وہ اپنے حصوں کا مطالبہ کریں تو پھر آپ سب بہنوں پر ان کو صدقہ کردہ رقم کا ایک تہائی حصہ دینا لازم ہوگا، جو ان کے درمیان {لِلذَّكَرِ مِثْلُ حَظِّ الْأُنْثَيَيْنِ} قاعدے کے مطابق تقسیم ہوگا، یعنی وہ ایک تہائی رقم کل پندرہ حصوں میں تقسیم ہوگی، جس میں سے ہر ماموں کو دو، دو (2، 2) حصے، جبکہ ہر خالہ کو ایک، ایک (1، 1) حصہ ملے گا۔ اگر ان میں سے بعض صدقے پر رضامندی کا اظہار کریں اور بعض اپنے حصوں کا مطالبہ کریں تو جو حصوں کا مطالبہ کریں گے، صرف انہی کو ان کے حصوں کے بقدر رقم دینا لازم ہوگا۔</p><p> (3)۔۔۔ آپ نے والدہ کے ترکہ میں سے حجِ بدل کی وصیت پر عمل کرنے کے لیے جو چار لاکھ روپے رکھے ہیں، اس کے بارے میں یہ دیکھیں کہ آپ کی والدہ نے انتقال کے وقت اس رقم سمیت جو کچھ ترکہ چھوڑا تھا، اس میں سے نمبر (1) میں ذکر کردہ تفصیل کے مطابق تجہیز و تکفین کے اخراجات اور واجب الاداء قرضے نکالنے کے بعد کل کتنا مال بچتا ہے اور یہ چار لاکھ روپے اس کا ایک تہائی بنتا ہے یا اس سے کم یا زیادہ؟ اگر یہ ایک تہائی سے کم یا اس کے برابر ہے تو پھر والدہ کی وصیت کے مطابق پورے چار لاکھ روپے سے حجِ بدل کرنا ضروری ہے۔ لیکن اگر یہ رقم ایک تہائی سے زیادہ ہے تو پھر ایک تہائی رقم والدہ کی وصیت کے مطابق حجِ بدل میں خرچ کرنا ضروری ہے، جبکہ باقی رقم کے حق دار تمام ورثا (آپ تین بہنیں، چار خالائیں اور پانچ ماموں) ہوں گے، البتہ اگر تمام ورثا مرحومہ کی وصیت کے مطابق اس پوری رقم سے حجِ بدل کرانے کی اجازت دیں تو پھر پوری رقم کو حج میں خرچ کرنا درست ہوگا، اگر بعض ورثا اجازت دیں اور بعض اجازت نہ دیں تو جو اجازت دیں، صرف ان کے حصے کی رقم حجِ بدل میں خرچ کرنا درست ہوگا۔  </p><p>(4)۔۔۔ اب چونکہ اس رقم کے ذریعے پاکستان سے حج پر جانا ممکن نہیں، اس لیے اگر میقات سے باہر (مثلا مدینہ منورہ اور طائف وغیرہ) کوئی جاننے والا ہو اور وہ آپ کی والدہ کی طرف سے حجِ بدل کے لیے تیار ہو تو نمبر (3) میں ذکر کردہ تفصیل کی روشنی میں پورے چار لاکھ روپے یا اس میں سے جتنی رقم میں وصیت درست ہو، اس سے اس شخص کو حجِ بدل پر بھیج دیں۔ اگر میقات کے باہر سے کسی کو حجِ بدل پر بھیجنے کا خرچہ ادا کرنے کے بعد بھی کچھ رقم بچ جائے اور اس سے مزید لوگوں کو وہاں (میقات کے باہر یا میقات کے اندر) سے حج کرانا ممکن ہو تو ان کو حج کرائیں، یہاں تک کہ اتنی رقم بچ جائے جس سے میقات کے اندر (مثلا مکہ) سے بھی کسی کو حج کرانا ممکن نہ رہے، ایسی صورت میں پھر وہ رقم آپ کی والدہ کے ورثا میں ان کے حصوں کے مطابق تقسیم ہوگی۔  </p><h6 class=""has-text-align-right"">حوالہ جات</h6><div style=""direction: rtl;font-family: Amiri;
    
     font-size: 13px; font-weight: 400;""><p>القرآن الکریم،:</p>
<p>{يُوصِيكُمُ اللَّهُ فِي أَوْلَادِكُمْ لِلذَّكَرِ مِثْلُ حَظِّ الْأُنْثَيَيْنِ فَإِنْ كُنَّ نِسَاءً فَوْقَ اثْنَتَيْنِ فَلَهُنَّ ثُلُثَا مَا تَرَكَ }. الآیة [النساء: 11].</p>
<p>السراجي فی المیراث (25):</p>
<p>أحوال الأخوات لأب وأم: وأما للأخوات لأب وأم فأحوال خمس: النصف للواحدة، والثلثان للاثنتین فصاعدة، ومع الأخ لأب وأم للذکر مثل حظ الأنثیین….. الخ</p>
<p>السراجی فی المیراث (38-35):</p>
<p>العصبات النسبیة ثلاثة: عصبة بنفسه، وعصبة بغیره، وعصبة مع غیره. <strong>أما العصبة بنفس</strong><strong>ه فکل ذکر لا تدخل فی نسبته إلی المیت أنثی، وهم أربعة أصناف:</strong> جزء المیت، و أصله، وجزء أبیه، وجزء جده، الأقرب فالأقرب، یرجحون بقرب الدرجة، أعنی أولاهم بالمیراث جزء المیت ای البنون ثم بنوهم وإن سفلوا، ثم أصله أی الأب ثم الجد أی أب الأب وإن علا، <strong>ثم جزء أبیه أی الإخوة ثم بنوهم وإن سفلوا،</strong> ثم جزء جده أی الأعمام ثم بنوهم وإن سفلوا. ……… وأما العصبة بغیره فأربع من النسوة، وهن اللاتی فرضهن النصف والثلثان، یصرن عصبة بإخوتهن کما ذکرنا فی حالاتهن، ومن لا فرض لها من الإناث وأخوها عصبة لا تصیر عصبة بأخیها کالعم والعمة، المال کله للعم دون العمة. </p>
<p>غنیة الناسك (505-491):</p>
<p>فصل في شرائط النیابة في الحج الفرض: ولإجزاء النیابة في حجة الإسلام ونحوها، کالقضاء والنذر، عشرون شرطا: الأول: وجوب الحج علی المحجوج عنه بالیسار والصحة...…. الخامس: أن یحج بمال المحجوج عنه إن أمره صریحا، والشرط کون أکثر النفقة من مال المیت……. السادس: نیة الحج عن المحجوج عنه عند الإحرام أو تعیینه قبل الشروع في الأعمال………. <strong>التاسع: تعیین المأمور المعین إن عین</strong><strong>ه</strong><strong> الآمر بأن قال: ""یحج عن</strong><strong>ي</strong><strong> فلان، لا غیر</strong><strong>ه</strong><strong>""، فإن مات فلان لم یجز حج غیر</strong><strong>ه</strong><strong> عن</strong><strong>ه</strong><strong>.</strong><strong> ولو لم یصرح بالمنع بأن لم یقل: ""لا غیر</strong><strong>ه</strong><strong>"" فمات فلان، أحجوا عن</strong><strong>ه</strong><strong> غیر</strong><strong>ه</strong><strong>.</strong><strong> والمراد بتعیین</strong><strong>ه</strong><strong> منع حج غیر</strong><strong>ه</strong><strong> عن</strong><strong>ه</strong><strong> أو الحصر بأن قال: ""لایحج عن</strong><strong>ي</strong><strong> إلا فلان"" لا ذکر اسم</strong><strong>ه</strong><strong> فقط، فف</strong><strong>ي</strong><strong> منسك الکرمان</strong><strong>ي</strong><strong>: "" ولو أوصی بأن یحج عن</strong><strong>ه</strong><strong> فلان، فأبی فلان، فدفع الوص</strong><strong>ي</strong><strong> إلی غیر</strong><strong>ه</strong><strong> جاز، وإن لم یأب ودفع إلی غیر</strong><strong>ه</strong><strong> جاز أیضا""</strong>………... الحادي عشر: أن یحج من بلده من ثلث ماله إن أوصی بالحج عنه وأطلق، فلم یعین مالا و لا مکانا…….. الرابع عشر: أن یحرم من میقات الآمر لو أمره بالحج وأطلق عن ذکر المیقات…… فاشتراط الإحرام من المیقات إنما هو للأمر به دلالة، لا أنه شرط في نفسه، والله أعلم.</p>
<p>غنیة الناسك (514):</p>
<p><strong>فصل في الوصیة بالحج: ولو أوصی رجلا أن یحج عن</strong><strong>ه</strong><strong> أو قال:  ""أحجوا عن</strong><strong>ي</strong><strong>"" وأطلق: </strong>فلم یعین المال ولا کمیة الحج یحج عنه من ثلث ماله حجة واحدة بقدر الکفایة، حتی أن الوصي إن أعطی رجلا لیحج عنه في محمل احتاج إلی ألف ومأتین، وإن أحج راکبا لا في محمل یکفیه الألف، وکلاهما یخرج من الثلث یجب أقلهما؛ لأنه المتیقن، وما فضل فهو لورثته.</p>
<p><strong>وإن عین المال بأن قال ""بألف"" و</strong><strong>ه</strong><strong>و یخرج من الثلث أو قال ""بثلث مال</strong><strong>ي</strong><strong>"" وأطلق عن کمیة الحج یحج عن</strong><strong>ه</strong><strong> من جمیع ما عین</strong><strong>ه</strong><strong>، فإن کان یبلغ حجة واحدة لزمت</strong><strong>ه</strong><strong>، وإن بلغ حججا کثیرة فالوص</strong><strong>ي</strong><strong> بالخیار، إن شاء أحج عن</strong><strong>ه</strong><strong> کل سنة حجة، وإن شاء أحج عن</strong><strong>ه</strong><strong> رجالا کثیرة ف</strong><strong>ي</strong><strong> سنة واحدة، و</strong><strong>ه</strong><strong>و الأفضل</strong><strong>.</strong><strong> </strong></p>
<p><strong>فإن أحج الوصي واحدةً أو حججا وبقي شیئ قلیل لایفي للحج من وطنه ویفي للحج من أقرب المواقیت أو من مکة أو ما أشبه ذلك یأتي بذلك، ولایرد الباقي علی الورثة إلا إذا کان شیئا یسیرا لایحتمل الإحجاج أصلا، فیرده علی الورثة ولایحل للمأمور</strong><strong>.</strong>  </p>
<p>رد المحتار (2/ 600):</p>
<p>مطلب شروط الحج عن الغير عشرون……………. الحادي عشر: أن يحج عنه من وطنه إن اتسع الثلث، وإلا فمن حيث يبلغ، كما سيأتي بيانه.</p>
<p>الفتاوى الهندية (1/ 259):</p>
<p>فإن لم يبين مكانا يحج عنه من وطنه عند علمائنا, وهذا إذا كان ثلث ماله يكفي للحج من وطنه، فأما إذا كان لا يكفي لذلك، فإنه يحج عنه من حيث يمكن الإحجاج عنه بثلث ماله، كذا في المحيط.</p>
</div><p>عبداللہ ولی غفر اللہ لہٗ</p><p>  دار الافتاء جامعۃ الرشید کراچی</p><p>     6/شعبان المعظم 1446ھ</p><h6 class=""has-text-align-center"">
واللہ سبحانہ وتعالی اعلم
</h6><figure class=""wp-block-table""><table><tbody><tr><td><h3>مجیب</h3></td><td>عبداللہ ولی</td><td><h3>مفتیان</h3></td><td>سیّد عابد شاہ صاحب / محمد حسین خلیل خیل صاحب</td></tr></tbody></table></figure>",86828,jameya-tur-rasheed,میراث کے مسائل,میراث کے متفرق مسائل,"<div class=""pagelayer-col-holder""><div class=""p-kgd1425 pagelayer-post_excerpt"" pagelayer-id=""kgd1425"">
<style pagelayer-style-id=""kgd1425"">.p-kgd1425 .pagelayer-post-excerpt{color:#adb5bd;font-family: ; font-size: 15px !important; font-style: Italic !important; font-weight: 500 !important; font-variant:  !important; text-decoration-line:  !important; text-decoration-style:  !important; line-height: 1.5em !important; text-transform:  !important; letter-spacing: px !important; word-spacing: px !important;margin-top:0px; margin-right:0px; margin-bottom:0px; margin-left:0px}
.p-kgd1425{text-align: left;margin-top: 0px; margin-right: 0px; margin-bottom: 0px; margin-left: 0px;padding-top: 0px; padding-right: 0px; padding-bottom: 0px; padding-left: 0px}
</style></div><div class=""p-4wb1030 pagelayer-featured_img"" pagelayer-id=""4wb1030"">
<style pagelayer-style-id=""4wb1030"">.p-4wb1030{text-align: center}
.p-4wb1030 img{filter: blur(0px) brightness(100%) contrast(100%) grayscale(0%) hue-rotate(0deg) opacity(100%) saturate(100%);box-shadow: 0px 24px 36px 0px rgba(0,0,0,0.10)  !important;-webkit-transition: all 400ms; transition: all 400ms}
.p-4wb1030 .pagelayer-featured-caption{color: #0986c0}
</style>
<div class=""pagelayer-featured-img""></div>
</div><div class=""p-f8n3612 pagelayer-inner_row pagelayer-row-stretch-auto pagelayer-height-default"" pagelayer-id=""f8n3612"">
<style pagelayer-style-id=""f8n3612"">.p-f8n3612 .pagelayer-col-holder{padding: 10px}
.p-f8n3612 > .pagelayer-background-overlay{-webkit-transition: all 400ms !important; transition: all 400ms !important}
.p-f8n3612 .pagelayer-svg-top .pagelayer-shape-fill{fill:#227bc3}
.p-f8n3612 .pagelayer-row-svg .pagelayer-svg-top{width:100%;height:100px}
.p-f8n3612 .pagelayer-svg-bottom .pagelayer-shape-fill{fill:#e44993}
.p-f8n3612 .pagelayer-row-svg .pagelayer-svg-bottom{width:100%;height:100px}
</style>
<div class=""pagelayer-row-holder pagelayer-row pagelayer-auto pagelayer-width-auto""><div class=""p-i795860 pagelayer-col pagelayer-col-4"" pagelayer-id=""i795860"">
<style pagelayer-style-id=""i795860"">.p-i795860{align-content: center !important}
.p-i795860 .pagelayer-col-holder > div:not(:last-child){margin-bottom: 15px}
.p-i795860 > .pagelayer-background-overlay{-webkit-transition: all 400ms !important; transition: all 400ms !important}
</style>
<div class=""pagelayer-col-holder""><div class=""p-qip3968 pagelayer-post_info"" pagelayer-id=""qip3968"">
<style pagelayer-style-id=""qip3968"">.p-qip3968 .pagelayer-post-info-vertical .pagelayer-post-info-list-container{margin-right:25px}
.p-qip3968 .pagelayer-post-info-horizontal .pagelayer-post-info-list-container{margin-bottom:25px}
.p-qip3968 .pagelayer-post-info-container{text-align:right}
.p-qip3968 .pagelayer-post-info-icon span{font-size:120%;color:#495057}
.p-qip3968 .pagelayer-post-info-list-container a{font-family: Roboto !important; font-size: 14px !important; font-style:  !important; font-weight: 500 !important; font-variant:  !important; text-decoration-line:  !important; text-decoration-style:  !important; line-height: 1.6em !important; text-transform:  !important; letter-spacing: px !important; word-spacing: px !important}
.p-qip3968 .pagelayer-post-info-label{color:#495057}
.p-qip3968 .pagelayer-post-info-label a{color:#495057}
.p-qip3968 .pagelayer-post-info-label:hover{color:#000000}
.p-qip3968 .pagelayer-post-info-label:hover a{color:#000000}
</style><div class=""pagelayer-post-info-container pagelayer-post-info-vertical""><div class=""p-xj43574 pagelayer-post_info_list"" pagelayer-id=""xj43574"">
<div class=""pagelayer-post-info-list-container"">
<a class=""pagelayer-post-info-list-link"" href=""https://almuftionline.com/2025/02/05/"">
<span class=""pagelayer-post-info-icon"">
<span class=""far fa-clock""></span>
</span>
<span class=""pagelayer-post-info-label pagelayer-date"">فروری 5, 2025</span>
</a>
</div></div></div></div></div></div><div class=""p-t2j1983 pagelayer-col pagelayer-col-7"" pagelayer-id=""t2j1983"">
<style pagelayer-style-id=""t2j1983"">.p-t2j1983{align-content: center !important}
.p-t2j1983 .pagelayer-col-holder > div:not(:last-child){margin-bottom: 15px}
.p-t2j1983 > .pagelayer-background-overlay{-webkit-transition: all 400ms !important; transition: all 400ms !important}
</style>
<div class=""pagelayer-col-holder""><div class=""p-dbq3916 pagelayer-post_info"" pagelayer-id=""dbq3916"">
<style pagelayer-style-id=""dbq3916"">.p-dbq3916 .pagelayer-post-info-container{text-align:right}
.p-dbq3916 .pagelayer-post-info-icon span{font-size:120%;color:#495057}
.p-dbq3916 .pagelayer-post-info-list-container a{font-family: Roboto !important; font-size: 14px !important; font-style:  !important; font-weight: 500 !important; font-variant:  !important; text-decoration-line:  !important; text-decoration-style:  !important; line-height: 1.6em !important; text-transform:  !important; letter-spacing: px !important; word-spacing: px !important}
.p-dbq3916 .pagelayer-post-info-label{color:#0072ff}
.p-dbq3916 .pagelayer-post-info-label a{color:#0072ff}
.p-dbq3916 .pagelayer-terms *{color:#f8952c !important;padding-top:5px; padding-right:10px; padding-bottom:5px; padding-left:10px;margin-top:0px; margin-right:5px; margin-bottom:0px; margin-left:5px;border-radius: 4px 4px 4px 4px; -webkit-border-radius:  4px 4px 4px 4px;-moz-border-radius: 4px 4px 4px 4px}
.p-dbq3916{padding-top: 0px; padding-right: 0px; padding-bottom: 0px; padding-left: 0px}
@media (max-width: 768px) and (min-width: 501px){.p-dbq3916 .pagelayer-post-info-container{text-align:left}
}
@media (max-width: 500px){.p-dbq3916 .pagelayer-post-info-container{text-align:left}
}
</style><div class=""pagelayer-post-info-container pagelayer-post-info-vertical""><div class=""p-wpv7212 pagelayer-post_info_list"" pagelayer-id=""wpv7212"">
<div class=""pagelayer-post-info-list-container"">
<span class=""pagelayer-post-info-icon"">
</span>
<span class=""pagelayer-post-info-label pagelayer-terms""> <a href=""https://almuftionline.com/category/fatwa/53/""> میراث کے مسائل </a></span>
</div></div></div></div></div></div></div></div><div class=""p-trw3096 pagelayer-inner_row pagelayer-row-stretch-auto pagelayer-height-default"" pagelayer-id=""trw3096"">
<style pagelayer-style-id=""trw3096"">.p-trw3096 .pagelayer-col-holder{padding: 10px}
.p-trw3096 > .pagelayer-background-overlay{-webkit-transition: all 400ms !important; transition: all 400ms !important}
.p-trw3096 .pagelayer-svg-top .pagelayer-shape-fill{fill:#227bc3}
.p-trw3096 .pagelayer-row-svg .pagelayer-svg-top{width:100%;height:100px}
.p-trw3096 .pagelayer-svg-bottom .pagelayer-shape-fill{fill:#e44993}
.p-trw3096 .pagelayer-row-svg .pagelayer-svg-bottom{width:100%;height:100px}
</style>
<div class=""pagelayer-row-holder pagelayer-row pagelayer-auto pagelayer-width-auto""><div class=""p-wwu6541 pagelayer-col pagelayer-col-2"" pagelayer-id=""wwu6541"">
<style pagelayer-style-id=""wwu6541"">.p-wwu6541{align-content: center !important}
.p-wwu6541 .pagelayer-col-holder > div:not(:last-child){margin-bottom: 15px}
.p-wwu6541 > .pagelayer-background-overlay{-webkit-transition: all 400ms !important; transition: all 400ms !important}
</style>
<div class=""pagelayer-col-holder""><div class=""p-ccj4284 pagelayer-post_content"" pagelayer-id=""ccj4284"">
<style pagelayer-style-id=""ccj4284"">.p-ccj4284{text-align: right}
</style><div class=""entry-content pagelayer-post-excerpt""><figure class=""wp-block-table""><table><tbody><tr><td>86828</td><td>میراث کے مسائل</td><td>میراث کے متفرق مسائل</td></tr></tbody></table></figure><div style=""direction:rtl;line-height: 2.5;""><h3 class=""has-text-align-center"">سوال</h3><p>میری والدہ کا تقریبا چھ سال پہلے انتقال ہوا، ہم صرف تین بہنیں ہیں، ہمارا بھائی کوئی نہیں، والد صاحب کا انتقال والدہ سے پہلے ہوا تھا۔ والدہ کے انتقال کے وقت ان کے والدین، دادا، دادی اور نانی میں سے کوئی زندہ نہیں تھا، البتہ پانچ بھائی اور چار بہنیں زندہ تھیں، جن میں سے اب ایک بھائی کا انتقال ہوچکا ہے، جبکہ چار بھائی اور چار بہنیں زندہ ہیں۔</p>
<p> ہماری والدہ پر حج فرض ہوا تھا، ان کے پاس اتنے پیسے تھے جس سے وہ خود بھی حج پر جاسکتی تھی اور اپنے ساتھ محرم کو بھی لے کر جاسکتی تھی، لیکن کوئی محرم ان کے ساتھ جانے کے لیے تیار نہیں ہوا، اس لیے انہوں نے مجھے وصیت کی کہ چار لاکھ روپے سے میرے میری طرف سے حج کرلینا۔ والدہ نے انتقال کے وقت کچھ رقم چھوڑی تھی، ہم تین بہنوں نے باہم رضامندی سے وہ رقم امی کے لیے صدقہ کی، البتہ حج کے لیے چار لاکھ روپے چھوڑ دئیے، وہ اب بھی ہمارے پاس موجود ہیں۔ میں نے اپنا حج کیا ہے، لیکن اب بیمار ہوں۔ اگر والدہ کی طرف سے مجھے حج کرنا پڑے تو میں کرسی پر حج کرسکتی ہوں؟</p>
<p>ہمیں معلوم نہیں تھا کہ ہماری والدہ کی میراث میں ان کے بھائی اور بہنوں کا بھی حصہ ہوگا، اس لیے ہم بہنوں نے پیسے صدقہ کرتے وقت ان سے نہیں پوچھا۔ اب ہم نے سنا کہ ان کا بھی حق بنتا ہے تو ہم پوچھنا چاہتے ہیں کہ کیا واقعتا ان کا حق بنتا ہے؟ اگر ان کا حق بنتا ہے تو اس صورت میں ہم کیا کریں؟   </p>
<p>ہم ماموؤں اور خالاؤں کو فی الحال کچھ نہیں بتاسکتے، پہلے ہمیں شرعی حکم کا علم ہوجائے، اس کے بعد ان شاء اللہ ان سے بات کریں گے۔</p>
<h4 class=""has-text-align-center"">اَلجَوَابْ بِاسْمِ مُلْہِمِ الصَّوَابْ

</h4><p>(1)۔۔۔ انسان انتقال کے وقت اپنی ملکیت میں جو منقولہ و غیر منقولہ مال و جائیداد ،نقد رقم، سونا چاندی، مالِ تجارت غرض ہر طرح کا چھوٹا بڑا جو بھی سازوسامان چھوڑے یا اگر مرحوم کا کسی شخص یا ادارے کے ذمے  کوئی قرض واجب ہو، وہ سب اس کا ترکہ کہلاتا ہے۔ ترکہ کے ساتھ درجِ ذیل چار حقوق بالترتیب</p>
<p>متعلق ہوتے ہیں:-</p>
<ul>
<li>سب سے پہلے اس سے میت کی تجہیز و تکفین كےمتوسط اخراجات نکالے جائیں گے، البتہ اگر یہ اخراجات کسی نے بطورِ احسان اپنی طرف سے کیے ہوں تو پھر انہیں ترکہ سے نہیں نکالا جائے گا۔</li>
<li>اس کے بعد اگر میت کے ذمہ کسی کا قرض واجب الادا ہو تو اس کو ادا کیا جائے گا۔</li>
<li> اس کے بعد اگر اس نے کسی غیر وارث کے حق میں کوئی جائز وصیت کی ہو تو بقیہ مال میں سے ایک تہائی (3/1) مال کی حد تک اس پر عمل کیا جائے گا۔</li>
<li>اس کے بعد جو کچھ بچے گا، وہ اس کے ورثا میں ان کے شرعی حصوں کے مطابق تقسیم ہوگا۔</li>
</ul>
<p>(2)۔۔۔ سوال میں ذکر کردہ تفصیل کے مطابق آپ کی والدہ کے ترکہ میں دو تہائی حصہ آپ تین بہنوں کا بنتا تھا، جبکہ بقیہ ایک تہائی حصہ آپ کے پانچ ماموؤں اور چار خالاؤں کا بنتا تھا، لہٰذا آپ بہنوں کا ان کی اجازت کے بغیر والدہ کے ترکہ کی رقم صدقہ کرنا درست نہیں تھا۔ اب آپ کے لیے حکم یہ ہے کہ چار زندہ ماموؤں، چاروں خالاؤں اور فوت شدہ ماموں کے ورثا کو یہ بات بتادیں، اگر وہ اس صدقے کی اجازت دیں اور اس پر رضامندی کا اظہار کریں تو آپ بری الذمہ ہوجائیں گی، لیکن اگر وہ اپنے حصوں کا مطالبہ کریں تو پھر آپ سب بہنوں پر ان کو صدقہ کردہ رقم کا ایک تہائی حصہ دینا لازم ہوگا، جو ان کے درمیان {لِلذَّكَرِ مِثْلُ حَظِّ الْأُنْثَيَيْنِ} قاعدے کے مطابق تقسیم ہوگا، یعنی وہ ایک تہائی رقم کل پندرہ حصوں میں تقسیم ہوگی، جس میں سے ہر ماموں کو دو، دو (2، 2) حصے، جبکہ ہر خالہ کو ایک، ایک (1، 1) حصہ ملے گا۔ اگر ان میں سے بعض صدقے پر رضامندی کا اظہار کریں اور بعض اپنے حصوں کا مطالبہ کریں تو جو حصوں کا مطالبہ کریں گے، صرف انہی کو ان کے حصوں کے بقدر رقم دینا لازم ہوگا۔</p>
<p> (3)۔۔۔ آپ نے والدہ کے ترکہ میں سے حجِ بدل کی وصیت پر عمل کرنے کے لیے جو چار لاکھ روپے رکھے ہیں، اس کے بارے میں یہ دیکھیں کہ آپ کی والدہ نے انتقال کے وقت اس رقم سمیت جو کچھ ترکہ چھوڑا تھا، اس میں سے نمبر (1) میں ذکر کردہ تفصیل کے مطابق تجہیز و تکفین کے اخراجات اور واجب الاداء قرضے نکالنے کے بعد کل کتنا مال بچتا ہے اور یہ چار لاکھ روپے اس کا ایک تہائی بنتا ہے یا اس سے کم یا زیادہ؟ اگر یہ ایک تہائی سے کم یا اس کے برابر ہے تو پھر والدہ کی وصیت کے مطابق پورے چار لاکھ روپے سے حجِ بدل کرنا ضروری ہے۔ لیکن اگر یہ رقم ایک تہائی سے زیادہ ہے تو پھر ایک تہائی رقم والدہ کی وصیت کے مطابق حجِ بدل میں خرچ کرنا ضروری ہے، جبکہ باقی رقم کے حق دار تمام ورثا (آپ تین بہنیں، چار خالائیں اور پانچ ماموں) ہوں گے، البتہ اگر تمام ورثا مرحومہ کی وصیت کے مطابق اس پوری رقم سے حجِ بدل کرانے کی اجازت دیں تو پھر پوری رقم کو حج میں خرچ کرنا درست ہوگا، اگر بعض ورثا اجازت دیں اور بعض اجازت نہ دیں تو جو اجازت دیں، صرف ان کے حصے کی رقم حجِ بدل میں خرچ کرنا درست ہوگا۔  </p>
<p>(4)۔۔۔ اب چونکہ اس رقم کے ذریعے پاکستان سے حج پر جانا ممکن نہیں، اس لیے اگر میقات سے باہر (مثلا مدینہ منورہ اور طائف وغیرہ) کوئی جاننے والا ہو اور وہ آپ کی والدہ کی طرف سے حجِ بدل کے لیے تیار ہو تو نمبر (3) میں ذکر کردہ تفصیل کی روشنی میں پورے چار لاکھ روپے یا اس میں سے جتنی رقم میں وصیت درست ہو، اس سے اس شخص کو حجِ بدل پر بھیج دیں۔ اگر میقات کے باہر سے کسی کو حجِ بدل پر بھیجنے کا خرچہ ادا کرنے کے بعد بھی کچھ رقم بچ جائے اور اس سے مزید لوگوں کو وہاں (میقات کے باہر یا میقات کے اندر) سے حج کرانا ممکن ہو تو ان کو حج کرائیں، یہاں تک کہ اتنی رقم بچ جائے جس سے میقات کے اندر (مثلا مکہ) سے بھی کسی کو حج کرانا ممکن نہ رہے، ایسی صورت میں پھر وہ رقم آپ کی والدہ کے ورثا میں ان کے حصوں کے مطابق تقسیم ہوگی۔  </p>
</div><h6 class=""has-text-align-right"">حوالہ جات</h6><div style=""direction: rtl;font-family: Amiri;
    
     font-size: 13px; font-weight: 400;""><p>القرآن الکریم،:</p>
<p>{يُوصِيكُمُ اللَّهُ فِي أَوْلَادِكُمْ لِلذَّكَرِ مِثْلُ حَظِّ الْأُنْثَيَيْنِ فَإِنْ كُنَّ نِسَاءً فَوْقَ اثْنَتَيْنِ فَلَهُنَّ ثُلُثَا مَا تَرَكَ }. الآیة [النساء: 11].</p>
<p>السراجي فی المیراث (25):</p>
<p>أحوال الأخوات لأب وأم: وأما للأخوات لأب وأم فأحوال خمس: النصف للواحدة، والثلثان للاثنتین فصاعدة، ومع الأخ لأب وأم للذکر مثل حظ الأنثیین….. الخ</p>
<p>السراجی فی المیراث (38-35):</p>
<p>العصبات النسبیة ثلاثة: عصبة بنفسه، وعصبة بغیره، وعصبة مع غیره. <strong>أما العصبة بنفس</strong><strong>ه فکل ذکر لا تدخل فی نسبته إلی المیت أنثی، وهم أربعة أصناف:</strong> جزء المیت، و أصله، وجزء أبیه، وجزء جده، الأقرب فالأقرب، یرجحون بقرب الدرجة، أعنی أولاهم بالمیراث جزء المیت ای البنون ثم بنوهم وإن سفلوا، ثم أصله أی الأب ثم الجد أی أب الأب وإن علا، <strong>ثم جزء أبیه أی الإخوة ثم بنوهم وإن سفلوا،</strong> ثم جزء جده أی الأعمام ثم بنوهم وإن سفلوا. ……… وأما العصبة بغیره فأربع من النسوة، وهن اللاتی فرضهن النصف والثلثان، یصرن عصبة بإخوتهن کما ذکرنا فی حالاتهن، ومن لا فرض لها من الإناث وأخوها عصبة لا تصیر عصبة بأخیها کالعم والعمة، المال کله للعم دون العمة. </p>
<p>غنیة الناسك (505-491):</p>
<p>فصل في شرائط النیابة في الحج الفرض: ولإجزاء النیابة في حجة الإسلام ونحوها، کالقضاء والنذر، عشرون شرطا: الأول: وجوب الحج علی المحجوج عنه بالیسار والصحة...…. الخامس: أن یحج بمال المحجوج عنه إن أمره صریحا، والشرط کون أکثر النفقة من مال المیت……. السادس: نیة الحج عن المحجوج عنه عند الإحرام أو تعیینه قبل الشروع في الأعمال………. <strong>التاسع: تعیین المأمور المعین إن عین</strong><strong>ه</strong><strong> الآمر بأن قال: ""یحج عن</strong><strong>ي</strong><strong> فلان، لا غیر</strong><strong>ه</strong><strong>""، فإن مات فلان لم یجز حج غیر</strong><strong>ه</strong><strong> عن</strong><strong>ه</strong><strong>.</strong><strong> ولو لم یصرح بالمنع بأن لم یقل: ""لا غیر</strong><strong>ه</strong><strong>"" فمات فلان، أحجوا عن</strong><strong>ه</strong><strong> غیر</strong><strong>ه</strong><strong>.</strong><strong> والمراد بتعیین</strong><strong>ه</strong><strong> منع حج غیر</strong><strong>ه</strong><strong> عن</strong><strong>ه</strong><strong> أو الحصر بأن قال: ""لایحج عن</strong><strong>ي</strong><strong> إلا فلان"" لا ذکر اسم</strong><strong>ه</strong><strong> فقط، فف</strong><strong>ي</strong><strong> منسك الکرمان</strong><strong>ي</strong><strong>: "" ولو أوصی بأن یحج عن</strong><strong>ه</strong><strong> فلان، فأبی فلان، فدفع الوص</strong><strong>ي</strong><strong> إلی غیر</strong><strong>ه</strong><strong> جاز، وإن لم یأب ودفع إلی غیر</strong><strong>ه</strong><strong> جاز أیضا""</strong>………... الحادي عشر: أن یحج من بلده من ثلث ماله إن أوصی بالحج عنه وأطلق، فلم یعین مالا و لا مکانا…….. الرابع عشر: أن یحرم من میقات الآمر لو أمره بالحج وأطلق عن ذکر المیقات…… فاشتراط الإحرام من المیقات إنما هو للأمر به دلالة، لا أنه شرط في نفسه، والله أعلم.</p>
<p>غنیة الناسك (514):</p>
<p><strong>فصل في الوصیة بالحج: ولو أوصی رجلا أن یحج عن</strong><strong>ه</strong><strong> أو قال:  ""أحجوا عن</strong><strong>ي</strong><strong>"" وأطلق: </strong>فلم یعین المال ولا کمیة الحج یحج عنه من ثلث ماله حجة واحدة بقدر الکفایة، حتی أن الوصي إن أعطی رجلا لیحج عنه في محمل احتاج إلی ألف ومأتین، وإن أحج راکبا لا في محمل یکفیه الألف، وکلاهما یخرج من الثلث یجب أقلهما؛ لأنه المتیقن، وما فضل فهو لورثته.</p>
<p><strong>وإن عین المال بأن قال ""بألف"" و</strong><strong>ه</strong><strong>و یخرج من الثلث أو قال ""بثلث مال</strong><strong>ي</strong><strong>"" وأطلق عن کمیة الحج یحج عن</strong><strong>ه</strong><strong> من جمیع ما عین</strong><strong>ه</strong><strong>، فإن کان یبلغ حجة واحدة لزمت</strong><strong>ه</strong><strong>، وإن بلغ حججا کثیرة فالوص</strong><strong>ي</strong><strong> بالخیار، إن شاء أحج عن</strong><strong>ه</strong><strong> کل سنة حجة، وإن شاء أحج عن</strong><strong>ه</strong><strong> رجالا کثیرة ف</strong><strong>ي</strong><strong> سنة واحدة، و</strong><strong>ه</strong><strong>و الأفضل</strong><strong>.</strong><strong> </strong></p>
<p><strong>فإن أحج الوصي واحدةً أو حججا وبقي شیئ قلیل لایفي للحج من وطنه ویفي للحج من أقرب المواقیت أو من مکة أو ما أشبه ذلك یأتي بذلك، ولایرد الباقي علی الورثة إلا إذا کان شیئا یسیرا لایحتمل الإحجاج أصلا، فیرده علی الورثة ولایحل للمأمور</strong><strong>.</strong>  </p>
<p>رد المحتار (2/ 600):</p>
<p>مطلب شروط الحج عن الغير عشرون……………. الحادي عشر: أن يحج عنه من وطنه إن اتسع الثلث، وإلا فمن حيث يبلغ، كما سيأتي بيانه.</p>
<p>الفتاوى الهندية (1/ 259):</p>
<p>فإن لم يبين مكانا يحج عنه من وطنه عند علمائنا, وهذا إذا كان ثلث ماله يكفي للحج من وطنه، فأما إذا كان لا يكفي لذلك، فإنه يحج عنه من حيث يمكن الإحجاج عنه بثلث ماله، كذا في المحيط.</p>
</div><p>عبداللہ ولی غفر اللہ لہٗ</p>
<p>  دار الافتاء جامعۃ الرشید کراچی</p>
<p>     6/شعبان المعظم 1446ھ</p>
<h6 class=""has-text-align-center"">
واللہ سبحانہ وتعالی اعلم
</h6><figure class=""wp-block-table""><table><tbody><tr><td><h3>مجیب</h3></td><td>عبداللہ ولی</td><td><h3>مفتیان</h3></td><td>سیّد عابد شاہ صاحب / محمد حسین خلیل خیل صاحب</td></tr></tbody></table></figure></div></div></div></div></div></div><div class=""p-wl6689 pagelayer-inner_row pagelayer-row-stretch-auto pagelayer-height-default"" pagelayer-id=""wl6689"">
<style pagelayer-style-id=""wl6689"">.p-wl6689 .pagelayer-col-holder{padding: 10px}
.p-wl6689 > .pagelayer-background-overlay{-webkit-transition: all 400ms !important; transition: all 400ms !important}
.p-wl6689 .pagelayer-svg-top .pagelayer-shape-fill{fill:#227bc3}
.p-wl6689 .pagelayer-row-svg .pagelayer-svg-top{width:100%;height:100px}
.p-wl6689 .pagelayer-svg-bottom .pagelayer-shape-fill{fill:#e44993}
.p-wl6689 .pagelayer-row-svg .pagelayer-svg-bottom{width:100%;height:100px}
</style>
<div class=""pagelayer-row-holder pagelayer-row pagelayer-auto pagelayer-width-auto""><div class=""p-jzl6522 pagelayer-col pagelayer-col-6"" pagelayer-id=""jzl6522"">
<style pagelayer-style-id=""jzl6522"">.p-jzl6522{align-content: center !important}
.p-jzl6522 .pagelayer-col-holder > div:not(:last-child){margin-bottom: 15px}
.p-jzl6522 > .pagelayer-background-overlay{-webkit-transition: all 400ms !important; transition: all 400ms !important}
</style>
<div class=""pagelayer-col-holder""><div class=""p-xsb5673 pagelayer-share_grp pagelayer-share-type-icon-label pagelayer-social-bg-none pagelayer-scheme-official"" pagelayer-id=""xsb5673"">
<style pagelayer-style-id=""xsb5673"">.p-xsb5673{text-align: right}
.p-xsb5673 .pagelayer-share-content{min-height: 35px;-webkit-transition: all 400ms; transition: all 400ms}
.p-xsb5673 i{font-size: 27px}
.p-xsb5673 .pagelayer-icon-holder{font-size: 27px}
.p-xsb5673 .pagelayer-share-content i{-webkit-transition: all 400ms; transition: all 400ms}
.p-xsb5673 .pagelayer-icon-name{font-family: Roboto; font-size: 15px !important; font-style:  !important; font-weight: 500 !important; font-variant:  !important; text-decoration-line:  !important; text-decoration-style:  !important; line-height: em !important; text-transform:  !important; letter-spacing: px !important; word-spacing: px !important}
@media (max-width: 768px) and (min-width: 501px){.p-xsb5673{text-align: left}
.p-xsb5673 .pagelayer-share{padding-top: 10px; padding-bottom: 10px;padding-left: 10px; padding-right: 10px}
.p-xsb5673 i{font-size: 20px}
.p-xsb5673 .pagelayer-icon-holder{font-size: 20px}
.p-xsb5673 .pagelayer-icon-name{font-family: ; font-size: 13px !important; font-style:  !important; font-weight:  !important; font-variant:  !important; text-decoration-line:  !important; text-decoration-style:  !important; line-height: em !important; text-transform:  !important; letter-spacing: px !important; word-spacing: px !important}
}
@media (max-width: 500px){.p-xsb5673{text-align: left}
.p-xsb5673 .pagelayer-share{padding-top: 10px; padding-bottom: 10px;padding-left: 10px; padding-right: 10px}
.p-xsb5673 .pagelayer-share-content{min-height: NaNpx}
.p-xsb5673 i{font-size: 20px}
.p-xsb5673 .pagelayer-icon-holder{font-size: 20px}
.p-xsb5673 .pagelayer-icon-name{font-family: ; font-size: 13px !important; font-style:  !important; font-weight:  !important; font-variant:  !important; text-decoration-line:  !important; text-decoration-style:  !important; line-height: em !important; text-transform:  !important; letter-spacing: px !important; word-spacing: px !important}
}
</style><div class=""p-9mh2934 pagelayer-share"" pagelayer-id=""9mh2934"">
<a class=""pagelayer-ele-link"" href=""https://www.facebook.com/sharer/sharer.php?u=almuftionline.com/2025/02/05/16619/"" target=""_blank"" title=""fab fa-facebook-square"">
<div class=""pagelayer-share-content pagelayer-facebook-square"" data-icon=""fab fa-facebook-square"">
<div class=""pagelayer-icon-holder pagelayer-share-buttons"">
<i class=""pagelayer-social-fa fab fa-facebook-square""></i>
</div>
<div class=""pagelayer-icon-name"">
<span class=""pagelayer-icon-name-span"">Facebook</span>
</div>
</div>
</a></div><div class=""p-rai4926 pagelayer-share"" pagelayer-id=""rai4926"">
<a class=""pagelayer-ele-link"" href=""https://twitter.com/share?url=almuftionline.com/2025/02/05/16619/"" target=""_blank"" title=""fab fa-twitter-square"">
<div class=""pagelayer-share-content pagelayer-twitter-square"" data-icon=""fab fa-twitter-square"">
<div class=""pagelayer-icon-holder pagelayer-share-buttons"">
<i class=""pagelayer-social-fa fab fa-twitter-square""></i>
</div>
<div class=""pagelayer-icon-name"">
<span class=""pagelayer-icon-name-span"">Twitter</span>
</div>
</div>
</a></div><div class=""p-ndy3728 pagelayer-share"" pagelayer-id=""ndy3728"">
<a class=""pagelayer-ele-link"" href=""whatsapp://send?text=almuftionline.com/2025/02/05/16619/"" target=""_blank"" title=""fab fa-whatsapp"">
<div class=""pagelayer-share-content pagelayer-whatsapp"" data-icon=""fab fa-whatsapp"">
<div class=""pagelayer-icon-holder pagelayer-share-buttons"">
<i class=""pagelayer-social-fa fab fa-whatsapp""></i>
</div>
<div class=""pagelayer-icon-name"">
<span class=""pagelayer-icon-name-span"">WhatsApp</span>
</div>
</div>
</a></div></div></div></div></div></div><div class=""p-zqp4850 pagelayer-inner_row pagelayer-row-stretch-auto pagelayer-height-default"" pagelayer-id=""zqp4850"">
<style pagelayer-style-id=""zqp4850"">.p-zqp4850 .pagelayer-col-holder{padding: 10px}
.p-zqp4850 > .pagelayer-background-overlay{-webkit-transition: all 400ms !important; transition: all 400ms !important}
.p-zqp4850 .pagelayer-svg-top .pagelayer-shape-fill{fill:#227bc3}
.p-zqp4850 .pagelayer-row-svg .pagelayer-svg-top{width:100%;height:100px}
.p-zqp4850 .pagelayer-svg-bottom .pagelayer-shape-fill{fill:#e44993}
.p-zqp4850 .pagelayer-row-svg .pagelayer-svg-bottom{width:100%;height:100px}
</style>
<div class=""pagelayer-row-holder pagelayer-row pagelayer-auto pagelayer-width-auto""><div class=""p-q725202 pagelayer-col pagelayer-col-2"" pagelayer-id=""q725202"">
<style pagelayer-style-id=""q725202"">.p-q725202{align-content: center !important}
.p-q725202 .pagelayer-col-holder > div:not(:last-child){margin-bottom: 15px}
.p-q725202 > .pagelayer-background-overlay{-webkit-transition: all 400ms !important; transition: all 400ms !important}
</style>
<div class=""pagelayer-col-holder""><div class=""p-55r4448 pagelayer-post_nav"" pagelayer-id=""55r4448"">
<style pagelayer-style-id=""55r4448"">.p-55r4448 .pagelayer-post-nav-link{color:#adb5bd;font-family:  !important; font-size: 15px !important; font-style:  !important; font-weight:  !important; font-variant:  !important; text-decoration-line:  !important; text-decoration-style:  !important; line-height: em !important; text-transform:  !important; letter-spacing: px !important; word-spacing: px !important}
.p-55r4448 .pagelayer-post-nav-title{color:#000000;font-family:  !important; font-size: 18px !important; font-style:  !important; font-weight: bold !important; font-variant:  !important; text-decoration-line:  !important; text-decoration-style: Solid !important; line-height: em !important; text-transform:  !important; letter-spacing: px !important; word-spacing: px !important}
.p-55r4448 .pagelayer-post-nav-icon{color:#adb5bd;font-size:30px}
.p-55r4448 .pagelayer-post-nav-separator{display:none}
@media (max-width: 768px) and (min-width: 501px){.p-55r4448 .pagelayer-post-nav-link{font-family:  !important; font-size: 12px !important; font-style:  !important; font-weight:  !important; font-variant:  !important; text-decoration-line:  !important; text-decoration-style: Solid !important; line-height: em !important; text-transform:  !important; letter-spacing: px !important; word-spacing: px !important}
.p-55r4448 .pagelayer-post-nav-title{font-family:  !important; font-size: 15px !important; font-style:  !important; font-weight:  !important; font-variant:  !important; text-decoration-line:  !important; text-decoration-style: Solid !important; line-height: em !important; text-transform:  !important; letter-spacing: px !important; word-spacing: px !important}
}
@media (max-width: 500px){.p-55r4448 .pagelayer-post-nav-link{font-family:  !important; font-size: 12px !important; font-style:  !important; font-weight:  !important; font-variant:  !important; text-decoration-line:  !important; text-decoration-style: Solid !important; line-height: em !important; text-transform:  !important; letter-spacing: px !important; word-spacing: px !important}
.p-55r4448 .pagelayer-post-nav-title{font-family:  !important; font-size: 12px !important; font-style:  !important; font-weight:  !important; font-variant:  !important; text-decoration-line:  !important; text-decoration-style: Solid !important; line-height: em !important; text-transform:  !important; letter-spacing: px !important; word-spacing: px !important}
}
</style><div class=""pagelayer-post-nav-container"">
<div class=""pagelayer-prev-post"">
<a href=""https://almuftionline.com/2025/02/05/16751/"" rel=""prev""><span class=""pagelayer-post-nav-icon fa fa-chevron-left""></span>
<span class=""pagelayer-next-holder"">
<span class=""pagelayer-post-nav-link""> Previous</span><span class=""pagelayer-post-nav-title"">نزدیک مسجد بننے کی وجہ سے مسجد کی وقف جگہ پرمدرسہ بنانےکا حکم</span>
</span></a>
</div>
<div class=""pagelayer-post-nav-separator""></div>
<div class=""pagelayer-next-post"">
<a href=""https://almuftionline.com/2025/02/05/16511/"" rel=""next""><span class=""pagelayer-next-holder"">
<span class=""pagelayer-post-nav-link""> Next</span><span class=""pagelayer-post-nav-title"">سودی بینک میں کرنٹ اکاؤنٹ کھلوانے اور اس میں رقم رکھنے کا حکم</span>
</span>
<span class=""pagelayer-post-nav-icon fa fa-chevron-right""></span></a>
</div>
</div></div></div></div></div></div></div>"
2025-02-05,https://almuftionline.com/2025/02/05/16751/,نزدیک مسجد بننے کی وجہ سے مسجد کی وقف جگہ پرمدرسہ بنانےکا حکم,<p>ایک شخص نے مسجد کے لیے جگہ وقف کی اور باقاعدہ اس مسجد کی بنیاد بھی رکھ دی گئی، لیکن کچھ تنازعہ کی وجہ سے اس زیر تعمیر مسجد کے ساتھ تقریباً بیس گز کے فاصلے پر دوسرے شخص نے مسجد تعمیر کر دی، اس جگہ آبادی کم ہونے کی وجہ سے وہاں پہلے والی مسجد کی اب ضرورت نہیں ہے، سوال یہ ہے کہ کیا پہلے والی مسجد کو واقف اپنے استعمال میں لا سکتا ہے یا اس جگہ کوئی مدرسہ یا اسکول بنایا جا سکتا ہے؟</p>,"<h4 class=""has-text-align-center"">اَلجَوَابْ بِاسْمِ مُلْہِمِ الصَّوَابْ

</h4><p>صورتِ مسئولہ میں شخصِ مذکور نے جب یہ زمین باقاعدہ مسجد كے ليے وقف كر دی اور پھر اس جگہ مسجد کی تعمیر بھی شروع کر دی تومفتی بہ قول کے مطابق  اب اس جگہ کو تبدیل نہیں کیا جا سکتا اور نہ ہی مالک خوداپنے استعمال میں لا سکتا ہے، البتہ شرعی مسجد (جہاں احترام کے پیشِ نظر ناپاک شخص کا جانا منع ہو اور اس میں اعتکاف درست ہو) بننے کے لیے ضروری ہے کہ وہاں کم از کم ایک مرتبہ اذان دے کر باجماعت نماز ادا کر لی جائے،  چنانچہ مفتی کفایت اللہ صاحب رحمہ اللہ شرعی مسجد کی شرائط بیان کرتے ہوئے فرماتے ہیں:</p><p>""کسی جگہ کے مسجد ہونے کے لئے یہ باتیں ضروری ہیں:</p><p>(۱) واقف نے (جو صحیح طور پر زمین کا مالک تھا اور وقف کرنے کا اختیار شرعی رکھتا تھا ) اس کو مسجدیت کے لئے وقف کیا ہوا، خواہ وہ زمین خالی عن العمارۃ ہو یا عمارت میں ہو ۔</p><p> (۲) اس کو اپنی ملک میں سے اسی طرح علیحدہ کر دیا ہو کہ کسی دوسرے شخص کا یا خود واقف کا کوئی حق متعلق نہ رہے۔</p><p> (۳) وقف کر کے اس کو متولی کے سپرد کر دیا ہو یا واقف کی اجازت سے اس میں ایک مرتبہ نماز باجماعت ادا کر لی گئی ہو۔""  <strong>(کفایت المفتی:</strong><strong><span dir=""LTR"">61/7</span>، کذا فی فتاوی دارالعلوم زکریا:</strong><strong><span dir=""LTR"">674/4</span>)</strong></p><p>لہذا مذکورہ صورت میں  اگر ابھی تک لوگوں نےوہاں اذان دے کر باجماعت نماز ادا نہیں کی تو اس صورت میں اگرچہ یہ جگہ مسجد کے لیے وقف ہو چکی ہے اور اس کی خریدوخت وغیرہ جائز نہیں، لیکن اس کا حکم شرعی مسجد والا نہیں ہو گا، بلکہ اس پر مصالح مسجد کے لیے مختص جگہ جیسے وضو خانہ وغیرہ جیسا حکم لگے گا اور اس کا ادب واحترام شرعی مسجد کی طرح لازم نہیں ہو گا، اس لیے اگر اس جگہ اب مسجد  بنانےکی بالکل ضرورت نہیں ہے تو وہاں بچوں کو قرآن وغیرہ پڑھانے کے لیے درسگاہ بنانا  درست ہے، البتہ دیوار وغیرہ پر یہ لکھ دیا جائے کہ یہ جگہ مسجد کے لیے وقف ہے، لہذا اس کو بیچنے اور اس کو مستقل طور پر مدرسہ کے نام کروانے سے پرہیز کیا جائے۔</p><h6 class=""has-text-align-right"">حوالہ جات</h6><div style=""direction: rtl;font-family: Amiri;
    
     font-size: 13px; font-weight: 400;""><p><strong>درمختارمع ردالمحتار(6/545)</strong> <strong>دارالفكر، بيروت:</strong></p>
<p>( بقوله جعلته مسجدا ) عند الثاني ( وشرط محمد ) والإمام ( الصلاة فيه)بجماعة وقال ابن عابدین تحته: قوله ( بجماعة ) لأنه لا بد من التسليم عندهما خلافا لأبي يوسف وتسليم كل شيء بحسبه ففي المقبرة بدفن واحدوفي السقاية بشربه وفي الخان بنزوله كما في الإسعاف واشتراط الجماعة لأنها المقصودة من المسجد ولذا شرط أن تكون جهرا بأذان وإقامة وإلا لم يصر مسجدا، قال الزيلعي و هذه الرواية هي الصحيحة<span dir=""LTR"">.</span></p>
<p><strong>الفتاوی الهندیة(4/218) دارالفكر، بيروت:</strong></p>
<p>من بنى مسجدا لم يزل ملكه عنه حتى يفرزه عن ملكه بطريقة ويأذن بالصلاة أما الإفراز فلأنه لا يخلص لله تعالى إلا به ...............وأما الصلاة فلأنه لا بد من التسليم عند أبي حنيفة ومحمد رحمهما الله تعالى هكذا في البحر الرائق التسليم في المسجد أن تصلی فيه جماعة بإذنه وعن أبي حنيفة رحمه الله تعالى فيه روايتان في رواية الحسن عنه يشترط أداء الصلاة فيه بالجماعة بإذنه اثنان فصاعدا كما قال محمد رحمه الله تعالى والصحيح  رواية الحسن كذا في فتاوى قاضي خان<span dir=""LTR"">.</span></p>
<p><strong>بدائع الصنائع(ص:</strong><strong>219</strong><strong>،ج:</strong><strong>6</strong><strong>)کتاب </strong><strong>الوقف،ط:</strong><strong>دارالکتب </strong><strong>العلمیة،بيروت:</strong></p>
<p>إذا بنى رباطا أو خانا للمجتازين، أو سقاية للمسلمين، أو جعل أرضه مقبرة، لا تزول رقبة هذه الأشياء عن ملكه عند أبي حنيفة أضافه إلى ما بعد الموت أو حكم به حاكم وعندهما يزول بدون ذلك، لكن عند أبي يوسف بنفس القول، وعند محمد بواسطة التسليم وذلك بسكنى المجتازين في الرباط والخان وسقاية الناس من السقاية والدفن في المقبرة، وأجمعوا على أن من جعل داره أو أرضه مسجدا يجوز، وتزول الرقبة عن ملكه لكن عزل الطريق وإفرازه والإذن للناس بالصلاة فيه والصلاة شرط عند أبي حنيفة ومحمد، حتى كان له أن يرجع قبل ذلك، وعند أبي يوسف تزول الرقبة عن ملكه بنفس قوله: جعلته مسجدا، وليس له أن يرجع عنه على ما نذكره (وجه) قول العامة الإقتداء برسول الله صلى الله عليه وسلم والخلفاء الراشدين وعامة الصحابة - رضوان الله تعالى عليهم أجمعين - فإنه روي أن رسول الله صلى الله عليه وسلم وقف، ووقف سيدنا أبو بكر، وسيدنا عمر، وسيدنا عثمان، وسيدنا علي، وغيرهم رضي الله عنهم وأكثر الصحابة وقفوا؛ ولأن الوقف ليس إلا إزالة الملك عن الموقوف وجعله لله تعالى خالصا فأشبه الإعتاق.</p>
<p><strong>رد المحتار علی الدر المختا (ص:657،ج:1، مطلب في أحكام المسجد،ط:ایج،ایم، سعید):</strong></p>
<p><span dir=""RTL"">(و) أما (المتخذ لصلاة جنازة أو عيد) فهو (مسجد في حق جواز الإقتداء) وإن انفصل الصفوف رفقا بالناس (لا في حق غيره) به يفتى نهاية، (فحل دخوله لجنب وحائض) كفناء مسجد ورباط ومدرسة ومساجد حياض وأسواق لا قوارع. (قوله كفناء مسجد) هو المكان المتصل به ليس بينه وبينه طريق، فهو كالمتخذ لصلاة جنازة أو عيد فيما ذكر من جواز الإقتداء وحل دخول لجنب ونحوه.</span></p>
</div><p>محمد نعمان خالد</p><p>دادالافتاء جامعة الرشیدکراچی</p><p>6<span dir=""LTR"">/</span>شعبان المعظم 1446ھ</p><h6 class=""has-text-align-center"">
واللہ سبحانہ وتعالی اعلم
</h6><figure class=""wp-block-table""><table><tbody><tr><td><h3>مجیب</h3></td><td>محمد نعمان خالد</td><td><h3>مفتیان</h3></td><td>سیّد عابد شاہ صاحب / محمد حسین خلیل خیل صاحب</td></tr></tbody></table></figure>",86840,jameya-tur-rasheed,وقف کے مسائل,مسجد کے احکام و مسائل,"<div class=""pagelayer-col-holder""><div class=""p-kgd1425 pagelayer-post_excerpt"" pagelayer-id=""kgd1425"">
<style pagelayer-style-id=""kgd1425"">.p-kgd1425 .pagelayer-post-excerpt{color:#adb5bd;font-family: ; font-size: 15px !important; font-style: Italic !important; font-weight: 500 !important; font-variant:  !important; text-decoration-line:  !important; text-decoration-style:  !important; line-height: 1.5em !important; text-transform:  !important; letter-spacing: px !important; word-spacing: px !important;margin-top:0px; margin-right:0px; margin-bottom:0px; margin-left:0px}
.p-kgd1425{text-align: left;margin-top: 0px; margin-right: 0px; margin-bottom: 0px; margin-left: 0px;padding-top: 0px; padding-right: 0px; padding-bottom: 0px; padding-left: 0px}
</style></div><div class=""p-4wb1030 pagelayer-featured_img"" pagelayer-id=""4wb1030"">
<style pagelayer-style-id=""4wb1030"">.p-4wb1030{text-align: center}
.p-4wb1030 img{filter: blur(0px) brightness(100%) contrast(100%) grayscale(0%) hue-rotate(0deg) opacity(100%) saturate(100%);box-shadow: 0px 24px 36px 0px rgba(0,0,0,0.10)  !important;-webkit-transition: all 400ms; transition: all 400ms}
.p-4wb1030 .pagelayer-featured-caption{color: #0986c0}
</style>
<div class=""pagelayer-featured-img""></div>
</div><div class=""p-f8n3612 pagelayer-inner_row pagelayer-row-stretch-auto pagelayer-height-default"" pagelayer-id=""f8n3612"">
<style pagelayer-style-id=""f8n3612"">.p-f8n3612 .pagelayer-col-holder{padding: 10px}
.p-f8n3612 > .pagelayer-background-overlay{-webkit-transition: all 400ms !important; transition: all 400ms !important}
.p-f8n3612 .pagelayer-svg-top .pagelayer-shape-fill{fill:#227bc3}
.p-f8n3612 .pagelayer-row-svg .pagelayer-svg-top{width:100%;height:100px}
.p-f8n3612 .pagelayer-svg-bottom .pagelayer-shape-fill{fill:#e44993}
.p-f8n3612 .pagelayer-row-svg .pagelayer-svg-bottom{width:100%;height:100px}
</style>
<div class=""pagelayer-row-holder pagelayer-row pagelayer-auto pagelayer-width-auto""><div class=""p-i795860 pagelayer-col pagelayer-col-4"" pagelayer-id=""i795860"">
<style pagelayer-style-id=""i795860"">.p-i795860{align-content: center !important}
.p-i795860 .pagelayer-col-holder > div:not(:last-child){margin-bottom: 15px}
.p-i795860 > .pagelayer-background-overlay{-webkit-transition: all 400ms !important; transition: all 400ms !important}
</style>
<div class=""pagelayer-col-holder""><div class=""p-qip3968 pagelayer-post_info"" pagelayer-id=""qip3968"">
<style pagelayer-style-id=""qip3968"">.p-qip3968 .pagelayer-post-info-vertical .pagelayer-post-info-list-container{margin-right:25px}
.p-qip3968 .pagelayer-post-info-horizontal .pagelayer-post-info-list-container{margin-bottom:25px}
.p-qip3968 .pagelayer-post-info-container{text-align:right}
.p-qip3968 .pagelayer-post-info-icon span{font-size:120%;color:#495057}
.p-qip3968 .pagelayer-post-info-list-container a{font-family: Roboto !important; font-size: 14px !important; font-style:  !important; font-weight: 500 !important; font-variant:  !important; text-decoration-line:  !important; text-decoration-style:  !important; line-height: 1.6em !important; text-transform:  !important; letter-spacing: px !important; word-spacing: px !important}
.p-qip3968 .pagelayer-post-info-label{color:#495057}
.p-qip3968 .pagelayer-post-info-label a{color:#495057}
.p-qip3968 .pagelayer-post-info-label:hover{color:#000000}
.p-qip3968 .pagelayer-post-info-label:hover a{color:#000000}
</style><div class=""pagelayer-post-info-container pagelayer-post-info-vertical""><div class=""p-xj43574 pagelayer-post_info_list"" pagelayer-id=""xj43574"">
<div class=""pagelayer-post-info-list-container"">
<a class=""pagelayer-post-info-list-link"" href=""https://almuftionline.com/2025/02/05/"">
<span class=""pagelayer-post-info-icon"">
<span class=""far fa-clock""></span>
</span>
<span class=""pagelayer-post-info-label pagelayer-date"">فروری 5, 2025</span>
</a>
</div></div></div></div></div></div><div class=""p-t2j1983 pagelayer-col pagelayer-col-7"" pagelayer-id=""t2j1983"">
<style pagelayer-style-id=""t2j1983"">.p-t2j1983{align-content: center !important}
.p-t2j1983 .pagelayer-col-holder > div:not(:last-child){margin-bottom: 15px}
.p-t2j1983 > .pagelayer-background-overlay{-webkit-transition: all 400ms !important; transition: all 400ms !important}
</style>
<div class=""pagelayer-col-holder""><div class=""p-dbq3916 pagelayer-post_info"" pagelayer-id=""dbq3916"">
<style pagelayer-style-id=""dbq3916"">.p-dbq3916 .pagelayer-post-info-container{text-align:right}
.p-dbq3916 .pagelayer-post-info-icon span{font-size:120%;color:#495057}
.p-dbq3916 .pagelayer-post-info-list-container a{font-family: Roboto !important; font-size: 14px !important; font-style:  !important; font-weight: 500 !important; font-variant:  !important; text-decoration-line:  !important; text-decoration-style:  !important; line-height: 1.6em !important; text-transform:  !important; letter-spacing: px !important; word-spacing: px !important}
.p-dbq3916 .pagelayer-post-info-label{color:#0072ff}
.p-dbq3916 .pagelayer-post-info-label a{color:#0072ff}
.p-dbq3916 .pagelayer-terms *{color:#f8952c !important;padding-top:5px; padding-right:10px; padding-bottom:5px; padding-left:10px;margin-top:0px; margin-right:5px; margin-bottom:0px; margin-left:5px;border-radius: 4px 4px 4px 4px; -webkit-border-radius:  4px 4px 4px 4px;-moz-border-radius: 4px 4px 4px 4px}
.p-dbq3916{padding-top: 0px; padding-right: 0px; padding-bottom: 0px; padding-left: 0px}
@media (max-width: 768px) and (min-width: 501px){.p-dbq3916 .pagelayer-post-info-container{text-align:left}
}
@media (max-width: 500px){.p-dbq3916 .pagelayer-post-info-container{text-align:left}
}
</style><div class=""pagelayer-post-info-container pagelayer-post-info-vertical""><div class=""p-wpv7212 pagelayer-post_info_list"" pagelayer-id=""wpv7212"">
<div class=""pagelayer-post-info-list-container"">
<span class=""pagelayer-post-info-icon"">
</span>
<span class=""pagelayer-post-info-label pagelayer-terms""> <a href=""https://almuftionline.com/category/fatwa/24/""> وقف کے مسائل </a></span>
</div></div></div></div></div></div></div></div><div class=""p-trw3096 pagelayer-inner_row pagelayer-row-stretch-auto pagelayer-height-default"" pagelayer-id=""trw3096"">
<style pagelayer-style-id=""trw3096"">.p-trw3096 .pagelayer-col-holder{padding: 10px}
.p-trw3096 > .pagelayer-background-overlay{-webkit-transition: all 400ms !important; transition: all 400ms !important}
.p-trw3096 .pagelayer-svg-top .pagelayer-shape-fill{fill:#227bc3}
.p-trw3096 .pagelayer-row-svg .pagelayer-svg-top{width:100%;height:100px}
.p-trw3096 .pagelayer-svg-bottom .pagelayer-shape-fill{fill:#e44993}
.p-trw3096 .pagelayer-row-svg .pagelayer-svg-bottom{width:100%;height:100px}
</style>
<div class=""pagelayer-row-holder pagelayer-row pagelayer-auto pagelayer-width-auto""><div class=""p-wwu6541 pagelayer-col pagelayer-col-2"" pagelayer-id=""wwu6541"">
<style pagelayer-style-id=""wwu6541"">.p-wwu6541{align-content: center !important}
.p-wwu6541 .pagelayer-col-holder > div:not(:last-child){margin-bottom: 15px}
.p-wwu6541 > .pagelayer-background-overlay{-webkit-transition: all 400ms !important; transition: all 400ms !important}
</style>
<div class=""pagelayer-col-holder""><div class=""p-ccj4284 pagelayer-post_content"" pagelayer-id=""ccj4284"">
<style pagelayer-style-id=""ccj4284"">.p-ccj4284{text-align: right}
</style><div class=""entry-content pagelayer-post-excerpt""><figure class=""wp-block-table""><table><tbody><tr><td>86840</td><td>وقف کے مسائل</td><td>مسجد کے احکام و مسائل</td></tr></tbody></table></figure><div style=""direction:rtl;line-height: 2.5;""><h3 class=""has-text-align-center"">سوال</h3><p>ایک شخص نے مسجد کے لیے جگہ وقف کی اور باقاعدہ اس مسجد کی بنیاد بھی رکھ دی گئی، لیکن کچھ تنازعہ کی وجہ سے اس زیر تعمیر مسجد کے ساتھ تقریباً بیس گز کے فاصلے پر دوسرے شخص نے مسجد تعمیر کر دی، اس جگہ آبادی کم ہونے کی وجہ سے وہاں پہلے والی مسجد کی اب ضرورت نہیں ہے، سوال یہ ہے کہ کیا پہلے والی مسجد کو واقف اپنے استعمال میں لا سکتا ہے یا اس جگہ کوئی مدرسہ یا اسکول بنایا جا سکتا ہے؟</p>
<h4 class=""has-text-align-center"">اَلجَوَابْ بِاسْمِ مُلْہِمِ الصَّوَابْ

</h4><p>صورتِ مسئولہ میں شخصِ مذکور نے جب یہ زمین باقاعدہ مسجد كے ليے وقف كر دی اور پھر اس جگہ مسجد کی تعمیر بھی شروع کر دی تومفتی بہ قول کے مطابق  اب اس جگہ کو تبدیل نہیں کیا جا سکتا اور نہ ہی مالک خوداپنے استعمال میں لا سکتا ہے، البتہ شرعی مسجد (جہاں احترام کے پیشِ نظر ناپاک شخص کا جانا منع ہو اور اس میں اعتکاف درست ہو) بننے کے لیے ضروری ہے کہ وہاں کم از کم ایک مرتبہ اذان دے کر باجماعت نماز ادا کر لی جائے،  چنانچہ مفتی کفایت اللہ صاحب رحمہ اللہ شرعی مسجد کی شرائط بیان کرتے ہوئے فرماتے ہیں:</p>
<p>""کسی جگہ کے مسجد ہونے کے لئے یہ باتیں ضروری ہیں:</p>
<p>(۱) واقف نے (جو صحیح طور پر زمین کا مالک تھا اور وقف کرنے کا اختیار شرعی رکھتا تھا ) اس کو مسجدیت کے لئے وقف کیا ہوا، خواہ وہ زمین خالی عن العمارۃ ہو یا عمارت میں ہو ۔</p>
<p> (۲) اس کو اپنی ملک میں سے اسی طرح علیحدہ کر دیا ہو کہ کسی دوسرے شخص کا یا خود واقف کا کوئی حق متعلق نہ رہے۔</p>
<p> (۳) وقف کر کے اس کو متولی کے سپرد کر دیا ہو یا واقف کی اجازت سے اس میں ایک مرتبہ نماز باجماعت ادا کر لی گئی ہو۔""  <strong>(کفایت المفتی:</strong><strong><span dir=""LTR"">61/7</span>، کذا فی فتاوی دارالعلوم زکریا:</strong><strong><span dir=""LTR"">674/4</span>)</strong></p>
<p>لہذا مذکورہ صورت میں  اگر ابھی تک لوگوں نےوہاں اذان دے کر باجماعت نماز ادا نہیں کی تو اس صورت میں اگرچہ یہ جگہ مسجد کے لیے وقف ہو چکی ہے اور اس کی خریدوخت وغیرہ جائز نہیں، لیکن اس کا حکم شرعی مسجد والا نہیں ہو گا، بلکہ اس پر مصالح مسجد کے لیے مختص جگہ جیسے وضو خانہ وغیرہ جیسا حکم لگے گا اور اس کا ادب واحترام شرعی مسجد کی طرح لازم نہیں ہو گا، اس لیے اگر اس جگہ اب مسجد  بنانےکی بالکل ضرورت نہیں ہے تو وہاں بچوں کو قرآن وغیرہ پڑھانے کے لیے درسگاہ بنانا  درست ہے، البتہ دیوار وغیرہ پر یہ لکھ دیا جائے کہ یہ جگہ مسجد کے لیے وقف ہے، لہذا اس کو بیچنے اور اس کو مستقل طور پر مدرسہ کے نام کروانے سے پرہیز کیا جائے۔</p>
</div><h6 class=""has-text-align-right"">حوالہ جات</h6><div style=""direction: rtl;font-family: Amiri;
    
     font-size: 13px; font-weight: 400;""><p><strong>درمختارمع ردالمحتار(6/545)</strong> <strong>دارالفكر، بيروت:</strong></p>
<p>( بقوله جعلته مسجدا ) عند الثاني ( وشرط محمد ) والإمام ( الصلاة فيه)بجماعة وقال ابن عابدین تحته: قوله ( بجماعة ) لأنه لا بد من التسليم عندهما خلافا لأبي يوسف وتسليم كل شيء بحسبه ففي المقبرة بدفن واحدوفي السقاية بشربه وفي الخان بنزوله كما في الإسعاف واشتراط الجماعة لأنها المقصودة من المسجد ولذا شرط أن تكون جهرا بأذان وإقامة وإلا لم يصر مسجدا، قال الزيلعي و هذه الرواية هي الصحيحة<span dir=""LTR"">.</span></p>
<p><strong>الفتاوی الهندیة(4/218) دارالفكر، بيروت:</strong></p>
<p>من بنى مسجدا لم يزل ملكه عنه حتى يفرزه عن ملكه بطريقة ويأذن بالصلاة أما الإفراز فلأنه لا يخلص لله تعالى إلا به ...............وأما الصلاة فلأنه لا بد من التسليم عند أبي حنيفة ومحمد رحمهما الله تعالى هكذا في البحر الرائق التسليم في المسجد أن تصلی فيه جماعة بإذنه وعن أبي حنيفة رحمه الله تعالى فيه روايتان في رواية الحسن عنه يشترط أداء الصلاة فيه بالجماعة بإذنه اثنان فصاعدا كما قال محمد رحمه الله تعالى والصحيح  رواية الحسن كذا في فتاوى قاضي خان<span dir=""LTR"">.</span></p>
<p><strong>بدائع الصنائع(ص:</strong><strong>219</strong><strong>،ج:</strong><strong>6</strong><strong>)کتاب </strong><strong>الوقف،ط:</strong><strong>دارالکتب </strong><strong>العلمیة،بيروت:</strong></p>
<p>إذا بنى رباطا أو خانا للمجتازين، أو سقاية للمسلمين، أو جعل أرضه مقبرة، لا تزول رقبة هذه الأشياء عن ملكه عند أبي حنيفة أضافه إلى ما بعد الموت أو حكم به حاكم وعندهما يزول بدون ذلك، لكن عند أبي يوسف بنفس القول، وعند محمد بواسطة التسليم وذلك بسكنى المجتازين في الرباط والخان وسقاية الناس من السقاية والدفن في المقبرة، وأجمعوا على أن من جعل داره أو أرضه مسجدا يجوز، وتزول الرقبة عن ملكه لكن عزل الطريق وإفرازه والإذن للناس بالصلاة فيه والصلاة شرط عند أبي حنيفة ومحمد، حتى كان له أن يرجع قبل ذلك، وعند أبي يوسف تزول الرقبة عن ملكه بنفس قوله: جعلته مسجدا، وليس له أن يرجع عنه على ما نذكره (وجه) قول العامة الإقتداء برسول الله صلى الله عليه وسلم والخلفاء الراشدين وعامة الصحابة - رضوان الله تعالى عليهم أجمعين - فإنه روي أن رسول الله صلى الله عليه وسلم وقف، ووقف سيدنا أبو بكر، وسيدنا عمر، وسيدنا عثمان، وسيدنا علي، وغيرهم رضي الله عنهم وأكثر الصحابة وقفوا؛ ولأن الوقف ليس إلا إزالة الملك عن الموقوف وجعله لله تعالى خالصا فأشبه الإعتاق.</p>
<p><strong>رد المحتار علی الدر المختا (ص:657،ج:1، مطلب في أحكام المسجد،ط:ایج،ایم، سعید):</strong></p>
<p><span dir=""RTL"">(و) أما (المتخذ لصلاة جنازة أو عيد) فهو (مسجد في حق جواز الإقتداء) وإن انفصل الصفوف رفقا بالناس (لا في حق غيره) به يفتى نهاية، (فحل دخوله لجنب وحائض) كفناء مسجد ورباط ومدرسة ومساجد حياض وأسواق لا قوارع. (قوله كفناء مسجد) هو المكان المتصل به ليس بينه وبينه طريق، فهو كالمتخذ لصلاة جنازة أو عيد فيما ذكر من جواز الإقتداء وحل دخول لجنب ونحوه.</span></p>
</div><p>محمد نعمان خالد</p>
<p>دادالافتاء جامعة الرشیدکراچی</p>
<p>6<span dir=""LTR"">/</span>شعبان المعظم 1446ھ</p>
<h6 class=""has-text-align-center"">
واللہ سبحانہ وتعالی اعلم
</h6><figure class=""wp-block-table""><table><tbody><tr><td><h3>مجیب</h3></td><td>محمد نعمان خالد</td><td><h3>مفتیان</h3></td><td>سیّد عابد شاہ صاحب / محمد حسین خلیل خیل صاحب</td></tr></tbody></table></figure></div></div></div></div></div></div><div class=""p-wl6689 pagelayer-inner_row pagelayer-row-stretch-auto pagelayer-height-default"" pagelayer-id=""wl6689"">
<style pagelayer-style-id=""wl6689"">.p-wl6689 .pagelayer-col-holder{padding: 10px}
.p-wl6689 > .pagelayer-background-overlay{-webkit-transition: all 400ms !important; transition: all 400ms !important}
.p-wl6689 .pagelayer-svg-top .pagelayer-shape-fill{fill:#227bc3}
.p-wl6689 .pagelayer-row-svg .pagelayer-svg-top{width:100%;height:100px}
.p-wl6689 .pagelayer-svg-bottom .pagelayer-shape-fill{fill:#e44993}
.p-wl6689 .pagelayer-row-svg .pagelayer-svg-bottom{width:100%;height:100px}
</style>
<div class=""pagelayer-row-holder pagelayer-row pagelayer-auto pagelayer-width-auto""><div class=""p-jzl6522 pagelayer-col pagelayer-col-6"" pagelayer-id=""jzl6522"">
<style pagelayer-style-id=""jzl6522"">.p-jzl6522{align-content: center !important}
.p-jzl6522 .pagelayer-col-holder > div:not(:last-child){margin-bottom: 15px}
.p-jzl6522 > .pagelayer-background-overlay{-webkit-transition: all 400ms !important; transition: all 400ms !important}
</style>
<div class=""pagelayer-col-holder""><div class=""p-xsb5673 pagelayer-share_grp pagelayer-share-type-icon-label pagelayer-social-bg-none pagelayer-scheme-official"" pagelayer-id=""xsb5673"">
<style pagelayer-style-id=""xsb5673"">.p-xsb5673{text-align: right}
.p-xsb5673 .pagelayer-share-content{min-height: 35px;-webkit-transition: all 400ms; transition: all 400ms}
.p-xsb5673 i{font-size: 27px}
.p-xsb5673 .pagelayer-icon-holder{font-size: 27px}
.p-xsb5673 .pagelayer-share-content i{-webkit-transition: all 400ms; transition: all 400ms}
.p-xsb5673 .pagelayer-icon-name{font-family: Roboto; font-size: 15px !important; font-style:  !important; font-weight: 500 !important; font-variant:  !important; text-decoration-line:  !important; text-decoration-style:  !important; line-height: em !important; text-transform:  !important; letter-spacing: px !important; word-spacing: px !important}
@media (max-width: 768px) and (min-width: 501px){.p-xsb5673{text-align: left}
.p-xsb5673 .pagelayer-share{padding-top: 10px; padding-bottom: 10px;padding-left: 10px; padding-right: 10px}
.p-xsb5673 i{font-size: 20px}
.p-xsb5673 .pagelayer-icon-holder{font-size: 20px}
.p-xsb5673 .pagelayer-icon-name{font-family: ; font-size: 13px !important; font-style:  !important; font-weight:  !important; font-variant:  !important; text-decoration-line:  !important; text-decoration-style:  !important; line-height: em !important; text-transform:  !important; letter-spacing: px !important; word-spacing: px !important}
}
@media (max-width: 500px){.p-xsb5673{text-align: left}
.p-xsb5673 .pagelayer-share{padding-top: 10px; padding-bottom: 10px;padding-left: 10px; padding-right: 10px}
.p-xsb5673 .pagelayer-share-content{min-height: NaNpx}
.p-xsb5673 i{font-size: 20px}
.p-xsb5673 .pagelayer-icon-holder{font-size: 20px}
.p-xsb5673 .pagelayer-icon-name{font-family: ; font-size: 13px !important; font-style:  !important; font-weight:  !important; font-variant:  !important; text-decoration-line:  !important; text-decoration-style:  !important; line-height: em !important; text-transform:  !important; letter-spacing: px !important; word-spacing: px !important}
}
</style><div class=""p-9mh2934 pagelayer-share"" pagelayer-id=""9mh2934"">
<a class=""pagelayer-ele-link"" href=""https://www.facebook.com/sharer/sharer.php?u=almuftionline.com/2025/02/05/16751/"" target=""_blank"" title=""fab fa-facebook-square"">
<div class=""pagelayer-share-content pagelayer-facebook-square"" data-icon=""fab fa-facebook-square"">
<div class=""pagelayer-icon-holder pagelayer-share-buttons"">
<i class=""pagelayer-social-fa fab fa-facebook-square""></i>
</div>
<div class=""pagelayer-icon-name"">
<span class=""pagelayer-icon-name-span"">Facebook</span>
</div>
</div>
</a></div><div class=""p-rai4926 pagelayer-share"" pagelayer-id=""rai4926"">
<a class=""pagelayer-ele-link"" href=""https://twitter.com/share?url=almuftionline.com/2025/02/05/16751/"" target=""_blank"" title=""fab fa-twitter-square"">
<div class=""pagelayer-share-content pagelayer-twitter-square"" data-icon=""fab fa-twitter-square"">
<div class=""pagelayer-icon-holder pagelayer-share-buttons"">
<i class=""pagelayer-social-fa fab fa-twitter-square""></i>
</div>
<div class=""pagelayer-icon-name"">
<span class=""pagelayer-icon-name-span"">Twitter</span>
</div>
</div>
</a></div><div class=""p-ndy3728 pagelayer-share"" pagelayer-id=""ndy3728"">
<a class=""pagelayer-ele-link"" href=""whatsapp://send?text=almuftionline.com/2025/02/05/16751/"" target=""_blank"" title=""fab fa-whatsapp"">
<div class=""pagelayer-share-content pagelayer-whatsapp"" data-icon=""fab fa-whatsapp"">
<div class=""pagelayer-icon-holder pagelayer-share-buttons"">
<i class=""pagelayer-social-fa fab fa-whatsapp""></i>
</div>
<div class=""pagelayer-icon-name"">
<span class=""pagelayer-icon-name-span"">WhatsApp</span>
</div>
</div>
</a></div></div></div></div></div></div><div class=""p-zqp4850 pagelayer-inner_row pagelayer-row-stretch-auto pagelayer-height-default"" pagelayer-id=""zqp4850"">
<style pagelayer-style-id=""zqp4850"">.p-zqp4850 .pagelayer-col-holder{padding: 10px}
.p-zqp4850 > .pagelayer-background-overlay{-webkit-transition: all 400ms !important; transition: all 400ms !important}
.p-zqp4850 .pagelayer-svg-top .pagelayer-shape-fill{fill:#227bc3}
.p-zqp4850 .pagelayer-row-svg .pagelayer-svg-top{width:100%;height:100px}
.p-zqp4850 .pagelayer-svg-bottom .pagelayer-shape-fill{fill:#e44993}
.p-zqp4850 .pagelayer-row-svg .pagelayer-svg-bottom{width:100%;height:100px}
</style>
<div class=""pagelayer-row-holder pagelayer-row pagelayer-auto pagelayer-width-auto""><div class=""p-q725202 pagelayer-col pagelayer-col-2"" pagelayer-id=""q725202"">
<style pagelayer-style-id=""q725202"">.p-q725202{align-content: center !important}
.p-q725202 .pagelayer-col-holder > div:not(:last-child){margin-bottom: 15px}
.p-q725202 > .pagelayer-background-overlay{-webkit-transition: all 400ms !important; transition: all 400ms !important}
</style>
<div class=""pagelayer-col-holder""><div class=""p-55r4448 pagelayer-post_nav"" pagelayer-id=""55r4448"">
<style pagelayer-style-id=""55r4448"">.p-55r4448 .pagelayer-post-nav-link{color:#adb5bd;font-family:  !important; font-size: 15px !important; font-style:  !important; font-weight:  !important; font-variant:  !important; text-decoration-line:  !important; text-decoration-style:  !important; line-height: em !important; text-transform:  !important; letter-spacing: px !important; word-spacing: px !important}
.p-55r4448 .pagelayer-post-nav-title{color:#000000;font-family:  !important; font-size: 18px !important; font-style:  !important; font-weight: bold !important; font-variant:  !important; text-decoration-line:  !important; text-decoration-style: Solid !important; line-height: em !important; text-transform:  !important; letter-spacing: px !important; word-spacing: px !important}
.p-55r4448 .pagelayer-post-nav-icon{color:#adb5bd;font-size:30px}
.p-55r4448 .pagelayer-post-nav-separator{display:none}
@media (max-width: 768px) and (min-width: 501px){.p-55r4448 .pagelayer-post-nav-link{font-family:  !important; font-size: 12px !important; font-style:  !important; font-weight:  !important; font-variant:  !important; text-decoration-line:  !important; text-decoration-style: Solid !important; line-height: em !important; text-transform:  !important; letter-spacing: px !important; word-spacing: px !important}
.p-55r4448 .pagelayer-post-nav-title{font-family:  !important; font-size: 15px !important; font-style:  !important; font-weight:  !important; font-variant:  !important; text-decoration-line:  !important; text-decoration-style: Solid !important; line-height: em !important; text-transform:  !important; letter-spacing: px !important; word-spacing: px !important}
}
@media (max-width: 500px){.p-55r4448 .pagelayer-post-nav-link{font-family:  !important; font-size: 12px !important; font-style:  !important; font-weight:  !important; font-variant:  !important; text-decoration-line:  !important; text-decoration-style: Solid !important; line-height: em !important; text-transform:  !important; letter-spacing: px !important; word-spacing: px !important}
.p-55r4448 .pagelayer-post-nav-title{font-family:  !important; font-size: 12px !important; font-style:  !important; font-weight:  !important; font-variant:  !important; text-decoration-line:  !important; text-decoration-style: Solid !important; line-height: em !important; text-transform:  !important; letter-spacing: px !important; word-spacing: px !important}
}
</style><div class=""pagelayer-post-nav-container"">
<div class=""pagelayer-prev-post"">
<a href=""https://almuftionline.com/2025/02/05/16755/"" rel=""prev""><span class=""pagelayer-post-nav-icon fa fa-chevron-left""></span>
<span class=""pagelayer-next-holder"">
<span class=""pagelayer-post-nav-link""> Previous</span><span class=""pagelayer-post-nav-title"">مقروض افرادکاقرض معاف کروانے کےکاروبارمیں شرکت کرنے کا حکم</span>
</span></a>
</div>
<div class=""pagelayer-post-nav-separator""></div>
<div class=""pagelayer-next-post"">
<a href=""https://almuftionline.com/2025/02/05/16619/"" rel=""next""><span class=""pagelayer-next-holder"">
<span class=""pagelayer-post-nav-link""> Next</span><span class=""pagelayer-post-nav-title"">بعض ورثا کی اجازت کے بغیر ترکہ میں سے صدقہ کرنے اور حجِ بدل کی وصیت کا حکم</span>
</span>
<span class=""pagelayer-post-nav-icon fa fa-chevron-right""></span></a>
</div>
</div></div></div></div></div></div></div>"
2025-02-05,https://almuftionline.com/2025/02/05/16755/,مقروض افرادکاقرض معاف کروانے کےکاروبارمیں شرکت کرنے کا حکم,<p>ایک شخص امریکہ میں ایسے لوگوں کو تلاش کرتا ہے جو امریکی کمپنیوں کے کریڈیٹ کارڈ کے زیادہ استعمال کی وجہ سے مقروض ہو چکے ہوتے ہیں اور وہ قرض مع سود کی ادائیگی پر قادر نہیں ہوتے، یہ شخص ان کو تلاش کرکے وہاں کے ایک قانونی ادارے کے ذریعہ ان کو سود معاف کرواتا ہے یا سود کی شرح کم کرواتا ہے، اس کا طریقہ یہ ہوتا ہے کہ پہلے اس شخص اور اس قانونی ادارے کے درمیان یہ شخص سود کی شرح کم کروانے اور اس پر کمیشن لینے کے سلسلہ میں ڈیل کرواتا ہے، یہ قانونی ادارہ سود ختم یا اس کی شرح کم کروا کے مقروض شخص سے کمیشن وصول کرتا ہے اور پھر وہ ادارہ اس میں سے کچھ کمیشن اس شخص کو ادا کرتا ہے، جو ان کے درمیان ڈیل کروانے والا ہوتا ہے۔</p><p>      اس کاروبار میں اس شخص کا سرمایہ اور محنت دونوں چیزیں لگتی ہیں، کیونکہ ایسے لوگوں کی تلاش میں کافی سرمایہ اور محنت صرف ہوتی ہے، اب ایک اور شخص اس کے ساتھ کاروبار میں شریک ہونا چاہتا ہے، سوال یہ ہے کہ اس کے شریک ہونے کی کیا صورت ہو سکتی ہے؟</p>,"<h4 class=""has-text-align-center"">اَلجَوَابْ بِاسْمِ مُلْہِمِ الصَّوَابْ

</h4><p>سوال میں ذکر کی گئی صورت شرعی اعتبار سے شرکتِ اعمال کی ہے، کیونکہ اس میں نفع کا حصول عمل یعنی کام کی بنیاد پر ہو گا، لہذا اس شرکتِ اعمال کے اصول جاری ہوں گے اور شرکتِ اعمال میں درج ذیل اصولوں کو مدِ نظر رکھنا ضروری ہے:</p><ol>
<li>شرکت کا معاملہ کرتے وقت دونوں فریقوں کا کام کی ذمہ داری کو قبول کرنا ضروری ہے، دونوں کے ذمہ کام طےہوجانے کے بعد اگر کوئی فریق کسی وجہ سے کام نہ کر سکے تو بھی وہ طے شدہ نفع کا حق دار ہو گا۔</li>
<li>آپس میں نفع کی شرح فیصد(<span dir=""LTR"">Percentage</span>) کے حساب سے طے کریں، کسی فریق کے لیے لم سم یعنی متعین  رقم کی صورت میں نفع متعین کرنا جائز نہیں،  نیز فیصد کے اعتبار سے باہمی رضامندی سے نفع کی کوئی بھی شرح طے کی جا سکتی ہے، اگرچہ کام کی ذمہ داری کا تناسب مختلف ہو۔</li>
<li>کاروبار میں کام کی ذمہ داری کا تناسب برابر اور کمی بیشی کے ساتھ دونوں طرح درست ہے اورپھراگر   کاروبارمیں کسی شریک کی تعدی اور کوتاہی کے بغیر نقصان ہو جائے تو ہر فریق کام کی ذمہ داری کے تناسب سے نقصان برداشت کرے گا ۔</li>
<li>شرکت کے کاروبار میں نقصان کو اولاً نفع سے اور پھر اس کے بعد سرمایہ سے پوراکیا جائے گا۔لہذا نفع ختم ہونے کی صورت میں کسی فریق کو اس کی محنت کا بدلہ  نہیں ملے گا۔</li>
<li>اگر نقصان کسی فریق کی تعدی اور کوتاہی سے ہو تو اس صورت میں وہی شریک نقصان کا ذمہ دار ہو گا، نیز تعدی اور کوتاہی کا فیصلہ اس کاروبار کے ماہرین کریں گے۔</li>
</ol><p>باقی اس کاروبار میں کسی بھی فریق کی طرف سے کیے جانے والے اخراجات کاروبار پر دین یعنی قرض شمار ہوں گے، جو کہ نفع کی تقسیم سے پہلے اٹھالیے جائیں گے اور اس کے بعد بچ جانے والی رقم کو بطورِ نفع تقسیم کیا جائے گا۔</p><h6 class=""has-text-align-right"">حوالہ جات</h6><div style=""direction: rtl;font-family: Amiri;
    
     font-size: 13px; font-weight: 400;""><p><strong>مجلة الأحكام العدلية (ص: 261)</strong> <strong>نور محمد، كارخانه تجارتِ كتب، آرام باغ، كراتشي:</strong></p>
<p>المادة (1359) إذا عقد الشريكان في شركة الأعمال الشركة على أن لكل واحد منهما أن يتقبل ويلتزم أي عمل كان وأن يكونا ضامنين للعمل ومتعهدين به سوية ومتساويين في المنفعة والضرر وأن يكون كل واحد منهما كفيلا للآخر بما يترتب على أحدهما بسبب الشركة فتكون مفاوضة. وتجوز في هذه الصورة مطالبة أي واحد منهما بأجرة الأجير وأجرة الحانوت , وإذا ادعى شخص على أحدهما بمتاع وأقر أحدهما فينفذ إقراره حتى ولو أنكره الآخر.</p>
<p><strong>مجلة الأحكام العدلية (ص: 258) نور محمد، كارخانه تجارتِ كتب، آرام باغ، كراتشي:</strong></p>
<p>المادة (1346) ضمان العمل نوع من العمل , فلذلك إذا تشارك اثنان شركة صنائع بأن وضع أحد في دكانة آخر من أرباب الصنائع على أن ما يتقبله ويتعهده هو من الأعمال يعمله ذلك الآخر وأن ما يحصل من الكسب أي الأجرة يقسم بينهما مناصفة جاز , وإنما استحقاق صاحب الدكان الحصة هو بضمانه العمل وتعهده إياه كما أنه ينال في ضمن ذلك أيضا منفعة دكانه.</p>
<p><strong>تبيين الحقائق وحاشية الشلبي (3/ 321) المطبعة الكبرى الأميرية  بولاق، القاهرة:</strong></p>
<p> (قوله ولو شرطا العمل نصفين) قال الأتقاني - رحمه الله - قالوا جواز اشتراط التفاضل</p>
<p>في الربح مع التساوي في العمل في شركة التقبل إنما يجوز إذا كانت عنانا أما في المفاوضة</p>
<p> فلا يجوز اه.</p>
<p><strong>درر الحكام شرح مجلة الأحكام : (</strong><strong><span dir=""LTR"">380/3</span></strong><strong>)دار الجيل:</strong></p>
<p><strong>ولا يشترط في شركة الأعمال أن تكون تلك الأعمال من الأعمال المتفقة كما لا يشترط فيها اتحاد المكان. فلذلك يجوز أن تكون تلك الأعمال من الأعمال المتفقة كما يجوز أن تكون من الأعمال المختلفة كما أشير إلى ذلك في المادة (1332) إن اتفاق خياطين على الاشتراك في الخياطة أو صباغين على الاشتراك في الصباغة هو من قبيل الاشتراك في الأعمال المتفقة، كما أن اشتراك خياط وصباغ في الخياطة والصباغة هو من قبيل الاشتراك في الأعمال المختلفة (الولوالجية بإيضاح) وبما أن كل واحد منهما كفيل للآخر فيطالب الصباغ بالخياطة وله أن يستخدم الأجير أو المعير في عمل ذلك العمل الذي لا يقدر على عمله لأن الشركة عمولة على التوكيل (عبد الحليم) كما أنه لا يشترط أن يكون الشريكان في شركة الأعمال في حانوت واحد أو بلدة واحدة بل لكل منهما أن يشتغل في حانوت آخر أو محل آخر لأن المعنى لها لا يتفاوت </strong>(البحر) . ولكن يشترط في شركة الأعمال أن يحوز العمل شرطين:</p>
<p><strong>الشرط الأول:</strong> أن يكون العمل حلالا فلا تصح الشركة في العمل الحرام كالاشتراك في السرقة والغصب والارتشاء.</p>
<p><strong>الشرط الثاني:</strong> أن يكون العمل مما يجوز التوكيل فيه وأن يكون عملا إذا قام به العامل يستحق الأجرة عليه كالاشتراك في تعليم الكتابة والقرآن والكتب الشرعية فلو اشترك اثنان في تعليم الكتب الشرعية جاز.</p>
<p><strong>الدر المختار مع رد المحتار(كتاب الشركة ،مطلب في شركة التقبل ،ج6ص497):</strong></p>
<p>وإما تقبل وتسمی شرکۃ صنائع واعمال وابدان ۔وقال ابن عابدین :والمراد عقد الشركة على التقبل والعمل۔۔۔ لو اشتركا على أن يتقبل أحدهما المتاع ويعمل الآخر أو يتقبله أحدهما ويقطعه ثم يدفعه إلى الآخر للخياطة بالنصف جاز كذا في القنية۔۔۔وفي النهر أن المشترك فيه إنما هو العمل ولذا قالوا من صور هذه الشركة أن يجلس آخر على دكانه فيطرح عليه العمل بالنصف والقياس أن لا يجوز لأن من أحدهما العمل ومن الآخر الحانوت واستحسن جوازها؛ لأن التقبل من صاحب الحانوت عمل.</p>
<p><strong>العنايةشرح الهداية( مسائل منثورة في الإجارة:ج 5ص260):</strong></p>
<p>( قوله وإذا أقعد الخياط إلخ ) يعني إذا كان الخياط أو الصباغ معروفا وهو رجل مشهور عند الناس وله جاه ولكنه غير حاذق فأقعد في دكانه رجلا حاذقا ليتقبل صاحب الدكان العمل من الناس ويعمل الحاذق وجعلا ما يحصل من الأجرة بينهما نصفين جاز استحسانا ۔۔۔وجه الاستحسان أن هذه ليست بإجارة وإنما هي شركة الصنائع وهي شركة التقبل ، لأن شركة التقبل أن يكون ضمان العمل عليهما وأحدهما يتولى القبول من الناس والآخر يتولى العمل لحذاقته وهو متعارف فوجب القول بجوازها للتعامل بها قال صلى الله عليه وسلم { ما رآه المسلمون حسنا فهو عند الله حسن }.</p>
<p><strong>تحفة الفقهاء (3/ 13) دار الكتب العلمية، بيروت:</strong></p>
<p>إذا شرطا لأحدهما زيادة أجر أو شرطا العمل على قدر الأجر والوضيعة كذلك فهو جائز وإن كان عمل الذي شرط له الأجر القليل أكثر لأن الربح بقدر ضمان العمل لا بحقيقة العمل.</p>
<p>وإن شرطا الوضيعة نصفين لا يصح ويبطل وتكون الوضيعة على ما شرطا من ضمان العمل والأجر كذلك. ولو جنت يد أحدهما فالضمان عليهما جميعا؛ لأن ذلك بناء على ضمان العمل وقد ضمنا جميعا.</p>
</div><p>محمد نعمان خالد</p><p>دارالافتاء جامعۃ الرشیدکراچی</p><p>6<span dir=""LTR"">/</span>شعبان المعظم 1446ھ</p><h6 class=""has-text-align-center"">
واللہ سبحانہ وتعالی اعلم
</h6><figure class=""wp-block-table""><table><tbody><tr><td><h3>مجیب</h3></td><td>محمد نعمان خالد</td><td><h3>مفتیان</h3></td><td>سیّد عابد شاہ صاحب / محمد حسین خلیل خیل صاحب</td></tr></tbody></table></figure>",86827,jameya-tur-rasheed,خرید و فروخت اور دیگر معاملات میں  پابندی لگانے کے مسائل,متفرّق مسائل,"<div class=""pagelayer-col-holder""><div class=""p-kgd1425 pagelayer-post_excerpt"" pagelayer-id=""kgd1425"">
<style pagelayer-style-id=""kgd1425"">.p-kgd1425 .pagelayer-post-excerpt{color:#adb5bd;font-family: ; font-size: 15px !important; font-style: Italic !important; font-weight: 500 !important; font-variant:  !important; text-decoration-line:  !important; text-decoration-style:  !important; line-height: 1.5em !important; text-transform:  !important; letter-spacing: px !important; word-spacing: px !important;margin-top:0px; margin-right:0px; margin-bottom:0px; margin-left:0px}
.p-kgd1425{text-align: left;margin-top: 0px; margin-right: 0px; margin-bottom: 0px; margin-left: 0px;padding-top: 0px; padding-right: 0px; padding-bottom: 0px; padding-left: 0px}
</style></div><div class=""p-4wb1030 pagelayer-featured_img"" pagelayer-id=""4wb1030"">
<style pagelayer-style-id=""4wb1030"">.p-4wb1030{text-align: center}
.p-4wb1030 img{filter: blur(0px) brightness(100%) contrast(100%) grayscale(0%) hue-rotate(0deg) opacity(100%) saturate(100%);box-shadow: 0px 24px 36px 0px rgba(0,0,0,0.10)  !important;-webkit-transition: all 400ms; transition: all 400ms}
.p-4wb1030 .pagelayer-featured-caption{color: #0986c0}
</style>
<div class=""pagelayer-featured-img""></div>
</div><div class=""p-f8n3612 pagelayer-inner_row pagelayer-row-stretch-auto pagelayer-height-default"" pagelayer-id=""f8n3612"">
<style pagelayer-style-id=""f8n3612"">.p-f8n3612 .pagelayer-col-holder{padding: 10px}
.p-f8n3612 > .pagelayer-background-overlay{-webkit-transition: all 400ms !important; transition: all 400ms !important}
.p-f8n3612 .pagelayer-svg-top .pagelayer-shape-fill{fill:#227bc3}
.p-f8n3612 .pagelayer-row-svg .pagelayer-svg-top{width:100%;height:100px}
.p-f8n3612 .pagelayer-svg-bottom .pagelayer-shape-fill{fill:#e44993}
.p-f8n3612 .pagelayer-row-svg .pagelayer-svg-bottom{width:100%;height:100px}
</style>
<div class=""pagelayer-row-holder pagelayer-row pagelayer-auto pagelayer-width-auto""><div class=""p-i795860 pagelayer-col pagelayer-col-4"" pagelayer-id=""i795860"">
<style pagelayer-style-id=""i795860"">.p-i795860{align-content: center !important}
.p-i795860 .pagelayer-col-holder > div:not(:last-child){margin-bottom: 15px}
.p-i795860 > .pagelayer-background-overlay{-webkit-transition: all 400ms !important; transition: all 400ms !important}
</style>
<div class=""pagelayer-col-holder""><div class=""p-qip3968 pagelayer-post_info"" pagelayer-id=""qip3968"">
<style pagelayer-style-id=""qip3968"">.p-qip3968 .pagelayer-post-info-vertical .pagelayer-post-info-list-container{margin-right:25px}
.p-qip3968 .pagelayer-post-info-horizontal .pagelayer-post-info-list-container{margin-bottom:25px}
.p-qip3968 .pagelayer-post-info-container{text-align:right}
.p-qip3968 .pagelayer-post-info-icon span{font-size:120%;color:#495057}
.p-qip3968 .pagelayer-post-info-list-container a{font-family: Roboto !important; font-size: 14px !important; font-style:  !important; font-weight: 500 !important; font-variant:  !important; text-decoration-line:  !important; text-decoration-style:  !important; line-height: 1.6em !important; text-transform:  !important; letter-spacing: px !important; word-spacing: px !important}
.p-qip3968 .pagelayer-post-info-label{color:#495057}
.p-qip3968 .pagelayer-post-info-label a{color:#495057}
.p-qip3968 .pagelayer-post-info-label:hover{color:#000000}
.p-qip3968 .pagelayer-post-info-label:hover a{color:#000000}
</style><div class=""pagelayer-post-info-container pagelayer-post-info-vertical""><div class=""p-xj43574 pagelayer-post_info_list"" pagelayer-id=""xj43574"">
<div class=""pagelayer-post-info-list-container"">
<a class=""pagelayer-post-info-list-link"" href=""https://almuftionline.com/2025/02/05/"">
<span class=""pagelayer-post-info-icon"">
<span class=""far fa-clock""></span>
</span>
<span class=""pagelayer-post-info-label pagelayer-date"">فروری 5, 2025</span>
</a>
</div></div></div></div></div></div><div class=""p-t2j1983 pagelayer-col pagelayer-col-7"" pagelayer-id=""t2j1983"">
<style pagelayer-style-id=""t2j1983"">.p-t2j1983{align-content: center !important}
.p-t2j1983 .pagelayer-col-holder > div:not(:last-child){margin-bottom: 15px}
.p-t2j1983 > .pagelayer-background-overlay{-webkit-transition: all 400ms !important; transition: all 400ms !important}
</style>
<div class=""pagelayer-col-holder""><div class=""p-dbq3916 pagelayer-post_info"" pagelayer-id=""dbq3916"">
<style pagelayer-style-id=""dbq3916"">.p-dbq3916 .pagelayer-post-info-container{text-align:right}
.p-dbq3916 .pagelayer-post-info-icon span{font-size:120%;color:#495057}
.p-dbq3916 .pagelayer-post-info-list-container a{font-family: Roboto !important; font-size: 14px !important; font-style:  !important; font-weight: 500 !important; font-variant:  !important; text-decoration-line:  !important; text-decoration-style:  !important; line-height: 1.6em !important; text-transform:  !important; letter-spacing: px !important; word-spacing: px !important}
.p-dbq3916 .pagelayer-post-info-label{color:#0072ff}
.p-dbq3916 .pagelayer-post-info-label a{color:#0072ff}
.p-dbq3916 .pagelayer-terms *{color:#f8952c !important;padding-top:5px; padding-right:10px; padding-bottom:5px; padding-left:10px;margin-top:0px; margin-right:5px; margin-bottom:0px; margin-left:5px;border-radius: 4px 4px 4px 4px; -webkit-border-radius:  4px 4px 4px 4px;-moz-border-radius: 4px 4px 4px 4px}
.p-dbq3916{padding-top: 0px; padding-right: 0px; padding-bottom: 0px; padding-left: 0px}
@media (max-width: 768px) and (min-width: 501px){.p-dbq3916 .pagelayer-post-info-container{text-align:left}
}
@media (max-width: 500px){.p-dbq3916 .pagelayer-post-info-container{text-align:left}
}
</style><div class=""pagelayer-post-info-container pagelayer-post-info-vertical""><div class=""p-wpv7212 pagelayer-post_info_list"" pagelayer-id=""wpv7212"">
<div class=""pagelayer-post-info-list-container"">
<span class=""pagelayer-post-info-icon"">
</span>
<span class=""pagelayer-post-info-label pagelayer-terms""> <a href=""https://almuftionline.com/category/fatwa/33/""> خرید و فروخت اور دیگر معاملات میں  پابندی لگانے کے مسائل </a></span>
</div></div></div></div></div></div></div></div><div class=""p-trw3096 pagelayer-inner_row pagelayer-row-stretch-auto pagelayer-height-default"" pagelayer-id=""trw3096"">
<style pagelayer-style-id=""trw3096"">.p-trw3096 .pagelayer-col-holder{padding: 10px}
.p-trw3096 > .pagelayer-background-overlay{-webkit-transition: all 400ms !important; transition: all 400ms !important}
.p-trw3096 .pagelayer-svg-top .pagelayer-shape-fill{fill:#227bc3}
.p-trw3096 .pagelayer-row-svg .pagelayer-svg-top{width:100%;height:100px}
.p-trw3096 .pagelayer-svg-bottom .pagelayer-shape-fill{fill:#e44993}
.p-trw3096 .pagelayer-row-svg .pagelayer-svg-bottom{width:100%;height:100px}
</style>
<div class=""pagelayer-row-holder pagelayer-row pagelayer-auto pagelayer-width-auto""><div class=""p-wwu6541 pagelayer-col pagelayer-col-2"" pagelayer-id=""wwu6541"">
<style pagelayer-style-id=""wwu6541"">.p-wwu6541{align-content: center !important}
.p-wwu6541 .pagelayer-col-holder > div:not(:last-child){margin-bottom: 15px}
.p-wwu6541 > .pagelayer-background-overlay{-webkit-transition: all 400ms !important; transition: all 400ms !important}
</style>
<div class=""pagelayer-col-holder""><div class=""p-ccj4284 pagelayer-post_content"" pagelayer-id=""ccj4284"">
<style pagelayer-style-id=""ccj4284"">.p-ccj4284{text-align: right}
</style><div class=""entry-content pagelayer-post-excerpt""><figure class=""wp-block-table""><table><tbody><tr><td>86827</td><td>خرید و فروخت اور دیگر معاملات میں  پابندی لگانے کے مسائل</td><td>متفرّق مسائل</td></tr></tbody></table></figure><div style=""direction:rtl;line-height: 2.5;""><h3 class=""has-text-align-center"">سوال</h3><p>ایک شخص امریکہ میں ایسے لوگوں کو تلاش کرتا ہے جو امریکی کمپنیوں کے کریڈیٹ کارڈ کے زیادہ استعمال کی وجہ سے مقروض ہو چکے ہوتے ہیں اور وہ قرض مع سود کی ادائیگی پر قادر نہیں ہوتے، یہ شخص ان کو تلاش کرکے وہاں کے ایک قانونی ادارے کے ذریعہ ان کو سود معاف کرواتا ہے یا سود کی شرح کم کرواتا ہے، اس کا طریقہ یہ ہوتا ہے کہ پہلے اس شخص اور اس قانونی ادارے کے درمیان یہ شخص سود کی شرح کم کروانے اور اس پر کمیشن لینے کے سلسلہ میں ڈیل کرواتا ہے، یہ قانونی ادارہ سود ختم یا اس کی شرح کم کروا کے مقروض شخص سے کمیشن وصول کرتا ہے اور پھر وہ ادارہ اس میں سے کچھ کمیشن اس شخص کو ادا کرتا ہے، جو ان کے درمیان ڈیل کروانے والا ہوتا ہے۔</p>
<p>      اس کاروبار میں اس شخص کا سرمایہ اور محنت دونوں چیزیں لگتی ہیں، کیونکہ ایسے لوگوں کی تلاش میں کافی سرمایہ اور محنت صرف ہوتی ہے، اب ایک اور شخص اس کے ساتھ کاروبار میں شریک ہونا چاہتا ہے، سوال یہ ہے کہ اس کے شریک ہونے کی کیا صورت ہو سکتی ہے؟</p>
<h4 class=""has-text-align-center"">اَلجَوَابْ بِاسْمِ مُلْہِمِ الصَّوَابْ

</h4><p>سوال میں ذکر کی گئی صورت شرعی اعتبار سے شرکتِ اعمال کی ہے، کیونکہ اس میں نفع کا حصول عمل یعنی کام کی بنیاد پر ہو گا، لہذا اس شرکتِ اعمال کے اصول جاری ہوں گے اور شرکتِ اعمال میں درج ذیل اصولوں کو مدِ نظر رکھنا ضروری ہے:</p>
<ol>
<li>شرکت کا معاملہ کرتے وقت دونوں فریقوں کا کام کی ذمہ داری کو قبول کرنا ضروری ہے، دونوں کے ذمہ کام طےہوجانے کے بعد اگر کوئی فریق کسی وجہ سے کام نہ کر سکے تو بھی وہ طے شدہ نفع کا حق دار ہو گا۔</li>
<li>آپس میں نفع کی شرح فیصد(<span dir=""LTR"">Percentage</span>) کے حساب سے طے کریں، کسی فریق کے لیے لم سم یعنی متعین  رقم کی صورت میں نفع متعین کرنا جائز نہیں،  نیز فیصد کے اعتبار سے باہمی رضامندی سے نفع کی کوئی بھی شرح طے کی جا سکتی ہے، اگرچہ کام کی ذمہ داری کا تناسب مختلف ہو۔</li>
<li>کاروبار میں کام کی ذمہ داری کا تناسب برابر اور کمی بیشی کے ساتھ دونوں طرح درست ہے اورپھراگر   کاروبارمیں کسی شریک کی تعدی اور کوتاہی کے بغیر نقصان ہو جائے تو ہر فریق کام کی ذمہ داری کے تناسب سے نقصان برداشت کرے گا ۔</li>
<li>شرکت کے کاروبار میں نقصان کو اولاً نفع سے اور پھر اس کے بعد سرمایہ سے پوراکیا جائے گا۔لہذا نفع ختم ہونے کی صورت میں کسی فریق کو اس کی محنت کا بدلہ  نہیں ملے گا۔</li>
<li>اگر نقصان کسی فریق کی تعدی اور کوتاہی سے ہو تو اس صورت میں وہی شریک نقصان کا ذمہ دار ہو گا، نیز تعدی اور کوتاہی کا فیصلہ اس کاروبار کے ماہرین کریں گے۔</li>
</ol>
<p>باقی اس کاروبار میں کسی بھی فریق کی طرف سے کیے جانے والے اخراجات کاروبار پر دین یعنی قرض شمار ہوں گے، جو کہ نفع کی تقسیم سے پہلے اٹھالیے جائیں گے اور اس کے بعد بچ جانے والی رقم کو بطورِ نفع تقسیم کیا جائے گا۔</p>
</div><h6 class=""has-text-align-right"">حوالہ جات</h6><div style=""direction: rtl;font-family: Amiri;
    
     font-size: 13px; font-weight: 400;""><p><strong>مجلة الأحكام العدلية (ص: 261)</strong> <strong>نور محمد، كارخانه تجارتِ كتب، آرام باغ، كراتشي:</strong></p>
<p>المادة (1359) إذا عقد الشريكان في شركة الأعمال الشركة على أن لكل واحد منهما أن يتقبل ويلتزم أي عمل كان وأن يكونا ضامنين للعمل ومتعهدين به سوية ومتساويين في المنفعة والضرر وأن يكون كل واحد منهما كفيلا للآخر بما يترتب على أحدهما بسبب الشركة فتكون مفاوضة. وتجوز في هذه الصورة مطالبة أي واحد منهما بأجرة الأجير وأجرة الحانوت , وإذا ادعى شخص على أحدهما بمتاع وأقر أحدهما فينفذ إقراره حتى ولو أنكره الآخر.</p>
<p><strong>مجلة الأحكام العدلية (ص: 258) نور محمد، كارخانه تجارتِ كتب، آرام باغ، كراتشي:</strong></p>
<p>المادة (1346) ضمان العمل نوع من العمل , فلذلك إذا تشارك اثنان شركة صنائع بأن وضع أحد في دكانة آخر من أرباب الصنائع على أن ما يتقبله ويتعهده هو من الأعمال يعمله ذلك الآخر وأن ما يحصل من الكسب أي الأجرة يقسم بينهما مناصفة جاز , وإنما استحقاق صاحب الدكان الحصة هو بضمانه العمل وتعهده إياه كما أنه ينال في ضمن ذلك أيضا منفعة دكانه.</p>
<p><strong>تبيين الحقائق وحاشية الشلبي (3/ 321) المطبعة الكبرى الأميرية  بولاق، القاهرة:</strong></p>
<p> (قوله ولو شرطا العمل نصفين) قال الأتقاني - رحمه الله - قالوا جواز اشتراط التفاضل</p>
<p>في الربح مع التساوي في العمل في شركة التقبل إنما يجوز إذا كانت عنانا أما في المفاوضة</p>
<p> فلا يجوز اه.</p>
<p><strong>درر الحكام شرح مجلة الأحكام : (</strong><strong><span dir=""LTR"">380/3</span></strong><strong>)دار الجيل:</strong></p>
<p><strong>ولا يشترط في شركة الأعمال أن تكون تلك الأعمال من الأعمال المتفقة كما لا يشترط فيها اتحاد المكان. فلذلك يجوز أن تكون تلك الأعمال من الأعمال المتفقة كما يجوز أن تكون من الأعمال المختلفة كما أشير إلى ذلك في المادة (1332) إن اتفاق خياطين على الاشتراك في الخياطة أو صباغين على الاشتراك في الصباغة هو من قبيل الاشتراك في الأعمال المتفقة، كما أن اشتراك خياط وصباغ في الخياطة والصباغة هو من قبيل الاشتراك في الأعمال المختلفة (الولوالجية بإيضاح) وبما أن كل واحد منهما كفيل للآخر فيطالب الصباغ بالخياطة وله أن يستخدم الأجير أو المعير في عمل ذلك العمل الذي لا يقدر على عمله لأن الشركة عمولة على التوكيل (عبد الحليم) كما أنه لا يشترط أن يكون الشريكان في شركة الأعمال في حانوت واحد أو بلدة واحدة بل لكل منهما أن يشتغل في حانوت آخر أو محل آخر لأن المعنى لها لا يتفاوت </strong>(البحر) . ولكن يشترط في شركة الأعمال أن يحوز العمل شرطين:</p>
<p><strong>الشرط الأول:</strong> أن يكون العمل حلالا فلا تصح الشركة في العمل الحرام كالاشتراك في السرقة والغصب والارتشاء.</p>
<p><strong>الشرط الثاني:</strong> أن يكون العمل مما يجوز التوكيل فيه وأن يكون عملا إذا قام به العامل يستحق الأجرة عليه كالاشتراك في تعليم الكتابة والقرآن والكتب الشرعية فلو اشترك اثنان في تعليم الكتب الشرعية جاز.</p>
<p><strong>الدر المختار مع رد المحتار(كتاب الشركة ،مطلب في شركة التقبل ،ج6ص497):</strong></p>
<p>وإما تقبل وتسمی شرکۃ صنائع واعمال وابدان ۔وقال ابن عابدین :والمراد عقد الشركة على التقبل والعمل۔۔۔ لو اشتركا على أن يتقبل أحدهما المتاع ويعمل الآخر أو يتقبله أحدهما ويقطعه ثم يدفعه إلى الآخر للخياطة بالنصف جاز كذا في القنية۔۔۔وفي النهر أن المشترك فيه إنما هو العمل ولذا قالوا من صور هذه الشركة أن يجلس آخر على دكانه فيطرح عليه العمل بالنصف والقياس أن لا يجوز لأن من أحدهما العمل ومن الآخر الحانوت واستحسن جوازها؛ لأن التقبل من صاحب الحانوت عمل.</p>
<p><strong>العنايةشرح الهداية( مسائل منثورة في الإجارة:ج 5ص260):</strong></p>
<p>( قوله وإذا أقعد الخياط إلخ ) يعني إذا كان الخياط أو الصباغ معروفا وهو رجل مشهور عند الناس وله جاه ولكنه غير حاذق فأقعد في دكانه رجلا حاذقا ليتقبل صاحب الدكان العمل من الناس ويعمل الحاذق وجعلا ما يحصل من الأجرة بينهما نصفين جاز استحسانا ۔۔۔وجه الاستحسان أن هذه ليست بإجارة وإنما هي شركة الصنائع وهي شركة التقبل ، لأن شركة التقبل أن يكون ضمان العمل عليهما وأحدهما يتولى القبول من الناس والآخر يتولى العمل لحذاقته وهو متعارف فوجب القول بجوازها للتعامل بها قال صلى الله عليه وسلم { ما رآه المسلمون حسنا فهو عند الله حسن }.</p>
<p><strong>تحفة الفقهاء (3/ 13) دار الكتب العلمية، بيروت:</strong></p>
<p>إذا شرطا لأحدهما زيادة أجر أو شرطا العمل على قدر الأجر والوضيعة كذلك فهو جائز وإن كان عمل الذي شرط له الأجر القليل أكثر لأن الربح بقدر ضمان العمل لا بحقيقة العمل.</p>
<p>وإن شرطا الوضيعة نصفين لا يصح ويبطل وتكون الوضيعة على ما شرطا من ضمان العمل والأجر كذلك. ولو جنت يد أحدهما فالضمان عليهما جميعا؛ لأن ذلك بناء على ضمان العمل وقد ضمنا جميعا.</p>
</div><p>محمد نعمان خالد</p>
<p>دارالافتاء جامعۃ الرشیدکراچی</p>
<p>6<span dir=""LTR"">/</span>شعبان المعظم 1446ھ</p>
<h6 class=""has-text-align-center"">
واللہ سبحانہ وتعالی اعلم
</h6><figure class=""wp-block-table""><table><tbody><tr><td><h3>مجیب</h3></td><td>محمد نعمان خالد</td><td><h3>مفتیان</h3></td><td>سیّد عابد شاہ صاحب / محمد حسین خلیل خیل صاحب</td></tr></tbody></table></figure></div></div></div></div></div></div><div class=""p-wl6689 pagelayer-inner_row pagelayer-row-stretch-auto pagelayer-height-default"" pagelayer-id=""wl6689"">
<style pagelayer-style-id=""wl6689"">.p-wl6689 .pagelayer-col-holder{padding: 10px}
.p-wl6689 > .pagelayer-background-overlay{-webkit-transition: all 400ms !important; transition: all 400ms !important}
.p-wl6689 .pagelayer-svg-top .pagelayer-shape-fill{fill:#227bc3}
.p-wl6689 .pagelayer-row-svg .pagelayer-svg-top{width:100%;height:100px}
.p-wl6689 .pagelayer-svg-bottom .pagelayer-shape-fill{fill:#e44993}
.p-wl6689 .pagelayer-row-svg .pagelayer-svg-bottom{width:100%;height:100px}
</style>
<div class=""pagelayer-row-holder pagelayer-row pagelayer-auto pagelayer-width-auto""><div class=""p-jzl6522 pagelayer-col pagelayer-col-6"" pagelayer-id=""jzl6522"">
<style pagelayer-style-id=""jzl6522"">.p-jzl6522{align-content: center !important}
.p-jzl6522 .pagelayer-col-holder > div:not(:last-child){margin-bottom: 15px}
.p-jzl6522 > .pagelayer-background-overlay{-webkit-transition: all 400ms !important; transition: all 400ms !important}
</style>
<div class=""pagelayer-col-holder""><div class=""p-xsb5673 pagelayer-share_grp pagelayer-share-type-icon-label pagelayer-social-bg-none pagelayer-scheme-official"" pagelayer-id=""xsb5673"">
<style pagelayer-style-id=""xsb5673"">.p-xsb5673{text-align: right}
.p-xsb5673 .pagelayer-share-content{min-height: 35px;-webkit-transition: all 400ms; transition: all 400ms}
.p-xsb5673 i{font-size: 27px}
.p-xsb5673 .pagelayer-icon-holder{font-size: 27px}
.p-xsb5673 .pagelayer-share-content i{-webkit-transition: all 400ms; transition: all 400ms}
.p-xsb5673 .pagelayer-icon-name{font-family: Roboto; font-size: 15px !important; font-style:  !important; font-weight: 500 !important; font-variant:  !important; text-decoration-line:  !important; text-decoration-style:  !important; line-height: em !important; text-transform:  !important; letter-spacing: px !important; word-spacing: px !important}
@media (max-width: 768px) and (min-width: 501px){.p-xsb5673{text-align: left}
.p-xsb5673 .pagelayer-share{padding-top: 10px; padding-bottom: 10px;padding-left: 10px; padding-right: 10px}
.p-xsb5673 i{font-size: 20px}
.p-xsb5673 .pagelayer-icon-holder{font-size: 20px}
.p-xsb5673 .pagelayer-icon-name{font-family: ; font-size: 13px !important; font-style:  !important; font-weight:  !important; font-variant:  !important; text-decoration-line:  !important; text-decoration-style:  !important; line-height: em !important; text-transform:  !important; letter-spacing: px !important; word-spacing: px !important}
}
@media (max-width: 500px){.p-xsb5673{text-align: left}
.p-xsb5673 .pagelayer-share{padding-top: 10px; padding-bottom: 10px;padding-left: 10px; padding-right: 10px}
.p-xsb5673 .pagelayer-share-content{min-height: NaNpx}
.p-xsb5673 i{font-size: 20px}
.p-xsb5673 .pagelayer-icon-holder{font-size: 20px}
.p-xsb5673 .pagelayer-icon-name{font-family: ; font-size: 13px !important; font-style:  !important; font-weight:  !important; font-variant:  !important; text-decoration-line:  !important; text-decoration-style:  !important; line-height: em !important; text-transform:  !important; letter-spacing: px !important; word-spacing: px !important}
}
</style><div class=""p-9mh2934 pagelayer-share"" pagelayer-id=""9mh2934"">
<a class=""pagelayer-ele-link"" href=""https://www.facebook.com/sharer/sharer.php?u=almuftionline.com/2025/02/05/16755/"" target=""_blank"" title=""fab fa-facebook-square"">
<div class=""pagelayer-share-content pagelayer-facebook-square"" data-icon=""fab fa-facebook-square"">
<div class=""pagelayer-icon-holder pagelayer-share-buttons"">
<i class=""pagelayer-social-fa fab fa-facebook-square""></i>
</div>
<div class=""pagelayer-icon-name"">
<span class=""pagelayer-icon-name-span"">Facebook</span>
</div>
</div>
</a></div><div class=""p-rai4926 pagelayer-share"" pagelayer-id=""rai4926"">
<a class=""pagelayer-ele-link"" href=""https://twitter.com/share?url=almuftionline.com/2025/02/05/16755/"" target=""_blank"" title=""fab fa-twitter-square"">
<div class=""pagelayer-share-content pagelayer-twitter-square"" data-icon=""fab fa-twitter-square"">
<div class=""pagelayer-icon-holder pagelayer-share-buttons"">
<i class=""pagelayer-social-fa fab fa-twitter-square""></i>
</div>
<div class=""pagelayer-icon-name"">
<span class=""pagelayer-icon-name-span"">Twitter</span>
</div>
</div>
</a></div><div class=""p-ndy3728 pagelayer-share"" pagelayer-id=""ndy3728"">
<a class=""pagelayer-ele-link"" href=""whatsapp://send?text=almuftionline.com/2025/02/05/16755/"" target=""_blank"" title=""fab fa-whatsapp"">
<div class=""pagelayer-share-content pagelayer-whatsapp"" data-icon=""fab fa-whatsapp"">
<div class=""pagelayer-icon-holder pagelayer-share-buttons"">
<i class=""pagelayer-social-fa fab fa-whatsapp""></i>
</div>
<div class=""pagelayer-icon-name"">
<span class=""pagelayer-icon-name-span"">WhatsApp</span>
</div>
</div>
</a></div></div></div></div></div></div><div class=""p-zqp4850 pagelayer-inner_row pagelayer-row-stretch-auto pagelayer-height-default"" pagelayer-id=""zqp4850"">
<style pagelayer-style-id=""zqp4850"">.p-zqp4850 .pagelayer-col-holder{padding: 10px}
.p-zqp4850 > .pagelayer-background-overlay{-webkit-transition: all 400ms !important; transition: all 400ms !important}
.p-zqp4850 .pagelayer-svg-top .pagelayer-shape-fill{fill:#227bc3}
.p-zqp4850 .pagelayer-row-svg .pagelayer-svg-top{width:100%;height:100px}
.p-zqp4850 .pagelayer-svg-bottom .pagelayer-shape-fill{fill:#e44993}
.p-zqp4850 .pagelayer-row-svg .pagelayer-svg-bottom{width:100%;height:100px}
</style>
<div class=""pagelayer-row-holder pagelayer-row pagelayer-auto pagelayer-width-auto""><div class=""p-q725202 pagelayer-col pagelayer-col-2"" pagelayer-id=""q725202"">
<style pagelayer-style-id=""q725202"">.p-q725202{align-content: center !important}
.p-q725202 .pagelayer-col-holder > div:not(:last-child){margin-bottom: 15px}
.p-q725202 > .pagelayer-background-overlay{-webkit-transition: all 400ms !important; transition: all 400ms !important}
</style>
<div class=""pagelayer-col-holder""><div class=""p-55r4448 pagelayer-post_nav"" pagelayer-id=""55r4448"">
<style pagelayer-style-id=""55r4448"">.p-55r4448 .pagelayer-post-nav-link{color:#adb5bd;font-family:  !important; font-size: 15px !important; font-style:  !important; font-weight:  !important; font-variant:  !important; text-decoration-line:  !important; text-decoration-style:  !important; line-height: em !important; text-transform:  !important; letter-spacing: px !important; word-spacing: px !important}
.p-55r4448 .pagelayer-post-nav-title{color:#000000;font-family:  !important; font-size: 18px !important; font-style:  !important; font-weight: bold !important; font-variant:  !important; text-decoration-line:  !important; text-decoration-style: Solid !important; line-height: em !important; text-transform:  !important; letter-spacing: px !important; word-spacing: px !important}
.p-55r4448 .pagelayer-post-nav-icon{color:#adb5bd;font-size:30px}
.p-55r4448 .pagelayer-post-nav-separator{display:none}
@media (max-width: 768px) and (min-width: 501px){.p-55r4448 .pagelayer-post-nav-link{font-family:  !important; font-size: 12px !important; font-style:  !important; font-weight:  !important; font-variant:  !important; text-decoration-line:  !important; text-decoration-style: Solid !important; line-height: em !important; text-transform:  !important; letter-spacing: px !important; word-spacing: px !important}
.p-55r4448 .pagelayer-post-nav-title{font-family:  !important; font-size: 15px !important; font-style:  !important; font-weight:  !important; font-variant:  !important; text-decoration-line:  !important; text-decoration-style: Solid !important; line-height: em !important; text-transform:  !important; letter-spacing: px !important; word-spacing: px !important}
}
@media (max-width: 500px){.p-55r4448 .pagelayer-post-nav-link{font-family:  !important; font-size: 12px !important; font-style:  !important; font-weight:  !important; font-variant:  !important; text-decoration-line:  !important; text-decoration-style: Solid !important; line-height: em !important; text-transform:  !important; letter-spacing: px !important; word-spacing: px !important}
.p-55r4448 .pagelayer-post-nav-title{font-family:  !important; font-size: 12px !important; font-style:  !important; font-weight:  !important; font-variant:  !important; text-decoration-line:  !important; text-decoration-style: Solid !important; line-height: em !important; text-transform:  !important; letter-spacing: px !important; word-spacing: px !important}
}
</style><div class=""pagelayer-post-nav-container"">
<div class=""pagelayer-prev-post"">
<a href=""https://almuftionline.com/2025/02/05/17962/"" rel=""prev""><span class=""pagelayer-post-nav-icon fa fa-chevron-left""></span>
<span class=""pagelayer-next-holder"">
<span class=""pagelayer-post-nav-link""> Previous</span><span class=""pagelayer-post-nav-title"">ویگنزم کا حکم(ویگنزم یعنی جانوروں کو اپنی  کسی بھی منفعت کیلئے استعمال کرنا ان کے ساتھ ظلم اور نا انصافی ہے،نظریہ کاحکم)</span>
</span></a>
</div>
<div class=""pagelayer-post-nav-separator""></div>
<div class=""pagelayer-next-post"">
<a href=""https://almuftionline.com/2025/02/05/16751/"" rel=""next""><span class=""pagelayer-next-holder"">
<span class=""pagelayer-post-nav-link""> Next</span><span class=""pagelayer-post-nav-title"">نزدیک مسجد بننے کی وجہ سے مسجد کی وقف جگہ پرمدرسہ بنانےکا حکم</span>
</span>
<span class=""pagelayer-post-nav-icon fa fa-chevron-right""></span></a>
</div>
</div></div></div></div></div></div></div>"
2025-02-05,https://almuftionline.com/2025/02/05/17962/,ویگنزم کا حکم(ویگنزم یعنی جانوروں کو اپنی  کسی بھی منفعت کیلئے استعمال کرنا ان کے ساتھ ظلم اور نا انصافی ہے،نظریہ کاحکم),"<p> میں نے ایک مسلمان( ویگن) لڑکی سے شادی  کی ہے۔میں اسے پہلے سے جانتا تھا، لیکن میں نے سوچا کہ میں اسے اسلامی نقطہ نظر سے ویگنزم کے بارے میں سمجھا دوں گا ،لیکن وہ ہر بات سے یکسر انکار کرتی ہے اور وہ ویگن رہنا چاہتی ہے اور مجھےبھی  گھر میں ویگن رہنے پر مجبور کرنا چاہتی ہے۔ اور ہمارے آنے والے بچوں کی پرورش بھی ویگن بنیادوں پر ہوگی۔میں نے اسے علماء کے کچھ ویڈیو کلپس دکھائے جن میں شیخ عاصم الحکیم ، ڈ. عمر سلیمان اور بہت سے دیگر  (جن کو وہ سنتی ہیں)  ،انہوں نے کھلے عام کہا کہ یہ خیال کرنا کہ جانوروں کو ذبح کرنا ان کے ساتھ ناانصافی ہے،یہ کفر ہے  ۔ لیکن وہ یہ کہتے ہوئے ہر چیز کی تردید کرتی ہیں کہ علماء نہیں جانتے۔ اس وجہ سے میری شادی شدہ زندگی  بہت زیادہ متاثر ہو رہی ہے۔ براہ کرم سوال کے ساتھ میرا نام عام نہ کریں اور مجھے اس بارے میں شرعی حکم بتائیں۔ کچھ حوالہ جات جو وہ ویگنزم کے حق میں استعمال کرتی ہیں وہ یہاں منسلک ہیں۔</p><p> <span dir=""LTR""><a href=""https://www.greenislam.org/articles/the-eid-al-adha-sacrifice-as-a-climate-concern-exploring-islamic-"">https://www.greenislam.org/articles/the-eid-al-adha-sacrifice-as-a-climate-concern-exploring-islamic-</a></span><span dir=""LTR"">alternatives </span><span dir=""LTR""><a href=""https://www.greenislam.org/"">https://www.greenislam.org/</a></span></p><p><span dir=""RTL"">نوٹ: ویگنزم  (</span>Veganism<span dir=""RTL"">)</span><span dir=""RTL"">ایک نقطہ نظر ہے جو اس بات کا مدعی ہے کہ جانوروں کو اپنی  کسی بھی منفعت خواہ وہ غذا ہو یا لباس ،کسی بھی مقصد کیلئے استعمال کرنا ان کے ساتھ ظلم اور نا انصافی ہے۔</span></p>","<h4 class=""has-text-align-center"">اَلجَوَابْ بِاسْمِ مُلْہِمِ الصَّوَابْ

</h4><p>محض ویگن (Vegan)یا ویجیٹیرین(Vegetarian)ہونا  منافی اسلام نہیں ،لیکن اگر اس کے ساتھ یہ عقیدہ بھی  ہو کہ کسی بھی صورت میں جانوروں سے فائدہ اٹھانا،یہ ان کا استحصال اورسرا سر ظلم ہے ،اور اللہ رب العزت نے اس کی اجازت دے کر (العیاذباللہ) نا انصافی کی ہے تو یہ عقیدہ رکھنا بلا تردد منافی اسلام ہے ۔لہذا اگر صورت مسئولہ میں موصوفہ شادی سے قبل ہی سے  مذکورہ عقیدہ رکھتی ہیں تو ان کے ساتھ  آپ کا نکاح منعقد نہیں ہوا۔اور اگر بعد میں یہ عقیدہ اختیار کیا گیا تو آپ کا نکاح ختم ہوگیا۔ اور اگر جائز سمجھتے ہوئے محض طبعی ترس کی وجہ سے وہ گوشت استعمال نہیں کرتی تو اس سے نکاح جائز ہوا ہے، اس صورت میں اس کو وقت دیں اور موقع کی مناسبت سے ذہن سازی کی کوشش کریں۔ اس موضوع پر ڈاکٹر ذاکر نائیک کے لیکچرز مفید ہیں،ان کو سنوائیں۔جہاں تک مذکورہ دلائل کی بات ہے تو وہ اس سے متعلق ہیں کہ جانوروں کے ذبح سے وسائل     خرچ  ہوتے ہیں اور  ماحولیات پر برا اثر پڑتا ہے  جس کا حل یہ ہے کہ لوگ ایسی غذا کو اختیار کریں جس سے جانوروں کا تعلق نہ ہو۔</p><h6 class=""has-text-align-right"">حوالہ جات</h6><div style=""direction: rtl;font-family: Amiri;
    
     font-size: 13px; font-weight: 400;""><p><strong>قال تعالی:</strong></p>
<p>وَٱلأَنعَٰمَ خَلَقَهَا لَكُم فِيهَا دِفءوَمَنَٰفِعُ وَمِنهَا تَأكُلُونَ(النحل:<span dir=""LTR"">05</span>)</p>
<p><strong>إكفار الملحدين في ضروريات الدين (ص2):</strong></p>
<p>والمراد ""بالضروريات على ما اشتهر في الكتب: ما علم كونه من دين محمد صلى الله عليه وسلم بالضرورة، بأن تواتر عنه واستفاض، وعلمته العامة، كالوحدانية، والنبوة، وختمها بخاتم الأنبياء، وانقطاعها بعده، وهذا مما شهد الله به في كتابه، وشهدت به الكتب السابقة، وشهد به نبينا صلى الله عليه وسلم، وكالبعث والجزاء، ووجوب الصلاة والزكاة، وحرمة الخمر ونحوها، سمي: ضرورياً، لأن كل أحد يعلم أن هذا الأمر مثلاً من دين النبي صلى الله عليه وسلم، ولابد، فكونها من الدين ضروري وتدخل في الإيمان.</p>
</div><p>حمادالدین قریشی</p><p>دارالافتاءجامعۃ الرشید، کراچی</p><p><span dir=""LTR"">29</span>/ذی القعدہ <span dir=""LTR"">1446</span>ھ</p><h6 class=""has-text-align-center"">
واللہ سبحانہ وتعالی اعلم
</h6><figure class=""wp-block-table""><table><tbody><tr><td><h3>مجیب</h3></td><td>حماد الدین قریشی بن فہیم الدین قریشی </td><td><h3>مفتیان</h3></td><td>سیّد عابد شاہ صاحب / سعید احمد حسن صاحب</td></tr></tbody></table></figure>",8766ْ7,jameya-tur-rasheed,ایمان وعقائد,کفریہ کلمات اور کفریہ کاموں کابیان,"<div class=""pagelayer-col-holder""><div class=""p-kgd1425 pagelayer-post_excerpt"" pagelayer-id=""kgd1425"">
<style pagelayer-style-id=""kgd1425"">.p-kgd1425 .pagelayer-post-excerpt{color:#adb5bd;font-family: ; font-size: 15px !important; font-style: Italic !important; font-weight: 500 !important; font-variant:  !important; text-decoration-line:  !important; text-decoration-style:  !important; line-height: 1.5em !important; text-transform:  !important; letter-spacing: px !important; word-spacing: px !important;margin-top:0px; margin-right:0px; margin-bottom:0px; margin-left:0px}
.p-kgd1425{text-align: left;margin-top: 0px; margin-right: 0px; margin-bottom: 0px; margin-left: 0px;padding-top: 0px; padding-right: 0px; padding-bottom: 0px; padding-left: 0px}
</style></div><div class=""p-4wb1030 pagelayer-featured_img"" pagelayer-id=""4wb1030"">
<style pagelayer-style-id=""4wb1030"">.p-4wb1030{text-align: center}
.p-4wb1030 img{filter: blur(0px) brightness(100%) contrast(100%) grayscale(0%) hue-rotate(0deg) opacity(100%) saturate(100%);box-shadow: 0px 24px 36px 0px rgba(0,0,0,0.10)  !important;-webkit-transition: all 400ms; transition: all 400ms}
.p-4wb1030 .pagelayer-featured-caption{color: #0986c0}
</style>
<div class=""pagelayer-featured-img""></div>
</div><div class=""p-f8n3612 pagelayer-inner_row pagelayer-row-stretch-auto pagelayer-height-default"" pagelayer-id=""f8n3612"">
<style pagelayer-style-id=""f8n3612"">.p-f8n3612 .pagelayer-col-holder{padding: 10px}
.p-f8n3612 > .pagelayer-background-overlay{-webkit-transition: all 400ms !important; transition: all 400ms !important}
.p-f8n3612 .pagelayer-svg-top .pagelayer-shape-fill{fill:#227bc3}
.p-f8n3612 .pagelayer-row-svg .pagelayer-svg-top{width:100%;height:100px}
.p-f8n3612 .pagelayer-svg-bottom .pagelayer-shape-fill{fill:#e44993}
.p-f8n3612 .pagelayer-row-svg .pagelayer-svg-bottom{width:100%;height:100px}
</style>
<div class=""pagelayer-row-holder pagelayer-row pagelayer-auto pagelayer-width-auto""><div class=""p-i795860 pagelayer-col pagelayer-col-4"" pagelayer-id=""i795860"">
<style pagelayer-style-id=""i795860"">.p-i795860{align-content: center !important}
.p-i795860 .pagelayer-col-holder > div:not(:last-child){margin-bottom: 15px}
.p-i795860 > .pagelayer-background-overlay{-webkit-transition: all 400ms !important; transition: all 400ms !important}
</style>
<div class=""pagelayer-col-holder""><div class=""p-qip3968 pagelayer-post_info"" pagelayer-id=""qip3968"">
<style pagelayer-style-id=""qip3968"">.p-qip3968 .pagelayer-post-info-vertical .pagelayer-post-info-list-container{margin-right:25px}
.p-qip3968 .pagelayer-post-info-horizontal .pagelayer-post-info-list-container{margin-bottom:25px}
.p-qip3968 .pagelayer-post-info-container{text-align:right}
.p-qip3968 .pagelayer-post-info-icon span{font-size:120%;color:#495057}
.p-qip3968 .pagelayer-post-info-list-container a{font-family: Roboto !important; font-size: 14px !important; font-style:  !important; font-weight: 500 !important; font-variant:  !important; text-decoration-line:  !important; text-decoration-style:  !important; line-height: 1.6em !important; text-transform:  !important; letter-spacing: px !important; word-spacing: px !important}
.p-qip3968 .pagelayer-post-info-label{color:#495057}
.p-qip3968 .pagelayer-post-info-label a{color:#495057}
.p-qip3968 .pagelayer-post-info-label:hover{color:#000000}
.p-qip3968 .pagelayer-post-info-label:hover a{color:#000000}
</style><div class=""pagelayer-post-info-container pagelayer-post-info-vertical""><div class=""p-xj43574 pagelayer-post_info_list"" pagelayer-id=""xj43574"">
<div class=""pagelayer-post-info-list-container"">
<a class=""pagelayer-post-info-list-link"" href=""https://almuftionline.com/2025/02/05/"">
<span class=""pagelayer-post-info-icon"">
<span class=""far fa-clock""></span>
</span>
<span class=""pagelayer-post-info-label pagelayer-date"">فروری 5, 2025</span>
</a>
</div></div></div></div></div></div><div class=""p-t2j1983 pagelayer-col pagelayer-col-7"" pagelayer-id=""t2j1983"">
<style pagelayer-style-id=""t2j1983"">.p-t2j1983{align-content: center !important}
.p-t2j1983 .pagelayer-col-holder > div:not(:last-child){margin-bottom: 15px}
.p-t2j1983 > .pagelayer-background-overlay{-webkit-transition: all 400ms !important; transition: all 400ms !important}
</style>
<div class=""pagelayer-col-holder""><div class=""p-dbq3916 pagelayer-post_info"" pagelayer-id=""dbq3916"">
<style pagelayer-style-id=""dbq3916"">.p-dbq3916 .pagelayer-post-info-container{text-align:right}
.p-dbq3916 .pagelayer-post-info-icon span{font-size:120%;color:#495057}
.p-dbq3916 .pagelayer-post-info-list-container a{font-family: Roboto !important; font-size: 14px !important; font-style:  !important; font-weight: 500 !important; font-variant:  !important; text-decoration-line:  !important; text-decoration-style:  !important; line-height: 1.6em !important; text-transform:  !important; letter-spacing: px !important; word-spacing: px !important}
.p-dbq3916 .pagelayer-post-info-label{color:#0072ff}
.p-dbq3916 .pagelayer-post-info-label a{color:#0072ff}
.p-dbq3916 .pagelayer-terms *{color:#f8952c !important;padding-top:5px; padding-right:10px; padding-bottom:5px; padding-left:10px;margin-top:0px; margin-right:5px; margin-bottom:0px; margin-left:5px;border-radius: 4px 4px 4px 4px; -webkit-border-radius:  4px 4px 4px 4px;-moz-border-radius: 4px 4px 4px 4px}
.p-dbq3916{padding-top: 0px; padding-right: 0px; padding-bottom: 0px; padding-left: 0px}
@media (max-width: 768px) and (min-width: 501px){.p-dbq3916 .pagelayer-post-info-container{text-align:left}
}
@media (max-width: 500px){.p-dbq3916 .pagelayer-post-info-container{text-align:left}
}
</style><div class=""pagelayer-post-info-container pagelayer-post-info-vertical""><div class=""p-wpv7212 pagelayer-post_info_list"" pagelayer-id=""wpv7212"">
<div class=""pagelayer-post-info-list-container"">
<span class=""pagelayer-post-info-icon"">
</span>
<span class=""pagelayer-post-info-label pagelayer-terms""> <a href=""https://almuftionline.com/category/fatwa/2/""> ایمان وعقائد </a></span>
</div></div></div></div></div></div></div></div><div class=""p-trw3096 pagelayer-inner_row pagelayer-row-stretch-auto pagelayer-height-default"" pagelayer-id=""trw3096"">
<style pagelayer-style-id=""trw3096"">.p-trw3096 .pagelayer-col-holder{padding: 10px}
.p-trw3096 > .pagelayer-background-overlay{-webkit-transition: all 400ms !important; transition: all 400ms !important}
.p-trw3096 .pagelayer-svg-top .pagelayer-shape-fill{fill:#227bc3}
.p-trw3096 .pagelayer-row-svg .pagelayer-svg-top{width:100%;height:100px}
.p-trw3096 .pagelayer-svg-bottom .pagelayer-shape-fill{fill:#e44993}
.p-trw3096 .pagelayer-row-svg .pagelayer-svg-bottom{width:100%;height:100px}
</style>
<div class=""pagelayer-row-holder pagelayer-row pagelayer-auto pagelayer-width-auto""><div class=""p-wwu6541 pagelayer-col pagelayer-col-2"" pagelayer-id=""wwu6541"">
<style pagelayer-style-id=""wwu6541"">.p-wwu6541{align-content: center !important}
.p-wwu6541 .pagelayer-col-holder > div:not(:last-child){margin-bottom: 15px}
.p-wwu6541 > .pagelayer-background-overlay{-webkit-transition: all 400ms !important; transition: all 400ms !important}
</style>
<div class=""pagelayer-col-holder""><div class=""p-ccj4284 pagelayer-post_content"" pagelayer-id=""ccj4284"">
<style pagelayer-style-id=""ccj4284"">.p-ccj4284{text-align: right}
</style><div class=""entry-content pagelayer-post-excerpt""><figure class=""wp-block-table""><table><tbody><tr><td>8766ْ7</td><td>ایمان وعقائد</td><td>کفریہ کلمات اور کفریہ کاموں کابیان</td></tr></tbody></table></figure><div style=""direction:rtl;line-height: 2.5;""><h3 class=""has-text-align-center"">سوال</h3><p> میں نے ایک مسلمان( ویگن) لڑکی سے شادی  کی ہے۔میں اسے پہلے سے جانتا تھا، لیکن میں نے سوچا کہ میں اسے اسلامی نقطہ نظر سے ویگنزم کے بارے میں سمجھا دوں گا ،لیکن وہ ہر بات سے یکسر انکار کرتی ہے اور وہ ویگن رہنا چاہتی ہے اور مجھےبھی  گھر میں ویگن رہنے پر مجبور کرنا چاہتی ہے۔ اور ہمارے آنے والے بچوں کی پرورش بھی ویگن بنیادوں پر ہوگی۔میں نے اسے علماء کے کچھ ویڈیو کلپس دکھائے جن میں شیخ عاصم الحکیم ، ڈ. عمر سلیمان اور بہت سے دیگر  (جن کو وہ سنتی ہیں)  ،انہوں نے کھلے عام کہا کہ یہ خیال کرنا کہ جانوروں کو ذبح کرنا ان کے ساتھ ناانصافی ہے،یہ کفر ہے  ۔ لیکن وہ یہ کہتے ہوئے ہر چیز کی تردید کرتی ہیں کہ علماء نہیں جانتے۔ اس وجہ سے میری شادی شدہ زندگی  بہت زیادہ متاثر ہو رہی ہے۔ براہ کرم سوال کے ساتھ میرا نام عام نہ کریں اور مجھے اس بارے میں شرعی حکم بتائیں۔ کچھ حوالہ جات جو وہ ویگنزم کے حق میں استعمال کرتی ہیں وہ یہاں منسلک ہیں۔</p>
<p> <span dir=""LTR""><a href=""https://www.greenislam.org/articles/the-eid-al-adha-sacrifice-as-a-climate-concern-exploring-islamic-"">https://www.greenislam.org/articles/the-eid-al-adha-sacrifice-as-a-climate-concern-exploring-islamic-</a></span><span dir=""LTR"">alternatives </span><span dir=""LTR""><a href=""https://www.greenislam.org/"">https://www.greenislam.org/</a></span></p>
<p><span dir=""RTL"">نوٹ: ویگنزم  (</span>Veganism<span dir=""RTL"">)</span><span dir=""RTL"">ایک نقطہ نظر ہے جو اس بات کا مدعی ہے کہ جانوروں کو اپنی  کسی بھی منفعت خواہ وہ غذا ہو یا لباس ،کسی بھی مقصد کیلئے استعمال کرنا ان کے ساتھ ظلم اور نا انصافی ہے۔</span></p>
<h4 class=""has-text-align-center"">اَلجَوَابْ بِاسْمِ مُلْہِمِ الصَّوَابْ

</h4><p>محض ویگن (Vegan)یا ویجیٹیرین(Vegetarian)ہونا  منافی اسلام نہیں ،لیکن اگر اس کے ساتھ یہ عقیدہ بھی  ہو کہ کسی بھی صورت میں جانوروں سے فائدہ اٹھانا،یہ ان کا استحصال اورسرا سر ظلم ہے ،اور اللہ رب العزت نے اس کی اجازت دے کر (العیاذباللہ) نا انصافی کی ہے تو یہ عقیدہ رکھنا بلا تردد منافی اسلام ہے ۔لہذا اگر صورت مسئولہ میں موصوفہ شادی سے قبل ہی سے  مذکورہ عقیدہ رکھتی ہیں تو ان کے ساتھ  آپ کا نکاح منعقد نہیں ہوا۔اور اگر بعد میں یہ عقیدہ اختیار کیا گیا تو آپ کا نکاح ختم ہوگیا۔ اور اگر جائز سمجھتے ہوئے محض طبعی ترس کی وجہ سے وہ گوشت استعمال نہیں کرتی تو اس سے نکاح جائز ہوا ہے، اس صورت میں اس کو وقت دیں اور موقع کی مناسبت سے ذہن سازی کی کوشش کریں۔ اس موضوع پر ڈاکٹر ذاکر نائیک کے لیکچرز مفید ہیں،ان کو سنوائیں۔جہاں تک مذکورہ دلائل کی بات ہے تو وہ اس سے متعلق ہیں کہ جانوروں کے ذبح سے وسائل     خرچ  ہوتے ہیں اور  ماحولیات پر برا اثر پڑتا ہے  جس کا حل یہ ہے کہ لوگ ایسی غذا کو اختیار کریں جس سے جانوروں کا تعلق نہ ہو۔</p>
</div><h6 class=""has-text-align-right"">حوالہ جات</h6><div style=""direction: rtl;font-family: Amiri;
    
     font-size: 13px; font-weight: 400;""><p><strong>قال تعالی:</strong></p>
<p>وَٱلأَنعَٰمَ خَلَقَهَا لَكُم فِيهَا دِفءوَمَنَٰفِعُ وَمِنهَا تَأكُلُونَ(النحل:<span dir=""LTR"">05</span>)</p>
<p><strong>إكفار الملحدين في ضروريات الدين (ص2):</strong></p>
<p>والمراد ""بالضروريات على ما اشتهر في الكتب: ما علم كونه من دين محمد صلى الله عليه وسلم بالضرورة، بأن تواتر عنه واستفاض، وعلمته العامة، كالوحدانية، والنبوة، وختمها بخاتم الأنبياء، وانقطاعها بعده، وهذا مما شهد الله به في كتابه، وشهدت به الكتب السابقة، وشهد به نبينا صلى الله عليه وسلم، وكالبعث والجزاء، ووجوب الصلاة والزكاة، وحرمة الخمر ونحوها، سمي: ضرورياً، لأن كل أحد يعلم أن هذا الأمر مثلاً من دين النبي صلى الله عليه وسلم، ولابد، فكونها من الدين ضروري وتدخل في الإيمان.</p>
</div><p>حمادالدین قریشی</p>
<p>دارالافتاءجامعۃ الرشید، کراچی</p>
<p><span dir=""LTR"">29</span>/ذی القعدہ <span dir=""LTR"">1446</span>ھ</p>
<h6 class=""has-text-align-center"">
واللہ سبحانہ وتعالی اعلم
</h6><figure class=""wp-block-table""><table><tbody><tr><td><h3>مجیب</h3></td><td>حماد الدین قریشی بن فہیم الدین قریشی </td><td><h3>مفتیان</h3></td><td>سیّد عابد شاہ صاحب / سعید احمد حسن صاحب</td></tr></tbody></table></figure></div></div></div></div></div></div><div class=""p-wl6689 pagelayer-inner_row pagelayer-row-stretch-auto pagelayer-height-default"" pagelayer-id=""wl6689"">
<style pagelayer-style-id=""wl6689"">.p-wl6689 .pagelayer-col-holder{padding: 10px}
.p-wl6689 > .pagelayer-background-overlay{-webkit-transition: all 400ms !important; transition: all 400ms !important}
.p-wl6689 .pagelayer-svg-top .pagelayer-shape-fill{fill:#227bc3}
.p-wl6689 .pagelayer-row-svg .pagelayer-svg-top{width:100%;height:100px}
.p-wl6689 .pagelayer-svg-bottom .pagelayer-shape-fill{fill:#e44993}
.p-wl6689 .pagelayer-row-svg .pagelayer-svg-bottom{width:100%;height:100px}
</style>
<div class=""pagelayer-row-holder pagelayer-row pagelayer-auto pagelayer-width-auto""><div class=""p-jzl6522 pagelayer-col pagelayer-col-6"" pagelayer-id=""jzl6522"">
<style pagelayer-style-id=""jzl6522"">.p-jzl6522{align-content: center !important}
.p-jzl6522 .pagelayer-col-holder > div:not(:last-child){margin-bottom: 15px}
.p-jzl6522 > .pagelayer-background-overlay{-webkit-transition: all 400ms !important; transition: all 400ms !important}
</style>
<div class=""pagelayer-col-holder""><div class=""p-xsb5673 pagelayer-share_grp pagelayer-share-type-icon-label pagelayer-social-bg-none pagelayer-scheme-official"" pagelayer-id=""xsb5673"">
<style pagelayer-style-id=""xsb5673"">.p-xsb5673{text-align: right}
.p-xsb5673 .pagelayer-share-content{min-height: 35px;-webkit-transition: all 400ms; transition: all 400ms}
.p-xsb5673 i{font-size: 27px}
.p-xsb5673 .pagelayer-icon-holder{font-size: 27px}
.p-xsb5673 .pagelayer-share-content i{-webkit-transition: all 400ms; transition: all 400ms}
.p-xsb5673 .pagelayer-icon-name{font-family: Roboto; font-size: 15px !important; font-style:  !important; font-weight: 500 !important; font-variant:  !important; text-decoration-line:  !important; text-decoration-style:  !important; line-height: em !important; text-transform:  !important; letter-spacing: px !important; word-spacing: px !important}
@media (max-width: 768px) and (min-width: 501px){.p-xsb5673{text-align: left}
.p-xsb5673 .pagelayer-share{padding-top: 10px; padding-bottom: 10px;padding-left: 10px; padding-right: 10px}
.p-xsb5673 i{font-size: 20px}
.p-xsb5673 .pagelayer-icon-holder{font-size: 20px}
.p-xsb5673 .pagelayer-icon-name{font-family: ; font-size: 13px !important; font-style:  !important; font-weight:  !important; font-variant:  !important; text-decoration-line:  !important; text-decoration-style:  !important; line-height: em !important; text-transform:  !important; letter-spacing: px !important; word-spacing: px !important}
}
@media (max-width: 500px){.p-xsb5673{text-align: left}
.p-xsb5673 .pagelayer-share{padding-top: 10px; padding-bottom: 10px;padding-left: 10px; padding-right: 10px}
.p-xsb5673 .pagelayer-share-content{min-height: NaNpx}
.p-xsb5673 i{font-size: 20px}
.p-xsb5673 .pagelayer-icon-holder{font-size: 20px}
.p-xsb5673 .pagelayer-icon-name{font-family: ; font-size: 13px !important; font-style:  !important; font-weight:  !important; font-variant:  !important; text-decoration-line:  !important; text-decoration-style:  !important; line-height: em !important; text-transform:  !important; letter-spacing: px !important; word-spacing: px !important}
}
</style><div class=""p-9mh2934 pagelayer-share"" pagelayer-id=""9mh2934"">
<a class=""pagelayer-ele-link"" href=""https://www.facebook.com/sharer/sharer.php?u=almuftionline.com/2025/02/05/17962/"" target=""_blank"" title=""fab fa-facebook-square"">
<div class=""pagelayer-share-content pagelayer-facebook-square"" data-icon=""fab fa-facebook-square"">
<div class=""pagelayer-icon-holder pagelayer-share-buttons"">
<i class=""pagelayer-social-fa fab fa-facebook-square""></i>
</div>
<div class=""pagelayer-icon-name"">
<span class=""pagelayer-icon-name-span"">Facebook</span>
</div>
</div>
</a></div><div class=""p-rai4926 pagelayer-share"" pagelayer-id=""rai4926"">
<a class=""pagelayer-ele-link"" href=""https://twitter.com/share?url=almuftionline.com/2025/02/05/17962/"" target=""_blank"" title=""fab fa-twitter-square"">
<div class=""pagelayer-share-content pagelayer-twitter-square"" data-icon=""fab fa-twitter-square"">
<div class=""pagelayer-icon-holder pagelayer-share-buttons"">
<i class=""pagelayer-social-fa fab fa-twitter-square""></i>
</div>
<div class=""pagelayer-icon-name"">
<span class=""pagelayer-icon-name-span"">Twitter</span>
</div>
</div>
</a></div><div class=""p-ndy3728 pagelayer-share"" pagelayer-id=""ndy3728"">
<a class=""pagelayer-ele-link"" href=""whatsapp://send?text=almuftionline.com/2025/02/05/17962/"" target=""_blank"" title=""fab fa-whatsapp"">
<div class=""pagelayer-share-content pagelayer-whatsapp"" data-icon=""fab fa-whatsapp"">
<div class=""pagelayer-icon-holder pagelayer-share-buttons"">
<i class=""pagelayer-social-fa fab fa-whatsapp""></i>
</div>
<div class=""pagelayer-icon-name"">
<span class=""pagelayer-icon-name-span"">WhatsApp</span>
</div>
</div>
</a></div></div></div></div></div></div><div class=""p-zqp4850 pagelayer-inner_row pagelayer-row-stretch-auto pagelayer-height-default"" pagelayer-id=""zqp4850"">
<style pagelayer-style-id=""zqp4850"">.p-zqp4850 .pagelayer-col-holder{padding: 10px}
.p-zqp4850 > .pagelayer-background-overlay{-webkit-transition: all 400ms !important; transition: all 400ms !important}
.p-zqp4850 .pagelayer-svg-top .pagelayer-shape-fill{fill:#227bc3}
.p-zqp4850 .pagelayer-row-svg .pagelayer-svg-top{width:100%;height:100px}
.p-zqp4850 .pagelayer-svg-bottom .pagelayer-shape-fill{fill:#e44993}
.p-zqp4850 .pagelayer-row-svg .pagelayer-svg-bottom{width:100%;height:100px}
</style>
<div class=""pagelayer-row-holder pagelayer-row pagelayer-auto pagelayer-width-auto""><div class=""p-q725202 pagelayer-col pagelayer-col-2"" pagelayer-id=""q725202"">
<style pagelayer-style-id=""q725202"">.p-q725202{align-content: center !important}
.p-q725202 .pagelayer-col-holder > div:not(:last-child){margin-bottom: 15px}
.p-q725202 > .pagelayer-background-overlay{-webkit-transition: all 400ms !important; transition: all 400ms !important}
</style>
<div class=""pagelayer-col-holder""><div class=""p-55r4448 pagelayer-post_nav"" pagelayer-id=""55r4448"">
<style pagelayer-style-id=""55r4448"">.p-55r4448 .pagelayer-post-nav-link{color:#adb5bd;font-family:  !important; font-size: 15px !important; font-style:  !important; font-weight:  !important; font-variant:  !important; text-decoration-line:  !important; text-decoration-style:  !important; line-height: em !important; text-transform:  !important; letter-spacing: px !important; word-spacing: px !important}
.p-55r4448 .pagelayer-post-nav-title{color:#000000;font-family:  !important; font-size: 18px !important; font-style:  !important; font-weight: bold !important; font-variant:  !important; text-decoration-line:  !important; text-decoration-style: Solid !important; line-height: em !important; text-transform:  !important; letter-spacing: px !important; word-spacing: px !important}
.p-55r4448 .pagelayer-post-nav-icon{color:#adb5bd;font-size:30px}
.p-55r4448 .pagelayer-post-nav-separator{display:none}
@media (max-width: 768px) and (min-width: 501px){.p-55r4448 .pagelayer-post-nav-link{font-family:  !important; font-size: 12px !important; font-style:  !important; font-weight:  !important; font-variant:  !important; text-decoration-line:  !important; text-decoration-style: Solid !important; line-height: em !important; text-transform:  !important; letter-spacing: px !important; word-spacing: px !important}
.p-55r4448 .pagelayer-post-nav-title{font-family:  !important; font-size: 15px !important; font-style:  !important; font-weight:  !important; font-variant:  !important; text-decoration-line:  !important; text-decoration-style: Solid !important; line-height: em !important; text-transform:  !important; letter-spacing: px !important; word-spacing: px !important}
}
@media (max-width: 500px){.p-55r4448 .pagelayer-post-nav-link{font-family:  !important; font-size: 12px !important; font-style:  !important; font-weight:  !important; font-variant:  !important; text-decoration-line:  !important; text-decoration-style: Solid !important; line-height: em !important; text-transform:  !important; letter-spacing: px !important; word-spacing: px !important}
.p-55r4448 .pagelayer-post-nav-title{font-family:  !important; font-size: 12px !important; font-style:  !important; font-weight:  !important; font-variant:  !important; text-decoration-line:  !important; text-decoration-style: Solid !important; line-height: em !important; text-transform:  !important; letter-spacing: px !important; word-spacing: px !important}
}
</style><div class=""pagelayer-post-nav-container"">
<div class=""pagelayer-prev-post"">
<a href=""https://almuftionline.com/2025/02/05/18101/"" rel=""prev""><span class=""pagelayer-post-nav-icon fa fa-chevron-left""></span>
<span class=""pagelayer-next-holder"">
<span class=""pagelayer-post-nav-link""> Previous</span><span class=""pagelayer-post-nav-title"">طلاق معلق (اگر تم آئندہ اس گھر میں آئے تو تمہاری ماں  کو طلاق ہے )</span>
</span></a>
</div>
<div class=""pagelayer-post-nav-separator""></div>
<div class=""pagelayer-next-post"">
<a href=""https://almuftionline.com/2025/02/05/16755/"" rel=""next""><span class=""pagelayer-next-holder"">
<span class=""pagelayer-post-nav-link""> Next</span><span class=""pagelayer-post-nav-title"">مقروض افرادکاقرض معاف کروانے کےکاروبارمیں شرکت کرنے کا حکم</span>
</span>
<span class=""pagelayer-post-nav-icon fa fa-chevron-right""></span></a>
</div>
</div></div></div></div></div></div></div>"
