issued_at,link,title,question_html,answer_html,fatwa_number,dar_ul_ifta,category_lvl_1,category_lvl_2,html_container
2025-01-07,https://almuftionline.com/2025/01/07/15653/,بھائیوں کا پلاٹ اور گھر میں میراث طلب کرنا,<p>کیا فرماتے ہیں علماء کرام کہ بندہ کے والدصاحب  ایک غریب آدمی تھے، ان کا کچھ سرمایہ نہیں تھا ،جو مزدوری کرتے وہی بچے کھاتے تھے اور بندہ والدین کا بڑا بیٹا ہے اور غربت کی وجہ سے، بندہ نے سولہ سال کی عمر میں دسویں جماعت کے بعد تعلیم چھوڑ دی اور 1999 سے 2010 تک والد صاحب کے ساتھ مل کر گھر کے تمام اخراجات اور بھائیوں کی تعلیم کے اخراجات برداشت کیے۔ ایک بھائی نےMsc،جبکہ دوسرےنے  افتاء تک بنوری ٹاؤن سے تعلیم حاصل کی ۔اسی طرح بندہ نے  بہنوں کی شادی اخراجات برداشت کئے ۔ بندہ نے کئی دوستوں سے قرض رقم لے کر گھر کے لئے پلاٹ خریدا اور بطور تعظیم باپ کے نام پر اسٹامپ لکھ دیا اور نیچے بندہ کے  دستخط موجود ہیں اور پھر بندہ نے گھر کے اخراجات اور اپنے ذاتی کاروبار سے تھوڑے تھوڑے پیسے بچا کر پانچ سال میں مکان تعمیر کیا۔ بھائیوں نے بے روزگاری کی بناء پر گھر کی تعمیر میں کوئی تعاون نہیں کیا،  البتہ ایک بھائی(Msc  والے )نے آخر میں اپنی شادی کے لئے گھر میں چار کمروں کے دروازوں اور کھڑکیوں اور کچن اور غسل خانوں وغیرہ کا پلستر اور دو کمروں میں فرش کیا اور ایک قرضدار کو 40000 روپے دیے  ۔ ایک بھائی 2018 سے جبکہ دوسرا بھائی 2020 سے الگ رہ رہا ہے۔ دو مہینے پہلے اکتوبر 2024 میں  والد صاحب بیمار ہو گئے اور ان کے ہسپتال کے تمام اخراجات بندہ نے اور MSc والے بھائی نے ادا کیے  ۔والد صاحب کی وفات کے دو مہینے بعد ان کی تجہیز و تکفین کے اخراجات کے حوالے سے بنوری والے بھائی سے مشورہ کیا گیا۔ اس نے پیغام دیا کہ جب تک گھر میں اپنا تیسرا حصہ نہیں ملتا، وہ کچھ قبول نہیں کرے گا، کیونکہ یہ گھر والد کے نام پر ہے، جبکہ یہ پلاٹ میں نے والد صاحب کو ہبہ نہیں کیا تھا، بلکہ بطور تعظیم اسٹامپ لکھا اور بھائیوں اور والدین کو رہنے کی جگہ دی تھی۔ لیکن اب دونوں بھائیوں  کا یہی مطالبہ ہے کہ چونکہ ہم تین بھائی ہیں تو تین پر تقسیم کیا جائے اور ہر بھائی کو تیسرا حصہ ملنا چاہیے  ۔ نیو ٹاؤن والے بھائی کا مطالبہ ہے چونکہ یہ اسٹامپ میرے والد صاحب کے نام پر ہے، اس لیے مجھے مکان میں تیسرا حصہ دیا جائے جبکہ دوسرا بھائی کہتا ہے کہ گھر کی تعمیر و مرمت کی وجہ سے  مجھے گھر میں تیسرا حصہ دیا جائے۔ کیا یہ دونوں شراکت یا بطور میراث حصہ لے سکتے ہیں؟</p><p><strong>تنقیح:</strong> سائل نے فون پر بتایا MSc والے بھائی نے اپنی شادی کے لیے مجھ سے مطالبہ کیا کہ مجھے کمرے وغیرہ بنوا کر دو تو میں نے کہا کہ تم خود بنوا لو  میرے پاس گنجائش نہیں اور مجھ پر قرض بھی ہے، تو اس پر بھائی نے کہا کہ 40000 قرض میں ادا کر دوں گا اورپھر یہ 40000 بھی ادا کیا اور اپنے خرچے سے کمروں اور غسل خانوں  پر فرش پلستر وغیرہ کروایا۔ بنوری ٹاؤن والے بھائی نے والد صاحب کی زندگی میں ہی گھر کا مطالبہ شروع کر دیا تھا  اور والد صاحب کو بھلا پھسلا کر اس بات پر  راضی کیا تھا کہ یہ گھر ہم سب بھائیوں نے مل کر بنایا ہے،جبکہ ایسا نہیں ہے۔ اس پر خاندان کے بڑے لوگوں کو  بھی بلایا گیا ۔ انہوں  نے فیصلہ کیا   کہ یہ آپ سب پر تقسیم ہو گا اور ان  کا کہنا تھا کہ یہ فیصلہ ہم اس لیے کر رہے ہیں کہ آپ کے والد بوڑھے ہیں اور وہ ناراض نہ ہوں۔ سائل کا کہنا ہے کہ میں نے والد صاحب کو کہا تھا کہ مجھے یہ فیصلہ منظور نہیں کیونکہ میرے ساتھ ناانصافی ہے۔ والد صاحب نے کہا کہ میری زندگی میں ان سب کو رہنے دو اور جب میں مر جاؤں تو شریعت کے مطابق جو فیصلہ ہو وہ کر لینا۔</p>,"<h4 class=""has-text-align-center"">اَلجَوَابْ بِاسْمِ مُلْہِمِ الصَّوَابْ

</h4><p>شریعت کے مطابق، کسی چیز کو محض کسی کے نام کرنے سے وہ فرد اس چیز کا مالک نہیں بنتا، جب تک باقاعدہ ہبہ کے الفاظ ادا کرنے کے بعد  وہ چیز مکمل قبضہ اور تصرف کے ساتھ اس کو  نہ دی جائے۔زمین یا پلاٹ کی صورت میں تخلیہ ضروری ہے ۔ صورت مسئولہ میں  اگر آپ کا بیان واقع کے مطابق ہے توچونکہ آپ  نے اپنی رقم سے پلاٹ خریدا اور بطور تعظیم والد صاحب کے نام کیا تھا ،انہیں ہبہ نہیں کیا تھا،نہ مالکانہ قبضہ دیا تھاتو صرف نام کرنے سے  وہ والد صاحب کی ملکیت میں نہیں آئے  گا،لہذا یہ پلاٹ آپ ہی کی ملکیت میں ہےاور والد صاحب کے ترکہ میں شامل نہیں ہو گا،اس لیے دیگر بھائیوں کا اس پلاٹ میں حصہ میراث طلب کرنا جائز نہیں۔</p><p>اب آپ  نے اپنے خرچے سے اس پر گھر تعمیر کیا  ہے تو یہ گھر آپ ہی کی ملکیت میں ہے۔بھائی نے اپنی شادی کے موقع پر جو پیسہ گھر کی تعمیر میں خرچ کیا ہے ، شرعا وہ واپس لینے کا حق دار ہے۔ اسی طرح 40000 کا جو قرضہ اس بھائی نے آپ کی طرف سے ادا کیا ہے ، اگر اس کو واپس لینے کی نیت سے ادا کیا ہے تو شرعا وہ اس کی واپسی کے مطالبے کا حق رکھتا ہے۔</p><h6 class=""has-text-align-right"">حوالہ جات</h6><div style=""direction: rtl;font-family: Amiri;
    
     font-size: 13px; font-weight: 400;""><p><strong>تبيين الحقائق شرح كنز الدقائق وحاشية الشلبي (5/ 91):</strong></p>
<p>وأما شرط جوازها ‌فالقبض ‌حتى ‌لا ‌يثبت الملك للموهوب له عندنا قبل القبض</p>
<p><strong>الدر المختار شرح تنوير الأبصار وجامع البحار (ص561):</strong></p>
<p>‌(وتتم) ‌الهبة (‌بالقبض) الكامل (ولو الموهوب شاغلا لملك الواهب لا مشغولا به) والاصل أن الموهوب إن مشغولا بملك الواهب منع تمامها، وإن شاغلا لا،</p>
<p><strong>حاشية ابن عابدين = رد المحتار ط الحلبي (5/ 688):</strong></p>
<p>‌شرائط ‌صحتها (في الموهوب أن يكون مقبوضا غير مشاع مميزا غير مشغول)</p>
<p><strong>درر الحكام(ج 1 ص 216):</strong></p>
<p>المادة ٢٦٣: تسليم المبيع يحصل بالتخلية وهو ان يأذن البائع للمشتري بقبض المبيع مع عدم وجود مانع من تسليم المشتري اياه</p>
<p><strong>فقه البیوع</strong><strong> (1/227-226):</strong></p>
<p>و ما ذکر نا من حکم التلجئة یقاربه ما یسمی فی القوانین الوضعیة ""عقودا صوریة"" (Ostensible   Contracts)و تسمی فی بلاد نا Benami     Contracts   ، و هی أن تشتری أرض باسم غیر المشتری الحقیقی، و تسجل الأرض باسمه فی الجهات الرسمیة، و ذلك لأغراض ضریبیة أو لأغراض أخری، و لکن المشتری الحقیقی هو الذی دفع ثمنه. و عدة من القوانین لوضعیة تعترف بکونها صوریة، و بأن العبرة فیما بین المتعاقدین بالعقد الحقیقی المستتر… وعلی هذا أساس أفتی علماء شبه القارة الهندیة بأن مجرد تسجیل الأرض باسم أحد لا یستلزم أن یکون هو مالکا لها، فلو اشتراها أحد باسم رجل آخر لم یدفع الثمن، و إنما دفع الثمن من قبل الأول، فمجرد هذا التسجیل لایعنی أنه وهب له الأرض.</p>
<p><strong>توثيق الديون </strong><strong>(ص </strong><strong>132):</strong></p>
<p>إذا أُنشئت الكفالة بقبول الأصيل (المكفول عنه)، وأدى الكفيل ما وجب عليه بالكفالة، فله الرّجوع به على الأصيل، بمعنى أنه يُطالب الأصيل لأنه دفع المال عنه. قال الكاساني رحمه الله تعالى : والثاني (أي والحكم الثانى للكفالة): ثبوت ولاية مطالبة الكفيل الأصيل إذا كانت الكفالة بأمره في الأنواع كلها</p>
</div><p>ارسلان نصیر</p><p>دارالافتاء ،جامعۃ الرشید ،کراچی</p><p><span dir=""LTR"">06   </span>/رجب 1446ھ</p><h6 class=""has-text-align-center"">
واللہ سبحانہ وتعالی اعلم
</h6><figure class=""wp-block-table""><table><tbody><tr><td><h3>مجیب</h3></td><td>راجہ ارسلان نصیر بن راجہ محمد نصیر خان </td><td><h3>مفتیان</h3></td><td>سیّد عابد شاہ صاحب / سعید احمد حسن صاحب</td></tr></tbody></table></figure>",86259,jameya-tur-rasheed,میراث کے مسائل,میراث کے متفرق مسائل,"<div class=""pagelayer-col-holder""><div class=""p-kgd1425 pagelayer-post_excerpt"" pagelayer-id=""kgd1425"">
<style pagelayer-style-id=""kgd1425"">.p-kgd1425 .pagelayer-post-excerpt{color:#adb5bd;font-family: ; font-size: 15px !important; font-style: Italic !important; font-weight: 500 !important; font-variant:  !important; text-decoration-line:  !important; text-decoration-style:  !important; line-height: 1.5em !important; text-transform:  !important; letter-spacing: px !important; word-spacing: px !important;margin-top:0px; margin-right:0px; margin-bottom:0px; margin-left:0px}
.p-kgd1425{text-align: left;margin-top: 0px; margin-right: 0px; margin-bottom: 0px; margin-left: 0px;padding-top: 0px; padding-right: 0px; padding-bottom: 0px; padding-left: 0px}
</style></div><div class=""p-4wb1030 pagelayer-featured_img"" pagelayer-id=""4wb1030"">
<style pagelayer-style-id=""4wb1030"">.p-4wb1030{text-align: center}
.p-4wb1030 img{filter: blur(0px) brightness(100%) contrast(100%) grayscale(0%) hue-rotate(0deg) opacity(100%) saturate(100%);box-shadow: 0px 24px 36px 0px rgba(0,0,0,0.10)  !important;-webkit-transition: all 400ms; transition: all 400ms}
.p-4wb1030 .pagelayer-featured-caption{color: #0986c0}
</style>
<div class=""pagelayer-featured-img""></div>
</div><div class=""p-f8n3612 pagelayer-inner_row pagelayer-row-stretch-auto pagelayer-height-default"" pagelayer-id=""f8n3612"">
<style pagelayer-style-id=""f8n3612"">.p-f8n3612 .pagelayer-col-holder{padding: 10px}
.p-f8n3612 > .pagelayer-background-overlay{-webkit-transition: all 400ms !important; transition: all 400ms !important}
.p-f8n3612 .pagelayer-svg-top .pagelayer-shape-fill{fill:#227bc3}
.p-f8n3612 .pagelayer-row-svg .pagelayer-svg-top{width:100%;height:100px}
.p-f8n3612 .pagelayer-svg-bottom .pagelayer-shape-fill{fill:#e44993}
.p-f8n3612 .pagelayer-row-svg .pagelayer-svg-bottom{width:100%;height:100px}
</style>
<div class=""pagelayer-row-holder pagelayer-row pagelayer-auto pagelayer-width-auto""><div class=""p-i795860 pagelayer-col pagelayer-col-4"" pagelayer-id=""i795860"">
<style pagelayer-style-id=""i795860"">.p-i795860{align-content: center !important}
.p-i795860 .pagelayer-col-holder > div:not(:last-child){margin-bottom: 15px}
.p-i795860 > .pagelayer-background-overlay{-webkit-transition: all 400ms !important; transition: all 400ms !important}
</style>
<div class=""pagelayer-col-holder""><div class=""p-qip3968 pagelayer-post_info"" pagelayer-id=""qip3968"">
<style pagelayer-style-id=""qip3968"">.p-qip3968 .pagelayer-post-info-vertical .pagelayer-post-info-list-container{margin-right:25px}
.p-qip3968 .pagelayer-post-info-horizontal .pagelayer-post-info-list-container{margin-bottom:25px}
.p-qip3968 .pagelayer-post-info-container{text-align:right}
.p-qip3968 .pagelayer-post-info-icon span{font-size:120%;color:#495057}
.p-qip3968 .pagelayer-post-info-list-container a{font-family: Roboto !important; font-size: 14px !important; font-style:  !important; font-weight: 500 !important; font-variant:  !important; text-decoration-line:  !important; text-decoration-style:  !important; line-height: 1.6em !important; text-transform:  !important; letter-spacing: px !important; word-spacing: px !important}
.p-qip3968 .pagelayer-post-info-label{color:#495057}
.p-qip3968 .pagelayer-post-info-label a{color:#495057}
.p-qip3968 .pagelayer-post-info-label:hover{color:#000000}
.p-qip3968 .pagelayer-post-info-label:hover a{color:#000000}
</style><div class=""pagelayer-post-info-container pagelayer-post-info-vertical""><div class=""p-xj43574 pagelayer-post_info_list"" pagelayer-id=""xj43574"">
<div class=""pagelayer-post-info-list-container"">
<a class=""pagelayer-post-info-list-link"" href=""https://almuftionline.com/2025/01/07/"">
<span class=""pagelayer-post-info-icon"">
<span class=""far fa-clock""></span>
</span>
<span class=""pagelayer-post-info-label pagelayer-date"">جنوری 7, 2025</span>
</a>
</div></div></div></div></div></div><div class=""p-t2j1983 pagelayer-col pagelayer-col-7"" pagelayer-id=""t2j1983"">
<style pagelayer-style-id=""t2j1983"">.p-t2j1983{align-content: center !important}
.p-t2j1983 .pagelayer-col-holder > div:not(:last-child){margin-bottom: 15px}
.p-t2j1983 > .pagelayer-background-overlay{-webkit-transition: all 400ms !important; transition: all 400ms !important}
</style>
<div class=""pagelayer-col-holder""><div class=""p-dbq3916 pagelayer-post_info"" pagelayer-id=""dbq3916"">
<style pagelayer-style-id=""dbq3916"">.p-dbq3916 .pagelayer-post-info-container{text-align:right}
.p-dbq3916 .pagelayer-post-info-icon span{font-size:120%;color:#495057}
.p-dbq3916 .pagelayer-post-info-list-container a{font-family: Roboto !important; font-size: 14px !important; font-style:  !important; font-weight: 500 !important; font-variant:  !important; text-decoration-line:  !important; text-decoration-style:  !important; line-height: 1.6em !important; text-transform:  !important; letter-spacing: px !important; word-spacing: px !important}
.p-dbq3916 .pagelayer-post-info-label{color:#0072ff}
.p-dbq3916 .pagelayer-post-info-label a{color:#0072ff}
.p-dbq3916 .pagelayer-terms *{color:#f8952c !important;padding-top:5px; padding-right:10px; padding-bottom:5px; padding-left:10px;margin-top:0px; margin-right:5px; margin-bottom:0px; margin-left:5px;border-radius: 4px 4px 4px 4px; -webkit-border-radius:  4px 4px 4px 4px;-moz-border-radius: 4px 4px 4px 4px}
.p-dbq3916{padding-top: 0px; padding-right: 0px; padding-bottom: 0px; padding-left: 0px}
@media (max-width: 768px) and (min-width: 501px){.p-dbq3916 .pagelayer-post-info-container{text-align:left}
}
@media (max-width: 500px){.p-dbq3916 .pagelayer-post-info-container{text-align:left}
}
</style><div class=""pagelayer-post-info-container pagelayer-post-info-vertical""><div class=""p-wpv7212 pagelayer-post_info_list"" pagelayer-id=""wpv7212"">
<div class=""pagelayer-post-info-list-container"">
<span class=""pagelayer-post-info-icon"">
</span>
<span class=""pagelayer-post-info-label pagelayer-terms""> <a href=""https://almuftionline.com/category/fatwa/53/""> میراث کے مسائل </a></span>
</div></div></div></div></div></div></div></div><div class=""p-trw3096 pagelayer-inner_row pagelayer-row-stretch-auto pagelayer-height-default"" pagelayer-id=""trw3096"">
<style pagelayer-style-id=""trw3096"">.p-trw3096 .pagelayer-col-holder{padding: 10px}
.p-trw3096 > .pagelayer-background-overlay{-webkit-transition: all 400ms !important; transition: all 400ms !important}
.p-trw3096 .pagelayer-svg-top .pagelayer-shape-fill{fill:#227bc3}
.p-trw3096 .pagelayer-row-svg .pagelayer-svg-top{width:100%;height:100px}
.p-trw3096 .pagelayer-svg-bottom .pagelayer-shape-fill{fill:#e44993}
.p-trw3096 .pagelayer-row-svg .pagelayer-svg-bottom{width:100%;height:100px}
</style>
<div class=""pagelayer-row-holder pagelayer-row pagelayer-auto pagelayer-width-auto""><div class=""p-wwu6541 pagelayer-col pagelayer-col-2"" pagelayer-id=""wwu6541"">
<style pagelayer-style-id=""wwu6541"">.p-wwu6541{align-content: center !important}
.p-wwu6541 .pagelayer-col-holder > div:not(:last-child){margin-bottom: 15px}
.p-wwu6541 > .pagelayer-background-overlay{-webkit-transition: all 400ms !important; transition: all 400ms !important}
</style>
<div class=""pagelayer-col-holder""><div class=""p-ccj4284 pagelayer-post_content"" pagelayer-id=""ccj4284"">
<style pagelayer-style-id=""ccj4284"">.p-ccj4284{text-align: right}
</style><div class=""entry-content pagelayer-post-excerpt""><figure class=""wp-block-table""><table><tbody><tr><td>86259</td><td>میراث کے مسائل</td><td>میراث کے متفرق مسائل</td></tr></tbody></table></figure><div style=""direction:rtl;line-height: 2.5;""><h3 class=""has-text-align-center"">سوال</h3><p>کیا فرماتے ہیں علماء کرام کہ بندہ کے والدصاحب  ایک غریب آدمی تھے، ان کا کچھ سرمایہ نہیں تھا ،جو مزدوری کرتے وہی بچے کھاتے تھے اور بندہ والدین کا بڑا بیٹا ہے اور غربت کی وجہ سے، بندہ نے سولہ سال کی عمر میں دسویں جماعت کے بعد تعلیم چھوڑ دی اور 1999 سے 2010 تک والد صاحب کے ساتھ مل کر گھر کے تمام اخراجات اور بھائیوں کی تعلیم کے اخراجات برداشت کیے۔ ایک بھائی نےMsc،جبکہ دوسرےنے  افتاء تک بنوری ٹاؤن سے تعلیم حاصل کی ۔اسی طرح بندہ نے  بہنوں کی شادی اخراجات برداشت کئے ۔ بندہ نے کئی دوستوں سے قرض رقم لے کر گھر کے لئے پلاٹ خریدا اور بطور تعظیم باپ کے نام پر اسٹامپ لکھ دیا اور نیچے بندہ کے  دستخط موجود ہیں اور پھر بندہ نے گھر کے اخراجات اور اپنے ذاتی کاروبار سے تھوڑے تھوڑے پیسے بچا کر پانچ سال میں مکان تعمیر کیا۔ بھائیوں نے بے روزگاری کی بناء پر گھر کی تعمیر میں کوئی تعاون نہیں کیا،  البتہ ایک بھائی(Msc  والے )نے آخر میں اپنی شادی کے لئے گھر میں چار کمروں کے دروازوں اور کھڑکیوں اور کچن اور غسل خانوں وغیرہ کا پلستر اور دو کمروں میں فرش کیا اور ایک قرضدار کو 40000 روپے دیے  ۔ ایک بھائی 2018 سے جبکہ دوسرا بھائی 2020 سے الگ رہ رہا ہے۔ دو مہینے پہلے اکتوبر 2024 میں  والد صاحب بیمار ہو گئے اور ان کے ہسپتال کے تمام اخراجات بندہ نے اور MSc والے بھائی نے ادا کیے  ۔والد صاحب کی وفات کے دو مہینے بعد ان کی تجہیز و تکفین کے اخراجات کے حوالے سے بنوری والے بھائی سے مشورہ کیا گیا۔ اس نے پیغام دیا کہ جب تک گھر میں اپنا تیسرا حصہ نہیں ملتا، وہ کچھ قبول نہیں کرے گا، کیونکہ یہ گھر والد کے نام پر ہے، جبکہ یہ پلاٹ میں نے والد صاحب کو ہبہ نہیں کیا تھا، بلکہ بطور تعظیم اسٹامپ لکھا اور بھائیوں اور والدین کو رہنے کی جگہ دی تھی۔ لیکن اب دونوں بھائیوں  کا یہی مطالبہ ہے کہ چونکہ ہم تین بھائی ہیں تو تین پر تقسیم کیا جائے اور ہر بھائی کو تیسرا حصہ ملنا چاہیے  ۔ نیو ٹاؤن والے بھائی کا مطالبہ ہے چونکہ یہ اسٹامپ میرے والد صاحب کے نام پر ہے، اس لیے مجھے مکان میں تیسرا حصہ دیا جائے جبکہ دوسرا بھائی کہتا ہے کہ گھر کی تعمیر و مرمت کی وجہ سے  مجھے گھر میں تیسرا حصہ دیا جائے۔ کیا یہ دونوں شراکت یا بطور میراث حصہ لے سکتے ہیں؟</p>
<p><strong>تنقیح:</strong> سائل نے فون پر بتایا MSc والے بھائی نے اپنی شادی کے لیے مجھ سے مطالبہ کیا کہ مجھے کمرے وغیرہ بنوا کر دو تو میں نے کہا کہ تم خود بنوا لو  میرے پاس گنجائش نہیں اور مجھ پر قرض بھی ہے، تو اس پر بھائی نے کہا کہ 40000 قرض میں ادا کر دوں گا اورپھر یہ 40000 بھی ادا کیا اور اپنے خرچے سے کمروں اور غسل خانوں  پر فرش پلستر وغیرہ کروایا۔ بنوری ٹاؤن والے بھائی نے والد صاحب کی زندگی میں ہی گھر کا مطالبہ شروع کر دیا تھا  اور والد صاحب کو بھلا پھسلا کر اس بات پر  راضی کیا تھا کہ یہ گھر ہم سب بھائیوں نے مل کر بنایا ہے،جبکہ ایسا نہیں ہے۔ اس پر خاندان کے بڑے لوگوں کو  بھی بلایا گیا ۔ انہوں  نے فیصلہ کیا   کہ یہ آپ سب پر تقسیم ہو گا اور ان  کا کہنا تھا کہ یہ فیصلہ ہم اس لیے کر رہے ہیں کہ آپ کے والد بوڑھے ہیں اور وہ ناراض نہ ہوں۔ سائل کا کہنا ہے کہ میں نے والد صاحب کو کہا تھا کہ مجھے یہ فیصلہ منظور نہیں کیونکہ میرے ساتھ ناانصافی ہے۔ والد صاحب نے کہا کہ میری زندگی میں ان سب کو رہنے دو اور جب میں مر جاؤں تو شریعت کے مطابق جو فیصلہ ہو وہ کر لینا۔</p>
<h4 class=""has-text-align-center"">اَلجَوَابْ بِاسْمِ مُلْہِمِ الصَّوَابْ

</h4><p>شریعت کے مطابق، کسی چیز کو محض کسی کے نام کرنے سے وہ فرد اس چیز کا مالک نہیں بنتا، جب تک باقاعدہ ہبہ کے الفاظ ادا کرنے کے بعد  وہ چیز مکمل قبضہ اور تصرف کے ساتھ اس کو  نہ دی جائے۔زمین یا پلاٹ کی صورت میں تخلیہ ضروری ہے ۔ صورت مسئولہ میں  اگر آپ کا بیان واقع کے مطابق ہے توچونکہ آپ  نے اپنی رقم سے پلاٹ خریدا اور بطور تعظیم والد صاحب کے نام کیا تھا ،انہیں ہبہ نہیں کیا تھا،نہ مالکانہ قبضہ دیا تھاتو صرف نام کرنے سے  وہ والد صاحب کی ملکیت میں نہیں آئے  گا،لہذا یہ پلاٹ آپ ہی کی ملکیت میں ہےاور والد صاحب کے ترکہ میں شامل نہیں ہو گا،اس لیے دیگر بھائیوں کا اس پلاٹ میں حصہ میراث طلب کرنا جائز نہیں۔</p>
<p>اب آپ  نے اپنے خرچے سے اس پر گھر تعمیر کیا  ہے تو یہ گھر آپ ہی کی ملکیت میں ہے۔بھائی نے اپنی شادی کے موقع پر جو پیسہ گھر کی تعمیر میں خرچ کیا ہے ، شرعا وہ واپس لینے کا حق دار ہے۔ اسی طرح 40000 کا جو قرضہ اس بھائی نے آپ کی طرف سے ادا کیا ہے ، اگر اس کو واپس لینے کی نیت سے ادا کیا ہے تو شرعا وہ اس کی واپسی کے مطالبے کا حق رکھتا ہے۔</p>
</div><h6 class=""has-text-align-right"">حوالہ جات</h6><div style=""direction: rtl;font-family: Amiri;
    
     font-size: 13px; font-weight: 400;""><p><strong>تبيين الحقائق شرح كنز الدقائق وحاشية الشلبي (5/ 91):</strong></p>
<p>وأما شرط جوازها ‌فالقبض ‌حتى ‌لا ‌يثبت الملك للموهوب له عندنا قبل القبض</p>
<p><strong>الدر المختار شرح تنوير الأبصار وجامع البحار (ص561):</strong></p>
<p>‌(وتتم) ‌الهبة (‌بالقبض) الكامل (ولو الموهوب شاغلا لملك الواهب لا مشغولا به) والاصل أن الموهوب إن مشغولا بملك الواهب منع تمامها، وإن شاغلا لا،</p>
<p><strong>حاشية ابن عابدين = رد المحتار ط الحلبي (5/ 688):</strong></p>
<p>‌شرائط ‌صحتها (في الموهوب أن يكون مقبوضا غير مشاع مميزا غير مشغول)</p>
<p><strong>درر الحكام(ج 1 ص 216):</strong></p>
<p>المادة ٢٦٣: تسليم المبيع يحصل بالتخلية وهو ان يأذن البائع للمشتري بقبض المبيع مع عدم وجود مانع من تسليم المشتري اياه</p>
<p><strong>فقه البیوع</strong><strong> (1/227-226):</strong></p>
<p>و ما ذکر نا من حکم التلجئة یقاربه ما یسمی فی القوانین الوضعیة ""عقودا صوریة"" (Ostensible   Contracts)و تسمی فی بلاد نا Benami     Contracts   ، و هی أن تشتری أرض باسم غیر المشتری الحقیقی، و تسجل الأرض باسمه فی الجهات الرسمیة، و ذلك لأغراض ضریبیة أو لأغراض أخری، و لکن المشتری الحقیقی هو الذی دفع ثمنه. و عدة من القوانین لوضعیة تعترف بکونها صوریة، و بأن العبرة فیما بین المتعاقدین بالعقد الحقیقی المستتر… وعلی هذا أساس أفتی علماء شبه القارة الهندیة بأن مجرد تسجیل الأرض باسم أحد لا یستلزم أن یکون هو مالکا لها، فلو اشتراها أحد باسم رجل آخر لم یدفع الثمن، و إنما دفع الثمن من قبل الأول، فمجرد هذا التسجیل لایعنی أنه وهب له الأرض.</p>
<p><strong>توثيق الديون </strong><strong>(ص </strong><strong>132):</strong></p>
<p>إذا أُنشئت الكفالة بقبول الأصيل (المكفول عنه)، وأدى الكفيل ما وجب عليه بالكفالة، فله الرّجوع به على الأصيل، بمعنى أنه يُطالب الأصيل لأنه دفع المال عنه. قال الكاساني رحمه الله تعالى : والثاني (أي والحكم الثانى للكفالة): ثبوت ولاية مطالبة الكفيل الأصيل إذا كانت الكفالة بأمره في الأنواع كلها</p>
</div><p>ارسلان نصیر</p>
<p>دارالافتاء ،جامعۃ الرشید ،کراچی</p>
<p><span dir=""LTR"">06   </span>/رجب 1446ھ</p>
<h6 class=""has-text-align-center"">
واللہ سبحانہ وتعالی اعلم
</h6><figure class=""wp-block-table""><table><tbody><tr><td><h3>مجیب</h3></td><td>راجہ ارسلان نصیر بن راجہ محمد نصیر خان </td><td><h3>مفتیان</h3></td><td>سیّد عابد شاہ صاحب / سعید احمد حسن صاحب</td></tr></tbody></table></figure></div></div></div></div></div></div><div class=""p-wl6689 pagelayer-inner_row pagelayer-row-stretch-auto pagelayer-height-default"" pagelayer-id=""wl6689"">
<style pagelayer-style-id=""wl6689"">.p-wl6689 .pagelayer-col-holder{padding: 10px}
.p-wl6689 > .pagelayer-background-overlay{-webkit-transition: all 400ms !important; transition: all 400ms !important}
.p-wl6689 .pagelayer-svg-top .pagelayer-shape-fill{fill:#227bc3}
.p-wl6689 .pagelayer-row-svg .pagelayer-svg-top{width:100%;height:100px}
.p-wl6689 .pagelayer-svg-bottom .pagelayer-shape-fill{fill:#e44993}
.p-wl6689 .pagelayer-row-svg .pagelayer-svg-bottom{width:100%;height:100px}
</style>
<div class=""pagelayer-row-holder pagelayer-row pagelayer-auto pagelayer-width-auto""><div class=""p-jzl6522 pagelayer-col pagelayer-col-6"" pagelayer-id=""jzl6522"">
<style pagelayer-style-id=""jzl6522"">.p-jzl6522{align-content: center !important}
.p-jzl6522 .pagelayer-col-holder > div:not(:last-child){margin-bottom: 15px}
.p-jzl6522 > .pagelayer-background-overlay{-webkit-transition: all 400ms !important; transition: all 400ms !important}
</style>
<div class=""pagelayer-col-holder""><div class=""p-xsb5673 pagelayer-share_grp pagelayer-share-type-icon-label pagelayer-social-bg-none pagelayer-scheme-official"" pagelayer-id=""xsb5673"">
<style pagelayer-style-id=""xsb5673"">.p-xsb5673{text-align: right}
.p-xsb5673 .pagelayer-share-content{min-height: 35px;-webkit-transition: all 400ms; transition: all 400ms}
.p-xsb5673 i{font-size: 27px}
.p-xsb5673 .pagelayer-icon-holder{font-size: 27px}
.p-xsb5673 .pagelayer-share-content i{-webkit-transition: all 400ms; transition: all 400ms}
.p-xsb5673 .pagelayer-icon-name{font-family: Roboto; font-size: 15px !important; font-style:  !important; font-weight: 500 !important; font-variant:  !important; text-decoration-line:  !important; text-decoration-style:  !important; line-height: em !important; text-transform:  !important; letter-spacing: px !important; word-spacing: px !important}
@media (max-width: 768px) and (min-width: 501px){.p-xsb5673{text-align: left}
.p-xsb5673 .pagelayer-share{padding-top: 10px; padding-bottom: 10px;padding-left: 10px; padding-right: 10px}
.p-xsb5673 i{font-size: 20px}
.p-xsb5673 .pagelayer-icon-holder{font-size: 20px}
.p-xsb5673 .pagelayer-icon-name{font-family: ; font-size: 13px !important; font-style:  !important; font-weight:  !important; font-variant:  !important; text-decoration-line:  !important; text-decoration-style:  !important; line-height: em !important; text-transform:  !important; letter-spacing: px !important; word-spacing: px !important}
}
@media (max-width: 500px){.p-xsb5673{text-align: left}
.p-xsb5673 .pagelayer-share{padding-top: 10px; padding-bottom: 10px;padding-left: 10px; padding-right: 10px}
.p-xsb5673 .pagelayer-share-content{min-height: NaNpx}
.p-xsb5673 i{font-size: 20px}
.p-xsb5673 .pagelayer-icon-holder{font-size: 20px}
.p-xsb5673 .pagelayer-icon-name{font-family: ; font-size: 13px !important; font-style:  !important; font-weight:  !important; font-variant:  !important; text-decoration-line:  !important; text-decoration-style:  !important; line-height: em !important; text-transform:  !important; letter-spacing: px !important; word-spacing: px !important}
}
</style><div class=""p-9mh2934 pagelayer-share"" pagelayer-id=""9mh2934"">
<a class=""pagelayer-ele-link"" href=""https://www.facebook.com/sharer/sharer.php?u=almuftionline.com/2025/01/07/15653/"" target=""_blank"" title=""fab fa-facebook-square"">
<div class=""pagelayer-share-content pagelayer-facebook-square"" data-icon=""fab fa-facebook-square"">
<div class=""pagelayer-icon-holder pagelayer-share-buttons"">
<i class=""pagelayer-social-fa fab fa-facebook-square""></i>
</div>
<div class=""pagelayer-icon-name"">
<span class=""pagelayer-icon-name-span"">Facebook</span>
</div>
</div>
</a></div><div class=""p-rai4926 pagelayer-share"" pagelayer-id=""rai4926"">
<a class=""pagelayer-ele-link"" href=""https://twitter.com/share?url=almuftionline.com/2025/01/07/15653/"" target=""_blank"" title=""fab fa-twitter-square"">
<div class=""pagelayer-share-content pagelayer-twitter-square"" data-icon=""fab fa-twitter-square"">
<div class=""pagelayer-icon-holder pagelayer-share-buttons"">
<i class=""pagelayer-social-fa fab fa-twitter-square""></i>
</div>
<div class=""pagelayer-icon-name"">
<span class=""pagelayer-icon-name-span"">Twitter</span>
</div>
</div>
</a></div><div class=""p-ndy3728 pagelayer-share"" pagelayer-id=""ndy3728"">
<a class=""pagelayer-ele-link"" href=""whatsapp://send?text=almuftionline.com/2025/01/07/15653/"" target=""_blank"" title=""fab fa-whatsapp"">
<div class=""pagelayer-share-content pagelayer-whatsapp"" data-icon=""fab fa-whatsapp"">
<div class=""pagelayer-icon-holder pagelayer-share-buttons"">
<i class=""pagelayer-social-fa fab fa-whatsapp""></i>
</div>
<div class=""pagelayer-icon-name"">
<span class=""pagelayer-icon-name-span"">WhatsApp</span>
</div>
</div>
</a></div></div></div></div></div></div><div class=""p-zqp4850 pagelayer-inner_row pagelayer-row-stretch-auto pagelayer-height-default"" pagelayer-id=""zqp4850"">
<style pagelayer-style-id=""zqp4850"">.p-zqp4850 .pagelayer-col-holder{padding: 10px}
.p-zqp4850 > .pagelayer-background-overlay{-webkit-transition: all 400ms !important; transition: all 400ms !important}
.p-zqp4850 .pagelayer-svg-top .pagelayer-shape-fill{fill:#227bc3}
.p-zqp4850 .pagelayer-row-svg .pagelayer-svg-top{width:100%;height:100px}
.p-zqp4850 .pagelayer-svg-bottom .pagelayer-shape-fill{fill:#e44993}
.p-zqp4850 .pagelayer-row-svg .pagelayer-svg-bottom{width:100%;height:100px}
</style>
<div class=""pagelayer-row-holder pagelayer-row pagelayer-auto pagelayer-width-auto""><div class=""p-q725202 pagelayer-col pagelayer-col-2"" pagelayer-id=""q725202"">
<style pagelayer-style-id=""q725202"">.p-q725202{align-content: center !important}
.p-q725202 .pagelayer-col-holder > div:not(:last-child){margin-bottom: 15px}
.p-q725202 > .pagelayer-background-overlay{-webkit-transition: all 400ms !important; transition: all 400ms !important}
</style>
<div class=""pagelayer-col-holder""><div class=""p-55r4448 pagelayer-post_nav"" pagelayer-id=""55r4448"">
<style pagelayer-style-id=""55r4448"">.p-55r4448 .pagelayer-post-nav-link{color:#adb5bd;font-family:  !important; font-size: 15px !important; font-style:  !important; font-weight:  !important; font-variant:  !important; text-decoration-line:  !important; text-decoration-style:  !important; line-height: em !important; text-transform:  !important; letter-spacing: px !important; word-spacing: px !important}
.p-55r4448 .pagelayer-post-nav-title{color:#000000;font-family:  !important; font-size: 18px !important; font-style:  !important; font-weight: bold !important; font-variant:  !important; text-decoration-line:  !important; text-decoration-style: Solid !important; line-height: em !important; text-transform:  !important; letter-spacing: px !important; word-spacing: px !important}
.p-55r4448 .pagelayer-post-nav-icon{color:#adb5bd;font-size:30px}
.p-55r4448 .pagelayer-post-nav-separator{display:none}
@media (max-width: 768px) and (min-width: 501px){.p-55r4448 .pagelayer-post-nav-link{font-family:  !important; font-size: 12px !important; font-style:  !important; font-weight:  !important; font-variant:  !important; text-decoration-line:  !important; text-decoration-style: Solid !important; line-height: em !important; text-transform:  !important; letter-spacing: px !important; word-spacing: px !important}
.p-55r4448 .pagelayer-post-nav-title{font-family:  !important; font-size: 15px !important; font-style:  !important; font-weight:  !important; font-variant:  !important; text-decoration-line:  !important; text-decoration-style: Solid !important; line-height: em !important; text-transform:  !important; letter-spacing: px !important; word-spacing: px !important}
}
@media (max-width: 500px){.p-55r4448 .pagelayer-post-nav-link{font-family:  !important; font-size: 12px !important; font-style:  !important; font-weight:  !important; font-variant:  !important; text-decoration-line:  !important; text-decoration-style: Solid !important; line-height: em !important; text-transform:  !important; letter-spacing: px !important; word-spacing: px !important}
.p-55r4448 .pagelayer-post-nav-title{font-family:  !important; font-size: 12px !important; font-style:  !important; font-weight:  !important; font-variant:  !important; text-decoration-line:  !important; text-decoration-style: Solid !important; line-height: em !important; text-transform:  !important; letter-spacing: px !important; word-spacing: px !important}
}
</style><div class=""pagelayer-post-nav-container"">
<div class=""pagelayer-prev-post"">
<a href=""https://almuftionline.com/2025/01/07/15682/"" rel=""prev""><span class=""pagelayer-post-nav-icon fa fa-chevron-left""></span>
<span class=""pagelayer-next-holder"">
<span class=""pagelayer-post-nav-link""> Previous</span><span class=""pagelayer-post-nav-title"">رضاعت میں اشتباہ کا حکم</span>
</span></a>
</div>
<div class=""pagelayer-post-nav-separator""></div>
<div class=""pagelayer-next-post"">
<a href=""https://almuftionline.com/2025/01/07/15631/"" rel=""next""><span class=""pagelayer-next-holder"">
<span class=""pagelayer-post-nav-link""> Next</span><span class=""pagelayer-post-nav-title"">حرمت رضاعت میں  اگر شک ہوجائے تو  اس کا کیا حکم ہو گا؟</span>
</span>
<span class=""pagelayer-post-nav-icon fa fa-chevron-right""></span></a>
</div>
</div></div></div></div></div></div></div>"
2025-01-07,https://almuftionline.com/2025/01/07/15682/,رضاعت میں اشتباہ کا حکم,"<p>میرے  بھائی بچپن میں دو سال کی عمر تک  جب نانی کے پاس ہوتے، توجب کبھی روتے ،نانی اپنا پستان ان کے منہ میں دے دیتی تاکہ بچہ بہل جائے،اس وقت میری نانی کی عمر  <span dir=""LTR"">49</span>سال سے زائد تھی ،پھر  میری نانی کاانتقال ہو گیا ،جبکہ ہمیں علم نہیں کہ حقیقتاً میرے بھائی نے نانی کے  پستان سے دودھ پیا تھا یا نہیں، اب میرے بھائی اپنی خالہ کی  بیٹی سے شادی کرنا چاہتےہیں۔کیا نانی سے رضاعت ثابت ہوئی ؟ اور کیا مذکورہ صورت میں  میرے بھائی کا خالہ کی بیٹی سے نکاح کرنا  شرعاً درست ہے؟</p>","<h4 class=""has-text-align-center"">اَلجَوَابْ بِاسْمِ مُلْہِمِ الصَّوَابْ

</h4><p>حرمت رضاعت کا ثبوت یقینی طور پر دودھ  پینے سے ہوتا ہے، محض شک کی بنیاد پر حرمت رضاعت ثابت نہیں ہوتی۔</p><p>لہذا،صورت مسؤولہ میں  اگرغالب گمان یہی ہو کہ جب نانی نے  پستان بچے کے منہ میں داخل کیا  تھا    اس میں دودھ نہیں تھا،تو حرمت رضاعت ثابت نہیں ہوئی اور مذکورہ شخص کا اپنی خالہ  کی بیٹی سے نکاح کرنا  بھی درست ہو گا۔</p><p>البتہ اگر غالب گمان یہ ہو کہ بچے نے ایک مرتبہ بھی پستان سے  دودھ پیاتھا ، تو حرمت رضاعت ثابت ہو جائے گی اوریہ نکا ح شرعا ً جائز نہیں ہو  گا ۔احتیاط کا تقاضہ بھی یہی کہ مذ کورہ شخص  اپنی خالہ کی بیٹی سے نکاح نہ کرے ۔</p><h6 class=""has-text-align-right"">حوالہ جات</h6><div style=""direction: rtl;font-family: Amiri;
    
     font-size: 13px; font-weight: 400;""><p><strong>المحيط البرهاني (3/ 75):</strong></p>
<p>وفيه أيضا(فتاوى أهل سمرقند): أدخلت المرأة حلمة ثديها ‌فم ‌رضيع ولم تدر أدخل اللبن في حلقه أم لا فإنه لا يحرم النكاح؛ لأن في المانع شكا۔</p>
<p><strong>رد المحتار ط الحلبي(3/ 212)</strong></p>
<p>وفي الفتح: ‌لو ‌أدخلت ‌الحلمة في في الصبي وشكت في الارتضاع لا تثبت الحرمة بالشك۔</p>
<p><strong>المبسوط» للسرخسي (5/ 138):                                                               </strong></p>
<p>           فإنه قال: «جاءت امرأة سوداء تستطعمنا فأبينا أن نطعمها فجاءت تشهد على الرضاع» وبالإجماع بمثل هذه الشهادة لا تثبت الحرمة فعرفنا أن ذلك كان احتياطا على وجه التنزه وإليه أشار صلى الله عليه وسلم في قوله: «كيف وقد قيل» وعندنا إذا وقع في قلبه أنها صادقة فالأحوط أن يتنزه عنها ويأخذ بالثقة۔</p>
<p><strong>«شرح مشكلات القدوري» (2/ 159):</strong></p>
<p>قال شمس الأئمة السرخسي رحمه الله: إذا أخبرت امرأة واحدة بالرضاع، فوقع في ظنه أنها صادقة، ‌فالأحوط ‌أن ‌يتنزه [عنها]، ويأخذ الثقة سواء أخبرت بذلك قبل النكاح، أو بعده۔</p>
</div><p>حسن علی عباسی</p><p>دارالافتاء جامعۃ الرشید،کراچی</p><p><span dir=""LTR"">06</span>/رجب /<span dir=""LTR"">1446</span>ھ</p><h6 class=""has-text-align-center"">
واللہ سبحانہ وتعالی اعلم
</h6><figure class=""wp-block-table""><table><tbody><tr><td><h3>مجیب</h3></td><td>حسن علی عباسی ولد ذوالفقار علی عباسی</td><td><h3>مفتیان</h3></td><td>سیّد عابد شاہ صاحب / سعید احمد حسن صاحب</td></tr></tbody></table></figure>",86226,jameya-tur-rasheed,رضاعت کے مسائل,متفرّق مسائل,"<div class=""pagelayer-col-holder""><div class=""p-kgd1425 pagelayer-post_excerpt"" pagelayer-id=""kgd1425"">
<style pagelayer-style-id=""kgd1425"">.p-kgd1425 .pagelayer-post-excerpt{color:#adb5bd;font-family: ; font-size: 15px !important; font-style: Italic !important; font-weight: 500 !important; font-variant:  !important; text-decoration-line:  !important; text-decoration-style:  !important; line-height: 1.5em !important; text-transform:  !important; letter-spacing: px !important; word-spacing: px !important;margin-top:0px; margin-right:0px; margin-bottom:0px; margin-left:0px}
.p-kgd1425{text-align: left;margin-top: 0px; margin-right: 0px; margin-bottom: 0px; margin-left: 0px;padding-top: 0px; padding-right: 0px; padding-bottom: 0px; padding-left: 0px}
</style></div><div class=""p-4wb1030 pagelayer-featured_img"" pagelayer-id=""4wb1030"">
<style pagelayer-style-id=""4wb1030"">.p-4wb1030{text-align: center}
.p-4wb1030 img{filter: blur(0px) brightness(100%) contrast(100%) grayscale(0%) hue-rotate(0deg) opacity(100%) saturate(100%);box-shadow: 0px 24px 36px 0px rgba(0,0,0,0.10)  !important;-webkit-transition: all 400ms; transition: all 400ms}
.p-4wb1030 .pagelayer-featured-caption{color: #0986c0}
</style>
<div class=""pagelayer-featured-img""></div>
</div><div class=""p-f8n3612 pagelayer-inner_row pagelayer-row-stretch-auto pagelayer-height-default"" pagelayer-id=""f8n3612"">
<style pagelayer-style-id=""f8n3612"">.p-f8n3612 .pagelayer-col-holder{padding: 10px}
.p-f8n3612 > .pagelayer-background-overlay{-webkit-transition: all 400ms !important; transition: all 400ms !important}
.p-f8n3612 .pagelayer-svg-top .pagelayer-shape-fill{fill:#227bc3}
.p-f8n3612 .pagelayer-row-svg .pagelayer-svg-top{width:100%;height:100px}
.p-f8n3612 .pagelayer-svg-bottom .pagelayer-shape-fill{fill:#e44993}
.p-f8n3612 .pagelayer-row-svg .pagelayer-svg-bottom{width:100%;height:100px}
</style>
<div class=""pagelayer-row-holder pagelayer-row pagelayer-auto pagelayer-width-auto""><div class=""p-i795860 pagelayer-col pagelayer-col-4"" pagelayer-id=""i795860"">
<style pagelayer-style-id=""i795860"">.p-i795860{align-content: center !important}
.p-i795860 .pagelayer-col-holder > div:not(:last-child){margin-bottom: 15px}
.p-i795860 > .pagelayer-background-overlay{-webkit-transition: all 400ms !important; transition: all 400ms !important}
</style>
<div class=""pagelayer-col-holder""><div class=""p-qip3968 pagelayer-post_info"" pagelayer-id=""qip3968"">
<style pagelayer-style-id=""qip3968"">.p-qip3968 .pagelayer-post-info-vertical .pagelayer-post-info-list-container{margin-right:25px}
.p-qip3968 .pagelayer-post-info-horizontal .pagelayer-post-info-list-container{margin-bottom:25px}
.p-qip3968 .pagelayer-post-info-container{text-align:right}
.p-qip3968 .pagelayer-post-info-icon span{font-size:120%;color:#495057}
.p-qip3968 .pagelayer-post-info-list-container a{font-family: Roboto !important; font-size: 14px !important; font-style:  !important; font-weight: 500 !important; font-variant:  !important; text-decoration-line:  !important; text-decoration-style:  !important; line-height: 1.6em !important; text-transform:  !important; letter-spacing: px !important; word-spacing: px !important}
.p-qip3968 .pagelayer-post-info-label{color:#495057}
.p-qip3968 .pagelayer-post-info-label a{color:#495057}
.p-qip3968 .pagelayer-post-info-label:hover{color:#000000}
.p-qip3968 .pagelayer-post-info-label:hover a{color:#000000}
</style><div class=""pagelayer-post-info-container pagelayer-post-info-vertical""><div class=""p-xj43574 pagelayer-post_info_list"" pagelayer-id=""xj43574"">
<div class=""pagelayer-post-info-list-container"">
<a class=""pagelayer-post-info-list-link"" href=""https://almuftionline.com/2025/01/07/"">
<span class=""pagelayer-post-info-icon"">
<span class=""far fa-clock""></span>
</span>
<span class=""pagelayer-post-info-label pagelayer-date"">جنوری 7, 2025</span>
</a>
</div></div></div></div></div></div><div class=""p-t2j1983 pagelayer-col pagelayer-col-7"" pagelayer-id=""t2j1983"">
<style pagelayer-style-id=""t2j1983"">.p-t2j1983{align-content: center !important}
.p-t2j1983 .pagelayer-col-holder > div:not(:last-child){margin-bottom: 15px}
.p-t2j1983 > .pagelayer-background-overlay{-webkit-transition: all 400ms !important; transition: all 400ms !important}
</style>
<div class=""pagelayer-col-holder""><div class=""p-dbq3916 pagelayer-post_info"" pagelayer-id=""dbq3916"">
<style pagelayer-style-id=""dbq3916"">.p-dbq3916 .pagelayer-post-info-container{text-align:right}
.p-dbq3916 .pagelayer-post-info-icon span{font-size:120%;color:#495057}
.p-dbq3916 .pagelayer-post-info-list-container a{font-family: Roboto !important; font-size: 14px !important; font-style:  !important; font-weight: 500 !important; font-variant:  !important; text-decoration-line:  !important; text-decoration-style:  !important; line-height: 1.6em !important; text-transform:  !important; letter-spacing: px !important; word-spacing: px !important}
.p-dbq3916 .pagelayer-post-info-label{color:#0072ff}
.p-dbq3916 .pagelayer-post-info-label a{color:#0072ff}
.p-dbq3916 .pagelayer-terms *{color:#f8952c !important;padding-top:5px; padding-right:10px; padding-bottom:5px; padding-left:10px;margin-top:0px; margin-right:5px; margin-bottom:0px; margin-left:5px;border-radius: 4px 4px 4px 4px; -webkit-border-radius:  4px 4px 4px 4px;-moz-border-radius: 4px 4px 4px 4px}
.p-dbq3916{padding-top: 0px; padding-right: 0px; padding-bottom: 0px; padding-left: 0px}
@media (max-width: 768px) and (min-width: 501px){.p-dbq3916 .pagelayer-post-info-container{text-align:left}
}
@media (max-width: 500px){.p-dbq3916 .pagelayer-post-info-container{text-align:left}
}
</style><div class=""pagelayer-post-info-container pagelayer-post-info-vertical""><div class=""p-wpv7212 pagelayer-post_info_list"" pagelayer-id=""wpv7212"">
<div class=""pagelayer-post-info-list-container"">
<span class=""pagelayer-post-info-icon"">
</span>
<span class=""pagelayer-post-info-label pagelayer-terms""> <a href=""https://almuftionline.com/category/fatwa/20/""> رضاعت کے مسائل </a></span>
</div></div></div></div></div></div></div></div><div class=""p-trw3096 pagelayer-inner_row pagelayer-row-stretch-auto pagelayer-height-default"" pagelayer-id=""trw3096"">
<style pagelayer-style-id=""trw3096"">.p-trw3096 .pagelayer-col-holder{padding: 10px}
.p-trw3096 > .pagelayer-background-overlay{-webkit-transition: all 400ms !important; transition: all 400ms !important}
.p-trw3096 .pagelayer-svg-top .pagelayer-shape-fill{fill:#227bc3}
.p-trw3096 .pagelayer-row-svg .pagelayer-svg-top{width:100%;height:100px}
.p-trw3096 .pagelayer-svg-bottom .pagelayer-shape-fill{fill:#e44993}
.p-trw3096 .pagelayer-row-svg .pagelayer-svg-bottom{width:100%;height:100px}
</style>
<div class=""pagelayer-row-holder pagelayer-row pagelayer-auto pagelayer-width-auto""><div class=""p-wwu6541 pagelayer-col pagelayer-col-2"" pagelayer-id=""wwu6541"">
<style pagelayer-style-id=""wwu6541"">.p-wwu6541{align-content: center !important}
.p-wwu6541 .pagelayer-col-holder > div:not(:last-child){margin-bottom: 15px}
.p-wwu6541 > .pagelayer-background-overlay{-webkit-transition: all 400ms !important; transition: all 400ms !important}
</style>
<div class=""pagelayer-col-holder""><div class=""p-ccj4284 pagelayer-post_content"" pagelayer-id=""ccj4284"">
<style pagelayer-style-id=""ccj4284"">.p-ccj4284{text-align: right}
</style><div class=""entry-content pagelayer-post-excerpt""><figure class=""wp-block-table""><table><tbody><tr><td>86226</td><td>رضاعت کے مسائل</td><td>متفرّق مسائل</td></tr></tbody></table></figure><div style=""direction:rtl;line-height: 2.5;""><h3 class=""has-text-align-center"">سوال</h3><p>میرے  بھائی بچپن میں دو سال کی عمر تک  جب نانی کے پاس ہوتے، توجب کبھی روتے ،نانی اپنا پستان ان کے منہ میں دے دیتی تاکہ بچہ بہل جائے،اس وقت میری نانی کی عمر  <span dir=""LTR"">49</span>سال سے زائد تھی ،پھر  میری نانی کاانتقال ہو گیا ،جبکہ ہمیں علم نہیں کہ حقیقتاً میرے بھائی نے نانی کے  پستان سے دودھ پیا تھا یا نہیں، اب میرے بھائی اپنی خالہ کی  بیٹی سے شادی کرنا چاہتےہیں۔کیا نانی سے رضاعت ثابت ہوئی ؟ اور کیا مذکورہ صورت میں  میرے بھائی کا خالہ کی بیٹی سے نکاح کرنا  شرعاً درست ہے؟</p>
<h4 class=""has-text-align-center"">اَلجَوَابْ بِاسْمِ مُلْہِمِ الصَّوَابْ

</h4><p>حرمت رضاعت کا ثبوت یقینی طور پر دودھ  پینے سے ہوتا ہے، محض شک کی بنیاد پر حرمت رضاعت ثابت نہیں ہوتی۔</p>
<p>لہذا،صورت مسؤولہ میں  اگرغالب گمان یہی ہو کہ جب نانی نے  پستان بچے کے منہ میں داخل کیا  تھا    اس میں دودھ نہیں تھا،تو حرمت رضاعت ثابت نہیں ہوئی اور مذکورہ شخص کا اپنی خالہ  کی بیٹی سے نکاح کرنا  بھی درست ہو گا۔</p>
<p>البتہ اگر غالب گمان یہ ہو کہ بچے نے ایک مرتبہ بھی پستان سے  دودھ پیاتھا ، تو حرمت رضاعت ثابت ہو جائے گی اوریہ نکا ح شرعا ً جائز نہیں ہو  گا ۔احتیاط کا تقاضہ بھی یہی کہ مذ کورہ شخص  اپنی خالہ کی بیٹی سے نکاح نہ کرے ۔</p>
</div><h6 class=""has-text-align-right"">حوالہ جات</h6><div style=""direction: rtl;font-family: Amiri;
    
     font-size: 13px; font-weight: 400;""><p><strong>المحيط البرهاني (3/ 75):</strong></p>
<p>وفيه أيضا(فتاوى أهل سمرقند): أدخلت المرأة حلمة ثديها ‌فم ‌رضيع ولم تدر أدخل اللبن في حلقه أم لا فإنه لا يحرم النكاح؛ لأن في المانع شكا۔</p>
<p><strong>رد المحتار ط الحلبي(3/ 212)</strong></p>
<p>وفي الفتح: ‌لو ‌أدخلت ‌الحلمة في في الصبي وشكت في الارتضاع لا تثبت الحرمة بالشك۔</p>
<p><strong>المبسوط» للسرخسي (5/ 138):                                                               </strong></p>
<p>           فإنه قال: «جاءت امرأة سوداء تستطعمنا فأبينا أن نطعمها فجاءت تشهد على الرضاع» وبالإجماع بمثل هذه الشهادة لا تثبت الحرمة فعرفنا أن ذلك كان احتياطا على وجه التنزه وإليه أشار صلى الله عليه وسلم في قوله: «كيف وقد قيل» وعندنا إذا وقع في قلبه أنها صادقة فالأحوط أن يتنزه عنها ويأخذ بالثقة۔</p>
<p><strong>«شرح مشكلات القدوري» (2/ 159):</strong></p>
<p>قال شمس الأئمة السرخسي رحمه الله: إذا أخبرت امرأة واحدة بالرضاع، فوقع في ظنه أنها صادقة، ‌فالأحوط ‌أن ‌يتنزه [عنها]، ويأخذ الثقة سواء أخبرت بذلك قبل النكاح، أو بعده۔</p>
</div><p>حسن علی عباسی</p>
<p>دارالافتاء جامعۃ الرشید،کراچی</p>
<p><span dir=""LTR"">06</span>/رجب /<span dir=""LTR"">1446</span>ھ</p>
<h6 class=""has-text-align-center"">
واللہ سبحانہ وتعالی اعلم
</h6><figure class=""wp-block-table""><table><tbody><tr><td><h3>مجیب</h3></td><td>حسن علی عباسی ولد ذوالفقار علی عباسی</td><td><h3>مفتیان</h3></td><td>سیّد عابد شاہ صاحب / سعید احمد حسن صاحب</td></tr></tbody></table></figure></div></div></div></div></div></div><div class=""p-wl6689 pagelayer-inner_row pagelayer-row-stretch-auto pagelayer-height-default"" pagelayer-id=""wl6689"">
<style pagelayer-style-id=""wl6689"">.p-wl6689 .pagelayer-col-holder{padding: 10px}
.p-wl6689 > .pagelayer-background-overlay{-webkit-transition: all 400ms !important; transition: all 400ms !important}
.p-wl6689 .pagelayer-svg-top .pagelayer-shape-fill{fill:#227bc3}
.p-wl6689 .pagelayer-row-svg .pagelayer-svg-top{width:100%;height:100px}
.p-wl6689 .pagelayer-svg-bottom .pagelayer-shape-fill{fill:#e44993}
.p-wl6689 .pagelayer-row-svg .pagelayer-svg-bottom{width:100%;height:100px}
</style>
<div class=""pagelayer-row-holder pagelayer-row pagelayer-auto pagelayer-width-auto""><div class=""p-jzl6522 pagelayer-col pagelayer-col-6"" pagelayer-id=""jzl6522"">
<style pagelayer-style-id=""jzl6522"">.p-jzl6522{align-content: center !important}
.p-jzl6522 .pagelayer-col-holder > div:not(:last-child){margin-bottom: 15px}
.p-jzl6522 > .pagelayer-background-overlay{-webkit-transition: all 400ms !important; transition: all 400ms !important}
</style>
<div class=""pagelayer-col-holder""><div class=""p-xsb5673 pagelayer-share_grp pagelayer-share-type-icon-label pagelayer-social-bg-none pagelayer-scheme-official"" pagelayer-id=""xsb5673"">
<style pagelayer-style-id=""xsb5673"">.p-xsb5673{text-align: right}
.p-xsb5673 .pagelayer-share-content{min-height: 35px;-webkit-transition: all 400ms; transition: all 400ms}
.p-xsb5673 i{font-size: 27px}
.p-xsb5673 .pagelayer-icon-holder{font-size: 27px}
.p-xsb5673 .pagelayer-share-content i{-webkit-transition: all 400ms; transition: all 400ms}
.p-xsb5673 .pagelayer-icon-name{font-family: Roboto; font-size: 15px !important; font-style:  !important; font-weight: 500 !important; font-variant:  !important; text-decoration-line:  !important; text-decoration-style:  !important; line-height: em !important; text-transform:  !important; letter-spacing: px !important; word-spacing: px !important}
@media (max-width: 768px) and (min-width: 501px){.p-xsb5673{text-align: left}
.p-xsb5673 .pagelayer-share{padding-top: 10px; padding-bottom: 10px;padding-left: 10px; padding-right: 10px}
.p-xsb5673 i{font-size: 20px}
.p-xsb5673 .pagelayer-icon-holder{font-size: 20px}
.p-xsb5673 .pagelayer-icon-name{font-family: ; font-size: 13px !important; font-style:  !important; font-weight:  !important; font-variant:  !important; text-decoration-line:  !important; text-decoration-style:  !important; line-height: em !important; text-transform:  !important; letter-spacing: px !important; word-spacing: px !important}
}
@media (max-width: 500px){.p-xsb5673{text-align: left}
.p-xsb5673 .pagelayer-share{padding-top: 10px; padding-bottom: 10px;padding-left: 10px; padding-right: 10px}
.p-xsb5673 .pagelayer-share-content{min-height: NaNpx}
.p-xsb5673 i{font-size: 20px}
.p-xsb5673 .pagelayer-icon-holder{font-size: 20px}
.p-xsb5673 .pagelayer-icon-name{font-family: ; font-size: 13px !important; font-style:  !important; font-weight:  !important; font-variant:  !important; text-decoration-line:  !important; text-decoration-style:  !important; line-height: em !important; text-transform:  !important; letter-spacing: px !important; word-spacing: px !important}
}
</style><div class=""p-9mh2934 pagelayer-share"" pagelayer-id=""9mh2934"">
<a class=""pagelayer-ele-link"" href=""https://www.facebook.com/sharer/sharer.php?u=almuftionline.com/2025/01/07/15682/"" target=""_blank"" title=""fab fa-facebook-square"">
<div class=""pagelayer-share-content pagelayer-facebook-square"" data-icon=""fab fa-facebook-square"">
<div class=""pagelayer-icon-holder pagelayer-share-buttons"">
<i class=""pagelayer-social-fa fab fa-facebook-square""></i>
</div>
<div class=""pagelayer-icon-name"">
<span class=""pagelayer-icon-name-span"">Facebook</span>
</div>
</div>
</a></div><div class=""p-rai4926 pagelayer-share"" pagelayer-id=""rai4926"">
<a class=""pagelayer-ele-link"" href=""https://twitter.com/share?url=almuftionline.com/2025/01/07/15682/"" target=""_blank"" title=""fab fa-twitter-square"">
<div class=""pagelayer-share-content pagelayer-twitter-square"" data-icon=""fab fa-twitter-square"">
<div class=""pagelayer-icon-holder pagelayer-share-buttons"">
<i class=""pagelayer-social-fa fab fa-twitter-square""></i>
</div>
<div class=""pagelayer-icon-name"">
<span class=""pagelayer-icon-name-span"">Twitter</span>
</div>
</div>
</a></div><div class=""p-ndy3728 pagelayer-share"" pagelayer-id=""ndy3728"">
<a class=""pagelayer-ele-link"" href=""whatsapp://send?text=almuftionline.com/2025/01/07/15682/"" target=""_blank"" title=""fab fa-whatsapp"">
<div class=""pagelayer-share-content pagelayer-whatsapp"" data-icon=""fab fa-whatsapp"">
<div class=""pagelayer-icon-holder pagelayer-share-buttons"">
<i class=""pagelayer-social-fa fab fa-whatsapp""></i>
</div>
<div class=""pagelayer-icon-name"">
<span class=""pagelayer-icon-name-span"">WhatsApp</span>
</div>
</div>
</a></div></div></div></div></div></div><div class=""p-zqp4850 pagelayer-inner_row pagelayer-row-stretch-auto pagelayer-height-default"" pagelayer-id=""zqp4850"">
<style pagelayer-style-id=""zqp4850"">.p-zqp4850 .pagelayer-col-holder{padding: 10px}
.p-zqp4850 > .pagelayer-background-overlay{-webkit-transition: all 400ms !important; transition: all 400ms !important}
.p-zqp4850 .pagelayer-svg-top .pagelayer-shape-fill{fill:#227bc3}
.p-zqp4850 .pagelayer-row-svg .pagelayer-svg-top{width:100%;height:100px}
.p-zqp4850 .pagelayer-svg-bottom .pagelayer-shape-fill{fill:#e44993}
.p-zqp4850 .pagelayer-row-svg .pagelayer-svg-bottom{width:100%;height:100px}
</style>
<div class=""pagelayer-row-holder pagelayer-row pagelayer-auto pagelayer-width-auto""><div class=""p-q725202 pagelayer-col pagelayer-col-2"" pagelayer-id=""q725202"">
<style pagelayer-style-id=""q725202"">.p-q725202{align-content: center !important}
.p-q725202 .pagelayer-col-holder > div:not(:last-child){margin-bottom: 15px}
.p-q725202 > .pagelayer-background-overlay{-webkit-transition: all 400ms !important; transition: all 400ms !important}
</style>
<div class=""pagelayer-col-holder""><div class=""p-55r4448 pagelayer-post_nav"" pagelayer-id=""55r4448"">
<style pagelayer-style-id=""55r4448"">.p-55r4448 .pagelayer-post-nav-link{color:#adb5bd;font-family:  !important; font-size: 15px !important; font-style:  !important; font-weight:  !important; font-variant:  !important; text-decoration-line:  !important; text-decoration-style:  !important; line-height: em !important; text-transform:  !important; letter-spacing: px !important; word-spacing: px !important}
.p-55r4448 .pagelayer-post-nav-title{color:#000000;font-family:  !important; font-size: 18px !important; font-style:  !important; font-weight: bold !important; font-variant:  !important; text-decoration-line:  !important; text-decoration-style: Solid !important; line-height: em !important; text-transform:  !important; letter-spacing: px !important; word-spacing: px !important}
.p-55r4448 .pagelayer-post-nav-icon{color:#adb5bd;font-size:30px}
.p-55r4448 .pagelayer-post-nav-separator{display:none}
@media (max-width: 768px) and (min-width: 501px){.p-55r4448 .pagelayer-post-nav-link{font-family:  !important; font-size: 12px !important; font-style:  !important; font-weight:  !important; font-variant:  !important; text-decoration-line:  !important; text-decoration-style: Solid !important; line-height: em !important; text-transform:  !important; letter-spacing: px !important; word-spacing: px !important}
.p-55r4448 .pagelayer-post-nav-title{font-family:  !important; font-size: 15px !important; font-style:  !important; font-weight:  !important; font-variant:  !important; text-decoration-line:  !important; text-decoration-style: Solid !important; line-height: em !important; text-transform:  !important; letter-spacing: px !important; word-spacing: px !important}
}
@media (max-width: 500px){.p-55r4448 .pagelayer-post-nav-link{font-family:  !important; font-size: 12px !important; font-style:  !important; font-weight:  !important; font-variant:  !important; text-decoration-line:  !important; text-decoration-style: Solid !important; line-height: em !important; text-transform:  !important; letter-spacing: px !important; word-spacing: px !important}
.p-55r4448 .pagelayer-post-nav-title{font-family:  !important; font-size: 12px !important; font-style:  !important; font-weight:  !important; font-variant:  !important; text-decoration-line:  !important; text-decoration-style: Solid !important; line-height: em !important; text-transform:  !important; letter-spacing: px !important; word-spacing: px !important}
}
</style><div class=""pagelayer-post-nav-container"">
<div class=""pagelayer-prev-post"">
<a href=""https://almuftionline.com/2025/01/07/15651/"" rel=""prev""><span class=""pagelayer-post-nav-icon fa fa-chevron-left""></span>
<span class=""pagelayer-next-holder"">
<span class=""pagelayer-post-nav-link""> Previous</span><span class=""pagelayer-post-nav-title"">بچی کا نام”انشراح‘‘رکھنا</span>
</span></a>
</div>
<div class=""pagelayer-post-nav-separator""></div>
<div class=""pagelayer-next-post"">
<a href=""https://almuftionline.com/2025/01/07/15653/"" rel=""next""><span class=""pagelayer-next-holder"">
<span class=""pagelayer-post-nav-link""> Next</span><span class=""pagelayer-post-nav-title"">بھائیوں کا پلاٹ اور گھر میں میراث طلب کرنا</span>
</span>
<span class=""pagelayer-post-nav-icon fa fa-chevron-right""></span></a>
</div>
</div></div></div></div></div></div></div>"
2025-01-07,https://almuftionline.com/2025/01/07/15651/,بچی کا نام”انشراح‘‘رکھنا,"<p>بچی کا نام ”انشراح<span dir=""LTR""> (Inshirah)“ </span>یا ”انشرہ<span dir=""LTR""> (Ansharah)“ </span>رکھنا کیسا ہے؟ ایک دار الافتاء کی ویب سائٹ پر ”انشراح<span dir=""LTR""> (Inshirah)“ </span>کو ایک جگہ مذکر بتایا گیا ہے جبکہ فتوی 143905200027 میں اسی نام کو مونث بتایا گیا ہے۔ راہنمائی کی درخواست ہے۔</p>","<h4 class=""has-text-align-center"">اَلجَوَابْ بِاسْمِ مُلْہِمِ الصَّوَابْ

</h4><p>’’اِنشراح‘‘ کا  معنی ہے  کشادہ ہونا ،واضح ہونا  لہذا  بچی کا نام’’ انشراح ‘‘رکھا جا سکتا ہے۔ البتہ  بہتر یہ ہےکہ بچی  کا نام امہات</p><p>المؤمنین ،صحابیات یا  صالحاتِ امت میں سے کسی کے نام پر رکھا جائے ۔ نیز’’ انشراح‘‘عربی زبان کا لفظ ہے،  جو  عربی کے علاوہ اردو زبان میں بطورِ مصدر’ مذکر‘استعمال ہوتا  ہے ۔جیساکہ فیروز اللغات،فرہنگِ تلفظ، اردو لغت(تاریخی اصول پر)اوررافع اللغات،ان  مذکورہ کتابوں  میں یہ لفظ مذکر آیا ہے۔تاہم  یہ لفظ عرفاً مؤنث کے نام کے لیے  بھی  استعمال ہوتا ہے اور معنی بھی درست ہے۔ لہذا  یہ نام رکھنے کی گنجائش ہے۔</p><p>جبکہ ’’انشرہ ‘‘عربی زبان میں اسم (نام) نہیں، بلکہ ایک جملہ ہے۔ قرٓن مجید کی سورہ ٔعبس میں ہے:ثم إذا  شآء    أنشرہ .</p><p>(ترجمہ: پھر جب اللہ چاہے گا اس کو دوبارہ زندہ کرے گا)،لہذا انشرہ  نام رکھنا درست نہیں۔</p><h6 class=""has-text-align-right"">حوالہ جات</h6><div style=""direction: rtl;font-family: Amiri;
    
     font-size: 13px; font-weight: 400;""><p>أخرج الإمام أبوداؤد:عن أبی الدرداء رضی اللہ عنہ،قال:قال رسول اللہ صلی اللہ علیہ وسلم:إنکم تدعون یوم القیامۃ بأسمائکم وأسماء  آبائکم،فاحسنوا أسماءکم.</p>
<p>( أبوداؤد:<span dir=""LTR"">303/7</span>)(الحدیث رقم:<span dir=""LTR"">4948</span>)</p>
<p>وفي فتاویٰ الهندية : وفي الفتاوى: ‌التسمية ‌باسم ‌لم ‌يذكره ‌الله تعالى في عباده ولا ذكره رسول الله صلى الله عليه وسلم ولا استعمله المسلمون تكلموا فيه والأولى أن لا يفعل كذا في المحيط.</p>
<p>( الفتاوى الهندية: 5/ 362)</p>
</div><p> سخی گل بن گل محمد</p><p><span dir=""RTL"">دارالافتاءجامعۃالرشید، کراچی </span></p><p><span dir=""RTL"">6/رجب المرجب،1446ھ</span></p><p> </p><p> </p><h6 class=""has-text-align-center"">
واللہ سبحانہ وتعالی اعلم
</h6><figure class=""wp-block-table""><table><tbody><tr><td><h3>مجیب</h3></td><td> سخی گل بن گل محمد</td><td><h3>مفتیان</h3></td><td> فیصل احمد صاحب / شہبازعلی صاحب</td></tr></tbody></table></figure>",86207,jameya-tur-rasheed,جائز و ناجائزامور کا بیان,بچوں وغیرہ کے نام رکھنے سے متعلق مسائل,"<div class=""pagelayer-col-holder""><div class=""p-kgd1425 pagelayer-post_excerpt"" pagelayer-id=""kgd1425"">
<style pagelayer-style-id=""kgd1425"">.p-kgd1425 .pagelayer-post-excerpt{color:#adb5bd;font-family: ; font-size: 15px !important; font-style: Italic !important; font-weight: 500 !important; font-variant:  !important; text-decoration-line:  !important; text-decoration-style:  !important; line-height: 1.5em !important; text-transform:  !important; letter-spacing: px !important; word-spacing: px !important;margin-top:0px; margin-right:0px; margin-bottom:0px; margin-left:0px}
.p-kgd1425{text-align: left;margin-top: 0px; margin-right: 0px; margin-bottom: 0px; margin-left: 0px;padding-top: 0px; padding-right: 0px; padding-bottom: 0px; padding-left: 0px}
</style></div><div class=""p-4wb1030 pagelayer-featured_img"" pagelayer-id=""4wb1030"">
<style pagelayer-style-id=""4wb1030"">.p-4wb1030{text-align: center}
.p-4wb1030 img{filter: blur(0px) brightness(100%) contrast(100%) grayscale(0%) hue-rotate(0deg) opacity(100%) saturate(100%);box-shadow: 0px 24px 36px 0px rgba(0,0,0,0.10)  !important;-webkit-transition: all 400ms; transition: all 400ms}
.p-4wb1030 .pagelayer-featured-caption{color: #0986c0}
</style>
<div class=""pagelayer-featured-img""></div>
</div><div class=""p-f8n3612 pagelayer-inner_row pagelayer-row-stretch-auto pagelayer-height-default"" pagelayer-id=""f8n3612"">
<style pagelayer-style-id=""f8n3612"">.p-f8n3612 .pagelayer-col-holder{padding: 10px}
.p-f8n3612 > .pagelayer-background-overlay{-webkit-transition: all 400ms !important; transition: all 400ms !important}
.p-f8n3612 .pagelayer-svg-top .pagelayer-shape-fill{fill:#227bc3}
.p-f8n3612 .pagelayer-row-svg .pagelayer-svg-top{width:100%;height:100px}
.p-f8n3612 .pagelayer-svg-bottom .pagelayer-shape-fill{fill:#e44993}
.p-f8n3612 .pagelayer-row-svg .pagelayer-svg-bottom{width:100%;height:100px}
</style>
<div class=""pagelayer-row-holder pagelayer-row pagelayer-auto pagelayer-width-auto""><div class=""p-i795860 pagelayer-col pagelayer-col-4"" pagelayer-id=""i795860"">
<style pagelayer-style-id=""i795860"">.p-i795860{align-content: center !important}
.p-i795860 .pagelayer-col-holder > div:not(:last-child){margin-bottom: 15px}
.p-i795860 > .pagelayer-background-overlay{-webkit-transition: all 400ms !important; transition: all 400ms !important}
</style>
<div class=""pagelayer-col-holder""><div class=""p-qip3968 pagelayer-post_info"" pagelayer-id=""qip3968"">
<style pagelayer-style-id=""qip3968"">.p-qip3968 .pagelayer-post-info-vertical .pagelayer-post-info-list-container{margin-right:25px}
.p-qip3968 .pagelayer-post-info-horizontal .pagelayer-post-info-list-container{margin-bottom:25px}
.p-qip3968 .pagelayer-post-info-container{text-align:right}
.p-qip3968 .pagelayer-post-info-icon span{font-size:120%;color:#495057}
.p-qip3968 .pagelayer-post-info-list-container a{font-family: Roboto !important; font-size: 14px !important; font-style:  !important; font-weight: 500 !important; font-variant:  !important; text-decoration-line:  !important; text-decoration-style:  !important; line-height: 1.6em !important; text-transform:  !important; letter-spacing: px !important; word-spacing: px !important}
.p-qip3968 .pagelayer-post-info-label{color:#495057}
.p-qip3968 .pagelayer-post-info-label a{color:#495057}
.p-qip3968 .pagelayer-post-info-label:hover{color:#000000}
.p-qip3968 .pagelayer-post-info-label:hover a{color:#000000}
</style><div class=""pagelayer-post-info-container pagelayer-post-info-vertical""><div class=""p-xj43574 pagelayer-post_info_list"" pagelayer-id=""xj43574"">
<div class=""pagelayer-post-info-list-container"">
<a class=""pagelayer-post-info-list-link"" href=""https://almuftionline.com/2025/01/07/"">
<span class=""pagelayer-post-info-icon"">
<span class=""far fa-clock""></span>
</span>
<span class=""pagelayer-post-info-label pagelayer-date"">جنوری 7, 2025</span>
</a>
</div></div></div></div></div></div><div class=""p-t2j1983 pagelayer-col pagelayer-col-7"" pagelayer-id=""t2j1983"">
<style pagelayer-style-id=""t2j1983"">.p-t2j1983{align-content: center !important}
.p-t2j1983 .pagelayer-col-holder > div:not(:last-child){margin-bottom: 15px}
.p-t2j1983 > .pagelayer-background-overlay{-webkit-transition: all 400ms !important; transition: all 400ms !important}
</style>
<div class=""pagelayer-col-holder""><div class=""p-dbq3916 pagelayer-post_info"" pagelayer-id=""dbq3916"">
<style pagelayer-style-id=""dbq3916"">.p-dbq3916 .pagelayer-post-info-container{text-align:right}
.p-dbq3916 .pagelayer-post-info-icon span{font-size:120%;color:#495057}
.p-dbq3916 .pagelayer-post-info-list-container a{font-family: Roboto !important; font-size: 14px !important; font-style:  !important; font-weight: 500 !important; font-variant:  !important; text-decoration-line:  !important; text-decoration-style:  !important; line-height: 1.6em !important; text-transform:  !important; letter-spacing: px !important; word-spacing: px !important}
.p-dbq3916 .pagelayer-post-info-label{color:#0072ff}
.p-dbq3916 .pagelayer-post-info-label a{color:#0072ff}
.p-dbq3916 .pagelayer-terms *{color:#f8952c !important;padding-top:5px; padding-right:10px; padding-bottom:5px; padding-left:10px;margin-top:0px; margin-right:5px; margin-bottom:0px; margin-left:5px;border-radius: 4px 4px 4px 4px; -webkit-border-radius:  4px 4px 4px 4px;-moz-border-radius: 4px 4px 4px 4px}
.p-dbq3916{padding-top: 0px; padding-right: 0px; padding-bottom: 0px; padding-left: 0px}
@media (max-width: 768px) and (min-width: 501px){.p-dbq3916 .pagelayer-post-info-container{text-align:left}
}
@media (max-width: 500px){.p-dbq3916 .pagelayer-post-info-container{text-align:left}
}
</style><div class=""pagelayer-post-info-container pagelayer-post-info-vertical""><div class=""p-wpv7212 pagelayer-post_info_list"" pagelayer-id=""wpv7212"">
<div class=""pagelayer-post-info-list-container"">
<span class=""pagelayer-post-info-icon"">
</span>
<span class=""pagelayer-post-info-label pagelayer-terms""> <a href=""https://almuftionline.com/category/fatwa/54/""> جائز و ناجائزامور کا بیان </a></span>
</div></div></div></div></div></div></div></div><div class=""p-trw3096 pagelayer-inner_row pagelayer-row-stretch-auto pagelayer-height-default"" pagelayer-id=""trw3096"">
<style pagelayer-style-id=""trw3096"">.p-trw3096 .pagelayer-col-holder{padding: 10px}
.p-trw3096 > .pagelayer-background-overlay{-webkit-transition: all 400ms !important; transition: all 400ms !important}
.p-trw3096 .pagelayer-svg-top .pagelayer-shape-fill{fill:#227bc3}
.p-trw3096 .pagelayer-row-svg .pagelayer-svg-top{width:100%;height:100px}
.p-trw3096 .pagelayer-svg-bottom .pagelayer-shape-fill{fill:#e44993}
.p-trw3096 .pagelayer-row-svg .pagelayer-svg-bottom{width:100%;height:100px}
</style>
<div class=""pagelayer-row-holder pagelayer-row pagelayer-auto pagelayer-width-auto""><div class=""p-wwu6541 pagelayer-col pagelayer-col-2"" pagelayer-id=""wwu6541"">
<style pagelayer-style-id=""wwu6541"">.p-wwu6541{align-content: center !important}
.p-wwu6541 .pagelayer-col-holder > div:not(:last-child){margin-bottom: 15px}
.p-wwu6541 > .pagelayer-background-overlay{-webkit-transition: all 400ms !important; transition: all 400ms !important}
</style>
<div class=""pagelayer-col-holder""><div class=""p-ccj4284 pagelayer-post_content"" pagelayer-id=""ccj4284"">
<style pagelayer-style-id=""ccj4284"">.p-ccj4284{text-align: right}
</style><div class=""entry-content pagelayer-post-excerpt""><figure class=""wp-block-table""><table><tbody><tr><td>86207</td><td>جائز و ناجائزامور کا بیان</td><td>بچوں وغیرہ کے نام رکھنے سے متعلق مسائل</td></tr></tbody></table></figure><div style=""direction:rtl;line-height: 2.5;""><h3 class=""has-text-align-center"">سوال</h3><p>بچی کا نام ”انشراح<span dir=""LTR""> (Inshirah)“ </span>یا ”انشرہ<span dir=""LTR""> (Ansharah)“ </span>رکھنا کیسا ہے؟ ایک دار الافتاء کی ویب سائٹ پر ”انشراح<span dir=""LTR""> (Inshirah)“ </span>کو ایک جگہ مذکر بتایا گیا ہے جبکہ فتوی 143905200027 میں اسی نام کو مونث بتایا گیا ہے۔ راہنمائی کی درخواست ہے۔</p>
<h4 class=""has-text-align-center"">اَلجَوَابْ بِاسْمِ مُلْہِمِ الصَّوَابْ

</h4><p>’’اِنشراح‘‘ کا  معنی ہے  کشادہ ہونا ،واضح ہونا  لہذا  بچی کا نام’’ انشراح ‘‘رکھا جا سکتا ہے۔ البتہ  بہتر یہ ہےکہ بچی  کا نام امہات</p>
<p>المؤمنین ،صحابیات یا  صالحاتِ امت میں سے کسی کے نام پر رکھا جائے ۔ نیز’’ انشراح‘‘عربی زبان کا لفظ ہے،  جو  عربی کے علاوہ اردو زبان میں بطورِ مصدر’ مذکر‘استعمال ہوتا  ہے ۔جیساکہ فیروز اللغات،فرہنگِ تلفظ، اردو لغت(تاریخی اصول پر)اوررافع اللغات،ان  مذکورہ کتابوں  میں یہ لفظ مذکر آیا ہے۔تاہم  یہ لفظ عرفاً مؤنث کے نام کے لیے  بھی  استعمال ہوتا ہے اور معنی بھی درست ہے۔ لہذا  یہ نام رکھنے کی گنجائش ہے۔</p>
<p>جبکہ ’’انشرہ ‘‘عربی زبان میں اسم (نام) نہیں، بلکہ ایک جملہ ہے۔ قرٓن مجید کی سورہ ٔعبس میں ہے:ثم إذا  شآء    أنشرہ .</p>
<p>(ترجمہ: پھر جب اللہ چاہے گا اس کو دوبارہ زندہ کرے گا)،لہذا انشرہ  نام رکھنا درست نہیں۔</p>
</div><h6 class=""has-text-align-right"">حوالہ جات</h6><div style=""direction: rtl;font-family: Amiri;
    
     font-size: 13px; font-weight: 400;""><p>أخرج الإمام أبوداؤد:عن أبی الدرداء رضی اللہ عنہ،قال:قال رسول اللہ صلی اللہ علیہ وسلم:إنکم تدعون یوم القیامۃ بأسمائکم وأسماء  آبائکم،فاحسنوا أسماءکم.</p>
<p>( أبوداؤد:<span dir=""LTR"">303/7</span>)(الحدیث رقم:<span dir=""LTR"">4948</span>)</p>
<p>وفي فتاویٰ الهندية : وفي الفتاوى: ‌التسمية ‌باسم ‌لم ‌يذكره ‌الله تعالى في عباده ولا ذكره رسول الله صلى الله عليه وسلم ولا استعمله المسلمون تكلموا فيه والأولى أن لا يفعل كذا في المحيط.</p>
<p>( الفتاوى الهندية: 5/ 362)</p>
</div><p> سخی گل بن گل محمد</p>
<p><span dir=""RTL"">دارالافتاءجامعۃالرشید، کراچی </span></p>
<p><span dir=""RTL"">6/رجب المرجب،1446ھ</span></p>
<p> </p>
<p> </p>
<h6 class=""has-text-align-center"">
واللہ سبحانہ وتعالی اعلم
</h6><figure class=""wp-block-table""><table><tbody><tr><td><h3>مجیب</h3></td><td> سخی گل بن گل محمد</td><td><h3>مفتیان</h3></td><td> فیصل احمد صاحب / شہبازعلی صاحب</td></tr></tbody></table></figure></div></div></div></div></div></div><div class=""p-wl6689 pagelayer-inner_row pagelayer-row-stretch-auto pagelayer-height-default"" pagelayer-id=""wl6689"">
<style pagelayer-style-id=""wl6689"">.p-wl6689 .pagelayer-col-holder{padding: 10px}
.p-wl6689 > .pagelayer-background-overlay{-webkit-transition: all 400ms !important; transition: all 400ms !important}
.p-wl6689 .pagelayer-svg-top .pagelayer-shape-fill{fill:#227bc3}
.p-wl6689 .pagelayer-row-svg .pagelayer-svg-top{width:100%;height:100px}
.p-wl6689 .pagelayer-svg-bottom .pagelayer-shape-fill{fill:#e44993}
.p-wl6689 .pagelayer-row-svg .pagelayer-svg-bottom{width:100%;height:100px}
</style>
<div class=""pagelayer-row-holder pagelayer-row pagelayer-auto pagelayer-width-auto""><div class=""p-jzl6522 pagelayer-col pagelayer-col-6"" pagelayer-id=""jzl6522"">
<style pagelayer-style-id=""jzl6522"">.p-jzl6522{align-content: center !important}
.p-jzl6522 .pagelayer-col-holder > div:not(:last-child){margin-bottom: 15px}
.p-jzl6522 > .pagelayer-background-overlay{-webkit-transition: all 400ms !important; transition: all 400ms !important}
</style>
<div class=""pagelayer-col-holder""><div class=""p-xsb5673 pagelayer-share_grp pagelayer-share-type-icon-label pagelayer-social-bg-none pagelayer-scheme-official"" pagelayer-id=""xsb5673"">
<style pagelayer-style-id=""xsb5673"">.p-xsb5673{text-align: right}
.p-xsb5673 .pagelayer-share-content{min-height: 35px;-webkit-transition: all 400ms; transition: all 400ms}
.p-xsb5673 i{font-size: 27px}
.p-xsb5673 .pagelayer-icon-holder{font-size: 27px}
.p-xsb5673 .pagelayer-share-content i{-webkit-transition: all 400ms; transition: all 400ms}
.p-xsb5673 .pagelayer-icon-name{font-family: Roboto; font-size: 15px !important; font-style:  !important; font-weight: 500 !important; font-variant:  !important; text-decoration-line:  !important; text-decoration-style:  !important; line-height: em !important; text-transform:  !important; letter-spacing: px !important; word-spacing: px !important}
@media (max-width: 768px) and (min-width: 501px){.p-xsb5673{text-align: left}
.p-xsb5673 .pagelayer-share{padding-top: 10px; padding-bottom: 10px;padding-left: 10px; padding-right: 10px}
.p-xsb5673 i{font-size: 20px}
.p-xsb5673 .pagelayer-icon-holder{font-size: 20px}
.p-xsb5673 .pagelayer-icon-name{font-family: ; font-size: 13px !important; font-style:  !important; font-weight:  !important; font-variant:  !important; text-decoration-line:  !important; text-decoration-style:  !important; line-height: em !important; text-transform:  !important; letter-spacing: px !important; word-spacing: px !important}
}
@media (max-width: 500px){.p-xsb5673{text-align: left}
.p-xsb5673 .pagelayer-share{padding-top: 10px; padding-bottom: 10px;padding-left: 10px; padding-right: 10px}
.p-xsb5673 .pagelayer-share-content{min-height: NaNpx}
.p-xsb5673 i{font-size: 20px}
.p-xsb5673 .pagelayer-icon-holder{font-size: 20px}
.p-xsb5673 .pagelayer-icon-name{font-family: ; font-size: 13px !important; font-style:  !important; font-weight:  !important; font-variant:  !important; text-decoration-line:  !important; text-decoration-style:  !important; line-height: em !important; text-transform:  !important; letter-spacing: px !important; word-spacing: px !important}
}
</style><div class=""p-9mh2934 pagelayer-share"" pagelayer-id=""9mh2934"">
<a class=""pagelayer-ele-link"" href=""https://www.facebook.com/sharer/sharer.php?u=almuftionline.com/2025/01/07/15651/"" target=""_blank"" title=""fab fa-facebook-square"">
<div class=""pagelayer-share-content pagelayer-facebook-square"" data-icon=""fab fa-facebook-square"">
<div class=""pagelayer-icon-holder pagelayer-share-buttons"">
<i class=""pagelayer-social-fa fab fa-facebook-square""></i>
</div>
<div class=""pagelayer-icon-name"">
<span class=""pagelayer-icon-name-span"">Facebook</span>
</div>
</div>
</a></div><div class=""p-rai4926 pagelayer-share"" pagelayer-id=""rai4926"">
<a class=""pagelayer-ele-link"" href=""https://twitter.com/share?url=almuftionline.com/2025/01/07/15651/"" target=""_blank"" title=""fab fa-twitter-square"">
<div class=""pagelayer-share-content pagelayer-twitter-square"" data-icon=""fab fa-twitter-square"">
<div class=""pagelayer-icon-holder pagelayer-share-buttons"">
<i class=""pagelayer-social-fa fab fa-twitter-square""></i>
</div>
<div class=""pagelayer-icon-name"">
<span class=""pagelayer-icon-name-span"">Twitter</span>
</div>
</div>
</a></div><div class=""p-ndy3728 pagelayer-share"" pagelayer-id=""ndy3728"">
<a class=""pagelayer-ele-link"" href=""whatsapp://send?text=almuftionline.com/2025/01/07/15651/"" target=""_blank"" title=""fab fa-whatsapp"">
<div class=""pagelayer-share-content pagelayer-whatsapp"" data-icon=""fab fa-whatsapp"">
<div class=""pagelayer-icon-holder pagelayer-share-buttons"">
<i class=""pagelayer-social-fa fab fa-whatsapp""></i>
</div>
<div class=""pagelayer-icon-name"">
<span class=""pagelayer-icon-name-span"">WhatsApp</span>
</div>
</div>
</a></div></div></div></div></div></div><div class=""p-zqp4850 pagelayer-inner_row pagelayer-row-stretch-auto pagelayer-height-default"" pagelayer-id=""zqp4850"">
<style pagelayer-style-id=""zqp4850"">.p-zqp4850 .pagelayer-col-holder{padding: 10px}
.p-zqp4850 > .pagelayer-background-overlay{-webkit-transition: all 400ms !important; transition: all 400ms !important}
.p-zqp4850 .pagelayer-svg-top .pagelayer-shape-fill{fill:#227bc3}
.p-zqp4850 .pagelayer-row-svg .pagelayer-svg-top{width:100%;height:100px}
.p-zqp4850 .pagelayer-svg-bottom .pagelayer-shape-fill{fill:#e44993}
.p-zqp4850 .pagelayer-row-svg .pagelayer-svg-bottom{width:100%;height:100px}
</style>
<div class=""pagelayer-row-holder pagelayer-row pagelayer-auto pagelayer-width-auto""><div class=""p-q725202 pagelayer-col pagelayer-col-2"" pagelayer-id=""q725202"">
<style pagelayer-style-id=""q725202"">.p-q725202{align-content: center !important}
.p-q725202 .pagelayer-col-holder > div:not(:last-child){margin-bottom: 15px}
.p-q725202 > .pagelayer-background-overlay{-webkit-transition: all 400ms !important; transition: all 400ms !important}
</style>
<div class=""pagelayer-col-holder""><div class=""p-55r4448 pagelayer-post_nav"" pagelayer-id=""55r4448"">
<style pagelayer-style-id=""55r4448"">.p-55r4448 .pagelayer-post-nav-link{color:#adb5bd;font-family:  !important; font-size: 15px !important; font-style:  !important; font-weight:  !important; font-variant:  !important; text-decoration-line:  !important; text-decoration-style:  !important; line-height: em !important; text-transform:  !important; letter-spacing: px !important; word-spacing: px !important}
.p-55r4448 .pagelayer-post-nav-title{color:#000000;font-family:  !important; font-size: 18px !important; font-style:  !important; font-weight: bold !important; font-variant:  !important; text-decoration-line:  !important; text-decoration-style: Solid !important; line-height: em !important; text-transform:  !important; letter-spacing: px !important; word-spacing: px !important}
.p-55r4448 .pagelayer-post-nav-icon{color:#adb5bd;font-size:30px}
.p-55r4448 .pagelayer-post-nav-separator{display:none}
@media (max-width: 768px) and (min-width: 501px){.p-55r4448 .pagelayer-post-nav-link{font-family:  !important; font-size: 12px !important; font-style:  !important; font-weight:  !important; font-variant:  !important; text-decoration-line:  !important; text-decoration-style: Solid !important; line-height: em !important; text-transform:  !important; letter-spacing: px !important; word-spacing: px !important}
.p-55r4448 .pagelayer-post-nav-title{font-family:  !important; font-size: 15px !important; font-style:  !important; font-weight:  !important; font-variant:  !important; text-decoration-line:  !important; text-decoration-style: Solid !important; line-height: em !important; text-transform:  !important; letter-spacing: px !important; word-spacing: px !important}
}
@media (max-width: 500px){.p-55r4448 .pagelayer-post-nav-link{font-family:  !important; font-size: 12px !important; font-style:  !important; font-weight:  !important; font-variant:  !important; text-decoration-line:  !important; text-decoration-style: Solid !important; line-height: em !important; text-transform:  !important; letter-spacing: px !important; word-spacing: px !important}
.p-55r4448 .pagelayer-post-nav-title{font-family:  !important; font-size: 12px !important; font-style:  !important; font-weight:  !important; font-variant:  !important; text-decoration-line:  !important; text-decoration-style: Solid !important; line-height: em !important; text-transform:  !important; letter-spacing: px !important; word-spacing: px !important}
}
</style><div class=""pagelayer-post-nav-container"">
<div class=""pagelayer-prev-post"">
<a href=""https://almuftionline.com/2025/01/07/15605/"" rel=""prev""><span class=""pagelayer-post-nav-icon fa fa-chevron-left""></span>
<span class=""pagelayer-next-holder"">
<span class=""pagelayer-post-nav-link""> Previous</span><span class=""pagelayer-post-nav-title"">ہبہ پر زکوۃ کا حکم</span>
</span></a>
</div>
<div class=""pagelayer-post-nav-separator""></div>
<div class=""pagelayer-next-post"">
<a href=""https://almuftionline.com/2025/01/07/15682/"" rel=""next""><span class=""pagelayer-next-holder"">
<span class=""pagelayer-post-nav-link""> Next</span><span class=""pagelayer-post-nav-title"">رضاعت میں اشتباہ کا حکم</span>
</span>
<span class=""pagelayer-post-nav-icon fa fa-chevron-right""></span></a>
</div>
</div></div></div></div></div></div></div>"
2025-01-07,https://almuftionline.com/2025/01/07/15605/,ہبہ پر زکوۃ کا حکم,<p>السلام علیکم ورحمۃ اللہ وبرکاتہ قرآن حفظ کرنے پر مجھے سعودی حکومت کی طرف سے 3000 ریال (اس وقت تقریباً 210000 روپے) کا تحفہ ملا۔ کیا مجھ پر زکوٰۃ واجب ہے؟</p>,"<h4 class=""has-text-align-center"">اَلجَوَابْ بِاسْمِ مُلْہِمِ الصَّوَابْ

</h4><p>          عاقل بالغ شخص پر کسی بھی ذریعہ سے ملکیت میں آنے والی نقد رقم پر اڑھائی فیصد زکوٰۃ واجب ہوتی ہے، بشرطیکہ وہ مال ساڑھے باون تولہ چاندی کی قیمت کے مساوی یا زائد ہو اور اس پر ایک قمری سال گزر جائے۔</p><p>     مذکورہ صورت میں، سائل کے پاس موجود کل اثاثہ جات، جیسے نقد رقم (بشمول یہ تحفہ)، سونا، چاندی  اور سامان تجارت،اگر نصاب زکوۃ کو پہنچتے ہیں اور سال گزر جاتا ہے، تو اڑھائی فیصد زکوٰۃ واجب ہوگی۔</p><p>    مثال کے طور پر،چاندی کی موجودہ قیمت فی تولہ تقریبا ً<span dir=""LTR"">3200</span>روپے کے حساب سے نصاب  زکوۃ (ساڑھے باون تولہ چاندی) کی مالیت <span dir=""LTR"">168000</span> روپے بنتی ہے،اگر سائل کے کل  اثاثے<span dir=""LTR"">)</span>    210,000 <span dir=""LTR""> (</span>روپے ہیں اور ان پر سال گزر چکا ہے،تو یہ رقم  ساڑھے باون تولہ چاندی کی مالیت سے  زائد  ہے۔لہذا ، اس  پر  اڑھائی فیصد کے حساب سے  5,250روپے زکوٰۃ ادا کرناواجب   ہے۔</p><h6 class=""has-text-align-right"">حوالہ جات</h6><div style=""direction: rtl;font-family: Amiri;
    
     font-size: 13px; font-weight: 400;""><p><strong>الموسوعة الفقهية الكويتية </strong><strong>(23/ 267)</strong><strong>:</strong></p>
<p>إن مما لا شك فيه أن الزكاة في الأوراق النقدية واجبة، نظرا لأنها عامة أموال الناس ورءوس أموال التجارات والشركات وغالب المدخرات، فلو قيل بعدم الزكاة فيها لأدى إلى ضياع الفقراء والمساكين، وقد قال الله تعالى: {وفي أموالهم حق للسائل والمحروم} (3) ولا سيما أنها أصبحت عملة نقدية متواضعا عليها في جميع أنحاء العالم، وينبغي تقدير النصاب فيها بالذهب أو الفضة۔</p>
<p><strong>رد المحتار ط الحلبي </strong><strong>(2/ 267)</strong><strong>:</strong></p>
<p>(وشرطه) أي شرط افتراض أدائها (حولان الحول) وهو في ملكه (وثمنية المال كالدراهم والدنانير) لتعينهما ‌للتجارة ‌بأصل ‌الخلقة فتلزم الزكاة كيفما أمسكهما ولو للنفقة۔</p>
</div><p>حسن علی عباسی</p><p>دارالافتاء جامعۃ الرشید،کراچی</p><p><span dir=""LTR"">06</span> /رجب  <span dir=""LTR"">1446</span>ھ</p><h6 class=""has-text-align-center"">
واللہ سبحانہ وتعالی اعلم
</h6><figure class=""wp-block-table""><table><tbody><tr><td><h3>مجیب</h3></td><td>حسن علی عباسی ولد ذوالفقار علی عباسی</td><td><h3>مفتیان</h3></td><td>محمد حسین خلیل خیل صاحب / سعید احمد حسن صاحب</td></tr></tbody></table></figure>",86225,jameya-tur-rasheed,زکوة کابیان,زکوة کے جدید اور متفرق مسائل کا بیان,"<div class=""pagelayer-col-holder""><div class=""p-kgd1425 pagelayer-post_excerpt"" pagelayer-id=""kgd1425"">
<style pagelayer-style-id=""kgd1425"">.p-kgd1425 .pagelayer-post-excerpt{color:#adb5bd;font-family: ; font-size: 15px !important; font-style: Italic !important; font-weight: 500 !important; font-variant:  !important; text-decoration-line:  !important; text-decoration-style:  !important; line-height: 1.5em !important; text-transform:  !important; letter-spacing: px !important; word-spacing: px !important;margin-top:0px; margin-right:0px; margin-bottom:0px; margin-left:0px}
.p-kgd1425{text-align: left;margin-top: 0px; margin-right: 0px; margin-bottom: 0px; margin-left: 0px;padding-top: 0px; padding-right: 0px; padding-bottom: 0px; padding-left: 0px}
</style></div><div class=""p-4wb1030 pagelayer-featured_img"" pagelayer-id=""4wb1030"">
<style pagelayer-style-id=""4wb1030"">.p-4wb1030{text-align: center}
.p-4wb1030 img{filter: blur(0px) brightness(100%) contrast(100%) grayscale(0%) hue-rotate(0deg) opacity(100%) saturate(100%);box-shadow: 0px 24px 36px 0px rgba(0,0,0,0.10)  !important;-webkit-transition: all 400ms; transition: all 400ms}
.p-4wb1030 .pagelayer-featured-caption{color: #0986c0}
</style>
<div class=""pagelayer-featured-img""></div>
</div><div class=""p-f8n3612 pagelayer-inner_row pagelayer-row-stretch-auto pagelayer-height-default"" pagelayer-id=""f8n3612"">
<style pagelayer-style-id=""f8n3612"">.p-f8n3612 .pagelayer-col-holder{padding: 10px}
.p-f8n3612 > .pagelayer-background-overlay{-webkit-transition: all 400ms !important; transition: all 400ms !important}
.p-f8n3612 .pagelayer-svg-top .pagelayer-shape-fill{fill:#227bc3}
.p-f8n3612 .pagelayer-row-svg .pagelayer-svg-top{width:100%;height:100px}
.p-f8n3612 .pagelayer-svg-bottom .pagelayer-shape-fill{fill:#e44993}
.p-f8n3612 .pagelayer-row-svg .pagelayer-svg-bottom{width:100%;height:100px}
</style>
<div class=""pagelayer-row-holder pagelayer-row pagelayer-auto pagelayer-width-auto""><div class=""p-i795860 pagelayer-col pagelayer-col-4"" pagelayer-id=""i795860"">
<style pagelayer-style-id=""i795860"">.p-i795860{align-content: center !important}
.p-i795860 .pagelayer-col-holder > div:not(:last-child){margin-bottom: 15px}
.p-i795860 > .pagelayer-background-overlay{-webkit-transition: all 400ms !important; transition: all 400ms !important}
</style>
<div class=""pagelayer-col-holder""><div class=""p-qip3968 pagelayer-post_info"" pagelayer-id=""qip3968"">
<style pagelayer-style-id=""qip3968"">.p-qip3968 .pagelayer-post-info-vertical .pagelayer-post-info-list-container{margin-right:25px}
.p-qip3968 .pagelayer-post-info-horizontal .pagelayer-post-info-list-container{margin-bottom:25px}
.p-qip3968 .pagelayer-post-info-container{text-align:right}
.p-qip3968 .pagelayer-post-info-icon span{font-size:120%;color:#495057}
.p-qip3968 .pagelayer-post-info-list-container a{font-family: Roboto !important; font-size: 14px !important; font-style:  !important; font-weight: 500 !important; font-variant:  !important; text-decoration-line:  !important; text-decoration-style:  !important; line-height: 1.6em !important; text-transform:  !important; letter-spacing: px !important; word-spacing: px !important}
.p-qip3968 .pagelayer-post-info-label{color:#495057}
.p-qip3968 .pagelayer-post-info-label a{color:#495057}
.p-qip3968 .pagelayer-post-info-label:hover{color:#000000}
.p-qip3968 .pagelayer-post-info-label:hover a{color:#000000}
</style><div class=""pagelayer-post-info-container pagelayer-post-info-vertical""><div class=""p-xj43574 pagelayer-post_info_list"" pagelayer-id=""xj43574"">
<div class=""pagelayer-post-info-list-container"">
<a class=""pagelayer-post-info-list-link"" href=""https://almuftionline.com/2025/01/07/"">
<span class=""pagelayer-post-info-icon"">
<span class=""far fa-clock""></span>
</span>
<span class=""pagelayer-post-info-label pagelayer-date"">جنوری 7, 2025</span>
</a>
</div></div></div></div></div></div><div class=""p-t2j1983 pagelayer-col pagelayer-col-7"" pagelayer-id=""t2j1983"">
<style pagelayer-style-id=""t2j1983"">.p-t2j1983{align-content: center !important}
.p-t2j1983 .pagelayer-col-holder > div:not(:last-child){margin-bottom: 15px}
.p-t2j1983 > .pagelayer-background-overlay{-webkit-transition: all 400ms !important; transition: all 400ms !important}
</style>
<div class=""pagelayer-col-holder""><div class=""p-dbq3916 pagelayer-post_info"" pagelayer-id=""dbq3916"">
<style pagelayer-style-id=""dbq3916"">.p-dbq3916 .pagelayer-post-info-container{text-align:right}
.p-dbq3916 .pagelayer-post-info-icon span{font-size:120%;color:#495057}
.p-dbq3916 .pagelayer-post-info-list-container a{font-family: Roboto !important; font-size: 14px !important; font-style:  !important; font-weight: 500 !important; font-variant:  !important; text-decoration-line:  !important; text-decoration-style:  !important; line-height: 1.6em !important; text-transform:  !important; letter-spacing: px !important; word-spacing: px !important}
.p-dbq3916 .pagelayer-post-info-label{color:#0072ff}
.p-dbq3916 .pagelayer-post-info-label a{color:#0072ff}
.p-dbq3916 .pagelayer-terms *{color:#f8952c !important;padding-top:5px; padding-right:10px; padding-bottom:5px; padding-left:10px;margin-top:0px; margin-right:5px; margin-bottom:0px; margin-left:5px;border-radius: 4px 4px 4px 4px; -webkit-border-radius:  4px 4px 4px 4px;-moz-border-radius: 4px 4px 4px 4px}
.p-dbq3916{padding-top: 0px; padding-right: 0px; padding-bottom: 0px; padding-left: 0px}
@media (max-width: 768px) and (min-width: 501px){.p-dbq3916 .pagelayer-post-info-container{text-align:left}
}
@media (max-width: 500px){.p-dbq3916 .pagelayer-post-info-container{text-align:left}
}
</style><div class=""pagelayer-post-info-container pagelayer-post-info-vertical""><div class=""p-wpv7212 pagelayer-post_info_list"" pagelayer-id=""wpv7212"">
<div class=""pagelayer-post-info-list-container"">
<span class=""pagelayer-post-info-icon"">
</span>
<span class=""pagelayer-post-info-label pagelayer-terms""> <a href=""https://almuftionline.com/category/fatwa/15/""> زکوة کابیان </a></span>
</div></div></div></div></div></div></div></div><div class=""p-trw3096 pagelayer-inner_row pagelayer-row-stretch-auto pagelayer-height-default"" pagelayer-id=""trw3096"">
<style pagelayer-style-id=""trw3096"">.p-trw3096 .pagelayer-col-holder{padding: 10px}
.p-trw3096 > .pagelayer-background-overlay{-webkit-transition: all 400ms !important; transition: all 400ms !important}
.p-trw3096 .pagelayer-svg-top .pagelayer-shape-fill{fill:#227bc3}
.p-trw3096 .pagelayer-row-svg .pagelayer-svg-top{width:100%;height:100px}
.p-trw3096 .pagelayer-svg-bottom .pagelayer-shape-fill{fill:#e44993}
.p-trw3096 .pagelayer-row-svg .pagelayer-svg-bottom{width:100%;height:100px}
</style>
<div class=""pagelayer-row-holder pagelayer-row pagelayer-auto pagelayer-width-auto""><div class=""p-wwu6541 pagelayer-col pagelayer-col-2"" pagelayer-id=""wwu6541"">
<style pagelayer-style-id=""wwu6541"">.p-wwu6541{align-content: center !important}
.p-wwu6541 .pagelayer-col-holder > div:not(:last-child){margin-bottom: 15px}
.p-wwu6541 > .pagelayer-background-overlay{-webkit-transition: all 400ms !important; transition: all 400ms !important}
</style>
<div class=""pagelayer-col-holder""><div class=""p-ccj4284 pagelayer-post_content"" pagelayer-id=""ccj4284"">
<style pagelayer-style-id=""ccj4284"">.p-ccj4284{text-align: right}
</style><div class=""entry-content pagelayer-post-excerpt""><figure class=""wp-block-table""><table><tbody><tr><td>86225</td><td>زکوة کابیان</td><td>زکوة کے جدید اور متفرق مسائل کا بیان</td></tr></tbody></table></figure><div style=""direction:rtl;line-height: 2.5;""><h3 class=""has-text-align-center"">سوال</h3><p>السلام علیکم ورحمۃ اللہ وبرکاتہ قرآن حفظ کرنے پر مجھے سعودی حکومت کی طرف سے 3000 ریال (اس وقت تقریباً 210000 روپے) کا تحفہ ملا۔ کیا مجھ پر زکوٰۃ واجب ہے؟</p>
<h4 class=""has-text-align-center"">اَلجَوَابْ بِاسْمِ مُلْہِمِ الصَّوَابْ

</h4><p>          عاقل بالغ شخص پر کسی بھی ذریعہ سے ملکیت میں آنے والی نقد رقم پر اڑھائی فیصد زکوٰۃ واجب ہوتی ہے، بشرطیکہ وہ مال ساڑھے باون تولہ چاندی کی قیمت کے مساوی یا زائد ہو اور اس پر ایک قمری سال گزر جائے۔</p>
<p>     مذکورہ صورت میں، سائل کے پاس موجود کل اثاثہ جات، جیسے نقد رقم (بشمول یہ تحفہ)، سونا، چاندی  اور سامان تجارت،اگر نصاب زکوۃ کو پہنچتے ہیں اور سال گزر جاتا ہے، تو اڑھائی فیصد زکوٰۃ واجب ہوگی۔</p>
<p>    مثال کے طور پر،چاندی کی موجودہ قیمت فی تولہ تقریبا ً<span dir=""LTR"">3200</span>روپے کے حساب سے نصاب  زکوۃ (ساڑھے باون تولہ چاندی) کی مالیت <span dir=""LTR"">168000</span> روپے بنتی ہے،اگر سائل کے کل  اثاثے<span dir=""LTR"">)</span>    210,000 <span dir=""LTR""> (</span>روپے ہیں اور ان پر سال گزر چکا ہے،تو یہ رقم  ساڑھے باون تولہ چاندی کی مالیت سے  زائد  ہے۔لہذا ، اس  پر  اڑھائی فیصد کے حساب سے  5,250روپے زکوٰۃ ادا کرناواجب   ہے۔</p>
</div><h6 class=""has-text-align-right"">حوالہ جات</h6><div style=""direction: rtl;font-family: Amiri;
    
     font-size: 13px; font-weight: 400;""><p><strong>الموسوعة الفقهية الكويتية </strong><strong>(23/ 267)</strong><strong>:</strong></p>
<p>إن مما لا شك فيه أن الزكاة في الأوراق النقدية واجبة، نظرا لأنها عامة أموال الناس ورءوس أموال التجارات والشركات وغالب المدخرات، فلو قيل بعدم الزكاة فيها لأدى إلى ضياع الفقراء والمساكين، وقد قال الله تعالى: {وفي أموالهم حق للسائل والمحروم} (3) ولا سيما أنها أصبحت عملة نقدية متواضعا عليها في جميع أنحاء العالم، وينبغي تقدير النصاب فيها بالذهب أو الفضة۔</p>
<p><strong>رد المحتار ط الحلبي </strong><strong>(2/ 267)</strong><strong>:</strong></p>
<p>(وشرطه) أي شرط افتراض أدائها (حولان الحول) وهو في ملكه (وثمنية المال كالدراهم والدنانير) لتعينهما ‌للتجارة ‌بأصل ‌الخلقة فتلزم الزكاة كيفما أمسكهما ولو للنفقة۔</p>
</div><p>حسن علی عباسی</p>
<p>دارالافتاء جامعۃ الرشید،کراچی</p>
<p><span dir=""LTR"">06</span> /رجب  <span dir=""LTR"">1446</span>ھ</p>
<h6 class=""has-text-align-center"">
واللہ سبحانہ وتعالی اعلم
</h6><figure class=""wp-block-table""><table><tbody><tr><td><h3>مجیب</h3></td><td>حسن علی عباسی ولد ذوالفقار علی عباسی</td><td><h3>مفتیان</h3></td><td>محمد حسین خلیل خیل صاحب / سعید احمد حسن صاحب</td></tr></tbody></table></figure></div></div></div></div></div></div><div class=""p-wl6689 pagelayer-inner_row pagelayer-row-stretch-auto pagelayer-height-default"" pagelayer-id=""wl6689"">
<style pagelayer-style-id=""wl6689"">.p-wl6689 .pagelayer-col-holder{padding: 10px}
.p-wl6689 > .pagelayer-background-overlay{-webkit-transition: all 400ms !important; transition: all 400ms !important}
.p-wl6689 .pagelayer-svg-top .pagelayer-shape-fill{fill:#227bc3}
.p-wl6689 .pagelayer-row-svg .pagelayer-svg-top{width:100%;height:100px}
.p-wl6689 .pagelayer-svg-bottom .pagelayer-shape-fill{fill:#e44993}
.p-wl6689 .pagelayer-row-svg .pagelayer-svg-bottom{width:100%;height:100px}
</style>
<div class=""pagelayer-row-holder pagelayer-row pagelayer-auto pagelayer-width-auto""><div class=""p-jzl6522 pagelayer-col pagelayer-col-6"" pagelayer-id=""jzl6522"">
<style pagelayer-style-id=""jzl6522"">.p-jzl6522{align-content: center !important}
.p-jzl6522 .pagelayer-col-holder > div:not(:last-child){margin-bottom: 15px}
.p-jzl6522 > .pagelayer-background-overlay{-webkit-transition: all 400ms !important; transition: all 400ms !important}
</style>
<div class=""pagelayer-col-holder""><div class=""p-xsb5673 pagelayer-share_grp pagelayer-share-type-icon-label pagelayer-social-bg-none pagelayer-scheme-official"" pagelayer-id=""xsb5673"">
<style pagelayer-style-id=""xsb5673"">.p-xsb5673{text-align: right}
.p-xsb5673 .pagelayer-share-content{min-height: 35px;-webkit-transition: all 400ms; transition: all 400ms}
.p-xsb5673 i{font-size: 27px}
.p-xsb5673 .pagelayer-icon-holder{font-size: 27px}
.p-xsb5673 .pagelayer-share-content i{-webkit-transition: all 400ms; transition: all 400ms}
.p-xsb5673 .pagelayer-icon-name{font-family: Roboto; font-size: 15px !important; font-style:  !important; font-weight: 500 !important; font-variant:  !important; text-decoration-line:  !important; text-decoration-style:  !important; line-height: em !important; text-transform:  !important; letter-spacing: px !important; word-spacing: px !important}
@media (max-width: 768px) and (min-width: 501px){.p-xsb5673{text-align: left}
.p-xsb5673 .pagelayer-share{padding-top: 10px; padding-bottom: 10px;padding-left: 10px; padding-right: 10px}
.p-xsb5673 i{font-size: 20px}
.p-xsb5673 .pagelayer-icon-holder{font-size: 20px}
.p-xsb5673 .pagelayer-icon-name{font-family: ; font-size: 13px !important; font-style:  !important; font-weight:  !important; font-variant:  !important; text-decoration-line:  !important; text-decoration-style:  !important; line-height: em !important; text-transform:  !important; letter-spacing: px !important; word-spacing: px !important}
}
@media (max-width: 500px){.p-xsb5673{text-align: left}
.p-xsb5673 .pagelayer-share{padding-top: 10px; padding-bottom: 10px;padding-left: 10px; padding-right: 10px}
.p-xsb5673 .pagelayer-share-content{min-height: NaNpx}
.p-xsb5673 i{font-size: 20px}
.p-xsb5673 .pagelayer-icon-holder{font-size: 20px}
.p-xsb5673 .pagelayer-icon-name{font-family: ; font-size: 13px !important; font-style:  !important; font-weight:  !important; font-variant:  !important; text-decoration-line:  !important; text-decoration-style:  !important; line-height: em !important; text-transform:  !important; letter-spacing: px !important; word-spacing: px !important}
}
</style><div class=""p-9mh2934 pagelayer-share"" pagelayer-id=""9mh2934"">
<a class=""pagelayer-ele-link"" href=""https://www.facebook.com/sharer/sharer.php?u=almuftionline.com/2025/01/07/15605/"" target=""_blank"" title=""fab fa-facebook-square"">
<div class=""pagelayer-share-content pagelayer-facebook-square"" data-icon=""fab fa-facebook-square"">
<div class=""pagelayer-icon-holder pagelayer-share-buttons"">
<i class=""pagelayer-social-fa fab fa-facebook-square""></i>
</div>
<div class=""pagelayer-icon-name"">
<span class=""pagelayer-icon-name-span"">Facebook</span>
</div>
</div>
</a></div><div class=""p-rai4926 pagelayer-share"" pagelayer-id=""rai4926"">
<a class=""pagelayer-ele-link"" href=""https://twitter.com/share?url=almuftionline.com/2025/01/07/15605/"" target=""_blank"" title=""fab fa-twitter-square"">
<div class=""pagelayer-share-content pagelayer-twitter-square"" data-icon=""fab fa-twitter-square"">
<div class=""pagelayer-icon-holder pagelayer-share-buttons"">
<i class=""pagelayer-social-fa fab fa-twitter-square""></i>
</div>
<div class=""pagelayer-icon-name"">
<span class=""pagelayer-icon-name-span"">Twitter</span>
</div>
</div>
</a></div><div class=""p-ndy3728 pagelayer-share"" pagelayer-id=""ndy3728"">
<a class=""pagelayer-ele-link"" href=""whatsapp://send?text=almuftionline.com/2025/01/07/15605/"" target=""_blank"" title=""fab fa-whatsapp"">
<div class=""pagelayer-share-content pagelayer-whatsapp"" data-icon=""fab fa-whatsapp"">
<div class=""pagelayer-icon-holder pagelayer-share-buttons"">
<i class=""pagelayer-social-fa fab fa-whatsapp""></i>
</div>
<div class=""pagelayer-icon-name"">
<span class=""pagelayer-icon-name-span"">WhatsApp</span>
</div>
</div>
</a></div></div></div></div></div></div><div class=""p-zqp4850 pagelayer-inner_row pagelayer-row-stretch-auto pagelayer-height-default"" pagelayer-id=""zqp4850"">
<style pagelayer-style-id=""zqp4850"">.p-zqp4850 .pagelayer-col-holder{padding: 10px}
.p-zqp4850 > .pagelayer-background-overlay{-webkit-transition: all 400ms !important; transition: all 400ms !important}
.p-zqp4850 .pagelayer-svg-top .pagelayer-shape-fill{fill:#227bc3}
.p-zqp4850 .pagelayer-row-svg .pagelayer-svg-top{width:100%;height:100px}
.p-zqp4850 .pagelayer-svg-bottom .pagelayer-shape-fill{fill:#e44993}
.p-zqp4850 .pagelayer-row-svg .pagelayer-svg-bottom{width:100%;height:100px}
</style>
<div class=""pagelayer-row-holder pagelayer-row pagelayer-auto pagelayer-width-auto""><div class=""p-q725202 pagelayer-col pagelayer-col-2"" pagelayer-id=""q725202"">
<style pagelayer-style-id=""q725202"">.p-q725202{align-content: center !important}
.p-q725202 .pagelayer-col-holder > div:not(:last-child){margin-bottom: 15px}
.p-q725202 > .pagelayer-background-overlay{-webkit-transition: all 400ms !important; transition: all 400ms !important}
</style>
<div class=""pagelayer-col-holder""><div class=""p-55r4448 pagelayer-post_nav"" pagelayer-id=""55r4448"">
<style pagelayer-style-id=""55r4448"">.p-55r4448 .pagelayer-post-nav-link{color:#adb5bd;font-family:  !important; font-size: 15px !important; font-style:  !important; font-weight:  !important; font-variant:  !important; text-decoration-line:  !important; text-decoration-style:  !important; line-height: em !important; text-transform:  !important; letter-spacing: px !important; word-spacing: px !important}
.p-55r4448 .pagelayer-post-nav-title{color:#000000;font-family:  !important; font-size: 18px !important; font-style:  !important; font-weight: bold !important; font-variant:  !important; text-decoration-line:  !important; text-decoration-style: Solid !important; line-height: em !important; text-transform:  !important; letter-spacing: px !important; word-spacing: px !important}
.p-55r4448 .pagelayer-post-nav-icon{color:#adb5bd;font-size:30px}
.p-55r4448 .pagelayer-post-nav-separator{display:none}
@media (max-width: 768px) and (min-width: 501px){.p-55r4448 .pagelayer-post-nav-link{font-family:  !important; font-size: 12px !important; font-style:  !important; font-weight:  !important; font-variant:  !important; text-decoration-line:  !important; text-decoration-style: Solid !important; line-height: em !important; text-transform:  !important; letter-spacing: px !important; word-spacing: px !important}
.p-55r4448 .pagelayer-post-nav-title{font-family:  !important; font-size: 15px !important; font-style:  !important; font-weight:  !important; font-variant:  !important; text-decoration-line:  !important; text-decoration-style: Solid !important; line-height: em !important; text-transform:  !important; letter-spacing: px !important; word-spacing: px !important}
}
@media (max-width: 500px){.p-55r4448 .pagelayer-post-nav-link{font-family:  !important; font-size: 12px !important; font-style:  !important; font-weight:  !important; font-variant:  !important; text-decoration-line:  !important; text-decoration-style: Solid !important; line-height: em !important; text-transform:  !important; letter-spacing: px !important; word-spacing: px !important}
.p-55r4448 .pagelayer-post-nav-title{font-family:  !important; font-size: 12px !important; font-style:  !important; font-weight:  !important; font-variant:  !important; text-decoration-line:  !important; text-decoration-style: Solid !important; line-height: em !important; text-transform:  !important; letter-spacing: px !important; word-spacing: px !important}
}
</style><div class=""pagelayer-post-nav-container"">
<div class=""pagelayer-prev-post"">
<a href=""https://almuftionline.com/2025/01/07/15610/"" rel=""prev""><span class=""pagelayer-post-nav-icon fa fa-chevron-left""></span>
<span class=""pagelayer-next-holder"">
<span class=""pagelayer-post-nav-link""> Previous</span><span class=""pagelayer-post-nav-title"">ولی کی اجازت کے بغیرخفیہ طور پر نکاح کا حکم</span>
</span></a>
</div>
<div class=""pagelayer-post-nav-separator""></div>
<div class=""pagelayer-next-post"">
<a href=""https://almuftionline.com/2025/01/07/15651/"" rel=""next""><span class=""pagelayer-next-holder"">
<span class=""pagelayer-post-nav-link""> Next</span><span class=""pagelayer-post-nav-title"">بچی کا نام”انشراح‘‘رکھنا</span>
</span>
<span class=""pagelayer-post-nav-icon fa fa-chevron-right""></span></a>
</div>
</div></div></div></div></div></div></div>"
2025-01-07,https://almuftionline.com/2025/01/07/15610/,ولی کی اجازت کے بغیرخفیہ طور پر نکاح کا حکم,<p>    میرا سوال یہ ہے کہ ہم نے خفیہ نکاح کیا تھا جس میں میرے ولی کی نہ اجازت تھی اور انہیں اس نکاح کا علم بھی نہیں تھا۔ جس سے میں نے نکاح کیا، وہ میرے ہم پلہ نہیں تھے، یعنی میرے حسب نسب، مالی حالت، اور تعلیم میں بہت کم تھے۔ اس نکاح میں قاضی کی براہِ راست موجودگی نہیں تھی، وہ دوسرے شہر میں تھے، اور  دونوں گواہ   غیر مسلم تھے جو موقع پر موجود نہیں تھے، بلکہ صرف فون کال پر تھے۔ قاضی نے نکاح کا خطبہ بھی نہیں پڑھا، صرف ایجاب و قبول کروایا تھا۔ کیا اس طرح میرا نکاح ہوا ہے یا نہیں؟</p>,"<h4 class=""has-text-align-center"">اَلجَوَابْ بِاسْمِ مُلْہِمِ الصَّوَابْ

</h4><p>مسلمان مرد عورت کے نکاح کے منعقد ہونے کے لئے گواہان کا مجلس نکاح میں موجود ہونے کے ساتھ ساتھ مسلمان ہونا بھی ضروری ہے۔ مذکورہ عقد نکاح میں نہ صرف  گواہ مجلس میں موجود نہ تھے، بلکہ مسلمان بھی نہیں  تھے، لہذا شرعا ً یہ نکاح منعقد نہیں ہوا، اور عورت بغیر طلاق لیے دوسری جگہ نکاح کرسکتی ہے۔</p><h6 class=""has-text-align-right"">حوالہ جات</h6><div style=""direction: rtl;font-family: Amiri;
    
     font-size: 13px; font-weight: 400;""><p><strong>الفتاوى الهندية (1/ 267):</strong></p>
<p>(ومنها) الشهادة قال عامة العلماء: إنها شرط جواز النكاح ‌هكذا ‌في ‌البدائع ‌وشرط ‌في ‌الشاهد أربعة أمور: الحرية والعقل والبلوغ والإسلام۔</p>
<p><strong>رد المحتار ط الحلبي» (3/ 21):</strong></p>
<p>(و) شرط (حضور) شاهدين(حرين) أو حر وحرتين (مكلفين سامعين قولهما معا)۔۔۔ (مسلمين لنكاح مسلمة۔</p>
</div><p>حسن علی عباسی</p><p>دارالافتاء جامعۃ الرشید،کراچی</p><p><span dir=""LTR"">06</span>/رجب /<span dir=""LTR"">1446</span></p><h6 class=""has-text-align-center"">
واللہ سبحانہ وتعالی اعلم
</h6><figure class=""wp-block-table""><table><tbody><tr><td><h3>مجیب</h3></td><td>حسن علی عباسی ولد ذوالفقار علی عباسی</td><td><h3>مفتیان</h3></td><td>سیّد عابد شاہ صاحب / سعید احمد حسن صاحب</td></tr></tbody></table></figure>",86261,jameya-tur-rasheed,نکاح کا بیان,نکاح صحیح اور فاسد کا بیان,"<div class=""pagelayer-col-holder""><div class=""p-kgd1425 pagelayer-post_excerpt"" pagelayer-id=""kgd1425"">
<style pagelayer-style-id=""kgd1425"">.p-kgd1425 .pagelayer-post-excerpt{color:#adb5bd;font-family: ; font-size: 15px !important; font-style: Italic !important; font-weight: 500 !important; font-variant:  !important; text-decoration-line:  !important; text-decoration-style:  !important; line-height: 1.5em !important; text-transform:  !important; letter-spacing: px !important; word-spacing: px !important;margin-top:0px; margin-right:0px; margin-bottom:0px; margin-left:0px}
.p-kgd1425{text-align: left;margin-top: 0px; margin-right: 0px; margin-bottom: 0px; margin-left: 0px;padding-top: 0px; padding-right: 0px; padding-bottom: 0px; padding-left: 0px}
</style></div><div class=""p-4wb1030 pagelayer-featured_img"" pagelayer-id=""4wb1030"">
<style pagelayer-style-id=""4wb1030"">.p-4wb1030{text-align: center}
.p-4wb1030 img{filter: blur(0px) brightness(100%) contrast(100%) grayscale(0%) hue-rotate(0deg) opacity(100%) saturate(100%);box-shadow: 0px 24px 36px 0px rgba(0,0,0,0.10)  !important;-webkit-transition: all 400ms; transition: all 400ms}
.p-4wb1030 .pagelayer-featured-caption{color: #0986c0}
</style>
<div class=""pagelayer-featured-img""></div>
</div><div class=""p-f8n3612 pagelayer-inner_row pagelayer-row-stretch-auto pagelayer-height-default"" pagelayer-id=""f8n3612"">
<style pagelayer-style-id=""f8n3612"">.p-f8n3612 .pagelayer-col-holder{padding: 10px}
.p-f8n3612 > .pagelayer-background-overlay{-webkit-transition: all 400ms !important; transition: all 400ms !important}
.p-f8n3612 .pagelayer-svg-top .pagelayer-shape-fill{fill:#227bc3}
.p-f8n3612 .pagelayer-row-svg .pagelayer-svg-top{width:100%;height:100px}
.p-f8n3612 .pagelayer-svg-bottom .pagelayer-shape-fill{fill:#e44993}
.p-f8n3612 .pagelayer-row-svg .pagelayer-svg-bottom{width:100%;height:100px}
</style>
<div class=""pagelayer-row-holder pagelayer-row pagelayer-auto pagelayer-width-auto""><div class=""p-i795860 pagelayer-col pagelayer-col-4"" pagelayer-id=""i795860"">
<style pagelayer-style-id=""i795860"">.p-i795860{align-content: center !important}
.p-i795860 .pagelayer-col-holder > div:not(:last-child){margin-bottom: 15px}
.p-i795860 > .pagelayer-background-overlay{-webkit-transition: all 400ms !important; transition: all 400ms !important}
</style>
<div class=""pagelayer-col-holder""><div class=""p-qip3968 pagelayer-post_info"" pagelayer-id=""qip3968"">
<style pagelayer-style-id=""qip3968"">.p-qip3968 .pagelayer-post-info-vertical .pagelayer-post-info-list-container{margin-right:25px}
.p-qip3968 .pagelayer-post-info-horizontal .pagelayer-post-info-list-container{margin-bottom:25px}
.p-qip3968 .pagelayer-post-info-container{text-align:right}
.p-qip3968 .pagelayer-post-info-icon span{font-size:120%;color:#495057}
.p-qip3968 .pagelayer-post-info-list-container a{font-family: Roboto !important; font-size: 14px !important; font-style:  !important; font-weight: 500 !important; font-variant:  !important; text-decoration-line:  !important; text-decoration-style:  !important; line-height: 1.6em !important; text-transform:  !important; letter-spacing: px !important; word-spacing: px !important}
.p-qip3968 .pagelayer-post-info-label{color:#495057}
.p-qip3968 .pagelayer-post-info-label a{color:#495057}
.p-qip3968 .pagelayer-post-info-label:hover{color:#000000}
.p-qip3968 .pagelayer-post-info-label:hover a{color:#000000}
</style><div class=""pagelayer-post-info-container pagelayer-post-info-vertical""><div class=""p-xj43574 pagelayer-post_info_list"" pagelayer-id=""xj43574"">
<div class=""pagelayer-post-info-list-container"">
<a class=""pagelayer-post-info-list-link"" href=""https://almuftionline.com/2025/01/07/"">
<span class=""pagelayer-post-info-icon"">
<span class=""far fa-clock""></span>
</span>
<span class=""pagelayer-post-info-label pagelayer-date"">جنوری 7, 2025</span>
</a>
</div></div></div></div></div></div><div class=""p-t2j1983 pagelayer-col pagelayer-col-7"" pagelayer-id=""t2j1983"">
<style pagelayer-style-id=""t2j1983"">.p-t2j1983{align-content: center !important}
.p-t2j1983 .pagelayer-col-holder > div:not(:last-child){margin-bottom: 15px}
.p-t2j1983 > .pagelayer-background-overlay{-webkit-transition: all 400ms !important; transition: all 400ms !important}
</style>
<div class=""pagelayer-col-holder""><div class=""p-dbq3916 pagelayer-post_info"" pagelayer-id=""dbq3916"">
<style pagelayer-style-id=""dbq3916"">.p-dbq3916 .pagelayer-post-info-container{text-align:right}
.p-dbq3916 .pagelayer-post-info-icon span{font-size:120%;color:#495057}
.p-dbq3916 .pagelayer-post-info-list-container a{font-family: Roboto !important; font-size: 14px !important; font-style:  !important; font-weight: 500 !important; font-variant:  !important; text-decoration-line:  !important; text-decoration-style:  !important; line-height: 1.6em !important; text-transform:  !important; letter-spacing: px !important; word-spacing: px !important}
.p-dbq3916 .pagelayer-post-info-label{color:#0072ff}
.p-dbq3916 .pagelayer-post-info-label a{color:#0072ff}
.p-dbq3916 .pagelayer-terms *{color:#f8952c !important;padding-top:5px; padding-right:10px; padding-bottom:5px; padding-left:10px;margin-top:0px; margin-right:5px; margin-bottom:0px; margin-left:5px;border-radius: 4px 4px 4px 4px; -webkit-border-radius:  4px 4px 4px 4px;-moz-border-radius: 4px 4px 4px 4px}
.p-dbq3916{padding-top: 0px; padding-right: 0px; padding-bottom: 0px; padding-left: 0px}
@media (max-width: 768px) and (min-width: 501px){.p-dbq3916 .pagelayer-post-info-container{text-align:left}
}
@media (max-width: 500px){.p-dbq3916 .pagelayer-post-info-container{text-align:left}
}
</style><div class=""pagelayer-post-info-container pagelayer-post-info-vertical""><div class=""p-wpv7212 pagelayer-post_info_list"" pagelayer-id=""wpv7212"">
<div class=""pagelayer-post-info-list-container"">
<span class=""pagelayer-post-info-icon"">
</span>
<span class=""pagelayer-post-info-label pagelayer-terms""> <a href=""https://almuftionline.com/category/fatwa/18/""> نکاح کا بیان </a></span>
</div></div></div></div></div></div></div></div><div class=""p-trw3096 pagelayer-inner_row pagelayer-row-stretch-auto pagelayer-height-default"" pagelayer-id=""trw3096"">
<style pagelayer-style-id=""trw3096"">.p-trw3096 .pagelayer-col-holder{padding: 10px}
.p-trw3096 > .pagelayer-background-overlay{-webkit-transition: all 400ms !important; transition: all 400ms !important}
.p-trw3096 .pagelayer-svg-top .pagelayer-shape-fill{fill:#227bc3}
.p-trw3096 .pagelayer-row-svg .pagelayer-svg-top{width:100%;height:100px}
.p-trw3096 .pagelayer-svg-bottom .pagelayer-shape-fill{fill:#e44993}
.p-trw3096 .pagelayer-row-svg .pagelayer-svg-bottom{width:100%;height:100px}
</style>
<div class=""pagelayer-row-holder pagelayer-row pagelayer-auto pagelayer-width-auto""><div class=""p-wwu6541 pagelayer-col pagelayer-col-2"" pagelayer-id=""wwu6541"">
<style pagelayer-style-id=""wwu6541"">.p-wwu6541{align-content: center !important}
.p-wwu6541 .pagelayer-col-holder > div:not(:last-child){margin-bottom: 15px}
.p-wwu6541 > .pagelayer-background-overlay{-webkit-transition: all 400ms !important; transition: all 400ms !important}
</style>
<div class=""pagelayer-col-holder""><div class=""p-ccj4284 pagelayer-post_content"" pagelayer-id=""ccj4284"">
<style pagelayer-style-id=""ccj4284"">.p-ccj4284{text-align: right}
</style><div class=""entry-content pagelayer-post-excerpt""><figure class=""wp-block-table""><table><tbody><tr><td>86261</td><td>نکاح کا بیان</td><td>نکاح صحیح اور فاسد کا بیان</td></tr></tbody></table></figure><div style=""direction:rtl;line-height: 2.5;""><h3 class=""has-text-align-center"">سوال</h3><p>    میرا سوال یہ ہے کہ ہم نے خفیہ نکاح کیا تھا جس میں میرے ولی کی نہ اجازت تھی اور انہیں اس نکاح کا علم بھی نہیں تھا۔ جس سے میں نے نکاح کیا، وہ میرے ہم پلہ نہیں تھے، یعنی میرے حسب نسب، مالی حالت، اور تعلیم میں بہت کم تھے۔ اس نکاح میں قاضی کی براہِ راست موجودگی نہیں تھی، وہ دوسرے شہر میں تھے، اور  دونوں گواہ   غیر مسلم تھے جو موقع پر موجود نہیں تھے، بلکہ صرف فون کال پر تھے۔ قاضی نے نکاح کا خطبہ بھی نہیں پڑھا، صرف ایجاب و قبول کروایا تھا۔ کیا اس طرح میرا نکاح ہوا ہے یا نہیں؟</p>
<h4 class=""has-text-align-center"">اَلجَوَابْ بِاسْمِ مُلْہِمِ الصَّوَابْ

</h4><p>مسلمان مرد عورت کے نکاح کے منعقد ہونے کے لئے گواہان کا مجلس نکاح میں موجود ہونے کے ساتھ ساتھ مسلمان ہونا بھی ضروری ہے۔ مذکورہ عقد نکاح میں نہ صرف  گواہ مجلس میں موجود نہ تھے، بلکہ مسلمان بھی نہیں  تھے، لہذا شرعا ً یہ نکاح منعقد نہیں ہوا، اور عورت بغیر طلاق لیے دوسری جگہ نکاح کرسکتی ہے۔</p>
</div><h6 class=""has-text-align-right"">حوالہ جات</h6><div style=""direction: rtl;font-family: Amiri;
    
     font-size: 13px; font-weight: 400;""><p><strong>الفتاوى الهندية (1/ 267):</strong></p>
<p>(ومنها) الشهادة قال عامة العلماء: إنها شرط جواز النكاح ‌هكذا ‌في ‌البدائع ‌وشرط ‌في ‌الشاهد أربعة أمور: الحرية والعقل والبلوغ والإسلام۔</p>
<p><strong>رد المحتار ط الحلبي» (3/ 21):</strong></p>
<p>(و) شرط (حضور) شاهدين(حرين) أو حر وحرتين (مكلفين سامعين قولهما معا)۔۔۔ (مسلمين لنكاح مسلمة۔</p>
</div><p>حسن علی عباسی</p>
<p>دارالافتاء جامعۃ الرشید،کراچی</p>
<p><span dir=""LTR"">06</span>/رجب /<span dir=""LTR"">1446</span></p>
<h6 class=""has-text-align-center"">
واللہ سبحانہ وتعالی اعلم
</h6><figure class=""wp-block-table""><table><tbody><tr><td><h3>مجیب</h3></td><td>حسن علی عباسی ولد ذوالفقار علی عباسی</td><td><h3>مفتیان</h3></td><td>سیّد عابد شاہ صاحب / سعید احمد حسن صاحب</td></tr></tbody></table></figure></div></div></div></div></div></div><div class=""p-wl6689 pagelayer-inner_row pagelayer-row-stretch-auto pagelayer-height-default"" pagelayer-id=""wl6689"">
<style pagelayer-style-id=""wl6689"">.p-wl6689 .pagelayer-col-holder{padding: 10px}
.p-wl6689 > .pagelayer-background-overlay{-webkit-transition: all 400ms !important; transition: all 400ms !important}
.p-wl6689 .pagelayer-svg-top .pagelayer-shape-fill{fill:#227bc3}
.p-wl6689 .pagelayer-row-svg .pagelayer-svg-top{width:100%;height:100px}
.p-wl6689 .pagelayer-svg-bottom .pagelayer-shape-fill{fill:#e44993}
.p-wl6689 .pagelayer-row-svg .pagelayer-svg-bottom{width:100%;height:100px}
</style>
<div class=""pagelayer-row-holder pagelayer-row pagelayer-auto pagelayer-width-auto""><div class=""p-jzl6522 pagelayer-col pagelayer-col-6"" pagelayer-id=""jzl6522"">
<style pagelayer-style-id=""jzl6522"">.p-jzl6522{align-content: center !important}
.p-jzl6522 .pagelayer-col-holder > div:not(:last-child){margin-bottom: 15px}
.p-jzl6522 > .pagelayer-background-overlay{-webkit-transition: all 400ms !important; transition: all 400ms !important}
</style>
<div class=""pagelayer-col-holder""><div class=""p-xsb5673 pagelayer-share_grp pagelayer-share-type-icon-label pagelayer-social-bg-none pagelayer-scheme-official"" pagelayer-id=""xsb5673"">
<style pagelayer-style-id=""xsb5673"">.p-xsb5673{text-align: right}
.p-xsb5673 .pagelayer-share-content{min-height: 35px;-webkit-transition: all 400ms; transition: all 400ms}
.p-xsb5673 i{font-size: 27px}
.p-xsb5673 .pagelayer-icon-holder{font-size: 27px}
.p-xsb5673 .pagelayer-share-content i{-webkit-transition: all 400ms; transition: all 400ms}
.p-xsb5673 .pagelayer-icon-name{font-family: Roboto; font-size: 15px !important; font-style:  !important; font-weight: 500 !important; font-variant:  !important; text-decoration-line:  !important; text-decoration-style:  !important; line-height: em !important; text-transform:  !important; letter-spacing: px !important; word-spacing: px !important}
@media (max-width: 768px) and (min-width: 501px){.p-xsb5673{text-align: left}
.p-xsb5673 .pagelayer-share{padding-top: 10px; padding-bottom: 10px;padding-left: 10px; padding-right: 10px}
.p-xsb5673 i{font-size: 20px}
.p-xsb5673 .pagelayer-icon-holder{font-size: 20px}
.p-xsb5673 .pagelayer-icon-name{font-family: ; font-size: 13px !important; font-style:  !important; font-weight:  !important; font-variant:  !important; text-decoration-line:  !important; text-decoration-style:  !important; line-height: em !important; text-transform:  !important; letter-spacing: px !important; word-spacing: px !important}
}
@media (max-width: 500px){.p-xsb5673{text-align: left}
.p-xsb5673 .pagelayer-share{padding-top: 10px; padding-bottom: 10px;padding-left: 10px; padding-right: 10px}
.p-xsb5673 .pagelayer-share-content{min-height: NaNpx}
.p-xsb5673 i{font-size: 20px}
.p-xsb5673 .pagelayer-icon-holder{font-size: 20px}
.p-xsb5673 .pagelayer-icon-name{font-family: ; font-size: 13px !important; font-style:  !important; font-weight:  !important; font-variant:  !important; text-decoration-line:  !important; text-decoration-style:  !important; line-height: em !important; text-transform:  !important; letter-spacing: px !important; word-spacing: px !important}
}
</style><div class=""p-9mh2934 pagelayer-share"" pagelayer-id=""9mh2934"">
<a class=""pagelayer-ele-link"" href=""https://www.facebook.com/sharer/sharer.php?u=almuftionline.com/2025/01/07/15610/"" target=""_blank"" title=""fab fa-facebook-square"">
<div class=""pagelayer-share-content pagelayer-facebook-square"" data-icon=""fab fa-facebook-square"">
<div class=""pagelayer-icon-holder pagelayer-share-buttons"">
<i class=""pagelayer-social-fa fab fa-facebook-square""></i>
</div>
<div class=""pagelayer-icon-name"">
<span class=""pagelayer-icon-name-span"">Facebook</span>
</div>
</div>
</a></div><div class=""p-rai4926 pagelayer-share"" pagelayer-id=""rai4926"">
<a class=""pagelayer-ele-link"" href=""https://twitter.com/share?url=almuftionline.com/2025/01/07/15610/"" target=""_blank"" title=""fab fa-twitter-square"">
<div class=""pagelayer-share-content pagelayer-twitter-square"" data-icon=""fab fa-twitter-square"">
<div class=""pagelayer-icon-holder pagelayer-share-buttons"">
<i class=""pagelayer-social-fa fab fa-twitter-square""></i>
</div>
<div class=""pagelayer-icon-name"">
<span class=""pagelayer-icon-name-span"">Twitter</span>
</div>
</div>
</a></div><div class=""p-ndy3728 pagelayer-share"" pagelayer-id=""ndy3728"">
<a class=""pagelayer-ele-link"" href=""whatsapp://send?text=almuftionline.com/2025/01/07/15610/"" target=""_blank"" title=""fab fa-whatsapp"">
<div class=""pagelayer-share-content pagelayer-whatsapp"" data-icon=""fab fa-whatsapp"">
<div class=""pagelayer-icon-holder pagelayer-share-buttons"">
<i class=""pagelayer-social-fa fab fa-whatsapp""></i>
</div>
<div class=""pagelayer-icon-name"">
<span class=""pagelayer-icon-name-span"">WhatsApp</span>
</div>
</div>
</a></div></div></div></div></div></div><div class=""p-zqp4850 pagelayer-inner_row pagelayer-row-stretch-auto pagelayer-height-default"" pagelayer-id=""zqp4850"">
<style pagelayer-style-id=""zqp4850"">.p-zqp4850 .pagelayer-col-holder{padding: 10px}
.p-zqp4850 > .pagelayer-background-overlay{-webkit-transition: all 400ms !important; transition: all 400ms !important}
.p-zqp4850 .pagelayer-svg-top .pagelayer-shape-fill{fill:#227bc3}
.p-zqp4850 .pagelayer-row-svg .pagelayer-svg-top{width:100%;height:100px}
.p-zqp4850 .pagelayer-svg-bottom .pagelayer-shape-fill{fill:#e44993}
.p-zqp4850 .pagelayer-row-svg .pagelayer-svg-bottom{width:100%;height:100px}
</style>
<div class=""pagelayer-row-holder pagelayer-row pagelayer-auto pagelayer-width-auto""><div class=""p-q725202 pagelayer-col pagelayer-col-2"" pagelayer-id=""q725202"">
<style pagelayer-style-id=""q725202"">.p-q725202{align-content: center !important}
.p-q725202 .pagelayer-col-holder > div:not(:last-child){margin-bottom: 15px}
.p-q725202 > .pagelayer-background-overlay{-webkit-transition: all 400ms !important; transition: all 400ms !important}
</style>
<div class=""pagelayer-col-holder""><div class=""p-55r4448 pagelayer-post_nav"" pagelayer-id=""55r4448"">
<style pagelayer-style-id=""55r4448"">.p-55r4448 .pagelayer-post-nav-link{color:#adb5bd;font-family:  !important; font-size: 15px !important; font-style:  !important; font-weight:  !important; font-variant:  !important; text-decoration-line:  !important; text-decoration-style:  !important; line-height: em !important; text-transform:  !important; letter-spacing: px !important; word-spacing: px !important}
.p-55r4448 .pagelayer-post-nav-title{color:#000000;font-family:  !important; font-size: 18px !important; font-style:  !important; font-weight: bold !important; font-variant:  !important; text-decoration-line:  !important; text-decoration-style: Solid !important; line-height: em !important; text-transform:  !important; letter-spacing: px !important; word-spacing: px !important}
.p-55r4448 .pagelayer-post-nav-icon{color:#adb5bd;font-size:30px}
.p-55r4448 .pagelayer-post-nav-separator{display:none}
@media (max-width: 768px) and (min-width: 501px){.p-55r4448 .pagelayer-post-nav-link{font-family:  !important; font-size: 12px !important; font-style:  !important; font-weight:  !important; font-variant:  !important; text-decoration-line:  !important; text-decoration-style: Solid !important; line-height: em !important; text-transform:  !important; letter-spacing: px !important; word-spacing: px !important}
.p-55r4448 .pagelayer-post-nav-title{font-family:  !important; font-size: 15px !important; font-style:  !important; font-weight:  !important; font-variant:  !important; text-decoration-line:  !important; text-decoration-style: Solid !important; line-height: em !important; text-transform:  !important; letter-spacing: px !important; word-spacing: px !important}
}
@media (max-width: 500px){.p-55r4448 .pagelayer-post-nav-link{font-family:  !important; font-size: 12px !important; font-style:  !important; font-weight:  !important; font-variant:  !important; text-decoration-line:  !important; text-decoration-style: Solid !important; line-height: em !important; text-transform:  !important; letter-spacing: px !important; word-spacing: px !important}
.p-55r4448 .pagelayer-post-nav-title{font-family:  !important; font-size: 12px !important; font-style:  !important; font-weight:  !important; font-variant:  !important; text-decoration-line:  !important; text-decoration-style: Solid !important; line-height: em !important; text-transform:  !important; letter-spacing: px !important; word-spacing: px !important}
}
</style><div class=""pagelayer-post-nav-container"">
<div class=""pagelayer-prev-post"">
<a href=""https://almuftionline.com/2025/01/07/15875/"" rel=""prev""><span class=""pagelayer-post-nav-icon fa fa-chevron-left""></span>
<span class=""pagelayer-next-holder"">
<span class=""pagelayer-post-nav-link""> Previous</span><span class=""pagelayer-post-nav-title"">سنتوں کے بعد اجتماعی دعا کر نا</span>
</span></a>
</div>
<div class=""pagelayer-post-nav-separator""></div>
<div class=""pagelayer-next-post"">
<a href=""https://almuftionline.com/2025/01/07/15605/"" rel=""next""><span class=""pagelayer-next-holder"">
<span class=""pagelayer-post-nav-link""> Next</span><span class=""pagelayer-post-nav-title"">ہبہ پر زکوۃ کا حکم</span>
</span>
<span class=""pagelayer-post-nav-icon fa fa-chevron-right""></span></a>
</div>
</div></div></div></div></div></div></div>"
2025-01-07,https://almuftionline.com/2025/01/07/15875/,سنتوں کے بعد اجتماعی دعا کر نا,<p>سنتوں کے بعد اجتماعی دعا کرنےکے متعلق فتاوی فریدیہ جلد نمبر دو صفحہ 262 تا 263 میں لکھا ہے جن علمائے کرام نے بعد سنن دعا کو بدعت قرار دیا ہے ہم ان سے متفق نہیں ہے ۔اکثر فقہاء نے دعا کو بعد سنن افضل قرار دیا ہے۔حالانکہ ہمارے اکابرین نے سنتوں کے بعد  اجتماعی دعا کو بدعت قرار دیا ہے براہ  مہربانی تفصیلی جواب مرحمت فرمائیں یہ فتاوی انٹرنیٹ پر بھی موجود ہیں اگر آپ کے پاس نہیں ہے تفصیلی جواب دیں ۔</p>,"<h4 class=""has-text-align-center"">اَلجَوَابْ بِاسْمِ مُلْہِمِ الصَّوَابْ

</h4><p>سنتوں کے بعد دعا مانگنا چونکہ حضورﷺاور صحابہ وتابعین سے ثابت نہیں اس لیے فقہاء ناجائز اورمکروہ  فرماتے ہیں خاص طور پر جبکہ اس پراصرار بھی کیا جائے ۔فتاوی فریدیہ میں  لکھا ہے کہ پیغمبرﷺ نے ہیئت  اجتماعیہ سے نہ فرائض  کے بعد دعا کی ہے نہ سنن رواتب کے بعد البتہ پیغمبرﷺ نے ہیئت اجتماعیہ  سے دعا کر نے کی ترغیب دی ہے پس ہیئت  اجتما عیہ  سے نماز کے بعد دعا کرنا ممنوع نہیں ہے نہ  فرائض کے بعد اور نہ سنن رواتب کے بعد، ممنوع صرف التزام ہے۔     واضح ر  ہے کہ مفتی صاحب التزام  کو ممنوع  کہہ رہے ہیں ۔لہذا ان  کے فتوی سے  مطلقا گنجائش سمجھنا یا اسے دلیل بنانا درست نہیں۔</p><h6 class=""has-text-align-right"">حوالہ جات</h6><div style=""direction: rtl;font-family: Amiri;
    
     font-size: 13px; font-weight: 400;""><p><strong>قال فی </strong><strong>الهندية</strong><strong>:</strong> <strong>وأما إذا </strong><strong>‌</strong><strong>سجد </strong><strong>‌</strong><strong>بغير سبب فليس بقربة ولا مكروه وما يفعل عقيب الصلوات مكروه؛ </strong>لأن الجهال يعتقدونها سنة أو واجبة وكل مباح يؤدي إليه فمكروه، هكذا في الزاهدي.</p>
<p>  (الفتاوى الهندية: 1/ 136)</p>
<p>و رحم  ﷲ طائفة من المبتدعة في بعض أقطار الهند حیث واظبوا علی أن الإمام ومن معه یقومون بعد المکتوبة بعد قرائتهم اللهم أنت السلام و منك السلام الخ ثم إذا فرغوا من فعل السنن والنوافل یدعوالإمام عقب الفاتحة جهراً بدعاء مرةً ثانيةً والمقتدون یؤمنون علی ذلك وقدجری العمل منهم بذلك علی سبیل الالتزام والدوام حتی أن بعض العوام اعتقدوا أن الدعاء بعد السنن والنوافل باجتماع الإمام والمأمومین ضروري واجب حتی أنهم إذا وجدوا من الإمام تاخیراً لأجل اشتغاله بطویل السنن والنوافل اعترضوا علیه قائلین: إنا منتظرون للدعاء ثانیاً وهو یطیل صلاته وحتی أن متولي المساجد یجبرون الإمام الموظف علی ترویج هذا الدعاء المذکور بعد السنن والنوافل علی سبیل الالتزام، ومن لم یرض بذلك یعزلونه عن الإمامة و یطعنونه و لایصلون خلف من لایصنع بمثل صنیعهم، وأیم اﷲ! أن هذا أمر محدث في الدین …</p>
<p> و أیضاً ففي ذلك من الحرج ما لایخفی وأیضاً فقد مرّ أن المندوب ینقلب مکروهاً إذا رفع عن رتبته؛لأن التیمن مستحب في کل شيء من أمور العبادات لکن لماخشی ابن مسعود أن یعتقدوا وجوبه أشار إلی کراهته. فکیف بمن أصرّ علی بدعة أومنکر؟… کان ذلك بدعة في الدین محرمة.</p>
<p>(إعلاء السنن: 3/ 205)</p>
</div><p>محمد اسماعیل  بن محمداقبال</p><p>دارالافتاء جا معۃ الرشید کراچی</p><p>7رجب 1446ھ </p><h6 class=""has-text-align-center"">
واللہ سبحانہ وتعالی اعلم
</h6><figure class=""wp-block-table""><table><tbody><tr><td><h3>مجیب</h3></td><td>محمد اسماعیل بن محمد اقبال</td><td><h3>مفتیان</h3></td><td> فیصل احمد صاحب / شہبازعلی صاحب</td></tr></tbody></table></figure>",86205,jameya-tur-rasheed,سنت کا بیان (بدعات اور رسومات کا بیان),متفرّق مسائل,"<div class=""pagelayer-col-holder""><div class=""p-kgd1425 pagelayer-post_excerpt"" pagelayer-id=""kgd1425"">
<style pagelayer-style-id=""kgd1425"">.p-kgd1425 .pagelayer-post-excerpt{color:#adb5bd;font-family: ; font-size: 15px !important; font-style: Italic !important; font-weight: 500 !important; font-variant:  !important; text-decoration-line:  !important; text-decoration-style:  !important; line-height: 1.5em !important; text-transform:  !important; letter-spacing: px !important; word-spacing: px !important;margin-top:0px; margin-right:0px; margin-bottom:0px; margin-left:0px}
.p-kgd1425{text-align: left;margin-top: 0px; margin-right: 0px; margin-bottom: 0px; margin-left: 0px;padding-top: 0px; padding-right: 0px; padding-bottom: 0px; padding-left: 0px}
</style></div><div class=""p-4wb1030 pagelayer-featured_img"" pagelayer-id=""4wb1030"">
<style pagelayer-style-id=""4wb1030"">.p-4wb1030{text-align: center}
.p-4wb1030 img{filter: blur(0px) brightness(100%) contrast(100%) grayscale(0%) hue-rotate(0deg) opacity(100%) saturate(100%);box-shadow: 0px 24px 36px 0px rgba(0,0,0,0.10)  !important;-webkit-transition: all 400ms; transition: all 400ms}
.p-4wb1030 .pagelayer-featured-caption{color: #0986c0}
</style>
<div class=""pagelayer-featured-img""></div>
</div><div class=""p-f8n3612 pagelayer-inner_row pagelayer-row-stretch-auto pagelayer-height-default"" pagelayer-id=""f8n3612"">
<style pagelayer-style-id=""f8n3612"">.p-f8n3612 .pagelayer-col-holder{padding: 10px}
.p-f8n3612 > .pagelayer-background-overlay{-webkit-transition: all 400ms !important; transition: all 400ms !important}
.p-f8n3612 .pagelayer-svg-top .pagelayer-shape-fill{fill:#227bc3}
.p-f8n3612 .pagelayer-row-svg .pagelayer-svg-top{width:100%;height:100px}
.p-f8n3612 .pagelayer-svg-bottom .pagelayer-shape-fill{fill:#e44993}
.p-f8n3612 .pagelayer-row-svg .pagelayer-svg-bottom{width:100%;height:100px}
</style>
<div class=""pagelayer-row-holder pagelayer-row pagelayer-auto pagelayer-width-auto""><div class=""p-i795860 pagelayer-col pagelayer-col-4"" pagelayer-id=""i795860"">
<style pagelayer-style-id=""i795860"">.p-i795860{align-content: center !important}
.p-i795860 .pagelayer-col-holder > div:not(:last-child){margin-bottom: 15px}
.p-i795860 > .pagelayer-background-overlay{-webkit-transition: all 400ms !important; transition: all 400ms !important}
</style>
<div class=""pagelayer-col-holder""><div class=""p-qip3968 pagelayer-post_info"" pagelayer-id=""qip3968"">
<style pagelayer-style-id=""qip3968"">.p-qip3968 .pagelayer-post-info-vertical .pagelayer-post-info-list-container{margin-right:25px}
.p-qip3968 .pagelayer-post-info-horizontal .pagelayer-post-info-list-container{margin-bottom:25px}
.p-qip3968 .pagelayer-post-info-container{text-align:right}
.p-qip3968 .pagelayer-post-info-icon span{font-size:120%;color:#495057}
.p-qip3968 .pagelayer-post-info-list-container a{font-family: Roboto !important; font-size: 14px !important; font-style:  !important; font-weight: 500 !important; font-variant:  !important; text-decoration-line:  !important; text-decoration-style:  !important; line-height: 1.6em !important; text-transform:  !important; letter-spacing: px !important; word-spacing: px !important}
.p-qip3968 .pagelayer-post-info-label{color:#495057}
.p-qip3968 .pagelayer-post-info-label a{color:#495057}
.p-qip3968 .pagelayer-post-info-label:hover{color:#000000}
.p-qip3968 .pagelayer-post-info-label:hover a{color:#000000}
</style><div class=""pagelayer-post-info-container pagelayer-post-info-vertical""><div class=""p-xj43574 pagelayer-post_info_list"" pagelayer-id=""xj43574"">
<div class=""pagelayer-post-info-list-container"">
<a class=""pagelayer-post-info-list-link"" href=""https://almuftionline.com/2025/01/07/"">
<span class=""pagelayer-post-info-icon"">
<span class=""far fa-clock""></span>
</span>
<span class=""pagelayer-post-info-label pagelayer-date"">جنوری 7, 2025</span>
</a>
</div></div></div></div></div></div><div class=""p-t2j1983 pagelayer-col pagelayer-col-7"" pagelayer-id=""t2j1983"">
<style pagelayer-style-id=""t2j1983"">.p-t2j1983{align-content: center !important}
.p-t2j1983 .pagelayer-col-holder > div:not(:last-child){margin-bottom: 15px}
.p-t2j1983 > .pagelayer-background-overlay{-webkit-transition: all 400ms !important; transition: all 400ms !important}
</style>
<div class=""pagelayer-col-holder""><div class=""p-dbq3916 pagelayer-post_info"" pagelayer-id=""dbq3916"">
<style pagelayer-style-id=""dbq3916"">.p-dbq3916 .pagelayer-post-info-container{text-align:right}
.p-dbq3916 .pagelayer-post-info-icon span{font-size:120%;color:#495057}
.p-dbq3916 .pagelayer-post-info-list-container a{font-family: Roboto !important; font-size: 14px !important; font-style:  !important; font-weight: 500 !important; font-variant:  !important; text-decoration-line:  !important; text-decoration-style:  !important; line-height: 1.6em !important; text-transform:  !important; letter-spacing: px !important; word-spacing: px !important}
.p-dbq3916 .pagelayer-post-info-label{color:#0072ff}
.p-dbq3916 .pagelayer-post-info-label a{color:#0072ff}
.p-dbq3916 .pagelayer-terms *{color:#f8952c !important;padding-top:5px; padding-right:10px; padding-bottom:5px; padding-left:10px;margin-top:0px; margin-right:5px; margin-bottom:0px; margin-left:5px;border-radius: 4px 4px 4px 4px; -webkit-border-radius:  4px 4px 4px 4px;-moz-border-radius: 4px 4px 4px 4px}
.p-dbq3916{padding-top: 0px; padding-right: 0px; padding-bottom: 0px; padding-left: 0px}
@media (max-width: 768px) and (min-width: 501px){.p-dbq3916 .pagelayer-post-info-container{text-align:left}
}
@media (max-width: 500px){.p-dbq3916 .pagelayer-post-info-container{text-align:left}
}
</style><div class=""pagelayer-post-info-container pagelayer-post-info-vertical""><div class=""p-wpv7212 pagelayer-post_info_list"" pagelayer-id=""wpv7212"">
<div class=""pagelayer-post-info-list-container"">
<span class=""pagelayer-post-info-icon"">
</span>
<span class=""pagelayer-post-info-label pagelayer-terms""> <a href=""https://almuftionline.com/category/fatwa/3/""> سنت کا بیان (بدعات اور رسومات کا بیان) </a></span>
</div></div></div></div></div></div></div></div><div class=""p-trw3096 pagelayer-inner_row pagelayer-row-stretch-auto pagelayer-height-default"" pagelayer-id=""trw3096"">
<style pagelayer-style-id=""trw3096"">.p-trw3096 .pagelayer-col-holder{padding: 10px}
.p-trw3096 > .pagelayer-background-overlay{-webkit-transition: all 400ms !important; transition: all 400ms !important}
.p-trw3096 .pagelayer-svg-top .pagelayer-shape-fill{fill:#227bc3}
.p-trw3096 .pagelayer-row-svg .pagelayer-svg-top{width:100%;height:100px}
.p-trw3096 .pagelayer-svg-bottom .pagelayer-shape-fill{fill:#e44993}
.p-trw3096 .pagelayer-row-svg .pagelayer-svg-bottom{width:100%;height:100px}
</style>
<div class=""pagelayer-row-holder pagelayer-row pagelayer-auto pagelayer-width-auto""><div class=""p-wwu6541 pagelayer-col pagelayer-col-2"" pagelayer-id=""wwu6541"">
<style pagelayer-style-id=""wwu6541"">.p-wwu6541{align-content: center !important}
.p-wwu6541 .pagelayer-col-holder > div:not(:last-child){margin-bottom: 15px}
.p-wwu6541 > .pagelayer-background-overlay{-webkit-transition: all 400ms !important; transition: all 400ms !important}
</style>
<div class=""pagelayer-col-holder""><div class=""p-ccj4284 pagelayer-post_content"" pagelayer-id=""ccj4284"">
<style pagelayer-style-id=""ccj4284"">.p-ccj4284{text-align: right}
</style><div class=""entry-content pagelayer-post-excerpt""><figure class=""wp-block-table""><table><tbody><tr><td>86205</td><td>سنت کا بیان (بدعات اور رسومات کا بیان)</td><td>متفرّق مسائل</td></tr></tbody></table></figure><div style=""direction:rtl;line-height: 2.5;""><h3 class=""has-text-align-center"">سوال</h3><p>سنتوں کے بعد اجتماعی دعا کرنےکے متعلق فتاوی فریدیہ جلد نمبر دو صفحہ 262 تا 263 میں لکھا ہے جن علمائے کرام نے بعد سنن دعا کو بدعت قرار دیا ہے ہم ان سے متفق نہیں ہے ۔اکثر فقہاء نے دعا کو بعد سنن افضل قرار دیا ہے۔حالانکہ ہمارے اکابرین نے سنتوں کے بعد  اجتماعی دعا کو بدعت قرار دیا ہے براہ  مہربانی تفصیلی جواب مرحمت فرمائیں یہ فتاوی انٹرنیٹ پر بھی موجود ہیں اگر آپ کے پاس نہیں ہے تفصیلی جواب دیں ۔</p>
<h4 class=""has-text-align-center"">اَلجَوَابْ بِاسْمِ مُلْہِمِ الصَّوَابْ

</h4><p>سنتوں کے بعد دعا مانگنا چونکہ حضورﷺاور صحابہ وتابعین سے ثابت نہیں اس لیے فقہاء ناجائز اورمکروہ  فرماتے ہیں خاص طور پر جبکہ اس پراصرار بھی کیا جائے ۔فتاوی فریدیہ میں  لکھا ہے کہ پیغمبرﷺ نے ہیئت  اجتماعیہ سے نہ فرائض  کے بعد دعا کی ہے نہ سنن رواتب کے بعد البتہ پیغمبرﷺ نے ہیئت اجتماعیہ  سے دعا کر نے کی ترغیب دی ہے پس ہیئت  اجتما عیہ  سے نماز کے بعد دعا کرنا ممنوع نہیں ہے نہ  فرائض کے بعد اور نہ سنن رواتب کے بعد، ممنوع صرف التزام ہے۔     واضح ر  ہے کہ مفتی صاحب التزام  کو ممنوع  کہہ رہے ہیں ۔لہذا ان  کے فتوی سے  مطلقا گنجائش سمجھنا یا اسے دلیل بنانا درست نہیں۔</p>
</div><h6 class=""has-text-align-right"">حوالہ جات</h6><div style=""direction: rtl;font-family: Amiri;
    
     font-size: 13px; font-weight: 400;""><p><strong>قال فی </strong><strong>الهندية</strong><strong>:</strong> <strong>وأما إذا </strong><strong>‌</strong><strong>سجد </strong><strong>‌</strong><strong>بغير سبب فليس بقربة ولا مكروه وما يفعل عقيب الصلوات مكروه؛ </strong>لأن الجهال يعتقدونها سنة أو واجبة وكل مباح يؤدي إليه فمكروه، هكذا في الزاهدي.</p>
<p>  (الفتاوى الهندية: 1/ 136)</p>
<p>و رحم  ﷲ طائفة من المبتدعة في بعض أقطار الهند حیث واظبوا علی أن الإمام ومن معه یقومون بعد المکتوبة بعد قرائتهم اللهم أنت السلام و منك السلام الخ ثم إذا فرغوا من فعل السنن والنوافل یدعوالإمام عقب الفاتحة جهراً بدعاء مرةً ثانيةً والمقتدون یؤمنون علی ذلك وقدجری العمل منهم بذلك علی سبیل الالتزام والدوام حتی أن بعض العوام اعتقدوا أن الدعاء بعد السنن والنوافل باجتماع الإمام والمأمومین ضروري واجب حتی أنهم إذا وجدوا من الإمام تاخیراً لأجل اشتغاله بطویل السنن والنوافل اعترضوا علیه قائلین: إنا منتظرون للدعاء ثانیاً وهو یطیل صلاته وحتی أن متولي المساجد یجبرون الإمام الموظف علی ترویج هذا الدعاء المذکور بعد السنن والنوافل علی سبیل الالتزام، ومن لم یرض بذلك یعزلونه عن الإمامة و یطعنونه و لایصلون خلف من لایصنع بمثل صنیعهم، وأیم اﷲ! أن هذا أمر محدث في الدین …</p>
<p> و أیضاً ففي ذلك من الحرج ما لایخفی وأیضاً فقد مرّ أن المندوب ینقلب مکروهاً إذا رفع عن رتبته؛لأن التیمن مستحب في کل شيء من أمور العبادات لکن لماخشی ابن مسعود أن یعتقدوا وجوبه أشار إلی کراهته. فکیف بمن أصرّ علی بدعة أومنکر؟… کان ذلك بدعة في الدین محرمة.</p>
<p>(إعلاء السنن: 3/ 205)</p>
</div><p>محمد اسماعیل  بن محمداقبال</p>
<p>دارالافتاء جا معۃ الرشید کراچی</p>
<p>7رجب 1446ھ </p>
<h6 class=""has-text-align-center"">
واللہ سبحانہ وتعالی اعلم
</h6><figure class=""wp-block-table""><table><tbody><tr><td><h3>مجیب</h3></td><td>محمد اسماعیل بن محمد اقبال</td><td><h3>مفتیان</h3></td><td> فیصل احمد صاحب / شہبازعلی صاحب</td></tr></tbody></table></figure></div></div></div></div></div></div><div class=""p-wl6689 pagelayer-inner_row pagelayer-row-stretch-auto pagelayer-height-default"" pagelayer-id=""wl6689"">
<style pagelayer-style-id=""wl6689"">.p-wl6689 .pagelayer-col-holder{padding: 10px}
.p-wl6689 > .pagelayer-background-overlay{-webkit-transition: all 400ms !important; transition: all 400ms !important}
.p-wl6689 .pagelayer-svg-top .pagelayer-shape-fill{fill:#227bc3}
.p-wl6689 .pagelayer-row-svg .pagelayer-svg-top{width:100%;height:100px}
.p-wl6689 .pagelayer-svg-bottom .pagelayer-shape-fill{fill:#e44993}
.p-wl6689 .pagelayer-row-svg .pagelayer-svg-bottom{width:100%;height:100px}
</style>
<div class=""pagelayer-row-holder pagelayer-row pagelayer-auto pagelayer-width-auto""><div class=""p-jzl6522 pagelayer-col pagelayer-col-6"" pagelayer-id=""jzl6522"">
<style pagelayer-style-id=""jzl6522"">.p-jzl6522{align-content: center !important}
.p-jzl6522 .pagelayer-col-holder > div:not(:last-child){margin-bottom: 15px}
.p-jzl6522 > .pagelayer-background-overlay{-webkit-transition: all 400ms !important; transition: all 400ms !important}
</style>
<div class=""pagelayer-col-holder""><div class=""p-xsb5673 pagelayer-share_grp pagelayer-share-type-icon-label pagelayer-social-bg-none pagelayer-scheme-official"" pagelayer-id=""xsb5673"">
<style pagelayer-style-id=""xsb5673"">.p-xsb5673{text-align: right}
.p-xsb5673 .pagelayer-share-content{min-height: 35px;-webkit-transition: all 400ms; transition: all 400ms}
.p-xsb5673 i{font-size: 27px}
.p-xsb5673 .pagelayer-icon-holder{font-size: 27px}
.p-xsb5673 .pagelayer-share-content i{-webkit-transition: all 400ms; transition: all 400ms}
.p-xsb5673 .pagelayer-icon-name{font-family: Roboto; font-size: 15px !important; font-style:  !important; font-weight: 500 !important; font-variant:  !important; text-decoration-line:  !important; text-decoration-style:  !important; line-height: em !important; text-transform:  !important; letter-spacing: px !important; word-spacing: px !important}
@media (max-width: 768px) and (min-width: 501px){.p-xsb5673{text-align: left}
.p-xsb5673 .pagelayer-share{padding-top: 10px; padding-bottom: 10px;padding-left: 10px; padding-right: 10px}
.p-xsb5673 i{font-size: 20px}
.p-xsb5673 .pagelayer-icon-holder{font-size: 20px}
.p-xsb5673 .pagelayer-icon-name{font-family: ; font-size: 13px !important; font-style:  !important; font-weight:  !important; font-variant:  !important; text-decoration-line:  !important; text-decoration-style:  !important; line-height: em !important; text-transform:  !important; letter-spacing: px !important; word-spacing: px !important}
}
@media (max-width: 500px){.p-xsb5673{text-align: left}
.p-xsb5673 .pagelayer-share{padding-top: 10px; padding-bottom: 10px;padding-left: 10px; padding-right: 10px}
.p-xsb5673 .pagelayer-share-content{min-height: NaNpx}
.p-xsb5673 i{font-size: 20px}
.p-xsb5673 .pagelayer-icon-holder{font-size: 20px}
.p-xsb5673 .pagelayer-icon-name{font-family: ; font-size: 13px !important; font-style:  !important; font-weight:  !important; font-variant:  !important; text-decoration-line:  !important; text-decoration-style:  !important; line-height: em !important; text-transform:  !important; letter-spacing: px !important; word-spacing: px !important}
}
</style><div class=""p-9mh2934 pagelayer-share"" pagelayer-id=""9mh2934"">
<a class=""pagelayer-ele-link"" href=""https://www.facebook.com/sharer/sharer.php?u=almuftionline.com/2025/01/07/15875/"" target=""_blank"" title=""fab fa-facebook-square"">
<div class=""pagelayer-share-content pagelayer-facebook-square"" data-icon=""fab fa-facebook-square"">
<div class=""pagelayer-icon-holder pagelayer-share-buttons"">
<i class=""pagelayer-social-fa fab fa-facebook-square""></i>
</div>
<div class=""pagelayer-icon-name"">
<span class=""pagelayer-icon-name-span"">Facebook</span>
</div>
</div>
</a></div><div class=""p-rai4926 pagelayer-share"" pagelayer-id=""rai4926"">
<a class=""pagelayer-ele-link"" href=""https://twitter.com/share?url=almuftionline.com/2025/01/07/15875/"" target=""_blank"" title=""fab fa-twitter-square"">
<div class=""pagelayer-share-content pagelayer-twitter-square"" data-icon=""fab fa-twitter-square"">
<div class=""pagelayer-icon-holder pagelayer-share-buttons"">
<i class=""pagelayer-social-fa fab fa-twitter-square""></i>
</div>
<div class=""pagelayer-icon-name"">
<span class=""pagelayer-icon-name-span"">Twitter</span>
</div>
</div>
</a></div><div class=""p-ndy3728 pagelayer-share"" pagelayer-id=""ndy3728"">
<a class=""pagelayer-ele-link"" href=""whatsapp://send?text=almuftionline.com/2025/01/07/15875/"" target=""_blank"" title=""fab fa-whatsapp"">
<div class=""pagelayer-share-content pagelayer-whatsapp"" data-icon=""fab fa-whatsapp"">
<div class=""pagelayer-icon-holder pagelayer-share-buttons"">
<i class=""pagelayer-social-fa fab fa-whatsapp""></i>
</div>
<div class=""pagelayer-icon-name"">
<span class=""pagelayer-icon-name-span"">WhatsApp</span>
</div>
</div>
</a></div></div></div></div></div></div><div class=""p-zqp4850 pagelayer-inner_row pagelayer-row-stretch-auto pagelayer-height-default"" pagelayer-id=""zqp4850"">
<style pagelayer-style-id=""zqp4850"">.p-zqp4850 .pagelayer-col-holder{padding: 10px}
.p-zqp4850 > .pagelayer-background-overlay{-webkit-transition: all 400ms !important; transition: all 400ms !important}
.p-zqp4850 .pagelayer-svg-top .pagelayer-shape-fill{fill:#227bc3}
.p-zqp4850 .pagelayer-row-svg .pagelayer-svg-top{width:100%;height:100px}
.p-zqp4850 .pagelayer-svg-bottom .pagelayer-shape-fill{fill:#e44993}
.p-zqp4850 .pagelayer-row-svg .pagelayer-svg-bottom{width:100%;height:100px}
</style>
<div class=""pagelayer-row-holder pagelayer-row pagelayer-auto pagelayer-width-auto""><div class=""p-q725202 pagelayer-col pagelayer-col-2"" pagelayer-id=""q725202"">
<style pagelayer-style-id=""q725202"">.p-q725202{align-content: center !important}
.p-q725202 .pagelayer-col-holder > div:not(:last-child){margin-bottom: 15px}
.p-q725202 > .pagelayer-background-overlay{-webkit-transition: all 400ms !important; transition: all 400ms !important}
</style>
<div class=""pagelayer-col-holder""><div class=""p-55r4448 pagelayer-post_nav"" pagelayer-id=""55r4448"">
<style pagelayer-style-id=""55r4448"">.p-55r4448 .pagelayer-post-nav-link{color:#adb5bd;font-family:  !important; font-size: 15px !important; font-style:  !important; font-weight:  !important; font-variant:  !important; text-decoration-line:  !important; text-decoration-style:  !important; line-height: em !important; text-transform:  !important; letter-spacing: px !important; word-spacing: px !important}
.p-55r4448 .pagelayer-post-nav-title{color:#000000;font-family:  !important; font-size: 18px !important; font-style:  !important; font-weight: bold !important; font-variant:  !important; text-decoration-line:  !important; text-decoration-style: Solid !important; line-height: em !important; text-transform:  !important; letter-spacing: px !important; word-spacing: px !important}
.p-55r4448 .pagelayer-post-nav-icon{color:#adb5bd;font-size:30px}
.p-55r4448 .pagelayer-post-nav-separator{display:none}
@media (max-width: 768px) and (min-width: 501px){.p-55r4448 .pagelayer-post-nav-link{font-family:  !important; font-size: 12px !important; font-style:  !important; font-weight:  !important; font-variant:  !important; text-decoration-line:  !important; text-decoration-style: Solid !important; line-height: em !important; text-transform:  !important; letter-spacing: px !important; word-spacing: px !important}
.p-55r4448 .pagelayer-post-nav-title{font-family:  !important; font-size: 15px !important; font-style:  !important; font-weight:  !important; font-variant:  !important; text-decoration-line:  !important; text-decoration-style: Solid !important; line-height: em !important; text-transform:  !important; letter-spacing: px !important; word-spacing: px !important}
}
@media (max-width: 500px){.p-55r4448 .pagelayer-post-nav-link{font-family:  !important; font-size: 12px !important; font-style:  !important; font-weight:  !important; font-variant:  !important; text-decoration-line:  !important; text-decoration-style: Solid !important; line-height: em !important; text-transform:  !important; letter-spacing: px !important; word-spacing: px !important}
.p-55r4448 .pagelayer-post-nav-title{font-family:  !important; font-size: 12px !important; font-style:  !important; font-weight:  !important; font-variant:  !important; text-decoration-line:  !important; text-decoration-style: Solid !important; line-height: em !important; text-transform:  !important; letter-spacing: px !important; word-spacing: px !important}
}
</style><div class=""pagelayer-post-nav-container"">
<div class=""pagelayer-prev-post"">
<a href=""https://almuftionline.com/2025/01/07/15477/"" rel=""prev""><span class=""pagelayer-post-nav-icon fa fa-chevron-left""></span>
<span class=""pagelayer-next-holder"">
<span class=""pagelayer-post-nav-link""> Previous</span><span class=""pagelayer-post-nav-title"">Use of. Gas compressor. Machine گیس کمپریسر کے استعمال کا حکم</span>
</span></a>
</div>
<div class=""pagelayer-post-nav-separator""></div>
<div class=""pagelayer-next-post"">
<a href=""https://almuftionline.com/2025/01/07/15610/"" rel=""next""><span class=""pagelayer-next-holder"">
<span class=""pagelayer-post-nav-link""> Next</span><span class=""pagelayer-post-nav-title"">ولی کی اجازت کے بغیرخفیہ طور پر نکاح کا حکم</span>
</span>
<span class=""pagelayer-post-nav-icon fa fa-chevron-right""></span></a>
</div>
</div></div></div></div></div></div></div>"
2025-01-07,https://almuftionline.com/2025/01/07/15477/,Use of. Gas compressor. Machine گیس کمپریسر کے استعمال کا حکم,"<p>ہماری بلڈنگ کی گیس کی لائن ہے جس سے قریب کی کسی بلڈنگ کا کوئ تعلق نہیں ہے اور ہماری بلڈنگ کے سب گھر والوں نے<span dir=""LTR""> GAS COMPRESSOR MACHINE </span>لگوا لی ہے، جس کی وجہ سے ہمارے گھر میں گیس اتنی کم آتی ہے جس میں چا ئےبھی نہیں بنتی  اور صرف صبح کے وقت اتنی گیس ہوتی ہے کہ مشکل سے چائےبن سکے، تو کیا ایسی صورت میں ہمارے لیے بھی<span dir=""LTR""> GAS COMPRESSOR MACHINE </span>لگوانا جائز ہوگا ؟کیونکہ ہمارا سلنڈر کی گیس کی مد میں ماہانہ 4 ہزار تک خرچہ آجاتاہے اور بلڈنگ میں کسی کو بھی سمجھانے پر وہ لوگ بجائے سمجھنے کہ الٹا انکار ہی کر دیتے ہیں کہ ہم نے تو نہیں لگوائی ہوئی، جیسے لوگ کنڈے کا انکار کرتے ہیں ،تو کیا ایسی صورت مسئلہ میں ہمارے لیے مشین لگوانا جائز ہوگی اپنا حق لینے کے لیے ؟</p>","<h4 class=""has-text-align-center"">اَلجَوَابْ بِاسْمِ مُلْہِمِ الصَّوَابْ

</h4><p>شریعت مطہرہ نے دوسروں کی ایذا رسانی سے جہاں تک ممکن ہو بچنے کا حکم فرمایا ہے۔البتہ صورت مسئولہ میں چونکہ سائل کی بنیادی ضرورت(مثلا کھانا پکانا) متاثر ہو رہی ہے ،لہذا مذکورہ مشین کا  بقدر ضرورت  استعمال کراہت کے ساتھ  درست ہوگا۔(ماخوذ از تبویب جامعۃ الرشید<span dir=""LTR"">77398</span>)</p><h6 class=""has-text-align-right"">حوالہ جات</h6><div style=""direction: rtl;font-family: Amiri;
    
     font-size: 13px; font-weight: 400;""><p><strong>المبسوط لشمس الدين السرخسي - (ج 17 / ص 346)</strong></p>
<p>والمسلمون جميعا شركاء في الفرات وفي كل نهرعظيم أو واد يستقون منه ويسقون منه......فکمالایمنع من التطرق في الطريق العام فكذلك لا يمنعه من الانتفاع بهذا النهرالعظيم وهذا لان الماء في هذه الانهار على أصل الاباحة ليس لاحد فيه حق على الخصوص ... وان أراد رجل ان يكرى منه نهرا في أرضه فان كان ذلك يضر بالنهر الاعظم لم يكن له ذلك وان كان لا يضر به فله ذلك<span dir=""LTR"">.</span></p>
<p><strong>تبيين الحقائق شرح كنز الدقائق - (ج 16 / ص 476)</strong></p>
<p>وشرط لجواز الانتفاع به أن لا يضر بالعامة فإن كان يضر بالعامة بأن يميله بالكري أو</p>
<p>نصب الرحى فليس له ذلك ؛ لأن الانتفاع بالمباح لا يجوز إلا إذا كان لا يضر بأحد<span dir=""LTR"">.</span></p>
</div><p>   حمادالدین قریشی<span dir=""LTR"">  </span></p><p><span dir=""LTR""> </span>دارالافتاءجامعۃ الرشید، کراچی</p><p><span dir=""LTR"">06</span>/رجب/<span dir=""LTR"">1446</span>ھ</p><h6 class=""has-text-align-center"">
واللہ سبحانہ وتعالی اعلم
</h6><figure class=""wp-block-table""><table><tbody><tr><td><h3>مجیب</h3></td><td>حماد الدین قریشی بن فہیم الدین قریشی </td><td><h3>مفتیان</h3></td><td>سیّد عابد شاہ صاحب / محمد حسین خلیل خیل صاحب</td></tr></tbody></table></figure>",86263,jameya-tur-rasheed,جائز و ناجائزامور کا بیان,جائز و ناجائز کے متفرق مسائل,"<div class=""pagelayer-col-holder""><div class=""p-kgd1425 pagelayer-post_excerpt"" pagelayer-id=""kgd1425"">
<style pagelayer-style-id=""kgd1425"">.p-kgd1425 .pagelayer-post-excerpt{color:#adb5bd;font-family: ; font-size: 15px !important; font-style: Italic !important; font-weight: 500 !important; font-variant:  !important; text-decoration-line:  !important; text-decoration-style:  !important; line-height: 1.5em !important; text-transform:  !important; letter-spacing: px !important; word-spacing: px !important;margin-top:0px; margin-right:0px; margin-bottom:0px; margin-left:0px}
.p-kgd1425{text-align: left;margin-top: 0px; margin-right: 0px; margin-bottom: 0px; margin-left: 0px;padding-top: 0px; padding-right: 0px; padding-bottom: 0px; padding-left: 0px}
</style></div><div class=""p-4wb1030 pagelayer-featured_img"" pagelayer-id=""4wb1030"">
<style pagelayer-style-id=""4wb1030"">.p-4wb1030{text-align: center}
.p-4wb1030 img{filter: blur(0px) brightness(100%) contrast(100%) grayscale(0%) hue-rotate(0deg) opacity(100%) saturate(100%);box-shadow: 0px 24px 36px 0px rgba(0,0,0,0.10)  !important;-webkit-transition: all 400ms; transition: all 400ms}
.p-4wb1030 .pagelayer-featured-caption{color: #0986c0}
</style>
<div class=""pagelayer-featured-img""></div>
</div><div class=""p-f8n3612 pagelayer-inner_row pagelayer-row-stretch-auto pagelayer-height-default"" pagelayer-id=""f8n3612"">
<style pagelayer-style-id=""f8n3612"">.p-f8n3612 .pagelayer-col-holder{padding: 10px}
.p-f8n3612 > .pagelayer-background-overlay{-webkit-transition: all 400ms !important; transition: all 400ms !important}
.p-f8n3612 .pagelayer-svg-top .pagelayer-shape-fill{fill:#227bc3}
.p-f8n3612 .pagelayer-row-svg .pagelayer-svg-top{width:100%;height:100px}
.p-f8n3612 .pagelayer-svg-bottom .pagelayer-shape-fill{fill:#e44993}
.p-f8n3612 .pagelayer-row-svg .pagelayer-svg-bottom{width:100%;height:100px}
</style>
<div class=""pagelayer-row-holder pagelayer-row pagelayer-auto pagelayer-width-auto""><div class=""p-i795860 pagelayer-col pagelayer-col-4"" pagelayer-id=""i795860"">
<style pagelayer-style-id=""i795860"">.p-i795860{align-content: center !important}
.p-i795860 .pagelayer-col-holder > div:not(:last-child){margin-bottom: 15px}
.p-i795860 > .pagelayer-background-overlay{-webkit-transition: all 400ms !important; transition: all 400ms !important}
</style>
<div class=""pagelayer-col-holder""><div class=""p-qip3968 pagelayer-post_info"" pagelayer-id=""qip3968"">
<style pagelayer-style-id=""qip3968"">.p-qip3968 .pagelayer-post-info-vertical .pagelayer-post-info-list-container{margin-right:25px}
.p-qip3968 .pagelayer-post-info-horizontal .pagelayer-post-info-list-container{margin-bottom:25px}
.p-qip3968 .pagelayer-post-info-container{text-align:right}
.p-qip3968 .pagelayer-post-info-icon span{font-size:120%;color:#495057}
.p-qip3968 .pagelayer-post-info-list-container a{font-family: Roboto !important; font-size: 14px !important; font-style:  !important; font-weight: 500 !important; font-variant:  !important; text-decoration-line:  !important; text-decoration-style:  !important; line-height: 1.6em !important; text-transform:  !important; letter-spacing: px !important; word-spacing: px !important}
.p-qip3968 .pagelayer-post-info-label{color:#495057}
.p-qip3968 .pagelayer-post-info-label a{color:#495057}
.p-qip3968 .pagelayer-post-info-label:hover{color:#000000}
.p-qip3968 .pagelayer-post-info-label:hover a{color:#000000}
</style><div class=""pagelayer-post-info-container pagelayer-post-info-vertical""><div class=""p-xj43574 pagelayer-post_info_list"" pagelayer-id=""xj43574"">
<div class=""pagelayer-post-info-list-container"">
<a class=""pagelayer-post-info-list-link"" href=""https://almuftionline.com/2025/01/07/"">
<span class=""pagelayer-post-info-icon"">
<span class=""far fa-clock""></span>
</span>
<span class=""pagelayer-post-info-label pagelayer-date"">جنوری 7, 2025</span>
</a>
</div></div></div></div></div></div><div class=""p-t2j1983 pagelayer-col pagelayer-col-7"" pagelayer-id=""t2j1983"">
<style pagelayer-style-id=""t2j1983"">.p-t2j1983{align-content: center !important}
.p-t2j1983 .pagelayer-col-holder > div:not(:last-child){margin-bottom: 15px}
.p-t2j1983 > .pagelayer-background-overlay{-webkit-transition: all 400ms !important; transition: all 400ms !important}
</style>
<div class=""pagelayer-col-holder""><div class=""p-dbq3916 pagelayer-post_info"" pagelayer-id=""dbq3916"">
<style pagelayer-style-id=""dbq3916"">.p-dbq3916 .pagelayer-post-info-container{text-align:right}
.p-dbq3916 .pagelayer-post-info-icon span{font-size:120%;color:#495057}
.p-dbq3916 .pagelayer-post-info-list-container a{font-family: Roboto !important; font-size: 14px !important; font-style:  !important; font-weight: 500 !important; font-variant:  !important; text-decoration-line:  !important; text-decoration-style:  !important; line-height: 1.6em !important; text-transform:  !important; letter-spacing: px !important; word-spacing: px !important}
.p-dbq3916 .pagelayer-post-info-label{color:#0072ff}
.p-dbq3916 .pagelayer-post-info-label a{color:#0072ff}
.p-dbq3916 .pagelayer-terms *{color:#f8952c !important;padding-top:5px; padding-right:10px; padding-bottom:5px; padding-left:10px;margin-top:0px; margin-right:5px; margin-bottom:0px; margin-left:5px;border-radius: 4px 4px 4px 4px; -webkit-border-radius:  4px 4px 4px 4px;-moz-border-radius: 4px 4px 4px 4px}
.p-dbq3916{padding-top: 0px; padding-right: 0px; padding-bottom: 0px; padding-left: 0px}
@media (max-width: 768px) and (min-width: 501px){.p-dbq3916 .pagelayer-post-info-container{text-align:left}
}
@media (max-width: 500px){.p-dbq3916 .pagelayer-post-info-container{text-align:left}
}
</style><div class=""pagelayer-post-info-container pagelayer-post-info-vertical""><div class=""p-wpv7212 pagelayer-post_info_list"" pagelayer-id=""wpv7212"">
<div class=""pagelayer-post-info-list-container"">
<span class=""pagelayer-post-info-icon"">
</span>
<span class=""pagelayer-post-info-label pagelayer-terms""> <a href=""https://almuftionline.com/category/fatwa/54/""> جائز و ناجائزامور کا بیان </a></span>
</div></div></div></div></div></div></div></div><div class=""p-trw3096 pagelayer-inner_row pagelayer-row-stretch-auto pagelayer-height-default"" pagelayer-id=""trw3096"">
<style pagelayer-style-id=""trw3096"">.p-trw3096 .pagelayer-col-holder{padding: 10px}
.p-trw3096 > .pagelayer-background-overlay{-webkit-transition: all 400ms !important; transition: all 400ms !important}
.p-trw3096 .pagelayer-svg-top .pagelayer-shape-fill{fill:#227bc3}
.p-trw3096 .pagelayer-row-svg .pagelayer-svg-top{width:100%;height:100px}
.p-trw3096 .pagelayer-svg-bottom .pagelayer-shape-fill{fill:#e44993}
.p-trw3096 .pagelayer-row-svg .pagelayer-svg-bottom{width:100%;height:100px}
</style>
<div class=""pagelayer-row-holder pagelayer-row pagelayer-auto pagelayer-width-auto""><div class=""p-wwu6541 pagelayer-col pagelayer-col-2"" pagelayer-id=""wwu6541"">
<style pagelayer-style-id=""wwu6541"">.p-wwu6541{align-content: center !important}
.p-wwu6541 .pagelayer-col-holder > div:not(:last-child){margin-bottom: 15px}
.p-wwu6541 > .pagelayer-background-overlay{-webkit-transition: all 400ms !important; transition: all 400ms !important}
</style>
<div class=""pagelayer-col-holder""><div class=""p-ccj4284 pagelayer-post_content"" pagelayer-id=""ccj4284"">
<style pagelayer-style-id=""ccj4284"">.p-ccj4284{text-align: right}
</style><div class=""entry-content pagelayer-post-excerpt""><figure class=""wp-block-table""><table><tbody><tr><td>86263</td><td>جائز و ناجائزامور کا بیان</td><td>جائز و ناجائز کے متفرق مسائل </td></tr></tbody></table></figure><div style=""direction:rtl;line-height: 2.5;""><h3 class=""has-text-align-center"">سوال</h3><p>ہماری بلڈنگ کی گیس کی لائن ہے جس سے قریب کی کسی بلڈنگ کا کوئ تعلق نہیں ہے اور ہماری بلڈنگ کے سب گھر والوں نے<span dir=""LTR""> GAS COMPRESSOR MACHINE </span>لگوا لی ہے، جس کی وجہ سے ہمارے گھر میں گیس اتنی کم آتی ہے جس میں چا ئےبھی نہیں بنتی  اور صرف صبح کے وقت اتنی گیس ہوتی ہے کہ مشکل سے چائےبن سکے، تو کیا ایسی صورت میں ہمارے لیے بھی<span dir=""LTR""> GAS COMPRESSOR MACHINE </span>لگوانا جائز ہوگا ؟کیونکہ ہمارا سلنڈر کی گیس کی مد میں ماہانہ 4 ہزار تک خرچہ آجاتاہے اور بلڈنگ میں کسی کو بھی سمجھانے پر وہ لوگ بجائے سمجھنے کہ الٹا انکار ہی کر دیتے ہیں کہ ہم نے تو نہیں لگوائی ہوئی، جیسے لوگ کنڈے کا انکار کرتے ہیں ،تو کیا ایسی صورت مسئلہ میں ہمارے لیے مشین لگوانا جائز ہوگی اپنا حق لینے کے لیے ؟</p>
<h4 class=""has-text-align-center"">اَلجَوَابْ بِاسْمِ مُلْہِمِ الصَّوَابْ

</h4><p>شریعت مطہرہ نے دوسروں کی ایذا رسانی سے جہاں تک ممکن ہو بچنے کا حکم فرمایا ہے۔البتہ صورت مسئولہ میں چونکہ سائل کی بنیادی ضرورت(مثلا کھانا پکانا) متاثر ہو رہی ہے ،لہذا مذکورہ مشین کا  بقدر ضرورت  استعمال کراہت کے ساتھ  درست ہوگا۔(ماخوذ از تبویب جامعۃ الرشید<span dir=""LTR"">77398</span>)</p>
</div><h6 class=""has-text-align-right"">حوالہ جات</h6><div style=""direction: rtl;font-family: Amiri;
    
     font-size: 13px; font-weight: 400;""><p><strong>المبسوط لشمس الدين السرخسي - (ج 17 / ص 346)</strong></p>
<p>والمسلمون جميعا شركاء في الفرات وفي كل نهرعظيم أو واد يستقون منه ويسقون منه......فکمالایمنع من التطرق في الطريق العام فكذلك لا يمنعه من الانتفاع بهذا النهرالعظيم وهذا لان الماء في هذه الانهار على أصل الاباحة ليس لاحد فيه حق على الخصوص ... وان أراد رجل ان يكرى منه نهرا في أرضه فان كان ذلك يضر بالنهر الاعظم لم يكن له ذلك وان كان لا يضر به فله ذلك<span dir=""LTR"">.</span></p>
<p><strong>تبيين الحقائق شرح كنز الدقائق - (ج 16 / ص 476)</strong></p>
<p>وشرط لجواز الانتفاع به أن لا يضر بالعامة فإن كان يضر بالعامة بأن يميله بالكري أو</p>
<p>نصب الرحى فليس له ذلك ؛ لأن الانتفاع بالمباح لا يجوز إلا إذا كان لا يضر بأحد<span dir=""LTR"">.</span></p>
</div><p>   حمادالدین قریشی<span dir=""LTR"">  </span></p>
<p><span dir=""LTR""> </span>دارالافتاءجامعۃ الرشید، کراچی</p>
<p><span dir=""LTR"">06</span>/رجب/<span dir=""LTR"">1446</span>ھ</p>
<h6 class=""has-text-align-center"">
واللہ سبحانہ وتعالی اعلم
</h6><figure class=""wp-block-table""><table><tbody><tr><td><h3>مجیب</h3></td><td>حماد الدین قریشی بن فہیم الدین قریشی </td><td><h3>مفتیان</h3></td><td>سیّد عابد شاہ صاحب / محمد حسین خلیل خیل صاحب</td></tr></tbody></table></figure></div></div></div></div></div></div><div class=""p-wl6689 pagelayer-inner_row pagelayer-row-stretch-auto pagelayer-height-default"" pagelayer-id=""wl6689"">
<style pagelayer-style-id=""wl6689"">.p-wl6689 .pagelayer-col-holder{padding: 10px}
.p-wl6689 > .pagelayer-background-overlay{-webkit-transition: all 400ms !important; transition: all 400ms !important}
.p-wl6689 .pagelayer-svg-top .pagelayer-shape-fill{fill:#227bc3}
.p-wl6689 .pagelayer-row-svg .pagelayer-svg-top{width:100%;height:100px}
.p-wl6689 .pagelayer-svg-bottom .pagelayer-shape-fill{fill:#e44993}
.p-wl6689 .pagelayer-row-svg .pagelayer-svg-bottom{width:100%;height:100px}
</style>
<div class=""pagelayer-row-holder pagelayer-row pagelayer-auto pagelayer-width-auto""><div class=""p-jzl6522 pagelayer-col pagelayer-col-6"" pagelayer-id=""jzl6522"">
<style pagelayer-style-id=""jzl6522"">.p-jzl6522{align-content: center !important}
.p-jzl6522 .pagelayer-col-holder > div:not(:last-child){margin-bottom: 15px}
.p-jzl6522 > .pagelayer-background-overlay{-webkit-transition: all 400ms !important; transition: all 400ms !important}
</style>
<div class=""pagelayer-col-holder""><div class=""p-xsb5673 pagelayer-share_grp pagelayer-share-type-icon-label pagelayer-social-bg-none pagelayer-scheme-official"" pagelayer-id=""xsb5673"">
<style pagelayer-style-id=""xsb5673"">.p-xsb5673{text-align: right}
.p-xsb5673 .pagelayer-share-content{min-height: 35px;-webkit-transition: all 400ms; transition: all 400ms}
.p-xsb5673 i{font-size: 27px}
.p-xsb5673 .pagelayer-icon-holder{font-size: 27px}
.p-xsb5673 .pagelayer-share-content i{-webkit-transition: all 400ms; transition: all 400ms}
.p-xsb5673 .pagelayer-icon-name{font-family: Roboto; font-size: 15px !important; font-style:  !important; font-weight: 500 !important; font-variant:  !important; text-decoration-line:  !important; text-decoration-style:  !important; line-height: em !important; text-transform:  !important; letter-spacing: px !important; word-spacing: px !important}
@media (max-width: 768px) and (min-width: 501px){.p-xsb5673{text-align: left}
.p-xsb5673 .pagelayer-share{padding-top: 10px; padding-bottom: 10px;padding-left: 10px; padding-right: 10px}
.p-xsb5673 i{font-size: 20px}
.p-xsb5673 .pagelayer-icon-holder{font-size: 20px}
.p-xsb5673 .pagelayer-icon-name{font-family: ; font-size: 13px !important; font-style:  !important; font-weight:  !important; font-variant:  !important; text-decoration-line:  !important; text-decoration-style:  !important; line-height: em !important; text-transform:  !important; letter-spacing: px !important; word-spacing: px !important}
}
@media (max-width: 500px){.p-xsb5673{text-align: left}
.p-xsb5673 .pagelayer-share{padding-top: 10px; padding-bottom: 10px;padding-left: 10px; padding-right: 10px}
.p-xsb5673 .pagelayer-share-content{min-height: NaNpx}
.p-xsb5673 i{font-size: 20px}
.p-xsb5673 .pagelayer-icon-holder{font-size: 20px}
.p-xsb5673 .pagelayer-icon-name{font-family: ; font-size: 13px !important; font-style:  !important; font-weight:  !important; font-variant:  !important; text-decoration-line:  !important; text-decoration-style:  !important; line-height: em !important; text-transform:  !important; letter-spacing: px !important; word-spacing: px !important}
}
</style><div class=""p-9mh2934 pagelayer-share"" pagelayer-id=""9mh2934"">
<a class=""pagelayer-ele-link"" href=""https://www.facebook.com/sharer/sharer.php?u=almuftionline.com/2025/01/07/15477/"" target=""_blank"" title=""fab fa-facebook-square"">
<div class=""pagelayer-share-content pagelayer-facebook-square"" data-icon=""fab fa-facebook-square"">
<div class=""pagelayer-icon-holder pagelayer-share-buttons"">
<i class=""pagelayer-social-fa fab fa-facebook-square""></i>
</div>
<div class=""pagelayer-icon-name"">
<span class=""pagelayer-icon-name-span"">Facebook</span>
</div>
</div>
</a></div><div class=""p-rai4926 pagelayer-share"" pagelayer-id=""rai4926"">
<a class=""pagelayer-ele-link"" href=""https://twitter.com/share?url=almuftionline.com/2025/01/07/15477/"" target=""_blank"" title=""fab fa-twitter-square"">
<div class=""pagelayer-share-content pagelayer-twitter-square"" data-icon=""fab fa-twitter-square"">
<div class=""pagelayer-icon-holder pagelayer-share-buttons"">
<i class=""pagelayer-social-fa fab fa-twitter-square""></i>
</div>
<div class=""pagelayer-icon-name"">
<span class=""pagelayer-icon-name-span"">Twitter</span>
</div>
</div>
</a></div><div class=""p-ndy3728 pagelayer-share"" pagelayer-id=""ndy3728"">
<a class=""pagelayer-ele-link"" href=""whatsapp://send?text=almuftionline.com/2025/01/07/15477/"" target=""_blank"" title=""fab fa-whatsapp"">
<div class=""pagelayer-share-content pagelayer-whatsapp"" data-icon=""fab fa-whatsapp"">
<div class=""pagelayer-icon-holder pagelayer-share-buttons"">
<i class=""pagelayer-social-fa fab fa-whatsapp""></i>
</div>
<div class=""pagelayer-icon-name"">
<span class=""pagelayer-icon-name-span"">WhatsApp</span>
</div>
</div>
</a></div></div></div></div></div></div><div class=""p-zqp4850 pagelayer-inner_row pagelayer-row-stretch-auto pagelayer-height-default"" pagelayer-id=""zqp4850"">
<style pagelayer-style-id=""zqp4850"">.p-zqp4850 .pagelayer-col-holder{padding: 10px}
.p-zqp4850 > .pagelayer-background-overlay{-webkit-transition: all 400ms !important; transition: all 400ms !important}
.p-zqp4850 .pagelayer-svg-top .pagelayer-shape-fill{fill:#227bc3}
.p-zqp4850 .pagelayer-row-svg .pagelayer-svg-top{width:100%;height:100px}
.p-zqp4850 .pagelayer-svg-bottom .pagelayer-shape-fill{fill:#e44993}
.p-zqp4850 .pagelayer-row-svg .pagelayer-svg-bottom{width:100%;height:100px}
</style>
<div class=""pagelayer-row-holder pagelayer-row pagelayer-auto pagelayer-width-auto""><div class=""p-q725202 pagelayer-col pagelayer-col-2"" pagelayer-id=""q725202"">
<style pagelayer-style-id=""q725202"">.p-q725202{align-content: center !important}
.p-q725202 .pagelayer-col-holder > div:not(:last-child){margin-bottom: 15px}
.p-q725202 > .pagelayer-background-overlay{-webkit-transition: all 400ms !important; transition: all 400ms !important}
</style>
<div class=""pagelayer-col-holder""><div class=""p-55r4448 pagelayer-post_nav"" pagelayer-id=""55r4448"">
<style pagelayer-style-id=""55r4448"">.p-55r4448 .pagelayer-post-nav-link{color:#adb5bd;font-family:  !important; font-size: 15px !important; font-style:  !important; font-weight:  !important; font-variant:  !important; text-decoration-line:  !important; text-decoration-style:  !important; line-height: em !important; text-transform:  !important; letter-spacing: px !important; word-spacing: px !important}
.p-55r4448 .pagelayer-post-nav-title{color:#000000;font-family:  !important; font-size: 18px !important; font-style:  !important; font-weight: bold !important; font-variant:  !important; text-decoration-line:  !important; text-decoration-style: Solid !important; line-height: em !important; text-transform:  !important; letter-spacing: px !important; word-spacing: px !important}
.p-55r4448 .pagelayer-post-nav-icon{color:#adb5bd;font-size:30px}
.p-55r4448 .pagelayer-post-nav-separator{display:none}
@media (max-width: 768px) and (min-width: 501px){.p-55r4448 .pagelayer-post-nav-link{font-family:  !important; font-size: 12px !important; font-style:  !important; font-weight:  !important; font-variant:  !important; text-decoration-line:  !important; text-decoration-style: Solid !important; line-height: em !important; text-transform:  !important; letter-spacing: px !important; word-spacing: px !important}
.p-55r4448 .pagelayer-post-nav-title{font-family:  !important; font-size: 15px !important; font-style:  !important; font-weight:  !important; font-variant:  !important; text-decoration-line:  !important; text-decoration-style: Solid !important; line-height: em !important; text-transform:  !important; letter-spacing: px !important; word-spacing: px !important}
}
@media (max-width: 500px){.p-55r4448 .pagelayer-post-nav-link{font-family:  !important; font-size: 12px !important; font-style:  !important; font-weight:  !important; font-variant:  !important; text-decoration-line:  !important; text-decoration-style: Solid !important; line-height: em !important; text-transform:  !important; letter-spacing: px !important; word-spacing: px !important}
.p-55r4448 .pagelayer-post-nav-title{font-family:  !important; font-size: 12px !important; font-style:  !important; font-weight:  !important; font-variant:  !important; text-decoration-line:  !important; text-decoration-style: Solid !important; line-height: em !important; text-transform:  !important; letter-spacing: px !important; word-spacing: px !important}
}
</style><div class=""pagelayer-post-nav-container"">
<div class=""pagelayer-prev-post"">
<a href=""https://almuftionline.com/2025/01/07/15855/"" rel=""prev""><span class=""pagelayer-post-nav-icon fa fa-chevron-left""></span>
<span class=""pagelayer-next-holder"">
<span class=""pagelayer-post-nav-link""> Previous</span><span class=""pagelayer-post-nav-title"">مردار کو آبادی سے دور  پھینکنےپر اجرت لینے کا حکم</span>
</span></a>
</div>
<div class=""pagelayer-post-nav-separator""></div>
<div class=""pagelayer-next-post"">
<a href=""https://almuftionline.com/2025/01/07/15875/"" rel=""next""><span class=""pagelayer-next-holder"">
<span class=""pagelayer-post-nav-link""> Next</span><span class=""pagelayer-post-nav-title"">سنتوں کے بعد اجتماعی دعا کر نا</span>
</span>
<span class=""pagelayer-post-nav-icon fa fa-chevron-right""></span></a>
</div>
</div></div></div></div></div></div></div>"
2025-01-07,https://almuftionline.com/2025/01/07/15855/,مردار کو آبادی سے دور  پھینکنےپر اجرت لینے کا حکم,<p>مردار جانور کو آبادی سے دورپھینکنےپر اجرت لینا جائز ہے کہ نہیں ؟ نیز مردار جانور کی کھال اتارنے پر اجرت لینے کا حکم بھی بیان کریں ؟</p>,"<h4 class=""has-text-align-center"">اَلجَوَابْ بِاسْمِ مُلْہِمِ الصَّوَابْ

</h4><p>مردار جانورکوآبادی سےدور پھینکنااوراس کی کھال اتارنادونوں جائز کام ہیں،شرعا اس پراجرت لینےکی ممانعت نہیں ۔</p><h6 class=""has-text-align-right"">حوالہ جات</h6><div style=""direction: rtl;font-family: Amiri;
    
     font-size: 13px; font-weight: 400;""><p>وفي الهندية :فهي عقد على المنافع بعوض، كذا في الهدايہ(الفتاوي الهنديه :٤/٤٠٩) </p>
<p>أن الإجارة عقد على المنفعة بعوض (المبسوط للسرخسي : ۱۵ْ/۷۴)<br/>
(مرقاة المفاتيح شرح مشكاة المصابيح :2/ 465)<br/>
وعن عبد الله بن عباس رضي الله عنهما، قال: سمعت رسول الله صلى الله عليه وسلم يقول: "" إذا دبغ الإهاب ‌فقد ‌طهر. <br/>
قال الأشرف في حديث ابن عباس في الإهاب: وفي حديث سودة دليل على أن الجلد يطهر ظاهره وباطنه بالدباغ حتى جوز استعماله في الأشياء الرطبة، وتجوز الصلاة فيه. (رواه مسلم) قال ابن الهمام: وفيه أي في الباب حديث أخرجه الدارقطني عن عائشة قالت: قال رسول الله صلى الله عليه وسلم: "" استمتعوا بجلود الميتة إذا هي دبغت، ترابا كان أو رمادا أو ملحا أو ما كان بعد أن يظهر صلاحه""، يعني: إذا جف وخرج منه النتن والفساد.<br/>
(ومنها) الدباغ للجلود النجسة، فالدباغ تطهير للجلود كلها إلا جلد الإنسان والخنزير، كذا ذكر الكرخي.(بدائع الصنائع  :1\85) </p>
</div><p>عبدالوحیدبن طاہر<br/>
دارالافتاءجامعہ الرشید  ،کراچی<br/>
۲۹جمادی الثانیہ ۱۴۴۶ھ</p><h6 class=""has-text-align-center"">
واللہ سبحانہ وتعالی اعلم
</h6><figure class=""wp-block-table""><table><tbody><tr><td><h3>مجیب</h3></td><td>عبدالوحید بن محمد طاہر </td><td><h3>مفتیان</h3></td><td> فیصل احمد صاحب / شہبازعلی صاحب</td></tr></tbody></table></figure>",86115,jameya-tur-rasheed,اجارہ یعنی کرایہ داری اور ملازمت کے احکام و مسائل,کرایہ داری کے متفرق احکام,"<div class=""pagelayer-col-holder""><div class=""p-kgd1425 pagelayer-post_excerpt"" pagelayer-id=""kgd1425"">
<style pagelayer-style-id=""kgd1425"">.p-kgd1425 .pagelayer-post-excerpt{color:#adb5bd;font-family: ; font-size: 15px !important; font-style: Italic !important; font-weight: 500 !important; font-variant:  !important; text-decoration-line:  !important; text-decoration-style:  !important; line-height: 1.5em !important; text-transform:  !important; letter-spacing: px !important; word-spacing: px !important;margin-top:0px; margin-right:0px; margin-bottom:0px; margin-left:0px}
.p-kgd1425{text-align: left;margin-top: 0px; margin-right: 0px; margin-bottom: 0px; margin-left: 0px;padding-top: 0px; padding-right: 0px; padding-bottom: 0px; padding-left: 0px}
</style></div><div class=""p-4wb1030 pagelayer-featured_img"" pagelayer-id=""4wb1030"">
<style pagelayer-style-id=""4wb1030"">.p-4wb1030{text-align: center}
.p-4wb1030 img{filter: blur(0px) brightness(100%) contrast(100%) grayscale(0%) hue-rotate(0deg) opacity(100%) saturate(100%);box-shadow: 0px 24px 36px 0px rgba(0,0,0,0.10)  !important;-webkit-transition: all 400ms; transition: all 400ms}
.p-4wb1030 .pagelayer-featured-caption{color: #0986c0}
</style>
<div class=""pagelayer-featured-img""></div>
</div><div class=""p-f8n3612 pagelayer-inner_row pagelayer-row-stretch-auto pagelayer-height-default"" pagelayer-id=""f8n3612"">
<style pagelayer-style-id=""f8n3612"">.p-f8n3612 .pagelayer-col-holder{padding: 10px}
.p-f8n3612 > .pagelayer-background-overlay{-webkit-transition: all 400ms !important; transition: all 400ms !important}
.p-f8n3612 .pagelayer-svg-top .pagelayer-shape-fill{fill:#227bc3}
.p-f8n3612 .pagelayer-row-svg .pagelayer-svg-top{width:100%;height:100px}
.p-f8n3612 .pagelayer-svg-bottom .pagelayer-shape-fill{fill:#e44993}
.p-f8n3612 .pagelayer-row-svg .pagelayer-svg-bottom{width:100%;height:100px}
</style>
<div class=""pagelayer-row-holder pagelayer-row pagelayer-auto pagelayer-width-auto""><div class=""p-i795860 pagelayer-col pagelayer-col-4"" pagelayer-id=""i795860"">
<style pagelayer-style-id=""i795860"">.p-i795860{align-content: center !important}
.p-i795860 .pagelayer-col-holder > div:not(:last-child){margin-bottom: 15px}
.p-i795860 > .pagelayer-background-overlay{-webkit-transition: all 400ms !important; transition: all 400ms !important}
</style>
<div class=""pagelayer-col-holder""><div class=""p-qip3968 pagelayer-post_info"" pagelayer-id=""qip3968"">
<style pagelayer-style-id=""qip3968"">.p-qip3968 .pagelayer-post-info-vertical .pagelayer-post-info-list-container{margin-right:25px}
.p-qip3968 .pagelayer-post-info-horizontal .pagelayer-post-info-list-container{margin-bottom:25px}
.p-qip3968 .pagelayer-post-info-container{text-align:right}
.p-qip3968 .pagelayer-post-info-icon span{font-size:120%;color:#495057}
.p-qip3968 .pagelayer-post-info-list-container a{font-family: Roboto !important; font-size: 14px !important; font-style:  !important; font-weight: 500 !important; font-variant:  !important; text-decoration-line:  !important; text-decoration-style:  !important; line-height: 1.6em !important; text-transform:  !important; letter-spacing: px !important; word-spacing: px !important}
.p-qip3968 .pagelayer-post-info-label{color:#495057}
.p-qip3968 .pagelayer-post-info-label a{color:#495057}
.p-qip3968 .pagelayer-post-info-label:hover{color:#000000}
.p-qip3968 .pagelayer-post-info-label:hover a{color:#000000}
</style><div class=""pagelayer-post-info-container pagelayer-post-info-vertical""><div class=""p-xj43574 pagelayer-post_info_list"" pagelayer-id=""xj43574"">
<div class=""pagelayer-post-info-list-container"">
<a class=""pagelayer-post-info-list-link"" href=""https://almuftionline.com/2025/01/07/"">
<span class=""pagelayer-post-info-icon"">
<span class=""far fa-clock""></span>
</span>
<span class=""pagelayer-post-info-label pagelayer-date"">جنوری 7, 2025</span>
</a>
</div></div></div></div></div></div><div class=""p-t2j1983 pagelayer-col pagelayer-col-7"" pagelayer-id=""t2j1983"">
<style pagelayer-style-id=""t2j1983"">.p-t2j1983{align-content: center !important}
.p-t2j1983 .pagelayer-col-holder > div:not(:last-child){margin-bottom: 15px}
.p-t2j1983 > .pagelayer-background-overlay{-webkit-transition: all 400ms !important; transition: all 400ms !important}
</style>
<div class=""pagelayer-col-holder""><div class=""p-dbq3916 pagelayer-post_info"" pagelayer-id=""dbq3916"">
<style pagelayer-style-id=""dbq3916"">.p-dbq3916 .pagelayer-post-info-container{text-align:right}
.p-dbq3916 .pagelayer-post-info-icon span{font-size:120%;color:#495057}
.p-dbq3916 .pagelayer-post-info-list-container a{font-family: Roboto !important; font-size: 14px !important; font-style:  !important; font-weight: 500 !important; font-variant:  !important; text-decoration-line:  !important; text-decoration-style:  !important; line-height: 1.6em !important; text-transform:  !important; letter-spacing: px !important; word-spacing: px !important}
.p-dbq3916 .pagelayer-post-info-label{color:#0072ff}
.p-dbq3916 .pagelayer-post-info-label a{color:#0072ff}
.p-dbq3916 .pagelayer-terms *{color:#f8952c !important;padding-top:5px; padding-right:10px; padding-bottom:5px; padding-left:10px;margin-top:0px; margin-right:5px; margin-bottom:0px; margin-left:5px;border-radius: 4px 4px 4px 4px; -webkit-border-radius:  4px 4px 4px 4px;-moz-border-radius: 4px 4px 4px 4px}
.p-dbq3916{padding-top: 0px; padding-right: 0px; padding-bottom: 0px; padding-left: 0px}
@media (max-width: 768px) and (min-width: 501px){.p-dbq3916 .pagelayer-post-info-container{text-align:left}
}
@media (max-width: 500px){.p-dbq3916 .pagelayer-post-info-container{text-align:left}
}
</style><div class=""pagelayer-post-info-container pagelayer-post-info-vertical""><div class=""p-wpv7212 pagelayer-post_info_list"" pagelayer-id=""wpv7212"">
<div class=""pagelayer-post-info-list-container"">
<span class=""pagelayer-post-info-icon"">
</span>
<span class=""pagelayer-post-info-label pagelayer-terms""> <a href=""https://almuftionline.com/category/fatwa/29/""> اجارہ یعنی کرایہ داری اور ملازمت کے احکام و مسائل </a></span>
</div></div></div></div></div></div></div></div><div class=""p-trw3096 pagelayer-inner_row pagelayer-row-stretch-auto pagelayer-height-default"" pagelayer-id=""trw3096"">
<style pagelayer-style-id=""trw3096"">.p-trw3096 .pagelayer-col-holder{padding: 10px}
.p-trw3096 > .pagelayer-background-overlay{-webkit-transition: all 400ms !important; transition: all 400ms !important}
.p-trw3096 .pagelayer-svg-top .pagelayer-shape-fill{fill:#227bc3}
.p-trw3096 .pagelayer-row-svg .pagelayer-svg-top{width:100%;height:100px}
.p-trw3096 .pagelayer-svg-bottom .pagelayer-shape-fill{fill:#e44993}
.p-trw3096 .pagelayer-row-svg .pagelayer-svg-bottom{width:100%;height:100px}
</style>
<div class=""pagelayer-row-holder pagelayer-row pagelayer-auto pagelayer-width-auto""><div class=""p-wwu6541 pagelayer-col pagelayer-col-2"" pagelayer-id=""wwu6541"">
<style pagelayer-style-id=""wwu6541"">.p-wwu6541{align-content: center !important}
.p-wwu6541 .pagelayer-col-holder > div:not(:last-child){margin-bottom: 15px}
.p-wwu6541 > .pagelayer-background-overlay{-webkit-transition: all 400ms !important; transition: all 400ms !important}
</style>
<div class=""pagelayer-col-holder""><div class=""p-ccj4284 pagelayer-post_content"" pagelayer-id=""ccj4284"">
<style pagelayer-style-id=""ccj4284"">.p-ccj4284{text-align: right}
</style><div class=""entry-content pagelayer-post-excerpt""><figure class=""wp-block-table""><table><tbody><tr><td>86115</td><td>اجارہ یعنی کرایہ داری اور ملازمت کے احکام و مسائل</td><td>کرایہ داری کے متفرق احکام </td></tr></tbody></table></figure><div style=""direction:rtl;line-height: 2.5;""><h3 class=""has-text-align-center"">سوال</h3><p>مردار جانور کو آبادی سے دورپھینکنےپر اجرت لینا جائز ہے کہ نہیں ؟ نیز مردار جانور کی کھال اتارنے پر اجرت لینے کا حکم بھی بیان کریں ؟</p>
<h4 class=""has-text-align-center"">اَلجَوَابْ بِاسْمِ مُلْہِمِ الصَّوَابْ

</h4><p>مردار جانورکوآبادی سےدور پھینکنااوراس کی کھال اتارنادونوں جائز کام ہیں،شرعا اس پراجرت لینےکی ممانعت نہیں ۔</p>
</div><h6 class=""has-text-align-right"">حوالہ جات</h6><div style=""direction: rtl;font-family: Amiri;
    
     font-size: 13px; font-weight: 400;""><p>وفي الهندية :فهي عقد على المنافع بعوض، كذا في الهدايہ(الفتاوي الهنديه :٤/٤٠٩) </p>
<p>أن الإجارة عقد على المنفعة بعوض (المبسوط للسرخسي : ۱۵ْ/۷۴)<br/>
(مرقاة المفاتيح شرح مشكاة المصابيح :2/ 465)<br/>
وعن عبد الله بن عباس رضي الله عنهما، قال: سمعت رسول الله صلى الله عليه وسلم يقول: "" إذا دبغ الإهاب ‌فقد ‌طهر. <br/>
قال الأشرف في حديث ابن عباس في الإهاب: وفي حديث سودة دليل على أن الجلد يطهر ظاهره وباطنه بالدباغ حتى جوز استعماله في الأشياء الرطبة، وتجوز الصلاة فيه. (رواه مسلم) قال ابن الهمام: وفيه أي في الباب حديث أخرجه الدارقطني عن عائشة قالت: قال رسول الله صلى الله عليه وسلم: "" استمتعوا بجلود الميتة إذا هي دبغت، ترابا كان أو رمادا أو ملحا أو ما كان بعد أن يظهر صلاحه""، يعني: إذا جف وخرج منه النتن والفساد.<br/>
(ومنها) الدباغ للجلود النجسة، فالدباغ تطهير للجلود كلها إلا جلد الإنسان والخنزير، كذا ذكر الكرخي.(بدائع الصنائع  :1\85) </p>
</div><p>عبدالوحیدبن طاہر<br/>
دارالافتاءجامعہ الرشید  ،کراچی<br/>
۲۹جمادی الثانیہ ۱۴۴۶ھ</p>
<h6 class=""has-text-align-center"">
واللہ سبحانہ وتعالی اعلم
</h6><figure class=""wp-block-table""><table><tbody><tr><td><h3>مجیب</h3></td><td>عبدالوحید بن محمد طاہر </td><td><h3>مفتیان</h3></td><td> فیصل احمد صاحب / شہبازعلی صاحب</td></tr></tbody></table></figure></div></div></div></div></div></div><div class=""p-wl6689 pagelayer-inner_row pagelayer-row-stretch-auto pagelayer-height-default"" pagelayer-id=""wl6689"">
<style pagelayer-style-id=""wl6689"">.p-wl6689 .pagelayer-col-holder{padding: 10px}
.p-wl6689 > .pagelayer-background-overlay{-webkit-transition: all 400ms !important; transition: all 400ms !important}
.p-wl6689 .pagelayer-svg-top .pagelayer-shape-fill{fill:#227bc3}
.p-wl6689 .pagelayer-row-svg .pagelayer-svg-top{width:100%;height:100px}
.p-wl6689 .pagelayer-svg-bottom .pagelayer-shape-fill{fill:#e44993}
.p-wl6689 .pagelayer-row-svg .pagelayer-svg-bottom{width:100%;height:100px}
</style>
<div class=""pagelayer-row-holder pagelayer-row pagelayer-auto pagelayer-width-auto""><div class=""p-jzl6522 pagelayer-col pagelayer-col-6"" pagelayer-id=""jzl6522"">
<style pagelayer-style-id=""jzl6522"">.p-jzl6522{align-content: center !important}
.p-jzl6522 .pagelayer-col-holder > div:not(:last-child){margin-bottom: 15px}
.p-jzl6522 > .pagelayer-background-overlay{-webkit-transition: all 400ms !important; transition: all 400ms !important}
</style>
<div class=""pagelayer-col-holder""><div class=""p-xsb5673 pagelayer-share_grp pagelayer-share-type-icon-label pagelayer-social-bg-none pagelayer-scheme-official"" pagelayer-id=""xsb5673"">
<style pagelayer-style-id=""xsb5673"">.p-xsb5673{text-align: right}
.p-xsb5673 .pagelayer-share-content{min-height: 35px;-webkit-transition: all 400ms; transition: all 400ms}
.p-xsb5673 i{font-size: 27px}
.p-xsb5673 .pagelayer-icon-holder{font-size: 27px}
.p-xsb5673 .pagelayer-share-content i{-webkit-transition: all 400ms; transition: all 400ms}
.p-xsb5673 .pagelayer-icon-name{font-family: Roboto; font-size: 15px !important; font-style:  !important; font-weight: 500 !important; font-variant:  !important; text-decoration-line:  !important; text-decoration-style:  !important; line-height: em !important; text-transform:  !important; letter-spacing: px !important; word-spacing: px !important}
@media (max-width: 768px) and (min-width: 501px){.p-xsb5673{text-align: left}
.p-xsb5673 .pagelayer-share{padding-top: 10px; padding-bottom: 10px;padding-left: 10px; padding-right: 10px}
.p-xsb5673 i{font-size: 20px}
.p-xsb5673 .pagelayer-icon-holder{font-size: 20px}
.p-xsb5673 .pagelayer-icon-name{font-family: ; font-size: 13px !important; font-style:  !important; font-weight:  !important; font-variant:  !important; text-decoration-line:  !important; text-decoration-style:  !important; line-height: em !important; text-transform:  !important; letter-spacing: px !important; word-spacing: px !important}
}
@media (max-width: 500px){.p-xsb5673{text-align: left}
.p-xsb5673 .pagelayer-share{padding-top: 10px; padding-bottom: 10px;padding-left: 10px; padding-right: 10px}
.p-xsb5673 .pagelayer-share-content{min-height: NaNpx}
.p-xsb5673 i{font-size: 20px}
.p-xsb5673 .pagelayer-icon-holder{font-size: 20px}
.p-xsb5673 .pagelayer-icon-name{font-family: ; font-size: 13px !important; font-style:  !important; font-weight:  !important; font-variant:  !important; text-decoration-line:  !important; text-decoration-style:  !important; line-height: em !important; text-transform:  !important; letter-spacing: px !important; word-spacing: px !important}
}
</style><div class=""p-9mh2934 pagelayer-share"" pagelayer-id=""9mh2934"">
<a class=""pagelayer-ele-link"" href=""https://www.facebook.com/sharer/sharer.php?u=almuftionline.com/2025/01/07/15855/"" target=""_blank"" title=""fab fa-facebook-square"">
<div class=""pagelayer-share-content pagelayer-facebook-square"" data-icon=""fab fa-facebook-square"">
<div class=""pagelayer-icon-holder pagelayer-share-buttons"">
<i class=""pagelayer-social-fa fab fa-facebook-square""></i>
</div>
<div class=""pagelayer-icon-name"">
<span class=""pagelayer-icon-name-span"">Facebook</span>
</div>
</div>
</a></div><div class=""p-rai4926 pagelayer-share"" pagelayer-id=""rai4926"">
<a class=""pagelayer-ele-link"" href=""https://twitter.com/share?url=almuftionline.com/2025/01/07/15855/"" target=""_blank"" title=""fab fa-twitter-square"">
<div class=""pagelayer-share-content pagelayer-twitter-square"" data-icon=""fab fa-twitter-square"">
<div class=""pagelayer-icon-holder pagelayer-share-buttons"">
<i class=""pagelayer-social-fa fab fa-twitter-square""></i>
</div>
<div class=""pagelayer-icon-name"">
<span class=""pagelayer-icon-name-span"">Twitter</span>
</div>
</div>
</a></div><div class=""p-ndy3728 pagelayer-share"" pagelayer-id=""ndy3728"">
<a class=""pagelayer-ele-link"" href=""whatsapp://send?text=almuftionline.com/2025/01/07/15855/"" target=""_blank"" title=""fab fa-whatsapp"">
<div class=""pagelayer-share-content pagelayer-whatsapp"" data-icon=""fab fa-whatsapp"">
<div class=""pagelayer-icon-holder pagelayer-share-buttons"">
<i class=""pagelayer-social-fa fab fa-whatsapp""></i>
</div>
<div class=""pagelayer-icon-name"">
<span class=""pagelayer-icon-name-span"">WhatsApp</span>
</div>
</div>
</a></div></div></div></div></div></div><div class=""p-zqp4850 pagelayer-inner_row pagelayer-row-stretch-auto pagelayer-height-default"" pagelayer-id=""zqp4850"">
<style pagelayer-style-id=""zqp4850"">.p-zqp4850 .pagelayer-col-holder{padding: 10px}
.p-zqp4850 > .pagelayer-background-overlay{-webkit-transition: all 400ms !important; transition: all 400ms !important}
.p-zqp4850 .pagelayer-svg-top .pagelayer-shape-fill{fill:#227bc3}
.p-zqp4850 .pagelayer-row-svg .pagelayer-svg-top{width:100%;height:100px}
.p-zqp4850 .pagelayer-svg-bottom .pagelayer-shape-fill{fill:#e44993}
.p-zqp4850 .pagelayer-row-svg .pagelayer-svg-bottom{width:100%;height:100px}
</style>
<div class=""pagelayer-row-holder pagelayer-row pagelayer-auto pagelayer-width-auto""><div class=""p-q725202 pagelayer-col pagelayer-col-2"" pagelayer-id=""q725202"">
<style pagelayer-style-id=""q725202"">.p-q725202{align-content: center !important}
.p-q725202 .pagelayer-col-holder > div:not(:last-child){margin-bottom: 15px}
.p-q725202 > .pagelayer-background-overlay{-webkit-transition: all 400ms !important; transition: all 400ms !important}
</style>
<div class=""pagelayer-col-holder""><div class=""p-55r4448 pagelayer-post_nav"" pagelayer-id=""55r4448"">
<style pagelayer-style-id=""55r4448"">.p-55r4448 .pagelayer-post-nav-link{color:#adb5bd;font-family:  !important; font-size: 15px !important; font-style:  !important; font-weight:  !important; font-variant:  !important; text-decoration-line:  !important; text-decoration-style:  !important; line-height: em !important; text-transform:  !important; letter-spacing: px !important; word-spacing: px !important}
.p-55r4448 .pagelayer-post-nav-title{color:#000000;font-family:  !important; font-size: 18px !important; font-style:  !important; font-weight: bold !important; font-variant:  !important; text-decoration-line:  !important; text-decoration-style: Solid !important; line-height: em !important; text-transform:  !important; letter-spacing: px !important; word-spacing: px !important}
.p-55r4448 .pagelayer-post-nav-icon{color:#adb5bd;font-size:30px}
.p-55r4448 .pagelayer-post-nav-separator{display:none}
@media (max-width: 768px) and (min-width: 501px){.p-55r4448 .pagelayer-post-nav-link{font-family:  !important; font-size: 12px !important; font-style:  !important; font-weight:  !important; font-variant:  !important; text-decoration-line:  !important; text-decoration-style: Solid !important; line-height: em !important; text-transform:  !important; letter-spacing: px !important; word-spacing: px !important}
.p-55r4448 .pagelayer-post-nav-title{font-family:  !important; font-size: 15px !important; font-style:  !important; font-weight:  !important; font-variant:  !important; text-decoration-line:  !important; text-decoration-style: Solid !important; line-height: em !important; text-transform:  !important; letter-spacing: px !important; word-spacing: px !important}
}
@media (max-width: 500px){.p-55r4448 .pagelayer-post-nav-link{font-family:  !important; font-size: 12px !important; font-style:  !important; font-weight:  !important; font-variant:  !important; text-decoration-line:  !important; text-decoration-style: Solid !important; line-height: em !important; text-transform:  !important; letter-spacing: px !important; word-spacing: px !important}
.p-55r4448 .pagelayer-post-nav-title{font-family:  !important; font-size: 12px !important; font-style:  !important; font-weight:  !important; font-variant:  !important; text-decoration-line:  !important; text-decoration-style: Solid !important; line-height: em !important; text-transform:  !important; letter-spacing: px !important; word-spacing: px !important}
}
</style><div class=""pagelayer-post-nav-container"">
<div class=""pagelayer-prev-post"">
<a href=""https://almuftionline.com/2025/01/06/18477/"" rel=""prev""><span class=""pagelayer-post-nav-icon fa fa-chevron-left""></span>
<span class=""pagelayer-next-holder"">
<span class=""pagelayer-post-nav-link""> Previous</span><span class=""pagelayer-post-nav-title"">یکطرفہ عدالتی خلع کا حکم</span>
</span></a>
</div>
<div class=""pagelayer-post-nav-separator""></div>
<div class=""pagelayer-next-post"">
<a href=""https://almuftionline.com/2025/01/07/15477/"" rel=""next""><span class=""pagelayer-next-holder"">
<span class=""pagelayer-post-nav-link""> Next</span><span class=""pagelayer-post-nav-title"">Use of. Gas compressor. Machine گیس کمپریسر کے استعمال کا حکم</span>
</span>
<span class=""pagelayer-post-nav-icon fa fa-chevron-right""></span></a>
</div>
</div></div></div></div></div></div></div>"
2025-01-06,https://almuftionline.com/2025/01/06/18477/,یکطرفہ عدالتی خلع کا حکم,<p>میرا نام سلمان عبدالرؤف ہے، میں اس وقت کچھ ماہ کیلئے آسٹریلیا میں مقیم ہوں اور پاکستان میں میرا تعلق لاہور سے ہے،مگر میری پیدائش،رہائش اور میری فیملی کویت میں ہے۔</p><p>میرا مسئلہ خلع اور طلاق سے متعلق ہے،میرا نكاح فروری 2024 میں ہوا تھا اور پھر نکاح کے بعد میں بغیر رخصتی لئے واپس کویت آگیا تھا،بات کو سوال کی جانب  لےکر چلتے ہوئے بتاتا چلوں کہ:</p><p>جب میں آسٹریلیا آگیا تو میری بیوی نے عدالت میں خلع کا کیس دائر کردیا،جس کا وہ  پہلے اکثر ہر لڑائی جھگڑے میں ذکر کرتی تھیں،میرے سمجھانے کے باوجود وہ باز نہیں آئی اور پھر میں نے اجازت دی ہوئی تھی کہ اگر آپ کو نہیں رہنا تو آپ خلع لے لیں،لیکن نوٹس لازمی بھجوا دیئے گا، مگر میں طلاق ہرگز نہیں دے رہا،نہ دوں گا،جس کے باعث انہوں نے 13 ستمبر کو مجھے اور میری فیملی کو بتائے بغیر عدالت میں خلع کا کیس دائر کردیا اور سب رابطے ختم کر دیئے اور دو ماہ بعد مجھے خلع کی عدالتی فیصلے کی کاپی واٹس ایپ پر بھیج دی،جب میں نے خلع کے فیصلے کو تفصیلا پڑھا تو ٪99 جھوٹ پر مبنی تھا، میرا پتہ، میرا فون نمبر،میرے پر الزامات،سب غلط اور اس پر دستخط بھی میری بیوی کے نہیں اورفیصلے میں یہ لکھا گیا کہ شوہر کی غیر حاضری کی وجہ سے عدالت نے خلع کا یکطرفہ فیصلہ دے دیا،جبکہ مجھے کسی بات کا علم بھی نہیں،نہ کوئی نوٹس موصول ہوا،اگرچہ انہیں میں نے خلع کی اجازت دی ہوئی تھی،مگر غیر قانونی، غیر شرعی، غیر اخلاقی طریقے کی اجازت نہیں دی تھی اور نہ ہی مجھے پتہ تھا کہ یہ لوگ اس طرح خلع لیں گے،جبکہ میں نے نوٹس بھجوانے کیلئے انہیں اپنا ایڈریس،اپنے ایکٹیو نمبرز بھی دیئے ہوئے تھے اور میرا اس خلع کی اجازت کا مقصد یہ تھا کہ اگر معاملات بہتر نا ہوئے تو میں خود یا میرا وکیل خلع کی قبولیت پر جج کے سامنے دستخط کردیں گے اور جہاں تک مجھے علم ہے اصل طریقہ کار بھی یہی ہے۔</p><p>اس طرح کا عدالتی خلع لیکر کیا عورت دوسری جگہ نکاح کر سکتی ہے؟ دوسری جگہ شادی کیلئے اپنے آپ کو آزاد کہلاسکتی ہے؟اور اسی فیصلے کو برحق کہہ کر اگر نکاح کرلے تو ایسے نکاح پر کیا احکامات ہوں گے؟</p><p>اب اس خلع کے بعد میرے نکاح کی شرعی حیثیت کیا ہے؟ کیا واقعی خلع واقع ہو چکی ہے؟ کیا وہ اب میرے نکاح سے خارج ہے؟ کچھ وکلاء سے بات کی تو ان کا کہنا ہے کہ تب تک خلع قائم نہیں ہوتی جب تک یونین کونسل سے خلع کا سرٹیفیکیٹ نہیں آجاتا جو کہ عدالت کے فیصلے کے تین ماہ بعد آتا ہے،اب آپ سے اس خلع کے متعلق تحریری فتوی کی درخواست ہے۔</p>,"<h4 class=""has-text-align-center"">اَلجَوَابْ بِاسْمِ مُلْہِمِ الصَّوَابْ

</h4><p>خلع کے لیے شوہر کی رضامندی ضروری ہے،شوہر کی رضامندی کے بغیر عدالت کی طرف سے جاری کیا گیا یکطرفہ فیصلہ شرعا نافذ نہیں ہوتا اور بیوی بدستور سابقہ شوہر کے نکاح میں رہتی ہے،جبکہ شوہر کی رضامندی کے بغیر فسخِ نکاح کا اختیار جج کو صرف درج ذیل صورتوں میں حاصل ہوتا ہے<span dir=""LTR"">:</span></p><p>ا۔شوہر نامرد ہو۔</p><p>۲۔ متعنت ہو یعنی نان نفقہ نہ دیتا ہواور نہ طلاق دیتا ہو۔</p><p>۳۔مفقود یعنی ایسا لاپتہ ہو کہ اس کا کوئی حال احوال معلوم نہ ہو۔</p><p>۴۔غائب غیر مفقود ہو یعنی پتہ معلوم ہو،لیکن نہ خود بیوی کے پاس آتا ہو اور نہ بیوی کو اپنے پاس بلاتا ہواور نہ اسے نان نفقہ فراہم کرتا ہو۔</p><p>۵۔ایسا پاگل ہویا ایسا تشدد کرتا ہو کہ اس کے ساتھ رہنے میں ناقابل برداشت تکلیف پہنچنے کا اندیشہ ہو۔</p><p>ان کے علاوہ محض عورت کی ناپسندیدگی کی بناء پر جج کو فسخِ نکاح کا اختیار حاصل نہیں ہوتا،نیزفسخ نکاح کی ان وجوہات میں سے ہر ایک وجہ کی الگ الگ تفصیلی شرائط ہیں، نکاح فسخ کرتے وقت ان کی رعایت رکھنا لازم ہے،اگر ان میں سے کسی شرط کی رعایت نہ رکھی جائے تو فسخ نکاح کا فیصلہ شرعا نافذ نہیں ہوتا۔(فقہی مقالات:2/ 192)</p><p>اورعورت مذکورہ بالا وجوہ میں سے جس وجہ کی بنیاد پر بھی فسخِ نکاح کا دعوی دائرکرے اسے اپنے دعوی کو شرعی شہادت(کم از کم دو نیک و صالح مردوں یا انہیں صفات کی حامل دوعورتوں اور ایک مرد کی گواہی)سے ثابت بھی کرنا پڑے گا،شرعی شہادت کے بغیر محض عورت کے دعوی کی بنیاد پر عدالت کو فسخ نکاح کا حق حاصل نہیں ہوگا۔چونکہ مذکورہ صورت میں اس عورت نے اپنے دعوی کو گواہوں کے ذریعے ثابت نہیں کیا،بلکہ عدالت نے محض اس کے دعوی کی بناء پر فسخ نکاح کی ڈگری جاری کی ہے،اس لئے عدالت کی جانب سے جاری کی گئی ڈگری شرعا معتبر نہیں ہے اور جب تک اس خاتون کا شوہر اسے طلاق یا خلع نہ دے وہ اس کے نکاح میں رہے گی۔</p><p>لہذا اگر سوال میں ذکر کی گئی تفصیل حقیقت پر مبنی ہے کہ شوہر ضابطے اور دستور کے مطابق بیوی کے تمام حقوق کی رعایت رکھ کر اسےساتھ رکھنے پر آمادہ  ہے،عورت نے بغیر کسی معقول وجہ کے عدالت سے رجوع کیا ہے اور عدالت نے محض اس کے دعوی کے بناء پر یکطرفہ طور پر خلع کی ڈگری جاری کی ہے تو یہ ڈگری شرعا معتبر نہیں ہے۔</p><p>نیزاس اقدام پر بیوی گناہ گار بھی ہوگی،کیونکہ احادیث مبارکہ میں بلاضرورت اس  طرح طلاق کے مطالبے پرسخت وعیدیں آئی ہیں،چنانچہ ایسی عورتوں کو منافق قرار دیا گیا ہے اور ایک روایت میں آتا ہے کہ جس عورت نے بغیر کسی وجہ کے اپنے شوہر سے طلاق مانگی اس پرجنت کی خوشبو بھی حرام ہوگی۔</p><h6 class=""has-text-align-right"">حوالہ جات</h6><div style=""direction: rtl;font-family: Amiri;
    
     font-size: 13px; font-weight: 400;""><p>""المبسوط للسرخسي"" (6/ 173):</p>
<p>""والخلع جائز عند السلطان وغيره؛ لأنه عقد يعتمد التراضي كسائر العقود، وهو بمنزلة الطلاق بعوض، وللزوج ولاية إيقاع الطلاق، ولها ولاية التزام العوض، فلا معنى لاشتراط حضرة السلطان في هذا العقد"".</p>
<p>""سنن الترمذي "" (3/ 485):</p>
<p> ""عن ثوبان، أن رسول ﷲ صلى ﷲ عليه وسلم قال: «أيما امرأة سألت زوجها طلاقا من غير بأس فحرام عليها رائحة الجنة»: «هذا حديث حسن»"".</p>
<p>""سنن الترمذي "" (3/ 484):</p>
<p> ""عن ثوبان، عن النبي صلى ﷲ عليه وسلم قال: «المختلعات هن المنافقات»"".</p>
<p>""مرقاة المفاتيح شرح مشكاة المصابيح"" (5/ 2136):</p>
<p>""(عن ثوبان قال: قال رسولﷲ - صلى ﷲ عليه وسلم - أيما امرأة سألت زوجها طلاقا) وفي رواية<span dir=""LTR"">:</span> الطلاق أي لها أو لغيرها (في غير ما بأس) وفي رواية <span dir=""LTR"">:</span>من بأس أي لغير شدة، تلجئها إلى سؤال المفارقة، و""ما"" زائدة للتأكيد (فحرام عليها رائحة الجنة) : أي: ممنوع عنها.</p>
<p> وذلك على نهج الوعيد والمبالغة في التهديد، أو وقوع ذلك متعلق بوقت دون وقت أي لا تجد رائحة الجنة أول ما وجدها المحسنون، أو لا تجد أصلا، وهنا من المبالغة في التهديد، ونظير ذلك كثير قاله القاضي، ولا بدع أنها تحرم لذة الرائحة ولو دخلت الجنة. (رواه أحمد والترمذي وأبو داود وابن ماجه والدارمي) : وكذا ابن حبان والحاكم"".</p>
</div><p>محمد طارق</p><p>دارالافتاءجامعۃالرشید</p><p>05<span dir=""LTR"">/</span>رجب 1446ھ</p><h6 class=""has-text-align-center"">
واللہ سبحانہ وتعالی اعلم
</h6><figure class=""wp-block-table""><table><tbody><tr><td><h3>مجیب</h3></td><td>محمد طارق  غرفی</td><td><h3>مفتیان</h3></td><td>سیّد عابد شاہ صاحب / محمد حسین خلیل خیل صاحب</td></tr></tbody></table></figure>",86165,jameya-tur-rasheed,طلاق کے احکام,خلع اور اس کے احکام,"<div class=""pagelayer-col-holder""><div class=""p-kgd1425 pagelayer-post_excerpt"" pagelayer-id=""kgd1425"">
<style pagelayer-style-id=""kgd1425"">.p-kgd1425 .pagelayer-post-excerpt{color:#adb5bd;font-family: ; font-size: 15px !important; font-style: Italic !important; font-weight: 500 !important; font-variant:  !important; text-decoration-line:  !important; text-decoration-style:  !important; line-height: 1.5em !important; text-transform:  !important; letter-spacing: px !important; word-spacing: px !important;margin-top:0px; margin-right:0px; margin-bottom:0px; margin-left:0px}
.p-kgd1425{text-align: left;margin-top: 0px; margin-right: 0px; margin-bottom: 0px; margin-left: 0px;padding-top: 0px; padding-right: 0px; padding-bottom: 0px; padding-left: 0px}
</style></div><div class=""p-4wb1030 pagelayer-featured_img"" pagelayer-id=""4wb1030"">
<style pagelayer-style-id=""4wb1030"">.p-4wb1030{text-align: center}
.p-4wb1030 img{filter: blur(0px) brightness(100%) contrast(100%) grayscale(0%) hue-rotate(0deg) opacity(100%) saturate(100%);box-shadow: 0px 24px 36px 0px rgba(0,0,0,0.10)  !important;-webkit-transition: all 400ms; transition: all 400ms}
.p-4wb1030 .pagelayer-featured-caption{color: #0986c0}
</style>
<div class=""pagelayer-featured-img""></div>
</div><div class=""p-f8n3612 pagelayer-inner_row pagelayer-row-stretch-auto pagelayer-height-default"" pagelayer-id=""f8n3612"">
<style pagelayer-style-id=""f8n3612"">.p-f8n3612 .pagelayer-col-holder{padding: 10px}
.p-f8n3612 > .pagelayer-background-overlay{-webkit-transition: all 400ms !important; transition: all 400ms !important}
.p-f8n3612 .pagelayer-svg-top .pagelayer-shape-fill{fill:#227bc3}
.p-f8n3612 .pagelayer-row-svg .pagelayer-svg-top{width:100%;height:100px}
.p-f8n3612 .pagelayer-svg-bottom .pagelayer-shape-fill{fill:#e44993}
.p-f8n3612 .pagelayer-row-svg .pagelayer-svg-bottom{width:100%;height:100px}
</style>
<div class=""pagelayer-row-holder pagelayer-row pagelayer-auto pagelayer-width-auto""><div class=""p-i795860 pagelayer-col pagelayer-col-4"" pagelayer-id=""i795860"">
<style pagelayer-style-id=""i795860"">.p-i795860{align-content: center !important}
.p-i795860 .pagelayer-col-holder > div:not(:last-child){margin-bottom: 15px}
.p-i795860 > .pagelayer-background-overlay{-webkit-transition: all 400ms !important; transition: all 400ms !important}
</style>
<div class=""pagelayer-col-holder""><div class=""p-qip3968 pagelayer-post_info"" pagelayer-id=""qip3968"">
<style pagelayer-style-id=""qip3968"">.p-qip3968 .pagelayer-post-info-vertical .pagelayer-post-info-list-container{margin-right:25px}
.p-qip3968 .pagelayer-post-info-horizontal .pagelayer-post-info-list-container{margin-bottom:25px}
.p-qip3968 .pagelayer-post-info-container{text-align:right}
.p-qip3968 .pagelayer-post-info-icon span{font-size:120%;color:#495057}
.p-qip3968 .pagelayer-post-info-list-container a{font-family: Roboto !important; font-size: 14px !important; font-style:  !important; font-weight: 500 !important; font-variant:  !important; text-decoration-line:  !important; text-decoration-style:  !important; line-height: 1.6em !important; text-transform:  !important; letter-spacing: px !important; word-spacing: px !important}
.p-qip3968 .pagelayer-post-info-label{color:#495057}
.p-qip3968 .pagelayer-post-info-label a{color:#495057}
.p-qip3968 .pagelayer-post-info-label:hover{color:#000000}
.p-qip3968 .pagelayer-post-info-label:hover a{color:#000000}
</style><div class=""pagelayer-post-info-container pagelayer-post-info-vertical""><div class=""p-xj43574 pagelayer-post_info_list"" pagelayer-id=""xj43574"">
<div class=""pagelayer-post-info-list-container"">
<a class=""pagelayer-post-info-list-link"" href=""https://almuftionline.com/2025/01/06/"">
<span class=""pagelayer-post-info-icon"">
<span class=""far fa-clock""></span>
</span>
<span class=""pagelayer-post-info-label pagelayer-date"">جنوری 6, 2025</span>
</a>
</div></div></div></div></div></div><div class=""p-t2j1983 pagelayer-col pagelayer-col-7"" pagelayer-id=""t2j1983"">
<style pagelayer-style-id=""t2j1983"">.p-t2j1983{align-content: center !important}
.p-t2j1983 .pagelayer-col-holder > div:not(:last-child){margin-bottom: 15px}
.p-t2j1983 > .pagelayer-background-overlay{-webkit-transition: all 400ms !important; transition: all 400ms !important}
</style>
<div class=""pagelayer-col-holder""><div class=""p-dbq3916 pagelayer-post_info"" pagelayer-id=""dbq3916"">
<style pagelayer-style-id=""dbq3916"">.p-dbq3916 .pagelayer-post-info-container{text-align:right}
.p-dbq3916 .pagelayer-post-info-icon span{font-size:120%;color:#495057}
.p-dbq3916 .pagelayer-post-info-list-container a{font-family: Roboto !important; font-size: 14px !important; font-style:  !important; font-weight: 500 !important; font-variant:  !important; text-decoration-line:  !important; text-decoration-style:  !important; line-height: 1.6em !important; text-transform:  !important; letter-spacing: px !important; word-spacing: px !important}
.p-dbq3916 .pagelayer-post-info-label{color:#0072ff}
.p-dbq3916 .pagelayer-post-info-label a{color:#0072ff}
.p-dbq3916 .pagelayer-terms *{color:#f8952c !important;padding-top:5px; padding-right:10px; padding-bottom:5px; padding-left:10px;margin-top:0px; margin-right:5px; margin-bottom:0px; margin-left:5px;border-radius: 4px 4px 4px 4px; -webkit-border-radius:  4px 4px 4px 4px;-moz-border-radius: 4px 4px 4px 4px}
.p-dbq3916{padding-top: 0px; padding-right: 0px; padding-bottom: 0px; padding-left: 0px}
@media (max-width: 768px) and (min-width: 501px){.p-dbq3916 .pagelayer-post-info-container{text-align:left}
}
@media (max-width: 500px){.p-dbq3916 .pagelayer-post-info-container{text-align:left}
}
</style><div class=""pagelayer-post-info-container pagelayer-post-info-vertical""><div class=""p-wpv7212 pagelayer-post_info_list"" pagelayer-id=""wpv7212"">
<div class=""pagelayer-post-info-list-container"">
<span class=""pagelayer-post-info-icon"">
</span>
<span class=""pagelayer-post-info-label pagelayer-terms""> <a href=""https://almuftionline.com/category/fatwa/19/""> طلاق کے احکام </a></span>
</div></div></div></div></div></div></div></div><div class=""p-trw3096 pagelayer-inner_row pagelayer-row-stretch-auto pagelayer-height-default"" pagelayer-id=""trw3096"">
<style pagelayer-style-id=""trw3096"">.p-trw3096 .pagelayer-col-holder{padding: 10px}
.p-trw3096 > .pagelayer-background-overlay{-webkit-transition: all 400ms !important; transition: all 400ms !important}
.p-trw3096 .pagelayer-svg-top .pagelayer-shape-fill{fill:#227bc3}
.p-trw3096 .pagelayer-row-svg .pagelayer-svg-top{width:100%;height:100px}
.p-trw3096 .pagelayer-svg-bottom .pagelayer-shape-fill{fill:#e44993}
.p-trw3096 .pagelayer-row-svg .pagelayer-svg-bottom{width:100%;height:100px}
</style>
<div class=""pagelayer-row-holder pagelayer-row pagelayer-auto pagelayer-width-auto""><div class=""p-wwu6541 pagelayer-col pagelayer-col-2"" pagelayer-id=""wwu6541"">
<style pagelayer-style-id=""wwu6541"">.p-wwu6541{align-content: center !important}
.p-wwu6541 .pagelayer-col-holder > div:not(:last-child){margin-bottom: 15px}
.p-wwu6541 > .pagelayer-background-overlay{-webkit-transition: all 400ms !important; transition: all 400ms !important}
</style>
<div class=""pagelayer-col-holder""><div class=""p-ccj4284 pagelayer-post_content"" pagelayer-id=""ccj4284"">
<style pagelayer-style-id=""ccj4284"">.p-ccj4284{text-align: right}
</style><div class=""entry-content pagelayer-post-excerpt""><figure class=""wp-block-table""><table><tbody><tr><td>86165</td><td>طلاق کے احکام</td><td>خلع اور اس کے احکام</td></tr></tbody></table></figure><div style=""direction:rtl;line-height: 2.5;""><h3 class=""has-text-align-center"">سوال</h3><p>میرا نام سلمان عبدالرؤف ہے، میں اس وقت کچھ ماہ کیلئے آسٹریلیا میں مقیم ہوں اور پاکستان میں میرا تعلق لاہور سے ہے،مگر میری پیدائش،رہائش اور میری فیملی کویت میں ہے۔</p>
<p>میرا مسئلہ خلع اور طلاق سے متعلق ہے،میرا نكاح فروری 2024 میں ہوا تھا اور پھر نکاح کے بعد میں بغیر رخصتی لئے واپس کویت آگیا تھا،بات کو سوال کی جانب  لےکر چلتے ہوئے بتاتا چلوں کہ:</p>
<p>جب میں آسٹریلیا آگیا تو میری بیوی نے عدالت میں خلع کا کیس دائر کردیا،جس کا وہ  پہلے اکثر ہر لڑائی جھگڑے میں ذکر کرتی تھیں،میرے سمجھانے کے باوجود وہ باز نہیں آئی اور پھر میں نے اجازت دی ہوئی تھی کہ اگر آپ کو نہیں رہنا تو آپ خلع لے لیں،لیکن نوٹس لازمی بھجوا دیئے گا، مگر میں طلاق ہرگز نہیں دے رہا،نہ دوں گا،جس کے باعث انہوں نے 13 ستمبر کو مجھے اور میری فیملی کو بتائے بغیر عدالت میں خلع کا کیس دائر کردیا اور سب رابطے ختم کر دیئے اور دو ماہ بعد مجھے خلع کی عدالتی فیصلے کی کاپی واٹس ایپ پر بھیج دی،جب میں نے خلع کے فیصلے کو تفصیلا پڑھا تو ٪99 جھوٹ پر مبنی تھا، میرا پتہ، میرا فون نمبر،میرے پر الزامات،سب غلط اور اس پر دستخط بھی میری بیوی کے نہیں اورفیصلے میں یہ لکھا گیا کہ شوہر کی غیر حاضری کی وجہ سے عدالت نے خلع کا یکطرفہ فیصلہ دے دیا،جبکہ مجھے کسی بات کا علم بھی نہیں،نہ کوئی نوٹس موصول ہوا،اگرچہ انہیں میں نے خلع کی اجازت دی ہوئی تھی،مگر غیر قانونی، غیر شرعی، غیر اخلاقی طریقے کی اجازت نہیں دی تھی اور نہ ہی مجھے پتہ تھا کہ یہ لوگ اس طرح خلع لیں گے،جبکہ میں نے نوٹس بھجوانے کیلئے انہیں اپنا ایڈریس،اپنے ایکٹیو نمبرز بھی دیئے ہوئے تھے اور میرا اس خلع کی اجازت کا مقصد یہ تھا کہ اگر معاملات بہتر نا ہوئے تو میں خود یا میرا وکیل خلع کی قبولیت پر جج کے سامنے دستخط کردیں گے اور جہاں تک مجھے علم ہے اصل طریقہ کار بھی یہی ہے۔</p>
<p>اس طرح کا عدالتی خلع لیکر کیا عورت دوسری جگہ نکاح کر سکتی ہے؟ دوسری جگہ شادی کیلئے اپنے آپ کو آزاد کہلاسکتی ہے؟اور اسی فیصلے کو برحق کہہ کر اگر نکاح کرلے تو ایسے نکاح پر کیا احکامات ہوں گے؟</p>
<p>اب اس خلع کے بعد میرے نکاح کی شرعی حیثیت کیا ہے؟ کیا واقعی خلع واقع ہو چکی ہے؟ کیا وہ اب میرے نکاح سے خارج ہے؟ کچھ وکلاء سے بات کی تو ان کا کہنا ہے کہ تب تک خلع قائم نہیں ہوتی جب تک یونین کونسل سے خلع کا سرٹیفیکیٹ نہیں آجاتا جو کہ عدالت کے فیصلے کے تین ماہ بعد آتا ہے،اب آپ سے اس خلع کے متعلق تحریری فتوی کی درخواست ہے۔</p>
<h4 class=""has-text-align-center"">اَلجَوَابْ بِاسْمِ مُلْہِمِ الصَّوَابْ

</h4><p>خلع کے لیے شوہر کی رضامندی ضروری ہے،شوہر کی رضامندی کے بغیر عدالت کی طرف سے جاری کیا گیا یکطرفہ فیصلہ شرعا نافذ نہیں ہوتا اور بیوی بدستور سابقہ شوہر کے نکاح میں رہتی ہے،جبکہ شوہر کی رضامندی کے بغیر فسخِ نکاح کا اختیار جج کو صرف درج ذیل صورتوں میں حاصل ہوتا ہے<span dir=""LTR"">:</span></p>
<p>ا۔شوہر نامرد ہو۔</p>
<p>۲۔ متعنت ہو یعنی نان نفقہ نہ دیتا ہواور نہ طلاق دیتا ہو۔</p>
<p>۳۔مفقود یعنی ایسا لاپتہ ہو کہ اس کا کوئی حال احوال معلوم نہ ہو۔</p>
<p>۴۔غائب غیر مفقود ہو یعنی پتہ معلوم ہو،لیکن نہ خود بیوی کے پاس آتا ہو اور نہ بیوی کو اپنے پاس بلاتا ہواور نہ اسے نان نفقہ فراہم کرتا ہو۔</p>
<p>۵۔ایسا پاگل ہویا ایسا تشدد کرتا ہو کہ اس کے ساتھ رہنے میں ناقابل برداشت تکلیف پہنچنے کا اندیشہ ہو۔</p>
<p>ان کے علاوہ محض عورت کی ناپسندیدگی کی بناء پر جج کو فسخِ نکاح کا اختیار حاصل نہیں ہوتا،نیزفسخ نکاح کی ان وجوہات میں سے ہر ایک وجہ کی الگ الگ تفصیلی شرائط ہیں، نکاح فسخ کرتے وقت ان کی رعایت رکھنا لازم ہے،اگر ان میں سے کسی شرط کی رعایت نہ رکھی جائے تو فسخ نکاح کا فیصلہ شرعا نافذ نہیں ہوتا۔(فقہی مقالات:2/ 192)</p>
<p>اورعورت مذکورہ بالا وجوہ میں سے جس وجہ کی بنیاد پر بھی فسخِ نکاح کا دعوی دائرکرے اسے اپنے دعوی کو شرعی شہادت(کم از کم دو نیک و صالح مردوں یا انہیں صفات کی حامل دوعورتوں اور ایک مرد کی گواہی)سے ثابت بھی کرنا پڑے گا،شرعی شہادت کے بغیر محض عورت کے دعوی کی بنیاد پر عدالت کو فسخ نکاح کا حق حاصل نہیں ہوگا۔چونکہ مذکورہ صورت میں اس عورت نے اپنے دعوی کو گواہوں کے ذریعے ثابت نہیں کیا،بلکہ عدالت نے محض اس کے دعوی کی بناء پر فسخ نکاح کی ڈگری جاری کی ہے،اس لئے عدالت کی جانب سے جاری کی گئی ڈگری شرعا معتبر نہیں ہے اور جب تک اس خاتون کا شوہر اسے طلاق یا خلع نہ دے وہ اس کے نکاح میں رہے گی۔</p>
<p>لہذا اگر سوال میں ذکر کی گئی تفصیل حقیقت پر مبنی ہے کہ شوہر ضابطے اور دستور کے مطابق بیوی کے تمام حقوق کی رعایت رکھ کر اسےساتھ رکھنے پر آمادہ  ہے،عورت نے بغیر کسی معقول وجہ کے عدالت سے رجوع کیا ہے اور عدالت نے محض اس کے دعوی کے بناء پر یکطرفہ طور پر خلع کی ڈگری جاری کی ہے تو یہ ڈگری شرعا معتبر نہیں ہے۔</p>
<p>نیزاس اقدام پر بیوی گناہ گار بھی ہوگی،کیونکہ احادیث مبارکہ میں بلاضرورت اس  طرح طلاق کے مطالبے پرسخت وعیدیں آئی ہیں،چنانچہ ایسی عورتوں کو منافق قرار دیا گیا ہے اور ایک روایت میں آتا ہے کہ جس عورت نے بغیر کسی وجہ کے اپنے شوہر سے طلاق مانگی اس پرجنت کی خوشبو بھی حرام ہوگی۔</p>
</div><h6 class=""has-text-align-right"">حوالہ جات</h6><div style=""direction: rtl;font-family: Amiri;
    
     font-size: 13px; font-weight: 400;""><p>""المبسوط للسرخسي"" (6/ 173):</p>
<p>""والخلع جائز عند السلطان وغيره؛ لأنه عقد يعتمد التراضي كسائر العقود، وهو بمنزلة الطلاق بعوض، وللزوج ولاية إيقاع الطلاق، ولها ولاية التزام العوض، فلا معنى لاشتراط حضرة السلطان في هذا العقد"".</p>
<p>""سنن الترمذي "" (3/ 485):</p>
<p> ""عن ثوبان، أن رسول ﷲ صلى ﷲ عليه وسلم قال: «أيما امرأة سألت زوجها طلاقا من غير بأس فحرام عليها رائحة الجنة»: «هذا حديث حسن»"".</p>
<p>""سنن الترمذي "" (3/ 484):</p>
<p> ""عن ثوبان، عن النبي صلى ﷲ عليه وسلم قال: «المختلعات هن المنافقات»"".</p>
<p>""مرقاة المفاتيح شرح مشكاة المصابيح"" (5/ 2136):</p>
<p>""(عن ثوبان قال: قال رسولﷲ - صلى ﷲ عليه وسلم - أيما امرأة سألت زوجها طلاقا) وفي رواية<span dir=""LTR"">:</span> الطلاق أي لها أو لغيرها (في غير ما بأس) وفي رواية <span dir=""LTR"">:</span>من بأس أي لغير شدة، تلجئها إلى سؤال المفارقة، و""ما"" زائدة للتأكيد (فحرام عليها رائحة الجنة) : أي: ممنوع عنها.</p>
<p> وذلك على نهج الوعيد والمبالغة في التهديد، أو وقوع ذلك متعلق بوقت دون وقت أي لا تجد رائحة الجنة أول ما وجدها المحسنون، أو لا تجد أصلا، وهنا من المبالغة في التهديد، ونظير ذلك كثير قاله القاضي، ولا بدع أنها تحرم لذة الرائحة ولو دخلت الجنة. (رواه أحمد والترمذي وأبو داود وابن ماجه والدارمي) : وكذا ابن حبان والحاكم"".</p>
</div><p>محمد طارق</p>
<p>دارالافتاءجامعۃالرشید</p>
<p>05<span dir=""LTR"">/</span>رجب 1446ھ</p>
<h6 class=""has-text-align-center"">
واللہ سبحانہ وتعالی اعلم
</h6><figure class=""wp-block-table""><table><tbody><tr><td><h3>مجیب</h3></td><td>محمد طارق  غرفی</td><td><h3>مفتیان</h3></td><td>سیّد عابد شاہ صاحب / محمد حسین خلیل خیل صاحب</td></tr></tbody></table></figure></div></div></div></div></div></div><div class=""p-wl6689 pagelayer-inner_row pagelayer-row-stretch-auto pagelayer-height-default"" pagelayer-id=""wl6689"">
<style pagelayer-style-id=""wl6689"">.p-wl6689 .pagelayer-col-holder{padding: 10px}
.p-wl6689 > .pagelayer-background-overlay{-webkit-transition: all 400ms !important; transition: all 400ms !important}
.p-wl6689 .pagelayer-svg-top .pagelayer-shape-fill{fill:#227bc3}
.p-wl6689 .pagelayer-row-svg .pagelayer-svg-top{width:100%;height:100px}
.p-wl6689 .pagelayer-svg-bottom .pagelayer-shape-fill{fill:#e44993}
.p-wl6689 .pagelayer-row-svg .pagelayer-svg-bottom{width:100%;height:100px}
</style>
<div class=""pagelayer-row-holder pagelayer-row pagelayer-auto pagelayer-width-auto""><div class=""p-jzl6522 pagelayer-col pagelayer-col-6"" pagelayer-id=""jzl6522"">
<style pagelayer-style-id=""jzl6522"">.p-jzl6522{align-content: center !important}
.p-jzl6522 .pagelayer-col-holder > div:not(:last-child){margin-bottom: 15px}
.p-jzl6522 > .pagelayer-background-overlay{-webkit-transition: all 400ms !important; transition: all 400ms !important}
</style>
<div class=""pagelayer-col-holder""><div class=""p-xsb5673 pagelayer-share_grp pagelayer-share-type-icon-label pagelayer-social-bg-none pagelayer-scheme-official"" pagelayer-id=""xsb5673"">
<style pagelayer-style-id=""xsb5673"">.p-xsb5673{text-align: right}
.p-xsb5673 .pagelayer-share-content{min-height: 35px;-webkit-transition: all 400ms; transition: all 400ms}
.p-xsb5673 i{font-size: 27px}
.p-xsb5673 .pagelayer-icon-holder{font-size: 27px}
.p-xsb5673 .pagelayer-share-content i{-webkit-transition: all 400ms; transition: all 400ms}
.p-xsb5673 .pagelayer-icon-name{font-family: Roboto; font-size: 15px !important; font-style:  !important; font-weight: 500 !important; font-variant:  !important; text-decoration-line:  !important; text-decoration-style:  !important; line-height: em !important; text-transform:  !important; letter-spacing: px !important; word-spacing: px !important}
@media (max-width: 768px) and (min-width: 501px){.p-xsb5673{text-align: left}
.p-xsb5673 .pagelayer-share{padding-top: 10px; padding-bottom: 10px;padding-left: 10px; padding-right: 10px}
.p-xsb5673 i{font-size: 20px}
.p-xsb5673 .pagelayer-icon-holder{font-size: 20px}
.p-xsb5673 .pagelayer-icon-name{font-family: ; font-size: 13px !important; font-style:  !important; font-weight:  !important; font-variant:  !important; text-decoration-line:  !important; text-decoration-style:  !important; line-height: em !important; text-transform:  !important; letter-spacing: px !important; word-spacing: px !important}
}
@media (max-width: 500px){.p-xsb5673{text-align: left}
.p-xsb5673 .pagelayer-share{padding-top: 10px; padding-bottom: 10px;padding-left: 10px; padding-right: 10px}
.p-xsb5673 .pagelayer-share-content{min-height: NaNpx}
.p-xsb5673 i{font-size: 20px}
.p-xsb5673 .pagelayer-icon-holder{font-size: 20px}
.p-xsb5673 .pagelayer-icon-name{font-family: ; font-size: 13px !important; font-style:  !important; font-weight:  !important; font-variant:  !important; text-decoration-line:  !important; text-decoration-style:  !important; line-height: em !important; text-transform:  !important; letter-spacing: px !important; word-spacing: px !important}
}
</style><div class=""p-9mh2934 pagelayer-share"" pagelayer-id=""9mh2934"">
<a class=""pagelayer-ele-link"" href=""https://www.facebook.com/sharer/sharer.php?u=almuftionline.com/2025/01/06/18477/"" target=""_blank"" title=""fab fa-facebook-square"">
<div class=""pagelayer-share-content pagelayer-facebook-square"" data-icon=""fab fa-facebook-square"">
<div class=""pagelayer-icon-holder pagelayer-share-buttons"">
<i class=""pagelayer-social-fa fab fa-facebook-square""></i>
</div>
<div class=""pagelayer-icon-name"">
<span class=""pagelayer-icon-name-span"">Facebook</span>
</div>
</div>
</a></div><div class=""p-rai4926 pagelayer-share"" pagelayer-id=""rai4926"">
<a class=""pagelayer-ele-link"" href=""https://twitter.com/share?url=almuftionline.com/2025/01/06/18477/"" target=""_blank"" title=""fab fa-twitter-square"">
<div class=""pagelayer-share-content pagelayer-twitter-square"" data-icon=""fab fa-twitter-square"">
<div class=""pagelayer-icon-holder pagelayer-share-buttons"">
<i class=""pagelayer-social-fa fab fa-twitter-square""></i>
</div>
<div class=""pagelayer-icon-name"">
<span class=""pagelayer-icon-name-span"">Twitter</span>
</div>
</div>
</a></div><div class=""p-ndy3728 pagelayer-share"" pagelayer-id=""ndy3728"">
<a class=""pagelayer-ele-link"" href=""whatsapp://send?text=almuftionline.com/2025/01/06/18477/"" target=""_blank"" title=""fab fa-whatsapp"">
<div class=""pagelayer-share-content pagelayer-whatsapp"" data-icon=""fab fa-whatsapp"">
<div class=""pagelayer-icon-holder pagelayer-share-buttons"">
<i class=""pagelayer-social-fa fab fa-whatsapp""></i>
</div>
<div class=""pagelayer-icon-name"">
<span class=""pagelayer-icon-name-span"">WhatsApp</span>
</div>
</div>
</a></div></div></div></div></div></div><div class=""p-zqp4850 pagelayer-inner_row pagelayer-row-stretch-auto pagelayer-height-default"" pagelayer-id=""zqp4850"">
<style pagelayer-style-id=""zqp4850"">.p-zqp4850 .pagelayer-col-holder{padding: 10px}
.p-zqp4850 > .pagelayer-background-overlay{-webkit-transition: all 400ms !important; transition: all 400ms !important}
.p-zqp4850 .pagelayer-svg-top .pagelayer-shape-fill{fill:#227bc3}
.p-zqp4850 .pagelayer-row-svg .pagelayer-svg-top{width:100%;height:100px}
.p-zqp4850 .pagelayer-svg-bottom .pagelayer-shape-fill{fill:#e44993}
.p-zqp4850 .pagelayer-row-svg .pagelayer-svg-bottom{width:100%;height:100px}
</style>
<div class=""pagelayer-row-holder pagelayer-row pagelayer-auto pagelayer-width-auto""><div class=""p-q725202 pagelayer-col pagelayer-col-2"" pagelayer-id=""q725202"">
<style pagelayer-style-id=""q725202"">.p-q725202{align-content: center !important}
.p-q725202 .pagelayer-col-holder > div:not(:last-child){margin-bottom: 15px}
.p-q725202 > .pagelayer-background-overlay{-webkit-transition: all 400ms !important; transition: all 400ms !important}
</style>
<div class=""pagelayer-col-holder""><div class=""p-55r4448 pagelayer-post_nav"" pagelayer-id=""55r4448"">
<style pagelayer-style-id=""55r4448"">.p-55r4448 .pagelayer-post-nav-link{color:#adb5bd;font-family:  !important; font-size: 15px !important; font-style:  !important; font-weight:  !important; font-variant:  !important; text-decoration-line:  !important; text-decoration-style:  !important; line-height: em !important; text-transform:  !important; letter-spacing: px !important; word-spacing: px !important}
.p-55r4448 .pagelayer-post-nav-title{color:#000000;font-family:  !important; font-size: 18px !important; font-style:  !important; font-weight: bold !important; font-variant:  !important; text-decoration-line:  !important; text-decoration-style: Solid !important; line-height: em !important; text-transform:  !important; letter-spacing: px !important; word-spacing: px !important}
.p-55r4448 .pagelayer-post-nav-icon{color:#adb5bd;font-size:30px}
.p-55r4448 .pagelayer-post-nav-separator{display:none}
@media (max-width: 768px) and (min-width: 501px){.p-55r4448 .pagelayer-post-nav-link{font-family:  !important; font-size: 12px !important; font-style:  !important; font-weight:  !important; font-variant:  !important; text-decoration-line:  !important; text-decoration-style: Solid !important; line-height: em !important; text-transform:  !important; letter-spacing: px !important; word-spacing: px !important}
.p-55r4448 .pagelayer-post-nav-title{font-family:  !important; font-size: 15px !important; font-style:  !important; font-weight:  !important; font-variant:  !important; text-decoration-line:  !important; text-decoration-style: Solid !important; line-height: em !important; text-transform:  !important; letter-spacing: px !important; word-spacing: px !important}
}
@media (max-width: 500px){.p-55r4448 .pagelayer-post-nav-link{font-family:  !important; font-size: 12px !important; font-style:  !important; font-weight:  !important; font-variant:  !important; text-decoration-line:  !important; text-decoration-style: Solid !important; line-height: em !important; text-transform:  !important; letter-spacing: px !important; word-spacing: px !important}
.p-55r4448 .pagelayer-post-nav-title{font-family:  !important; font-size: 12px !important; font-style:  !important; font-weight:  !important; font-variant:  !important; text-decoration-line:  !important; text-decoration-style: Solid !important; line-height: em !important; text-transform:  !important; letter-spacing: px !important; word-spacing: px !important}
}
</style><div class=""pagelayer-post-nav-container"">
<div class=""pagelayer-prev-post"">
<a href=""https://almuftionline.com/2025/01/06/18478/"" rel=""prev""><span class=""pagelayer-post-nav-icon fa fa-chevron-left""></span>
<span class=""pagelayer-next-holder"">
<span class=""pagelayer-post-nav-link""> Previous</span><span class=""pagelayer-post-nav-title"">عدالتی خلع کے بعد بیوی سے متعلق”وہ بھی میری طرف سے آزاد ہے” کہنا</span>
</span></a>
</div>
<div class=""pagelayer-post-nav-separator""></div>
<div class=""pagelayer-next-post"">
<a href=""https://almuftionline.com/2025/01/07/15855/"" rel=""next""><span class=""pagelayer-next-holder"">
<span class=""pagelayer-post-nav-link""> Next</span><span class=""pagelayer-post-nav-title"">مردار کو آبادی سے دور  پھینکنےپر اجرت لینے کا حکم</span>
</span>
<span class=""pagelayer-post-nav-icon fa fa-chevron-right""></span></a>
</div>
</div></div></div></div></div></div></div>"
2025-01-06,https://almuftionline.com/2025/01/06/18478/,عدالتی خلع کے بعد بیوی سے متعلق”وہ بھی میری طرف سے آزاد ہے” کہنا,"<p>دوسرا سوال میرا یہ ہے کہ جس رات خلع کا یہ عدالتی فیصلہ مجھے موصول ہوا،طبیعت میں بہت افسردگی تھی،سب جھوٹ پڑھ کر اور اس دھوکے سے خلع کو لیکر رات کو والدین سے کال پر بات کرتے ہوئے میرے منہ سے یہ جملہ نکلا:""وہ(زوجہ) بھی میری طرف سے آزاد ہے""۔</p><p>یہ جملے میں نے ایک تو اپنے والدین سے کال پر بات کرتے ہوئے بولے،میری زوجہ کے علم میں یہ بات نہیں ہے،والدین سے بات کرتے ہوئے انہوں نے اپنے کسی جملےمیں آزاد لفظ بولا،جیسا کہ""وہ تو عدالتی فیصلہ لے کر آزاد ہوگئی ہے اور یہ ہی برحق فیصلہ ہے،کیونکہ خلع کے فیصلے کو بدلا نہیں جا سکتا،نہ رد کروایا جا سکتا ہے اور نہ ہی اس پر عدالت میں مرد کی کوئی سنوائی ہے"" ایسے ہی کچھ جملے بولے تھے،صحیح سے یاد نہیں،جس پر میں نے زوجہ کے حوالے سے یہ جملہ اپنے والدین کے سامنے بول دیا۔</p><p>اب اپنےاس جملے کی وضاحت دیتا چلوں کہ:</p><p><strong>نیت:</strong> میری نیت کبھی طلاق دینے کی تھی ہی نہیں، نہ ہی خلع سے پہلے نہ ہی خلع کے بعد،یہ جملہ جومیں نے بولا،محض ایک افسردگی اور بے بسی کے تحت بولااور سیاق و سباق بھی بتا دیا کہ والدین سے کال پر کیا گفتگو چل رہی تھی۔</p><p><strong>دل و دماغ کی حالت:</strong> یہ جملہ جب منہ سے نکلا جیسے بے بسی کی حالت ہوکہ اب تو میرے بس میں کچھ نہیں ہے، کیونکہ زوجہ نے عدالتی خلع سے خود کو آزاد کرلیا اور میرے ناقص علم کے مطابق مجھے ابھی تک یہی پتا ہے کہ جب عورت خلع لے لے تو مرد کے پاس طلاق دینے کا اختیار نہیں رہتا،کیونکہ رشتہ تو ٹوٹ چکا ہوتا ہے، پھر چاہے آپ طلاق بولو یا کوئی بھی لفظ وہ بے معنی ہے اور اس وقت مجھے یہی معلوم تھا کہ خلع ہو چکی ہے۔</p><p><strong>طلاق اور خلع سے متعلق میرا علم: </strong>شروع سے میرے علم میں یہ بات رہی ہے کہ جب منہ سے طلاق دینی ہو تو بیوی کا سامنے ہونا ضروری ہے اسے مخاطب کرکے یا اس کے علم تک یہ بات پہنچ جائے كسی گواہ کی مدد سے یا لکھ کر بھیج دی جائے،جب تک وہ خود پڑھ نہ لے اور اگر لفظ ""آزاد"" کی بھی بات کی جائے تو اس کے حوالے سے بھی میرے علم میں یہی بات رہی ہےکہ بیوی کا سامنے  ہونا یا ان سے مخاطب ہوکر ایسے لفظ کا بولنا نکاح پر اثر انداز ہوسکتا ہے اور جب بھی اس موضوع پر کوئی یوٹیوب پر ویڈیو دیکھی تو علماء کرام کی بھی یہی تفصیل آتی ہے کہ اگر مرد نے براہ راست بیوی کو یہ بول دیا،وہ بول دیا،ایسا لفظ بول دیا تو کیا احکامات ہوتے ہیں،جبکہ میں اپنے والدین سے کال پربات کر رہا تھا اور اس لفظ یا جملے کا میری بیوی کو علم تک نہیں، وہ خلع کا فیصلہ بھیج کر مجھے واٹس ایپ پر بلاک کرگئی تھی۔</p><p>لفظ ""آزاد"" کا وزن: اس سارے معاملے کو دیکھتے ہوئے،جس میں  اگر خلع کا غیر شرعی،غیر اخلاقی،غیر قانونی ہونا ثابت ہو جائے تو اس کے بعد بولے گئے لفط آزاد میں کتنا وزن رہ جاتا ہے؟ اس لفظ کی کیا حیثیت رہ جاتی ہے؟ اورمیں اپنی نیت کی، اپنے محدود علم کی، اپنے سیاق و سباق کی اور اپنے اس وقت کے دل و دماغ کے جذبات اور کیفیت کی تفصیل دینے کے بعد اب اس لفظ کی ادائیگی پر شرعی احکامات کیا لاگو ہوتے ہیں ؟ اور نکاح پر کیا اثرات پڑتے ہیں شرعی حیثیت سے ؟</p><p>علماء کرام جامعۃ الرشید سے اپنے ان دو سوالوں کے لئے الگ الگ تحریری فتویٰ کی درخواست کرتا ہوں اور مستقبل کی راہنمائی بھی چاہتا ہوں۔</p><p> ان  دو سوالوں کے واقعات میں مزید کافی تفصیل بھی ہے،مگر چونکہ لکھ کر سوال پوچھنے کا کہا گیا ہے جس کی باعث جتنا محدود ہو کر سمجھاسکا اور پوچھ سکا میں نے پوری کوشش کردی، امید ہے معاملہ کافی حد تک سمجھ میں آجائے گا، مزید کسی بھی قسم کی تفصیل اگر درکار ہوئی تو میں ان شاء اللہ حاضر خدمت ہوں۔</p>","<h4 class=""has-text-align-center"">اَلجَوَابْ بِاسْمِ مُلْہِمِ الصَّوَابْ

</h4><p>واضح رہے کہ طلاق کے وقوع کے لئے نہ طلاق کا بیوی کو علم ہونا شرط ہے اور نہ گواہوں کا موجود ہونا،بلکہ جب شوہر کی زبان سے طلاق کے جملے نکلتے ہی طلاق واقع ہوجاتی ہے،چاہے بیوی سنے یا نہ سنے،گواہ موجود ہوں یا نہ ہوں اور بیوی کو اس کا علم ہویا نہ ہو۔</p><p>نیز شریعت کے احکام سے لاعلمی کا عذر بھی شرعا معتبر نہیں ہے،لہذا آپ کے اس گمان سے بھی طلاق کے حکم پر کوئی فرق نہیں پڑے گا کہ عدالتی خلع کے نفاذ کے بعد طلاق واقع نہیں ہوگی۔</p><p>چنانچہ آپ نے اپنے جملے میں جو لفظ""آزاد"" استعمال کیا ہے وہ  اپنی اصل وضع کے لحاظ سے طلاق کے کنایہ الفاظ میں سے ہے اور کنایہ الفاظ کی اس قسم میں سے ہے جن میں صرف جواب بننے کا احتمال ہے جن سے قرینے(حالتِ غضب یا مذاکرہ طلاق) کی موجودگی میں بغیر نیت کے بھی طلاق واقع ہوجاتی ہے۔</p><p>لہذا مذکورہ صورت میں آپ کے بولے گئے جملے ""وہ زوجہ بھی میری طرف سے آزاد ہے ""سے حالتِ غضب کے قرینے کی وجہ سے ایک بائن طلاق واقع ہوچکی ہے،کیونکہ بظاہر آپ نے یہ جملہ اپنے غصے کے اظہار کے لئے بولا ہے کہ جب بیوی میرے ساتھ نہیں رہنا چاہتی اور عدالت سے جھوٹے الزامات لگاکر خلع کی ڈگری لے لی ہے تو وہ بھی میری طرف سے آزاد ہے۔</p><p>جس کا حکم یہ ہے کہ اب اگر میاں بیوی دوبارہ ازدواجی زندگی میں منسلک ہونا چاہتے ہیں تو باہمی رضامندی سے دو گواہوں کی موجودگی میں نئے مہر کے ساتھ نیا نکاح کرنا پڑے گا۔</p><p>لیکن یہ حکم اس صورت میں ہے جب لفظ آزاد آپ کے علاقے کے عرف میں بیوی کو طلاق دینے کے لئے اس طرح خاص نہ ہو جس طرح طلاق کا لفظ کہ شوہر جب بھی بیوی کے سامنے یہ لفظ بولے تو اس سے طلاق ہی کا معنی مراد لیا جاتا ہو،بلکہ یہ لفظ طلاق کے علاوہ دیگر مقاصد کے لئے بھی بیوی سے بولا جاتا ہو،مثلا نکاح برقرار رکھتے ہوئے بیوی کو اعمال وافعال کی آزادی دینا وغیرہ،اگر بالفرض آپ کے علاقے کے عرف میں یہ لفظ صرف بیوی کو طلاق دینے کے لئےہی بیوی کے سامنے بولا جاتا ہوتو پھر یہ لفظ ایک دفعہ بولنے کی صورت میں ایک رجعی طلاق واقع ہوگی،جس کے بعد عدت کے دوران  شوہرتجدیدِ نکاح کے بغیر  بیوی سے زبانی یا عملی طور پر رجوع کرسکتا ہے۔</p><p>واضح رہے کہ دونوں صورتوں میں میاں بیوی کے دوبارہ ازدواجی رشتے میں منسلک ہونے کی صورت میں شوہر کے پاس مزید صرف دوطلاقوں کا اختیار باقی رہے گا اور پہلی (طلاق بائن واقع ہونے کی) صورت میں عدت گزرنے کے بعد وہ کسی اور نکاح کرسکے گی،جبکہ دوسری(طلاق رجعی واقع ہونے کی)صورت میں کسی اور سے نکاح کا اختیار تب ہوگا جب آپ عدت کے دوران رجوع نہ کریں۔</p><h6 class=""has-text-align-right"">حوالہ جات</h6><div style=""direction: rtl;font-family: Amiri;
    
     font-size: 13px; font-weight: 400;""><p>""البحر الرائق "" (3/ 272):</p>
<p>""ومنه أخبرها بطلاقها بشرها بطلاقها احمل إليها طلاقها أخبرها أنها طالق قل لها إنها طالق فتطلق للحال ولا يتوقف على وصول الخبر إليها ولا على قول المأمور ذلك"".</p>
<p>""رد المحتار""(2/ 380):</p>
<p>""إن الجهل بالأحكام في دار الإسلام ليس بمعتبر"".</p>
<p>""الدر المختار "" (3/ 298):</p>
<p>""فالحالات ثلاث: رضا وغضب ومذاكرة والكنايات ثلاث ما يحتمل الرد أو ما يصلح للسب، أو لا ولا (فنحو <strong>اخرجي واذهبي وقومي</strong>) تقنعي تخمري استتري انتقلي انطلقي اغربي اعزبي من الغربة أو من العزوبة (يحتمل ردا، ونحو خلية برية حرام بائن) ومرادفها كبتة بتلة (يصلح سبا، ونحو اعتدي واستبرئي رحمك، أنت واحدة، <strong>أنت حرة</strong>، اختاري أمرك بيدك سرحتك، فارقتك <strong>لا يحتمل السب والرد</strong>، ففي حالة الرضا) أي غير الغضب والمذاكرة (تتوقف الأقسام) الثلاثة تأثيرا (على نية) للاحتمال والقول له بيمينه في عدم النية ويكفي تحليفها له في منزله، فإن أبى رفعته للحاكم فإن نكل فرق بينهما مجتبى.</p>
<p>(وفي الغضب) توقف (الأولان) إن نوى وقع وإلا لا (وفي مذاكرة الطلاق) يتوقف (الأول فقط) ويقع بالأخيرين وإن لم ينو لأن مع الدلالة لا يصدق قضاء في نفي النية لأنها أقوى لكونها ظاهرة"".</p>
<p>قال العلامة ابن عابدین رحمہ اللہ :"" <strong>(قوله: أنت حرة) أي لبراءتك من الرق أو من رق النكاح وأعتقتك مثل أنت حرة كما في الفتح، وكذا كوني حرة أو اعتقي كما في البدائع نهر</strong>.....</p>
<p> (قوله :توقف الأولان) أي ما يصلح ردا وجوابا وما يصلح سبا وجوابا ولا يتوقف ما يتعين للجواب،بيان ذلك :</p>
<p>أن حالة الغضب تصلح للرد والتبعيد والسب والشتم كما تصلح للطلاق، وألفاظ الأولين يحتملان ذلك أيضا فصار الحال في نفسه محتملا للطلاق وغيره، فإذا عنى به غيره فقد نوى ما يحتمله كلامه ولا يكذبه الظاهر فيصدق في القضاء، بخلاف الألفاظ الأخير: أي ما يتعين للجواب ؛لأنها وإن احتملت الطلاق وغيره أيضا لكنها لما زال عنها احتمال الرد والتبعيد والسب والشتم اللذين احتملتهما حال الغضب ،تعينت الحال على إرادة الطلاق فترجح جانب الطلاق في كلامه ظاهرا، فلا يصدق في الصرف عن الظاهر، فلذا وقع بها قضاء بلا توقف على النية كما في صريح الطلاق إذا نوى به الطلاق عن وثاق"".</p>
</div><p>محمد طارق</p><p>دارالافتاءجامعۃالرشید</p><p>05<span dir=""LTR"">/</span>رجب 1446ھ</p><h6 class=""has-text-align-center"">
واللہ سبحانہ وتعالی اعلم
</h6><figure class=""wp-block-table""><table><tbody><tr><td><h3>مجیب</h3></td><td>محمد طارق  غرفی</td><td><h3>مفتیان</h3></td><td>سیّد عابد شاہ صاحب / محمد حسین خلیل خیل صاحب</td></tr></tbody></table></figure>",86166,jameya-tur-rasheed,طلاق کے احکام,الفاظ کنایہ سے طلاق  کا بیان,"<div class=""pagelayer-col-holder""><div class=""p-kgd1425 pagelayer-post_excerpt"" pagelayer-id=""kgd1425"">
<style pagelayer-style-id=""kgd1425"">.p-kgd1425 .pagelayer-post-excerpt{color:#adb5bd;font-family: ; font-size: 15px !important; font-style: Italic !important; font-weight: 500 !important; font-variant:  !important; text-decoration-line:  !important; text-decoration-style:  !important; line-height: 1.5em !important; text-transform:  !important; letter-spacing: px !important; word-spacing: px !important;margin-top:0px; margin-right:0px; margin-bottom:0px; margin-left:0px}
.p-kgd1425{text-align: left;margin-top: 0px; margin-right: 0px; margin-bottom: 0px; margin-left: 0px;padding-top: 0px; padding-right: 0px; padding-bottom: 0px; padding-left: 0px}
</style></div><div class=""p-4wb1030 pagelayer-featured_img"" pagelayer-id=""4wb1030"">
<style pagelayer-style-id=""4wb1030"">.p-4wb1030{text-align: center}
.p-4wb1030 img{filter: blur(0px) brightness(100%) contrast(100%) grayscale(0%) hue-rotate(0deg) opacity(100%) saturate(100%);box-shadow: 0px 24px 36px 0px rgba(0,0,0,0.10)  !important;-webkit-transition: all 400ms; transition: all 400ms}
.p-4wb1030 .pagelayer-featured-caption{color: #0986c0}
</style>
<div class=""pagelayer-featured-img""></div>
</div><div class=""p-f8n3612 pagelayer-inner_row pagelayer-row-stretch-auto pagelayer-height-default"" pagelayer-id=""f8n3612"">
<style pagelayer-style-id=""f8n3612"">.p-f8n3612 .pagelayer-col-holder{padding: 10px}
.p-f8n3612 > .pagelayer-background-overlay{-webkit-transition: all 400ms !important; transition: all 400ms !important}
.p-f8n3612 .pagelayer-svg-top .pagelayer-shape-fill{fill:#227bc3}
.p-f8n3612 .pagelayer-row-svg .pagelayer-svg-top{width:100%;height:100px}
.p-f8n3612 .pagelayer-svg-bottom .pagelayer-shape-fill{fill:#e44993}
.p-f8n3612 .pagelayer-row-svg .pagelayer-svg-bottom{width:100%;height:100px}
</style>
<div class=""pagelayer-row-holder pagelayer-row pagelayer-auto pagelayer-width-auto""><div class=""p-i795860 pagelayer-col pagelayer-col-4"" pagelayer-id=""i795860"">
<style pagelayer-style-id=""i795860"">.p-i795860{align-content: center !important}
.p-i795860 .pagelayer-col-holder > div:not(:last-child){margin-bottom: 15px}
.p-i795860 > .pagelayer-background-overlay{-webkit-transition: all 400ms !important; transition: all 400ms !important}
</style>
<div class=""pagelayer-col-holder""><div class=""p-qip3968 pagelayer-post_info"" pagelayer-id=""qip3968"">
<style pagelayer-style-id=""qip3968"">.p-qip3968 .pagelayer-post-info-vertical .pagelayer-post-info-list-container{margin-right:25px}
.p-qip3968 .pagelayer-post-info-horizontal .pagelayer-post-info-list-container{margin-bottom:25px}
.p-qip3968 .pagelayer-post-info-container{text-align:right}
.p-qip3968 .pagelayer-post-info-icon span{font-size:120%;color:#495057}
.p-qip3968 .pagelayer-post-info-list-container a{font-family: Roboto !important; font-size: 14px !important; font-style:  !important; font-weight: 500 !important; font-variant:  !important; text-decoration-line:  !important; text-decoration-style:  !important; line-height: 1.6em !important; text-transform:  !important; letter-spacing: px !important; word-spacing: px !important}
.p-qip3968 .pagelayer-post-info-label{color:#495057}
.p-qip3968 .pagelayer-post-info-label a{color:#495057}
.p-qip3968 .pagelayer-post-info-label:hover{color:#000000}
.p-qip3968 .pagelayer-post-info-label:hover a{color:#000000}
</style><div class=""pagelayer-post-info-container pagelayer-post-info-vertical""><div class=""p-xj43574 pagelayer-post_info_list"" pagelayer-id=""xj43574"">
<div class=""pagelayer-post-info-list-container"">
<a class=""pagelayer-post-info-list-link"" href=""https://almuftionline.com/2025/01/06/"">
<span class=""pagelayer-post-info-icon"">
<span class=""far fa-clock""></span>
</span>
<span class=""pagelayer-post-info-label pagelayer-date"">جنوری 6, 2025</span>
</a>
</div></div></div></div></div></div><div class=""p-t2j1983 pagelayer-col pagelayer-col-7"" pagelayer-id=""t2j1983"">
<style pagelayer-style-id=""t2j1983"">.p-t2j1983{align-content: center !important}
.p-t2j1983 .pagelayer-col-holder > div:not(:last-child){margin-bottom: 15px}
.p-t2j1983 > .pagelayer-background-overlay{-webkit-transition: all 400ms !important; transition: all 400ms !important}
</style>
<div class=""pagelayer-col-holder""><div class=""p-dbq3916 pagelayer-post_info"" pagelayer-id=""dbq3916"">
<style pagelayer-style-id=""dbq3916"">.p-dbq3916 .pagelayer-post-info-container{text-align:right}
.p-dbq3916 .pagelayer-post-info-icon span{font-size:120%;color:#495057}
.p-dbq3916 .pagelayer-post-info-list-container a{font-family: Roboto !important; font-size: 14px !important; font-style:  !important; font-weight: 500 !important; font-variant:  !important; text-decoration-line:  !important; text-decoration-style:  !important; line-height: 1.6em !important; text-transform:  !important; letter-spacing: px !important; word-spacing: px !important}
.p-dbq3916 .pagelayer-post-info-label{color:#0072ff}
.p-dbq3916 .pagelayer-post-info-label a{color:#0072ff}
.p-dbq3916 .pagelayer-terms *{color:#f8952c !important;padding-top:5px; padding-right:10px; padding-bottom:5px; padding-left:10px;margin-top:0px; margin-right:5px; margin-bottom:0px; margin-left:5px;border-radius: 4px 4px 4px 4px; -webkit-border-radius:  4px 4px 4px 4px;-moz-border-radius: 4px 4px 4px 4px}
.p-dbq3916{padding-top: 0px; padding-right: 0px; padding-bottom: 0px; padding-left: 0px}
@media (max-width: 768px) and (min-width: 501px){.p-dbq3916 .pagelayer-post-info-container{text-align:left}
}
@media (max-width: 500px){.p-dbq3916 .pagelayer-post-info-container{text-align:left}
}
</style><div class=""pagelayer-post-info-container pagelayer-post-info-vertical""><div class=""p-wpv7212 pagelayer-post_info_list"" pagelayer-id=""wpv7212"">
<div class=""pagelayer-post-info-list-container"">
<span class=""pagelayer-post-info-icon"">
</span>
<span class=""pagelayer-post-info-label pagelayer-terms""> <a href=""https://almuftionline.com/category/fatwa/19/""> طلاق کے احکام </a></span>
</div></div></div></div></div></div></div></div><div class=""p-trw3096 pagelayer-inner_row pagelayer-row-stretch-auto pagelayer-height-default"" pagelayer-id=""trw3096"">
<style pagelayer-style-id=""trw3096"">.p-trw3096 .pagelayer-col-holder{padding: 10px}
.p-trw3096 > .pagelayer-background-overlay{-webkit-transition: all 400ms !important; transition: all 400ms !important}
.p-trw3096 .pagelayer-svg-top .pagelayer-shape-fill{fill:#227bc3}
.p-trw3096 .pagelayer-row-svg .pagelayer-svg-top{width:100%;height:100px}
.p-trw3096 .pagelayer-svg-bottom .pagelayer-shape-fill{fill:#e44993}
.p-trw3096 .pagelayer-row-svg .pagelayer-svg-bottom{width:100%;height:100px}
</style>
<div class=""pagelayer-row-holder pagelayer-row pagelayer-auto pagelayer-width-auto""><div class=""p-wwu6541 pagelayer-col pagelayer-col-2"" pagelayer-id=""wwu6541"">
<style pagelayer-style-id=""wwu6541"">.p-wwu6541{align-content: center !important}
.p-wwu6541 .pagelayer-col-holder > div:not(:last-child){margin-bottom: 15px}
.p-wwu6541 > .pagelayer-background-overlay{-webkit-transition: all 400ms !important; transition: all 400ms !important}
</style>
<div class=""pagelayer-col-holder""><div class=""p-ccj4284 pagelayer-post_content"" pagelayer-id=""ccj4284"">
<style pagelayer-style-id=""ccj4284"">.p-ccj4284{text-align: right}
</style><div class=""entry-content pagelayer-post-excerpt""><figure class=""wp-block-table""><table><tbody><tr><td>86166</td><td>طلاق کے احکام</td><td>الفاظ کنایہ سے طلاق  کا بیان</td></tr></tbody></table></figure><div style=""direction:rtl;line-height: 2.5;""><h3 class=""has-text-align-center"">سوال</h3><p>دوسرا سوال میرا یہ ہے کہ جس رات خلع کا یہ عدالتی فیصلہ مجھے موصول ہوا،طبیعت میں بہت افسردگی تھی،سب جھوٹ پڑھ کر اور اس دھوکے سے خلع کو لیکر رات کو والدین سے کال پر بات کرتے ہوئے میرے منہ سے یہ جملہ نکلا:""وہ(زوجہ) بھی میری طرف سے آزاد ہے""۔</p>
<p>یہ جملے میں نے ایک تو اپنے والدین سے کال پر بات کرتے ہوئے بولے،میری زوجہ کے علم میں یہ بات نہیں ہے،والدین سے بات کرتے ہوئے انہوں نے اپنے کسی جملےمیں آزاد لفظ بولا،جیسا کہ""وہ تو عدالتی فیصلہ لے کر آزاد ہوگئی ہے اور یہ ہی برحق فیصلہ ہے،کیونکہ خلع کے فیصلے کو بدلا نہیں جا سکتا،نہ رد کروایا جا سکتا ہے اور نہ ہی اس پر عدالت میں مرد کی کوئی سنوائی ہے"" ایسے ہی کچھ جملے بولے تھے،صحیح سے یاد نہیں،جس پر میں نے زوجہ کے حوالے سے یہ جملہ اپنے والدین کے سامنے بول دیا۔</p>
<p>اب اپنےاس جملے کی وضاحت دیتا چلوں کہ:</p>
<p><strong>نیت:</strong> میری نیت کبھی طلاق دینے کی تھی ہی نہیں، نہ ہی خلع سے پہلے نہ ہی خلع کے بعد،یہ جملہ جومیں نے بولا،محض ایک افسردگی اور بے بسی کے تحت بولااور سیاق و سباق بھی بتا دیا کہ والدین سے کال پر کیا گفتگو چل رہی تھی۔</p>
<p><strong>دل و دماغ کی حالت:</strong> یہ جملہ جب منہ سے نکلا جیسے بے بسی کی حالت ہوکہ اب تو میرے بس میں کچھ نہیں ہے، کیونکہ زوجہ نے عدالتی خلع سے خود کو آزاد کرلیا اور میرے ناقص علم کے مطابق مجھے ابھی تک یہی پتا ہے کہ جب عورت خلع لے لے تو مرد کے پاس طلاق دینے کا اختیار نہیں رہتا،کیونکہ رشتہ تو ٹوٹ چکا ہوتا ہے، پھر چاہے آپ طلاق بولو یا کوئی بھی لفظ وہ بے معنی ہے اور اس وقت مجھے یہی معلوم تھا کہ خلع ہو چکی ہے۔</p>
<p><strong>طلاق اور خلع سے متعلق میرا علم: </strong>شروع سے میرے علم میں یہ بات رہی ہے کہ جب منہ سے طلاق دینی ہو تو بیوی کا سامنے ہونا ضروری ہے اسے مخاطب کرکے یا اس کے علم تک یہ بات پہنچ جائے كسی گواہ کی مدد سے یا لکھ کر بھیج دی جائے،جب تک وہ خود پڑھ نہ لے اور اگر لفظ ""آزاد"" کی بھی بات کی جائے تو اس کے حوالے سے بھی میرے علم میں یہی بات رہی ہےکہ بیوی کا سامنے  ہونا یا ان سے مخاطب ہوکر ایسے لفظ کا بولنا نکاح پر اثر انداز ہوسکتا ہے اور جب بھی اس موضوع پر کوئی یوٹیوب پر ویڈیو دیکھی تو علماء کرام کی بھی یہی تفصیل آتی ہے کہ اگر مرد نے براہ راست بیوی کو یہ بول دیا،وہ بول دیا،ایسا لفظ بول دیا تو کیا احکامات ہوتے ہیں،جبکہ میں اپنے والدین سے کال پربات کر رہا تھا اور اس لفظ یا جملے کا میری بیوی کو علم تک نہیں، وہ خلع کا فیصلہ بھیج کر مجھے واٹس ایپ پر بلاک کرگئی تھی۔</p>
<p>لفظ ""آزاد"" کا وزن: اس سارے معاملے کو دیکھتے ہوئے،جس میں  اگر خلع کا غیر شرعی،غیر اخلاقی،غیر قانونی ہونا ثابت ہو جائے تو اس کے بعد بولے گئے لفط آزاد میں کتنا وزن رہ جاتا ہے؟ اس لفظ کی کیا حیثیت رہ جاتی ہے؟ اورمیں اپنی نیت کی، اپنے محدود علم کی، اپنے سیاق و سباق کی اور اپنے اس وقت کے دل و دماغ کے جذبات اور کیفیت کی تفصیل دینے کے بعد اب اس لفظ کی ادائیگی پر شرعی احکامات کیا لاگو ہوتے ہیں ؟ اور نکاح پر کیا اثرات پڑتے ہیں شرعی حیثیت سے ؟</p>
<p>علماء کرام جامعۃ الرشید سے اپنے ان دو سوالوں کے لئے الگ الگ تحریری فتویٰ کی درخواست کرتا ہوں اور مستقبل کی راہنمائی بھی چاہتا ہوں۔</p>
<p> ان  دو سوالوں کے واقعات میں مزید کافی تفصیل بھی ہے،مگر چونکہ لکھ کر سوال پوچھنے کا کہا گیا ہے جس کی باعث جتنا محدود ہو کر سمجھاسکا اور پوچھ سکا میں نے پوری کوشش کردی، امید ہے معاملہ کافی حد تک سمجھ میں آجائے گا، مزید کسی بھی قسم کی تفصیل اگر درکار ہوئی تو میں ان شاء اللہ حاضر خدمت ہوں۔</p>
<h4 class=""has-text-align-center"">اَلجَوَابْ بِاسْمِ مُلْہِمِ الصَّوَابْ

</h4><p>واضح رہے کہ طلاق کے وقوع کے لئے نہ طلاق کا بیوی کو علم ہونا شرط ہے اور نہ گواہوں کا موجود ہونا،بلکہ جب شوہر کی زبان سے طلاق کے جملے نکلتے ہی طلاق واقع ہوجاتی ہے،چاہے بیوی سنے یا نہ سنے،گواہ موجود ہوں یا نہ ہوں اور بیوی کو اس کا علم ہویا نہ ہو۔</p>
<p>نیز شریعت کے احکام سے لاعلمی کا عذر بھی شرعا معتبر نہیں ہے،لہذا آپ کے اس گمان سے بھی طلاق کے حکم پر کوئی فرق نہیں پڑے گا کہ عدالتی خلع کے نفاذ کے بعد طلاق واقع نہیں ہوگی۔</p>
<p>چنانچہ آپ نے اپنے جملے میں جو لفظ""آزاد"" استعمال کیا ہے وہ  اپنی اصل وضع کے لحاظ سے طلاق کے کنایہ الفاظ میں سے ہے اور کنایہ الفاظ کی اس قسم میں سے ہے جن میں صرف جواب بننے کا احتمال ہے جن سے قرینے(حالتِ غضب یا مذاکرہ طلاق) کی موجودگی میں بغیر نیت کے بھی طلاق واقع ہوجاتی ہے۔</p>
<p>لہذا مذکورہ صورت میں آپ کے بولے گئے جملے ""وہ زوجہ بھی میری طرف سے آزاد ہے ""سے حالتِ غضب کے قرینے کی وجہ سے ایک بائن طلاق واقع ہوچکی ہے،کیونکہ بظاہر آپ نے یہ جملہ اپنے غصے کے اظہار کے لئے بولا ہے کہ جب بیوی میرے ساتھ نہیں رہنا چاہتی اور عدالت سے جھوٹے الزامات لگاکر خلع کی ڈگری لے لی ہے تو وہ بھی میری طرف سے آزاد ہے۔</p>
<p>جس کا حکم یہ ہے کہ اب اگر میاں بیوی دوبارہ ازدواجی زندگی میں منسلک ہونا چاہتے ہیں تو باہمی رضامندی سے دو گواہوں کی موجودگی میں نئے مہر کے ساتھ نیا نکاح کرنا پڑے گا۔</p>
<p>لیکن یہ حکم اس صورت میں ہے جب لفظ آزاد آپ کے علاقے کے عرف میں بیوی کو طلاق دینے کے لئے اس طرح خاص نہ ہو جس طرح طلاق کا لفظ کہ شوہر جب بھی بیوی کے سامنے یہ لفظ بولے تو اس سے طلاق ہی کا معنی مراد لیا جاتا ہو،بلکہ یہ لفظ طلاق کے علاوہ دیگر مقاصد کے لئے بھی بیوی سے بولا جاتا ہو،مثلا نکاح برقرار رکھتے ہوئے بیوی کو اعمال وافعال کی آزادی دینا وغیرہ،اگر بالفرض آپ کے علاقے کے عرف میں یہ لفظ صرف بیوی کو طلاق دینے کے لئےہی بیوی کے سامنے بولا جاتا ہوتو پھر یہ لفظ ایک دفعہ بولنے کی صورت میں ایک رجعی طلاق واقع ہوگی،جس کے بعد عدت کے دوران  شوہرتجدیدِ نکاح کے بغیر  بیوی سے زبانی یا عملی طور پر رجوع کرسکتا ہے۔</p>
<p>واضح رہے کہ دونوں صورتوں میں میاں بیوی کے دوبارہ ازدواجی رشتے میں منسلک ہونے کی صورت میں شوہر کے پاس مزید صرف دوطلاقوں کا اختیار باقی رہے گا اور پہلی (طلاق بائن واقع ہونے کی) صورت میں عدت گزرنے کے بعد وہ کسی اور نکاح کرسکے گی،جبکہ دوسری(طلاق رجعی واقع ہونے کی)صورت میں کسی اور سے نکاح کا اختیار تب ہوگا جب آپ عدت کے دوران رجوع نہ کریں۔</p>
</div><h6 class=""has-text-align-right"">حوالہ جات</h6><div style=""direction: rtl;font-family: Amiri;
    
     font-size: 13px; font-weight: 400;""><p>""البحر الرائق "" (3/ 272):</p>
<p>""ومنه أخبرها بطلاقها بشرها بطلاقها احمل إليها طلاقها أخبرها أنها طالق قل لها إنها طالق فتطلق للحال ولا يتوقف على وصول الخبر إليها ولا على قول المأمور ذلك"".</p>
<p>""رد المحتار""(2/ 380):</p>
<p>""إن الجهل بالأحكام في دار الإسلام ليس بمعتبر"".</p>
<p>""الدر المختار "" (3/ 298):</p>
<p>""فالحالات ثلاث: رضا وغضب ومذاكرة والكنايات ثلاث ما يحتمل الرد أو ما يصلح للسب، أو لا ولا (فنحو <strong>اخرجي واذهبي وقومي</strong>) تقنعي تخمري استتري انتقلي انطلقي اغربي اعزبي من الغربة أو من العزوبة (يحتمل ردا، ونحو خلية برية حرام بائن) ومرادفها كبتة بتلة (يصلح سبا، ونحو اعتدي واستبرئي رحمك، أنت واحدة، <strong>أنت حرة</strong>، اختاري أمرك بيدك سرحتك، فارقتك <strong>لا يحتمل السب والرد</strong>، ففي حالة الرضا) أي غير الغضب والمذاكرة (تتوقف الأقسام) الثلاثة تأثيرا (على نية) للاحتمال والقول له بيمينه في عدم النية ويكفي تحليفها له في منزله، فإن أبى رفعته للحاكم فإن نكل فرق بينهما مجتبى.</p>
<p>(وفي الغضب) توقف (الأولان) إن نوى وقع وإلا لا (وفي مذاكرة الطلاق) يتوقف (الأول فقط) ويقع بالأخيرين وإن لم ينو لأن مع الدلالة لا يصدق قضاء في نفي النية لأنها أقوى لكونها ظاهرة"".</p>
<p>قال العلامة ابن عابدین رحمہ اللہ :"" <strong>(قوله: أنت حرة) أي لبراءتك من الرق أو من رق النكاح وأعتقتك مثل أنت حرة كما في الفتح، وكذا كوني حرة أو اعتقي كما في البدائع نهر</strong>.....</p>
<p> (قوله :توقف الأولان) أي ما يصلح ردا وجوابا وما يصلح سبا وجوابا ولا يتوقف ما يتعين للجواب،بيان ذلك :</p>
<p>أن حالة الغضب تصلح للرد والتبعيد والسب والشتم كما تصلح للطلاق، وألفاظ الأولين يحتملان ذلك أيضا فصار الحال في نفسه محتملا للطلاق وغيره، فإذا عنى به غيره فقد نوى ما يحتمله كلامه ولا يكذبه الظاهر فيصدق في القضاء، بخلاف الألفاظ الأخير: أي ما يتعين للجواب ؛لأنها وإن احتملت الطلاق وغيره أيضا لكنها لما زال عنها احتمال الرد والتبعيد والسب والشتم اللذين احتملتهما حال الغضب ،تعينت الحال على إرادة الطلاق فترجح جانب الطلاق في كلامه ظاهرا، فلا يصدق في الصرف عن الظاهر، فلذا وقع بها قضاء بلا توقف على النية كما في صريح الطلاق إذا نوى به الطلاق عن وثاق"".</p>
</div><p>محمد طارق</p>
<p>دارالافتاءجامعۃالرشید</p>
<p>05<span dir=""LTR"">/</span>رجب 1446ھ</p>
<h6 class=""has-text-align-center"">
واللہ سبحانہ وتعالی اعلم
</h6><figure class=""wp-block-table""><table><tbody><tr><td><h3>مجیب</h3></td><td>محمد طارق  غرفی</td><td><h3>مفتیان</h3></td><td>سیّد عابد شاہ صاحب / محمد حسین خلیل خیل صاحب</td></tr></tbody></table></figure></div></div></div></div></div></div><div class=""p-wl6689 pagelayer-inner_row pagelayer-row-stretch-auto pagelayer-height-default"" pagelayer-id=""wl6689"">
<style pagelayer-style-id=""wl6689"">.p-wl6689 .pagelayer-col-holder{padding: 10px}
.p-wl6689 > .pagelayer-background-overlay{-webkit-transition: all 400ms !important; transition: all 400ms !important}
.p-wl6689 .pagelayer-svg-top .pagelayer-shape-fill{fill:#227bc3}
.p-wl6689 .pagelayer-row-svg .pagelayer-svg-top{width:100%;height:100px}
.p-wl6689 .pagelayer-svg-bottom .pagelayer-shape-fill{fill:#e44993}
.p-wl6689 .pagelayer-row-svg .pagelayer-svg-bottom{width:100%;height:100px}
</style>
<div class=""pagelayer-row-holder pagelayer-row pagelayer-auto pagelayer-width-auto""><div class=""p-jzl6522 pagelayer-col pagelayer-col-6"" pagelayer-id=""jzl6522"">
<style pagelayer-style-id=""jzl6522"">.p-jzl6522{align-content: center !important}
.p-jzl6522 .pagelayer-col-holder > div:not(:last-child){margin-bottom: 15px}
.p-jzl6522 > .pagelayer-background-overlay{-webkit-transition: all 400ms !important; transition: all 400ms !important}
</style>
<div class=""pagelayer-col-holder""><div class=""p-xsb5673 pagelayer-share_grp pagelayer-share-type-icon-label pagelayer-social-bg-none pagelayer-scheme-official"" pagelayer-id=""xsb5673"">
<style pagelayer-style-id=""xsb5673"">.p-xsb5673{text-align: right}
.p-xsb5673 .pagelayer-share-content{min-height: 35px;-webkit-transition: all 400ms; transition: all 400ms}
.p-xsb5673 i{font-size: 27px}
.p-xsb5673 .pagelayer-icon-holder{font-size: 27px}
.p-xsb5673 .pagelayer-share-content i{-webkit-transition: all 400ms; transition: all 400ms}
.p-xsb5673 .pagelayer-icon-name{font-family: Roboto; font-size: 15px !important; font-style:  !important; font-weight: 500 !important; font-variant:  !important; text-decoration-line:  !important; text-decoration-style:  !important; line-height: em !important; text-transform:  !important; letter-spacing: px !important; word-spacing: px !important}
@media (max-width: 768px) and (min-width: 501px){.p-xsb5673{text-align: left}
.p-xsb5673 .pagelayer-share{padding-top: 10px; padding-bottom: 10px;padding-left: 10px; padding-right: 10px}
.p-xsb5673 i{font-size: 20px}
.p-xsb5673 .pagelayer-icon-holder{font-size: 20px}
.p-xsb5673 .pagelayer-icon-name{font-family: ; font-size: 13px !important; font-style:  !important; font-weight:  !important; font-variant:  !important; text-decoration-line:  !important; text-decoration-style:  !important; line-height: em !important; text-transform:  !important; letter-spacing: px !important; word-spacing: px !important}
}
@media (max-width: 500px){.p-xsb5673{text-align: left}
.p-xsb5673 .pagelayer-share{padding-top: 10px; padding-bottom: 10px;padding-left: 10px; padding-right: 10px}
.p-xsb5673 .pagelayer-share-content{min-height: NaNpx}
.p-xsb5673 i{font-size: 20px}
.p-xsb5673 .pagelayer-icon-holder{font-size: 20px}
.p-xsb5673 .pagelayer-icon-name{font-family: ; font-size: 13px !important; font-style:  !important; font-weight:  !important; font-variant:  !important; text-decoration-line:  !important; text-decoration-style:  !important; line-height: em !important; text-transform:  !important; letter-spacing: px !important; word-spacing: px !important}
}
</style><div class=""p-9mh2934 pagelayer-share"" pagelayer-id=""9mh2934"">
<a class=""pagelayer-ele-link"" href=""https://www.facebook.com/sharer/sharer.php?u=almuftionline.com/2025/01/06/18478/"" target=""_blank"" title=""fab fa-facebook-square"">
<div class=""pagelayer-share-content pagelayer-facebook-square"" data-icon=""fab fa-facebook-square"">
<div class=""pagelayer-icon-holder pagelayer-share-buttons"">
<i class=""pagelayer-social-fa fab fa-facebook-square""></i>
</div>
<div class=""pagelayer-icon-name"">
<span class=""pagelayer-icon-name-span"">Facebook</span>
</div>
</div>
</a></div><div class=""p-rai4926 pagelayer-share"" pagelayer-id=""rai4926"">
<a class=""pagelayer-ele-link"" href=""https://twitter.com/share?url=almuftionline.com/2025/01/06/18478/"" target=""_blank"" title=""fab fa-twitter-square"">
<div class=""pagelayer-share-content pagelayer-twitter-square"" data-icon=""fab fa-twitter-square"">
<div class=""pagelayer-icon-holder pagelayer-share-buttons"">
<i class=""pagelayer-social-fa fab fa-twitter-square""></i>
</div>
<div class=""pagelayer-icon-name"">
<span class=""pagelayer-icon-name-span"">Twitter</span>
</div>
</div>
</a></div><div class=""p-ndy3728 pagelayer-share"" pagelayer-id=""ndy3728"">
<a class=""pagelayer-ele-link"" href=""whatsapp://send?text=almuftionline.com/2025/01/06/18478/"" target=""_blank"" title=""fab fa-whatsapp"">
<div class=""pagelayer-share-content pagelayer-whatsapp"" data-icon=""fab fa-whatsapp"">
<div class=""pagelayer-icon-holder pagelayer-share-buttons"">
<i class=""pagelayer-social-fa fab fa-whatsapp""></i>
</div>
<div class=""pagelayer-icon-name"">
<span class=""pagelayer-icon-name-span"">WhatsApp</span>
</div>
</div>
</a></div></div></div></div></div></div><div class=""p-zqp4850 pagelayer-inner_row pagelayer-row-stretch-auto pagelayer-height-default"" pagelayer-id=""zqp4850"">
<style pagelayer-style-id=""zqp4850"">.p-zqp4850 .pagelayer-col-holder{padding: 10px}
.p-zqp4850 > .pagelayer-background-overlay{-webkit-transition: all 400ms !important; transition: all 400ms !important}
.p-zqp4850 .pagelayer-svg-top .pagelayer-shape-fill{fill:#227bc3}
.p-zqp4850 .pagelayer-row-svg .pagelayer-svg-top{width:100%;height:100px}
.p-zqp4850 .pagelayer-svg-bottom .pagelayer-shape-fill{fill:#e44993}
.p-zqp4850 .pagelayer-row-svg .pagelayer-svg-bottom{width:100%;height:100px}
</style>
<div class=""pagelayer-row-holder pagelayer-row pagelayer-auto pagelayer-width-auto""><div class=""p-q725202 pagelayer-col pagelayer-col-2"" pagelayer-id=""q725202"">
<style pagelayer-style-id=""q725202"">.p-q725202{align-content: center !important}
.p-q725202 .pagelayer-col-holder > div:not(:last-child){margin-bottom: 15px}
.p-q725202 > .pagelayer-background-overlay{-webkit-transition: all 400ms !important; transition: all 400ms !important}
</style>
<div class=""pagelayer-col-holder""><div class=""p-55r4448 pagelayer-post_nav"" pagelayer-id=""55r4448"">
<style pagelayer-style-id=""55r4448"">.p-55r4448 .pagelayer-post-nav-link{color:#adb5bd;font-family:  !important; font-size: 15px !important; font-style:  !important; font-weight:  !important; font-variant:  !important; text-decoration-line:  !important; text-decoration-style:  !important; line-height: em !important; text-transform:  !important; letter-spacing: px !important; word-spacing: px !important}
.p-55r4448 .pagelayer-post-nav-title{color:#000000;font-family:  !important; font-size: 18px !important; font-style:  !important; font-weight: bold !important; font-variant:  !important; text-decoration-line:  !important; text-decoration-style: Solid !important; line-height: em !important; text-transform:  !important; letter-spacing: px !important; word-spacing: px !important}
.p-55r4448 .pagelayer-post-nav-icon{color:#adb5bd;font-size:30px}
.p-55r4448 .pagelayer-post-nav-separator{display:none}
@media (max-width: 768px) and (min-width: 501px){.p-55r4448 .pagelayer-post-nav-link{font-family:  !important; font-size: 12px !important; font-style:  !important; font-weight:  !important; font-variant:  !important; text-decoration-line:  !important; text-decoration-style: Solid !important; line-height: em !important; text-transform:  !important; letter-spacing: px !important; word-spacing: px !important}
.p-55r4448 .pagelayer-post-nav-title{font-family:  !important; font-size: 15px !important; font-style:  !important; font-weight:  !important; font-variant:  !important; text-decoration-line:  !important; text-decoration-style: Solid !important; line-height: em !important; text-transform:  !important; letter-spacing: px !important; word-spacing: px !important}
}
@media (max-width: 500px){.p-55r4448 .pagelayer-post-nav-link{font-family:  !important; font-size: 12px !important; font-style:  !important; font-weight:  !important; font-variant:  !important; text-decoration-line:  !important; text-decoration-style: Solid !important; line-height: em !important; text-transform:  !important; letter-spacing: px !important; word-spacing: px !important}
.p-55r4448 .pagelayer-post-nav-title{font-family:  !important; font-size: 12px !important; font-style:  !important; font-weight:  !important; font-variant:  !important; text-decoration-line:  !important; text-decoration-style: Solid !important; line-height: em !important; text-transform:  !important; letter-spacing: px !important; word-spacing: px !important}
}
</style><div class=""pagelayer-post-nav-container"">
<div class=""pagelayer-prev-post"">
<a href=""https://almuftionline.com/2025/01/06/16380/"" rel=""prev""><span class=""pagelayer-post-nav-icon fa fa-chevron-left""></span>
<span class=""pagelayer-next-holder"">
<span class=""pagelayer-post-nav-link""> Previous</span><span class=""pagelayer-post-nav-title"">گاؤں تلی سیداں  میں نماز جمعہ سے متعلق اختلاف کاحل</span>
</span></a>
</div>
<div class=""pagelayer-post-nav-separator""></div>
<div class=""pagelayer-next-post"">
<a href=""https://almuftionline.com/2025/01/06/18477/"" rel=""next""><span class=""pagelayer-next-holder"">
<span class=""pagelayer-post-nav-link""> Next</span><span class=""pagelayer-post-nav-title"">یکطرفہ عدالتی خلع کا حکم</span>
</span>
<span class=""pagelayer-post-nav-icon fa fa-chevron-right""></span></a>
</div>
</div></div></div></div></div></div></div>"
