link,title,question_html,answer_html,issued_at,fatwa_number,dar_ul_ifta,category_lvl_1,category_lvl_2,category_lvl_3,html_container
https://www.banuri.edu.pk/readquestion/تعبیر-الرؤیا-144106200402/05-02-2020,خواب میں کتے کا کاٹنا,"<p><p style=""text-align:justify;"">خواب میں کتے کا کاٹنا۔  براہِ مہربانی تعبیر بتا دیں!</p></p>","<p><p style=""text-align:justify;"">کسی بدعقیدہ اور بے عمل مولوی کی وجہ سے دین کا نقصان ہواہے۔  فقط واللہ اعلم</p></p><hr class=""big-hr""/>",05-02-2020,144106200402,banuri.edu.pk,علوم و فنون,تعبیر الرؤیا,بعض خوابوں کی تعبیر,"<div class=""col-md-12 sawal-jawab""><h3 class=""question_heading"">سوال</h3><p><p style=""text-align:justify;"">خواب میں کتے کا کاٹنا۔  براہِ مہربانی تعبیر بتا دیں!</p></p><h4 class=""question_heading"">جواب</h4><p><p style=""text-align:justify;"">کسی بدعقیدہ اور بے عمل مولوی کی وجہ سے دین کا نقصان ہواہے۔  فقط واللہ اعلم</p></p><hr class=""big-hr""/><div class=""col-sm-6 col-md-6""><p class=""question_heading"" style=""color:#73161f"">فتویٰ نمبر : <a id=""fatwa_number"">144106200402</a></p></div><div class=""col-sm-6 col-md-6""><p style=""color:#73161f"">دارالافتاء :
                                جامعہ علوم اسلامیہ علامہ محمد یوسف بنوری ٹاؤن</p></div><hr class=""big-hr""/><div class=""col-sm-4 col-md-4""><div class=""tag""><a href=""https://www.banuri.edu.pk/questions/kitab/uloom-funoon""><i class=""icon-docs-bold""></i> علوم و فنون</a></div></div><div class=""col-sm-4 col-md-4""><div class=""tag""><a href=""https://www.banuri.edu.pk/questions/bab/mutafarriq-deeni-uloom""><i class=""icon-docs-bold""></i> تعبیر الرؤیا</a></div></div><div class=""col-sm-4 col-md-4""><div class=""tag""><a href=""https://www.banuri.edu.pk/questions/fasal/baaz-khuwabon-ki-taabeer""><i class=""icon-docs-bold""></i> بعض خوابوں کی تعبیر</a></div></div></div>"
https://www.banuri.edu.pk/readquestion/غیر-قانونی-طور-پر-ملک-سے-باہر-جانے-والوں-کی-کمائی-کا-حکم-144106200496/08-02-2020,غیر قانونی طور پر ملک سے باہر جانے والوں کی کمائی کا حکم,"<p><p style=""text-align:justify;""> موجودہ زمانہ میں جو لوگ روزگار کے سلسلے میں، یا پڑھائی کےلیے غیر قانونی طریقہ سے بیرون ملک جاتے ہیں ان کی کمائی کا کیا حکم ہے؟</p><p style=""text-align:justify;"">اور اکثر اس طرح کے واقعات پیش آتے ہیں کہ ان کو راستے میں بہت سی تکلیفات کا سامنا کرنا پڑتاہے،اور ان کو  مار دیا جاتا ہےیا وہ خودکشی کرلیتے ہیں۔تو ان کی موت کا کیا حکم ہے؟</p></p>","<p><p style=""text-align:justify;"">بیرونِ ملک جانے کے لیے غیر  قانونی طریقے اختیار کرنا  (خواہ کسی بھی مقصد کے لیے اختیار کیے جائیں)  قانوناً جرم ہے، اور اپنی جان اور عزت خطرے میں ڈالنا ہے، جس کی شرعاً اجازت نہیں، تاہم اگر کوئی شخص  مذکورہ طریقہ سے باہر  چلاگیا، اور حلال نوکری مل گئی تو  اس کی تنخواہ   کو ناجائز نہیں کہا جاسکتا ہے، بشرطیکہ  وہ اپنی ذمہ داری کو پوری ایمان داری سے انجام دے، اس میں کسی قسم کی کمی  و کوتاہی نہ  کرے۔</p><p style=""text-align:justify;"">اگر وہ اس دوران خود کشی کرلیتاہے تو یہ ناجائز اور گناہ کی بات ہے، خود کشی کرنے پر احادیث میں وعید وارد ہوئی ہے۔ جہاں تک تکلیف اٹھانے یا حدود پار کرتے ہوئے مارے جانے کا تعلق ہے، تو  اگرچہ خود ان تکالیف اور جان کے خطرے میں خود کو ڈالنا شرعاً منع ہے، تاہم یہ خود کشی کے حکم میں نہیں ہوگا، لہٰذا اس صورت میں اس کی نمازِ جنازہ بھی ادا کی جائے گی اور اس کے لیے دعا بھی کی جائے گی۔فقط واللہ اعلم</p></p><hr class=""big-hr""/>",08-02-2020,144106200496,banuri.edu.pk,معاملات,ملازمت,اوقات ملازمت,"<div class=""col-md-12 sawal-jawab""><h3 class=""question_heading"">سوال</h3><p><p style=""text-align:justify;""> موجودہ زمانہ میں جو لوگ روزگار کے سلسلے میں، یا پڑھائی کےلیے غیر قانونی طریقہ سے بیرون ملک جاتے ہیں ان کی کمائی کا کیا حکم ہے؟</p><p style=""text-align:justify;"">اور اکثر اس طرح کے واقعات پیش آتے ہیں کہ ان کو راستے میں بہت سی تکلیفات کا سامنا کرنا پڑتاہے،اور ان کو  مار دیا جاتا ہےیا وہ خودکشی کرلیتے ہیں۔تو ان کی موت کا کیا حکم ہے؟</p></p><h4 class=""question_heading"">جواب</h4><p><p style=""text-align:justify;"">بیرونِ ملک جانے کے لیے غیر  قانونی طریقے اختیار کرنا  (خواہ کسی بھی مقصد کے لیے اختیار کیے جائیں)  قانوناً جرم ہے، اور اپنی جان اور عزت خطرے میں ڈالنا ہے، جس کی شرعاً اجازت نہیں، تاہم اگر کوئی شخص  مذکورہ طریقہ سے باہر  چلاگیا، اور حلال نوکری مل گئی تو  اس کی تنخواہ   کو ناجائز نہیں کہا جاسکتا ہے، بشرطیکہ  وہ اپنی ذمہ داری کو پوری ایمان داری سے انجام دے، اس میں کسی قسم کی کمی  و کوتاہی نہ  کرے۔</p><p style=""text-align:justify;"">اگر وہ اس دوران خود کشی کرلیتاہے تو یہ ناجائز اور گناہ کی بات ہے، خود کشی کرنے پر احادیث میں وعید وارد ہوئی ہے۔ جہاں تک تکلیف اٹھانے یا حدود پار کرتے ہوئے مارے جانے کا تعلق ہے، تو  اگرچہ خود ان تکالیف اور جان کے خطرے میں خود کو ڈالنا شرعاً منع ہے، تاہم یہ خود کشی کے حکم میں نہیں ہوگا، لہٰذا اس صورت میں اس کی نمازِ جنازہ بھی ادا کی جائے گی اور اس کے لیے دعا بھی کی جائے گی۔فقط واللہ اعلم</p></p><hr class=""big-hr""/><div class=""col-sm-6 col-md-6""><p class=""question_heading"" style=""color:#73161f"">فتویٰ نمبر : <a id=""fatwa_number"">144106200496</a></p></div><div class=""col-sm-6 col-md-6""><p style=""color:#73161f"">دارالافتاء :
                                جامعہ علوم اسلامیہ علامہ محمد یوسف بنوری ٹاؤن</p></div><hr class=""big-hr""/><div class=""col-sm-4 col-md-4""><div class=""tag""><a href=""https://www.banuri.edu.pk/questions/kitab/muamlat""><i class=""icon-docs-bold""></i> معاملات</a></div></div><div class=""col-sm-4 col-md-4""><div class=""tag""><a href=""https://www.banuri.edu.pk/questions/bab/ملازمت""><i class=""icon-docs-bold""></i> ملازمت</a></div></div><div class=""col-sm-4 col-md-4""><div class=""tag""><a href=""https://www.banuri.edu.pk/questions/fasal/owqat-e-mulazimat""><i class=""icon-docs-bold""></i> اوقات ملازمت</a></div></div></div>"
https://www.banuri.edu.pk/readquestion/داڑھی-کاٹنا-144106200435/06-02-2020,داڑھی کاٹنا,"<p><p style=""text-align:justify;"">داڑھی کاٹنا کیسا ہے؟</p></p>","<p><p style=""text-align:justify;"">داڑھی تمام انبیائے کرام علیہم الصلوات والتسلیمات کی سنت، مسلمانوں کا قومی شعار اور مرد کی فطری اور طبعی چیزوں میں سے ہے، رسول اللہ ﷺ نے اس شعار کو اپنانے کے لیے اپنی امت کو ہدایات دی ہیں اور اس کے رکھنے کا حکم دیا ہے، اس لیے جمہور علمائے امت کے نزدیک داڑھی رکھنا واجب اور اس کو کترواکریا منڈوا کر ایک مشت سےکم کرنا حرام ہے اور کبیرہ گناہ ہے۔</p><p style=""text-align:justify;"">حضرت انس رضی اللہ عنہ سے ""بزار"" نے روایت کیا ہے کہ نبی کریم ﷺ نے فرمایا: مجوسیوں کی مخالفت کرتے ہوئے اپنی مونچھیں کاٹو اور داڑھیاں بڑھاؤ۔</p><p style=""text-align:justify;""><span class=""ar_writing"">""عن أنس أن النبي صلى الله عليه وسلم قال: خالفوا على المجوس جزوا الشوارب وأوفوا اللحى"". (مسند البزار = البحر الزخار ۔13/ 90)</span> فقط واللہ اعلم</p></p><hr class=""big-hr""/>",06-02-2020,144106200435,banuri.edu.pk,حقوق و آدابِ معاشرت,لباس / وضع قطع,بالوں کے احکام و آداب,"<div class=""col-md-12 sawal-jawab""><h3 class=""question_heading"">سوال</h3><p><p style=""text-align:justify;"">داڑھی کاٹنا کیسا ہے؟</p></p><h4 class=""question_heading"">جواب</h4><p><p style=""text-align:justify;"">داڑھی تمام انبیائے کرام علیہم الصلوات والتسلیمات کی سنت، مسلمانوں کا قومی شعار اور مرد کی فطری اور طبعی چیزوں میں سے ہے، رسول اللہ ﷺ نے اس شعار کو اپنانے کے لیے اپنی امت کو ہدایات دی ہیں اور اس کے رکھنے کا حکم دیا ہے، اس لیے جمہور علمائے امت کے نزدیک داڑھی رکھنا واجب اور اس کو کترواکریا منڈوا کر ایک مشت سےکم کرنا حرام ہے اور کبیرہ گناہ ہے۔</p><p style=""text-align:justify;"">حضرت انس رضی اللہ عنہ سے ""بزار"" نے روایت کیا ہے کہ نبی کریم ﷺ نے فرمایا: مجوسیوں کی مخالفت کرتے ہوئے اپنی مونچھیں کاٹو اور داڑھیاں بڑھاؤ۔</p><p style=""text-align:justify;""><span class=""ar_writing"">""عن أنس أن النبي صلى الله عليه وسلم قال: خالفوا على المجوس جزوا الشوارب وأوفوا اللحى"". (مسند البزار = البحر الزخار ۔13/ 90)</span> فقط واللہ اعلم</p></p><hr class=""big-hr""/><div class=""col-sm-6 col-md-6""><p class=""question_heading"" style=""color:#73161f"">فتویٰ نمبر : <a id=""fatwa_number"">144106200435</a></p></div><div class=""col-sm-6 col-md-6""><p style=""color:#73161f"">دارالافتاء :
                                جامعہ علوم اسلامیہ علامہ محمد یوسف بنوری ٹاؤن</p></div><hr class=""big-hr""/><div class=""col-sm-4 col-md-4""><div class=""tag""><a href=""https://www.banuri.edu.pk/questions/kitab/huqooq-muashret""><i class=""icon-docs-bold""></i> حقوق و آدابِ معاشرت</a></div></div><div class=""col-sm-4 col-md-4""><div class=""tag""><a href=""https://www.banuri.edu.pk/questions/bab/libass-waza-qata""><i class=""icon-docs-bold""></i> لباس / وضع قطع</a></div></div><div class=""col-sm-4 col-md-4""><div class=""tag""><a href=""https://www.banuri.edu.pk/questions/fasal/baloon-k-ahkam-o-aadab""><i class=""icon-docs-bold""></i> بالوں کے احکام و آداب</a></div></div></div>"
https://www.banuri.edu.pk/readquestion/عدینہ-کے-معنی-کیا-ہیں-144106200457/07-02-2020,عدینہ کا معنی,"<p><p style=""text-align:justify;"">’’عدینہ‘‘ کے معنی کیا ہیں؟</p></p>","<p><p style=""text-align:justify;"">عربی کی مستند  لغات کے مطابق ’’عدینہ‘‘ کا معنی ہے: </p><p style=""text-align:justify;"">۱- وہ پیوند جو ڈول کے نچلے حصے میں لگایا جاتا ہے.</p><p style=""text-align:justify;"">۲- توشہ دان کے قبضے پر لگایا گیا منقش پیوند۔ وغیرہ.</p><p style=""text-align:justify;"">یہ معنے ایسے اچھے نہیں کہ نام رکھنے کا باعث بن سکیں، بہتر ہے کہ صحابیات رضی اللہ عنہن میں سے کسی کا نام رکھ لیا جائے؛ تاکہ ان کے نام کی برکت بھی حاصل ہو۔ </p><p style=""text-align:justify;""><span class=""ar_writing"">""والعَدِينَة: الزيادة التي تُزادُ في الغَرْبِ، وجمع العَدِينَة عدَائن.<br/>
يقال: غَرْبٌ مُعَدَّنٌ إذا قطع أَسفله ثم خرز برقعة؛ وقال: والغَرْبَ ذا العَدِينَة المُوَعبَّا.<br/>
المُوَعَّبُ: المُوَسَّعُ الموَفَّر.<br/>
أَبو عمرو: العَدِينُ عُرىً مُنَقَّشَة تكون في أَطراف عُرَى المَزادة، وقيل : رُقْعَة مُنَقَّشَة تكون في عُرْوة المزادة .<br/>
وقال ابن شميل : الغَرْب يُعَدَّنُ إذا صَغُر الأَديم وأَرادوا تَوْفِيرَه زادوا له عَدِينَةً أَي زادوا له في ناحية منه رُقْعَةً.<br/>
والخُفُّ يُعَدَّنُ: يزاد في مُؤَخَّرِ الساق منه زيادة حتى يتسع، قال : وكل ُرقْعة تُزاد في الغرب فهي عَدِينَة، وهي كالبَنِيقَةِ في القميص"".[لسان العرب لابن منظور، المادة: ع.د.ن] فقط والله أعلم</span></p></p><hr class=""big-hr""/>",07-02-2020,144106200457,banuri.edu.pk,حقوق و آدابِ معاشرت,حقوق,اولاد کے حقوق,"<div class=""col-md-12 sawal-jawab""><h3 class=""question_heading"">سوال</h3><p><p style=""text-align:justify;"">’’عدینہ‘‘ کے معنی کیا ہیں؟</p></p><h4 class=""question_heading"">جواب</h4><p><p style=""text-align:justify;"">عربی کی مستند  لغات کے مطابق ’’عدینہ‘‘ کا معنی ہے: </p><p style=""text-align:justify;"">۱- وہ پیوند جو ڈول کے نچلے حصے میں لگایا جاتا ہے.</p><p style=""text-align:justify;"">۲- توشہ دان کے قبضے پر لگایا گیا منقش پیوند۔ وغیرہ.</p><p style=""text-align:justify;"">یہ معنے ایسے اچھے نہیں کہ نام رکھنے کا باعث بن سکیں، بہتر ہے کہ صحابیات رضی اللہ عنہن میں سے کسی کا نام رکھ لیا جائے؛ تاکہ ان کے نام کی برکت بھی حاصل ہو۔ </p><p style=""text-align:justify;""><span class=""ar_writing"">""والعَدِينَة: الزيادة التي تُزادُ في الغَرْبِ، وجمع العَدِينَة عدَائن.<br/>
يقال: غَرْبٌ مُعَدَّنٌ إذا قطع أَسفله ثم خرز برقعة؛ وقال: والغَرْبَ ذا العَدِينَة المُوَعبَّا.<br/>
المُوَعَّبُ: المُوَسَّعُ الموَفَّر.<br/>
أَبو عمرو: العَدِينُ عُرىً مُنَقَّشَة تكون في أَطراف عُرَى المَزادة، وقيل : رُقْعَة مُنَقَّشَة تكون في عُرْوة المزادة .<br/>
وقال ابن شميل : الغَرْب يُعَدَّنُ إذا صَغُر الأَديم وأَرادوا تَوْفِيرَه زادوا له عَدِينَةً أَي زادوا له في ناحية منه رُقْعَةً.<br/>
والخُفُّ يُعَدَّنُ: يزاد في مُؤَخَّرِ الساق منه زيادة حتى يتسع، قال : وكل ُرقْعة تُزاد في الغرب فهي عَدِينَة، وهي كالبَنِيقَةِ في القميص"".[لسان العرب لابن منظور، المادة: ع.د.ن] فقط والله أعلم</span></p></p><hr class=""big-hr""/><div class=""col-sm-6 col-md-6""><p class=""question_heading"" style=""color:#73161f"">فتویٰ نمبر : <a id=""fatwa_number"">144106200457</a></p></div><div class=""col-sm-6 col-md-6""><p style=""color:#73161f"">دارالافتاء :
                                جامعہ علوم اسلامیہ علامہ محمد یوسف بنوری ٹاؤن</p></div><hr class=""big-hr""/><div class=""col-sm-4 col-md-4""><div class=""tag""><a href=""https://www.banuri.edu.pk/questions/kitab/huqooq-muashret""><i class=""icon-docs-bold""></i> حقوق و آدابِ معاشرت</a></div></div><div class=""col-sm-4 col-md-4""><div class=""tag""><a href=""https://www.banuri.edu.pk/questions/bab/bahmi-huqooq""><i class=""icon-docs-bold""></i> حقوق</a></div></div><div class=""col-sm-4 col-md-4""><div class=""tag""><a href=""https://www.banuri.edu.pk/questions/fasal/olad-ky-hoqoq""><i class=""icon-docs-bold""></i> اولاد کے حقوق</a></div></div></div>"
https://www.banuri.edu.pk/readquestion/بال-کو-دفنانا-144106200375/05-02-2020,بال کو دفنانا,"<p><p style=""text-align:justify;"">بال کو دفنانا یا جلانا کیسا ہے؟ کون سی صورت بہتر ہے؟</p></p>","<p><p style=""text-align:justify;"">انسانی ناخن اور بال دفن کردینے چاہییں یا ایسی جگہ مٹی میں ڈال دیے جائیں جہاں گندگی اور ناپاکی نہیں ہو، جلانا درست نہیں ہے. فقط واللہ اعلم</p></p><hr class=""big-hr""/>",05-02-2020,144106200375,banuri.edu.pk,متفرق کتب,متفرق ابواب,متفرق فصول,"<div class=""col-md-12 sawal-jawab""><h3 class=""question_heading"">سوال</h3><p><p style=""text-align:justify;"">بال کو دفنانا یا جلانا کیسا ہے؟ کون سی صورت بہتر ہے؟</p></p><h4 class=""question_heading"">جواب</h4><p><p style=""text-align:justify;"">انسانی ناخن اور بال دفن کردینے چاہییں یا ایسی جگہ مٹی میں ڈال دیے جائیں جہاں گندگی اور ناپاکی نہیں ہو، جلانا درست نہیں ہے. فقط واللہ اعلم</p></p><hr class=""big-hr""/><div class=""col-sm-6 col-md-6""><p class=""question_heading"" style=""color:#73161f"">فتویٰ نمبر : <a id=""fatwa_number"">144106200375</a></p></div><div class=""col-sm-6 col-md-6""><p style=""color:#73161f"">دارالافتاء :
                                جامعہ علوم اسلامیہ علامہ محمد یوسف بنوری ٹاؤن</p></div><hr class=""big-hr""/><div class=""col-sm-4 col-md-4""><div class=""tag""><a href=""https://www.banuri.edu.pk/questions/kitab/mutafarriq-kutub""><i class=""icon-docs-bold""></i> متفرق کتب</a></div></div><div class=""col-sm-4 col-md-4""><div class=""tag""><a href=""https://www.banuri.edu.pk/questions/bab/mutafarriq-abwab""><i class=""icon-docs-bold""></i> متفرق ابواب</a></div></div><div class=""col-sm-4 col-md-4""><div class=""tag""><a href=""https://www.banuri.edu.pk/questions/fasal/mutafarriq-fusool""><i class=""icon-docs-bold""></i> متفرق فصول</a></div></div></div>"
https://www.banuri.edu.pk/readquestion/قسطوں-پر-بائیک-لینا-144106200488/08-02-2020,قسطوں پر بائیک لینا,"<p><p style=""text-align:justify;"">موٹر سائیکل نقد 56 ہزار کاہے، قسط والے نے مجھے دیاہے 78 ہزار پر۔ ایڈوانس میں پہلے 7000 ساتھ ہزار روپیہ مانگتا ہے اور مہینے کا تین 3000 ہزار قسط مانگتا ہے،  کیا یہ اتنا زیادہ منافع شریعت کی رو سے صحیح ہے یا نہیں ؟</p></p>","<p><p style=""text-align:justify;"">قسطوں پر موٹرسائیکل یا دیگر اشیاء لینا جائز ہے، تاہم شرط یہ ہے کہ عقد کے وقت کوئی ایک قیمت متعین کرلی جائے اور یہ طے کرلیا جائے کہ خریداری نقد پر ہورہی ہے یا ادھارپر، اور ادھار کی مدت طے کرلی جائے، اور قسط میں تاخیر ہونے کی صورت میں کوئی اضافہ/ جرمانہ وصول نہ کیاجائے اور عقد میں یہ شرط نہ ہو کہ اگر قیمت جلدی ادا کردی گئی تو قیمت کم ہوگی۔ مذکورہ شرائط نہ پائی جائیں تو یہ بیع ناجائز اور سود کے حکم میں ہوگی۔</p><p style=""text-align:justify;"">واضح رہے کہ نقدی یا سونا چاندی قسطوں پر خریدنا جائز نہیں ہے۔فقط واللہ اعلم</p></p><hr class=""big-hr""/>",08-02-2020,144106200488,banuri.edu.pk,معاملات,بیع / تجارت,نقد اور ادھار خرید و فروخت کے احکام,"<div class=""col-md-12 sawal-jawab""><h3 class=""question_heading"">سوال</h3><p><p style=""text-align:justify;"">موٹر سائیکل نقد 56 ہزار کاہے، قسط والے نے مجھے دیاہے 78 ہزار پر۔ ایڈوانس میں پہلے 7000 ساتھ ہزار روپیہ مانگتا ہے اور مہینے کا تین 3000 ہزار قسط مانگتا ہے،  کیا یہ اتنا زیادہ منافع شریعت کی رو سے صحیح ہے یا نہیں ؟</p></p><h4 class=""question_heading"">جواب</h4><p><p style=""text-align:justify;"">قسطوں پر موٹرسائیکل یا دیگر اشیاء لینا جائز ہے، تاہم شرط یہ ہے کہ عقد کے وقت کوئی ایک قیمت متعین کرلی جائے اور یہ طے کرلیا جائے کہ خریداری نقد پر ہورہی ہے یا ادھارپر، اور ادھار کی مدت طے کرلی جائے، اور قسط میں تاخیر ہونے کی صورت میں کوئی اضافہ/ جرمانہ وصول نہ کیاجائے اور عقد میں یہ شرط نہ ہو کہ اگر قیمت جلدی ادا کردی گئی تو قیمت کم ہوگی۔ مذکورہ شرائط نہ پائی جائیں تو یہ بیع ناجائز اور سود کے حکم میں ہوگی۔</p><p style=""text-align:justify;"">واضح رہے کہ نقدی یا سونا چاندی قسطوں پر خریدنا جائز نہیں ہے۔فقط واللہ اعلم</p></p><hr class=""big-hr""/><div class=""col-sm-6 col-md-6""><p class=""question_heading"" style=""color:#73161f"">فتویٰ نمبر : <a id=""fatwa_number"">144106200488</a></p></div><div class=""col-sm-6 col-md-6""><p style=""color:#73161f"">دارالافتاء :
                                جامعہ علوم اسلامیہ علامہ محمد یوسف بنوری ٹاؤن</p></div><hr class=""big-hr""/><div class=""col-sm-4 col-md-4""><div class=""tag""><a href=""https://www.banuri.edu.pk/questions/kitab/muamlat""><i class=""icon-docs-bold""></i> معاملات</a></div></div><div class=""col-sm-4 col-md-4""><div class=""tag""><a href=""https://www.banuri.edu.pk/questions/bab/bay-tijarat""><i class=""icon-docs-bold""></i> بیع / تجارت</a></div></div><div class=""col-sm-4 col-md-4""><div class=""tag""><a href=""https://www.banuri.edu.pk/questions/fasal/naqd-o-udhar-khareed-o-farokht-k-ahkam""><i class=""icon-docs-bold""></i> نقد اور ادھار خرید و فروخت کے احکام</a></div></div></div>"
https://www.banuri.edu.pk/readquestion/ایاد-نام-کا-مطلب-اور-رکھنے-کا-حکم-144106200478/07-02-2020,ایاد نام کا مطلب اور رکھنے کا حکم,"<p><p style=""text-align:justify;"">’’ایاد‘‘ نام کا کیا مطلب ہے?</p></p>","<p><p style=""text-align:justify;"">’’اَیاد‘‘ (ہمزہ کے زبر کے ساتھ) کے لغت میں متعدد معنیٰ آتے ہیں، ایک معنیٰ کے اعتبار سے یہ ’’ید‘‘ کی جمع ہے بمعنیٰ ’’احسانات‘‘.</p><p style=""text-align:justify;""> ’’اِیاد‘‘ (ہمزہ کے زیر کے ساتھ) مضبوط پہاڑ یا ڈھال کو  کہتے ہیں، اسی طرح وہ چیز جو کسی چیز کی مضبوطی کا ذریعہ ہو اسے بھی ایاد کہتے ہیں، اس کے علاوہ عرب کے قبائل میں سے ایک قبیلہ یا قبیلے کی ایک شاخ کا نام بھی ’’ایاد‘‘ ہے، رواۃِ حدیث میں سے ایک راوی کا نام بھی ’’اِیاد‘‘  ہے.  مذکورہ معانی کے اعتبار سے یہ نام (دونوں طرح) رکھنا درست ہے۔</p><p style=""text-align:justify;""><span class=""ar_writing"">المنجد في اللغة (ص: 47):<br/>
""واليَد: الإحسان تَصطَنِعُهُ.واليَد: الغِنَى والقُدْرة، تقول: [لي] عليه يَدٌ، أي: قُدْرَةٌ.وجَمْعُ اليد - من الإحسان - أيادٍ ويَدِيٌّ، قال الأعشَى: [الطويل] فَلَنْ أذكُرَ النُّعْمانَ إلا بنِعْمَةٍ ... فإنّ له عِندي يَدِيًّا وَأنْعُمَا"".</span></p><p style=""text-align:justify;""><span class=""ar_writing"">تاج العروس (7/ 397):<br/>
""(و) } الإِياد، (ككِتَابٍ: مَا {أُيِّدَ بِهِ من شيْءٍ) ، وَقَالَ اللّيث:} إِيادُ كلِّ شيْءٍ: مَا يقَوَّى بِهِ من جَانبَيْهِ، وهما {إِيادَاه (و) الإِيادُ (المَعْقِلُ، والسِّتْر، والكَنَف والهَوَاءُ) ، وهاذه عَن أَبي زيدٍ (واللَّجَأُ) ، وَقد قيل إِن قَوْلهم} أَيَّدَه الله، مُشتقٌّ من ذالك. قَالَ ابْن سَيّده: وَلَيْسَ بالقَوِيّ. وكلُّ مَا يُحرَزُ بِهِ فَهُوَ {إِيَادٌ. (و) الإِيَادُ: (الجَبَلُ الحصِينُ) . وكلُّ شيْءٍ كَانَ واقياً لشيءٍ فَهُوَ أَيَادٌ. (و) الإِيَاد: (التُّرَابُ يُجعَلُ حَوْلَ الحَوْضِ والخِبَاءِ) يُقَوَّى بِهِ أَو يَمنَع ماءَ المطرِ. قَالَ ذُو الرُّمَّة يصف اللظَّلِيم:  دَفَعْنَاه عَن بِيضٍ حِسَانٍ بأَجْرَعٍ                        حَوَىَ حَوْلَهَا من تُرْبِه} بإِيَادِ       يَعْنِي طَرَدْنَاه عَن بَيْضِه.<br/>
(و) الأَيَاد (من الرَّمْل: مَا أَشْرَفَ. و) {الإِيَادانِ: (مَيْمَنَةُ العَسْكَرِ ومَيْسَرتُه) . قَالَ العجّاج:    عَنْ ذِي} إِيَادَيْنِ لُهَامٍ لَو دَسَرْ                           بِرُكْنِه أَرْكَانَ دَمُخٍ لَا نْقَعَرْ</span></p><p style=""text-align:justify;""><span class=""ar_writing"">هکذا أَوردَه الجوهَرِيّ، قَالَ الصَّغاني والروايَة (عَن ذِي قدامِيسَ) . وَفِي هاهذه الأَرجوزة.مِنْ ذِي إِيَادَيْن إِذا جَدَّ اعتَكَرْ    (و) إِيادٌ (حَيٌّ من مَعَدَ) . وهم اليومَ بِالْيمن، قَالَ ابْن دُريد: هما {إِيادانِ: إِيادُ بن نِزَارٍ،} وإِياد بن سُود بن الْحجر بن عَمّار بن عمْرٍ"".</span></p><p style=""text-align:justify;""><span class=""ar_writing"">تاج العروس (40/ 340):<br/>
""(جج) أَي جَمْعُ الجَمْعِ: (} أَيادٍ) ، هُوَ جَمْعُ أَيْدٍ كأكْرُعٍ وأَكارعَ؛ وخَصَّه الجَوْهرِي فقالَ: وَقد جُمِعتِ {الأيدِي فِي الشِّعْرِ على} أَيادٍ"".</span></p><p style=""text-align:justify;""><span class=""ar_writing"">لسان العرب (3/ 76):<br/>
""وَكُلُّ شَيْءٍ كَانَ وَاقِيًا لِشَيْءٍ، فَهُوَ إِيادُه. والإِياد: كُلُّ مَعْقل أَو جَبَلٍ حَصِينٍ أَو كَنَفٍ وَسِتْرٍ وَلَجَأٍ؛ وَقَدْ قِيلَ: إِن قَوْلَهُمْ أَيده اللَّهُ مُشْتَقٌّ مِنْ ذَلِكَ؛ قَالَ ابْنُ سِيدَهْ: وَلَيْسَ بِالْقَوِيِّ، وَكُلُّ شَيْءٍ كَنَفَك وَسِتْرَكَ: فَهُوَ إِياد. وَكُلُّ مَا يُحْرَزُ بِهِ: فَهُوَ إِياد؛ ... والإِياد: ماحَنا مِنَ الرَّمْلِ. وإِياد: اسْمُ رَجُلٍ، هُوَ ابْنُ مَعَدٍّ وَهُمُ الْيَوْمَ بِالْيَمَنِ؛ قَالَ ابْنُ دُرَيْدٍ: هُمَا إِيادانِ: إِياد بْنُ نِزَارٍ، وإِياد بْنُ سُود بْنِ الحُجر بْنِ عَمَّارِ بْنِ عَمْرٍو. الْجَوْهَرِيُّ: إِيادُ حَيٍّ مِنْ مَعَدٍّ؛ قَالَ أَبو دُواد الإِيادي: فِي فُتوٍّ حَسَنٍ أَوجهُهُمْ، ... مِنْ إِياد بْنِ نِزار بن مُضر"". </span>فقط واللہ اعلم</p></p><hr class=""big-hr""/>",07-02-2020,144106200478,banuri.edu.pk,حقوق و آدابِ معاشرت,حقوق,اولاد کے حقوق,"<div class=""col-md-12 sawal-jawab""><h3 class=""question_heading"">سوال</h3><p><p style=""text-align:justify;"">’’ایاد‘‘ نام کا کیا مطلب ہے?</p></p><h4 class=""question_heading"">جواب</h4><p><p style=""text-align:justify;"">’’اَیاد‘‘ (ہمزہ کے زبر کے ساتھ) کے لغت میں متعدد معنیٰ آتے ہیں، ایک معنیٰ کے اعتبار سے یہ ’’ید‘‘ کی جمع ہے بمعنیٰ ’’احسانات‘‘.</p><p style=""text-align:justify;""> ’’اِیاد‘‘ (ہمزہ کے زیر کے ساتھ) مضبوط پہاڑ یا ڈھال کو  کہتے ہیں، اسی طرح وہ چیز جو کسی چیز کی مضبوطی کا ذریعہ ہو اسے بھی ایاد کہتے ہیں، اس کے علاوہ عرب کے قبائل میں سے ایک قبیلہ یا قبیلے کی ایک شاخ کا نام بھی ’’ایاد‘‘ ہے، رواۃِ حدیث میں سے ایک راوی کا نام بھی ’’اِیاد‘‘  ہے.  مذکورہ معانی کے اعتبار سے یہ نام (دونوں طرح) رکھنا درست ہے۔</p><p style=""text-align:justify;""><span class=""ar_writing"">المنجد في اللغة (ص: 47):<br/>
""واليَد: الإحسان تَصطَنِعُهُ.واليَد: الغِنَى والقُدْرة، تقول: [لي] عليه يَدٌ، أي: قُدْرَةٌ.وجَمْعُ اليد - من الإحسان - أيادٍ ويَدِيٌّ، قال الأعشَى: [الطويل] فَلَنْ أذكُرَ النُّعْمانَ إلا بنِعْمَةٍ ... فإنّ له عِندي يَدِيًّا وَأنْعُمَا"".</span></p><p style=""text-align:justify;""><span class=""ar_writing"">تاج العروس (7/ 397):<br/>
""(و) } الإِياد، (ككِتَابٍ: مَا {أُيِّدَ بِهِ من شيْءٍ) ، وَقَالَ اللّيث:} إِيادُ كلِّ شيْءٍ: مَا يقَوَّى بِهِ من جَانبَيْهِ، وهما {إِيادَاه (و) الإِيادُ (المَعْقِلُ، والسِّتْر، والكَنَف والهَوَاءُ) ، وهاذه عَن أَبي زيدٍ (واللَّجَأُ) ، وَقد قيل إِن قَوْلهم} أَيَّدَه الله، مُشتقٌّ من ذالك. قَالَ ابْن سَيّده: وَلَيْسَ بالقَوِيّ. وكلُّ مَا يُحرَزُ بِهِ فَهُوَ {إِيَادٌ. (و) الإِيَادُ: (الجَبَلُ الحصِينُ) . وكلُّ شيْءٍ كَانَ واقياً لشيءٍ فَهُوَ أَيَادٌ. (و) الإِيَاد: (التُّرَابُ يُجعَلُ حَوْلَ الحَوْضِ والخِبَاءِ) يُقَوَّى بِهِ أَو يَمنَع ماءَ المطرِ. قَالَ ذُو الرُّمَّة يصف اللظَّلِيم:  دَفَعْنَاه عَن بِيضٍ حِسَانٍ بأَجْرَعٍ                        حَوَىَ حَوْلَهَا من تُرْبِه} بإِيَادِ       يَعْنِي طَرَدْنَاه عَن بَيْضِه.<br/>
(و) الأَيَاد (من الرَّمْل: مَا أَشْرَفَ. و) {الإِيَادانِ: (مَيْمَنَةُ العَسْكَرِ ومَيْسَرتُه) . قَالَ العجّاج:    عَنْ ذِي} إِيَادَيْنِ لُهَامٍ لَو دَسَرْ                           بِرُكْنِه أَرْكَانَ دَمُخٍ لَا نْقَعَرْ</span></p><p style=""text-align:justify;""><span class=""ar_writing"">هکذا أَوردَه الجوهَرِيّ، قَالَ الصَّغاني والروايَة (عَن ذِي قدامِيسَ) . وَفِي هاهذه الأَرجوزة.مِنْ ذِي إِيَادَيْن إِذا جَدَّ اعتَكَرْ    (و) إِيادٌ (حَيٌّ من مَعَدَ) . وهم اليومَ بِالْيمن، قَالَ ابْن دُريد: هما {إِيادانِ: إِيادُ بن نِزَارٍ،} وإِياد بن سُود بن الْحجر بن عَمّار بن عمْرٍ"".</span></p><p style=""text-align:justify;""><span class=""ar_writing"">تاج العروس (40/ 340):<br/>
""(جج) أَي جَمْعُ الجَمْعِ: (} أَيادٍ) ، هُوَ جَمْعُ أَيْدٍ كأكْرُعٍ وأَكارعَ؛ وخَصَّه الجَوْهرِي فقالَ: وَقد جُمِعتِ {الأيدِي فِي الشِّعْرِ على} أَيادٍ"".</span></p><p style=""text-align:justify;""><span class=""ar_writing"">لسان العرب (3/ 76):<br/>
""وَكُلُّ شَيْءٍ كَانَ وَاقِيًا لِشَيْءٍ، فَهُوَ إِيادُه. والإِياد: كُلُّ مَعْقل أَو جَبَلٍ حَصِينٍ أَو كَنَفٍ وَسِتْرٍ وَلَجَأٍ؛ وَقَدْ قِيلَ: إِن قَوْلَهُمْ أَيده اللَّهُ مُشْتَقٌّ مِنْ ذَلِكَ؛ قَالَ ابْنُ سِيدَهْ: وَلَيْسَ بِالْقَوِيِّ، وَكُلُّ شَيْءٍ كَنَفَك وَسِتْرَكَ: فَهُوَ إِياد. وَكُلُّ مَا يُحْرَزُ بِهِ: فَهُوَ إِياد؛ ... والإِياد: ماحَنا مِنَ الرَّمْلِ. وإِياد: اسْمُ رَجُلٍ، هُوَ ابْنُ مَعَدٍّ وَهُمُ الْيَوْمَ بِالْيَمَنِ؛ قَالَ ابْنُ دُرَيْدٍ: هُمَا إِيادانِ: إِياد بْنُ نِزَارٍ، وإِياد بْنُ سُود بْنِ الحُجر بْنِ عَمَّارِ بْنِ عَمْرٍو. الْجَوْهَرِيُّ: إِيادُ حَيٍّ مِنْ مَعَدٍّ؛ قَالَ أَبو دُواد الإِيادي: فِي فُتوٍّ حَسَنٍ أَوجهُهُمْ، ... مِنْ إِياد بْنِ نِزار بن مُضر"". </span>فقط واللہ اعلم</p></p><hr class=""big-hr""/><div class=""col-sm-6 col-md-6""><p class=""question_heading"" style=""color:#73161f"">فتویٰ نمبر : <a id=""fatwa_number"">144106200478</a></p></div><div class=""col-sm-6 col-md-6""><p style=""color:#73161f"">دارالافتاء :
                                جامعہ علوم اسلامیہ علامہ محمد یوسف بنوری ٹاؤن</p></div><hr class=""big-hr""/><div class=""col-sm-4 col-md-4""><div class=""tag""><a href=""https://www.banuri.edu.pk/questions/kitab/huqooq-muashret""><i class=""icon-docs-bold""></i> حقوق و آدابِ معاشرت</a></div></div><div class=""col-sm-4 col-md-4""><div class=""tag""><a href=""https://www.banuri.edu.pk/questions/bab/bahmi-huqooq""><i class=""icon-docs-bold""></i> حقوق</a></div></div><div class=""col-sm-4 col-md-4""><div class=""tag""><a href=""https://www.banuri.edu.pk/questions/fasal/olad-ky-hoqoq""><i class=""icon-docs-bold""></i> اولاد کے حقوق</a></div></div></div>"
https://www.banuri.edu.pk/readquestion/نکاح-کے-وکیل-بناتے-وقت-دو-گواہ-نہ-ہوں-144106200452/07-02-2020,نکاح کا وکیل بناتے وقت دو گواہ نہ ہوں,"<p><p style=""text-align:justify;"">میں نے اپنی بہن کے نکاح میں ایجاب لیتے وقت صرف دو آدمی کو مقرر کیا یعنی وہ دو آدمی میرے  چاچا ہیں، کیا اس میں تین آدمی کا ہونا شرط ہے  یا دونوں ہی کافی ہیں؟ اور وہ نکاح مسجد میں ولی سے اجازت لے کر مجمع عام میں نکاح پڑھا گیا۔</p></p>","<p><p style=""text-align:justify;"">دلہن سے اجازت لیتے وقت وکیل کے ساتھ گواہوں کا موجود ہونا صحتِ  نکاح  کے  لیے شرط یا  ضروری نہیں، البتہ مستحب ہے؛ تاکہ بوقتِ ضرورت وکالت کے ثبوت و صحت کی گواہی دے سکیں؛ لہذا اگر دو گواہ نہیں تھے، تب بھی نکاح درست ہوگیا ۔</p><p style=""text-align:justify;"">فتاوی شامی میں ہے:</p><p style=""text-align:justify;""><span class=""ar_writing"">""(قَوْلُهُ: وَشُرِطَ حُضُورُ شَاهِدَيْنِ) أَيْ يَشْهَدَانِ عَلَى الْعَقْدِ، أَمَّا الشَّهَادَةُ عَلَى التَّوْكِيلِ بِالنِّكَاحِ فَلَيْسَتْ بِشَرْطٍ لِصِحَّتِهِ، كَمَا قَدَّمْنَاهُ عَنْ الْبَحْرِ، وَإِنَّمَا فَائِدَتُهَا الْإِثْبَاتُ عِنْدَ جُحُودِ التَّوْكِيلِ"". ( کتاب النکاح، ٣ / ٢١)</span>  فقط واللہ اعلم</p></p><hr class=""big-hr""/>",07-02-2020,144106200452,banuri.edu.pk,نکاح,نکاح کی اہمیت اور حکم,نکاح کا حکم,"<div class=""col-md-12 sawal-jawab""><h3 class=""question_heading"">سوال</h3><p><p style=""text-align:justify;"">میں نے اپنی بہن کے نکاح میں ایجاب لیتے وقت صرف دو آدمی کو مقرر کیا یعنی وہ دو آدمی میرے  چاچا ہیں، کیا اس میں تین آدمی کا ہونا شرط ہے  یا دونوں ہی کافی ہیں؟ اور وہ نکاح مسجد میں ولی سے اجازت لے کر مجمع عام میں نکاح پڑھا گیا۔</p></p><h4 class=""question_heading"">جواب</h4><p><p style=""text-align:justify;"">دلہن سے اجازت لیتے وقت وکیل کے ساتھ گواہوں کا موجود ہونا صحتِ  نکاح  کے  لیے شرط یا  ضروری نہیں، البتہ مستحب ہے؛ تاکہ بوقتِ ضرورت وکالت کے ثبوت و صحت کی گواہی دے سکیں؛ لہذا اگر دو گواہ نہیں تھے، تب بھی نکاح درست ہوگیا ۔</p><p style=""text-align:justify;"">فتاوی شامی میں ہے:</p><p style=""text-align:justify;""><span class=""ar_writing"">""(قَوْلُهُ: وَشُرِطَ حُضُورُ شَاهِدَيْنِ) أَيْ يَشْهَدَانِ عَلَى الْعَقْدِ، أَمَّا الشَّهَادَةُ عَلَى التَّوْكِيلِ بِالنِّكَاحِ فَلَيْسَتْ بِشَرْطٍ لِصِحَّتِهِ، كَمَا قَدَّمْنَاهُ عَنْ الْبَحْرِ، وَإِنَّمَا فَائِدَتُهَا الْإِثْبَاتُ عِنْدَ جُحُودِ التَّوْكِيلِ"". ( کتاب النکاح، ٣ / ٢١)</span>  فقط واللہ اعلم</p></p><hr class=""big-hr""/><div class=""col-sm-6 col-md-6""><p class=""question_heading"" style=""color:#73161f"">فتویٰ نمبر : <a id=""fatwa_number"">144106200452</a></p></div><div class=""col-sm-6 col-md-6""><p style=""color:#73161f"">دارالافتاء :
                                جامعہ علوم اسلامیہ علامہ محمد یوسف بنوری ٹاؤن</p></div><hr class=""big-hr""/><div class=""col-sm-4 col-md-4""><div class=""tag""><a href=""https://www.banuri.edu.pk/questions/kitab/nikah""><i class=""icon-docs-bold""></i> نکاح</a></div></div><div class=""col-sm-4 col-md-4""><div class=""tag""><a href=""https://www.banuri.edu.pk/questions/bab/nikah-ki-ahmiyat-aur-hukum""><i class=""icon-docs-bold""></i> نکاح کی اہمیت اور حکم</a></div></div><div class=""col-sm-4 col-md-4""><div class=""tag""><a href=""https://www.banuri.edu.pk/questions/fasal/nikah-k-ahkam-sharait-sunan-or-aadab""><i class=""icon-docs-bold""></i> نکاح کا حکم</a></div></div></div>"
https://www.banuri.edu.pk/readquestion/قرآن-کی-آیت-کو-موبائل-سے-ڈلیٹ-کرنا-144106200502/08-02-2020,قرآن کی آیت کو موبائل سے ڈیلیٹ کرنا,"<p><p style=""text-align:justify;"">قرآن کی آیت کو موبائل سے ڈلیٹ کرنا کیسا ہے؟</p></p>","<p><p style=""text-align:justify;"">قرآنِ پاک کی آیت یا کسی دینی پیغام کو موبائل سے ڈیلیٹ کرنا جائز ہے، تاہم اگر کسی شخص کے پاس قرآنِ پاک کی کسی آیت پر مشتمل کوئی میسیج آئے تو بہتر یہ ہے کہ کم از کم ایک مرتبہ وہ میسج پڑھ لے، پھر اگر ڈیلیٹ کرنے کی ضرورت ہو تو کردے، تاکہ مکمل طور پر اعراض کی صورت لازم نہ آئے۔ تاہم یہ میسج محفوظ رکھنا، یا اسے آگے بھیجنا لازم نہیں ہے۔ فقط واللہ اعلم</p></p><hr class=""big-hr""/>",08-02-2020,144106200502,banuri.edu.pk,متفرق کتب,متفرق ابواب,متفرق فصول,"<div class=""col-md-12 sawal-jawab""><h3 class=""question_heading"">سوال</h3><p><p style=""text-align:justify;"">قرآن کی آیت کو موبائل سے ڈلیٹ کرنا کیسا ہے؟</p></p><h4 class=""question_heading"">جواب</h4><p><p style=""text-align:justify;"">قرآنِ پاک کی آیت یا کسی دینی پیغام کو موبائل سے ڈیلیٹ کرنا جائز ہے، تاہم اگر کسی شخص کے پاس قرآنِ پاک کی کسی آیت پر مشتمل کوئی میسیج آئے تو بہتر یہ ہے کہ کم از کم ایک مرتبہ وہ میسج پڑھ لے، پھر اگر ڈیلیٹ کرنے کی ضرورت ہو تو کردے، تاکہ مکمل طور پر اعراض کی صورت لازم نہ آئے۔ تاہم یہ میسج محفوظ رکھنا، یا اسے آگے بھیجنا لازم نہیں ہے۔ فقط واللہ اعلم</p></p><hr class=""big-hr""/><div class=""col-sm-6 col-md-6""><p class=""question_heading"" style=""color:#73161f"">فتویٰ نمبر : <a id=""fatwa_number"">144106200502</a></p></div><div class=""col-sm-6 col-md-6""><p style=""color:#73161f"">دارالافتاء :
                                جامعہ علوم اسلامیہ علامہ محمد یوسف بنوری ٹاؤن</p></div><hr class=""big-hr""/><div class=""col-sm-4 col-md-4""><div class=""tag""><a href=""https://www.banuri.edu.pk/questions/kitab/mutafarriq-kutub""><i class=""icon-docs-bold""></i> متفرق کتب</a></div></div><div class=""col-sm-4 col-md-4""><div class=""tag""><a href=""https://www.banuri.edu.pk/questions/bab/mutafarriq-abwab""><i class=""icon-docs-bold""></i> متفرق ابواب</a></div></div><div class=""col-sm-4 col-md-4""><div class=""tag""><a href=""https://www.banuri.edu.pk/questions/fasal/mutafarriq-fusool""><i class=""icon-docs-bold""></i> متفرق فصول</a></div></div></div>"
https://www.banuri.edu.pk/readquestion/کبوتر-کے-ذیعہ-موذی-امراض-کا-علاج-144106200537/09-02-2020,کبوتر کے ذیعہ موذی امراض کا علاج,"<p><p style=""text-align:justify;"">بعض موذی امراض میں لوگوں کا کہناہے کبوتر  کو انسان کی ناف پر لگاتے ہیں، کبوتر مرجاتاہے،  کہتے ہیں جب تک کبوترمرتےرہیں،  تب تک لگاتےرہو ، اس بارے میں کیا حکم ہے ؟</p></p>","<hr class=""big-hr""/>",09-02-2020,144106200537,banuri.edu.pk,حظر و اباحت,علاج / معالجہ,علاج معالجہ کے آداب و حدود,"<div class=""col-md-12 sawal-jawab""><h3 class=""question_heading"">سوال</h3><p><p style=""text-align:justify;"">بعض موذی امراض میں لوگوں کا کہناہے کبوتر  کو انسان کی ناف پر لگاتے ہیں، کبوتر مرجاتاہے،  کہتے ہیں جب تک کبوترمرتےرہیں،  تب تک لگاتےرہو ، اس بارے میں کیا حکم ہے ؟</p></p><h4 class=""question_heading"">جواب</h4><p><p style=""text-align:justify;"">اگرموذی اور مہلک امراض کے علاج کے لیے تجربے سے یہ بات ثابت ہو جائے کہ ذکرکردہ علاج کا طریقہ  کار آمد ہے اور اس سے وہ مرض واقعی ختم ہو جاتا ہے تو علاج کے لیے یہ طریقہ اختیار کرنے کی گنجائش ہوگی ، البتہ اگر اس کے علاوہ کوئی اورایسا طریقہ علاج ہو جس میں کسی جان دار کی جان نہ جاتی ہو اور کوئی شرعی ممانعت بھی نہ ہو تو وہ طریقہ علاج اختیار کیا جانازیادہ بہتر ہے ۔</p><p style=""text-align:justify;"">مزید تفصیل کے لیے مندرجہ ذیل لنک پر ہمارا فتوی ملاحظہ فرمائیں :</p><p style=""text-align:justify;""><a href=""https://www.banuri.edu.pk/readquestion/%DA%A9%D8%A8%D9%88%D8%AA%D8%B1-%D8%B3%DB%92-%DB%81%DB%8C%D9%BE%D8%A7%D9%B9%D8%A7%D8%A6%D9%B9%D8%B3-%D8%B3%DB%8C-%DA%A9%DB%92-%D8%B9%D9%84%D8%A7%D8%AC-%D8%B3%DB%92-%D9%85%D8%AA%D8%B9%D9%84%D9%82-%D8%A7%DB%8C%DA%A9-%D8%AC%D9%88%D8%A7%D8%A8-%DA%A9%DB%8C-%D9%88%D8%B6%D8%A7%D8%AD%D8%AA-144010201288/01-08-2019"">کبوتر سے ہیپاٹائٹس سی کے علاج سے متعلق ایک جواب کی وضاحت</a></p><p style=""text-align:justify;"">فقط واللہ اعلم</p></p><hr class=""big-hr""/><div class=""col-sm-6 col-md-6""><p class=""question_heading"" style=""color:#73161f"">فتویٰ نمبر : <a id=""fatwa_number"">144106200537</a></p></div><div class=""col-sm-6 col-md-6""><p style=""color:#73161f"">دارالافتاء :
                                جامعہ علوم اسلامیہ علامہ محمد یوسف بنوری ٹاؤن</p></div><hr class=""big-hr""/><div class=""col-sm-4 col-md-4""><div class=""tag""><a href=""https://www.banuri.edu.pk/questions/kitab/mamnooaat-mubahat""><i class=""icon-docs-bold""></i> حظر و اباحت</a></div></div><div class=""col-sm-4 col-md-4""><div class=""tag""><a href=""https://www.banuri.edu.pk/questions/bab/ilaj-mualaja""><i class=""icon-docs-bold""></i> علاج / معالجہ</a></div></div><div class=""col-sm-4 col-md-4""><div class=""tag""><a href=""https://www.banuri.edu.pk/questions/fasal/ilaj-mualja-k-aadab-o-hudood""><i class=""icon-docs-bold""></i> علاج معالجہ کے آداب و حدود</a></div></div></div>"
https://www.banuri.edu.pk/readquestion/تحقیق-حدیث-میں-عرب-سے-ہوں-144106200501/08-02-2020,"""میں عرب سے ہوں ۔۔۔ الخ"" روایت کی تحقیق","<p><p style=""text-align:justify;"">کیا یہ حدیث صحیح ہےکہ آپ صلی اللہ علیہ وسلم نے فرمایا: ’’میں عرب سے ہوں، پر عرب مجھ سے نہیں، ہند مجھ سے ہے میں ہند سے نہیں‘‘؟</p></p>","<p><p style=""text-align:justify;"">بہت تلاش کے باوجود کسی مستند کتاب میں یہ روایت نہیں ملی، اس لیے رسول اللہ صلی اللہ علیہ وسلم کی طرف نسبت کرکے بیان کرنا درست نہیں ہے ۔ فقط واللہ اعلم </p></p><hr class=""big-hr""/>",08-02-2020,144106200501,banuri.edu.pk,علوم و فنون,حدیث و سنت,حدیث کا معنی، مفہوم اور اقسام,"<div class=""col-md-12 sawal-jawab""><h3 class=""question_heading"">سوال</h3><p><p style=""text-align:justify;"">کیا یہ حدیث صحیح ہےکہ آپ صلی اللہ علیہ وسلم نے فرمایا: ’’میں عرب سے ہوں، پر عرب مجھ سے نہیں، ہند مجھ سے ہے میں ہند سے نہیں‘‘؟</p></p><h4 class=""question_heading"">جواب</h4><p><p style=""text-align:justify;"">بہت تلاش کے باوجود کسی مستند کتاب میں یہ روایت نہیں ملی، اس لیے رسول اللہ صلی اللہ علیہ وسلم کی طرف نسبت کرکے بیان کرنا درست نہیں ہے ۔ فقط واللہ اعلم </p></p><hr class=""big-hr""/><div class=""col-sm-6 col-md-6""><p class=""question_heading"" style=""color:#73161f"">فتویٰ نمبر : <a id=""fatwa_number"">144106200501</a></p></div><div class=""col-sm-6 col-md-6""><p style=""color:#73161f"">دارالافتاء :
                                جامعہ علوم اسلامیہ علامہ محمد یوسف بنوری ٹاؤن</p></div><hr class=""big-hr""/><div class=""col-sm-4 col-md-4""><div class=""tag""><a href=""https://www.banuri.edu.pk/questions/kitab/uloom-funoon""><i class=""icon-docs-bold""></i> علوم و فنون</a></div></div><div class=""col-sm-4 col-md-4""><div class=""tag""><a href=""https://www.banuri.edu.pk/questions/bab/hadees-sunnat""><i class=""icon-docs-bold""></i> حدیث و سنت</a></div></div><div class=""col-sm-4 col-md-4""><div class=""tag""><a href=""https://www.banuri.edu.pk/questions/fasal/hadees-ka-mana-mafhom-aur-aqsaam""><i class=""icon-docs-bold""></i> حدیث کا معنی، مفہوم اور اقسام</a></div></div></div>"
https://www.banuri.edu.pk/readquestion/سورۃ-قصص-آیات-٢۴-کی-فضیلت-144106200470/07-02-2020,سورۃ  قصص آیات ٢۴ کی فضیلت,"<p><p style=""text-align:justify;""> سورۂ  قصص آیات 24 کی فضیلت اور اس آیت  کو پڑھنے سے حاصل ہونے والے فائدہ بتا دیں۔</p></p>","<p><p style=""text-align:justify;"">سورۂ  قصص آیت نمبر 24 یہ ہے:</p><p style=""text-align:justify;""><span class=""ar_writing"">{رَبِّ إِنِّي لِما أَنْزَلْتَ إِلَيَّ مِنْ خَيْرٍ فَقِيرٌ}</span></p><p style=""text-align:justify;"">یہ دعا حضرت موسیٰ علیہ السلام نے اللہ تبارک وتعالیٰ سے مانگی تھی جس وقت فرعون اور اس کے مشیرین نے آپ علیہ السلام کے قتل کا فیصلہ کیا تھا، اور آپ علیہ السلام مصر سے نکل کر مدین پہنچے تھے، اور بزرگِ مدین کی دو صاحب زادیوں کو پانی بھر کر گھر روانہ کرنے کے بعد آپ علیہ السلام درخت کے سایہ میں آئے تھے، اس دعا میں آپ علیہ السلام نے اللہ سبحانہ وتعالیٰ کے حضور اپنی نیاز مندی ظاہر فرمائی تھی کہ اے میرے رب آپ جو بھی خیر میری طرف نازل کریں گے میں اس کا محتاج ہوں۔ چناں چہ اللہ پاک نے بزرگِ مدین کے دل میں آپ علیہ السلام کی امانت و طہارت وغیرہ صفات ڈال دیں، یوں دس سال آپ کو وہاں ٹھکانہ بھی مل گیا اور  اُن ہی صاحب زادی سے عقدِ نکاح بھی ہوگیا۔</p><p style=""text-align:justify;"">اس پس منظر اور تاثیر کو دیکھتے ہوئے بزرگ فرماتے ہیں کہ اگر کسی کی شادی نہ ہو رہی ہو یا اچھا رشتہ دست یاب نہ ہو رہا ہو تو اس کو چاہیے کہ اس آیت کو کثرت سے پڑھے، ان شاء اللہ جلد شادی ہو جائے گی۔ نیز کسی پردیس میں آدمی کو رہائش نہ مل رہی ہو یا اپنے ہی دیس میں رہائش کا مسئلہ ہو تو بھی دل سے یہ دعا کرنے سے امید ہے کہ اللہ پاک رہائش مع زواج کا انتظام فرمادیں گے۔ فقط واللہ اعلم</p></p><hr class=""big-hr""/>",07-02-2020,144106200470,banuri.edu.pk,علوم و فنون,دعائیں، اوراد اور وظائف,اوراد ووظائف,"<div class=""col-md-12 sawal-jawab""><h3 class=""question_heading"">سوال</h3><p><p style=""text-align:justify;""> سورۂ  قصص آیات 24 کی فضیلت اور اس آیت  کو پڑھنے سے حاصل ہونے والے فائدہ بتا دیں۔</p></p><h4 class=""question_heading"">جواب</h4><p><p style=""text-align:justify;"">سورۂ  قصص آیت نمبر 24 یہ ہے:</p><p style=""text-align:justify;""><span class=""ar_writing"">{رَبِّ إِنِّي لِما أَنْزَلْتَ إِلَيَّ مِنْ خَيْرٍ فَقِيرٌ}</span></p><p style=""text-align:justify;"">یہ دعا حضرت موسیٰ علیہ السلام نے اللہ تبارک وتعالیٰ سے مانگی تھی جس وقت فرعون اور اس کے مشیرین نے آپ علیہ السلام کے قتل کا فیصلہ کیا تھا، اور آپ علیہ السلام مصر سے نکل کر مدین پہنچے تھے، اور بزرگِ مدین کی دو صاحب زادیوں کو پانی بھر کر گھر روانہ کرنے کے بعد آپ علیہ السلام درخت کے سایہ میں آئے تھے، اس دعا میں آپ علیہ السلام نے اللہ سبحانہ وتعالیٰ کے حضور اپنی نیاز مندی ظاہر فرمائی تھی کہ اے میرے رب آپ جو بھی خیر میری طرف نازل کریں گے میں اس کا محتاج ہوں۔ چناں چہ اللہ پاک نے بزرگِ مدین کے دل میں آپ علیہ السلام کی امانت و طہارت وغیرہ صفات ڈال دیں، یوں دس سال آپ کو وہاں ٹھکانہ بھی مل گیا اور  اُن ہی صاحب زادی سے عقدِ نکاح بھی ہوگیا۔</p><p style=""text-align:justify;"">اس پس منظر اور تاثیر کو دیکھتے ہوئے بزرگ فرماتے ہیں کہ اگر کسی کی شادی نہ ہو رہی ہو یا اچھا رشتہ دست یاب نہ ہو رہا ہو تو اس کو چاہیے کہ اس آیت کو کثرت سے پڑھے، ان شاء اللہ جلد شادی ہو جائے گی۔ نیز کسی پردیس میں آدمی کو رہائش نہ مل رہی ہو یا اپنے ہی دیس میں رہائش کا مسئلہ ہو تو بھی دل سے یہ دعا کرنے سے امید ہے کہ اللہ پاک رہائش مع زواج کا انتظام فرمادیں گے۔ فقط واللہ اعلم</p></p><hr class=""big-hr""/><div class=""col-sm-6 col-md-6""><p class=""question_heading"" style=""color:#73161f"">فتویٰ نمبر : <a id=""fatwa_number"">144106200470</a></p></div><div class=""col-sm-6 col-md-6""><p style=""color:#73161f"">دارالافتاء :
                                جامعہ علوم اسلامیہ علامہ محمد یوسف بنوری ٹاؤن</p></div><hr class=""big-hr""/><div class=""col-sm-4 col-md-4""><div class=""tag""><a href=""https://www.banuri.edu.pk/questions/kitab/uloom-funoon""><i class=""icon-docs-bold""></i> علوم و فنون</a></div></div><div class=""col-sm-4 col-md-4""><div class=""tag""><a href=""https://www.banuri.edu.pk/questions/bab/adeya-azkar""><i class=""icon-docs-bold""></i> دعائیں، اوراد اور وظائف</a></div></div><div class=""col-sm-4 col-md-4""><div class=""tag""><a href=""https://www.banuri.edu.pk/questions/fasal/aurad-o-wzaif""><i class=""icon-docs-bold""></i> اوراد ووظائف</a></div></div></div>"
https://www.banuri.edu.pk/readquestion/اگر-کسی-برتن-میں-خنزیر-کا-لعاب-لگ-جاۓ-تو-کیا-حکم-ہے-144106200441/06-02-2020,اگر کسی برتن میں خنزیر کا لعاب لگ جائے تو کیا حکم ہے؟,"<p><p style=""text-align:justify;"">اگر کسی برتن میں خنزیر کا لعاب لگ جاۓ تو کیا حکم ہے؟</p></p>","<hr class=""big-hr""/>",06-02-2020,144106200441,banuri.edu.pk,طہارت,نجاست اور اس سے پاکی,نجاست سے پاکی,"<div class=""col-md-12 sawal-jawab""><h3 class=""question_heading"">سوال</h3><p><p style=""text-align:justify;"">اگر کسی برتن میں خنزیر کا لعاب لگ جاۓ تو کیا حکم ہے؟</p></p><h4 class=""question_heading"">جواب</h4><p><p style=""text-align:justify;"">اگر کسی برتن میں خنزیر کا لعاب لگ جاۓ تو اسے اچھی طرح دھونے سے وہ پاک ہوجائے گا، بہتر یہ ہے کہ اسے تین دفعہ دھولیا جائے۔</p><p style=""text-align:justify;""><span class=""ar_writing"">الدر المختار شرح تنوير الأبصار (1 / 223):<br/>
""( و ) سؤر ( خنزير وكلب وسباع بهائم ) ومنه الهرة البرية ( وشارب خمر فور شربها ) ولو شاربه طويلاً لايستوعبه اللسان فنجس ولو بعد زمان ( وهرة فور أكل فأرة نجس ) مغلظ"".</span></p><p style=""text-align:justify;""><span class=""ar_writing"">وفیه:(1 / 228):<br/>
""( و ) حكم ( عرق كسؤر ) فعرق الحمار إذا وقع في الماء صار مشكلاً على المذهب، كما في المستصفى"".</span></p><p style=""text-align:justify;""><span class=""ar_writing"">تحفة الأحوذي (5/ 418):</span></p><p style=""text-align:justify;""><span class=""ar_writing"">’’اعلم أن البخاري رح عقد باباً بلفظ باب آنية المجوس والميتة وأورد فيه حديث أبي ثعلبة، وفيه: ""أما ما ذكرت أنكم بأرض أهل الكتاب فلا تأكلوا في آنيتهم إلا أن لاتجدوا بداً، فإن لم تجدوا فاغسلوا وكلوا"". قال الحافظ: قال بن التين: كذا ترجم وأتى بحديث أبي ثعلبة، وفيه ذكر أهل الكتاب، فلعله يرى أنهم أهل كتاب. وقال ابن المنير: ترجم للمجوس والأحاديث في أهل الكتاب؛ لأنه بنى على أن المحذور من ذلك واحد وهو عدم توقيهم النجاسات. وقال الكرماني: أو حكمه على أحدها بالقياس على الآخر وباعتبار أن المجوس يزعمون أنهم أهل كتاب. قال الحافظ: وأحسن من ذلك أنه أشار إلى ما ورد في بعض طرق الحديث منصوصاً على المجوس، فعند الترمذي من طريق أخرى عن أبي ثعلبة: سئل رسول الله صلى الله عليه وسلم عن قدور المجوس، فقال: أنقوها غسلاً واطبخوا فيها. وفي لفظ من وجه آخر عن أبي ثعلبة: قلت: إنا نمر بهذا اليهود والنصارى والمجوس فلانجد غير آنيتهم، الحديث. وهذه طريقة يكثر منها البخاري فما كان في سنده مقال يترجم به ثم يورد في الباب ما يؤخذ الحكم منه بطريق الإلحاق ونحوه.</span></p><p style=""text-align:justify;""><span class=""ar_writing"">والحكم في آنية المجوس لايختلف مع الحكم في آنية أهل الكتاب؛ لأن العلة إن كانت لكونهم تحل ذبائحهم كأهل الكتاب فلا إشكال، أو لاتحل فتكون الآنية التي يطبخون فيها ذبائحهم ويغرفون قد تنجست بملاقاة الميتة، فأهل الكتاب كذلك باعتبار أنهم لايتدينون باجتناب النجاسة وبأنهم يطبخون فيها الخنزير ويضعون فيها الخمر وغيرها، ويؤيد الثاني ما أخرجه أبو داود والبزار عن جابر: كنا نغزو مع رسول الله صلى الله عليه وسلم فنصيب من آنية المشركين فنستمتع بها فلايعيب ذلك علينا. لفظ أبي داود. وفي رواية البزار: فنغسلها ونأكل فيها. انتهى.</span></p><p style=""text-align:justify;""><span class=""ar_writing"">قال النووي: قد يقال: هذا الحديث مخالف لما يقول الفقهاء، فإنهم يقولون: إنه يجوز استعمال أواني المشركين إذا غسلت ولا كراهة فيها بعد الغسل سواء وجد غيرها أم لا، وهذا الحديث يقتضي كراهة استعمالها إن وجد غيرها ولايكفي غسلها في نفي الكراهة وإنما يغسلها ويستعملها إذا لم يجد غيرها، والجواب: أن المراد النهي عن الأكل في آنيتهم التي كانوا يطبخون فيها لحم الخنزير ويشربون كما صرح به في رواية أبي داود، وإنما نهى عن الأكل فيها بعد الغسل للاستقذار وكونها معتادةً للنجاسة كما يكره الأكل في المحجمة المغسولة، وأما الفقهاء فمرادهم مطلق آنية الكفار التي ليست مستعملةً في النجاسات فهذه يكره استعمالها قبل غسلها، فإذا غسل فلا كراهة فيها؛ لأنها طاهرة وليس فيها استقذار ولم يريدوا نفي الكراهة عن آنيتهم المستعملة في الخنزير وغيره من النجاسات انتهى. وقال الحافظ في الفتح: ومشى بن حزم على ظاهريته فقال: لايجوز استعمال آنية أهل الكتاب إلا بشرطين: أحدهما: أن لايجد غيره. والثاني: غسلها. وأجيب بأن أمره بالغسل عند فقد غيرها دال على طهارتها بالغسل، والأمر باجتنابها عند وجود غيرها للمبالغة في التنفير عنها، كما في حديث سلمة الآتي بعد في الأمر بكسر القدور التي طبخت فيها الميتة، فقال رجل: أو نغسلها؟ فقال: أو ذاك، فأمر بالكسر للمبالغة في التنفير عنها، ثم أذن في الغسل ترخيصاً فكذلك يتجه هذا هنا. انتهى ... (قوله: فارحضوها) أي اغسلوها، قال في القاموس: رحضه كمنعه غسله كأرحضه. انتهى"".</span></p><p style=""text-align:justify;""><span class=""ar_writing"">قال الخطابي: والأصل في هذا أنه إذا كان معلوماً من حال المشركين أنهم يطبخون في قدورهم الخنزير ويشربون في آنيتهم الخمر فإنه لايجوز استعمالها إلا بعد الغسل والتنظيف‘‘. </span>فقط واللہ اعلم</p></p><hr class=""big-hr""/><div class=""col-sm-6 col-md-6""><p class=""question_heading"" style=""color:#73161f"">فتویٰ نمبر : <a id=""fatwa_number"">144106200441</a></p></div><div class=""col-sm-6 col-md-6""><p style=""color:#73161f"">دارالافتاء :
                                جامعہ علوم اسلامیہ علامہ محمد یوسف بنوری ٹاؤن</p></div><hr class=""big-hr""/><div class=""col-sm-4 col-md-4""><div class=""tag""><a href=""https://www.banuri.edu.pk/questions/kitab/taharat""><i class=""icon-docs-bold""></i> طہارت</a></div></div><div class=""col-sm-4 col-md-4""><div class=""tag""><a href=""https://www.banuri.edu.pk/questions/bab/najasat-aur-us-ki-paki""><i class=""icon-docs-bold""></i> نجاست اور اس سے پاکی</a></div></div><div class=""col-sm-4 col-md-4""><div class=""tag""><a href=""https://www.banuri.edu.pk/questions/fasal/nijasat-aur-us-ki-paki""><i class=""icon-docs-bold""></i> نجاست سے پاکی</a></div></div></div>"
https://www.banuri.edu.pk/readquestion/لونڈی-سے-پیدا-کی-گئی-اولاد-کیلئے-ترکہ-وراثت-میں-سے-حصہ-ہو-گا-یا-نہیں-144105200510/11-01-2020,لونڈی سے پیدا کی گئی اولاد کے لیے ترکہ/ وراثت میں سے حصہ ہو گا یا نہیں؟,"<p><p style=""text-align:justify;"">لونڈی سے پیدا کی گئی اولاد کے لیے ترکہ/وراثت میں سے حصہ ہو گا یا نہیں?</p></p>","<p><p style=""text-align:justify;"">واضح رہے کہ باندی سے اولاد کے حصول کی صورت میں اولاد آزاد نہیں ہوتی جب تک اس کو آزاد نہ کیا جائے یعنی اگر آقا نے اپنی باندی کی شادی کسی آدمی سے کروا دی تو ان سے پیدا ہونے والی اولاد آقا کی غلام ہو گی اور غلامی چوں کہ میراث کے حصول سے مانع ہے؛  لہذا اس غلام کے والد کے انتقال کی صورت میں اس کو میراث میں کوئی حصہ نہیں ملے گا۔  اور اگر آقا نے خود اپنی باندی سے جماع کیا اور اولاد پیدا ہوئی تو یہ اولاد آزاد ہو گی اور والد کے انتقال کی صورت میں میراث میں حق دار ہو گی۔</p><p style=""text-align:justify;""><span class=""ar_writing"">الدر المختار وحاشية ابن عابدين (رد المحتار) (3/ 657):<br/>
""(ولد الأمة من زوجها ملك لسيدها) تبعًا لها (وولدها من مولاها حر)"". </span></p><p style=""text-align:justify;""><span class=""ar_writing"">الدر المختار وحاشية ابن عابدين (رد المحتار) (3/ 653):<br/>
""(والولد) ما دام جنينًا (يتبع الأم) .....  (في الملك)"".</span></p><p style=""text-align:justify;""><span class=""ar_writing"">الدر المختار وحاشية ابن عابدين (رد المحتار) (3/ 655):<br/>
""(قوله: واستيلاد) بأن زوج أم ولده فحملت تبعها ولدها في حكم أمومية الولد فيعتق بموت السيد كالأم"".  </span>فقط واللہ اعلم</p></p><hr class=""big-hr""/>",11-01-2020,144105200510,banuri.edu.pk,معاملات,وراثت / وصیت,استحقاق اور عدم استحقاق وراثت,"<div class=""col-md-12 sawal-jawab""><h3 class=""question_heading"">سوال</h3><p><p style=""text-align:justify;"">لونڈی سے پیدا کی گئی اولاد کے لیے ترکہ/وراثت میں سے حصہ ہو گا یا نہیں?</p></p><h4 class=""question_heading"">جواب</h4><p><p style=""text-align:justify;"">واضح رہے کہ باندی سے اولاد کے حصول کی صورت میں اولاد آزاد نہیں ہوتی جب تک اس کو آزاد نہ کیا جائے یعنی اگر آقا نے اپنی باندی کی شادی کسی آدمی سے کروا دی تو ان سے پیدا ہونے والی اولاد آقا کی غلام ہو گی اور غلامی چوں کہ میراث کے حصول سے مانع ہے؛  لہذا اس غلام کے والد کے انتقال کی صورت میں اس کو میراث میں کوئی حصہ نہیں ملے گا۔  اور اگر آقا نے خود اپنی باندی سے جماع کیا اور اولاد پیدا ہوئی تو یہ اولاد آزاد ہو گی اور والد کے انتقال کی صورت میں میراث میں حق دار ہو گی۔</p><p style=""text-align:justify;""><span class=""ar_writing"">الدر المختار وحاشية ابن عابدين (رد المحتار) (3/ 657):<br/>
""(ولد الأمة من زوجها ملك لسيدها) تبعًا لها (وولدها من مولاها حر)"". </span></p><p style=""text-align:justify;""><span class=""ar_writing"">الدر المختار وحاشية ابن عابدين (رد المحتار) (3/ 653):<br/>
""(والولد) ما دام جنينًا (يتبع الأم) .....  (في الملك)"".</span></p><p style=""text-align:justify;""><span class=""ar_writing"">الدر المختار وحاشية ابن عابدين (رد المحتار) (3/ 655):<br/>
""(قوله: واستيلاد) بأن زوج أم ولده فحملت تبعها ولدها في حكم أمومية الولد فيعتق بموت السيد كالأم"".  </span>فقط واللہ اعلم</p></p><hr class=""big-hr""/><div class=""col-sm-6 col-md-6""><p class=""question_heading"" style=""color:#73161f"">فتویٰ نمبر : <a id=""fatwa_number"">144105200510</a></p></div><div class=""col-sm-6 col-md-6""><p style=""color:#73161f"">دارالافتاء :
                                جامعہ علوم اسلامیہ علامہ محمد یوسف بنوری ٹاؤن</p></div><hr class=""big-hr""/><div class=""col-sm-4 col-md-4""><div class=""tag""><a href=""https://www.banuri.edu.pk/questions/kitab/muamlat""><i class=""icon-docs-bold""></i> معاملات</a></div></div><div class=""col-sm-4 col-md-4""><div class=""tag""><a href=""https://www.banuri.edu.pk/questions/bab/wirasat-wasyat""><i class=""icon-docs-bold""></i> وراثت / وصیت</a></div></div><div class=""col-sm-4 col-md-4""><div class=""tag""><a href=""https://www.banuri.edu.pk/questions/fasal/istehqaq-or-adm-istehqaq-wirasat""><i class=""icon-docs-bold""></i> استحقاق اور عدم استحقاق وراثت</a></div></div></div>"
https://www.banuri.edu.pk/readquestion/جبرائیل-میکائیل-اور-نوفل-نام-رکھنا-144106200450/06-02-2020,جبرائیل، میکائیل اور نوفل نام رکھنا,"<p><p style=""text-align:justify;"">جبرائیل ، میکائل اورنوفل نام رکھنا کیسا ہے ؟</p></p>","<p><p style=""text-align:justify;"">جبرائیل اور میکائیل نام رکھنا مکروہ ہے؛ کیوں کہ یہ فرشتوں کے نام ہیں اور فرشتوں کے نام رکھنا مکروہ ہے۔</p><p style=""text-align:justify;"">نوفل نام رکھنا درست ہونے کے ساتھ بابرکت بھی ہے جیسا کہ یہ ایک بدری صحابی کا نام بھی ہے!</p><p style=""text-align:justify;""><span class=""ar_writing"">شرح السنة (12 / 336):<br/>
""ويكره التسمي بأسماء الملائكة مثل جبريل وميكائيل؛ لأن عمر ابن الخطاب رضي الله عنه قد كره ذلك، ولم يأتنا عن أحد من الصحابة ولا التابعين أنه سمى ولداً له باسم أحد منهم، هذا قول حميد بن زنجوية"".</span></p><p style=""text-align:justify;""><span class=""ar_writing"">الطبقات الكبرى ط دار صادر (3 / 549):<br/>
""وشهد نوفل بن عبد الله بدرًا، وأحدًا وقتل يوم أحد شهيدًا في شوال على رأس اثنين وثلاثين شهرًا، وليس له عقب"".</span> فقط واللہ اعلم</p></p><hr class=""big-hr""/>",06-02-2020,144106200450,banuri.edu.pk,حقوق و آدابِ معاشرت,حقوق,اولاد کے حقوق,"<div class=""col-md-12 sawal-jawab""><h3 class=""question_heading"">سوال</h3><p><p style=""text-align:justify;"">جبرائیل ، میکائل اورنوفل نام رکھنا کیسا ہے ؟</p></p><h4 class=""question_heading"">جواب</h4><p><p style=""text-align:justify;"">جبرائیل اور میکائیل نام رکھنا مکروہ ہے؛ کیوں کہ یہ فرشتوں کے نام ہیں اور فرشتوں کے نام رکھنا مکروہ ہے۔</p><p style=""text-align:justify;"">نوفل نام رکھنا درست ہونے کے ساتھ بابرکت بھی ہے جیسا کہ یہ ایک بدری صحابی کا نام بھی ہے!</p><p style=""text-align:justify;""><span class=""ar_writing"">شرح السنة (12 / 336):<br/>
""ويكره التسمي بأسماء الملائكة مثل جبريل وميكائيل؛ لأن عمر ابن الخطاب رضي الله عنه قد كره ذلك، ولم يأتنا عن أحد من الصحابة ولا التابعين أنه سمى ولداً له باسم أحد منهم، هذا قول حميد بن زنجوية"".</span></p><p style=""text-align:justify;""><span class=""ar_writing"">الطبقات الكبرى ط دار صادر (3 / 549):<br/>
""وشهد نوفل بن عبد الله بدرًا، وأحدًا وقتل يوم أحد شهيدًا في شوال على رأس اثنين وثلاثين شهرًا، وليس له عقب"".</span> فقط واللہ اعلم</p></p><hr class=""big-hr""/><div class=""col-sm-6 col-md-6""><p class=""question_heading"" style=""color:#73161f"">فتویٰ نمبر : <a id=""fatwa_number"">144106200450</a></p></div><div class=""col-sm-6 col-md-6""><p style=""color:#73161f"">دارالافتاء :
                                جامعہ علوم اسلامیہ علامہ محمد یوسف بنوری ٹاؤن</p></div><hr class=""big-hr""/><div class=""col-sm-4 col-md-4""><div class=""tag""><a href=""https://www.banuri.edu.pk/questions/kitab/huqooq-muashret""><i class=""icon-docs-bold""></i> حقوق و آدابِ معاشرت</a></div></div><div class=""col-sm-4 col-md-4""><div class=""tag""><a href=""https://www.banuri.edu.pk/questions/bab/bahmi-huqooq""><i class=""icon-docs-bold""></i> حقوق</a></div></div><div class=""col-sm-4 col-md-4""><div class=""tag""><a href=""https://www.banuri.edu.pk/questions/fasal/olad-ky-hoqoq""><i class=""icon-docs-bold""></i> اولاد کے حقوق</a></div></div></div>"
https://www.banuri.edu.pk/readquestion/کیا-عورت-کے-لئے-استنجاء-میں-ہاتھ-کا-استعمال-ضروری-ہے-144106200443/06-02-2020,کیا عورت کے لیے ہاتھ سے استنجا کرنا ضروری ہے؟,"<p><p style=""text-align:justify;""> کیا عورتوں کو پیشاب کرنے کے بعد بھی ہاتھ سے طہارت کر نا لا زمی ہے یا تین دفعہ اچھی طرح پانی ڈالنے سے بھی طہارت ہوجائے گی؟ اور اگر ہاتھ سے صفائی لازمی ہوتی ہے اور کسی کو اس بارے میں علم نہ ہو اور وہ بس تین دفعہ اچھی طرح پانی ڈالتی رہی ہو تو کیا اس کے لیے پچھلی نمازوں کی ادائیگی دوبارہ لازم ہوگی?</p></p>","<p><p style=""text-align:justify;"">عام طور پر پیشاب کے بعد شرمگاہ پر ایسی کوئی نجاست لگی نہیں ہوتی جس کو ہاتھ سے صاف کیا جائے، بلکہ صرف پانی ڈالنے سے ہی شرم گاہ  پیشاب کے قطروں سے صاف ہو جاتی ہے ؛ اس لیے جب تک ایسی کوئی نجاست لگی نہ ہو اس وقت تک  استنجا کے لیے ہاتھ کا استعمال ضروری نہیں ہے اور صرف پانی ڈالنے سے پاکی سمجھی جائے گی۔ لہذا ایسی خاتون کو اپنی پچھلی نمازوں سے متعلق شک اور وہم میں نہیں پڑنا چاہیے۔</p><p style=""text-align:justify;""><span class=""ar_writing"">الدر المختار وحاشية ابن عابدين (رد المحتار) (1/ 337):<br/>
""وقال في شرح المنية: ولم أر لمشايخنا في حق القبل للمرأة كيفية معينة في الاستنجاء بالأحجار. اهـ. قلت: بل صرح في الغزنوية بأنها تفعل كما يفعل الرجل إلا في الاستبراء فإنها لا استبراء عليها، بل كما فرغت من البول والغائط تصبر ساعةً لطيفةً، ثم تمسح قبلها ودبرها بالأحجار، ثم تستنجي بالماء اهـ"".</span> فقط واللہ اعلم</p></p><hr class=""big-hr""/>",06-02-2020,144106200443,banuri.edu.pk,طہارت,نجاست اور اس سے پاکی,استنجاء، آداب و احکام,"<div class=""col-md-12 sawal-jawab""><h3 class=""question_heading"">سوال</h3><p><p style=""text-align:justify;""> کیا عورتوں کو پیشاب کرنے کے بعد بھی ہاتھ سے طہارت کر نا لا زمی ہے یا تین دفعہ اچھی طرح پانی ڈالنے سے بھی طہارت ہوجائے گی؟ اور اگر ہاتھ سے صفائی لازمی ہوتی ہے اور کسی کو اس بارے میں علم نہ ہو اور وہ بس تین دفعہ اچھی طرح پانی ڈالتی رہی ہو تو کیا اس کے لیے پچھلی نمازوں کی ادائیگی دوبارہ لازم ہوگی?</p></p><h4 class=""question_heading"">جواب</h4><p><p style=""text-align:justify;"">عام طور پر پیشاب کے بعد شرمگاہ پر ایسی کوئی نجاست لگی نہیں ہوتی جس کو ہاتھ سے صاف کیا جائے، بلکہ صرف پانی ڈالنے سے ہی شرم گاہ  پیشاب کے قطروں سے صاف ہو جاتی ہے ؛ اس لیے جب تک ایسی کوئی نجاست لگی نہ ہو اس وقت تک  استنجا کے لیے ہاتھ کا استعمال ضروری نہیں ہے اور صرف پانی ڈالنے سے پاکی سمجھی جائے گی۔ لہذا ایسی خاتون کو اپنی پچھلی نمازوں سے متعلق شک اور وہم میں نہیں پڑنا چاہیے۔</p><p style=""text-align:justify;""><span class=""ar_writing"">الدر المختار وحاشية ابن عابدين (رد المحتار) (1/ 337):<br/>
""وقال في شرح المنية: ولم أر لمشايخنا في حق القبل للمرأة كيفية معينة في الاستنجاء بالأحجار. اهـ. قلت: بل صرح في الغزنوية بأنها تفعل كما يفعل الرجل إلا في الاستبراء فإنها لا استبراء عليها، بل كما فرغت من البول والغائط تصبر ساعةً لطيفةً، ثم تمسح قبلها ودبرها بالأحجار، ثم تستنجي بالماء اهـ"".</span> فقط واللہ اعلم</p></p><hr class=""big-hr""/><div class=""col-sm-6 col-md-6""><p class=""question_heading"" style=""color:#73161f"">فتویٰ نمبر : <a id=""fatwa_number"">144106200443</a></p></div><div class=""col-sm-6 col-md-6""><p style=""color:#73161f"">دارالافتاء :
                                جامعہ علوم اسلامیہ علامہ محمد یوسف بنوری ٹاؤن</p></div><hr class=""big-hr""/><div class=""col-sm-4 col-md-4""><div class=""tag""><a href=""https://www.banuri.edu.pk/questions/kitab/taharat""><i class=""icon-docs-bold""></i> طہارت</a></div></div><div class=""col-sm-4 col-md-4""><div class=""tag""><a href=""https://www.banuri.edu.pk/questions/bab/najasat-aur-us-ki-paki""><i class=""icon-docs-bold""></i> نجاست اور اس سے پاکی</a></div></div><div class=""col-sm-4 col-md-4""><div class=""tag""><a href=""https://www.banuri.edu.pk/questions/fasal/istinja-or-us-kay-aadab-o-ahkam""><i class=""icon-docs-bold""></i> استنجاء، آداب و احکام</a></div></div></div>"
https://www.banuri.edu.pk/readquestion/تعبیر-الرؤیا-144106200407/06-02-2020,خواب میں ساس کا بہو کو موسمی پھل دینا,"<p><p style=""text-align:justify;"">ساس کا خواب میں بہو کو موسمی پھل دینا، جیسے انار یا اخروٹ۔ تعبیر بتادیجیے!</p></p>","<p><p style=""text-align:justify;"">ساس بہو کے دینی کاموں میں معاون بنے گی۔ فقط واللہ اعلم</p></p><hr class=""big-hr""/>",06-02-2020,144106200407,banuri.edu.pk,علوم و فنون,تعبیر الرؤیا,بعض خوابوں کی تعبیر,"<div class=""col-md-12 sawal-jawab""><h3 class=""question_heading"">سوال</h3><p><p style=""text-align:justify;"">ساس کا خواب میں بہو کو موسمی پھل دینا، جیسے انار یا اخروٹ۔ تعبیر بتادیجیے!</p></p><h4 class=""question_heading"">جواب</h4><p><p style=""text-align:justify;"">ساس بہو کے دینی کاموں میں معاون بنے گی۔ فقط واللہ اعلم</p></p><hr class=""big-hr""/><div class=""col-sm-6 col-md-6""><p class=""question_heading"" style=""color:#73161f"">فتویٰ نمبر : <a id=""fatwa_number"">144106200407</a></p></div><div class=""col-sm-6 col-md-6""><p style=""color:#73161f"">دارالافتاء :
                                جامعہ علوم اسلامیہ علامہ محمد یوسف بنوری ٹاؤن</p></div><hr class=""big-hr""/><div class=""col-sm-4 col-md-4""><div class=""tag""><a href=""https://www.banuri.edu.pk/questions/kitab/uloom-funoon""><i class=""icon-docs-bold""></i> علوم و فنون</a></div></div><div class=""col-sm-4 col-md-4""><div class=""tag""><a href=""https://www.banuri.edu.pk/questions/bab/mutafarriq-deeni-uloom""><i class=""icon-docs-bold""></i> تعبیر الرؤیا</a></div></div><div class=""col-sm-4 col-md-4""><div class=""tag""><a href=""https://www.banuri.edu.pk/questions/fasal/baaz-khuwabon-ki-taabeer""><i class=""icon-docs-bold""></i> بعض خوابوں کی تعبیر</a></div></div></div>"
https://www.banuri.edu.pk/readquestion/ایک-حدیث-کی-تحقیق-4/27-05-2019,رسول اللہ ﷺ کی نمازِ جنازہ سے متعلق ایک حدیث کی تحقیق,"<p><p style=""text-align:justify;"">ایک روایت سنی ہے کہ  آپ صلی اللہ علیہ وسلم سےصحابہ کرام رضی اللہ عنہم نے دریافت کیا :</p><p style=""text-align:justify;"">آپ کے انتقال کے بعد آپ کی نماز جنازہ کون پڑھائے گا ؟ آپ صلی اللہ علیہ وسلم نے فرمایا : جب تم لوگ میری تغسیل وتکفین سے فارغ ہوجاؤ تو مجھے چار پائی پر لٹاکر مسجد سے باہر نکل جانا، اس لیے کہ میری نمازِ  جنازہ سب سے پہلے اللہ تعالی پڑھیں گے پھر فرشتے ۔۔۔الخ</p><p style=""text-align:justify;"">مجھے یہ دریافت کرنا ہے کہ یہ روایت (ان الفاظ کے ساتھ کہ میری نماز جنازہ سب سے پہلے اللہ تعالی پڑھیں گے) کن کن کتب میں آئی ہے اور صحت کے کس درجہ میں ہے؟</p></p>","<p><p style=""text-align:justify;"">مذکورہ حدیث کو امام طبرانی رحمہ اللہ نے حضرت علی رضی اللہ عنہ کے حوالے سے نقل کیا ہے ، اس کے الفاظ یہ اس طرح ہیں :</p><p style=""text-align:justify;""><span class=""ar_writing"">""يا رسول الله إذا أنت قبضت فمن يغسلك ؟ وفيم نكفنك ؟ ومن يصلي عليك ؟ ومن يدخل القبر ؟ فقال النبي صلى الله عليه و سلم : يا علي أما الغسل فاغسلني أنت و الفضل بن عباس يصب عليك الماء وجبريل عليه السلام ثالثكما فإذا أنتم فرغتم من غسلي فكفنوني في ثلاثة أثواب جدد وجبريل عليه السلام يأتيني بحنوط من الجنة فإذا أنتم وضعتموني على السرير فضعوني في المسجد واخرجوا عني فإن أول من يصلي علي الرب عز و جل من فوق عرشه ثم جبريل عليه السلام ثم ميكائيل ثم إسرافيل عليهما السلام ثم الملائكة زمرا زمرا ثم ادخلوا فقوموا صفوفا لا يتقدم علي أحد فقالت فاطمة رضي الله تعالى عنها : اليوم الفراق فمتى ألقاك ؟ فقال لها : يا بنية تلقيني يوم القيامة عند الحوض وأنا أسقي من يرد علي الحوض من أمتي قالت : فإن لم ألقك يا رسول الله ؟ قال : تلقيني عند الميزان وأنا أشفع لأمتي قالت : فإن لم ألقك يا رسول الله ؟ قال : تلقيني عند الصراط وأنا أنادي ربي سلم أمتي من النار"". (المعجم الکبیر للطبرانی</span>: ۲/۶۵۹، مکتبۃ الاصالۃ والتراث)</p><p style=""text-align:justify;"">لیکن اس حدیث میں عبدالمنعم بن ادریس بن سنان ہے جن کے بارے میں جمہور نے سخت جرح کی ہے، چنانچہ امام ذہبی رحمہ اللہ ان کے بارے میں فرماتے ہیں:</p><p style=""text-align:justify;""><span class=""ar_writing"">""مشهور قصاص لیس یعتمد علیه ترکه غیر واحد"".</span></p><p style=""text-align:justify;"">اور امام احمد بن حنبل رحمہ اللہ فرماتے ہیں:</p><p style=""text-align:justify;""><span class=""ar_writing"">""کان یکذب علی وهب بن منبه"". (میزان الاعتدال</span> : ۲/۵۸۱ ، ط: الرسالۃ العالمیۃ )</p><p style=""text-align:justify;"">امام بخاری رحمہ اللہ فرماتے ہیں:</p><p style=""text-align:justify;""><span class=""ar_writing"">""ذاهب الحدیث"". (التاریخ الکبیر</span>:۵/۳۹۵، دارالکتب العلمیۃ)</p><p style=""text-align:justify;"">ابن حبان فرماتے ہیں:</p><p style=""text-align:justify;""><span class=""ar_writing"">""یضع الحدیث علی أبیه وعلی غیره من الثقات، لایحل الاحتجاج به ولا الروایة عنه، کانت أمه أم سلمة بنت وهب بن منبه"". (کتاب المجروحین</span> :۲/۱۵۷، دارالوعی حلب)</p><p style=""text-align:justify;"">ابن معین فرماتے ہیں:</p><p style=""text-align:justify;""><span class=""ar_writing"">""الکذاب الخبیث، قیل له: یا ابا زکریا بم عرفته؟ قال: حدثني شیخ صدق أنه رآه في زمن أبي جعفر یطلب هذه الکتب من الوراقین وهو الیوم یدعیها، فقیل له: إنه یروي عن معمر فقال: کذاب"". (لسان المیزان</span> :۵/۲۸۰)</p><p style=""text-align:justify;"">عبدالمنعم بن ادریس کے شدید ضعیف اور متہم بالوضع ہونے کی وجہ سے محدثین نے اس حدیث کو موضوع قرار دیا ہے، چنانچہ علامہ ابن الجوزی فرماتے ہیں:</p><p style=""text-align:justify;""><span class=""ar_writing"">""هذا حدیث موضوع محال، کافأ الله من وضعه وقبح من یشین الشریعة بمثل هذا التخلیط البارد والکلام الذی لایلیق بالرسول صلی الله علیه وسلم ولا بالصحابة،  والمتهم به  عبد المنعم بن إدریس، قال أحمد بن حنبل: کا ن یکذب علی وهب، وقال: یحیی: کذاب خبیث، وقال ابن المدیني وأبوداود: لیس بثقة، وقال ابن حبان: لایحل الاحتجاج به، وقال الدارقطني: هو وأبوه متروکان"". (کتاب الموضوعات لابن الجوزي</span>:۱/۲۹۵)</p><p style=""text-align:justify;"">اور علامہ سیوطی رحمہ اللہ نے بھی اس موضوع قرار دیا ہے ، چنانچہ لکھتے ہیں:</p><p style=""text-align:justify;""><span class=""ar_writing"">""آفته عبدالمنعم"". (اللالئی المصنوعة </span>: ۱/۲۵۴)</p><p style=""text-align:justify;"">خلاصہ یہ کہ یہ حدیث موضوع ہے اور اکثر محدثین نے اسے رد کیا ہے، لہذا اسے رسول اللہ صلی اللہ علیہ وسلم کی طرف منسوب کرکے بیان کرنا درست نہیں ۔فقط واللہ اعلم</p></p><hr class=""big-hr""/>",27-05-2019,144008201595,banuri.edu.pk,علوم و فنون,حدیث و سنت,حدیث کا معنی، مفہوم اور اقسام,"<div class=""col-md-12 sawal-jawab""><h3 class=""question_heading"">سوال</h3><p><p style=""text-align:justify;"">ایک روایت سنی ہے کہ  آپ صلی اللہ علیہ وسلم سےصحابہ کرام رضی اللہ عنہم نے دریافت کیا :</p><p style=""text-align:justify;"">آپ کے انتقال کے بعد آپ کی نماز جنازہ کون پڑھائے گا ؟ آپ صلی اللہ علیہ وسلم نے فرمایا : جب تم لوگ میری تغسیل وتکفین سے فارغ ہوجاؤ تو مجھے چار پائی پر لٹاکر مسجد سے باہر نکل جانا، اس لیے کہ میری نمازِ  جنازہ سب سے پہلے اللہ تعالی پڑھیں گے پھر فرشتے ۔۔۔الخ</p><p style=""text-align:justify;"">مجھے یہ دریافت کرنا ہے کہ یہ روایت (ان الفاظ کے ساتھ کہ میری نماز جنازہ سب سے پہلے اللہ تعالی پڑھیں گے) کن کن کتب میں آئی ہے اور صحت کے کس درجہ میں ہے؟</p></p><h4 class=""question_heading"">جواب</h4><p><p style=""text-align:justify;"">مذکورہ حدیث کو امام طبرانی رحمہ اللہ نے حضرت علی رضی اللہ عنہ کے حوالے سے نقل کیا ہے ، اس کے الفاظ یہ اس طرح ہیں :</p><p style=""text-align:justify;""><span class=""ar_writing"">""يا رسول الله إذا أنت قبضت فمن يغسلك ؟ وفيم نكفنك ؟ ومن يصلي عليك ؟ ومن يدخل القبر ؟ فقال النبي صلى الله عليه و سلم : يا علي أما الغسل فاغسلني أنت و الفضل بن عباس يصب عليك الماء وجبريل عليه السلام ثالثكما فإذا أنتم فرغتم من غسلي فكفنوني في ثلاثة أثواب جدد وجبريل عليه السلام يأتيني بحنوط من الجنة فإذا أنتم وضعتموني على السرير فضعوني في المسجد واخرجوا عني فإن أول من يصلي علي الرب عز و جل من فوق عرشه ثم جبريل عليه السلام ثم ميكائيل ثم إسرافيل عليهما السلام ثم الملائكة زمرا زمرا ثم ادخلوا فقوموا صفوفا لا يتقدم علي أحد فقالت فاطمة رضي الله تعالى عنها : اليوم الفراق فمتى ألقاك ؟ فقال لها : يا بنية تلقيني يوم القيامة عند الحوض وأنا أسقي من يرد علي الحوض من أمتي قالت : فإن لم ألقك يا رسول الله ؟ قال : تلقيني عند الميزان وأنا أشفع لأمتي قالت : فإن لم ألقك يا رسول الله ؟ قال : تلقيني عند الصراط وأنا أنادي ربي سلم أمتي من النار"". (المعجم الکبیر للطبرانی</span>: ۲/۶۵۹، مکتبۃ الاصالۃ والتراث)</p><p style=""text-align:justify;"">لیکن اس حدیث میں عبدالمنعم بن ادریس بن سنان ہے جن کے بارے میں جمہور نے سخت جرح کی ہے، چنانچہ امام ذہبی رحمہ اللہ ان کے بارے میں فرماتے ہیں:</p><p style=""text-align:justify;""><span class=""ar_writing"">""مشهور قصاص لیس یعتمد علیه ترکه غیر واحد"".</span></p><p style=""text-align:justify;"">اور امام احمد بن حنبل رحمہ اللہ فرماتے ہیں:</p><p style=""text-align:justify;""><span class=""ar_writing"">""کان یکذب علی وهب بن منبه"". (میزان الاعتدال</span> : ۲/۵۸۱ ، ط: الرسالۃ العالمیۃ )</p><p style=""text-align:justify;"">امام بخاری رحمہ اللہ فرماتے ہیں:</p><p style=""text-align:justify;""><span class=""ar_writing"">""ذاهب الحدیث"". (التاریخ الکبیر</span>:۵/۳۹۵، دارالکتب العلمیۃ)</p><p style=""text-align:justify;"">ابن حبان فرماتے ہیں:</p><p style=""text-align:justify;""><span class=""ar_writing"">""یضع الحدیث علی أبیه وعلی غیره من الثقات، لایحل الاحتجاج به ولا الروایة عنه، کانت أمه أم سلمة بنت وهب بن منبه"". (کتاب المجروحین</span> :۲/۱۵۷، دارالوعی حلب)</p><p style=""text-align:justify;"">ابن معین فرماتے ہیں:</p><p style=""text-align:justify;""><span class=""ar_writing"">""الکذاب الخبیث، قیل له: یا ابا زکریا بم عرفته؟ قال: حدثني شیخ صدق أنه رآه في زمن أبي جعفر یطلب هذه الکتب من الوراقین وهو الیوم یدعیها، فقیل له: إنه یروي عن معمر فقال: کذاب"". (لسان المیزان</span> :۵/۲۸۰)</p><p style=""text-align:justify;"">عبدالمنعم بن ادریس کے شدید ضعیف اور متہم بالوضع ہونے کی وجہ سے محدثین نے اس حدیث کو موضوع قرار دیا ہے، چنانچہ علامہ ابن الجوزی فرماتے ہیں:</p><p style=""text-align:justify;""><span class=""ar_writing"">""هذا حدیث موضوع محال، کافأ الله من وضعه وقبح من یشین الشریعة بمثل هذا التخلیط البارد والکلام الذی لایلیق بالرسول صلی الله علیه وسلم ولا بالصحابة،  والمتهم به  عبد المنعم بن إدریس، قال أحمد بن حنبل: کا ن یکذب علی وهب، وقال: یحیی: کذاب خبیث، وقال ابن المدیني وأبوداود: لیس بثقة، وقال ابن حبان: لایحل الاحتجاج به، وقال الدارقطني: هو وأبوه متروکان"". (کتاب الموضوعات لابن الجوزي</span>:۱/۲۹۵)</p><p style=""text-align:justify;"">اور علامہ سیوطی رحمہ اللہ نے بھی اس موضوع قرار دیا ہے ، چنانچہ لکھتے ہیں:</p><p style=""text-align:justify;""><span class=""ar_writing"">""آفته عبدالمنعم"". (اللالئی المصنوعة </span>: ۱/۲۵۴)</p><p style=""text-align:justify;"">خلاصہ یہ کہ یہ حدیث موضوع ہے اور اکثر محدثین نے اسے رد کیا ہے، لہذا اسے رسول اللہ صلی اللہ علیہ وسلم کی طرف منسوب کرکے بیان کرنا درست نہیں ۔فقط واللہ اعلم</p></p><hr class=""big-hr""/><div class=""col-sm-6 col-md-6""><p class=""question_heading"" style=""color:#73161f"">فتویٰ نمبر : <a id=""fatwa_number"">144008201595</a></p></div><div class=""col-sm-6 col-md-6""><p style=""color:#73161f"">دارالافتاء :
                                جامعہ علوم اسلامیہ علامہ محمد یوسف بنوری ٹاؤن</p></div><hr class=""big-hr""/><div class=""col-sm-4 col-md-4""><div class=""tag""><a href=""https://www.banuri.edu.pk/questions/kitab/uloom-funoon""><i class=""icon-docs-bold""></i> علوم و فنون</a></div></div><div class=""col-sm-4 col-md-4""><div class=""tag""><a href=""https://www.banuri.edu.pk/questions/bab/hadees-sunnat""><i class=""icon-docs-bold""></i> حدیث و سنت</a></div></div><div class=""col-sm-4 col-md-4""><div class=""tag""><a href=""https://www.banuri.edu.pk/questions/fasal/hadees-ka-mana-mafhom-aur-aqsaam""><i class=""icon-docs-bold""></i> حدیث کا معنی، مفہوم اور اقسام</a></div></div></div>"
https://www.banuri.edu.pk/readquestion/رشوت-یا-سفارش-کے-ذریعہ-نوکری-کا-حصول-144106200505/08-02-2020,رشوت یا سفارش کے ذریعہ نوکری کا حصول,"<p><p style=""text-align:justify;"">کسی شخص نے رشوت دے کر یا ناجائز سفارش کے ذریعے ملازمت حاصل کی تو اس کی کمائی کا حکم ہوگا؟</p></p>","<p><p style=""text-align:justify;"">رشوت لینے اور دینے والے پر حضورِ اکرم ﷺ نے لعنت  فرمائی ہے، نیز شرعی حدود کا خیال رکھتے ہوئے کسی حق دار کو اس کاحق دلانے کی جائزسفارش کرنا تو اجروثواب کا باعث ہے، لیکن اہلیت نہ ہو تو سفارش کرنا گناہ کا باعث ہے، لہذا  رشوت لینا اور دینا نیز نا جائز سفارش کرنا دونوں عمل ناجائز ہیں،  بغیر استحقاق و اہلیت کے محض رشوت /ناجائز سفارش کی بنیاد پر ملازمت حاصل کرنا بھی ناجائز ہے۔</p><p style=""text-align:justify;"">البتہ اگر کوئی شخص نوکری کا اہل بھی ہو اور مستحق بھی ہو  اوروہ سفارش کے ذریعہ نوکری حاصل کرلے تو اس میں کوئی گناہ کی بات نہیں ہے، اور متعلقہ ذمہ داریاں اگر امانت داری کے ساتھ بحسن و خوبی انجام دیتاہے تو تنخواہ بھی حلال ہوگی۔</p><p style=""text-align:justify;"">البتہ اگر اہلیت اور استحقاق کے باوجود رشوت دے کر نوکری حاصل کی تو رشوت دینے کا عمل بہرحال ناجائز اور گناہ ہوگا، لیکن اس ملازمت سے متعلقہ امور کی دیانت دارانہ انجام دہی پر تنخواہ حلال ہوگی۔فقط واللہ اعلم</p></p><hr class=""big-hr""/>",08-02-2020,144106200505,banuri.edu.pk,معاملات,حقوق / استحقاق,مشترکہ حقوق اور اس کے احکام,"<div class=""col-md-12 sawal-jawab""><h3 class=""question_heading"">سوال</h3><p><p style=""text-align:justify;"">کسی شخص نے رشوت دے کر یا ناجائز سفارش کے ذریعے ملازمت حاصل کی تو اس کی کمائی کا حکم ہوگا؟</p></p><h4 class=""question_heading"">جواب</h4><p><p style=""text-align:justify;"">رشوت لینے اور دینے والے پر حضورِ اکرم ﷺ نے لعنت  فرمائی ہے، نیز شرعی حدود کا خیال رکھتے ہوئے کسی حق دار کو اس کاحق دلانے کی جائزسفارش کرنا تو اجروثواب کا باعث ہے، لیکن اہلیت نہ ہو تو سفارش کرنا گناہ کا باعث ہے، لہذا  رشوت لینا اور دینا نیز نا جائز سفارش کرنا دونوں عمل ناجائز ہیں،  بغیر استحقاق و اہلیت کے محض رشوت /ناجائز سفارش کی بنیاد پر ملازمت حاصل کرنا بھی ناجائز ہے۔</p><p style=""text-align:justify;"">البتہ اگر کوئی شخص نوکری کا اہل بھی ہو اور مستحق بھی ہو  اوروہ سفارش کے ذریعہ نوکری حاصل کرلے تو اس میں کوئی گناہ کی بات نہیں ہے، اور متعلقہ ذمہ داریاں اگر امانت داری کے ساتھ بحسن و خوبی انجام دیتاہے تو تنخواہ بھی حلال ہوگی۔</p><p style=""text-align:justify;"">البتہ اگر اہلیت اور استحقاق کے باوجود رشوت دے کر نوکری حاصل کی تو رشوت دینے کا عمل بہرحال ناجائز اور گناہ ہوگا، لیکن اس ملازمت سے متعلقہ امور کی دیانت دارانہ انجام دہی پر تنخواہ حلال ہوگی۔فقط واللہ اعلم</p></p><hr class=""big-hr""/><div class=""col-sm-6 col-md-6""><p class=""question_heading"" style=""color:#73161f"">فتویٰ نمبر : <a id=""fatwa_number"">144106200505</a></p></div><div class=""col-sm-6 col-md-6""><p style=""color:#73161f"">دارالافتاء :
                                جامعہ علوم اسلامیہ علامہ محمد یوسف بنوری ٹاؤن</p></div><hr class=""big-hr""/><div class=""col-sm-4 col-md-4""><div class=""tag""><a href=""https://www.banuri.edu.pk/questions/kitab/muamlat""><i class=""icon-docs-bold""></i> معاملات</a></div></div><div class=""col-sm-4 col-md-4""><div class=""tag""><a href=""https://www.banuri.edu.pk/questions/bab/huqooq-istihqaq""><i class=""icon-docs-bold""></i> حقوق / استحقاق</a></div></div><div class=""col-sm-4 col-md-4""><div class=""tag""><a href=""https://www.banuri.edu.pk/questions/fasal/mushtaraka-huqooq-or-us-kay-ahkam""><i class=""icon-docs-bold""></i> مشترکہ حقوق اور اس کے احکام</a></div></div></div>"
https://www.banuri.edu.pk/readquestion/احرام-کی-حالت-میں-خوشبودار-سینٹری-پیڈ-استعمال-کرنا-144106200303/03-02-2020,احرام کی حالت میں خوش بودار سینٹری پیڈ استعمال کرنا,"<p><p style=""text-align:justify;"">ایک خاتون نے لیکوریا کی بیماری کی وجہ سے احتیاطاً احرام کی حالت میں پورے وقت خوش بو والے لیڈیز پیڈ استعمال کیے، کیا اس خاتون پر اس وجہ سے دم واجب ہوگا یا نہیں؟</p></p>","<p><p style=""text-align:justify;"">صورتِ مسئولہ میں ایسے خوش بودار سینٹری پیڈ ( جس کی بو کو عرفاً بھی خوش بو شمار کیا جاتا ہو) احرام کی نیت سے پہلے پہنے تھے تو اس صورت میں کسی قسم کا دم لازم نہ ہوگا، اسی طرح اگر اس کی بو عرفاً خوش بو  میں شمار نہ کی جاتی ہو، دوائی کی بو ہو تو اس صورت میں بھی دم لازم نہ ہوگا۔</p><p style=""text-align:justify;"">البتہ اگر اس پیڈ میں واقعۃً خوش بو ہو، اور احرام کی نیت کے بعد پہنے ہوں تو ایسی صورت میں ایک دم ادا کرنا لازم ہوگا۔ فقط واللہ اعلم</p></p><hr class=""big-hr""/>",03-02-2020,144106200303,banuri.edu.pk,حج,حج / عمرہ,حج کی غلطیاں اور اس کے احکام,"<div class=""col-md-12 sawal-jawab""><h3 class=""question_heading"">سوال</h3><p><p style=""text-align:justify;"">ایک خاتون نے لیکوریا کی بیماری کی وجہ سے احتیاطاً احرام کی حالت میں پورے وقت خوش بو والے لیڈیز پیڈ استعمال کیے، کیا اس خاتون پر اس وجہ سے دم واجب ہوگا یا نہیں؟</p></p><h4 class=""question_heading"">جواب</h4><p><p style=""text-align:justify;"">صورتِ مسئولہ میں ایسے خوش بودار سینٹری پیڈ ( جس کی بو کو عرفاً بھی خوش بو شمار کیا جاتا ہو) احرام کی نیت سے پہلے پہنے تھے تو اس صورت میں کسی قسم کا دم لازم نہ ہوگا، اسی طرح اگر اس کی بو عرفاً خوش بو  میں شمار نہ کی جاتی ہو، دوائی کی بو ہو تو اس صورت میں بھی دم لازم نہ ہوگا۔</p><p style=""text-align:justify;"">البتہ اگر اس پیڈ میں واقعۃً خوش بو ہو، اور احرام کی نیت کے بعد پہنے ہوں تو ایسی صورت میں ایک دم ادا کرنا لازم ہوگا۔ فقط واللہ اعلم</p></p><hr class=""big-hr""/><div class=""col-sm-6 col-md-6""><p class=""question_heading"" style=""color:#73161f"">فتویٰ نمبر : <a id=""fatwa_number"">144106200303</a></p></div><div class=""col-sm-6 col-md-6""><p style=""color:#73161f"">دارالافتاء :
                                جامعہ علوم اسلامیہ علامہ محمد یوسف بنوری ٹاؤن</p></div><hr class=""big-hr""/><div class=""col-sm-4 col-md-4""><div class=""tag""><a href=""https://www.banuri.edu.pk/questions/kitab/haj""><i class=""icon-docs-bold""></i> حج</a></div></div><div class=""col-sm-4 col-md-4""><div class=""tag""><a href=""https://www.banuri.edu.pk/questions/bab/hajj-umrah""><i class=""icon-docs-bold""></i> حج / عمرہ</a></div></div><div class=""col-sm-4 col-md-4""><div class=""tag""><a href=""https://www.banuri.edu.pk/questions/fasal/haj-ki-ghalatiyan-or-us-k-ahkam""><i class=""icon-docs-bold""></i> حج کی غلطیاں اور اس کے احکام</a></div></div></div>"
https://www.banuri.edu.pk/readquestion/بوجہ-مجبوری-عدت-میں-اسکول-پڑھانا/18-03-2019,بوجہ مجبوری عدت میں اسکول پڑھانا,"<p><p style=""text-align:justify;"">اک لڑکی عرصہ تین سال پہلے اختلاف کی وجہ سے گھر سے نکال دی گئی تھی, اب اس کے خاوند نے اسے طلاق نامہ بھیجا ہے, اب وہ لڑکی اک سکول میں ٹیچر ہے, کیا عدت کی مدت پوری کرنے کے لیے اسے نوکری چھوڑنا پڑے گی؟ اور وہ ٹیچر بھی گرلز سکول میں ہے، کیا وہ پردہ میں رہ کر عدت پوری کرسکتی ہے؟</p></p>","<p><p style=""text-align:justify;"">اگر شوہر اپنی سابقہ بیوی کو عدت کے دوران خرچہ نہیں دے رہا اور خرچے کا کوئی بندوبست بھی نہیں تو وہ نوکری نہ چھوڑے، عدت کے دوران اسکول پڑھانے کی گنجائش ہے، دن ہی دن میں واپس آنا ضروری ہے۔</p><p style=""text-align:justify;""><span class=""ar_writing"">الدر المختار وحاشية ابن عابدين (رد المحتار) - (3 / 536):<br/>
""قال في الفتح: والحاصل أن مدار حل خروجها بسبب قيام شغل المعيشة فيتقدر بقدره، فمتى انقضت حاجتها لايحل لها بعد ذلك صرف الزمان خارج بيتها. اهـ. وبهذا اندفع قول البحر إن الظاهر من كلامهم جواز خروج المعتدة عن وفاة نهارا ولو كان عندها نفقة، وإلا لقالوا: لاتخرج المعتدة عن طلاق، أو موت إلا لضرورة فإن المطلقة تخرج للضرورة ليلا، أو نهارًا اهـ.<br/>
ووجه الدفع أن معتدة الموت لما كانت في العادة محتاجة إلى الخروج لأجل أن تكتسب للنفقة قالوا: إنها تخرج في النهار وبعض الليل، بخلاف المطلقة. وأما الخروج للضرورة فلا فرق فيه بينهما كما نصوا عليه فيما يأتي، فالمراد به هنا غير الضرورة، ولهذا بعدما أطلق في كافي الحاكم منع خروج المطلقة قال: والمتوفى عنها زوجها تخرج بالنهار لحاجتها ولا تبيت في غير منزلها، فهذا صريح في الفرق بينهما، نعم عبارة المتون يوهم ظاهرها ما قاله في البحر، فلو قيدوا خروجها بالحاجة كما فعل في الكافي لكان أظهر"".</span> فقط واللہ اعلم</p></p><hr class=""big-hr""/>",18-03-2019,144007200161,banuri.edu.pk,طلاق,عدت,عدت,"<div class=""col-md-12 sawal-jawab""><h3 class=""question_heading"">سوال</h3><p><p style=""text-align:justify;"">اک لڑکی عرصہ تین سال پہلے اختلاف کی وجہ سے گھر سے نکال دی گئی تھی, اب اس کے خاوند نے اسے طلاق نامہ بھیجا ہے, اب وہ لڑکی اک سکول میں ٹیچر ہے, کیا عدت کی مدت پوری کرنے کے لیے اسے نوکری چھوڑنا پڑے گی؟ اور وہ ٹیچر بھی گرلز سکول میں ہے، کیا وہ پردہ میں رہ کر عدت پوری کرسکتی ہے؟</p></p><h4 class=""question_heading"">جواب</h4><p><p style=""text-align:justify;"">اگر شوہر اپنی سابقہ بیوی کو عدت کے دوران خرچہ نہیں دے رہا اور خرچے کا کوئی بندوبست بھی نہیں تو وہ نوکری نہ چھوڑے، عدت کے دوران اسکول پڑھانے کی گنجائش ہے، دن ہی دن میں واپس آنا ضروری ہے۔</p><p style=""text-align:justify;""><span class=""ar_writing"">الدر المختار وحاشية ابن عابدين (رد المحتار) - (3 / 536):<br/>
""قال في الفتح: والحاصل أن مدار حل خروجها بسبب قيام شغل المعيشة فيتقدر بقدره، فمتى انقضت حاجتها لايحل لها بعد ذلك صرف الزمان خارج بيتها. اهـ. وبهذا اندفع قول البحر إن الظاهر من كلامهم جواز خروج المعتدة عن وفاة نهارا ولو كان عندها نفقة، وإلا لقالوا: لاتخرج المعتدة عن طلاق، أو موت إلا لضرورة فإن المطلقة تخرج للضرورة ليلا، أو نهارًا اهـ.<br/>
ووجه الدفع أن معتدة الموت لما كانت في العادة محتاجة إلى الخروج لأجل أن تكتسب للنفقة قالوا: إنها تخرج في النهار وبعض الليل، بخلاف المطلقة. وأما الخروج للضرورة فلا فرق فيه بينهما كما نصوا عليه فيما يأتي، فالمراد به هنا غير الضرورة، ولهذا بعدما أطلق في كافي الحاكم منع خروج المطلقة قال: والمتوفى عنها زوجها تخرج بالنهار لحاجتها ولا تبيت في غير منزلها، فهذا صريح في الفرق بينهما، نعم عبارة المتون يوهم ظاهرها ما قاله في البحر، فلو قيدوا خروجها بالحاجة كما فعل في الكافي لكان أظهر"".</span> فقط واللہ اعلم</p></p><hr class=""big-hr""/><div class=""col-sm-6 col-md-6""><p class=""question_heading"" style=""color:#73161f"">فتویٰ نمبر : <a id=""fatwa_number"">144007200161</a></p></div><div class=""col-sm-6 col-md-6""><p style=""color:#73161f"">دارالافتاء :
                                جامعہ علوم اسلامیہ علامہ محمد یوسف بنوری ٹاؤن</p></div><hr class=""big-hr""/><div class=""col-sm-4 col-md-4""><div class=""tag""><a href=""https://www.banuri.edu.pk/questions/kitab/talaaq""><i class=""icon-docs-bold""></i> طلاق</a></div></div><div class=""col-sm-4 col-md-4""><div class=""tag""><a href=""https://www.banuri.edu.pk/questions/bab/iddat""><i class=""icon-docs-bold""></i> عدت</a></div></div><div class=""col-sm-4 col-md-4""><div class=""tag""><a href=""https://www.banuri.edu.pk/questions/fasal/iddat""><i class=""icon-docs-bold""></i> عدت</a></div></div></div>"
https://www.banuri.edu.pk/readquestion/مضاربت-144012200881/02-09-2019,چلتے ہوئے کلینک میں شراکت داری کی ایک ناجائز اور متبادل جائز صورت,"<p><p>کیا فرماتے ہیں مفتیانِ کرام اس مسئلے کے بارے میں کہ:</p><p style=""text-align:justify;"">ایک شخص چھوٹا سا کلینک چلاتا ہے، پٹی کرانا، انجکشن لگانا  اور اس طرح کی ابتدائی طبی سہولت دیتا ہے، اور روزانہ ہزار سے پندرہ سو کمالیتاہے، کلینک میں کرسی ، ٹیبل ، بیڈ اور کچھ طبی چیزیں رکھی ہوئی ہیں، دوکان کی مالیت کے علاوہ ان سب چیزوں کی کل مالیت تقریباً چالیس ہزار روپے تک ہوگی۔ دوسری طرف یہ شخص بہت زیادہ مقروض ہے، اب دوسرا شخص اس کو کہتا ہے کہ میں آپ کو چارلاکھ روپے مضاربت کے طور پر دوں گا، اس سے تم اپنے قرضے ادا کرلوگے، اور کلینک سے جو بھی نفع ہوگا وہ ہم دونوں کے درمیان آدھوں آدھ تقسیم ہوگا۔ سوال یہ ہے کہ کیا مذکور طریقے سے معاملہ کرنا شرعاً درست ہوگا ؟ اگر بالفرض یہ درست نہ ہو تو اس کی متبادل صورت کیا ہوگی؟</p></p>","<p><p style=""margin-left:0;margin-right:0;text-align:justify;"">صورتِ مسئولہ میں سوال میں ذکر کردہ صورت شرعی مضاربت یا شرکت نہیں، لہٰذا اس کے مطابق معاملہ کرنا اور نفع لینا شرعاً جائز نہیں ہے۔</p><p style=""margin-left:0;margin-right:0;text-align:justify;"">اس کی متبادل صورت یہ ہے کہ سب سے پہلے کلینک کے سرمایہ کی مکمل مقدار معلوم کی جائے، پھر اگر دوسرا شخص شریک ہونا چاہے تو وہ کلینک کے سامان کا آدھا حصہ مالک سے خرید لے، اس طرح دونوں کلینک کی ہر چیز میں نصف نصف حصہ دار بن جائیں اور پھر نقد سرمایہ بھی مساوی طور پر لگائیں اور پھر نفع اور نقصان میں دونوں شریک ہوکر کاروبار کریں، اگر نصف نصف کے بجائے کمی بیشی کے ساتھ سرمایہ کاری کی جائے تب بھی جائز ہے۔</p><p style=""margin-left:0;margin-right:0;text-align:justify;"">نیز نقصان کی صورت میں نقصان کی تلافی سب سے پہلے منافع سے کی جائے گی اور اگر نقصان منافع سے زائد ہو تو پھر ہر فریق اپنے اپنے سرمایہ کے مطابق نقصان کا ذمہ دار ہوگا۔</p><p style=""margin-left:0;margin-right:0;text-align:justify;"">بدائع الصنائع میں ہے:</p><p style=""margin-left:0;margin-right:0;text-align:justify;""><span class=""ar_writing"">""منها: (شرائط جواز الشركة) أن يكون الربح معلوم القدر ... وأن يكون جزءً شائعًا في الجملة لا معينًا ... أما الشركة بالأموال فلها شروط، منها أن يكون رأس المال من الأثمان المطلقة ... وهي الدراهم والدنانير عنانًا كانت الشركة أو مفاوضة ... ولو كان من أحدهما دراهم ومن الآخر عروض فالحيلة في جوازه أن يبيع كل واحد منها نصف ماله بنصف دراهم صاحبه ويتقابضا ويخلطا جميعًا حتى تصير الدراهم بينهما والعروض بينهما ثم يعقدان عليهما عقد الشركة فيجوز"". (بدائع الصنائع: 6/59، ط: سعيد)</span></p><p style=""margin-left:0;margin-right:0;text-align:justify;"">فتاویٰ ہندیہ میں ہے:</p><p style=""margin-left:0;margin-right:0;text-align:justify;""><span class=""ar_writing"">""وأما شرط جوازها فكون رأس المال عينًا حاضرًا أو غائبًا عن مجلس العقد لكن مشارًا إليه والمساواة في رأس المال ليست بشرط ويجوز التفاضل في الربح مع تساويهما في رأس المال كذا في محيط السرخسي"".</span></p><p style=""margin-left:0;margin-right:0;text-align:justify;""><span class=""ar_writing"">وفيه أيضًا:</span></p><p style=""margin-left:0;margin-right:0;text-align:justify;""><span class=""ar_writing"">""لو كان المال منهما في شركة العنان والعمل على أحدهما إن شرطا الربح على قدر رءوس أموالهما جاز ويكون ربحه له ووضعيته عليه وإن شرطا الربح للعامل أكثر من رأس ماله لم يصح الشرط ويكون مال الدافع عند العامل بضاعة ولكل واحد منهما ربح ماله، كذا في السراجية، ولو شرطا العمل عليهما جميعا صحت الشركة وإن قل رأس مال أحدهما وكثر رأس مال الآخر واشترطا الربح بينهما على السواء أو على التفاضل فإن الربح بينهما على الشرط والوضيعة أبدًا على قدر رءوس أموالهما، كذا في السراج الوهاج"".</span></p><p style=""margin-left:0;margin-right:0;text-align:justify;""><span class=""ar_writing"">وفيه أيضًا:</span></p><p style=""margin-left:0;margin-right:0;text-align:justify;""><span class=""ar_writing"">""فإن عملا وربحا فالربح على ما شرطا وإن خسرا فالخسران على قدر رأس مالهما، كذا في محيط السرخسي"". (319، 320، كتاب الشركة، الباب الثالث في شركة العنان، ط: ماجديه كوئته) فقط والله أعلم</span></p></p><hr class=""big-hr""/>",02-09-2019,144012200881,banuri.edu.pk,معاملات,بیع / تجارت,بیع صحیح ، فاسد اور باطل,"<div class=""col-md-12 sawal-jawab""><h3 class=""question_heading"">سوال</h3><p><p>کیا فرماتے ہیں مفتیانِ کرام اس مسئلے کے بارے میں کہ:</p><p style=""text-align:justify;"">ایک شخص چھوٹا سا کلینک چلاتا ہے، پٹی کرانا، انجکشن لگانا  اور اس طرح کی ابتدائی طبی سہولت دیتا ہے، اور روزانہ ہزار سے پندرہ سو کمالیتاہے، کلینک میں کرسی ، ٹیبل ، بیڈ اور کچھ طبی چیزیں رکھی ہوئی ہیں، دوکان کی مالیت کے علاوہ ان سب چیزوں کی کل مالیت تقریباً چالیس ہزار روپے تک ہوگی۔ دوسری طرف یہ شخص بہت زیادہ مقروض ہے، اب دوسرا شخص اس کو کہتا ہے کہ میں آپ کو چارلاکھ روپے مضاربت کے طور پر دوں گا، اس سے تم اپنے قرضے ادا کرلوگے، اور کلینک سے جو بھی نفع ہوگا وہ ہم دونوں کے درمیان آدھوں آدھ تقسیم ہوگا۔ سوال یہ ہے کہ کیا مذکور طریقے سے معاملہ کرنا شرعاً درست ہوگا ؟ اگر بالفرض یہ درست نہ ہو تو اس کی متبادل صورت کیا ہوگی؟</p></p><h4 class=""question_heading"">جواب</h4><p><p style=""margin-left:0;margin-right:0;text-align:justify;"">صورتِ مسئولہ میں سوال میں ذکر کردہ صورت شرعی مضاربت یا شرکت نہیں، لہٰذا اس کے مطابق معاملہ کرنا اور نفع لینا شرعاً جائز نہیں ہے۔</p><p style=""margin-left:0;margin-right:0;text-align:justify;"">اس کی متبادل صورت یہ ہے کہ سب سے پہلے کلینک کے سرمایہ کی مکمل مقدار معلوم کی جائے، پھر اگر دوسرا شخص شریک ہونا چاہے تو وہ کلینک کے سامان کا آدھا حصہ مالک سے خرید لے، اس طرح دونوں کلینک کی ہر چیز میں نصف نصف حصہ دار بن جائیں اور پھر نقد سرمایہ بھی مساوی طور پر لگائیں اور پھر نفع اور نقصان میں دونوں شریک ہوکر کاروبار کریں، اگر نصف نصف کے بجائے کمی بیشی کے ساتھ سرمایہ کاری کی جائے تب بھی جائز ہے۔</p><p style=""margin-left:0;margin-right:0;text-align:justify;"">نیز نقصان کی صورت میں نقصان کی تلافی سب سے پہلے منافع سے کی جائے گی اور اگر نقصان منافع سے زائد ہو تو پھر ہر فریق اپنے اپنے سرمایہ کے مطابق نقصان کا ذمہ دار ہوگا۔</p><p style=""margin-left:0;margin-right:0;text-align:justify;"">بدائع الصنائع میں ہے:</p><p style=""margin-left:0;margin-right:0;text-align:justify;""><span class=""ar_writing"">""منها: (شرائط جواز الشركة) أن يكون الربح معلوم القدر ... وأن يكون جزءً شائعًا في الجملة لا معينًا ... أما الشركة بالأموال فلها شروط، منها أن يكون رأس المال من الأثمان المطلقة ... وهي الدراهم والدنانير عنانًا كانت الشركة أو مفاوضة ... ولو كان من أحدهما دراهم ومن الآخر عروض فالحيلة في جوازه أن يبيع كل واحد منها نصف ماله بنصف دراهم صاحبه ويتقابضا ويخلطا جميعًا حتى تصير الدراهم بينهما والعروض بينهما ثم يعقدان عليهما عقد الشركة فيجوز"". (بدائع الصنائع: 6/59، ط: سعيد)</span></p><p style=""margin-left:0;margin-right:0;text-align:justify;"">فتاویٰ ہندیہ میں ہے:</p><p style=""margin-left:0;margin-right:0;text-align:justify;""><span class=""ar_writing"">""وأما شرط جوازها فكون رأس المال عينًا حاضرًا أو غائبًا عن مجلس العقد لكن مشارًا إليه والمساواة في رأس المال ليست بشرط ويجوز التفاضل في الربح مع تساويهما في رأس المال كذا في محيط السرخسي"".</span></p><p style=""margin-left:0;margin-right:0;text-align:justify;""><span class=""ar_writing"">وفيه أيضًا:</span></p><p style=""margin-left:0;margin-right:0;text-align:justify;""><span class=""ar_writing"">""لو كان المال منهما في شركة العنان والعمل على أحدهما إن شرطا الربح على قدر رءوس أموالهما جاز ويكون ربحه له ووضعيته عليه وإن شرطا الربح للعامل أكثر من رأس ماله لم يصح الشرط ويكون مال الدافع عند العامل بضاعة ولكل واحد منهما ربح ماله، كذا في السراجية، ولو شرطا العمل عليهما جميعا صحت الشركة وإن قل رأس مال أحدهما وكثر رأس مال الآخر واشترطا الربح بينهما على السواء أو على التفاضل فإن الربح بينهما على الشرط والوضيعة أبدًا على قدر رءوس أموالهما، كذا في السراج الوهاج"".</span></p><p style=""margin-left:0;margin-right:0;text-align:justify;""><span class=""ar_writing"">وفيه أيضًا:</span></p><p style=""margin-left:0;margin-right:0;text-align:justify;""><span class=""ar_writing"">""فإن عملا وربحا فالربح على ما شرطا وإن خسرا فالخسران على قدر رأس مالهما، كذا في محيط السرخسي"". (319، 320، كتاب الشركة، الباب الثالث في شركة العنان، ط: ماجديه كوئته) فقط والله أعلم</span></p></p><hr class=""big-hr""/><div class=""col-sm-6 col-md-6""><p class=""question_heading"" style=""color:#73161f"">فتویٰ نمبر : <a id=""fatwa_number"">144012200881</a></p></div><div class=""col-sm-6 col-md-6""><p style=""color:#73161f"">دارالافتاء :
                                جامعہ علوم اسلامیہ علامہ محمد یوسف بنوری ٹاؤن</p></div><hr class=""big-hr""/><div class=""col-sm-4 col-md-4""><div class=""tag""><a href=""https://www.banuri.edu.pk/questions/kitab/muamlat""><i class=""icon-docs-bold""></i> معاملات</a></div></div><div class=""col-sm-4 col-md-4""><div class=""tag""><a href=""https://www.banuri.edu.pk/questions/bab/bay-tijarat""><i class=""icon-docs-bold""></i> بیع / تجارت</a></div></div><div class=""col-sm-4 col-md-4""><div class=""tag""><a href=""https://www.banuri.edu.pk/questions/fasal/bay-sahih-fasid-or-batil""><i class=""icon-docs-bold""></i> بیع صحیح ، فاسد اور باطل</a></div></div></div>"
https://www.banuri.edu.pk/readquestion/زچہ-اور-بچہ-کو-تعویذ-پہنانا-144106200218/01-02-2020,زچہ اور بچہ کو تعویذ پہنانا,"<p><p style=""text-align:justify;"">ہمارے علاقے میں ہم بچپن سے دیکھتےچلے آرہے ہیں کہ جب کوئی بچہ یا بچی پیدا ہو تو  اس کے لیے اور  اس کے بچے کے لیے سات سات نیلے دھاگے دم کرواتے ہیں؛  تاکہ بچہ اور ماں ان چالیس دونوں میں آفات سے محفوظ رہے، اور علاقے کی مسجد کے امام اور دوسرے دم کرنے والے تبلیغی حضرات بھی یہ دھاگے دم کر کے دیتے ہیں۔ اور میرے پاس بھی کافی مرتبہ دم کرنے کے لیے دھاگے لاۓ گئے ہیں۔اس کے بارے میں کوئی مستند بات تعویذ اور عملیات میں کوئی مستند عمل ہے  کہ نہیں؟ یہ عمل کوئی شرعی عمل ہے یا غیر شرعی؟ لوگوں کا عقیدہ یہ ہے کہ یہ ان چالیس دنوں میں ماں اور بچے کو بخار سے بچانے کے لیے بھی بہت مفید ہے۔</p></p>","<p><p style=""text-align:justify;"">تعویذ کے شرعاً جائز ہونے کی تین شرائط ہیں:</p><p style=""text-align:justify;"">1۔ کسی جائز مقصد کے لیے ہو، ناجائز مقصد کے لیے نہ ہو۔</p><p style=""text-align:justify;"">2۔ اس کو مؤثر بالذات نہیں سمجھا جائے، بلکہ اللہ تعالیٰ کی ذات کو ہی مؤثر حقیقی سمجھا جائے۔</p><p style=""text-align:justify;"">3۔ وہ تعویذ قرآن و حدیث یا اللہ تعالیٰ کے اسماء و صفات پر مشتمل ہو، یا عربی یا کسی اور زبان کے ایسے الفاظ پر مشتمل ہو جن میں کفر و شرک یا گناہ کی بات نہ ہو اور ان کا مفہوم بھی معلوم ہو۔</p><p style=""text-align:justify;"">اگر مذکورہ شرائط نہ پائی جائیں تو پھرایسی  تعویذ کسی کو دینا اور پہننا یا پہنانا سب شرعاً ناجائز ہوگا۔</p><p style=""text-align:justify;""><span class=""ar_writing"">مرقاة المفاتيح شرح مشكاة المصابيح - (4 / 1715):</span></p><p style=""text-align:justify;""><span class=""ar_writing"">""(وعن عمرو بن شعيب، عن أبيه، عن جده - رضي الله عنهم - أن رسول الله صلى الله عليه وسلم قال: «إذا فزع أحدكم في النوم فليقل: أعوذ بكلمات الله التامات من غضبه وعقابه وشر عباده ومن همزات الشياطين وأن يحضرون فإنها لن تضره. وكان عبد الله بن عمرو يعلمها من بلغ من ولده، ومن لم يبلغ منهم كتبها في صك ثم علقها في عنقه») . رواه أبو داود والترمذي وهذا لفظه"". و في الشرح: "" (وكان عبد الله بن عمرو) بالواو (يعلمها) أي: الكلمات (من بلغ من ولده) أي: ليتعوذ به (ومن لم يبلغ منهم كتبها في صك) أي: كتاب على ما في النهاية والقاموس، وأغرب ابن حجر لغةً وعرفاً في تفسير الصك بكتف من عظم (ثم علقها) أي: علق كتابها الذي هي فيه (في عنقه) أي: في رقبة ولده، وهذا أصل في تعليق التعويذات التي فيها أسماء الله تعالى"".  </span></p><p style=""text-align:justify;"">مزید تفصیل کے لیے دیے گئے لنک سے استفادہ کیا جا سکتا ہے:</p><p style=""text-align:justify;""> </p><p style=""text-align:justify;""><a href=""https://www.banuri.edu.pk/readquestion/%DA%A9%DB%8C%D8%A7-%D8%AA%D8%B9%D9%88%DB%8C%D8%B0-%D9%BE%DB%81%D9%86%D8%A7-%D8%AC%D8%A7%D8%A6%D8%B2-%DB%81%DB%92/14-07-2019"">کیا تعویذ پہننا جائز ہے؟</a></p><p style=""text-align:justify;"">پس صورتِ مسئولہ میں مخلتف رنگوں کے دھاگوں، پر دم کروا کر انہیں مؤثر و حفاظت کرنے والا اگر نہ سمجھا جاتا ہو، بلکہ  مؤثر حقیقی اللہ رب العزت کو ہی سمجھا جاتا ہو، تو ایسی صورت میں دھاگا یا ڈوری درج بالا شرائط کی پاس داری کے ساتھ دم کرکے  دینے اور  پہنانے کی اجازت ہوگی، نیز  مختلف رنگوں کے دھاگوں پر ہی دم کرنے کا التزام درست نہیں ہے۔ فقط واللہ اعلم</p></p><hr class=""big-hr""/>",01-02-2020,144106200218,banuri.edu.pk,حظر و اباحت,تعویذات / عملیات,تعویذ ، دم درود کی حقیقت و احکام,"<div class=""col-md-12 sawal-jawab""><h3 class=""question_heading"">سوال</h3><p><p style=""text-align:justify;"">ہمارے علاقے میں ہم بچپن سے دیکھتےچلے آرہے ہیں کہ جب کوئی بچہ یا بچی پیدا ہو تو  اس کے لیے اور  اس کے بچے کے لیے سات سات نیلے دھاگے دم کرواتے ہیں؛  تاکہ بچہ اور ماں ان چالیس دونوں میں آفات سے محفوظ رہے، اور علاقے کی مسجد کے امام اور دوسرے دم کرنے والے تبلیغی حضرات بھی یہ دھاگے دم کر کے دیتے ہیں۔ اور میرے پاس بھی کافی مرتبہ دم کرنے کے لیے دھاگے لاۓ گئے ہیں۔اس کے بارے میں کوئی مستند بات تعویذ اور عملیات میں کوئی مستند عمل ہے  کہ نہیں؟ یہ عمل کوئی شرعی عمل ہے یا غیر شرعی؟ لوگوں کا عقیدہ یہ ہے کہ یہ ان چالیس دنوں میں ماں اور بچے کو بخار سے بچانے کے لیے بھی بہت مفید ہے۔</p></p><h4 class=""question_heading"">جواب</h4><p><p style=""text-align:justify;"">تعویذ کے شرعاً جائز ہونے کی تین شرائط ہیں:</p><p style=""text-align:justify;"">1۔ کسی جائز مقصد کے لیے ہو، ناجائز مقصد کے لیے نہ ہو۔</p><p style=""text-align:justify;"">2۔ اس کو مؤثر بالذات نہیں سمجھا جائے، بلکہ اللہ تعالیٰ کی ذات کو ہی مؤثر حقیقی سمجھا جائے۔</p><p style=""text-align:justify;"">3۔ وہ تعویذ قرآن و حدیث یا اللہ تعالیٰ کے اسماء و صفات پر مشتمل ہو، یا عربی یا کسی اور زبان کے ایسے الفاظ پر مشتمل ہو جن میں کفر و شرک یا گناہ کی بات نہ ہو اور ان کا مفہوم بھی معلوم ہو۔</p><p style=""text-align:justify;"">اگر مذکورہ شرائط نہ پائی جائیں تو پھرایسی  تعویذ کسی کو دینا اور پہننا یا پہنانا سب شرعاً ناجائز ہوگا۔</p><p style=""text-align:justify;""><span class=""ar_writing"">مرقاة المفاتيح شرح مشكاة المصابيح - (4 / 1715):</span></p><p style=""text-align:justify;""><span class=""ar_writing"">""(وعن عمرو بن شعيب، عن أبيه، عن جده - رضي الله عنهم - أن رسول الله صلى الله عليه وسلم قال: «إذا فزع أحدكم في النوم فليقل: أعوذ بكلمات الله التامات من غضبه وعقابه وشر عباده ومن همزات الشياطين وأن يحضرون فإنها لن تضره. وكان عبد الله بن عمرو يعلمها من بلغ من ولده، ومن لم يبلغ منهم كتبها في صك ثم علقها في عنقه») . رواه أبو داود والترمذي وهذا لفظه"". و في الشرح: "" (وكان عبد الله بن عمرو) بالواو (يعلمها) أي: الكلمات (من بلغ من ولده) أي: ليتعوذ به (ومن لم يبلغ منهم كتبها في صك) أي: كتاب على ما في النهاية والقاموس، وأغرب ابن حجر لغةً وعرفاً في تفسير الصك بكتف من عظم (ثم علقها) أي: علق كتابها الذي هي فيه (في عنقه) أي: في رقبة ولده، وهذا أصل في تعليق التعويذات التي فيها أسماء الله تعالى"".  </span></p><p style=""text-align:justify;"">مزید تفصیل کے لیے دیے گئے لنک سے استفادہ کیا جا سکتا ہے:</p><p style=""text-align:justify;""> </p><p style=""text-align:justify;""><a href=""https://www.banuri.edu.pk/readquestion/%DA%A9%DB%8C%D8%A7-%D8%AA%D8%B9%D9%88%DB%8C%D8%B0-%D9%BE%DB%81%D9%86%D8%A7-%D8%AC%D8%A7%D8%A6%D8%B2-%DB%81%DB%92/14-07-2019"">کیا تعویذ پہننا جائز ہے؟</a></p><p style=""text-align:justify;"">پس صورتِ مسئولہ میں مخلتف رنگوں کے دھاگوں، پر دم کروا کر انہیں مؤثر و حفاظت کرنے والا اگر نہ سمجھا جاتا ہو، بلکہ  مؤثر حقیقی اللہ رب العزت کو ہی سمجھا جاتا ہو، تو ایسی صورت میں دھاگا یا ڈوری درج بالا شرائط کی پاس داری کے ساتھ دم کرکے  دینے اور  پہنانے کی اجازت ہوگی، نیز  مختلف رنگوں کے دھاگوں پر ہی دم کرنے کا التزام درست نہیں ہے۔ فقط واللہ اعلم</p></p><hr class=""big-hr""/><div class=""col-sm-6 col-md-6""><p class=""question_heading"" style=""color:#73161f"">فتویٰ نمبر : <a id=""fatwa_number"">144106200218</a></p></div><div class=""col-sm-6 col-md-6""><p style=""color:#73161f"">دارالافتاء :
                                جامعہ علوم اسلامیہ علامہ محمد یوسف بنوری ٹاؤن</p></div><hr class=""big-hr""/><div class=""col-sm-4 col-md-4""><div class=""tag""><a href=""https://www.banuri.edu.pk/questions/kitab/mamnooaat-mubahat""><i class=""icon-docs-bold""></i> حظر و اباحت</a></div></div><div class=""col-sm-4 col-md-4""><div class=""tag""><a href=""https://www.banuri.edu.pk/questions/bab/taweezat-amlyat""><i class=""icon-docs-bold""></i> تعویذات / عملیات</a></div></div><div class=""col-sm-4 col-md-4""><div class=""tag""><a href=""https://www.banuri.edu.pk/questions/fasal/taveez-dam-durood-ki-haqiqat-o-ahkam""><i class=""icon-docs-bold""></i> تعویذ ، دم درود کی حقیقت و احکام</a></div></div></div>"
https://www.banuri.edu.pk/readquestion/اسکول-کے-طلبہ-سے-پانی-گرم-کرنے-کے-لئے-لکڑی-منگوانا-144106200020/27-01-2020,اسکول کے طلبہ سے پانی گرم کرنے کے لیے لکڑی منگوانا,"<p><p style=""text-align:justify;"">ہمارے گاؤں میں ایک سرکاری ہائیرسیکنڈری سکول ہے، وہاں کے ٹیچرز حضرات سکول کے  بچوں سے ایک ایک لکڑی منگواتے ہیں اور پھر ان لکڑیوں سے پانی گرم کرکے وضو کرکے نماز پڑھتے ہیں، کیا یہ عمل شریعت کی رو سے درست ہے؟</p></p>","<p><p style=""text-align:justify;"">صورتِ مسئولہ میں لکڑیاں لانے والے طلبہ بالغ ہوں، اور بغیر کسی جبر و اکراہ کے، محض ترغیب دینے پر  اپنی خوشی سے ایسی لکڑیاں لاکر  اپنے اساتذہ کو دیتے ہوں جو ان کی مملوکہ  ہوں، خواہ والدین نے دی ہوں یا جنگل سے کاٹ کر لائے ہوں، یا اپنے پیسے سے خرید کر لائے ہوں،  اور نہ لانے والے طلبہ کی سرزنش نہ کی جاتی ہو   تو ایسی صورت میں حاصل کردہ لکڑیوں کو جلا کر پانی گرم کرکے اس سے اساتذہ کے لیے وضو کرنا جائز ہوگا،  بصورتِ دیگر جائز نہ ہوگا۔ فقط واللہ اعلم</p></p><hr class=""big-hr""/>",27-01-2020,144106200020,banuri.edu.pk,طہارت,وضو,وضو،فرائض،سنن،آداب اور وضو توڑنے والی اشیاء,"<div class=""col-md-12 sawal-jawab""><h3 class=""question_heading"">سوال</h3><p><p style=""text-align:justify;"">ہمارے گاؤں میں ایک سرکاری ہائیرسیکنڈری سکول ہے، وہاں کے ٹیچرز حضرات سکول کے  بچوں سے ایک ایک لکڑی منگواتے ہیں اور پھر ان لکڑیوں سے پانی گرم کرکے وضو کرکے نماز پڑھتے ہیں، کیا یہ عمل شریعت کی رو سے درست ہے؟</p></p><h4 class=""question_heading"">جواب</h4><p><p style=""text-align:justify;"">صورتِ مسئولہ میں لکڑیاں لانے والے طلبہ بالغ ہوں، اور بغیر کسی جبر و اکراہ کے، محض ترغیب دینے پر  اپنی خوشی سے ایسی لکڑیاں لاکر  اپنے اساتذہ کو دیتے ہوں جو ان کی مملوکہ  ہوں، خواہ والدین نے دی ہوں یا جنگل سے کاٹ کر لائے ہوں، یا اپنے پیسے سے خرید کر لائے ہوں،  اور نہ لانے والے طلبہ کی سرزنش نہ کی جاتی ہو   تو ایسی صورت میں حاصل کردہ لکڑیوں کو جلا کر پانی گرم کرکے اس سے اساتذہ کے لیے وضو کرنا جائز ہوگا،  بصورتِ دیگر جائز نہ ہوگا۔ فقط واللہ اعلم</p></p><hr class=""big-hr""/><div class=""col-sm-6 col-md-6""><p class=""question_heading"" style=""color:#73161f"">فتویٰ نمبر : <a id=""fatwa_number"">144106200020</a></p></div><div class=""col-sm-6 col-md-6""><p style=""color:#73161f"">دارالافتاء :
                                جامعہ علوم اسلامیہ علامہ محمد یوسف بنوری ٹاؤن</p></div><hr class=""big-hr""/><div class=""col-sm-4 col-md-4""><div class=""tag""><a href=""https://www.banuri.edu.pk/questions/kitab/taharat""><i class=""icon-docs-bold""></i> طہارت</a></div></div><div class=""col-sm-4 col-md-4""><div class=""tag""><a href=""https://www.banuri.edu.pk/questions/bab/wuzu""><i class=""icon-docs-bold""></i> وضو</a></div></div><div class=""col-sm-4 col-md-4""><div class=""tag""><a href=""https://www.banuri.edu.pk/questions/fasal/wuzo-faraidh-sunan-aadab-or-wuzo-tornay-wali-ashya""><i class=""icon-docs-bold""></i> وضو،فرائض،سنن،آداب اور وضو توڑنے والی اشیاء</a></div></div></div>"
https://www.banuri.edu.pk/readquestion/ماں-کو-پانی-پلانے-کے-لیے-رات-بھر-انتظار-کرنے-والی-روایت-کی-تحقیق-144106200237/02-02-2020,ماں کو پانی پلانے کے لیے رات بھر انتظار کرنے والی روایت کی تحقیق,"<p><p style=""text-align:justify;"">وہ کون سے صحابی تھے جنہوں نے والدہ کو پانی پلانے کے لیے صبح تک انتظار کیا؟ </p></p>","<p><p style=""text-align:justify;"">کسی صحابی کا ایسا واقعہ تو ہمارے علم میں نہیں، البتہ پچھلی امتوں کے تین لوگوں کا ایک تفصیلی واقعہ حدیث کی کئی کتابوں میں مذکور ہے، جو صحیح اور ثابت ہے۔</p><p style=""text-align:justify;"">یہ تین افراد ایک غار میں تھے  اور غار کا دہانا ایک چٹان کے لڑھکنے سے بند ہوگیا اور  تینوں اس میں پھنس گئے تھے، پھر انہوں نے اپنے اپنے نیک اعمال ذکر کرکے دعا کی تو اللہ تعالی نے انہیں نجات عطا فرمادی تھی، ان میں ایک شخص کا عمل یہ تھا کہ وہ دن بھر بکریاں وغیرہ چرایا کرتا تھا اور شام میں گھر آکر ان کا دودھ دوہ کر پہلے اپنے والدین اور پھر بیوی بچوں کو پلایا کرتا تھا، ایک دن اسے واپسی میں تاخیر ہوگئی اور جب گھر پہنچا تو والدین انتظار کرتے کرتے سو چکے تھے، اس شخص نے ساری رات والدین کا انتظار کیا اور اپنے بچوں کو بھی دودھ نہ پلایا، اس عمل کے توسل سے اس نے دعا کی تو وہ دعا قبول ہوئی۔اسی طرح دیگر دونوں افراد اپنے بعض اعمال کے توسل سے دعا کی تو ان کی دعائیں بھی قبول ہوئیں اور غار سے چٹان ہٹ گئی، یوں اللہ تعالی نے ان تینوں کو نجات عطا فرمائی۔</p><p style=""text-align:justify;"">یہ واقعہ حدیثُ الغار کے عنوان سے حدیث کی کئی کتابوں میں ملتا ہے۔ </p><p style=""text-align:justify;""><span class=""ar_writing"">""عَنْ عَبْدِ اللَّهِ بْنِ عُمَرَ ، عَنْ رَسُولِ اللَّهِ صَلَّى اللَّهُ عَلَيْهِ وَسَلَّمَ أَنَّهُ قَالَ : "" بَيْنَمَا ثَلَاثَةُ نَفَرٍ يَتَمَشَّوْنَ أَخَذَهُمُ الْمَطَرُ، فَأَوَوْا إِلَى غَارٍ فِي جَبَلٍ، فَانْحَطَّتْ عَلَى فَمِ غَارِهِمْ صَخْرَةٌ مِنَ الْجَبَلِ، فَانْطَبَقَتْ عَلَيْهِمْ، فَقَالَ بَعْضُهُمْ لِبَعْضٍ : انْظُرُوا أَعْمَالًا عَمِلْتُمُوهَا صَالِحَةً لِلَّهِ، فَادْعُوا اللَّهَ تَعَالَى بِهَا، لَعَلَّ اللَّهَ يَفْرُجُهَا عَنْكُمْ. فَقَالَ أَحَدُهُمُ : اللَّهُمَّ، إِنَّهُ كَانَ لِي وَالِدَانِ شَيْخَانِ كَبِيرَانِ وَامْرَأَتِي، وَلِي صِبْيَةٌ صِغَارٌ أَرْعَى عَلَيْهِمْ، فَإِذَا أَرَحْتُ عَلَيْهِمْ حَلَبْتُ، فَبَدَأْتُ بِوَالِدَيَّ فَسَقَيْتُهُمَا قَبْلَ بَنِيَّ، وَأَنَّهُ نَأَى بِي ذَاتَ يَوْمٍ الشَّجَرُ، فَلَمْ آتِ حَتَّى أَمْسَيْتُ، فَوَجَدْتُهُمَا قَدْ نَامَا، فَحَلَبْتُ كَمَا كُنْتُ أَحْلُبُ، فَجِئْتُ بِالْحِلَابِ فَقُمْتُ عِنْدَ رُءُوسِهِمَا، أَكْرَهُ أَنْ أُوقِظَهُمَا مِنْ نَوْمِهِمَا، وَأَكْرَهُ أَنْ أَسْقِيَ الصِّبْيَةَ قَبْلَهُمَا، وَالصِّبْيَةُ يَتَضَاغَوْنَ عِنْدَ قَدَمَيَّ، فَلَمْ يَزَلْ ذَلِكَ دَأْبِي وَدَأْبَهُمْ حَتَّى طَلَعَ الْفَجْرُ، فَإِنْ كُنْتَ تَعْلَمُ أَنِّي فَعَلْتُ ذَلِكَ ابْتِغَاءَ وَجْهِكَ فَافْرُجْ لَنَا مِنْهَا فُرْجَةً نَرَى مِنْهَا السَّمَاءَ. فَفَرَجَ اللَّهُ مِنْهَا فُرْجَةً، فَرَأَوْا مِنْهَا السَّمَاءَ. وَقَالَ الْآخَرُ : اللَّهُمَّ، إِنَّهُ كَانَتْ لِيَ ابْنَةُ عَمٍّ أَحْبَبْتُهَا كَأَشَدِّ مَا يُحِبُّ الرِّجَالُ النِّسَاءَ، وَطَلَبْتُ إِلَيْهَا نَفْسَهَا فَأَبَتْ حَتَّى آتِيَهَا بِمِائَةِ دِينَارٍ، فَتَعِبْتُ حَتَّى جَمَعْتُ مِائَةَ دِينَارٍ، فَجِئْتُهَا بِهَا فَلَمَّا وَقَعْتُ بَيْنَ رِجْلَيْهَا قَالَتْ : يَا عَبْدَ اللَّهِ، اتَّقِ اللَّهَ، وَلَا تَفْتَحِ الْخَاتَمَ</span> <span class=""ar_writing"">إِلَّا بِحَقِّهِ. فَقُمْتُ عَنْهَا، فَإِنْ كُنْتَ تَعْلَمُ أَنِّي فَعَلْتُ ذَلِكَ ابْتِغَاءَ وَجْهِكَ فَافْرُجْ لَنَا مِنْهَا فُرْجَةً. فَفَرَجَ لَهُمْ، وَقَالَ الْآخَرُ : اللَّهُمَّ، إِنِّي كُنْتُ اسْتَأْجَرْتُ أَجِيرًا بِفَرَقِ أَرُزٍّ، فَلَمَّا قَضَى عَمَلَهُ قَالَ : أَعْطِنِي حَقِّي. فَعَرَضْتُ عَلَيْهِ فَرَقَهُ، فَرَغِبَ عَنْهُ، فَلَمْ أَزَلْ أَزْرَعُهُ حَتَّى جَمَعْتُ مِنْهُ بَقَرًا وَرِعَاءَهَا، فَجَاءَنِي، فَقَالَ : اتَّقِ اللَّهَ، وَلَا تَظْلِمْنِي حَقِّي. قُلْتُ : اذْهَبْ إِلَى تِلْكَ الْبَقَرِ وَرِعَائِهَا فَخُذْهَا. فَقَالَ : اتَّقِ اللَّهَ، وَلَا تَسْتَهْزِئْ بِي. فَقُلْتُ : إِنِّي لَا أَسْتَهْزِئُ بِكَ، خُذْ ذَلِكَ الْبَقَرَ وَرِعَاءَهَا. فَأَخَذَهُ فَذَهَبَ بِهِ، فَإِنْ كُنْتَ تَعْلَمُ أَنِّي فَعَلْتُ ذَلِكَ ابْتِغَاءَ وَجْهِكَ فَافْرُجْ لَنَا مَا بَقِيَ. فَفَرَجَ اللَّهُ مَا بَقِيَ "".(صحيح مسلم،  كِتَابٌ : الرِّقَاقُ ، بَابٌ : قِصَّةُ أَصْحَابِ الْغَارِ الثَّلَاثَةِ، رقم الحديث: ٢٧٤٣) فقط والله اعلم </span></p></p><hr class=""big-hr""/>",02-02-2020,144106200237,banuri.edu.pk,علوم و فنون,حدیث و سنت,حدیث کا معنی، مفہوم اور اقسام,"<div class=""col-md-12 sawal-jawab""><h3 class=""question_heading"">سوال</h3><p><p style=""text-align:justify;"">وہ کون سے صحابی تھے جنہوں نے والدہ کو پانی پلانے کے لیے صبح تک انتظار کیا؟ </p></p><h4 class=""question_heading"">جواب</h4><p><p style=""text-align:justify;"">کسی صحابی کا ایسا واقعہ تو ہمارے علم میں نہیں، البتہ پچھلی امتوں کے تین لوگوں کا ایک تفصیلی واقعہ حدیث کی کئی کتابوں میں مذکور ہے، جو صحیح اور ثابت ہے۔</p><p style=""text-align:justify;"">یہ تین افراد ایک غار میں تھے  اور غار کا دہانا ایک چٹان کے لڑھکنے سے بند ہوگیا اور  تینوں اس میں پھنس گئے تھے، پھر انہوں نے اپنے اپنے نیک اعمال ذکر کرکے دعا کی تو اللہ تعالی نے انہیں نجات عطا فرمادی تھی، ان میں ایک شخص کا عمل یہ تھا کہ وہ دن بھر بکریاں وغیرہ چرایا کرتا تھا اور شام میں گھر آکر ان کا دودھ دوہ کر پہلے اپنے والدین اور پھر بیوی بچوں کو پلایا کرتا تھا، ایک دن اسے واپسی میں تاخیر ہوگئی اور جب گھر پہنچا تو والدین انتظار کرتے کرتے سو چکے تھے، اس شخص نے ساری رات والدین کا انتظار کیا اور اپنے بچوں کو بھی دودھ نہ پلایا، اس عمل کے توسل سے اس نے دعا کی تو وہ دعا قبول ہوئی۔اسی طرح دیگر دونوں افراد اپنے بعض اعمال کے توسل سے دعا کی تو ان کی دعائیں بھی قبول ہوئیں اور غار سے چٹان ہٹ گئی، یوں اللہ تعالی نے ان تینوں کو نجات عطا فرمائی۔</p><p style=""text-align:justify;"">یہ واقعہ حدیثُ الغار کے عنوان سے حدیث کی کئی کتابوں میں ملتا ہے۔ </p><p style=""text-align:justify;""><span class=""ar_writing"">""عَنْ عَبْدِ اللَّهِ بْنِ عُمَرَ ، عَنْ رَسُولِ اللَّهِ صَلَّى اللَّهُ عَلَيْهِ وَسَلَّمَ أَنَّهُ قَالَ : "" بَيْنَمَا ثَلَاثَةُ نَفَرٍ يَتَمَشَّوْنَ أَخَذَهُمُ الْمَطَرُ، فَأَوَوْا إِلَى غَارٍ فِي جَبَلٍ، فَانْحَطَّتْ عَلَى فَمِ غَارِهِمْ صَخْرَةٌ مِنَ الْجَبَلِ، فَانْطَبَقَتْ عَلَيْهِمْ، فَقَالَ بَعْضُهُمْ لِبَعْضٍ : انْظُرُوا أَعْمَالًا عَمِلْتُمُوهَا صَالِحَةً لِلَّهِ، فَادْعُوا اللَّهَ تَعَالَى بِهَا، لَعَلَّ اللَّهَ يَفْرُجُهَا عَنْكُمْ. فَقَالَ أَحَدُهُمُ : اللَّهُمَّ، إِنَّهُ كَانَ لِي وَالِدَانِ شَيْخَانِ كَبِيرَانِ وَامْرَأَتِي، وَلِي صِبْيَةٌ صِغَارٌ أَرْعَى عَلَيْهِمْ، فَإِذَا أَرَحْتُ عَلَيْهِمْ حَلَبْتُ، فَبَدَأْتُ بِوَالِدَيَّ فَسَقَيْتُهُمَا قَبْلَ بَنِيَّ، وَأَنَّهُ نَأَى بِي ذَاتَ يَوْمٍ الشَّجَرُ، فَلَمْ آتِ حَتَّى أَمْسَيْتُ، فَوَجَدْتُهُمَا قَدْ نَامَا، فَحَلَبْتُ كَمَا كُنْتُ أَحْلُبُ، فَجِئْتُ بِالْحِلَابِ فَقُمْتُ عِنْدَ رُءُوسِهِمَا، أَكْرَهُ أَنْ أُوقِظَهُمَا مِنْ نَوْمِهِمَا، وَأَكْرَهُ أَنْ أَسْقِيَ الصِّبْيَةَ قَبْلَهُمَا، وَالصِّبْيَةُ يَتَضَاغَوْنَ عِنْدَ قَدَمَيَّ، فَلَمْ يَزَلْ ذَلِكَ دَأْبِي وَدَأْبَهُمْ حَتَّى طَلَعَ الْفَجْرُ، فَإِنْ كُنْتَ تَعْلَمُ أَنِّي فَعَلْتُ ذَلِكَ ابْتِغَاءَ وَجْهِكَ فَافْرُجْ لَنَا مِنْهَا فُرْجَةً نَرَى مِنْهَا السَّمَاءَ. فَفَرَجَ اللَّهُ مِنْهَا فُرْجَةً، فَرَأَوْا مِنْهَا السَّمَاءَ. وَقَالَ الْآخَرُ : اللَّهُمَّ، إِنَّهُ كَانَتْ لِيَ ابْنَةُ عَمٍّ أَحْبَبْتُهَا كَأَشَدِّ مَا يُحِبُّ الرِّجَالُ النِّسَاءَ، وَطَلَبْتُ إِلَيْهَا نَفْسَهَا فَأَبَتْ حَتَّى آتِيَهَا بِمِائَةِ دِينَارٍ، فَتَعِبْتُ حَتَّى جَمَعْتُ مِائَةَ دِينَارٍ، فَجِئْتُهَا بِهَا فَلَمَّا وَقَعْتُ بَيْنَ رِجْلَيْهَا قَالَتْ : يَا عَبْدَ اللَّهِ، اتَّقِ اللَّهَ، وَلَا تَفْتَحِ الْخَاتَمَ</span> <span class=""ar_writing"">إِلَّا بِحَقِّهِ. فَقُمْتُ عَنْهَا، فَإِنْ كُنْتَ تَعْلَمُ أَنِّي فَعَلْتُ ذَلِكَ ابْتِغَاءَ وَجْهِكَ فَافْرُجْ لَنَا مِنْهَا فُرْجَةً. فَفَرَجَ لَهُمْ، وَقَالَ الْآخَرُ : اللَّهُمَّ، إِنِّي كُنْتُ اسْتَأْجَرْتُ أَجِيرًا بِفَرَقِ أَرُزٍّ، فَلَمَّا قَضَى عَمَلَهُ قَالَ : أَعْطِنِي حَقِّي. فَعَرَضْتُ عَلَيْهِ فَرَقَهُ، فَرَغِبَ عَنْهُ، فَلَمْ أَزَلْ أَزْرَعُهُ حَتَّى جَمَعْتُ مِنْهُ بَقَرًا وَرِعَاءَهَا، فَجَاءَنِي، فَقَالَ : اتَّقِ اللَّهَ، وَلَا تَظْلِمْنِي حَقِّي. قُلْتُ : اذْهَبْ إِلَى تِلْكَ الْبَقَرِ وَرِعَائِهَا فَخُذْهَا. فَقَالَ : اتَّقِ اللَّهَ، وَلَا تَسْتَهْزِئْ بِي. فَقُلْتُ : إِنِّي لَا أَسْتَهْزِئُ بِكَ، خُذْ ذَلِكَ الْبَقَرَ وَرِعَاءَهَا. فَأَخَذَهُ فَذَهَبَ بِهِ، فَإِنْ كُنْتَ تَعْلَمُ أَنِّي فَعَلْتُ ذَلِكَ ابْتِغَاءَ وَجْهِكَ فَافْرُجْ لَنَا مَا بَقِيَ. فَفَرَجَ اللَّهُ مَا بَقِيَ "".(صحيح مسلم،  كِتَابٌ : الرِّقَاقُ ، بَابٌ : قِصَّةُ أَصْحَابِ الْغَارِ الثَّلَاثَةِ، رقم الحديث: ٢٧٤٣) فقط والله اعلم </span></p></p><hr class=""big-hr""/><div class=""col-sm-6 col-md-6""><p class=""question_heading"" style=""color:#73161f"">فتویٰ نمبر : <a id=""fatwa_number"">144106200237</a></p></div><div class=""col-sm-6 col-md-6""><p style=""color:#73161f"">دارالافتاء :
                                جامعہ علوم اسلامیہ علامہ محمد یوسف بنوری ٹاؤن</p></div><hr class=""big-hr""/><div class=""col-sm-4 col-md-4""><div class=""tag""><a href=""https://www.banuri.edu.pk/questions/kitab/uloom-funoon""><i class=""icon-docs-bold""></i> علوم و فنون</a></div></div><div class=""col-sm-4 col-md-4""><div class=""tag""><a href=""https://www.banuri.edu.pk/questions/bab/hadees-sunnat""><i class=""icon-docs-bold""></i> حدیث و سنت</a></div></div><div class=""col-sm-4 col-md-4""><div class=""tag""><a href=""https://www.banuri.edu.pk/questions/fasal/hadees-ka-mana-mafhom-aur-aqsaam""><i class=""icon-docs-bold""></i> حدیث کا معنی، مفہوم اور اقسام</a></div></div></div>"
https://www.banuri.edu.pk/readquestion/ابحر-نام-رکھنا-144106200052/28-01-2020,ابحر نام رکھنا,"<p><p style=""text-align:justify;"">""abhar"" نام رکھنا کیسا ہے؟ اور اس کا مطلب کیا ہے؟</p></p>","<p><p style=""text-align:justify;""><span class=""ar_writing"">""أَبْحَر"" </span>( الف اور ح کے  زبر، ب کے سکون کے ساتھ ) یہ فعل ماضی کا صیغہ ہے، جس کے متعدد معنی اسناد کے اعتبار سے آتے ہیں،  جیسے سمندری سفر کرنا، زمین میں پانی کی کثرت ہوجانا،  پانی کا نمکین ہوجانا،  ناک کا سرخ ہوجانا۔ </p><p style=""text-align:justify;""><span class=""ar_writing"">أبْحَرَ : (معجم الوسيط):</span></p><p style=""text-align:justify;""><span class=""ar_writing"">""أبْحَرَ الماءُ: صَار كماء البحر في ملوحته.</span></p><p style=""text-align:justify;""><span class=""ar_writing"">أبْحَرَ الأرضُ: كثرت مناقِع الماء فيها.</span></p><p style=""text-align:justify;""><span class=""ar_writing"">أبْحَرَ فلان: اشتدَّت حُمْرة أنفه.</span></p><p style=""text-align:justify;""><span class=""ar_writing"">أبْحَرَ فلانٌ: رَكِبَ البحرَ"".</span></p><p style=""text-align:justify;"">البتہ اگر <span class=""ar_writing"">""أَبْحَر"" </span>کو  <span class=""ar_writing"">""البَحْر من الرجال""</span>، (جس کے معنی مشہور، یا وسیع علم والے کے ہیں) سے  اسمِ تفضیل مانا جائے تو  اس صورت میں یہ نام رکھنا درست ہوگا۔</p><p style=""text-align:justify;""> <span class=""ar_writing"">(المعجم الوسيط) البَحْر:</span></p><p style=""text-align:justify;""><span class=""ar_writing"">""البَحْر من الرجال: الواسعُ المعروفِ. البَحْر الواسعُ العِلْمِ"".</span></p><p style=""text-align:justify;"">تاہم  انبیاء علیہم الصلات و  السلام یا صحابہ کرام رضوان اللہ علیہم اجمعین کے اسماء میں سے کوئی نام رکھنا بہتر ہوگا، یا عمدہ معانی والے اسماء میں سے کوئی نام رکھا جائے، جس کے لیے ہماری ویب سائٹ پر دیے گئے ’’اسلامی نام‘‘  کے آپشن سے استفادہ کیا جا سکتا ہے۔ فقط واللہ اعلم</p></p><hr class=""big-hr""/>",28-01-2020,144106200052,banuri.edu.pk,حقوق و آدابِ معاشرت,حقوق,اولاد کے حقوق,"<div class=""col-md-12 sawal-jawab""><h3 class=""question_heading"">سوال</h3><p><p style=""text-align:justify;"">""abhar"" نام رکھنا کیسا ہے؟ اور اس کا مطلب کیا ہے؟</p></p><h4 class=""question_heading"">جواب</h4><p><p style=""text-align:justify;""><span class=""ar_writing"">""أَبْحَر"" </span>( الف اور ح کے  زبر، ب کے سکون کے ساتھ ) یہ فعل ماضی کا صیغہ ہے، جس کے متعدد معنی اسناد کے اعتبار سے آتے ہیں،  جیسے سمندری سفر کرنا، زمین میں پانی کی کثرت ہوجانا،  پانی کا نمکین ہوجانا،  ناک کا سرخ ہوجانا۔ </p><p style=""text-align:justify;""><span class=""ar_writing"">أبْحَرَ : (معجم الوسيط):</span></p><p style=""text-align:justify;""><span class=""ar_writing"">""أبْحَرَ الماءُ: صَار كماء البحر في ملوحته.</span></p><p style=""text-align:justify;""><span class=""ar_writing"">أبْحَرَ الأرضُ: كثرت مناقِع الماء فيها.</span></p><p style=""text-align:justify;""><span class=""ar_writing"">أبْحَرَ فلان: اشتدَّت حُمْرة أنفه.</span></p><p style=""text-align:justify;""><span class=""ar_writing"">أبْحَرَ فلانٌ: رَكِبَ البحرَ"".</span></p><p style=""text-align:justify;"">البتہ اگر <span class=""ar_writing"">""أَبْحَر"" </span>کو  <span class=""ar_writing"">""البَحْر من الرجال""</span>، (جس کے معنی مشہور، یا وسیع علم والے کے ہیں) سے  اسمِ تفضیل مانا جائے تو  اس صورت میں یہ نام رکھنا درست ہوگا۔</p><p style=""text-align:justify;""> <span class=""ar_writing"">(المعجم الوسيط) البَحْر:</span></p><p style=""text-align:justify;""><span class=""ar_writing"">""البَحْر من الرجال: الواسعُ المعروفِ. البَحْر الواسعُ العِلْمِ"".</span></p><p style=""text-align:justify;"">تاہم  انبیاء علیہم الصلات و  السلام یا صحابہ کرام رضوان اللہ علیہم اجمعین کے اسماء میں سے کوئی نام رکھنا بہتر ہوگا، یا عمدہ معانی والے اسماء میں سے کوئی نام رکھا جائے، جس کے لیے ہماری ویب سائٹ پر دیے گئے ’’اسلامی نام‘‘  کے آپشن سے استفادہ کیا جا سکتا ہے۔ فقط واللہ اعلم</p></p><hr class=""big-hr""/><div class=""col-sm-6 col-md-6""><p class=""question_heading"" style=""color:#73161f"">فتویٰ نمبر : <a id=""fatwa_number"">144106200052</a></p></div><div class=""col-sm-6 col-md-6""><p style=""color:#73161f"">دارالافتاء :
                                جامعہ علوم اسلامیہ علامہ محمد یوسف بنوری ٹاؤن</p></div><hr class=""big-hr""/><div class=""col-sm-4 col-md-4""><div class=""tag""><a href=""https://www.banuri.edu.pk/questions/kitab/huqooq-muashret""><i class=""icon-docs-bold""></i> حقوق و آدابِ معاشرت</a></div></div><div class=""col-sm-4 col-md-4""><div class=""tag""><a href=""https://www.banuri.edu.pk/questions/bab/bahmi-huqooq""><i class=""icon-docs-bold""></i> حقوق</a></div></div><div class=""col-sm-4 col-md-4""><div class=""tag""><a href=""https://www.banuri.edu.pk/questions/fasal/olad-ky-hoqoq""><i class=""icon-docs-bold""></i> اولاد کے حقوق</a></div></div></div>"
https://www.banuri.edu.pk/readquestion/ٹیکس-ادا-کرنے-سے-زکاۃ-ادا-ہوجائے-گی-144106200211/01-02-2020,کیا ٹیکس ادا کرنے سے زکاۃ ادا ہوجائے گی؟,,"<p><p style=""text-align:justify;"">زکاۃ عبادت ہے، اس کا ٹیکس سے کوئی تعلق نہیں، ٹیکس کوئی بھی حکومت اپنے اخراجات سامنے رکھ کر مخصوص قوانین کے مطابق عوام سے وصول کرتی ہے، لہذا اگر زکاۃ واجب ہو تو ٹیکس دینے سے زکاۃ ادا نہیں ہوگی، بلکہ اس کی ادائیگی علیحدہ سے کرنا ضروری ہے، اور زکاۃ کی ادائیگی صحیح ہونے کے لیے کسی مستحقِ زکاۃ شخص کو مالک بناکر دینا ضروری ہے، اس لیے ٹیکس کی مد میں کاٹی جانے والی رقم (اگرچہ وہ جائز مصارف مثلاً تعمیرات اور سرکاری ملازمین کی تنخواہوں وغیرہ میں خرچ ہورہی ہو، تب بھی اس رقم) کی ادائیگی کے وقت زکاۃ کی نیت سے دینے سے بھی زکاۃ ادا نہیں ہوگی۔</p><p style=""text-align:justify;"">ٹیکس کی ضرورت اور اس کی جائز حد کی تفصیل کے حوالے سے درج ذیل لنک ملاحظہ فرمائیے:</p><p style=""text-align:justify;""><a href=""https://www.banuri.edu.pk/readquestion/%D9%B9%DB%8C%DA%A9%D8%B3-%DA%A9%DB%8C-%D8%B4%D8%B1%D8%B9%DB%8C-%D8%AD-%DB%8C%D8%AB%DB%8C%D8%AA/26-08-2019"">ٹیکس کی شرعی حیثیت</a></p><p style=""text-align:justify;""><a href=""https://www.banuri.edu.pk/readquestion/%D8%A7%D9%86%DA%A9%D9%85-%D9%B9%DB%8C%DA%A9%D8%B3-%D8%A7%D9%88%D8%B1-%D8%B3%DB%8C%D9%84%D8%B2-%D9%B9%DB%8C%DA%A9%D8%B3-%DA%A9%DB%8C-%D8%B4%D8%B1%D8%B9%DB%8C-%D8%AD%DB%8C%D8%AB%DB%8C%D8%AA/09-06-2018"">انکم ٹیکس اور سیلز ٹیکس کی شرعی حیثیت</a></p><p style=""text-align:justify;"">آپ نے سوال میں اپنی معاشی پریشانی اور ذہنی الجھن کے حوالے سے جو باتیں ذکر کی ہیں، ان کے حوالے سے چند باتوں کی وضاحت مناسب معلوم ہوتی ہے:</p><p style=""text-align:justify;"">1- جہاں تک ہماری معلومات ہیں ان کے مطابق کرنٹ اکاؤنٹ میں سے بینک از خود زکاۃ کی کٹوتی نہیں کرتے، زکاۃ کی کٹوتی صرف سیونگ اکاؤنٹ میں ہوتی ہے، اس لیے اگرچہ آپ خود سود وصول نہ کررہے ہوں، لیکن معلوم یہ ہوتاہے کہ آپ کا اکاؤنٹ سیونگ ہے، اس لیے زکاۃ کی کٹوتی کے حوالے سے آپ کی مشکل کا حل یہ ہے کہ اپنا اکاؤنٹ سیونگ سے تبدیل کرکے کرنٹ اکاؤنٹ کردیجیے، یا نیا کرنٹ اکاؤنٹ بناکر رقم اسی میں منتقل کردیجیے، اور اس اکاؤنٹ سے معاملات ختم کردیجیے۔  اور اگر سیونگ اکاؤنٹ آپ نے از خود نہیں کھلوایا اور اب کسی وجہ سے آپ اسے بند یا منتقل نہیں کرواسکتے تو بھی اس کا حل موجود ہے کہ آپ اپنے متعلقہ بینک کو تحریری طور پر آگاہ کردیجیے کہ آپ اپنی زکاۃ کا حساب خود رکھتے ہیں اور آپ اپنی زکاۃ خود ادا کریں گے، تاکہ اگر قرض وغیرہ کی ادائیگی کے بعد آپ پر اتنی زکاۃ واجب نہیں ہوتی جتنی اکاؤنٹ میں موجود رقم کے اعتبار سے بن رہی ہے تو آپ از خود واجب مقدار ہی ادا کریں، اس اعتبار سے بھی آپ کی پریشانی کا کسی حد تک حل نکل سکتاہے۔</p><p style=""text-align:justify;"">2- درج بالا لنک میں ٹیکس کے حوالے سے تفصیل درج ہے، تاہم اگر واقعۃً ناقابلِ تحمل ٹیکس ہو، تو اس سے بچاؤ کی جائز تدبیر کی جاسکتی ہے، اس حوالے سے درج ذیل لنک ملاحظہ کیجیے:</p><p style=""text-align:justify;""><a href=""https://www.banuri.edu.pk/readquestion/%D9%B9-%DB%8C%DA%A9%D8%B3-%D8%B3%DB%92-%D8%A8%DA%86%D9%86%DB%92-%DA%A9%DB%8C%D9%84%D8%A6%DB%92-%D8%AC%DA%BE%D9%88%D9%B9-%D8%A8%D9%88%D9%84%D9%86%D8%A7-144104200317/08-12-2019"">ٹیکس سے بچنے کے لیے جھوٹ بولنا</a></p><p style=""text-align:justify;"">3- جہاں تک آپ کی یہ بات ہے کہ چاروں خلفاءِ راشدین کے دور میں ٹیکس کا نظام نہیں تھا، یہ بات مطلقاً درست نہیں ہے، جیساکہ آپ نے خود ہی لکھ دیا ہے کہ یہ حضرت عمر رضی اللہ عنہ کے دور میں باقاعدہ نظام بنا، اور ظاہر ہے کہ حضرت عمر رضی اللہ عنہ دوسرے خلیفۂ راشد ہیں۔</p><p style=""text-align:justify;"">مختصراً اس کی وضاحت یہ ہے کہ چاروں خلفاءِ راشدین رضی اللہ عنہم کے دور میں مسلمانوں سے زکاۃ ،عشر  اور معادن و رکاز وغیرہ سے وصولی کے علاوہ اضافی رقم وصول نہیں کی جاتی تھی، البتہ غیر مسلموں سے معاہدے کے مطابق جزیہ، خراج اور غیر مسلم تاجروں کی اسلامی مملکت کی حدود میں آمد و رفت کی صورت میں ان سے لگان وصول کیا جاتا تھا۔ یہ ان مسائل کی تفصیل کا موقع نہیں ہے، بہر حال ابتدائی ادوار میں فتوحات کی کثرت کی وجہ سے غنیمت اور جزیہ و خراج کے وسائل ہی اتنے تھے کہ اس سے کارِ سرکار کی ضروریات پوری ہوجاتی تھیں، اور زکاۃ کی وصولی اور اس کے مصارف کے اعتبار سے رسول اللہ ﷺ کی ہدایت یہ تھی کہ جس علاقے کے لوگوں سے زکاۃ وصول کی جائے وہ اسی کے فقراء پر صرف کردی جائے، اس لیے صحابہ کرام رضی اللہ عنہم کے عاملین امانت داری کے ساتھ زکاۃ وصول کرکے علاقے کے ضرورت مندوں پر صرف کرکے اس کا حساب رکھتے تھے، البتہ جو رقم بچ جائے یا زکاۃ کے علاوہ دیگر مدات میں حاصل کردہ رقم ہو، وہ جمع کرکے بیت المال میں جمع فرمادیتے تھے، اور چوں کہ قرآنِ مجید نے زکاۃ وصولی پر مامور سرکاری عملے کو زکاۃ کی مد میں سے دینے کی اجازت دی ہے، اس لیے بوقتِ ضرورت قدرِ ضرورت اس کی ادائیگی بھی کی جاتی تھی۔ لیکن مطلقاً یہ بات کہنا درست نہیں ہے کہ خلفاءِ راشدین کے دور میں زکاۃ اور غنیمت سے سرکاری اخراجات پوری کرلیے جاتے تھے، بلکہ زکاۃ اس دور میں بھی زکاۃ کے مصارف میں ہی صرف کی  جاتی تھی، یہی وجہ ہے کہ ابتدائی دور میں جب زکاۃ وصولی پر عاملین مقرر تھے، اس وقت بھی وہ ہر طرح کے اموال کی تفتیش اور جستجو کرکے زکاۃ وصول نہیں کرتے تھے، بلکہ جو اموال ظاہرہ ہوتے تھے ان ہی کی زکاۃ وصول کرتے تھے، اور پھر خیر القرون میں ہی زکاۃ کی ادائیگی ہر شخص کی اپنی ذمہ داری قرار دے دی گئی، اور سرکاری اہل کاروں کو زکاۃ کی وصولی سے منع کیا جانے لگا، تاکہ آئندہ چل کر کوئی حکم ران ناحق وصولی نہ کرنے لگے، یا زکاۃ کے مصارف کے علاوہ صرف نہ کرنے لگے۔ الغرض اس وقت سرکاری مصارف عموماً غنیمت، جزیہ، خراج، نفلی صدقات اور معادن و رکاز وغیرہ کی آمدن سے پورے ہوجاتے تھے۔ بعد کے زمانوں میں جب یہ مصارف نہ رہے تو فقہاءِ کرام نے سرکاری ضروریات کے پیشِ نظر قابلِ تحمل ٹیکس وصولی کی اجازت دی ہے۔</p><p style=""text-align:justify;""><span class=""ar_writing"">الدر المختار وحاشية ابن عابدين (2 / 289):</span></p><p style=""text-align:justify;""><span class=""ar_writing"">""قال في التنجيس والولوالجية: السلطان الجائر إذا أخذ الصدقات، قيل: إن نوى بأدائها إليه الصدقة عليه لايؤمر بالأداء ثانياً؛ لأنه فقير حقيقةً.</span></p><p style=""text-align:justify;""><span class=""ar_writing"">ومنهم من قال: الأحوط أن يفتى بالأداء ثانياً، كما لو لم ينو؛ لانعدام الاختيار الصحيح، وإذا لم ينو، منهم من قال: يؤمر بالأداء ثانياً. وقال أبو جعفر: لا؛ لكون السلطان له ولاية الأخذ فيسقط عن أرباب الصدقة، فإن لم يضعها موضعها لايبطل أخذه، وبه يفتى، وهذا في صدقات الأموال الظاهرة، أما لو أخذ منه السلطان أموالاً مصادرةً ونوى أداء الزكاة إليه، فعلى قول المشايخ المتأخرين يجوز. والصحيح أنه لا يجوز وبه يفتى؛ لأنه ليس للظالم ولاية أخذ الزكاة من الأموال الباطنة. اهـ.</span></p><p style=""text-align:justify;""><span class=""ar_writing"">أقول: يعني وإذا لم يكن له ولاية أخذها لم يصح الدفع إليه وإن نوى الدافع به التصدق عليه؛ لانعدام الاختيار الصحيح، بخلاف الأموال الظاهرة؛ لأنه لما كان له ولاية أخذ زكاتها لم يضر انعدام الاختيار ولذا تجزيه سواء نوى التصديق عليه أو لا، هذا، وفي مختارات النوازل: السلطان الجائر إذا أخذ الخراج يجوز، ولو أخذ الصدقات أو الجبايات أو أخذ مالا مصادرة إن نوى الصدقة عند الدفع قيل يجوز أيضا وبه يفتى، وكذا إذا دفع إلى كل جائر نية الصدقة؛ لأنهم  بما عليهم من التبعات صاروا فقراء والأحوط الإعادة اهـ وهذا موافق لما صححه في المبسوط، وتبعه في الفتح، فقد اختلف التصحيح والإفتاء في الأموال الباطنة إذا نوى التصدق بها على الجائر وعلمت ما هو الأحوط.</span></p><p style=""text-align:justify;""><span class=""ar_writing"">قلت: وشمل ذلك ما يأخذه المكاس؛ لأنه وإن كان في الأصل هو العاشر الذي ينصبه الإمام، لكن اليوم لاينصب لأخذ الصدقات بل لسلب أموال الناس ظلماً بدون حماية، فلاتسقط الزكاة بأخذه، كما صرح به في البزازية. فإذا نوى التصديق عليه كان على الخلاف المذكور (قوله: لأنهم بما عليهم إلخ) علة لقوله قبله: ""الأصح الصحة""، وقوله: بما عليهم تعلق بقوله: فقراء"". </span>فقط واللہ اعلم</p></p><hr class=""big-hr""/>",01-02-2020,144106200211,banuri.edu.pk,زکات,زکوٰۃ / صدقات,ادائے زکوٰۃ,"<div class=""col-md-12 sawal-jawab""><h3 class=""question_heading"">سوال</h3><p><p style=""text-align:justify;"">کیا ٹیکس اور زکاۃ ایک شے نہیں ہے؟ تاریخی اعتبار سے پہلے چار خلفاۓ راشدین کے دور میں بھی کوئی ٹیکس یا لگان کا کوئی نظام نہ تھا، بلکہ زکات اور مالِ غنیمت سے ہی حکومتی معاملات چلا کرتے تھے. یہ باقاعدہ حضرت عمر کے دور میں یہ ایک حکومتی شعبے میں تبدیل ہوا، آج کی حکومتیں ٹیکس، بلکہ ظالمانہ ٹیکس وصولی کی مرتکب ہیں، جب کہ زکات بھی خودبخود کٹ جاتی ہے،  میں ذاتی طور پر کوئی سود وصول نہیں کرتا، مگر کل سال کی کمائی کا تیس فیصد کٹ جاتا ہے.  یہ سوال کبھی ذہن میں نہیں آیا؛ کیوں کہ ٹیکس اور زکاۃ ہمیشہ ادا کی. لیکن اب کاروباری حالات ایسے ہیں کہ کاروبار بند ہونے کو ہے. دوستوں کا مشورہ یہی ہے کہ زکاۃ دے دی تو ٹیکس نہ دو اور اگر ٹیکس دے رہے ہو تو زکاۃ ادا ہو گئی. یہ معاملہ یہاں ایک بڑی کاروباری کمیونٹی کرتی ہے. مجھے چوں کہ اپنا جواب دینا ہے، اس لیے سوال درپیش ہے۔</p></p><h4 class=""question_heading"">جواب</h4><p><p style=""text-align:justify;"">زکاۃ عبادت ہے، اس کا ٹیکس سے کوئی تعلق نہیں، ٹیکس کوئی بھی حکومت اپنے اخراجات سامنے رکھ کر مخصوص قوانین کے مطابق عوام سے وصول کرتی ہے، لہذا اگر زکاۃ واجب ہو تو ٹیکس دینے سے زکاۃ ادا نہیں ہوگی، بلکہ اس کی ادائیگی علیحدہ سے کرنا ضروری ہے، اور زکاۃ کی ادائیگی صحیح ہونے کے لیے کسی مستحقِ زکاۃ شخص کو مالک بناکر دینا ضروری ہے، اس لیے ٹیکس کی مد میں کاٹی جانے والی رقم (اگرچہ وہ جائز مصارف مثلاً تعمیرات اور سرکاری ملازمین کی تنخواہوں وغیرہ میں خرچ ہورہی ہو، تب بھی اس رقم) کی ادائیگی کے وقت زکاۃ کی نیت سے دینے سے بھی زکاۃ ادا نہیں ہوگی۔</p><p style=""text-align:justify;"">ٹیکس کی ضرورت اور اس کی جائز حد کی تفصیل کے حوالے سے درج ذیل لنک ملاحظہ فرمائیے:</p><p style=""text-align:justify;""><a href=""https://www.banuri.edu.pk/readquestion/%D9%B9%DB%8C%DA%A9%D8%B3-%DA%A9%DB%8C-%D8%B4%D8%B1%D8%B9%DB%8C-%D8%AD-%DB%8C%D8%AB%DB%8C%D8%AA/26-08-2019"">ٹیکس کی شرعی حیثیت</a></p><p style=""text-align:justify;""><a href=""https://www.banuri.edu.pk/readquestion/%D8%A7%D9%86%DA%A9%D9%85-%D9%B9%DB%8C%DA%A9%D8%B3-%D8%A7%D9%88%D8%B1-%D8%B3%DB%8C%D9%84%D8%B2-%D9%B9%DB%8C%DA%A9%D8%B3-%DA%A9%DB%8C-%D8%B4%D8%B1%D8%B9%DB%8C-%D8%AD%DB%8C%D8%AB%DB%8C%D8%AA/09-06-2018"">انکم ٹیکس اور سیلز ٹیکس کی شرعی حیثیت</a></p><p style=""text-align:justify;"">آپ نے سوال میں اپنی معاشی پریشانی اور ذہنی الجھن کے حوالے سے جو باتیں ذکر کی ہیں، ان کے حوالے سے چند باتوں کی وضاحت مناسب معلوم ہوتی ہے:</p><p style=""text-align:justify;"">1- جہاں تک ہماری معلومات ہیں ان کے مطابق کرنٹ اکاؤنٹ میں سے بینک از خود زکاۃ کی کٹوتی نہیں کرتے، زکاۃ کی کٹوتی صرف سیونگ اکاؤنٹ میں ہوتی ہے، اس لیے اگرچہ آپ خود سود وصول نہ کررہے ہوں، لیکن معلوم یہ ہوتاہے کہ آپ کا اکاؤنٹ سیونگ ہے، اس لیے زکاۃ کی کٹوتی کے حوالے سے آپ کی مشکل کا حل یہ ہے کہ اپنا اکاؤنٹ سیونگ سے تبدیل کرکے کرنٹ اکاؤنٹ کردیجیے، یا نیا کرنٹ اکاؤنٹ بناکر رقم اسی میں منتقل کردیجیے، اور اس اکاؤنٹ سے معاملات ختم کردیجیے۔  اور اگر سیونگ اکاؤنٹ آپ نے از خود نہیں کھلوایا اور اب کسی وجہ سے آپ اسے بند یا منتقل نہیں کرواسکتے تو بھی اس کا حل موجود ہے کہ آپ اپنے متعلقہ بینک کو تحریری طور پر آگاہ کردیجیے کہ آپ اپنی زکاۃ کا حساب خود رکھتے ہیں اور آپ اپنی زکاۃ خود ادا کریں گے، تاکہ اگر قرض وغیرہ کی ادائیگی کے بعد آپ پر اتنی زکاۃ واجب نہیں ہوتی جتنی اکاؤنٹ میں موجود رقم کے اعتبار سے بن رہی ہے تو آپ از خود واجب مقدار ہی ادا کریں، اس اعتبار سے بھی آپ کی پریشانی کا کسی حد تک حل نکل سکتاہے۔</p><p style=""text-align:justify;"">2- درج بالا لنک میں ٹیکس کے حوالے سے تفصیل درج ہے، تاہم اگر واقعۃً ناقابلِ تحمل ٹیکس ہو، تو اس سے بچاؤ کی جائز تدبیر کی جاسکتی ہے، اس حوالے سے درج ذیل لنک ملاحظہ کیجیے:</p><p style=""text-align:justify;""><a href=""https://www.banuri.edu.pk/readquestion/%D9%B9-%DB%8C%DA%A9%D8%B3-%D8%B3%DB%92-%D8%A8%DA%86%D9%86%DB%92-%DA%A9%DB%8C%D9%84%D8%A6%DB%92-%D8%AC%DA%BE%D9%88%D9%B9-%D8%A8%D9%88%D9%84%D9%86%D8%A7-144104200317/08-12-2019"">ٹیکس سے بچنے کے لیے جھوٹ بولنا</a></p><p style=""text-align:justify;"">3- جہاں تک آپ کی یہ بات ہے کہ چاروں خلفاءِ راشدین کے دور میں ٹیکس کا نظام نہیں تھا، یہ بات مطلقاً درست نہیں ہے، جیساکہ آپ نے خود ہی لکھ دیا ہے کہ یہ حضرت عمر رضی اللہ عنہ کے دور میں باقاعدہ نظام بنا، اور ظاہر ہے کہ حضرت عمر رضی اللہ عنہ دوسرے خلیفۂ راشد ہیں۔</p><p style=""text-align:justify;"">مختصراً اس کی وضاحت یہ ہے کہ چاروں خلفاءِ راشدین رضی اللہ عنہم کے دور میں مسلمانوں سے زکاۃ ،عشر  اور معادن و رکاز وغیرہ سے وصولی کے علاوہ اضافی رقم وصول نہیں کی جاتی تھی، البتہ غیر مسلموں سے معاہدے کے مطابق جزیہ، خراج اور غیر مسلم تاجروں کی اسلامی مملکت کی حدود میں آمد و رفت کی صورت میں ان سے لگان وصول کیا جاتا تھا۔ یہ ان مسائل کی تفصیل کا موقع نہیں ہے، بہر حال ابتدائی ادوار میں فتوحات کی کثرت کی وجہ سے غنیمت اور جزیہ و خراج کے وسائل ہی اتنے تھے کہ اس سے کارِ سرکار کی ضروریات پوری ہوجاتی تھیں، اور زکاۃ کی وصولی اور اس کے مصارف کے اعتبار سے رسول اللہ ﷺ کی ہدایت یہ تھی کہ جس علاقے کے لوگوں سے زکاۃ وصول کی جائے وہ اسی کے فقراء پر صرف کردی جائے، اس لیے صحابہ کرام رضی اللہ عنہم کے عاملین امانت داری کے ساتھ زکاۃ وصول کرکے علاقے کے ضرورت مندوں پر صرف کرکے اس کا حساب رکھتے تھے، البتہ جو رقم بچ جائے یا زکاۃ کے علاوہ دیگر مدات میں حاصل کردہ رقم ہو، وہ جمع کرکے بیت المال میں جمع فرمادیتے تھے، اور چوں کہ قرآنِ مجید نے زکاۃ وصولی پر مامور سرکاری عملے کو زکاۃ کی مد میں سے دینے کی اجازت دی ہے، اس لیے بوقتِ ضرورت قدرِ ضرورت اس کی ادائیگی بھی کی جاتی تھی۔ لیکن مطلقاً یہ بات کہنا درست نہیں ہے کہ خلفاءِ راشدین کے دور میں زکاۃ اور غنیمت سے سرکاری اخراجات پوری کرلیے جاتے تھے، بلکہ زکاۃ اس دور میں بھی زکاۃ کے مصارف میں ہی صرف کی  جاتی تھی، یہی وجہ ہے کہ ابتدائی دور میں جب زکاۃ وصولی پر عاملین مقرر تھے، اس وقت بھی وہ ہر طرح کے اموال کی تفتیش اور جستجو کرکے زکاۃ وصول نہیں کرتے تھے، بلکہ جو اموال ظاہرہ ہوتے تھے ان ہی کی زکاۃ وصول کرتے تھے، اور پھر خیر القرون میں ہی زکاۃ کی ادائیگی ہر شخص کی اپنی ذمہ داری قرار دے دی گئی، اور سرکاری اہل کاروں کو زکاۃ کی وصولی سے منع کیا جانے لگا، تاکہ آئندہ چل کر کوئی حکم ران ناحق وصولی نہ کرنے لگے، یا زکاۃ کے مصارف کے علاوہ صرف نہ کرنے لگے۔ الغرض اس وقت سرکاری مصارف عموماً غنیمت، جزیہ، خراج، نفلی صدقات اور معادن و رکاز وغیرہ کی آمدن سے پورے ہوجاتے تھے۔ بعد کے زمانوں میں جب یہ مصارف نہ رہے تو فقہاءِ کرام نے سرکاری ضروریات کے پیشِ نظر قابلِ تحمل ٹیکس وصولی کی اجازت دی ہے۔</p><p style=""text-align:justify;""><span class=""ar_writing"">الدر المختار وحاشية ابن عابدين (2 / 289):</span></p><p style=""text-align:justify;""><span class=""ar_writing"">""قال في التنجيس والولوالجية: السلطان الجائر إذا أخذ الصدقات، قيل: إن نوى بأدائها إليه الصدقة عليه لايؤمر بالأداء ثانياً؛ لأنه فقير حقيقةً.</span></p><p style=""text-align:justify;""><span class=""ar_writing"">ومنهم من قال: الأحوط أن يفتى بالأداء ثانياً، كما لو لم ينو؛ لانعدام الاختيار الصحيح، وإذا لم ينو، منهم من قال: يؤمر بالأداء ثانياً. وقال أبو جعفر: لا؛ لكون السلطان له ولاية الأخذ فيسقط عن أرباب الصدقة، فإن لم يضعها موضعها لايبطل أخذه، وبه يفتى، وهذا في صدقات الأموال الظاهرة، أما لو أخذ منه السلطان أموالاً مصادرةً ونوى أداء الزكاة إليه، فعلى قول المشايخ المتأخرين يجوز. والصحيح أنه لا يجوز وبه يفتى؛ لأنه ليس للظالم ولاية أخذ الزكاة من الأموال الباطنة. اهـ.</span></p><p style=""text-align:justify;""><span class=""ar_writing"">أقول: يعني وإذا لم يكن له ولاية أخذها لم يصح الدفع إليه وإن نوى الدافع به التصدق عليه؛ لانعدام الاختيار الصحيح، بخلاف الأموال الظاهرة؛ لأنه لما كان له ولاية أخذ زكاتها لم يضر انعدام الاختيار ولذا تجزيه سواء نوى التصديق عليه أو لا، هذا، وفي مختارات النوازل: السلطان الجائر إذا أخذ الخراج يجوز، ولو أخذ الصدقات أو الجبايات أو أخذ مالا مصادرة إن نوى الصدقة عند الدفع قيل يجوز أيضا وبه يفتى، وكذا إذا دفع إلى كل جائر نية الصدقة؛ لأنهم  بما عليهم من التبعات صاروا فقراء والأحوط الإعادة اهـ وهذا موافق لما صححه في المبسوط، وتبعه في الفتح، فقد اختلف التصحيح والإفتاء في الأموال الباطنة إذا نوى التصدق بها على الجائر وعلمت ما هو الأحوط.</span></p><p style=""text-align:justify;""><span class=""ar_writing"">قلت: وشمل ذلك ما يأخذه المكاس؛ لأنه وإن كان في الأصل هو العاشر الذي ينصبه الإمام، لكن اليوم لاينصب لأخذ الصدقات بل لسلب أموال الناس ظلماً بدون حماية، فلاتسقط الزكاة بأخذه، كما صرح به في البزازية. فإذا نوى التصديق عليه كان على الخلاف المذكور (قوله: لأنهم بما عليهم إلخ) علة لقوله قبله: ""الأصح الصحة""، وقوله: بما عليهم تعلق بقوله: فقراء"". </span>فقط واللہ اعلم</p></p><hr class=""big-hr""/><div class=""col-sm-6 col-md-6""><p class=""question_heading"" style=""color:#73161f"">فتویٰ نمبر : <a id=""fatwa_number"">144106200211</a></p></div><div class=""col-sm-6 col-md-6""><p style=""color:#73161f"">دارالافتاء :
                                جامعہ علوم اسلامیہ علامہ محمد یوسف بنوری ٹاؤن</p></div><hr class=""big-hr""/><div class=""col-sm-4 col-md-4""><div class=""tag""><a href=""https://www.banuri.edu.pk/questions/kitab/zakat""><i class=""icon-docs-bold""></i> زکات</a></div></div><div class=""col-sm-4 col-md-4""><div class=""tag""><a href=""https://www.banuri.edu.pk/questions/bab/zakat-sadaqat""><i class=""icon-docs-bold""></i> زکوٰۃ / صدقات</a></div></div><div class=""col-sm-4 col-md-4""><div class=""tag""><a href=""https://www.banuri.edu.pk/questions/fasal/adaye-zakat""><i class=""icon-docs-bold""></i> ادائے زکوٰۃ</a></div></div></div>"
https://www.banuri.edu.pk/readquestion/کاشید-معراج-نام-رکھنا-144106200106/29-01-2020,کاشید معراج نام رکھنا,"<p><p style=""text-align:justify;"">’’کاشید معراج‘‘  نام کے معنی کیا ہیں؟</p></p>","<p><p style=""text-align:justify;"">تلاش کے باوجود ’’ کاشید‘‘  کا معنی عربی، اردو، فارسی  کسی زبان کی لغت میں نہ مل سکا، لہذا یہ نام نا رکھیں، تا وقتیکہ معنی معلوم ہو جائے۔</p><p style=""text-align:justify;"">معراج کا مطلب سیڑھی کے ہیں، مجازاً  بلندی کے معنی میں بھی مستعمل ہے،  معراج نام رکھنے  کی اجازت ہے، تاہم  معراج الدین نام رکھنا بہتر ہوگا۔ </p><p style=""text-align:justify;"">معجم الرائد میں ہے :</p><p style=""text-align:justify;""><span class=""ar_writing"">""معراج  - جمع، معاريج - (اسم) 1- معراج : ما عرج به النبي صلى الله عليه وسلم ليلة الإسراء 2- معراج : سلم ومصعد 3- معراج : مكان يصعد إليه"". </span>فقط واللہ اعلم</p></p><hr class=""big-hr""/>",29-01-2020,144106200106,banuri.edu.pk,حقوق و آدابِ معاشرت,حقوق,اولاد کے حقوق,"<div class=""col-md-12 sawal-jawab""><h3 class=""question_heading"">سوال</h3><p><p style=""text-align:justify;"">’’کاشید معراج‘‘  نام کے معنی کیا ہیں؟</p></p><h4 class=""question_heading"">جواب</h4><p><p style=""text-align:justify;"">تلاش کے باوجود ’’ کاشید‘‘  کا معنی عربی، اردو، فارسی  کسی زبان کی لغت میں نہ مل سکا، لہذا یہ نام نا رکھیں، تا وقتیکہ معنی معلوم ہو جائے۔</p><p style=""text-align:justify;"">معراج کا مطلب سیڑھی کے ہیں، مجازاً  بلندی کے معنی میں بھی مستعمل ہے،  معراج نام رکھنے  کی اجازت ہے، تاہم  معراج الدین نام رکھنا بہتر ہوگا۔ </p><p style=""text-align:justify;"">معجم الرائد میں ہے :</p><p style=""text-align:justify;""><span class=""ar_writing"">""معراج  - جمع، معاريج - (اسم) 1- معراج : ما عرج به النبي صلى الله عليه وسلم ليلة الإسراء 2- معراج : سلم ومصعد 3- معراج : مكان يصعد إليه"". </span>فقط واللہ اعلم</p></p><hr class=""big-hr""/><div class=""col-sm-6 col-md-6""><p class=""question_heading"" style=""color:#73161f"">فتویٰ نمبر : <a id=""fatwa_number"">144106200106</a></p></div><div class=""col-sm-6 col-md-6""><p style=""color:#73161f"">دارالافتاء :
                                جامعہ علوم اسلامیہ علامہ محمد یوسف بنوری ٹاؤن</p></div><hr class=""big-hr""/><div class=""col-sm-4 col-md-4""><div class=""tag""><a href=""https://www.banuri.edu.pk/questions/kitab/huqooq-muashret""><i class=""icon-docs-bold""></i> حقوق و آدابِ معاشرت</a></div></div><div class=""col-sm-4 col-md-4""><div class=""tag""><a href=""https://www.banuri.edu.pk/questions/bab/bahmi-huqooq""><i class=""icon-docs-bold""></i> حقوق</a></div></div><div class=""col-sm-4 col-md-4""><div class=""tag""><a href=""https://www.banuri.edu.pk/questions/fasal/olad-ky-hoqoq""><i class=""icon-docs-bold""></i> اولاد کے حقوق</a></div></div></div>"
https://www.banuri.edu.pk/readquestion/کرایہ-پر-پر-چڑھانے-نیت-سے-ترکہ-کی-رقم-سے-دوکان-لی-زکاة-کا-حکم-کیا-ہوگا-144106200340/04-02-2020,کرایہ پر پر چڑھانے کی نیت سے ترکہ کی رقم سے دوکان لی، زکاة کا حکم کیا ہوگا؟,"<p><p style=""text-align:justify;"">میرے والد کو وراثت میں پندرہ (۱۵) لاکھ روپے ملے تھے تو ہم نے ان پیسوں میں اور پیسے ملاکر اپنا گھر خریدنے کا ارادہ کیا مگر ہم کو گھر نہ مل سکا تو ہم نے اس کی جگہ ایک دکان قسطوں  پر لے لی جو ہمیں شعبان کے مہینے میں دینے کا کہہ رہا ہے بلڈر، اب اس دوکان کے پیسوں میں میری والدہ اور بیوی کے زیور کے  پیسے بھی شامل ہیں اور میں نے اپنے آفس سے بھی قرض لے کر  لگایا اور ہمارا  یہ ارادہ ہے کہ ہم اس دوکان کو کچھ وقت تک کرائے پر دے کر اپنے گھر کا کرایہ ادا کریں گے اور جب اچھے پیسے ملیں گے تو ہم اس کو فروخت کر کے ان شاءاللہ تعالیٰ اپنا گھر لیں گے،  تو مجھے یہ معلوم کرنا ہے کہ کیا اس دوکان پر زکاۃ ہو گی یا نہیں؟ اور اگر ہوگی تو کس طریقہ سے نکالی جائے گی؟</p></p>","<p><p style=""text-align:justify;"">صورتِ مسئولہ میں جب دوکان کی خریداری کے وقت کرایہ پر چڑھانے کی نیت ہے تو  اس دکان کی ویلیو پر زکاۃ واجب نہ ہوگی، کرایہ حاصل ہونے کے بعد اگر مصارف میں خرچ ہوجاتاہے تو اس پر بھی زکاۃ واجب نہیں ہوگی۔ فقط واللہ اعلم</p></p><hr class=""big-hr""/>",04-02-2020,144106200340,banuri.edu.pk,زکات,زکوٰۃ / صدقات,وجوب زکوٰۃ کی تفصیل,"<div class=""col-md-12 sawal-jawab""><h3 class=""question_heading"">سوال</h3><p><p style=""text-align:justify;"">میرے والد کو وراثت میں پندرہ (۱۵) لاکھ روپے ملے تھے تو ہم نے ان پیسوں میں اور پیسے ملاکر اپنا گھر خریدنے کا ارادہ کیا مگر ہم کو گھر نہ مل سکا تو ہم نے اس کی جگہ ایک دکان قسطوں  پر لے لی جو ہمیں شعبان کے مہینے میں دینے کا کہہ رہا ہے بلڈر، اب اس دوکان کے پیسوں میں میری والدہ اور بیوی کے زیور کے  پیسے بھی شامل ہیں اور میں نے اپنے آفس سے بھی قرض لے کر  لگایا اور ہمارا  یہ ارادہ ہے کہ ہم اس دوکان کو کچھ وقت تک کرائے پر دے کر اپنے گھر کا کرایہ ادا کریں گے اور جب اچھے پیسے ملیں گے تو ہم اس کو فروخت کر کے ان شاءاللہ تعالیٰ اپنا گھر لیں گے،  تو مجھے یہ معلوم کرنا ہے کہ کیا اس دوکان پر زکاۃ ہو گی یا نہیں؟ اور اگر ہوگی تو کس طریقہ سے نکالی جائے گی؟</p></p><h4 class=""question_heading"">جواب</h4><p><p style=""text-align:justify;"">صورتِ مسئولہ میں جب دوکان کی خریداری کے وقت کرایہ پر چڑھانے کی نیت ہے تو  اس دکان کی ویلیو پر زکاۃ واجب نہ ہوگی، کرایہ حاصل ہونے کے بعد اگر مصارف میں خرچ ہوجاتاہے تو اس پر بھی زکاۃ واجب نہیں ہوگی۔ فقط واللہ اعلم</p></p><hr class=""big-hr""/><div class=""col-sm-6 col-md-6""><p class=""question_heading"" style=""color:#73161f"">فتویٰ نمبر : <a id=""fatwa_number"">144106200340</a></p></div><div class=""col-sm-6 col-md-6""><p style=""color:#73161f"">دارالافتاء :
                                جامعہ علوم اسلامیہ علامہ محمد یوسف بنوری ٹاؤن</p></div><hr class=""big-hr""/><div class=""col-sm-4 col-md-4""><div class=""tag""><a href=""https://www.banuri.edu.pk/questions/kitab/zakat""><i class=""icon-docs-bold""></i> زکات</a></div></div><div class=""col-sm-4 col-md-4""><div class=""tag""><a href=""https://www.banuri.edu.pk/questions/bab/zakat-sadaqat""><i class=""icon-docs-bold""></i> زکوٰۃ / صدقات</a></div></div><div class=""col-sm-4 col-md-4""><div class=""tag""><a href=""https://www.banuri.edu.pk/questions/fasal/wujob-e-zakat-ki-tafseel""><i class=""icon-docs-bold""></i> وجوب زکوٰۃ کی تفصیل</a></div></div></div>"
https://www.banuri.edu.pk/readquestion/عدن-رشائل-نام-رکھنے-کا-حکم-144106200334/04-02-2020,’’عدن رشائل‘‘ نام رکھنے کا حکم,"<p><p style=""text-align:justify;"">بچی کے لیے ’’عدن رشائل‘‘  نام رکھنا کیسا ہے؟ سُنا ہے فرشتے کا نام ہے.</p></p>","<p><p style=""text-align:justify;"">’’عدن‘‘  کا معنیٰ ہے ٹھہرنا، کسی جگہ وقت گزارنا، اور ’’رشائل‘‘ ایک بے معنیٰ لفظ ہے، فرشتے کا یہ نام ہونا ہمیں کسی کتاب میں نہیں ملا، مذکورہ نام رکھنے کے بجائے بچی کا نام صحابیات  رضی اللہ عنہن کے ناموں میں سے کسی کے نام پر نام رکھ لیجیے، مثلاً: عائشہ، فاطمہ، کلثوم، رقیہ، حبیبہ، حفصہ، جویریہ، مریم، عفیفہ وغیرہ ۔</p><p style=""text-align:justify;""><span class=""ar_writing"">تاج العروس من جواهر القاموس (35/ 381):<br/>
"" ( عدن ( عَدَنَ بالبَلَدِ يَعْدِنُ ويَعْدُنُ ) ، مِن حَدَّيْ ضَرَبَ ونَصَرَ ، ( عَدْناً وعُدُوناً : أَقَامَ"".</span></p><p style=""text-align:justify;""><span class=""ar_writing"">النهاية في غريب الأثر (3/ 420، بترقيم الشاملة آليا):<br/>
"" والعَدْن : الإقامة . والمَعْدِن : مَرْكز كُلِّ شيء"". </span>فقط واللہ اعلم</p></p><hr class=""big-hr""/>",04-02-2020,144106200334,banuri.edu.pk,حقوق و آدابِ معاشرت,حقوق,اولاد کے حقوق,"<div class=""col-md-12 sawal-jawab""><h3 class=""question_heading"">سوال</h3><p><p style=""text-align:justify;"">بچی کے لیے ’’عدن رشائل‘‘  نام رکھنا کیسا ہے؟ سُنا ہے فرشتے کا نام ہے.</p></p><h4 class=""question_heading"">جواب</h4><p><p style=""text-align:justify;"">’’عدن‘‘  کا معنیٰ ہے ٹھہرنا، کسی جگہ وقت گزارنا، اور ’’رشائل‘‘ ایک بے معنیٰ لفظ ہے، فرشتے کا یہ نام ہونا ہمیں کسی کتاب میں نہیں ملا، مذکورہ نام رکھنے کے بجائے بچی کا نام صحابیات  رضی اللہ عنہن کے ناموں میں سے کسی کے نام پر نام رکھ لیجیے، مثلاً: عائشہ، فاطمہ، کلثوم، رقیہ، حبیبہ، حفصہ، جویریہ، مریم، عفیفہ وغیرہ ۔</p><p style=""text-align:justify;""><span class=""ar_writing"">تاج العروس من جواهر القاموس (35/ 381):<br/>
"" ( عدن ( عَدَنَ بالبَلَدِ يَعْدِنُ ويَعْدُنُ ) ، مِن حَدَّيْ ضَرَبَ ونَصَرَ ، ( عَدْناً وعُدُوناً : أَقَامَ"".</span></p><p style=""text-align:justify;""><span class=""ar_writing"">النهاية في غريب الأثر (3/ 420، بترقيم الشاملة آليا):<br/>
"" والعَدْن : الإقامة . والمَعْدِن : مَرْكز كُلِّ شيء"". </span>فقط واللہ اعلم</p></p><hr class=""big-hr""/><div class=""col-sm-6 col-md-6""><p class=""question_heading"" style=""color:#73161f"">فتویٰ نمبر : <a id=""fatwa_number"">144106200334</a></p></div><div class=""col-sm-6 col-md-6""><p style=""color:#73161f"">دارالافتاء :
                                جامعہ علوم اسلامیہ علامہ محمد یوسف بنوری ٹاؤن</p></div><hr class=""big-hr""/><div class=""col-sm-4 col-md-4""><div class=""tag""><a href=""https://www.banuri.edu.pk/questions/kitab/huqooq-muashret""><i class=""icon-docs-bold""></i> حقوق و آدابِ معاشرت</a></div></div><div class=""col-sm-4 col-md-4""><div class=""tag""><a href=""https://www.banuri.edu.pk/questions/bab/bahmi-huqooq""><i class=""icon-docs-bold""></i> حقوق</a></div></div><div class=""col-sm-4 col-md-4""><div class=""tag""><a href=""https://www.banuri.edu.pk/questions/fasal/olad-ky-hoqoq""><i class=""icon-docs-bold""></i> اولاد کے حقوق</a></div></div></div>"
https://www.banuri.edu.pk/readquestion/مروجہ-پرائز-بانڈ-کی-خریدوفروخت-اور-اس-پر-ملنے-والے-انعام-کا-حکم-144106200472/07-02-2020,مروجہ پرائز بانڈ کی خریدوفروخت اور اس پر ملنے والے انعام کا حکم,"<p><p style=""text-align:justify;"">مروجہ پرائز بانڈ کی خرید و فروخت کا کیا حکم ہے؟ نیز اس کے انعام میں ملنے والی رقم کا کیا حکم ہے؟</p></p>","<p><p style=""text-align:justify;"">پرائز بانڈ کی خرید وفروخت اور اس پر ملنے والا انعام ناجائزا ور حرام ہے،  اس میں سود اور جوا پایا جاتا ہے۔</p><p style=""text-align:justify;"">پرائز بانڈز میں سود کا وجود تو بالکل ظاہر ہے؛  کیوں کہ سود کی حقیقت یہ  ہے کہ مال کا مال کے بدلے معاملہ کرتے وقت ایک طرف ایسی زیادتی مشروط ہو جس کے مقابلے میں دوسری طرف کچھ نہ ہو ،بعینہ یہی حقیقت بانڈز کے انعام میں بھی موجود ہے، کیوں کہ ہر آدمی مقررہ رقم دے کر پرائزبانڈز اس لیے حاصل کرتا ہے کہ اس سے قرعہ اندازی میں نام آنے پر اپنی رقم کے علاوہ  زیادہ رقم مل جائے، اور یہ زائد اور اضافی رقم سود ہے، کیوں کہ شر یعت میں ایک جنس کی رقم  کاتبادلہ اگر  آپس میں  کیا جائے تو برابری کے ساتھ لین دین کرنا ضروری ہوتا ہے، کمی بیشی کے ساتھ لین دین کرنا سود ہے، اسی طرح سود کی ایک اور حقیقت جو قرآنِ کریم کے نازل ہونے سے پہلے بھی سمجھی جاتی تھی  وہ یہ تھی کہ قرض دے کر اس پر نفع لیاجائے، سود کی یہ تعریف ایک حدیث میں ان الفاظ کے ساتھ آئی ہے <span class=""ar_writing"">”کل قرض جر منفعةً فهو ربوا“ </span>یعنی ہر وہ قرض جو نفع کمائے وہ سود ہے،  لہٰذا اس سے ثابت ہوا کہ جو زیادتی قرض کی وجہ سے حاصل ہوئی ہو وہ بھی سود میں داخل ہے، اور سود کی یہ حقیقت بانڈز کے انعام پر بھی صادق آتی ہے، کیوں کہ بانڈز  کی حیثیت قرض کی ہوتی ہے، حکومت اس قرضہ کو استعمال میں لاتی ہے اور قرضہ کے عوض لوگوں سے ایک مقررہ مقدار میں انعام کا وعدہ کرتی ہے اور پھر قرعہ اندازی کے ذریعے انعامی رقم  کے نام سے سود کی رقم لوگوں میں تقسیم کردی جاتی ہے، جو ناجائز اور حرام ہے۔</p><p style=""text-align:justify;"">اسی طرح پرائزبانڈ ز  میں جوا بھی شامل ہے، ’’جو ا‘‘ جسے عربی زبان میں’’قمار‘‘ کہا جاتا ہے در حقیقت ہر وہ معاملہ ہے جس میں’’مخاطرہ ہو‘‘، یعنی قمار کی حقیقت یہ ہے کہ ایسا معاملہ کیا جائے جو نفع ونقصان کے خطرے کی بنیاد  پرہو، اورپرائز بانڈز کے حصہ داران زائد رقم وصول کرنے کی غرض سے رقم جمع کراتے ہیں، لیکن معاملہ قرعہ اندازی اور اس میں نام آنے پر مشروط ہونے کی وجہ سے یہ لوگ خطرے میں رہتے ہیں کہ زائد رقم ملے گی  یانہیں، اس سے واضح ہوا کہ  پرائز بانڈز جوئے اور سود کا مجموعہ ہے، لہذا پرائز بانڈ ز کی خریدوفروخت کرنا اور اس سے ملنے والا انعام حاصل کرنا شریعت کی رو سے  ناجائز اور حرام ہے۔</p><p style=""text-align:justify;""><strong>قرآنِ کریم میں ہے:</strong></p><p style=""text-align:justify;""><span class=""ar_writing"">﴿يَا أَيُّهَا الَّذِينَ آمَنُوا إِنَّمَا الْخَمْرُ وَالْمَيْسِرُ وَالْأَنْصَابُ وَالْأَزْلَامُ رِجْسٌ مِنْ عَمَل الشَّيْطَانِ فَاجْتَنِبُوهُ لَعَلَّكُمْ تُفْلِحُون﴾ [المائدة: 90]</span></p><p style=""text-align:justify;""><strong>      شرح معانی الآثار میں ہے:</strong></p><p style=""text-align:justify;""><span class=""ar_writing"">""عن عمرو بن يثربي، قال: خطبنا رسول الله صلى الله عليه وسلم فقال: «لايحل لامرئ من مال أخيه شيء إلا بطيب نفس منه»"". </span>(2/313، کتاب الکراھۃ، ط: حقانیہ)</p><p style=""text-align:justify;""><strong>حدیث مبارکہ میں ہے:</strong></p><p style=""text-align:justify;"">""<span class=""ar_writing"">عن جابر، قال: «لعن رسول الله صلى الله عليه وسلم آكل الربا، ومؤكله، وكاتبه، وشاهديه». وقال: «هم سواء»"". </span> (الصحیح لمسلم، 3/1219، باب لعن آكل الربا ومؤكله، ط: دار إحیاء التراث ، بیروت. مشکاة المصابیح،  باب الربوا، ص: 243، قدیمی)</p><p style=""text-align:justify;""><strong>الجامع الصغیر میں ہے:</strong>           </p><p style=""text-align:justify;""><span class=""ar_writing"">""كل قرض جرّ منفعةً فهو ربا"". </span>(الجامع الصغیر للسیوطی، ص:395، برقم :9728، ط: دارالکتب العلمیہ، بیروت)</p><p style=""text-align:justify;""><strong>      فتاوی عالمگیری میں ہے:</strong></p><p style=""text-align:justify;""><span class=""ar_writing"">""وهو في الشرع عبارة عن فضل مال لا يقابله عوض في معاوضة مال بمال""</span>.(3/ 117، کتاب البیوع، الباب التاسع فیما یجوز بیعہ وما لا یجوز، الفصل السادس فی تفسیر الربوٰ واحکامہ، ط: رشدیہ)</p><p style=""text-align:justify;"">      <strong>مصنف ابن ابی شیبہ میں ہے:</strong></p><p style=""text-align:justify;"">""<span class=""ar_writing"">عن ابن سیرین قال: کل شيء فیه قمار فهو من المیسر"".</span>(4/483، کتاب البیوع  والاقضیہ، ط؛ مکتبہ رشد، ریاض)</p><p style=""text-align:justify;""><strong>أحکام القرآن  میں ہے:</strong></p><p style=""text-align:justify;""><span class=""ar_writing"">""ولا خلاف بين أهل العلم في تحريم القمار وأن المخاطرة من القمار، قال ابن عباس: إن المخاطرة قمار، وإن أهل الجاهلية كانوا يخاطرون على المال، والزوجة، وقد كان ذلك مباحاً إلى أن ورد تحريمه"".</span>      (احکام القرآن للجصاص، 1/ 398،  باب تحریم المیسر، سورۃ البقرۃ، ط: دار الکتب العلمیۃ بیروت - لبنان)</p><p style=""text-align:justify;""><strong>فتاوی شامی میں ہے:</strong></p><p style=""text-align:justify;""><span class=""ar_writing"">""(قوله: لأنه يصير قماراً)؛ لأن القمار من القمر الذي يزداد تارةً وينقص أخرى، وسمي القمار قماراً؛ لأن كل واحد من المقامرين ممن يجوز أن يذهب ماله إلى صاحبه، ويجوز أن يستفيد مال صاحبه وهو حرام بالنص"".</span>  (6 / 403، کتاب الحظر والاباحۃ، ط ؛ سعید) فقط واللہ اعلم</p></p><hr class=""big-hr""/>",07-02-2020,144106200472,banuri.edu.pk,معاملات,سود / بینکاری / انشورنس / شیئرز,متفرقات سود,"<div class=""col-md-12 sawal-jawab""><h3 class=""question_heading"">سوال</h3><p><p style=""text-align:justify;"">مروجہ پرائز بانڈ کی خرید و فروخت کا کیا حکم ہے؟ نیز اس کے انعام میں ملنے والی رقم کا کیا حکم ہے؟</p></p><h4 class=""question_heading"">جواب</h4><p><p style=""text-align:justify;"">پرائز بانڈ کی خرید وفروخت اور اس پر ملنے والا انعام ناجائزا ور حرام ہے،  اس میں سود اور جوا پایا جاتا ہے۔</p><p style=""text-align:justify;"">پرائز بانڈز میں سود کا وجود تو بالکل ظاہر ہے؛  کیوں کہ سود کی حقیقت یہ  ہے کہ مال کا مال کے بدلے معاملہ کرتے وقت ایک طرف ایسی زیادتی مشروط ہو جس کے مقابلے میں دوسری طرف کچھ نہ ہو ،بعینہ یہی حقیقت بانڈز کے انعام میں بھی موجود ہے، کیوں کہ ہر آدمی مقررہ رقم دے کر پرائزبانڈز اس لیے حاصل کرتا ہے کہ اس سے قرعہ اندازی میں نام آنے پر اپنی رقم کے علاوہ  زیادہ رقم مل جائے، اور یہ زائد اور اضافی رقم سود ہے، کیوں کہ شر یعت میں ایک جنس کی رقم  کاتبادلہ اگر  آپس میں  کیا جائے تو برابری کے ساتھ لین دین کرنا ضروری ہوتا ہے، کمی بیشی کے ساتھ لین دین کرنا سود ہے، اسی طرح سود کی ایک اور حقیقت جو قرآنِ کریم کے نازل ہونے سے پہلے بھی سمجھی جاتی تھی  وہ یہ تھی کہ قرض دے کر اس پر نفع لیاجائے، سود کی یہ تعریف ایک حدیث میں ان الفاظ کے ساتھ آئی ہے <span class=""ar_writing"">”کل قرض جر منفعةً فهو ربوا“ </span>یعنی ہر وہ قرض جو نفع کمائے وہ سود ہے،  لہٰذا اس سے ثابت ہوا کہ جو زیادتی قرض کی وجہ سے حاصل ہوئی ہو وہ بھی سود میں داخل ہے، اور سود کی یہ حقیقت بانڈز کے انعام پر بھی صادق آتی ہے، کیوں کہ بانڈز  کی حیثیت قرض کی ہوتی ہے، حکومت اس قرضہ کو استعمال میں لاتی ہے اور قرضہ کے عوض لوگوں سے ایک مقررہ مقدار میں انعام کا وعدہ کرتی ہے اور پھر قرعہ اندازی کے ذریعے انعامی رقم  کے نام سے سود کی رقم لوگوں میں تقسیم کردی جاتی ہے، جو ناجائز اور حرام ہے۔</p><p style=""text-align:justify;"">اسی طرح پرائزبانڈ ز  میں جوا بھی شامل ہے، ’’جو ا‘‘ جسے عربی زبان میں’’قمار‘‘ کہا جاتا ہے در حقیقت ہر وہ معاملہ ہے جس میں’’مخاطرہ ہو‘‘، یعنی قمار کی حقیقت یہ ہے کہ ایسا معاملہ کیا جائے جو نفع ونقصان کے خطرے کی بنیاد  پرہو، اورپرائز بانڈز کے حصہ داران زائد رقم وصول کرنے کی غرض سے رقم جمع کراتے ہیں، لیکن معاملہ قرعہ اندازی اور اس میں نام آنے پر مشروط ہونے کی وجہ سے یہ لوگ خطرے میں رہتے ہیں کہ زائد رقم ملے گی  یانہیں، اس سے واضح ہوا کہ  پرائز بانڈز جوئے اور سود کا مجموعہ ہے، لہذا پرائز بانڈ ز کی خریدوفروخت کرنا اور اس سے ملنے والا انعام حاصل کرنا شریعت کی رو سے  ناجائز اور حرام ہے۔</p><p style=""text-align:justify;""><strong>قرآنِ کریم میں ہے:</strong></p><p style=""text-align:justify;""><span class=""ar_writing"">﴿يَا أَيُّهَا الَّذِينَ آمَنُوا إِنَّمَا الْخَمْرُ وَالْمَيْسِرُ وَالْأَنْصَابُ وَالْأَزْلَامُ رِجْسٌ مِنْ عَمَل الشَّيْطَانِ فَاجْتَنِبُوهُ لَعَلَّكُمْ تُفْلِحُون﴾ [المائدة: 90]</span></p><p style=""text-align:justify;""><strong>      شرح معانی الآثار میں ہے:</strong></p><p style=""text-align:justify;""><span class=""ar_writing"">""عن عمرو بن يثربي، قال: خطبنا رسول الله صلى الله عليه وسلم فقال: «لايحل لامرئ من مال أخيه شيء إلا بطيب نفس منه»"". </span>(2/313، کتاب الکراھۃ، ط: حقانیہ)</p><p style=""text-align:justify;""><strong>حدیث مبارکہ میں ہے:</strong></p><p style=""text-align:justify;"">""<span class=""ar_writing"">عن جابر، قال: «لعن رسول الله صلى الله عليه وسلم آكل الربا، ومؤكله، وكاتبه، وشاهديه». وقال: «هم سواء»"". </span> (الصحیح لمسلم، 3/1219، باب لعن آكل الربا ومؤكله، ط: دار إحیاء التراث ، بیروت. مشکاة المصابیح،  باب الربوا، ص: 243، قدیمی)</p><p style=""text-align:justify;""><strong>الجامع الصغیر میں ہے:</strong>           </p><p style=""text-align:justify;""><span class=""ar_writing"">""كل قرض جرّ منفعةً فهو ربا"". </span>(الجامع الصغیر للسیوطی، ص:395، برقم :9728، ط: دارالکتب العلمیہ، بیروت)</p><p style=""text-align:justify;""><strong>      فتاوی عالمگیری میں ہے:</strong></p><p style=""text-align:justify;""><span class=""ar_writing"">""وهو في الشرع عبارة عن فضل مال لا يقابله عوض في معاوضة مال بمال""</span>.(3/ 117، کتاب البیوع، الباب التاسع فیما یجوز بیعہ وما لا یجوز، الفصل السادس فی تفسیر الربوٰ واحکامہ، ط: رشدیہ)</p><p style=""text-align:justify;"">      <strong>مصنف ابن ابی شیبہ میں ہے:</strong></p><p style=""text-align:justify;"">""<span class=""ar_writing"">عن ابن سیرین قال: کل شيء فیه قمار فهو من المیسر"".</span>(4/483، کتاب البیوع  والاقضیہ، ط؛ مکتبہ رشد، ریاض)</p><p style=""text-align:justify;""><strong>أحکام القرآن  میں ہے:</strong></p><p style=""text-align:justify;""><span class=""ar_writing"">""ولا خلاف بين أهل العلم في تحريم القمار وأن المخاطرة من القمار، قال ابن عباس: إن المخاطرة قمار، وإن أهل الجاهلية كانوا يخاطرون على المال، والزوجة، وقد كان ذلك مباحاً إلى أن ورد تحريمه"".</span>      (احکام القرآن للجصاص، 1/ 398،  باب تحریم المیسر، سورۃ البقرۃ، ط: دار الکتب العلمیۃ بیروت - لبنان)</p><p style=""text-align:justify;""><strong>فتاوی شامی میں ہے:</strong></p><p style=""text-align:justify;""><span class=""ar_writing"">""(قوله: لأنه يصير قماراً)؛ لأن القمار من القمر الذي يزداد تارةً وينقص أخرى، وسمي القمار قماراً؛ لأن كل واحد من المقامرين ممن يجوز أن يذهب ماله إلى صاحبه، ويجوز أن يستفيد مال صاحبه وهو حرام بالنص"".</span>  (6 / 403، کتاب الحظر والاباحۃ، ط ؛ سعید) فقط واللہ اعلم</p></p><hr class=""big-hr""/><div class=""col-sm-6 col-md-6""><p class=""question_heading"" style=""color:#73161f"">فتویٰ نمبر : <a id=""fatwa_number"">144106200472</a></p></div><div class=""col-sm-6 col-md-6""><p style=""color:#73161f"">دارالافتاء :
                                جامعہ علوم اسلامیہ علامہ محمد یوسف بنوری ٹاؤن</p></div><hr class=""big-hr""/><div class=""col-sm-4 col-md-4""><div class=""tag""><a href=""https://www.banuri.edu.pk/questions/kitab/muamlat""><i class=""icon-docs-bold""></i> معاملات</a></div></div><div class=""col-sm-4 col-md-4""><div class=""tag""><a href=""https://www.banuri.edu.pk/questions/bab/sood-bankari-insurance-shares""><i class=""icon-docs-bold""></i> سود / بینکاری / انشورنس / شیئرز</a></div></div><div class=""col-sm-4 col-md-4""><div class=""tag""><a href=""https://www.banuri.edu.pk/questions/fasal/mutafarriqat-e-sood""><i class=""icon-docs-bold""></i> متفرقات سود</a></div></div></div>"
https://www.banuri.edu.pk/readquestion/بہنوئی-کا-سالی-کے-رشتہ-میں-روکاوٹ-بننا-144106200341/04-02-2020,بہنوئی کا سالی کے رشتہ میں روکاوٹ بننا,"<p><p style=""text-align:justify;"">میری بڑی بہن کی گیارہ سال قبل شادی ہوئی ہے،  ان کی کوئی اولاد نہیں، مسئلہ میرے بہنوئی میں ہے، وہ ہم سب کے سگے بھائی جیسے تھے،  امی پاپا انہیں سگا بیٹا مانتے ہیں، مگر وہ ہم سب کو دھوکا دے رہے ہیں،  اور یہ کوئی نہیں جانتا ہے کہ وہ میری دوسرے نمبر والی بہن کو پسند کرنے لگے ہیں، اور پیار بھرے میسجز کرتے ہیں، اور جب اس نے ان کو منع کر دیا ہے تو وہ ایکسٹریم ڈپریشن میں چلے گئے ہیں۔</p><p style=""text-align:justify;"">میری مذکورہ بہن کا جو بھی رشتہ آتا ہے، اس میں  میری امی کو ہزار نقص نکال کر بتا دیتے ہیں، اور میری بہن کو بلیک میل کرتے ہیں کہ اگر تم نے ہاں کی تو میں زہر کھا لوں گا،  اور کسی کو بھی بتایا تو میں زہر کھالوں گا۔</p><p style=""text-align:justify;"">اب میری یہ بہن بڑی بہن کا گھر بچانے کے لیے ہر رشتہ منع کر دیتی تھی، اور ہم سب اسے غلط سمجھتے تھے،  ڈیڑھ  سال بعد جا کر اس نے مجھے یہ بات بتائی ہے، اب ہم کیا کریں؟ ہمیں کچھ سمجھ نہیں آ رہا ہے کہ اگر ہم سب کو یہ بتاتے ہیں تو بڑی بہن کا گھر برباد ہو جائے گا،  اور میرے والدین تو یہ برداشت نہیں کرپائیں گے، پاپا دل کے مریض ہیں ، اور بد نامی الگ ہوگی۔</p><p style=""text-align:justify;"">ہر دفعہ رشتہ ہوتے ہوتے میری بہن کی بات ختم ہوجاتی تھی،  سب یہی کہتے کہ بندش کرائی ہوئی ہے، مگر بہنوئی ہی اس کے ذمہ دار ہیں، یہ کسی کو نہیں معلوم تھا،  برائے کرم بتائیں ہم دونوں بہنیں کیا کریں؟ میں بھی شادی شدہ ہوں، میرا  ایک بیٹا بھی ہے۔</p><p style=""text-align:justify;"">ہم چپ رہتے ہیں تو  وہ بہنوئی سب کو دھوکا دیتے رہیں گے، اور میری بہن کی شادی نہیں ہوسکے گی،  اور بتا دیا تو  میری بڑی بہن کا گھر ٹوٹ جائے گا،  اور میرے ماں باپ کی بدنامی ہوگی، کیوں کہ بہنوئی کہتے ہیں کہ زہر کھا لوں گا۔</p></p>","<p><p style=""text-align:justify;"">صورتِ مسئولہ میں آپ کی مذکورہ بہن کو  چاہیے کہ وہ مذکورہ بہنوئی سے رابطہ منقطع کردے، اور ان سے پردہ کرنے کا اہتمام کرے، میسجز پر بالکل بات نہ کرے، اور اب جو بہتر رشتہ آئے، اس پر ہاں کہہ دے، رشتہ میں بالکل تاخیر نہ کرے، اور  زہر کھانے اور سب کو بتانے کی دھمکی کی بھی پرواہ نہ کرے اور وہ چلتے پھرتے  درج ذیل دعاؤں کا اہتمام رکھیں، ان شاء اللہ العزیز وہ شخص کچھ نہیں کرسکے گا:</p><p style=""text-align:justify;""><span class=""ar_writing"">1- ""اَللّٰهُمَّ خِرْلِيْ وَ اخْتَرْلِيْ"". </span></p><p style=""text-align:justify;""><span class=""ar_writing"">2- ""اَللّٰهُمَّ إِنَّا نَجْعَلُكَ فِي نُحُوْرِهِمْ وَ نَعُوْذُبِكَ مِنْ شُرُوْرِهِمْ"". </span> فقط واللہ اعلم</p></p><hr class=""big-hr""/>",04-02-2020,144106200341,banuri.edu.pk,نکاح,محرمات و غیر محرمات,نسبی محرمات,"<div class=""col-md-12 sawal-jawab""><h3 class=""question_heading"">سوال</h3><p><p style=""text-align:justify;"">میری بڑی بہن کی گیارہ سال قبل شادی ہوئی ہے،  ان کی کوئی اولاد نہیں، مسئلہ میرے بہنوئی میں ہے، وہ ہم سب کے سگے بھائی جیسے تھے،  امی پاپا انہیں سگا بیٹا مانتے ہیں، مگر وہ ہم سب کو دھوکا دے رہے ہیں،  اور یہ کوئی نہیں جانتا ہے کہ وہ میری دوسرے نمبر والی بہن کو پسند کرنے لگے ہیں، اور پیار بھرے میسجز کرتے ہیں، اور جب اس نے ان کو منع کر دیا ہے تو وہ ایکسٹریم ڈپریشن میں چلے گئے ہیں۔</p><p style=""text-align:justify;"">میری مذکورہ بہن کا جو بھی رشتہ آتا ہے، اس میں  میری امی کو ہزار نقص نکال کر بتا دیتے ہیں، اور میری بہن کو بلیک میل کرتے ہیں کہ اگر تم نے ہاں کی تو میں زہر کھا لوں گا،  اور کسی کو بھی بتایا تو میں زہر کھالوں گا۔</p><p style=""text-align:justify;"">اب میری یہ بہن بڑی بہن کا گھر بچانے کے لیے ہر رشتہ منع کر دیتی تھی، اور ہم سب اسے غلط سمجھتے تھے،  ڈیڑھ  سال بعد جا کر اس نے مجھے یہ بات بتائی ہے، اب ہم کیا کریں؟ ہمیں کچھ سمجھ نہیں آ رہا ہے کہ اگر ہم سب کو یہ بتاتے ہیں تو بڑی بہن کا گھر برباد ہو جائے گا،  اور میرے والدین تو یہ برداشت نہیں کرپائیں گے، پاپا دل کے مریض ہیں ، اور بد نامی الگ ہوگی۔</p><p style=""text-align:justify;"">ہر دفعہ رشتہ ہوتے ہوتے میری بہن کی بات ختم ہوجاتی تھی،  سب یہی کہتے کہ بندش کرائی ہوئی ہے، مگر بہنوئی ہی اس کے ذمہ دار ہیں، یہ کسی کو نہیں معلوم تھا،  برائے کرم بتائیں ہم دونوں بہنیں کیا کریں؟ میں بھی شادی شدہ ہوں، میرا  ایک بیٹا بھی ہے۔</p><p style=""text-align:justify;"">ہم چپ رہتے ہیں تو  وہ بہنوئی سب کو دھوکا دیتے رہیں گے، اور میری بہن کی شادی نہیں ہوسکے گی،  اور بتا دیا تو  میری بڑی بہن کا گھر ٹوٹ جائے گا،  اور میرے ماں باپ کی بدنامی ہوگی، کیوں کہ بہنوئی کہتے ہیں کہ زہر کھا لوں گا۔</p></p><h4 class=""question_heading"">جواب</h4><p><p style=""text-align:justify;"">صورتِ مسئولہ میں آپ کی مذکورہ بہن کو  چاہیے کہ وہ مذکورہ بہنوئی سے رابطہ منقطع کردے، اور ان سے پردہ کرنے کا اہتمام کرے، میسجز پر بالکل بات نہ کرے، اور اب جو بہتر رشتہ آئے، اس پر ہاں کہہ دے، رشتہ میں بالکل تاخیر نہ کرے، اور  زہر کھانے اور سب کو بتانے کی دھمکی کی بھی پرواہ نہ کرے اور وہ چلتے پھرتے  درج ذیل دعاؤں کا اہتمام رکھیں، ان شاء اللہ العزیز وہ شخص کچھ نہیں کرسکے گا:</p><p style=""text-align:justify;""><span class=""ar_writing"">1- ""اَللّٰهُمَّ خِرْلِيْ وَ اخْتَرْلِيْ"". </span></p><p style=""text-align:justify;""><span class=""ar_writing"">2- ""اَللّٰهُمَّ إِنَّا نَجْعَلُكَ فِي نُحُوْرِهِمْ وَ نَعُوْذُبِكَ مِنْ شُرُوْرِهِمْ"". </span> فقط واللہ اعلم</p></p><hr class=""big-hr""/><div class=""col-sm-6 col-md-6""><p class=""question_heading"" style=""color:#73161f"">فتویٰ نمبر : <a id=""fatwa_number"">144106200341</a></p></div><div class=""col-sm-6 col-md-6""><p style=""color:#73161f"">دارالافتاء :
                                جامعہ علوم اسلامیہ علامہ محمد یوسف بنوری ٹاؤن</p></div><hr class=""big-hr""/><div class=""col-sm-4 col-md-4""><div class=""tag""><a href=""https://www.banuri.edu.pk/questions/kitab/nikah""><i class=""icon-docs-bold""></i> نکاح</a></div></div><div class=""col-sm-4 col-md-4""><div class=""tag""><a href=""https://www.banuri.edu.pk/questions/bab/muharramat-o-gher-muharramat""><i class=""icon-docs-bold""></i> محرمات و غیر محرمات</a></div></div><div class=""col-sm-4 col-md-4""><div class=""tag""><a href=""https://www.banuri.edu.pk/questions/fasal/muharramat""><i class=""icon-docs-bold""></i> نسبی محرمات</a></div></div></div>"
https://www.banuri.edu.pk/readquestion/کرسی-پر-بیٹھے-ہوئے-شخص-کے-برابر-میں-زمین-پر-بیٹھ-کر-تلاوت-کرنے-کا-حکم-144106200410/06-02-2020,کرسی پر بیٹھے ہوئے شخص کے برابر میں زمین پر بیٹھ کر تلاوت کرنے کا حکم,"<p><p style=""text-align:justify;"">مسجد میں بیماری کی وجہ سے کرسی پر بیٹھنے والے شخص کے سامنے نیچے بیٹھ کر تلاوت کر نا کیسا ہے؟</p></p>","<p><p style=""text-align:justify;"">اگر کوئی شخص پہلے سے کرسی پر بیٹھ کر نماز یا تلاوت میں مشغول ہو تو دوسرے شخص کو اس کے بالکل برابر میں آکر زمین پر بیٹھ کر تلاوت نہیں کرنی چاہیے، بلکہ کچھ فاصلہ سے بیٹھنا چاہیے، لیکن اگر کوئی شخص نادانی میں آکر اس کے برابر میں زمین پر بیٹھ کر تلاوت کرنے لگے تو اگر کرسی والے شخص کو کوئی عذر مانع نہ ہو تو اسے چاہیے کہ وہ بھی قرآنِ کریم کے ادب میں نیچے اتر  آئے۔</p><p style=""text-align:justify;""> یہ ساری تفصیل اس صورت میں ہے جب کہ زمین پر بیٹھ کر قرآن پڑھنے  والا قرآن کا نسخہ ہاتھ میں لے کر تلاوت کر رہا ہو، لیکن اگر  زمین پر بیٹھ کر تلاوت کرنے والا مصحف  کے بغیر زبانی تلاوت کر رہا ہو اور دوسرا شخص کرسی پر بیٹھاہو تو اس میں شرعاً  کوئی حرج نہیں ہے۔ فقط واللہ اعلم</p></p><hr class=""big-hr""/>",06-02-2020,144106200410,banuri.edu.pk,علوم و فنون,متعلقات قرآن کریم,تلاوت کے احکام اور آداب,"<div class=""col-md-12 sawal-jawab""><h3 class=""question_heading"">سوال</h3><p><p style=""text-align:justify;"">مسجد میں بیماری کی وجہ سے کرسی پر بیٹھنے والے شخص کے سامنے نیچے بیٹھ کر تلاوت کر نا کیسا ہے؟</p></p><h4 class=""question_heading"">جواب</h4><p><p style=""text-align:justify;"">اگر کوئی شخص پہلے سے کرسی پر بیٹھ کر نماز یا تلاوت میں مشغول ہو تو دوسرے شخص کو اس کے بالکل برابر میں آکر زمین پر بیٹھ کر تلاوت نہیں کرنی چاہیے، بلکہ کچھ فاصلہ سے بیٹھنا چاہیے، لیکن اگر کوئی شخص نادانی میں آکر اس کے برابر میں زمین پر بیٹھ کر تلاوت کرنے لگے تو اگر کرسی والے شخص کو کوئی عذر مانع نہ ہو تو اسے چاہیے کہ وہ بھی قرآنِ کریم کے ادب میں نیچے اتر  آئے۔</p><p style=""text-align:justify;""> یہ ساری تفصیل اس صورت میں ہے جب کہ زمین پر بیٹھ کر قرآن پڑھنے  والا قرآن کا نسخہ ہاتھ میں لے کر تلاوت کر رہا ہو، لیکن اگر  زمین پر بیٹھ کر تلاوت کرنے والا مصحف  کے بغیر زبانی تلاوت کر رہا ہو اور دوسرا شخص کرسی پر بیٹھاہو تو اس میں شرعاً  کوئی حرج نہیں ہے۔ فقط واللہ اعلم</p></p><hr class=""big-hr""/><div class=""col-sm-6 col-md-6""><p class=""question_heading"" style=""color:#73161f"">فتویٰ نمبر : <a id=""fatwa_number"">144106200410</a></p></div><div class=""col-sm-6 col-md-6""><p style=""color:#73161f"">دارالافتاء :
                                جامعہ علوم اسلامیہ علامہ محمد یوسف بنوری ٹاؤن</p></div><hr class=""big-hr""/><div class=""col-sm-4 col-md-4""><div class=""tag""><a href=""https://www.banuri.edu.pk/questions/kitab/uloom-funoon""><i class=""icon-docs-bold""></i> علوم و فنون</a></div></div><div class=""col-sm-4 col-md-4""><div class=""tag""><a href=""https://www.banuri.edu.pk/questions/bab/quran-kareem""><i class=""icon-docs-bold""></i> متعلقات قرآن کریم</a></div></div><div class=""col-sm-4 col-md-4""><div class=""tag""><a href=""https://www.banuri.edu.pk/questions/fasal/tilawat-k-ahkaam-aur-aadab""><i class=""icon-docs-bold""></i> تلاوت کے احکام اور آداب</a></div></div></div>"
https://www.banuri.edu.pk/readquestion/مرحومہ-کے-بھتیجوں-کیلئے-میراث-144106200426/06-02-2020,مرحومہ کے بھتیجوں کے لیے میراث,"<p><p style=""text-align:justify;"">ایک عورت کا انتقال ہوا اور اس کے اصول اور فروع میں کوئی نہیں ہیں، نا ہی اس کا شوہر اور اولاد ہے۔ نہ ہی اس کی بہن ہے۔ اب وراثت تو بھائی کی طرف جائے گی۔ پوچھنا یہ تھا کہ جو اس کے بھائی اس کے انتقال سے پہلے انتقال کر گئے (ان کی اولاد کو)اس عورت کی وراثت سے کچھ ملے گا؟</p></p>","<p><p style=""text-align:justify;"">بصورتِ مسئولہ اگر مرحومہ کی وفات کے وقت اس کا کوئی بھائی زندہ ہو تو جو بھائی مرحومہ  سے پہلے انتقال کرگئے ان کا یا ان کی اولاد کا مرحومہ کی وراثت میں سے کچھ حصہ نہیں ہوگا۔</p><p style=""text-align:justify;""><span class=""ar_writing"">""ثم العصبات بأنفسهم أربعة أصناف: جزء الميت ثم أصله ثم جزء أبيه ثم جزء جده (ويقدم الأقرب فالأقرب منهم) بهذا الترتيب فيقدم جزء الميت (كالابن ثم ابنه وإن سفل"". (فتاوی شامی، ۶/۷۷۴، سعید)</span></p><p style=""text-align:justify;""><span class=""ar_writing"">""وللإرث شروط ثلاثة … ثانيها: تحقق حياة الوارث بعد موت المورث"". (الموسوعة الفقهية الکویتية ، 3 / 22، دار السلاسل) </span>فقط واللہ اعلم</p></p><hr class=""big-hr""/>",06-02-2020,144106200426,banuri.edu.pk,معاملات,وراثت / وصیت,ورثاء اور ان کے حصص,"<div class=""col-md-12 sawal-jawab""><h3 class=""question_heading"">سوال</h3><p><p style=""text-align:justify;"">ایک عورت کا انتقال ہوا اور اس کے اصول اور فروع میں کوئی نہیں ہیں، نا ہی اس کا شوہر اور اولاد ہے۔ نہ ہی اس کی بہن ہے۔ اب وراثت تو بھائی کی طرف جائے گی۔ پوچھنا یہ تھا کہ جو اس کے بھائی اس کے انتقال سے پہلے انتقال کر گئے (ان کی اولاد کو)اس عورت کی وراثت سے کچھ ملے گا؟</p></p><h4 class=""question_heading"">جواب</h4><p><p style=""text-align:justify;"">بصورتِ مسئولہ اگر مرحومہ کی وفات کے وقت اس کا کوئی بھائی زندہ ہو تو جو بھائی مرحومہ  سے پہلے انتقال کرگئے ان کا یا ان کی اولاد کا مرحومہ کی وراثت میں سے کچھ حصہ نہیں ہوگا۔</p><p style=""text-align:justify;""><span class=""ar_writing"">""ثم العصبات بأنفسهم أربعة أصناف: جزء الميت ثم أصله ثم جزء أبيه ثم جزء جده (ويقدم الأقرب فالأقرب منهم) بهذا الترتيب فيقدم جزء الميت (كالابن ثم ابنه وإن سفل"". (فتاوی شامی، ۶/۷۷۴، سعید)</span></p><p style=""text-align:justify;""><span class=""ar_writing"">""وللإرث شروط ثلاثة … ثانيها: تحقق حياة الوارث بعد موت المورث"". (الموسوعة الفقهية الکویتية ، 3 / 22، دار السلاسل) </span>فقط واللہ اعلم</p></p><hr class=""big-hr""/><div class=""col-sm-6 col-md-6""><p class=""question_heading"" style=""color:#73161f"">فتویٰ نمبر : <a id=""fatwa_number"">144106200426</a></p></div><div class=""col-sm-6 col-md-6""><p style=""color:#73161f"">دارالافتاء :
                                جامعہ علوم اسلامیہ علامہ محمد یوسف بنوری ٹاؤن</p></div><hr class=""big-hr""/><div class=""col-sm-4 col-md-4""><div class=""tag""><a href=""https://www.banuri.edu.pk/questions/kitab/muamlat""><i class=""icon-docs-bold""></i> معاملات</a></div></div><div class=""col-sm-4 col-md-4""><div class=""tag""><a href=""https://www.banuri.edu.pk/questions/bab/wirasat-wasyat""><i class=""icon-docs-bold""></i> وراثت / وصیت</a></div></div><div class=""col-sm-4 col-md-4""><div class=""tag""><a href=""https://www.banuri.edu.pk/questions/fasal/wurasa-or-un-k-hisas""><i class=""icon-docs-bold""></i> ورثاء اور ان کے حصص</a></div></div></div>"
https://www.banuri.edu.pk/readquestion/وظائف-کی-اجازت-144106200491/08-02-2020,وظائف کی اجازت,"<p><p style=""text-align:justify;"">دم کرنے والے بہت سارے حضرات چاہے قرآنی آیات ہی دم کریں،  کہتے ہیں کہ استاد کی طرف سے یہ بتانے کی اجازت نہیں کہ کیا پڑھتے ہیں۔ کیا ایسا کرنا ٹھیک ہے؟</p></p>","<p><p style=""text-align:justify;"">بعض وظائف  آگے بتانے اور کسی اور کو اس کی اجازت دینے کے لیے ایک متعین نصاب مکمل کرنا مجربات میں سے ہے، اس کی تکمیل سے قبل عاملین کو ان کے استاذ کی جانب سے اجازت نہیں دی جاتی، جس کی پاس داری کا انہیں پابند کیا جاتا ہے، اسی طرح بعض اوقات اجازت کے لیے کچھ شرائط ہوتی ہیں، مجاز شخص کسی کے اندر وہ اہلیت یا شرائط نہیں پاتا اس وجہ سے وہ اجازت نہیں دے رہاہوتا، بہرحال یہ عمل مجربات میں سے ہے، جس کی شرعاً گنجائش ہے۔ فقط واللہ اعلم</p></p><hr class=""big-hr""/>",08-02-2020,144106200491,banuri.edu.pk,حظر و اباحت,تعویذات / عملیات,تعویذ ، دم درود کی حقیقت و احکام,"<div class=""col-md-12 sawal-jawab""><h3 class=""question_heading"">سوال</h3><p><p style=""text-align:justify;"">دم کرنے والے بہت سارے حضرات چاہے قرآنی آیات ہی دم کریں،  کہتے ہیں کہ استاد کی طرف سے یہ بتانے کی اجازت نہیں کہ کیا پڑھتے ہیں۔ کیا ایسا کرنا ٹھیک ہے؟</p></p><h4 class=""question_heading"">جواب</h4><p><p style=""text-align:justify;"">بعض وظائف  آگے بتانے اور کسی اور کو اس کی اجازت دینے کے لیے ایک متعین نصاب مکمل کرنا مجربات میں سے ہے، اس کی تکمیل سے قبل عاملین کو ان کے استاذ کی جانب سے اجازت نہیں دی جاتی، جس کی پاس داری کا انہیں پابند کیا جاتا ہے، اسی طرح بعض اوقات اجازت کے لیے کچھ شرائط ہوتی ہیں، مجاز شخص کسی کے اندر وہ اہلیت یا شرائط نہیں پاتا اس وجہ سے وہ اجازت نہیں دے رہاہوتا، بہرحال یہ عمل مجربات میں سے ہے، جس کی شرعاً گنجائش ہے۔ فقط واللہ اعلم</p></p><hr class=""big-hr""/><div class=""col-sm-6 col-md-6""><p class=""question_heading"" style=""color:#73161f"">فتویٰ نمبر : <a id=""fatwa_number"">144106200491</a></p></div><div class=""col-sm-6 col-md-6""><p style=""color:#73161f"">دارالافتاء :
                                جامعہ علوم اسلامیہ علامہ محمد یوسف بنوری ٹاؤن</p></div><hr class=""big-hr""/><div class=""col-sm-4 col-md-4""><div class=""tag""><a href=""https://www.banuri.edu.pk/questions/kitab/mamnooaat-mubahat""><i class=""icon-docs-bold""></i> حظر و اباحت</a></div></div><div class=""col-sm-4 col-md-4""><div class=""tag""><a href=""https://www.banuri.edu.pk/questions/bab/taweezat-amlyat""><i class=""icon-docs-bold""></i> تعویذات / عملیات</a></div></div><div class=""col-sm-4 col-md-4""><div class=""tag""><a href=""https://www.banuri.edu.pk/questions/fasal/taveez-dam-durood-ki-haqiqat-o-ahkam""><i class=""icon-docs-bold""></i> تعویذ ، دم درود کی حقیقت و احکام</a></div></div></div>"
https://www.banuri.edu.pk/readquestion/علماء-وصلحاء-کی-زیارت-اور-ان-کی-دعائیں-حاصل-کرنے-کی-نیت-سے-سفر-کرنا-144106200359/05-02-2020,علماء وصلحاء کی  زیارت اور ان کی دعائیں حاصل کرنے کی نیت سے سفر کرنا,"<p><p style=""text-align:justify;"">علماء اور صلحاء کے پاس دعا کے لیے سفر کرنے کی شرعی حیثیت کیا ہے؟ بعض نے اس کو بدعت کہا، کیا یہ صحیح ہے؟</p></p>","<p><p style=""text-align:justify;"">علماء وصلحاء کی زیارت کرنا اور ان کی دعائیں لینا اور اس مقصد کے لیے سفر کرنا جائز اور خیر برکت کا ذریعہ ہے۔</p><p style=""text-align:justify;""> باقی اگر شبہ کی بنیاد یہ حدیث ہو کہ  ” تین مساجد (مسجد حرام، مسجد اقصیٰ، اور مسجد نبوی) کے علاوہ  کے لیے رخت سفر نہ باندھو“  تو اس کا  صحیح مطلب ومعنی میں کئی اقوال بیان کیے جاتے ہیں، ایک یہ ہے کہ   تین مساجد کے علاوہ دیگر مساجد چوں کہ رتبہ میں برابر ہیں؛ اس لیے ان  کے علاوہ دیگر مساجد کو ایک دوسرے پر فوقیت دے کر ان کی طرف سفر کرنے سے منع کیا گیا ہے، اس لیے جب سب رتبہ میں برابر ہیں تو گویا بے فائدہ سفر ہوگا، لہذا  صرف تین مساجد کی طرف ان کی فضیلت حاصل کرنے کے لیے سفر کرنے کی اجازت ہے۔ یعنی مساجد کے علاوہ دیگر اسفار اس حدیث سے مراد نہیں ہیں، کیوں کہ اگر اسے عموم پر محمول کیا جائے تو سفرِ جہاد، یا والدین و اقرباء کی زیارت اور تجارت کی غرض سے سفر بھی خارج ہوجائے گا، جب کہ یہ سب اسفار بلاشبہ جائز، بلکہ بعض مواقع پر ضروری ہوتے ہیں۔ </p><p style=""text-align:justify;"">ایک قول یہ ہے کہ مذکورہ حدیث میں قصر حقیقی نہیں، بلکہ قصرِ اضافی ہے یعنی کسی نے نماز پڑھنے کی نذر مانی اور کہا کہ میں فلاں  فلاں علاقے میں واقع فلاں مسجد میں نماز ادا کروں گا تو اس کے لیے یہ ہے کہ اپنی مسجد میں نماز اداکرے ، سوائے ان تین مساجد کی (مسجد حرام ،مسجد نبوی ا اور مسجد اقصی اور ایک قول کے مطابق صرف پہلی دو میں) کہ اگر کسی نے ان مذکورہ تین مساجد میں سے کسی میں نماز پڑھنے کی منت مانی تو اس پر لازم ہے کہ وہ وہاں جاکر اسی مذکورہ مطلوب نذر مسجد میں نماز ادا کرے ، اس کے بغیر اس کی نذر پوری نہیں ہوگی ،جیسا کہ حافظ ابن حجر نقل فرماتے ہیں:</p><p style=""text-align:justify;""><span class=""ar_writing"">""ومنها: أن النهي مخصوص بمن نذر على نفسه الصلاة في مسجد من سائر المساجد غير الثلاثة، فإنه لايجب الوفاء به قاله بن بطال، وقال الخطابي: اللفظ لفظ الخبر ومعناه الإيجاب فيما ينذره الإنسان من الصلاة في البقاع التي يتبرك بها أي لايلزم الوفاء بشيء من ذلك غير هذه المساجد الثلاثة. ومنها: أن المراد حكم المساجد فقط، وأنه لاتشد الرحال إلى مسجد من المساجد للصلاة فيه غير هذه الثلاثة، وأما قصد غير المساجد لزيارة صالح أو قريب أو صاحب أو طلب علم أو تجارة أو نزهة فلايدخل في النهي، ويؤيده ما روى أحمد من طريق شهر بن حوشب قال: سمعت أبا سعيد وذكرت عنده الصلاة في الطور، فقال: قال رسول الله صلى الله عليه وسلم: لاينبغي للمصلي أن يشد رحاله إلى مسجد تبتغى فيه الصلاة غير المسجد الحرام والمسجد الأقصى ومسجدي، وشهر حسن الحديث وإن كان فيه بعض الضعف"". (فتح الباري لابن حجر (3/ 65)</span></p><p style=""text-align:justify;"">بلکہ بزرگوں کے انتقال کے بعد ان کی قبور کی زیارت کے لیے بھی سفر کرنا منع نہیں ہے، جیساکہ امام غزالی رحمہ اللہ  فرماتے ہیں :</p><p style=""text-align:justify;"">’’ثواب کی نیت سے سفر کرنے کی جملہ اقسام  میں انبیاءِ کرام کی قبورِ مبارکہ کی زیارت کے لیے اور صحابہ کرام ، تابعین اور تمام علماءِ کرام اور اولیاءِ عظام اور ہر اس شخص کی قبر کی زیارت کے لیے جس کی حیات میں اس کے مشاہدے  سے تبرک حاصل کیا جاتا تھا اب اس کی وفات کے بعد اس کی قبر کی زیارت سے برکت حاصل کرنے کے سفر کرنا یہ سب اس میں داخل ہے، اور اس غرض کے لیے سفر کرنا جائز ہے، اور آپ ﷺ کے اس قول کہ” تین مساجد (مسجد حرام، مسجد اقصیٰ، اور مسجد نبوی) کے علاوہ  کے لیے رخت سفر نہ باندھو“ کی ممانعت میں یہ داخل نہیں ہے، اس لیے کہ یہ دیگر مساجد کے بارے میں ہے، اس لیے کہ ان تین مساجد کے علاوہ دیگر تمام مساجد رتبہ میں برابر ہیں،  اور انبیاء ، اولیاء اور علماء کی قبر کی زیارت کے لیے سفر نفسِ فضیلت میں برابر ہے، اگرچہ  اللہ کے یہاں ان کے درجات مختلف ہونے کی وجہ سے اس کے درجات میں بہت بڑا فرق ہے۔انتھی<br/><span class=""ar_writing"">إحياء علوم الدين (2/ 247):<br/>
""ويدخل في جملته زيارة قبور الأنبياء عليهم السلام وزيارة قبور الصحابة والتابعين وسائر العلماء والأولياء وكل من يتبرك بمشاهدته في حياته يتبرك بزيارته بعد وفاته ويجوز شد الرحال لهذا الغرض ولايمنع من هذا قوله صلى الله عليه وسلم: لاتشد الرحال إلا إلى ثلاثة مساجد مسجدي هذا والمسجد الحرام والمسجد الأقصى؛ لأن ذلك في المساجد فإنها متماثلة بعد هذه المساجد وإلا فلا فرق بين زيارة قبور الأنبياء والأولياء والعلماء في أصل الفضل وإن كان يتفاوت في الدرجات تفاوتًا عظيمًا بحسب اختلاف درجاتهم عند الله"".</span></p><p style=""text-align:justify;"">لہذا جو علماء وصلحاء حیات ہیں ان کی زیارت  اور ان سے فیض حاصل کرنے لیے سفر کرنا بلاشبہ جائز ہے۔فقط واللہ اعلم</p></p><hr class=""big-hr""/>",05-02-2020,144106200359,banuri.edu.pk,ایمان و عقائد,اسلامی عقائد,اولیاء اور ان کی کرامات,"<div class=""col-md-12 sawal-jawab""><h3 class=""question_heading"">سوال</h3><p><p style=""text-align:justify;"">علماء اور صلحاء کے پاس دعا کے لیے سفر کرنے کی شرعی حیثیت کیا ہے؟ بعض نے اس کو بدعت کہا، کیا یہ صحیح ہے؟</p></p><h4 class=""question_heading"">جواب</h4><p><p style=""text-align:justify;"">علماء وصلحاء کی زیارت کرنا اور ان کی دعائیں لینا اور اس مقصد کے لیے سفر کرنا جائز اور خیر برکت کا ذریعہ ہے۔</p><p style=""text-align:justify;""> باقی اگر شبہ کی بنیاد یہ حدیث ہو کہ  ” تین مساجد (مسجد حرام، مسجد اقصیٰ، اور مسجد نبوی) کے علاوہ  کے لیے رخت سفر نہ باندھو“  تو اس کا  صحیح مطلب ومعنی میں کئی اقوال بیان کیے جاتے ہیں، ایک یہ ہے کہ   تین مساجد کے علاوہ دیگر مساجد چوں کہ رتبہ میں برابر ہیں؛ اس لیے ان  کے علاوہ دیگر مساجد کو ایک دوسرے پر فوقیت دے کر ان کی طرف سفر کرنے سے منع کیا گیا ہے، اس لیے جب سب رتبہ میں برابر ہیں تو گویا بے فائدہ سفر ہوگا، لہذا  صرف تین مساجد کی طرف ان کی فضیلت حاصل کرنے کے لیے سفر کرنے کی اجازت ہے۔ یعنی مساجد کے علاوہ دیگر اسفار اس حدیث سے مراد نہیں ہیں، کیوں کہ اگر اسے عموم پر محمول کیا جائے تو سفرِ جہاد، یا والدین و اقرباء کی زیارت اور تجارت کی غرض سے سفر بھی خارج ہوجائے گا، جب کہ یہ سب اسفار بلاشبہ جائز، بلکہ بعض مواقع پر ضروری ہوتے ہیں۔ </p><p style=""text-align:justify;"">ایک قول یہ ہے کہ مذکورہ حدیث میں قصر حقیقی نہیں، بلکہ قصرِ اضافی ہے یعنی کسی نے نماز پڑھنے کی نذر مانی اور کہا کہ میں فلاں  فلاں علاقے میں واقع فلاں مسجد میں نماز ادا کروں گا تو اس کے لیے یہ ہے کہ اپنی مسجد میں نماز اداکرے ، سوائے ان تین مساجد کی (مسجد حرام ،مسجد نبوی ا اور مسجد اقصی اور ایک قول کے مطابق صرف پہلی دو میں) کہ اگر کسی نے ان مذکورہ تین مساجد میں سے کسی میں نماز پڑھنے کی منت مانی تو اس پر لازم ہے کہ وہ وہاں جاکر اسی مذکورہ مطلوب نذر مسجد میں نماز ادا کرے ، اس کے بغیر اس کی نذر پوری نہیں ہوگی ،جیسا کہ حافظ ابن حجر نقل فرماتے ہیں:</p><p style=""text-align:justify;""><span class=""ar_writing"">""ومنها: أن النهي مخصوص بمن نذر على نفسه الصلاة في مسجد من سائر المساجد غير الثلاثة، فإنه لايجب الوفاء به قاله بن بطال، وقال الخطابي: اللفظ لفظ الخبر ومعناه الإيجاب فيما ينذره الإنسان من الصلاة في البقاع التي يتبرك بها أي لايلزم الوفاء بشيء من ذلك غير هذه المساجد الثلاثة. ومنها: أن المراد حكم المساجد فقط، وأنه لاتشد الرحال إلى مسجد من المساجد للصلاة فيه غير هذه الثلاثة، وأما قصد غير المساجد لزيارة صالح أو قريب أو صاحب أو طلب علم أو تجارة أو نزهة فلايدخل في النهي، ويؤيده ما روى أحمد من طريق شهر بن حوشب قال: سمعت أبا سعيد وذكرت عنده الصلاة في الطور، فقال: قال رسول الله صلى الله عليه وسلم: لاينبغي للمصلي أن يشد رحاله إلى مسجد تبتغى فيه الصلاة غير المسجد الحرام والمسجد الأقصى ومسجدي، وشهر حسن الحديث وإن كان فيه بعض الضعف"". (فتح الباري لابن حجر (3/ 65)</span></p><p style=""text-align:justify;"">بلکہ بزرگوں کے انتقال کے بعد ان کی قبور کی زیارت کے لیے بھی سفر کرنا منع نہیں ہے، جیساکہ امام غزالی رحمہ اللہ  فرماتے ہیں :</p><p style=""text-align:justify;"">’’ثواب کی نیت سے سفر کرنے کی جملہ اقسام  میں انبیاءِ کرام کی قبورِ مبارکہ کی زیارت کے لیے اور صحابہ کرام ، تابعین اور تمام علماءِ کرام اور اولیاءِ عظام اور ہر اس شخص کی قبر کی زیارت کے لیے جس کی حیات میں اس کے مشاہدے  سے تبرک حاصل کیا جاتا تھا اب اس کی وفات کے بعد اس کی قبر کی زیارت سے برکت حاصل کرنے کے سفر کرنا یہ سب اس میں داخل ہے، اور اس غرض کے لیے سفر کرنا جائز ہے، اور آپ ﷺ کے اس قول کہ” تین مساجد (مسجد حرام، مسجد اقصیٰ، اور مسجد نبوی) کے علاوہ  کے لیے رخت سفر نہ باندھو“ کی ممانعت میں یہ داخل نہیں ہے، اس لیے کہ یہ دیگر مساجد کے بارے میں ہے، اس لیے کہ ان تین مساجد کے علاوہ دیگر تمام مساجد رتبہ میں برابر ہیں،  اور انبیاء ، اولیاء اور علماء کی قبر کی زیارت کے لیے سفر نفسِ فضیلت میں برابر ہے، اگرچہ  اللہ کے یہاں ان کے درجات مختلف ہونے کی وجہ سے اس کے درجات میں بہت بڑا فرق ہے۔انتھی<br/><span class=""ar_writing"">إحياء علوم الدين (2/ 247):<br/>
""ويدخل في جملته زيارة قبور الأنبياء عليهم السلام وزيارة قبور الصحابة والتابعين وسائر العلماء والأولياء وكل من يتبرك بمشاهدته في حياته يتبرك بزيارته بعد وفاته ويجوز شد الرحال لهذا الغرض ولايمنع من هذا قوله صلى الله عليه وسلم: لاتشد الرحال إلا إلى ثلاثة مساجد مسجدي هذا والمسجد الحرام والمسجد الأقصى؛ لأن ذلك في المساجد فإنها متماثلة بعد هذه المساجد وإلا فلا فرق بين زيارة قبور الأنبياء والأولياء والعلماء في أصل الفضل وإن كان يتفاوت في الدرجات تفاوتًا عظيمًا بحسب اختلاف درجاتهم عند الله"".</span></p><p style=""text-align:justify;"">لہذا جو علماء وصلحاء حیات ہیں ان کی زیارت  اور ان سے فیض حاصل کرنے لیے سفر کرنا بلاشبہ جائز ہے۔فقط واللہ اعلم</p></p><hr class=""big-hr""/><div class=""col-sm-6 col-md-6""><p class=""question_heading"" style=""color:#73161f"">فتویٰ نمبر : <a id=""fatwa_number"">144106200359</a></p></div><div class=""col-sm-6 col-md-6""><p style=""color:#73161f"">دارالافتاء :
                                جامعہ علوم اسلامیہ علامہ محمد یوسف بنوری ٹاؤن</p></div><hr class=""big-hr""/><div class=""col-sm-4 col-md-4""><div class=""tag""><a href=""https://www.banuri.edu.pk/questions/kitab/aqaed""><i class=""icon-docs-bold""></i> ایمان و عقائد</a></div></div><div class=""col-sm-4 col-md-4""><div class=""tag""><a href=""https://www.banuri.edu.pk/questions/bab/islami-aqaed""><i class=""icon-docs-bold""></i> اسلامی عقائد</a></div></div><div class=""col-sm-4 col-md-4""><div class=""tag""><a href=""https://www.banuri.edu.pk/questions/fasal/awlia-or-un-ki-karamaat""><i class=""icon-docs-bold""></i> اولیاء اور ان کی کرامات</a></div></div></div>"
https://www.banuri.edu.pk/readquestion/جنابت-کی-حالت-میں-تلاوت-و-ذکر-اذکار-کا-حکم-144106200425/06-02-2020,جنابت کی حالت میں تلاوت و ذکر اذکار کا حکم,"<p><p style=""text-align:justify;"">اگر  غسل فرض ہوجائے تو جنابت کی حالت میں  وضو کر کے موبائل فون پر قرآن پڑھ سکتے ہیں اور کیا زبان سے ذکر اللہ کر سکتے ہیں؟</p></p>","<p><p style=""text-align:justify;"">جنابت کی حالت میں جب تک غسل نہ کرلیا جائے تلاوتِ کلام مجید ( قرآن مجید سے، یا موبائل سے یا زبانی)  کرنے اجازت نہیں، قرآنِ مجید کے علاوہ ذکر و اَذکار کی اجازت ہے۔ فقط واللہ اعلم</p></p><hr class=""big-hr""/>",06-02-2020,144106200425,banuri.edu.pk,طہارت,حیض، نفاس، استحاضہ,جنابت ، حیض اور نفاس کے احکام,"<div class=""col-md-12 sawal-jawab""><h3 class=""question_heading"">سوال</h3><p><p style=""text-align:justify;"">اگر  غسل فرض ہوجائے تو جنابت کی حالت میں  وضو کر کے موبائل فون پر قرآن پڑھ سکتے ہیں اور کیا زبان سے ذکر اللہ کر سکتے ہیں؟</p></p><h4 class=""question_heading"">جواب</h4><p><p style=""text-align:justify;"">جنابت کی حالت میں جب تک غسل نہ کرلیا جائے تلاوتِ کلام مجید ( قرآن مجید سے، یا موبائل سے یا زبانی)  کرنے اجازت نہیں، قرآنِ مجید کے علاوہ ذکر و اَذکار کی اجازت ہے۔ فقط واللہ اعلم</p></p><hr class=""big-hr""/><div class=""col-sm-6 col-md-6""><p class=""question_heading"" style=""color:#73161f"">فتویٰ نمبر : <a id=""fatwa_number"">144106200425</a></p></div><div class=""col-sm-6 col-md-6""><p style=""color:#73161f"">دارالافتاء :
                                جامعہ علوم اسلامیہ علامہ محمد یوسف بنوری ٹاؤن</p></div><hr class=""big-hr""/><div class=""col-sm-4 col-md-4""><div class=""tag""><a href=""https://www.banuri.edu.pk/questions/kitab/taharat""><i class=""icon-docs-bold""></i> طہارت</a></div></div><div class=""col-sm-4 col-md-4""><div class=""tag""><a href=""https://www.banuri.edu.pk/questions/bab/hayz-nifas-istihaza""><i class=""icon-docs-bold""></i> حیض، نفاس، استحاضہ</a></div></div><div class=""col-sm-4 col-md-4""><div class=""tag""><a href=""https://www.banuri.edu.pk/questions/fasal/janabat-hayz-or-nifas-k-ahkam""><i class=""icon-docs-bold""></i> جنابت ، حیض اور نفاس کے احکام</a></div></div></div>"
https://www.banuri.edu.pk/readquestion/زکوۃ-کی-ادائیگی-میں-تاخیر-کا-حکم-144106200409/06-02-2020,زکاۃ کی ادائیگی میں تاخیر کا حکم,"<p><p style=""text-align:justify;"">زکاۃ کی ادائیگی ایک سال لیٹ ہو جائے تو کیا حکم ہے؟</p></p>","<p><p style=""text-align:justify;"">جس قدر زکاۃ واجب تھی پہلے اتنی ہی زکاۃ ادا کرے، یا اسے جدا کرکے اتنی مقدار نئے  سال کی زکاۃ کا حساب کرتے ہوئے منہا کرلے، یعنی موجودہ سال پورا ہونے پر جتنا مال موجود ہو، اس میں سے سابقہ سال واجب ہونے والی زکاۃ کی مقدار نکال کر زکاۃ کا حساب کرے، اور جتنا جلدی ہوسکے زکاۃ کی ذمہ داری سے سبک دوش ہوجائے۔</p><p style=""text-align:justify;""><span class=""ar_writing"">بدائع الصنائع في ترتيب الشرائع (2/ 3):<br/>
"" وَذَكَرَ الْجَصَّاصُ أَنَّهَا عَلَى التَّرَاخِي، وَاسْتَدَلَّ بِمَنْ عَلَيْهِ الزَّكَاةُ إذَا هَلَكَ نِصَابُهُ بَعْدَ تَمَامِ الْحَوْلِ وَالتَّمَكُّنِ مِنْ الْأَدَاءِ أَنَّهُ لَا يَضْمَنُ، وَلَوْ كَانَتْ وَاجِبَةً عَلَى الْفَوْرِ لَضَمِنَ، كَمَنْ أَخَّرَ صَوْمَ شَهْرِ رَمَضَانَ عَنْ وَقْتِهِ أَنَّهُ يَجِبُ عَلَيْهِ الْقَضَاءُ"".</span></p><p style=""text-align:justify;""><span class=""ar_writing"">العناية شرح الهداية (2/ 156)<br/>
"" وَرَوَى هِشَامٌ عَنْ أَبِي يُوسُفَ أَنَّهُ لَا يَأْثَمُ بِتَأْخِيرِ الزَّكَاةِ وَيَأْثَمُ بِتَأْخِيرِ الْحَجِّ؛ لِأَنَّ الزَّكَاةَ غَيْرُ مُؤَقَّتَةٍ، أَمَّا الْحَجُّ فَهُوَ مُؤَقَّتٌ كَالصَّلَاةِ، فَرُبَّمَا لَا يُدْرِكُ الْوَقْتَ فِي الْمُسْتَقْبَلِ، وَمَوْضِعُهُ أُصُولُ الْفِقْهِ"". </span>فقط واللہ اعلم</p></p><hr class=""big-hr""/>",06-02-2020,144106200409,banuri.edu.pk,زکات,زکوٰۃ / صدقات,ادائے زکوٰۃ,"<div class=""col-md-12 sawal-jawab""><h3 class=""question_heading"">سوال</h3><p><p style=""text-align:justify;"">زکاۃ کی ادائیگی ایک سال لیٹ ہو جائے تو کیا حکم ہے؟</p></p><h4 class=""question_heading"">جواب</h4><p><p style=""text-align:justify;"">جس قدر زکاۃ واجب تھی پہلے اتنی ہی زکاۃ ادا کرے، یا اسے جدا کرکے اتنی مقدار نئے  سال کی زکاۃ کا حساب کرتے ہوئے منہا کرلے، یعنی موجودہ سال پورا ہونے پر جتنا مال موجود ہو، اس میں سے سابقہ سال واجب ہونے والی زکاۃ کی مقدار نکال کر زکاۃ کا حساب کرے، اور جتنا جلدی ہوسکے زکاۃ کی ذمہ داری سے سبک دوش ہوجائے۔</p><p style=""text-align:justify;""><span class=""ar_writing"">بدائع الصنائع في ترتيب الشرائع (2/ 3):<br/>
"" وَذَكَرَ الْجَصَّاصُ أَنَّهَا عَلَى التَّرَاخِي، وَاسْتَدَلَّ بِمَنْ عَلَيْهِ الزَّكَاةُ إذَا هَلَكَ نِصَابُهُ بَعْدَ تَمَامِ الْحَوْلِ وَالتَّمَكُّنِ مِنْ الْأَدَاءِ أَنَّهُ لَا يَضْمَنُ، وَلَوْ كَانَتْ وَاجِبَةً عَلَى الْفَوْرِ لَضَمِنَ، كَمَنْ أَخَّرَ صَوْمَ شَهْرِ رَمَضَانَ عَنْ وَقْتِهِ أَنَّهُ يَجِبُ عَلَيْهِ الْقَضَاءُ"".</span></p><p style=""text-align:justify;""><span class=""ar_writing"">العناية شرح الهداية (2/ 156)<br/>
"" وَرَوَى هِشَامٌ عَنْ أَبِي يُوسُفَ أَنَّهُ لَا يَأْثَمُ بِتَأْخِيرِ الزَّكَاةِ وَيَأْثَمُ بِتَأْخِيرِ الْحَجِّ؛ لِأَنَّ الزَّكَاةَ غَيْرُ مُؤَقَّتَةٍ، أَمَّا الْحَجُّ فَهُوَ مُؤَقَّتٌ كَالصَّلَاةِ، فَرُبَّمَا لَا يُدْرِكُ الْوَقْتَ فِي الْمُسْتَقْبَلِ، وَمَوْضِعُهُ أُصُولُ الْفِقْهِ"". </span>فقط واللہ اعلم</p></p><hr class=""big-hr""/><div class=""col-sm-6 col-md-6""><p class=""question_heading"" style=""color:#73161f"">فتویٰ نمبر : <a id=""fatwa_number"">144106200409</a></p></div><div class=""col-sm-6 col-md-6""><p style=""color:#73161f"">دارالافتاء :
                                جامعہ علوم اسلامیہ علامہ محمد یوسف بنوری ٹاؤن</p></div><hr class=""big-hr""/><div class=""col-sm-4 col-md-4""><div class=""tag""><a href=""https://www.banuri.edu.pk/questions/kitab/zakat""><i class=""icon-docs-bold""></i> زکات</a></div></div><div class=""col-sm-4 col-md-4""><div class=""tag""><a href=""https://www.banuri.edu.pk/questions/bab/zakat-sadaqat""><i class=""icon-docs-bold""></i> زکوٰۃ / صدقات</a></div></div><div class=""col-sm-4 col-md-4""><div class=""tag""><a href=""https://www.banuri.edu.pk/questions/fasal/adaye-zakat""><i class=""icon-docs-bold""></i> ادائے زکوٰۃ</a></div></div></div>"
https://www.banuri.edu.pk/readquestion/ایزی-پیسہ-کیش-بیک-144106200415/06-02-2020,ایزی پیسہ کیش بیک,"<p><p style=""text-align:justify;"">ایزی پیسہ میں ہر ایزی لوڈ اور ٹرانزیکشن پر کچھ رقم کیش بیک کی صورت میں دی جاتی ہے،  کیا یہ رقم لینا جائز ہے یا نہیں؟</p></p>","<p><p style=""text-align:justify;"">مذکورہ رقم قرض کے بدلہ میں ملنے والا نفع ہے جو کہ شرعاً سود ہے؛ لہذا یہ رقم لینا اور اس کا استعمال کرنا، دونوں ناجائز اور حرام ہے۔ فقط واللہ اعلم</p><p style=""text-align:justify;"">تفصیل کے لیے جامعہ کا فتوی یہاں ملاحظہ ہو :</p><p style=""text-align:justify;""><a href=""https://www.banuri.edu.pk/readquestion/%D8%A7%DB%8C%D8%B2%DB%8C-%D9%BE%DB%8C%D8%B3%DB%81-%DA%A9%D8%A7-%DA%A9%DB%8C%D8%B4-%D8%A8%DB%8C%DA%A9/12-01-2019"">ایزی پیسہ کیش بیک</a></p></p><hr class=""big-hr""/>",06-02-2020,144106200415,banuri.edu.pk,معاملات,سود / بینکاری / انشورنس / شیئرز,قرض کے احکام,"<div class=""col-md-12 sawal-jawab""><h3 class=""question_heading"">سوال</h3><p><p style=""text-align:justify;"">ایزی پیسہ میں ہر ایزی لوڈ اور ٹرانزیکشن پر کچھ رقم کیش بیک کی صورت میں دی جاتی ہے،  کیا یہ رقم لینا جائز ہے یا نہیں؟</p></p><h4 class=""question_heading"">جواب</h4><p><p style=""text-align:justify;"">مذکورہ رقم قرض کے بدلہ میں ملنے والا نفع ہے جو کہ شرعاً سود ہے؛ لہذا یہ رقم لینا اور اس کا استعمال کرنا، دونوں ناجائز اور حرام ہے۔ فقط واللہ اعلم</p><p style=""text-align:justify;"">تفصیل کے لیے جامعہ کا فتوی یہاں ملاحظہ ہو :</p><p style=""text-align:justify;""><a href=""https://www.banuri.edu.pk/readquestion/%D8%A7%DB%8C%D8%B2%DB%8C-%D9%BE%DB%8C%D8%B3%DB%81-%DA%A9%D8%A7-%DA%A9%DB%8C%D8%B4-%D8%A8%DB%8C%DA%A9/12-01-2019"">ایزی پیسہ کیش بیک</a></p></p><hr class=""big-hr""/><div class=""col-sm-6 col-md-6""><p class=""question_heading"" style=""color:#73161f"">فتویٰ نمبر : <a id=""fatwa_number"">144106200415</a></p></div><div class=""col-sm-6 col-md-6""><p style=""color:#73161f"">دارالافتاء :
                                جامعہ علوم اسلامیہ علامہ محمد یوسف بنوری ٹاؤن</p></div><hr class=""big-hr""/><div class=""col-sm-4 col-md-4""><div class=""tag""><a href=""https://www.banuri.edu.pk/questions/kitab/muamlat""><i class=""icon-docs-bold""></i> معاملات</a></div></div><div class=""col-sm-4 col-md-4""><div class=""tag""><a href=""https://www.banuri.edu.pk/questions/bab/sood-bankari-insurance-shares""><i class=""icon-docs-bold""></i> سود / بینکاری / انشورنس / شیئرز</a></div></div><div class=""col-sm-4 col-md-4""><div class=""tag""><a href=""https://www.banuri.edu.pk/questions/fasal/qarz-k-ahkam""><i class=""icon-docs-bold""></i> قرض کے احکام</a></div></div></div>"
https://www.banuri.edu.pk/readquestion/دو-رکعات-رہ-جائیں-تو-نماز-کیسے-پوری-کریں-144106200405/06-02-2020,دو رکعات رہ جائیں تو نماز کیسے پوری کریں؟,"<p><p style=""text-align:justify;"">اگر کسی شخص سے نماز میں دو رکعات رہ گئی ہوں تو وہ اپنی بقیہ نما زکیسے پوری کرے ؟</p></p>","<p><p style=""text-align:justify;"">جس شخص کی امام سے دو رکعات چھوٹ گئی ہوں تو اسے چاہیے کہ امام کو جس رکن میں پائے تکبیرِ تحریمہ کہہ کر نماز کی جماعت میں شامل ہوجائے، اور تکبیرِ تحریمہ کہنے کے بعد ثناء پڑھنے کی ضرورت نہیں۔ امام کے دونوں سلام پھیرنے کے بعد اپنی بقیہ نماز اس طرح مکمل کرے  کہ مغرب کے علاوہ دیگر نمازوں میں (جس کی دو رکعت جماعت سے رہ گئی ہوں وہ) امام کے سلام کے بعد کھڑے ہوکر پہلے ثناء،  پھر سورۂ فاتحہ، فاتحہ  کے بعد کوئی سورت پڑھ کر رکوع اور سجدہ کرے، پھر قعدہ کے لیے بیٹھے بغیر دوسری رکعت کے لیے کھڑا ہوکر دوسری رکعت میں بھی سورۂ فاتحہ اور اس کے بعد سورت پڑھ کر حسبِ معمول نماز مکمل کرلے۔ </p><p style=""text-align:justify;"">اور اگر مغرب کی نماز میں دو رکعت چھوٹ جائیں تو امام کے سلام کے بعد کھڑے ہوکر پہلی رکعت میں ثناء اور سورۂ فاتحہ اور سورت کی تلاوت کے بعد رکوع و سجدہ کرکے قعدہ میں بیٹھے، (یہ اس کی مجموعی طور پر دوسری رکعت ہوگی، اور اس کا یہ قعدہ ’’قعدۂ اولیٰ‘‘  کہلائے گا) تشہد پڑھتے ہی کھڑے ہوکر تیسری رکعت (جو چھوٹنے والی دوسری رکعت ہوگی) ادا کرے، اس میں بھی سورۂ فاتحہ اور سورت کی تلاوت کرے اور بقیہ نماز حسبِ معمول مکمل کرلے۔ </p><p style=""text-align:justify;""><span class=""ar_writing"">الفتاوى الهندية </span>میں ہے:</p><p style=""text-align:justify;""><span class=""ar_writing"">’’(منها) أنه إذا أدرك الإمام في القراءة في الركعة التي يجهر فيها لايأتي بالثناء، كذا في الخلاصة. هو الصحيح، كذا في التجنيس. وهو الأصح، هكذا في الوجيز للكردري. سواء كان قريباً أو بعيداً أو لايسمع لصممه، هكذا في الخلاصة. فإذا قام إلى قضاء ما سبق يأتي بالثناء ويتعوذ للقراءة، كذا في فتاوى قاضي خان والخلاصة والظهيرية‘‘. (١/ ٩٠)</span></p><p style=""text-align:justify;"">الدر المختارمیں ہے:</p><p style=""text-align:justify;""><span class=""ar_writing"">""ويقضي أول صلاته في حق قراءة، وآخرها في حق تشهد؛ فمدرك ركعة من غير فجر يأتي بركعتين بفاتحة وسورة وتشهد بينهما، وبرابعة الرباعي بفاتحة فقط، ولايقعد قبلها"".</span></p><p style=""text-align:justify;""><span class=""ar_writing"">و في الرد: ""وفي الفيض عن المستصفى: لو أدركه في ركعة الرباعي يقضي ركعتين بفاتحة وسورة، ثم يتشهد، ثم يأتي بالثالثة بفاتحة خاصة عند أبي حنيفة. وقالا: ركعة بفاتحة وسورة وتشهد، ثم ركعتين أولاهما بفاتحة وسورة، وثانيتهما بفاتحة خاصة اهـ. وظاهر كلامهم اعتماد قول محمد"". (1/ 596، ط: سعید ) </span>فقط واللہ اعلم</p></p><hr class=""big-hr""/>",06-02-2020,144106200405,banuri.edu.pk,نماز,نماز کی جماعت,جماعت / امامت,"<div class=""col-md-12 sawal-jawab""><h3 class=""question_heading"">سوال</h3><p><p style=""text-align:justify;"">اگر کسی شخص سے نماز میں دو رکعات رہ گئی ہوں تو وہ اپنی بقیہ نما زکیسے پوری کرے ؟</p></p><h4 class=""question_heading"">جواب</h4><p><p style=""text-align:justify;"">جس شخص کی امام سے دو رکعات چھوٹ گئی ہوں تو اسے چاہیے کہ امام کو جس رکن میں پائے تکبیرِ تحریمہ کہہ کر نماز کی جماعت میں شامل ہوجائے، اور تکبیرِ تحریمہ کہنے کے بعد ثناء پڑھنے کی ضرورت نہیں۔ امام کے دونوں سلام پھیرنے کے بعد اپنی بقیہ نماز اس طرح مکمل کرے  کہ مغرب کے علاوہ دیگر نمازوں میں (جس کی دو رکعت جماعت سے رہ گئی ہوں وہ) امام کے سلام کے بعد کھڑے ہوکر پہلے ثناء،  پھر سورۂ فاتحہ، فاتحہ  کے بعد کوئی سورت پڑھ کر رکوع اور سجدہ کرے، پھر قعدہ کے لیے بیٹھے بغیر دوسری رکعت کے لیے کھڑا ہوکر دوسری رکعت میں بھی سورۂ فاتحہ اور اس کے بعد سورت پڑھ کر حسبِ معمول نماز مکمل کرلے۔ </p><p style=""text-align:justify;"">اور اگر مغرب کی نماز میں دو رکعت چھوٹ جائیں تو امام کے سلام کے بعد کھڑے ہوکر پہلی رکعت میں ثناء اور سورۂ فاتحہ اور سورت کی تلاوت کے بعد رکوع و سجدہ کرکے قعدہ میں بیٹھے، (یہ اس کی مجموعی طور پر دوسری رکعت ہوگی، اور اس کا یہ قعدہ ’’قعدۂ اولیٰ‘‘  کہلائے گا) تشہد پڑھتے ہی کھڑے ہوکر تیسری رکعت (جو چھوٹنے والی دوسری رکعت ہوگی) ادا کرے، اس میں بھی سورۂ فاتحہ اور سورت کی تلاوت کرے اور بقیہ نماز حسبِ معمول مکمل کرلے۔ </p><p style=""text-align:justify;""><span class=""ar_writing"">الفتاوى الهندية </span>میں ہے:</p><p style=""text-align:justify;""><span class=""ar_writing"">’’(منها) أنه إذا أدرك الإمام في القراءة في الركعة التي يجهر فيها لايأتي بالثناء، كذا في الخلاصة. هو الصحيح، كذا في التجنيس. وهو الأصح، هكذا في الوجيز للكردري. سواء كان قريباً أو بعيداً أو لايسمع لصممه، هكذا في الخلاصة. فإذا قام إلى قضاء ما سبق يأتي بالثناء ويتعوذ للقراءة، كذا في فتاوى قاضي خان والخلاصة والظهيرية‘‘. (١/ ٩٠)</span></p><p style=""text-align:justify;"">الدر المختارمیں ہے:</p><p style=""text-align:justify;""><span class=""ar_writing"">""ويقضي أول صلاته في حق قراءة، وآخرها في حق تشهد؛ فمدرك ركعة من غير فجر يأتي بركعتين بفاتحة وسورة وتشهد بينهما، وبرابعة الرباعي بفاتحة فقط، ولايقعد قبلها"".</span></p><p style=""text-align:justify;""><span class=""ar_writing"">و في الرد: ""وفي الفيض عن المستصفى: لو أدركه في ركعة الرباعي يقضي ركعتين بفاتحة وسورة، ثم يتشهد، ثم يأتي بالثالثة بفاتحة خاصة عند أبي حنيفة. وقالا: ركعة بفاتحة وسورة وتشهد، ثم ركعتين أولاهما بفاتحة وسورة، وثانيتهما بفاتحة خاصة اهـ. وظاهر كلامهم اعتماد قول محمد"". (1/ 596، ط: سعید ) </span>فقط واللہ اعلم</p></p><hr class=""big-hr""/><div class=""col-sm-6 col-md-6""><p class=""question_heading"" style=""color:#73161f"">فتویٰ نمبر : <a id=""fatwa_number"">144106200405</a></p></div><div class=""col-sm-6 col-md-6""><p style=""color:#73161f"">دارالافتاء :
                                جامعہ علوم اسلامیہ علامہ محمد یوسف بنوری ٹاؤن</p></div><hr class=""big-hr""/><div class=""col-sm-4 col-md-4""><div class=""tag""><a href=""https://www.banuri.edu.pk/questions/kitab/salat""><i class=""icon-docs-bold""></i> نماز</a></div></div><div class=""col-sm-4 col-md-4""><div class=""tag""><a href=""https://www.banuri.edu.pk/questions/bab/namaz-ki-jamat""><i class=""icon-docs-bold""></i> نماز کی جماعت</a></div></div><div class=""col-sm-4 col-md-4""><div class=""tag""><a href=""https://www.banuri.edu.pk/questions/fasal/jamat-imamat""><i class=""icon-docs-bold""></i> جماعت / امامت</a></div></div></div>"
https://www.banuri.edu.pk/readquestion/بیوہ-۱-بیٹے-اور-دو-بیٹیوں-کے-درمیان-میراث-کی-تقسیم-144106200412/06-02-2020,بیوہ ، 1 بیٹے اور دو بیٹیوں کے درمیان میراث کی تقسیم,"<p><p style=""text-align:justify;"">ایک شخص کا انتقال ہوا ہے، اس کا متروکہ گھر ہے جو 3 کروڑ 20 لاکھ میں فروخت ہوا ہے، اس کے ورثاء میں ایک بیوہ، ایک بیٹا اور دو بیٹیاں ہیں. ان کے درمیان تقسیم کیسے کی جائے؟ واضح رہے کہ میت کے والدین کا میت سے پہلے ہی انتقال ہوچکا ہے.</p></p>","<p><p style=""text-align:justify;"">صورتِ مسئولہ میں مرحوم کے ترکہ کی تقسیم کا شرعی طریقہ کار یہ ہے کہ سب سے پہلے مرحوم کی کل جائیداد منقولہ و غیر منقولہ میں سے مرحوم کے   حقوقِ متقدمہ یعنی تجہیز و تکفین کے اخراجات نکالنے اور اگر مرحوم کے ذمہ کوئی قرضہ (مثلاً بیوی کا مہر وغیرہ) ہو تو قرضہ کی ادائیگی کے بعد، اور اگر مرحوم نے کوئی جائز وصیت کی ہو تو ایک تہائی مال میں سے وصیت کو نافذ کرنے کے بعد باقی کل جائیداد منقولہ و غیر منقولہ  کو 32حصوں میں تقسیم کر کے اس میں سے 4 حصے مرحوم کی بیوہ کو، 14 حصے مرحوم کے بیٹے کو اور 7  حصے مرحوم کی ہر ایک بیٹی کو ملیں گے۔  یعنی تین کروڑ بیس لاکھ میں سے چالیس لاکھ روپے مرحوم کی بیوہ کو، ایک کروڑ چالیس لاکھ روپے مرحوم کے بیٹے کو اور ستر لاکھ روپے مرحوم کی ہر ایک بیٹی کو ملیں گے۔ فقط واللہ اعلم</p></p><hr class=""big-hr""/>",06-02-2020,144106200412,banuri.edu.pk,معاملات,وراثت / وصیت,ورثاء اور ان کے حصص,"<div class=""col-md-12 sawal-jawab""><h3 class=""question_heading"">سوال</h3><p><p style=""text-align:justify;"">ایک شخص کا انتقال ہوا ہے، اس کا متروکہ گھر ہے جو 3 کروڑ 20 لاکھ میں فروخت ہوا ہے، اس کے ورثاء میں ایک بیوہ، ایک بیٹا اور دو بیٹیاں ہیں. ان کے درمیان تقسیم کیسے کی جائے؟ واضح رہے کہ میت کے والدین کا میت سے پہلے ہی انتقال ہوچکا ہے.</p></p><h4 class=""question_heading"">جواب</h4><p><p style=""text-align:justify;"">صورتِ مسئولہ میں مرحوم کے ترکہ کی تقسیم کا شرعی طریقہ کار یہ ہے کہ سب سے پہلے مرحوم کی کل جائیداد منقولہ و غیر منقولہ میں سے مرحوم کے   حقوقِ متقدمہ یعنی تجہیز و تکفین کے اخراجات نکالنے اور اگر مرحوم کے ذمہ کوئی قرضہ (مثلاً بیوی کا مہر وغیرہ) ہو تو قرضہ کی ادائیگی کے بعد، اور اگر مرحوم نے کوئی جائز وصیت کی ہو تو ایک تہائی مال میں سے وصیت کو نافذ کرنے کے بعد باقی کل جائیداد منقولہ و غیر منقولہ  کو 32حصوں میں تقسیم کر کے اس میں سے 4 حصے مرحوم کی بیوہ کو، 14 حصے مرحوم کے بیٹے کو اور 7  حصے مرحوم کی ہر ایک بیٹی کو ملیں گے۔  یعنی تین کروڑ بیس لاکھ میں سے چالیس لاکھ روپے مرحوم کی بیوہ کو، ایک کروڑ چالیس لاکھ روپے مرحوم کے بیٹے کو اور ستر لاکھ روپے مرحوم کی ہر ایک بیٹی کو ملیں گے۔ فقط واللہ اعلم</p></p><hr class=""big-hr""/><div class=""col-sm-6 col-md-6""><p class=""question_heading"" style=""color:#73161f"">فتویٰ نمبر : <a id=""fatwa_number"">144106200412</a></p></div><div class=""col-sm-6 col-md-6""><p style=""color:#73161f"">دارالافتاء :
                                جامعہ علوم اسلامیہ علامہ محمد یوسف بنوری ٹاؤن</p></div><hr class=""big-hr""/><div class=""col-sm-4 col-md-4""><div class=""tag""><a href=""https://www.banuri.edu.pk/questions/kitab/muamlat""><i class=""icon-docs-bold""></i> معاملات</a></div></div><div class=""col-sm-4 col-md-4""><div class=""tag""><a href=""https://www.banuri.edu.pk/questions/bab/wirasat-wasyat""><i class=""icon-docs-bold""></i> وراثت / وصیت</a></div></div><div class=""col-sm-4 col-md-4""><div class=""tag""><a href=""https://www.banuri.edu.pk/questions/fasal/wurasa-or-un-k-hisas""><i class=""icon-docs-bold""></i> ورثاء اور ان کے حصص</a></div></div></div>"
https://www.banuri.edu.pk/readquestion/دو-تولہ-سونا-آٹھ-ماشہ-5-3-رتل-پر-کتنی-زکوۃ-ہے-144106200411/06-02-2020,دو تولہ سونا آٹھ ماشہ 5۔3 رتل پر کتنی زکاۃ ہے؟,"<p><p style=""text-align:justify;"">دو تولہ سونا آٹھ ماشہ 5۔3 رتل پر کتنی زکاۃ ہے؟</p></p>","<p><p style=""text-align:justify;"">اگر کسی کی ملکیت میں سونے کی صرف یہ  ہی مقدار ہو، اس کے علاوہ چاندی، نقدی یا مالِ تجارت کچھ نہ ہو تو اتنی مقدار پر زکاۃ واجب ہی نہیں ہو گی۔</p><p style=""text-align:justify;"">اور اگر سونے کی مذکورہ مقدار جس کی ملکیت میں ہے اس کے پاس اس کے علاوہ چاندی، نقد رقم یا مال تجارت کی اتنی مقدار موجود ہے جس کی مجموعی مالیت ساڑھے باون تولہ چاندی کی قیمت تک پہنچ جاتی ہے تو اس کی مارکیٹ ویلیو معلوم کی جائے، اور اس مجموعی مالیت کا ڈھائی فیصد  زکاۃ میں ادا کیا جائے۔ فقط واللہ اعلم</p></p><hr class=""big-hr""/>",06-02-2020,144106200411,banuri.edu.pk,زکات,زکوٰۃ / صدقات,سونے ، چاندی اور نقد کی زکوٰۃ,"<div class=""col-md-12 sawal-jawab""><h3 class=""question_heading"">سوال</h3><p><p style=""text-align:justify;"">دو تولہ سونا آٹھ ماشہ 5۔3 رتل پر کتنی زکاۃ ہے؟</p></p><h4 class=""question_heading"">جواب</h4><p><p style=""text-align:justify;"">اگر کسی کی ملکیت میں سونے کی صرف یہ  ہی مقدار ہو، اس کے علاوہ چاندی، نقدی یا مالِ تجارت کچھ نہ ہو تو اتنی مقدار پر زکاۃ واجب ہی نہیں ہو گی۔</p><p style=""text-align:justify;"">اور اگر سونے کی مذکورہ مقدار جس کی ملکیت میں ہے اس کے پاس اس کے علاوہ چاندی، نقد رقم یا مال تجارت کی اتنی مقدار موجود ہے جس کی مجموعی مالیت ساڑھے باون تولہ چاندی کی قیمت تک پہنچ جاتی ہے تو اس کی مارکیٹ ویلیو معلوم کی جائے، اور اس مجموعی مالیت کا ڈھائی فیصد  زکاۃ میں ادا کیا جائے۔ فقط واللہ اعلم</p></p><hr class=""big-hr""/><div class=""col-sm-6 col-md-6""><p class=""question_heading"" style=""color:#73161f"">فتویٰ نمبر : <a id=""fatwa_number"">144106200411</a></p></div><div class=""col-sm-6 col-md-6""><p style=""color:#73161f"">دارالافتاء :
                                جامعہ علوم اسلامیہ علامہ محمد یوسف بنوری ٹاؤن</p></div><hr class=""big-hr""/><div class=""col-sm-4 col-md-4""><div class=""tag""><a href=""https://www.banuri.edu.pk/questions/kitab/zakat""><i class=""icon-docs-bold""></i> زکات</a></div></div><div class=""col-sm-4 col-md-4""><div class=""tag""><a href=""https://www.banuri.edu.pk/questions/bab/zakat-sadaqat""><i class=""icon-docs-bold""></i> زکوٰۃ / صدقات</a></div></div><div class=""col-sm-4 col-md-4""><div class=""tag""><a href=""https://www.banuri.edu.pk/questions/fasal/sonay-chandi-or-naqad-ki-zakat""><i class=""icon-docs-bold""></i> سونے ، چاندی اور نقد کی زکوٰۃ</a></div></div></div>"
https://www.banuri.edu.pk/readquestion/قرض-کی-ادائیگی-میں-آسانی-کے-لیے-اعمال-144106200363/05-02-2020,قرض کی ادائیگی میں آسانی کے لیے اعمال,"<p><p style=""text-align:justify;""> قرض سے فوری نجات کے لیے کوئی دعا یا وظیفہ بتا دیں۔</p></p>","<p><p style=""text-align:justify;"">قرض کی ادائیگی کے لیے درج ذیل چند باتوں پر عمل کریں، ان شاء اللہ ان کی برکت سے اللہ تعالی قرض کے بوجھ سے خلاصی عطا فرمائیں گے:</p><p style=""text-align:justify;"">(1) سب سے پہلے گناہوں سے توبہ کریں اور استغفار کی کثرت کریں، استغفار کی کثرت سے مال واولاد میں ہرطرح کی خیروبرکت کا وعدہ قرآن مجید میں موجود ہے۔</p><p style=""text-align:justify;"">(2) نمازو روزے کی پابندی کریں۔</p><p style=""text-align:justify;"">(3) زکاۃ واجب ہے تو وقت پر اداکردیں۔</p><p style=""text-align:justify;"">(4) سود سے دور رہیں۔</p><p style=""text-align:justify;"">(5)روزانہ مغرب یا عشاء کے بعد سورہ واقعہ پڑھا کریں۔</p><p style=""text-align:justify;"">(6) یہ دعا روزانہ 21 بار پڑھیں :<span class=""ar_writing"">""اَللّٰهُمَّ اکْفِنِيْ بِحَلَالِكَ عَنْ حَرَامِكَ وَأَغْنِنی بِفَضْلِكَ عَمَّنْ سِوَاكَ"".</span></p><p style=""text-align:justify;"">(7) ہر نماز کے بعد یہ دعا پڑھیں:<span class=""ar_writing"">""اَللّٰهُمَّ إِنِّيْ أَعُوْذُبِكَ مِنَ الْهَمِّ وَالْحَزَنِ، وَأَعُوْذُبِكَ مِنَ الْعَجْزِ وَالْكَسْلِ، وَأَعُوْذُبِكَ مِنْ غَلَبَةِ الدَّيْنِ وَقَهْرِ الرِّجَالِ"".</span></p><p style=""text-align:justify;"">(۷) دورد شریف صبح وشام ۲۱-۲۱ مرتبہ پڑھاکریں۔ اور اسی طرح سورۃ الشوریٰ کے دوسرے رُکوع کی آخری آیت:<span class=""ar_writing"">{اَللهُ لَطِیْفٌ بِعِبَادِه ...}</span>الخ“ (۲۵واں پارہ، سورۃ الشوریٰ آیت نمبر: 19 مکمل آیت) اسی (80)مرتبہ فجر کے بعد پڑھا کریں، اگر داڑھی منڈاتے یا کتراتے ہیں تو اس سے توبہ کریں۔ فقط واللہ اعلم</p></p><hr class=""big-hr""/>",05-02-2020,144106200363,banuri.edu.pk,علوم و فنون,دعائیں، اوراد اور وظائف,اوراد ووظائف,"<div class=""col-md-12 sawal-jawab""><h3 class=""question_heading"">سوال</h3><p><p style=""text-align:justify;""> قرض سے فوری نجات کے لیے کوئی دعا یا وظیفہ بتا دیں۔</p></p><h4 class=""question_heading"">جواب</h4><p><p style=""text-align:justify;"">قرض کی ادائیگی کے لیے درج ذیل چند باتوں پر عمل کریں، ان شاء اللہ ان کی برکت سے اللہ تعالی قرض کے بوجھ سے خلاصی عطا فرمائیں گے:</p><p style=""text-align:justify;"">(1) سب سے پہلے گناہوں سے توبہ کریں اور استغفار کی کثرت کریں، استغفار کی کثرت سے مال واولاد میں ہرطرح کی خیروبرکت کا وعدہ قرآن مجید میں موجود ہے۔</p><p style=""text-align:justify;"">(2) نمازو روزے کی پابندی کریں۔</p><p style=""text-align:justify;"">(3) زکاۃ واجب ہے تو وقت پر اداکردیں۔</p><p style=""text-align:justify;"">(4) سود سے دور رہیں۔</p><p style=""text-align:justify;"">(5)روزانہ مغرب یا عشاء کے بعد سورہ واقعہ پڑھا کریں۔</p><p style=""text-align:justify;"">(6) یہ دعا روزانہ 21 بار پڑھیں :<span class=""ar_writing"">""اَللّٰهُمَّ اکْفِنِيْ بِحَلَالِكَ عَنْ حَرَامِكَ وَأَغْنِنی بِفَضْلِكَ عَمَّنْ سِوَاكَ"".</span></p><p style=""text-align:justify;"">(7) ہر نماز کے بعد یہ دعا پڑھیں:<span class=""ar_writing"">""اَللّٰهُمَّ إِنِّيْ أَعُوْذُبِكَ مِنَ الْهَمِّ وَالْحَزَنِ، وَأَعُوْذُبِكَ مِنَ الْعَجْزِ وَالْكَسْلِ، وَأَعُوْذُبِكَ مِنْ غَلَبَةِ الدَّيْنِ وَقَهْرِ الرِّجَالِ"".</span></p><p style=""text-align:justify;"">(۷) دورد شریف صبح وشام ۲۱-۲۱ مرتبہ پڑھاکریں۔ اور اسی طرح سورۃ الشوریٰ کے دوسرے رُکوع کی آخری آیت:<span class=""ar_writing"">{اَللهُ لَطِیْفٌ بِعِبَادِه ...}</span>الخ“ (۲۵واں پارہ، سورۃ الشوریٰ آیت نمبر: 19 مکمل آیت) اسی (80)مرتبہ فجر کے بعد پڑھا کریں، اگر داڑھی منڈاتے یا کتراتے ہیں تو اس سے توبہ کریں۔ فقط واللہ اعلم</p></p><hr class=""big-hr""/><div class=""col-sm-6 col-md-6""><p class=""question_heading"" style=""color:#73161f"">فتویٰ نمبر : <a id=""fatwa_number"">144106200363</a></p></div><div class=""col-sm-6 col-md-6""><p style=""color:#73161f"">دارالافتاء :
                                جامعہ علوم اسلامیہ علامہ محمد یوسف بنوری ٹاؤن</p></div><hr class=""big-hr""/><div class=""col-sm-4 col-md-4""><div class=""tag""><a href=""https://www.banuri.edu.pk/questions/kitab/uloom-funoon""><i class=""icon-docs-bold""></i> علوم و فنون</a></div></div><div class=""col-sm-4 col-md-4""><div class=""tag""><a href=""https://www.banuri.edu.pk/questions/bab/adeya-azkar""><i class=""icon-docs-bold""></i> دعائیں، اوراد اور وظائف</a></div></div><div class=""col-sm-4 col-md-4""><div class=""tag""><a href=""https://www.banuri.edu.pk/questions/fasal/aurad-o-wzaif""><i class=""icon-docs-bold""></i> اوراد ووظائف</a></div></div></div>"
https://www.banuri.edu.pk/readquestion/ٹی-وی-پر-کرکٹ-میچ-دیکھنا-144106200422/06-02-2020,ٹی وی پر کرکٹ میچ دیکھنا,"<p><p style=""text-align:justify;"">کیا ٹی وی پر کرکٹ میچ دیکھ سکتے ہیں?</p></p>","<p><p style=""text-align:justify;"">ٹی وی پر کرکٹ میچ دیکھنا جائز نہیں ہے، گناہ کا کام ہے، اس سے اجتناب ضروری ہے۔ فقط واللہ اعلم</p></p><hr class=""big-hr""/>",06-02-2020,144106200422,banuri.edu.pk,حظر و اباحت,تفریح / کھیل,ٹی وی / وی سی آر / سینما / انٹرنیٹ/تصویر سازی,"<div class=""col-md-12 sawal-jawab""><h3 class=""question_heading"">سوال</h3><p><p style=""text-align:justify;"">کیا ٹی وی پر کرکٹ میچ دیکھ سکتے ہیں?</p></p><h4 class=""question_heading"">جواب</h4><p><p style=""text-align:justify;"">ٹی وی پر کرکٹ میچ دیکھنا جائز نہیں ہے، گناہ کا کام ہے، اس سے اجتناب ضروری ہے۔ فقط واللہ اعلم</p></p><hr class=""big-hr""/><div class=""col-sm-6 col-md-6""><p class=""question_heading"" style=""color:#73161f"">فتویٰ نمبر : <a id=""fatwa_number"">144106200422</a></p></div><div class=""col-sm-6 col-md-6""><p style=""color:#73161f"">دارالافتاء :
                                جامعہ علوم اسلامیہ علامہ محمد یوسف بنوری ٹاؤن</p></div><hr class=""big-hr""/><div class=""col-sm-4 col-md-4""><div class=""tag""><a href=""https://www.banuri.edu.pk/questions/kitab/mamnooaat-mubahat""><i class=""icon-docs-bold""></i> حظر و اباحت</a></div></div><div class=""col-sm-4 col-md-4""><div class=""tag""><a href=""https://www.banuri.edu.pk/questions/bab/tafreeh-khel""><i class=""icon-docs-bold""></i> تفریح / کھیل</a></div></div><div class=""col-sm-4 col-md-4""><div class=""tag""><a href=""https://www.banuri.edu.pk/questions/fasal/tv-vcr-cinema-internet-taswer-sazi""><i class=""icon-docs-bold""></i> ٹی وی / وی سی آر / سینما / انٹرنیٹ/تصویر سازی</a></div></div></div>"
https://www.banuri.edu.pk/readquestion/سانڈا-کھانے-اور-اس-کا-تیل-استعمال-کرنے-کا-حکم-144106200419/06-02-2020,سانڈا کھانے اور اس کا تیل استعمال کرنے کا حکم,"<p><p style=""text-align:justify;"">سانڈا  کھانا کیسا ہے؟</p><p style=""text-align:justify;"">اور اس کا تیل نکال کر دوا کے طور پر استعمال کرنا کیسا ہے؟</p></p>","<p><p style=""text-align:justify;"">سانڈا گوہ کی قسم کا جانور ہے،  اور گوہ حرام جانوروں میں سے ہے، لہذا  سانڈا کھانا جائز نہیں۔<br/>
فیروز اللغات،  ایڈوانس اردو  لغت:</p><p style=""text-align:justify;"">’’سانڈا: گوہ کی قسم کا ایک جانور۔   گوہ کی قسم کا ایک جانور جس کا تیل طلائے قضیب یا گٹھیا کے واسطے نکالا جاتا ہے‘‘۔</p><p style=""text-align:justify;"">البحر الرائق میں ہے:</p><p style=""text-align:justify;""><span class=""ar_writing"">’’وأمّا الضب والزبور والسلحفاة والحشرات فلأنها من الخبائث‘‘. ( ٨ / ١٩٥، ط: دارالکتاب الإسلامي)</span></p><p style=""text-align:justify;"">سانڈا چوں کہ حلال جانوروں میں سے نہیں؛ لہذا اس کی چربی سے  حاصل شدہ تیل بھی پاک نہیں، البتہ بغرضِ علاج اس کے تیل کے بیرونی استعمال کی اجازت ہے، تاہم جسم کے جس حصہ پر مذکورہ تیل لگا ہوا ہو، نماز سے قبل اس حصہ کو پاک کرنا ضروری ہوگا، بصورتِ دیگر نماز نہ ہوگی۔ اگر اس کے متبادل پاک چیز سے علاج ممکن ہو تو وہی اختیار کیا جائے۔</p><p style=""text-align:justify;"">فتاوی ہندیہ میں ہے:</p><p style=""text-align:justify;""><span class=""ar_writing"">""وَإِذَا غَمَسَ الرَّجُلُ يَدَهُ فِي السَّمْنِ النَّجِسِ أَوْ أَصَابَ ثَوْبَهُ ثُمَّ غَسَلَ الْيَدَ أَوْ الثَّوْبَ بِالْمَاءِ مِنْ غَيْرِ حِرْصٍ وَأَثَرُ السَّمْنِ بَاقٍ عَلَى يَدِهِ يَطْهُرُ، وَبِهِ أَخَذَ الْفَقِيهُ أَبُو اللَّيْثِ، وَهُوَ الْأَصَحُّ. هَكَذَا فِي الذَّخِيرَةِ. (كتاب الطهارة، الْبَابُ السَّابِعُ فِي النَّجَاسَةِ وَأَحْكَامِهَا وَفِيهِ ثَلَاثَةُ فُصُولٍ، الْفَصْلُ الْأَوَّلُ فِي تَطْهِيرِ الْأَنْجَاسِ، ١ / ٤٢) </span>فقط واللہ اعلم</p></p><hr class=""big-hr""/>",06-02-2020,144106200419,banuri.edu.pk,حظر و اباحت,ماکولات / مشروبات,کھانے پینے کی حلال و حرام ، مکروہ و مباح اشیاء,"<div class=""col-md-12 sawal-jawab""><h3 class=""question_heading"">سوال</h3><p><p style=""text-align:justify;"">سانڈا  کھانا کیسا ہے؟</p><p style=""text-align:justify;"">اور اس کا تیل نکال کر دوا کے طور پر استعمال کرنا کیسا ہے؟</p></p><h4 class=""question_heading"">جواب</h4><p><p style=""text-align:justify;"">سانڈا گوہ کی قسم کا جانور ہے،  اور گوہ حرام جانوروں میں سے ہے، لہذا  سانڈا کھانا جائز نہیں۔<br/>
فیروز اللغات،  ایڈوانس اردو  لغت:</p><p style=""text-align:justify;"">’’سانڈا: گوہ کی قسم کا ایک جانور۔   گوہ کی قسم کا ایک جانور جس کا تیل طلائے قضیب یا گٹھیا کے واسطے نکالا جاتا ہے‘‘۔</p><p style=""text-align:justify;"">البحر الرائق میں ہے:</p><p style=""text-align:justify;""><span class=""ar_writing"">’’وأمّا الضب والزبور والسلحفاة والحشرات فلأنها من الخبائث‘‘. ( ٨ / ١٩٥، ط: دارالکتاب الإسلامي)</span></p><p style=""text-align:justify;"">سانڈا چوں کہ حلال جانوروں میں سے نہیں؛ لہذا اس کی چربی سے  حاصل شدہ تیل بھی پاک نہیں، البتہ بغرضِ علاج اس کے تیل کے بیرونی استعمال کی اجازت ہے، تاہم جسم کے جس حصہ پر مذکورہ تیل لگا ہوا ہو، نماز سے قبل اس حصہ کو پاک کرنا ضروری ہوگا، بصورتِ دیگر نماز نہ ہوگی۔ اگر اس کے متبادل پاک چیز سے علاج ممکن ہو تو وہی اختیار کیا جائے۔</p><p style=""text-align:justify;"">فتاوی ہندیہ میں ہے:</p><p style=""text-align:justify;""><span class=""ar_writing"">""وَإِذَا غَمَسَ الرَّجُلُ يَدَهُ فِي السَّمْنِ النَّجِسِ أَوْ أَصَابَ ثَوْبَهُ ثُمَّ غَسَلَ الْيَدَ أَوْ الثَّوْبَ بِالْمَاءِ مِنْ غَيْرِ حِرْصٍ وَأَثَرُ السَّمْنِ بَاقٍ عَلَى يَدِهِ يَطْهُرُ، وَبِهِ أَخَذَ الْفَقِيهُ أَبُو اللَّيْثِ، وَهُوَ الْأَصَحُّ. هَكَذَا فِي الذَّخِيرَةِ. (كتاب الطهارة، الْبَابُ السَّابِعُ فِي النَّجَاسَةِ وَأَحْكَامِهَا وَفِيهِ ثَلَاثَةُ فُصُولٍ، الْفَصْلُ الْأَوَّلُ فِي تَطْهِيرِ الْأَنْجَاسِ، ١ / ٤٢) </span>فقط واللہ اعلم</p></p><hr class=""big-hr""/><div class=""col-sm-6 col-md-6""><p class=""question_heading"" style=""color:#73161f"">فتویٰ نمبر : <a id=""fatwa_number"">144106200419</a></p></div><div class=""col-sm-6 col-md-6""><p style=""color:#73161f"">دارالافتاء :
                                جامعہ علوم اسلامیہ علامہ محمد یوسف بنوری ٹاؤن</p></div><hr class=""big-hr""/><div class=""col-sm-4 col-md-4""><div class=""tag""><a href=""https://www.banuri.edu.pk/questions/kitab/mamnooaat-mubahat""><i class=""icon-docs-bold""></i> حظر و اباحت</a></div></div><div class=""col-sm-4 col-md-4""><div class=""tag""><a href=""https://www.banuri.edu.pk/questions/bab/makoolat-mashroobat""><i class=""icon-docs-bold""></i> ماکولات / مشروبات</a></div></div><div class=""col-sm-4 col-md-4""><div class=""tag""><a href=""https://www.banuri.edu.pk/questions/fasal/khanay-penay-ki-halal-o-haram-makroh-o-mubah-ashya""><i class=""icon-docs-bold""></i> کھانے پینے کی حلال و حرام ، مکروہ و مباح اشیاء</a></div></div></div>"
https://www.banuri.edu.pk/readquestion/ناپاکی-کو-ہاتھ-لگانے-کے-بعد-موبائل-استعمال-کرنے-سے-موبائل-کا-حکم-144106200388/05-02-2020,ناپاکی کو ہاتھ لگانے کے بعد موبائل استعمال کرنے سے موبائل کا حکم,"<p><p style=""text-align:justify;"">کیا جب ہم سو کر اٹھتے ہیں احتلام کی حالت میں تو اگر ہمارا ہاتھ احتلام والی جگہ پر لگا ہوا ہو اور اس کے بعد اسی ہاتھ سے موبائل استعمال کیا تو موبائل ناپاک ہو گا؟ نیز موبائل کو پاک کرنے کا کیا طریقہ ہے؟</p></p>","<p><p style=""text-align:justify;"">اگر احتلام والی جگہ خشک ہوچکی ہو یا اس جگہ پر ہاتھ لگ کر خشک ہوچکا ہو تو خشک ہاتھ موبائل پر لگانے سے موبائل ناپاک نہیں ہوگا، اگر نجاست کی وہ تری موبائل پر لگ جائے تو اگر وہ اسکرین وغیرہ پر ہے تو اس کو صاف کپڑے سے صاف کرلیا جائے اور اگر اندر  بھی چلی گئی ہو تو پیٹرول وغیرہ سے پاک کرلیا جائے۔ فقط واللہ اعلم</p></p><hr class=""big-hr""/>",05-02-2020,144106200388,banuri.edu.pk,طہارت,نجاست اور اس سے پاکی,نجاست سے پاکی,"<div class=""col-md-12 sawal-jawab""><h3 class=""question_heading"">سوال</h3><p><p style=""text-align:justify;"">کیا جب ہم سو کر اٹھتے ہیں احتلام کی حالت میں تو اگر ہمارا ہاتھ احتلام والی جگہ پر لگا ہوا ہو اور اس کے بعد اسی ہاتھ سے موبائل استعمال کیا تو موبائل ناپاک ہو گا؟ نیز موبائل کو پاک کرنے کا کیا طریقہ ہے؟</p></p><h4 class=""question_heading"">جواب</h4><p><p style=""text-align:justify;"">اگر احتلام والی جگہ خشک ہوچکی ہو یا اس جگہ پر ہاتھ لگ کر خشک ہوچکا ہو تو خشک ہاتھ موبائل پر لگانے سے موبائل ناپاک نہیں ہوگا، اگر نجاست کی وہ تری موبائل پر لگ جائے تو اگر وہ اسکرین وغیرہ پر ہے تو اس کو صاف کپڑے سے صاف کرلیا جائے اور اگر اندر  بھی چلی گئی ہو تو پیٹرول وغیرہ سے پاک کرلیا جائے۔ فقط واللہ اعلم</p></p><hr class=""big-hr""/><div class=""col-sm-6 col-md-6""><p class=""question_heading"" style=""color:#73161f"">فتویٰ نمبر : <a id=""fatwa_number"">144106200388</a></p></div><div class=""col-sm-6 col-md-6""><p style=""color:#73161f"">دارالافتاء :
                                جامعہ علوم اسلامیہ علامہ محمد یوسف بنوری ٹاؤن</p></div><hr class=""big-hr""/><div class=""col-sm-4 col-md-4""><div class=""tag""><a href=""https://www.banuri.edu.pk/questions/kitab/taharat""><i class=""icon-docs-bold""></i> طہارت</a></div></div><div class=""col-sm-4 col-md-4""><div class=""tag""><a href=""https://www.banuri.edu.pk/questions/bab/najasat-aur-us-ki-paki""><i class=""icon-docs-bold""></i> نجاست اور اس سے پاکی</a></div></div><div class=""col-sm-4 col-md-4""><div class=""tag""><a href=""https://www.banuri.edu.pk/questions/fasal/nijasat-aur-us-ki-paki""><i class=""icon-docs-bold""></i> نجاست سے پاکی</a></div></div></div>"
https://www.banuri.edu.pk/readquestion/گروی-مکان-میں-تصرف-144106200386/05-02-2020,گروی مکان میں تصرف,"<p><p style=""text-align:justify;""> کیا گروی مکان لینا یا دینا جائز ہے؟</p></p>","<p><p style=""text-align:justify;"">واضح رہے کہ گروی رکھوانے والا (یعنی جو گروی رکھی ہوئی چیز کا اصل مالک ہے) ’’راہن‘‘  کہلاتا ہے اور گروی رکھنے والا ’’مرتہن‘‘ کہلاتا ہے۔</p><p style=""text-align:justify;"">قرض لیتے وقت بطورِ وثیقہ رہن (گروی) رکھنے کی اجازت ہے۔ لیکن گروی رکھے ہوئے مکان میں مرتہن کو کسی بھی قسم کا تصرف کرنے کی اجازت نہیں ہےاور راہن کے لیے گروی رکھے ہوئے مکان کا لین دین کرنا، مرتہن کی اجازت کے بغیر جائز نہیں ہے۔</p><p style=""text-align:justify;""><span class=""ar_writing"">الفتاوى الهندية (5 / 462):<br/>
""وتصرف الراهن قبل سقوط الدين في المرهون إما تصرف يلحقه الفسخ كالبيع والكتابة والإجارة والهبة والصدقة والإقرار ونحوها، أو تصرف لايحتمل الفسخ كالعتق والتدبير والاستيلاد، أما الذي يلحقه الفسخ لاينفذ بغير رضا المرتهن، ولايبطل حقه في الحبس، وإذا قضى الدين وبطل حقه في الحبس نفذت التصرفات كلها.</span></p><p style=""text-align:justify;""><span class=""ar_writing"">ولو أجاز المرتهن تصرف الراهن نفذ وخرج من أن يكون رهنا والدين على حاله، وفي البيع يكون الثمن رهنا مكان المبيع، وكذا إذا كان تصرفه في الابتداء بإذن المرتهن"".</span> فقط واللہ اعلم</p></p><hr class=""big-hr""/>",05-02-2020,144106200386,banuri.edu.pk,معاملات,بیع / تجارت,بیع صحیح ، فاسد اور باطل,"<div class=""col-md-12 sawal-jawab""><h3 class=""question_heading"">سوال</h3><p><p style=""text-align:justify;""> کیا گروی مکان لینا یا دینا جائز ہے؟</p></p><h4 class=""question_heading"">جواب</h4><p><p style=""text-align:justify;"">واضح رہے کہ گروی رکھوانے والا (یعنی جو گروی رکھی ہوئی چیز کا اصل مالک ہے) ’’راہن‘‘  کہلاتا ہے اور گروی رکھنے والا ’’مرتہن‘‘ کہلاتا ہے۔</p><p style=""text-align:justify;"">قرض لیتے وقت بطورِ وثیقہ رہن (گروی) رکھنے کی اجازت ہے۔ لیکن گروی رکھے ہوئے مکان میں مرتہن کو کسی بھی قسم کا تصرف کرنے کی اجازت نہیں ہےاور راہن کے لیے گروی رکھے ہوئے مکان کا لین دین کرنا، مرتہن کی اجازت کے بغیر جائز نہیں ہے۔</p><p style=""text-align:justify;""><span class=""ar_writing"">الفتاوى الهندية (5 / 462):<br/>
""وتصرف الراهن قبل سقوط الدين في المرهون إما تصرف يلحقه الفسخ كالبيع والكتابة والإجارة والهبة والصدقة والإقرار ونحوها، أو تصرف لايحتمل الفسخ كالعتق والتدبير والاستيلاد، أما الذي يلحقه الفسخ لاينفذ بغير رضا المرتهن، ولايبطل حقه في الحبس، وإذا قضى الدين وبطل حقه في الحبس نفذت التصرفات كلها.</span></p><p style=""text-align:justify;""><span class=""ar_writing"">ولو أجاز المرتهن تصرف الراهن نفذ وخرج من أن يكون رهنا والدين على حاله، وفي البيع يكون الثمن رهنا مكان المبيع، وكذا إذا كان تصرفه في الابتداء بإذن المرتهن"".</span> فقط واللہ اعلم</p></p><hr class=""big-hr""/><div class=""col-sm-6 col-md-6""><p class=""question_heading"" style=""color:#73161f"">فتویٰ نمبر : <a id=""fatwa_number"">144106200386</a></p></div><div class=""col-sm-6 col-md-6""><p style=""color:#73161f"">دارالافتاء :
                                جامعہ علوم اسلامیہ علامہ محمد یوسف بنوری ٹاؤن</p></div><hr class=""big-hr""/><div class=""col-sm-4 col-md-4""><div class=""tag""><a href=""https://www.banuri.edu.pk/questions/kitab/muamlat""><i class=""icon-docs-bold""></i> معاملات</a></div></div><div class=""col-sm-4 col-md-4""><div class=""tag""><a href=""https://www.banuri.edu.pk/questions/bab/bay-tijarat""><i class=""icon-docs-bold""></i> بیع / تجارت</a></div></div><div class=""col-sm-4 col-md-4""><div class=""tag""><a href=""https://www.banuri.edu.pk/questions/fasal/bay-sahih-fasid-or-batil""><i class=""icon-docs-bold""></i> بیع صحیح ، فاسد اور باطل</a></div></div></div>"
https://www.banuri.edu.pk/readquestion/استخلاف-نماز-کی-امامت-میں-کسی-کو-نائب-بنانے-کا-طریقہ-144106200228/02-02-2020,استخلاف (نماز کی امامت میں کسی کو نائب بنانے) کا طریقہ,"<p><p style=""text-align:justify;"">استخلاف کا صحیح طریقہ کیا ہے?</p></p>","<p><p style=""text-align:justify;"">اگر نماز کے دوران امام صاحب کا وضو ٹوٹ جائے تو وہ وضو کے لیے جانے سے پہلے کسی بھی مقتدی کو اپنی جگہ امام بناکر جاسکتے ہیں؛ تاکہ وہ مقتدی امام بن کر لوگوں کی نماز پوری کروادے، استخلاف (نائب بنانے) کا طریقہ یہ ہے کہ جیسے ہی امام صاحب کا وضو ٹوٹ جائے اسی وقت اپنے پیچھے موجود کسی مقتدی کو (جس کے بارے میں گمان ہو کہ اسے نماز کے فرائض، واجبات اور سنتوں کا علم دوسروں سے زیادہ ہوگا) بات کیے بغیر اشارہ کر کے یا کھینچ کر آگے اپنی جگہ پر بلاکر کھڑا کردے اور خود وضو کرنے چلا جائے، اور وہ نائب اسی جگہ سے نماز کو آگے بڑھائے جہاں سے امام صاحب چھوڑ کر گئے تھے، اگر امام صاحب کا وضو رکوع یا سجود کے دوران ٹوٹا ہو تو نائب کو وہ رکوع یا سجدہ بھی کرنا پڑے گا، لیکن امام صاحب بات کیے بغیر اشارہ سے نائب کو بتائیں گے کہ رکوع یا سجدہ باقی ہے، مثلاً رکوع کے لیے اپنے گھٹنوں پر ہاتھ رکھ کر اشارہ کرنا چاہیے اور سجدہ کے لیے اپنے ماتھے (پیشانی) پر ہاتھ رکھ کر اشارہ کرنا چاہیے، اسی طرح اگر قرأت کی فرض یا واجب مقدار پوری نہ ہوئی ہو تو اپنے منہ پر ہاتھ رکھ کر اشارہ کرنا چاہیے، سجدہ تلاوت کے لیے منہ اور پیشانی پر ہاتھ رکھ کر اشارہ کرے، سجدہ سہو کے لیے اپنے سینہ پر ہاتھ رکھ کر اشارہ کرے، یہ اشارے ضرورت کے تحت ہی کرنا چاہییں، ورنہ اگر نائب کو ان میں سے کسی بات کا خود سے اندازا ہو تو پھر اشارہ کرنے کی ضرورت نہیں ہے۔</p><p style=""text-align:justify;""><span class=""ar_writing"">الدر المختار وحاشية ابن عابدين (رد المحتار) (1/ 601):<br/>
""(استخلف) أي جاز له ذلك ولو في جنازة بإشارة أو جر لمحراب، ولو لمسبوق، ويشير بأصبع لبقاء ركعة، وبأصبعين لركعتين ويضع يده على ركبته لترك ركوع، وعلى جبهته لسجود، وعلى فمه لقراءة، وعلى جبهته ولسانه لسجود تلاوة أو صدره لسهو (ما لم يجاوز الصفوف لو في الصحراء) ما لم يتقدم، فحده السترة أو موضع السجود على المعتمد كالمنفرد (وما لم يخرج من المسجد) أو الجبانة أو الدار (لو كان يصلي فيه)</span></p><p style=""text-align:justify;""><span class=""ar_writing"">(قوله: ويشير إلخ) هذا إذا لم يعلم الخليفة، أما إذا علم فلا حاجة إلى ذلك، بحر (قوله: لسجود) أي لترك سجود، وكذا ما بعده، من المعطوف ح"".</span> فقط واللہ اعلم</p></p><hr class=""big-hr""/>",02-02-2020,144106200228,banuri.edu.pk,نماز,نماز کی جماعت,جماعت / امامت,"<div class=""col-md-12 sawal-jawab""><h3 class=""question_heading"">سوال</h3><p><p style=""text-align:justify;"">استخلاف کا صحیح طریقہ کیا ہے?</p></p><h4 class=""question_heading"">جواب</h4><p><p style=""text-align:justify;"">اگر نماز کے دوران امام صاحب کا وضو ٹوٹ جائے تو وہ وضو کے لیے جانے سے پہلے کسی بھی مقتدی کو اپنی جگہ امام بناکر جاسکتے ہیں؛ تاکہ وہ مقتدی امام بن کر لوگوں کی نماز پوری کروادے، استخلاف (نائب بنانے) کا طریقہ یہ ہے کہ جیسے ہی امام صاحب کا وضو ٹوٹ جائے اسی وقت اپنے پیچھے موجود کسی مقتدی کو (جس کے بارے میں گمان ہو کہ اسے نماز کے فرائض، واجبات اور سنتوں کا علم دوسروں سے زیادہ ہوگا) بات کیے بغیر اشارہ کر کے یا کھینچ کر آگے اپنی جگہ پر بلاکر کھڑا کردے اور خود وضو کرنے چلا جائے، اور وہ نائب اسی جگہ سے نماز کو آگے بڑھائے جہاں سے امام صاحب چھوڑ کر گئے تھے، اگر امام صاحب کا وضو رکوع یا سجود کے دوران ٹوٹا ہو تو نائب کو وہ رکوع یا سجدہ بھی کرنا پڑے گا، لیکن امام صاحب بات کیے بغیر اشارہ سے نائب کو بتائیں گے کہ رکوع یا سجدہ باقی ہے، مثلاً رکوع کے لیے اپنے گھٹنوں پر ہاتھ رکھ کر اشارہ کرنا چاہیے اور سجدہ کے لیے اپنے ماتھے (پیشانی) پر ہاتھ رکھ کر اشارہ کرنا چاہیے، اسی طرح اگر قرأت کی فرض یا واجب مقدار پوری نہ ہوئی ہو تو اپنے منہ پر ہاتھ رکھ کر اشارہ کرنا چاہیے، سجدہ تلاوت کے لیے منہ اور پیشانی پر ہاتھ رکھ کر اشارہ کرے، سجدہ سہو کے لیے اپنے سینہ پر ہاتھ رکھ کر اشارہ کرے، یہ اشارے ضرورت کے تحت ہی کرنا چاہییں، ورنہ اگر نائب کو ان میں سے کسی بات کا خود سے اندازا ہو تو پھر اشارہ کرنے کی ضرورت نہیں ہے۔</p><p style=""text-align:justify;""><span class=""ar_writing"">الدر المختار وحاشية ابن عابدين (رد المحتار) (1/ 601):<br/>
""(استخلف) أي جاز له ذلك ولو في جنازة بإشارة أو جر لمحراب، ولو لمسبوق، ويشير بأصبع لبقاء ركعة، وبأصبعين لركعتين ويضع يده على ركبته لترك ركوع، وعلى جبهته لسجود، وعلى فمه لقراءة، وعلى جبهته ولسانه لسجود تلاوة أو صدره لسهو (ما لم يجاوز الصفوف لو في الصحراء) ما لم يتقدم، فحده السترة أو موضع السجود على المعتمد كالمنفرد (وما لم يخرج من المسجد) أو الجبانة أو الدار (لو كان يصلي فيه)</span></p><p style=""text-align:justify;""><span class=""ar_writing"">(قوله: ويشير إلخ) هذا إذا لم يعلم الخليفة، أما إذا علم فلا حاجة إلى ذلك، بحر (قوله: لسجود) أي لترك سجود، وكذا ما بعده، من المعطوف ح"".</span> فقط واللہ اعلم</p></p><hr class=""big-hr""/><div class=""col-sm-6 col-md-6""><p class=""question_heading"" style=""color:#73161f"">فتویٰ نمبر : <a id=""fatwa_number"">144106200228</a></p></div><div class=""col-sm-6 col-md-6""><p style=""color:#73161f"">دارالافتاء :
                                جامعہ علوم اسلامیہ علامہ محمد یوسف بنوری ٹاؤن</p></div><hr class=""big-hr""/><div class=""col-sm-4 col-md-4""><div class=""tag""><a href=""https://www.banuri.edu.pk/questions/kitab/salat""><i class=""icon-docs-bold""></i> نماز</a></div></div><div class=""col-sm-4 col-md-4""><div class=""tag""><a href=""https://www.banuri.edu.pk/questions/bab/namaz-ki-jamat""><i class=""icon-docs-bold""></i> نماز کی جماعت</a></div></div><div class=""col-sm-4 col-md-4""><div class=""tag""><a href=""https://www.banuri.edu.pk/questions/fasal/jamat-imamat""><i class=""icon-docs-bold""></i> جماعت / امامت</a></div></div></div>"
https://www.banuri.edu.pk/readquestion/حقہ-پینا-144106200307/03-02-2020,حقہ پینا,"<p><p style=""text-align:justify;"">کیا حقہ پینا جائز ہے؟ خواص میں بھی یہ چیز عام ہوتی جارہی ہے۔</p></p>","<p><p style=""text-align:justify;"">نفسِ ’’حقہ‘‘ حرام نہیں ہے،  وہ حقہ  جس میں بدبو ہوتی ہے،اور مضر صحت ہو اس کا  پینا مکروہ ہے۔  (فتاوی دارالعلوم دیوبند ج۱۶ ص۱۳۶) خواص کو اس طرح کی اشیاء سے بہرحال اجتناب کرنا چاہیے۔ فقط واللہ اعلم</p></p><hr class=""big-hr""/>",03-02-2020,144106200307,banuri.edu.pk,حظر و اباحت,ماکولات / مشروبات,کھانے پینے کی حلال و حرام ، مکروہ و مباح اشیاء,"<div class=""col-md-12 sawal-jawab""><h3 class=""question_heading"">سوال</h3><p><p style=""text-align:justify;"">کیا حقہ پینا جائز ہے؟ خواص میں بھی یہ چیز عام ہوتی جارہی ہے۔</p></p><h4 class=""question_heading"">جواب</h4><p><p style=""text-align:justify;"">نفسِ ’’حقہ‘‘ حرام نہیں ہے،  وہ حقہ  جس میں بدبو ہوتی ہے،اور مضر صحت ہو اس کا  پینا مکروہ ہے۔  (فتاوی دارالعلوم دیوبند ج۱۶ ص۱۳۶) خواص کو اس طرح کی اشیاء سے بہرحال اجتناب کرنا چاہیے۔ فقط واللہ اعلم</p></p><hr class=""big-hr""/><div class=""col-sm-6 col-md-6""><p class=""question_heading"" style=""color:#73161f"">فتویٰ نمبر : <a id=""fatwa_number"">144106200307</a></p></div><div class=""col-sm-6 col-md-6""><p style=""color:#73161f"">دارالافتاء :
                                جامعہ علوم اسلامیہ علامہ محمد یوسف بنوری ٹاؤن</p></div><hr class=""big-hr""/><div class=""col-sm-4 col-md-4""><div class=""tag""><a href=""https://www.banuri.edu.pk/questions/kitab/mamnooaat-mubahat""><i class=""icon-docs-bold""></i> حظر و اباحت</a></div></div><div class=""col-sm-4 col-md-4""><div class=""tag""><a href=""https://www.banuri.edu.pk/questions/bab/makoolat-mashroobat""><i class=""icon-docs-bold""></i> ماکولات / مشروبات</a></div></div><div class=""col-sm-4 col-md-4""><div class=""tag""><a href=""https://www.banuri.edu.pk/questions/fasal/khanay-penay-ki-halal-o-haram-makroh-o-mubah-ashya""><i class=""icon-docs-bold""></i> کھانے پینے کی حلال و حرام ، مکروہ و مباح اشیاء</a></div></div></div>"
https://www.banuri.edu.pk/readquestion/ورثاء-کا-مرحوم-کی-طرف-سے-قضا-نمازیں-ادا-کرنے-اور-فدیہ-دینے-کا-حکم-144106200284/03-02-2020,ورثاء کا مرحوم کی طرف سے قضا نمازیں ادا کرنے اور فدیہ دینے کا حکم,"<p><p style=""text-align:justify;"">اگر کسی کا والد یا کوئی اور عزیز فوت ہو جائے تو اس کی قضا نمازیں اس کا کوئی رشتہ دار اس کی طرف سے ادا کر سکتا ہے۔ اگر کر سکتا ہے تو کیا طریقہ ہو گا؟  دوسرا فوت شدہ کی قضا نمازوں کا صدقہ کس طرح دیا جاسکتا ہے؟</p></p>","<p><p style=""text-align:justify;"">کوئی بھی آدمی دوسرے کی طرف سے قضا نمازیں ادا نہیں کرسکتا اور نہ ہی ادا کرنے سے وہ ادا ہو سکتی ہیں، چاہے دوسرا آدمی زندہ ہو یا فوت ہو چکا ہو، البتہ فوت شدہ آدمی کے ذمہ واجب الادا  نمازوں کا فدیہ ادا کیا جاسکتا ہے، چنانچہ اگر کسی آدمی کا انتقال ہوجائے اور اس کے ذمہ قضا نمازیں باقی ہوں تو اگر اس نے اپنی قضا نمازوں کا فدیہ ادا کرنے کی وصیت کی ہو تو ورثاء پر لازم ہے کہ اس کے ایک تہائی ترکہ  میں سے فی نماز ایک فدیہ ادا کریں، لیکن ایک تہائی سے زائد سے فدیہ ادا کرنا واجب نہیں ہوگا، اسی طرح اگر اس نے وصیت ہی نہ کی ہو تو بھی ورثاء پر فدیہ ادا کرنا لازم  نہیں، البتہ ورثاء کے از خود ادا کرنے سے ادا ہوجائے گا اور میت پر بڑا احسان ہوگا ۔</p><p style=""text-align:justify;"">ایک نماز کا فدیہ ایک صدقہ فطر کے برابر ہے اور روزانہ وتر کے ساتھ  چھ  نمازیں ہیں تو  ایک دن کی نمازوں کے فدیے بھی چھ ہوئے، اور ایک صدقہ فطر تقریباً پونے دو کلو گندم یا آٹا یا اس کی قیمت ہے۔</p><p style=""text-align:justify;""><span class=""ar_writing"">الدر المختار وحاشية ابن عابدين (رد المحتار) (2/ 597):</span></p><p style=""text-align:justify;""><span class=""ar_writing"">""(العبادة المالية) كزكاة وكفارة (تقبل النيابة) عن المكلف (مطلقاً) عند القدرة والعجز ولو النائب ذمياً؛ لأن العبرة لنية الموكل ولو عند دفع الوكيل (والبدنية) كصلاة وصوم (لا) تقبلها (مطلقاً، والمركبة منهما) كحج الفرض (تقبل النيابة عند العجز فقط)"".</span></p><p style=""text-align:justify;""><span class=""ar_writing"">الدر المختار وحاشية ابن عابدين (رد المحتار) (2/ 72):</span></p><p style=""text-align:justify;""><span class=""ar_writing"">""(ولو مات وعليه صلوات فائتة وأوصى بالكفارة يعطى لكل صلاة نصف صاع من بر) كالفطرة  (وكذا حكم الوتر)"". </span>فقط واللہ اعلم</p></p><hr class=""big-hr""/>",03-02-2020,144106200284,banuri.edu.pk,نماز,فوت شدہ نمازوں کی قضا,نماز کا فدیہ,"<div class=""col-md-12 sawal-jawab""><h3 class=""question_heading"">سوال</h3><p><p style=""text-align:justify;"">اگر کسی کا والد یا کوئی اور عزیز فوت ہو جائے تو اس کی قضا نمازیں اس کا کوئی رشتہ دار اس کی طرف سے ادا کر سکتا ہے۔ اگر کر سکتا ہے تو کیا طریقہ ہو گا؟  دوسرا فوت شدہ کی قضا نمازوں کا صدقہ کس طرح دیا جاسکتا ہے؟</p></p><h4 class=""question_heading"">جواب</h4><p><p style=""text-align:justify;"">کوئی بھی آدمی دوسرے کی طرف سے قضا نمازیں ادا نہیں کرسکتا اور نہ ہی ادا کرنے سے وہ ادا ہو سکتی ہیں، چاہے دوسرا آدمی زندہ ہو یا فوت ہو چکا ہو، البتہ فوت شدہ آدمی کے ذمہ واجب الادا  نمازوں کا فدیہ ادا کیا جاسکتا ہے، چنانچہ اگر کسی آدمی کا انتقال ہوجائے اور اس کے ذمہ قضا نمازیں باقی ہوں تو اگر اس نے اپنی قضا نمازوں کا فدیہ ادا کرنے کی وصیت کی ہو تو ورثاء پر لازم ہے کہ اس کے ایک تہائی ترکہ  میں سے فی نماز ایک فدیہ ادا کریں، لیکن ایک تہائی سے زائد سے فدیہ ادا کرنا واجب نہیں ہوگا، اسی طرح اگر اس نے وصیت ہی نہ کی ہو تو بھی ورثاء پر فدیہ ادا کرنا لازم  نہیں، البتہ ورثاء کے از خود ادا کرنے سے ادا ہوجائے گا اور میت پر بڑا احسان ہوگا ۔</p><p style=""text-align:justify;"">ایک نماز کا فدیہ ایک صدقہ فطر کے برابر ہے اور روزانہ وتر کے ساتھ  چھ  نمازیں ہیں تو  ایک دن کی نمازوں کے فدیے بھی چھ ہوئے، اور ایک صدقہ فطر تقریباً پونے دو کلو گندم یا آٹا یا اس کی قیمت ہے۔</p><p style=""text-align:justify;""><span class=""ar_writing"">الدر المختار وحاشية ابن عابدين (رد المحتار) (2/ 597):</span></p><p style=""text-align:justify;""><span class=""ar_writing"">""(العبادة المالية) كزكاة وكفارة (تقبل النيابة) عن المكلف (مطلقاً) عند القدرة والعجز ولو النائب ذمياً؛ لأن العبرة لنية الموكل ولو عند دفع الوكيل (والبدنية) كصلاة وصوم (لا) تقبلها (مطلقاً، والمركبة منهما) كحج الفرض (تقبل النيابة عند العجز فقط)"".</span></p><p style=""text-align:justify;""><span class=""ar_writing"">الدر المختار وحاشية ابن عابدين (رد المحتار) (2/ 72):</span></p><p style=""text-align:justify;""><span class=""ar_writing"">""(ولو مات وعليه صلوات فائتة وأوصى بالكفارة يعطى لكل صلاة نصف صاع من بر) كالفطرة  (وكذا حكم الوتر)"". </span>فقط واللہ اعلم</p></p><hr class=""big-hr""/><div class=""col-sm-6 col-md-6""><p class=""question_heading"" style=""color:#73161f"">فتویٰ نمبر : <a id=""fatwa_number"">144106200284</a></p></div><div class=""col-sm-6 col-md-6""><p style=""color:#73161f"">دارالافتاء :
                                جامعہ علوم اسلامیہ علامہ محمد یوسف بنوری ٹاؤن</p></div><hr class=""big-hr""/><div class=""col-sm-4 col-md-4""><div class=""tag""><a href=""https://www.banuri.edu.pk/questions/kitab/salat""><i class=""icon-docs-bold""></i> نماز</a></div></div><div class=""col-sm-4 col-md-4""><div class=""tag""><a href=""https://www.banuri.edu.pk/questions/bab/fout-shuda-namazon-ki-qaza""><i class=""icon-docs-bold""></i> فوت شدہ نمازوں کی قضا</a></div></div><div class=""col-sm-4 col-md-4""><div class=""tag""><a href=""https://www.banuri.edu.pk/questions/fasal/namaz-ka-fidya""><i class=""icon-docs-bold""></i> نماز کا فدیہ</a></div></div></div>"
