link,title,question_html,answer_html,issued_at,fatwa_number,dar_ul_ifta,category_lvl_1,category_lvl_2,category_lvl_3,html_container
https://www.banuri.edu.pk/readquestion/عمل-کثیر-کی-مقدار-144105201100/25-01-2020,عمل کثیر کی مقدار,"<p><p style=""text-align:justify;"">عملِ  کثیر کی کیا مقدار ہے؟</p></p>","<p><p style=""text-align:justify;"">نماز کے دوران عملِ کثیر کا ارتکاب کرنے سے نماز فاسد ہوجاتی ہے، عملِ کثیر کی تعریف میں فقہاءِ کرام کے متعدد اقوال ہیں:</p><p style=""text-align:justify;"">1ـ   مفتیٰ بہ اور راجح قول یہ ہے کہ کوئی ایسا کام کرنا کہ  دور سے دیکھنے والے کو یقین ہو جائے  کہ یہ کام کرنے والا نماز نہیں پڑھ رہا ہے۔</p><p style=""text-align:justify;"">2ـ   دوسرا قول یہ ہے  کہ جو کام عام طور پر دو ہاتھوں سے کیا جاتا ہے، مثلاً عمامہ باندھنا، ازار بند باندھنا وغیرہ، یہ تمام کام عملِ کثیر شمار ہوتے ہیں، اگر یہ کام ایک ہاتھ سے کرے تب بھی یہ عملِ کثیر کہلائے گا اور جو کام عام طور پر ایک ہاتھ سے کیا جاتا ہے وہ عملِ قلیل شمار ہوتا ہے، اگر یہ کام دو ہاتھوں سے کرے تب بھی عملِ قلیل ہی کہلائے گا۔</p><p style=""text-align:justify;"">3ـ   تیسرا قول یہ ہے کہ تین حرکاتِ متوالیہ یعنی تین بار <span class=""ar_writing"">""سبحان ربي الأعلی"" </span> کہنے کی مقدار وقت میں تین دفعہ ہاتھ کو حرکت دی تو یہ عملِ کثیر ہے, ورنہ قلیل ہے۔</p><p style=""text-align:justify;"">یہ تین قول ہی زیادہ مشہور ہیں اور درحقیقت تینوں کا حاصل ایک ہی ہے، اس لیے  کہ قولِ ثانی و ثالث میں مذکور عمل کے کرنے والے کو اگر دور سے کوئی دیکھے تو اسے یقین ہو جائے گا  کہ یہ کام کرنے والا نماز نہیں پڑھ رہا ہے۔</p><p style=""text-align:justify;""><span class=""ar_writing"">الدر المختار وحاشية ابن عابدين (رد المحتار) (1/ 624):</span></p><p style=""text-align:justify;""><span class=""ar_writing"">""(و) يفسدها (كل عمل كثير) ليس من أعمالها ولا لإصلاحها، وفيه أقوال خمسة أصحها (ما لايشك) بسببه (الناظر) من بعيد (في فاعله أنه ليس فيها) وإن شك أنه فيها أم لا فقليل.</span></p><p style=""text-align:justify;""><span class=""ar_writing"">(قوله: ليس من أعمالها) احتراز عما لو زاد ركوعًا أو سجودًا مثلًا فإنه عمل كثير غير مفسد؛ لكونه منها غير أنه يرفض؛ لأن هذا سبيل ما دون الركعة ط قلت: والظاهر الاستغناء عن هذا القيد على تعريف العمل الكثير بما ذكره المصنف، تأمل. (قوله: ولا لإصلاحها) خرج به الوضوء والمشي لسبق الحدث فإنهما لايفسدانها ط. قلت: وينبغي أن يزاد ولا فعل لعذر احترازًا عن قتل الحية أو العقرب بعمل كثير على أحد القولين كما يأتي، إلا أن يقال إنه لإصلاحها؛ لأن تركه قد يؤدى إلى إفسادها، تأمل (قوله: وفيه أقوال خمسة أصحها ما لايشك إلخ) صحّحه في البدائع، وتابعه الزيلعي والولوالجي. وفي المحيط: أنه الأحسن. وقال الصدر الشهيد: إنه الصواب. وفي الخانية والخلاصة: إنه اختيار العامة. وقال في المحيط وغيره: رواه الثلجي عن أصحابنا، حلية.</span></p><p style=""text-align:justify;""><span class=""ar_writing"">القول الثاني: أنّ ما يعمل عادةً باليدين كثير وإن عمل بواحدة كالتعميم وشدّ السراويل وما عمل بواحدة قليل وإن عمل بهما كحلّ السراويل ولبس القلنسوة ونزعها إلا إذا تكرّر ثلاثًا متواليةً، وضعّفه في البحر بأنه قاصر عن إفادة ما لايعمل باليد كالمضغ والتقبيل.</span></p><p style=""text-align:justify;""><span class=""ar_writing"">الثالث: الحركات الثلاث المتوالية كثير وإلا فقليل.</span></p><p style=""text-align:justify;""><span class=""ar_writing"">الرابع: ما يكون مقصودًا للفاعل بأن يفرد له مجلسًا على حدة. قال في التتارخانية: وهذا القائل: يستدل بامرأة صلت فلمسها زوجها أو قبلها بشهوة أو مصّ صبيّ ثديها وخرج اللبن: تفسد صلاتها.</span></p><p style=""text-align:justify;""><span class=""ar_writing"">الخامس: التفويض إلى رأي المصلي، فإن استكثره فكثير وإلا فقليل، قال القهستاني: وهو شامل للكل وأقرب إلى قول أبي حنيفة، فإنّه لم يقدر في مثله بل يفوض إلى رأي المبتلى. اهـ. قال في شرح المنية: ولكنّه غير مضبوط، وتفويض مثله إلى رأي العوام مما لاينبغي، وأكثر الفروع أو جميعها مفرع على الأولين. والظاهر أن ثانيهما ليس خارجًا عن الأول، لأنّ ما يقام باليدين عادةً يغلب ظن الناظر أنه ليس في الصلاة، وكذا قول من اعتبر التكرار ثلاثًا متواليةً؛ فإنّه يغلب الظن بذلك، فلذا اختاره جمهور المشايخ. اهـ.</span></p><p style=""text-align:justify;""><span class=""ar_writing"">(قوله: ما لايشك إلخ) أي عمل لايشك أي بل يظن ظنًّا غالبًا شرح المنية وما بمعنى عمل، والضمير في بسببه عائد إليه والناظر فاعل يشكّ، والمراد به من ليس له علم بشروع المصلي بالصلاة، كما في الحلية والبحر. وفي قول الشارح من بعيد تبعًا للبدائع والنهر إشارة إليه؛ لأنّ القريب لايخفى عليه الحال عادةً، فافهم. (قوله: وإن شك) أي اشتبه عليه وتردد"".</span> فقط واللہ اعلم</p></p><hr class=""big-hr""/>",25-01-2020,144105201100,banuri.edu.pk,نماز,نماز توڑنے والی چیزیں,نماز توڑنے والی اشیاء,"<div class=""col-md-12 sawal-jawab""><h3 class=""question_heading"">سوال</h3><p><p style=""text-align:justify;"">عملِ  کثیر کی کیا مقدار ہے؟</p></p><h4 class=""question_heading"">جواب</h4><p><p style=""text-align:justify;"">نماز کے دوران عملِ کثیر کا ارتکاب کرنے سے نماز فاسد ہوجاتی ہے، عملِ کثیر کی تعریف میں فقہاءِ کرام کے متعدد اقوال ہیں:</p><p style=""text-align:justify;"">1ـ   مفتیٰ بہ اور راجح قول یہ ہے کہ کوئی ایسا کام کرنا کہ  دور سے دیکھنے والے کو یقین ہو جائے  کہ یہ کام کرنے والا نماز نہیں پڑھ رہا ہے۔</p><p style=""text-align:justify;"">2ـ   دوسرا قول یہ ہے  کہ جو کام عام طور پر دو ہاتھوں سے کیا جاتا ہے، مثلاً عمامہ باندھنا، ازار بند باندھنا وغیرہ، یہ تمام کام عملِ کثیر شمار ہوتے ہیں، اگر یہ کام ایک ہاتھ سے کرے تب بھی یہ عملِ کثیر کہلائے گا اور جو کام عام طور پر ایک ہاتھ سے کیا جاتا ہے وہ عملِ قلیل شمار ہوتا ہے، اگر یہ کام دو ہاتھوں سے کرے تب بھی عملِ قلیل ہی کہلائے گا۔</p><p style=""text-align:justify;"">3ـ   تیسرا قول یہ ہے کہ تین حرکاتِ متوالیہ یعنی تین بار <span class=""ar_writing"">""سبحان ربي الأعلی"" </span> کہنے کی مقدار وقت میں تین دفعہ ہاتھ کو حرکت دی تو یہ عملِ کثیر ہے, ورنہ قلیل ہے۔</p><p style=""text-align:justify;"">یہ تین قول ہی زیادہ مشہور ہیں اور درحقیقت تینوں کا حاصل ایک ہی ہے، اس لیے  کہ قولِ ثانی و ثالث میں مذکور عمل کے کرنے والے کو اگر دور سے کوئی دیکھے تو اسے یقین ہو جائے گا  کہ یہ کام کرنے والا نماز نہیں پڑھ رہا ہے۔</p><p style=""text-align:justify;""><span class=""ar_writing"">الدر المختار وحاشية ابن عابدين (رد المحتار) (1/ 624):</span></p><p style=""text-align:justify;""><span class=""ar_writing"">""(و) يفسدها (كل عمل كثير) ليس من أعمالها ولا لإصلاحها، وفيه أقوال خمسة أصحها (ما لايشك) بسببه (الناظر) من بعيد (في فاعله أنه ليس فيها) وإن شك أنه فيها أم لا فقليل.</span></p><p style=""text-align:justify;""><span class=""ar_writing"">(قوله: ليس من أعمالها) احتراز عما لو زاد ركوعًا أو سجودًا مثلًا فإنه عمل كثير غير مفسد؛ لكونه منها غير أنه يرفض؛ لأن هذا سبيل ما دون الركعة ط قلت: والظاهر الاستغناء عن هذا القيد على تعريف العمل الكثير بما ذكره المصنف، تأمل. (قوله: ولا لإصلاحها) خرج به الوضوء والمشي لسبق الحدث فإنهما لايفسدانها ط. قلت: وينبغي أن يزاد ولا فعل لعذر احترازًا عن قتل الحية أو العقرب بعمل كثير على أحد القولين كما يأتي، إلا أن يقال إنه لإصلاحها؛ لأن تركه قد يؤدى إلى إفسادها، تأمل (قوله: وفيه أقوال خمسة أصحها ما لايشك إلخ) صحّحه في البدائع، وتابعه الزيلعي والولوالجي. وفي المحيط: أنه الأحسن. وقال الصدر الشهيد: إنه الصواب. وفي الخانية والخلاصة: إنه اختيار العامة. وقال في المحيط وغيره: رواه الثلجي عن أصحابنا، حلية.</span></p><p style=""text-align:justify;""><span class=""ar_writing"">القول الثاني: أنّ ما يعمل عادةً باليدين كثير وإن عمل بواحدة كالتعميم وشدّ السراويل وما عمل بواحدة قليل وإن عمل بهما كحلّ السراويل ولبس القلنسوة ونزعها إلا إذا تكرّر ثلاثًا متواليةً، وضعّفه في البحر بأنه قاصر عن إفادة ما لايعمل باليد كالمضغ والتقبيل.</span></p><p style=""text-align:justify;""><span class=""ar_writing"">الثالث: الحركات الثلاث المتوالية كثير وإلا فقليل.</span></p><p style=""text-align:justify;""><span class=""ar_writing"">الرابع: ما يكون مقصودًا للفاعل بأن يفرد له مجلسًا على حدة. قال في التتارخانية: وهذا القائل: يستدل بامرأة صلت فلمسها زوجها أو قبلها بشهوة أو مصّ صبيّ ثديها وخرج اللبن: تفسد صلاتها.</span></p><p style=""text-align:justify;""><span class=""ar_writing"">الخامس: التفويض إلى رأي المصلي، فإن استكثره فكثير وإلا فقليل، قال القهستاني: وهو شامل للكل وأقرب إلى قول أبي حنيفة، فإنّه لم يقدر في مثله بل يفوض إلى رأي المبتلى. اهـ. قال في شرح المنية: ولكنّه غير مضبوط، وتفويض مثله إلى رأي العوام مما لاينبغي، وأكثر الفروع أو جميعها مفرع على الأولين. والظاهر أن ثانيهما ليس خارجًا عن الأول، لأنّ ما يقام باليدين عادةً يغلب ظن الناظر أنه ليس في الصلاة، وكذا قول من اعتبر التكرار ثلاثًا متواليةً؛ فإنّه يغلب الظن بذلك، فلذا اختاره جمهور المشايخ. اهـ.</span></p><p style=""text-align:justify;""><span class=""ar_writing"">(قوله: ما لايشك إلخ) أي عمل لايشك أي بل يظن ظنًّا غالبًا شرح المنية وما بمعنى عمل، والضمير في بسببه عائد إليه والناظر فاعل يشكّ، والمراد به من ليس له علم بشروع المصلي بالصلاة، كما في الحلية والبحر. وفي قول الشارح من بعيد تبعًا للبدائع والنهر إشارة إليه؛ لأنّ القريب لايخفى عليه الحال عادةً، فافهم. (قوله: وإن شك) أي اشتبه عليه وتردد"".</span> فقط واللہ اعلم</p></p><hr class=""big-hr""/><div class=""col-sm-6 col-md-6""><p class=""question_heading"" style=""color:#73161f"">فتویٰ نمبر : <a id=""fatwa_number"">144105201100</a></p></div><div class=""col-sm-6 col-md-6""><p style=""color:#73161f"">دارالافتاء :
                                جامعہ علوم اسلامیہ علامہ محمد یوسف بنوری ٹاؤن</p></div><hr class=""big-hr""/><div class=""col-sm-4 col-md-4""><div class=""tag""><a href=""https://www.banuri.edu.pk/questions/kitab/salat""><i class=""icon-docs-bold""></i> نماز</a></div></div><div class=""col-sm-4 col-md-4""><div class=""tag""><a href=""https://www.banuri.edu.pk/questions/bab/namaz-torney-wali-chezen""><i class=""icon-docs-bold""></i> نماز توڑنے والی چیزیں</a></div></div><div class=""col-sm-4 col-md-4""><div class=""tag""><a href=""https://www.banuri.edu.pk/questions/fasal/namaz-tornay-wali-ashya""><i class=""icon-docs-bold""></i> نماز توڑنے والی اشیاء</a></div></div></div>"
https://www.banuri.edu.pk/readquestion/منگیتر-کےساتھ-فون-پربات-کرنا-کیسا-ہے-144106200118/29-01-2020,منگیتر کےساتھ فون پربات کرنا کیسا ہے؟,"<p><p style=""text-align:justify;"">منگیتر کےساتھ فون پربات کرنا کیسا ہے؟</p></p>","<hr class=""big-hr""/>",29-01-2020,144106200118,banuri.edu.pk,نکاح,منگنی,منگنی کی شرعی حیثیت,"<div class=""col-md-12 sawal-jawab""><h3 class=""question_heading"">سوال</h3><p><p style=""text-align:justify;"">منگیتر کےساتھ فون پربات کرنا کیسا ہے؟</p></p><h4 class=""question_heading"">جواب</h4><p><p style=""text-align:justify;"">جس لڑکی سے منگنی ہو جائے وہ نکاح تک اجنبی ہی رہتی ہے، اس سے فون پر بات چیت کرنا یا ملاقاتیں کرنا ناجائز ہے۔</p><p style=""text-align:justify;""><span class=""ar_writing"">الدر المختار وحاشية ابن عابدين (رد المحتار) (6/ 369):</span></p><p style=""text-align:justify;""><span class=""ar_writing"">""ولايكلم الأجنبية إلا عجوزاً عطست أو سلّمت فيشمتها و يرد السلام عليها، وإلا لا. انتهى.</span></p><p style=""text-align:justify;""><span class=""ar_writing"">(قوله: وإلا لا) أي وإلا تكن عجوزاً بل شابةً لايشمّتها، ولايرد السلام بلسانه. قال في الخانية: وكذا الرجل مع المرأة إذا التقيا يسلّم الرجل أولاً، وإذا سلّمت المرأة الأجنبية على رجل إن كانت عجوزاً ردّ الرجل عليها السلام بلسانه بصوت تسمع، وإن كانت شابةً ردّ عليها في نفسه، وكذا الرجل إذا سلّم على امرأة أجنبية، فالجواب فيه على العكس. اهـ"".</span>فقط واللہ اعلم</p></p><hr class=""big-hr""/><div class=""col-sm-6 col-md-6""><p class=""question_heading"" style=""color:#73161f"">فتویٰ نمبر : <a id=""fatwa_number"">144106200118</a></p></div><div class=""col-sm-6 col-md-6""><p style=""color:#73161f"">دارالافتاء :
                                جامعہ علوم اسلامیہ علامہ محمد یوسف بنوری ٹاؤن</p></div><hr class=""big-hr""/><div class=""col-sm-4 col-md-4""><div class=""tag""><a href=""https://www.banuri.edu.pk/questions/kitab/nikah""><i class=""icon-docs-bold""></i> نکاح</a></div></div><div class=""col-sm-4 col-md-4""><div class=""tag""><a href=""https://www.banuri.edu.pk/questions/bab/mangni""><i class=""icon-docs-bold""></i> منگنی</a></div></div><div class=""col-sm-4 col-md-4""><div class=""tag""><a href=""https://www.banuri.edu.pk/questions/fasal/mangni""><i class=""icon-docs-bold""></i> منگنی کی شرعی حیثیت</a></div></div></div>"
https://www.banuri.edu.pk/readquestion/کیا-وعدہ-توڑنے-پر-کفارہ-آئےگا-144106200119/29-01-2020,کیا وعدہ توڑنے پر کفارہ آئےگا؟,"<p><p style=""text-align:justify;"">دو آدمیوں نے کوئی چیز (کھانے) کی خریدی تو باتو ں باتوں  میں ایک نے کہا کہ میں نہیں کھاتا، دوسرے نے وعدہ اس سے لیا یعنی کہ یہ وعدہ کرو کہ میں یہ نہیں کھاتا تو اگر اس کے بعد کھاۓ تو کیا حکم ہے؟ یہ قسم کے زمرے آتاہے یا نہیں؟ یہ حانث ہوگا جب کہ اس نے وعدہ بھی کیا نہ کھانے کا؟</p></p>","<p><p style=""text-align:justify;"">صورت مسئولہ میں کھانا نہ کھانے کا وعدہ توڑنا قسم کے زمرے میں نہیں آتا، تاہم بلا عذر وعدہ خلافی کرنا مناسب نہیں۔</p><p style=""text-align:justify;"">قسم اور وعدہ میں فرق کے لیے جامعہ کا فتوی یہاں ملاحظہ کریں :</p><p style=""text-align:justify;""><a href=""https://www.banuri.edu.pk/readquestion/%D9%88%D8%B9%D8%AF%DB%81-%D8%AA%D9%88%DA%91%D9%86%DB%92-%DA%A9%D8%A7-%DA%A9%D9%81%D8%A7%D8%B1%DB%81-2/21-07-2019"">قسم اور وعدہ میں فرق</a> </p><p style=""text-align:justify;"">فقط واللہ اعلم</p></p><hr class=""big-hr""/>",29-01-2020,144106200119,banuri.edu.pk,حظر و اباحت,قسم / منت,قسم و کفارات,"<div class=""col-md-12 sawal-jawab""><h3 class=""question_heading"">سوال</h3><p><p style=""text-align:justify;"">دو آدمیوں نے کوئی چیز (کھانے) کی خریدی تو باتو ں باتوں  میں ایک نے کہا کہ میں نہیں کھاتا، دوسرے نے وعدہ اس سے لیا یعنی کہ یہ وعدہ کرو کہ میں یہ نہیں کھاتا تو اگر اس کے بعد کھاۓ تو کیا حکم ہے؟ یہ قسم کے زمرے آتاہے یا نہیں؟ یہ حانث ہوگا جب کہ اس نے وعدہ بھی کیا نہ کھانے کا؟</p></p><h4 class=""question_heading"">جواب</h4><p><p style=""text-align:justify;"">صورت مسئولہ میں کھانا نہ کھانے کا وعدہ توڑنا قسم کے زمرے میں نہیں آتا، تاہم بلا عذر وعدہ خلافی کرنا مناسب نہیں۔</p><p style=""text-align:justify;"">قسم اور وعدہ میں فرق کے لیے جامعہ کا فتوی یہاں ملاحظہ کریں :</p><p style=""text-align:justify;""><a href=""https://www.banuri.edu.pk/readquestion/%D9%88%D8%B9%D8%AF%DB%81-%D8%AA%D9%88%DA%91%D9%86%DB%92-%DA%A9%D8%A7-%DA%A9%D9%81%D8%A7%D8%B1%DB%81-2/21-07-2019"">قسم اور وعدہ میں فرق</a> </p><p style=""text-align:justify;"">فقط واللہ اعلم</p></p><hr class=""big-hr""/><div class=""col-sm-6 col-md-6""><p class=""question_heading"" style=""color:#73161f"">فتویٰ نمبر : <a id=""fatwa_number"">144106200119</a></p></div><div class=""col-sm-6 col-md-6""><p style=""color:#73161f"">دارالافتاء :
                                جامعہ علوم اسلامیہ علامہ محمد یوسف بنوری ٹاؤن</p></div><hr class=""big-hr""/><div class=""col-sm-4 col-md-4""><div class=""tag""><a href=""https://www.banuri.edu.pk/questions/kitab/mamnooaat-mubahat""><i class=""icon-docs-bold""></i> حظر و اباحت</a></div></div><div class=""col-sm-4 col-md-4""><div class=""tag""><a href=""https://www.banuri.edu.pk/questions/bab/qasam-mannat""><i class=""icon-docs-bold""></i> قسم / منت</a></div></div><div class=""col-sm-4 col-md-4""><div class=""tag""><a href=""https://www.banuri.edu.pk/questions/fasal/qasam-o-kaffarat""><i class=""icon-docs-bold""></i> قسم و کفارات</a></div></div></div>"
https://www.banuri.edu.pk/readquestion/کتے-اور-بلی-کی-خرید-و-فروخت-جائز-ہے-144106200161/31-01-2020,کتے اور بلی کی خرید و فروخت جائز ہے؟,"<p><p style=""text-align:justify;"">کتے اور بلی کی خرید و فروخت جائز ہے؟</p></p>","<p><p style=""text-align:justify;"">جس کتے سے انتفاع جائز ہے، (مثلاً وہ تعلیم قبول کرنے کی صلاحیت رکھتا ہے اور اس سے شکار یا حفاظت کا کام لیا جاسکتا ہے) اس کی خرید و فروخت  جائز ہے، اور جس کتے سے انتفاع جائز نہیں اس کی خرید وفروخت بھی جائز نہیں۔</p><p style=""text-align:justify;"">بلی  کی خرید و فروخت جائز ہے۔</p><p style=""text-align:justify;""><span class=""ar_writing"">الدر المختار وحاشية ابن عابدين (رد المحتار) (5/ 68):<br/>
’’لكن في الخانية: بيع الكلب المعلم عندنا جائز، وكذا السنور، وسباع الوحش والطير جائز معلماً أو غير معلم‘‘.</span></p><p style=""text-align:justify;""><span class=""ar_writing"">الفتاوى الهندية (3/ 114):<br/>
’’بيع الكلب المعلم عندنا جائز، وكذلك بيع السنور وسباع الوحش والطير جائز عندنا معلماً كان أو لم يكن، كذا في فتاوى قاضي خان‘‘.<br/>
الفتاوى الهندية (3/ 114):<br/>
’’وبيع الكلب غير المعلم يجوز إذا كان قابلاً للتعليم وإلا فلا، وهو الصحيح، كذا في جواهر الأخلاطي‘‘.</span>فقط واللہ اعلم</p></p><hr class=""big-hr""/>",31-01-2020,144106200161,banuri.edu.pk,متفرق کتب,متفرق ابواب,متفرق فصول,"<div class=""col-md-12 sawal-jawab""><h3 class=""question_heading"">سوال</h3><p><p style=""text-align:justify;"">کتے اور بلی کی خرید و فروخت جائز ہے؟</p></p><h4 class=""question_heading"">جواب</h4><p><p style=""text-align:justify;"">جس کتے سے انتفاع جائز ہے، (مثلاً وہ تعلیم قبول کرنے کی صلاحیت رکھتا ہے اور اس سے شکار یا حفاظت کا کام لیا جاسکتا ہے) اس کی خرید و فروخت  جائز ہے، اور جس کتے سے انتفاع جائز نہیں اس کی خرید وفروخت بھی جائز نہیں۔</p><p style=""text-align:justify;"">بلی  کی خرید و فروخت جائز ہے۔</p><p style=""text-align:justify;""><span class=""ar_writing"">الدر المختار وحاشية ابن عابدين (رد المحتار) (5/ 68):<br/>
’’لكن في الخانية: بيع الكلب المعلم عندنا جائز، وكذا السنور، وسباع الوحش والطير جائز معلماً أو غير معلم‘‘.</span></p><p style=""text-align:justify;""><span class=""ar_writing"">الفتاوى الهندية (3/ 114):<br/>
’’بيع الكلب المعلم عندنا جائز، وكذلك بيع السنور وسباع الوحش والطير جائز عندنا معلماً كان أو لم يكن، كذا في فتاوى قاضي خان‘‘.<br/>
الفتاوى الهندية (3/ 114):<br/>
’’وبيع الكلب غير المعلم يجوز إذا كان قابلاً للتعليم وإلا فلا، وهو الصحيح، كذا في جواهر الأخلاطي‘‘.</span>فقط واللہ اعلم</p></p><hr class=""big-hr""/><div class=""col-sm-6 col-md-6""><p class=""question_heading"" style=""color:#73161f"">فتویٰ نمبر : <a id=""fatwa_number"">144106200161</a></p></div><div class=""col-sm-6 col-md-6""><p style=""color:#73161f"">دارالافتاء :
                                جامعہ علوم اسلامیہ علامہ محمد یوسف بنوری ٹاؤن</p></div><hr class=""big-hr""/><div class=""col-sm-4 col-md-4""><div class=""tag""><a href=""https://www.banuri.edu.pk/questions/kitab/mutafarriq-kutub""><i class=""icon-docs-bold""></i> متفرق کتب</a></div></div><div class=""col-sm-4 col-md-4""><div class=""tag""><a href=""https://www.banuri.edu.pk/questions/bab/mutafarriq-abwab""><i class=""icon-docs-bold""></i> متفرق ابواب</a></div></div><div class=""col-sm-4 col-md-4""><div class=""tag""><a href=""https://www.banuri.edu.pk/questions/fasal/mutafarriq-fusool""><i class=""icon-docs-bold""></i> متفرق فصول</a></div></div></div>"
https://www.banuri.edu.pk/readquestion/معتدہ-کا-دانت-کے-علاج-کے-لیے-ہسپتال-جانا-144106200157/31-01-2020,معتدہ کا دانت کے علاج کے لیے ہسپتال جانا,"<p><p style=""text-align:justify;"">شوہر کے انتقال کے بعد دورانِ عدت معتدہ کے دانت میں شدید درد ہو تو علاج کے لیے ہسپتال جاسکتی ہے یا نہیں؟</p></p>","<p><p style=""text-align:justify;"">اگر گھر پر ہی علاج کی سہولت میسر نہ ہو تو ایسی صورت میں معتدہ ہسپتال جاسکتی ہے، تاہم کسی ایسی جگہ علاج کرائے جہاں سے علاج کراکر مغرب سے پہلے گھر واپسی ہوجائے۔</p><p style=""text-align:justify;""><span class=""ar_writing"">الدر المختار وحاشية ابن عابدين (رد المحتار) (3 / 536):<br/>
""(ومعتدة موت تخرج في الجديدين وتبيت) أكثر الليل (في منزلها)؛ لأن نفقتها عليها فتحتاج للخروج"".</span> فقط واللہ اعلم</p></p><hr class=""big-hr""/>",31-01-2020,144106200157,banuri.edu.pk,طلاق,عدت,عدت,"<div class=""col-md-12 sawal-jawab""><h3 class=""question_heading"">سوال</h3><p><p style=""text-align:justify;"">شوہر کے انتقال کے بعد دورانِ عدت معتدہ کے دانت میں شدید درد ہو تو علاج کے لیے ہسپتال جاسکتی ہے یا نہیں؟</p></p><h4 class=""question_heading"">جواب</h4><p><p style=""text-align:justify;"">اگر گھر پر ہی علاج کی سہولت میسر نہ ہو تو ایسی صورت میں معتدہ ہسپتال جاسکتی ہے، تاہم کسی ایسی جگہ علاج کرائے جہاں سے علاج کراکر مغرب سے پہلے گھر واپسی ہوجائے۔</p><p style=""text-align:justify;""><span class=""ar_writing"">الدر المختار وحاشية ابن عابدين (رد المحتار) (3 / 536):<br/>
""(ومعتدة موت تخرج في الجديدين وتبيت) أكثر الليل (في منزلها)؛ لأن نفقتها عليها فتحتاج للخروج"".</span> فقط واللہ اعلم</p></p><hr class=""big-hr""/><div class=""col-sm-6 col-md-6""><p class=""question_heading"" style=""color:#73161f"">فتویٰ نمبر : <a id=""fatwa_number"">144106200157</a></p></div><div class=""col-sm-6 col-md-6""><p style=""color:#73161f"">دارالافتاء :
                                جامعہ علوم اسلامیہ علامہ محمد یوسف بنوری ٹاؤن</p></div><hr class=""big-hr""/><div class=""col-sm-4 col-md-4""><div class=""tag""><a href=""https://www.banuri.edu.pk/questions/kitab/talaaq""><i class=""icon-docs-bold""></i> طلاق</a></div></div><div class=""col-sm-4 col-md-4""><div class=""tag""><a href=""https://www.banuri.edu.pk/questions/bab/iddat""><i class=""icon-docs-bold""></i> عدت</a></div></div><div class=""col-sm-4 col-md-4""><div class=""tag""><a href=""https://www.banuri.edu.pk/questions/fasal/iddat""><i class=""icon-docs-bold""></i> عدت</a></div></div></div>"
https://www.banuri.edu.pk/readquestion/جماعت-کی-ایک-دو-یا-تین-رکعتیں-چھوٹنے-کی-صورت-میں-ادائیگی-کا-طریقہ-144106200172/31-01-2020,جماعت کی ایک، دو یا تین رکعتیں چھوٹنے کی صورت میں ادائیگی کا طریقہ,"<p><p style=""text-align:justify;"">اگر جماعت کی دو یا تین رکعتیں رہ جائیں تو ان کی ادائیگی کا طریقہ بتا دیں ۔</p></p>","<p><p style=""text-align:justify;"">دو رکعت والی فرض نماز (فجر) میں اگر ایک رکعت چھوٹ جائے تو امام کے سلام پھیرنے کے بعد مسبوق سلام پھیرے  بغیرے کھڑا ہوجائے اور سب سے پہلے ثناء پڑھے پھر اعوذ باللہ اور بسم اللہ پڑھنے کے بعد سورہ فاتحہ اور دوسری سورت پڑھ کر رکوع وسجدہ کرے اور قعدہ میں بیٹھ کر التحیات، درود شریف اور دعا پڑھ کر سلام پھیر دے۔ اور اگر فجر کی دوسری رکعت کے رکوع کے بعد امام کے ساتھ شامل ہوا ہو تو امام کے سلام پھیرنے کے بعد مکمل دو رکعت ایسے ہی ادا کرنی ہوں گی جیسے انفرادی پڑھتے ہوئے ادا کرنی ہوتی ہیں۔</p><p style=""text-align:justify;"">تین رکعت والی فرض نماز (مثلاً مغرب) کی نماز میں اگر ایک رکعت چھوٹ جائے تو اسی مذکورہ طریقے پر اسے ادا کرے جو طریقہ دو رکعت والی نماز کے بارے میں بیان کیا گیا، اور اگر تین رکعت والی نماز میں دو رکعت چھوٹ گئیں تو امام کے سلام پھیرنے کے بعد کھڑے ہوکر  ثناء پڑھے پھر اعوذ باللہ اور بسم اللہ پڑھنے کے بعد سورہ فاتحہ اور دوسری سورت پڑھ کر رکوع وسجدہ کرے اور قعدہ میں بیٹھ کر التحیات پڑھ کر دوبارہ کھڑا ہوجائے، پھر بسم اللہ، سورہ فاتحہ اور دوسری سورت پڑھنے کے بعد  رکوع وسجدہ کرے اور قعدہ میں بیٹھ کر التحیات، درود شریف اور دعا پڑھ کر سلام پھیر دے۔ اور اگر مغرب کی تیسری رکعت کے رکوع کے بعد امام کے ساتھ شامل ہو تو امام کے سلام کے بعد پوری تین رکعت اسی ترتیب سے ادا کرنی ہوں گی جس طرح انفرادی طور پر ادا کی جاتی ہیں۔</p><p style=""text-align:justify;"">چار رکعت والی فرض نماز (ظہر، عصر، عشاء) میں اگر ایک رکعت چھوٹ گئی تو اسے اوپر بیان کردہ طریقہ پر ہی پڑھے، اگر چار رکعت والی نماز میں دو رکعتیں چھوٹ گئیں تو  امام کے سلام پھیرنے کے بعد کھڑے ہوکر  ثناء پڑھے پھر اعوذ باللہ اور بسم اللہ پڑھنے کے بعد سورہ فاتحہ اور دوسری سورت پڑھ کر رکوع وسجدہ کرنے کے بعد قعدہ میں نہ بیٹھے، بلکہ سیدھا کھڑا ہوجائے ، پھر بسم اللہ، سورہ فاتحہ اور دوسری سورت پڑھنے کے بعد  رکوع وسجدہ کرے اور قعدہ میں بیٹھ کر التحیات، درود شریف اور دعا پڑھ کر سلام پھیر دے۔</p><p style=""text-align:justify;"">چار رکعت والی نماز میں اگر تین رکعتیں چھوٹ جائیں تو ان کی ادائیگی کا طریقہ یہ ہے کہ امام کے سلام پھیرنے کے بعد کھڑے ہوکر  ثناء پڑھے پھر اعوذ باللہ اور بسم اللہ پڑھنے کے بعد سورہ فاتحہ اور دوسری سورت پڑھ کر رکوع وسجدہ کرے اور قعدہ میں بیٹھ کر التحیات پڑھ کر دوبارہ کھڑا ہوجائے پھر بسم اللہ، سورہ فاتحہ اور دوسری سورت پڑھنے کے بعد  رکوع وسجدہ کرنے کے بعد قعدہ میں نہ بیٹھے، بلکہ سیدھا کھڑا ہوجائے ، پھر بسم اللہ اور سورہ فاتحہ پڑھ کر رکوع وسجدہ کرے اور قعدہ میں بیٹھ کر التحیات، درود شریف اور دعا پڑھ کر سلام پھیر دے۔</p><p style=""text-align:justify;"">خلاصہ یہ ہے کہ جس کی امام کے ساتھ شامل ہونے کی صورت میں کچھ رکعتیں چھوٹ گئی ہوں تو چھوٹی ہوئی رکعتوں میں قرأت کرتے ہوئے ان رکعتوں کو ابتدائی رکعت تصور کرے گا اور  قعدہ میں بیٹھنے یا نہ بیٹھنے میں ان رکعتوں کو آخر کی رکعتیں مان کر اس حساب سے قعدہ کرے گا، یعنی اگر ایک یا دو رکعتیں چھوٹی ہوں تو ان کو ابتدائی رکعتیں مان کر دونوں میں سورہ فاتحہ پڑھنے کے بعد بھی مزید قرأت کرے گا اور تین رکعتیں چھوٹنے کی صورت میں تیسری رکعت میں سورہ فاتحہ پڑھنے کے بعد مزید قرأت نہیں کرے گا، جب کہ تین رکعت والی نماز میں ایک یا دو رکعت چھوٹنے کی صورت میں ان رکعتوں کو قعدہ کے اعتبار سے دوسری اور تیسری رکعت مان کر دونوں میں قعدہ میں بیٹھے گا، چار رکعت والی نماز میں اگر ایک، یا تین رکعتیں چھوٹ جائیں تو پہلی رکعت کو قعدہ کے اعتبار سے دوسری رکعت مان کر اس میں قعدہ کریں گے،اور تیسری کو چوتھی مان کر اس میں قعدہ کرے گا۔ فقط واللہ اعلم</p></p><hr class=""big-hr""/>",31-01-2020,144106200172,banuri.edu.pk,نماز,نماز کی جماعت,جماعت / امامت,"<div class=""col-md-12 sawal-jawab""><h3 class=""question_heading"">سوال</h3><p><p style=""text-align:justify;"">اگر جماعت کی دو یا تین رکعتیں رہ جائیں تو ان کی ادائیگی کا طریقہ بتا دیں ۔</p></p><h4 class=""question_heading"">جواب</h4><p><p style=""text-align:justify;"">دو رکعت والی فرض نماز (فجر) میں اگر ایک رکعت چھوٹ جائے تو امام کے سلام پھیرنے کے بعد مسبوق سلام پھیرے  بغیرے کھڑا ہوجائے اور سب سے پہلے ثناء پڑھے پھر اعوذ باللہ اور بسم اللہ پڑھنے کے بعد سورہ فاتحہ اور دوسری سورت پڑھ کر رکوع وسجدہ کرے اور قعدہ میں بیٹھ کر التحیات، درود شریف اور دعا پڑھ کر سلام پھیر دے۔ اور اگر فجر کی دوسری رکعت کے رکوع کے بعد امام کے ساتھ شامل ہوا ہو تو امام کے سلام پھیرنے کے بعد مکمل دو رکعت ایسے ہی ادا کرنی ہوں گی جیسے انفرادی پڑھتے ہوئے ادا کرنی ہوتی ہیں۔</p><p style=""text-align:justify;"">تین رکعت والی فرض نماز (مثلاً مغرب) کی نماز میں اگر ایک رکعت چھوٹ جائے تو اسی مذکورہ طریقے پر اسے ادا کرے جو طریقہ دو رکعت والی نماز کے بارے میں بیان کیا گیا، اور اگر تین رکعت والی نماز میں دو رکعت چھوٹ گئیں تو امام کے سلام پھیرنے کے بعد کھڑے ہوکر  ثناء پڑھے پھر اعوذ باللہ اور بسم اللہ پڑھنے کے بعد سورہ فاتحہ اور دوسری سورت پڑھ کر رکوع وسجدہ کرے اور قعدہ میں بیٹھ کر التحیات پڑھ کر دوبارہ کھڑا ہوجائے، پھر بسم اللہ، سورہ فاتحہ اور دوسری سورت پڑھنے کے بعد  رکوع وسجدہ کرے اور قعدہ میں بیٹھ کر التحیات، درود شریف اور دعا پڑھ کر سلام پھیر دے۔ اور اگر مغرب کی تیسری رکعت کے رکوع کے بعد امام کے ساتھ شامل ہو تو امام کے سلام کے بعد پوری تین رکعت اسی ترتیب سے ادا کرنی ہوں گی جس طرح انفرادی طور پر ادا کی جاتی ہیں۔</p><p style=""text-align:justify;"">چار رکعت والی فرض نماز (ظہر، عصر، عشاء) میں اگر ایک رکعت چھوٹ گئی تو اسے اوپر بیان کردہ طریقہ پر ہی پڑھے، اگر چار رکعت والی نماز میں دو رکعتیں چھوٹ گئیں تو  امام کے سلام پھیرنے کے بعد کھڑے ہوکر  ثناء پڑھے پھر اعوذ باللہ اور بسم اللہ پڑھنے کے بعد سورہ فاتحہ اور دوسری سورت پڑھ کر رکوع وسجدہ کرنے کے بعد قعدہ میں نہ بیٹھے، بلکہ سیدھا کھڑا ہوجائے ، پھر بسم اللہ، سورہ فاتحہ اور دوسری سورت پڑھنے کے بعد  رکوع وسجدہ کرے اور قعدہ میں بیٹھ کر التحیات، درود شریف اور دعا پڑھ کر سلام پھیر دے۔</p><p style=""text-align:justify;"">چار رکعت والی نماز میں اگر تین رکعتیں چھوٹ جائیں تو ان کی ادائیگی کا طریقہ یہ ہے کہ امام کے سلام پھیرنے کے بعد کھڑے ہوکر  ثناء پڑھے پھر اعوذ باللہ اور بسم اللہ پڑھنے کے بعد سورہ فاتحہ اور دوسری سورت پڑھ کر رکوع وسجدہ کرے اور قعدہ میں بیٹھ کر التحیات پڑھ کر دوبارہ کھڑا ہوجائے پھر بسم اللہ، سورہ فاتحہ اور دوسری سورت پڑھنے کے بعد  رکوع وسجدہ کرنے کے بعد قعدہ میں نہ بیٹھے، بلکہ سیدھا کھڑا ہوجائے ، پھر بسم اللہ اور سورہ فاتحہ پڑھ کر رکوع وسجدہ کرے اور قعدہ میں بیٹھ کر التحیات، درود شریف اور دعا پڑھ کر سلام پھیر دے۔</p><p style=""text-align:justify;"">خلاصہ یہ ہے کہ جس کی امام کے ساتھ شامل ہونے کی صورت میں کچھ رکعتیں چھوٹ گئی ہوں تو چھوٹی ہوئی رکعتوں میں قرأت کرتے ہوئے ان رکعتوں کو ابتدائی رکعت تصور کرے گا اور  قعدہ میں بیٹھنے یا نہ بیٹھنے میں ان رکعتوں کو آخر کی رکعتیں مان کر اس حساب سے قعدہ کرے گا، یعنی اگر ایک یا دو رکعتیں چھوٹی ہوں تو ان کو ابتدائی رکعتیں مان کر دونوں میں سورہ فاتحہ پڑھنے کے بعد بھی مزید قرأت کرے گا اور تین رکعتیں چھوٹنے کی صورت میں تیسری رکعت میں سورہ فاتحہ پڑھنے کے بعد مزید قرأت نہیں کرے گا، جب کہ تین رکعت والی نماز میں ایک یا دو رکعت چھوٹنے کی صورت میں ان رکعتوں کو قعدہ کے اعتبار سے دوسری اور تیسری رکعت مان کر دونوں میں قعدہ میں بیٹھے گا، چار رکعت والی نماز میں اگر ایک، یا تین رکعتیں چھوٹ جائیں تو پہلی رکعت کو قعدہ کے اعتبار سے دوسری رکعت مان کر اس میں قعدہ کریں گے،اور تیسری کو چوتھی مان کر اس میں قعدہ کرے گا۔ فقط واللہ اعلم</p></p><hr class=""big-hr""/><div class=""col-sm-6 col-md-6""><p class=""question_heading"" style=""color:#73161f"">فتویٰ نمبر : <a id=""fatwa_number"">144106200172</a></p></div><div class=""col-sm-6 col-md-6""><p style=""color:#73161f"">دارالافتاء :
                                جامعہ علوم اسلامیہ علامہ محمد یوسف بنوری ٹاؤن</p></div><hr class=""big-hr""/><div class=""col-sm-4 col-md-4""><div class=""tag""><a href=""https://www.banuri.edu.pk/questions/kitab/salat""><i class=""icon-docs-bold""></i> نماز</a></div></div><div class=""col-sm-4 col-md-4""><div class=""tag""><a href=""https://www.banuri.edu.pk/questions/bab/namaz-ki-jamat""><i class=""icon-docs-bold""></i> نماز کی جماعت</a></div></div><div class=""col-sm-4 col-md-4""><div class=""tag""><a href=""https://www.banuri.edu.pk/questions/fasal/jamat-imamat""><i class=""icon-docs-bold""></i> جماعت / امامت</a></div></div></div>"
https://www.banuri.edu.pk/readquestion/نکاح-کے-بغیر-ولی-اللہ-144106200187/31-01-2020,کیا نکاح کے بغیر کوئی ولی اللہ بن سکتا ہے؟,"<p><p style=""text-align:justify;"">ایک شخص بڑا عبادت گزار ہے اور اس نے نکاح نہیں کیا تو کیا وہ ولی اللہ بن سکتا ہے؟</p></p>","<p><p style=""text-align:justify;"">خود پاک دامن ہو اور نکاح نہ کرنے کی کوئی معتبر  شرعی وجہ ہو تو بلاشبہ ولی اللہ ہوسکتاہے۔ فقط واللہ اعلم</p></p><hr class=""big-hr""/>",31-01-2020,144106200187,banuri.edu.pk,متفرق کتب,متفرق ابواب,متفرق فصول,"<div class=""col-md-12 sawal-jawab""><h3 class=""question_heading"">سوال</h3><p><p style=""text-align:justify;"">ایک شخص بڑا عبادت گزار ہے اور اس نے نکاح نہیں کیا تو کیا وہ ولی اللہ بن سکتا ہے؟</p></p><h4 class=""question_heading"">جواب</h4><p><p style=""text-align:justify;"">خود پاک دامن ہو اور نکاح نہ کرنے کی کوئی معتبر  شرعی وجہ ہو تو بلاشبہ ولی اللہ ہوسکتاہے۔ فقط واللہ اعلم</p></p><hr class=""big-hr""/><div class=""col-sm-6 col-md-6""><p class=""question_heading"" style=""color:#73161f"">فتویٰ نمبر : <a id=""fatwa_number"">144106200187</a></p></div><div class=""col-sm-6 col-md-6""><p style=""color:#73161f"">دارالافتاء :
                                جامعہ علوم اسلامیہ علامہ محمد یوسف بنوری ٹاؤن</p></div><hr class=""big-hr""/><div class=""col-sm-4 col-md-4""><div class=""tag""><a href=""https://www.banuri.edu.pk/questions/kitab/mutafarriq-kutub""><i class=""icon-docs-bold""></i> متفرق کتب</a></div></div><div class=""col-sm-4 col-md-4""><div class=""tag""><a href=""https://www.banuri.edu.pk/questions/bab/mutafarriq-abwab""><i class=""icon-docs-bold""></i> متفرق ابواب</a></div></div><div class=""col-sm-4 col-md-4""><div class=""tag""><a href=""https://www.banuri.edu.pk/questions/fasal/mutafarriq-fusool""><i class=""icon-docs-bold""></i> متفرق فصول</a></div></div></div>"
https://www.banuri.edu.pk/readquestion/بول-الضفدع-نجس-144103200797/28-11-2019,بول الضفدع نجس,"<p><p style=""text-align:justify;""><span class=""ar_writing"">ما حكم بول الضفدع البري والبحري؟ أما نفس الضفدع فحكمه معلوم لدينا، ولكن حكم بوله مشكل عندنا، فأجب عنه بيانًا شافيًا!</span></p></p>","<hr class=""big-hr""/>",28-11-2019,144103200797,banuri.edu.pk,طہارت,نجاست اور اس سے پاکی,نجاست سے پاکی,"<div class=""col-md-12 sawal-jawab""><h3 class=""question_heading"">سوال</h3><p><p style=""text-align:justify;""><span class=""ar_writing"">ما حكم بول الضفدع البري والبحري؟ أما نفس الضفدع فحكمه معلوم لدينا، ولكن حكم بوله مشكل عندنا، فأجب عنه بيانًا شافيًا!</span></p></p><h4 class=""question_heading"">جواب</h4><p><p style=""text-align:justify;""><span class=""ar_writing"">بول الضفدع نجس نجاسةً غليظةً، سواء كان بريًّا أو بحريًّا؛ إلا أنه یعفی لو بال في البیر أو العین للضرورة،كما في الفتاوي الهندية:</span></p><p style=""text-align:justify;""><span class=""ar_writing"">""وَبَوْلُ مَا لَايُؤْكَلُ وَالرَّوْثُ وَأَخْثَاءُ الْبَقَرِ وَالْعَذِرَةِ وَنَجْوُ الْكَلْبِ وَخُرْءُ الدَّجَاجِ وَالْبَطِّ وَالْإِوَزِّ نَجِسٌ نَجَاسَةً غَلِيظَةً، هَكَذَا فِي فَتَاوَى قَاضِي خَانْ"". (الْفَصْلُ الثَّانِي فِي الْأَعْيَانِ النَّجِسَةِ، ١ / ٤٦)</span></p><p style=""text-align:justify;""><span class=""ar_writing"">و في إمداد الفتاوى:</span></p><p style=""text-align:justify;"">سوال (۱۰۹) : قدیم ۱/ ۱۲۱- بول غوک پاک است یانہ؟ اگرناپاک کدام ناپاک؟</p><p style=""text-align:justify;"">الجواب : ج؍۱ص؍۲۹۳:<span class=""ar_writing"">في الدر المختار في النجاسة الغلیظة: ""وبول غیر مأکول""،</span> پس بنابریں قاعدہ بول غوک نجس غلیظ است، البتہ درغوکے کہ درآب می ماندحکم نجاست نکردہ شود للضرورۃ۔<span class=""ar_writing"">کما في الدر المختار مسائل البیر: ولا نزح في بول فارة علی الأصح. وفي رد المحتار: ""ولعلهم رجحوا القول بالعفو للضرورة"". </span> (۹؍جمادی الاولیٰ ۱۳۳۸؁ھ(تتمہ اولیٰ ص۵) (امداد الفتاوی، کتاب الطہارہ، بعنوان: مینڈک کا پیشاب،  ١ / ٣٦٢)  فقط و اللہ اعلم</p></p><hr class=""big-hr""/><div class=""col-sm-6 col-md-6""><p class=""question_heading"" style=""color:#73161f"">فتویٰ نمبر : <a id=""fatwa_number"">144103200797</a></p></div><div class=""col-sm-6 col-md-6""><p style=""color:#73161f"">دارالافتاء :
                                جامعہ علوم اسلامیہ علامہ محمد یوسف بنوری ٹاؤن</p></div><hr class=""big-hr""/><div class=""col-sm-4 col-md-4""><div class=""tag""><a href=""https://www.banuri.edu.pk/questions/kitab/taharat""><i class=""icon-docs-bold""></i> طہارت</a></div></div><div class=""col-sm-4 col-md-4""><div class=""tag""><a href=""https://www.banuri.edu.pk/questions/bab/najasat-aur-us-ki-paki""><i class=""icon-docs-bold""></i> نجاست اور اس سے پاکی</a></div></div><div class=""col-sm-4 col-md-4""><div class=""tag""><a href=""https://www.banuri.edu.pk/questions/fasal/nijasat-aur-us-ki-paki""><i class=""icon-docs-bold""></i> نجاست سے پاکی</a></div></div></div>"
https://www.banuri.edu.pk/readquestion/ایک-بیوہ-دو-بیٹوں-اور-چھ-بیٹیوں-کے-درمیان-میراث-کی-تقسیم-144106200171/31-01-2020,ایک بیوہ، دو بیٹوں اور چھ بیٹیوں کے درمیان میراث کی تقسیم,"<p><p style=""text-align:justify;"">ایک بیوہ،  2بیٹوں  اور 6 بیٹیوں کے درمیان میراث کی تقسیم کیسے ہوگی؟</p></p>","<p><p style=""text-align:justify;"">صورتِ مسئولہ میں مرحوم کے ترکہ کی تقسیم کا شرعی طریقہ کار یہ ہے کہ سب سے پہلے مرحوم کی کل جائیداد منقولہ و غیر منقولہ میں سے مرحوم کے   حقوقِ متقدمہ یعنی تجہیز و تکفین کے اخراجات نکالنے اور اگر مرحوم کے ذمہ کوئی قرضہ ہو (مثلاً بیوی کا مہر وغیرہ) تو قرضہ کی ادائیگی کے بعد، اور اگر مرحوم نے کوئی جائز وصیت کی ہو تو ایک تہائی مال میں سے وصیت کو نافذ کرنے کے بعد باقی کل جائیداد منقولہ و غیر منقولہ کو 80 حصوں میں تقسیم کر کے اس میں سے 10  حصے مرحوم کی بیوہ کو،14،14 حصے مرحوم کے ہر ایک بیٹے کو اور 7 حصے مرحوم کی ہر ایک بیٹی کو ملیں گے۔ فیصد کے اعتبار سے 100 فیصد میں سے 12.5 فیصد مرحوم کی بیوہ کو، 17.5 فیصد مرحوم کے ہر ایک بیٹے کو اور 8.75 فیصد مرحوم کی ہر ایک بیٹی کو ملیں گے۔ فقط واللہ اعلم</p></p><hr class=""big-hr""/>",31-01-2020,144106200171,banuri.edu.pk,معاملات,وراثت / وصیت,ورثاء اور ان کے حصص,"<div class=""col-md-12 sawal-jawab""><h3 class=""question_heading"">سوال</h3><p><p style=""text-align:justify;"">ایک بیوہ،  2بیٹوں  اور 6 بیٹیوں کے درمیان میراث کی تقسیم کیسے ہوگی؟</p></p><h4 class=""question_heading"">جواب</h4><p><p style=""text-align:justify;"">صورتِ مسئولہ میں مرحوم کے ترکہ کی تقسیم کا شرعی طریقہ کار یہ ہے کہ سب سے پہلے مرحوم کی کل جائیداد منقولہ و غیر منقولہ میں سے مرحوم کے   حقوقِ متقدمہ یعنی تجہیز و تکفین کے اخراجات نکالنے اور اگر مرحوم کے ذمہ کوئی قرضہ ہو (مثلاً بیوی کا مہر وغیرہ) تو قرضہ کی ادائیگی کے بعد، اور اگر مرحوم نے کوئی جائز وصیت کی ہو تو ایک تہائی مال میں سے وصیت کو نافذ کرنے کے بعد باقی کل جائیداد منقولہ و غیر منقولہ کو 80 حصوں میں تقسیم کر کے اس میں سے 10  حصے مرحوم کی بیوہ کو،14،14 حصے مرحوم کے ہر ایک بیٹے کو اور 7 حصے مرحوم کی ہر ایک بیٹی کو ملیں گے۔ فیصد کے اعتبار سے 100 فیصد میں سے 12.5 فیصد مرحوم کی بیوہ کو، 17.5 فیصد مرحوم کے ہر ایک بیٹے کو اور 8.75 فیصد مرحوم کی ہر ایک بیٹی کو ملیں گے۔ فقط واللہ اعلم</p></p><hr class=""big-hr""/><div class=""col-sm-6 col-md-6""><p class=""question_heading"" style=""color:#73161f"">فتویٰ نمبر : <a id=""fatwa_number"">144106200171</a></p></div><div class=""col-sm-6 col-md-6""><p style=""color:#73161f"">دارالافتاء :
                                جامعہ علوم اسلامیہ علامہ محمد یوسف بنوری ٹاؤن</p></div><hr class=""big-hr""/><div class=""col-sm-4 col-md-4""><div class=""tag""><a href=""https://www.banuri.edu.pk/questions/kitab/muamlat""><i class=""icon-docs-bold""></i> معاملات</a></div></div><div class=""col-sm-4 col-md-4""><div class=""tag""><a href=""https://www.banuri.edu.pk/questions/bab/wirasat-wasyat""><i class=""icon-docs-bold""></i> وراثت / وصیت</a></div></div><div class=""col-sm-4 col-md-4""><div class=""tag""><a href=""https://www.banuri.edu.pk/questions/fasal/wurasa-or-un-k-hisas""><i class=""icon-docs-bold""></i> ورثاء اور ان کے حصص</a></div></div></div>"
https://www.banuri.edu.pk/readquestion/بیوی-سے-ہمبستری-کس-عمر-می-کی-جا-سکتی-ہے-144106200191/31-01-2020,بیوی سے ہم بستری کس عمر میں کی جا سکتی ہے؟,"<p><p style=""text-align:justify;"">اگر کسی آدمی کی شادی ہو اور اس کی پتنی چھوٹی عمر  کی ہو تو اس کے ساتھ ہم بستری کرنا جائز ہے مثلاً لڑکا 25،اور لڑکی12،سال کی ہو تو سہاگ رات جائز ہے یا نہیں؟</p></p>","<p><p style=""text-align:justify;"">جب تک بیوی جماع ( ہم بستری) کے قابل نہ ہو،  اس  سے پہلے ہم بستری کی اجازت نہیں، ہم بستری کے قابل ہونے  تک انتظار کیا جائے۔ فقط واللہ اعلم</p></p><hr class=""big-hr""/>",31-01-2020,144106200191,banuri.edu.pk,حقوق و آدابِ معاشرت,حقوق,میاں ، بیوی کے حقوق,"<div class=""col-md-12 sawal-jawab""><h3 class=""question_heading"">سوال</h3><p><p style=""text-align:justify;"">اگر کسی آدمی کی شادی ہو اور اس کی پتنی چھوٹی عمر  کی ہو تو اس کے ساتھ ہم بستری کرنا جائز ہے مثلاً لڑکا 25،اور لڑکی12،سال کی ہو تو سہاگ رات جائز ہے یا نہیں؟</p></p><h4 class=""question_heading"">جواب</h4><p><p style=""text-align:justify;"">جب تک بیوی جماع ( ہم بستری) کے قابل نہ ہو،  اس  سے پہلے ہم بستری کی اجازت نہیں، ہم بستری کے قابل ہونے  تک انتظار کیا جائے۔ فقط واللہ اعلم</p></p><hr class=""big-hr""/><div class=""col-sm-6 col-md-6""><p class=""question_heading"" style=""color:#73161f"">فتویٰ نمبر : <a id=""fatwa_number"">144106200191</a></p></div><div class=""col-sm-6 col-md-6""><p style=""color:#73161f"">دارالافتاء :
                                جامعہ علوم اسلامیہ علامہ محمد یوسف بنوری ٹاؤن</p></div><hr class=""big-hr""/><div class=""col-sm-4 col-md-4""><div class=""tag""><a href=""https://www.banuri.edu.pk/questions/kitab/huqooq-muashret""><i class=""icon-docs-bold""></i> حقوق و آدابِ معاشرت</a></div></div><div class=""col-sm-4 col-md-4""><div class=""tag""><a href=""https://www.banuri.edu.pk/questions/bab/bahmi-huqooq""><i class=""icon-docs-bold""></i> حقوق</a></div></div><div class=""col-sm-4 col-md-4""><div class=""tag""><a href=""https://www.banuri.edu.pk/questions/fasal/mian-biwi-k-huqooq""><i class=""icon-docs-bold""></i> میاں ، بیوی کے حقوق</a></div></div></div>"
https://www.banuri.edu.pk/readquestion/شہد-میں-زکوۃ-کی-مقدار-144106200229/02-02-2020,شہد میں زکاۃ کی مقدار,<p><p>شہد میں زکاۃ کتنی ہے؟</p></p>,"<p><p style=""text-align:justify;"">احادیث اور فقہ  کی عبارات کے مطابق شہد میں عشر واجب ہے ، یعنی کل پیداوار کا دسواں حصہ صدقہ کرنا واجب ہے۔</p><p style=""text-align:justify;""><span class=""ar_writing"">سنن أبي داؤد:</span></p><p style=""text-align:justify;""><span class=""ar_writing"">""عن عمرو بن شعیب عن أبیه عن جده قال: جاء هلال أحد بني متعان إلی رسول اﷲ ﷺ بعشور نحل له وکان سأله أن یحمی وادیاً یقال له: ""سلبة""، فحمی له رسول اﷲ ﷺ ذلك الوادي، فلما ولی عمر بن الخطاب رضي الله عنه کتب سفیان بن وهب إلی عمر بن الخطاب یسأله عن ذلك، فکتب عمر أن أدي إلیك ما کان یؤدی إلی رسول اﷲ ﷺ من عشور نحله فاحم له سلبة وإلا فإنما هو ذباب غیث یأکله من یشآء"". (۲۲۶/۱)<br/>
 مصنف عبدالرزاق:</span></p><p style=""text-align:justify;""><span class=""ar_writing"">"" عن أبي هریرة قال: کتب رسول اﷲ صلی اللہ علیہ وسلم إلی أهل الیمن أن یؤخذ من أهل العسل العشور"". (۶۳/۴)</span></p><p style=""text-align:justify;"">فتاویٰ شامی میں ہے:</p><p style=""text-align:justify;""><span class=""ar_writing"">""(یجب) العشر (في عسل) وإن قلّ (أرض غیر الخراج) ولو غیر عشریة کجبل ومفازة بخلاف الخراجیة؛ لئلایجتمع العشر والخراج (وکذا) یجب العشر (في ثمرة جبل أو مفازة إن حماه الإمام)؛ لأنه مال مقصود.<br/>
(قوله: في عسل) بغیر تنوین فإن قوله: وإن قل معترض بین المضاف والمضاف إلیه … وصرح بالعسل إشارة إلی خلاف مالك والشافعي حیث قالا: لیس فیه شيءٍ؛ لأنه متولد من حیوان فأشبه الإبریسم، ودلیلنا مبسوط في الفتح … (قوله: إن حماه الإمام) الضمیر عائد إلی المذکور وهو العسل والثمرة"". (۳۲۵/۲)</span> فقط واللہ اعلم</p></p><hr class=""big-hr""/>",02-02-2020,144106200229,banuri.edu.pk,زکات,زکوٰۃ / صدقات,عشر و خراج,"<div class=""col-md-12 sawal-jawab""><h3 class=""question_heading"">سوال</h3><p><p>شہد میں زکاۃ کتنی ہے؟</p></p><h4 class=""question_heading"">جواب</h4><p><p style=""text-align:justify;"">احادیث اور فقہ  کی عبارات کے مطابق شہد میں عشر واجب ہے ، یعنی کل پیداوار کا دسواں حصہ صدقہ کرنا واجب ہے۔</p><p style=""text-align:justify;""><span class=""ar_writing"">سنن أبي داؤد:</span></p><p style=""text-align:justify;""><span class=""ar_writing"">""عن عمرو بن شعیب عن أبیه عن جده قال: جاء هلال أحد بني متعان إلی رسول اﷲ ﷺ بعشور نحل له وکان سأله أن یحمی وادیاً یقال له: ""سلبة""، فحمی له رسول اﷲ ﷺ ذلك الوادي، فلما ولی عمر بن الخطاب رضي الله عنه کتب سفیان بن وهب إلی عمر بن الخطاب یسأله عن ذلك، فکتب عمر أن أدي إلیك ما کان یؤدی إلی رسول اﷲ ﷺ من عشور نحله فاحم له سلبة وإلا فإنما هو ذباب غیث یأکله من یشآء"". (۲۲۶/۱)<br/>
 مصنف عبدالرزاق:</span></p><p style=""text-align:justify;""><span class=""ar_writing"">"" عن أبي هریرة قال: کتب رسول اﷲ صلی اللہ علیہ وسلم إلی أهل الیمن أن یؤخذ من أهل العسل العشور"". (۶۳/۴)</span></p><p style=""text-align:justify;"">فتاویٰ شامی میں ہے:</p><p style=""text-align:justify;""><span class=""ar_writing"">""(یجب) العشر (في عسل) وإن قلّ (أرض غیر الخراج) ولو غیر عشریة کجبل ومفازة بخلاف الخراجیة؛ لئلایجتمع العشر والخراج (وکذا) یجب العشر (في ثمرة جبل أو مفازة إن حماه الإمام)؛ لأنه مال مقصود.<br/>
(قوله: في عسل) بغیر تنوین فإن قوله: وإن قل معترض بین المضاف والمضاف إلیه … وصرح بالعسل إشارة إلی خلاف مالك والشافعي حیث قالا: لیس فیه شيءٍ؛ لأنه متولد من حیوان فأشبه الإبریسم، ودلیلنا مبسوط في الفتح … (قوله: إن حماه الإمام) الضمیر عائد إلی المذکور وهو العسل والثمرة"". (۳۲۵/۲)</span> فقط واللہ اعلم</p></p><hr class=""big-hr""/><div class=""col-sm-6 col-md-6""><p class=""question_heading"" style=""color:#73161f"">فتویٰ نمبر : <a id=""fatwa_number"">144106200229</a></p></div><div class=""col-sm-6 col-md-6""><p style=""color:#73161f"">دارالافتاء :
                                جامعہ علوم اسلامیہ علامہ محمد یوسف بنوری ٹاؤن</p></div><hr class=""big-hr""/><div class=""col-sm-4 col-md-4""><div class=""tag""><a href=""https://www.banuri.edu.pk/questions/kitab/zakat""><i class=""icon-docs-bold""></i> زکات</a></div></div><div class=""col-sm-4 col-md-4""><div class=""tag""><a href=""https://www.banuri.edu.pk/questions/bab/zakat-sadaqat""><i class=""icon-docs-bold""></i> زکوٰۃ / صدقات</a></div></div><div class=""col-sm-4 col-md-4""><div class=""tag""><a href=""https://www.banuri.edu.pk/questions/fasal/ushr-o-khiraj""><i class=""icon-docs-bold""></i> عشر و خراج</a></div></div></div>"
https://www.banuri.edu.pk/readquestion/بھتیجے-کی-بیوہ-سے-نکاح-کرنے-کا-حکم-144106200231/02-02-2020,بھتیجے کی بیوہ سے نکاح کرنے کا حکم,"<p><p style=""text-align:justify;"">چچا اپنے سگے بھتیجے کی بیوہ سے نکاح کرسکتا ہے?</p></p>","<p><p style=""text-align:justify;"">بھتیجے کی بیوی محرم نہیں ہوتی ہے، اس لیے چچا کے لیے بھتیجے کی بیوہ سے نکاح کرنا جائز ہے، بشرطیکہ محرمیت کا کوئی اور رشتہ نہ ہو۔ فقط واللہ اعلم</p></p><hr class=""big-hr""/>",02-02-2020,144106200231,banuri.edu.pk,نکاح,محرمات و غیر محرمات,نسبی محرمات,"<div class=""col-md-12 sawal-jawab""><h3 class=""question_heading"">سوال</h3><p><p style=""text-align:justify;"">چچا اپنے سگے بھتیجے کی بیوہ سے نکاح کرسکتا ہے?</p></p><h4 class=""question_heading"">جواب</h4><p><p style=""text-align:justify;"">بھتیجے کی بیوی محرم نہیں ہوتی ہے، اس لیے چچا کے لیے بھتیجے کی بیوہ سے نکاح کرنا جائز ہے، بشرطیکہ محرمیت کا کوئی اور رشتہ نہ ہو۔ فقط واللہ اعلم</p></p><hr class=""big-hr""/><div class=""col-sm-6 col-md-6""><p class=""question_heading"" style=""color:#73161f"">فتویٰ نمبر : <a id=""fatwa_number"">144106200231</a></p></div><div class=""col-sm-6 col-md-6""><p style=""color:#73161f"">دارالافتاء :
                                جامعہ علوم اسلامیہ علامہ محمد یوسف بنوری ٹاؤن</p></div><hr class=""big-hr""/><div class=""col-sm-4 col-md-4""><div class=""tag""><a href=""https://www.banuri.edu.pk/questions/kitab/nikah""><i class=""icon-docs-bold""></i> نکاح</a></div></div><div class=""col-sm-4 col-md-4""><div class=""tag""><a href=""https://www.banuri.edu.pk/questions/bab/muharramat-o-gher-muharramat""><i class=""icon-docs-bold""></i> محرمات و غیر محرمات</a></div></div><div class=""col-sm-4 col-md-4""><div class=""tag""><a href=""https://www.banuri.edu.pk/questions/fasal/muharramat""><i class=""icon-docs-bold""></i> نسبی محرمات</a></div></div></div>"
https://www.banuri.edu.pk/readquestion/غیر-فطری-طریقے-سے-وطی-کرنے-سے-نکاح-پر-اثر-144106200232/02-02-2020,غیر فطری طریقے سے قربت کا نکاح پر اثر,"<p><p style=""text-align:justify;"">اگر کسی نے اپنی منکوحہ بیوی سے دبر میں کام کیا تو کیا اس  سے نکاح ختم ہوگیا  اور بیوی کو طلاق ہو جائے گی؟</p></p>","<p><p style=""text-align:justify;"">مذکورہ فعل پر حدیثِ مبارک میں لعنت اور سخت وعیدیں وارد ہوئی ہیں، اس لیے اگر یہ عمل ہوگیا ہو تو صدقِ دل سے توبہ و استغفار لازم ہے، البتہ اس سے نکاح نہیں ٹوٹے گا۔ فقط واللہ اعلم</p><p style=""text-align:justify;"">مزید تفصیل کے لیے درج ذیل لنک ملاحظہ کیجیے:</p><p style=""text-align:justify;""><a href=""https://www.banuri.edu.pk/readquestion/%D8%A8%DB%8C%D9%88%DB%8C-%DA%A9%DB%92-%D8%B3%D8%A7%D8%AA%DA%BE-%D9%BE%DB%8C%DA%86%DA%BE%DB%92-%DA%A9%DB%8C-%D8%B4%D8%B1%D9%85-%DA%AF%D8%A7%DB%81-%D9%85%DB%8C%DA%BA-%DB%81%D9%85%D8%A8%D8%B3%D8%AA%D8%B1%DB%8C-%DA%A9%D8%B1%D9%86%DB%92-%DA%A9%D8%A7-%D8%AD%DA%A9%D9%85/18-04-2019"">غیر فطری طریقے سے ہم بستری کرنے کا حکم</a></p></p><hr class=""big-hr""/>",02-02-2020,144106200232,banuri.edu.pk,طلاق,وقوع طلاق وعدم وقوع طلاق,طلاق - وقوع اور عدم وقوع,"<div class=""col-md-12 sawal-jawab""><h3 class=""question_heading"">سوال</h3><p><p style=""text-align:justify;"">اگر کسی نے اپنی منکوحہ بیوی سے دبر میں کام کیا تو کیا اس  سے نکاح ختم ہوگیا  اور بیوی کو طلاق ہو جائے گی؟</p></p><h4 class=""question_heading"">جواب</h4><p><p style=""text-align:justify;"">مذکورہ فعل پر حدیثِ مبارک میں لعنت اور سخت وعیدیں وارد ہوئی ہیں، اس لیے اگر یہ عمل ہوگیا ہو تو صدقِ دل سے توبہ و استغفار لازم ہے، البتہ اس سے نکاح نہیں ٹوٹے گا۔ فقط واللہ اعلم</p><p style=""text-align:justify;"">مزید تفصیل کے لیے درج ذیل لنک ملاحظہ کیجیے:</p><p style=""text-align:justify;""><a href=""https://www.banuri.edu.pk/readquestion/%D8%A8%DB%8C%D9%88%DB%8C-%DA%A9%DB%92-%D8%B3%D8%A7%D8%AA%DA%BE-%D9%BE%DB%8C%DA%86%DA%BE%DB%92-%DA%A9%DB%8C-%D8%B4%D8%B1%D9%85-%DA%AF%D8%A7%DB%81-%D9%85%DB%8C%DA%BA-%DB%81%D9%85%D8%A8%D8%B3%D8%AA%D8%B1%DB%8C-%DA%A9%D8%B1%D9%86%DB%92-%DA%A9%D8%A7-%D8%AD%DA%A9%D9%85/18-04-2019"">غیر فطری طریقے سے ہم بستری کرنے کا حکم</a></p></p><hr class=""big-hr""/><div class=""col-sm-6 col-md-6""><p class=""question_heading"" style=""color:#73161f"">فتویٰ نمبر : <a id=""fatwa_number"">144106200232</a></p></div><div class=""col-sm-6 col-md-6""><p style=""color:#73161f"">دارالافتاء :
                                جامعہ علوم اسلامیہ علامہ محمد یوسف بنوری ٹاؤن</p></div><hr class=""big-hr""/><div class=""col-sm-4 col-md-4""><div class=""tag""><a href=""https://www.banuri.edu.pk/questions/kitab/talaaq""><i class=""icon-docs-bold""></i> طلاق</a></div></div><div class=""col-sm-4 col-md-4""><div class=""tag""><a href=""https://www.banuri.edu.pk/questions/bab/wuqoo-e-talaq-o-adme-wuqoo-e-talaq""><i class=""icon-docs-bold""></i> وقوع طلاق وعدم وقوع طلاق</a></div></div><div class=""col-sm-4 col-md-4""><div class=""tag""><a href=""https://www.banuri.edu.pk/questions/fasal/talaq-wuqo-or-adm-e-wuqo""><i class=""icon-docs-bold""></i> طلاق - وقوع اور عدم وقوع</a></div></div></div>"
https://www.banuri.edu.pk/readquestion/سجدہ-سہو-کرنا-بھول-گیا-اور-وقت-گزر-گیا-144106200235/02-02-2020,سجدہ سہو کرنا بھول گیا اور وقت گزر گیا,"<p><p style=""text-align:justify;"">مسئلہ معلوم نہ ہونے کی وجہ سے کسی شخص نے سجدہ سہو نہیں کیا تو نماز واجب الاعادہ فی الوقت ہے یا مطلقاً واجب الاعادہ  ہے؟</p></p>","<p><p style=""text-align:justify;"">اگر کوئی شخص سجدۂ  سہو  کرنا بھول جائے تو ایسی نماز کا وقت  کے اندر اندر اعادہ کرنا واجب ہے، اگر اس نماز کا وقت گزرجائے تو اعادہ واجب نہیں رہتا، البتہ مندوب ہے۔</p><p style=""text-align:justify;""><span class=""ar_writing"">حاشية الطحطاوي على مراقي الفلاح شرح نور الإيضاح (ص: 247):<br/>
""وإعادتها بتركه عمداً"" أي ما دام الوقت باقياً وكذا في السهو إن لم يسجد له وإن لم يعدها حتى خرج الوقت تسقط مع النقصان وكراهة التحريم ويكون فاسقاً آثماً، وكذا الحكم في كل صلاة أديت مع كراهة التحريم، والمختار أن المعادة لترك واجب نفل جابر، والفرض سقط بالأولى؛ لأن الفرض لايتكرر كما في الدر وغيره، ويندب إعادتها لترك السنة"". </span> فقط واللہ اعلم</p></p><hr class=""big-hr""/>",02-02-2020,144106200235,banuri.edu.pk,نماز,سجدہ سہو,سجدہ تلاوت / سجدہ سہو,"<div class=""col-md-12 sawal-jawab""><h3 class=""question_heading"">سوال</h3><p><p style=""text-align:justify;"">مسئلہ معلوم نہ ہونے کی وجہ سے کسی شخص نے سجدہ سہو نہیں کیا تو نماز واجب الاعادہ فی الوقت ہے یا مطلقاً واجب الاعادہ  ہے؟</p></p><h4 class=""question_heading"">جواب</h4><p><p style=""text-align:justify;"">اگر کوئی شخص سجدۂ  سہو  کرنا بھول جائے تو ایسی نماز کا وقت  کے اندر اندر اعادہ کرنا واجب ہے، اگر اس نماز کا وقت گزرجائے تو اعادہ واجب نہیں رہتا، البتہ مندوب ہے۔</p><p style=""text-align:justify;""><span class=""ar_writing"">حاشية الطحطاوي على مراقي الفلاح شرح نور الإيضاح (ص: 247):<br/>
""وإعادتها بتركه عمداً"" أي ما دام الوقت باقياً وكذا في السهو إن لم يسجد له وإن لم يعدها حتى خرج الوقت تسقط مع النقصان وكراهة التحريم ويكون فاسقاً آثماً، وكذا الحكم في كل صلاة أديت مع كراهة التحريم، والمختار أن المعادة لترك واجب نفل جابر، والفرض سقط بالأولى؛ لأن الفرض لايتكرر كما في الدر وغيره، ويندب إعادتها لترك السنة"". </span> فقط واللہ اعلم</p></p><hr class=""big-hr""/><div class=""col-sm-6 col-md-6""><p class=""question_heading"" style=""color:#73161f"">فتویٰ نمبر : <a id=""fatwa_number"">144106200235</a></p></div><div class=""col-sm-6 col-md-6""><p style=""color:#73161f"">دارالافتاء :
                                جامعہ علوم اسلامیہ علامہ محمد یوسف بنوری ٹاؤن</p></div><hr class=""big-hr""/><div class=""col-sm-4 col-md-4""><div class=""tag""><a href=""https://www.banuri.edu.pk/questions/kitab/salat""><i class=""icon-docs-bold""></i> نماز</a></div></div><div class=""col-sm-4 col-md-4""><div class=""tag""><a href=""https://www.banuri.edu.pk/questions/bab/sajda-sahv""><i class=""icon-docs-bold""></i> سجدہ سہو</a></div></div><div class=""col-sm-4 col-md-4""><div class=""tag""><a href=""https://www.banuri.edu.pk/questions/fasal/sajda-tilawat-sajda-sahw""><i class=""icon-docs-bold""></i> سجدہ تلاوت / سجدہ سہو</a></div></div></div>"
https://www.banuri.edu.pk/readquestion/عدالتی-خلع-خلع-کے-بعد-رجوع-144106200222/01-02-2020,عدالتی خلع / خلع کے بعد رجوع,"<p><p style=""text-align:justify;"">اگر لڑکی عدالت کے ذریعے خلع لے لےاور اس کا خاوند اس کے لیے رضامند نہ ہو توکیا خلع ہو جاۓ گی؟اور دونوں میں علیحدگی ہو گئی ہے کیا؟  اوردوسری بات یہ کہ اگر عدالت کے ذریعےلڑکی نے خلع لے لی ہو اور عدت بھی گزر گئی ہو تو کیا دونوں میاں بیوی دوبارہ اکٹھا ہونا چاہیں تو کیا طریقہ یا صورت ہو سکتی ہے؟  </p></p>","<p><p style=""text-align:justify;"">واضح رہے کہ خلع بھی دیگر مالی معاملات کی طرح ایک مالی معاملہ ہے جس میں جانبین کی رضامندی ضروری ہے، اور شوہرکی رضامندی کے بغیر دی جانے والی خلع شرعاً نافذ نہیں ہوتی، لہذا صورتِ مسئولہ میں اگر عدالت نے مذکورہ خلع شوہر کی رضامندی کے بغیر دی ہے تو یہ نافذ نہیں ہوئی،  سائل اور اس کی بیوی کے درمیان نکاح بدستور قائم ہے، اگر دونوں ساتھ رہنا چاپتے ہیں تو رہ سکتے ہیں ۔فقط واللہ اعلم</p></p><hr class=""big-hr""/>",01-02-2020,144106200222,banuri.edu.pk,طلاق,خلع,خلع کا ثبوت، حکمت اور اسباب,"<div class=""col-md-12 sawal-jawab""><h3 class=""question_heading"">سوال</h3><p><p style=""text-align:justify;"">اگر لڑکی عدالت کے ذریعے خلع لے لےاور اس کا خاوند اس کے لیے رضامند نہ ہو توکیا خلع ہو جاۓ گی؟اور دونوں میں علیحدگی ہو گئی ہے کیا؟  اوردوسری بات یہ کہ اگر عدالت کے ذریعےلڑکی نے خلع لے لی ہو اور عدت بھی گزر گئی ہو تو کیا دونوں میاں بیوی دوبارہ اکٹھا ہونا چاہیں تو کیا طریقہ یا صورت ہو سکتی ہے؟  </p></p><h4 class=""question_heading"">جواب</h4><p><p style=""text-align:justify;"">واضح رہے کہ خلع بھی دیگر مالی معاملات کی طرح ایک مالی معاملہ ہے جس میں جانبین کی رضامندی ضروری ہے، اور شوہرکی رضامندی کے بغیر دی جانے والی خلع شرعاً نافذ نہیں ہوتی، لہذا صورتِ مسئولہ میں اگر عدالت نے مذکورہ خلع شوہر کی رضامندی کے بغیر دی ہے تو یہ نافذ نہیں ہوئی،  سائل اور اس کی بیوی کے درمیان نکاح بدستور قائم ہے، اگر دونوں ساتھ رہنا چاپتے ہیں تو رہ سکتے ہیں ۔فقط واللہ اعلم</p></p><hr class=""big-hr""/><div class=""col-sm-6 col-md-6""><p class=""question_heading"" style=""color:#73161f"">فتویٰ نمبر : <a id=""fatwa_number"">144106200222</a></p></div><div class=""col-sm-6 col-md-6""><p style=""color:#73161f"">دارالافتاء :
                                جامعہ علوم اسلامیہ علامہ محمد یوسف بنوری ٹاؤن</p></div><hr class=""big-hr""/><div class=""col-sm-4 col-md-4""><div class=""tag""><a href=""https://www.banuri.edu.pk/questions/kitab/talaaq""><i class=""icon-docs-bold""></i> طلاق</a></div></div><div class=""col-sm-4 col-md-4""><div class=""tag""><a href=""https://www.banuri.edu.pk/questions/bab/hulaa""><i class=""icon-docs-bold""></i> خلع</a></div></div><div class=""col-sm-4 col-md-4""><div class=""tag""><a href=""https://www.banuri.edu.pk/questions/fasal/khula""><i class=""icon-docs-bold""></i> خلع کا ثبوت، حکمت اور اسباب</a></div></div></div>"
https://www.banuri.edu.pk/readquestion/ہر-وقت-موت-کے-وسوسے-آنا-144106200224/01-02-2020,ہروقت موت کے وسوسے آنا,"<p><p style=""text-align:justify;"">میرے دل میں ہمیشہ موت کے وسوسے آتے رہتے ہیں، نماز میں بھی غلط وسوسے آتی ہیں, میں بہت پریشان ہوگیا ہوں،  میں جب بھی کوئی اچھے کام کرتا ہوں مجھے لگتا ہے  میں اچھا اس لیے ہوگیا ہوں کہ میرا آخری وقت آگیا، کسی سے اپنے دل کی بات بھی نہیں کہہ سکتا ہوں، میرا معدہ درست نہیں ہے مجھے لگتا ہے الٹےسیدھے خیالات صرف اس وجہ سے ہیں۔</p></p>","<p><p style=""text-align:justify;"">موت کو یاد رکھنا ایمان کی علامت ہے، اگر موت کاخیال آتا رہتاہے تو پریشان نہ ہوں باقی بہت زیادہ خیالات تنگ کرتےہوں تو یہ اعمال اختیار کریں:</p><p style=""text-align:justify;"">(<span class=""ar_writing"">1)  أعُوذُ بِالله (2) اٰمَنْتُ بِاللّٰهِ وَرَسُوْلِه </span>کا  ورد ۔<span class=""ar_writing"">(3)  هُوَ الْاَوَّلُ وَالْاٰخِرُ وَالظَّاهِرُ وَالْبَاطِنُ وَهُوَ بِكُلِّ شَيْءٍ عَلِيْم  (4)</span>نیز <span class=""ar_writing""> رَّبِّ اَعُوْذُبِكَ مِنْ هَمَزٰتِ الشَّیٰطِیْنِ وَاَعُوْذُ بِكَ رَبِّ اَنْ یَّحْضُرُوْنِ </span>کا کثرت سے ورد بھی ہر طرح کے شیطانی شکوک ووساوس کے دور کرنے میں مفید ہے۔</p><p style=""text-align:justify;"">اور نماز فجر پڑھ کر قرآنِ کریم کی تلاوت اور  ذکر میں مشغول رہیے۔ یہاں تک کہ آفتاب بلند ہوجائے پھر دو رکعت نفل  اشراق پڑھیے اس کے بعد سورہ توبہ کی آخری دو آیتیں پڑھیے۔</p><p style=""text-align:justify;""><span class=""ar_writing"">{لَقَد جَاءکم رَسُول مِّن اَنفُسِکُم عَزِیز عَلَیهِ مَاعَنِتُّم حَرِیص عَلَیکُم بِالمُومِنِینَ رَ ء وف رَّحِیم o فَاِن تَوَلَّوا فَقُل حَسبِیَ اللّٰه لَا اِلٰه اِلَّا هوَ عَلَیه تَوَکَّلتُ وَهوَ رَبُّ العَرشِ العَظِیمِ}</span></p><p style=""text-align:justify;"">معدہ خراب ہے تو کسی مستند معالج سے اس کا علاج کروائیے، بسا اوقات معدے کی خرابی اور بخارات بھی منتشر خیالات اور اوہام کا باعث ہوتے ہیں۔ فقط واللہ اعلم</p></p><hr class=""big-hr""/>",01-02-2020,144106200224,banuri.edu.pk,متفرق کتب,متفرق ابواب,متفرق فصول,"<div class=""col-md-12 sawal-jawab""><h3 class=""question_heading"">سوال</h3><p><p style=""text-align:justify;"">میرے دل میں ہمیشہ موت کے وسوسے آتے رہتے ہیں، نماز میں بھی غلط وسوسے آتی ہیں, میں بہت پریشان ہوگیا ہوں،  میں جب بھی کوئی اچھے کام کرتا ہوں مجھے لگتا ہے  میں اچھا اس لیے ہوگیا ہوں کہ میرا آخری وقت آگیا، کسی سے اپنے دل کی بات بھی نہیں کہہ سکتا ہوں، میرا معدہ درست نہیں ہے مجھے لگتا ہے الٹےسیدھے خیالات صرف اس وجہ سے ہیں۔</p></p><h4 class=""question_heading"">جواب</h4><p><p style=""text-align:justify;"">موت کو یاد رکھنا ایمان کی علامت ہے، اگر موت کاخیال آتا رہتاہے تو پریشان نہ ہوں باقی بہت زیادہ خیالات تنگ کرتےہوں تو یہ اعمال اختیار کریں:</p><p style=""text-align:justify;"">(<span class=""ar_writing"">1)  أعُوذُ بِالله (2) اٰمَنْتُ بِاللّٰهِ وَرَسُوْلِه </span>کا  ورد ۔<span class=""ar_writing"">(3)  هُوَ الْاَوَّلُ وَالْاٰخِرُ وَالظَّاهِرُ وَالْبَاطِنُ وَهُوَ بِكُلِّ شَيْءٍ عَلِيْم  (4)</span>نیز <span class=""ar_writing""> رَّبِّ اَعُوْذُبِكَ مِنْ هَمَزٰتِ الشَّیٰطِیْنِ وَاَعُوْذُ بِكَ رَبِّ اَنْ یَّحْضُرُوْنِ </span>کا کثرت سے ورد بھی ہر طرح کے شیطانی شکوک ووساوس کے دور کرنے میں مفید ہے۔</p><p style=""text-align:justify;"">اور نماز فجر پڑھ کر قرآنِ کریم کی تلاوت اور  ذکر میں مشغول رہیے۔ یہاں تک کہ آفتاب بلند ہوجائے پھر دو رکعت نفل  اشراق پڑھیے اس کے بعد سورہ توبہ کی آخری دو آیتیں پڑھیے۔</p><p style=""text-align:justify;""><span class=""ar_writing"">{لَقَد جَاءکم رَسُول مِّن اَنفُسِکُم عَزِیز عَلَیهِ مَاعَنِتُّم حَرِیص عَلَیکُم بِالمُومِنِینَ رَ ء وف رَّحِیم o فَاِن تَوَلَّوا فَقُل حَسبِیَ اللّٰه لَا اِلٰه اِلَّا هوَ عَلَیه تَوَکَّلتُ وَهوَ رَبُّ العَرشِ العَظِیمِ}</span></p><p style=""text-align:justify;"">معدہ خراب ہے تو کسی مستند معالج سے اس کا علاج کروائیے، بسا اوقات معدے کی خرابی اور بخارات بھی منتشر خیالات اور اوہام کا باعث ہوتے ہیں۔ فقط واللہ اعلم</p></p><hr class=""big-hr""/><div class=""col-sm-6 col-md-6""><p class=""question_heading"" style=""color:#73161f"">فتویٰ نمبر : <a id=""fatwa_number"">144106200224</a></p></div><div class=""col-sm-6 col-md-6""><p style=""color:#73161f"">دارالافتاء :
                                جامعہ علوم اسلامیہ علامہ محمد یوسف بنوری ٹاؤن</p></div><hr class=""big-hr""/><div class=""col-sm-4 col-md-4""><div class=""tag""><a href=""https://www.banuri.edu.pk/questions/kitab/mutafarriq-kutub""><i class=""icon-docs-bold""></i> متفرق کتب</a></div></div><div class=""col-sm-4 col-md-4""><div class=""tag""><a href=""https://www.banuri.edu.pk/questions/bab/mutafarriq-abwab""><i class=""icon-docs-bold""></i> متفرق ابواب</a></div></div><div class=""col-sm-4 col-md-4""><div class=""tag""><a href=""https://www.banuri.edu.pk/questions/fasal/mutafarriq-fusool""><i class=""icon-docs-bold""></i> متفرق فصول</a></div></div></div>"
https://www.banuri.edu.pk/readquestion/گذشتہ-سالوں-کی-زکوۃ-144105200933/21-01-2020,گزشتہ سالوں کی زکاۃ,"<p><p style=""margin-left:0;margin-right:0;text-align:justify;"">میں 28 سال کا ہوں اور بلوغت کے بعد سے میں نے زکاۃ نہیں دی ہے۔ کافی سال گزر گئے ہیں۔ مجھے نہیں معلوم کہ گزشتہ سالوں میں میری ملکیت میں کتنا مال تھا اور مجھے نہیں معلوم کہ مجھے کتنے پیسوں پر زکاۃ دینی تھی۔  مجھے یہ بھی نہیں معلوم کہ مجھ پر زکاۃ کب سے واجب ہے۔ میری بیوی کی حالت بھی ایسی ہی ہے۔</p><p style=""margin-left:0;margin-right:0;text-align:justify;"">تاہم مجھے یہ یاد ہے کہ جولائی  2017  میں میرے  پاس 60 گرام سونا اور چاندی کے تھے۔ میں تمام گزشتہ سالوں کی زکاۃ کیسے نکالوں؟</p><p style=""margin-left:0;margin-right:0;text-align:justify;"">آئندہ کی زکاۃ کیسے ادا کروں؟</p></p>","<p><p style=""text-align:justify;"">گزشتہ سالوں کی رقم یا نصاب کی مالیت کی مقدار معلوم نہیں تو اندازا  لگا کر تعین کیجیے کہ گزشتہ سالوں میں ہر سال کتنی رقم تھی اگر وہ زکاۃ کے نصاب تک پہنچتی ہو تو اس سے ڈھائی فیصد (2.5%) زکاۃ ادا کردیجیے۔جہاں تک ممکن ہو اس بات کی کوشش کریں کہ اندازا  لگاتے وقت کچھ زیادہ ہی لگالیجیے؛ تاکہ زکاۃ ذمہ میں نہ رہ جائے۔ </p><p style=""text-align:justify;"">آئندہ کی زکاۃ کے لیے قمری مہینے کی ایک تاریخ متعین کرکے ہر سال اس تاریخ کو اپنی ضرورت سے زائد اموال (نقدی، سامانِ تجارت، سونا، چاندی وغیرہ داخل ہیں)کی کل مالیت کا ڈھائی فیصد نکالیں۔</p><p style=""text-align:justify;"">آپ کی بیوی کے لیے بھی یہی حکم ہے۔</p><p style=""text-align:justify;"">باقی نصاب کی تفصیل یہ ہے کہ سونے کا نصاب ساڑھے سات تولہ سونا ہے جو موجودہ اَوزان کے اعتبار سے ستاسی (۸۷) گرام چار سو اُناسی (۴۷۹) ملی گرام سونا ہے۔ یعنی اگر کسی کے پاس صرف سونا ہو، چاندی بھی نہ ہو اور بنیادی ضرورت سے زائد نقد رقم بھی نہ ہو اور مالِ تجارت بھی نہ ہو تو سونے کے نصاب کا اعتبار کیا جائے گا۔ اور اگر کسی کے پاس سونے کے ساتھ کچھ چاندی یا نقد رقم یا مال تجارت ہو، یا ان میں سے دو سے زائد مختلف قسم کے مال ہوں تو پھر چاندی کے نصاب کا اعتبار کیا جائے گا، اور چاندی کا نصاب ساڑھے باون تولہ چاندی ہے جو  موجودہ اَوزان کے اعتبار سے چھ سو بارہ (۶۱۲) گرام پینتیس (۳۵) ملی گرام چاندی ہے۔ اور سونا، چاندی، نقدی اور مالِ تجارت میں سے دو چیزوں کی مالیت جب چاندی کے نصاب کے برابر ہو تو اس پر زکاۃ واجب ہے۔</p><p style=""text-align:justify;""><span class=""ar_writing"">أصول السرخسي (1 / 52):<br/>
""والأخذ بالاحتياط في باب العبادات أصل"".</span> فقط واللہ اعلم</p></p><hr class=""big-hr""/>",21-01-2020,144105200933,banuri.edu.pk,زکات,زکوٰۃ / صدقات,ادائے زکوٰۃ,"<div class=""col-md-12 sawal-jawab""><h3 class=""question_heading"">سوال</h3><p><p style=""margin-left:0;margin-right:0;text-align:justify;"">میں 28 سال کا ہوں اور بلوغت کے بعد سے میں نے زکاۃ نہیں دی ہے۔ کافی سال گزر گئے ہیں۔ مجھے نہیں معلوم کہ گزشتہ سالوں میں میری ملکیت میں کتنا مال تھا اور مجھے نہیں معلوم کہ مجھے کتنے پیسوں پر زکاۃ دینی تھی۔  مجھے یہ بھی نہیں معلوم کہ مجھ پر زکاۃ کب سے واجب ہے۔ میری بیوی کی حالت بھی ایسی ہی ہے۔</p><p style=""margin-left:0;margin-right:0;text-align:justify;"">تاہم مجھے یہ یاد ہے کہ جولائی  2017  میں میرے  پاس 60 گرام سونا اور چاندی کے تھے۔ میں تمام گزشتہ سالوں کی زکاۃ کیسے نکالوں؟</p><p style=""margin-left:0;margin-right:0;text-align:justify;"">آئندہ کی زکاۃ کیسے ادا کروں؟</p></p><h4 class=""question_heading"">جواب</h4><p><p style=""text-align:justify;"">گزشتہ سالوں کی رقم یا نصاب کی مالیت کی مقدار معلوم نہیں تو اندازا  لگا کر تعین کیجیے کہ گزشتہ سالوں میں ہر سال کتنی رقم تھی اگر وہ زکاۃ کے نصاب تک پہنچتی ہو تو اس سے ڈھائی فیصد (2.5%) زکاۃ ادا کردیجیے۔جہاں تک ممکن ہو اس بات کی کوشش کریں کہ اندازا  لگاتے وقت کچھ زیادہ ہی لگالیجیے؛ تاکہ زکاۃ ذمہ میں نہ رہ جائے۔ </p><p style=""text-align:justify;"">آئندہ کی زکاۃ کے لیے قمری مہینے کی ایک تاریخ متعین کرکے ہر سال اس تاریخ کو اپنی ضرورت سے زائد اموال (نقدی، سامانِ تجارت، سونا، چاندی وغیرہ داخل ہیں)کی کل مالیت کا ڈھائی فیصد نکالیں۔</p><p style=""text-align:justify;"">آپ کی بیوی کے لیے بھی یہی حکم ہے۔</p><p style=""text-align:justify;"">باقی نصاب کی تفصیل یہ ہے کہ سونے کا نصاب ساڑھے سات تولہ سونا ہے جو موجودہ اَوزان کے اعتبار سے ستاسی (۸۷) گرام چار سو اُناسی (۴۷۹) ملی گرام سونا ہے۔ یعنی اگر کسی کے پاس صرف سونا ہو، چاندی بھی نہ ہو اور بنیادی ضرورت سے زائد نقد رقم بھی نہ ہو اور مالِ تجارت بھی نہ ہو تو سونے کے نصاب کا اعتبار کیا جائے گا۔ اور اگر کسی کے پاس سونے کے ساتھ کچھ چاندی یا نقد رقم یا مال تجارت ہو، یا ان میں سے دو سے زائد مختلف قسم کے مال ہوں تو پھر چاندی کے نصاب کا اعتبار کیا جائے گا، اور چاندی کا نصاب ساڑھے باون تولہ چاندی ہے جو  موجودہ اَوزان کے اعتبار سے چھ سو بارہ (۶۱۲) گرام پینتیس (۳۵) ملی گرام چاندی ہے۔ اور سونا، چاندی، نقدی اور مالِ تجارت میں سے دو چیزوں کی مالیت جب چاندی کے نصاب کے برابر ہو تو اس پر زکاۃ واجب ہے۔</p><p style=""text-align:justify;""><span class=""ar_writing"">أصول السرخسي (1 / 52):<br/>
""والأخذ بالاحتياط في باب العبادات أصل"".</span> فقط واللہ اعلم</p></p><hr class=""big-hr""/><div class=""col-sm-6 col-md-6""><p class=""question_heading"" style=""color:#73161f"">فتویٰ نمبر : <a id=""fatwa_number"">144105200933</a></p></div><div class=""col-sm-6 col-md-6""><p style=""color:#73161f"">دارالافتاء :
                                جامعہ علوم اسلامیہ علامہ محمد یوسف بنوری ٹاؤن</p></div><hr class=""big-hr""/><div class=""col-sm-4 col-md-4""><div class=""tag""><a href=""https://www.banuri.edu.pk/questions/kitab/zakat""><i class=""icon-docs-bold""></i> زکات</a></div></div><div class=""col-sm-4 col-md-4""><div class=""tag""><a href=""https://www.banuri.edu.pk/questions/bab/zakat-sadaqat""><i class=""icon-docs-bold""></i> زکوٰۃ / صدقات</a></div></div><div class=""col-sm-4 col-md-4""><div class=""tag""><a href=""https://www.banuri.edu.pk/questions/fasal/adaye-zakat""><i class=""icon-docs-bold""></i> ادائے زکوٰۃ</a></div></div></div>"
https://www.banuri.edu.pk/readquestion/کفار-کا-مال-استعمال-کرنا-144105200981/23-01-2020,کفار کا مال استعمال کرنا,"<p><p style=""text-align:justify;"">کفار کا مال استعمال کرنا جائز ہے یا نہیں؟ خواہ وہ ہبۃً ہو یا غصباً؟ اور این جی اوز کے مال پر نفع حاصل کرنا کیا یہ جائز ہے یا نہیں ؟</p></p>","<p><p style=""text-align:justify;"">کفار یا ان کی  این جی اوز  اگر مال (یعنی جو دینِ اسلام کے اَحکام کے اعتبار سے ہمارے لیے مال ہے) ہبہ کریں اور اس مال کے استعمال سے ان کے ایسے مقاصد نہ ہوں جو اسلام یا اہلِ اسلام کو نقصان پہنچارہے ہوں تو اس مال کا استعمال جائز ہے۔</p><p style=""text-align:justify;"">اگر کسی جگہ تمام شرعی شرائط کے ساتھ جہاد  کیا جائے اور وہاں سے مال غنیمت حاصل ہو تو اس کا استعمال بھی مالِ غنیمت کے اصولوں کے مطابق جائز ہے۔</p><p style=""text-align:justify;"">اس کے علاوہ عام حالت میں کسی بھی شخص کا مال اس کی رضامندی کے بغیر استعمال کرنا جائز نہیں ہے، خواہ وہ غیر مسلم ہو۔ غصب کرنا کبیرہ گناہ ہے۔</p><p style=""text-align:justify;""><span class=""ar_writing""><strong>الدر المختار وحاشية ابن عابدين (رد المحتار) (4/ 138):<br/>
""وهو لكافة المسلمين (إذا فتح الإمام بلدةً صلحًا جرى على موجبه وكذا من بعده) من الأمراء (وأرضها تبقى مملوكة لهم ولو فتحها عنوةً) بالفتح أي قهرًا (قسمها بين الجيش) إن شاء (أو أقر أهلها عليها بجزية) على رءوسهم (وخراج) على أراضيهم والأول أولى عند حاجة الغانمين (أو أخرجهم منها وأنزل بها قوما غيرهم ووضع عليهم الخراج) والجزية (لو) كانوا (كفارًا) فلو مسلمين وضع العشر لا غير"".</strong></span> فقط واللہ اعلم</p></p><hr class=""big-hr""/>",23-01-2020,144105200981,banuri.edu.pk,متفرق کتب,متفرق ابواب,متفرق فصول,"<div class=""col-md-12 sawal-jawab""><h3 class=""question_heading"">سوال</h3><p><p style=""text-align:justify;"">کفار کا مال استعمال کرنا جائز ہے یا نہیں؟ خواہ وہ ہبۃً ہو یا غصباً؟ اور این جی اوز کے مال پر نفع حاصل کرنا کیا یہ جائز ہے یا نہیں ؟</p></p><h4 class=""question_heading"">جواب</h4><p><p style=""text-align:justify;"">کفار یا ان کی  این جی اوز  اگر مال (یعنی جو دینِ اسلام کے اَحکام کے اعتبار سے ہمارے لیے مال ہے) ہبہ کریں اور اس مال کے استعمال سے ان کے ایسے مقاصد نہ ہوں جو اسلام یا اہلِ اسلام کو نقصان پہنچارہے ہوں تو اس مال کا استعمال جائز ہے۔</p><p style=""text-align:justify;"">اگر کسی جگہ تمام شرعی شرائط کے ساتھ جہاد  کیا جائے اور وہاں سے مال غنیمت حاصل ہو تو اس کا استعمال بھی مالِ غنیمت کے اصولوں کے مطابق جائز ہے۔</p><p style=""text-align:justify;"">اس کے علاوہ عام حالت میں کسی بھی شخص کا مال اس کی رضامندی کے بغیر استعمال کرنا جائز نہیں ہے، خواہ وہ غیر مسلم ہو۔ غصب کرنا کبیرہ گناہ ہے۔</p><p style=""text-align:justify;""><span class=""ar_writing""><strong>الدر المختار وحاشية ابن عابدين (رد المحتار) (4/ 138):<br/>
""وهو لكافة المسلمين (إذا فتح الإمام بلدةً صلحًا جرى على موجبه وكذا من بعده) من الأمراء (وأرضها تبقى مملوكة لهم ولو فتحها عنوةً) بالفتح أي قهرًا (قسمها بين الجيش) إن شاء (أو أقر أهلها عليها بجزية) على رءوسهم (وخراج) على أراضيهم والأول أولى عند حاجة الغانمين (أو أخرجهم منها وأنزل بها قوما غيرهم ووضع عليهم الخراج) والجزية (لو) كانوا (كفارًا) فلو مسلمين وضع العشر لا غير"".</strong></span> فقط واللہ اعلم</p></p><hr class=""big-hr""/><div class=""col-sm-6 col-md-6""><p class=""question_heading"" style=""color:#73161f"">فتویٰ نمبر : <a id=""fatwa_number"">144105200981</a></p></div><div class=""col-sm-6 col-md-6""><p style=""color:#73161f"">دارالافتاء :
                                جامعہ علوم اسلامیہ علامہ محمد یوسف بنوری ٹاؤن</p></div><hr class=""big-hr""/><div class=""col-sm-4 col-md-4""><div class=""tag""><a href=""https://www.banuri.edu.pk/questions/kitab/mutafarriq-kutub""><i class=""icon-docs-bold""></i> متفرق کتب</a></div></div><div class=""col-sm-4 col-md-4""><div class=""tag""><a href=""https://www.banuri.edu.pk/questions/bab/mutafarriq-abwab""><i class=""icon-docs-bold""></i> متفرق ابواب</a></div></div><div class=""col-sm-4 col-md-4""><div class=""tag""><a href=""https://www.banuri.edu.pk/questions/fasal/mutafarriq-fusool""><i class=""icon-docs-bold""></i> متفرق فصول</a></div></div></div>"
https://www.banuri.edu.pk/readquestion/سفرکے-دوران-مقیم-کی-اقتدا-144105201105/25-01-2020,سفرکے دوران مقیم کی  اقتدا,"<p><p style=""text-align:justify;"">سفر کے دوران اگرمیں مقیم کی  اقتدا میں آکر آخری دو رکعت میں نیت باندھ لوں  اور مجھے پتا نہیں  ہے کہ  امام مقیم ہے،  اب امام نے سلام پھیر لیا اب مجھےکیا کرنا چاہیے؟</p></p>","<p><p style=""text-align:justify;""> نیت باندھتے وقت اس بات کا معلوم کرنا ضروری ہے کہ امام مقیم ہے یا مسافر۔ کوئی شخص حالتِ سفر میں کسی مقیم امام کی اقتدا میں نماز پڑھے تو وہ امام کے تابع ہوکر پوری چار رکعت ہی پڑھے گا۔</p><p style=""text-align:justify;"">اگر امام کا مقیم یا مسافر ہونا معلوم نہ ہو تو  اس صورت میں جب دو رکعتیں امام کے ساتھ پڑھیں تو بقیہ رکعتیں خود پوری کرلے۔اور مسئولہ صورت میں اگر مقتدی نے امام کو مسافر سمجھ کر سلام پھیر دیا تو مقتدی کو چار کی جگہ دو رکعت پڑھنے کی وجہ سے  نماز دہرانا پڑے گی۔(نماز کے مسائل کا انسائیکلوپیڈٰیا61-4)</p><p style=""text-align:justify;""><span class=""ar_writing"">الدر المختار وحاشية ابن عابدين (رد المحتار) (2/ 123):</span></p><p style=""text-align:justify;""><span class=""ar_writing"">""(صلى الفرض الرباعي ركعتين) وجوباً لقول ابن عباس: «إن الله فرض على لسان نبيكم صلاة المقيم أربعاً والمسافر ركعتين»، ولذا عدل المصنف عن قولهم: قصر؛ لأن الركعتين ليستا قصراً حقيقةً عندنا بل هما تمام فرضه والإكمال ليس رخصةً في حقه بل إساءة. قلت: وفي شروح البخاري: أن الصلوات فرضت ليلة الإسراء ركعتين سفراً وحضراً إلا المغرب فلما هاجر عليه الصلاة والسلام  واطمأن بالمدينة زيدت إلا الفجر لطول القراءة فيها والمغرب لأنها وتر النهار فلما استقر فرض الرباعية خفف فيها في السفر عند نزول قوله تعالى:{فليس عليكم جناح أن تقصروا من الصلاة} [النساء: 101] وكان قصرها في السنة الرابعة من الهجرة وبهذا تجتمع الأدلة اهـ كلامهم فليحفظ.</span></p><p style=""text-align:justify;""><span class=""ar_writing""> (قوله: صلى الفرض الرباعي) خبر من في قوله من خرج، واحترز بالفرض عن السنن والوتر وبالرباعي عن الفجر والمغرب.</span></p><p style=""text-align:justify;""><span class=""ar_writing"">(قوله: وجوباً) فيكره الإتمام عندنا حتى روي عن أبي حنيفة أنه قال: من أتم الصلاة فقد أساء وخالف السنة شرح المنية، وفيه تفصيل سيأتي فافهم (قوله: لقول ابن عباس إن الله فرض إلخ) لفظ الحديث على ما في الفتح عن صحيح مسلم: «فرض الله  الصلاة على لسان نبيكم صلى الله عليه وسلم في الحضر أربع ركعات وفي السفر ركعتين وفي الخوف ركعة» . اهـ. وفيه وفي حديث عائشة في الصحيحين قالت: «فرضت الصلاة ركعتين ركعتين فأقرت صلاة السفر وزيد في صلاة الحضر». وفي لفظ البخاري قالت: «فرضت الصلاة ركعتين ركعتين، ثم هاجر النبي صلى الله عليه وسلم ففرضت أربعاً وتركت صلاة السفر على الأول» "".</span></p><p style=""text-align:justify;""><span class=""ar_writing"">(قوله: لأن الركعتين إلخ) بدل من قوله ولذا عدل المصنف. قال في البحر: ومن مشايخنا من لقب المسألة بأن القصر عندنا عزيمة والإكمال رخصة. قال في البدائع: وهذا التلقيب على أصلنا خطأ لأن الركعتين في حقه ليستا قصراً حقيقة عندنا بل هما تمام فرض المسافر والإكمال ليس رخصة في حقه بل إساءة ومخالفة للسنة ولأن الرخصة اسم لما تغير عن الحكم الأصلي بعارض إلى تخفيف ويسر ولم يوجد معنى التغيير في حق المسافر رأساً إذ الصلاة في الأصل فرضت ركعتين ثم زيدت في حق المقيم كما روته عائشة - رضي الله تعالى عنها-، وفي حق المقيم وجد التغيير لكن إلى الغلظ والشدة لا إلى السهولة واليسر فلم يكن ذلك رخصة في حقه أيضا ولو سمي فهو مجاز لوجود بعض معاني الحقيقة وهو التغيير انتهى.</span></p><p style=""text-align:justify;""><span class=""ar_writing"">(قوله: لأنها وتر النهار) إنما سميت بذلك لقربها من النهار بوقوعها عقبه وإلا فهي ليلية لا نهارية تأمل.</span></p><p style=""text-align:justify;""><span class=""ar_writing"">(قوله: وبهذا تجتمع الأدلة) أي فإن بعضها يدل على أن صلاة ركعتين في السفر أصل وبعضها على أن ذلك عارض فإذا حملت الأدلة على اختلاف الأزمان زال التعارض، لكن لايخفى أن ما نقله شراح البخاري من الجمع بما ذكر مبني على مذهب الشافعي من أنها قصر لا إتمام لأن العمل على ما استقر عليه الأمر وهو على هذا الجمع فرضيتها أربعاً سفراً وحضراً ثم قصرها في السفر وهذا خلاف مذهبنا. وينافي هذا الجمع ما قدمناه من حديث عائشة المتفق عليه فإنه يدل على أن صلاة السفر لم يزد فيها أصلا. وأما الآية فالمراد بالقصر فيها قصر هيئة الصلاة وفعلها وقت الخوف كما أوضحه في شرح المنية وغيره فافهم"".</span></p><p style=""text-align:justify;""><span class=""ar_writing"">حاشية الطحطاوي على مراقي الفلاح شرح نور الإيضاح (ص: 440):</span></p><p style=""text-align:justify;""><span class=""ar_writing"">""كل صلاة أديت مع كراهة التحريم تعاد أي وجوباً في الوقت، وأما بعده فندب "". </span>فقط واللہ اعلم</p></p><hr class=""big-hr""/>",25-01-2020,144105201105,banuri.edu.pk,نماز,مسافر کی نماز,مسافر کی نماز,"<div class=""col-md-12 sawal-jawab""><h3 class=""question_heading"">سوال</h3><p><p style=""text-align:justify;"">سفر کے دوران اگرمیں مقیم کی  اقتدا میں آکر آخری دو رکعت میں نیت باندھ لوں  اور مجھے پتا نہیں  ہے کہ  امام مقیم ہے،  اب امام نے سلام پھیر لیا اب مجھےکیا کرنا چاہیے؟</p></p><h4 class=""question_heading"">جواب</h4><p><p style=""text-align:justify;""> نیت باندھتے وقت اس بات کا معلوم کرنا ضروری ہے کہ امام مقیم ہے یا مسافر۔ کوئی شخص حالتِ سفر میں کسی مقیم امام کی اقتدا میں نماز پڑھے تو وہ امام کے تابع ہوکر پوری چار رکعت ہی پڑھے گا۔</p><p style=""text-align:justify;"">اگر امام کا مقیم یا مسافر ہونا معلوم نہ ہو تو  اس صورت میں جب دو رکعتیں امام کے ساتھ پڑھیں تو بقیہ رکعتیں خود پوری کرلے۔اور مسئولہ صورت میں اگر مقتدی نے امام کو مسافر سمجھ کر سلام پھیر دیا تو مقتدی کو چار کی جگہ دو رکعت پڑھنے کی وجہ سے  نماز دہرانا پڑے گی۔(نماز کے مسائل کا انسائیکلوپیڈٰیا61-4)</p><p style=""text-align:justify;""><span class=""ar_writing"">الدر المختار وحاشية ابن عابدين (رد المحتار) (2/ 123):</span></p><p style=""text-align:justify;""><span class=""ar_writing"">""(صلى الفرض الرباعي ركعتين) وجوباً لقول ابن عباس: «إن الله فرض على لسان نبيكم صلاة المقيم أربعاً والمسافر ركعتين»، ولذا عدل المصنف عن قولهم: قصر؛ لأن الركعتين ليستا قصراً حقيقةً عندنا بل هما تمام فرضه والإكمال ليس رخصةً في حقه بل إساءة. قلت: وفي شروح البخاري: أن الصلوات فرضت ليلة الإسراء ركعتين سفراً وحضراً إلا المغرب فلما هاجر عليه الصلاة والسلام  واطمأن بالمدينة زيدت إلا الفجر لطول القراءة فيها والمغرب لأنها وتر النهار فلما استقر فرض الرباعية خفف فيها في السفر عند نزول قوله تعالى:{فليس عليكم جناح أن تقصروا من الصلاة} [النساء: 101] وكان قصرها في السنة الرابعة من الهجرة وبهذا تجتمع الأدلة اهـ كلامهم فليحفظ.</span></p><p style=""text-align:justify;""><span class=""ar_writing""> (قوله: صلى الفرض الرباعي) خبر من في قوله من خرج، واحترز بالفرض عن السنن والوتر وبالرباعي عن الفجر والمغرب.</span></p><p style=""text-align:justify;""><span class=""ar_writing"">(قوله: وجوباً) فيكره الإتمام عندنا حتى روي عن أبي حنيفة أنه قال: من أتم الصلاة فقد أساء وخالف السنة شرح المنية، وفيه تفصيل سيأتي فافهم (قوله: لقول ابن عباس إن الله فرض إلخ) لفظ الحديث على ما في الفتح عن صحيح مسلم: «فرض الله  الصلاة على لسان نبيكم صلى الله عليه وسلم في الحضر أربع ركعات وفي السفر ركعتين وفي الخوف ركعة» . اهـ. وفيه وفي حديث عائشة في الصحيحين قالت: «فرضت الصلاة ركعتين ركعتين فأقرت صلاة السفر وزيد في صلاة الحضر». وفي لفظ البخاري قالت: «فرضت الصلاة ركعتين ركعتين، ثم هاجر النبي صلى الله عليه وسلم ففرضت أربعاً وتركت صلاة السفر على الأول» "".</span></p><p style=""text-align:justify;""><span class=""ar_writing"">(قوله: لأن الركعتين إلخ) بدل من قوله ولذا عدل المصنف. قال في البحر: ومن مشايخنا من لقب المسألة بأن القصر عندنا عزيمة والإكمال رخصة. قال في البدائع: وهذا التلقيب على أصلنا خطأ لأن الركعتين في حقه ليستا قصراً حقيقة عندنا بل هما تمام فرض المسافر والإكمال ليس رخصة في حقه بل إساءة ومخالفة للسنة ولأن الرخصة اسم لما تغير عن الحكم الأصلي بعارض إلى تخفيف ويسر ولم يوجد معنى التغيير في حق المسافر رأساً إذ الصلاة في الأصل فرضت ركعتين ثم زيدت في حق المقيم كما روته عائشة - رضي الله تعالى عنها-، وفي حق المقيم وجد التغيير لكن إلى الغلظ والشدة لا إلى السهولة واليسر فلم يكن ذلك رخصة في حقه أيضا ولو سمي فهو مجاز لوجود بعض معاني الحقيقة وهو التغيير انتهى.</span></p><p style=""text-align:justify;""><span class=""ar_writing"">(قوله: لأنها وتر النهار) إنما سميت بذلك لقربها من النهار بوقوعها عقبه وإلا فهي ليلية لا نهارية تأمل.</span></p><p style=""text-align:justify;""><span class=""ar_writing"">(قوله: وبهذا تجتمع الأدلة) أي فإن بعضها يدل على أن صلاة ركعتين في السفر أصل وبعضها على أن ذلك عارض فإذا حملت الأدلة على اختلاف الأزمان زال التعارض، لكن لايخفى أن ما نقله شراح البخاري من الجمع بما ذكر مبني على مذهب الشافعي من أنها قصر لا إتمام لأن العمل على ما استقر عليه الأمر وهو على هذا الجمع فرضيتها أربعاً سفراً وحضراً ثم قصرها في السفر وهذا خلاف مذهبنا. وينافي هذا الجمع ما قدمناه من حديث عائشة المتفق عليه فإنه يدل على أن صلاة السفر لم يزد فيها أصلا. وأما الآية فالمراد بالقصر فيها قصر هيئة الصلاة وفعلها وقت الخوف كما أوضحه في شرح المنية وغيره فافهم"".</span></p><p style=""text-align:justify;""><span class=""ar_writing"">حاشية الطحطاوي على مراقي الفلاح شرح نور الإيضاح (ص: 440):</span></p><p style=""text-align:justify;""><span class=""ar_writing"">""كل صلاة أديت مع كراهة التحريم تعاد أي وجوباً في الوقت، وأما بعده فندب "". </span>فقط واللہ اعلم</p></p><hr class=""big-hr""/><div class=""col-sm-6 col-md-6""><p class=""question_heading"" style=""color:#73161f"">فتویٰ نمبر : <a id=""fatwa_number"">144105201105</a></p></div><div class=""col-sm-6 col-md-6""><p style=""color:#73161f"">دارالافتاء :
                                جامعہ علوم اسلامیہ علامہ محمد یوسف بنوری ٹاؤن</p></div><hr class=""big-hr""/><div class=""col-sm-4 col-md-4""><div class=""tag""><a href=""https://www.banuri.edu.pk/questions/kitab/salat""><i class=""icon-docs-bold""></i> نماز</a></div></div><div class=""col-sm-4 col-md-4""><div class=""tag""><a href=""https://www.banuri.edu.pk/questions/bab/musafir-ki-namaz""><i class=""icon-docs-bold""></i> مسافر کی نماز</a></div></div><div class=""col-sm-4 col-md-4""><div class=""tag""><a href=""https://www.banuri.edu.pk/questions/fasal/musafir-ki-namaz""><i class=""icon-docs-bold""></i> مسافر کی نماز</a></div></div></div>"
https://www.banuri.edu.pk/readquestion/سسر-بہو-سے-زنا-کرے-تو-نکاح-کا-حکم-144105201048/24-01-2020,سسر بہو سے زنا کرے تو نکاح کا حکم,"<p><p style=""text-align:justify;"">اگر سسر زبردستی اپنے بیٹے کی بیوی سے زنا بالجبر کرے تو نکاح کی کیا حیثیت ہے میاں اور بیوی کی؟</p></p>","<p><p style=""text-align:justify;"">اگر سسر  اپنی بہو سے زنا کرلے جبراً  ہو یا رضامندی سے بہر صورت بیوی اپنی شوہر پر ہمیشہ کے لیے حرام ہوجائے گی بشرطیکہ شوہر اس کی تصدیق بھی کرے۔ </p><p style=""text-align:justify;""><span class=""ar_writing"">الفتاوى الهندية - (6 / 455):<br/>
""وَتَثْبُتُ بِالْوَطْءِ حَلَالًا كَانَ أَوْ عَنْ شُبْهَةٍ أَوْ زِنًا، كَذَا فِي فَتَاوَى قَاضِي خَانْ. فَمَنْ زَنَى بِامْرَأَةٍ حَرُمَتْ عَلَيْهِ أُمُّهَا وَإِنْ عَلَتْ وَابْنَتُهَا وَإِنْ سَفْلَتَ، وَكَذَا تَحْرُمُ الْمَزْنِيُّ بِهَا عَلَى آبَاءِ الزَّانِي وَأَجْدَادِهِ وَإِنْ عَلَوْا وَأَبْنَائِهِ وَإِنْ سَفَلُوا، كَذَا فِي فَتْحِ الْقَدِيرِ"".</span>فقط واللہ اعلم</p></p><hr class=""big-hr""/>",24-01-2020,144105201048,banuri.edu.pk,نکاح,محرمات و غیر محرمات,نسبی محرمات,"<div class=""col-md-12 sawal-jawab""><h3 class=""question_heading"">سوال</h3><p><p style=""text-align:justify;"">اگر سسر زبردستی اپنے بیٹے کی بیوی سے زنا بالجبر کرے تو نکاح کی کیا حیثیت ہے میاں اور بیوی کی؟</p></p><h4 class=""question_heading"">جواب</h4><p><p style=""text-align:justify;"">اگر سسر  اپنی بہو سے زنا کرلے جبراً  ہو یا رضامندی سے بہر صورت بیوی اپنی شوہر پر ہمیشہ کے لیے حرام ہوجائے گی بشرطیکہ شوہر اس کی تصدیق بھی کرے۔ </p><p style=""text-align:justify;""><span class=""ar_writing"">الفتاوى الهندية - (6 / 455):<br/>
""وَتَثْبُتُ بِالْوَطْءِ حَلَالًا كَانَ أَوْ عَنْ شُبْهَةٍ أَوْ زِنًا، كَذَا فِي فَتَاوَى قَاضِي خَانْ. فَمَنْ زَنَى بِامْرَأَةٍ حَرُمَتْ عَلَيْهِ أُمُّهَا وَإِنْ عَلَتْ وَابْنَتُهَا وَإِنْ سَفْلَتَ، وَكَذَا تَحْرُمُ الْمَزْنِيُّ بِهَا عَلَى آبَاءِ الزَّانِي وَأَجْدَادِهِ وَإِنْ عَلَوْا وَأَبْنَائِهِ وَإِنْ سَفَلُوا، كَذَا فِي فَتْحِ الْقَدِيرِ"".</span>فقط واللہ اعلم</p></p><hr class=""big-hr""/><div class=""col-sm-6 col-md-6""><p class=""question_heading"" style=""color:#73161f"">فتویٰ نمبر : <a id=""fatwa_number"">144105201048</a></p></div><div class=""col-sm-6 col-md-6""><p style=""color:#73161f"">دارالافتاء :
                                جامعہ علوم اسلامیہ علامہ محمد یوسف بنوری ٹاؤن</p></div><hr class=""big-hr""/><div class=""col-sm-4 col-md-4""><div class=""tag""><a href=""https://www.banuri.edu.pk/questions/kitab/nikah""><i class=""icon-docs-bold""></i> نکاح</a></div></div><div class=""col-sm-4 col-md-4""><div class=""tag""><a href=""https://www.banuri.edu.pk/questions/bab/muharramat-o-gher-muharramat""><i class=""icon-docs-bold""></i> محرمات و غیر محرمات</a></div></div><div class=""col-sm-4 col-md-4""><div class=""tag""><a href=""https://www.banuri.edu.pk/questions/fasal/muharramat""><i class=""icon-docs-bold""></i> نسبی محرمات</a></div></div></div>"
https://www.banuri.edu.pk/readquestion/زندگی-میں-جائیداد-میں-حقوق-144105201000/23-01-2020,زندگی میں جائیداد میں حقوق,"<p><p style=""text-align:justify;"">میرا نام اقبال احمد ہے، میں ایک فلیٹ جس کی مارکیٹ value تقریباً 35 لاکھ ہے میں رہائش پذیر ہوں، میرے ساتھ میری اہلیہ اور تین بیٹے بھی رہتے ہیں، جب کہ ایک لڑکا جو کہ شادی شدہ ہے ملک سے باہر رہتا ہے. قرآنِ مجید اور احادیث کی روشنی میں اس جائیداد میں کس کا کتنا حصہ ہے؟</p></p>","<p><p style=""text-align:justify;"">اگر مذکورہ فلیٹ  اپنی رقم سےآپ کا خریدا ہوا ہو تو یہ آپ ہی کی ملکیت ہے، آپ کی زندگی میں آپ کی مملوکہ جائیداد میں کسی کا کوئی حق نہیں، البتہ آپ کی وفات کے وقت جو ورثاء ہوں گے، ان میں میراث کے اصول کے مطابق فلیٹ تقسیم ہوگا۔فقط واللہ اعلم</p></p><hr class=""big-hr""/>",23-01-2020,144105201000,banuri.edu.pk,معاملات,وراثت / وصیت,ورثاء اور ان کے حصص,"<div class=""col-md-12 sawal-jawab""><h3 class=""question_heading"">سوال</h3><p><p style=""text-align:justify;"">میرا نام اقبال احمد ہے، میں ایک فلیٹ جس کی مارکیٹ value تقریباً 35 لاکھ ہے میں رہائش پذیر ہوں، میرے ساتھ میری اہلیہ اور تین بیٹے بھی رہتے ہیں، جب کہ ایک لڑکا جو کہ شادی شدہ ہے ملک سے باہر رہتا ہے. قرآنِ مجید اور احادیث کی روشنی میں اس جائیداد میں کس کا کتنا حصہ ہے؟</p></p><h4 class=""question_heading"">جواب</h4><p><p style=""text-align:justify;"">اگر مذکورہ فلیٹ  اپنی رقم سےآپ کا خریدا ہوا ہو تو یہ آپ ہی کی ملکیت ہے، آپ کی زندگی میں آپ کی مملوکہ جائیداد میں کسی کا کوئی حق نہیں، البتہ آپ کی وفات کے وقت جو ورثاء ہوں گے، ان میں میراث کے اصول کے مطابق فلیٹ تقسیم ہوگا۔فقط واللہ اعلم</p></p><hr class=""big-hr""/><div class=""col-sm-6 col-md-6""><p class=""question_heading"" style=""color:#73161f"">فتویٰ نمبر : <a id=""fatwa_number"">144105201000</a></p></div><div class=""col-sm-6 col-md-6""><p style=""color:#73161f"">دارالافتاء :
                                جامعہ علوم اسلامیہ علامہ محمد یوسف بنوری ٹاؤن</p></div><hr class=""big-hr""/><div class=""col-sm-4 col-md-4""><div class=""tag""><a href=""https://www.banuri.edu.pk/questions/kitab/muamlat""><i class=""icon-docs-bold""></i> معاملات</a></div></div><div class=""col-sm-4 col-md-4""><div class=""tag""><a href=""https://www.banuri.edu.pk/questions/bab/wirasat-wasyat""><i class=""icon-docs-bold""></i> وراثت / وصیت</a></div></div><div class=""col-sm-4 col-md-4""><div class=""tag""><a href=""https://www.banuri.edu.pk/questions/fasal/wurasa-or-un-k-hisas""><i class=""icon-docs-bold""></i> ورثاء اور ان کے حصص</a></div></div></div>"
https://www.banuri.edu.pk/readquestion/سرکو-ڈھانپ-کر-نماز-پڑھنا-144106200026/27-01-2020,سرکو ڈھانپ کر نماز پڑھنا,"<p><p style=""text-align:justify;"">1. ٹی وی پر ایک عالم کا کہنا تھا کہ ذخیرہ احادیث میں کوئی ایک بھی ایسی حدیث نہیں جس میں یہ بیان ہوا ہو کہ نبی اکرم صلی اللّٰہ علیہ وسلم نے نماز کی حالت میں سر ڈھکا ہوا تھا یا نہیں۔ کیا ان کا یہ کہنا درست ہے؟</p><p style=""text-align:justify;"">2. کیا صحابۂ  کرام رضوان اللہ علیہم میں سے کسی صحابی کا نماز کی حالت میں سر ڈھکا ہوا ہونے کا ثبوت ملتا ہے؟</p></p>","<p><p style=""text-align:justify;"">حضورِ  اکرم صلی اللہ علیہ وسلم عام حالات میں بھی عام طور پر عمامہ پہنا کرتے تھے، بلکہ اکثر سر مبارک پر عمامہ ہوتا تھا، اور عمامہ کے ساتھ نماز کی فضیلت بھی وارد ہوئی ہے، اور حضرات صحابہ کرام بھی عمامہ یا ٹوپی پہن کر نمازیں پڑھا کرتے تھے،  امام بخاری رحمہ اللہ نے صحیح البخاری میں حضرت حسن بصری رحمہ اللہ کا قول نقل کیا ہے کہ صحابہ کرام رضوان اللہ علیہم اجمعین سر کو عمامہ یا ٹوپی سے ڈھانپ لیا کرتے تھے، اس روایت کو امام بخاری رحمہ اللہ نے موقوفاً نقل کیا ہے، فرماتے ہیں:</p><p style=""text-align:justify;""><span class=""ar_writing"">""بَاب السُّجُودِ عَلَى الثَّوْبِ فِي شِدَّةِ الْحَرِّ، وَقَالَ الْحَسَنُ: كَانَ الْقَوْمُ يَسْجُدُونَ عَلَى الْعِمَامَةِ وَالْقَلَنْسُوَةِ وَيَدَاهُ فِي كُمِّه"". (صحیح البخاري، باب السجود علی الثوب في شدة الحر: </span>۱/۸۶<span class=""ar_writing"">، ط: دارطوق النجاة</span>)</p><p style=""text-align:justify;"">اور امام عبدالرزاق الصنعانی نے اس روایت کو متصلاً نقل کیا ہے کہ صحابہ کرام رضوان اللہ علیہم اجمعین سجدہ ٹوپی، عمامہ کے ساتھ کیا کرتے تھے، حافظ ابن حجر نے فتح الباری میں فرمایا ہے:</p><p style=""text-align:justify;""><span class=""ar_writing"">""وهذا الأثر وصله عبد الرزاق عن هشام بن حسان عن الحسن أنّ أصحاب رسول الله صلى الله عليه وسلم كانوا يسجدون وأيديهم في ثيابهم ويسجد الرجل منهم على قلنسوته وعمامته، هكذا رواه ابن أبي شيبة من طريق هشام"". (فتح الباري: ۲/۲۳۸، ط: دارالمعرفة بیروت)</span></p><p style=""text-align:justify;"">نیز یہ بھی واضح رہے کہ اگر کسی شخص کو حدیث میں صراحتاً یہ الفاظ  نہیں ملے کہ رسول اللہ ﷺ  ٹوپی پہن کر ہی نماز ادا فرماتے تھے تو اس سے یہ لازم نہیں آتا کہ بغیر ٹوپی کے نماز ادا فرماتے تھے، ذخیرۂ احادیث میں کسی بھی صحیح حدیث میں یہ موجود نہیں ہے کہ حالتِ احرام کے علاوہ رسول اللہ ﷺ نے ٹوپی کے بغیر نماز ادا فرمائی ہو۔ جب کہ رسول اللہ ﷺ کا معمولی عمامہ پہننے کا تھا، اور عمامہ نہ ہو تو آپ ﷺ ٹوپی پہنا کرتے تھے، آپ ﷺ کی سیرت و شمائل کے حوالے سے لکھی گئی کتابوں میں آپ ﷺ کے ٹوپی استعمال فرمانے کی بہت سی روایات موجود ہیں، ظاہر ہے کہ جب عمومی احوال میں عمامہ یا ٹوپی زیبِ تن فرماتے تھے تو کیا نماز شروع کرنے سے پہلے خاص طور پر آپ ﷺ عمامہ یا ٹوپی اتار دیا کرتے تھے؟! ظاہر ہے کہ ایسا ہو نہیں سکتا، اگر بالفرض ایسا ہوتا تو خلافِ معمول ہونے کی وجہ سے صحابہ کرام رضی اللہ عنہم اسے ضرور ذکر کرتے!  اور صحابہ کرام رضی اللہ عنہم کا معمولی بھی اوپر صحیح بخاری کی روایت کے حوالے سے گزر گیا کہ وہ نماز کے دوران عمامہ یا ٹوپی پہنا کرتے تھے۔ فقط واللہ اعلم</p></p><hr class=""big-hr""/>",27-01-2020,144106200026,banuri.edu.pk,علوم و فنون,حدیث و سنت,حدیث کا معنی، مفہوم اور اقسام,"<div class=""col-md-12 sawal-jawab""><h3 class=""question_heading"">سوال</h3><p><p style=""text-align:justify;"">1. ٹی وی پر ایک عالم کا کہنا تھا کہ ذخیرہ احادیث میں کوئی ایک بھی ایسی حدیث نہیں جس میں یہ بیان ہوا ہو کہ نبی اکرم صلی اللّٰہ علیہ وسلم نے نماز کی حالت میں سر ڈھکا ہوا تھا یا نہیں۔ کیا ان کا یہ کہنا درست ہے؟</p><p style=""text-align:justify;"">2. کیا صحابۂ  کرام رضوان اللہ علیہم میں سے کسی صحابی کا نماز کی حالت میں سر ڈھکا ہوا ہونے کا ثبوت ملتا ہے؟</p></p><h4 class=""question_heading"">جواب</h4><p><p style=""text-align:justify;"">حضورِ  اکرم صلی اللہ علیہ وسلم عام حالات میں بھی عام طور پر عمامہ پہنا کرتے تھے، بلکہ اکثر سر مبارک پر عمامہ ہوتا تھا، اور عمامہ کے ساتھ نماز کی فضیلت بھی وارد ہوئی ہے، اور حضرات صحابہ کرام بھی عمامہ یا ٹوپی پہن کر نمازیں پڑھا کرتے تھے،  امام بخاری رحمہ اللہ نے صحیح البخاری میں حضرت حسن بصری رحمہ اللہ کا قول نقل کیا ہے کہ صحابہ کرام رضوان اللہ علیہم اجمعین سر کو عمامہ یا ٹوپی سے ڈھانپ لیا کرتے تھے، اس روایت کو امام بخاری رحمہ اللہ نے موقوفاً نقل کیا ہے، فرماتے ہیں:</p><p style=""text-align:justify;""><span class=""ar_writing"">""بَاب السُّجُودِ عَلَى الثَّوْبِ فِي شِدَّةِ الْحَرِّ، وَقَالَ الْحَسَنُ: كَانَ الْقَوْمُ يَسْجُدُونَ عَلَى الْعِمَامَةِ وَالْقَلَنْسُوَةِ وَيَدَاهُ فِي كُمِّه"". (صحیح البخاري، باب السجود علی الثوب في شدة الحر: </span>۱/۸۶<span class=""ar_writing"">، ط: دارطوق النجاة</span>)</p><p style=""text-align:justify;"">اور امام عبدالرزاق الصنعانی نے اس روایت کو متصلاً نقل کیا ہے کہ صحابہ کرام رضوان اللہ علیہم اجمعین سجدہ ٹوپی، عمامہ کے ساتھ کیا کرتے تھے، حافظ ابن حجر نے فتح الباری میں فرمایا ہے:</p><p style=""text-align:justify;""><span class=""ar_writing"">""وهذا الأثر وصله عبد الرزاق عن هشام بن حسان عن الحسن أنّ أصحاب رسول الله صلى الله عليه وسلم كانوا يسجدون وأيديهم في ثيابهم ويسجد الرجل منهم على قلنسوته وعمامته، هكذا رواه ابن أبي شيبة من طريق هشام"". (فتح الباري: ۲/۲۳۸، ط: دارالمعرفة بیروت)</span></p><p style=""text-align:justify;"">نیز یہ بھی واضح رہے کہ اگر کسی شخص کو حدیث میں صراحتاً یہ الفاظ  نہیں ملے کہ رسول اللہ ﷺ  ٹوپی پہن کر ہی نماز ادا فرماتے تھے تو اس سے یہ لازم نہیں آتا کہ بغیر ٹوپی کے نماز ادا فرماتے تھے، ذخیرۂ احادیث میں کسی بھی صحیح حدیث میں یہ موجود نہیں ہے کہ حالتِ احرام کے علاوہ رسول اللہ ﷺ نے ٹوپی کے بغیر نماز ادا فرمائی ہو۔ جب کہ رسول اللہ ﷺ کا معمولی عمامہ پہننے کا تھا، اور عمامہ نہ ہو تو آپ ﷺ ٹوپی پہنا کرتے تھے، آپ ﷺ کی سیرت و شمائل کے حوالے سے لکھی گئی کتابوں میں آپ ﷺ کے ٹوپی استعمال فرمانے کی بہت سی روایات موجود ہیں، ظاہر ہے کہ جب عمومی احوال میں عمامہ یا ٹوپی زیبِ تن فرماتے تھے تو کیا نماز شروع کرنے سے پہلے خاص طور پر آپ ﷺ عمامہ یا ٹوپی اتار دیا کرتے تھے؟! ظاہر ہے کہ ایسا ہو نہیں سکتا، اگر بالفرض ایسا ہوتا تو خلافِ معمول ہونے کی وجہ سے صحابہ کرام رضی اللہ عنہم اسے ضرور ذکر کرتے!  اور صحابہ کرام رضی اللہ عنہم کا معمولی بھی اوپر صحیح بخاری کی روایت کے حوالے سے گزر گیا کہ وہ نماز کے دوران عمامہ یا ٹوپی پہنا کرتے تھے۔ فقط واللہ اعلم</p></p><hr class=""big-hr""/><div class=""col-sm-6 col-md-6""><p class=""question_heading"" style=""color:#73161f"">فتویٰ نمبر : <a id=""fatwa_number"">144106200026</a></p></div><div class=""col-sm-6 col-md-6""><p style=""color:#73161f"">دارالافتاء :
                                جامعہ علوم اسلامیہ علامہ محمد یوسف بنوری ٹاؤن</p></div><hr class=""big-hr""/><div class=""col-sm-4 col-md-4""><div class=""tag""><a href=""https://www.banuri.edu.pk/questions/kitab/uloom-funoon""><i class=""icon-docs-bold""></i> علوم و فنون</a></div></div><div class=""col-sm-4 col-md-4""><div class=""tag""><a href=""https://www.banuri.edu.pk/questions/bab/hadees-sunnat""><i class=""icon-docs-bold""></i> حدیث و سنت</a></div></div><div class=""col-sm-4 col-md-4""><div class=""tag""><a href=""https://www.banuri.edu.pk/questions/fasal/hadees-ka-mana-mafhom-aur-aqsaam""><i class=""icon-docs-bold""></i> حدیث کا معنی، مفہوم اور اقسام</a></div></div></div>"
https://www.banuri.edu.pk/readquestion/بیوی-کی-چھاتی-چوسنا-144106200164/31-01-2020,بیوی کی چھاتی چوسنا,"<p><p style=""text-align:justify;"">اپنی بیوی کی چھاتی چوسنے کے حوالے سے شریعت کیا کہتی ہے اور اگر غلطی سے دودھ اندر چلا جائے تو کیا حکم ہے؟</p></p>","<p><p style=""text-align:justify;"">شوہر کےلیے اپنی بیوی کے پستان چھونے کی طرح منہ میں لینےکی تو اجازت ہے بشرطیکہ منہ میں دودھ نہ آئے؛ اس لیے  کہ دودھ عورت کےبدن کا جز ہےاوراجزائے انسانی کا استعمال درست نہیں ہے، تاہم اگر بیوی کا دودھ غلطی سے منہ میں چلا جائے تو اسے تھوک دے، پھر تھوک دیا یا پی لیا بہر صورت اس سے نکاح پر اثر نہیں  پڑتا؛ کیوں کہ دودھ پینے کی وجہ سے حرمت تب ثابت ہوتی ہے جب وہ بچپن میں مدتِ رضاعت میں پیا جائے۔  البتہ  عمداً بیوی کا دودھ پینا حرام ہے، اس پر توبہ استغفار لازم ہے۔فقط واللہ اعلم</p></p><hr class=""big-hr""/>",31-01-2020,144106200164,banuri.edu.pk,حقوق و آدابِ معاشرت,حقوق,میاں ، بیوی کے حقوق,"<div class=""col-md-12 sawal-jawab""><h3 class=""question_heading"">سوال</h3><p><p style=""text-align:justify;"">اپنی بیوی کی چھاتی چوسنے کے حوالے سے شریعت کیا کہتی ہے اور اگر غلطی سے دودھ اندر چلا جائے تو کیا حکم ہے؟</p></p><h4 class=""question_heading"">جواب</h4><p><p style=""text-align:justify;"">شوہر کےلیے اپنی بیوی کے پستان چھونے کی طرح منہ میں لینےکی تو اجازت ہے بشرطیکہ منہ میں دودھ نہ آئے؛ اس لیے  کہ دودھ عورت کےبدن کا جز ہےاوراجزائے انسانی کا استعمال درست نہیں ہے، تاہم اگر بیوی کا دودھ غلطی سے منہ میں چلا جائے تو اسے تھوک دے، پھر تھوک دیا یا پی لیا بہر صورت اس سے نکاح پر اثر نہیں  پڑتا؛ کیوں کہ دودھ پینے کی وجہ سے حرمت تب ثابت ہوتی ہے جب وہ بچپن میں مدتِ رضاعت میں پیا جائے۔  البتہ  عمداً بیوی کا دودھ پینا حرام ہے، اس پر توبہ استغفار لازم ہے۔فقط واللہ اعلم</p></p><hr class=""big-hr""/><div class=""col-sm-6 col-md-6""><p class=""question_heading"" style=""color:#73161f"">فتویٰ نمبر : <a id=""fatwa_number"">144106200164</a></p></div><div class=""col-sm-6 col-md-6""><p style=""color:#73161f"">دارالافتاء :
                                جامعہ علوم اسلامیہ علامہ محمد یوسف بنوری ٹاؤن</p></div><hr class=""big-hr""/><div class=""col-sm-4 col-md-4""><div class=""tag""><a href=""https://www.banuri.edu.pk/questions/kitab/huqooq-muashret""><i class=""icon-docs-bold""></i> حقوق و آدابِ معاشرت</a></div></div><div class=""col-sm-4 col-md-4""><div class=""tag""><a href=""https://www.banuri.edu.pk/questions/bab/bahmi-huqooq""><i class=""icon-docs-bold""></i> حقوق</a></div></div><div class=""col-sm-4 col-md-4""><div class=""tag""><a href=""https://www.banuri.edu.pk/questions/fasal/mian-biwi-k-huqooq""><i class=""icon-docs-bold""></i> میاں ، بیوی کے حقوق</a></div></div></div>"
https://www.banuri.edu.pk/readquestion/موبائل-میں-قرآن-کریم-کو-بلاوضو-پڑھنا-144106200030/27-01-2020,موبائل میں قرآنِ کریم بلاوضو پڑھنا,"<p><p style=""text-align:justify;"">کیا موبائل میں قرآنِ کریم بلا وضو پڑھ سکتے ہیں؟</p></p>","<p><p style=""margin-left:0;margin-right:0;text-align:justify;""><span style=""color:#000;"">واضح رہے کہ موبائل فون میں قرآنِ کریم، احادیثِ مبارکہ وغیرہ کو محفوظ کرنا اور پھر موبائل فون کی اسکرین پر نمودار، آیاتِ قرآنیہ کو دیکھ کر اس کی تلاوت کرنا جائز اور باعث ثواب ہے، مگر ایسی صورت میں قرآنِ کریم کے مکمل حقوق اور آداب کی رعایت رکھنا ضروری ہوگا، تاکہ بے ادبی اور گناہ لازم نہ آئے۔</span></p><p style=""margin-left:0;margin-right:0;text-align:justify;""><span style=""color:#000;"">لہٰذا صورتِ مسئولہ میں موبائل فون پر نمودار آیات قرآنیہ کو دیکھ کر اس سے تلاوت کرنا جائز اور باعث ثواب ہے، لیکن ایسی صورت میں اگر صفحات پلٹنے وغیرہ کی غرض سے حروفِ قرآنیہ کو چھونے کی ضرورت ہو تو باوضو طور پر اس کو چھونا ضروری ہے، بلاوضو حروفِ قرآنیہ والی جگہ کو چھونا جائز نہیں ہوگا۔</span></p><p style=""margin-left:0;margin-right:0;text-align:justify;""><span style=""color:#000;"">البتہ اگر سامنے اسکرین پر آیاتِ قرآنیہ نمودار نہ ہوں اور قرآن کریم والا فولڈر</span><span style=""color:#000;"">App </span><span style=""color:#000;""> بند ہو تو ایسے موبائل کو بغیر وضو کے بھی ہاتھ میں لے سکتے ہیں۔</span></p><p style=""margin-left:0;margin-right:0;text-align:justify;""><span style=""color:#000;"">الدر مع الرد میں ہے:</span></p><p style=""margin-left:0;margin-right:0;text-align:justify;""><span class=""ar_writing""><strong>""(وَ</strong><strong>)</strong><strong> </strong><strong>يَحْرُمُ</strong><strong> </strong><strong>(</strong><strong>بِهِ</strong><strong>)</strong><strong> </strong><strong>أَيْ بِالْأَكْبَرِ</strong><strong> </strong><strong>(</strong><strong>وَبِالْأَصْغَرِ</strong><strong>)</strong><strong> </strong><strong>مَسُّ مُصْحَفٍ: أَيْ مَا فِيهِ آيَةٌ كَدِرْهَمٍ وَجِدَارٍ.</strong></span></p><p style=""margin-left:0;margin-right:0;text-align:justify;""><span class=""ar_writing""><strong>(قَوْلُهُ: أَيْ مَا فِيهِ آيَةٌ إلَخْ)</strong><strong> أَيْ الْمُرَادُ مُطْلَقُ مَا كُتِبَ فِيهِ قُرْآنٌ مَجَازًا، لَكِنْ لَا يَحْرُمُ فِي غَيْرِ الْمُصْحَفِ إلَّا بِالْمَكْتُوبِ: أَيْ مَوْضِعُ الْكِتَابَةِ"". </strong></span><span class=""ar_writing""><span style=""color:#000;"">(كتاب الطهارة (1/173، و176، ط: سعيد)</span></span></p><p style=""margin-left:0;margin-right:0;text-align:justify;""><span style=""color:#000;"">فتاویٰ شامی میں ہے:</span></p><p style=""margin-left:0;margin-right:0;text-align:justify;""><span class=""ar_writing""><span style=""color:#000;"">""ويمنع دخول مسجد إلى قوله: ومسه أي القرآن ولو في لو أو درهم أو حائط. لكي لايمنع الأمن مس المكتوب ..."" الخ (ص: 293، ط: سعيد)</span></span></p><p style=""margin-left:0;margin-right:0;text-align:justify;""><span class=""ar_writing""><span style=""color:#000;"">وكذا في الهندية 5/323، وكذا في حاشية الطحطاوي ص144. </span></span><span class=""ar_writing""><span style=""color:#000;"">فقط والله أعلم</span></span></p></p><hr class=""big-hr""/>",27-01-2020,144106200030,banuri.edu.pk,طہارت,وضو,وضو،فرائض،سنن،آداب اور وضو توڑنے والی اشیاء,"<div class=""col-md-12 sawal-jawab""><h3 class=""question_heading"">سوال</h3><p><p style=""text-align:justify;"">کیا موبائل میں قرآنِ کریم بلا وضو پڑھ سکتے ہیں؟</p></p><h4 class=""question_heading"">جواب</h4><p><p style=""margin-left:0;margin-right:0;text-align:justify;""><span style=""color:#000;"">واضح رہے کہ موبائل فون میں قرآنِ کریم، احادیثِ مبارکہ وغیرہ کو محفوظ کرنا اور پھر موبائل فون کی اسکرین پر نمودار، آیاتِ قرآنیہ کو دیکھ کر اس کی تلاوت کرنا جائز اور باعث ثواب ہے، مگر ایسی صورت میں قرآنِ کریم کے مکمل حقوق اور آداب کی رعایت رکھنا ضروری ہوگا، تاکہ بے ادبی اور گناہ لازم نہ آئے۔</span></p><p style=""margin-left:0;margin-right:0;text-align:justify;""><span style=""color:#000;"">لہٰذا صورتِ مسئولہ میں موبائل فون پر نمودار آیات قرآنیہ کو دیکھ کر اس سے تلاوت کرنا جائز اور باعث ثواب ہے، لیکن ایسی صورت میں اگر صفحات پلٹنے وغیرہ کی غرض سے حروفِ قرآنیہ کو چھونے کی ضرورت ہو تو باوضو طور پر اس کو چھونا ضروری ہے، بلاوضو حروفِ قرآنیہ والی جگہ کو چھونا جائز نہیں ہوگا۔</span></p><p style=""margin-left:0;margin-right:0;text-align:justify;""><span style=""color:#000;"">البتہ اگر سامنے اسکرین پر آیاتِ قرآنیہ نمودار نہ ہوں اور قرآن کریم والا فولڈر</span><span style=""color:#000;"">App </span><span style=""color:#000;""> بند ہو تو ایسے موبائل کو بغیر وضو کے بھی ہاتھ میں لے سکتے ہیں۔</span></p><p style=""margin-left:0;margin-right:0;text-align:justify;""><span style=""color:#000;"">الدر مع الرد میں ہے:</span></p><p style=""margin-left:0;margin-right:0;text-align:justify;""><span class=""ar_writing""><strong>""(وَ</strong><strong>)</strong><strong> </strong><strong>يَحْرُمُ</strong><strong> </strong><strong>(</strong><strong>بِهِ</strong><strong>)</strong><strong> </strong><strong>أَيْ بِالْأَكْبَرِ</strong><strong> </strong><strong>(</strong><strong>وَبِالْأَصْغَرِ</strong><strong>)</strong><strong> </strong><strong>مَسُّ مُصْحَفٍ: أَيْ مَا فِيهِ آيَةٌ كَدِرْهَمٍ وَجِدَارٍ.</strong></span></p><p style=""margin-left:0;margin-right:0;text-align:justify;""><span class=""ar_writing""><strong>(قَوْلُهُ: أَيْ مَا فِيهِ آيَةٌ إلَخْ)</strong><strong> أَيْ الْمُرَادُ مُطْلَقُ مَا كُتِبَ فِيهِ قُرْآنٌ مَجَازًا، لَكِنْ لَا يَحْرُمُ فِي غَيْرِ الْمُصْحَفِ إلَّا بِالْمَكْتُوبِ: أَيْ مَوْضِعُ الْكِتَابَةِ"". </strong></span><span class=""ar_writing""><span style=""color:#000;"">(كتاب الطهارة (1/173، و176، ط: سعيد)</span></span></p><p style=""margin-left:0;margin-right:0;text-align:justify;""><span style=""color:#000;"">فتاویٰ شامی میں ہے:</span></p><p style=""margin-left:0;margin-right:0;text-align:justify;""><span class=""ar_writing""><span style=""color:#000;"">""ويمنع دخول مسجد إلى قوله: ومسه أي القرآن ولو في لو أو درهم أو حائط. لكي لايمنع الأمن مس المكتوب ..."" الخ (ص: 293، ط: سعيد)</span></span></p><p style=""margin-left:0;margin-right:0;text-align:justify;""><span class=""ar_writing""><span style=""color:#000;"">وكذا في الهندية 5/323، وكذا في حاشية الطحطاوي ص144. </span></span><span class=""ar_writing""><span style=""color:#000;"">فقط والله أعلم</span></span></p></p><hr class=""big-hr""/><div class=""col-sm-6 col-md-6""><p class=""question_heading"" style=""color:#73161f"">فتویٰ نمبر : <a id=""fatwa_number"">144106200030</a></p></div><div class=""col-sm-6 col-md-6""><p style=""color:#73161f"">دارالافتاء :
                                جامعہ علوم اسلامیہ علامہ محمد یوسف بنوری ٹاؤن</p></div><hr class=""big-hr""/><div class=""col-sm-4 col-md-4""><div class=""tag""><a href=""https://www.banuri.edu.pk/questions/kitab/taharat""><i class=""icon-docs-bold""></i> طہارت</a></div></div><div class=""col-sm-4 col-md-4""><div class=""tag""><a href=""https://www.banuri.edu.pk/questions/bab/wuzu""><i class=""icon-docs-bold""></i> وضو</a></div></div><div class=""col-sm-4 col-md-4""><div class=""tag""><a href=""https://www.banuri.edu.pk/questions/fasal/wuzo-faraidh-sunan-aadab-or-wuzo-tornay-wali-ashya""><i class=""icon-docs-bold""></i> وضو،فرائض،سنن،آداب اور وضو توڑنے والی اشیاء</a></div></div></div>"
https://www.banuri.edu.pk/readquestion/میں-نے-اپنی-بیوی-کو-طلاق-دیا-ہے-کا-حکم-144105200983/23-01-2020,طلاق کی خبر سے طلاق کا حکم,"<p><p style=""text-align:justify;"">ایک شخص نے اپنے بھائی سے کہا کہ میں نے اپنی بیوی کو طلاق دیا ہے، اسے اس کے ماں باپ کے گھرلے جاؤ اور وہ لے گیا، کیا اس سے طلاق واقع ہوگی یا نہیں؟</p></p>","<p><p style=""text-align:justify;"">صورتِ مسئولہ میں شوہر نے جو جملہ کہا ’’میں نے اپنی بیوی کو طلاق دیا ہے‘‘ اس کا حکم یہ ہے کہ اگر شوہر نے اس سے پہلے طلاق دی ہو اور اسی طلاق کی اطلاع اپنے بھائی کو دینا مقصود ہو تو پہلے جتنی طلاقیں دی تھیں وہ واقع ہوں گی، اور اگر مذکورہ جملہ کہنے سے پہلے اپنی بیوی کو کوئی طلاق نہ دی، بلکہ جھوٹی اطلاع دی ہو  تب بھی ایک طلاقِ رجعی واقع ہوجائے گی۔</p><p style=""text-align:justify;""><span class=""ar_writing"">حاشية رد المحتار على الدر المختار - (3 / 295):<br/>
""(قوله: فهو إقرار منه بحرمتها) عبارة البزازية: قال في المحيط: فهذا إقرار منه بحرمتها عليه في الحكم اهـ وأفاد قوله: ""في الحكم"" أي في القضاء أنها لاتحرم ديانةً إذا لم يكن حرمها من قبل كما لو أخبر بطلاقها كاذبًا"". </span>فقط واللہ اعلم</p></p><hr class=""big-hr""/>",23-01-2020,144105200983,banuri.edu.pk,طلاق,وقوع طلاق وعدم وقوع طلاق,طلاق - وقوع اور عدم وقوع,"<div class=""col-md-12 sawal-jawab""><h3 class=""question_heading"">سوال</h3><p><p style=""text-align:justify;"">ایک شخص نے اپنے بھائی سے کہا کہ میں نے اپنی بیوی کو طلاق دیا ہے، اسے اس کے ماں باپ کے گھرلے جاؤ اور وہ لے گیا، کیا اس سے طلاق واقع ہوگی یا نہیں؟</p></p><h4 class=""question_heading"">جواب</h4><p><p style=""text-align:justify;"">صورتِ مسئولہ میں شوہر نے جو جملہ کہا ’’میں نے اپنی بیوی کو طلاق دیا ہے‘‘ اس کا حکم یہ ہے کہ اگر شوہر نے اس سے پہلے طلاق دی ہو اور اسی طلاق کی اطلاع اپنے بھائی کو دینا مقصود ہو تو پہلے جتنی طلاقیں دی تھیں وہ واقع ہوں گی، اور اگر مذکورہ جملہ کہنے سے پہلے اپنی بیوی کو کوئی طلاق نہ دی، بلکہ جھوٹی اطلاع دی ہو  تب بھی ایک طلاقِ رجعی واقع ہوجائے گی۔</p><p style=""text-align:justify;""><span class=""ar_writing"">حاشية رد المحتار على الدر المختار - (3 / 295):<br/>
""(قوله: فهو إقرار منه بحرمتها) عبارة البزازية: قال في المحيط: فهذا إقرار منه بحرمتها عليه في الحكم اهـ وأفاد قوله: ""في الحكم"" أي في القضاء أنها لاتحرم ديانةً إذا لم يكن حرمها من قبل كما لو أخبر بطلاقها كاذبًا"". </span>فقط واللہ اعلم</p></p><hr class=""big-hr""/><div class=""col-sm-6 col-md-6""><p class=""question_heading"" style=""color:#73161f"">فتویٰ نمبر : <a id=""fatwa_number"">144105200983</a></p></div><div class=""col-sm-6 col-md-6""><p style=""color:#73161f"">دارالافتاء :
                                جامعہ علوم اسلامیہ علامہ محمد یوسف بنوری ٹاؤن</p></div><hr class=""big-hr""/><div class=""col-sm-4 col-md-4""><div class=""tag""><a href=""https://www.banuri.edu.pk/questions/kitab/talaaq""><i class=""icon-docs-bold""></i> طلاق</a></div></div><div class=""col-sm-4 col-md-4""><div class=""tag""><a href=""https://www.banuri.edu.pk/questions/bab/wuqoo-e-talaq-o-adme-wuqoo-e-talaq""><i class=""icon-docs-bold""></i> وقوع طلاق وعدم وقوع طلاق</a></div></div><div class=""col-sm-4 col-md-4""><div class=""tag""><a href=""https://www.banuri.edu.pk/questions/fasal/talaq-wuqo-or-adm-e-wuqo""><i class=""icon-docs-bold""></i> طلاق - وقوع اور عدم وقوع</a></div></div></div>"
https://www.banuri.edu.pk/readquestion/تعبیر-الرؤیا-144106200123/30-01-2020,خواب میں اونٹ دیکھنا جو کھاجانا چاہتا ہے,"<p><p style=""text-align:justify;"">خواب میں ویران اور ایسی پتھروں کی دیوار پہ کھڑے ہونا جس کے نیچے وحشی اونٹ کھڑا ہے جو کھا جانا چاہتا ہے، اسی دوران آنکھ کا کھل جانا؟</p></p>","<p><p style=""text-align:justify;"">دین کے ماحول سے بالکل کٹے ہوئے ہیں، بے دین سرمایہ داروں کے پنجے میں پھنسے ہوئے ہیں۔ فقط واللہ اعلم</p></p><hr class=""big-hr""/>",30-01-2020,144106200123,banuri.edu.pk,علوم و فنون,تعبیر الرؤیا,بعض خوابوں کی تعبیر,"<div class=""col-md-12 sawal-jawab""><h3 class=""question_heading"">سوال</h3><p><p style=""text-align:justify;"">خواب میں ویران اور ایسی پتھروں کی دیوار پہ کھڑے ہونا جس کے نیچے وحشی اونٹ کھڑا ہے جو کھا جانا چاہتا ہے، اسی دوران آنکھ کا کھل جانا؟</p></p><h4 class=""question_heading"">جواب</h4><p><p style=""text-align:justify;"">دین کے ماحول سے بالکل کٹے ہوئے ہیں، بے دین سرمایہ داروں کے پنجے میں پھنسے ہوئے ہیں۔ فقط واللہ اعلم</p></p><hr class=""big-hr""/><div class=""col-sm-6 col-md-6""><p class=""question_heading"" style=""color:#73161f"">فتویٰ نمبر : <a id=""fatwa_number"">144106200123</a></p></div><div class=""col-sm-6 col-md-6""><p style=""color:#73161f"">دارالافتاء :
                                جامعہ علوم اسلامیہ علامہ محمد یوسف بنوری ٹاؤن</p></div><hr class=""big-hr""/><div class=""col-sm-4 col-md-4""><div class=""tag""><a href=""https://www.banuri.edu.pk/questions/kitab/uloom-funoon""><i class=""icon-docs-bold""></i> علوم و فنون</a></div></div><div class=""col-sm-4 col-md-4""><div class=""tag""><a href=""https://www.banuri.edu.pk/questions/bab/mutafarriq-deeni-uloom""><i class=""icon-docs-bold""></i> تعبیر الرؤیا</a></div></div><div class=""col-sm-4 col-md-4""><div class=""tag""><a href=""https://www.banuri.edu.pk/questions/fasal/baaz-khuwabon-ki-taabeer""><i class=""icon-docs-bold""></i> بعض خوابوں کی تعبیر</a></div></div></div>"
https://www.banuri.edu.pk/readquestion/سالگرہ-منانا-تحفہ-لینا-اور-اس-کی-مبارکباد-دینے-کا-حکم-144105201045/24-01-2020,سال گرہ منانا، تحفہ لینا اور اس کی مبارک باد دینے کا حکم,"<p><p style=""text-align:justify;"">کیا بالغ لوگ سال گرہ منا سکتے ہیں؟ اور سال گرہ کی مبارک باد اور تحفہ دینا جائز ہے؟</p></p>","<p><p style=""text-align:justify;"">سال گرہ منانے کا شرعاً   کوئی ثبوت نہیں ہے، بلکہ یہ موجودہ زمانہ  میں اغیار کی طرف سے آئی ہوئی ایک رسم ہے، جس میں عموماً طرح طرح کی خرافات شامل ہوتی ہیں، لہذا اگر سال گرہ کے موقع پر اَغیار  کی طرح مخصوص لباس پہنا جائے، موم بتیاں لگاکر کیک  کاٹا  جائے، موسیقی  ہو اور مرد وزن کی مخلوط محفلیں ہوں، تصویر کشی ہو  تو ایسے  مروجہ طریقہ پر سال گرہ منانا شرعاً جائز نہیں ہو گا۔</p><p style=""text-align:justify;"">ہاں!  اگر اس طرح کی خرافات نہ ہوں اور نہ ہی کفار کی مشابہت مقصود ہو ، بلکہ  گھر والے اس مقصد کے لیے اس دن کو یاد رکھیں کہ  رب کے حضور اس بات کا شکرادا ہو کہ اللہ تعالیٰ نے عافیت وصحت اور عبادات کی توفیق کے ساتھ زندگی کا ایک سال مکمل فرمایا ہے اور اس کے لیے منکرات سے خالی کوئی تقریب رکھ لیں یا گھر میں بچے کی خوشی کے لیے کچھ بنالیں یا  باہر سے لے آئیں تو اس کی گنجائش ہوگی، تاہم احتیاط بہتر ہے۔</p><p style=""text-align:justify;"">اور اگر مبارک باد دینی ہو تو غیروں کی مشابہت سے بچتے ہوئے اگر پیدائش کے دن اس کو  یوں دعا دے دی جائے کہ  اللہ تعالی اس کی لمبی عمر کرے تو اس کی گنجائش ہے۔</p><p style=""text-align:justify;"">نیز سال گرہ کے موقع پر دیا گیا تحفہ یا رقم  اگر حلال آمدنی سے ہو تو  اس کا  لینا اور استعمال کرنا  جائز ہے۔ فقط واللہ اعلم</p></p><hr class=""big-hr""/>",24-01-2020,144105201045,banuri.edu.pk,ایمان و عقائد,بدعات اور رسوم,رسومات، تعارف اور بعض رسمیں,"<div class=""col-md-12 sawal-jawab""><h3 class=""question_heading"">سوال</h3><p><p style=""text-align:justify;"">کیا بالغ لوگ سال گرہ منا سکتے ہیں؟ اور سال گرہ کی مبارک باد اور تحفہ دینا جائز ہے؟</p></p><h4 class=""question_heading"">جواب</h4><p><p style=""text-align:justify;"">سال گرہ منانے کا شرعاً   کوئی ثبوت نہیں ہے، بلکہ یہ موجودہ زمانہ  میں اغیار کی طرف سے آئی ہوئی ایک رسم ہے، جس میں عموماً طرح طرح کی خرافات شامل ہوتی ہیں، لہذا اگر سال گرہ کے موقع پر اَغیار  کی طرح مخصوص لباس پہنا جائے، موم بتیاں لگاکر کیک  کاٹا  جائے، موسیقی  ہو اور مرد وزن کی مخلوط محفلیں ہوں، تصویر کشی ہو  تو ایسے  مروجہ طریقہ پر سال گرہ منانا شرعاً جائز نہیں ہو گا۔</p><p style=""text-align:justify;"">ہاں!  اگر اس طرح کی خرافات نہ ہوں اور نہ ہی کفار کی مشابہت مقصود ہو ، بلکہ  گھر والے اس مقصد کے لیے اس دن کو یاد رکھیں کہ  رب کے حضور اس بات کا شکرادا ہو کہ اللہ تعالیٰ نے عافیت وصحت اور عبادات کی توفیق کے ساتھ زندگی کا ایک سال مکمل فرمایا ہے اور اس کے لیے منکرات سے خالی کوئی تقریب رکھ لیں یا گھر میں بچے کی خوشی کے لیے کچھ بنالیں یا  باہر سے لے آئیں تو اس کی گنجائش ہوگی، تاہم احتیاط بہتر ہے۔</p><p style=""text-align:justify;"">اور اگر مبارک باد دینی ہو تو غیروں کی مشابہت سے بچتے ہوئے اگر پیدائش کے دن اس کو  یوں دعا دے دی جائے کہ  اللہ تعالی اس کی لمبی عمر کرے تو اس کی گنجائش ہے۔</p><p style=""text-align:justify;"">نیز سال گرہ کے موقع پر دیا گیا تحفہ یا رقم  اگر حلال آمدنی سے ہو تو  اس کا  لینا اور استعمال کرنا  جائز ہے۔ فقط واللہ اعلم</p></p><hr class=""big-hr""/><div class=""col-sm-6 col-md-6""><p class=""question_heading"" style=""color:#73161f"">فتویٰ نمبر : <a id=""fatwa_number"">144105201045</a></p></div><div class=""col-sm-6 col-md-6""><p style=""color:#73161f"">دارالافتاء :
                                جامعہ علوم اسلامیہ علامہ محمد یوسف بنوری ٹاؤن</p></div><hr class=""big-hr""/><div class=""col-sm-4 col-md-4""><div class=""tag""><a href=""https://www.banuri.edu.pk/questions/kitab/aqaed""><i class=""icon-docs-bold""></i> ایمان و عقائد</a></div></div><div class=""col-sm-4 col-md-4""><div class=""tag""><a href=""https://www.banuri.edu.pk/questions/bab/bidaat-rasoomat""><i class=""icon-docs-bold""></i> بدعات اور رسوم</a></div></div><div class=""col-sm-4 col-md-4""><div class=""tag""><a href=""https://www.banuri.edu.pk/questions/fasal/rusomat-taaruf-aur-baaz-rasmayn""><i class=""icon-docs-bold""></i> رسومات، تعارف اور بعض رسمیں</a></div></div></div>"
https://www.banuri.edu.pk/readquestion/اذان-کے-بعد-کا-درود-144105201023/24-01-2020,اذان کے بعد درود,"<p><p style=""text-align:justify;""> وہ درود ارسال کر دیں جو اذان کے بعد پڑھنا چاہیے۔</p></p>","<p><p style=""text-align:justify;"">احادیثِ مبارکہ میں اذان کے بعد مطلقاً درود شریف پڑھنے کا ذکر اور اس کی فضیلت ہے؛  لہذا اذان کے بعد کوئی بھی درود شریف پڑھنا مسنون ہے۔ </p><p style=""text-align:justify;""><span class=""ar_writing"">مرقاة المفاتيح شرح مشكاة المصابيح (2 / 558):<br/>
""(فقولوا مثل ما يقول) أي: إلا في الحيعلتين لما سيأتي، وإلا في قوله: الصلاة خير من النوم، فإنه يقول: صدقت وبررت وبالحق نطقت، وبررت بكسر الراء الأولى، وقيل بفتحها، أي: صرت ذا بر، أي: خير كثير (ثم صلوا علي) "" أي: بعد فراغكم (فإنه) أي: الشأن (من صلى علي صلاةً) أي: واحدةً (صلى الله عليه) أي: أعطاه (بها عشرًا) أي: من الرحمة، وفي رواية: ""صلى الله وملائكته عليه بها عشرًا"" بل أكثر، كما جاء في روايات كثيرة"".</span> فقط واللہ اعلم</p></p><hr class=""big-hr""/>",24-01-2020,144105201023,banuri.edu.pk,علوم و فنون,دعائیں، اوراد اور وظائف,درود و سلام,"<div class=""col-md-12 sawal-jawab""><h3 class=""question_heading"">سوال</h3><p><p style=""text-align:justify;""> وہ درود ارسال کر دیں جو اذان کے بعد پڑھنا چاہیے۔</p></p><h4 class=""question_heading"">جواب</h4><p><p style=""text-align:justify;"">احادیثِ مبارکہ میں اذان کے بعد مطلقاً درود شریف پڑھنے کا ذکر اور اس کی فضیلت ہے؛  لہذا اذان کے بعد کوئی بھی درود شریف پڑھنا مسنون ہے۔ </p><p style=""text-align:justify;""><span class=""ar_writing"">مرقاة المفاتيح شرح مشكاة المصابيح (2 / 558):<br/>
""(فقولوا مثل ما يقول) أي: إلا في الحيعلتين لما سيأتي، وإلا في قوله: الصلاة خير من النوم، فإنه يقول: صدقت وبررت وبالحق نطقت، وبررت بكسر الراء الأولى، وقيل بفتحها، أي: صرت ذا بر، أي: خير كثير (ثم صلوا علي) "" أي: بعد فراغكم (فإنه) أي: الشأن (من صلى علي صلاةً) أي: واحدةً (صلى الله عليه) أي: أعطاه (بها عشرًا) أي: من الرحمة، وفي رواية: ""صلى الله وملائكته عليه بها عشرًا"" بل أكثر، كما جاء في روايات كثيرة"".</span> فقط واللہ اعلم</p></p><hr class=""big-hr""/><div class=""col-sm-6 col-md-6""><p class=""question_heading"" style=""color:#73161f"">فتویٰ نمبر : <a id=""fatwa_number"">144105201023</a></p></div><div class=""col-sm-6 col-md-6""><p style=""color:#73161f"">دارالافتاء :
                                جامعہ علوم اسلامیہ علامہ محمد یوسف بنوری ٹاؤن</p></div><hr class=""big-hr""/><div class=""col-sm-4 col-md-4""><div class=""tag""><a href=""https://www.banuri.edu.pk/questions/kitab/uloom-funoon""><i class=""icon-docs-bold""></i> علوم و فنون</a></div></div><div class=""col-sm-4 col-md-4""><div class=""tag""><a href=""https://www.banuri.edu.pk/questions/bab/adeya-azkar""><i class=""icon-docs-bold""></i> دعائیں، اوراد اور وظائف</a></div></div><div class=""col-sm-4 col-md-4""><div class=""tag""><a href=""https://www.banuri.edu.pk/questions/fasal/durood-o-salam""><i class=""icon-docs-bold""></i> درود و سلام</a></div></div></div>"
https://www.banuri.edu.pk/readquestion/حاملہ-کا-شوہر-سے-اعضاء-مستورہ-کے-بال-صاف-کرانا-144105201047/24-01-2020,حاملہ کا شوہر سے زیرِ ناف بال صاف کرانا,"<p><p style=""text-align:justify;"">1. اگر حاملہ عورت اپنی شرم گاہ کے بال خود صاف نہ کر سکے تو کیا وہ کسی اور سے بال صاف کروا سکتی ہے؟کیا شوہر اپنی بیوی کے بال صاف کر سکتا ہے؟</p><p style=""text-align:justify;"">2. کیا میاں بیوی رات کو کپڑے اتار کر سو سکتے ہیں؟ </p></p>","<p><p style=""text-align:justify;"">1. صرف شوہر سے کروا سکتی ہے۔</p><p style=""text-align:justify;"">2. جی ہاں، تاہم حیا کا تقاضا یہ ہے کہ جسم پر چادر ڈال لی جائے،  نیز   اس بات کا خیال رہے کہ  میاں بیوی کا ایک دوسرے کی شرم گاہ کی طرف دیکھنا خلافِ ادب اور ناپسندہ ہے۔</p><p style=""text-align:justify;""><span class=""ar_writing"">المعجم الكبير للطبراني (17/ 129):<br/>
""عن عتبة بن عبد، أن رسول الله صلى الله عليه وسلم قال: «إذا أتى أحدكم أهله فليستتر ولايتجرد تجرد العير»"".</span><br/>
یعنی رسول اللہ ﷺ نے ارشاد فرمایا: جب تم میں سے کوئی اپنی اہلیہ سے قربت کرے تو اسے چاہیے کہ وہ خود کو ڈھانپ لے، اور گدھے کی طرح بالکل برہنہ نہ ہو۔ فقط واللہ اعلم</p></p><hr class=""big-hr""/>",24-01-2020,144105201047,banuri.edu.pk,حقوق و آدابِ معاشرت,لباس / وضع قطع,بالوں کے احکام و آداب,"<div class=""col-md-12 sawal-jawab""><h3 class=""question_heading"">سوال</h3><p><p style=""text-align:justify;"">1. اگر حاملہ عورت اپنی شرم گاہ کے بال خود صاف نہ کر سکے تو کیا وہ کسی اور سے بال صاف کروا سکتی ہے؟کیا شوہر اپنی بیوی کے بال صاف کر سکتا ہے؟</p><p style=""text-align:justify;"">2. کیا میاں بیوی رات کو کپڑے اتار کر سو سکتے ہیں؟ </p></p><h4 class=""question_heading"">جواب</h4><p><p style=""text-align:justify;"">1. صرف شوہر سے کروا سکتی ہے۔</p><p style=""text-align:justify;"">2. جی ہاں، تاہم حیا کا تقاضا یہ ہے کہ جسم پر چادر ڈال لی جائے،  نیز   اس بات کا خیال رہے کہ  میاں بیوی کا ایک دوسرے کی شرم گاہ کی طرف دیکھنا خلافِ ادب اور ناپسندہ ہے۔</p><p style=""text-align:justify;""><span class=""ar_writing"">المعجم الكبير للطبراني (17/ 129):<br/>
""عن عتبة بن عبد، أن رسول الله صلى الله عليه وسلم قال: «إذا أتى أحدكم أهله فليستتر ولايتجرد تجرد العير»"".</span><br/>
یعنی رسول اللہ ﷺ نے ارشاد فرمایا: جب تم میں سے کوئی اپنی اہلیہ سے قربت کرے تو اسے چاہیے کہ وہ خود کو ڈھانپ لے، اور گدھے کی طرح بالکل برہنہ نہ ہو۔ فقط واللہ اعلم</p></p><hr class=""big-hr""/><div class=""col-sm-6 col-md-6""><p class=""question_heading"" style=""color:#73161f"">فتویٰ نمبر : <a id=""fatwa_number"">144105201047</a></p></div><div class=""col-sm-6 col-md-6""><p style=""color:#73161f"">دارالافتاء :
                                جامعہ علوم اسلامیہ علامہ محمد یوسف بنوری ٹاؤن</p></div><hr class=""big-hr""/><div class=""col-sm-4 col-md-4""><div class=""tag""><a href=""https://www.banuri.edu.pk/questions/kitab/huqooq-muashret""><i class=""icon-docs-bold""></i> حقوق و آدابِ معاشرت</a></div></div><div class=""col-sm-4 col-md-4""><div class=""tag""><a href=""https://www.banuri.edu.pk/questions/bab/libass-waza-qata""><i class=""icon-docs-bold""></i> لباس / وضع قطع</a></div></div><div class=""col-sm-4 col-md-4""><div class=""tag""><a href=""https://www.banuri.edu.pk/questions/fasal/baloon-k-ahkam-o-aadab""><i class=""icon-docs-bold""></i> بالوں کے احکام و آداب</a></div></div></div>"
https://www.banuri.edu.pk/readquestion/بچپن-کی-شرارتوں-کا-گناہ-144105200999/23-01-2020,بچپن کی شرارتوں کا گناہ,,"<hr class=""big-hr""/>",23-01-2020,144105200999,banuri.edu.pk,حقوق و آدابِ معاشرت,حقوق,عام مسلمانوں کے حقوق,"<div class=""col-md-12 sawal-jawab""><h3 class=""question_heading"">سوال</h3><p><p style=""text-align:justify;"">مجھے ابھی میرے سوال کا جواب موصول ہوا جو کہ میری بچپن کی شرارتوں کے بارے میں میں نے پوچھا تھا، لیکن مجھے میرے سوال کا جواب نہیں ملا،  آپ کی مہربانی ہوگی کہ میری اس بات کا جواب دے دیجیے جو میں پوچھ رہا ہوں کہ وہ تمام مسلمان غیر مسلم ہندو افراد جنہیں میں نے شرارت کی نیت سے تنگ کیا ہو اور ظاہری طور پر کسی شخص کو کوئی چوٹ بھی نہیں لگی ہو، لیکن پھر بھی میں یہ سوچتا ہوں کہ ان مسلمان غیر مسلم ہندو افراد میں سے اگر کسی بھی شخص کو کوئی دکھ پہنچا ہو چوٹ لگی ہو اور اسی چوٹ اور دکھ کی وجہ سے وہ شخص بیمار ہو گیا ہو اور پھر اسی بیماری میں وہ شخص اپنی قدرتی موت مر گیا ہے تو کیا میں بروزِ قیامت میں ان تمام افراد کی موت کا بھی ذمہ دار ٹھہرایا جاؤں گا؟</p></p><h4 class=""question_heading"">جواب</h4><p><p style=""text-align:justify;"">واضح رہے کہ بلوغت سے پہلے اللہ رب العزت نے احکاماتِ شرع کی پاس داری کا پابند نہیں کیا ہے، لہذا بچپن میں کی گئی شرارتوں سے اگر کسی کو جسمانی یا مالی نقصان نہیں پہنچایا تو ان کے حوالے سے امیدِ واثق ہے کہ اللہ رب العزت درگزر فرمائیں گے۔ بلوغت کے بعد اگر کسی کوتنگ کیاہو اور اب وہ معلوم نہ ہو تو اس کے لیے دعا و استغفار کرتے رہیں، اور حسبِ توفیق صدقہ کرکے ثواب بخش دیا کریں، اللہ پاک سے پر امید رہیں، مایوسی کا شکار نہ ہوں، تاہم صورت مسئولہ میں آپ کسی کی موت کے ذمہ دار نہ ہوں گے ۔</p><p style=""text-align:justify;"">آپ کے سابقہ سوال کے جواب میں بھی یہ بات واضح کردی گئی تھی، آپ وسوسے کا شکار مت ہوئیے، اس سے پہلے بھی آپ مختلف پیرایوں میں سوال کرچکے ہیں، جن میں سے چار سوالات کے جوابات بذریعہ ای میل جاری کیے گئے اور دو جوابات پبلش بھی ہوئے ہیں، لہٰذا آپ یک سو ہوکر نیک اعمال میں لگے رہیے، اور اس طرف بالکل دھیان نہ دیجیے۔ فقط واللہ اعلم</p></p><hr class=""big-hr""/><div class=""col-sm-6 col-md-6""><p class=""question_heading"" style=""color:#73161f"">فتویٰ نمبر : <a id=""fatwa_number"">144105200999</a></p></div><div class=""col-sm-6 col-md-6""><p style=""color:#73161f"">دارالافتاء :
                                جامعہ علوم اسلامیہ علامہ محمد یوسف بنوری ٹاؤن</p></div><hr class=""big-hr""/><div class=""col-sm-4 col-md-4""><div class=""tag""><a href=""https://www.banuri.edu.pk/questions/kitab/huqooq-muashret""><i class=""icon-docs-bold""></i> حقوق و آدابِ معاشرت</a></div></div><div class=""col-sm-4 col-md-4""><div class=""tag""><a href=""https://www.banuri.edu.pk/questions/bab/bahmi-huqooq""><i class=""icon-docs-bold""></i> حقوق</a></div></div><div class=""col-sm-4 col-md-4""><div class=""tag""><a href=""https://www.banuri.edu.pk/questions/fasal/aam-musalmanon-k-huqoq""><i class=""icon-docs-bold""></i> عام مسلمانوں کے حقوق</a></div></div></div>"
https://www.banuri.edu.pk/readquestion/مدرسہ-میں-طلبہ-کا-موبائل-توڑنے-کا-قانون-بنانا-کیسا-ہے-144106200005/27-01-2020,مدرسہ میں طلبہ کا موبائل توڑنے کا قانون بنانا کیسا ہے؟,"<p><p style=""text-align:justify;"">مدرسہ میں طلبہ کا موبائل توڑنے کا قانون بنانا کیسا ہے؟</p></p>","<p><p style=""text-align:justify;""> موبائل کو توڑ دینا تعزیرِ مالی میں داخل ہے جو کہ فقہائے حنفیہ کے ہاں جائز نہیں ہے۔ اس  کی جگہ طلبہ کی اس بے ضابطگی پر ان کو  مدرسہ سے خارج کیا جاسکتا ہے اور کوئی دوسری سزا بھی دی جاسکتی ہے۔ یا صرف موبائل ضبط کرکے سال کے آخرمیں واپس کردیں۔</p><p style=""text-align:justify;""><span class=""ar_writing"">""ولایکون التعزیر بأخذ المال من الجاني في المذهب"". (مجمع الأنهر، کتاب الحدود / باب التعزیر ۱؍۶۰۹ بیروت)</span></p><p style=""text-align:justify;""><span class=""ar_writing"">""وفي شرح الآثار: التعزیر بأخذ المال کانت في ابتداء الاسلام ثم نسخ"". (البحر الرائق /باب التعزیر41/5 )</span></p><p style=""text-align:justify;""><span class=""ar_writing"">""والحاصل أن المذهب عدم التعزیر بأخذ المال"". (الشامية، باب التعزیر، مطلب في التعزیر بأخذ المال،ج: ۴، ص: ۶۱)</span></p><p style=""text-align:justify;""><span class=""ar_writing"">""لایجوز لأحد من المسلمین أخذ مال أحد بغیر سبب شرعي"". (الشامیة، باب التعزیر، مطلب في التعزیر بأخذ المال، ج: ۴، ص: ۶۱) </span>فقط واللہ اعلم </p></p><hr class=""big-hr""/>",27-01-2020,144106200005,banuri.edu.pk,متفرق کتب,متفرق ابواب,متفرق فصول,"<div class=""col-md-12 sawal-jawab""><h3 class=""question_heading"">سوال</h3><p><p style=""text-align:justify;"">مدرسہ میں طلبہ کا موبائل توڑنے کا قانون بنانا کیسا ہے؟</p></p><h4 class=""question_heading"">جواب</h4><p><p style=""text-align:justify;""> موبائل کو توڑ دینا تعزیرِ مالی میں داخل ہے جو کہ فقہائے حنفیہ کے ہاں جائز نہیں ہے۔ اس  کی جگہ طلبہ کی اس بے ضابطگی پر ان کو  مدرسہ سے خارج کیا جاسکتا ہے اور کوئی دوسری سزا بھی دی جاسکتی ہے۔ یا صرف موبائل ضبط کرکے سال کے آخرمیں واپس کردیں۔</p><p style=""text-align:justify;""><span class=""ar_writing"">""ولایکون التعزیر بأخذ المال من الجاني في المذهب"". (مجمع الأنهر، کتاب الحدود / باب التعزیر ۱؍۶۰۹ بیروت)</span></p><p style=""text-align:justify;""><span class=""ar_writing"">""وفي شرح الآثار: التعزیر بأخذ المال کانت في ابتداء الاسلام ثم نسخ"". (البحر الرائق /باب التعزیر41/5 )</span></p><p style=""text-align:justify;""><span class=""ar_writing"">""والحاصل أن المذهب عدم التعزیر بأخذ المال"". (الشامية، باب التعزیر، مطلب في التعزیر بأخذ المال،ج: ۴، ص: ۶۱)</span></p><p style=""text-align:justify;""><span class=""ar_writing"">""لایجوز لأحد من المسلمین أخذ مال أحد بغیر سبب شرعي"". (الشامیة، باب التعزیر، مطلب في التعزیر بأخذ المال، ج: ۴، ص: ۶۱) </span>فقط واللہ اعلم </p></p><hr class=""big-hr""/><div class=""col-sm-6 col-md-6""><p class=""question_heading"" style=""color:#73161f"">فتویٰ نمبر : <a id=""fatwa_number"">144106200005</a></p></div><div class=""col-sm-6 col-md-6""><p style=""color:#73161f"">دارالافتاء :
                                جامعہ علوم اسلامیہ علامہ محمد یوسف بنوری ٹاؤن</p></div><hr class=""big-hr""/><div class=""col-sm-4 col-md-4""><div class=""tag""><a href=""https://www.banuri.edu.pk/questions/kitab/mutafarriq-kutub""><i class=""icon-docs-bold""></i> متفرق کتب</a></div></div><div class=""col-sm-4 col-md-4""><div class=""tag""><a href=""https://www.banuri.edu.pk/questions/bab/mutafarriq-abwab""><i class=""icon-docs-bold""></i> متفرق ابواب</a></div></div><div class=""col-sm-4 col-md-4""><div class=""tag""><a href=""https://www.banuri.edu.pk/questions/fasal/mutafarriq-fusool""><i class=""icon-docs-bold""></i> متفرق فصول</a></div></div></div>"
https://www.banuri.edu.pk/readquestion/شوہر-کی-اجازت-کے-بغیر-خالہ-کے-گھر-رکنا-144106200156/31-01-2020,شوہر کی اجازت کے بغیر خالہ کے گھر رکنا,"<p><p style=""text-align:justify;"">بیوی کو اس کے ماں باپ کے گھر بھیجا ہے؛ کیوں کہ اس کے بھائی کی شادی ہے ایک مہینے بعد، اب وہ اپنی خالہ کے گھر کسی فنکشن میں رکنے کا کہہ رہی ہے اور شوہر اجازت نہیں دے رہا، کیا ایسا کرنا جائز ہے؟</p></p>","<p><p style=""text-align:justify;"">صورتِ مسئولہ میں شوہر کی اجازت کے بغیر بیوی کا اپنی خالہ کے گھر رکنا ناجائز ہے۔</p><p style=""text-align:justify;""><span class=""ar_writing"">الدر المختار وحاشية ابن عابدين (رد المحتار) (3/ 145):<br/>
""فلا تخرج إلا لحق لها أو عليها  أو لزيارة أبويها كل جمعة مرةً أو المحارم كل سنة، ولكونها قابلةً أو غاسلةً لا فيما عدا ذلك.</span></p><p style=""text-align:justify;""><span class=""ar_writing"">(قوله: فيما عدا ذلك) عبارة الفتح: وأما عدا ذلك من زيارة الأجانب وعيادتهم والوليمة لايأذن لها ولاتخرج...""</span> فقط واللہ اعلم</p></p><hr class=""big-hr""/>",31-01-2020,144106200156,banuri.edu.pk,حقوق و آدابِ معاشرت,حقوق,میاں ، بیوی کے حقوق,"<div class=""col-md-12 sawal-jawab""><h3 class=""question_heading"">سوال</h3><p><p style=""text-align:justify;"">بیوی کو اس کے ماں باپ کے گھر بھیجا ہے؛ کیوں کہ اس کے بھائی کی شادی ہے ایک مہینے بعد، اب وہ اپنی خالہ کے گھر کسی فنکشن میں رکنے کا کہہ رہی ہے اور شوہر اجازت نہیں دے رہا، کیا ایسا کرنا جائز ہے؟</p></p><h4 class=""question_heading"">جواب</h4><p><p style=""text-align:justify;"">صورتِ مسئولہ میں شوہر کی اجازت کے بغیر بیوی کا اپنی خالہ کے گھر رکنا ناجائز ہے۔</p><p style=""text-align:justify;""><span class=""ar_writing"">الدر المختار وحاشية ابن عابدين (رد المحتار) (3/ 145):<br/>
""فلا تخرج إلا لحق لها أو عليها  أو لزيارة أبويها كل جمعة مرةً أو المحارم كل سنة، ولكونها قابلةً أو غاسلةً لا فيما عدا ذلك.</span></p><p style=""text-align:justify;""><span class=""ar_writing"">(قوله: فيما عدا ذلك) عبارة الفتح: وأما عدا ذلك من زيارة الأجانب وعيادتهم والوليمة لايأذن لها ولاتخرج...""</span> فقط واللہ اعلم</p></p><hr class=""big-hr""/><div class=""col-sm-6 col-md-6""><p class=""question_heading"" style=""color:#73161f"">فتویٰ نمبر : <a id=""fatwa_number"">144106200156</a></p></div><div class=""col-sm-6 col-md-6""><p style=""color:#73161f"">دارالافتاء :
                                جامعہ علوم اسلامیہ علامہ محمد یوسف بنوری ٹاؤن</p></div><hr class=""big-hr""/><div class=""col-sm-4 col-md-4""><div class=""tag""><a href=""https://www.banuri.edu.pk/questions/kitab/huqooq-muashret""><i class=""icon-docs-bold""></i> حقوق و آدابِ معاشرت</a></div></div><div class=""col-sm-4 col-md-4""><div class=""tag""><a href=""https://www.banuri.edu.pk/questions/bab/bahmi-huqooq""><i class=""icon-docs-bold""></i> حقوق</a></div></div><div class=""col-sm-4 col-md-4""><div class=""tag""><a href=""https://www.banuri.edu.pk/questions/fasal/mian-biwi-k-huqooq""><i class=""icon-docs-bold""></i> میاں ، بیوی کے حقوق</a></div></div></div>"
https://www.banuri.edu.pk/readquestion/وتر-کو-مؤخر-کرنا-پھر-بیدار-نہ-ہونا-144106200084/29-01-2020,وتر کو مؤخر کرنا پھر بیدار نہ ہونا,"<p><p style=""text-align:justify;"">اگر کوئی شخص اس نیت سے وتر عشاء کی سنت کے ساتھ نہ پڑھے کہ رات کو اٹھ کر اس کے ساتھ تہجد بھی پڑھ لے گا اور وہ پھر رات کو کبھی  اٹھتا ہے اور کبھی نہیں اٹھتا تو پھر وتر کی قضا کرتا ہے،  اس پر یہ شخص گناہ گار  ہوا کہ نہیں؟ اور اس وتر کی قضا پھر دوسرے دن عشاء کے علاوہ کسی اور نماز سے پہلے یا بعد میں کر سکتا ہے علاوہ ممنوع اوقات کے؟</p></p>","<p><p style=""text-align:justify;"">1۔ جب تہجد میں اٹھنے کا یقین نہ ہو تو وتر کی نماز عشاء کے ساتھ ہی پڑھ لی جائے، اسے تہجد تک مؤخر نہ کیا جائے،اگر اس طرح وتر قضا ہوتی رہتی ہے تو  گناہ گار ہوگا۔</p><p style=""text-align:justify;"">2-جب وتر کی نماز قضا ہوجائے تو مکروہ اوقات کے علاوہ کسی بھی وقت میں قضا کی جاسکتی ہے،عشاء کا وقت ہونا ضروری نہیں، اور بہتر یہ ہے کہ قضا نماز پڑھنے میں تاخیر نہ کی جائے، لہٰذا وتر قضا ہو تو اسے فجر کے وقت میں ہی پڑھ لینا بہتر ہوگا۔فقط واللہ اعلم</p></p><hr class=""big-hr""/>",29-01-2020,144106200084,banuri.edu.pk,نماز,فوت شدہ نمازوں کی قضا,قضاء نمازوں کا بیان,"<div class=""col-md-12 sawal-jawab""><h3 class=""question_heading"">سوال</h3><p><p style=""text-align:justify;"">اگر کوئی شخص اس نیت سے وتر عشاء کی سنت کے ساتھ نہ پڑھے کہ رات کو اٹھ کر اس کے ساتھ تہجد بھی پڑھ لے گا اور وہ پھر رات کو کبھی  اٹھتا ہے اور کبھی نہیں اٹھتا تو پھر وتر کی قضا کرتا ہے،  اس پر یہ شخص گناہ گار  ہوا کہ نہیں؟ اور اس وتر کی قضا پھر دوسرے دن عشاء کے علاوہ کسی اور نماز سے پہلے یا بعد میں کر سکتا ہے علاوہ ممنوع اوقات کے؟</p></p><h4 class=""question_heading"">جواب</h4><p><p style=""text-align:justify;"">1۔ جب تہجد میں اٹھنے کا یقین نہ ہو تو وتر کی نماز عشاء کے ساتھ ہی پڑھ لی جائے، اسے تہجد تک مؤخر نہ کیا جائے،اگر اس طرح وتر قضا ہوتی رہتی ہے تو  گناہ گار ہوگا۔</p><p style=""text-align:justify;"">2-جب وتر کی نماز قضا ہوجائے تو مکروہ اوقات کے علاوہ کسی بھی وقت میں قضا کی جاسکتی ہے،عشاء کا وقت ہونا ضروری نہیں، اور بہتر یہ ہے کہ قضا نماز پڑھنے میں تاخیر نہ کی جائے، لہٰذا وتر قضا ہو تو اسے فجر کے وقت میں ہی پڑھ لینا بہتر ہوگا۔فقط واللہ اعلم</p></p><hr class=""big-hr""/><div class=""col-sm-6 col-md-6""><p class=""question_heading"" style=""color:#73161f"">فتویٰ نمبر : <a id=""fatwa_number"">144106200084</a></p></div><div class=""col-sm-6 col-md-6""><p style=""color:#73161f"">دارالافتاء :
                                جامعہ علوم اسلامیہ علامہ محمد یوسف بنوری ٹاؤن</p></div><hr class=""big-hr""/><div class=""col-sm-4 col-md-4""><div class=""tag""><a href=""https://www.banuri.edu.pk/questions/kitab/salat""><i class=""icon-docs-bold""></i> نماز</a></div></div><div class=""col-sm-4 col-md-4""><div class=""tag""><a href=""https://www.banuri.edu.pk/questions/bab/fout-shuda-namazon-ki-qaza""><i class=""icon-docs-bold""></i> فوت شدہ نمازوں کی قضا</a></div></div><div class=""col-sm-4 col-md-4""><div class=""tag""><a href=""https://www.banuri.edu.pk/questions/fasal/qaza-namazon-ka-bayan""><i class=""icon-docs-bold""></i> قضاء نمازوں کا بیان</a></div></div></div>"
https://www.banuri.edu.pk/readquestion/پیسوں-سے-سند-خریدنے-کاحکم-144106200113/29-01-2020,پیسوں سے سند خریدنے کاحکم,"<p><p style=""text-align:justify;"">اگر کسی شخص نے درسِ نظامی مکمل پڑھا ہو، لیکن وفاق المدارس کے باقاعدہ امتحانات نہ دیے ہوں تو اس شخص کے لیے سند پیسوں پر لینے کا کیا حکم ہے؟ اور اس پر نوکری کرنا کیسا ہے؟</p></p>","<p><p style=""text-align:justify;"">وفاق المدارس کی سند کا مستحق وہ شخص ہوتاہے جس نے باقاعدہ کسی ادارے سے تعلیم حاصل کی ہو اور امتحانات میں شریک ہوکر کامیابی بھی حاصل کی ہو؛ لہذا ایسا شخص جس نے امتحانات میں حصہ نہ لیا ہو  اس کے لیے پیسے دے کر  یا کسی اور طریقے سے جعلی سند کا حصول  جھوٹ، خیانت، دھوکا دہی، فریب اور حق داروں کی  حق تلفی جیسے گناہوں پر مشتمل ہونے  کی وجہ سے ناجائز ہے، لہذا  جعلی طریقہ سے  سند حاصل کرنا شرعاً جائز نہیں ہے۔ اس پر توبہ واستغفار کرنالازم ہے۔اس بنیاد پر نوکری اور ملازمت حاصل کرنے کی جستجو کرنا بھی درست نہیں ہے۔</p><p style=""text-align:justify;"">          باقی اگر کوئی جعلی سند  کی بنیاد پر   ملازمت کرکے   تن خواہ حاصل کرچکا ہو تو  اس کے  حلال یا حرام ہونے سے متعلق  یہ ضابطہ ہے کہ اگر مذکورہ   شخص متعلقہ ملازمت اور نوکری کی صلاحیت رکھتا  ہو اور اس کے تمام امور دیانت داری کے ساتھ انجام دیتا  ہو تو اس کے لیے تن خواہ حلال ہوگی، اس لیے کہ تنخواہ کے حلال ہونے کا تعلق فرائض کی درست ادائیگی سے  ہے، اور اگر   وہ شخص  اس ملازمت  اور نوکری کا اہل نہیں ہے، یا اہل تو ہے مگر دیانت داری کے ساتھ کام نہیں کرتا  تو اس کی تنخواہ حلال نہیں ہوگی۔ نیز  واضح رہے کہ ایسے شخص کی دھوکا دہی کا علم ہونے کی صورت میں ادارہ اسے ملازمت سے سبک دوش کرنے اور اس کے خلاف قانونی چارہ جوئی میں حق بجانب ہوگا۔  فقط واللہ اعلم</p></p><hr class=""big-hr""/>",29-01-2020,144106200113,banuri.edu.pk,حقوق و آدابِ معاشرت,حقوق,عام مسلمانوں کے حقوق,"<div class=""col-md-12 sawal-jawab""><h3 class=""question_heading"">سوال</h3><p><p style=""text-align:justify;"">اگر کسی شخص نے درسِ نظامی مکمل پڑھا ہو، لیکن وفاق المدارس کے باقاعدہ امتحانات نہ دیے ہوں تو اس شخص کے لیے سند پیسوں پر لینے کا کیا حکم ہے؟ اور اس پر نوکری کرنا کیسا ہے؟</p></p><h4 class=""question_heading"">جواب</h4><p><p style=""text-align:justify;"">وفاق المدارس کی سند کا مستحق وہ شخص ہوتاہے جس نے باقاعدہ کسی ادارے سے تعلیم حاصل کی ہو اور امتحانات میں شریک ہوکر کامیابی بھی حاصل کی ہو؛ لہذا ایسا شخص جس نے امتحانات میں حصہ نہ لیا ہو  اس کے لیے پیسے دے کر  یا کسی اور طریقے سے جعلی سند کا حصول  جھوٹ، خیانت، دھوکا دہی، فریب اور حق داروں کی  حق تلفی جیسے گناہوں پر مشتمل ہونے  کی وجہ سے ناجائز ہے، لہذا  جعلی طریقہ سے  سند حاصل کرنا شرعاً جائز نہیں ہے۔ اس پر توبہ واستغفار کرنالازم ہے۔اس بنیاد پر نوکری اور ملازمت حاصل کرنے کی جستجو کرنا بھی درست نہیں ہے۔</p><p style=""text-align:justify;"">          باقی اگر کوئی جعلی سند  کی بنیاد پر   ملازمت کرکے   تن خواہ حاصل کرچکا ہو تو  اس کے  حلال یا حرام ہونے سے متعلق  یہ ضابطہ ہے کہ اگر مذکورہ   شخص متعلقہ ملازمت اور نوکری کی صلاحیت رکھتا  ہو اور اس کے تمام امور دیانت داری کے ساتھ انجام دیتا  ہو تو اس کے لیے تن خواہ حلال ہوگی، اس لیے کہ تنخواہ کے حلال ہونے کا تعلق فرائض کی درست ادائیگی سے  ہے، اور اگر   وہ شخص  اس ملازمت  اور نوکری کا اہل نہیں ہے، یا اہل تو ہے مگر دیانت داری کے ساتھ کام نہیں کرتا  تو اس کی تنخواہ حلال نہیں ہوگی۔ نیز  واضح رہے کہ ایسے شخص کی دھوکا دہی کا علم ہونے کی صورت میں ادارہ اسے ملازمت سے سبک دوش کرنے اور اس کے خلاف قانونی چارہ جوئی میں حق بجانب ہوگا۔  فقط واللہ اعلم</p></p><hr class=""big-hr""/><div class=""col-sm-6 col-md-6""><p class=""question_heading"" style=""color:#73161f"">فتویٰ نمبر : <a id=""fatwa_number"">144106200113</a></p></div><div class=""col-sm-6 col-md-6""><p style=""color:#73161f"">دارالافتاء :
                                جامعہ علوم اسلامیہ علامہ محمد یوسف بنوری ٹاؤن</p></div><hr class=""big-hr""/><div class=""col-sm-4 col-md-4""><div class=""tag""><a href=""https://www.banuri.edu.pk/questions/kitab/huqooq-muashret""><i class=""icon-docs-bold""></i> حقوق و آدابِ معاشرت</a></div></div><div class=""col-sm-4 col-md-4""><div class=""tag""><a href=""https://www.banuri.edu.pk/questions/bab/bahmi-huqooq""><i class=""icon-docs-bold""></i> حقوق</a></div></div><div class=""col-sm-4 col-md-4""><div class=""tag""><a href=""https://www.banuri.edu.pk/questions/fasal/aam-musalmanon-k-huqoq""><i class=""icon-docs-bold""></i> عام مسلمانوں کے حقوق</a></div></div></div>"
https://www.banuri.edu.pk/readquestion/مجھے-تیری-کوئی-ضرورت-نہیں-سے-طلاق-کا-حکم-144106200066/28-01-2020,'مجھے تیری کوئی ضرورت نہیں' سے طلاق کا حکم,,"<p><p style=""text-align:justify;"">صورتِ مسئولہ میں طلاق واقع نہیں ہوئی؛ کیوں کہ طلاق کا کوئی لفظ استعمال نہیں ہوا۔</p><p style=""text-align:justify;""><span class=""ar_writing"">الدر المختار وحاشية ابن عابدين (رد المحتار) (3 / 230):<br/>
""وركنه لفظ مخصوص"".</span> فقط واللہ اعلم</p></p><hr class=""big-hr""/>",28-01-2020,144106200066,banuri.edu.pk,طلاق,وقوع طلاق وعدم وقوع طلاق,طلاق - وقوع اور عدم وقوع,"<div class=""col-md-12 sawal-jawab""><h3 class=""question_heading"">سوال</h3><p><p style=""text-align:justify;"">ایک آدمی چار ماہ کے لیے تبلیغی جماعت میں جاتا ہے، بیوی کہتی ہے کہ چالیس دن کے لیے چلے جاؤ ، مرد چار ماہ پر اصرار کرتا ہے، بیوی جو کہعمر رسیدہ پوتے پوتیوں والی ہے وہ کہتی ہے کہ چلے جاؤ مجھے کوئی پرواہ نہیں، اس کے جواب میں وہ مرد جو کہ بوڑھا اور بال بچوں پوتے پوتیوں والا ہے ہنستے ہوئے کہتا ہے کہ مجھے بھی تیری کوئی ضرورت نہیں،کچھ لوگوں کا کہنا ہے کہ ان دونوں کے درمیان نکاح ختم ہو گیا ہے، کیا لوگوں کا کہنا درست ہے؟ کیا واقعتاً مرد کا بیوی کو ’’ مجھے تیری ضرورت نہیں‘‘ کہنا نکاح کو ختم کردیتاہے؟ کیا صورت مسئولہ میں نئے نکاح کی ضرورت پڑے گی؟ </p></p><h4 class=""question_heading"">جواب</h4><p><p style=""text-align:justify;"">صورتِ مسئولہ میں طلاق واقع نہیں ہوئی؛ کیوں کہ طلاق کا کوئی لفظ استعمال نہیں ہوا۔</p><p style=""text-align:justify;""><span class=""ar_writing"">الدر المختار وحاشية ابن عابدين (رد المحتار) (3 / 230):<br/>
""وركنه لفظ مخصوص"".</span> فقط واللہ اعلم</p></p><hr class=""big-hr""/><div class=""col-sm-6 col-md-6""><p class=""question_heading"" style=""color:#73161f"">فتویٰ نمبر : <a id=""fatwa_number"">144106200066</a></p></div><div class=""col-sm-6 col-md-6""><p style=""color:#73161f"">دارالافتاء :
                                جامعہ علوم اسلامیہ علامہ محمد یوسف بنوری ٹاؤن</p></div><hr class=""big-hr""/><div class=""col-sm-4 col-md-4""><div class=""tag""><a href=""https://www.banuri.edu.pk/questions/kitab/talaaq""><i class=""icon-docs-bold""></i> طلاق</a></div></div><div class=""col-sm-4 col-md-4""><div class=""tag""><a href=""https://www.banuri.edu.pk/questions/bab/wuqoo-e-talaq-o-adme-wuqoo-e-talaq""><i class=""icon-docs-bold""></i> وقوع طلاق وعدم وقوع طلاق</a></div></div><div class=""col-sm-4 col-md-4""><div class=""tag""><a href=""https://www.banuri.edu.pk/questions/fasal/talaq-wuqo-or-adm-e-wuqo""><i class=""icon-docs-bold""></i> طلاق - وقوع اور عدم وقوع</a></div></div></div>"
https://www.banuri.edu.pk/readquestion/تعبیر-الرؤیا-144106200072/28-01-2020,خواب میں لڑکی کا چہرہ اور بندوق دیکھنا,"<p><p style=""text-align:justify;"">لڑکی کا چہرا دیکھنا اور بندوق دیکھنا۔ان کی کیاتعبیر ہے؟</p></p>","<p><p style=""text-align:justify;"">دنیاوی عزت ملے گی۔ فقط واللہ اعلم</p></p><hr class=""big-hr""/>",28-01-2020,144106200072,banuri.edu.pk,علوم و فنون,تعبیر الرؤیا,بعض خوابوں کی تعبیر,"<div class=""col-md-12 sawal-jawab""><h3 class=""question_heading"">سوال</h3><p><p style=""text-align:justify;"">لڑکی کا چہرا دیکھنا اور بندوق دیکھنا۔ان کی کیاتعبیر ہے؟</p></p><h4 class=""question_heading"">جواب</h4><p><p style=""text-align:justify;"">دنیاوی عزت ملے گی۔ فقط واللہ اعلم</p></p><hr class=""big-hr""/><div class=""col-sm-6 col-md-6""><p class=""question_heading"" style=""color:#73161f"">فتویٰ نمبر : <a id=""fatwa_number"">144106200072</a></p></div><div class=""col-sm-6 col-md-6""><p style=""color:#73161f"">دارالافتاء :
                                جامعہ علوم اسلامیہ علامہ محمد یوسف بنوری ٹاؤن</p></div><hr class=""big-hr""/><div class=""col-sm-4 col-md-4""><div class=""tag""><a href=""https://www.banuri.edu.pk/questions/kitab/uloom-funoon""><i class=""icon-docs-bold""></i> علوم و فنون</a></div></div><div class=""col-sm-4 col-md-4""><div class=""tag""><a href=""https://www.banuri.edu.pk/questions/bab/mutafarriq-deeni-uloom""><i class=""icon-docs-bold""></i> تعبیر الرؤیا</a></div></div><div class=""col-sm-4 col-md-4""><div class=""tag""><a href=""https://www.banuri.edu.pk/questions/fasal/baaz-khuwabon-ki-taabeer""><i class=""icon-docs-bold""></i> بعض خوابوں کی تعبیر</a></div></div></div>"
https://www.banuri.edu.pk/readquestion/ٹشو-پیپر-یا-کپڑے-سے-استنجاء-کرنے-کا-حکم-144104200852/23-12-2019,ٹشو پیپر یا کپڑے سے استنجا کرنے کا حکم,"<p><p style=""text-align:justify;"">ٹشوپیپرز  یا کپڑے سے استنجا کیا جاسکتا ہے?</p></p>","<p><p style=""text-align:justify;"">ٹشو پیپر  یا کسی معمولی بے قیمت کپڑے کے ٹکڑے سے استنجا کرنا بلا کراہت جائز ہے، البتہ کسی قیمتی کپڑے (یعنی عموماً جیساکہ کپڑا ہوتاہے، اس) سے استنجا کرنا مکروہ ہے۔ فقط واللہ اعلم</p></p><hr class=""big-hr""/>",23-12-2019,144104200852,banuri.edu.pk,طہارت,نجاست اور اس سے پاکی,استنجاء، آداب و احکام,"<div class=""col-md-12 sawal-jawab""><h3 class=""question_heading"">سوال</h3><p><p style=""text-align:justify;"">ٹشوپیپرز  یا کپڑے سے استنجا کیا جاسکتا ہے?</p></p><h4 class=""question_heading"">جواب</h4><p><p style=""text-align:justify;"">ٹشو پیپر  یا کسی معمولی بے قیمت کپڑے کے ٹکڑے سے استنجا کرنا بلا کراہت جائز ہے، البتہ کسی قیمتی کپڑے (یعنی عموماً جیساکہ کپڑا ہوتاہے، اس) سے استنجا کرنا مکروہ ہے۔ فقط واللہ اعلم</p></p><hr class=""big-hr""/><div class=""col-sm-6 col-md-6""><p class=""question_heading"" style=""color:#73161f"">فتویٰ نمبر : <a id=""fatwa_number"">144104200852</a></p></div><div class=""col-sm-6 col-md-6""><p style=""color:#73161f"">دارالافتاء :
                                جامعہ علوم اسلامیہ علامہ محمد یوسف بنوری ٹاؤن</p></div><hr class=""big-hr""/><div class=""col-sm-4 col-md-4""><div class=""tag""><a href=""https://www.banuri.edu.pk/questions/kitab/taharat""><i class=""icon-docs-bold""></i> طہارت</a></div></div><div class=""col-sm-4 col-md-4""><div class=""tag""><a href=""https://www.banuri.edu.pk/questions/bab/najasat-aur-us-ki-paki""><i class=""icon-docs-bold""></i> نجاست اور اس سے پاکی</a></div></div><div class=""col-sm-4 col-md-4""><div class=""tag""><a href=""https://www.banuri.edu.pk/questions/fasal/istinja-or-us-kay-aadab-o-ahkam""><i class=""icon-docs-bold""></i> استنجاء، آداب و احکام</a></div></div></div>"
https://www.banuri.edu.pk/readquestion/کسی-موقع-پر-جھوٹ-بولناجھوٹ-بولنا-144106200194/31-01-2020,کسی موقع پر جھوٹ بولنا,"<p><p style=""text-align:justify;"">کیا کسی موقع پر جھوٹ  بولا جا سکتا ہے؟</p></p>","<p><p style=""text-align:justify;"">جھوٹ بولنا کبیرہ گناہوں میں سے ہے، قرآنِ کریم میں ہے:</p><p style=""text-align:justify;""><span class=""ar_writing"">﴿إِنَّ الله َ لَا يَهْدِيْ مَنْ هُوَ مُسْرِف كَذَّاب﴾</span></p><p style=""text-align:justify;"">ترجمہ: اللہ تعالی ایسے شخص کو مقصود تک نہیں پہنچاتا جو (اپنی) حد سے گزرجانے والا،  بہت جھوٹ بولنے والا ہو۔ (بیان القرآن)</p><p style=""text-align:justify;""> نبی کریم صلی اللہ علیہ و سلم کا ارشاد ہے :</p><p style=""text-align:justify;""><span class=""ar_writing"">""آية المنافق ثلاث وإن صام وصلى وزعم أنه مسلم: إذا حدث كذب، وإذا وعد أخلف، وإذا اؤتمن خان"". ( الصحيح لمسلم)</span></p><p style=""text-align:justify;""> ترجمہ: منافق کی تین نشانیاں ہیں، اگر چہ وہ روزہ رکھے نماز پڑھے اور یہ گمان کرے کہ وہ مسلمان ہے: ایک یہ کہ جب بولے تو جھوٹ بولے، دوسرے یہ کہ جب وعدہ کرے تو خلاف ورزی کرے،  تیسرے یہ کہ جب اس کے پاس امانت رکھوائی جائے تو اس میں خیانت کرے۔</p><p style=""text-align:justify;"">رسول اللہ صلی اللہ علیہ و سلم نے جھوٹ کو مسلمان کی شان کے خلاف بتا یا ہے، ارشاد ہوتا ہے:</p><p style=""text-align:justify;""><span class=""ar_writing"">""وعن أبي أمامة، قال: قال رسول الله صلى الله عليه وسلم: ((يطبع المؤمن على الخلال كلها إلا الخيانة والكذب))"". (مسند أحمد)</span></p><p style=""text-align:justify;"">ترجمہ: مؤمن ہر خصلت پر ڈھل سکتا ہے سوائے خیانت اور جھوٹ کے۔</p><p style=""text-align:justify;"">لہٰذا جھوٹ سے بچنا اور سچ کو لازم پکڑنا ہر مسلمان کی ذمہ داری ہے، لیکن شریعتِ مطہرہ نے ضرورت کے مواقع پر ""توریہ"" اور ""تعریض""  کی گنجائش دی ہے جہاں سچ بول کر مقصود حاصل کرنا ممکن نہ ہو، ایسے مواقع پر صریح جھوٹ نہ بولا جائے ، بلکہ ذو معنٰی بات کی جائے، مثلاً جان جانے کا خطرہ ہو تو ""توریہ"" اختیار کرکے جان بچالی جائے، دو فریقوں میں صلح کرانے کی غرض سے ""توریہ"" کیا جاسکتاہے، نیز  ایک فریق کے سامنے دوسرے کی خلافِ حقیقت تعریف وغیرہ کردی جائے (مثلاً یہ کہہ دے کہ آپ کا فریقِ مخالف تو آپ کے بارے میں اچھے جذبات رکھتاہے، یا مثلاً وہ تو آپ سے ملاقات چاہتاہے وغیرہ) تو یہ جھوٹ شمار نہیں ہوگا۔ فقط واللہ اعلم</p></p><hr class=""big-hr""/>",31-01-2020,144106200194,banuri.edu.pk,حقوق و آدابِ معاشرت,اَخلاقیات,حسد اور غیبت,"<div class=""col-md-12 sawal-jawab""><h3 class=""question_heading"">سوال</h3><p><p style=""text-align:justify;"">کیا کسی موقع پر جھوٹ  بولا جا سکتا ہے؟</p></p><h4 class=""question_heading"">جواب</h4><p><p style=""text-align:justify;"">جھوٹ بولنا کبیرہ گناہوں میں سے ہے، قرآنِ کریم میں ہے:</p><p style=""text-align:justify;""><span class=""ar_writing"">﴿إِنَّ الله َ لَا يَهْدِيْ مَنْ هُوَ مُسْرِف كَذَّاب﴾</span></p><p style=""text-align:justify;"">ترجمہ: اللہ تعالی ایسے شخص کو مقصود تک نہیں پہنچاتا جو (اپنی) حد سے گزرجانے والا،  بہت جھوٹ بولنے والا ہو۔ (بیان القرآن)</p><p style=""text-align:justify;""> نبی کریم صلی اللہ علیہ و سلم کا ارشاد ہے :</p><p style=""text-align:justify;""><span class=""ar_writing"">""آية المنافق ثلاث وإن صام وصلى وزعم أنه مسلم: إذا حدث كذب، وإذا وعد أخلف، وإذا اؤتمن خان"". ( الصحيح لمسلم)</span></p><p style=""text-align:justify;""> ترجمہ: منافق کی تین نشانیاں ہیں، اگر چہ وہ روزہ رکھے نماز پڑھے اور یہ گمان کرے کہ وہ مسلمان ہے: ایک یہ کہ جب بولے تو جھوٹ بولے، دوسرے یہ کہ جب وعدہ کرے تو خلاف ورزی کرے،  تیسرے یہ کہ جب اس کے پاس امانت رکھوائی جائے تو اس میں خیانت کرے۔</p><p style=""text-align:justify;"">رسول اللہ صلی اللہ علیہ و سلم نے جھوٹ کو مسلمان کی شان کے خلاف بتا یا ہے، ارشاد ہوتا ہے:</p><p style=""text-align:justify;""><span class=""ar_writing"">""وعن أبي أمامة، قال: قال رسول الله صلى الله عليه وسلم: ((يطبع المؤمن على الخلال كلها إلا الخيانة والكذب))"". (مسند أحمد)</span></p><p style=""text-align:justify;"">ترجمہ: مؤمن ہر خصلت پر ڈھل سکتا ہے سوائے خیانت اور جھوٹ کے۔</p><p style=""text-align:justify;"">لہٰذا جھوٹ سے بچنا اور سچ کو لازم پکڑنا ہر مسلمان کی ذمہ داری ہے، لیکن شریعتِ مطہرہ نے ضرورت کے مواقع پر ""توریہ"" اور ""تعریض""  کی گنجائش دی ہے جہاں سچ بول کر مقصود حاصل کرنا ممکن نہ ہو، ایسے مواقع پر صریح جھوٹ نہ بولا جائے ، بلکہ ذو معنٰی بات کی جائے، مثلاً جان جانے کا خطرہ ہو تو ""توریہ"" اختیار کرکے جان بچالی جائے، دو فریقوں میں صلح کرانے کی غرض سے ""توریہ"" کیا جاسکتاہے، نیز  ایک فریق کے سامنے دوسرے کی خلافِ حقیقت تعریف وغیرہ کردی جائے (مثلاً یہ کہہ دے کہ آپ کا فریقِ مخالف تو آپ کے بارے میں اچھے جذبات رکھتاہے، یا مثلاً وہ تو آپ سے ملاقات چاہتاہے وغیرہ) تو یہ جھوٹ شمار نہیں ہوگا۔ فقط واللہ اعلم</p></p><hr class=""big-hr""/><div class=""col-sm-6 col-md-6""><p class=""question_heading"" style=""color:#73161f"">فتویٰ نمبر : <a id=""fatwa_number"">144106200194</a></p></div><div class=""col-sm-6 col-md-6""><p style=""color:#73161f"">دارالافتاء :
                                جامعہ علوم اسلامیہ علامہ محمد یوسف بنوری ٹاؤن</p></div><hr class=""big-hr""/><div class=""col-sm-4 col-md-4""><div class=""tag""><a href=""https://www.banuri.edu.pk/questions/kitab/huqooq-muashret""><i class=""icon-docs-bold""></i> حقوق و آدابِ معاشرت</a></div></div><div class=""col-sm-4 col-md-4""><div class=""tag""><a href=""https://www.banuri.edu.pk/questions/bab/akhlaaqiyaat""><i class=""icon-docs-bold""></i> اَخلاقیات</a></div></div><div class=""col-sm-4 col-md-4""><div class=""tag""><a href=""https://www.banuri.edu.pk/questions/fasal/zaban-ki-hifazat-ghebat-galam-galoch""><i class=""icon-docs-bold""></i> حسد اور غیبت</a></div></div></div>"
https://www.banuri.edu.pk/readquestion/نکاح-سے-قبل-طلاق-معلق-کی-ایک-صورت-144104200632/16-12-2019,نکاح سے قبل طلاق معلق کی ایک صورت,"<p><p style=""text-align:justify;"">ایک شخص نے نکاح کی مجلس میں نکاح سے قبل اپنے مکمل ہوش وحواس میں لڑکی والوں کی طرف سے پیش کیے گئے ایک عہد نامہ کو پڑھ کر اس پر دستخط کیا، جس میں درج شرائط میں سے ایک شرط یہ ہوتی ہے  کہ میں ۔۔۔ ولد  ۔۔۔ یہ عہد کرتا ہوں کہ میں آئندہ ہیروئن وچرس نہیں پیوں گا،  اگر پیا تو میری بیوی کوتین طلاق۔ نکاح ہوجانے کے بعدبھی مذکورہ شخص ہیروئن وچرس کا نشہ کرتا ہے تو  اب اس کے نکاح کا شرعا کیا حکم ہے؟ </p></p>","<p><p style=""text-align:justify;"">واضح رہے کہ طلاق واقع ہونے کے لیے یہ  ضروری ہے کہ جس کو طلاق دی جارہی ہو وہ  عورت نکاح میں موجود ہو، یا اگر وہ نکاح میں موجود نہ ہو تو   ملک یا سببِ ملک  کی طرف نسبت کرکے طلاق دی گئی ہے مثلاً: اگر میں نے فلاں عورت سے نکاح کیا تو اس کو طلاق وغیرہ وغیرہ۔اگر وہ عورت نکاح میں موجود نہ ہو اور فوری طلاق دی گئی یا ملک یا سببِ  ملک کی طرف نسبت کیے بغیر معلق طلاق دی تو ایسی طلاق واقع نہیں ہوتی۔</p><p style=""text-align:justify;"">ذکر کردہ صورت میں نکاح سے قبل جو الفاظ کہے گئے ہیں، ان  میں سببِ ملکِ  نکاح کی طرف نسبت نہیں کی گئی ؛ لہٰذا شرط پائے جانے کی صورت میں طلاق کا وقوع نہیں ہوگا۔</p><p style=""text-align:justify;""><strong>اللباب میں ہے:</strong></p><p style=""text-align:justify;""><span class=""ar_writing"">""وإذا أضاف الطلاق إلى النكاح وقع عقيب النكاح، مثل أن يقول: إن تزوجتك فأنت طالقٌ، أو كل امرأة أتزوجها فهي طالقٌ، وإن أضافه إلى شرطٍ وقع عقيب الشرط، مثل أن يقول لامرأته: إن دخلت الدار فأنت طالقٌ.</span></p><p style=""text-align:justify;""><span class=""ar_writing""> (وإذا أضافه) أي الطلاق (إلى) وجود (شرط وقع عقيب) وجود (الشرط) وذلك (مثل أن يقول لامرأته: إن دخلت الدار فأنت طالق) ، وهذا بالاتفاق، لأن الملك قائم في الحال، والظاهر بقاؤه إلى وقت الشرط، ويصير عند وجود الشرط كالمتكلم بالطلاق في ذلك الوقت"". (اللباب في شرح الكتاب ،کتاب الطلاق،(3/ 46)، ط: المكتبة العلمية، بيروت، لبنان) </span>فقط واللہ اعلم</p></p><hr class=""big-hr""/>",16-12-2019,144104200632,banuri.edu.pk,طلاق,تعلیقِ طلاق (مشروط طلاق دینا),طلاق کو معلق کرنا,"<div class=""col-md-12 sawal-jawab""><h3 class=""question_heading"">سوال</h3><p><p style=""text-align:justify;"">ایک شخص نے نکاح کی مجلس میں نکاح سے قبل اپنے مکمل ہوش وحواس میں لڑکی والوں کی طرف سے پیش کیے گئے ایک عہد نامہ کو پڑھ کر اس پر دستخط کیا، جس میں درج شرائط میں سے ایک شرط یہ ہوتی ہے  کہ میں ۔۔۔ ولد  ۔۔۔ یہ عہد کرتا ہوں کہ میں آئندہ ہیروئن وچرس نہیں پیوں گا،  اگر پیا تو میری بیوی کوتین طلاق۔ نکاح ہوجانے کے بعدبھی مذکورہ شخص ہیروئن وچرس کا نشہ کرتا ہے تو  اب اس کے نکاح کا شرعا کیا حکم ہے؟ </p></p><h4 class=""question_heading"">جواب</h4><p><p style=""text-align:justify;"">واضح رہے کہ طلاق واقع ہونے کے لیے یہ  ضروری ہے کہ جس کو طلاق دی جارہی ہو وہ  عورت نکاح میں موجود ہو، یا اگر وہ نکاح میں موجود نہ ہو تو   ملک یا سببِ ملک  کی طرف نسبت کرکے طلاق دی گئی ہے مثلاً: اگر میں نے فلاں عورت سے نکاح کیا تو اس کو طلاق وغیرہ وغیرہ۔اگر وہ عورت نکاح میں موجود نہ ہو اور فوری طلاق دی گئی یا ملک یا سببِ  ملک کی طرف نسبت کیے بغیر معلق طلاق دی تو ایسی طلاق واقع نہیں ہوتی۔</p><p style=""text-align:justify;"">ذکر کردہ صورت میں نکاح سے قبل جو الفاظ کہے گئے ہیں، ان  میں سببِ ملکِ  نکاح کی طرف نسبت نہیں کی گئی ؛ لہٰذا شرط پائے جانے کی صورت میں طلاق کا وقوع نہیں ہوگا۔</p><p style=""text-align:justify;""><strong>اللباب میں ہے:</strong></p><p style=""text-align:justify;""><span class=""ar_writing"">""وإذا أضاف الطلاق إلى النكاح وقع عقيب النكاح، مثل أن يقول: إن تزوجتك فأنت طالقٌ، أو كل امرأة أتزوجها فهي طالقٌ، وإن أضافه إلى شرطٍ وقع عقيب الشرط، مثل أن يقول لامرأته: إن دخلت الدار فأنت طالقٌ.</span></p><p style=""text-align:justify;""><span class=""ar_writing""> (وإذا أضافه) أي الطلاق (إلى) وجود (شرط وقع عقيب) وجود (الشرط) وذلك (مثل أن يقول لامرأته: إن دخلت الدار فأنت طالق) ، وهذا بالاتفاق، لأن الملك قائم في الحال، والظاهر بقاؤه إلى وقت الشرط، ويصير عند وجود الشرط كالمتكلم بالطلاق في ذلك الوقت"". (اللباب في شرح الكتاب ،کتاب الطلاق،(3/ 46)، ط: المكتبة العلمية، بيروت، لبنان) </span>فقط واللہ اعلم</p></p><hr class=""big-hr""/><div class=""col-sm-6 col-md-6""><p class=""question_heading"" style=""color:#73161f"">فتویٰ نمبر : <a id=""fatwa_number"">144104200632</a></p></div><div class=""col-sm-6 col-md-6""><p style=""color:#73161f"">دارالافتاء :
                                جامعہ علوم اسلامیہ علامہ محمد یوسف بنوری ٹاؤن</p></div><hr class=""big-hr""/><div class=""col-sm-4 col-md-4""><div class=""tag""><a href=""https://www.banuri.edu.pk/questions/kitab/talaaq""><i class=""icon-docs-bold""></i> طلاق</a></div></div><div class=""col-sm-4 col-md-4""><div class=""tag""><a href=""https://www.banuri.edu.pk/questions/bab/talaq-ki-taleeq""><i class=""icon-docs-bold""></i> تعلیقِ طلاق (مشروط طلاق دینا)</a></div></div><div class=""col-sm-4 col-md-4""><div class=""tag""><a href=""https://www.banuri.edu.pk/questions/fasal/talaq-ko-muallaq-karna""><i class=""icon-docs-bold""></i> طلاق کو معلق کرنا</a></div></div></div>"
https://www.banuri.edu.pk/readquestion/بیوی-نے-اپنے-شوہر-کو-بھائی-کہ-دیا-144106200197/31-01-2020,بیوی نے اپنے شوہر کو بھائی کہہ دیا,"<p><p style=""text-align:justify;"">بیوی اگر جان بوجھ  کر اپنے شوہر  کو کہہ دے کہ :’’آج سے تم میرے بھائی ہو‘‘ تو شریعت میں اس کا کیا حکم ہے؟</p></p>","<p><p style=""text-align:justify;"">صورتِ مسئولہ میں بیوی کے ایسا کہنے سے نکاح پر کوئی اثر نہیں پڑے گا، نکاح بدستور قائم رہے گا، اور میاں بیوی کی حیثیت سے زندگی گزارنے کی اجازت ہوگی۔ بیوی کامذکورہ جملہ کہنا لغو اور بے کار ہے۔فقط واللہ اعلم</p></p><hr class=""big-hr""/>",31-01-2020,144106200197,banuri.edu.pk,طلاق,ظہار,ظہار کا ثبوت، تعریف اور الفاظ,"<div class=""col-md-12 sawal-jawab""><h3 class=""question_heading"">سوال</h3><p><p style=""text-align:justify;"">بیوی اگر جان بوجھ  کر اپنے شوہر  کو کہہ دے کہ :’’آج سے تم میرے بھائی ہو‘‘ تو شریعت میں اس کا کیا حکم ہے؟</p></p><h4 class=""question_heading"">جواب</h4><p><p style=""text-align:justify;"">صورتِ مسئولہ میں بیوی کے ایسا کہنے سے نکاح پر کوئی اثر نہیں پڑے گا، نکاح بدستور قائم رہے گا، اور میاں بیوی کی حیثیت سے زندگی گزارنے کی اجازت ہوگی۔ بیوی کامذکورہ جملہ کہنا لغو اور بے کار ہے۔فقط واللہ اعلم</p></p><hr class=""big-hr""/><div class=""col-sm-6 col-md-6""><p class=""question_heading"" style=""color:#73161f"">فتویٰ نمبر : <a id=""fatwa_number"">144106200197</a></p></div><div class=""col-sm-6 col-md-6""><p style=""color:#73161f"">دارالافتاء :
                                جامعہ علوم اسلامیہ علامہ محمد یوسف بنوری ٹاؤن</p></div><hr class=""big-hr""/><div class=""col-sm-4 col-md-4""><div class=""tag""><a href=""https://www.banuri.edu.pk/questions/kitab/talaaq""><i class=""icon-docs-bold""></i> طلاق</a></div></div><div class=""col-sm-4 col-md-4""><div class=""tag""><a href=""https://www.banuri.edu.pk/questions/bab/zehaar""><i class=""icon-docs-bold""></i> ظہار</a></div></div><div class=""col-sm-4 col-md-4""><div class=""tag""><a href=""https://www.banuri.edu.pk/questions/fasal/zihar""><i class=""icon-docs-bold""></i> ظہار کا ثبوت، تعریف اور الفاظ</a></div></div></div>"
https://www.banuri.edu.pk/readquestion/شراکت-ختم-کرنے-کا-حکم-144106200204/01-02-2020,شراکت ختم کرنے کا حکم,"<p><p style=""text-align:justify;"">دو بھائی مشترکہ طور کام کررہے تھے اور جب الگ ہونے کا وقت آیا، دونوں بھائیوں میں سے دوسرا چھوٹا بھائی جونئیر بڑے بھائی کو کہہ رہا ہے کہ ہم اپنے مال میں سے ماں، باپ ، بہنوں کو پورا حصہ مطلب جتنا ایک حق دار کا حق ہوتا ہے ان کو دیتے ہیں۔  بڑے بھائی نے کہہ دیا کہ میرے سر پر بہت ذمہ داریاں ہیں اور میرے دو جوان بیٹے شادی کی عمر میں ہیں  اور ان کے لیے گھراور سامان لانا ہے۔ میں کسی کو حصہ نہیں دے سکتا، ہاں میں کھانے،پینے،کپڑے کا خرچہ ضرور کروں گا۔ لیکن چھوٹا بھائی نہیں مانا اور اپنی شریک مالیت کو تینوں پر تقسیم کیا ۔مطلب  والد کو بھی شامل کیا اور دوسری بات یہ کہ چھوٹے بھائی نے شراکت میں ایک سال گھر پر گزارا کچھ ذاتی معاملے کی وجہ سے۔ بڑے بھائی نے ایک سال کا عوض مانگا، ان کا عوض جائز ہے؟</p></p>","<p><p style=""margin-left:0;margin-right:0;text-align:justify;"">اگر آپ کے سوال سے مقصود یہ ہے کہ دو بھائیوں نے سرمایہ لگاکر مشترکہ کاروبار شروع رکھاتھا اور دونوں اس کاروبار میں شریک تھے اور دونوں عامل(یعنی محنت کرنے والے)تھے، اس صورت میں اگر اب دونوں بھائی اپنی اس شراکت کو ختم کرنا چاہتے ہیں تو اب نفع ونقصان کا حساب کرکے لین دین ختم کرکے  شراکت سے علیحدہ ہوسکتے ہیں۔</p><p style=""margin-left:0;margin-right:0;text-align:justify;"">شرکت ختم کرنے کی صورت میں سرمایہ سے خریداجانے والا جو سامان ہوگا اس مشترکہ سامان کی قیمت لگاکر ہر ایک کا حصہ اور منافع اپنی اپنی سابقہ شرائط کے مطابق تقسیم کرلیاجائے، اور چاہیں تو ہر ایک شریک اپنے موجود سرمایہ کی رقم کے بقدر سامان لے لے یا دوسرا فریق باہمی رضامندی سے سامان اپنے پاس رکھ کر نقد رقم دے دے دونوں صورتیں درست ہیں۔(امدادالاحکام ص:340)</p><p style=""margin-left:0;margin-right:0;text-align:justify;"">شراکت اگر صرف دو بھائیوں کی تھی اور اس میں والد یا کسی اور کا سرمایہ شامل نہ تھا اس صورت میں شراکت ختم کرکے دونوں اپنے اپنے حصے کے مالک بن جائیں گے کسی اور کو حصہ دینے کے یہ پابند نہیں ہیں؛ لہذا چھوٹے بھائی کا یہ کہنا کہ اس شراکت کو ختم کرکے والد اور بہنوں وغیرہ کو بھی حصہ دیا جائے اور اس پر بڑا بھائی راضی نہیں ہے تو  یہ مطالبہ درست نہیں ہے۔ اگر والد صاحب  نفقے کے انتظام پر قادر نہیں ہیں تو والدین اور غیر شادی شدہ بہنوں کے نان نفقے کا انتظام بھائیوں کے ذمے ہوگا، اور خرچہ دینے کے لیے بڑا بھائی بھی راضی ہے، اس لیے چھوٹے بھائی کو چاہیے کہ مستقل حصہ دینے کا مطالبہ نہ کرے۔</p><p style=""margin-left:0;margin-right:0;text-align:justify;"">اس شراکتی کاروبار کے عرصہ میں اگر ایک بھائی نے ایک سال عمل نہیں کیا اور ایک سال کا عرصہ گھر پر گزارا اور اس دورانیہ میں دوسرابھائی محنت کرتا رہا اگر اس اضافی محنت کے سلسلہ میں پہلے سے باہمی طور پر عامل(محنت کرنے والے )بھائی کو زیادہ نفع دینا طے تھا تو اس صورت میں بڑا بھائی طے شدہ زیادہ نفع لینے کا حق دار ہے، لیکن اگر پہلے سے اس طرح کا کوئی معاہدہ نہیں ہوا تھا، بلکہ ایک  کی محنت کے باوجود سابقہ معاہدہ کے مطابق نفع کی تقسیم پر دونوں کی رضامندی تھی تو اس صورت میں بڑا بھائی اضافی عوض لینے کا حق نہیں رکھتا۔</p><p style=""text-align:justify;"">نوٹ:اگر مذکورہ کاروبار والد کا ہو اور بیٹے محنت کرنے والے ہوں یا والد کا سرمایہ اس کاروبار میں شامل ہو یا وراثتی کاروبار ہوتو اس کی وضاحت کرکے دوبارہ دریافت کرلیں۔فقط واللہ اعلم</p></p><hr class=""big-hr""/>",01-02-2020,144106200204,banuri.edu.pk,معاملات,حقوق / استحقاق,مشترکہ حقوق اور اس کے احکام,"<div class=""col-md-12 sawal-jawab""><h3 class=""question_heading"">سوال</h3><p><p style=""text-align:justify;"">دو بھائی مشترکہ طور کام کررہے تھے اور جب الگ ہونے کا وقت آیا، دونوں بھائیوں میں سے دوسرا چھوٹا بھائی جونئیر بڑے بھائی کو کہہ رہا ہے کہ ہم اپنے مال میں سے ماں، باپ ، بہنوں کو پورا حصہ مطلب جتنا ایک حق دار کا حق ہوتا ہے ان کو دیتے ہیں۔  بڑے بھائی نے کہہ دیا کہ میرے سر پر بہت ذمہ داریاں ہیں اور میرے دو جوان بیٹے شادی کی عمر میں ہیں  اور ان کے لیے گھراور سامان لانا ہے۔ میں کسی کو حصہ نہیں دے سکتا، ہاں میں کھانے،پینے،کپڑے کا خرچہ ضرور کروں گا۔ لیکن چھوٹا بھائی نہیں مانا اور اپنی شریک مالیت کو تینوں پر تقسیم کیا ۔مطلب  والد کو بھی شامل کیا اور دوسری بات یہ کہ چھوٹے بھائی نے شراکت میں ایک سال گھر پر گزارا کچھ ذاتی معاملے کی وجہ سے۔ بڑے بھائی نے ایک سال کا عوض مانگا، ان کا عوض جائز ہے؟</p></p><h4 class=""question_heading"">جواب</h4><p><p style=""margin-left:0;margin-right:0;text-align:justify;"">اگر آپ کے سوال سے مقصود یہ ہے کہ دو بھائیوں نے سرمایہ لگاکر مشترکہ کاروبار شروع رکھاتھا اور دونوں اس کاروبار میں شریک تھے اور دونوں عامل(یعنی محنت کرنے والے)تھے، اس صورت میں اگر اب دونوں بھائی اپنی اس شراکت کو ختم کرنا چاہتے ہیں تو اب نفع ونقصان کا حساب کرکے لین دین ختم کرکے  شراکت سے علیحدہ ہوسکتے ہیں۔</p><p style=""margin-left:0;margin-right:0;text-align:justify;"">شرکت ختم کرنے کی صورت میں سرمایہ سے خریداجانے والا جو سامان ہوگا اس مشترکہ سامان کی قیمت لگاکر ہر ایک کا حصہ اور منافع اپنی اپنی سابقہ شرائط کے مطابق تقسیم کرلیاجائے، اور چاہیں تو ہر ایک شریک اپنے موجود سرمایہ کی رقم کے بقدر سامان لے لے یا دوسرا فریق باہمی رضامندی سے سامان اپنے پاس رکھ کر نقد رقم دے دے دونوں صورتیں درست ہیں۔(امدادالاحکام ص:340)</p><p style=""margin-left:0;margin-right:0;text-align:justify;"">شراکت اگر صرف دو بھائیوں کی تھی اور اس میں والد یا کسی اور کا سرمایہ شامل نہ تھا اس صورت میں شراکت ختم کرکے دونوں اپنے اپنے حصے کے مالک بن جائیں گے کسی اور کو حصہ دینے کے یہ پابند نہیں ہیں؛ لہذا چھوٹے بھائی کا یہ کہنا کہ اس شراکت کو ختم کرکے والد اور بہنوں وغیرہ کو بھی حصہ دیا جائے اور اس پر بڑا بھائی راضی نہیں ہے تو  یہ مطالبہ درست نہیں ہے۔ اگر والد صاحب  نفقے کے انتظام پر قادر نہیں ہیں تو والدین اور غیر شادی شدہ بہنوں کے نان نفقے کا انتظام بھائیوں کے ذمے ہوگا، اور خرچہ دینے کے لیے بڑا بھائی بھی راضی ہے، اس لیے چھوٹے بھائی کو چاہیے کہ مستقل حصہ دینے کا مطالبہ نہ کرے۔</p><p style=""margin-left:0;margin-right:0;text-align:justify;"">اس شراکتی کاروبار کے عرصہ میں اگر ایک بھائی نے ایک سال عمل نہیں کیا اور ایک سال کا عرصہ گھر پر گزارا اور اس دورانیہ میں دوسرابھائی محنت کرتا رہا اگر اس اضافی محنت کے سلسلہ میں پہلے سے باہمی طور پر عامل(محنت کرنے والے )بھائی کو زیادہ نفع دینا طے تھا تو اس صورت میں بڑا بھائی طے شدہ زیادہ نفع لینے کا حق دار ہے، لیکن اگر پہلے سے اس طرح کا کوئی معاہدہ نہیں ہوا تھا، بلکہ ایک  کی محنت کے باوجود سابقہ معاہدہ کے مطابق نفع کی تقسیم پر دونوں کی رضامندی تھی تو اس صورت میں بڑا بھائی اضافی عوض لینے کا حق نہیں رکھتا۔</p><p style=""text-align:justify;"">نوٹ:اگر مذکورہ کاروبار والد کا ہو اور بیٹے محنت کرنے والے ہوں یا والد کا سرمایہ اس کاروبار میں شامل ہو یا وراثتی کاروبار ہوتو اس کی وضاحت کرکے دوبارہ دریافت کرلیں۔فقط واللہ اعلم</p></p><hr class=""big-hr""/><div class=""col-sm-6 col-md-6""><p class=""question_heading"" style=""color:#73161f"">فتویٰ نمبر : <a id=""fatwa_number"">144106200204</a></p></div><div class=""col-sm-6 col-md-6""><p style=""color:#73161f"">دارالافتاء :
                                جامعہ علوم اسلامیہ علامہ محمد یوسف بنوری ٹاؤن</p></div><hr class=""big-hr""/><div class=""col-sm-4 col-md-4""><div class=""tag""><a href=""https://www.banuri.edu.pk/questions/kitab/muamlat""><i class=""icon-docs-bold""></i> معاملات</a></div></div><div class=""col-sm-4 col-md-4""><div class=""tag""><a href=""https://www.banuri.edu.pk/questions/bab/huqooq-istihqaq""><i class=""icon-docs-bold""></i> حقوق / استحقاق</a></div></div><div class=""col-sm-4 col-md-4""><div class=""tag""><a href=""https://www.banuri.edu.pk/questions/fasal/mushtaraka-huqooq-or-us-kay-ahkam""><i class=""icon-docs-bold""></i> مشترکہ حقوق اور اس کے احکام</a></div></div></div>"
https://www.banuri.edu.pk/readquestion/فری-لانسر-کے-ذریعہ-رقم-کمانا-144106200205/01-02-2020,فری لانسنگ کے ذریعہ رقم کمانا,"<p><p style=""text-align:justify;"">فری لانسنگ کے ذریعے پیسے کمانا کیسا ہے؟ مثلاً کسی کے لیے کوئی لوگو ڈیزائن کرنا یا بزنس کارڈ بنانا یا ویب سائٹس بنانا ۔</p></p>","<p><p style=""text-align:justify;"">فری لانسنگ  کے ذریعہ گرافک ڈیزائننگ یا ویب سائٹس بنا کر بیچنا اور اس سے رقم کمانا شرعاً جائز ہے، بشرطیکہ اس میں جان دار کی تصاویر اور موسیقی وغیرہ ناجائز امور شامل نہ ہوں۔  فقط وا للہ اعلم</p></p><hr class=""big-hr""/>",01-02-2020,144106200205,banuri.edu.pk,معاملات,بیع / تجارت,اجارہ اور کرایہ کے احکام,"<div class=""col-md-12 sawal-jawab""><h3 class=""question_heading"">سوال</h3><p><p style=""text-align:justify;"">فری لانسنگ کے ذریعے پیسے کمانا کیسا ہے؟ مثلاً کسی کے لیے کوئی لوگو ڈیزائن کرنا یا بزنس کارڈ بنانا یا ویب سائٹس بنانا ۔</p></p><h4 class=""question_heading"">جواب</h4><p><p style=""text-align:justify;"">فری لانسنگ  کے ذریعہ گرافک ڈیزائننگ یا ویب سائٹس بنا کر بیچنا اور اس سے رقم کمانا شرعاً جائز ہے، بشرطیکہ اس میں جان دار کی تصاویر اور موسیقی وغیرہ ناجائز امور شامل نہ ہوں۔  فقط وا للہ اعلم</p></p><hr class=""big-hr""/><div class=""col-sm-6 col-md-6""><p class=""question_heading"" style=""color:#73161f"">فتویٰ نمبر : <a id=""fatwa_number"">144106200205</a></p></div><div class=""col-sm-6 col-md-6""><p style=""color:#73161f"">دارالافتاء :
                                جامعہ علوم اسلامیہ علامہ محمد یوسف بنوری ٹاؤن</p></div><hr class=""big-hr""/><div class=""col-sm-4 col-md-4""><div class=""tag""><a href=""https://www.banuri.edu.pk/questions/kitab/muamlat""><i class=""icon-docs-bold""></i> معاملات</a></div></div><div class=""col-sm-4 col-md-4""><div class=""tag""><a href=""https://www.banuri.edu.pk/questions/bab/bay-tijarat""><i class=""icon-docs-bold""></i> بیع / تجارت</a></div></div><div class=""col-sm-4 col-md-4""><div class=""tag""><a href=""https://www.banuri.edu.pk/questions/fasal/ijara-or-kiraya-k-ahkam""><i class=""icon-docs-bold""></i> اجارہ اور کرایہ کے احکام</a></div></div></div>"
https://www.banuri.edu.pk/readquestion/حلال-سرمایہ-کاری-کے-ذرائع-144106200201/01-02-2020,حلال سرمایہ  کاری کے ذرائع,,"<p><p style=""margin-left:0;margin-right:0;text-align:justify;""><span style=""color:#000;"">حلال طریقہ سے سرمایہ کاری کے بہترین طریقے شرکت اورمضاربت ہیں، لہذا شرائط کا لحاظ رکھتے ہوئے کسی کے ساتھ پارٹنر شپ یا مضاربت کا عقد کرلیا جائے۔ آپ نے جن بنیادوں پر کمپنی کا آغاز کیا ہے، اس کی تفصیل کسی مستند عالم کو بتاکر شرعی راہ نمائی لے لیجیے۔</span></p><p style=""margin-left:0;margin-right:0;text-align:justify;""><span style=""color:#000;"">اس ویب سائٹ پر  شرعی راہ نمائی کی جاتی ہے، اس حوالے سے اصولی راہ نمائی کردی گئی ہے، جہاں تک اس بات کا تعلق ہے کہ پاکستان میں حلال طریقے سے کیسے انویسٹمنٹ مل سکتی ہے، اس حوالے سے معاشی و تجارتی ماہرین سے مشورہ کرلیجیے۔ فقط واللہ اعلم</span></p></p><hr class=""big-hr""/>",01-02-2020,144106200201,banuri.edu.pk,معاملات,بیع / تجارت,بیع صحیح ، فاسد اور باطل,"<div class=""col-md-12 sawal-jawab""><h3 class=""question_heading"">سوال</h3><p><p style=""text-align:justify;"">حلال انویسٹمنٹ کے کیا ذرائع ہیں؟ میں ایک ایجوکیشن کمپنی کا آغاز ایک سال قبل کر چکا ہوں، میرا مقصد اس سے بہت زیادہ کمانا نہیں ہے۔ میں ایک سسٹم متعارف کرانا چاہتا ہوں جسے آپ کے ساتھ شئیر بھی کروںگا۔ فی الحال مجھے انوسٹمنٹ کا کافی مسئلہ آرہا ہے، میرے لیے دعا بھی کریں اور پاکستان میں حلال طریقے سے کیسے انوسٹمنٹ مل سکتی ہے؟ اس پر ایک مفصل جواب دے کر میری راہ نمائی کی جائے!</p></p><h4 class=""question_heading"">جواب</h4><p><p style=""margin-left:0;margin-right:0;text-align:justify;""><span style=""color:#000;"">حلال طریقہ سے سرمایہ کاری کے بہترین طریقے شرکت اورمضاربت ہیں، لہذا شرائط کا لحاظ رکھتے ہوئے کسی کے ساتھ پارٹنر شپ یا مضاربت کا عقد کرلیا جائے۔ آپ نے جن بنیادوں پر کمپنی کا آغاز کیا ہے، اس کی تفصیل کسی مستند عالم کو بتاکر شرعی راہ نمائی لے لیجیے۔</span></p><p style=""margin-left:0;margin-right:0;text-align:justify;""><span style=""color:#000;"">اس ویب سائٹ پر  شرعی راہ نمائی کی جاتی ہے، اس حوالے سے اصولی راہ نمائی کردی گئی ہے، جہاں تک اس بات کا تعلق ہے کہ پاکستان میں حلال طریقے سے کیسے انویسٹمنٹ مل سکتی ہے، اس حوالے سے معاشی و تجارتی ماہرین سے مشورہ کرلیجیے۔ فقط واللہ اعلم</span></p></p><hr class=""big-hr""/><div class=""col-sm-6 col-md-6""><p class=""question_heading"" style=""color:#73161f"">فتویٰ نمبر : <a id=""fatwa_number"">144106200201</a></p></div><div class=""col-sm-6 col-md-6""><p style=""color:#73161f"">دارالافتاء :
                                جامعہ علوم اسلامیہ علامہ محمد یوسف بنوری ٹاؤن</p></div><hr class=""big-hr""/><div class=""col-sm-4 col-md-4""><div class=""tag""><a href=""https://www.banuri.edu.pk/questions/kitab/muamlat""><i class=""icon-docs-bold""></i> معاملات</a></div></div><div class=""col-sm-4 col-md-4""><div class=""tag""><a href=""https://www.banuri.edu.pk/questions/bab/bay-tijarat""><i class=""icon-docs-bold""></i> بیع / تجارت</a></div></div><div class=""col-sm-4 col-md-4""><div class=""tag""><a href=""https://www.banuri.edu.pk/questions/fasal/bay-sahih-fasid-or-batil""><i class=""icon-docs-bold""></i> بیع صحیح ، فاسد اور باطل</a></div></div></div>"
https://www.banuri.edu.pk/readquestion/جمعہ-کا-خطبہ-اور-ترجمہ-144106200184/31-01-2020,جمعہ کا خطبہ اور ترجمہ,"<p><p style=""text-align:justify;"">جمعہ کا خطبہ اور ترجمہ، دونوں مکمل ارسال کردیں۔</p></p>","<p><p style=""text-align:justify;"">جمعہ کا خطبہ مستقل طور پر مقرر نہیں ہے، رسول اللہ ﷺ اور صحابہ کرام رضی اللہ عنہم سے منقول مختلف خطبات کو سامنے رکھ کر اکابر نے مختلف خطبات مرتب کیے ہیں، اسی طرح کا ایک مجموعہ مفتی محمد شفیع صاحب رحمۃ اللہ علیہ کا  مرتب کردہ بھی ہے، ’’خطباتِ جمعہ و عیدین مع ضروری آداب و احکام‘‘   کے نام سے  یہ مجموعہ کتب خانوں میں دست یاب ہے، اس میں جمعہ  اور عیدین کے خطبے اور ان کے ترجمے موجود ہیں، وہاں سے حاصل کیا جا سکتا ہے۔ فقط  واللہ اعلم</p></p><hr class=""big-hr""/>",31-01-2020,144106200184,banuri.edu.pk,نماز,جمعہ کی نماز,جمعہ و عیدین,"<div class=""col-md-12 sawal-jawab""><h3 class=""question_heading"">سوال</h3><p><p style=""text-align:justify;"">جمعہ کا خطبہ اور ترجمہ، دونوں مکمل ارسال کردیں۔</p></p><h4 class=""question_heading"">جواب</h4><p><p style=""text-align:justify;"">جمعہ کا خطبہ مستقل طور پر مقرر نہیں ہے، رسول اللہ ﷺ اور صحابہ کرام رضی اللہ عنہم سے منقول مختلف خطبات کو سامنے رکھ کر اکابر نے مختلف خطبات مرتب کیے ہیں، اسی طرح کا ایک مجموعہ مفتی محمد شفیع صاحب رحمۃ اللہ علیہ کا  مرتب کردہ بھی ہے، ’’خطباتِ جمعہ و عیدین مع ضروری آداب و احکام‘‘   کے نام سے  یہ مجموعہ کتب خانوں میں دست یاب ہے، اس میں جمعہ  اور عیدین کے خطبے اور ان کے ترجمے موجود ہیں، وہاں سے حاصل کیا جا سکتا ہے۔ فقط  واللہ اعلم</p></p><hr class=""big-hr""/><div class=""col-sm-6 col-md-6""><p class=""question_heading"" style=""color:#73161f"">فتویٰ نمبر : <a id=""fatwa_number"">144106200184</a></p></div><div class=""col-sm-6 col-md-6""><p style=""color:#73161f"">دارالافتاء :
                                جامعہ علوم اسلامیہ علامہ محمد یوسف بنوری ٹاؤن</p></div><hr class=""big-hr""/><div class=""col-sm-4 col-md-4""><div class=""tag""><a href=""https://www.banuri.edu.pk/questions/kitab/salat""><i class=""icon-docs-bold""></i> نماز</a></div></div><div class=""col-sm-4 col-md-4""><div class=""tag""><a href=""https://www.banuri.edu.pk/questions/bab/jumaa""><i class=""icon-docs-bold""></i> جمعہ کی نماز</a></div></div><div class=""col-sm-4 col-md-4""><div class=""tag""><a href=""https://www.banuri.edu.pk/questions/fasal/juma-o-eidayn""><i class=""icon-docs-bold""></i> جمعہ و عیدین</a></div></div></div>"
https://www.banuri.edu.pk/readquestion/امام-سری-نماز-میں-جہرا-الحمد-للہ-پڑھ-لے-144106200061/28-01-2020,امام سری نماز میں جہرًا الحمد للہ پڑھ لے,"<p><p style=""text-align:justify;"">اگر امام سری نماز میں صرف’’ الحمد‘‘ کاکلمہ جہرًا پڑھ لے تو سجدۂ  سہو ہوگا یانہیں؟</p></p>","<p><p style=""text-align:justify;""> سجدہ سہوواجب نہیں ہوگا۔</p><p style=""text-align:justify;""><span class=""ar_writing"">الدر المختار وحاشية ابن عابدين (رد المحتار) (2 / 82):<br/>
""أقول: لا عجب من كمل الرجال كصاحب الهداية والزيلعي وابن الهمام حيث عدلوا عن ظاهر الرواية لما فيه من الحرج، وصححوا الرواية الأخرى للتسهيل على الأمة، وكم له من نظير ولذا قال القهستاني: ويجب السهو بمخافتة كلمة لكن فيه شدة. وقال في شرح المنية: والصحيح ظاهر الرواية، وهو التقدير بما تجوز به الصلاة من غير تفرقة لأن القليل من الجهر في موضع المخافتة عفو أيضا؛ ففي حديث أبي قتادة في الصحيحين «أنه عليه الصلاة والسلام كان يقرأ في الظهر في الأوليين بأم القرآن وسورتين، وفي الأخريين بأم الكتاب ويسمعنا الآية أحيانًا» . اهـ. ففيه التصريح بأن ما صححه في الهداية ظاهر الرواية أيضا، فإن ثبت ذلك فلا كلام، وإلا فوجه تصحيحه ما قلنا وتأيده بحديث الصحيحين وقد قدمنا في واجبات الصلاة عن شرح المنية: أنه لاينبغي أن يعدل عن الدراية أي الدليل إذا وافقتها رواية"". </span>فقط واللہ اعلم</p></p><hr class=""big-hr""/>",28-01-2020,144106200061,banuri.edu.pk,نماز,نماز کی جماعت,جماعت / امامت,"<div class=""col-md-12 sawal-jawab""><h3 class=""question_heading"">سوال</h3><p><p style=""text-align:justify;"">اگر امام سری نماز میں صرف’’ الحمد‘‘ کاکلمہ جہرًا پڑھ لے تو سجدۂ  سہو ہوگا یانہیں؟</p></p><h4 class=""question_heading"">جواب</h4><p><p style=""text-align:justify;""> سجدہ سہوواجب نہیں ہوگا۔</p><p style=""text-align:justify;""><span class=""ar_writing"">الدر المختار وحاشية ابن عابدين (رد المحتار) (2 / 82):<br/>
""أقول: لا عجب من كمل الرجال كصاحب الهداية والزيلعي وابن الهمام حيث عدلوا عن ظاهر الرواية لما فيه من الحرج، وصححوا الرواية الأخرى للتسهيل على الأمة، وكم له من نظير ولذا قال القهستاني: ويجب السهو بمخافتة كلمة لكن فيه شدة. وقال في شرح المنية: والصحيح ظاهر الرواية، وهو التقدير بما تجوز به الصلاة من غير تفرقة لأن القليل من الجهر في موضع المخافتة عفو أيضا؛ ففي حديث أبي قتادة في الصحيحين «أنه عليه الصلاة والسلام كان يقرأ في الظهر في الأوليين بأم القرآن وسورتين، وفي الأخريين بأم الكتاب ويسمعنا الآية أحيانًا» . اهـ. ففيه التصريح بأن ما صححه في الهداية ظاهر الرواية أيضا، فإن ثبت ذلك فلا كلام، وإلا فوجه تصحيحه ما قلنا وتأيده بحديث الصحيحين وقد قدمنا في واجبات الصلاة عن شرح المنية: أنه لاينبغي أن يعدل عن الدراية أي الدليل إذا وافقتها رواية"". </span>فقط واللہ اعلم</p></p><hr class=""big-hr""/><div class=""col-sm-6 col-md-6""><p class=""question_heading"" style=""color:#73161f"">فتویٰ نمبر : <a id=""fatwa_number"">144106200061</a></p></div><div class=""col-sm-6 col-md-6""><p style=""color:#73161f"">دارالافتاء :
                                جامعہ علوم اسلامیہ علامہ محمد یوسف بنوری ٹاؤن</p></div><hr class=""big-hr""/><div class=""col-sm-4 col-md-4""><div class=""tag""><a href=""https://www.banuri.edu.pk/questions/kitab/salat""><i class=""icon-docs-bold""></i> نماز</a></div></div><div class=""col-sm-4 col-md-4""><div class=""tag""><a href=""https://www.banuri.edu.pk/questions/bab/namaz-ki-jamat""><i class=""icon-docs-bold""></i> نماز کی جماعت</a></div></div><div class=""col-sm-4 col-md-4""><div class=""tag""><a href=""https://www.banuri.edu.pk/questions/fasal/jamat-imamat""><i class=""icon-docs-bold""></i> جماعت / امامت</a></div></div></div>"
https://www.banuri.edu.pk/readquestion/میاں-بیوی-کا-گھر-میں-جماعت-کروانا-144106200132/30-01-2020,میاں بیوی کا گھر میں جماعت کروانا,"<p><p style=""text-align:justify;""> گھر میں خاوند بطورِ امام اور بیوی مقتدی بن کر نماز پڑھ سکتے  ہیں؟</p></p>","<p><p style=""text-align:justify;"">جی پڑھ  سکتے ہیں، البتہ  مرد کے لیے بلاعذرِ شرعی مسجد  کی فرض نماز کی جماعت چھوڑ کر گھر میں  پڑھنا درست نہیں ہے، البتہ  اگر کبھی مسجد  کی جماعت فوت ہوجائے تو  شوہر گھر میں اپنی بیوی کے ساتھ جماعت کرسکتا ہے، ایسی صورت میں بیوی ساتھ کھڑی نہیں ہوگی، بلکہ  پیچھے کھڑی ہوگی۔ فقط واللہ اعلم</p></p><hr class=""big-hr""/>",30-01-2020,144106200132,banuri.edu.pk,نماز,نماز کی جماعت,جماعت / امامت,"<div class=""col-md-12 sawal-jawab""><h3 class=""question_heading"">سوال</h3><p><p style=""text-align:justify;""> گھر میں خاوند بطورِ امام اور بیوی مقتدی بن کر نماز پڑھ سکتے  ہیں؟</p></p><h4 class=""question_heading"">جواب</h4><p><p style=""text-align:justify;"">جی پڑھ  سکتے ہیں، البتہ  مرد کے لیے بلاعذرِ شرعی مسجد  کی فرض نماز کی جماعت چھوڑ کر گھر میں  پڑھنا درست نہیں ہے، البتہ  اگر کبھی مسجد  کی جماعت فوت ہوجائے تو  شوہر گھر میں اپنی بیوی کے ساتھ جماعت کرسکتا ہے، ایسی صورت میں بیوی ساتھ کھڑی نہیں ہوگی، بلکہ  پیچھے کھڑی ہوگی۔ فقط واللہ اعلم</p></p><hr class=""big-hr""/><div class=""col-sm-6 col-md-6""><p class=""question_heading"" style=""color:#73161f"">فتویٰ نمبر : <a id=""fatwa_number"">144106200132</a></p></div><div class=""col-sm-6 col-md-6""><p style=""color:#73161f"">دارالافتاء :
                                جامعہ علوم اسلامیہ علامہ محمد یوسف بنوری ٹاؤن</p></div><hr class=""big-hr""/><div class=""col-sm-4 col-md-4""><div class=""tag""><a href=""https://www.banuri.edu.pk/questions/kitab/salat""><i class=""icon-docs-bold""></i> نماز</a></div></div><div class=""col-sm-4 col-md-4""><div class=""tag""><a href=""https://www.banuri.edu.pk/questions/bab/namaz-ki-jamat""><i class=""icon-docs-bold""></i> نماز کی جماعت</a></div></div><div class=""col-sm-4 col-md-4""><div class=""tag""><a href=""https://www.banuri.edu.pk/questions/fasal/jamat-imamat""><i class=""icon-docs-bold""></i> جماعت / امامت</a></div></div></div>"
https://www.banuri.edu.pk/readquestion/کنگھی-سے-ٹوٹے-داڑھی-کے-بالوں-کو-کیا-کرے-144106200186/31-01-2020,کنگھی سے ٹوٹے داڑھی کے بالوں کو کیا کرے؟,"<p><p style=""text-align:justify;"">بعض اوقات داڑھی کے کچھ بال کنگھی سے ٹوٹ جاتے ہیں یا نکل آتے ہیں، ان کا کیا کرنا چاہیے؟</p></p>","<p><p style=""text-align:justify;"">داڑھی کے بال انسانی جسم کا حصہ ہونے کی وجہ سے قابلِ احترام ہیں، انہیں کسی جگہ دفنا دینا  چاہیے یا کسی پاک صاف جگہ رکھ دینا چاہیے۔ فقط واللہ اعلم</p></p><hr class=""big-hr""/>",31-01-2020,144106200186,banuri.edu.pk,حقوق و آدابِ معاشرت,لباس / وضع قطع,بالوں کے احکام و آداب,"<div class=""col-md-12 sawal-jawab""><h3 class=""question_heading"">سوال</h3><p><p style=""text-align:justify;"">بعض اوقات داڑھی کے کچھ بال کنگھی سے ٹوٹ جاتے ہیں یا نکل آتے ہیں، ان کا کیا کرنا چاہیے؟</p></p><h4 class=""question_heading"">جواب</h4><p><p style=""text-align:justify;"">داڑھی کے بال انسانی جسم کا حصہ ہونے کی وجہ سے قابلِ احترام ہیں، انہیں کسی جگہ دفنا دینا  چاہیے یا کسی پاک صاف جگہ رکھ دینا چاہیے۔ فقط واللہ اعلم</p></p><hr class=""big-hr""/><div class=""col-sm-6 col-md-6""><p class=""question_heading"" style=""color:#73161f"">فتویٰ نمبر : <a id=""fatwa_number"">144106200186</a></p></div><div class=""col-sm-6 col-md-6""><p style=""color:#73161f"">دارالافتاء :
                                جامعہ علوم اسلامیہ علامہ محمد یوسف بنوری ٹاؤن</p></div><hr class=""big-hr""/><div class=""col-sm-4 col-md-4""><div class=""tag""><a href=""https://www.banuri.edu.pk/questions/kitab/huqooq-muashret""><i class=""icon-docs-bold""></i> حقوق و آدابِ معاشرت</a></div></div><div class=""col-sm-4 col-md-4""><div class=""tag""><a href=""https://www.banuri.edu.pk/questions/bab/libass-waza-qata""><i class=""icon-docs-bold""></i> لباس / وضع قطع</a></div></div><div class=""col-sm-4 col-md-4""><div class=""tag""><a href=""https://www.banuri.edu.pk/questions/fasal/baloon-k-ahkam-o-aadab""><i class=""icon-docs-bold""></i> بالوں کے احکام و آداب</a></div></div></div>"
https://www.banuri.edu.pk/readquestion/سنتوں-کے-بعد-دعا-اجتماعی-ھیئت-کے-ساتھ-144106200195/31-01-2020,سنتوں کے بعد اجتماعی ہیئت کے ساتھ دعا,"<p><p style=""text-align:justify;"">سنتوں کے بعد دعا بہ ہیئتِ اجتماعی کا کیا حکم ہے؟</p></p>","<p><p style=""text-align:justify;"">فرض نماز کی سنتوں کے بعد اجتماعی دعاکے اہتمام کرنے کا خیر القرون کے زمانہ سے ثبوت نہیں ملتا؛ اس لیے سنتوں کے بعد اجتماعی دعاکامعمول بدعت ہونے کی بناپر واجب الترک ہے۔</p><p style=""text-align:justify;"">مزید دلائل کے لیے ”<span class=""ar_writing"">النفائس المرغوبة في الدعاء بعد المکتوبة</span>“ مؤلفہ حضرت مفتی اعظم ہند مفتی کفایت اللہ صاحب رحمہ اللہ کی فصل اول (کفایت المفتی ص 63 تا 70 ،جلد 4 ،طبع:جامعہ فاروقیہ کراچی) کا مطالعہ فرمائیں۔فقط واللہ اعلم</p></p><hr class=""big-hr""/>",31-01-2020,144106200195,banuri.edu.pk,نماز,دعاء و اذکار,نماز کے بعد کی دعائیں اور اذکار,"<div class=""col-md-12 sawal-jawab""><h3 class=""question_heading"">سوال</h3><p><p style=""text-align:justify;"">سنتوں کے بعد دعا بہ ہیئتِ اجتماعی کا کیا حکم ہے؟</p></p><h4 class=""question_heading"">جواب</h4><p><p style=""text-align:justify;"">فرض نماز کی سنتوں کے بعد اجتماعی دعاکے اہتمام کرنے کا خیر القرون کے زمانہ سے ثبوت نہیں ملتا؛ اس لیے سنتوں کے بعد اجتماعی دعاکامعمول بدعت ہونے کی بناپر واجب الترک ہے۔</p><p style=""text-align:justify;"">مزید دلائل کے لیے ”<span class=""ar_writing"">النفائس المرغوبة في الدعاء بعد المکتوبة</span>“ مؤلفہ حضرت مفتی اعظم ہند مفتی کفایت اللہ صاحب رحمہ اللہ کی فصل اول (کفایت المفتی ص 63 تا 70 ،جلد 4 ،طبع:جامعہ فاروقیہ کراچی) کا مطالعہ فرمائیں۔فقط واللہ اعلم</p></p><hr class=""big-hr""/><div class=""col-sm-6 col-md-6""><p class=""question_heading"" style=""color:#73161f"">فتویٰ نمبر : <a id=""fatwa_number"">144106200195</a></p></div><div class=""col-sm-6 col-md-6""><p style=""color:#73161f"">دارالافتاء :
                                جامعہ علوم اسلامیہ علامہ محمد یوسف بنوری ٹاؤن</p></div><hr class=""big-hr""/><div class=""col-sm-4 col-md-4""><div class=""tag""><a href=""https://www.banuri.edu.pk/questions/kitab/salat""><i class=""icon-docs-bold""></i> نماز</a></div></div><div class=""col-sm-4 col-md-4""><div class=""tag""><a href=""https://www.banuri.edu.pk/questions/bab/dua-o-azkaar""><i class=""icon-docs-bold""></i> دعاء و اذکار</a></div></div><div class=""col-sm-4 col-md-4""><div class=""tag""><a href=""https://www.banuri.edu.pk/questions/fasal/namaz-k-bad-ki-duayen-or-azkar""><i class=""icon-docs-bold""></i> نماز کے بعد کی دعائیں اور اذکار</a></div></div></div>"
https://www.banuri.edu.pk/readquestion/کام-ہوجانے-کے-بعد-نذر-پوری-کرنا-ضروری-ہے-144105200869/20-01-2020,کام ہوجانے کے بعد نذر پوری کرنا ضروری ہے؟,"<p><p style=""text-align:justify;"">ایک عورت نے کہا کہ اگر میرا فلاں کام ہوگیا تو امامِ مسجد کو عمرہ کرادوں گی۔ اور مسجد میں دس ہزار روپیہ دوں گی۔ چوں کہ مشروط کام پوراہوگیا ہے،  اب سوال یہ ہے کہ کیا وہ اب اس عمرہ والی رقم کے ساتھ مسجد میں دینے والی رقم ملا کر خود اس سے عمرہ کرسکتی ہے؟  کیا وہ یہ تمام رقم غریب کے قبضے  کے بعد مدرسہ کی عمارت میں لگاسکتی ہے؟</p></p>","<p><p style=""text-align:justify;"">صورتِ مسئولہ میں جس مسجد کے امام صاحب کو عمرہ کرانے اور  جس مسجد میں دس ہزار دینے کی تعیین اپنی نذر میں  کی تھی، اسی مصرف میں اب رقم خرچ کرنا ضروری ہوگا، خود عمرہ  کرنے سے نذر پوری نہیں ہوگی، خود عمرہ کرنے یا تعمیر میں صرف کرنے کے لیے حیلہ اختیار نہ کیا جائے۔ فقط واللہ اعلم</p></p><hr class=""big-hr""/>",20-01-2020,144105200869,banuri.edu.pk,متفرق کتب,متفرق ابواب,متفرق فصول,"<div class=""col-md-12 sawal-jawab""><h3 class=""question_heading"">سوال</h3><p><p style=""text-align:justify;"">ایک عورت نے کہا کہ اگر میرا فلاں کام ہوگیا تو امامِ مسجد کو عمرہ کرادوں گی۔ اور مسجد میں دس ہزار روپیہ دوں گی۔ چوں کہ مشروط کام پوراہوگیا ہے،  اب سوال یہ ہے کہ کیا وہ اب اس عمرہ والی رقم کے ساتھ مسجد میں دینے والی رقم ملا کر خود اس سے عمرہ کرسکتی ہے؟  کیا وہ یہ تمام رقم غریب کے قبضے  کے بعد مدرسہ کی عمارت میں لگاسکتی ہے؟</p></p><h4 class=""question_heading"">جواب</h4><p><p style=""text-align:justify;"">صورتِ مسئولہ میں جس مسجد کے امام صاحب کو عمرہ کرانے اور  جس مسجد میں دس ہزار دینے کی تعیین اپنی نذر میں  کی تھی، اسی مصرف میں اب رقم خرچ کرنا ضروری ہوگا، خود عمرہ  کرنے سے نذر پوری نہیں ہوگی، خود عمرہ کرنے یا تعمیر میں صرف کرنے کے لیے حیلہ اختیار نہ کیا جائے۔ فقط واللہ اعلم</p></p><hr class=""big-hr""/><div class=""col-sm-6 col-md-6""><p class=""question_heading"" style=""color:#73161f"">فتویٰ نمبر : <a id=""fatwa_number"">144105200869</a></p></div><div class=""col-sm-6 col-md-6""><p style=""color:#73161f"">دارالافتاء :
                                جامعہ علوم اسلامیہ علامہ محمد یوسف بنوری ٹاؤن</p></div><hr class=""big-hr""/><div class=""col-sm-4 col-md-4""><div class=""tag""><a href=""https://www.banuri.edu.pk/questions/kitab/mutafarriq-kutub""><i class=""icon-docs-bold""></i> متفرق کتب</a></div></div><div class=""col-sm-4 col-md-4""><div class=""tag""><a href=""https://www.banuri.edu.pk/questions/bab/mutafarriq-abwab""><i class=""icon-docs-bold""></i> متفرق ابواب</a></div></div><div class=""col-sm-4 col-md-4""><div class=""tag""><a href=""https://www.banuri.edu.pk/questions/fasal/mutafarriq-fusool""><i class=""icon-docs-bold""></i> متفرق فصول</a></div></div></div>"
https://www.banuri.edu.pk/readquestion/تین-طلاق-میں-اہل-حدیث-کا-فتوی-ماننا-144105200702/15-01-2020,تین طلاق میں اہلِ حدیث کا فتوی ماننا,"<p><p style=""text-align:justify;"">میں نے اپنی بیوی کو ایک وقت میں تین طلاقیں لکھ کر دے دی تھیں. پھر میں نے فتویٰ لیے تو مجھے آپ لوگوں نے کہا کہ طلاق ہو گئی ہے،  پھر میں اہلِ حدیث والوں کے پاس گیا انہوں نے کہا کہ ایک ہی طلاق ہوئی ہے،  میں نے ان کافتوی مان لیا ہے۔</p><p style=""text-align:justify;"">اب آپ ہی بتائیں کہ میں نے ان کا فتوی مان کر کیا گناہ کیا ہے؟  یا میں دین سے نکل گیا ہوں؟  آپ میری راہ نمائی کریں کہ میں نے اپنے  2  بچوں کی خاطر ٹھیک کیا یا غلط کیا؟</p></p>","<p><p style=""text-align:justify;"">تین طلاق واقع ہوجانے کے بعد کسی کا فتویٰ مان لینے سے تین طلاقیں ختم نہیں ہوجائیں گی؛ اس لیے کہ چاروں ائمہ کرام کے ہاں تین طلاق تین ہی ہوتی ہیں، ایک نہیں، سعودی عرب کے کی عدالت اور وہاں کے مفتیانِ کرام کا فتویٰ بھی یہی ہے کہ تین طلاقیں تین ہی ہوتی ہیں۔  اب اگر آپ اسی حالت میں بیوی کے ساتھ رہیں گے تو  گناہ ہی ہوگا۔بچوں کی خاطر آخرت کا عذاب مول لینا کون سی عقل مندی ہے۔</p><p style=""text-align:justify;"">حدیثِ مبارک  کا مفہوم ہے کہ  قیامت کے قریب ایسا بھی ہوگا کہ لوگ اپنی بیویوں سے زنا کریں گے،یعنی بیوی کو طلاق دینے کے باوجود اس سے خواہش پوری کریں گے۔ </p><p style=""text-align:justify;"">نیز  فقہائے کرام نے ایسے لوگوں کے بارے میں جو محض اپنی غرض کو پورا کرنے کے لیے مسلک بدلتے ہیں ان کے بارے میں لکھا ہے کہ موت کے وقت ان کے ایمان کے فوت ہو جانے کا خطرہ ہے۔</p><p style=""text-align:justify;""><span class=""ar_writing"">""... قُلْتُ: يَا أَبَا عَبْدِالرَّحْمَنِ، وَهُمْ مُسْلِمُونَ؟ قَالَ: نَعَمْ. قُلْتُ: أَبَا عَبْدِالرَّحْمَنِ، وَالْقُرْآنُ بَيْنَ ظَهْرَانَيْهِمْ؟ قَالَ: نَعَمْ. قُلْتُ: أَبَا عَبْدِالرَّحْمَنِ، وَأَنَّى ذَلِكَ؟ قَالَ: يَأْتِي عَلَى النَّاسِ زَمَانٌ يُطَلِّقُ الرَّجُلُ الْمَرْأَةَ، ثُمَّ يَجْحَدُهَا طَلَاقَهَا، فَيُقِيمُ عَلَى فَرْجِهَا، فَهُمَا زَانِيَانِ مَا أَقَامَا"". (أخرجه الطبراني في “المعجم الكبير” (10/228)، وفي “المعجم الأوسط” (4861)</span></p><p style=""text-align:justify;""><span class=""ar_writing"">فتاویٰ شامی</span>میں ہے:</p><p style=""text-align:justify;""><span class=""ar_writing"">""(قوله: ارتحل إلی مذهب الشافعي یعزر)  أي إذا کان ارتحاله لالغرض محمود شرعاً لما في التاتارخانیة: حکي أن رجلًا من أصحاب أبي حنیفة خطب إلی رجل من أصحاب الحدیث ابنته في عهد أبی بکر الجوزجاني فأبی إلا أن یترك مذهبه فیقرأ خلف الإمام ویرفع یدیه عند الانحطاط ونحو ذلك فأجابه فزوجه، فقال الشیخ بعد ما سئل عن هذه وأطرق رأسه: النکاح جائز، ولکن أخاف علیه أن یذهب إیمانه وقت النزع؛ لأنه استخفّ بمذهبه الذي هو حقّ عنده وترکه لأجل جیفة منتنة ... أما انتقال غیره من غیر دلیل بل لما یرغب من غرض الدنیا وشهوتها فهو مذموم الآثم المستوجب للتأدیب والتعزیر، لارتکابه المنکر في الدین واستخفافه بدینه ومذهبه الخ ملخصًا"". (الفتاوی الشامیة، باب التعزیر، مطلب فیما إذا ارتحل إلی غیر مذهبه ج: ٢،ص:٨٠،ط: سعید)</span> فقط واللہ اعلم</p></p><hr class=""big-hr""/>",15-01-2020,144105200702,banuri.edu.pk,طلاق,وقوع طلاق وعدم وقوع طلاق,تین طلاق,"<div class=""col-md-12 sawal-jawab""><h3 class=""question_heading"">سوال</h3><p><p style=""text-align:justify;"">میں نے اپنی بیوی کو ایک وقت میں تین طلاقیں لکھ کر دے دی تھیں. پھر میں نے فتویٰ لیے تو مجھے آپ لوگوں نے کہا کہ طلاق ہو گئی ہے،  پھر میں اہلِ حدیث والوں کے پاس گیا انہوں نے کہا کہ ایک ہی طلاق ہوئی ہے،  میں نے ان کافتوی مان لیا ہے۔</p><p style=""text-align:justify;"">اب آپ ہی بتائیں کہ میں نے ان کا فتوی مان کر کیا گناہ کیا ہے؟  یا میں دین سے نکل گیا ہوں؟  آپ میری راہ نمائی کریں کہ میں نے اپنے  2  بچوں کی خاطر ٹھیک کیا یا غلط کیا؟</p></p><h4 class=""question_heading"">جواب</h4><p><p style=""text-align:justify;"">تین طلاق واقع ہوجانے کے بعد کسی کا فتویٰ مان لینے سے تین طلاقیں ختم نہیں ہوجائیں گی؛ اس لیے کہ چاروں ائمہ کرام کے ہاں تین طلاق تین ہی ہوتی ہیں، ایک نہیں، سعودی عرب کے کی عدالت اور وہاں کے مفتیانِ کرام کا فتویٰ بھی یہی ہے کہ تین طلاقیں تین ہی ہوتی ہیں۔  اب اگر آپ اسی حالت میں بیوی کے ساتھ رہیں گے تو  گناہ ہی ہوگا۔بچوں کی خاطر آخرت کا عذاب مول لینا کون سی عقل مندی ہے۔</p><p style=""text-align:justify;"">حدیثِ مبارک  کا مفہوم ہے کہ  قیامت کے قریب ایسا بھی ہوگا کہ لوگ اپنی بیویوں سے زنا کریں گے،یعنی بیوی کو طلاق دینے کے باوجود اس سے خواہش پوری کریں گے۔ </p><p style=""text-align:justify;"">نیز  فقہائے کرام نے ایسے لوگوں کے بارے میں جو محض اپنی غرض کو پورا کرنے کے لیے مسلک بدلتے ہیں ان کے بارے میں لکھا ہے کہ موت کے وقت ان کے ایمان کے فوت ہو جانے کا خطرہ ہے۔</p><p style=""text-align:justify;""><span class=""ar_writing"">""... قُلْتُ: يَا أَبَا عَبْدِالرَّحْمَنِ، وَهُمْ مُسْلِمُونَ؟ قَالَ: نَعَمْ. قُلْتُ: أَبَا عَبْدِالرَّحْمَنِ، وَالْقُرْآنُ بَيْنَ ظَهْرَانَيْهِمْ؟ قَالَ: نَعَمْ. قُلْتُ: أَبَا عَبْدِالرَّحْمَنِ، وَأَنَّى ذَلِكَ؟ قَالَ: يَأْتِي عَلَى النَّاسِ زَمَانٌ يُطَلِّقُ الرَّجُلُ الْمَرْأَةَ، ثُمَّ يَجْحَدُهَا طَلَاقَهَا، فَيُقِيمُ عَلَى فَرْجِهَا، فَهُمَا زَانِيَانِ مَا أَقَامَا"". (أخرجه الطبراني في “المعجم الكبير” (10/228)، وفي “المعجم الأوسط” (4861)</span></p><p style=""text-align:justify;""><span class=""ar_writing"">فتاویٰ شامی</span>میں ہے:</p><p style=""text-align:justify;""><span class=""ar_writing"">""(قوله: ارتحل إلی مذهب الشافعي یعزر)  أي إذا کان ارتحاله لالغرض محمود شرعاً لما في التاتارخانیة: حکي أن رجلًا من أصحاب أبي حنیفة خطب إلی رجل من أصحاب الحدیث ابنته في عهد أبی بکر الجوزجاني فأبی إلا أن یترك مذهبه فیقرأ خلف الإمام ویرفع یدیه عند الانحطاط ونحو ذلك فأجابه فزوجه، فقال الشیخ بعد ما سئل عن هذه وأطرق رأسه: النکاح جائز، ولکن أخاف علیه أن یذهب إیمانه وقت النزع؛ لأنه استخفّ بمذهبه الذي هو حقّ عنده وترکه لأجل جیفة منتنة ... أما انتقال غیره من غیر دلیل بل لما یرغب من غرض الدنیا وشهوتها فهو مذموم الآثم المستوجب للتأدیب والتعزیر، لارتکابه المنکر في الدین واستخفافه بدینه ومذهبه الخ ملخصًا"". (الفتاوی الشامیة، باب التعزیر، مطلب فیما إذا ارتحل إلی غیر مذهبه ج: ٢،ص:٨٠،ط: سعید)</span> فقط واللہ اعلم</p></p><hr class=""big-hr""/><div class=""col-sm-6 col-md-6""><p class=""question_heading"" style=""color:#73161f"">فتویٰ نمبر : <a id=""fatwa_number"">144105200702</a></p></div><div class=""col-sm-6 col-md-6""><p style=""color:#73161f"">دارالافتاء :
                                جامعہ علوم اسلامیہ علامہ محمد یوسف بنوری ٹاؤن</p></div><hr class=""big-hr""/><div class=""col-sm-4 col-md-4""><div class=""tag""><a href=""https://www.banuri.edu.pk/questions/kitab/talaaq""><i class=""icon-docs-bold""></i> طلاق</a></div></div><div class=""col-sm-4 col-md-4""><div class=""tag""><a href=""https://www.banuri.edu.pk/questions/bab/wuqoo-e-talaq-o-adme-wuqoo-e-talaq""><i class=""icon-docs-bold""></i> وقوع طلاق وعدم وقوع طلاق</a></div></div><div class=""col-sm-4 col-md-4""><div class=""tag""><a href=""https://www.banuri.edu.pk/questions/fasal/teen-talaqayn""><i class=""icon-docs-bold""></i> تین طلاق</a></div></div></div>"
