link,title,question_html,answer_html,issued_at,fatwa_number,dar_ul_ifta,category_lvl_1,category_lvl_2,category_lvl_3,html_container
https://www.banuri.edu.pk/readquestion/اے-سی-کے-پانی-سے-طہارت/15-08-2018,اے سی کے پانی سے طہارت,"<p><p style=""text-align:justify;"">اےسی سےنکلنےوالاپانی جسےہم عام طورپرپھینک دیتےہیں، کیااس پانی سےوُضو،غسل کرناجائزہے؟</p></p>","<p><p style=""margin-left:0;margin-right:0;text-align:justify;""><span style=""background-color:#fff;""><span style=""color:#444;"">اے سی سے حاصل ہونے والے پانی  سے  وضو ، یا طہارت حاصل  کرنا جائز ہے۔</span></span></p><p style=""margin-left:0;margin-right:0;text-align:justify;""><span style=""background-color:#fff;""><span style=""color:#444;""><span class=""ar_writing"">"" (وهو) أي الماء الطهور (الباقي علي خلقته) أي: صفته التي خلق عليها ... (حقيقةً) بأن لم يطرأ عليه شيء (أو حكماً) كالمتغير بمكث أو طحلب والمتصاعد من بخارات الحمامات ثم يقطر"". (كشاف القناع عن متن الإقناع في الفقه الحنبلي، كتاب الطهارة، مبحث المياه، القسم الأول، الماء الطهور، (1/18) ط: أنصارالسنة المحمدية، 1366ھ)</span></span></span></p><p style=""margin-left:0;margin-right:0;text-align:justify;""><span style=""background-color:#fff;""><span style=""color:#444;""><span class=""ar_writing"">(وهو) أي الطهور (الباقي على خلقته) ... (سواء كان من الماء النازل من السماء كالمطر وذوب الثلج والبرد، أو ماء الأنهار والعيون والآبار والبحار، ولو تصاعد ثم قطر كبخارات النجاسات، ومايستخرج بالكنداسات ونحوها"". (حاشية الروض المربع شرح زاد المستقنع في الفقه الحنبلي، كتاب الطهارة، أنواع المياه، القسم الثاني: وهو الطاهع، (1/60) ط: دارالفكر، بيروت، لبنان)</span></span></span></p><p style=""margin-left:0;margin-right:0;text-align:justify;""><span style=""background-color:#fff;""><span style=""color:#444;""><span class=""ar_writing"">""الماء الطهور أو المطلق هو الطاهر في نفسه المطهر لغيره، وهو كل ماء نزل من السماء أو نبع من الأرض مادام باقياً على أصل الخلقة، فلم يتغير أحد أوصافه الثلاثة ... ويشمل الماء الذي ينعقد على صورة حيوان أو ينعقد ملحاً أو يرشح ويتبخر بخار ماء؛ لأنه ماء حقيقةً."" (الفقه الإسلامي وأدلته، القسم الأول: العبادات، الباب الأول: الطهارات، الفصل الأول: الطهارة، المبحث الرابع: أنواع المياه، النوع الأول: الماء الطهور أو المطلق، (1/264،265) ط:مكتبه رشيديه)</span>فقط واللہ اعلم</span></span></p></p><hr class=""big-hr""/>",15-08-2018,143909201897,banuri.edu.pk,طہارت,پانی کے احکام,پانی کی اقسام اور احکام,"<div class=""col-md-12 sawal-jawab""><h3 class=""question_heading"">سوال</h3><p><p style=""text-align:justify;"">اےسی سےنکلنےوالاپانی جسےہم عام طورپرپھینک دیتےہیں، کیااس پانی سےوُضو،غسل کرناجائزہے؟</p></p><h4 class=""question_heading"">جواب</h4><p><p style=""margin-left:0;margin-right:0;text-align:justify;""><span style=""background-color:#fff;""><span style=""color:#444;"">اے سی سے حاصل ہونے والے پانی  سے  وضو ، یا طہارت حاصل  کرنا جائز ہے۔</span></span></p><p style=""margin-left:0;margin-right:0;text-align:justify;""><span style=""background-color:#fff;""><span style=""color:#444;""><span class=""ar_writing"">"" (وهو) أي الماء الطهور (الباقي علي خلقته) أي: صفته التي خلق عليها ... (حقيقةً) بأن لم يطرأ عليه شيء (أو حكماً) كالمتغير بمكث أو طحلب والمتصاعد من بخارات الحمامات ثم يقطر"". (كشاف القناع عن متن الإقناع في الفقه الحنبلي، كتاب الطهارة، مبحث المياه، القسم الأول، الماء الطهور، (1/18) ط: أنصارالسنة المحمدية، 1366ھ)</span></span></span></p><p style=""margin-left:0;margin-right:0;text-align:justify;""><span style=""background-color:#fff;""><span style=""color:#444;""><span class=""ar_writing"">(وهو) أي الطهور (الباقي على خلقته) ... (سواء كان من الماء النازل من السماء كالمطر وذوب الثلج والبرد، أو ماء الأنهار والعيون والآبار والبحار، ولو تصاعد ثم قطر كبخارات النجاسات، ومايستخرج بالكنداسات ونحوها"". (حاشية الروض المربع شرح زاد المستقنع في الفقه الحنبلي، كتاب الطهارة، أنواع المياه، القسم الثاني: وهو الطاهع، (1/60) ط: دارالفكر، بيروت، لبنان)</span></span></span></p><p style=""margin-left:0;margin-right:0;text-align:justify;""><span style=""background-color:#fff;""><span style=""color:#444;""><span class=""ar_writing"">""الماء الطهور أو المطلق هو الطاهر في نفسه المطهر لغيره، وهو كل ماء نزل من السماء أو نبع من الأرض مادام باقياً على أصل الخلقة، فلم يتغير أحد أوصافه الثلاثة ... ويشمل الماء الذي ينعقد على صورة حيوان أو ينعقد ملحاً أو يرشح ويتبخر بخار ماء؛ لأنه ماء حقيقةً."" (الفقه الإسلامي وأدلته، القسم الأول: العبادات، الباب الأول: الطهارات، الفصل الأول: الطهارة، المبحث الرابع: أنواع المياه، النوع الأول: الماء الطهور أو المطلق، (1/264،265) ط:مكتبه رشيديه)</span>فقط واللہ اعلم</span></span></p></p><hr class=""big-hr""/><div class=""col-sm-6 col-md-6""><p class=""question_heading"" style=""color:#73161f"">فتویٰ نمبر : <a id=""fatwa_number"">143909201897</a></p></div><div class=""col-sm-6 col-md-6""><p style=""color:#73161f"">دارالافتاء :
                                جامعہ علوم اسلامیہ علامہ محمد یوسف بنوری ٹاؤن</p></div><hr class=""big-hr""/><div class=""col-sm-4 col-md-4""><div class=""tag""><a href=""https://www.banuri.edu.pk/questions/kitab/taharat""><i class=""icon-docs-bold""></i> طہارت</a></div></div><div class=""col-sm-4 col-md-4""><div class=""tag""><a href=""https://www.banuri.edu.pk/questions/bab/pani-k-ahkam""><i class=""icon-docs-bold""></i> پانی کے احکام</a></div></div><div class=""col-sm-4 col-md-4""><div class=""tag""><a href=""https://www.banuri.edu.pk/questions/fasal/pani-k-ahkam""><i class=""icon-docs-bold""></i> پانی کی اقسام اور احکام</a></div></div></div>"
https://www.banuri.edu.pk/readquestion/بیوی-کو-جیب-خرچ-دین/24-08-2018,بیوی کو جیب خرچ دینا,"<p><p style=""text-align:justify;"">بیوی کو جیب خرچ دینا چاہیے؟</p></p>","<p><p style=""text-align:justify;"">شوہر کی اخلاقی ذمہ داری ہے (یعنی مستحب ہے) کہ واجب نفقہ کے علاوہ بھی حسبِ حیثیت کچھ رقم جیب خرچ کے لیے بیوی کو دیتا رہے- حضرت حکیم الامت مولانا اشرف علی تھانوی قدس سرہ فرماتے ہیں: <br/>
""بیوی کا یہ بھی حق ہےکہ اس کو کچھ رقم ایسی بھی دے جس کو وہ اپنی مرضی کے مطابق خرچ کرسکے- اس کی تعداد اپنی بیوی اور اپنی حیثیت کے موافق ہوسکتی ہے"".فقط واللہ اعلم</p></p><hr class=""big-hr""/>",24-08-2018,143909202048,banuri.edu.pk,حقوق و آدابِ معاشرت,حقوق,میاں ، بیوی کے حقوق,"<div class=""col-md-12 sawal-jawab""><h3 class=""question_heading"">سوال</h3><p><p style=""text-align:justify;"">بیوی کو جیب خرچ دینا چاہیے؟</p></p><h4 class=""question_heading"">جواب</h4><p><p style=""text-align:justify;"">شوہر کی اخلاقی ذمہ داری ہے (یعنی مستحب ہے) کہ واجب نفقہ کے علاوہ بھی حسبِ حیثیت کچھ رقم جیب خرچ کے لیے بیوی کو دیتا رہے- حضرت حکیم الامت مولانا اشرف علی تھانوی قدس سرہ فرماتے ہیں: <br/>
""بیوی کا یہ بھی حق ہےکہ اس کو کچھ رقم ایسی بھی دے جس کو وہ اپنی مرضی کے مطابق خرچ کرسکے- اس کی تعداد اپنی بیوی اور اپنی حیثیت کے موافق ہوسکتی ہے"".فقط واللہ اعلم</p></p><hr class=""big-hr""/><div class=""col-sm-6 col-md-6""><p class=""question_heading"" style=""color:#73161f"">فتویٰ نمبر : <a id=""fatwa_number"">143909202048</a></p></div><div class=""col-sm-6 col-md-6""><p style=""color:#73161f"">دارالافتاء :
                                جامعہ علوم اسلامیہ علامہ محمد یوسف بنوری ٹاؤن</p></div><hr class=""big-hr""/><div class=""col-sm-4 col-md-4""><div class=""tag""><a href=""https://www.banuri.edu.pk/questions/kitab/huqooq-muashret""><i class=""icon-docs-bold""></i> حقوق و آدابِ معاشرت</a></div></div><div class=""col-sm-4 col-md-4""><div class=""tag""><a href=""https://www.banuri.edu.pk/questions/bab/bahmi-huqooq""><i class=""icon-docs-bold""></i> حقوق</a></div></div><div class=""col-sm-4 col-md-4""><div class=""tag""><a href=""https://www.banuri.edu.pk/questions/fasal/mian-biwi-k-huqooq""><i class=""icon-docs-bold""></i> میاں ، بیوی کے حقوق</a></div></div></div>"
https://www.banuri.edu.pk/readquestion/دس-ذی-الحجہ-کو-قربانی-و-حلق-سے-پہلے-طواف-زیارت-کرنے-کا-حکم/22-08-2018,دس ذی الحجہ کو قربانی و حلق سے پہلے طواف زیارت کرنے کا حکم,"<p><p style=""text-align:justify;""> مزدلفہ میں رات گزارنے کے بعد منی گیا اور شیطان کو کنکریاں  ماریں، پھر حالتِ احرام میں حلق نہیں کیا تھا، سیدھا حرم شریف جا کے طواف کیا اور سعی کی، یعنی طوافِ زیارت کیا،  اس کے بعد قربانی کی اور حلق کیا اور احرام کھول دیا، اب مجھے کسی نے بتایا ہے کہ آپ پر دم لازم ہے میں کیا کروں؟</p></p>","<p><p style=""text-align:justify;"">جس شخص نے تمتع یا قران کیا ہو اس کے لیے تین چیزوں میں تو ترتیب واجب ہے، پہلے جمرہٴ عقبہ کی رَمی کرے، پھر قربانی کرے، پھر بال کٹائے۔ اگر اس ترتیب کے خلاف کیا تو دَم لازم ہوگا۔لیکن ان تین چیزوں کے درمیان اور طوافِ زیارت کے درمیان ترتیب واجب نہیں، بلکہ سنت ہے۔ پس ان تین چیزوں سے علی الترتیب فارغ ہوکر طوافِ زیارت کے لیے جانا سنت ہے،  اگر کسی نے ان تین چیزوں سے پہلے طوافِ زیارت کرلیا تو  مکروہ ہے، مگر اس پر دَم لازم نہیں ہوگا۔  ""غنیۃ الناسک"" میں ہے:</p><p style=""text-align:justify;""><span class=""ar_writing"">""ولو طاف قبل الرمي والحلق لا شيء علیه ویکره"". (ص: 280)</span> فقط واللہ اعلم</p></p><hr class=""big-hr""/>",22-08-2018,143909202028,banuri.edu.pk,حج,حج / عمرہ,مناسک حج ، واجبات اور سنن,"<div class=""col-md-12 sawal-jawab""><h3 class=""question_heading"">سوال</h3><p><p style=""text-align:justify;""> مزدلفہ میں رات گزارنے کے بعد منی گیا اور شیطان کو کنکریاں  ماریں، پھر حالتِ احرام میں حلق نہیں کیا تھا، سیدھا حرم شریف جا کے طواف کیا اور سعی کی، یعنی طوافِ زیارت کیا،  اس کے بعد قربانی کی اور حلق کیا اور احرام کھول دیا، اب مجھے کسی نے بتایا ہے کہ آپ پر دم لازم ہے میں کیا کروں؟</p></p><h4 class=""question_heading"">جواب</h4><p><p style=""text-align:justify;"">جس شخص نے تمتع یا قران کیا ہو اس کے لیے تین چیزوں میں تو ترتیب واجب ہے، پہلے جمرہٴ عقبہ کی رَمی کرے، پھر قربانی کرے، پھر بال کٹائے۔ اگر اس ترتیب کے خلاف کیا تو دَم لازم ہوگا۔لیکن ان تین چیزوں کے درمیان اور طوافِ زیارت کے درمیان ترتیب واجب نہیں، بلکہ سنت ہے۔ پس ان تین چیزوں سے علی الترتیب فارغ ہوکر طوافِ زیارت کے لیے جانا سنت ہے،  اگر کسی نے ان تین چیزوں سے پہلے طوافِ زیارت کرلیا تو  مکروہ ہے، مگر اس پر دَم لازم نہیں ہوگا۔  ""غنیۃ الناسک"" میں ہے:</p><p style=""text-align:justify;""><span class=""ar_writing"">""ولو طاف قبل الرمي والحلق لا شيء علیه ویکره"". (ص: 280)</span> فقط واللہ اعلم</p></p><hr class=""big-hr""/><div class=""col-sm-6 col-md-6""><p class=""question_heading"" style=""color:#73161f"">فتویٰ نمبر : <a id=""fatwa_number"">143909202028</a></p></div><div class=""col-sm-6 col-md-6""><p style=""color:#73161f"">دارالافتاء :
                                جامعہ علوم اسلامیہ علامہ محمد یوسف بنوری ٹاؤن</p></div><hr class=""big-hr""/><div class=""col-sm-4 col-md-4""><div class=""tag""><a href=""https://www.banuri.edu.pk/questions/kitab/haj""><i class=""icon-docs-bold""></i> حج</a></div></div><div class=""col-sm-4 col-md-4""><div class=""tag""><a href=""https://www.banuri.edu.pk/questions/bab/hajj-umrah""><i class=""icon-docs-bold""></i> حج / عمرہ</a></div></div><div class=""col-sm-4 col-md-4""><div class=""tag""><a href=""https://www.banuri.edu.pk/questions/fasal/manasik-haj-wajibaat-or-sunan""><i class=""icon-docs-bold""></i> مناسک حج ، واجبات اور سنن</a></div></div></div>"
https://www.banuri.edu.pk/readquestion/وتر-کی-قضاء-لازم-ہے/08-09-2018,وتر کی قضا لازم ہے,"<p><p style=""text-align:justify;"">اگر عشاء کی نماز کسی وجہ سے قضا ہو جائے تو  قضا نماز کی ادائیگی میں وتر کی نماز کی قضا کا کیا حکم ہے؟ </p></p>","<p><p style=""text-align:justify;"">وتر کی نماز پڑھنا واجب ہے؛  لہذا اگر کسی شخص کی عشاء  کی نماز قضا ہوگئی ہو تو اس کے ذمہ وتر کی قضا پڑھنا بھی ضروری ہے۔قضا کرتے وقت پہلے عشاء کی فرض نما زپڑھی جائے گی اور اس کے بعد وتر کی قضا کی جائے گی۔فقط واللہ اعلم</p></p><hr class=""big-hr""/>",08-09-2018,143909202326,banuri.edu.pk,نماز,فوت شدہ نمازوں کی قضا,قضاء نمازوں کا بیان,"<div class=""col-md-12 sawal-jawab""><h3 class=""question_heading"">سوال</h3><p><p style=""text-align:justify;"">اگر عشاء کی نماز کسی وجہ سے قضا ہو جائے تو  قضا نماز کی ادائیگی میں وتر کی نماز کی قضا کا کیا حکم ہے؟ </p></p><h4 class=""question_heading"">جواب</h4><p><p style=""text-align:justify;"">وتر کی نماز پڑھنا واجب ہے؛  لہذا اگر کسی شخص کی عشاء  کی نماز قضا ہوگئی ہو تو اس کے ذمہ وتر کی قضا پڑھنا بھی ضروری ہے۔قضا کرتے وقت پہلے عشاء کی فرض نما زپڑھی جائے گی اور اس کے بعد وتر کی قضا کی جائے گی۔فقط واللہ اعلم</p></p><hr class=""big-hr""/><div class=""col-sm-6 col-md-6""><p class=""question_heading"" style=""color:#73161f"">فتویٰ نمبر : <a id=""fatwa_number"">143909202326</a></p></div><div class=""col-sm-6 col-md-6""><p style=""color:#73161f"">دارالافتاء :
                                جامعہ علوم اسلامیہ علامہ محمد یوسف بنوری ٹاؤن</p></div><hr class=""big-hr""/><div class=""col-sm-4 col-md-4""><div class=""tag""><a href=""https://www.banuri.edu.pk/questions/kitab/salat""><i class=""icon-docs-bold""></i> نماز</a></div></div><div class=""col-sm-4 col-md-4""><div class=""tag""><a href=""https://www.banuri.edu.pk/questions/bab/fout-shuda-namazon-ki-qaza""><i class=""icon-docs-bold""></i> فوت شدہ نمازوں کی قضا</a></div></div><div class=""col-sm-4 col-md-4""><div class=""tag""><a href=""https://www.banuri.edu.pk/questions/fasal/qaza-namazon-ka-bayan""><i class=""icon-docs-bold""></i> قضاء نمازوں کا بیان</a></div></div></div>"
https://www.banuri.edu.pk/readquestion/ختم-کردو-یہ-رشتہ-سے-طلاق-کا-حکم/08-09-2018,"""ختم کردو یہ رشتہ "" کے الفاظ سے طلاق کا حکم","<p><p style=""text-align:justify;"">شوہر اور بیوی فون پر بات کرتے ہوئے اگرکسی بات پر لڑ پڑے اور بیوی نے شوہر کو بولا:""مجھے آئندہ کال اور ایس ایم ایس مت کرنا اور ختم کرو یہ رشتہ"" اور شوہر بغیر نیت طلاق کے  بولے :""ہاں ٹھیک ہے، ختم کردو"" آیا شوہر کےبغیر نیتِ طلاق کے اس بیان سے نکاح پر فرق تو نہیں آیا ؟</p></p>","<p><p style=""text-align:justify;"">شوہر کی ان الفاظ سے اگر واقعۃً  طلاق کی نیت نہیں تھی تو مذکورہ الفاظ سے طلاق واقع نہیں ہوگی، مذکورہ الفاظ کی بغیر نیت طلاق ادئیگی سے نکاح پر اثر نہیں پڑا۔فقط واللہ اعلم</p></p><hr class=""big-hr""/>",08-09-2018,143909202320,banuri.edu.pk,طلاق,وقوع طلاق وعدم وقوع طلاق,طلاق - وقوع اور عدم وقوع,"<div class=""col-md-12 sawal-jawab""><h3 class=""question_heading"">سوال</h3><p><p style=""text-align:justify;"">شوہر اور بیوی فون پر بات کرتے ہوئے اگرکسی بات پر لڑ پڑے اور بیوی نے شوہر کو بولا:""مجھے آئندہ کال اور ایس ایم ایس مت کرنا اور ختم کرو یہ رشتہ"" اور شوہر بغیر نیت طلاق کے  بولے :""ہاں ٹھیک ہے، ختم کردو"" آیا شوہر کےبغیر نیتِ طلاق کے اس بیان سے نکاح پر فرق تو نہیں آیا ؟</p></p><h4 class=""question_heading"">جواب</h4><p><p style=""text-align:justify;"">شوہر کی ان الفاظ سے اگر واقعۃً  طلاق کی نیت نہیں تھی تو مذکورہ الفاظ سے طلاق واقع نہیں ہوگی، مذکورہ الفاظ کی بغیر نیت طلاق ادئیگی سے نکاح پر اثر نہیں پڑا۔فقط واللہ اعلم</p></p><hr class=""big-hr""/><div class=""col-sm-6 col-md-6""><p class=""question_heading"" style=""color:#73161f"">فتویٰ نمبر : <a id=""fatwa_number"">143909202320</a></p></div><div class=""col-sm-6 col-md-6""><p style=""color:#73161f"">دارالافتاء :
                                جامعہ علوم اسلامیہ علامہ محمد یوسف بنوری ٹاؤن</p></div><hr class=""big-hr""/><div class=""col-sm-4 col-md-4""><div class=""tag""><a href=""https://www.banuri.edu.pk/questions/kitab/talaaq""><i class=""icon-docs-bold""></i> طلاق</a></div></div><div class=""col-sm-4 col-md-4""><div class=""tag""><a href=""https://www.banuri.edu.pk/questions/bab/wuqoo-e-talaq-o-adme-wuqoo-e-talaq""><i class=""icon-docs-bold""></i> وقوع طلاق وعدم وقوع طلاق</a></div></div><div class=""col-sm-4 col-md-4""><div class=""tag""><a href=""https://www.banuri.edu.pk/questions/fasal/talaq-wuqo-or-adm-e-wuqo""><i class=""icon-docs-bold""></i> طلاق - وقوع اور عدم وقوع</a></div></div></div>"
https://www.banuri.edu.pk/readquestion/مکروہ-اور-مسنون-کا-مطلب/05-08-2018,مکروہ اور مسنون کا مطلب,"<p><p style=""margin-left:0;margin-right:0;text-align:justify;"">درج ذیل عبارت میں ""مکروہ اور مسنون "" کا کیا مطلب ہے؟ اس لفظ کے بعد لفظ کا کیا مطلب ہے؟ گزارش ہے کہ اس لفظ کو آسان الفاظ میں بیان کیا جائے تاکہ سب کی سمجھ میں آسانی سے آسکے۔</p><p style=""margin-left:0;margin-right:0;text-align:justify;"">"" غسل کے بعد حدث پیش آئے بغیر وضو کرنا مکروہ ہے، البتہ غسل سے قبل وضو کرنا مسنون ہے اور یہی رسول اکرم صلی اللہ علیہ وسلم کا معمول رہا ہے""۔</p></p>","<p><p style=""margin-left:0;margin-right:0;text-align:justify;"">""مکروہ""  کا مطلب ہےوہ عمل جو شریعت کی نگاہ میں  ناپسندیدہ ہو، اور ""مسنون""  کا مطلب ہے وہ عمل جو نبی کریم ﷺ کا معمول  تھا، لہذا مذکورہ عبارت کا مطلب یہ ہے کہ غسل کے بعد  وضو کرنا (جیساکہ بعض لوگ کرتے ہیں) مکروہ  یعنی شریعت کی نگاہ میں ناپسندیدہ عمل ہے، الا یہ کہ غسل کے بعد حدث پیش آجائے (یعنی کسی کا وضو ٹوٹ جائے) تو پھر غسل کے بعد وضو کیا جائے گا۔ البتہ غسل سے پہلے وضو کرنا مسنون یعنی نبی کریم صلی اللہ علیہ و سلم کا معمول تھا۔</p><p style=""margin-left:0;margin-right:0;text-align:justify;"">واضح رہے کہ ""مکروہ"" اور ""مسنون"" شرعی اصطلاحی الفاظ ہیں,  اور فتاویٰ  میں احکام بیان کرتے ہوئے ان کا استعمال عام ہے، اورمسلمانوں میں بھی یہ الفاظ عموماً رائج ہیں۔  عام مسلمانوں خصوصاً نئی نسل کو چاہیے کہ کثیر الاستعمال فقہی/ شرعی اصطلاحات سے واقف ہو۔ </p><p style=""margin-left:0;margin-right:0;text-align:justify;"">فتاویٰ میں ان فقہی اصطلاحات کے استعمال کا ایک مقصد یہ بھی ہے کہ عامۃ الناس ان سے مانوس اور آشنا رہیں اور آئندہ نسل اسلامی اصطلاحات سے بالکل بے بہرہ نہ ہوجائے۔ فقط واللہ اعلم</p></p><hr class=""big-hr""/>",05-08-2018,143909201714,banuri.edu.pk,طہارت,وضو,وضو،فرائض،سنن،آداب اور وضو توڑنے والی اشیاء,"<div class=""col-md-12 sawal-jawab""><h3 class=""question_heading"">سوال</h3><p><p style=""margin-left:0;margin-right:0;text-align:justify;"">درج ذیل عبارت میں ""مکروہ اور مسنون "" کا کیا مطلب ہے؟ اس لفظ کے بعد لفظ کا کیا مطلب ہے؟ گزارش ہے کہ اس لفظ کو آسان الفاظ میں بیان کیا جائے تاکہ سب کی سمجھ میں آسانی سے آسکے۔</p><p style=""margin-left:0;margin-right:0;text-align:justify;"">"" غسل کے بعد حدث پیش آئے بغیر وضو کرنا مکروہ ہے، البتہ غسل سے قبل وضو کرنا مسنون ہے اور یہی رسول اکرم صلی اللہ علیہ وسلم کا معمول رہا ہے""۔</p></p><h4 class=""question_heading"">جواب</h4><p><p style=""margin-left:0;margin-right:0;text-align:justify;"">""مکروہ""  کا مطلب ہےوہ عمل جو شریعت کی نگاہ میں  ناپسندیدہ ہو، اور ""مسنون""  کا مطلب ہے وہ عمل جو نبی کریم ﷺ کا معمول  تھا، لہذا مذکورہ عبارت کا مطلب یہ ہے کہ غسل کے بعد  وضو کرنا (جیساکہ بعض لوگ کرتے ہیں) مکروہ  یعنی شریعت کی نگاہ میں ناپسندیدہ عمل ہے، الا یہ کہ غسل کے بعد حدث پیش آجائے (یعنی کسی کا وضو ٹوٹ جائے) تو پھر غسل کے بعد وضو کیا جائے گا۔ البتہ غسل سے پہلے وضو کرنا مسنون یعنی نبی کریم صلی اللہ علیہ و سلم کا معمول تھا۔</p><p style=""margin-left:0;margin-right:0;text-align:justify;"">واضح رہے کہ ""مکروہ"" اور ""مسنون"" شرعی اصطلاحی الفاظ ہیں,  اور فتاویٰ  میں احکام بیان کرتے ہوئے ان کا استعمال عام ہے، اورمسلمانوں میں بھی یہ الفاظ عموماً رائج ہیں۔  عام مسلمانوں خصوصاً نئی نسل کو چاہیے کہ کثیر الاستعمال فقہی/ شرعی اصطلاحات سے واقف ہو۔ </p><p style=""margin-left:0;margin-right:0;text-align:justify;"">فتاویٰ میں ان فقہی اصطلاحات کے استعمال کا ایک مقصد یہ بھی ہے کہ عامۃ الناس ان سے مانوس اور آشنا رہیں اور آئندہ نسل اسلامی اصطلاحات سے بالکل بے بہرہ نہ ہوجائے۔ فقط واللہ اعلم</p></p><hr class=""big-hr""/><div class=""col-sm-6 col-md-6""><p class=""question_heading"" style=""color:#73161f"">فتویٰ نمبر : <a id=""fatwa_number"">143909201714</a></p></div><div class=""col-sm-6 col-md-6""><p style=""color:#73161f"">دارالافتاء :
                                جامعہ علوم اسلامیہ علامہ محمد یوسف بنوری ٹاؤن</p></div><hr class=""big-hr""/><div class=""col-sm-4 col-md-4""><div class=""tag""><a href=""https://www.banuri.edu.pk/questions/kitab/taharat""><i class=""icon-docs-bold""></i> طہارت</a></div></div><div class=""col-sm-4 col-md-4""><div class=""tag""><a href=""https://www.banuri.edu.pk/questions/bab/wuzu""><i class=""icon-docs-bold""></i> وضو</a></div></div><div class=""col-sm-4 col-md-4""><div class=""tag""><a href=""https://www.banuri.edu.pk/questions/fasal/wuzo-faraidh-sunan-aadab-or-wuzo-tornay-wali-ashya""><i class=""icon-docs-bold""></i> وضو،فرائض،سنن،آداب اور وضو توڑنے والی اشیاء</a></div></div></div>"
https://www.banuri.edu.pk/readquestion/شعبہ-افتاء-میں-مہارت/03-09-2018,شعبہ افتاء میں مہارت,"<p><p style=""text-align:justify;"">شعبہ افتاء میں کیسے تمرین کرنے سے مجھے زیادہ فائدے ہوں گے ؟</p></p>","<p><p style=""text-align:justify;"">اگر آپ نے تخصص فی الفقہ/ الافتاء نہیں کیا تو اولاً مستند اور ماہر مفتیانِ کرام کی نگرانی میں تخصص فی الفقہ اور فتویٰ کی تمرین کیجیے۔ اور اگر آپ تخصص فی الفقہ اور  تمرینِ افتاء کے مراحل طے کرچکے ہیں تو فتوے میں مہارت کے لیے جہاں قدیم وجدید مآخذ کا وسیع وعمیق مطالعہ ضروری ہے اس سے زیادہ مستند وماہر مفتیانِ کرام کی سرپرستی اور تربیت ضروری ہے، اس کے ساتھ اکابرِ کے اردو فتاویٰ کا مطالعہ اور مستند دینی جامعات کے دارالافتاؤں سے رابطہ بھی اس میں مفید ہوگا، خصوصاً جدید پیش آمدہ مسائل میں اپنی رائے قائم کرنے کی بجائے اکابر کے قائم کردہ دارالافتاؤں کی تحقیق پر اعتماد میں نجات ہے۔ فقط واللہ اعلم</p></p><hr class=""big-hr""/>",03-09-2018,143909202202,banuri.edu.pk,علوم و فنون,فقہ و فتویٰ,فتویٰ کی تعریف، اصول اور آداب,"<div class=""col-md-12 sawal-jawab""><h3 class=""question_heading"">سوال</h3><p><p style=""text-align:justify;"">شعبہ افتاء میں کیسے تمرین کرنے سے مجھے زیادہ فائدے ہوں گے ؟</p></p><h4 class=""question_heading"">جواب</h4><p><p style=""text-align:justify;"">اگر آپ نے تخصص فی الفقہ/ الافتاء نہیں کیا تو اولاً مستند اور ماہر مفتیانِ کرام کی نگرانی میں تخصص فی الفقہ اور فتویٰ کی تمرین کیجیے۔ اور اگر آپ تخصص فی الفقہ اور  تمرینِ افتاء کے مراحل طے کرچکے ہیں تو فتوے میں مہارت کے لیے جہاں قدیم وجدید مآخذ کا وسیع وعمیق مطالعہ ضروری ہے اس سے زیادہ مستند وماہر مفتیانِ کرام کی سرپرستی اور تربیت ضروری ہے، اس کے ساتھ اکابرِ کے اردو فتاویٰ کا مطالعہ اور مستند دینی جامعات کے دارالافتاؤں سے رابطہ بھی اس میں مفید ہوگا، خصوصاً جدید پیش آمدہ مسائل میں اپنی رائے قائم کرنے کی بجائے اکابر کے قائم کردہ دارالافتاؤں کی تحقیق پر اعتماد میں نجات ہے۔ فقط واللہ اعلم</p></p><hr class=""big-hr""/><div class=""col-sm-6 col-md-6""><p class=""question_heading"" style=""color:#73161f"">فتویٰ نمبر : <a id=""fatwa_number"">143909202202</a></p></div><div class=""col-sm-6 col-md-6""><p style=""color:#73161f"">دارالافتاء :
                                جامعہ علوم اسلامیہ علامہ محمد یوسف بنوری ٹاؤن</p></div><hr class=""big-hr""/><div class=""col-sm-4 col-md-4""><div class=""tag""><a href=""https://www.banuri.edu.pk/questions/kitab/uloom-funoon""><i class=""icon-docs-bold""></i> علوم و فنون</a></div></div><div class=""col-sm-4 col-md-4""><div class=""tag""><a href=""https://www.banuri.edu.pk/questions/bab/fiqah""><i class=""icon-docs-bold""></i> فقہ و فتویٰ</a></div></div><div class=""col-sm-4 col-md-4""><div class=""tag""><a href=""https://www.banuri.edu.pk/questions/fasal/fatwa-ki-tareef-usool-aur-aadaab""><i class=""icon-docs-bold""></i> فتویٰ کی تعریف، اصول اور آداب</a></div></div></div>"
https://www.banuri.edu.pk/readquestion/رمضان-کے-قضا-روزے-توڑنے-کی-صورت-میں-کفارہ-کا-حکم/19-08-2018,رمضان کے قضا روزے توڑنے کی صورت میں کفارہ کا حکم,"<p><p style=""text-align:justify;"">کیا رمضان کے قضا روزوں پر بھی وہی احکام ہیں جو رمضان المبارک کے دوران روزوں کے بارے میں ہیں، یعنی کیا رمضان کے قضا روزے کو جان بوجھ کر فاسد کرنے پر قضا اور کفارہ دونوں کا حکم ہے؟</p></p>","<p><p style=""text-align:justify;"">کفارہ صرف رمضان المبارک کے اس ادا روزے  کو جان بوجھ کر  بغیر کسی عذر کے توڑنے سے لازم ہوتا ہے جس روزے کی نیت صبح صادق سے پہلے کرلی ہو اور روزہ دار عاقل بالغ ہو،  اس کے علاوہ نفل روزہ، یا رمضان کے قضا روزہ توڑنے کی صورت میں صرف قضا لازم ہوگی، کفارہ لازم نہیں ہوگا۔</p><p style=""text-align:justify;""><span class=""ar_writing"">الدر المختار وحاشية ابن عابدين (رد المحتار) (2/ 404)<br/>
""(أو أفسد غير صوم رمضان أداء)؛ لاختصاصها بهتك رمضان.<br/>
(قوله: أو أفسد) أي ولو بأكل أو جماع. (قوله: غير صوم رمضان) صفة لموصوف محذوف دل عليه المقام: أي صوماً غير صوم رمضان، فلا يشمل ما لو أفسد صلاةً أو حجاً. وعبارة الكنز: ""صوم غير رمضان""، وهي أولى، أفاده ح. (قوله: أداء) حال من صوم، وقيد به؛ لإفادة نفي الكفارة بإفساد قضاء رمضان، لا لنفي القضاء أيضاً بإفساده. (قوله: لاختصاصها) أي الكفارة، وهو علة للتقييد بالغيرية وبالأداء. (وقوله: بهتك رمضان) : أي بخرق حرمة شهر رمضان، فلا تجب بإفساد قضائه أو إفساد صوم غيره؛ لأن الإفطار في رمضان أبلغ في الجناية، فلا يلحق به غيره؛ لورودها فيه على خلاف القياس"".</span> فقط واللہ اعلم</p></p><hr class=""big-hr""/>",19-08-2018,143909201982,banuri.edu.pk,روزہ,روزہ,کفارہ / فدیہ,"<div class=""col-md-12 sawal-jawab""><h3 class=""question_heading"">سوال</h3><p><p style=""text-align:justify;"">کیا رمضان کے قضا روزوں پر بھی وہی احکام ہیں جو رمضان المبارک کے دوران روزوں کے بارے میں ہیں، یعنی کیا رمضان کے قضا روزے کو جان بوجھ کر فاسد کرنے پر قضا اور کفارہ دونوں کا حکم ہے؟</p></p><h4 class=""question_heading"">جواب</h4><p><p style=""text-align:justify;"">کفارہ صرف رمضان المبارک کے اس ادا روزے  کو جان بوجھ کر  بغیر کسی عذر کے توڑنے سے لازم ہوتا ہے جس روزے کی نیت صبح صادق سے پہلے کرلی ہو اور روزہ دار عاقل بالغ ہو،  اس کے علاوہ نفل روزہ، یا رمضان کے قضا روزہ توڑنے کی صورت میں صرف قضا لازم ہوگی، کفارہ لازم نہیں ہوگا۔</p><p style=""text-align:justify;""><span class=""ar_writing"">الدر المختار وحاشية ابن عابدين (رد المحتار) (2/ 404)<br/>
""(أو أفسد غير صوم رمضان أداء)؛ لاختصاصها بهتك رمضان.<br/>
(قوله: أو أفسد) أي ولو بأكل أو جماع. (قوله: غير صوم رمضان) صفة لموصوف محذوف دل عليه المقام: أي صوماً غير صوم رمضان، فلا يشمل ما لو أفسد صلاةً أو حجاً. وعبارة الكنز: ""صوم غير رمضان""، وهي أولى، أفاده ح. (قوله: أداء) حال من صوم، وقيد به؛ لإفادة نفي الكفارة بإفساد قضاء رمضان، لا لنفي القضاء أيضاً بإفساده. (قوله: لاختصاصها) أي الكفارة، وهو علة للتقييد بالغيرية وبالأداء. (وقوله: بهتك رمضان) : أي بخرق حرمة شهر رمضان، فلا تجب بإفساد قضائه أو إفساد صوم غيره؛ لأن الإفطار في رمضان أبلغ في الجناية، فلا يلحق به غيره؛ لورودها فيه على خلاف القياس"".</span> فقط واللہ اعلم</p></p><hr class=""big-hr""/><div class=""col-sm-6 col-md-6""><p class=""question_heading"" style=""color:#73161f"">فتویٰ نمبر : <a id=""fatwa_number"">143909201982</a></p></div><div class=""col-sm-6 col-md-6""><p style=""color:#73161f"">دارالافتاء :
                                جامعہ علوم اسلامیہ علامہ محمد یوسف بنوری ٹاؤن</p></div><hr class=""big-hr""/><div class=""col-sm-4 col-md-4""><div class=""tag""><a href=""https://www.banuri.edu.pk/questions/kitab/soum""><i class=""icon-docs-bold""></i> روزہ</a></div></div><div class=""col-sm-4 col-md-4""><div class=""tag""><a href=""https://www.banuri.edu.pk/questions/bab/roza""><i class=""icon-docs-bold""></i> روزہ</a></div></div><div class=""col-sm-4 col-md-4""><div class=""tag""><a href=""https://www.banuri.edu.pk/questions/fasal/kaffara-fidya""><i class=""icon-docs-bold""></i> کفارہ / فدیہ</a></div></div></div>"
https://www.banuri.edu.pk/readquestion/مقدارنصاب-سے-کم-سونا-ہوتو-قربانی-واجب-ہے-یا-نہیں/04-09-2018,مقدارِ نصاب سے کم سونا ہوتو قربانی واجب ہے یا نہیں؟,"<p><p style=""text-align:justify;"">میری اہلیہ کے پاس ساڑھے چھ تولہ سونا ہے کیااس پر قربانی کرنا واجب ہے؟</p></p>","<p><p style=""margin-left:0;margin-right:0;text-align:justify;"">جس عاقل، بالغ ، مقیم ، مسلمان  مرد یا عورت کی ملکیت میں قربانی کے ایام میں   ساڑھے سات تولہ سونا، یا ساڑھے باون تولہ چاندی، یا ساڑھے باون تولہ چاندی کی  قیمت کے برابر نقدرقم ہو،  یا تجارت کا سامان، یا ضرورت سےزائد اتنا سامان  موجود ہو جس کی قیمت ساڑھے باون تولہ چاندی کے برابر ہو، یا ان میں سے کوئی ایک چیز یا ان پانچ چیزوں میں سے بعض کا مجموعہ ساڑھے باون تولہ چاندی کی قیمت کے برابر  ہوتو ایسے مرد وعورت پر قربانی واجب ہے۔</p><p style=""margin-left:0;margin-right:0;text-align:justify;"">لہذا اگر آپ کی اہلیہ کے پاس صرف ساڑھے چھ تولہ سونا ہو اس کے ساتھ ضروریات سے زائد کچھ نقد رقم یاچاندی وغیرہ نہ ہو تو ان پراصولی اعتبار سے قربانی واجب نہیں، البتہ وہ قربانی کرنا چاہیں یا آپ ان کی طرف سے بھی قربانی  کرنا چاہیں تو کرسکتے ہیں، اور اگر آپ کی اہلیہ کے پاس مذکورہ مقدار میں سونابھی ہو اور کچھ نقد رقم یا چاندی بھی ہو تو اس صورت میں ان پر قربانی واجب ہوگی۔فقط واللہ اعلم</p></p><hr class=""big-hr""/>",04-09-2018,143909202222,banuri.edu.pk,عبادات,ذبیحہ / قربانی,قربانی ، وجوب اور عدم وجوب ، مستحبات و آداب,"<div class=""col-md-12 sawal-jawab""><h3 class=""question_heading"">سوال</h3><p><p style=""text-align:justify;"">میری اہلیہ کے پاس ساڑھے چھ تولہ سونا ہے کیااس پر قربانی کرنا واجب ہے؟</p></p><h4 class=""question_heading"">جواب</h4><p><p style=""margin-left:0;margin-right:0;text-align:justify;"">جس عاقل، بالغ ، مقیم ، مسلمان  مرد یا عورت کی ملکیت میں قربانی کے ایام میں   ساڑھے سات تولہ سونا، یا ساڑھے باون تولہ چاندی، یا ساڑھے باون تولہ چاندی کی  قیمت کے برابر نقدرقم ہو،  یا تجارت کا سامان، یا ضرورت سےزائد اتنا سامان  موجود ہو جس کی قیمت ساڑھے باون تولہ چاندی کے برابر ہو، یا ان میں سے کوئی ایک چیز یا ان پانچ چیزوں میں سے بعض کا مجموعہ ساڑھے باون تولہ چاندی کی قیمت کے برابر  ہوتو ایسے مرد وعورت پر قربانی واجب ہے۔</p><p style=""margin-left:0;margin-right:0;text-align:justify;"">لہذا اگر آپ کی اہلیہ کے پاس صرف ساڑھے چھ تولہ سونا ہو اس کے ساتھ ضروریات سے زائد کچھ نقد رقم یاچاندی وغیرہ نہ ہو تو ان پراصولی اعتبار سے قربانی واجب نہیں، البتہ وہ قربانی کرنا چاہیں یا آپ ان کی طرف سے بھی قربانی  کرنا چاہیں تو کرسکتے ہیں، اور اگر آپ کی اہلیہ کے پاس مذکورہ مقدار میں سونابھی ہو اور کچھ نقد رقم یا چاندی بھی ہو تو اس صورت میں ان پر قربانی واجب ہوگی۔فقط واللہ اعلم</p></p><hr class=""big-hr""/><div class=""col-sm-6 col-md-6""><p class=""question_heading"" style=""color:#73161f"">فتویٰ نمبر : <a id=""fatwa_number"">143909202222</a></p></div><div class=""col-sm-6 col-md-6""><p style=""color:#73161f"">دارالافتاء :
                                جامعہ علوم اسلامیہ علامہ محمد یوسف بنوری ٹاؤن</p></div><hr class=""big-hr""/><div class=""col-sm-4 col-md-4""><div class=""tag""><a href=""https://www.banuri.edu.pk/questions/kitab/ebadat""><i class=""icon-docs-bold""></i> عبادات</a></div></div><div class=""col-sm-4 col-md-4""><div class=""tag""><a href=""https://www.banuri.edu.pk/questions/bab/zabiha-qurbani""><i class=""icon-docs-bold""></i> ذبیحہ / قربانی</a></div></div><div class=""col-sm-4 col-md-4""><div class=""tag""><a href=""https://www.banuri.edu.pk/questions/fasal/qurbani-wujoob-or-adm-e-wujoob-mustahabbat-o-aadab""><i class=""icon-docs-bold""></i> قربانی ، وجوب اور عدم وجوب ، مستحبات و آداب</a></div></div></div>"
https://www.banuri.edu.pk/readquestion/کھیرے-بکرے-کی-قربانی-کا-حکم/04-09-2018,کھیرے بکرے کی قربانی کا حکم,"<p><p style=""text-align:justify;"">اگر ایک سال کا بکرا ہو, مگر اس کے دانت نہ ہوں تو کیااس کی قربانی کرنا درست ہے یا نہیں؟</p></p>","<p><p style=""text-align:justify;""> بکرا اور بکری کی قربانی صحیح ہونے کے لیے ایک سال کا ہونا ضروری ہے،دو دانت اس کی علامت ہے، لہذا اگر کوئی جانور ایسا ہے جو ایک سال کا ہو جانے کے بعد بھی دو دانت نہیں نکالتا تو اس کی قربانی درست ہے۔ البتہ اس سلسلہ میں صرف جانورفروخت کرنے والوں کے قول کا اعتبار نہ کیا جائے خصوصاً موجودہ زمانے میں جس میں دھوکا اور فریب عام ہے۔ہاں! اگر کسی نے جانور خود پالاہے یا جانور اس کے سامنے پلا ہے اوراس کو عمر معلوم ہے توایسی صورت میں قربانی کرلی جائے اگرچہ دانت نہ نکلے ہوں۔فقط واللہ اعلم</p></p><hr class=""big-hr""/>",04-09-2018,143909202220,banuri.edu.pk,عبادات,ذبیحہ / قربانی,قربانی کا جانور,"<div class=""col-md-12 sawal-jawab""><h3 class=""question_heading"">سوال</h3><p><p style=""text-align:justify;"">اگر ایک سال کا بکرا ہو, مگر اس کے دانت نہ ہوں تو کیااس کی قربانی کرنا درست ہے یا نہیں؟</p></p><h4 class=""question_heading"">جواب</h4><p><p style=""text-align:justify;""> بکرا اور بکری کی قربانی صحیح ہونے کے لیے ایک سال کا ہونا ضروری ہے،دو دانت اس کی علامت ہے، لہذا اگر کوئی جانور ایسا ہے جو ایک سال کا ہو جانے کے بعد بھی دو دانت نہیں نکالتا تو اس کی قربانی درست ہے۔ البتہ اس سلسلہ میں صرف جانورفروخت کرنے والوں کے قول کا اعتبار نہ کیا جائے خصوصاً موجودہ زمانے میں جس میں دھوکا اور فریب عام ہے۔ہاں! اگر کسی نے جانور خود پالاہے یا جانور اس کے سامنے پلا ہے اوراس کو عمر معلوم ہے توایسی صورت میں قربانی کرلی جائے اگرچہ دانت نہ نکلے ہوں۔فقط واللہ اعلم</p></p><hr class=""big-hr""/><div class=""col-sm-6 col-md-6""><p class=""question_heading"" style=""color:#73161f"">فتویٰ نمبر : <a id=""fatwa_number"">143909202220</a></p></div><div class=""col-sm-6 col-md-6""><p style=""color:#73161f"">دارالافتاء :
                                جامعہ علوم اسلامیہ علامہ محمد یوسف بنوری ٹاؤن</p></div><hr class=""big-hr""/><div class=""col-sm-4 col-md-4""><div class=""tag""><a href=""https://www.banuri.edu.pk/questions/kitab/ebadat""><i class=""icon-docs-bold""></i> عبادات</a></div></div><div class=""col-sm-4 col-md-4""><div class=""tag""><a href=""https://www.banuri.edu.pk/questions/bab/zabiha-qurbani""><i class=""icon-docs-bold""></i> ذبیحہ / قربانی</a></div></div><div class=""col-sm-4 col-md-4""><div class=""tag""><a href=""https://www.banuri.edu.pk/questions/fasal/qurbani-ka-janwar""><i class=""icon-docs-bold""></i> قربانی کا جانور</a></div></div></div>"
https://www.banuri.edu.pk/readquestion/ہمام-نام-کا-مطلب/04-09-2018,ھمام نام کا معنی,"<p><p style=""text-align:justify;"">""ھمام"" نام کاکیا معنی ہے؟</p></p>","<p><p style=""text-align:justify;"">"" ہمام""کے تلفظ کی دو صورتیں ہیں:</p><p style=""text-align:justify;""><span class=""ar_writing"">1۔ ""هُمَام""</span> ""ہاء""  پر پیش کے ساتھ ، اس  کا مطلب ""بہادر و سخی سردار"" ہے، یہ نام رکھنا اچھا ہے۔</p><p style=""text-align:justify;""><span class=""ar_writing"">2۔ ""هَمَّام""</span> پڑھا جائے، یعنی ""ہاء"" پر زبر اور ""میم"" پر تشدید ۔ اس صورت میں اس کا مطلب ""کر گزرنے والا آدمی"" ہو گا، اور حدیثِ مبارک کے مطابق انسان پر  سب سے زیادہ صادق آنے والے دو ناموں میں سے ایک نام ہے۔فقط واللہ اعلم</p></p><hr class=""big-hr""/>",04-09-2018,143909202249,banuri.edu.pk,حقوق و آدابِ معاشرت,حقوق,اولاد کے حقوق,"<div class=""col-md-12 sawal-jawab""><h3 class=""question_heading"">سوال</h3><p><p style=""text-align:justify;"">""ھمام"" نام کاکیا معنی ہے؟</p></p><h4 class=""question_heading"">جواب</h4><p><p style=""text-align:justify;"">"" ہمام""کے تلفظ کی دو صورتیں ہیں:</p><p style=""text-align:justify;""><span class=""ar_writing"">1۔ ""هُمَام""</span> ""ہاء""  پر پیش کے ساتھ ، اس  کا مطلب ""بہادر و سخی سردار"" ہے، یہ نام رکھنا اچھا ہے۔</p><p style=""text-align:justify;""><span class=""ar_writing"">2۔ ""هَمَّام""</span> پڑھا جائے، یعنی ""ہاء"" پر زبر اور ""میم"" پر تشدید ۔ اس صورت میں اس کا مطلب ""کر گزرنے والا آدمی"" ہو گا، اور حدیثِ مبارک کے مطابق انسان پر  سب سے زیادہ صادق آنے والے دو ناموں میں سے ایک نام ہے۔فقط واللہ اعلم</p></p><hr class=""big-hr""/><div class=""col-sm-6 col-md-6""><p class=""question_heading"" style=""color:#73161f"">فتویٰ نمبر : <a id=""fatwa_number"">143909202249</a></p></div><div class=""col-sm-6 col-md-6""><p style=""color:#73161f"">دارالافتاء :
                                جامعہ علوم اسلامیہ علامہ محمد یوسف بنوری ٹاؤن</p></div><hr class=""big-hr""/><div class=""col-sm-4 col-md-4""><div class=""tag""><a href=""https://www.banuri.edu.pk/questions/kitab/huqooq-muashret""><i class=""icon-docs-bold""></i> حقوق و آدابِ معاشرت</a></div></div><div class=""col-sm-4 col-md-4""><div class=""tag""><a href=""https://www.banuri.edu.pk/questions/bab/bahmi-huqooq""><i class=""icon-docs-bold""></i> حقوق</a></div></div><div class=""col-sm-4 col-md-4""><div class=""tag""><a href=""https://www.banuri.edu.pk/questions/fasal/olad-ky-hoqoq""><i class=""icon-docs-bold""></i> اولاد کے حقوق</a></div></div></div>"
https://www.banuri.edu.pk/readquestion/خود-کشی-کرنے-والے-کی-نماز-جنازہ-کا-حکم/06-09-2018,خود کشی کرنے والے کی نماز جنازہ کا حکم,"<p><p style=""text-align:justify;"">کیا خودکشی کرنے والے کی جنازہ نماز پڑھائی جاتی ہے؟</p></p>","<p><p style=""margin-left:0;margin-right:0;text-align:justify;""><span style=""background-color:#fff;""><span style=""background-color:#fff;""><span style=""color:#323232;"">خود کشی کرنا بہت ہی بڑا گناہ ہے، اور اس پر سخت عذاب کی وعیدیں آئی ہیں، لیکن خود کشی کرنے والا دائرہ اسلام سے خارج نہیں ہوتا، لہٰذا ایسے شخص کی نماز جنازہ پڑھی جائے گی۔ البتہ علماء اور پیشوا حضرات کو جنازہ میں شرکت نہیں کرنی چاہیے؛ تاکہ دیگر حضرات کو عبرت حاصل ہو۔</span></span></span></p><p style=""margin-left:0;margin-right:0;text-align:justify;""><strong><span class=""ar_writing""><span style=""background-color:#fff;""><span style=""background-color:#fff;""><span style=""color:#444;"">الدرالمختار مع ردالمحتار:</span></span></span></span></strong></p><p style=""margin-left:0;margin-right:0;text-align:justify;""><strong><span class=""ar_writing""><span style=""background-color:#fff;""><span style=""background-color:#fff;""><span style=""color:#444;"">""من قتل نفسه ولو عمدًا یغسل ویصلی علیه. به یفتی. وإن کان أعظم وزرًا من قاتل غیره"". (</span></span><span style=""background-color:#fff;""><span style=""color:#444;"">۳/۱۰۲</span></span><span style=""background-color:#fff;""><span style=""color:#444;"">، باب صلاة الجنازة)</span></span></span></span></strong>فقط واللہ اعلم</p></p><hr class=""big-hr""/>",06-09-2018,143909202294,banuri.edu.pk,جنائز,نماز جنازہ,جنازہ اور نماز جنازہ کے احکام (فرائض، سنن، مستحبات، مکروہات),"<div class=""col-md-12 sawal-jawab""><h3 class=""question_heading"">سوال</h3><p><p style=""text-align:justify;"">کیا خودکشی کرنے والے کی جنازہ نماز پڑھائی جاتی ہے؟</p></p><h4 class=""question_heading"">جواب</h4><p><p style=""margin-left:0;margin-right:0;text-align:justify;""><span style=""background-color:#fff;""><span style=""background-color:#fff;""><span style=""color:#323232;"">خود کشی کرنا بہت ہی بڑا گناہ ہے، اور اس پر سخت عذاب کی وعیدیں آئی ہیں، لیکن خود کشی کرنے والا دائرہ اسلام سے خارج نہیں ہوتا، لہٰذا ایسے شخص کی نماز جنازہ پڑھی جائے گی۔ البتہ علماء اور پیشوا حضرات کو جنازہ میں شرکت نہیں کرنی چاہیے؛ تاکہ دیگر حضرات کو عبرت حاصل ہو۔</span></span></span></p><p style=""margin-left:0;margin-right:0;text-align:justify;""><strong><span class=""ar_writing""><span style=""background-color:#fff;""><span style=""background-color:#fff;""><span style=""color:#444;"">الدرالمختار مع ردالمحتار:</span></span></span></span></strong></p><p style=""margin-left:0;margin-right:0;text-align:justify;""><strong><span class=""ar_writing""><span style=""background-color:#fff;""><span style=""background-color:#fff;""><span style=""color:#444;"">""من قتل نفسه ولو عمدًا یغسل ویصلی علیه. به یفتی. وإن کان أعظم وزرًا من قاتل غیره"". (</span></span><span style=""background-color:#fff;""><span style=""color:#444;"">۳/۱۰۲</span></span><span style=""background-color:#fff;""><span style=""color:#444;"">، باب صلاة الجنازة)</span></span></span></span></strong>فقط واللہ اعلم</p></p><hr class=""big-hr""/><div class=""col-sm-6 col-md-6""><p class=""question_heading"" style=""color:#73161f"">فتویٰ نمبر : <a id=""fatwa_number"">143909202294</a></p></div><div class=""col-sm-6 col-md-6""><p style=""color:#73161f"">دارالافتاء :
                                جامعہ علوم اسلامیہ علامہ محمد یوسف بنوری ٹاؤن</p></div><hr class=""big-hr""/><div class=""col-sm-4 col-md-4""><div class=""tag""><a href=""https://www.banuri.edu.pk/questions/kitab/janaiz""><i class=""icon-docs-bold""></i> جنائز</a></div></div><div class=""col-sm-4 col-md-4""><div class=""tag""><a href=""https://www.banuri.edu.pk/questions/bab/namaz-e-jinazah""><i class=""icon-docs-bold""></i> نماز جنازہ</a></div></div><div class=""col-sm-4 col-md-4""><div class=""tag""><a href=""https://www.banuri.edu.pk/questions/fasal/janaza-or-namaz-e-janaza""><i class=""icon-docs-bold""></i> جنازہ اور نماز جنازہ کے احکام (فرائض، سنن، مستحبات، مکروہات)</a></div></div></div>"
https://www.banuri.edu.pk/readquestion/سودی-رقم-سے-اشیاء-خریدنا/07-09-2018,سودی رقم سے اشیاء خریدنا,"<p><p style=""text-align:justify;"">کیا سود کی رقم کو کسی چیز کے عوض میں بطورِثمن کے دینا جائز ہے یا نہیں ؟</p></p>","<p><p style=""margin-left:0;margin-right:0;text-align:justify;"">سود لینا اور سود دینا دونوں ہی  حرام اور ناجائز ہیں،حدیث شریف میں نبی کریم صلی اللہ علیہ وسلم نے ایسے افراد پر لعنت فرمائی ہے،چناں چہ مشکاۃ شریف کی روایت میں حضرت جابر رضی اللہ عنہ سے مروی ہے:</p><p style=""margin-left:0;margin-right:0;text-align:justify;"">'' رسول کریم صلی اللہ علیہ وسلم نے سود لینے والے ،  سود دینے والے ، سودی لین دین کا کاغذ لکھنے والے اور اس کے گواہوں پر سب ہی پر لعنت فرمائی ہے۔ نیز آپ صلی اللہ علیہ وسلم نے فرمایا : یہ سب (اصل گناہ میں) برابر ہیں اگرچہ مقدار کے اعتبار سے مختلف ہوں (مسلم)''۔</p><p style=""text-align:justify;"">لہذا جان بوجھ کر سود لینا حرام ہے، اور سود کی رقم کے حصول کے لیے سیونگ اکاؤنٹ کھلوانابھی ناجائزہے،البتہ اگر کسی کے پاس لاعلمی یا غفلت میں سود کی رقم آگئی تو اس سودی رقم کے بارے میں حکم یہ ہے کہ اصل مالک تک رقم پہنچانا ممکن ہو تو مالک کو یہ رقم واپس کی جائے، اگر اصل مالک یا اس کے ورثاء تک یہ رقم پہنچانا ممکن نہ ہو تو پھر ثواب کی نیت کے بغیر مستحقِِ زکاۃ شخص کو صدقہ کردی جائے۔ سودی رقم کو استعمال کرتے ہوئے اس سے خریداری جائز نہیں ہے۔فقط واللہ اعلم</p></p><hr class=""big-hr""/>",07-09-2018,143909202302,banuri.edu.pk,معاملات,سود / بینکاری / انشورنس / شیئرز,سود کی تعریف اور احکام,"<div class=""col-md-12 sawal-jawab""><h3 class=""question_heading"">سوال</h3><p><p style=""text-align:justify;"">کیا سود کی رقم کو کسی چیز کے عوض میں بطورِثمن کے دینا جائز ہے یا نہیں ؟</p></p><h4 class=""question_heading"">جواب</h4><p><p style=""margin-left:0;margin-right:0;text-align:justify;"">سود لینا اور سود دینا دونوں ہی  حرام اور ناجائز ہیں،حدیث شریف میں نبی کریم صلی اللہ علیہ وسلم نے ایسے افراد پر لعنت فرمائی ہے،چناں چہ مشکاۃ شریف کی روایت میں حضرت جابر رضی اللہ عنہ سے مروی ہے:</p><p style=""margin-left:0;margin-right:0;text-align:justify;"">'' رسول کریم صلی اللہ علیہ وسلم نے سود لینے والے ،  سود دینے والے ، سودی لین دین کا کاغذ لکھنے والے اور اس کے گواہوں پر سب ہی پر لعنت فرمائی ہے۔ نیز آپ صلی اللہ علیہ وسلم نے فرمایا : یہ سب (اصل گناہ میں) برابر ہیں اگرچہ مقدار کے اعتبار سے مختلف ہوں (مسلم)''۔</p><p style=""text-align:justify;"">لہذا جان بوجھ کر سود لینا حرام ہے، اور سود کی رقم کے حصول کے لیے سیونگ اکاؤنٹ کھلوانابھی ناجائزہے،البتہ اگر کسی کے پاس لاعلمی یا غفلت میں سود کی رقم آگئی تو اس سودی رقم کے بارے میں حکم یہ ہے کہ اصل مالک تک رقم پہنچانا ممکن ہو تو مالک کو یہ رقم واپس کی جائے، اگر اصل مالک یا اس کے ورثاء تک یہ رقم پہنچانا ممکن نہ ہو تو پھر ثواب کی نیت کے بغیر مستحقِِ زکاۃ شخص کو صدقہ کردی جائے۔ سودی رقم کو استعمال کرتے ہوئے اس سے خریداری جائز نہیں ہے۔فقط واللہ اعلم</p></p><hr class=""big-hr""/><div class=""col-sm-6 col-md-6""><p class=""question_heading"" style=""color:#73161f"">فتویٰ نمبر : <a id=""fatwa_number"">143909202302</a></p></div><div class=""col-sm-6 col-md-6""><p style=""color:#73161f"">دارالافتاء :
                                جامعہ علوم اسلامیہ علامہ محمد یوسف بنوری ٹاؤن</p></div><hr class=""big-hr""/><div class=""col-sm-4 col-md-4""><div class=""tag""><a href=""https://www.banuri.edu.pk/questions/kitab/muamlat""><i class=""icon-docs-bold""></i> معاملات</a></div></div><div class=""col-sm-4 col-md-4""><div class=""tag""><a href=""https://www.banuri.edu.pk/questions/bab/sood-bankari-insurance-shares""><i class=""icon-docs-bold""></i> سود / بینکاری / انشورنس / شیئرز</a></div></div><div class=""col-sm-4 col-md-4""><div class=""tag""><a href=""https://www.banuri.edu.pk/questions/fasal/sood-ki-tareef-or-ahkam""><i class=""icon-docs-bold""></i> سود کی تعریف اور احکام</a></div></div></div>"
https://www.banuri.edu.pk/readquestion/فیروزہ-پہننے-کا-حکم/07-09-2018,فیروزہ پہننے کا حکم,"<p><p style=""text-align:justify;""> مرد کا انگوٹھی میں فیروزہ پتھر پہننا کیسا ہے؟</p></p>","<p><p style=""text-align:justify;"">انگوٹھی میں کسی خاص پتھر کا استعمال اس عقیدے کے ساتھ کرنا کہ یہ پتھرجانی یا مالی نفع ونقصان میں مؤثر ہے، جائز نہیں۔ خداوند تعالی کے حکم کے بغیرنرا پتھر اپنے اندر کوئی اثر نہیں رکھتا ۔ مردوں کے لیے ساڑھے چار ماشہ تک چاندی کی انگوٹھی پہننے کی شرعاً اجازت ہے  اور اس میں کسی بھی  پتھر کا نگینہ  استعمال کرسکتے ہیں، مگر پتھر کو مؤثر سمجھ کر اسے انگوٹھی میں استعمال کرنا جائزنہیں ۔ فقط واللہ أعلم</p></p><hr class=""big-hr""/>",07-09-2018,143909202310,banuri.edu.pk,حقوق و آدابِ معاشرت,لباس / وضع قطع,زیب و زینت کی اشیاء,"<div class=""col-md-12 sawal-jawab""><h3 class=""question_heading"">سوال</h3><p><p style=""text-align:justify;""> مرد کا انگوٹھی میں فیروزہ پتھر پہننا کیسا ہے؟</p></p><h4 class=""question_heading"">جواب</h4><p><p style=""text-align:justify;"">انگوٹھی میں کسی خاص پتھر کا استعمال اس عقیدے کے ساتھ کرنا کہ یہ پتھرجانی یا مالی نفع ونقصان میں مؤثر ہے، جائز نہیں۔ خداوند تعالی کے حکم کے بغیرنرا پتھر اپنے اندر کوئی اثر نہیں رکھتا ۔ مردوں کے لیے ساڑھے چار ماشہ تک چاندی کی انگوٹھی پہننے کی شرعاً اجازت ہے  اور اس میں کسی بھی  پتھر کا نگینہ  استعمال کرسکتے ہیں، مگر پتھر کو مؤثر سمجھ کر اسے انگوٹھی میں استعمال کرنا جائزنہیں ۔ فقط واللہ أعلم</p></p><hr class=""big-hr""/><div class=""col-sm-6 col-md-6""><p class=""question_heading"" style=""color:#73161f"">فتویٰ نمبر : <a id=""fatwa_number"">143909202310</a></p></div><div class=""col-sm-6 col-md-6""><p style=""color:#73161f"">دارالافتاء :
                                جامعہ علوم اسلامیہ علامہ محمد یوسف بنوری ٹاؤن</p></div><hr class=""big-hr""/><div class=""col-sm-4 col-md-4""><div class=""tag""><a href=""https://www.banuri.edu.pk/questions/kitab/huqooq-muashret""><i class=""icon-docs-bold""></i> حقوق و آدابِ معاشرت</a></div></div><div class=""col-sm-4 col-md-4""><div class=""tag""><a href=""https://www.banuri.edu.pk/questions/bab/libass-waza-qata""><i class=""icon-docs-bold""></i> لباس / وضع قطع</a></div></div><div class=""col-sm-4 col-md-4""><div class=""tag""><a href=""https://www.banuri.edu.pk/questions/fasal/zayb-o-zeenat-ki-ashya""><i class=""icon-docs-bold""></i> زیب و زینت کی اشیاء</a></div></div></div>"
https://www.banuri.edu.pk/readquestion/ہنڈی-کی-حیثیت-کیا-ہے/05-09-2018,ہنڈی کی حیثیت کیا ہے؟,,"<p><p style=""text-align:justify;"">""ہنڈی""  کی حیثیت قرض کی ہے، ""بیعِ صرف""  کی نہیں؛ لہٰذا ہنڈی کا کاروبار  ""احد المتعاقدین"" کا قبضہ نہ ہونے کے باوجود جائز ہے۔  ""بیعِ صرف"" میں قبضہ ضروری ہوتا ہے، نہ کہ قرض میں۔ فقط واللہ اعلم</p></p><hr class=""big-hr""/>",05-09-2018,143909202273,banuri.edu.pk,معاملات,بیع / تجارت,نقدی کی بیع کا بیان,"<div class=""col-md-12 sawal-jawab""><h3 class=""question_heading"">سوال</h3><p><p style=""text-align:justify;"">ہنڈی کے ذریعے پیسہ بھیجنے کے متعلق سوال جواب پڑھا،  لیکن ایک اشکال ہے وہ یہ کہ ""احد المتعاقدین""  کا قبضہ نہیں ہوتا ؛ کیوں کہ رابطہ اکثر فون پر ہوتا ہے، او ر جگہ کی دوری کی وجہ سے پیسہ دو چار دن بعد قبض کر لیتے ہیں تو آیا ایسا کرنا جائز ہوگا؟</p></p><h4 class=""question_heading"">جواب</h4><p><p style=""text-align:justify;"">""ہنڈی""  کی حیثیت قرض کی ہے، ""بیعِ صرف""  کی نہیں؛ لہٰذا ہنڈی کا کاروبار  ""احد المتعاقدین"" کا قبضہ نہ ہونے کے باوجود جائز ہے۔  ""بیعِ صرف"" میں قبضہ ضروری ہوتا ہے، نہ کہ قرض میں۔ فقط واللہ اعلم</p></p><hr class=""big-hr""/><div class=""col-sm-6 col-md-6""><p class=""question_heading"" style=""color:#73161f"">فتویٰ نمبر : <a id=""fatwa_number"">143909202273</a></p></div><div class=""col-sm-6 col-md-6""><p style=""color:#73161f"">دارالافتاء :
                                جامعہ علوم اسلامیہ علامہ محمد یوسف بنوری ٹاؤن</p></div><hr class=""big-hr""/><div class=""col-sm-4 col-md-4""><div class=""tag""><a href=""https://www.banuri.edu.pk/questions/kitab/muamlat""><i class=""icon-docs-bold""></i> معاملات</a></div></div><div class=""col-sm-4 col-md-4""><div class=""tag""><a href=""https://www.banuri.edu.pk/questions/bab/bay-tijarat""><i class=""icon-docs-bold""></i> بیع / تجارت</a></div></div><div class=""col-sm-4 col-md-4""><div class=""tag""><a href=""https://www.banuri.edu.pk/questions/fasal/naqdi-ki-bay-ka-bayan""><i class=""icon-docs-bold""></i> نقدی کی بیع کا بیان</a></div></div></div>"
https://www.banuri.edu.pk/readquestion/کسی-اور-کے-سرمایہ-سے-کاروبار-کرنا/02-06-2018,نفع کی شرح متعین کیے بغیر شرکت اور اس میں نقصان ہو تو تاوان کا حکم,"<p><p style=""margin-left:0;margin-right:0;text-align:justify;"">9  سال قبل  میرا کمپیوٹر کا کاروبار تھا جو اچھا چل رہا تھا، میرے خالو نے مجھے آفر کی کہ وہ   میرے کاروبار کے لیے 6 لاکھ روپے دینا چاہتے ہیں مناسب منافع کے عوض۔میں  نے  نفع طے کیے بغیر پیسے لے کر کاروبار میں لگا دیے  مہینے کے آخر میں جو منافع ہوتا، اس میں سے ان کو بھی دیتا تھا جو فکس نہیں تھا۔ کچھ ماہ بعد میرا دبئی جانے  کا اتفاق ہوا، میں نے خالو سے مزید پیسوں کے لیے کہا، انہوں نے مزید 6 لاکھ دیے، اس سے میں نے دبئی سے خریداری کی اور 13 ، 14 مہینے معاملہ چلتا رہا، اس دوران کام میں نقصان ہوتے ہوئے بھی رشتہ داری کی وجہ سے ان کو نفع دیتا رہا، کبھی کم کبھی زیادہ جو تقریباً ڈھائی لاکھ  بنا۔ پھر  اچانک میری دکان میں چوری ہوئی جس میں سب سامان  17 لیپ ٹاپ سمیت  چوری ہوگئے، اور مجھے 15 لاکھ سے زیادہ کا نقصان ہوا جس پر میں نے دکان ختم کرکے صرف کمپنی کا کام شروع کردیا، جو میں پہلے بھی کچھ کررہا تھا ، غرض یہ کہ  مجھے آہستہ آہستہ وہ کام بھی ختم کرنا پڑا اور میں روڈ پر آگیا اور میں  نے اپنا پلاٹ بیچ کر کر لوگوں کے پیسے دیے، جس میں سے ڈھائی لاکھ خالو کو بھی دیے، جب سے لے کر اب تک میں کاروبار دوبارہ نہیں کرپایا۔ بہت تجربے کیے لیکن کامیابی نہیں ہوئی، اب میرے خالو کے حالات بھی اچھے نہیں، جس کی وجہ سے وہ تقاضا کررہے ہیں۔ اب میری نیت ان کے پیسے واپس کرنی کی ہے، لیکن وہ مزید انتظار نہیں کر نا چاہ رہے، راہ نمائی فرمائیں کہ کیا اب میں  ان کادین دار ہوں؟</p></p>","<p><p style=""text-align:justify;"">آپ نے جب خالو سے اپنے کاروبار کے لیے پیسے  لیے اور اس میں منافع کی کوئی شرح متعین نہیں کی، تو آپ کا خالو  کا سرمایہ کاروبار میں لگانے کا  عقد ہی درست نہیں ہوا ۔اس لیے کہ کسی کے کاروبار میں سرمایہ لگاتے ہوئے نفع کی شرح متعین کرنا لازم ہے۔</p><p style=""margin-left:0;margin-right:0;text-align:justify;"">  نیز  دوسری بار آپ نے جو سرمایہ لیا اور اس میں بھی نفع کی شرح متعین نہیں کی، تو وہ عقد بھی فاسد ہوا۔ ایسے عقدِ فاسد کا حکم یہ ہے کہ اس میں  نفع کی تقسیم ہر ایک کے سرمایہ کے حصص کے اعتبار سے ہوتی ہے؛ اس لیے  آپ کے سرمایہ کے اعتبار سے جو شرح آپ کے خالو کے سرمایہ کی بنتی ہے  نفع میں بھی اتنا ہی ان کا حصہ ہے ۔ اس  عرصہ میں آپ جس قدر رقم نفع کے طور پر  ان کو دے چکے ہیں اس کا حساب  اس  شرح میں سے کرلیں۔ مثلاً: آپ کے خالو کا سرمایہ 12 لاکھ ہوا، اور آپ کا سرمایہ بھی 12 لاکھ ہی ہو تو دونوں کی نفع  میں شراکت بھی آدھی آدھی ہوگی۔اس حساب سے جتنا نفع اس عرصہ میں ہوا اس کا نصف ان کا حق ہے۔</p><p style=""margin-left:0;margin-right:0;text-align:justify;"">جہاں تک آپ کے سرمایہ کے چوری ہوجانے کا تعلق ہے تو  اگر اس  چوری میں  آپ کی غفلت اور حفاظت میں کوتا ہی شامل نہیں تو آپ  پراس سرمایہ کاان کو ادا کرنا  واجب نہیں  اس  لیے  کہ آپ کے ہاتھ میں ان کا سرمایہ امانت تھا، اس کا ضمان آپ پر نہیں، الا یہ کہ آ پ کی جانب سے حفاظت میں کوئی کوتا ہی کی گئی ہو  تو اس کی ادائیگی آپ کے ذمہ ہوگی،  اور جتنا سرمایہ بچا ہو  اس میں سے ان کا حصہ ادا کرنا واجب ہوگا۔</p><p style=""margin-left:0;margin-right:0;text-align:justify;""><span class=""ar_writing"">’’ رد المحتار ‘‘ :</span></p><p style=""margin-left:0;margin-right:0;text-align:justify;""><span class=""ar_writing"">""فما کان من ربح فهو بینهما علی قدر رؤوس أموالهما"" . (۶/۳۷۰ ، مطلب شرکة العقد)</span></p><p style=""margin-left:0;margin-right:0;text-align:justify;""><span class=""ar_writing"">""ومن شروطها: کون نصیب المضارب من الربح حتی لو شرط له من رأس المال، أو منه ومن الربح فسدت. وفي الجلالیة: کل شرط یوجب جهالة في الربح، أو یقطع الشرکة فیه یفسدها. (قوله: في الربح) کما إذا شرط له نصف الربح، أو ثلثه"". (الدر المختار مع ردالمحتار، کتاب المضاربة، ۵/۶۴۸)</span> فقط واللہ اعلم</p></p><hr class=""big-hr""/>",02-06-2018,143909200497,banuri.edu.pk,معاملات,بیع / تجارت,بیع صحیح ، فاسد اور باطل,"<div class=""col-md-12 sawal-jawab""><h3 class=""question_heading"">سوال</h3><p><p style=""margin-left:0;margin-right:0;text-align:justify;"">9  سال قبل  میرا کمپیوٹر کا کاروبار تھا جو اچھا چل رہا تھا، میرے خالو نے مجھے آفر کی کہ وہ   میرے کاروبار کے لیے 6 لاکھ روپے دینا چاہتے ہیں مناسب منافع کے عوض۔میں  نے  نفع طے کیے بغیر پیسے لے کر کاروبار میں لگا دیے  مہینے کے آخر میں جو منافع ہوتا، اس میں سے ان کو بھی دیتا تھا جو فکس نہیں تھا۔ کچھ ماہ بعد میرا دبئی جانے  کا اتفاق ہوا، میں نے خالو سے مزید پیسوں کے لیے کہا، انہوں نے مزید 6 لاکھ دیے، اس سے میں نے دبئی سے خریداری کی اور 13 ، 14 مہینے معاملہ چلتا رہا، اس دوران کام میں نقصان ہوتے ہوئے بھی رشتہ داری کی وجہ سے ان کو نفع دیتا رہا، کبھی کم کبھی زیادہ جو تقریباً ڈھائی لاکھ  بنا۔ پھر  اچانک میری دکان میں چوری ہوئی جس میں سب سامان  17 لیپ ٹاپ سمیت  چوری ہوگئے، اور مجھے 15 لاکھ سے زیادہ کا نقصان ہوا جس پر میں نے دکان ختم کرکے صرف کمپنی کا کام شروع کردیا، جو میں پہلے بھی کچھ کررہا تھا ، غرض یہ کہ  مجھے آہستہ آہستہ وہ کام بھی ختم کرنا پڑا اور میں روڈ پر آگیا اور میں  نے اپنا پلاٹ بیچ کر کر لوگوں کے پیسے دیے، جس میں سے ڈھائی لاکھ خالو کو بھی دیے، جب سے لے کر اب تک میں کاروبار دوبارہ نہیں کرپایا۔ بہت تجربے کیے لیکن کامیابی نہیں ہوئی، اب میرے خالو کے حالات بھی اچھے نہیں، جس کی وجہ سے وہ تقاضا کررہے ہیں۔ اب میری نیت ان کے پیسے واپس کرنی کی ہے، لیکن وہ مزید انتظار نہیں کر نا چاہ رہے، راہ نمائی فرمائیں کہ کیا اب میں  ان کادین دار ہوں؟</p></p><h4 class=""question_heading"">جواب</h4><p><p style=""text-align:justify;"">آپ نے جب خالو سے اپنے کاروبار کے لیے پیسے  لیے اور اس میں منافع کی کوئی شرح متعین نہیں کی، تو آپ کا خالو  کا سرمایہ کاروبار میں لگانے کا  عقد ہی درست نہیں ہوا ۔اس لیے کہ کسی کے کاروبار میں سرمایہ لگاتے ہوئے نفع کی شرح متعین کرنا لازم ہے۔</p><p style=""margin-left:0;margin-right:0;text-align:justify;"">  نیز  دوسری بار آپ نے جو سرمایہ لیا اور اس میں بھی نفع کی شرح متعین نہیں کی، تو وہ عقد بھی فاسد ہوا۔ ایسے عقدِ فاسد کا حکم یہ ہے کہ اس میں  نفع کی تقسیم ہر ایک کے سرمایہ کے حصص کے اعتبار سے ہوتی ہے؛ اس لیے  آپ کے سرمایہ کے اعتبار سے جو شرح آپ کے خالو کے سرمایہ کی بنتی ہے  نفع میں بھی اتنا ہی ان کا حصہ ہے ۔ اس  عرصہ میں آپ جس قدر رقم نفع کے طور پر  ان کو دے چکے ہیں اس کا حساب  اس  شرح میں سے کرلیں۔ مثلاً: آپ کے خالو کا سرمایہ 12 لاکھ ہوا، اور آپ کا سرمایہ بھی 12 لاکھ ہی ہو تو دونوں کی نفع  میں شراکت بھی آدھی آدھی ہوگی۔اس حساب سے جتنا نفع اس عرصہ میں ہوا اس کا نصف ان کا حق ہے۔</p><p style=""margin-left:0;margin-right:0;text-align:justify;"">جہاں تک آپ کے سرمایہ کے چوری ہوجانے کا تعلق ہے تو  اگر اس  چوری میں  آپ کی غفلت اور حفاظت میں کوتا ہی شامل نہیں تو آپ  پراس سرمایہ کاان کو ادا کرنا  واجب نہیں  اس  لیے  کہ آپ کے ہاتھ میں ان کا سرمایہ امانت تھا، اس کا ضمان آپ پر نہیں، الا یہ کہ آ پ کی جانب سے حفاظت میں کوئی کوتا ہی کی گئی ہو  تو اس کی ادائیگی آپ کے ذمہ ہوگی،  اور جتنا سرمایہ بچا ہو  اس میں سے ان کا حصہ ادا کرنا واجب ہوگا۔</p><p style=""margin-left:0;margin-right:0;text-align:justify;""><span class=""ar_writing"">’’ رد المحتار ‘‘ :</span></p><p style=""margin-left:0;margin-right:0;text-align:justify;""><span class=""ar_writing"">""فما کان من ربح فهو بینهما علی قدر رؤوس أموالهما"" . (۶/۳۷۰ ، مطلب شرکة العقد)</span></p><p style=""margin-left:0;margin-right:0;text-align:justify;""><span class=""ar_writing"">""ومن شروطها: کون نصیب المضارب من الربح حتی لو شرط له من رأس المال، أو منه ومن الربح فسدت. وفي الجلالیة: کل شرط یوجب جهالة في الربح، أو یقطع الشرکة فیه یفسدها. (قوله: في الربح) کما إذا شرط له نصف الربح، أو ثلثه"". (الدر المختار مع ردالمحتار، کتاب المضاربة، ۵/۶۴۸)</span> فقط واللہ اعلم</p></p><hr class=""big-hr""/><div class=""col-sm-6 col-md-6""><p class=""question_heading"" style=""color:#73161f"">فتویٰ نمبر : <a id=""fatwa_number"">143909200497</a></p></div><div class=""col-sm-6 col-md-6""><p style=""color:#73161f"">دارالافتاء :
                                جامعہ علوم اسلامیہ علامہ محمد یوسف بنوری ٹاؤن</p></div><hr class=""big-hr""/><div class=""col-sm-4 col-md-4""><div class=""tag""><a href=""https://www.banuri.edu.pk/questions/kitab/muamlat""><i class=""icon-docs-bold""></i> معاملات</a></div></div><div class=""col-sm-4 col-md-4""><div class=""tag""><a href=""https://www.banuri.edu.pk/questions/bab/bay-tijarat""><i class=""icon-docs-bold""></i> بیع / تجارت</a></div></div><div class=""col-sm-4 col-md-4""><div class=""tag""><a href=""https://www.banuri.edu.pk/questions/fasal/bay-sahih-fasid-or-batil""><i class=""icon-docs-bold""></i> بیع صحیح ، فاسد اور باطل</a></div></div></div>"
https://www.banuri.edu.pk/readquestion/بیوی-کے-انتقال-کے-بعد-مہر-کے-سونے-کا-حکم/05-09-2018,بیوی کے انتقال کے بعد مہر کے سونے کا حکم,"<p><p style=""text-align:justify;"">شادی کے بعد حقِ مہر میں جو سونا دیا جاتا ہے وہ بیوی کی ملکیت میں ہوتا ہے، لیکن چوں کہ عورت کوئی نوکری وغیرہ نہیں  کرتی؛ اس لیے اس زیور پر جو زکاۃ ہوتی ہے وہ بیوی کی طرف سے شوہر ادا کرتے ہیں، پوچھنا یہ ہے کہ اگر کسی کی بیوی کا انتقال ہو جائے تو پھر اس زیور کا کیا حکم ہے جب کہ بیوی کی طرف سے کوئی وصیت بھی نہ کی گئی ہو؟</p></p>","<p><p style=""margin-left:9pt;margin-right:10.3pt;text-align:justify;"">حقِ مہر کے طور پر جو زیور بیوی کو ملے وہ بیوی کی ملکیت ہوتاہے؛ اس لیے بیوی کے انتقال کے بعد وہ زیور بیوی کا ترکہ شمار ہوگا، اور میراث کےضابطہ شرعیہ کے موافق مرحومہ کے شرعی ورثاء کے درمیان تقسیم ہوگا۔فقط واللہ اعلم</p></p><hr class=""big-hr""/>",05-09-2018,143909202279,banuri.edu.pk,معاملات,وراثت / وصیت,ترکہ / میت کے اس میں تصرف کی حد,"<div class=""col-md-12 sawal-jawab""><h3 class=""question_heading"">سوال</h3><p><p style=""text-align:justify;"">شادی کے بعد حقِ مہر میں جو سونا دیا جاتا ہے وہ بیوی کی ملکیت میں ہوتا ہے، لیکن چوں کہ عورت کوئی نوکری وغیرہ نہیں  کرتی؛ اس لیے اس زیور پر جو زکاۃ ہوتی ہے وہ بیوی کی طرف سے شوہر ادا کرتے ہیں، پوچھنا یہ ہے کہ اگر کسی کی بیوی کا انتقال ہو جائے تو پھر اس زیور کا کیا حکم ہے جب کہ بیوی کی طرف سے کوئی وصیت بھی نہ کی گئی ہو؟</p></p><h4 class=""question_heading"">جواب</h4><p><p style=""margin-left:9pt;margin-right:10.3pt;text-align:justify;"">حقِ مہر کے طور پر جو زیور بیوی کو ملے وہ بیوی کی ملکیت ہوتاہے؛ اس لیے بیوی کے انتقال کے بعد وہ زیور بیوی کا ترکہ شمار ہوگا، اور میراث کےضابطہ شرعیہ کے موافق مرحومہ کے شرعی ورثاء کے درمیان تقسیم ہوگا۔فقط واللہ اعلم</p></p><hr class=""big-hr""/><div class=""col-sm-6 col-md-6""><p class=""question_heading"" style=""color:#73161f"">فتویٰ نمبر : <a id=""fatwa_number"">143909202279</a></p></div><div class=""col-sm-6 col-md-6""><p style=""color:#73161f"">دارالافتاء :
                                جامعہ علوم اسلامیہ علامہ محمد یوسف بنوری ٹاؤن</p></div><hr class=""big-hr""/><div class=""col-sm-4 col-md-4""><div class=""tag""><a href=""https://www.banuri.edu.pk/questions/kitab/muamlat""><i class=""icon-docs-bold""></i> معاملات</a></div></div><div class=""col-sm-4 col-md-4""><div class=""tag""><a href=""https://www.banuri.edu.pk/questions/bab/wirasat-wasyat""><i class=""icon-docs-bold""></i> وراثت / وصیت</a></div></div><div class=""col-sm-4 col-md-4""><div class=""tag""><a href=""https://www.banuri.edu.pk/questions/fasal/tarka-mayyit-kay-us-may-tasarruf-ki-hadd""><i class=""icon-docs-bold""></i> ترکہ / میت کے اس میں تصرف کی حد</a></div></div></div>"
https://www.banuri.edu.pk/readquestion/محمد-نام-رکھنے-کا-حکم-اور-اس-کی-فضیلت/05-09-2018,محمد نام رکھنے کا حکم اور اس کی فضیلت,"<p><p style=""text-align:justify;"">رسول اللہ صلی اللہ علیہ وسلم کی نسبت سے نام (محمد) رکھنے سے مغفرت کی کوئی احادیث آ ئی ہےکہ جس نے محمد نام رکھا اس کی بخشش ہو جائے گی؟</p></p>","<p><p style=""text-align:justify;"">آقا دو جہاں، سرورِ کونین ﷺ کا اسمِ گرامی زمین پر ”محمد“ اور آسمان پر ”احمد“ ہے، جس طرح رسولِ اکرم ﷺ کی ذات اَعلی، اَرفع اور ممتاز ہے ، ایسے ہی  آپ ﷺ کا نامِ نامی، اسم گرامی بھی اَعلی ، اَرفع اور ممتاز ہے، جیسے اللہ  تعالیٰ نے آپ ﷺ کی ذات کے لیے ساری مخلوق میں محبوبیت رکھ دی ہے، ایسے ہی آپ  ﷺ کے اسمِ گرامی کی  محبوبیت بھی  سب  کے  دلوں میں  پیدا فرمادی ہے، جیسے حضورﷺ کی ذات منبعِ فیوض و برکات ہے، ایسے ہی  اس پاک نام کی برکات کھلی آنکھوں نظر آتی ہیں، جیسے آپ ﷺ کی ذاتِ  بابرکات سے متعلق بے شمار  کتابیں تصنیف ہوئیں، ایسے ہی  فقط اسمِ گرامی  «محمد» کی عظمت  ومحبوبیت پر بھی مستقل کتابیں لکھی گئی ہیں، ہمارے  محبوب ﷺ کی حیات کا تو ہر گوشہ  وپہلو بلکہ آپ ﷺ کے ساتھ جس چیز کا بھی  تعلق جڑا ، اللہ تعالیٰ نے اسے کائنات کے لیےمحبوب بنادیا، نامِ محمد بھی عاشقوں کی جان ہے اور وہ اس نام میں سرور وخوشی، لذت وشیرینی محسوس کرتے ہیں ، چناں چہ  جیسے سیرت اور اخلاق وکردارِ مصطفی ٰﷺ اَپنا کر بے شمار لوگوں نے دونوں جہانوں کی سعادتیں لوٹیں ، ایسے ہی اَن گنت عشاق نے  اسمِ گرامی سے والہانہ الفت ومحبت کی مثالیں قائم کیں، بہت سوں نے نامِ محمد سے الفت ومحبت کا اظہار بایں طور  کیا کہ ان کی نظروں میں نسل در نسل اپنی اولاد کے لیے سوائے اس پاک نام کے کوئی جچا ہی نہیں ، کسی کی چار پشتوں میں اور کسی کی سترہ نسلوں میں ایک ہی نام چمکتا دمکتا نظر آتا ہے، <span style=""color:#27ae60;"">""بخاری شریف""  کی صحیح  روایت کے مطابق یہ نام خود اللہ تعالی نے رکھا ہے۔ </span> اسی طرح  حضور ﷺ نے محمد نام رکھنے کی خود اجازت عطا فرمائی ہے۔ جیساکہ حدیث پاک میں ہے:</p><p style=""text-align:justify;""><span class=""ar_writing""><span style=""color:#27ae60;"">""سمّوا بإسمي، ولا تكنوا بكنيتي"".</span></span>(صحیح مسلم،(3/1682) کتاب الاداب، ط: دار احیاء التراث العربی)</p><p style=""margin-left:9pt;margin-right:10.3pt;text-align:justify;"">یعنی میرے نام پر نام رکھو، البتہ میری کنیت اختیار نہ کرو۔ </p><p style=""margin-left:9pt;margin-right:10.3pt;text-align:justify;"">بلکہ  آپ ﷺ نے خود بھی کئی بچوں کا نام ”محمد“  رکھا ہے، یعنی رسول اللہﷺ کی خدمت میں جب  نومولود بچے لائے جاتے تھے  تو آپﷺ  تحنیک (گھٹی) کے بعد ان کا نام بھی تجویز فرماتے، چناں چہ ان میں سے کئی بچوں کانام آپ ﷺنے ”محمد“ رکھا۔  اسی طرح آپ ﷺ کا معمول تھا کہ نومسلموں میں سے بھی  اگر کسی کا نام صحیح نہ ہوتا  تو آپ ﷺ اس کا نام  تبدیل  فرمادیتے، چناں چہ کچھ صحابہ کا نام  آپ ﷺ نے خود تبدیل کرکے ”محمد“ رکھا۔</p><p style=""margin-left:9pt;margin-right:10.3pt;text-align:justify;""><span style=""color:#27ae60;"">محمد بن خلیفہ، محمد مولی رسولﷺ، محمد بن طلحہ،  محمد بن نبیط، محمد بن عباس بن فضلۃ، محمد بن انس بن فضالۃالانصاری، محمد بن مخلد بن سحیم، محمد بن یفدیدویہ، محمد بن ہلال بن العلیٰ، محمد بن معمر، محمد بن ضمرۃبن الاسود، محمد بن عمارۃ  بن حزم، محمد بن ثابت، محمد بن عمرو بن حزم، یہ وہ صحابہ ہیں جن کا نام حضور اکرم  ﷺ  نے  ”محمد“ رکھا یا حضور ﷺ کے حکم سے ان کا نام ”محمد“ رکھا گیا ، بلکہ اپنی امت کو بھی آپ ﷺ نے ”محمد“نام رکھنے کی ترغیب دی، چناں چہ فرمایا:</span></p><p style=""margin-left:9pt;margin-right:10.3pt;text-align:justify;""><span class=""ar_writing""><span style=""color:#27ae60;"">""ما ضر أحدكم لو كان في بيته محمد ومحمدان وثلاثة"".</span></span>(<span class=""ar_writing"">فيض القدير</span>(5/ 453) حرف المیم، ط:المکتبۃ التجاریہ الکبری ، مصر)</p><p style=""margin-left:9pt;margin-right:10.3pt;text-align:justify;"">ترجمہ: تم میں سے کسی کا کیا نقصان ہے(یعنی کوئی نقصان نہیں ) اس بات میں کہ اس کے گھر میں ایک، دو یا تین محمد(نام والے) ہوں۔</p><p style=""margin-left:9pt;margin-right:10.3pt;text-align:justify;"">کتابوں میں ”محمد“ نام رکھنے کے فضائل پر متعدد روایات نقل کی گئی ہیں ،  لیکن چوں کہ ان پر شدید جرح ہوئی ہے اور بعض روایات کو موضوع اور بعض کو کذب بھی لکھا گیا ہے؛ اس لیے یہاں صرف چند ایسی احادیث  ذکر کی جاتی ہیں  جو بعض محدثین کے یہاں صحیح یا ثابت ہیں، اس کے علاوہ  چند تابعین اور دیگر محققین علماء کے اقوال ذکر کیے جاتے ہیں ۔</p><p style=""margin-left:9pt;margin-right:10.3pt;text-align:justify;""><span class=""ar_writing""><span style=""color:#27ae60;"">1...</span></span>سیرت کی مشہور کتاب ”سیرتِ حلبیہ“ میں بعض محدثین کے حوالہ سے لکھا ہے کہ ”محمد“ نام کی فضیلت  میں جو احادیث ہیں ان میں  جو سب سے زیادہ صحیح ہونے کے قریب ہے وہ صرف یہ ہے کہ <span style=""color:#27ae60;"">"" جس شخص  کے ہاں لڑکا پیدا ہوا اور وہ میری محبت کی وجہ سے اور میرے نام  سے برکت حاصل کرنے کے لیے اس بچے کا نام ”محمد“ رکھے تو وہ شخص اور اس کا بچہ دونوں جنتی ہوں گے""۔</span></p><p style=""margin-left:9pt;margin-right:10.3pt;text-align:justify;""><span class=""ar_writing"">""قال بعض الحفاظ: وأصحها أي أقربها للصحة: «من ولد له مولود فسماه محمداً حباً لي وتبركاً باسمي كان هو ومولوده في الجنة»"" .</span>(<span class=""ar_writing"">السيرة الحلبية</span>  (1/ 121) باب تسمیتہ ﷺ محمداً واحمد، ط: دارا لکتب العلمیہ)</p><p style=""margin-left:9pt;margin-right:10.3pt;text-align:justify;"">اس روایت پر کلام موجود ہے، بعض علماء نے اسے حسن کہا ہے، تاہم ملاعلی قاری رحمہ اللہ اور دیگر نے اسے موضوع قرار دیا ہے، اس لیے یہ روایت بیان کرنا درست نہیں ہے۔ اس روایت کی مزید تفصیل کے لیے درج ذیل لنک دیکھیے:</p><p style=""margin-left:9pt;margin-right:10.3pt;text-align:justify;""><a href=""https://www.banuri.edu.pk/readquestion/%D9%85%D8%AD%D9%85%D8%AF-%D9%86%D8%A7%D9%85-%D8%B1%DA%A9%DA%BE%D9%86%DB%92-%D9%88%D8%A7%D9%84%D8%A7-%D8%A8%D8%A7%D9%BE-%D8%A7%D9%88%D8%B1-%D8%A8%DB%8C%D9%B9%D8%A7-%D8%AC%D9%86%D8%AA-%D9%85%DB%8C%DA%BA-%D8%AC%D8%A7%D8%A6%DB%8C%DA%BA-%DA%AF%DB%92-%DA%A9%DB%8C-%D8%AA%D8%AD%D9%82%DB%8C%D9%82-144107200224/01-03-2020"">محمد نام رکھنے والا باپ اور بیٹا جنت میں جائیں گے کی تحقیق</a></p><p style=""margin-left:9pt;margin-right:10.3pt;text-align:justify;""><span style=""color:#27ae60;""><span class=""ar_writing"">2... </span></span>اس سے ملتی جلتی  روایت ”العرف الشذی“(جوکہ حضرت مولانا محمد انور شاہ کشمیری رحمہ اللہ کی تقریرِ درسِ ترمذی ہے) میں بھی ""معجم الطبرانی"" کے حوالہ  سے نقل کی گئی ہے کہ<span style=""color:#27ae60;"">"" جس نے اپنے بیٹے کا نام محمد رکھا ، میں اس کی شفاعت کروں گا""۔</span></p><p style=""margin-left:9pt;margin-right:10.3pt;text-align:justify;""><span class=""ar_writing"">"" وفي رواية في المعجم للطبراني: «من سمى ولده محمداً، أنا شفيعه». وصحّحها أحد من المحدثين وضعّفه آخر"". (العرف الشذي شرح سنن الترمذي (4/ 181) کتاب الآداب، باب ما جاء یستحب من الأسماء ، ط: دارإحیاء التراث العربي، بیروت)</span></p><p style=""margin-left:9pt;margin-right:10.3pt;text-align:justify;""><span class=""ar_writing""><span style=""color:#27ae60;"">3...</span></span>""سیرتِ حلبیہ"" میں ایک اور معضل روایت نقل کی گئی ہے  کہ <span style=""color:#27ae60;"">""قیامت کے دن ایک پکارنے والا پکارے گا کہ اےمحمد! اٹھیے اور بغیر حساب  کتاب کے جنت میں داخل ہوجائیے ، تو ہر وہ آدمی جس کا نام ”محمد“ ہوگا  یہ سمجھتے ہوئے کہ  یہ اسے کہا جارہا ہے  وہ (جنت میں جانے کے لیے) کھڑا ہوجائے گا تو حضرت محمدﷺ کے اِکرام میں انہیں جنت میں جانے سے نہیں روکا جائےگا""۔</span></p><p style=""margin-left:9pt;margin-right:10.3pt;text-align:justify;""><span class=""ar_writing"">""وفي حديث معضل: «إذا كان يوم القيامة نادى منادٍ: يا محمد! قم فادخل الجنة بغير حساب! فيقوم كل من اسمه محمد، يتوهم أن النداء له؛ فلكرامة محمد صلى الله عليه وسلم لا يمنعون»"". </span>(<span class=""ar_writing"">السيرة الحلبية</span>  (1/ 121) باب تسمیتہ ﷺ محمداً واحمد، ط: دارا لکتب العلمیہ)</p><p style=""margin-left:9pt;margin-right:10.3pt;text-align:justify;""><span style=""color:#27ae60;""><span class=""ar_writing"">4...</span></span> امام مالک رحمہ اللہ فرماتے ہیں  کہ <span style=""color:#27ae60;"">""میں نے اہلِ مکہ سے سنا ہے کہ  جس گھر میں ”محمد“ نام والا ہو تو اس کی وجہ سے ان کو اور ان کے پڑوسیوں کو رزق دیا جاتا ہے""۔</span></p><p style=""margin-left:9pt;margin-right:10.3pt;text-align:justify;""><span class=""ar_writing"">""سمعت أهل مكة يقولون: ما من بيت فيه اسم محمد إلا نمى ورزقوا ورزق جيرانهم"".</span>(<span class=""ar_writing"">كتاب الشفاء،</span> الباب الثالث، الفصل الاول،(1/176) ط: دارالفکر)</p><p style=""margin-left:9pt;margin-right:10.3pt;text-align:justify;""><span style=""color:#27ae60;""><span class=""ar_writing"">5...</span></span>حدیث  شریف میں ”عبداللہ“ اور ”عبد الرحمن“ نام رکھنے کی ترغیب بھی آئی ہے، ان دو ناموں  کو اللہ کے نزدیک سب سے محبوب نام بتایا گیا ہے، علامہ شامی رحمہ اللہ نے اس پر بحث کرتے ہوئے کہ اللہ کے ہاں سب سے محبوب نام کون سا ہے؟ علامہ مناوی  رحمہ اللہ کے حوالہ سے  لکھا ہے کہ ” عبد اللہ“ اور ”عبد الرحمن“ ناموں کا افضل ہونا ”عبد“ سے شروع ہونے والے ناموں کے اعتبار سے ہے؛  کیوں کہ عرب لوگ ” عبد شمس“ اور عبد دار“ وغیرہ نام رکھا کرتے تھے تو یہ حکم ہوا کہ  ” عبد اللہ“ اور ”عبد الرحمن“ نام رکھا کرو، <span style=""color:#27ae60;"">اب یہ اس بات کے منافی نہیں ہے  کہ اللہ تعالیٰ کے  ہاں ناموں میں سے  سب سے محبوب نام ”محمد“ اور ”احمد“ ہیں ؛ کیوں کہ  اللہ تعالی نے اپنے نبی ﷺ کے لیے وہی نام پسند کیے  جو ان کے ہاں سب سے محبوب ہیں، اور گزشتہ سطور میں صحیح بخاری کے حوالے سے گزرا کہ آپ ﷺ کا نامِ نامی خود اللہ تبارک وتعالیٰ نے منتخب فرمایا ۔</span></p><p style=""margin-left:9pt;margin-right:10.3pt;text-align:justify;""><span class=""ar_writing"">""قال المناوي : ... وتفضيل التسمية بهما محمول على من أراد التسمي بالعبودية؛ لأنهم كانوا يسمون عبد شمس وعبد الدار، فلا ينافي أن اسم محمد وأحمد أحب إلى الله تعالى من جميع الأسماء، فإنه لم يختر لنبيه إلا ما هو أحب إليه، هذا هو الصواب، ولا يجوز حمله على الإطلاق اهـ. وورد: «من ولد له مولود فسماه محمداً كان هو ومولوده في الجنة». رواه ابن عساكر عن أمامة رفعه قال السيوطي: هذا أمثل حديث ورد في هذا الباب وإسناده حسن اهـ"".</span>(فتای شامی(6/ 417) کتاب الحظر والاباحۃ، ط: سعید)</p><p style=""margin-left:9pt;margin-right:10.3pt;text-align:justify;"">اس لیے  اللہ تعالیٰ اولاد سے نوازیں  تو کم از کم ایک بیٹے  کا نام حبیبِ خدا ﷺ کے نام پر رکھنا چاہیے۔ فقط واللہ اعلم</p></p><hr class=""big-hr""/>",05-09-2018,143909202280,banuri.edu.pk,حقوق و آدابِ معاشرت,حقوق,اولاد کے حقوق,"<div class=""col-md-12 sawal-jawab""><h3 class=""question_heading"">سوال</h3><p><p style=""text-align:justify;"">رسول اللہ صلی اللہ علیہ وسلم کی نسبت سے نام (محمد) رکھنے سے مغفرت کی کوئی احادیث آ ئی ہےکہ جس نے محمد نام رکھا اس کی بخشش ہو جائے گی؟</p></p><h4 class=""question_heading"">جواب</h4><p><p style=""text-align:justify;"">آقا دو جہاں، سرورِ کونین ﷺ کا اسمِ گرامی زمین پر ”محمد“ اور آسمان پر ”احمد“ ہے، جس طرح رسولِ اکرم ﷺ کی ذات اَعلی، اَرفع اور ممتاز ہے ، ایسے ہی  آپ ﷺ کا نامِ نامی، اسم گرامی بھی اَعلی ، اَرفع اور ممتاز ہے، جیسے اللہ  تعالیٰ نے آپ ﷺ کی ذات کے لیے ساری مخلوق میں محبوبیت رکھ دی ہے، ایسے ہی آپ  ﷺ کے اسمِ گرامی کی  محبوبیت بھی  سب  کے  دلوں میں  پیدا فرمادی ہے، جیسے حضورﷺ کی ذات منبعِ فیوض و برکات ہے، ایسے ہی  اس پاک نام کی برکات کھلی آنکھوں نظر آتی ہیں، جیسے آپ ﷺ کی ذاتِ  بابرکات سے متعلق بے شمار  کتابیں تصنیف ہوئیں، ایسے ہی  فقط اسمِ گرامی  «محمد» کی عظمت  ومحبوبیت پر بھی مستقل کتابیں لکھی گئی ہیں، ہمارے  محبوب ﷺ کی حیات کا تو ہر گوشہ  وپہلو بلکہ آپ ﷺ کے ساتھ جس چیز کا بھی  تعلق جڑا ، اللہ تعالیٰ نے اسے کائنات کے لیےمحبوب بنادیا، نامِ محمد بھی عاشقوں کی جان ہے اور وہ اس نام میں سرور وخوشی، لذت وشیرینی محسوس کرتے ہیں ، چناں چہ  جیسے سیرت اور اخلاق وکردارِ مصطفی ٰﷺ اَپنا کر بے شمار لوگوں نے دونوں جہانوں کی سعادتیں لوٹیں ، ایسے ہی اَن گنت عشاق نے  اسمِ گرامی سے والہانہ الفت ومحبت کی مثالیں قائم کیں، بہت سوں نے نامِ محمد سے الفت ومحبت کا اظہار بایں طور  کیا کہ ان کی نظروں میں نسل در نسل اپنی اولاد کے لیے سوائے اس پاک نام کے کوئی جچا ہی نہیں ، کسی کی چار پشتوں میں اور کسی کی سترہ نسلوں میں ایک ہی نام چمکتا دمکتا نظر آتا ہے، <span style=""color:#27ae60;"">""بخاری شریف""  کی صحیح  روایت کے مطابق یہ نام خود اللہ تعالی نے رکھا ہے۔ </span> اسی طرح  حضور ﷺ نے محمد نام رکھنے کی خود اجازت عطا فرمائی ہے۔ جیساکہ حدیث پاک میں ہے:</p><p style=""text-align:justify;""><span class=""ar_writing""><span style=""color:#27ae60;"">""سمّوا بإسمي، ولا تكنوا بكنيتي"".</span></span>(صحیح مسلم،(3/1682) کتاب الاداب، ط: دار احیاء التراث العربی)</p><p style=""margin-left:9pt;margin-right:10.3pt;text-align:justify;"">یعنی میرے نام پر نام رکھو، البتہ میری کنیت اختیار نہ کرو۔ </p><p style=""margin-left:9pt;margin-right:10.3pt;text-align:justify;"">بلکہ  آپ ﷺ نے خود بھی کئی بچوں کا نام ”محمد“  رکھا ہے، یعنی رسول اللہﷺ کی خدمت میں جب  نومولود بچے لائے جاتے تھے  تو آپﷺ  تحنیک (گھٹی) کے بعد ان کا نام بھی تجویز فرماتے، چناں چہ ان میں سے کئی بچوں کانام آپ ﷺنے ”محمد“ رکھا۔  اسی طرح آپ ﷺ کا معمول تھا کہ نومسلموں میں سے بھی  اگر کسی کا نام صحیح نہ ہوتا  تو آپ ﷺ اس کا نام  تبدیل  فرمادیتے، چناں چہ کچھ صحابہ کا نام  آپ ﷺ نے خود تبدیل کرکے ”محمد“ رکھا۔</p><p style=""margin-left:9pt;margin-right:10.3pt;text-align:justify;""><span style=""color:#27ae60;"">محمد بن خلیفہ، محمد مولی رسولﷺ، محمد بن طلحہ،  محمد بن نبیط، محمد بن عباس بن فضلۃ، محمد بن انس بن فضالۃالانصاری، محمد بن مخلد بن سحیم، محمد بن یفدیدویہ، محمد بن ہلال بن العلیٰ، محمد بن معمر، محمد بن ضمرۃبن الاسود، محمد بن عمارۃ  بن حزم، محمد بن ثابت، محمد بن عمرو بن حزم، یہ وہ صحابہ ہیں جن کا نام حضور اکرم  ﷺ  نے  ”محمد“ رکھا یا حضور ﷺ کے حکم سے ان کا نام ”محمد“ رکھا گیا ، بلکہ اپنی امت کو بھی آپ ﷺ نے ”محمد“نام رکھنے کی ترغیب دی، چناں چہ فرمایا:</span></p><p style=""margin-left:9pt;margin-right:10.3pt;text-align:justify;""><span class=""ar_writing""><span style=""color:#27ae60;"">""ما ضر أحدكم لو كان في بيته محمد ومحمدان وثلاثة"".</span></span>(<span class=""ar_writing"">فيض القدير</span>(5/ 453) حرف المیم، ط:المکتبۃ التجاریہ الکبری ، مصر)</p><p style=""margin-left:9pt;margin-right:10.3pt;text-align:justify;"">ترجمہ: تم میں سے کسی کا کیا نقصان ہے(یعنی کوئی نقصان نہیں ) اس بات میں کہ اس کے گھر میں ایک، دو یا تین محمد(نام والے) ہوں۔</p><p style=""margin-left:9pt;margin-right:10.3pt;text-align:justify;"">کتابوں میں ”محمد“ نام رکھنے کے فضائل پر متعدد روایات نقل کی گئی ہیں ،  لیکن چوں کہ ان پر شدید جرح ہوئی ہے اور بعض روایات کو موضوع اور بعض کو کذب بھی لکھا گیا ہے؛ اس لیے یہاں صرف چند ایسی احادیث  ذکر کی جاتی ہیں  جو بعض محدثین کے یہاں صحیح یا ثابت ہیں، اس کے علاوہ  چند تابعین اور دیگر محققین علماء کے اقوال ذکر کیے جاتے ہیں ۔</p><p style=""margin-left:9pt;margin-right:10.3pt;text-align:justify;""><span class=""ar_writing""><span style=""color:#27ae60;"">1...</span></span>سیرت کی مشہور کتاب ”سیرتِ حلبیہ“ میں بعض محدثین کے حوالہ سے لکھا ہے کہ ”محمد“ نام کی فضیلت  میں جو احادیث ہیں ان میں  جو سب سے زیادہ صحیح ہونے کے قریب ہے وہ صرف یہ ہے کہ <span style=""color:#27ae60;"">"" جس شخص  کے ہاں لڑکا پیدا ہوا اور وہ میری محبت کی وجہ سے اور میرے نام  سے برکت حاصل کرنے کے لیے اس بچے کا نام ”محمد“ رکھے تو وہ شخص اور اس کا بچہ دونوں جنتی ہوں گے""۔</span></p><p style=""margin-left:9pt;margin-right:10.3pt;text-align:justify;""><span class=""ar_writing"">""قال بعض الحفاظ: وأصحها أي أقربها للصحة: «من ولد له مولود فسماه محمداً حباً لي وتبركاً باسمي كان هو ومولوده في الجنة»"" .</span>(<span class=""ar_writing"">السيرة الحلبية</span>  (1/ 121) باب تسمیتہ ﷺ محمداً واحمد، ط: دارا لکتب العلمیہ)</p><p style=""margin-left:9pt;margin-right:10.3pt;text-align:justify;"">اس روایت پر کلام موجود ہے، بعض علماء نے اسے حسن کہا ہے، تاہم ملاعلی قاری رحمہ اللہ اور دیگر نے اسے موضوع قرار دیا ہے، اس لیے یہ روایت بیان کرنا درست نہیں ہے۔ اس روایت کی مزید تفصیل کے لیے درج ذیل لنک دیکھیے:</p><p style=""margin-left:9pt;margin-right:10.3pt;text-align:justify;""><a href=""https://www.banuri.edu.pk/readquestion/%D9%85%D8%AD%D9%85%D8%AF-%D9%86%D8%A7%D9%85-%D8%B1%DA%A9%DA%BE%D9%86%DB%92-%D9%88%D8%A7%D9%84%D8%A7-%D8%A8%D8%A7%D9%BE-%D8%A7%D9%88%D8%B1-%D8%A8%DB%8C%D9%B9%D8%A7-%D8%AC%D9%86%D8%AA-%D9%85%DB%8C%DA%BA-%D8%AC%D8%A7%D8%A6%DB%8C%DA%BA-%DA%AF%DB%92-%DA%A9%DB%8C-%D8%AA%D8%AD%D9%82%DB%8C%D9%82-144107200224/01-03-2020"">محمد نام رکھنے والا باپ اور بیٹا جنت میں جائیں گے کی تحقیق</a></p><p style=""margin-left:9pt;margin-right:10.3pt;text-align:justify;""><span style=""color:#27ae60;""><span class=""ar_writing"">2... </span></span>اس سے ملتی جلتی  روایت ”العرف الشذی“(جوکہ حضرت مولانا محمد انور شاہ کشمیری رحمہ اللہ کی تقریرِ درسِ ترمذی ہے) میں بھی ""معجم الطبرانی"" کے حوالہ  سے نقل کی گئی ہے کہ<span style=""color:#27ae60;"">"" جس نے اپنے بیٹے کا نام محمد رکھا ، میں اس کی شفاعت کروں گا""۔</span></p><p style=""margin-left:9pt;margin-right:10.3pt;text-align:justify;""><span class=""ar_writing"">"" وفي رواية في المعجم للطبراني: «من سمى ولده محمداً، أنا شفيعه». وصحّحها أحد من المحدثين وضعّفه آخر"". (العرف الشذي شرح سنن الترمذي (4/ 181) کتاب الآداب، باب ما جاء یستحب من الأسماء ، ط: دارإحیاء التراث العربي، بیروت)</span></p><p style=""margin-left:9pt;margin-right:10.3pt;text-align:justify;""><span class=""ar_writing""><span style=""color:#27ae60;"">3...</span></span>""سیرتِ حلبیہ"" میں ایک اور معضل روایت نقل کی گئی ہے  کہ <span style=""color:#27ae60;"">""قیامت کے دن ایک پکارنے والا پکارے گا کہ اےمحمد! اٹھیے اور بغیر حساب  کتاب کے جنت میں داخل ہوجائیے ، تو ہر وہ آدمی جس کا نام ”محمد“ ہوگا  یہ سمجھتے ہوئے کہ  یہ اسے کہا جارہا ہے  وہ (جنت میں جانے کے لیے) کھڑا ہوجائے گا تو حضرت محمدﷺ کے اِکرام میں انہیں جنت میں جانے سے نہیں روکا جائےگا""۔</span></p><p style=""margin-left:9pt;margin-right:10.3pt;text-align:justify;""><span class=""ar_writing"">""وفي حديث معضل: «إذا كان يوم القيامة نادى منادٍ: يا محمد! قم فادخل الجنة بغير حساب! فيقوم كل من اسمه محمد، يتوهم أن النداء له؛ فلكرامة محمد صلى الله عليه وسلم لا يمنعون»"". </span>(<span class=""ar_writing"">السيرة الحلبية</span>  (1/ 121) باب تسمیتہ ﷺ محمداً واحمد، ط: دارا لکتب العلمیہ)</p><p style=""margin-left:9pt;margin-right:10.3pt;text-align:justify;""><span style=""color:#27ae60;""><span class=""ar_writing"">4...</span></span> امام مالک رحمہ اللہ فرماتے ہیں  کہ <span style=""color:#27ae60;"">""میں نے اہلِ مکہ سے سنا ہے کہ  جس گھر میں ”محمد“ نام والا ہو تو اس کی وجہ سے ان کو اور ان کے پڑوسیوں کو رزق دیا جاتا ہے""۔</span></p><p style=""margin-left:9pt;margin-right:10.3pt;text-align:justify;""><span class=""ar_writing"">""سمعت أهل مكة يقولون: ما من بيت فيه اسم محمد إلا نمى ورزقوا ورزق جيرانهم"".</span>(<span class=""ar_writing"">كتاب الشفاء،</span> الباب الثالث، الفصل الاول،(1/176) ط: دارالفکر)</p><p style=""margin-left:9pt;margin-right:10.3pt;text-align:justify;""><span style=""color:#27ae60;""><span class=""ar_writing"">5...</span></span>حدیث  شریف میں ”عبداللہ“ اور ”عبد الرحمن“ نام رکھنے کی ترغیب بھی آئی ہے، ان دو ناموں  کو اللہ کے نزدیک سب سے محبوب نام بتایا گیا ہے، علامہ شامی رحمہ اللہ نے اس پر بحث کرتے ہوئے کہ اللہ کے ہاں سب سے محبوب نام کون سا ہے؟ علامہ مناوی  رحمہ اللہ کے حوالہ سے  لکھا ہے کہ ” عبد اللہ“ اور ”عبد الرحمن“ ناموں کا افضل ہونا ”عبد“ سے شروع ہونے والے ناموں کے اعتبار سے ہے؛  کیوں کہ عرب لوگ ” عبد شمس“ اور عبد دار“ وغیرہ نام رکھا کرتے تھے تو یہ حکم ہوا کہ  ” عبد اللہ“ اور ”عبد الرحمن“ نام رکھا کرو، <span style=""color:#27ae60;"">اب یہ اس بات کے منافی نہیں ہے  کہ اللہ تعالیٰ کے  ہاں ناموں میں سے  سب سے محبوب نام ”محمد“ اور ”احمد“ ہیں ؛ کیوں کہ  اللہ تعالی نے اپنے نبی ﷺ کے لیے وہی نام پسند کیے  جو ان کے ہاں سب سے محبوب ہیں، اور گزشتہ سطور میں صحیح بخاری کے حوالے سے گزرا کہ آپ ﷺ کا نامِ نامی خود اللہ تبارک وتعالیٰ نے منتخب فرمایا ۔</span></p><p style=""margin-left:9pt;margin-right:10.3pt;text-align:justify;""><span class=""ar_writing"">""قال المناوي : ... وتفضيل التسمية بهما محمول على من أراد التسمي بالعبودية؛ لأنهم كانوا يسمون عبد شمس وعبد الدار، فلا ينافي أن اسم محمد وأحمد أحب إلى الله تعالى من جميع الأسماء، فإنه لم يختر لنبيه إلا ما هو أحب إليه، هذا هو الصواب، ولا يجوز حمله على الإطلاق اهـ. وورد: «من ولد له مولود فسماه محمداً كان هو ومولوده في الجنة». رواه ابن عساكر عن أمامة رفعه قال السيوطي: هذا أمثل حديث ورد في هذا الباب وإسناده حسن اهـ"".</span>(فتای شامی(6/ 417) کتاب الحظر والاباحۃ، ط: سعید)</p><p style=""margin-left:9pt;margin-right:10.3pt;text-align:justify;"">اس لیے  اللہ تعالیٰ اولاد سے نوازیں  تو کم از کم ایک بیٹے  کا نام حبیبِ خدا ﷺ کے نام پر رکھنا چاہیے۔ فقط واللہ اعلم</p></p><hr class=""big-hr""/><div class=""col-sm-6 col-md-6""><p class=""question_heading"" style=""color:#73161f"">فتویٰ نمبر : <a id=""fatwa_number"">143909202280</a></p></div><div class=""col-sm-6 col-md-6""><p style=""color:#73161f"">دارالافتاء :
                                جامعہ علوم اسلامیہ علامہ محمد یوسف بنوری ٹاؤن</p></div><hr class=""big-hr""/><div class=""col-sm-4 col-md-4""><div class=""tag""><a href=""https://www.banuri.edu.pk/questions/kitab/huqooq-muashret""><i class=""icon-docs-bold""></i> حقوق و آدابِ معاشرت</a></div></div><div class=""col-sm-4 col-md-4""><div class=""tag""><a href=""https://www.banuri.edu.pk/questions/bab/bahmi-huqooq""><i class=""icon-docs-bold""></i> حقوق</a></div></div><div class=""col-sm-4 col-md-4""><div class=""tag""><a href=""https://www.banuri.edu.pk/questions/fasal/olad-ky-hoqoq""><i class=""icon-docs-bold""></i> اولاد کے حقوق</a></div></div></div>"
https://www.banuri.edu.pk/readquestion/علماء-کرام-کے-ویڈیو-بیان-دیکھنا-اور-اس-کو-محفوظ-رکھنا/05-09-2018,علماءِ کرام کے ویڈیو بیان دیکھنا اور انہیں محفوظ رکھنے کا حکم,"<p><p style=""text-align:justify;""> علمائے کرام کے جو بیانات ویڈیو میں ہوتے ہیں ان کو دیکھ سکتے ہیں یا نہیں؟ اور علماء کی تصاویر اور ویڈیو بیانات کو فون میں سیو رکھ سکتے ہیں یا نہیں؟</p></p>","<p><p style=""text-align:justify;"">شدید ضرورت کے بغیر جاندار کی تصویر بنانا (خواہ ڈیجیٹل ہو) حرام اور کبیرہ  گناہ ہے،  لہذا  جاندار کی تصاویر والی  ویڈیو  بنانا، دیکھنا، اور موبائل میں محفوظ رکھنا  جائز نہیں،اور   یہ ناجائز عمل خواہ تبلیغ کے لیے ہو یا کسی اور مقصد  کے حصول کے لیے ہو ، بہرصورت ناجائز ہے، علماءِ کرام سے استفادہ کے لیے براہِ راست ان کی مجالس میں شرکت کرکے ان کے بیان سن لیے جائیں، یا ان کے آڈیو بیان سن لیے جائیں۔ حرام چیز کو لذت یا چاہت سے دیکھنا بھی گناہ ہے، لہٰذا جاندار کی ویڈیو بنانے کی طرح ویڈیو دیکھنا بھی باعثِ گناہ ہے خواہ علما ہی کی کیوں نہ ہو۔<span class=""ar_writing"">الدُّرِّ الْمُخْتَارِ کِتَابُ الْاَشْرِبَةِ:</span></p><p style=""text-align:justify;""><span class=""ar_writing"">''وَحَرُمَ الْاِنْتِفَاعُ بِالْخَمْرِ وَلَوْ لِسَقي دَوَابٍ أَوْ لِطِیْنٍ <span style=""color:#27ae60;"">أَوْ نَظْرٍ لِلتَّلَهي</span>'' .</span></p><p style=""text-align:justify;"">ترجمہ: شراب سے نفع اٹھانا حرام ہے، اگرچہ چوپایوں کو پلانے، گارے میں ملانے کے لیے ہو یا <span style=""color:#27ae60;"">محض لذت کے طور پر دیکھنے کے لیے ہو</span>۔  فقط واللہ اعلم</p></p><hr class=""big-hr""/>",05-09-2018,143909202282,banuri.edu.pk,حظر و اباحت,تفریح / کھیل,ٹی وی / وی سی آر / سینما / انٹرنیٹ/تصویر سازی,"<div class=""col-md-12 sawal-jawab""><h3 class=""question_heading"">سوال</h3><p><p style=""text-align:justify;""> علمائے کرام کے جو بیانات ویڈیو میں ہوتے ہیں ان کو دیکھ سکتے ہیں یا نہیں؟ اور علماء کی تصاویر اور ویڈیو بیانات کو فون میں سیو رکھ سکتے ہیں یا نہیں؟</p></p><h4 class=""question_heading"">جواب</h4><p><p style=""text-align:justify;"">شدید ضرورت کے بغیر جاندار کی تصویر بنانا (خواہ ڈیجیٹل ہو) حرام اور کبیرہ  گناہ ہے،  لہذا  جاندار کی تصاویر والی  ویڈیو  بنانا، دیکھنا، اور موبائل میں محفوظ رکھنا  جائز نہیں،اور   یہ ناجائز عمل خواہ تبلیغ کے لیے ہو یا کسی اور مقصد  کے حصول کے لیے ہو ، بہرصورت ناجائز ہے، علماءِ کرام سے استفادہ کے لیے براہِ راست ان کی مجالس میں شرکت کرکے ان کے بیان سن لیے جائیں، یا ان کے آڈیو بیان سن لیے جائیں۔ حرام چیز کو لذت یا چاہت سے دیکھنا بھی گناہ ہے، لہٰذا جاندار کی ویڈیو بنانے کی طرح ویڈیو دیکھنا بھی باعثِ گناہ ہے خواہ علما ہی کی کیوں نہ ہو۔<span class=""ar_writing"">الدُّرِّ الْمُخْتَارِ کِتَابُ الْاَشْرِبَةِ:</span></p><p style=""text-align:justify;""><span class=""ar_writing"">''وَحَرُمَ الْاِنْتِفَاعُ بِالْخَمْرِ وَلَوْ لِسَقي دَوَابٍ أَوْ لِطِیْنٍ <span style=""color:#27ae60;"">أَوْ نَظْرٍ لِلتَّلَهي</span>'' .</span></p><p style=""text-align:justify;"">ترجمہ: شراب سے نفع اٹھانا حرام ہے، اگرچہ چوپایوں کو پلانے، گارے میں ملانے کے لیے ہو یا <span style=""color:#27ae60;"">محض لذت کے طور پر دیکھنے کے لیے ہو</span>۔  فقط واللہ اعلم</p></p><hr class=""big-hr""/><div class=""col-sm-6 col-md-6""><p class=""question_heading"" style=""color:#73161f"">فتویٰ نمبر : <a id=""fatwa_number"">143909202282</a></p></div><div class=""col-sm-6 col-md-6""><p style=""color:#73161f"">دارالافتاء :
                                جامعہ علوم اسلامیہ علامہ محمد یوسف بنوری ٹاؤن</p></div><hr class=""big-hr""/><div class=""col-sm-4 col-md-4""><div class=""tag""><a href=""https://www.banuri.edu.pk/questions/kitab/mamnooaat-mubahat""><i class=""icon-docs-bold""></i> حظر و اباحت</a></div></div><div class=""col-sm-4 col-md-4""><div class=""tag""><a href=""https://www.banuri.edu.pk/questions/bab/tafreeh-khel""><i class=""icon-docs-bold""></i> تفریح / کھیل</a></div></div><div class=""col-sm-4 col-md-4""><div class=""tag""><a href=""https://www.banuri.edu.pk/questions/fasal/tv-vcr-cinema-internet-taswer-sazi""><i class=""icon-docs-bold""></i> ٹی وی / وی سی آر / سینما / انٹرنیٹ/تصویر سازی</a></div></div></div>"
https://www.banuri.edu.pk/readquestion/نکاح-میں-ایک-شخص-کا-مرد-اور-عورت-دونوں-کی-طرف-سے-وکیل-بننا/05-09-2018,نکاح میں ایک شخص کا مرد اور عورت دونوں کی طرف سے وکیل بننا,"<p><p>کیا فرماتے ہیں علمائے کرام اس بارے میں کہ:</p><p style=""text-align:justify;"">جب مرد اور عورت دونوں کسی ایک شخص کو وکیل بنائیں نکاح میں،  کیا نکاح منعقد ہو جائے گا؟</p></p>","<p><p style=""text-align:justify;"">نکاح میں ایک شخص مرد اور عورت دونوں کی طرف سے وکیل بن سکتا ہے۔</p><p style=""text-align:justify;""><span class=""ar_writing"">الدر المختار وحاشية ابن عابدين (رد المحتار) (3/ 96)<br/>
""(ويتولى طرفي النكاح واحد) بإيجاب يقوم مقام القبول في خمس صور: كأن كان ولياً أو وكيلاً من الجانبين أو أصيلاً من جانب ووكيلاً أو ولياً من آخر، أو ولياً من جانب وكيلاً من آخر، كزوجت بنتي من موكلي.</span></p><p style=""text-align:justify;""><span class=""ar_writing"">(قوله: ولياً أو وكيلاً من الجانبين) كزوجت ابني بنت أخي، أو زوجت موكلي فلاناً موكلتي فلانةً، قال ط: ويكفي شاهدان على وكالته، ووكالتها وعلى العقد؛ لأن  الشاهد يتحمل الشهادات العديدة. اهـ. وقدمنا أن الشهادة على الوكالة لا تلزم إلا عند الجحود"".</span>فقط واللہ اعلم</p></p><hr class=""big-hr""/>",05-09-2018,143909202283,banuri.edu.pk,نکاح,نکاح فاسد و باطل,دوسرے کی بیوی سے نکاح,"<div class=""col-md-12 sawal-jawab""><h3 class=""question_heading"">سوال</h3><p><p>کیا فرماتے ہیں علمائے کرام اس بارے میں کہ:</p><p style=""text-align:justify;"">جب مرد اور عورت دونوں کسی ایک شخص کو وکیل بنائیں نکاح میں،  کیا نکاح منعقد ہو جائے گا؟</p></p><h4 class=""question_heading"">جواب</h4><p><p style=""text-align:justify;"">نکاح میں ایک شخص مرد اور عورت دونوں کی طرف سے وکیل بن سکتا ہے۔</p><p style=""text-align:justify;""><span class=""ar_writing"">الدر المختار وحاشية ابن عابدين (رد المحتار) (3/ 96)<br/>
""(ويتولى طرفي النكاح واحد) بإيجاب يقوم مقام القبول في خمس صور: كأن كان ولياً أو وكيلاً من الجانبين أو أصيلاً من جانب ووكيلاً أو ولياً من آخر، أو ولياً من جانب وكيلاً من آخر، كزوجت بنتي من موكلي.</span></p><p style=""text-align:justify;""><span class=""ar_writing"">(قوله: ولياً أو وكيلاً من الجانبين) كزوجت ابني بنت أخي، أو زوجت موكلي فلاناً موكلتي فلانةً، قال ط: ويكفي شاهدان على وكالته، ووكالتها وعلى العقد؛ لأن  الشاهد يتحمل الشهادات العديدة. اهـ. وقدمنا أن الشهادة على الوكالة لا تلزم إلا عند الجحود"".</span>فقط واللہ اعلم</p></p><hr class=""big-hr""/><div class=""col-sm-6 col-md-6""><p class=""question_heading"" style=""color:#73161f"">فتویٰ نمبر : <a id=""fatwa_number"">143909202283</a></p></div><div class=""col-sm-6 col-md-6""><p style=""color:#73161f"">دارالافتاء :
                                جامعہ علوم اسلامیہ علامہ محمد یوسف بنوری ٹاؤن</p></div><hr class=""big-hr""/><div class=""col-sm-4 col-md-4""><div class=""tag""><a href=""https://www.banuri.edu.pk/questions/kitab/nikah""><i class=""icon-docs-bold""></i> نکاح</a></div></div><div class=""col-sm-4 col-md-4""><div class=""tag""><a href=""https://www.banuri.edu.pk/questions/bab/nikah-e-fasid-o-batil""><i class=""icon-docs-bold""></i> نکاح فاسد و باطل</a></div></div><div class=""col-sm-4 col-md-4""><div class=""tag""><a href=""https://www.banuri.edu.pk/questions/fasal/nikah-sahih-o-fasid""><i class=""icon-docs-bold""></i> دوسرے کی بیوی سے نکاح</a></div></div></div>"
https://www.banuri.edu.pk/readquestion/بچے-کے-کان-میں-اذان-دینے-کا-مسنون-طریقہ/31-08-2018,بچے کے کان میں اذان دینے کا مسنون طریقہ,"<p><p style=""text-align:justify;"">بچے کے کان میں اذان دینے کا مسنون طریقہ کیا ہے؟ اور کیا اذان زوال کے اوقات کے دوران بھی دی جا سکتی ہے؟</p></p>","<p><p style=""text-align:justify;"">جب بچہ پیدا ہوتا ہے تو اس کے دائیں کان میں اذان اور بائیں کان میں اقامت کہنا مسنون عمل ہے،بچے کو پاک وصاف کرکےحتی المقدورجلداذان واقامت کہنی چاہیے؛ تاکہ بچے کے کان میں سب سے پہلے جانے والی آوازاللہ اوراس کے رسول کا  ذکر ہو، طریقہ یہ ہے کہ بچے کوہاتھوں پر اُٹھاکرقبلہ رخ کھڑے ہوکردائیں کان میں اذان اوربائیں کان میں اقامت کہی جائے، اورحسبِ معمول <span class=""ar_writing"">""حي علی الصلاة"" </span> کہتے وقت دائیں طرف اور <span class=""ar_writing"">""حي علی الفلاح""</span>کہتے وقت بائیں طرف منہ پھیراجائے۔ نیز یہ اذان زوال کے وقت بھی دی جاسکتی ہے۔فقط واللہ اعلم</p></p><hr class=""big-hr""/>",31-08-2018,143909202144,banuri.edu.pk,حقوق و آدابِ معاشرت,حقوق,اولاد کے حقوق,"<div class=""col-md-12 sawal-jawab""><h3 class=""question_heading"">سوال</h3><p><p style=""text-align:justify;"">بچے کے کان میں اذان دینے کا مسنون طریقہ کیا ہے؟ اور کیا اذان زوال کے اوقات کے دوران بھی دی جا سکتی ہے؟</p></p><h4 class=""question_heading"">جواب</h4><p><p style=""text-align:justify;"">جب بچہ پیدا ہوتا ہے تو اس کے دائیں کان میں اذان اور بائیں کان میں اقامت کہنا مسنون عمل ہے،بچے کو پاک وصاف کرکےحتی المقدورجلداذان واقامت کہنی چاہیے؛ تاکہ بچے کے کان میں سب سے پہلے جانے والی آوازاللہ اوراس کے رسول کا  ذکر ہو، طریقہ یہ ہے کہ بچے کوہاتھوں پر اُٹھاکرقبلہ رخ کھڑے ہوکردائیں کان میں اذان اوربائیں کان میں اقامت کہی جائے، اورحسبِ معمول <span class=""ar_writing"">""حي علی الصلاة"" </span> کہتے وقت دائیں طرف اور <span class=""ar_writing"">""حي علی الفلاح""</span>کہتے وقت بائیں طرف منہ پھیراجائے۔ نیز یہ اذان زوال کے وقت بھی دی جاسکتی ہے۔فقط واللہ اعلم</p></p><hr class=""big-hr""/><div class=""col-sm-6 col-md-6""><p class=""question_heading"" style=""color:#73161f"">فتویٰ نمبر : <a id=""fatwa_number"">143909202144</a></p></div><div class=""col-sm-6 col-md-6""><p style=""color:#73161f"">دارالافتاء :
                                جامعہ علوم اسلامیہ علامہ محمد یوسف بنوری ٹاؤن</p></div><hr class=""big-hr""/><div class=""col-sm-4 col-md-4""><div class=""tag""><a href=""https://www.banuri.edu.pk/questions/kitab/huqooq-muashret""><i class=""icon-docs-bold""></i> حقوق و آدابِ معاشرت</a></div></div><div class=""col-sm-4 col-md-4""><div class=""tag""><a href=""https://www.banuri.edu.pk/questions/bab/bahmi-huqooq""><i class=""icon-docs-bold""></i> حقوق</a></div></div><div class=""col-sm-4 col-md-4""><div class=""tag""><a href=""https://www.banuri.edu.pk/questions/fasal/olad-ky-hoqoq""><i class=""icon-docs-bold""></i> اولاد کے حقوق</a></div></div></div>"
https://www.banuri.edu.pk/readquestion/نماز-عصر-مثل-اول-میں-ادا-کرنے-کا-حکم/03-09-2018,نمازِ عصر مثلِ اول میں ادا کرنے کا حکم,"<p><p style=""text-align:justify;"">میں اہلِ حدیث حضرات کی فیکٹری میں کام کرتاہوں،کبھی کبھار وہ ہمیں اپنے ساتھ  فیکٹری میں نماز کے لیے لے جاتے ہیں، اور وہ اپنے وقت پر جلدی نماز پڑھتے ہیں، تو کیاان کے وقت میں نماز پڑھ لینی چاہیے یا نہیں؟</p></p>","<p><p style=""margin-left:0;margin-right:0;text-align:justify;"">فقہ حنفی میں مفتی بہ قول کے مطابق عصر کی نماز کے وقت کی ابتدا ہر چیز کے سائے کے (زوال کے وقت کے سائے کے علاوہ) دو مثل یعنی دوگنا ہوجانے کے بعد ہوتی ہے؛ اس لیے اس وقت سے قبل عصر کی نماز پڑھنا درست نہیں ہے۔لہذا مذکورہ ادارے میں مثلِ ثانی سے قبل باجماعت نماز کی ادائیگی درست نہیں، کچھ وقت انتظار کرکے نمازِ عصر  باجماعت اپنے وقت پر صحیح العقیدہ امام کی اقتدا میں ادا کرلیاکریں۔</p><p style=""margin-left:0;margin-right:0;text-align:justify;"">'' فتاوی شامی '' میں ہے:</p><p style=""text-align:justify;""><span class=""ar_writing"">قال ابن عابدين ناقلاً عن السراج: "" هل إذا لزم من تأخيره العصر إلى المثلين فوت الجماعة يكون الأولى التأخير أم لا؟ الظاهر الأول، بل يلزم لمن اعتقد رجحان قول الإمام، تأمل، ثم رأيت في آخر شرح المنية ناقلاً عن بعض الفتاوى: أنه لو كان إمام محلته يصلي العشاء قبل غياب الشفق الأبيض، فالأفضل أن يصليها وحده بعد البياض"".</span> (۱: ۳۵۹ ط:سعید) فقط واللہ اعلم</p></p><hr class=""big-hr""/>",03-09-2018,143909202212,banuri.edu.pk,نماز,نمازوں کے اوقات,نمازوں کے اوقات,"<div class=""col-md-12 sawal-jawab""><h3 class=""question_heading"">سوال</h3><p><p style=""text-align:justify;"">میں اہلِ حدیث حضرات کی فیکٹری میں کام کرتاہوں،کبھی کبھار وہ ہمیں اپنے ساتھ  فیکٹری میں نماز کے لیے لے جاتے ہیں، اور وہ اپنے وقت پر جلدی نماز پڑھتے ہیں، تو کیاان کے وقت میں نماز پڑھ لینی چاہیے یا نہیں؟</p></p><h4 class=""question_heading"">جواب</h4><p><p style=""margin-left:0;margin-right:0;text-align:justify;"">فقہ حنفی میں مفتی بہ قول کے مطابق عصر کی نماز کے وقت کی ابتدا ہر چیز کے سائے کے (زوال کے وقت کے سائے کے علاوہ) دو مثل یعنی دوگنا ہوجانے کے بعد ہوتی ہے؛ اس لیے اس وقت سے قبل عصر کی نماز پڑھنا درست نہیں ہے۔لہذا مذکورہ ادارے میں مثلِ ثانی سے قبل باجماعت نماز کی ادائیگی درست نہیں، کچھ وقت انتظار کرکے نمازِ عصر  باجماعت اپنے وقت پر صحیح العقیدہ امام کی اقتدا میں ادا کرلیاکریں۔</p><p style=""margin-left:0;margin-right:0;text-align:justify;"">'' فتاوی شامی '' میں ہے:</p><p style=""text-align:justify;""><span class=""ar_writing"">قال ابن عابدين ناقلاً عن السراج: "" هل إذا لزم من تأخيره العصر إلى المثلين فوت الجماعة يكون الأولى التأخير أم لا؟ الظاهر الأول، بل يلزم لمن اعتقد رجحان قول الإمام، تأمل، ثم رأيت في آخر شرح المنية ناقلاً عن بعض الفتاوى: أنه لو كان إمام محلته يصلي العشاء قبل غياب الشفق الأبيض، فالأفضل أن يصليها وحده بعد البياض"".</span> (۱: ۳۵۹ ط:سعید) فقط واللہ اعلم</p></p><hr class=""big-hr""/><div class=""col-sm-6 col-md-6""><p class=""question_heading"" style=""color:#73161f"">فتویٰ نمبر : <a id=""fatwa_number"">143909202212</a></p></div><div class=""col-sm-6 col-md-6""><p style=""color:#73161f"">دارالافتاء :
                                جامعہ علوم اسلامیہ علامہ محمد یوسف بنوری ٹاؤن</p></div><hr class=""big-hr""/><div class=""col-sm-4 col-md-4""><div class=""tag""><a href=""https://www.banuri.edu.pk/questions/kitab/salat""><i class=""icon-docs-bold""></i> نماز</a></div></div><div class=""col-sm-4 col-md-4""><div class=""tag""><a href=""https://www.banuri.edu.pk/questions/bab/namazon-k-auqat""><i class=""icon-docs-bold""></i> نمازوں کے اوقات</a></div></div><div class=""col-sm-4 col-md-4""><div class=""tag""><a href=""https://www.banuri.edu.pk/questions/fasal/namazon-k-auqat""><i class=""icon-docs-bold""></i> نمازوں کے اوقات</a></div></div></div>"
https://www.banuri.edu.pk/readquestion/جیز-ایزی-پیسہ-میں-ملنے-والے-مفت-منٹ-کا-استعمال/03-09-2018,جیز ایزی پیسہ میں ملنے والے مفت منٹ کا استعمال,"<p><p style=""text-align:justify;"">میں نے اپنے نمبر پر جیز کیش اکاؤ نٹ کھلوایا ہے اور اس میں تین ہزار بھی رکھے ہوئے ہیں، اس کی وجہ سے سو جیز منٹس اور میسجز ملتے ہیں، مجھے بتائیں ان کا استعمال کہیں سود میں تو نہیں آتا؟ اور استعمال کرنے چاہییں یا نہیں؟</p></p>","<p><p style=""text-align:justify;"">کمپنی کی طرف سے مذکورہ اضافی 100 منٹس اور میسجز  ، اکاؤنٹ میں مخصوص رقم  رکھنے کی شرط پر دیے جاتے ہیں اور رقم نہ رکھنے کی صورت میں نہیں دیے جاتے، تو چوں کہ یہ قرض کی بنیاد پر حاصل ہونے والا مشروط نفع ہونے کی وجہ سے سود میں داخل ہے؛ لہٰذا  ان منٹس کا استعمال کرنا جائز نہیں ہوگا۔</p><p style=""text-align:justify;""><span class=""ar_writing"">الدر المختار وحاشية ابن عابدين (رد المحتار) (5/ 166)</span></p><p style=""text-align:justify;""><span class=""ar_writing"">''وفي الأشباه: كل قرض جر نفعاً حرام''.</span></p><p style=""text-align:justify;""><span class=""ar_writing"">(قوله: كل قرض جر نفعاً حرام) أي إذا كان مشروطاً''.</span>فقط واللہ اعلم</p></p><hr class=""big-hr""/>",03-09-2018,143909202210,banuri.edu.pk,معاملات,سود / بینکاری / انشورنس / شیئرز,سودی قرضہ کی لین دین,"<div class=""col-md-12 sawal-jawab""><h3 class=""question_heading"">سوال</h3><p><p style=""text-align:justify;"">میں نے اپنے نمبر پر جیز کیش اکاؤ نٹ کھلوایا ہے اور اس میں تین ہزار بھی رکھے ہوئے ہیں، اس کی وجہ سے سو جیز منٹس اور میسجز ملتے ہیں، مجھے بتائیں ان کا استعمال کہیں سود میں تو نہیں آتا؟ اور استعمال کرنے چاہییں یا نہیں؟</p></p><h4 class=""question_heading"">جواب</h4><p><p style=""text-align:justify;"">کمپنی کی طرف سے مذکورہ اضافی 100 منٹس اور میسجز  ، اکاؤنٹ میں مخصوص رقم  رکھنے کی شرط پر دیے جاتے ہیں اور رقم نہ رکھنے کی صورت میں نہیں دیے جاتے، تو چوں کہ یہ قرض کی بنیاد پر حاصل ہونے والا مشروط نفع ہونے کی وجہ سے سود میں داخل ہے؛ لہٰذا  ان منٹس کا استعمال کرنا جائز نہیں ہوگا۔</p><p style=""text-align:justify;""><span class=""ar_writing"">الدر المختار وحاشية ابن عابدين (رد المحتار) (5/ 166)</span></p><p style=""text-align:justify;""><span class=""ar_writing"">''وفي الأشباه: كل قرض جر نفعاً حرام''.</span></p><p style=""text-align:justify;""><span class=""ar_writing"">(قوله: كل قرض جر نفعاً حرام) أي إذا كان مشروطاً''.</span>فقط واللہ اعلم</p></p><hr class=""big-hr""/><div class=""col-sm-6 col-md-6""><p class=""question_heading"" style=""color:#73161f"">فتویٰ نمبر : <a id=""fatwa_number"">143909202210</a></p></div><div class=""col-sm-6 col-md-6""><p style=""color:#73161f"">دارالافتاء :
                                جامعہ علوم اسلامیہ علامہ محمد یوسف بنوری ٹاؤن</p></div><hr class=""big-hr""/><div class=""col-sm-4 col-md-4""><div class=""tag""><a href=""https://www.banuri.edu.pk/questions/kitab/muamlat""><i class=""icon-docs-bold""></i> معاملات</a></div></div><div class=""col-sm-4 col-md-4""><div class=""tag""><a href=""https://www.banuri.edu.pk/questions/bab/sood-bankari-insurance-shares""><i class=""icon-docs-bold""></i> سود / بینکاری / انشورنس / شیئرز</a></div></div><div class=""col-sm-4 col-md-4""><div class=""tag""><a href=""https://www.banuri.edu.pk/questions/fasal/soodi-qarzay-ki-layn-dayn""><i class=""icon-docs-bold""></i> سودی قرضہ کی لین دین</a></div></div></div>"
https://www.banuri.edu.pk/readquestion/ٹیلی-پیتھی-ہیپناٹیزم-اور-مسمریزم-سیکھنے-کا-حکم/20-05-2018,ٹیلی پیتھی، ہیپناٹیزم اور مسمریزم سیکھنے کا حکم,,"<p><p style=""margin-left:9pt;margin-right:10.3pt;text-align:justify;"">ہیپناٹیزم، اور ٹیلی پیتھی یہ  دونوں علوم جائز اور ناجائز دونوں مقاصد کے لیے استعمال ہوتے ہیں ، اور ان سے علاج معالجہ بھی کیا جاتا ہے، اگر کوئی شخص ان  کو صرف جائز  علاج معالجہ کی غرض سے سیکھتا ہے، اور اس کے سیکھنے میں کوئی شرکیہ کلمات کہنے نہ پڑتے ہوں ، اور نہ ہی شیطان اور غیر اللہ سے مدد حاصل کی جاتی ہو اور نہ ہی کسی اور غیر شرعی امر کا ارتکاب کیا جاتا ہو،  بلکہ صرف  جائز طریقوں سے مشقوں وغیرہ کے ذریعے سے یہ سیکھ کر مخلوق کا علاج کیا جائے ، اور اس میں جو الفاظ کہے جائیں ان کا معنی ومفہوم بھی معلوم ہوتو اس کی گنجائش ہے۔  اگر اسے کسی  ناجائز مقصد کے لیے سیکھا جائے، یا اس کے سیکھنے میں شرکیہ کلمات کہنے پڑتے ہوں ، یا غیر اللہ سے مدد حاصل کی جاتی ہو، یا کوئی اور خلافِ شرع بات پائی جاتی ہو یا ان کے کلمات کے معنی ومفہوم معلوم نہ ہوں تو اس کا سیکھنا ناجائز اور حرام ہوگا۔</p><p style=""margin-left:9pt;margin-right:10.3pt;text-align:justify;"">باقی مسمریزم میں  بہت سے مفاسد پائے جاتے ہیں، اس میں اگر کلماتِ کفریہ یا شرکیہ کہے جاتے ہوں تب اس کے حرام ہونے میں شبہ نہیں، بلکہ بعض صورتوں میں موجبِ کفر بھی ہوگا،  اور  اگر اس میں کوئی مانعِ شرعی نہ ہو پھر بھی اُس کے سیکھنے کی اِجازت شرعاً نہیں ہے؛ اس لیے کہ یہ فن عموماً شر وفساد کا ذریعہ بنتا ہے، اور اسی کے لیے استعمال ہوتا ہے، اور بہت سے مفاسدِ اعتقادیہ وعملیہ کو متضمن ہے۔حکیم الامت حضرت مولانا اشرف علی تھانوی صاحب نے  ""امداد الفتاوی"" میں  مسمریزم پر مفصل  بحث کی ہے اور اس کے سیکھنے کو  ناجائز لکھا ہے۔ (تفصیل کے لیے دیکھیے امداد الفتاوی 4/73، ط: مکتبہ دارالعلوم کراچی)۔ فقط واللہ اعلم</p></p><hr class=""big-hr""/>",20-05-2018,143909200010,banuri.edu.pk,علوم و فنون,علومِ عصریہ اور دیگر قدیم و جدید علوم,علومِ عصریہ کے احکام,"<div class=""col-md-12 sawal-jawab""><h3 class=""question_heading"">سوال</h3><p><p style=""text-align:justify;"">ٹیلی پیتھی، ہیپنا ٹیزم اور مسمرزم کو سیکھنا کیسا ہے ؟ یہ علم بذاتِ خود ناجائز  تو نہیں ہے ؟ اگر کسی کو نقصان پہنچا نا مقصود نہ ہو تو کیا اس کا سیکھنا جا ئز ہے؟ اگر نیت صرف بیما ریوں کو دور کو کرنا ہو تو کیا اس کی اجازت ہے ؟تفصیل سے جواب مطلوب ہے!</p></p><h4 class=""question_heading"">جواب</h4><p><p style=""margin-left:9pt;margin-right:10.3pt;text-align:justify;"">ہیپناٹیزم، اور ٹیلی پیتھی یہ  دونوں علوم جائز اور ناجائز دونوں مقاصد کے لیے استعمال ہوتے ہیں ، اور ان سے علاج معالجہ بھی کیا جاتا ہے، اگر کوئی شخص ان  کو صرف جائز  علاج معالجہ کی غرض سے سیکھتا ہے، اور اس کے سیکھنے میں کوئی شرکیہ کلمات کہنے نہ پڑتے ہوں ، اور نہ ہی شیطان اور غیر اللہ سے مدد حاصل کی جاتی ہو اور نہ ہی کسی اور غیر شرعی امر کا ارتکاب کیا جاتا ہو،  بلکہ صرف  جائز طریقوں سے مشقوں وغیرہ کے ذریعے سے یہ سیکھ کر مخلوق کا علاج کیا جائے ، اور اس میں جو الفاظ کہے جائیں ان کا معنی ومفہوم بھی معلوم ہوتو اس کی گنجائش ہے۔  اگر اسے کسی  ناجائز مقصد کے لیے سیکھا جائے، یا اس کے سیکھنے میں شرکیہ کلمات کہنے پڑتے ہوں ، یا غیر اللہ سے مدد حاصل کی جاتی ہو، یا کوئی اور خلافِ شرع بات پائی جاتی ہو یا ان کے کلمات کے معنی ومفہوم معلوم نہ ہوں تو اس کا سیکھنا ناجائز اور حرام ہوگا۔</p><p style=""margin-left:9pt;margin-right:10.3pt;text-align:justify;"">باقی مسمریزم میں  بہت سے مفاسد پائے جاتے ہیں، اس میں اگر کلماتِ کفریہ یا شرکیہ کہے جاتے ہوں تب اس کے حرام ہونے میں شبہ نہیں، بلکہ بعض صورتوں میں موجبِ کفر بھی ہوگا،  اور  اگر اس میں کوئی مانعِ شرعی نہ ہو پھر بھی اُس کے سیکھنے کی اِجازت شرعاً نہیں ہے؛ اس لیے کہ یہ فن عموماً شر وفساد کا ذریعہ بنتا ہے، اور اسی کے لیے استعمال ہوتا ہے، اور بہت سے مفاسدِ اعتقادیہ وعملیہ کو متضمن ہے۔حکیم الامت حضرت مولانا اشرف علی تھانوی صاحب نے  ""امداد الفتاوی"" میں  مسمریزم پر مفصل  بحث کی ہے اور اس کے سیکھنے کو  ناجائز لکھا ہے۔ (تفصیل کے لیے دیکھیے امداد الفتاوی 4/73، ط: مکتبہ دارالعلوم کراچی)۔ فقط واللہ اعلم</p></p><hr class=""big-hr""/><div class=""col-sm-6 col-md-6""><p class=""question_heading"" style=""color:#73161f"">فتویٰ نمبر : <a id=""fatwa_number"">143909200010</a></p></div><div class=""col-sm-6 col-md-6""><p style=""color:#73161f"">دارالافتاء :
                                جامعہ علوم اسلامیہ علامہ محمد یوسف بنوری ٹاؤن</p></div><hr class=""big-hr""/><div class=""col-sm-4 col-md-4""><div class=""tag""><a href=""https://www.banuri.edu.pk/questions/kitab/uloom-funoon""><i class=""icon-docs-bold""></i> علوم و فنون</a></div></div><div class=""col-sm-4 col-md-4""><div class=""tag""><a href=""https://www.banuri.edu.pk/questions/bab/asri-uloom""><i class=""icon-docs-bold""></i> علومِ عصریہ اور دیگر قدیم و جدید علوم</a></div></div><div class=""col-sm-4 col-md-4""><div class=""tag""><a href=""https://www.banuri.edu.pk/questions/fasal/uloom-e-asriya-k-ahkaam""><i class=""icon-docs-bold""></i> علومِ عصریہ کے احکام</a></div></div></div>"
https://www.banuri.edu.pk/readquestion/باہر-ممالک-سے-درآمد-شدہ-مرغی-کا-حکم-حرام-طریقے-سے-ذبح-کی-گئی-مرغی-کو-چاول-میں-پکانے-سے-چاول-کا-حکم-2/15-07-2018,باہر ممالک سے درآمد شدہ مرغی کا حکم / مذبوحہ حرام ہو تو اس گوشت میں پکے ہوئے چاول کا حکم,"<p><p> باہر  ممالک سے جو مرغ  در آمد ہوتے ہیں ان کا کیا حکم ہے؟</p><p style=""text-align:justify;"">اور ہوٹلوں میں اگر چاول میں پکایا گیا ہو تو اس گوشت حرام ہونے کی صورت چاول کا کیا حکم ہے ؟</p></p>","<p><p style=""text-align:justify;"">باہر  ممالک سے خاص کر غیر اسلامی ممالک سے جو گوشت درآمد کیا جاتاہے، اس کے بارے میں چند تحفظات ہیں،مثلاً:</p><p style=""text-align:justify;"">    ۱:۔۔۔  ان کے بارے میں معلوم نہیں کہ ذبح کرنے والے کون ہیں؟ مسلمان ہیں یا کافر؟</p><p style=""text-align:justify;"">    ۲:۔۔۔  نہ یہ معلوم ہے کہ آیا شرعی طریقہ سے ذبح کیا جاتاہے یا نہیں؟   </p><p style=""text-align:justify;""> ۳:۔۔۔ اس کے علاوہ اکثر مرغی کو ذبح کرتے ہی فوراً کھولتے ہوئے پانی میں ڈال دیا جاتاہے؛ تاکہ اس کے پر وغیرہ صاف ہوسکیں، جب کہ تمام آلائش اس کے اندر ہوتی ہے، جس سے مرغی کا تمام گوشت ناپاک ہوجاتا ہے۔<br/>
    ۴:۔۔۔ اسی طرح مشینی ذبح کو اہلِ علم نے صحیح قرار نہیں دیا ؛چوں کہ اس درآمد شدہ گوشت میں ذبح کی شرائط کا لحاظ نہیں رکھا جاتا، اسی لیے ان ممالک سے درآمدشدہ گوشت حلال نہیں ہے، مسلمانوں کو اس کے کھانے سے احتراز کرنا چاہیے ؛ حدیث مبارک میں آپ ﷺ  کا ارشاد ہے: <span class=""ar_writing"">’’الحلال بیِّنٌ والحرام بیِّنٌ، وبینهما مشتبهاتٌ لایعلمهمنّ کثیرٌ من الناس، فمن اتقی الشبهات استبرأ لدینه وعرضه، ومن وقع في الشبها ت وقع في الحرام ... الخ‘‘</span>۔(مشکاۃ المصابیح ،کتاب البیوع، باب الکسب وطلب الحلال، الفصل الأول، ص :۱؍۲۴۱۔ط: قدیمی کراچی۔۱۳۶۸ھ۔)</p><p style=""text-align:justify;"">     ترجمہ:۔۔۔حلال واضح ہے اور حرام واضح ہے ،اور ان دونوں کے درمیان مشتبہ چیزیں ہیں جن کو اکثر لوگ نہیں جانتے؛ لہذا جس شخص نے مشتبہ چیزوں سے پرہیز کیا اس نے اپنے دین اوراپنی عزت کو محفوظ کرلیا، اور جو شخص مشتبہ چیزوں میں مبتلا ہوا وہ حرام میں مبتلا ہوگیا‘‘۔</p><p style=""text-align:justify;"">    ہاں اگر یقینی ذرائع سے یہ بات معلوم ہوجائے کہ اس درآمد شدہ گوشت میں شرعی ذبح کا لحاظ رکھا گیاہے اور اس کا ذبح کرنے والا مسلمان تھا تو ایسی صورت میں اس کے کھانے کی اجازت ہوگی، لیکن اس کے لیے ضروری ہے کہ اس بارے میں پوری تحقیق ہو، بغیر تحقیق کے صرف ان کے حلال کہنے یا ڈبہ پر حلال لکھے ہونے پر اعتبار نہیں کیا جائے گا۔ البتہ اگر مسلمانوں کا معتبر حلال تصدیقی ادارہ اس کی تصدیق کردے تو ایسی مرغی کا گوشت کھانا جائز ہوگا۔</p><p style=""text-align:justify;"">یہ تمام تفصیل اس صورت میں ہے جب باہر ممالک سے ذبح ہوکر مرغی کا گوشت آیا ہے، اگر باہر ملک سے زندہ مرغی در آمد ہوئی ہو تو اسے یہاں خود یا کسی  مسلمان سے شرعی طریقہ ذبح کرواکے کھانے میں کوئی مضائقہ نہیں ہے۔</p><p style=""text-align:justify;""><span class=""ar_writing"">الفتاوى الهندية (3/ 210)<br/>
""رجل اشترى من التاجر شيئاً، هل يلزمه السؤال أنه حلال أم حرام؟ قالوا: ينظر إن كان في بلد وزمان كان الغالب فيه هو الحلال في أسواقهم ليس على المشتري أن يسأل أنه حلال أم حرام، ويبنى الحكم على الظاهر، وإن كان الغالب هو الحرام أو كان البائع رجلاً يبيع الحلال والحرام يحتاط ويسأل أنه حلال أم حرام"".</span><br/>
2۔۔ مرغی کو غیر شرعی طریقے سے ذبح کیا گیا ہو اور اس گوشت کو چاولوں میں پکایا گیا ہو اس طور پر کہ گوشت کے اجزا چاول میں سرایت کرجائیں یا اس تیل یا گھی میں چاول پکائے جائیں جس میں حرام گوشت پکایا گیا ہو تو ایسے چاول کھانا درست نہیں ہوگا، اور اگر چاول اور گوشت الگ الگ  برتن میں الگ تیل / گھی میں پکائے گئے پھر  چاول میں گوشت رکھ دیا گیا تو جن چاولوں میں گوشت کے اجزا سرایت نہ کریں ان چاولوں کا کھانا جائز ہوگا۔ </p><p style=""text-align:justify;"">واضح رہے کہ اگر مرغی وغیرہ کو ذبح کردیا جائے(خواہ  غیر مسلم ذبح کرے یا مشینی ذبیحہ ہو ) اور ذبح کرتے ہی اسے گرم پانی میں نہ ڈالا جائے، بلکہ اس کی کھال اتار کر  گوشت صاف کردیا جائے تو ایسے جانور کا گوشت دم مسفوح نکلنے اور اندر کی غلاظت صاف کرنے کے بعد  پاک ہوجاتاہے، لیکن اسے کھانا حلال نہیں ہے، اس لیے اس کے اجزا جس کھانے میں سرایت کریں گے اس کا کھانا بھی درست نہیں ہوگا۔</p><p style=""text-align:justify;""><span class=""ar_writing"">الفتاوى الهندية (5/ 286)<br/>
""(وأما) (حكمها): فطهارة المذبوح وحل أكله من المأكول، وطهارة غير المأكول ؛ للانتفاع لا بجهة الأكل، كذا في محيط السرخسي"".</span>فقط واللہ اعلم</p></p><hr class=""big-hr""/>",15-07-2018,143909201393,banuri.edu.pk,حظر و اباحت,ماکولات / مشروبات,کھانے پینے کی حلال و حرام ، مکروہ و مباح اشیاء,"<div class=""col-md-12 sawal-jawab""><h3 class=""question_heading"">سوال</h3><p><p> باہر  ممالک سے جو مرغ  در آمد ہوتے ہیں ان کا کیا حکم ہے؟</p><p style=""text-align:justify;"">اور ہوٹلوں میں اگر چاول میں پکایا گیا ہو تو اس گوشت حرام ہونے کی صورت چاول کا کیا حکم ہے ؟</p></p><h4 class=""question_heading"">جواب</h4><p><p style=""text-align:justify;"">باہر  ممالک سے خاص کر غیر اسلامی ممالک سے جو گوشت درآمد کیا جاتاہے، اس کے بارے میں چند تحفظات ہیں،مثلاً:</p><p style=""text-align:justify;"">    ۱:۔۔۔  ان کے بارے میں معلوم نہیں کہ ذبح کرنے والے کون ہیں؟ مسلمان ہیں یا کافر؟</p><p style=""text-align:justify;"">    ۲:۔۔۔  نہ یہ معلوم ہے کہ آیا شرعی طریقہ سے ذبح کیا جاتاہے یا نہیں؟   </p><p style=""text-align:justify;""> ۳:۔۔۔ اس کے علاوہ اکثر مرغی کو ذبح کرتے ہی فوراً کھولتے ہوئے پانی میں ڈال دیا جاتاہے؛ تاکہ اس کے پر وغیرہ صاف ہوسکیں، جب کہ تمام آلائش اس کے اندر ہوتی ہے، جس سے مرغی کا تمام گوشت ناپاک ہوجاتا ہے۔<br/>
    ۴:۔۔۔ اسی طرح مشینی ذبح کو اہلِ علم نے صحیح قرار نہیں دیا ؛چوں کہ اس درآمد شدہ گوشت میں ذبح کی شرائط کا لحاظ نہیں رکھا جاتا، اسی لیے ان ممالک سے درآمدشدہ گوشت حلال نہیں ہے، مسلمانوں کو اس کے کھانے سے احتراز کرنا چاہیے ؛ حدیث مبارک میں آپ ﷺ  کا ارشاد ہے: <span class=""ar_writing"">’’الحلال بیِّنٌ والحرام بیِّنٌ، وبینهما مشتبهاتٌ لایعلمهمنّ کثیرٌ من الناس، فمن اتقی الشبهات استبرأ لدینه وعرضه، ومن وقع في الشبها ت وقع في الحرام ... الخ‘‘</span>۔(مشکاۃ المصابیح ،کتاب البیوع، باب الکسب وطلب الحلال، الفصل الأول، ص :۱؍۲۴۱۔ط: قدیمی کراچی۔۱۳۶۸ھ۔)</p><p style=""text-align:justify;"">     ترجمہ:۔۔۔حلال واضح ہے اور حرام واضح ہے ،اور ان دونوں کے درمیان مشتبہ چیزیں ہیں جن کو اکثر لوگ نہیں جانتے؛ لہذا جس شخص نے مشتبہ چیزوں سے پرہیز کیا اس نے اپنے دین اوراپنی عزت کو محفوظ کرلیا، اور جو شخص مشتبہ چیزوں میں مبتلا ہوا وہ حرام میں مبتلا ہوگیا‘‘۔</p><p style=""text-align:justify;"">    ہاں اگر یقینی ذرائع سے یہ بات معلوم ہوجائے کہ اس درآمد شدہ گوشت میں شرعی ذبح کا لحاظ رکھا گیاہے اور اس کا ذبح کرنے والا مسلمان تھا تو ایسی صورت میں اس کے کھانے کی اجازت ہوگی، لیکن اس کے لیے ضروری ہے کہ اس بارے میں پوری تحقیق ہو، بغیر تحقیق کے صرف ان کے حلال کہنے یا ڈبہ پر حلال لکھے ہونے پر اعتبار نہیں کیا جائے گا۔ البتہ اگر مسلمانوں کا معتبر حلال تصدیقی ادارہ اس کی تصدیق کردے تو ایسی مرغی کا گوشت کھانا جائز ہوگا۔</p><p style=""text-align:justify;"">یہ تمام تفصیل اس صورت میں ہے جب باہر ممالک سے ذبح ہوکر مرغی کا گوشت آیا ہے، اگر باہر ملک سے زندہ مرغی در آمد ہوئی ہو تو اسے یہاں خود یا کسی  مسلمان سے شرعی طریقہ ذبح کرواکے کھانے میں کوئی مضائقہ نہیں ہے۔</p><p style=""text-align:justify;""><span class=""ar_writing"">الفتاوى الهندية (3/ 210)<br/>
""رجل اشترى من التاجر شيئاً، هل يلزمه السؤال أنه حلال أم حرام؟ قالوا: ينظر إن كان في بلد وزمان كان الغالب فيه هو الحلال في أسواقهم ليس على المشتري أن يسأل أنه حلال أم حرام، ويبنى الحكم على الظاهر، وإن كان الغالب هو الحرام أو كان البائع رجلاً يبيع الحلال والحرام يحتاط ويسأل أنه حلال أم حرام"".</span><br/>
2۔۔ مرغی کو غیر شرعی طریقے سے ذبح کیا گیا ہو اور اس گوشت کو چاولوں میں پکایا گیا ہو اس طور پر کہ گوشت کے اجزا چاول میں سرایت کرجائیں یا اس تیل یا گھی میں چاول پکائے جائیں جس میں حرام گوشت پکایا گیا ہو تو ایسے چاول کھانا درست نہیں ہوگا، اور اگر چاول اور گوشت الگ الگ  برتن میں الگ تیل / گھی میں پکائے گئے پھر  چاول میں گوشت رکھ دیا گیا تو جن چاولوں میں گوشت کے اجزا سرایت نہ کریں ان چاولوں کا کھانا جائز ہوگا۔ </p><p style=""text-align:justify;"">واضح رہے کہ اگر مرغی وغیرہ کو ذبح کردیا جائے(خواہ  غیر مسلم ذبح کرے یا مشینی ذبیحہ ہو ) اور ذبح کرتے ہی اسے گرم پانی میں نہ ڈالا جائے، بلکہ اس کی کھال اتار کر  گوشت صاف کردیا جائے تو ایسے جانور کا گوشت دم مسفوح نکلنے اور اندر کی غلاظت صاف کرنے کے بعد  پاک ہوجاتاہے، لیکن اسے کھانا حلال نہیں ہے، اس لیے اس کے اجزا جس کھانے میں سرایت کریں گے اس کا کھانا بھی درست نہیں ہوگا۔</p><p style=""text-align:justify;""><span class=""ar_writing"">الفتاوى الهندية (5/ 286)<br/>
""(وأما) (حكمها): فطهارة المذبوح وحل أكله من المأكول، وطهارة غير المأكول ؛ للانتفاع لا بجهة الأكل، كذا في محيط السرخسي"".</span>فقط واللہ اعلم</p></p><hr class=""big-hr""/><div class=""col-sm-6 col-md-6""><p class=""question_heading"" style=""color:#73161f"">فتویٰ نمبر : <a id=""fatwa_number"">143909201393</a></p></div><div class=""col-sm-6 col-md-6""><p style=""color:#73161f"">دارالافتاء :
                                جامعہ علوم اسلامیہ علامہ محمد یوسف بنوری ٹاؤن</p></div><hr class=""big-hr""/><div class=""col-sm-4 col-md-4""><div class=""tag""><a href=""https://www.banuri.edu.pk/questions/kitab/mamnooaat-mubahat""><i class=""icon-docs-bold""></i> حظر و اباحت</a></div></div><div class=""col-sm-4 col-md-4""><div class=""tag""><a href=""https://www.banuri.edu.pk/questions/bab/makoolat-mashroobat""><i class=""icon-docs-bold""></i> ماکولات / مشروبات</a></div></div><div class=""col-sm-4 col-md-4""><div class=""tag""><a href=""https://www.banuri.edu.pk/questions/fasal/khanay-penay-ki-halal-o-haram-makroh-o-mubah-ashya""><i class=""icon-docs-bold""></i> کھانے پینے کی حلال و حرام ، مکروہ و مباح اشیاء</a></div></div></div>"
https://www.banuri.edu.pk/readquestion/ایصال-ثواب-کا-طریقہ-کار-2/28-05-2018,ایصال ثواب کا طریقہ کار,"<p><p style=""text-align:justify;"">1۔ ایصالِ ثواب کا طریقہ کار کیا ہے؟ کیا نفل نماز کا بھی ایصالِ ثواب کیا جا سکتا ہے؟</p><p style=""text-align:justify;"">2۔ حضرت آدم علیہ السلام سے لے کر قیامت تک آنے والے مسلمانوں کے لیے ایصالِ ثواب کی دعا کرنا کیسا ہے؟</p><p style=""text-align:justify;"">3۔ ظہر، مغرب اور عشاء کے نوافل کی جگہ اگر مرحومین کے ایصالِ ثواب کی نیت سے نفل پڑھے جائیں تو اس کے بارے میں کیا حکم ہے؟</p></p>","<p><p style=""text-align:justify;"">1۔ ایصالِ ثواب کا کوئی خاص طریقہ شریعت میں متعین نہیں ہے ، نہ اس میں کسی دن کی قید ہے، نہ کسی خاص ذکر کی پابندی ہے اور نہ قرآنِ کریم کو ختم کرنا ضروری ہے؛ بلکہ بلاتعیین جو نفلی عبادت بدنی و مالی بہ سہولت ہوسکے اس کا ثواب میت کو پہنچایا جاسکتا ہے ، نفلی اعمال کا ثواب مُردہ اور زندہ دونوں کو بخشا جاسکتا ہے، اہلِ سنت و الجماعت کے نزدیک یہ ثواب ان کو بلاشک و شبہ پہنچتا ہے۔ </p><p style=""text-align:justify;"">ایصالِ ثواب کا مختصر طریقہ یہ ہے کہ نفلی عمل کرنے کے بعد صرف یہ نیت کرلیں یعنی دل میں یہ کہہ دیں کہ ""یااللہ اس عمل کا ثواب فلاں فلاں شخص تک پہنچا دیں""۔</p><p style=""text-align:justify;"">2۔ حضرت آدم علیہ السلام سے لے کر قیامت تک آنے والے مسلمانوں کے لیے ایصال ثواب کی دعا کرنابھی درست ہے، بلکہ ایصالِ ثواب میں تمام مؤمنین اور مؤمنات کی نیت کرنا فقہاء کرام نے پسندیدہ لکھاہے۔</p><p style=""text-align:justify;"">3۔ ظہر، مغرب اور عشاء کے نوافل میں  اگر  یہ نیت کرلی جائے کہ مرحومین کے ایصالِ ثواب  ہو جائے تو کوئی حرج نہیں۔ فقط واللہ اعلم</p></p><hr class=""big-hr""/>",28-05-2018,143909200310,banuri.edu.pk,ایمان و عقائد,بدعات اور رسوم,رسومات، تعارف اور بعض رسمیں,"<div class=""col-md-12 sawal-jawab""><h3 class=""question_heading"">سوال</h3><p><p style=""text-align:justify;"">1۔ ایصالِ ثواب کا طریقہ کار کیا ہے؟ کیا نفل نماز کا بھی ایصالِ ثواب کیا جا سکتا ہے؟</p><p style=""text-align:justify;"">2۔ حضرت آدم علیہ السلام سے لے کر قیامت تک آنے والے مسلمانوں کے لیے ایصالِ ثواب کی دعا کرنا کیسا ہے؟</p><p style=""text-align:justify;"">3۔ ظہر، مغرب اور عشاء کے نوافل کی جگہ اگر مرحومین کے ایصالِ ثواب کی نیت سے نفل پڑھے جائیں تو اس کے بارے میں کیا حکم ہے؟</p></p><h4 class=""question_heading"">جواب</h4><p><p style=""text-align:justify;"">1۔ ایصالِ ثواب کا کوئی خاص طریقہ شریعت میں متعین نہیں ہے ، نہ اس میں کسی دن کی قید ہے، نہ کسی خاص ذکر کی پابندی ہے اور نہ قرآنِ کریم کو ختم کرنا ضروری ہے؛ بلکہ بلاتعیین جو نفلی عبادت بدنی و مالی بہ سہولت ہوسکے اس کا ثواب میت کو پہنچایا جاسکتا ہے ، نفلی اعمال کا ثواب مُردہ اور زندہ دونوں کو بخشا جاسکتا ہے، اہلِ سنت و الجماعت کے نزدیک یہ ثواب ان کو بلاشک و شبہ پہنچتا ہے۔ </p><p style=""text-align:justify;"">ایصالِ ثواب کا مختصر طریقہ یہ ہے کہ نفلی عمل کرنے کے بعد صرف یہ نیت کرلیں یعنی دل میں یہ کہہ دیں کہ ""یااللہ اس عمل کا ثواب فلاں فلاں شخص تک پہنچا دیں""۔</p><p style=""text-align:justify;"">2۔ حضرت آدم علیہ السلام سے لے کر قیامت تک آنے والے مسلمانوں کے لیے ایصال ثواب کی دعا کرنابھی درست ہے، بلکہ ایصالِ ثواب میں تمام مؤمنین اور مؤمنات کی نیت کرنا فقہاء کرام نے پسندیدہ لکھاہے۔</p><p style=""text-align:justify;"">3۔ ظہر، مغرب اور عشاء کے نوافل میں  اگر  یہ نیت کرلی جائے کہ مرحومین کے ایصالِ ثواب  ہو جائے تو کوئی حرج نہیں۔ فقط واللہ اعلم</p></p><hr class=""big-hr""/><div class=""col-sm-6 col-md-6""><p class=""question_heading"" style=""color:#73161f"">فتویٰ نمبر : <a id=""fatwa_number"">143909200310</a></p></div><div class=""col-sm-6 col-md-6""><p style=""color:#73161f"">دارالافتاء :
                                جامعہ علوم اسلامیہ علامہ محمد یوسف بنوری ٹاؤن</p></div><hr class=""big-hr""/><div class=""col-sm-4 col-md-4""><div class=""tag""><a href=""https://www.banuri.edu.pk/questions/kitab/aqaed""><i class=""icon-docs-bold""></i> ایمان و عقائد</a></div></div><div class=""col-sm-4 col-md-4""><div class=""tag""><a href=""https://www.banuri.edu.pk/questions/bab/bidaat-rasoomat""><i class=""icon-docs-bold""></i> بدعات اور رسوم</a></div></div><div class=""col-sm-4 col-md-4""><div class=""tag""><a href=""https://www.banuri.edu.pk/questions/fasal/rusomat-taaruf-aur-baaz-rasmayn""><i class=""icon-docs-bold""></i> رسومات، تعارف اور بعض رسمیں</a></div></div></div>"
https://www.banuri.edu.pk/readquestion/عدالتی-خلع-جہیز-کاسامان-اور-عدت-کاحکم/20-08-2018,عدالتی خلع،جہیز کاسامان اور عدت کاحکم,"<p><p style=""text-align:justify;""> میری بیٹی کے نکاح کے چھ ماہ بعد رخصتی ہوئی, اور دوسرے دن سے ہی ساس کی طرف سے مختلف طریقوں سے دباؤ ڈالنا شروع کیا گیا, جس کی کچھ وضاحت درج ذیل ہے، یہاں ایک بات کی وضاحت ضروری ہے وہ یہ کہ میری بیٹی تعلیم یافتہ ہے اور داماد میٹرک پاس ، مگر اس بات کو نہ ہم نے اور نہ ہی بیٹی نےکبھی غلط تصور کیا؛  کیوں کہ نکاح سے قبل ہم نے صرف اور صرف یہ دیکھا کہ داماد تبلیغی ہے، دین کے ماحول سے جڑا ہے، اس لیے نکاح ہوا، مگر افسوس کہ ان کے قول اور فعل میں تضاد ہ،ے اور ہم نے چہرے سے دھوکا کھایا،  اور ایک بات یہ بھی کہ اک بہو کے ساتھ پہلے بھی اس طرح کے ظلم ڈھائے کہ اس نے بھی ایک سال میں ہی علیحدگی /طلاق پنچایت کے ذریعہ حاصل کرلی، اور دوسری بیوی کے ساتھ بھی یہی سب کچھ شروع ہوا، مگر لڑکی کے تیز ہونے کی وجہ سے جھگڑوں میں شدت اور ساس کے سر پھاڑنے کے بعد اسے علیحدہ مکان میں منتقل کر دیا گیا، سات ماہ کے عرصے میں سے صرف چند باتوں کا ذکر کروں گا، شروع ہی سے رات دیر تک ساس کا اپنے پاس بٹھانا، پھر کمرے میں بھیج کر کسی نہ کسی بہانے سے بہو کو باہر بلانا، اور جان بوجھ کر بیٹے سے دور رکھنا اور نیند خراب کرنا، خودکا دیر تک سونا اور بہو کی نیند اس وقت بھی ڈسٹرب کرنا، کھانا اپنی مرضی سے پکوانا، پھر اس میں بھی چک چک، جہاں فارغ ہوئی بہو اپنے پاس بٹھانا اور غیبت، دوسروں کی برائیاں یہ جانتے ہوئے کہ بہو اس بات سے چڑتی ہے، اور کئی بار کہنے پر نماز کے لیے جانے دینا، اور جب بیٹے کے آنے کا وقت ہو جائے پھر بہو کو اپنے کمرے میں بھیجنا کہ آرام کرلے اور بیٹے کو غلط رخ دکھانا کہ دروازہ بندکرکے پڑی ہے وغیرہ، اولاد ہو اس کے لیے غلط اور غیر شرعی طریقے جیسے نجومی کے پاس دھوکے سے لے جانا، مزاروں سے کچھ لاکے زبردستی کھلانا وغیرہ، والدین کے گھر آنے پر بہانے، بیٹے کے ساتھ جانے پربہانے، یہاں تک کہ بیٹے کے عمرہ کے ارادے پر بھی اعتراض، خیر اس سے بھی بڑھ کر بہت کچھ ناقابلِ بیان ماں کی زیادتیاں، اور دباؤ کا علم ہوتے ہوئے بھی داماد نے میری بیٹی کو ہی دباؤ میں رکھا کہ یہ سب برداشت کرو، ماں کو کچھ نہیں کہوں گا، یہی نہیں بلکہ بسا اوقات سب جانتے ہوئے بھی غلط باتوں پر ماں کا ہی ساتھ دیا، اور اتنے دباؤ میں ہونے کے باوجود سات ماہ تک بیٹی نے ہم سے تذکرہ ہی نہ کیا، اس آس اور امید پر کہ کل اچھا ہو جائے گا، مگر افسوس کے ساتھ بتا رہاہوں کہ اس قدر ذہنی دباؤ اور اذیت میں بیٹی کو سسرال والوں نہ رکھا کہ علم اور تعلیم کے ہونے کہ باوجود ماہِ رمضان کے آخری عشرہ میں میری بیٹی نے اللہ کی نافرمانی کی اور نیند کی دوائی کھا کر اپنی جان دینے کو تیار ہوگئی، اللہ نے اپنا کرم کیا اور وقت پر پتا چل گیا اور یوں اللہ نے دوسری زندگی بخشی، دو ہفتے والدین کے گھر رہنے کے بعد عید کے تیسرے دن صلح ہونے پر دوبارہ سسرال چلی گئی، مگر افسوس پہلے سے بھی زیادہ شوہر ساس اور جیٹھ جیٹھانی کی طرف سے بھی معاملات خراب کیے گئے، اور صلح میں طے شدہ پر عمل نہ ہوا، اور تین ہفتے بعد شوہر نے خود والدین کے گھر بھیجا اور مختلف جواز اور الزامات لگاکر رابطہ نہ رکھا، اور جب ہماری طرف سے یہ معلوم ہوا کہ ہم رشتہ ختم کرنا چاہتے ہیں تو ایک ماہ بعد ساس بیٹا اور دیگر خواتین ہمارے گھر آئے اور ان کی باتیں نہ ماننے پر ساس نے کہرام مچایا اور محلے بھر میں شور شرابا کیا اور مزید الزامات لگائے۔</p><p style=""text-align:justify;"">بہرحال اب آپ سے گزارش ہے کہ خلع کی شرعی حیثیت سے آگاہ کیجیے ، لڑکی علیحدگی چاہتی ہے خلع لے سکتی ہے؟ کیا کورٹ سے رجوع کریں؟ اور لڑکے کے حاضر نہ ہونے پرعدالت سے حاصل شدہ خلع کی شرع حیثیت کیا ہوگی؟ لڑکی کے خلع حاصل کرنے کے بعد جہیز اور زیور وغیرہ حاصل کرنے کی شرعی حیثیت کیا ہوگی؟ اور خلع کے بعد عدت کا حکم کیا ہے؟</p></p>","<p><p style=""text-align:justify;""> واضح رہے کہ خلع بھی دیگر مالی معاملات کی طرح ایک مالی معاملہ ہے، جس میں جانبین کی رضامندی ضروری ہے، اور شوہرکی رضامندی کے بغیر دیا جانے والا خلع شرعاًنافذ نہیں ہوتا؛ لہذا صورتِ مسئولہ میں اگر عدالت اپنے مروجہ طریقہ کار کے مطابق شوہر کی رضامندی کے بغیر  خلع دےگی تو یہ نافذ نہیں ہوگا؛  اس لیے بجائے عدالتی کاروائی کرنے کے آپس میں بیٹھ کر بات چیت کی جائے، خاندان یا محلہ کے دیگر معزز اور بڑے لوگوں کو درمیان میں ڈالا جائے، یا محلہ کی یونین کونسل اور تھانے کا تعاون حاصل کرکے معاملات حل کیےجائیں۔</p><p style=""text-align:justify;"">ان کوششوں کے نتیجے میں نباہ کی صورت بن جائے تو بہت خوب! اوراگرطلاق یاخلع ہوجائے تو تین ماہواریاں عدت گزارنا ہوگی۔ اور جہیز کا سامان اور والدین کی طرف سے ملنے والا زیور  چوں کہ عورت کی ملکیت ہے؛ لہذا علیحدگی کی صورت میں اسی کو ملے گا۔ خلع یا مال کے بدلے طلاق کا معاملہ ہونے کی صورت میں جو طے ہو وہ دینا ہوگا۔ فیصلے کے وقت سامان کی واپسی کا طریقہ کار بھی طے کرلیاجائے۔ فقط واللہ اعلم</p></p><hr class=""big-hr""/>",20-08-2018,143909201990,banuri.edu.pk,طلاق,خلع,خلع کا ثبوت، حکمت اور اسباب,"<div class=""col-md-12 sawal-jawab""><h3 class=""question_heading"">سوال</h3><p><p style=""text-align:justify;""> میری بیٹی کے نکاح کے چھ ماہ بعد رخصتی ہوئی, اور دوسرے دن سے ہی ساس کی طرف سے مختلف طریقوں سے دباؤ ڈالنا شروع کیا گیا, جس کی کچھ وضاحت درج ذیل ہے، یہاں ایک بات کی وضاحت ضروری ہے وہ یہ کہ میری بیٹی تعلیم یافتہ ہے اور داماد میٹرک پاس ، مگر اس بات کو نہ ہم نے اور نہ ہی بیٹی نےکبھی غلط تصور کیا؛  کیوں کہ نکاح سے قبل ہم نے صرف اور صرف یہ دیکھا کہ داماد تبلیغی ہے، دین کے ماحول سے جڑا ہے، اس لیے نکاح ہوا، مگر افسوس کہ ان کے قول اور فعل میں تضاد ہ،ے اور ہم نے چہرے سے دھوکا کھایا،  اور ایک بات یہ بھی کہ اک بہو کے ساتھ پہلے بھی اس طرح کے ظلم ڈھائے کہ اس نے بھی ایک سال میں ہی علیحدگی /طلاق پنچایت کے ذریعہ حاصل کرلی، اور دوسری بیوی کے ساتھ بھی یہی سب کچھ شروع ہوا، مگر لڑکی کے تیز ہونے کی وجہ سے جھگڑوں میں شدت اور ساس کے سر پھاڑنے کے بعد اسے علیحدہ مکان میں منتقل کر دیا گیا، سات ماہ کے عرصے میں سے صرف چند باتوں کا ذکر کروں گا، شروع ہی سے رات دیر تک ساس کا اپنے پاس بٹھانا، پھر کمرے میں بھیج کر کسی نہ کسی بہانے سے بہو کو باہر بلانا، اور جان بوجھ کر بیٹے سے دور رکھنا اور نیند خراب کرنا، خودکا دیر تک سونا اور بہو کی نیند اس وقت بھی ڈسٹرب کرنا، کھانا اپنی مرضی سے پکوانا، پھر اس میں بھی چک چک، جہاں فارغ ہوئی بہو اپنے پاس بٹھانا اور غیبت، دوسروں کی برائیاں یہ جانتے ہوئے کہ بہو اس بات سے چڑتی ہے، اور کئی بار کہنے پر نماز کے لیے جانے دینا، اور جب بیٹے کے آنے کا وقت ہو جائے پھر بہو کو اپنے کمرے میں بھیجنا کہ آرام کرلے اور بیٹے کو غلط رخ دکھانا کہ دروازہ بندکرکے پڑی ہے وغیرہ، اولاد ہو اس کے لیے غلط اور غیر شرعی طریقے جیسے نجومی کے پاس دھوکے سے لے جانا، مزاروں سے کچھ لاکے زبردستی کھلانا وغیرہ، والدین کے گھر آنے پر بہانے، بیٹے کے ساتھ جانے پربہانے، یہاں تک کہ بیٹے کے عمرہ کے ارادے پر بھی اعتراض، خیر اس سے بھی بڑھ کر بہت کچھ ناقابلِ بیان ماں کی زیادتیاں، اور دباؤ کا علم ہوتے ہوئے بھی داماد نے میری بیٹی کو ہی دباؤ میں رکھا کہ یہ سب برداشت کرو، ماں کو کچھ نہیں کہوں گا، یہی نہیں بلکہ بسا اوقات سب جانتے ہوئے بھی غلط باتوں پر ماں کا ہی ساتھ دیا، اور اتنے دباؤ میں ہونے کے باوجود سات ماہ تک بیٹی نے ہم سے تذکرہ ہی نہ کیا، اس آس اور امید پر کہ کل اچھا ہو جائے گا، مگر افسوس کے ساتھ بتا رہاہوں کہ اس قدر ذہنی دباؤ اور اذیت میں بیٹی کو سسرال والوں نہ رکھا کہ علم اور تعلیم کے ہونے کہ باوجود ماہِ رمضان کے آخری عشرہ میں میری بیٹی نے اللہ کی نافرمانی کی اور نیند کی دوائی کھا کر اپنی جان دینے کو تیار ہوگئی، اللہ نے اپنا کرم کیا اور وقت پر پتا چل گیا اور یوں اللہ نے دوسری زندگی بخشی، دو ہفتے والدین کے گھر رہنے کے بعد عید کے تیسرے دن صلح ہونے پر دوبارہ سسرال چلی گئی، مگر افسوس پہلے سے بھی زیادہ شوہر ساس اور جیٹھ جیٹھانی کی طرف سے بھی معاملات خراب کیے گئے، اور صلح میں طے شدہ پر عمل نہ ہوا، اور تین ہفتے بعد شوہر نے خود والدین کے گھر بھیجا اور مختلف جواز اور الزامات لگاکر رابطہ نہ رکھا، اور جب ہماری طرف سے یہ معلوم ہوا کہ ہم رشتہ ختم کرنا چاہتے ہیں تو ایک ماہ بعد ساس بیٹا اور دیگر خواتین ہمارے گھر آئے اور ان کی باتیں نہ ماننے پر ساس نے کہرام مچایا اور محلے بھر میں شور شرابا کیا اور مزید الزامات لگائے۔</p><p style=""text-align:justify;"">بہرحال اب آپ سے گزارش ہے کہ خلع کی شرعی حیثیت سے آگاہ کیجیے ، لڑکی علیحدگی چاہتی ہے خلع لے سکتی ہے؟ کیا کورٹ سے رجوع کریں؟ اور لڑکے کے حاضر نہ ہونے پرعدالت سے حاصل شدہ خلع کی شرع حیثیت کیا ہوگی؟ لڑکی کے خلع حاصل کرنے کے بعد جہیز اور زیور وغیرہ حاصل کرنے کی شرعی حیثیت کیا ہوگی؟ اور خلع کے بعد عدت کا حکم کیا ہے؟</p></p><h4 class=""question_heading"">جواب</h4><p><p style=""text-align:justify;""> واضح رہے کہ خلع بھی دیگر مالی معاملات کی طرح ایک مالی معاملہ ہے، جس میں جانبین کی رضامندی ضروری ہے، اور شوہرکی رضامندی کے بغیر دیا جانے والا خلع شرعاًنافذ نہیں ہوتا؛ لہذا صورتِ مسئولہ میں اگر عدالت اپنے مروجہ طریقہ کار کے مطابق شوہر کی رضامندی کے بغیر  خلع دےگی تو یہ نافذ نہیں ہوگا؛  اس لیے بجائے عدالتی کاروائی کرنے کے آپس میں بیٹھ کر بات چیت کی جائے، خاندان یا محلہ کے دیگر معزز اور بڑے لوگوں کو درمیان میں ڈالا جائے، یا محلہ کی یونین کونسل اور تھانے کا تعاون حاصل کرکے معاملات حل کیےجائیں۔</p><p style=""text-align:justify;"">ان کوششوں کے نتیجے میں نباہ کی صورت بن جائے تو بہت خوب! اوراگرطلاق یاخلع ہوجائے تو تین ماہواریاں عدت گزارنا ہوگی۔ اور جہیز کا سامان اور والدین کی طرف سے ملنے والا زیور  چوں کہ عورت کی ملکیت ہے؛ لہذا علیحدگی کی صورت میں اسی کو ملے گا۔ خلع یا مال کے بدلے طلاق کا معاملہ ہونے کی صورت میں جو طے ہو وہ دینا ہوگا۔ فیصلے کے وقت سامان کی واپسی کا طریقہ کار بھی طے کرلیاجائے۔ فقط واللہ اعلم</p></p><hr class=""big-hr""/><div class=""col-sm-6 col-md-6""><p class=""question_heading"" style=""color:#73161f"">فتویٰ نمبر : <a id=""fatwa_number"">143909201990</a></p></div><div class=""col-sm-6 col-md-6""><p style=""color:#73161f"">دارالافتاء :
                                جامعہ علوم اسلامیہ علامہ محمد یوسف بنوری ٹاؤن</p></div><hr class=""big-hr""/><div class=""col-sm-4 col-md-4""><div class=""tag""><a href=""https://www.banuri.edu.pk/questions/kitab/talaaq""><i class=""icon-docs-bold""></i> طلاق</a></div></div><div class=""col-sm-4 col-md-4""><div class=""tag""><a href=""https://www.banuri.edu.pk/questions/bab/hulaa""><i class=""icon-docs-bold""></i> خلع</a></div></div><div class=""col-sm-4 col-md-4""><div class=""tag""><a href=""https://www.banuri.edu.pk/questions/fasal/khula""><i class=""icon-docs-bold""></i> خلع کا ثبوت، حکمت اور اسباب</a></div></div></div>"
https://www.banuri.edu.pk/readquestion/بوڑھی-عورت-کا-محرم-کے-بغیر-حج-کے-لیے-جانا/04-09-2018,بوڑھی عورت کا محرم کے بغیر حج کے لیے جانا,"<p><p style=""text-align:justify;""> کیا عورت کے لیے 60 سال کی عمر کے بعد بغیر محرم کے حج کرنا جائز ہو جاتا ہے؟</p></p>","<p><p style=""text-align:justify;"">عورت پر فرض حج کی ادائیگی کے لیےبھی محرم مرد یاشوہر کا ہونا شرط ہے۔محرم کے بغیر شرعی سفر کرناعورت کے لیے ناجائز ہے،خواہ عورت جوان ہویابوڑھی۔</p><p style=""text-align:justify;"">مسلم شریف کی روایت میں ہے:<br/><span class=""ar_writing"">'  عن عبد الله بن عمر عن النبي صلى الله عليه وسلم، قال: «لا يحل لامرأة تؤمن بالله واليوم الآخر، تسافر مسيرة ثلاث ليال، إلا ومعها ذو محرم»'</span>.<span class=""ar_writing""> (صحيح مسلم</span>(2/ 975)</p><p style=""text-align:justify;"">یعنی جو عورت   ﷲ اور قیامت کے دن پر یقین رکھتی ہو  اس کے لیے حلال نہیں ہے کہ وہ محرم کے بغیر تین رات کا (اڑتالیس میل یا اس سے زیادہ)سفر کرے ۔</p><p style=""text-align:justify;"">لہذا اگر کوئی عورت مال دار ہے  اور عمر زیادہ ہوچکی ہے ،لیکن اس کا شوہر یاکوئی محرم نہیں ہے ، یامحرم موجودہے  لیکن اس پر حج فرض نہیں ہے اورعورت اس کے اخراجات برداشت نہیں کرسکتی  یا محرم استطاعت کے باوجود ساتھ جانے کے لیے تیار نہیں ہے تو بھی وہ اکیلے یا عورتوں کے گروپ کے ساتھ حج کا سفر نہیں کرسکتی۔بلکہ اسے چاہیے کہ وہ انتظارکرے  یہاں تک کہ  محرم کابندوبست ہوجائے یامحرم کے اخراجات کاانتظام ہوجائے۔اگر تاحیات محرم دست یاب نہ ہوسکے تو  اپنی طرف سے حج  کی ادائیگی کی وصیت کردینی چاہیے۔  (فتاوی تاتارخانیہ،2/434،ط:ادارۃ القرآن-بدائع الصنائع،کتاب الحج، 2/299، ط:داراحیاء التراث بیروت) فقط واللہ اعلم</p></p><hr class=""big-hr""/>",04-09-2018,143909202218,banuri.edu.pk,حج,حج / عمرہ,فرضیت وشرائط حج,"<div class=""col-md-12 sawal-jawab""><h3 class=""question_heading"">سوال</h3><p><p style=""text-align:justify;""> کیا عورت کے لیے 60 سال کی عمر کے بعد بغیر محرم کے حج کرنا جائز ہو جاتا ہے؟</p></p><h4 class=""question_heading"">جواب</h4><p><p style=""text-align:justify;"">عورت پر فرض حج کی ادائیگی کے لیےبھی محرم مرد یاشوہر کا ہونا شرط ہے۔محرم کے بغیر شرعی سفر کرناعورت کے لیے ناجائز ہے،خواہ عورت جوان ہویابوڑھی۔</p><p style=""text-align:justify;"">مسلم شریف کی روایت میں ہے:<br/><span class=""ar_writing"">'  عن عبد الله بن عمر عن النبي صلى الله عليه وسلم، قال: «لا يحل لامرأة تؤمن بالله واليوم الآخر، تسافر مسيرة ثلاث ليال، إلا ومعها ذو محرم»'</span>.<span class=""ar_writing""> (صحيح مسلم</span>(2/ 975)</p><p style=""text-align:justify;"">یعنی جو عورت   ﷲ اور قیامت کے دن پر یقین رکھتی ہو  اس کے لیے حلال نہیں ہے کہ وہ محرم کے بغیر تین رات کا (اڑتالیس میل یا اس سے زیادہ)سفر کرے ۔</p><p style=""text-align:justify;"">لہذا اگر کوئی عورت مال دار ہے  اور عمر زیادہ ہوچکی ہے ،لیکن اس کا شوہر یاکوئی محرم نہیں ہے ، یامحرم موجودہے  لیکن اس پر حج فرض نہیں ہے اورعورت اس کے اخراجات برداشت نہیں کرسکتی  یا محرم استطاعت کے باوجود ساتھ جانے کے لیے تیار نہیں ہے تو بھی وہ اکیلے یا عورتوں کے گروپ کے ساتھ حج کا سفر نہیں کرسکتی۔بلکہ اسے چاہیے کہ وہ انتظارکرے  یہاں تک کہ  محرم کابندوبست ہوجائے یامحرم کے اخراجات کاانتظام ہوجائے۔اگر تاحیات محرم دست یاب نہ ہوسکے تو  اپنی طرف سے حج  کی ادائیگی کی وصیت کردینی چاہیے۔  (فتاوی تاتارخانیہ،2/434،ط:ادارۃ القرآن-بدائع الصنائع،کتاب الحج، 2/299، ط:داراحیاء التراث بیروت) فقط واللہ اعلم</p></p><hr class=""big-hr""/><div class=""col-sm-6 col-md-6""><p class=""question_heading"" style=""color:#73161f"">فتویٰ نمبر : <a id=""fatwa_number"">143909202218</a></p></div><div class=""col-sm-6 col-md-6""><p style=""color:#73161f"">دارالافتاء :
                                جامعہ علوم اسلامیہ علامہ محمد یوسف بنوری ٹاؤن</p></div><hr class=""big-hr""/><div class=""col-sm-4 col-md-4""><div class=""tag""><a href=""https://www.banuri.edu.pk/questions/kitab/haj""><i class=""icon-docs-bold""></i> حج</a></div></div><div class=""col-sm-4 col-md-4""><div class=""tag""><a href=""https://www.banuri.edu.pk/questions/bab/hajj-umrah""><i class=""icon-docs-bold""></i> حج / عمرہ</a></div></div><div class=""col-sm-4 col-md-4""><div class=""tag""><a href=""https://www.banuri.edu.pk/questions/fasal/fardhiyat-o-sharaait-haj""><i class=""icon-docs-bold""></i> فرضیت وشرائط حج</a></div></div></div>"
https://www.banuri.edu.pk/readquestion/مغرب-کی-نماز-اور-اذان-کے-درمیان-وقفہ-کی-شرعی-حیثیت-اور-اس-کی-مقدار/20-07-2018,مغرب کی نماز اور اذان کے درمیان وقفہ کی شرعی حیثیت اور اس کی مقدار,,"<p><p style=""text-align:justify;"">عام نمازوں میں نماز اور اذان میں اتنے وقفہ کا حکم ہے کہ کھانا کھانے والا اپنے کھانے سے، پینے  والا اپنے پینے سے، اور قضاءِ حاجت کرنے والا قضاءِ حاجت کرکے فارغ ہوجائے۔مغرب کی نماز میں چوں کہ تعجیل کا حکم ہے ؛ اس لیے اس میں اتنا وقفہ کرنا درست نہیں ہے، لیکن بالکل وصل بھی مکروہ ہے؛ اس لیے اذان اور اقامت کے درمیان کچھ فصل ہونا ضروری ہے، مغرب کی نماز میں اس فصل کی تحدید   میں امام صاحب رحمہ اللہ کا  قول  یہ ہے کہ ایک سکتہ کے بقدر وقفہ کرے، اور موذن بیٹھے نہیں ، اور ایک سکتہ کی مقدار ان کے ہاں ایک بڑی آیت یا تین چھوٹی آیات کے بقدر ہے، اور ایک روایت کے مطابق تین  خطوات چلنے کے بقدر۔ اور صاحبین رحمہما اللہ کے نزدیک دو خطبوں کے درمیان جلسہ کے بقدر  وقفہ کرنا کافی ہے، یعنی ان کے بقول مؤذن اتنی مقدار بیٹھے گا کہ زمین  پر تمکن حاصل ہوجائے اور اس میں طوالت  نہ ہو۔ اور خود امام ابو حنیفہ رحمہ اللہ کا عمل بھی یہی تھا کہ مغرب کی اذان اور نماز  کے درمیان وہ   بیٹھتے نہیں تھے۔اور یہ اختلاف  افضلیت میں ہے؛ اس لیے مغرب کی اذان اور اقامت کے درمیان  بیٹھنا امام صاحب کے نزدیک بھی جائز ہے  اور نہ بیٹھنا اور تین آیتوں کے بقدرکھڑے کھڑے فصل کرنا  صاحبین کے نزدیک بھی جائز ہے۔<br/>
 حاصل یہ ہے کہ عام حالت میں مغرب کی نماز میں تعجیل افضل ہے، مغرب کی  نماز اور اذان میں صرف ایک بڑی آیت یا تین مختصر آیات کی تلاوت کے بقدر  وقفہ کرکے نماز پڑھ لینی چاہیے،   اور جتنی دیر میں دورکعت ادا کی جاتی ہیں  (یعنی 2 منٹ ) یا اس سے   زیادہ  تاخیر کرنا مکروہِ تنزیہی ہے، اور  بغیر عذر کے اتنی تاخیر کرنا کہ ستارے چمک جائیں  مکروہِ تحریمی ہے۔ (فتاویٰ جامعہ و حاشیۃ الطحطاوی)</p><p style=""text-align:justify;"">البتہ عذر کی وجہ سے تاخیر مکروہ نہیں ہے،جیساکہ مرض وسفر کی بنا پر  مغرب کو آخر وقت تک مؤخر کرنا اور عشاء کو اول وقت میں پڑھنا درست ہے۔</p><p style=""margin-left:63pt;margin-right:.5in;text-align:justify;""><span class=""ar_writing""><strong>المحيط البرهاني في الفقه النعماني (1/ 346):</strong></span></p><p style=""margin-left:9pt;margin-right:10.3pt;text-align:justify;""><span class=""ar_writing"">""قال في «الجامع الصغير» : ويجلس بين الأذان والإقامة إلا في المغرب، وهذا قول أبي حنيفة، وقال أبو يوسف ومحمد رحمهما الله: يجلس في المغرب أيضاً جلسةً خفيفةً، يجب أن يعلم بأن الفصل بين الأذان والإقامة في سائر الصلوات مستحب.والأصل في ذلك قوله عليه السلام لبلال: «اجعل بين أذانك وإقامتك مقدار ما يفرع الأكل من أكله، والشارب من شربه» ، واعتبر الفصل في سائر الصلوات بالصلاة، حتى قلنا: إن في الصلوات التي قبلها تطوع مسنون أو مستحب، فالأولى للمؤذن أن يتطوع بين الأذان الإقامة.جاء في تفسير قوله تعالى: {ومن أحسن قولاً ممن دعآ إلى الله وعمل صٰلحاً} (فصلت: 33) أنه المؤذن يدعوا الناس بأذانه ويتطوع بعده قبل الإقامة، ولم يعتبر الفصل في المغرب بالصلاة؛ لأن الفصل بالصلاة في المغرب يؤدي إلى تأخير المغرب عن أول وقته، وتأخير المغرب مكروه، وقال النبي عليه السلام: «لا تزال أمتي بخير ما لم يؤخروا المغرب إلى اشتباك النجوم»، ويؤيده قوله عليه السلام: «بين كل أذانين صلاة إلا المغرب» ، وأراد بالأذانين الأذان والإقامة، وإذا لم يفصل بالصلاة في المغرب يتأدى بفصل، قال أبو يوسف ومحمد: يفصل بجلسة خفيفة؛ لأن الجلسة صالحة للفصل. ألا ترى أنها صلحت للفصل بين الخطبتين يوم الجمعة، فهنا كذلك، وقال أبو حنيفة: يفصل بالسكوت؛ لأن لما لم يفصل بالصلاة التي هي عبادة، لتكون أقرب إلى الأداء أبعد عن التأخير فلأن لا يفصل ... بعبادة أولى، والفصل يحصل بالسكوت حقيقةً، فلا حاجة إلى اعتبار الجلسة للفصل، ثم عند أبي حنيفة مقدار السكتة ما يقرأ ثلاث آيات قصار أو آية طويلة، وروي عنه أنه قال: مقدار ما يخطو ثلاث خطوات، وعندهما مقدار الجلسة ما جلس الخطيب بين الخطبتين من غير أن يطول، وتمكن مقعده على الأرض"".</span></p><p style=""margin-left:9pt;margin-right:10.3pt;text-align:justify;""><span class=""ar_writing""><strong>البناية شرح الهداية (2/ 102)</strong></span></p><p style=""margin-left:9pt;margin-right:10.3pt;text-align:justify;""><span class=""ar_writing"">""ويجلس بين الأذان والإقامة، إلا في المغرب، وهذا عند أبي حنيفة - رحمه الله -، وقالا: يجلس في المغرب أيضاً جلسةً خفيفةً؛ لأنه لا بد من الفصل، إذ الوصل مكروه، ولا يقع الفصل بالسكتة؛ لوجودها بين كلمات الأذان، فيفصل بالجلسة كما بين الخطبتين، ولأبي حنيفة - رحمه الله - أن التأخير مكروه، فيكتفي بأدنى الفصل احترازاً عنه، والمكان في مسألتنا مختلف، وكذا النغمة، فيقع الفصل بالسكتة، ولا كذلك الخطبة. وقال الشافعي: يفصل بركعتين اعتباراً بسائر الصلوات، والفرق قد ذكرناه. قال يعقوب:  رأيت أبا حنيفة - رحمه الله تعالى - يؤذن في المغرب ويقيم، ولا يجلس بين الأذان والإقامة، وهذا يفيد ما قلناه"".</span></p><p style=""margin-left:9pt;margin-right:10.3pt;text-align:justify;"">""حاشیہ طحطاوی"" میں ہے:</p><p style=""text-align:justify;""><span class=""ar_writing"">'' (قوله: إلی اشتباک النجوم) ظاهره أنها بقدر رکعتین لایکره مع أنه یکره أخذاً من قولهم بکراهة رکعتین قبلها۔ واستثناء صاحب القنیة القلیل یحمل علی ما هو الأقل من قدرهما توفیقاً بین کلام الأصحاب… واعلم أن التاخیربقدر رکعتین مکروه تنزیهاً وإلی اشتباک النجوم تحریماً""۔ </span>(حاشیہ طحطاوی ج:۱، ص:۱۷۸، ط:قدیمی)۔</p><p style=""text-align:justify;"">فقط واللہ اعلم</p></p><hr class=""big-hr""/>",20-07-2018,143909201479,banuri.edu.pk,نماز,نمازوں کے اوقات,نمازوں کے اوقات,"<div class=""col-md-12 sawal-jawab""><h3 class=""question_heading"">سوال</h3><p><p style=""text-align:justify;"">مغرب کی نماز اور اذان کے درمیان 2، 3 منٹ کا وقفہ کرنا شرعاً  کیسا ہے؟ جائز ہے یا ناجائز ہے یا مستحب ہے؟ کرنا چاہیے یا نہیں  کرنا چاہیے؟ مفصل ومدلل جواب عنایت فرمائیں!</p></p><h4 class=""question_heading"">جواب</h4><p><p style=""text-align:justify;"">عام نمازوں میں نماز اور اذان میں اتنے وقفہ کا حکم ہے کہ کھانا کھانے والا اپنے کھانے سے، پینے  والا اپنے پینے سے، اور قضاءِ حاجت کرنے والا قضاءِ حاجت کرکے فارغ ہوجائے۔مغرب کی نماز میں چوں کہ تعجیل کا حکم ہے ؛ اس لیے اس میں اتنا وقفہ کرنا درست نہیں ہے، لیکن بالکل وصل بھی مکروہ ہے؛ اس لیے اذان اور اقامت کے درمیان کچھ فصل ہونا ضروری ہے، مغرب کی نماز میں اس فصل کی تحدید   میں امام صاحب رحمہ اللہ کا  قول  یہ ہے کہ ایک سکتہ کے بقدر وقفہ کرے، اور موذن بیٹھے نہیں ، اور ایک سکتہ کی مقدار ان کے ہاں ایک بڑی آیت یا تین چھوٹی آیات کے بقدر ہے، اور ایک روایت کے مطابق تین  خطوات چلنے کے بقدر۔ اور صاحبین رحمہما اللہ کے نزدیک دو خطبوں کے درمیان جلسہ کے بقدر  وقفہ کرنا کافی ہے، یعنی ان کے بقول مؤذن اتنی مقدار بیٹھے گا کہ زمین  پر تمکن حاصل ہوجائے اور اس میں طوالت  نہ ہو۔ اور خود امام ابو حنیفہ رحمہ اللہ کا عمل بھی یہی تھا کہ مغرب کی اذان اور نماز  کے درمیان وہ   بیٹھتے نہیں تھے۔اور یہ اختلاف  افضلیت میں ہے؛ اس لیے مغرب کی اذان اور اقامت کے درمیان  بیٹھنا امام صاحب کے نزدیک بھی جائز ہے  اور نہ بیٹھنا اور تین آیتوں کے بقدرکھڑے کھڑے فصل کرنا  صاحبین کے نزدیک بھی جائز ہے۔<br/>
 حاصل یہ ہے کہ عام حالت میں مغرب کی نماز میں تعجیل افضل ہے، مغرب کی  نماز اور اذان میں صرف ایک بڑی آیت یا تین مختصر آیات کی تلاوت کے بقدر  وقفہ کرکے نماز پڑھ لینی چاہیے،   اور جتنی دیر میں دورکعت ادا کی جاتی ہیں  (یعنی 2 منٹ ) یا اس سے   زیادہ  تاخیر کرنا مکروہِ تنزیہی ہے، اور  بغیر عذر کے اتنی تاخیر کرنا کہ ستارے چمک جائیں  مکروہِ تحریمی ہے۔ (فتاویٰ جامعہ و حاشیۃ الطحطاوی)</p><p style=""text-align:justify;"">البتہ عذر کی وجہ سے تاخیر مکروہ نہیں ہے،جیساکہ مرض وسفر کی بنا پر  مغرب کو آخر وقت تک مؤخر کرنا اور عشاء کو اول وقت میں پڑھنا درست ہے۔</p><p style=""margin-left:63pt;margin-right:.5in;text-align:justify;""><span class=""ar_writing""><strong>المحيط البرهاني في الفقه النعماني (1/ 346):</strong></span></p><p style=""margin-left:9pt;margin-right:10.3pt;text-align:justify;""><span class=""ar_writing"">""قال في «الجامع الصغير» : ويجلس بين الأذان والإقامة إلا في المغرب، وهذا قول أبي حنيفة، وقال أبو يوسف ومحمد رحمهما الله: يجلس في المغرب أيضاً جلسةً خفيفةً، يجب أن يعلم بأن الفصل بين الأذان والإقامة في سائر الصلوات مستحب.والأصل في ذلك قوله عليه السلام لبلال: «اجعل بين أذانك وإقامتك مقدار ما يفرع الأكل من أكله، والشارب من شربه» ، واعتبر الفصل في سائر الصلوات بالصلاة، حتى قلنا: إن في الصلوات التي قبلها تطوع مسنون أو مستحب، فالأولى للمؤذن أن يتطوع بين الأذان الإقامة.جاء في تفسير قوله تعالى: {ومن أحسن قولاً ممن دعآ إلى الله وعمل صٰلحاً} (فصلت: 33) أنه المؤذن يدعوا الناس بأذانه ويتطوع بعده قبل الإقامة، ولم يعتبر الفصل في المغرب بالصلاة؛ لأن الفصل بالصلاة في المغرب يؤدي إلى تأخير المغرب عن أول وقته، وتأخير المغرب مكروه، وقال النبي عليه السلام: «لا تزال أمتي بخير ما لم يؤخروا المغرب إلى اشتباك النجوم»، ويؤيده قوله عليه السلام: «بين كل أذانين صلاة إلا المغرب» ، وأراد بالأذانين الأذان والإقامة، وإذا لم يفصل بالصلاة في المغرب يتأدى بفصل، قال أبو يوسف ومحمد: يفصل بجلسة خفيفة؛ لأن الجلسة صالحة للفصل. ألا ترى أنها صلحت للفصل بين الخطبتين يوم الجمعة، فهنا كذلك، وقال أبو حنيفة: يفصل بالسكوت؛ لأن لما لم يفصل بالصلاة التي هي عبادة، لتكون أقرب إلى الأداء أبعد عن التأخير فلأن لا يفصل ... بعبادة أولى، والفصل يحصل بالسكوت حقيقةً، فلا حاجة إلى اعتبار الجلسة للفصل، ثم عند أبي حنيفة مقدار السكتة ما يقرأ ثلاث آيات قصار أو آية طويلة، وروي عنه أنه قال: مقدار ما يخطو ثلاث خطوات، وعندهما مقدار الجلسة ما جلس الخطيب بين الخطبتين من غير أن يطول، وتمكن مقعده على الأرض"".</span></p><p style=""margin-left:9pt;margin-right:10.3pt;text-align:justify;""><span class=""ar_writing""><strong>البناية شرح الهداية (2/ 102)</strong></span></p><p style=""margin-left:9pt;margin-right:10.3pt;text-align:justify;""><span class=""ar_writing"">""ويجلس بين الأذان والإقامة، إلا في المغرب، وهذا عند أبي حنيفة - رحمه الله -، وقالا: يجلس في المغرب أيضاً جلسةً خفيفةً؛ لأنه لا بد من الفصل، إذ الوصل مكروه، ولا يقع الفصل بالسكتة؛ لوجودها بين كلمات الأذان، فيفصل بالجلسة كما بين الخطبتين، ولأبي حنيفة - رحمه الله - أن التأخير مكروه، فيكتفي بأدنى الفصل احترازاً عنه، والمكان في مسألتنا مختلف، وكذا النغمة، فيقع الفصل بالسكتة، ولا كذلك الخطبة. وقال الشافعي: يفصل بركعتين اعتباراً بسائر الصلوات، والفرق قد ذكرناه. قال يعقوب:  رأيت أبا حنيفة - رحمه الله تعالى - يؤذن في المغرب ويقيم، ولا يجلس بين الأذان والإقامة، وهذا يفيد ما قلناه"".</span></p><p style=""margin-left:9pt;margin-right:10.3pt;text-align:justify;"">""حاشیہ طحطاوی"" میں ہے:</p><p style=""text-align:justify;""><span class=""ar_writing"">'' (قوله: إلی اشتباک النجوم) ظاهره أنها بقدر رکعتین لایکره مع أنه یکره أخذاً من قولهم بکراهة رکعتین قبلها۔ واستثناء صاحب القنیة القلیل یحمل علی ما هو الأقل من قدرهما توفیقاً بین کلام الأصحاب… واعلم أن التاخیربقدر رکعتین مکروه تنزیهاً وإلی اشتباک النجوم تحریماً""۔ </span>(حاشیہ طحطاوی ج:۱، ص:۱۷۸، ط:قدیمی)۔</p><p style=""text-align:justify;"">فقط واللہ اعلم</p></p><hr class=""big-hr""/><div class=""col-sm-6 col-md-6""><p class=""question_heading"" style=""color:#73161f"">فتویٰ نمبر : <a id=""fatwa_number"">143909201479</a></p></div><div class=""col-sm-6 col-md-6""><p style=""color:#73161f"">دارالافتاء :
                                جامعہ علوم اسلامیہ علامہ محمد یوسف بنوری ٹاؤن</p></div><hr class=""big-hr""/><div class=""col-sm-4 col-md-4""><div class=""tag""><a href=""https://www.banuri.edu.pk/questions/kitab/salat""><i class=""icon-docs-bold""></i> نماز</a></div></div><div class=""col-sm-4 col-md-4""><div class=""tag""><a href=""https://www.banuri.edu.pk/questions/bab/namazon-k-auqat""><i class=""icon-docs-bold""></i> نمازوں کے اوقات</a></div></div><div class=""col-sm-4 col-md-4""><div class=""tag""><a href=""https://www.banuri.edu.pk/questions/fasal/namazon-k-auqat""><i class=""icon-docs-bold""></i> نمازوں کے اوقات</a></div></div></div>"
https://www.banuri.edu.pk/readquestion/خلع-لینے-کا-صحیح-طریقہ/20-08-2018,خلع لینے کا صحیح طریقہ,"<p><p style=""text-align:justify;"">خلع لینے کا صحیح طریقہ کیا ہے؟ کیا اس میں بھی عدت ہوتی ہے؟</p></p>","<p><p style=""text-align:justify;"">اگر زوجین میں نبھاؤ کی کوئی شکل نہ رہے اور شوہر بلاعوض طلاق دینے پر آمادہ نہ ہو ، تو عورت کے لیے یہ راستہ تجویز کیا گیا ہے کہ وہ خلع کی پیش کش کرکے اپنے کو آزاد کرالے ۔ اِسی بات کو قرآنِ کریم کی اِس آیت میں اِرشاد فرمایا گیا : <br/><span class=""ar_writing"">وَلاَ یَحِلُّ لَکُمْ اَنْ تَأْخُذُوْا مِمَّا اٰتَیْتُمُوْہُنَّ شَیْئًا اِلاَّ اَنْ یَّخَافَا اَلاَّ یُقِیْمَا حُدُوْدَ اللّٰہِ  فَاِنْ خِفْتُمْ اَلاَّ یُقِیْمَا حُدُوْدَ اللّٰہِ فَلاَ جُنَاحَ عَلَیْہِمَا فِیْمَا افْتَدَتْ بِہٖ  تِلْکَ حُدُوْدُ اللّٰہِ فَلاَ تَعْتَدُوْہَا  وَمَنْ یَتَعَدَّ حُدُوْدَ اللّٰہِ فَاُولٰٓـئِکَ ہُمُ الظَّالِمُوْنَ ۔ ( البقرۃ : ۲۲۹ ) </span><br/>
ترجمہ: اور تم کو یہ روا نہیں ہے کہ عورتوں کو دیا ہوا کچھ بھی مال اُن سے واپس لو ، مگر یہ کہ جب میاں بیوی اِس بات سے ڈریں کہ اللہ کے اَحکام پر قائم نہ رہ سکیں گے ۔ پس اگر تم لوگ اِس بات سے ڈرو کہ وہ دونوں اللہ کی حدود پر قائم نہ رہیں گے تو اُن دونوں پر کچھ گناہ نہیں ہے اِس میں کہ عورت بدلہ دے کر چھوٹ جائے ، یہ اللہ کی باندھی ہوئی حدیں ہیں ، سو اُن سے آگے نہ بڑھو ، اور جو کوئی اللہ کی حدود سے آگے بڑھے گا سو وہی لوگ ظالم ہیں ۔ <br/>
نیز  روایات میں وارد ہے کہ حضرت ثابت بن قیس رضی اللہ عنہ کی اہلیہ پیغمبر علیہ الصلاۃ والسلام کی خدمت میں حاضر ہوئیں اور عرض کیا کہ میں ثابت کے اخلاق اور اُن کی دین داری کے بارے میں تو کوئی عیب نہیں لگاتی ؛ لیکن مجھے اُن کی ناقدری کا خطرہ ہے ( اِس لیے میں اُن سے علیحدگی چاہتی ہوں ) تو آں حضرت صلی اللہ علیہ وسلم نے فرمایا  : ’’ اُنہوں نے جو  باغ تمہیں مہر میں دیا ہے وہ تم اُنہیں لوٹادوگی ؟ ‘‘ تو اہلیہ نے اِس پر رضامندی ظاہر کی ، تو پیغمبر علیہ السلام نے حضرت ثابت کو بلاکر فرمایا : ’’ اپنا باغ واپس لے لو اوراِنہیں طلاق دے دو ‘‘ ۔ ( ابوداؤد شریف / باب الخلع ۱ ؍ ۳۰۳ ، تفسیر ابن کثیر مکمل ۱۸۳-۱۸۵ ریاض ) </p><p style=""text-align:justify;"">واضح رہے کہ شرعاً خلع صحیح ہونے کے لیے شوہر کا اسے قبول کرنا ضروری ہے۔   نیز چوں کہ خلع طلاقِ بائن کے حکم میں ہے؛ اس لیے  خلع واقع ہونے کے بعد   عدت گزارنا ضروری ہوگا، جو حمل نہ ہونے کی صورت میں تین ماہواریاں ہوگی۔</p><p style=""text-align:justify;""><span class=""ar_writing"">""إلا نفقۃ العدۃ وسکناہا فلا یسقطان إلا إذا نص علیہا فتسقط النفقۃ ""۔ ( الدر المختار ، کتاب الطلاق / باب الخلع ۵ ؍ ۱۰۶)</span>فقط واللہ اعلم</p></p><hr class=""big-hr""/>",20-08-2018,143909201983,banuri.edu.pk,طلاق,خلع,خلع کا ثبوت، حکمت اور اسباب,"<div class=""col-md-12 sawal-jawab""><h3 class=""question_heading"">سوال</h3><p><p style=""text-align:justify;"">خلع لینے کا صحیح طریقہ کیا ہے؟ کیا اس میں بھی عدت ہوتی ہے؟</p></p><h4 class=""question_heading"">جواب</h4><p><p style=""text-align:justify;"">اگر زوجین میں نبھاؤ کی کوئی شکل نہ رہے اور شوہر بلاعوض طلاق دینے پر آمادہ نہ ہو ، تو عورت کے لیے یہ راستہ تجویز کیا گیا ہے کہ وہ خلع کی پیش کش کرکے اپنے کو آزاد کرالے ۔ اِسی بات کو قرآنِ کریم کی اِس آیت میں اِرشاد فرمایا گیا : <br/><span class=""ar_writing"">وَلاَ یَحِلُّ لَکُمْ اَنْ تَأْخُذُوْا مِمَّا اٰتَیْتُمُوْہُنَّ شَیْئًا اِلاَّ اَنْ یَّخَافَا اَلاَّ یُقِیْمَا حُدُوْدَ اللّٰہِ  فَاِنْ خِفْتُمْ اَلاَّ یُقِیْمَا حُدُوْدَ اللّٰہِ فَلاَ جُنَاحَ عَلَیْہِمَا فِیْمَا افْتَدَتْ بِہٖ  تِلْکَ حُدُوْدُ اللّٰہِ فَلاَ تَعْتَدُوْہَا  وَمَنْ یَتَعَدَّ حُدُوْدَ اللّٰہِ فَاُولٰٓـئِکَ ہُمُ الظَّالِمُوْنَ ۔ ( البقرۃ : ۲۲۹ ) </span><br/>
ترجمہ: اور تم کو یہ روا نہیں ہے کہ عورتوں کو دیا ہوا کچھ بھی مال اُن سے واپس لو ، مگر یہ کہ جب میاں بیوی اِس بات سے ڈریں کہ اللہ کے اَحکام پر قائم نہ رہ سکیں گے ۔ پس اگر تم لوگ اِس بات سے ڈرو کہ وہ دونوں اللہ کی حدود پر قائم نہ رہیں گے تو اُن دونوں پر کچھ گناہ نہیں ہے اِس میں کہ عورت بدلہ دے کر چھوٹ جائے ، یہ اللہ کی باندھی ہوئی حدیں ہیں ، سو اُن سے آگے نہ بڑھو ، اور جو کوئی اللہ کی حدود سے آگے بڑھے گا سو وہی لوگ ظالم ہیں ۔ <br/>
نیز  روایات میں وارد ہے کہ حضرت ثابت بن قیس رضی اللہ عنہ کی اہلیہ پیغمبر علیہ الصلاۃ والسلام کی خدمت میں حاضر ہوئیں اور عرض کیا کہ میں ثابت کے اخلاق اور اُن کی دین داری کے بارے میں تو کوئی عیب نہیں لگاتی ؛ لیکن مجھے اُن کی ناقدری کا خطرہ ہے ( اِس لیے میں اُن سے علیحدگی چاہتی ہوں ) تو آں حضرت صلی اللہ علیہ وسلم نے فرمایا  : ’’ اُنہوں نے جو  باغ تمہیں مہر میں دیا ہے وہ تم اُنہیں لوٹادوگی ؟ ‘‘ تو اہلیہ نے اِس پر رضامندی ظاہر کی ، تو پیغمبر علیہ السلام نے حضرت ثابت کو بلاکر فرمایا : ’’ اپنا باغ واپس لے لو اوراِنہیں طلاق دے دو ‘‘ ۔ ( ابوداؤد شریف / باب الخلع ۱ ؍ ۳۰۳ ، تفسیر ابن کثیر مکمل ۱۸۳-۱۸۵ ریاض ) </p><p style=""text-align:justify;"">واضح رہے کہ شرعاً خلع صحیح ہونے کے لیے شوہر کا اسے قبول کرنا ضروری ہے۔   نیز چوں کہ خلع طلاقِ بائن کے حکم میں ہے؛ اس لیے  خلع واقع ہونے کے بعد   عدت گزارنا ضروری ہوگا، جو حمل نہ ہونے کی صورت میں تین ماہواریاں ہوگی۔</p><p style=""text-align:justify;""><span class=""ar_writing"">""إلا نفقۃ العدۃ وسکناہا فلا یسقطان إلا إذا نص علیہا فتسقط النفقۃ ""۔ ( الدر المختار ، کتاب الطلاق / باب الخلع ۵ ؍ ۱۰۶)</span>فقط واللہ اعلم</p></p><hr class=""big-hr""/><div class=""col-sm-6 col-md-6""><p class=""question_heading"" style=""color:#73161f"">فتویٰ نمبر : <a id=""fatwa_number"">143909201983</a></p></div><div class=""col-sm-6 col-md-6""><p style=""color:#73161f"">دارالافتاء :
                                جامعہ علوم اسلامیہ علامہ محمد یوسف بنوری ٹاؤن</p></div><hr class=""big-hr""/><div class=""col-sm-4 col-md-4""><div class=""tag""><a href=""https://www.banuri.edu.pk/questions/kitab/talaaq""><i class=""icon-docs-bold""></i> طلاق</a></div></div><div class=""col-sm-4 col-md-4""><div class=""tag""><a href=""https://www.banuri.edu.pk/questions/bab/hulaa""><i class=""icon-docs-bold""></i> خلع</a></div></div><div class=""col-sm-4 col-md-4""><div class=""tag""><a href=""https://www.banuri.edu.pk/questions/fasal/khula""><i class=""icon-docs-bold""></i> خلع کا ثبوت، حکمت اور اسباب</a></div></div></div>"
https://www.banuri.edu.pk/readquestion/بیوی-کو-ہر-ماہ-اس-کے-والدین-کے-گھر-بھیجنا/19-08-2018,بیوی کو ہر ماہ اس کے والدین کے گھر بھیجنا,"<p><p style=""text-align:justify;"">بیوی کو ہر ماہ اس کی ماں کے پاس بھیجنا کیا شوہر پے لازم ہے؟</p></p>","<p><p style=""text-align:justify;"">شادی کے بعد والدین سے ملنے کے لیے جانا عورت کا حق ہے،  باہمی رضامندی سے اس کے لیے کسی مدت کا تعین کرلیا جائے، جس میں امور خانہ داری بھی متاثر نہ ہو ں اور بیوی کی حق تلفی بھی نہ ہو ، اگر مہینے میں ایک مرتبہ بیوی جانے کا تقاضاکررہی ہے تو یہ اس کا حق ہے شوہر اس حق کو ادا کرے،   بلاوجہ اتنی مدت میں بھی والدین کی زیارت کے لیے نہ بھیجنا اس کی حق تلفی ہے۔ تاہم اگر والدین کے گھر جانے سے فتنے کا اندیشہ ہو  یا شوہر   خدمت کا محتاج ہو اور  بیوی کے جانے سے اسے ضرر لاحق ہو تو بیوی کے والدین کو چاہیے کہ وہ خود بیٹی کو دیکھنے کے لیے آجایا کریں۔ فقط واللہ اعلم</p></p><hr class=""big-hr""/>",19-08-2018,143909201980,banuri.edu.pk,حقوق و آدابِ معاشرت,حقوق,میاں ، بیوی کے حقوق,"<div class=""col-md-12 sawal-jawab""><h3 class=""question_heading"">سوال</h3><p><p style=""text-align:justify;"">بیوی کو ہر ماہ اس کی ماں کے پاس بھیجنا کیا شوہر پے لازم ہے؟</p></p><h4 class=""question_heading"">جواب</h4><p><p style=""text-align:justify;"">شادی کے بعد والدین سے ملنے کے لیے جانا عورت کا حق ہے،  باہمی رضامندی سے اس کے لیے کسی مدت کا تعین کرلیا جائے، جس میں امور خانہ داری بھی متاثر نہ ہو ں اور بیوی کی حق تلفی بھی نہ ہو ، اگر مہینے میں ایک مرتبہ بیوی جانے کا تقاضاکررہی ہے تو یہ اس کا حق ہے شوہر اس حق کو ادا کرے،   بلاوجہ اتنی مدت میں بھی والدین کی زیارت کے لیے نہ بھیجنا اس کی حق تلفی ہے۔ تاہم اگر والدین کے گھر جانے سے فتنے کا اندیشہ ہو  یا شوہر   خدمت کا محتاج ہو اور  بیوی کے جانے سے اسے ضرر لاحق ہو تو بیوی کے والدین کو چاہیے کہ وہ خود بیٹی کو دیکھنے کے لیے آجایا کریں۔ فقط واللہ اعلم</p></p><hr class=""big-hr""/><div class=""col-sm-6 col-md-6""><p class=""question_heading"" style=""color:#73161f"">فتویٰ نمبر : <a id=""fatwa_number"">143909201980</a></p></div><div class=""col-sm-6 col-md-6""><p style=""color:#73161f"">دارالافتاء :
                                جامعہ علوم اسلامیہ علامہ محمد یوسف بنوری ٹاؤن</p></div><hr class=""big-hr""/><div class=""col-sm-4 col-md-4""><div class=""tag""><a href=""https://www.banuri.edu.pk/questions/kitab/huqooq-muashret""><i class=""icon-docs-bold""></i> حقوق و آدابِ معاشرت</a></div></div><div class=""col-sm-4 col-md-4""><div class=""tag""><a href=""https://www.banuri.edu.pk/questions/bab/bahmi-huqooq""><i class=""icon-docs-bold""></i> حقوق</a></div></div><div class=""col-sm-4 col-md-4""><div class=""tag""><a href=""https://www.banuri.edu.pk/questions/fasal/mian-biwi-k-huqooq""><i class=""icon-docs-bold""></i> میاں ، بیوی کے حقوق</a></div></div></div>"
https://www.banuri.edu.pk/readquestion/ٹائلز-والے-فرش-کو-پاک-کرنے-کا-طریقہ/25-08-2018,ٹائلز والے فرش کو پاک کرنے کا طریقہ,"<p><p style=""margin-left:0;margin-right:0;text-align:justify;""><span style=""background-color:#fff;""><span style=""color:#444;"">اگر بچہ ٹائل والے پکے فرش پر پیشاب کردے تو اس کو پاک کیسے کیاجائے؟</span></span></p></p>","<p><p style=""margin-left:0;margin-right:0;text-align:justify;""><span style=""background-color:#fff;""><span style=""color:#444;"">ٹائلز والے پکے فرش کو پاک کرنے  کے دو طریقے ہیں:</span></span></p><p style=""margin-left:0;margin-right:0;text-align:justify;""><span style=""background-color:#fff;""><span style=""color:#444;"">1۔ ا س پر پانی ڈال کر صاف کیا جائے،پھر  کپڑے سے خشک کرلیا جائے، اس طرح تین مرتبہ کرنے سے وہ پاک ہوجائے گا۔</span></span></p><p style=""margin-left:0;margin-right:0;text-align:justify;""><span style=""background-color:#fff;""><span style=""color:#444;"">2۔ مذکورہ فرش پر اتنی وافر مقدار میں پانی ڈال کر بہا دیا جائے کہ اس پر نجاست کا کوئی اثر باقی نہ رہے اور پھر وہ خشکہوجائے تو اس طرح بھی وہ پاک ہوجائے گا۔</span></span></p><p style=""text-align:justify;""> </p><p style=""margin-left:0;margin-right:0;text-align:justify;""><span class=""ar_writing""><span style=""background-color:#fff;""><span style=""color:#444;"">وفی الھندیۃ(</span></span><span style=""background-color:#fff;""><span style=""color:#444;"">۴۳/۱) :</span></span></span></p><p style=""margin-left:0;margin-right:0;text-align:justify;""><span class=""ar_writing""><span style=""background-color:#fff;"">"" <span style=""color:#444;"">الارض اذا تنجست ببول واحتاج الناس الی غسلھا، فان کانت رخوۃً یصب الماء علیھا ثلاثاً فتطھر، وان کانت صلبۃً قالوا: یصب الماء علیھا وتدلک ثم تنشف بصوف أوخرقۃ، یفعل کذالک ثلاث مرات فتطھر، وان صب علیھا ماء کثیر حتی تفرقت النجاسۃ ولم یبق ریحھا ولا لونھا وترکت حتی جفت تطھر، کذا فی فتاویٰ قاضی خان""۔</span></span></span></p><p style=""margin-left:0;margin-right:0;text-align:justify;""><span class=""ar_writing""><span style=""background-color:#fff;""><span style=""color:#444;"">"" البول إذا أصاب الأرض واحتیج إلی الغسل یصب الماء علیہ ثم یدلک وینشف ذٰلک بصوف أو خرقۃٍ فإذا فعل ذٰلک ثلاثاً طہر، وإن لم یفعل ذٰلک ولٰکن صب علیہ ماء کثیر حتی عرف أنہ زالت النجاسۃ ولا یوجد فی ذٰلک لون ولا ریح، ثم ترک حتی نشفتہ الأرض کان طاہراً""۔ (المحیط البرہانی</span></span><span style=""background-color:#fff;""><span style=""color:#444;"">۱</span></span><span style=""background-color:#fff;""><span style=""color:#444;"">؍</span></span><span style=""background-color:#fff;""><span style=""color:#444;"">۳۸۲</span></span><span style=""background-color:#fff;""><span style=""color:#444;"">)</span></span></span><span style=""background-color:#fff;""><span style=""color:#444;"">فقط واللہ اعلم</span></span></p></p><hr class=""big-hr""/>",25-08-2018,143909202060,banuri.edu.pk,طہارت,نجاست اور اس سے پاکی,نجاست سے پاکی,"<div class=""col-md-12 sawal-jawab""><h3 class=""question_heading"">سوال</h3><p><p style=""margin-left:0;margin-right:0;text-align:justify;""><span style=""background-color:#fff;""><span style=""color:#444;"">اگر بچہ ٹائل والے پکے فرش پر پیشاب کردے تو اس کو پاک کیسے کیاجائے؟</span></span></p></p><h4 class=""question_heading"">جواب</h4><p><p style=""margin-left:0;margin-right:0;text-align:justify;""><span style=""background-color:#fff;""><span style=""color:#444;"">ٹائلز والے پکے فرش کو پاک کرنے  کے دو طریقے ہیں:</span></span></p><p style=""margin-left:0;margin-right:0;text-align:justify;""><span style=""background-color:#fff;""><span style=""color:#444;"">1۔ ا س پر پانی ڈال کر صاف کیا جائے،پھر  کپڑے سے خشک کرلیا جائے، اس طرح تین مرتبہ کرنے سے وہ پاک ہوجائے گا۔</span></span></p><p style=""margin-left:0;margin-right:0;text-align:justify;""><span style=""background-color:#fff;""><span style=""color:#444;"">2۔ مذکورہ فرش پر اتنی وافر مقدار میں پانی ڈال کر بہا دیا جائے کہ اس پر نجاست کا کوئی اثر باقی نہ رہے اور پھر وہ خشکہوجائے تو اس طرح بھی وہ پاک ہوجائے گا۔</span></span></p><p style=""text-align:justify;""> </p><p style=""margin-left:0;margin-right:0;text-align:justify;""><span class=""ar_writing""><span style=""background-color:#fff;""><span style=""color:#444;"">وفی الھندیۃ(</span></span><span style=""background-color:#fff;""><span style=""color:#444;"">۴۳/۱) :</span></span></span></p><p style=""margin-left:0;margin-right:0;text-align:justify;""><span class=""ar_writing""><span style=""background-color:#fff;"">"" <span style=""color:#444;"">الارض اذا تنجست ببول واحتاج الناس الی غسلھا، فان کانت رخوۃً یصب الماء علیھا ثلاثاً فتطھر، وان کانت صلبۃً قالوا: یصب الماء علیھا وتدلک ثم تنشف بصوف أوخرقۃ، یفعل کذالک ثلاث مرات فتطھر، وان صب علیھا ماء کثیر حتی تفرقت النجاسۃ ولم یبق ریحھا ولا لونھا وترکت حتی جفت تطھر، کذا فی فتاویٰ قاضی خان""۔</span></span></span></p><p style=""margin-left:0;margin-right:0;text-align:justify;""><span class=""ar_writing""><span style=""background-color:#fff;""><span style=""color:#444;"">"" البول إذا أصاب الأرض واحتیج إلی الغسل یصب الماء علیہ ثم یدلک وینشف ذٰلک بصوف أو خرقۃٍ فإذا فعل ذٰلک ثلاثاً طہر، وإن لم یفعل ذٰلک ولٰکن صب علیہ ماء کثیر حتی عرف أنہ زالت النجاسۃ ولا یوجد فی ذٰلک لون ولا ریح، ثم ترک حتی نشفتہ الأرض کان طاہراً""۔ (المحیط البرہانی</span></span><span style=""background-color:#fff;""><span style=""color:#444;"">۱</span></span><span style=""background-color:#fff;""><span style=""color:#444;"">؍</span></span><span style=""background-color:#fff;""><span style=""color:#444;"">۳۸۲</span></span><span style=""background-color:#fff;""><span style=""color:#444;"">)</span></span></span><span style=""background-color:#fff;""><span style=""color:#444;"">فقط واللہ اعلم</span></span></p></p><hr class=""big-hr""/><div class=""col-sm-6 col-md-6""><p class=""question_heading"" style=""color:#73161f"">فتویٰ نمبر : <a id=""fatwa_number"">143909202060</a></p></div><div class=""col-sm-6 col-md-6""><p style=""color:#73161f"">دارالافتاء :
                                جامعہ علوم اسلامیہ علامہ محمد یوسف بنوری ٹاؤن</p></div><hr class=""big-hr""/><div class=""col-sm-4 col-md-4""><div class=""tag""><a href=""https://www.banuri.edu.pk/questions/kitab/taharat""><i class=""icon-docs-bold""></i> طہارت</a></div></div><div class=""col-sm-4 col-md-4""><div class=""tag""><a href=""https://www.banuri.edu.pk/questions/bab/najasat-aur-us-ki-paki""><i class=""icon-docs-bold""></i> نجاست اور اس سے پاکی</a></div></div><div class=""col-sm-4 col-md-4""><div class=""tag""><a href=""https://www.banuri.edu.pk/questions/fasal/nijasat-aur-us-ki-paki""><i class=""icon-docs-bold""></i> نجاست سے پاکی</a></div></div></div>"
https://www.banuri.edu.pk/readquestion/گیارہ-ذی-الحجہ-کو-رمی-قبل-الزوال-کرنے-کا-حکم/23-08-2018,گیارہ ذی الحجہ کو رمی قبل الزوال کرنے کا حکم,"<p><p style=""text-align:justify;"">اگر گیارہ ذی الحجہ کو رمی زوال سے پہلے کی جائے تو کیا حکم ہے؟</p></p>","<p><p style=""text-align:justify;"">اگر کسی شخص نے گیارہ ذی الحجہ کو رمی زوال سے پہلے کر لی تو اس کی وہ رمی درست نہ ہوئی، اس پر لازم ہو گا کہ زوال کے بعد رمی کا اعادہ کرے،  لیکن اگر اعادہ نہ کر سکا تو ایسے شخص پر حدودِ حرم میں دم دینا لازم ہو گا۔</p><p style=""text-align:justify;""><span class=""ar_writing"">الدر المختار وحاشية ابن عابدين (رد المحتار) (2/ 521)<br/>
""(قوله: فمن الزوال لطلوع ذكاء) أي إلى طلوع الشمس من اليوم الرابع، والمراد أنه وقت الجواز في الجملة. قال في اللباب: وقت رمي الجمار الثلاث في اليوم الثاني والثالث من أيام النحر بعد الزوال، فلا يجوز قبله في المشهور. وقيل: يجوز"".</span>فقط واللہ اعلم</p></p><hr class=""big-hr""/>",23-08-2018,143909202030,banuri.edu.pk,حج,حج / عمرہ,حج کی غلطیاں اور اس کے احکام,"<div class=""col-md-12 sawal-jawab""><h3 class=""question_heading"">سوال</h3><p><p style=""text-align:justify;"">اگر گیارہ ذی الحجہ کو رمی زوال سے پہلے کی جائے تو کیا حکم ہے؟</p></p><h4 class=""question_heading"">جواب</h4><p><p style=""text-align:justify;"">اگر کسی شخص نے گیارہ ذی الحجہ کو رمی زوال سے پہلے کر لی تو اس کی وہ رمی درست نہ ہوئی، اس پر لازم ہو گا کہ زوال کے بعد رمی کا اعادہ کرے،  لیکن اگر اعادہ نہ کر سکا تو ایسے شخص پر حدودِ حرم میں دم دینا لازم ہو گا۔</p><p style=""text-align:justify;""><span class=""ar_writing"">الدر المختار وحاشية ابن عابدين (رد المحتار) (2/ 521)<br/>
""(قوله: فمن الزوال لطلوع ذكاء) أي إلى طلوع الشمس من اليوم الرابع، والمراد أنه وقت الجواز في الجملة. قال في اللباب: وقت رمي الجمار الثلاث في اليوم الثاني والثالث من أيام النحر بعد الزوال، فلا يجوز قبله في المشهور. وقيل: يجوز"".</span>فقط واللہ اعلم</p></p><hr class=""big-hr""/><div class=""col-sm-6 col-md-6""><p class=""question_heading"" style=""color:#73161f"">فتویٰ نمبر : <a id=""fatwa_number"">143909202030</a></p></div><div class=""col-sm-6 col-md-6""><p style=""color:#73161f"">دارالافتاء :
                                جامعہ علوم اسلامیہ علامہ محمد یوسف بنوری ٹاؤن</p></div><hr class=""big-hr""/><div class=""col-sm-4 col-md-4""><div class=""tag""><a href=""https://www.banuri.edu.pk/questions/kitab/haj""><i class=""icon-docs-bold""></i> حج</a></div></div><div class=""col-sm-4 col-md-4""><div class=""tag""><a href=""https://www.banuri.edu.pk/questions/bab/hajj-umrah""><i class=""icon-docs-bold""></i> حج / عمرہ</a></div></div><div class=""col-sm-4 col-md-4""><div class=""tag""><a href=""https://www.banuri.edu.pk/questions/fasal/haj-ki-ghalatiyan-or-us-k-ahkam""><i class=""icon-docs-bold""></i> حج کی غلطیاں اور اس کے احکام</a></div></div></div>"
https://www.banuri.edu.pk/readquestion/قبرستان-میں-دعا-کا-طریقہ/19-08-2018,قبرستان میں دعا کا طریقہ,"<p><p style=""text-align:justify;"">قبرستان میں ہاتھ اٹھاکر دعا مانگنا کیسا ہے؟</p></p>","<p><p style=""margin-left:0;margin-right:0;text-align:justify;""><span style=""background-color:#fff;""><span style=""color:#323232;"">عام حالات میں قبرستان جاکرہاتھ اٹھاکےدعاکرناثابت ہے، چناںچہ حضرت عائشہ رضی اللہ عنہا فرماتی ہیں کہ آپ صلی اللہ علیہ وسلم ''جنت البقیع'' میں تشریف لائے اورکافی دیرٹھہرے رہے، پھرتین مرتبہ ہاتھ اٹھا کردعاکی۔ (مسلم شریف۔1-313،کتاب الجنائز،ط: قدیمی)</span></span></p><p style=""text-align:justify;""><span style=""color:#323232;"">البتہ قبرستان میں دعامانگنے کی صورت یہ ہونی چاہیے  کہ قبلہ رخ ہوکرہاتھ اٹھائے جائیں اورمیت ومرحومین کے لیے دعاکی جائے، قبرکی طرف رخ کرکےدعانہ کریں  ؛ تاکہ کسی کو فسادِعقیدہ کی بدگمانی نہ ہو، نیز عوام اور ناواقف لوگوں کے عقیدے کے فساد کا ذریعہ بھی نہ بنے۔ البتہ جہاں ایسا احتمال نہ ہو (مثلاً: بالکل تنہا ہو اور اپنا عقیدہ بالکل صحیح ہو) تو کسی بھی رخ پر دعا مانگی جاسکتی ہے۔فقط واللہ اعلم</span></p></p><hr class=""big-hr""/>",19-08-2018,143909201975,banuri.edu.pk,جنائز,ایصالِ ثواب,ایصالِ ثواب اور تعزیت,"<div class=""col-md-12 sawal-jawab""><h3 class=""question_heading"">سوال</h3><p><p style=""text-align:justify;"">قبرستان میں ہاتھ اٹھاکر دعا مانگنا کیسا ہے؟</p></p><h4 class=""question_heading"">جواب</h4><p><p style=""margin-left:0;margin-right:0;text-align:justify;""><span style=""background-color:#fff;""><span style=""color:#323232;"">عام حالات میں قبرستان جاکرہاتھ اٹھاکےدعاکرناثابت ہے، چناںچہ حضرت عائشہ رضی اللہ عنہا فرماتی ہیں کہ آپ صلی اللہ علیہ وسلم ''جنت البقیع'' میں تشریف لائے اورکافی دیرٹھہرے رہے، پھرتین مرتبہ ہاتھ اٹھا کردعاکی۔ (مسلم شریف۔1-313،کتاب الجنائز،ط: قدیمی)</span></span></p><p style=""text-align:justify;""><span style=""color:#323232;"">البتہ قبرستان میں دعامانگنے کی صورت یہ ہونی چاہیے  کہ قبلہ رخ ہوکرہاتھ اٹھائے جائیں اورمیت ومرحومین کے لیے دعاکی جائے، قبرکی طرف رخ کرکےدعانہ کریں  ؛ تاکہ کسی کو فسادِعقیدہ کی بدگمانی نہ ہو، نیز عوام اور ناواقف لوگوں کے عقیدے کے فساد کا ذریعہ بھی نہ بنے۔ البتہ جہاں ایسا احتمال نہ ہو (مثلاً: بالکل تنہا ہو اور اپنا عقیدہ بالکل صحیح ہو) تو کسی بھی رخ پر دعا مانگی جاسکتی ہے۔فقط واللہ اعلم</span></p></p><hr class=""big-hr""/><div class=""col-sm-6 col-md-6""><p class=""question_heading"" style=""color:#73161f"">فتویٰ نمبر : <a id=""fatwa_number"">143909201975</a></p></div><div class=""col-sm-6 col-md-6""><p style=""color:#73161f"">دارالافتاء :
                                جامعہ علوم اسلامیہ علامہ محمد یوسف بنوری ٹاؤن</p></div><hr class=""big-hr""/><div class=""col-sm-4 col-md-4""><div class=""tag""><a href=""https://www.banuri.edu.pk/questions/kitab/janaiz""><i class=""icon-docs-bold""></i> جنائز</a></div></div><div class=""col-sm-4 col-md-4""><div class=""tag""><a href=""https://www.banuri.edu.pk/questions/bab/ieesaal-e-sawaab""><i class=""icon-docs-bold""></i> ایصالِ ثواب</a></div></div><div class=""col-sm-4 col-md-4""><div class=""tag""><a href=""https://www.banuri.edu.pk/questions/fasal/esaal-e-sawab-or-taziyat""><i class=""icon-docs-bold""></i> ایصالِ ثواب اور تعزیت</a></div></div></div>"
https://www.banuri.edu.pk/readquestion/قرآن-یا-رکھنے-کے-لئے-سال-بھر-نفل-کی-جماعت-میں-قرآن-سنانا/22-06-2018,قرآن یاد رکھنے کے لیے سال بھر نفل کی جماعت میں قرآن سنانا,"<p><p style=""text-align:justify;"">میں چاہتاہوں کہ سال بھر اپنے بیٹوں سے قران سننے کی کوئی  ترتیب بنالوں۔ لیکن جو آسان ترتیب اور قابلِ عمل میرے ذہن میں  آئی  ہے وہ یہ ہے :</p><p style=""text-align:justify;"">اگر وہ چاررکعت نفل نماز گھر میں عشاء کے بعد جہراً   فی رکعت پاؤ پاؤ سنایا کریں، اور ہم یہ چاررکعت باجماعت اداکرلیا کریں توآیا یہ طریقہ درست ہوگا؟ شرعاً   کوئی ممانعت تو نہیں ہوگی؟</p></p>","<p><p style=""margin-left:9pt;margin-right:10.3pt;text-align:justify;""><span style=""background-color:#fff;""><span style=""color:#444;"">نفل کی جماعت کرنا جب کہ ایک امام اور چار مقتدی ہوں تو  بالاتفاق مکروہ ہے، اور تین مقتدی ہوں تو کراہت میں اختلاف ہے،</span></span> البتہ اگر ایک امام اور دو مقتدی ہوں تو بالاتفاق جائز ہے،  لہٰذا صورتِ مسئولہ میں اگر آپ کا ایک بیٹا امام بن کر نفل میں قرآن سنائے اور دوسرا بیٹا اور آپ اس کی اقتدا میں اس کا قرآن سنیں، باہر سے باقاعدہ کسی کو نفل کی جماعت میں شرکت کے لیے نہ بلایا جائے، تو اس طریقہ سے قرآن پختہ رکھنے کے لیے نفل کی جماعت کراکر اس میں قرآن سنانے کی گنجائش ہوگی۔</p><p style=""margin-left:9pt;margin-right:10.3pt;text-align:justify;""><span class=""ar_writing"">الدر المختار وحاشية ابن عابدين (رد المحتار) (2/ 48)</span></p><p style=""margin-left:9pt;margin-right:10.3pt;text-align:justify;""><span class=""ar_writing"">""(ولا يصلي الوتر و) لا (التطوع بجماعة خارج رمضان) أي يكره ذلك على سبيل التداعي، بأن يقتدي أربعة بواحد، كما في الدرر. ولا خلاف في صحة الاقتداء؛ إذ لا مانع. نهر.</span></p><p style=""margin-left:9pt;margin-right:10.3pt;text-align:justify;""><span class=""ar_writing""> (قوله: على سبيل التداعي) هو أن يدعو بعضهم بعضاً، كما في المغرب. وفسره الواني بالكثرة، وهو لازم معناه.</span></p><p style=""margin-left:9pt;margin-right:10.3pt;text-align:justify;""><span class=""ar_writing"">(قوله: أربعة بواحد) أما اقتداء واحد بواحد أو اثنين بواحد فلا يكره، وثلاثة بواحد فيه خلاف، بحر عن الكافي. وهل يحصل بهذا الاقتداء فضيلة الجماعة؟ ظاهر ما قدمناه من أن الجماعة في التطوع ليست بسنة يفيد عدمه، تأمل. بقي لو اقتدى به واحد أو اثنان ثم جاءت جماعة اقتدوا به. قال الرحمتي: ينبغي أن تكون الكراهة على المتأخرين. اهـ. قلت: وهذا كله لو كان الكل متنفلين، أما لو اقتدى متنفلون بمفترض فلا كراهة، كما نذكره في الباب الآتي"".</span>فقط واللہ اعلم</p></p><hr class=""big-hr""/>",22-06-2018,143909200941,banuri.edu.pk,نماز,سنن و نوافل,سنن و نوافل,"<div class=""col-md-12 sawal-jawab""><h3 class=""question_heading"">سوال</h3><p><p style=""text-align:justify;"">میں چاہتاہوں کہ سال بھر اپنے بیٹوں سے قران سننے کی کوئی  ترتیب بنالوں۔ لیکن جو آسان ترتیب اور قابلِ عمل میرے ذہن میں  آئی  ہے وہ یہ ہے :</p><p style=""text-align:justify;"">اگر وہ چاررکعت نفل نماز گھر میں عشاء کے بعد جہراً   فی رکعت پاؤ پاؤ سنایا کریں، اور ہم یہ چاررکعت باجماعت اداکرلیا کریں توآیا یہ طریقہ درست ہوگا؟ شرعاً   کوئی ممانعت تو نہیں ہوگی؟</p></p><h4 class=""question_heading"">جواب</h4><p><p style=""margin-left:9pt;margin-right:10.3pt;text-align:justify;""><span style=""background-color:#fff;""><span style=""color:#444;"">نفل کی جماعت کرنا جب کہ ایک امام اور چار مقتدی ہوں تو  بالاتفاق مکروہ ہے، اور تین مقتدی ہوں تو کراہت میں اختلاف ہے،</span></span> البتہ اگر ایک امام اور دو مقتدی ہوں تو بالاتفاق جائز ہے،  لہٰذا صورتِ مسئولہ میں اگر آپ کا ایک بیٹا امام بن کر نفل میں قرآن سنائے اور دوسرا بیٹا اور آپ اس کی اقتدا میں اس کا قرآن سنیں، باہر سے باقاعدہ کسی کو نفل کی جماعت میں شرکت کے لیے نہ بلایا جائے، تو اس طریقہ سے قرآن پختہ رکھنے کے لیے نفل کی جماعت کراکر اس میں قرآن سنانے کی گنجائش ہوگی۔</p><p style=""margin-left:9pt;margin-right:10.3pt;text-align:justify;""><span class=""ar_writing"">الدر المختار وحاشية ابن عابدين (رد المحتار) (2/ 48)</span></p><p style=""margin-left:9pt;margin-right:10.3pt;text-align:justify;""><span class=""ar_writing"">""(ولا يصلي الوتر و) لا (التطوع بجماعة خارج رمضان) أي يكره ذلك على سبيل التداعي، بأن يقتدي أربعة بواحد، كما في الدرر. ولا خلاف في صحة الاقتداء؛ إذ لا مانع. نهر.</span></p><p style=""margin-left:9pt;margin-right:10.3pt;text-align:justify;""><span class=""ar_writing""> (قوله: على سبيل التداعي) هو أن يدعو بعضهم بعضاً، كما في المغرب. وفسره الواني بالكثرة، وهو لازم معناه.</span></p><p style=""margin-left:9pt;margin-right:10.3pt;text-align:justify;""><span class=""ar_writing"">(قوله: أربعة بواحد) أما اقتداء واحد بواحد أو اثنين بواحد فلا يكره، وثلاثة بواحد فيه خلاف، بحر عن الكافي. وهل يحصل بهذا الاقتداء فضيلة الجماعة؟ ظاهر ما قدمناه من أن الجماعة في التطوع ليست بسنة يفيد عدمه، تأمل. بقي لو اقتدى به واحد أو اثنان ثم جاءت جماعة اقتدوا به. قال الرحمتي: ينبغي أن تكون الكراهة على المتأخرين. اهـ. قلت: وهذا كله لو كان الكل متنفلين، أما لو اقتدى متنفلون بمفترض فلا كراهة، كما نذكره في الباب الآتي"".</span>فقط واللہ اعلم</p></p><hr class=""big-hr""/><div class=""col-sm-6 col-md-6""><p class=""question_heading"" style=""color:#73161f"">فتویٰ نمبر : <a id=""fatwa_number"">143909200941</a></p></div><div class=""col-sm-6 col-md-6""><p style=""color:#73161f"">دارالافتاء :
                                جامعہ علوم اسلامیہ علامہ محمد یوسف بنوری ٹاؤن</p></div><hr class=""big-hr""/><div class=""col-sm-4 col-md-4""><div class=""tag""><a href=""https://www.banuri.edu.pk/questions/kitab/salat""><i class=""icon-docs-bold""></i> نماز</a></div></div><div class=""col-sm-4 col-md-4""><div class=""tag""><a href=""https://www.banuri.edu.pk/questions/bab/nawafil""><i class=""icon-docs-bold""></i> سنن و نوافل</a></div></div><div class=""col-sm-4 col-md-4""><div class=""tag""><a href=""https://www.banuri.edu.pk/questions/fasal/sunan-o-nawafi""><i class=""icon-docs-bold""></i> سنن و نوافل</a></div></div></div>"
https://www.banuri.edu.pk/readquestion/کریم-careem-کی-کمائی/06-08-2018,کریم (careem) کی کمائی,"<p><p style=""text-align:justify;"">کریم (careem) کی کمائی کا کیا حکم ہے؟</p></p>","<p><p style=""text-align:justify;"">جامعہ کے دارالافتاء  میں اس کے متعلق مشاورت جاری ہے، اب تک حتمی فتوی جاری نہیں ہوا۔ فقط واللہ اعلم</p></p><hr class=""big-hr""/>",06-08-2018,143909201727,banuri.edu.pk,معاملات,بیع / تجارت,اجارہ اور کرایہ کے احکام,"<div class=""col-md-12 sawal-jawab""><h3 class=""question_heading"">سوال</h3><p><p style=""text-align:justify;"">کریم (careem) کی کمائی کا کیا حکم ہے؟</p></p><h4 class=""question_heading"">جواب</h4><p><p style=""text-align:justify;"">جامعہ کے دارالافتاء  میں اس کے متعلق مشاورت جاری ہے، اب تک حتمی فتوی جاری نہیں ہوا۔ فقط واللہ اعلم</p></p><hr class=""big-hr""/><div class=""col-sm-6 col-md-6""><p class=""question_heading"" style=""color:#73161f"">فتویٰ نمبر : <a id=""fatwa_number"">143909201727</a></p></div><div class=""col-sm-6 col-md-6""><p style=""color:#73161f"">دارالافتاء :
                                جامعہ علوم اسلامیہ علامہ محمد یوسف بنوری ٹاؤن</p></div><hr class=""big-hr""/><div class=""col-sm-4 col-md-4""><div class=""tag""><a href=""https://www.banuri.edu.pk/questions/kitab/muamlat""><i class=""icon-docs-bold""></i> معاملات</a></div></div><div class=""col-sm-4 col-md-4""><div class=""tag""><a href=""https://www.banuri.edu.pk/questions/bab/bay-tijarat""><i class=""icon-docs-bold""></i> بیع / تجارت</a></div></div><div class=""col-sm-4 col-md-4""><div class=""tag""><a href=""https://www.banuri.edu.pk/questions/fasal/ijara-or-kiraya-k-ahkam""><i class=""icon-docs-bold""></i> اجارہ اور کرایہ کے احکام</a></div></div></div>"
https://www.banuri.edu.pk/readquestion/عیسائیوں-کو-سلام-کرنا/01-09-2018,عیسائیوں کو سلام کرنا,"<p><p style=""text-align:justify;"">عیسائیوں کو سلام کرنا جائز ہے یا ناجائز؟</p></p>","<hr class=""big-hr""/>",01-09-2018,143909202178,banuri.edu.pk,حقوق و آدابِ معاشرت,حقوق,غیر مسلموں کے حقوق,"<div class=""col-md-12 sawal-jawab""><h3 class=""question_heading"">سوال</h3><p><p style=""text-align:justify;"">عیسائیوں کو سلام کرنا جائز ہے یا ناجائز؟</p></p><h4 class=""question_heading"">جواب</h4><p><p style=""text-align:justify;"">غیرمسلم کو ابتداءً سلام کرنا جائزنہیں ہے، اوراگرغیرمسلم سلام میں پہل کردے توجواب میں صرف <span class=""ar_writing"">""وَعَلَیْکُمْ ""</span> یا <span class=""ar_writing"">""هَدَاکَ اللهُ ""</span> یا  <span class=""ar_writing"">""وَالسَّلَامُ عَلیٰ مَنِ اتَّبَعَ الْهُدیٰ""</span>  کہنا چاہیے، اسی طرح اگر کبھی کسی مصلحت ومجبوری کی وجہ سے غیر مسلم کو سلام کرنا پڑے تو یہی الفاظ  <span class=""ar_writing"">""وَالسَّلَامُ عَلیٰ مَنِ اتَّبَعَ الْهُدیٰ""</span> کہنے چاہیے۔</p><p style=""text-align:justify;""><span class=""ar_writing"">الدر المختار وحاشية ابن عابدين (رد المحتار) (6/ 412)<br/>
""(ويسلم) المسلم (على أهل الذمة) لو له حاجة إليه، وإلا كره، هو الصحيح، كما كره للمسلم مصافحة الذمي، كذا في نسخ الشارح وأكثر المتون بلفظ: ويسلم، فأولتها هكذا، ولكن بعض نسخ المتن: ولا يسلم، وهو الأحسن الأسلم، فافهم. وفي شرح البخاري للعيني في حديث «أي الإسلام خير؟ قال: تطعم الطعام وتقرأ السلام على من عرفت ومن لم تعرف»، قال: وهذا التعميم مخصوص بالمسلمين، فلا يسلم ابتداءً على كافر؛ لحديث: «لاتبدءوا اليهود ولا النصارى بالسلام، فإذا لقيتم أحدهم في طريق فاضطروه إلى أضيقه». رواه البخاري. وكذا يخص منه الفاسق؛ بدليل آخر. وأما من شك فيه فالأصل فيه البقاء على العموم حتى يثبت الخصوص، ويمكن أن يقال: إن الحديث المذكور كان في ابتداء السلام؛ لمصلحة التأليف ثم ورد النهي اهـ فليحفظ. ولو سلم يهودي أو نصراني أو مجوسي على مسلم فلا بأس بالرد، (و) لكن (لا يزيد على قوله: وعليك) كما في الخانية.</span></p><p style=""text-align:justify;""><span class=""ar_writing"">(قوله: ويسلم المسلم على أهل الذمة إلخ) انظر هل يجوز أن يأتي بلفظ الجمع، لو كان الذمي واحداً، والظاهر: أنه يأتي بلفظ المفرد أخذاً مما يأتي في الرد تأمل. لكن في الشرعة: إذا سلم على أهل الذمة فليقل: ""السلام على من اتبع الهدى""، وكذلك يكتب في الكتاب إليهم اهـ. وفي التتارخانية: قال محمد: إذا كتبت إلى يهودي أو نصراني في حاجة فاكتب : ""السلام على من اتبع الهدى"" اهـ. (قوله: لو له حاجة إليه) أي إلى الذمي المفهوم من المقام، قال في التتارخانية: لأن النهي عن السلام؛ لتوقيره، ولا توقير إذا كان السلام لحاجة. (قوله: هو الصحيح) مقابله أنه لا بأس به بلا تفصيل، وهو ما ذكره في الخانية عن بعض المشايخ. (قوله: كما كره للمسلم مصافحة الذمي) أي بلا حاجة؛ لما في القنية: لا بأس بمصافحة المسلم جاره النصراني إذا رجع بعد الغيبة ويتأذى بترك المصافحة اهـ. تأمل. وهل يشمته إذا عطس وحمد؟ قال الحموي: الظاهر لا اهـ. لكن سيأتي أنه يقول له: يهديك الله (قوله: وأكثر المتون) بالجر عطفاً على الشرح: أي نسخ أكثر المتون: أي المتون المجردة عن الشرح، وجمعها باعتبار أشخاصها، وإلا فالمراد متن التنوير لاغير، (قوله: بلفظ ويسلم) وهو كذلك بخط المصنف متناً وشرحاً، رملي. (قوله: فأولتها هكذا) أي بالتقييد بالحاجة؛ ليكون المتن ماشياً على الصحيح. (قوله: وهو الأحسن)؛ لأن الحكم الأصلي المنع، والجواز لحاجة عارض، و""قوله: الأسلم"" لعل وجهه أنه إذا لم يسلم مطلقاً لا يقع في محذور، بخلاف ما إذا سلم مطلقاً، تأمل. (قوله: أي الإسلام خير) أي خصال الإسلام، ط. (قوله : تطعم) بتأويل أن تطعم، ويأتي فيه الأوجه التي ذكرها النحويون في: ""تسمع بالمعيدي خير من أن تراه"" (قوله: وتقرأ) من القرآن لا من الإقراء، ط. (قوله: لحديث: ""لا تبدءوا اليهود ولا النصاري بالسلام"") يوجد في كثير من النسخ زيادة: "" «فإذا لقيتم أحدهم في طريق فاضطروه إلى أضيقه» رواه البخاري""</span>۔ فقط واللہ اعلم</p></p><hr class=""big-hr""/><div class=""col-sm-6 col-md-6""><p class=""question_heading"" style=""color:#73161f"">فتویٰ نمبر : <a id=""fatwa_number"">143909202178</a></p></div><div class=""col-sm-6 col-md-6""><p style=""color:#73161f"">دارالافتاء :
                                جامعہ علوم اسلامیہ علامہ محمد یوسف بنوری ٹاؤن</p></div><hr class=""big-hr""/><div class=""col-sm-4 col-md-4""><div class=""tag""><a href=""https://www.banuri.edu.pk/questions/kitab/huqooq-muashret""><i class=""icon-docs-bold""></i> حقوق و آدابِ معاشرت</a></div></div><div class=""col-sm-4 col-md-4""><div class=""tag""><a href=""https://www.banuri.edu.pk/questions/bab/bahmi-huqooq""><i class=""icon-docs-bold""></i> حقوق</a></div></div><div class=""col-sm-4 col-md-4""><div class=""tag""><a href=""https://www.banuri.edu.pk/questions/fasal/gher-muslimon-k-huqoq""><i class=""icon-docs-bold""></i> غیر مسلموں کے حقوق</a></div></div></div>"
https://www.banuri.edu.pk/readquestion/چچی-سے-نکاح-کا-حکم/01-09-2018,بیوی کی سوتیلی ماں سے نکاح کا حکم,"<p><p style=""text-align:justify;"">ایک صاحب نے چاچا کی بیٹی سے شادی کی، پھر اس کے چاچا کا انتقال ہو گیا، چاچاکی دوسری بیوی بھی ہے، اس صاحب نے چاچا کی دوسری بیوی سے بھی نکاح کر لیا، کیا یہ صحیح ہے؟</p></p>","<p><p style=""text-align:justify;"">صورتِ مسئولہ میں مذکورہ شخص کا اپنے چاچا کی ایک بیوی کی بیٹی سے نکاح کرنے کے بعد، چاچا کے انتقال کے بعد  اس کی دوسری بیوی (چچی) سے عدت گزرنے کے بعد نکاح کرنا شرعاً جائز ہے۔فقط  واللہ اعلم</p></p><hr class=""big-hr""/>",01-09-2018,143909202168,banuri.edu.pk,نکاح,نکاح فاسد و باطل,دوسرے کی بیوی سے نکاح,"<div class=""col-md-12 sawal-jawab""><h3 class=""question_heading"">سوال</h3><p><p style=""text-align:justify;"">ایک صاحب نے چاچا کی بیٹی سے شادی کی، پھر اس کے چاچا کا انتقال ہو گیا، چاچاکی دوسری بیوی بھی ہے، اس صاحب نے چاچا کی دوسری بیوی سے بھی نکاح کر لیا، کیا یہ صحیح ہے؟</p></p><h4 class=""question_heading"">جواب</h4><p><p style=""text-align:justify;"">صورتِ مسئولہ میں مذکورہ شخص کا اپنے چاچا کی ایک بیوی کی بیٹی سے نکاح کرنے کے بعد، چاچا کے انتقال کے بعد  اس کی دوسری بیوی (چچی) سے عدت گزرنے کے بعد نکاح کرنا شرعاً جائز ہے۔فقط  واللہ اعلم</p></p><hr class=""big-hr""/><div class=""col-sm-6 col-md-6""><p class=""question_heading"" style=""color:#73161f"">فتویٰ نمبر : <a id=""fatwa_number"">143909202168</a></p></div><div class=""col-sm-6 col-md-6""><p style=""color:#73161f"">دارالافتاء :
                                جامعہ علوم اسلامیہ علامہ محمد یوسف بنوری ٹاؤن</p></div><hr class=""big-hr""/><div class=""col-sm-4 col-md-4""><div class=""tag""><a href=""https://www.banuri.edu.pk/questions/kitab/nikah""><i class=""icon-docs-bold""></i> نکاح</a></div></div><div class=""col-sm-4 col-md-4""><div class=""tag""><a href=""https://www.banuri.edu.pk/questions/bab/nikah-e-fasid-o-batil""><i class=""icon-docs-bold""></i> نکاح فاسد و باطل</a></div></div><div class=""col-sm-4 col-md-4""><div class=""tag""><a href=""https://www.banuri.edu.pk/questions/fasal/nikah-sahih-o-fasid""><i class=""icon-docs-bold""></i> دوسرے کی بیوی سے نکاح</a></div></div></div>"
https://www.banuri.edu.pk/readquestion/ٹیلی-نار-ایزی-پیسہ-میں-ملنے-والے-مفت-منٹ-کا-استعمال/03-09-2018,ٹیلی نار ایزی پیسہ میں ملنے والے مفت منٹ کا استعمال,"<p><p style=""text-align:justify;"">ٹیلی نار سم کے اندر ایزی پیسہ اکاؤنٹ کھولا جاتا ہے تو اگر اس اکاؤنٹ میں 1000 RS. یا اس سے زیادہ رقم رکھ دی جاتی ہے تو اس پر 50 فری منٹ دیے جاتے ہیں، آیا وہ فری منٹ جائز ہیں یا نہیں؟</p></p>","<p><p style=""text-align:justify;"">کمپنی کی طرف سے مذکورہ اضافی ۵۰ منٹس  اکاؤنٹ میں ۱۰۰۰ روپے یا سے زیادہ رکھنے کی شرط پر دیے جاتے ہیں، یہ  قرض کی بنیاد پر حاصل ہونے والا مشروط نفع ہونے کی وجہ سے سود میں داخل ہے؛ اس لیے ان منٹس کا استعمال کرنا جائز نہیں ہوگا۔</p><p style=""text-align:justify;""><span class=""ar_writing"">الدر المختار وحاشية ابن عابدين (رد المحتار) (5/ 166)</span></p><p style=""text-align:justify;""><span class=""ar_writing"">''وفي الأشباه: كل قرض جر نفعاً حرام''.</span></p><p style=""text-align:justify;""><span class=""ar_writing"">(قوله: كل قرض جر نفعاً حرام) أي إذا كان مشروطاً''.</span>فقط واللہ اعلم</p></p><hr class=""big-hr""/>",03-09-2018,143909202208,banuri.edu.pk,معاملات,سود / بینکاری / انشورنس / شیئرز,سودی قرضہ کی لین دین,"<div class=""col-md-12 sawal-jawab""><h3 class=""question_heading"">سوال</h3><p><p style=""text-align:justify;"">ٹیلی نار سم کے اندر ایزی پیسہ اکاؤنٹ کھولا جاتا ہے تو اگر اس اکاؤنٹ میں 1000 RS. یا اس سے زیادہ رقم رکھ دی جاتی ہے تو اس پر 50 فری منٹ دیے جاتے ہیں، آیا وہ فری منٹ جائز ہیں یا نہیں؟</p></p><h4 class=""question_heading"">جواب</h4><p><p style=""text-align:justify;"">کمپنی کی طرف سے مذکورہ اضافی ۵۰ منٹس  اکاؤنٹ میں ۱۰۰۰ روپے یا سے زیادہ رکھنے کی شرط پر دیے جاتے ہیں، یہ  قرض کی بنیاد پر حاصل ہونے والا مشروط نفع ہونے کی وجہ سے سود میں داخل ہے؛ اس لیے ان منٹس کا استعمال کرنا جائز نہیں ہوگا۔</p><p style=""text-align:justify;""><span class=""ar_writing"">الدر المختار وحاشية ابن عابدين (رد المحتار) (5/ 166)</span></p><p style=""text-align:justify;""><span class=""ar_writing"">''وفي الأشباه: كل قرض جر نفعاً حرام''.</span></p><p style=""text-align:justify;""><span class=""ar_writing"">(قوله: كل قرض جر نفعاً حرام) أي إذا كان مشروطاً''.</span>فقط واللہ اعلم</p></p><hr class=""big-hr""/><div class=""col-sm-6 col-md-6""><p class=""question_heading"" style=""color:#73161f"">فتویٰ نمبر : <a id=""fatwa_number"">143909202208</a></p></div><div class=""col-sm-6 col-md-6""><p style=""color:#73161f"">دارالافتاء :
                                جامعہ علوم اسلامیہ علامہ محمد یوسف بنوری ٹاؤن</p></div><hr class=""big-hr""/><div class=""col-sm-4 col-md-4""><div class=""tag""><a href=""https://www.banuri.edu.pk/questions/kitab/muamlat""><i class=""icon-docs-bold""></i> معاملات</a></div></div><div class=""col-sm-4 col-md-4""><div class=""tag""><a href=""https://www.banuri.edu.pk/questions/bab/sood-bankari-insurance-shares""><i class=""icon-docs-bold""></i> سود / بینکاری / انشورنس / شیئرز</a></div></div><div class=""col-sm-4 col-md-4""><div class=""tag""><a href=""https://www.banuri.edu.pk/questions/fasal/soodi-qarzay-ki-layn-dayn""><i class=""icon-docs-bold""></i> سودی قرضہ کی لین دین</a></div></div></div>"
https://www.banuri.edu.pk/readquestion/ایزی-پیسہ-اکاؤنٹ-میں-پیسے-جمع-کرانے-کی-صورت-میں-ملنے-والے-منافع-کا-حکم/05-09-2018,ایزی پیسہ اکاؤنٹ میں پیسے جمع کرانے کی صورت میں ملنے والے منافع کا حکم,"<p><p style=""text-align:justify;""> ٹیلی نار سم کے اندر ایزی پیسہ اکاؤنٹ کھولا جاتا ہے تو اگر اس اکاؤنٹ میں 1000 RS. یا اس سے زیادہ رقم رکھ دی جاتی ہے تو اس پر 50 فری منٹ دیے جاتے ہیں، آیا وہ فری منٹ جائز ہیں یا نہیں ؟</p></p>","<p><p style=""margin-left:0;margin-right:0;text-align:justify;"">صارف جو رقم ٹیلی نار ایزی پیسہ  اکاؤ نٹ میں جمع کرواتا ہے اس کی حیثیت قرض کی ہوتی ہے اور  چوں کہ قرض دے کر اس سے کسی بھی قسم کا نفع اٹھانا جائز نہیں ہے ؛ اس لیے اس قرض کے بدلے کمپنی کی طرف سے دی جانے والی سہولتیں (فری منٹ،انٹرنیٹ،میسج)سود ہیں اور  ان کا استعمال کرنا جائز نہیں۔فقط واللہ اعلم</p></p><hr class=""big-hr""/>",05-09-2018,143909202269,banuri.edu.pk,معاملات,سود / بینکاری / انشورنس / شیئرز,قرض کے احکام,"<div class=""col-md-12 sawal-jawab""><h3 class=""question_heading"">سوال</h3><p><p style=""text-align:justify;""> ٹیلی نار سم کے اندر ایزی پیسہ اکاؤنٹ کھولا جاتا ہے تو اگر اس اکاؤنٹ میں 1000 RS. یا اس سے زیادہ رقم رکھ دی جاتی ہے تو اس پر 50 فری منٹ دیے جاتے ہیں، آیا وہ فری منٹ جائز ہیں یا نہیں ؟</p></p><h4 class=""question_heading"">جواب</h4><p><p style=""margin-left:0;margin-right:0;text-align:justify;"">صارف جو رقم ٹیلی نار ایزی پیسہ  اکاؤ نٹ میں جمع کرواتا ہے اس کی حیثیت قرض کی ہوتی ہے اور  چوں کہ قرض دے کر اس سے کسی بھی قسم کا نفع اٹھانا جائز نہیں ہے ؛ اس لیے اس قرض کے بدلے کمپنی کی طرف سے دی جانے والی سہولتیں (فری منٹ،انٹرنیٹ،میسج)سود ہیں اور  ان کا استعمال کرنا جائز نہیں۔فقط واللہ اعلم</p></p><hr class=""big-hr""/><div class=""col-sm-6 col-md-6""><p class=""question_heading"" style=""color:#73161f"">فتویٰ نمبر : <a id=""fatwa_number"">143909202269</a></p></div><div class=""col-sm-6 col-md-6""><p style=""color:#73161f"">دارالافتاء :
                                جامعہ علوم اسلامیہ علامہ محمد یوسف بنوری ٹاؤن</p></div><hr class=""big-hr""/><div class=""col-sm-4 col-md-4""><div class=""tag""><a href=""https://www.banuri.edu.pk/questions/kitab/muamlat""><i class=""icon-docs-bold""></i> معاملات</a></div></div><div class=""col-sm-4 col-md-4""><div class=""tag""><a href=""https://www.banuri.edu.pk/questions/bab/sood-bankari-insurance-shares""><i class=""icon-docs-bold""></i> سود / بینکاری / انشورنس / شیئرز</a></div></div><div class=""col-sm-4 col-md-4""><div class=""tag""><a href=""https://www.banuri.edu.pk/questions/fasal/qarz-k-ahkam""><i class=""icon-docs-bold""></i> قرض کے احکام</a></div></div></div>"
https://www.banuri.edu.pk/readquestion/مردوں-کا-انگوٹھی-یا-چھل-ا-پہننا/02-09-2018,مردوں کا انگوٹھی یا چھلّا پہننا,"<p><p style=""text-align:justify;"">مردوں کا انگوٹھی یا چھلّا پہننے کی شرعی کیا حیثیت ہے؟</p></p>","<p><p style=""text-align:justify;"">مردوں کے لیے ایک مثقال (ساڑھے چار ماشے  یعنی۴گرام،۳۷۴ملی گرام (4.374 gm) سے کم  وزن کی  چاندی کی انگوٹھی یا چھلّا پہننا جائز ہے، چاندی کے علاوہ کسی اور دھات کی انگوٹھی پہننا جائز نہیں ہے، البتہ عام آدمی کے لیے چاندی کی  انگوٹھی بھی  نہ پہننا بہتر اور افضل ہے۔</p><p style=""text-align:justify;""><span class=""ar_writing"">الدر المختار وحاشية ابن عابدين (رد المحتار) (6/ 358)</span></p><p style=""text-align:justify;""><span class=""ar_writing"">"" (ولا يتحلى) الرجل (بذهب وفضة)  مطلقاً، (إلا بخاتم ومنطقة وجلية سيف منها) أي الفضة ... (ولا يتختم) إلا بالفضة؛ لحصول الاستغناء بها، فيحرم (بغيرها كحجر) ... ولا يزيده على مثقال"".</span></p><p style=""text-align:justify;""><span class=""ar_writing"">الدر المختار وحاشية ابن عابدين (رد المحتار) (6/361)</span></p><p style=""text-align:justify;""><span class=""ar_writing"">""(وَتَرْكُ التَّخَتُّمِ لِغَيْرِ السُّلْطَانِ وَالْقَاضِي) وَذِي حَاجَةٍ إلَيْهِ كَمُتَوَلٍّ (أَفْضَلُ)...""<br/>
""(قَوْلُهُ: فِي يَدِهِ الْيُسْرَى) وَيَنْبَغِي أَنْ يَكُونَ فِي خِنْصَرِهَا دُونَ سَائِرِ أَصَابِعِهِ، وَدُونَ الْيُمْنَى، ذَخِيرَةٌ، (قَوْلُهُ: فَيَجِبُ التَّحَرُّزُ عَنْهُ) عِبَارَةُ الْقُهُسْتَانِيِّ عَنْ الْمُحِيطِ: جَازَ أَنْ يَجْعَلَهُ فِي الْيُمْنَى إلَّا أَنَّهُ شِعَارُ الرَّوَافِضِ اهـ وَنَحْوُهُ فِي الذَّخِيرَةِ، تَأَمَّلْ. (قَوْلُهُ: وَلَعَلَّهُ كَانَ وَبَانَ) أَيْ كَانَ ذَلِكَ مِنْ شِعَارِهِمْ فِي الزَّمَنِ السَّابِقِ، ثُمَّ انْفَصَلَ وَانْقَطَعَ فِي هَذِهِ الْأَزْمَانِ، فَلَا يُنْهَى عَنْهُ كَيْفَمَا كَانَ. وَفِي غَايَةِ الْبَيَانِ: قَدْ سَوَّى الْفَقِيهُ أَبُو اللَّيْثِ فِي شَرْحِ الْجَامِعِ الصَّغِيرِ بَيْنَ الْيَمِينِ وَالْيَسَارِ، وَهُوَ الْحَقُّ. (قوله: وترک التختم اهـ) وفي البستان عن بعض التابعین: لا یتختم إلا ثلاثة: أمیر أو کاتب أو أحمق اهـ․"" (ردالمحتار علی الدرالمختار، ۵/۲۳۱</span>)فقط واللہ اعلم</p></p><hr class=""big-hr""/>",02-09-2018,143909202184,banuri.edu.pk,حقوق و آدابِ معاشرت,لباس / وضع قطع,زیب و زینت کی اشیاء,"<div class=""col-md-12 sawal-jawab""><h3 class=""question_heading"">سوال</h3><p><p style=""text-align:justify;"">مردوں کا انگوٹھی یا چھلّا پہننے کی شرعی کیا حیثیت ہے؟</p></p><h4 class=""question_heading"">جواب</h4><p><p style=""text-align:justify;"">مردوں کے لیے ایک مثقال (ساڑھے چار ماشے  یعنی۴گرام،۳۷۴ملی گرام (4.374 gm) سے کم  وزن کی  چاندی کی انگوٹھی یا چھلّا پہننا جائز ہے، چاندی کے علاوہ کسی اور دھات کی انگوٹھی پہننا جائز نہیں ہے، البتہ عام آدمی کے لیے چاندی کی  انگوٹھی بھی  نہ پہننا بہتر اور افضل ہے۔</p><p style=""text-align:justify;""><span class=""ar_writing"">الدر المختار وحاشية ابن عابدين (رد المحتار) (6/ 358)</span></p><p style=""text-align:justify;""><span class=""ar_writing"">"" (ولا يتحلى) الرجل (بذهب وفضة)  مطلقاً، (إلا بخاتم ومنطقة وجلية سيف منها) أي الفضة ... (ولا يتختم) إلا بالفضة؛ لحصول الاستغناء بها، فيحرم (بغيرها كحجر) ... ولا يزيده على مثقال"".</span></p><p style=""text-align:justify;""><span class=""ar_writing"">الدر المختار وحاشية ابن عابدين (رد المحتار) (6/361)</span></p><p style=""text-align:justify;""><span class=""ar_writing"">""(وَتَرْكُ التَّخَتُّمِ لِغَيْرِ السُّلْطَانِ وَالْقَاضِي) وَذِي حَاجَةٍ إلَيْهِ كَمُتَوَلٍّ (أَفْضَلُ)...""<br/>
""(قَوْلُهُ: فِي يَدِهِ الْيُسْرَى) وَيَنْبَغِي أَنْ يَكُونَ فِي خِنْصَرِهَا دُونَ سَائِرِ أَصَابِعِهِ، وَدُونَ الْيُمْنَى، ذَخِيرَةٌ، (قَوْلُهُ: فَيَجِبُ التَّحَرُّزُ عَنْهُ) عِبَارَةُ الْقُهُسْتَانِيِّ عَنْ الْمُحِيطِ: جَازَ أَنْ يَجْعَلَهُ فِي الْيُمْنَى إلَّا أَنَّهُ شِعَارُ الرَّوَافِضِ اهـ وَنَحْوُهُ فِي الذَّخِيرَةِ، تَأَمَّلْ. (قَوْلُهُ: وَلَعَلَّهُ كَانَ وَبَانَ) أَيْ كَانَ ذَلِكَ مِنْ شِعَارِهِمْ فِي الزَّمَنِ السَّابِقِ، ثُمَّ انْفَصَلَ وَانْقَطَعَ فِي هَذِهِ الْأَزْمَانِ، فَلَا يُنْهَى عَنْهُ كَيْفَمَا كَانَ. وَفِي غَايَةِ الْبَيَانِ: قَدْ سَوَّى الْفَقِيهُ أَبُو اللَّيْثِ فِي شَرْحِ الْجَامِعِ الصَّغِيرِ بَيْنَ الْيَمِينِ وَالْيَسَارِ، وَهُوَ الْحَقُّ. (قوله: وترک التختم اهـ) وفي البستان عن بعض التابعین: لا یتختم إلا ثلاثة: أمیر أو کاتب أو أحمق اهـ․"" (ردالمحتار علی الدرالمختار، ۵/۲۳۱</span>)فقط واللہ اعلم</p></p><hr class=""big-hr""/><div class=""col-sm-6 col-md-6""><p class=""question_heading"" style=""color:#73161f"">فتویٰ نمبر : <a id=""fatwa_number"">143909202184</a></p></div><div class=""col-sm-6 col-md-6""><p style=""color:#73161f"">دارالافتاء :
                                جامعہ علوم اسلامیہ علامہ محمد یوسف بنوری ٹاؤن</p></div><hr class=""big-hr""/><div class=""col-sm-4 col-md-4""><div class=""tag""><a href=""https://www.banuri.edu.pk/questions/kitab/huqooq-muashret""><i class=""icon-docs-bold""></i> حقوق و آدابِ معاشرت</a></div></div><div class=""col-sm-4 col-md-4""><div class=""tag""><a href=""https://www.banuri.edu.pk/questions/bab/libass-waza-qata""><i class=""icon-docs-bold""></i> لباس / وضع قطع</a></div></div><div class=""col-sm-4 col-md-4""><div class=""tag""><a href=""https://www.banuri.edu.pk/questions/fasal/zayb-o-zeenat-ki-ashya""><i class=""icon-docs-bold""></i> زیب و زینت کی اشیاء</a></div></div></div>"
https://www.banuri.edu.pk/readquestion/بیویوں-کا-وراثت-میں-کا-حق-ہے-2/30-08-2018,بیوہ یا سوتیلی ماں کا وراثت میں کیا حق ہوگا؟,"<p><p style=""text-align:justify;"">سوتیلی ماں کا وراثت میں کتنا حصہ بنتا ہے؟  کچھ لوگ 0.8حصہ بتاتے ہیں، کچھ لوگ 0.4حصہ بتاتے ہیں۔ براہِ کرم مدد فرمائیں،اسلام اور شریعت کی رو سے!</p></p>","<p><p style=""text-align:justify;"">سوال کا مقصد اگر مرحوم کی دوسری بیوہ (جو سائل کی سوتیلی ماں ہے) کا وراثت میں شرعی حق معلوم کرنا ہے تو  مرحوم کی اولاد موجود ہونے کی صورت میں  مرحوم کی ایک بیوہ ہو یا ایک سے زائد ہوں سب کو کل ترکہ کا آٹھواں حصہ  (12.5 فی صد) ملے گا اور تمام بیوائیں اس آٹھویں حصہ میں برابر شریک ہوں گی۔ اگر مرحوم کی اولاد نہ ہو تو پھر ایک بیوہ ہو یا ایک سے زیادہ، سب کو ترکہ چوتھائی ملتا ہے۔</p><p style=""text-align:justify;"">سورت نسآء میں ہے: <span class=""ar_writing"">﴿ وَلَهُنَّ الرُّبُعُ مِمَّا تَرَكْتُمْ اِنْ لَّمْ يَكُنْ لَّكُمْ وَلَدٌ ۚ فَاِنْ كَانَ لَكُمْ وَلَدٌ فَلَهُنَّ الثُّمُنُ مِمَّا تَرَكْتُم ۚ ﴾ (النسآء: ١٢)</span></p><p style=""text-align:justify;"">البتہ اگر سوال کا مقصد مرحوم کی سوتیلی ماں کا حصہ معلوم کرنا ہے تو اس صورت میں سوتیلی ماں کا وراثت میں کوئی حق نہیں۔ فقط واللہ اعلم</p></p><hr class=""big-hr""/>",30-08-2018,143909202138,banuri.edu.pk,معاملات,وراثت / وصیت,ورثاء اور ان کے حصص,"<div class=""col-md-12 sawal-jawab""><h3 class=""question_heading"">سوال</h3><p><p style=""text-align:justify;"">سوتیلی ماں کا وراثت میں کتنا حصہ بنتا ہے؟  کچھ لوگ 0.8حصہ بتاتے ہیں، کچھ لوگ 0.4حصہ بتاتے ہیں۔ براہِ کرم مدد فرمائیں،اسلام اور شریعت کی رو سے!</p></p><h4 class=""question_heading"">جواب</h4><p><p style=""text-align:justify;"">سوال کا مقصد اگر مرحوم کی دوسری بیوہ (جو سائل کی سوتیلی ماں ہے) کا وراثت میں شرعی حق معلوم کرنا ہے تو  مرحوم کی اولاد موجود ہونے کی صورت میں  مرحوم کی ایک بیوہ ہو یا ایک سے زائد ہوں سب کو کل ترکہ کا آٹھواں حصہ  (12.5 فی صد) ملے گا اور تمام بیوائیں اس آٹھویں حصہ میں برابر شریک ہوں گی۔ اگر مرحوم کی اولاد نہ ہو تو پھر ایک بیوہ ہو یا ایک سے زیادہ، سب کو ترکہ چوتھائی ملتا ہے۔</p><p style=""text-align:justify;"">سورت نسآء میں ہے: <span class=""ar_writing"">﴿ وَلَهُنَّ الرُّبُعُ مِمَّا تَرَكْتُمْ اِنْ لَّمْ يَكُنْ لَّكُمْ وَلَدٌ ۚ فَاِنْ كَانَ لَكُمْ وَلَدٌ فَلَهُنَّ الثُّمُنُ مِمَّا تَرَكْتُم ۚ ﴾ (النسآء: ١٢)</span></p><p style=""text-align:justify;"">البتہ اگر سوال کا مقصد مرحوم کی سوتیلی ماں کا حصہ معلوم کرنا ہے تو اس صورت میں سوتیلی ماں کا وراثت میں کوئی حق نہیں۔ فقط واللہ اعلم</p></p><hr class=""big-hr""/><div class=""col-sm-6 col-md-6""><p class=""question_heading"" style=""color:#73161f"">فتویٰ نمبر : <a id=""fatwa_number"">143909202138</a></p></div><div class=""col-sm-6 col-md-6""><p style=""color:#73161f"">دارالافتاء :
                                جامعہ علوم اسلامیہ علامہ محمد یوسف بنوری ٹاؤن</p></div><hr class=""big-hr""/><div class=""col-sm-4 col-md-4""><div class=""tag""><a href=""https://www.banuri.edu.pk/questions/kitab/muamlat""><i class=""icon-docs-bold""></i> معاملات</a></div></div><div class=""col-sm-4 col-md-4""><div class=""tag""><a href=""https://www.banuri.edu.pk/questions/bab/wirasat-wasyat""><i class=""icon-docs-bold""></i> وراثت / وصیت</a></div></div><div class=""col-sm-4 col-md-4""><div class=""tag""><a href=""https://www.banuri.edu.pk/questions/fasal/wurasa-or-un-k-hisas""><i class=""icon-docs-bold""></i> ورثاء اور ان کے حصص</a></div></div></div>"
https://www.banuri.edu.pk/readquestion/اجتماعی-قربانی-سے-متعلق-ایک-سوال-کا-جواب/04-09-2018,اجتماعی قربانی سے متعلق ایک سوال کا جواب,"<p><p style=""text-align:justify;"">ایک صاحب نے فون کر کے اپنا حصہ کروایا اور کہا کہ جس دن اپنا حصہ لینے آؤں گا تو پیسے بھی دے دوں گا اور اپنا نام اور فون نمبر بھی لکھا دیا، مگر وہ آدمی اپنا حصہ لینے نہیں آیا تو اب کیا حکم ہے؟ پیسے کون بھرے گا؟ اور بقیہ افراد کی قربانی کا کیا حکم ہے؟</p></p>","<p><p style=""text-align:justify;"">مذکورہ صاحب نے جب فون کر کے قربانی کے جانور میں  ایک حصہ رکھوایا تو ان کی حیثیت موکل کی ہے اور جس نے سارا بندوبست کیا اس کی حیثیت وکیل کی ہے اور فون پر وکیل بنانا درست ہوا  اور  وہ اس قربانی کے پیسوں کے مقروض ٹھہرے،  پھر جب یہ قربانی کی گئی تو یہ قربانی موکل ہی کی طرف سے ادا ہوئی اور باقی لوگوں کی قربانی بھی درست ہو گئی،  اب یہ پیسے اُن ہی سے وصول کیے جائیں گے، اور ان ہی سے اس کا مطالبہ کیا جائے گا۔ فقط واللہ اعلم</p></p><hr class=""big-hr""/>",04-09-2018,143909202231,banuri.edu.pk,عبادات,ذبیحہ / قربانی,قربانی کا جانور,"<div class=""col-md-12 sawal-jawab""><h3 class=""question_heading"">سوال</h3><p><p style=""text-align:justify;"">ایک صاحب نے فون کر کے اپنا حصہ کروایا اور کہا کہ جس دن اپنا حصہ لینے آؤں گا تو پیسے بھی دے دوں گا اور اپنا نام اور فون نمبر بھی لکھا دیا، مگر وہ آدمی اپنا حصہ لینے نہیں آیا تو اب کیا حکم ہے؟ پیسے کون بھرے گا؟ اور بقیہ افراد کی قربانی کا کیا حکم ہے؟</p></p><h4 class=""question_heading"">جواب</h4><p><p style=""text-align:justify;"">مذکورہ صاحب نے جب فون کر کے قربانی کے جانور میں  ایک حصہ رکھوایا تو ان کی حیثیت موکل کی ہے اور جس نے سارا بندوبست کیا اس کی حیثیت وکیل کی ہے اور فون پر وکیل بنانا درست ہوا  اور  وہ اس قربانی کے پیسوں کے مقروض ٹھہرے،  پھر جب یہ قربانی کی گئی تو یہ قربانی موکل ہی کی طرف سے ادا ہوئی اور باقی لوگوں کی قربانی بھی درست ہو گئی،  اب یہ پیسے اُن ہی سے وصول کیے جائیں گے، اور ان ہی سے اس کا مطالبہ کیا جائے گا۔ فقط واللہ اعلم</p></p><hr class=""big-hr""/><div class=""col-sm-6 col-md-6""><p class=""question_heading"" style=""color:#73161f"">فتویٰ نمبر : <a id=""fatwa_number"">143909202231</a></p></div><div class=""col-sm-6 col-md-6""><p style=""color:#73161f"">دارالافتاء :
                                جامعہ علوم اسلامیہ علامہ محمد یوسف بنوری ٹاؤن</p></div><hr class=""big-hr""/><div class=""col-sm-4 col-md-4""><div class=""tag""><a href=""https://www.banuri.edu.pk/questions/kitab/ebadat""><i class=""icon-docs-bold""></i> عبادات</a></div></div><div class=""col-sm-4 col-md-4""><div class=""tag""><a href=""https://www.banuri.edu.pk/questions/bab/zabiha-qurbani""><i class=""icon-docs-bold""></i> ذبیحہ / قربانی</a></div></div><div class=""col-sm-4 col-md-4""><div class=""tag""><a href=""https://www.banuri.edu.pk/questions/fasal/qurbani-ka-janwar""><i class=""icon-docs-bold""></i> قربانی کا جانور</a></div></div></div>"
https://www.banuri.edu.pk/readquestion/مغرب-کی-نماز-میں-آخری-تشہد-میں-امام-کے-ساتھ-شریک-ہونے-کا-حکم/20-08-2018,مغرب کی نماز میں آخری تشہد میں امام کے ساتھ شریک ہونے کا حکم,"<p><p style=""text-align:justify;"">میں نمازِمغرب میں آخری تشہد میں شریک ہوا،  جب نمازسے فارغ ہوئے تو امام صاحب نے اعلان کیا کہ جس کو ایک رکعت بھی نہیں ملی وہ نماز دوبارہ پڑھے۔ راہ نمائی فرمائیں، ہاں ایک بات ہے کہ امام نے سجدہ سہوکیاتھا؟</p></p>","<p><p style=""text-align:justify;"">واضح رہے کہ تشہد کی حالت میں بھی امام کے ساتھ شامل ہونے سے اقتدا درست ہو جاتی ہے، خواہ وہ امام کے سجدہ سہو سے پہلے شریک ہو یا بعد میں، ہر صورت میں نماز درست ہو جاتی ہے، اس لیے آپ کی نماز امام صاحب کے پیچھے درست ہو گئی، بظاہر ان کے اعلان کی وجہ سمجھ میں نہیں آئی، اس کی وجہ اُنہی سے پوچھ لیں تو بہتر ہو گا۔</p><p style=""text-align:justify;""><span class=""ar_writing"">المبسوط للسرخسي (2/ 112)<br/>
""فإن سها الإمام في صلاته فسجد للسهو ثم اقتدى به رجل في القعدة التي بعدها صح اقتداؤه؛ لأن الإمام في حرمة الصلاة بعد""</span> ۔ فقط واللہ اعلم</p></p><hr class=""big-hr""/>",20-08-2018,143909201986,banuri.edu.pk,نماز,نماز کی جماعت,جماعت / امامت,"<div class=""col-md-12 sawal-jawab""><h3 class=""question_heading"">سوال</h3><p><p style=""text-align:justify;"">میں نمازِمغرب میں آخری تشہد میں شریک ہوا،  جب نمازسے فارغ ہوئے تو امام صاحب نے اعلان کیا کہ جس کو ایک رکعت بھی نہیں ملی وہ نماز دوبارہ پڑھے۔ راہ نمائی فرمائیں، ہاں ایک بات ہے کہ امام نے سجدہ سہوکیاتھا؟</p></p><h4 class=""question_heading"">جواب</h4><p><p style=""text-align:justify;"">واضح رہے کہ تشہد کی حالت میں بھی امام کے ساتھ شامل ہونے سے اقتدا درست ہو جاتی ہے، خواہ وہ امام کے سجدہ سہو سے پہلے شریک ہو یا بعد میں، ہر صورت میں نماز درست ہو جاتی ہے، اس لیے آپ کی نماز امام صاحب کے پیچھے درست ہو گئی، بظاہر ان کے اعلان کی وجہ سمجھ میں نہیں آئی، اس کی وجہ اُنہی سے پوچھ لیں تو بہتر ہو گا۔</p><p style=""text-align:justify;""><span class=""ar_writing"">المبسوط للسرخسي (2/ 112)<br/>
""فإن سها الإمام في صلاته فسجد للسهو ثم اقتدى به رجل في القعدة التي بعدها صح اقتداؤه؛ لأن الإمام في حرمة الصلاة بعد""</span> ۔ فقط واللہ اعلم</p></p><hr class=""big-hr""/><div class=""col-sm-6 col-md-6""><p class=""question_heading"" style=""color:#73161f"">فتویٰ نمبر : <a id=""fatwa_number"">143909201986</a></p></div><div class=""col-sm-6 col-md-6""><p style=""color:#73161f"">دارالافتاء :
                                جامعہ علوم اسلامیہ علامہ محمد یوسف بنوری ٹاؤن</p></div><hr class=""big-hr""/><div class=""col-sm-4 col-md-4""><div class=""tag""><a href=""https://www.banuri.edu.pk/questions/kitab/salat""><i class=""icon-docs-bold""></i> نماز</a></div></div><div class=""col-sm-4 col-md-4""><div class=""tag""><a href=""https://www.banuri.edu.pk/questions/bab/namaz-ki-jamat""><i class=""icon-docs-bold""></i> نماز کی جماعت</a></div></div><div class=""col-sm-4 col-md-4""><div class=""tag""><a href=""https://www.banuri.edu.pk/questions/fasal/jamat-imamat""><i class=""icon-docs-bold""></i> جماعت / امامت</a></div></div></div>"
https://www.banuri.edu.pk/readquestion/ظہر-سے-پہلی-چار-سنتوں-میں-کیا-قراءت-کی-جائے/05-09-2018,ظہر سے پہلی چار سنتوں میں کیا قراء ت کی جائے؟,"<p><p style=""text-align:justify;"">ظہر کی پہلی چار سنت میں کیا پڑھنا چاہیے؟</p></p>","<p><p style=""text-align:justify;"">ظہر سے قبل کی سنت و دیگر سنن و نوافل کی ہر رکعت میں سورۂ فاتحہ کے بعد کوئی سورت یا چھوٹی تین آیات یا ایک بڑی آیت قراءت کرنا ضروری ہے، پس اگر سنن و نوافل کی کسی رکعت میں سورۂ فاتحہ کے بعد قراءت سہواً رہ گئی تو سجدہ سہو کرنا لازم ہوگا، بصورتِ دیگر نماز واجب الاعادہ ہوگی۔ باقی ظہر سے پہلے کی سنتوں میں پڑھنے کے لیے خاص سورتیں یا آیات متعین نہیں ہیں، نمازی کو اختیار ہے جو چاہے پڑھ لے۔ فقط واللہ اعلم</p></p><hr class=""big-hr""/>",05-09-2018,143909202267,banuri.edu.pk,نماز,سنن و نوافل,سنن و نوافل,"<div class=""col-md-12 sawal-jawab""><h3 class=""question_heading"">سوال</h3><p><p style=""text-align:justify;"">ظہر کی پہلی چار سنت میں کیا پڑھنا چاہیے؟</p></p><h4 class=""question_heading"">جواب</h4><p><p style=""text-align:justify;"">ظہر سے قبل کی سنت و دیگر سنن و نوافل کی ہر رکعت میں سورۂ فاتحہ کے بعد کوئی سورت یا چھوٹی تین آیات یا ایک بڑی آیت قراءت کرنا ضروری ہے، پس اگر سنن و نوافل کی کسی رکعت میں سورۂ فاتحہ کے بعد قراءت سہواً رہ گئی تو سجدہ سہو کرنا لازم ہوگا، بصورتِ دیگر نماز واجب الاعادہ ہوگی۔ باقی ظہر سے پہلے کی سنتوں میں پڑھنے کے لیے خاص سورتیں یا آیات متعین نہیں ہیں، نمازی کو اختیار ہے جو چاہے پڑھ لے۔ فقط واللہ اعلم</p></p><hr class=""big-hr""/><div class=""col-sm-6 col-md-6""><p class=""question_heading"" style=""color:#73161f"">فتویٰ نمبر : <a id=""fatwa_number"">143909202267</a></p></div><div class=""col-sm-6 col-md-6""><p style=""color:#73161f"">دارالافتاء :
                                جامعہ علوم اسلامیہ علامہ محمد یوسف بنوری ٹاؤن</p></div><hr class=""big-hr""/><div class=""col-sm-4 col-md-4""><div class=""tag""><a href=""https://www.banuri.edu.pk/questions/kitab/salat""><i class=""icon-docs-bold""></i> نماز</a></div></div><div class=""col-sm-4 col-md-4""><div class=""tag""><a href=""https://www.banuri.edu.pk/questions/bab/nawafil""><i class=""icon-docs-bold""></i> سنن و نوافل</a></div></div><div class=""col-sm-4 col-md-4""><div class=""tag""><a href=""https://www.banuri.edu.pk/questions/fasal/sunan-o-nawafi""><i class=""icon-docs-bold""></i> سنن و نوافل</a></div></div></div>"
https://www.banuri.edu.pk/readquestion/مدرس-کو-شعبان-اور-رمضان-کی-تنخواہ-ملنے-کا-ضابطہ/09-07-2018,مدرس کو شعبان اور رمضان کی تنخواہ ملنے کا ضابطہ,"<p><p style=""text-align:justify;"">میں ایک ادارے میں پڑھاتاہوں، مہتمم صاحب نے چھٹیاں دیں اور ہمیں چھٹیوں کے بعدحاضری کا کہاگیا، جب ہم چھٹیوں کے بعد حاضر ہوئے تو ہمیں بتایاگیا کہ آپ کی جگہ نہیں رہی، جب کہ چھٹیوں سے پہلے اس طرح کی کوئی بات نہیں ہوئی تھی، ہم نے چھٹیوں کی تنخواہ کا تقاضا کیاتو تنخواہ دینے سے انکار کردیا اور کہا: کہیں بھی چھٹیوں کی تنخواہ نہیں  دی جاتی۔ برائے کرم آپ قرآن وحدیث کی روشنی میں بتائیں کہ تنخواہ پر ہمارا حق ہے یا نہیں ؟</p></p>","<p><p style=""margin-left:0;margin-right:0;text-align:justify;"">اگر اس مدرسے کا اپنا کوئی آئین پہلے سے موجود ہے یا آپ کے اور مہتمم صاحب کے درمیان  تقرری کے وقت کوئی معاہدہ ہوا تھا تو شرعاً اس کے مطابق عمل کرنا ضروری ہے، لیکن اگر مدرسے کا اپنا کوئی آئین نہیں  اور نہ تقرری کے وقت اس قسم کا کوئی معاہدہ ہوا  ہو تو عام مدارس کے عرف کے مطابق یہاں بھی فیصلہ کیا جائے گا، اور عام طور پر ہمارے یہاں مدارس کا عرف یہ ہے کہ جو مدرس شوال سے شعبان  تک تدریس کو جاری رکھے تو اسے ایامِ تعطیل یعنی شعبان اور رمضان کی تنخواہ بھی ملتی ہے چاہے اگلے سال اس مدرس کو رکھا جائے یا نہ رکھا جائے۔ لہٰذا اگر پہلے سے کوئی معاہدہ نہیں ہوا تھا تو شعبان اور رمضان کی تنخواہ آپ کو ملنی  چاہیے ، یہ آپ کا حق ہے۔ (مستفاد از فتاویٰ مفتی محمود ، اجارہ کا بیان، ج:۹ ؍ ۳۵۱ ) فقط واللہ اعلم</p></p><hr class=""big-hr""/>",09-07-2018,143909201296,banuri.edu.pk,معاملات,بیع / تجارت,اجارہ اور کرایہ کے احکام,"<div class=""col-md-12 sawal-jawab""><h3 class=""question_heading"">سوال</h3><p><p style=""text-align:justify;"">میں ایک ادارے میں پڑھاتاہوں، مہتمم صاحب نے چھٹیاں دیں اور ہمیں چھٹیوں کے بعدحاضری کا کہاگیا، جب ہم چھٹیوں کے بعد حاضر ہوئے تو ہمیں بتایاگیا کہ آپ کی جگہ نہیں رہی، جب کہ چھٹیوں سے پہلے اس طرح کی کوئی بات نہیں ہوئی تھی، ہم نے چھٹیوں کی تنخواہ کا تقاضا کیاتو تنخواہ دینے سے انکار کردیا اور کہا: کہیں بھی چھٹیوں کی تنخواہ نہیں  دی جاتی۔ برائے کرم آپ قرآن وحدیث کی روشنی میں بتائیں کہ تنخواہ پر ہمارا حق ہے یا نہیں ؟</p></p><h4 class=""question_heading"">جواب</h4><p><p style=""margin-left:0;margin-right:0;text-align:justify;"">اگر اس مدرسے کا اپنا کوئی آئین پہلے سے موجود ہے یا آپ کے اور مہتمم صاحب کے درمیان  تقرری کے وقت کوئی معاہدہ ہوا تھا تو شرعاً اس کے مطابق عمل کرنا ضروری ہے، لیکن اگر مدرسے کا اپنا کوئی آئین نہیں  اور نہ تقرری کے وقت اس قسم کا کوئی معاہدہ ہوا  ہو تو عام مدارس کے عرف کے مطابق یہاں بھی فیصلہ کیا جائے گا، اور عام طور پر ہمارے یہاں مدارس کا عرف یہ ہے کہ جو مدرس شوال سے شعبان  تک تدریس کو جاری رکھے تو اسے ایامِ تعطیل یعنی شعبان اور رمضان کی تنخواہ بھی ملتی ہے چاہے اگلے سال اس مدرس کو رکھا جائے یا نہ رکھا جائے۔ لہٰذا اگر پہلے سے کوئی معاہدہ نہیں ہوا تھا تو شعبان اور رمضان کی تنخواہ آپ کو ملنی  چاہیے ، یہ آپ کا حق ہے۔ (مستفاد از فتاویٰ مفتی محمود ، اجارہ کا بیان، ج:۹ ؍ ۳۵۱ ) فقط واللہ اعلم</p></p><hr class=""big-hr""/><div class=""col-sm-6 col-md-6""><p class=""question_heading"" style=""color:#73161f"">فتویٰ نمبر : <a id=""fatwa_number"">143909201296</a></p></div><div class=""col-sm-6 col-md-6""><p style=""color:#73161f"">دارالافتاء :
                                جامعہ علوم اسلامیہ علامہ محمد یوسف بنوری ٹاؤن</p></div><hr class=""big-hr""/><div class=""col-sm-4 col-md-4""><div class=""tag""><a href=""https://www.banuri.edu.pk/questions/kitab/muamlat""><i class=""icon-docs-bold""></i> معاملات</a></div></div><div class=""col-sm-4 col-md-4""><div class=""tag""><a href=""https://www.banuri.edu.pk/questions/bab/bay-tijarat""><i class=""icon-docs-bold""></i> بیع / تجارت</a></div></div><div class=""col-sm-4 col-md-4""><div class=""tag""><a href=""https://www.banuri.edu.pk/questions/fasal/ijara-or-kiraya-k-ahkam""><i class=""icon-docs-bold""></i> اجارہ اور کرایہ کے احکام</a></div></div></div>"
https://www.banuri.edu.pk/readquestion/بچوں-کی-تربیت-بیوی-کے-ذمہ-ہے-یا-شوہر-کے-2/10-06-2018,بچوں کی تربیت بیوی کے ذمہ ہے یا شوہر کے؟,,"<p><p style=""margin-left:0;margin-right:0;text-align:justify;""><span style=""background-color:#fff;""><span style=""color:#444;"">اسلام نے پاکیزہ ، پرسکون اورپر لطف زندگی کے لیے جو اصول وضوابط تعلیم فر ما ئے ہیں، ان میں ایک یہ بھی ہے کہ عورت شوہر کے گھر کی، اس کے مال واسباب کی اور اس کے بچوں کی نگرانی و حفاظت کرتی رہے ، یہ اس کے فرائض و ذمے دار یوں میں دا خل کیا گیا ہے ۔چناں چہ ایک حدیث میں ارشاد ہے :عورت اپنے شوہر کے گھر اوربچے کی راعی(یعنی نگہبان اور حفاظت کرنے والی) ہے ۔</span></span><span style=""background-color:#fff;""><span style=""color:#444;"">(</span></span>  <span style=""background-color:#fff;""><span style=""color:#444;"">بخاری:</span></span><span style=""background-color:#fff;""><span style=""color:#444;"">۲/۱۰۵۷</span></span> )</p><p style=""margin-left:0;margin-right:0;text-align:justify;""><span style=""background-color:#fff;""><span style=""color:#444;"">""راعی"" کا معنی وہ امانت دار نگران، جو اس چیز کی اصلاح وتدبیر میں لگا رہتا ہے جو اس کی ذمے داری میں دی گئی ہو۔ اور عورت کی نگرانی یہ ہے کہ گھریلوں امور اور اولاد کی </span></span>تدبیر کرے اور اس معاملے میں شوہر کا تعاون کرے۔ عورت پر شادی کے بعد جو ذمے داریاں عائد ہوتی ہیں، ان میں اپنے بچوں کی تربیت اور تعلیم بہت ہی اہم اور نازک ذمے داری ہے، بچوں کی تعلیم و تربیت کی ذمے داری اگر چہ باپ پر بھی عائد ہوتی ہے؛لیکن اس سلسلہ میں ماں جو کردار ادا کرسکتی ہے، اس کے مقابلے میں باپ کی حیثیت ثانوی درجہ کی رہ جاتی ہے ۔ اس لیے کہ ماں کی گود ، بچے کا سب سے پہلا مدرسہ و تعلیم گاہ ہوتی ہے،پھر بچے کو ماں سے دن رات کے چوبیس گھنٹے میں اکثر اوقات سابقہ پڑتا ہے ،جب کہ باپ سے بہت کم سابقہ پڑتا ہے ؛اس لیے عورت پر بچوں کی تعلیم و تربیت کی یہ نازک ذمے داری باپ سے زیادہ عائد ہوتی ہے ۔ <br/><span style=""background-color:#fff;""><span style=""color:#444;"">اس سلسلے میں ایک بات تو یہ ذہن نشین ہونا چاہیے کہ بچے کو شروع ہی سے ایمان و یقین میں مضبوط کرنے کی فکر لازم ہے ۔ دوسرے اسلامی آداب و اسلامی تہذیب سے اس کو آراستہ کرنے کی کوشش کرنا چاہیے ،پھر جب وہ پڑھنے لکھنے کے قابل ہوجائے، تو تعلیم کا بندوبست کرنا چاہیے، تعلیم میں مقدم دینی تعلیم کو رکھنا چاہیے، پھر عصری و دنیوی تعلیم سے بھی بچہ کو آراستہ کرنے کی تدبیر کرنا چاہیے۔</span></span></p><p style=""text-align:justify;""><span style=""background-color:#fff;""><span style=""color:#444;"">آج عام طور پر  والدین خصوصاً مائیں اپنے بچوں کی تربیت میں انتہائی کوتاہی کرتی ہیں ، ان کو نہ اسلامی آداب سکھاتی ہیں، نہ اسلامی تہذیب و اخلاق سے ان کو آراستہ کرتی ہیں ؛بل کہ صرف انگریزی وعصری اسکولوں کے حوالے کر کے یہ سمجھ جاتاہے کہ ہم نے حق ادا کردیا ؛ مگر ان کو یہ خبر نہیں کہ ان اسکولوں میں ایمان و یقین تو ایک طرف رہا ، ان بچوں کو اخلاق و آداب کی تعلیم بھی نہیں دی جاتی ؛بل کہ اس تعلیمی نظام کے زیرِ اثر رہ کر بچے مزید بے ادب، گستاخ اور اسلامی تہذیب و آداب سے بے بہرہ ہوجاتے ہیں؛ اس لیے بچوں کی اسلامی تربیت کا گھر میں اہتمام کرناچاہیے ؛مگر اس کے لیے پہلے ماؤں کو علم و اخلاق، ایمان واسلام سے اپنے آپ کو مزین و آراستہ کرنا چاہیے، ظاہر ہے کہ جب ماں خود اسلامی اخلاق وآداب اور تہذیب سے ناآشنا ہوگی تو بچوں کی وہ کیا تربیت کرسکتی ہے؟</span></span><br/><span style=""color:#444;""><span style=""background-color:#fff;"">بچوں کی تربیت کے لیے حضراتِ انبیاء علیہم الصلاۃ والسلام کے قصے، حضراتِ صحابہ و صحابیات رضوان اللہ علیہم اجمعین کے واقعات اور بزرگانِ دین کے حالات کی گھروں میں تعلیم اور ان کے تذکرے نہایت مفید ہے، چوں کہ بچے کہانی سننے کے نہایت شوقین ہوتے ہیں ؛اس لیے وہ ان قصوں کو بہت ذوق و رغبت سے سنتے اور یاد بھی کرتے ہیں۔ لہذا اس کا بھی اہتمام کرنا چاہیے ۔</span> غرض یہ کہ ما ں کے ذمے ہے کہ بچوں کی تربیت پر پوری توجہ دے، اور ہر اچھی عادت ،تمام اچھے اخلاق ان میں پیدا کرنے کی کوشش کرے ۔</span></p><p style=""text-align:justify;"">خلاصہ یہ ہے کہ بچوں کی تربیت کی ذمہ داری شوہر اور بیوی دونوں کے ذمہ ہے، البتہ شوہر کے ذمہ چوں کہ اپنی بیوی اور بچوں کے نان و نفقہ کی ذمہ داری بھی ہے جس کی وجہ سے اسے دن کا اکثر وقت گھر سے باہر گزارنا پڑتا ہے، جب کہ بیوی سارا دن گھر میں ہی ہوتی ہے؛ اس لیے شوہر کے مقابلے میں بیوی کی ذمہ داری زیادہ ہے کہ وہ بچوں کی تربیت پر توجہ دے، بلکہ شریعتِ مقدسہ نے بیوی کو گھر میں رہنے اور شوہر کو  اہل وعیال کا نفقہ کماکر لانے کا جو مکلف بنایا ہے اس کی من جملہ حکمتوں میں سے ایک یہ بھی ہے کہ عورت اپنی اولاد کی اچھی تربیت کرنے کے لیے پوری طرح فارغ رہے، کیوں کہ اگر بچوں کو ماں کی گود سے اچھی تربیت ملے تو اس کا اثر ساری زندگی ان کے ساتھ رہتا ہے، اس کے برخلاف اگر بچپن میں اچھی تربیت نہ ملے تو پھر ان کا راہِ راست پر آنا بہت مشکل ہوتا ہے، اسی وجہ سے اولاد کے نیک اعمال کا اجر والدین کو ملتا ہے، اور صحیح تربیت نہ ہونے کی وجہ سے جو بداعمالیاں وہ کرتے ہیں اس کا وبال والدین پر بھی پڑتا ہے۔ چناں چہ آپ کی بیوی کا مذکورہ طرزِ عمل درست نہیں، ان کو چاہیے کہ فیس بک اور موبائل پر وقت گزارنے کے بجائے بچوں کو وقت دیں اور ان کی تربیت پر توجہ دیں۔</p><p style=""text-align:justify;"">یہ بھی ملحوظ رہے کہ فیس بک کا استعمال اور موبائل پر جاندار اشیاء کی تصاویر بنانا، بھیجنا اور دیکھنا ناجائز ہے ؛ اس لیے موبائل کے غیر شرعی استعمال سے مکمل اجتناب چاہیے۔ لیکن اس کا یہ مطلب نہیں کہ شوہر بچوں کی تربیت سے بالکل اپنے آپ کو بری الذمہ سمجھے، بلکہ اولاد کی تربیت والد کی بھی ذمہ داری ہے، لہٰذا آپ کو بھی حتی الامکان وقت نکال کر بچوں کی تعلیم و تربیت پر توجہ دینی چاہیے۔فقط واللہ اعلم</p></p><hr class=""big-hr""/>",10-06-2018,143909200687,banuri.edu.pk,حقوق و آدابِ معاشرت,حقوق,اولاد کے حقوق,"<div class=""col-md-12 sawal-jawab""><h3 class=""question_heading"">سوال</h3><p><p style=""text-align:justify;"">اگر کوئی عورت اکثر اوقات اپنے بچوں کو لعن طعن کرے، اس حد تک کہے کہ یہ میرے لیے مصیبت ہیں۔اور خاوند کے سمجھانے پر اس سے بھی منہ چڑھا کے بات کرے اور بد تمیزی پر اتر آئے ۔اور بچوں کی تعلیم و تربیت پر بھی توجہ نہ دے۔بلکہ بچوں کی تربیت کے بجائے سوشل میڈیا، فیس بک وغیرہ پر من گھڑت اقوال کو شیئر کرنے اور لائک کرنے پر وقت ضائع کرے تو اس کے لیے کیا حکم ہے؟جب کہ خاوند گھریلو ضروریات اور اخراجات پورے کر رہا ہو۔ اور جب بیوی سے کہا جائے بچوں پر توجہ دو، ان کو بھی ٹائم دو تو دوٹوک جواب دے کہ بچے صرف میرے نہیں، نہ میں ساتھ لے کر آئی تھی، میری سنتے ہی نہیں وغیرہ وغیرہ۔اگر باپ گھر بیٹھ جائے تو مادی مسائل اور اگر گھر چلانے کے لیے محنت مزدوری کرے تو بچوں کی تربیت کا مسئلہ!!</p><p style=""text-align:justify;"">از راہِ مہربانی یہ بتائیے کہ اسلام کی رو سے بچوں کی تربیت کی زیادہ ذمہ داری شوہر پر لازم ہے یا بیوی پر بھی عائد ہوتی ہے؟ خاوند بسلسلہ روزگار بیرونِ ملک مقیم بھی ہو سکتاہے!</p></p><h4 class=""question_heading"">جواب</h4><p><p style=""margin-left:0;margin-right:0;text-align:justify;""><span style=""background-color:#fff;""><span style=""color:#444;"">اسلام نے پاکیزہ ، پرسکون اورپر لطف زندگی کے لیے جو اصول وضوابط تعلیم فر ما ئے ہیں، ان میں ایک یہ بھی ہے کہ عورت شوہر کے گھر کی، اس کے مال واسباب کی اور اس کے بچوں کی نگرانی و حفاظت کرتی رہے ، یہ اس کے فرائض و ذمے دار یوں میں دا خل کیا گیا ہے ۔چناں چہ ایک حدیث میں ارشاد ہے :عورت اپنے شوہر کے گھر اوربچے کی راعی(یعنی نگہبان اور حفاظت کرنے والی) ہے ۔</span></span><span style=""background-color:#fff;""><span style=""color:#444;"">(</span></span>  <span style=""background-color:#fff;""><span style=""color:#444;"">بخاری:</span></span><span style=""background-color:#fff;""><span style=""color:#444;"">۲/۱۰۵۷</span></span> )</p><p style=""margin-left:0;margin-right:0;text-align:justify;""><span style=""background-color:#fff;""><span style=""color:#444;"">""راعی"" کا معنی وہ امانت دار نگران، جو اس چیز کی اصلاح وتدبیر میں لگا رہتا ہے جو اس کی ذمے داری میں دی گئی ہو۔ اور عورت کی نگرانی یہ ہے کہ گھریلوں امور اور اولاد کی </span></span>تدبیر کرے اور اس معاملے میں شوہر کا تعاون کرے۔ عورت پر شادی کے بعد جو ذمے داریاں عائد ہوتی ہیں، ان میں اپنے بچوں کی تربیت اور تعلیم بہت ہی اہم اور نازک ذمے داری ہے، بچوں کی تعلیم و تربیت کی ذمے داری اگر چہ باپ پر بھی عائد ہوتی ہے؛لیکن اس سلسلہ میں ماں جو کردار ادا کرسکتی ہے، اس کے مقابلے میں باپ کی حیثیت ثانوی درجہ کی رہ جاتی ہے ۔ اس لیے کہ ماں کی گود ، بچے کا سب سے پہلا مدرسہ و تعلیم گاہ ہوتی ہے،پھر بچے کو ماں سے دن رات کے چوبیس گھنٹے میں اکثر اوقات سابقہ پڑتا ہے ،جب کہ باپ سے بہت کم سابقہ پڑتا ہے ؛اس لیے عورت پر بچوں کی تعلیم و تربیت کی یہ نازک ذمے داری باپ سے زیادہ عائد ہوتی ہے ۔ <br/><span style=""background-color:#fff;""><span style=""color:#444;"">اس سلسلے میں ایک بات تو یہ ذہن نشین ہونا چاہیے کہ بچے کو شروع ہی سے ایمان و یقین میں مضبوط کرنے کی فکر لازم ہے ۔ دوسرے اسلامی آداب و اسلامی تہذیب سے اس کو آراستہ کرنے کی کوشش کرنا چاہیے ،پھر جب وہ پڑھنے لکھنے کے قابل ہوجائے، تو تعلیم کا بندوبست کرنا چاہیے، تعلیم میں مقدم دینی تعلیم کو رکھنا چاہیے، پھر عصری و دنیوی تعلیم سے بھی بچہ کو آراستہ کرنے کی تدبیر کرنا چاہیے۔</span></span></p><p style=""text-align:justify;""><span style=""background-color:#fff;""><span style=""color:#444;"">آج عام طور پر  والدین خصوصاً مائیں اپنے بچوں کی تربیت میں انتہائی کوتاہی کرتی ہیں ، ان کو نہ اسلامی آداب سکھاتی ہیں، نہ اسلامی تہذیب و اخلاق سے ان کو آراستہ کرتی ہیں ؛بل کہ صرف انگریزی وعصری اسکولوں کے حوالے کر کے یہ سمجھ جاتاہے کہ ہم نے حق ادا کردیا ؛ مگر ان کو یہ خبر نہیں کہ ان اسکولوں میں ایمان و یقین تو ایک طرف رہا ، ان بچوں کو اخلاق و آداب کی تعلیم بھی نہیں دی جاتی ؛بل کہ اس تعلیمی نظام کے زیرِ اثر رہ کر بچے مزید بے ادب، گستاخ اور اسلامی تہذیب و آداب سے بے بہرہ ہوجاتے ہیں؛ اس لیے بچوں کی اسلامی تربیت کا گھر میں اہتمام کرناچاہیے ؛مگر اس کے لیے پہلے ماؤں کو علم و اخلاق، ایمان واسلام سے اپنے آپ کو مزین و آراستہ کرنا چاہیے، ظاہر ہے کہ جب ماں خود اسلامی اخلاق وآداب اور تہذیب سے ناآشنا ہوگی تو بچوں کی وہ کیا تربیت کرسکتی ہے؟</span></span><br/><span style=""color:#444;""><span style=""background-color:#fff;"">بچوں کی تربیت کے لیے حضراتِ انبیاء علیہم الصلاۃ والسلام کے قصے، حضراتِ صحابہ و صحابیات رضوان اللہ علیہم اجمعین کے واقعات اور بزرگانِ دین کے حالات کی گھروں میں تعلیم اور ان کے تذکرے نہایت مفید ہے، چوں کہ بچے کہانی سننے کے نہایت شوقین ہوتے ہیں ؛اس لیے وہ ان قصوں کو بہت ذوق و رغبت سے سنتے اور یاد بھی کرتے ہیں۔ لہذا اس کا بھی اہتمام کرنا چاہیے ۔</span> غرض یہ کہ ما ں کے ذمے ہے کہ بچوں کی تربیت پر پوری توجہ دے، اور ہر اچھی عادت ،تمام اچھے اخلاق ان میں پیدا کرنے کی کوشش کرے ۔</span></p><p style=""text-align:justify;"">خلاصہ یہ ہے کہ بچوں کی تربیت کی ذمہ داری شوہر اور بیوی دونوں کے ذمہ ہے، البتہ شوہر کے ذمہ چوں کہ اپنی بیوی اور بچوں کے نان و نفقہ کی ذمہ داری بھی ہے جس کی وجہ سے اسے دن کا اکثر وقت گھر سے باہر گزارنا پڑتا ہے، جب کہ بیوی سارا دن گھر میں ہی ہوتی ہے؛ اس لیے شوہر کے مقابلے میں بیوی کی ذمہ داری زیادہ ہے کہ وہ بچوں کی تربیت پر توجہ دے، بلکہ شریعتِ مقدسہ نے بیوی کو گھر میں رہنے اور شوہر کو  اہل وعیال کا نفقہ کماکر لانے کا جو مکلف بنایا ہے اس کی من جملہ حکمتوں میں سے ایک یہ بھی ہے کہ عورت اپنی اولاد کی اچھی تربیت کرنے کے لیے پوری طرح فارغ رہے، کیوں کہ اگر بچوں کو ماں کی گود سے اچھی تربیت ملے تو اس کا اثر ساری زندگی ان کے ساتھ رہتا ہے، اس کے برخلاف اگر بچپن میں اچھی تربیت نہ ملے تو پھر ان کا راہِ راست پر آنا بہت مشکل ہوتا ہے، اسی وجہ سے اولاد کے نیک اعمال کا اجر والدین کو ملتا ہے، اور صحیح تربیت نہ ہونے کی وجہ سے جو بداعمالیاں وہ کرتے ہیں اس کا وبال والدین پر بھی پڑتا ہے۔ چناں چہ آپ کی بیوی کا مذکورہ طرزِ عمل درست نہیں، ان کو چاہیے کہ فیس بک اور موبائل پر وقت گزارنے کے بجائے بچوں کو وقت دیں اور ان کی تربیت پر توجہ دیں۔</p><p style=""text-align:justify;"">یہ بھی ملحوظ رہے کہ فیس بک کا استعمال اور موبائل پر جاندار اشیاء کی تصاویر بنانا، بھیجنا اور دیکھنا ناجائز ہے ؛ اس لیے موبائل کے غیر شرعی استعمال سے مکمل اجتناب چاہیے۔ لیکن اس کا یہ مطلب نہیں کہ شوہر بچوں کی تربیت سے بالکل اپنے آپ کو بری الذمہ سمجھے، بلکہ اولاد کی تربیت والد کی بھی ذمہ داری ہے، لہٰذا آپ کو بھی حتی الامکان وقت نکال کر بچوں کی تعلیم و تربیت پر توجہ دینی چاہیے۔فقط واللہ اعلم</p></p><hr class=""big-hr""/><div class=""col-sm-6 col-md-6""><p class=""question_heading"" style=""color:#73161f"">فتویٰ نمبر : <a id=""fatwa_number"">143909200687</a></p></div><div class=""col-sm-6 col-md-6""><p style=""color:#73161f"">دارالافتاء :
                                جامعہ علوم اسلامیہ علامہ محمد یوسف بنوری ٹاؤن</p></div><hr class=""big-hr""/><div class=""col-sm-4 col-md-4""><div class=""tag""><a href=""https://www.banuri.edu.pk/questions/kitab/huqooq-muashret""><i class=""icon-docs-bold""></i> حقوق و آدابِ معاشرت</a></div></div><div class=""col-sm-4 col-md-4""><div class=""tag""><a href=""https://www.banuri.edu.pk/questions/bab/bahmi-huqooq""><i class=""icon-docs-bold""></i> حقوق</a></div></div><div class=""col-sm-4 col-md-4""><div class=""tag""><a href=""https://www.banuri.edu.pk/questions/fasal/olad-ky-hoqoq""><i class=""icon-docs-bold""></i> اولاد کے حقوق</a></div></div></div>"
https://www.banuri.edu.pk/readquestion/بغیر-احرام-کے-مکہ-میں-داخل-ہونے-کا-حکم/07-06-2018,بغیر احرام کے مکہ میں داخل ہونے کا حکم,"<p><p style=""text-align:justify;"">میں سعودی عرب جدہ میں ہوں، سوال یہ کرناتھا کہ اگر ہم عمرے کااحرام حدودِ حرم میں باندھیں تو کیاہم پر دم ہوگا؟</p></p>","<p><p style=""text-align:justify;"">جدہ میں رہنے والے شخص کو حج یاعمرہ کی نیت سے مکہ جاناہو تو حدودِ حرم میں داخل ہونے سے پہلے احرام باندھنالازم ہے،بغیر احرام کے حدودِ حرم میں داخل ہوناجائز نہیں، اگر بغیر احرام کے حدودِ حرم میں داخل ہوگیا اور دوبارہ حدودِ حرم کی جانب واپس آکر احرام نہ باندھاتو دم لازم ہوگا۔ البتہ اگر یہ شخص حج و عمرہ کی نیت کے بغیر کسی اور کام کے لیے  مکہ مکرمہ میں داخل ہونا چاہتا ہے تو اس کے لیے احرام کے بغیر مکہ میں داخل ہونا جائز ہے۔فقط واللہ اعلم</p></p><hr class=""big-hr""/>",07-06-2018,143909200608,banuri.edu.pk,حج,حج / عمرہ,حج کی غلطیاں اور اس کے احکام,"<div class=""col-md-12 sawal-jawab""><h3 class=""question_heading"">سوال</h3><p><p style=""text-align:justify;"">میں سعودی عرب جدہ میں ہوں، سوال یہ کرناتھا کہ اگر ہم عمرے کااحرام حدودِ حرم میں باندھیں تو کیاہم پر دم ہوگا؟</p></p><h4 class=""question_heading"">جواب</h4><p><p style=""text-align:justify;"">جدہ میں رہنے والے شخص کو حج یاعمرہ کی نیت سے مکہ جاناہو تو حدودِ حرم میں داخل ہونے سے پہلے احرام باندھنالازم ہے،بغیر احرام کے حدودِ حرم میں داخل ہوناجائز نہیں، اگر بغیر احرام کے حدودِ حرم میں داخل ہوگیا اور دوبارہ حدودِ حرم کی جانب واپس آکر احرام نہ باندھاتو دم لازم ہوگا۔ البتہ اگر یہ شخص حج و عمرہ کی نیت کے بغیر کسی اور کام کے لیے  مکہ مکرمہ میں داخل ہونا چاہتا ہے تو اس کے لیے احرام کے بغیر مکہ میں داخل ہونا جائز ہے۔فقط واللہ اعلم</p></p><hr class=""big-hr""/><div class=""col-sm-6 col-md-6""><p class=""question_heading"" style=""color:#73161f"">فتویٰ نمبر : <a id=""fatwa_number"">143909200608</a></p></div><div class=""col-sm-6 col-md-6""><p style=""color:#73161f"">دارالافتاء :
                                جامعہ علوم اسلامیہ علامہ محمد یوسف بنوری ٹاؤن</p></div><hr class=""big-hr""/><div class=""col-sm-4 col-md-4""><div class=""tag""><a href=""https://www.banuri.edu.pk/questions/kitab/haj""><i class=""icon-docs-bold""></i> حج</a></div></div><div class=""col-sm-4 col-md-4""><div class=""tag""><a href=""https://www.banuri.edu.pk/questions/bab/hajj-umrah""><i class=""icon-docs-bold""></i> حج / عمرہ</a></div></div><div class=""col-sm-4 col-md-4""><div class=""tag""><a href=""https://www.banuri.edu.pk/questions/fasal/haj-ki-ghalatiyan-or-us-k-ahkam""><i class=""icon-docs-bold""></i> حج کی غلطیاں اور اس کے احکام</a></div></div></div>"
https://www.banuri.edu.pk/readquestion/گریجویٹی-کی-رقم-2/22-06-2018,گریجویٹی کی رقم پر زکاۃ کا حکم,"<p><p style=""text-align:justify;"">اگر آدمی پہلے سے صاحبِ نصاب نہ ہو اور گریجویٹی کی رقم ملے تو اس پر زکاۃ واجب ہوگی یا نہیں؟  نیز گریجویٹی فنڈ /پراویڈنٹ فنڈ اور ای او بی آئی یہ حلال ہیں یا حرام؟</p></p>","<p><p style=""text-align:justify;""><strong><span style=""color:#27ae60;""> گریجویٹی فنڈ/ پراویڈنٹ فنڈ پر زکاۃ کاحکم:</span></strong></p><p style=""text-align:justify;"">اگر گریجویٹٰی  کی رقم نصاب کے بقدر ہو تو  یہ رقم ملتے ہی آدمی صاحبِ نصاب بن جائے گا (بشرطیکہ اتنا قرض ذمے میں نہ ہو جو صاحبِ نصاب بننے سے مانع ہو)، اور اس رقم  کے ملنے پر جب سال گز رجائے اور یہ رقم موجود ہو تو اس پر سالانہ ڈھائی فیصد زکاۃ واجب ہوگی۔</p><p style=""text-align:justify;""><strong><span style=""color:#27ae60;""> گریجویٹی فنڈ/ پراویڈنٹ فنڈ اور ای او بی آئی کا حکم:</span></strong></p><p style=""text-align:justify;"">ان تمام فنڈز  کا عمومی طریقہ کار یہ ہے کہ اس میں ملاز م کی تنخواہ سے کٹوتی کی جاتی ہے اور اسی قدر اضافہ ادارے والوں کی جانب سے کیا جاتا ہے اور پھر  یہ تمام رقم کسی ادارے میں لگا کر سرمایہ کاری کی جاتی ہے اور ریٹائرمنٹ کے بعد یہ رقم  اس ملازم کودی جاتی ہے۔</p><p style=""text-align:justify;"">ان تمام فنڈز میں ملنے والے اضافے کا حکم یہ ہے کہ اگر  تنخواہ سے کٹوتی ملازم کے اختیارمیں  نہیں، بلکہ لازمی طورپر ملازم کی تنخواہ سے  رقم کٹتی ہے تو  اپنی تنخواہ سے کٹا ہوا حصہ اور ادارے کی جانب سے ملایا ہوا حصہ اور اس پر جو اضافہ ہوا ہے تمام رقم ملازم کے لیے وصول کرنا حلال ہے۔</p><p style=""text-align:justify;"">اور اگر یہ تمام فنڈزاختیاری ہیں یعنی ملازم کی مرضی سے یہ رقم کٹتی ہے، وہ چاہے تو نہ کٹے، اور اس رقم  کی سرمایہ کاری کسی سودی ادارے میں کی گئی ہے تو  اس میں سے   سودی اداروں  سے حاصل شدہ اضافہ  اس کے لیے حلال نہیں، بقیہ رقم ملازم کے لیے لینا درست  ہےاور اس کا حق ہے۔</p><p style=""margin-left:9pt;margin-right:10.3pt;text-align:justify;""><strong>""الجامع الصغیر "" میں ہے:</strong></p><p style=""margin-left:63pt;margin-right:80.3pt;text-align:justify;""><span class=""ar_writing"">"" كل قرض جر منفعةً فهو رباً""</span>۔(الجامع الصغیر للسیوطی، ص:395، برقم :9728، ط: دارالکتب العلمیہ، بیروت)فقط واللہ اعلم</p></p><hr class=""big-hr""/>",22-06-2018,143909200956,banuri.edu.pk,معاملات,ملازمت,اوقات ملازمت,"<div class=""col-md-12 sawal-jawab""><h3 class=""question_heading"">سوال</h3><p><p style=""text-align:justify;"">اگر آدمی پہلے سے صاحبِ نصاب نہ ہو اور گریجویٹی کی رقم ملے تو اس پر زکاۃ واجب ہوگی یا نہیں؟  نیز گریجویٹی فنڈ /پراویڈنٹ فنڈ اور ای او بی آئی یہ حلال ہیں یا حرام؟</p></p><h4 class=""question_heading"">جواب</h4><p><p style=""text-align:justify;""><strong><span style=""color:#27ae60;""> گریجویٹی فنڈ/ پراویڈنٹ فنڈ پر زکاۃ کاحکم:</span></strong></p><p style=""text-align:justify;"">اگر گریجویٹٰی  کی رقم نصاب کے بقدر ہو تو  یہ رقم ملتے ہی آدمی صاحبِ نصاب بن جائے گا (بشرطیکہ اتنا قرض ذمے میں نہ ہو جو صاحبِ نصاب بننے سے مانع ہو)، اور اس رقم  کے ملنے پر جب سال گز رجائے اور یہ رقم موجود ہو تو اس پر سالانہ ڈھائی فیصد زکاۃ واجب ہوگی۔</p><p style=""text-align:justify;""><strong><span style=""color:#27ae60;""> گریجویٹی فنڈ/ پراویڈنٹ فنڈ اور ای او بی آئی کا حکم:</span></strong></p><p style=""text-align:justify;"">ان تمام فنڈز  کا عمومی طریقہ کار یہ ہے کہ اس میں ملاز م کی تنخواہ سے کٹوتی کی جاتی ہے اور اسی قدر اضافہ ادارے والوں کی جانب سے کیا جاتا ہے اور پھر  یہ تمام رقم کسی ادارے میں لگا کر سرمایہ کاری کی جاتی ہے اور ریٹائرمنٹ کے بعد یہ رقم  اس ملازم کودی جاتی ہے۔</p><p style=""text-align:justify;"">ان تمام فنڈز میں ملنے والے اضافے کا حکم یہ ہے کہ اگر  تنخواہ سے کٹوتی ملازم کے اختیارمیں  نہیں، بلکہ لازمی طورپر ملازم کی تنخواہ سے  رقم کٹتی ہے تو  اپنی تنخواہ سے کٹا ہوا حصہ اور ادارے کی جانب سے ملایا ہوا حصہ اور اس پر جو اضافہ ہوا ہے تمام رقم ملازم کے لیے وصول کرنا حلال ہے۔</p><p style=""text-align:justify;"">اور اگر یہ تمام فنڈزاختیاری ہیں یعنی ملازم کی مرضی سے یہ رقم کٹتی ہے، وہ چاہے تو نہ کٹے، اور اس رقم  کی سرمایہ کاری کسی سودی ادارے میں کی گئی ہے تو  اس میں سے   سودی اداروں  سے حاصل شدہ اضافہ  اس کے لیے حلال نہیں، بقیہ رقم ملازم کے لیے لینا درست  ہےاور اس کا حق ہے۔</p><p style=""margin-left:9pt;margin-right:10.3pt;text-align:justify;""><strong>""الجامع الصغیر "" میں ہے:</strong></p><p style=""margin-left:63pt;margin-right:80.3pt;text-align:justify;""><span class=""ar_writing"">"" كل قرض جر منفعةً فهو رباً""</span>۔(الجامع الصغیر للسیوطی، ص:395، برقم :9728، ط: دارالکتب العلمیہ، بیروت)فقط واللہ اعلم</p></p><hr class=""big-hr""/><div class=""col-sm-6 col-md-6""><p class=""question_heading"" style=""color:#73161f"">فتویٰ نمبر : <a id=""fatwa_number"">143909200956</a></p></div><div class=""col-sm-6 col-md-6""><p style=""color:#73161f"">دارالافتاء :
                                جامعہ علوم اسلامیہ علامہ محمد یوسف بنوری ٹاؤن</p></div><hr class=""big-hr""/><div class=""col-sm-4 col-md-4""><div class=""tag""><a href=""https://www.banuri.edu.pk/questions/kitab/muamlat""><i class=""icon-docs-bold""></i> معاملات</a></div></div><div class=""col-sm-4 col-md-4""><div class=""tag""><a href=""https://www.banuri.edu.pk/questions/bab/ملازمت""><i class=""icon-docs-bold""></i> ملازمت</a></div></div><div class=""col-sm-4 col-md-4""><div class=""tag""><a href=""https://www.banuri.edu.pk/questions/fasal/owqat-e-mulazimat""><i class=""icon-docs-bold""></i> اوقات ملازمت</a></div></div></div>"
https://www.banuri.edu.pk/readquestion/ایمان-بڑھانے-کے-اعمال/05-07-2018,ایمان بڑھانے کے اعمال,<p><p>ایمان کیسے بڑھایا جاتا ہے اور نفاق سے کیسے بچیں؟</p></p>,"<p><p style=""margin-left:0;margin-right:0;text-align:justify;""><span style=""color:#000;""> ایمان میں کیفیت کے اعتبار سے  کمی اور  زیادتی ہوتی  ہے، فرمانِ الہی ہے:</span></p><p style=""margin-left:0;margin-right:0;text-align:justify;""><span style=""color:#000;""><span class=""ar_writing"">﴿وَمَا جَعَلْنَآ اَصْحٰبَ النَّارِ اِلَّا مَلٰئِكَةً ۠ وَّمَا جَعَلْنَا عِدَّتَهُمْ اِلَّا فِتْنَةً لِّلَّذِيْنَ كَفَرُوْا ۙ لِيَسْتَيْقِنَ الَّذِيْنَ اُوْتُوا الْكِتٰبَ وَيَزْدَادَ الَّذِيْنَ اٰمَنُوْٓا اِيْمَانًا﴾ (المدثر: 31)</span></span></p><p style=""margin-left:0;margin-right:0;text-align:justify;""><span style=""color:#000;"">ترجمہ: اور ہم نے جہنم کا محافظ فرشتوں کے سوا کسی کو نہیں بنایا، اور ان کی تعداد اُن لوگوں کی آزمائش ہی کے لیے بنائی ہے جنہوں نے کفر کیا؛ تاکہ وہ لوگ جنہیں کتاب دی گئی ہے، اچھی طرح یقین کرلیں اور وہ لوگ جو ایمان لائے ہیں ایمان میں زیادہ ہو جائیں۔</span></p><h3 style=""margin-left:0;margin-right:0;text-align:justify;""><strong><span style=""color:#27ae60;"">ایمان کی بڑھوتری کے کچھ اسباب جو قرآن و حدیث میں بیان ہوئے  ہیں:</span></strong></h3><p style=""margin-left:0;margin-right:0;text-align:justify;""><span style=""color:#000;"">1-  اللہ تعالی ، اس کے اسماء وصفات کی معرفت؛  جس قدر اللہ تعالی ،اس کے اسماء وصفات کی معرفت میں اضافہ ہوگا بلاشبہ اسی قدر اس کے ایمان بڑھے گا۔</span></p><p style=""margin-left:0;margin-right:0;text-align:justify;""><span style=""color:#000;"">2-  اللہ تعالی کی کائناتی اور شرعی آیات ونشانیوں پر نظر کرنا(غوروفکر کرنا)؛ جب بھی انسان اللہ تعالی کی کائناتی نشانیوں کو دیکھتا ہے جو کہ اس کی مخلوق ہیں تو اس کا ایمان تازہ ہوجاتا ہے، فرمانِ باری تعالی ہے:</span></p><p style=""margin-left:0;margin-right:0;text-align:justify;""><span style=""color:#000;""><span class=""ar_writing"">﴿ وَفِي الْاَرْضِ اٰيٰتٌ لِّلْمُوْقِنِيْنَ وَفِيْٓ اَنْفُسِكُمْ ۭ اَفَلَا تُبْصِرُوْنَ﴾ (الذاریات: 20-21)</span></span></p><p style=""margin-left:0;margin-right:0;text-align:justify;""><span style=""color:#000;"">ترجمہ: اور زمین میں یقین کرنے والوں کے لیے کئی نشانیاں ہیں، اور تمہارے نفسوں میں بھی، تو کیا تم دیکھتے نہیں۔</span></p><p style=""margin-left:0;margin-right:0;text-align:justify;""><span style=""color:#000;"">3-  کثرتِ طاعات (عبادات)؛ کیوں کہ انسان جس قدر کثرت سے طاعات کرے گا اس کے ذریعے ایمان ترو تازہ ہو جائے گا خواہ وہ طاعات (عبادات) قولی ہوں یا فعلی ہوں۔</span></p><p style=""margin-left:0;margin-right:0;text-align:justify;""><span style=""color:#000;"">4-  قرآن کی آیات کی تلاوت کرنا اور ان میں غور وفکر کرنا۔</span></p><p style=""margin-left:0;margin-right:0;text-align:justify;""><span style=""color:#000;""><span class=""ar_writing"">﴿ وَاِذَا مَآ اُنْزِلَتْ سُوْرَةٌ فَمِنْهُمْ مَّنْ يَّقُوْلُ اَيُّكُمْ زَادَتْهُ هٰذِهٖٓ اِيْمَانًا ۚ فَاَمَّا الَّذِيْنَ اٰمَنُوْا فَزَادَتْهُمْ اِيْمَانًا وَّهُمْ يَسْتَبْشِرُوْنَ  وَاَمَّا الَّذِيْنَ فِيْ قُلُوْبِهِمْ مَّرَضٌ فَزَادَتْهُمْ رِجْسًا اِلٰى رِجْسِهِمْ وَمَاتُوْا وَهُمْ كٰفِرُوْنَ ﴾</span></span><span style=""color:#000;"">(التوبۃ: 124-125)</span></p><p style=""margin-left:0;margin-right:0;text-align:justify;""><span style=""color:#000;"">ترجمہ: اور جب بھی کوئی سورت نازل کی جاتی ہے تو ان میں سے کچھ لوگ ایسے ہیں جو کہتے ہیں اس نے تم میں سے کس کو ایمان میں زیادہ کیا ؟ پس جو لوگ ایمان لائے، سو ان کو تو اس نے ایمان میں زیادہ کردیا اور وہ بہت خوش ہوتے ہیں، اور رہے وہ لوگ جن کے دلوں میں بیماری ہے تو اس نے ان کو ان کی گندگی کے ساتھ اور گندگی میں زیادہ کردیا اور وہ اس حال میں مرے کہ وہ کافر تھے۔</span></p><p style=""margin-left:0;margin-right:0;text-align:justify;""><span style=""color:#000;"">5-ایمانیات  کے تذکرے کرنا، اور اللہ تعالی کی بڑائی کو  بیان کرنا۔</span><span style=""background-color:#fff;""><span style=""color:#000;""></span><span class=""ar_writing""><span style=""color:#333;"">''کتاب السنة'' از أبو بكر  الخَلَّال البغدادي الحنبلي (المتوفى: 311ه</span><span style=""color:#333;"">ـ</span></span><span style=""color:#333;""><span class=""ar_writing"">)</span> کی روایت ہے کہ صحابہ کرام اس قسم کی مجالس منعقد کرتے تھے۔</span></span></p><p style=""margin-left:0;margin-right:0;text-align:justify;""><span class=""ar_writing""><span style=""background-color:#fff;""><span style=""color:#333;"">""وَأَخْبَرَنَا أَبُو بَكْرٍ، قَالَ: ثنا أَبُو عَبْدِ اللَّهِ، قَالَ: ثنا وَكِيعٌ، عَنِ الْأَعْمَشِ، وَمِسْعَرٍ، عَنْ جَامِعِ بْنِ شَدَّادٍ، عَنِ الْأَسْوَدِ بْنِ هِلَالٍ، قَالَ: قَالَ مُعَاذٌ:  اجْلِسُوا بِنَا نُؤْمِنْ سَاعَةً"".</span></span></span></p><p style=""margin-left:0;margin-right:0;text-align:justify;""><span style=""background-color:#fff;""><span style=""color:#333;"">ترجمہ: حضرت معاذبن جبل رضی اللہ عنہ نےاسود بن ہلال سے کہا: ہمارے پاس بیٹھو ؛تاکہ ہم کچھ ساعت ایمان تازہ کریں۔</span></span></p><p style=""margin-left:0;margin-right:0;text-align:justify;""><span style=""background-color:#fff;""><span style=""color:#333;""><span class=""ar_writing""> ""شعبِ الإیمان للبیهقي""</span> میں اس طرح کا قول حضرت عبد اللہ بن مسعود رضی اللہ عنہ سے منسوب کیا گیا ہے:</span></span></p><p style=""margin-left:0;margin-right:0;text-align:justify;""><span class=""ar_writing""><span style=""background-color:#fff;""><span style=""color:#333;"">""أَخْبَرَنَا أَبُو عَبْدِ اللهِ الْحَافِظُ، أَخْبَرَنَا أَبُو بَكْرِ بْنُ إِسْحَاقَ، أَخْبَرَنَا مُحَمَّدُ بْنُ أَيُّوبَ، حدثنا عَبْدُ اللهِ بْنُ الْجَرَّاحِ، حدثنا مُحَمَّدُ بْنُ فُضَيْلٍ، عَنْ أَبِيهِ، عَنْ شِبَاكٍ، عَنْ إِبْرَاهِيمَ، عَنْ عَلْقَمَةَ، عَنْ عَبْدِ اللهِ أَنَّهُ قَالَ: ""اجْلِسُوا بِنَا نَزْدَدْ إِيمَانًا"".</span></span></span></p><p style=""margin-left:0;margin-right:0;text-align:justify;""><span style=""background-color:#fff;""><span style=""color:#333;"">حضرت ابن مسعود رضی اللہ عنہ نے علقمہ سے کہا: ہمارے ساتھ بیٹھو ؛ کہ ایمان میں اضافہ کریں۔</span></span></p><p style=""margin-left:0;margin-right:0;text-align:justify;""><span style=""background-color:#fff;""><span style=""color:#333;"">"" مصنف ابن ابی شیبہ"" میں حضرت عمر رضی اللہ عنہ کا قول ہے:</span></span></p><p style=""margin-left:0;margin-right:0;text-align:justify;""><span class=""ar_writing""><span style=""background-color:#fff;""><span style=""color:#333;"">""حَدَّثَنَا أَبُو أُسَامَةَ، عَنْ مُحَمَّدِ بْنِ طَلْحَةَ، عَنْ زُبَيْدٍ، عَنْ زِرٍّ، قَالَ: كَانَ عُمَرُ مِمَّا يَأْخُذُ بِيَدِ الرَّجُلِ وَالرَّجُلَيْنِ مِنْ أَصْحَابِهِ، فَيَقُولُ: «قُمْ بِنَا نَزْدَدْ إِيمَانًا».</span></span></span></p><p style=""margin-left:0;margin-right:0;text-align:justify;""><span style=""color:#333;"">حضرت عمر بن الخطاب رضی اللہ عنہ  اپنے اصحاب میں سے ایک یا دو کا ہاتھ پکڑ کر فرمایا کرتے تھے: آ جاؤ ہم ایمان بڑھائیں، پس اللہ عز و جل کا ذکر کریں۔</span></p><p style=""margin-left:0;margin-right:0;text-align:justify;""><span style=""color:#333;"">ایمان کامضبوط ہونا ہی نفاق کو دور کرتا ہے، لہذا جتنا ایمان مضبوط ہوگا اتنا ہی نفاق سے دوری ہوگی۔ نیز احادیث میں چند اعمال کا بھی ذکر ہے جن سے آدمی نفاق سے بچتا ہے۔</span></p><h3 style=""margin-left:0;margin-right:0;text-align:justify;""><strong><span style=""color:#27ae60;"">نفاق سے بچانے والے اعمال، مثلاً:</span></strong></h3><p style=""margin-left:0;margin-right:0;text-align:justify;""><span style=""color:#333;"">1۔ چالیس دن تک تکبیر اولی کے ساتھ نماز پڑھنا۔</span></p><p style=""margin-left:0;margin-right:0;text-align:justify;""><span class=""ar_writing"">""حدثنا عقبة بن مکرم ونصر بن علي الجهضمي قالا: حدثنا أبو قتيبة سلم بن قتيبة عن طعمة بن عمرو عن حبيب بن أبي ثابت عن أنس بن مالک، قال: قال رسول الله صلی الله عليه وسلم: من صلی لله أربعين يوماً في جماعة يدرک التکبيرة الأولی کتبت له براء تان: براءة من النار وبراءة من النفاق""<span style=""background-color:#fff;""><span style=""color:#333;"">.</span></span></span>(جامع ترمذی:جلد اول)<br/>
ترجمہ: عقبہ بن مکرم، نصر بن علی، سلم بن قتیبہ، طعمہ بن عمرو، حبیب بن ابوثابت، انس بن مالک سے روایت ہے کہ فرمایا رسول اللہ صلی اللہ علیہ وآلہ وسلم نے: جس نے چالیس دن تک تکبیر اولی کے ساتھ خالص اللہ کی رضا کے لیے باجماعت نماز پڑھی، اس کی دو چیزوں سے نجات لکھ دی جاتی ہے: جہنم سے نجات اور نفاق سے نجات۔</p><p style=""margin-left:0;margin-right:0;text-align:justify;"">2۔ فجر اور عشاء کی نماز باجماعت کا اہتمام کرنا۔</p><p style=""margin-left:0;margin-right:0;text-align:justify;""><span class=""ar_writing"">""عن أبي هريرة قال: قال رسول الله صلی الله علیه وسلم: ليس صلاة أثقل على المنافقين من الفجر والعشاء، ولو يعلمون مافيهمالأتوهما ولوحبواً""<span style=""background-color:#fff;""><span style=""color:#333;"">. (متفق عليه)</span></span></span></p><p style=""margin-left:0;margin-right:0;text-align:justify;"">ترجمہ: حضرت ابوہریرہ رضی اللہ عنہ روایت کرتے ہیں کہ رسول اللہ صلی اللہ علیہ وسلم نے ارشاد فرمایا: منافقین پر فجر اور عشاء کی نماز سے بھاری کوئی نماز نہیں ہے، اور اگر وہ اُس اَجر کو جان لیں جو اِن دو نمازوں میں ہے تو ان کے لیے ضرور آئیں اگرچہ سرین یا پیٹ کے بل گھسٹ کر (آنا پڑے)۔</p><p style=""margin-left:0;margin-right:0;text-align:justify;"">3۔ نیز نفاق  کی جو نشانیاں بتائی گئی ہیں ان سے بھی بچنا چاہیے۔</p><p style=""margin-left:0;margin-right:0;text-align:justify;"">شیر بن خالد، محمد، شعبہ، سلیمان، عبداللہ بن مرہ، مسروق عبداللہ بن عمرو نبی صلی اللہ علیہ وآلہ وسلم سے روایت کرتے ہیں: آپ صلی اللہ علیہ وآلہ وسلم نے فرمایا :جس شخص میں چار باتیں ہوں گی، وہ منافق ہوگا یا جس شخص میں ان چاروں میں سے کوئی خصلت ہو گی، تو اس میں نفاق کی خصلت ہو گی، یہاں تک کہ وہ اسے چھوڑ دے، جب وہ گفتگو کرے تو جھوٹ بولے، جب وعدہ کرے تو اس کے خلاف کرے، اور جب معاہدہ کرے تو بے وفائی کرے، اور جب جھگڑا کرے تو بد زبانی کرے۔ (صحیح بخاری:جلد اول:حدیث نمبر 2297 حدیث مرفوع) فقط واللہ اعلم</p></p><hr class=""big-hr""/>",05-07-2018,143909201232,banuri.edu.pk,ایمان و عقائد,اسلامی عقائد,ذات و صفات و اسماء باری تعالیٰ,"<div class=""col-md-12 sawal-jawab""><h3 class=""question_heading"">سوال</h3><p><p>ایمان کیسے بڑھایا جاتا ہے اور نفاق سے کیسے بچیں؟</p></p><h4 class=""question_heading"">جواب</h4><p><p style=""margin-left:0;margin-right:0;text-align:justify;""><span style=""color:#000;""> ایمان میں کیفیت کے اعتبار سے  کمی اور  زیادتی ہوتی  ہے، فرمانِ الہی ہے:</span></p><p style=""margin-left:0;margin-right:0;text-align:justify;""><span style=""color:#000;""><span class=""ar_writing"">﴿وَمَا جَعَلْنَآ اَصْحٰبَ النَّارِ اِلَّا مَلٰئِكَةً ۠ وَّمَا جَعَلْنَا عِدَّتَهُمْ اِلَّا فِتْنَةً لِّلَّذِيْنَ كَفَرُوْا ۙ لِيَسْتَيْقِنَ الَّذِيْنَ اُوْتُوا الْكِتٰبَ وَيَزْدَادَ الَّذِيْنَ اٰمَنُوْٓا اِيْمَانًا﴾ (المدثر: 31)</span></span></p><p style=""margin-left:0;margin-right:0;text-align:justify;""><span style=""color:#000;"">ترجمہ: اور ہم نے جہنم کا محافظ فرشتوں کے سوا کسی کو نہیں بنایا، اور ان کی تعداد اُن لوگوں کی آزمائش ہی کے لیے بنائی ہے جنہوں نے کفر کیا؛ تاکہ وہ لوگ جنہیں کتاب دی گئی ہے، اچھی طرح یقین کرلیں اور وہ لوگ جو ایمان لائے ہیں ایمان میں زیادہ ہو جائیں۔</span></p><h3 style=""margin-left:0;margin-right:0;text-align:justify;""><strong><span style=""color:#27ae60;"">ایمان کی بڑھوتری کے کچھ اسباب جو قرآن و حدیث میں بیان ہوئے  ہیں:</span></strong></h3><p style=""margin-left:0;margin-right:0;text-align:justify;""><span style=""color:#000;"">1-  اللہ تعالی ، اس کے اسماء وصفات کی معرفت؛  جس قدر اللہ تعالی ،اس کے اسماء وصفات کی معرفت میں اضافہ ہوگا بلاشبہ اسی قدر اس کے ایمان بڑھے گا۔</span></p><p style=""margin-left:0;margin-right:0;text-align:justify;""><span style=""color:#000;"">2-  اللہ تعالی کی کائناتی اور شرعی آیات ونشانیوں پر نظر کرنا(غوروفکر کرنا)؛ جب بھی انسان اللہ تعالی کی کائناتی نشانیوں کو دیکھتا ہے جو کہ اس کی مخلوق ہیں تو اس کا ایمان تازہ ہوجاتا ہے، فرمانِ باری تعالی ہے:</span></p><p style=""margin-left:0;margin-right:0;text-align:justify;""><span style=""color:#000;""><span class=""ar_writing"">﴿ وَفِي الْاَرْضِ اٰيٰتٌ لِّلْمُوْقِنِيْنَ وَفِيْٓ اَنْفُسِكُمْ ۭ اَفَلَا تُبْصِرُوْنَ﴾ (الذاریات: 20-21)</span></span></p><p style=""margin-left:0;margin-right:0;text-align:justify;""><span style=""color:#000;"">ترجمہ: اور زمین میں یقین کرنے والوں کے لیے کئی نشانیاں ہیں، اور تمہارے نفسوں میں بھی، تو کیا تم دیکھتے نہیں۔</span></p><p style=""margin-left:0;margin-right:0;text-align:justify;""><span style=""color:#000;"">3-  کثرتِ طاعات (عبادات)؛ کیوں کہ انسان جس قدر کثرت سے طاعات کرے گا اس کے ذریعے ایمان ترو تازہ ہو جائے گا خواہ وہ طاعات (عبادات) قولی ہوں یا فعلی ہوں۔</span></p><p style=""margin-left:0;margin-right:0;text-align:justify;""><span style=""color:#000;"">4-  قرآن کی آیات کی تلاوت کرنا اور ان میں غور وفکر کرنا۔</span></p><p style=""margin-left:0;margin-right:0;text-align:justify;""><span style=""color:#000;""><span class=""ar_writing"">﴿ وَاِذَا مَآ اُنْزِلَتْ سُوْرَةٌ فَمِنْهُمْ مَّنْ يَّقُوْلُ اَيُّكُمْ زَادَتْهُ هٰذِهٖٓ اِيْمَانًا ۚ فَاَمَّا الَّذِيْنَ اٰمَنُوْا فَزَادَتْهُمْ اِيْمَانًا وَّهُمْ يَسْتَبْشِرُوْنَ  وَاَمَّا الَّذِيْنَ فِيْ قُلُوْبِهِمْ مَّرَضٌ فَزَادَتْهُمْ رِجْسًا اِلٰى رِجْسِهِمْ وَمَاتُوْا وَهُمْ كٰفِرُوْنَ ﴾</span></span><span style=""color:#000;"">(التوبۃ: 124-125)</span></p><p style=""margin-left:0;margin-right:0;text-align:justify;""><span style=""color:#000;"">ترجمہ: اور جب بھی کوئی سورت نازل کی جاتی ہے تو ان میں سے کچھ لوگ ایسے ہیں جو کہتے ہیں اس نے تم میں سے کس کو ایمان میں زیادہ کیا ؟ پس جو لوگ ایمان لائے، سو ان کو تو اس نے ایمان میں زیادہ کردیا اور وہ بہت خوش ہوتے ہیں، اور رہے وہ لوگ جن کے دلوں میں بیماری ہے تو اس نے ان کو ان کی گندگی کے ساتھ اور گندگی میں زیادہ کردیا اور وہ اس حال میں مرے کہ وہ کافر تھے۔</span></p><p style=""margin-left:0;margin-right:0;text-align:justify;""><span style=""color:#000;"">5-ایمانیات  کے تذکرے کرنا، اور اللہ تعالی کی بڑائی کو  بیان کرنا۔</span><span style=""background-color:#fff;""><span style=""color:#000;""></span><span class=""ar_writing""><span style=""color:#333;"">''کتاب السنة'' از أبو بكر  الخَلَّال البغدادي الحنبلي (المتوفى: 311ه</span><span style=""color:#333;"">ـ</span></span><span style=""color:#333;""><span class=""ar_writing"">)</span> کی روایت ہے کہ صحابہ کرام اس قسم کی مجالس منعقد کرتے تھے۔</span></span></p><p style=""margin-left:0;margin-right:0;text-align:justify;""><span class=""ar_writing""><span style=""background-color:#fff;""><span style=""color:#333;"">""وَأَخْبَرَنَا أَبُو بَكْرٍ، قَالَ: ثنا أَبُو عَبْدِ اللَّهِ، قَالَ: ثنا وَكِيعٌ، عَنِ الْأَعْمَشِ، وَمِسْعَرٍ، عَنْ جَامِعِ بْنِ شَدَّادٍ، عَنِ الْأَسْوَدِ بْنِ هِلَالٍ، قَالَ: قَالَ مُعَاذٌ:  اجْلِسُوا بِنَا نُؤْمِنْ سَاعَةً"".</span></span></span></p><p style=""margin-left:0;margin-right:0;text-align:justify;""><span style=""background-color:#fff;""><span style=""color:#333;"">ترجمہ: حضرت معاذبن جبل رضی اللہ عنہ نےاسود بن ہلال سے کہا: ہمارے پاس بیٹھو ؛تاکہ ہم کچھ ساعت ایمان تازہ کریں۔</span></span></p><p style=""margin-left:0;margin-right:0;text-align:justify;""><span style=""background-color:#fff;""><span style=""color:#333;""><span class=""ar_writing""> ""شعبِ الإیمان للبیهقي""</span> میں اس طرح کا قول حضرت عبد اللہ بن مسعود رضی اللہ عنہ سے منسوب کیا گیا ہے:</span></span></p><p style=""margin-left:0;margin-right:0;text-align:justify;""><span class=""ar_writing""><span style=""background-color:#fff;""><span style=""color:#333;"">""أَخْبَرَنَا أَبُو عَبْدِ اللهِ الْحَافِظُ، أَخْبَرَنَا أَبُو بَكْرِ بْنُ إِسْحَاقَ، أَخْبَرَنَا مُحَمَّدُ بْنُ أَيُّوبَ، حدثنا عَبْدُ اللهِ بْنُ الْجَرَّاحِ، حدثنا مُحَمَّدُ بْنُ فُضَيْلٍ، عَنْ أَبِيهِ، عَنْ شِبَاكٍ، عَنْ إِبْرَاهِيمَ، عَنْ عَلْقَمَةَ، عَنْ عَبْدِ اللهِ أَنَّهُ قَالَ: ""اجْلِسُوا بِنَا نَزْدَدْ إِيمَانًا"".</span></span></span></p><p style=""margin-left:0;margin-right:0;text-align:justify;""><span style=""background-color:#fff;""><span style=""color:#333;"">حضرت ابن مسعود رضی اللہ عنہ نے علقمہ سے کہا: ہمارے ساتھ بیٹھو ؛ کہ ایمان میں اضافہ کریں۔</span></span></p><p style=""margin-left:0;margin-right:0;text-align:justify;""><span style=""background-color:#fff;""><span style=""color:#333;"">"" مصنف ابن ابی شیبہ"" میں حضرت عمر رضی اللہ عنہ کا قول ہے:</span></span></p><p style=""margin-left:0;margin-right:0;text-align:justify;""><span class=""ar_writing""><span style=""background-color:#fff;""><span style=""color:#333;"">""حَدَّثَنَا أَبُو أُسَامَةَ، عَنْ مُحَمَّدِ بْنِ طَلْحَةَ، عَنْ زُبَيْدٍ، عَنْ زِرٍّ، قَالَ: كَانَ عُمَرُ مِمَّا يَأْخُذُ بِيَدِ الرَّجُلِ وَالرَّجُلَيْنِ مِنْ أَصْحَابِهِ، فَيَقُولُ: «قُمْ بِنَا نَزْدَدْ إِيمَانًا».</span></span></span></p><p style=""margin-left:0;margin-right:0;text-align:justify;""><span style=""color:#333;"">حضرت عمر بن الخطاب رضی اللہ عنہ  اپنے اصحاب میں سے ایک یا دو کا ہاتھ پکڑ کر فرمایا کرتے تھے: آ جاؤ ہم ایمان بڑھائیں، پس اللہ عز و جل کا ذکر کریں۔</span></p><p style=""margin-left:0;margin-right:0;text-align:justify;""><span style=""color:#333;"">ایمان کامضبوط ہونا ہی نفاق کو دور کرتا ہے، لہذا جتنا ایمان مضبوط ہوگا اتنا ہی نفاق سے دوری ہوگی۔ نیز احادیث میں چند اعمال کا بھی ذکر ہے جن سے آدمی نفاق سے بچتا ہے۔</span></p><h3 style=""margin-left:0;margin-right:0;text-align:justify;""><strong><span style=""color:#27ae60;"">نفاق سے بچانے والے اعمال، مثلاً:</span></strong></h3><p style=""margin-left:0;margin-right:0;text-align:justify;""><span style=""color:#333;"">1۔ چالیس دن تک تکبیر اولی کے ساتھ نماز پڑھنا۔</span></p><p style=""margin-left:0;margin-right:0;text-align:justify;""><span class=""ar_writing"">""حدثنا عقبة بن مکرم ونصر بن علي الجهضمي قالا: حدثنا أبو قتيبة سلم بن قتيبة عن طعمة بن عمرو عن حبيب بن أبي ثابت عن أنس بن مالک، قال: قال رسول الله صلی الله عليه وسلم: من صلی لله أربعين يوماً في جماعة يدرک التکبيرة الأولی کتبت له براء تان: براءة من النار وبراءة من النفاق""<span style=""background-color:#fff;""><span style=""color:#333;"">.</span></span></span>(جامع ترمذی:جلد اول)<br/>
ترجمہ: عقبہ بن مکرم، نصر بن علی، سلم بن قتیبہ، طعمہ بن عمرو، حبیب بن ابوثابت، انس بن مالک سے روایت ہے کہ فرمایا رسول اللہ صلی اللہ علیہ وآلہ وسلم نے: جس نے چالیس دن تک تکبیر اولی کے ساتھ خالص اللہ کی رضا کے لیے باجماعت نماز پڑھی، اس کی دو چیزوں سے نجات لکھ دی جاتی ہے: جہنم سے نجات اور نفاق سے نجات۔</p><p style=""margin-left:0;margin-right:0;text-align:justify;"">2۔ فجر اور عشاء کی نماز باجماعت کا اہتمام کرنا۔</p><p style=""margin-left:0;margin-right:0;text-align:justify;""><span class=""ar_writing"">""عن أبي هريرة قال: قال رسول الله صلی الله علیه وسلم: ليس صلاة أثقل على المنافقين من الفجر والعشاء، ولو يعلمون مافيهمالأتوهما ولوحبواً""<span style=""background-color:#fff;""><span style=""color:#333;"">. (متفق عليه)</span></span></span></p><p style=""margin-left:0;margin-right:0;text-align:justify;"">ترجمہ: حضرت ابوہریرہ رضی اللہ عنہ روایت کرتے ہیں کہ رسول اللہ صلی اللہ علیہ وسلم نے ارشاد فرمایا: منافقین پر فجر اور عشاء کی نماز سے بھاری کوئی نماز نہیں ہے، اور اگر وہ اُس اَجر کو جان لیں جو اِن دو نمازوں میں ہے تو ان کے لیے ضرور آئیں اگرچہ سرین یا پیٹ کے بل گھسٹ کر (آنا پڑے)۔</p><p style=""margin-left:0;margin-right:0;text-align:justify;"">3۔ نیز نفاق  کی جو نشانیاں بتائی گئی ہیں ان سے بھی بچنا چاہیے۔</p><p style=""margin-left:0;margin-right:0;text-align:justify;"">شیر بن خالد، محمد، شعبہ، سلیمان، عبداللہ بن مرہ، مسروق عبداللہ بن عمرو نبی صلی اللہ علیہ وآلہ وسلم سے روایت کرتے ہیں: آپ صلی اللہ علیہ وآلہ وسلم نے فرمایا :جس شخص میں چار باتیں ہوں گی، وہ منافق ہوگا یا جس شخص میں ان چاروں میں سے کوئی خصلت ہو گی، تو اس میں نفاق کی خصلت ہو گی، یہاں تک کہ وہ اسے چھوڑ دے، جب وہ گفتگو کرے تو جھوٹ بولے، جب وعدہ کرے تو اس کے خلاف کرے، اور جب معاہدہ کرے تو بے وفائی کرے، اور جب جھگڑا کرے تو بد زبانی کرے۔ (صحیح بخاری:جلد اول:حدیث نمبر 2297 حدیث مرفوع) فقط واللہ اعلم</p></p><hr class=""big-hr""/><div class=""col-sm-6 col-md-6""><p class=""question_heading"" style=""color:#73161f"">فتویٰ نمبر : <a id=""fatwa_number"">143909201232</a></p></div><div class=""col-sm-6 col-md-6""><p style=""color:#73161f"">دارالافتاء :
                                جامعہ علوم اسلامیہ علامہ محمد یوسف بنوری ٹاؤن</p></div><hr class=""big-hr""/><div class=""col-sm-4 col-md-4""><div class=""tag""><a href=""https://www.banuri.edu.pk/questions/kitab/aqaed""><i class=""icon-docs-bold""></i> ایمان و عقائد</a></div></div><div class=""col-sm-4 col-md-4""><div class=""tag""><a href=""https://www.banuri.edu.pk/questions/bab/islami-aqaed""><i class=""icon-docs-bold""></i> اسلامی عقائد</a></div></div><div class=""col-sm-4 col-md-4""><div class=""tag""><a href=""https://www.banuri.edu.pk/questions/fasal/zat-o-sifat-0-asmae-bari-taala""><i class=""icon-docs-bold""></i> ذات و صفات و اسماء باری تعالیٰ</a></div></div></div>"
