link,title,question_html,answer_html,issued_at,fatwa_number,dar_ul_ifta,category_lvl_1,category_lvl_2,category_lvl_3,html_container
https://www.banuri.edu.pk/readquestion/muahammad-ashar-nam-rakhna-kisa-hy-144406102273/22-01-2023,محمد اشعر نام رکھنا کیساہے؟,"<p><p style=""text-align:justify;"">محمد اشعر نام رکھنا کیساہے؟</p></p>","<p><p style=""text-align:justify;"">""اشعر"" کا معنٰی ہے : ""بڑا شاعر"" اور""زیادہ اور لمبے بالوں والا شخص""، نیز یہ صحابی رسول حضرت خالد بن خلیف رضی اللہ عنہ کا لقب بھی ہے اور حضرت ابوموسٰی اشعری رضی اللہ عنہ کے قبیلہ کا نام بھی ہے، لہٰذا محمد اشعر نام رکھنا جائز ہے۔</p><p style=""text-align:justify;"">الطبقات الکبرٰی  میں ہے:</p><p class=""indent"" style=""text-align:justify;""><span class=""ar_writing"">""‌‌خالد الأشعر بن خليف بن منقذ بن ربيعة بن أصرم بن ضبيس بن حرام بن حبشية بن كعب بن عمرو وهو جد حزام بن هشام بن خالد الكعبي الذي روى عنه محمد بن عمر ، وعبد الله بن مسلمة بن قعنب ، وأبو النضر هاشم بن القاسم، وكان حزام ينزل قديدا. وأسلم خالد الأشعر قبل فتح مكة ، وشهد مع رسول الله صلى الله عليه وسلم الفتح ، فسلك هو وكرز بن جابر غير طريق رسول الله صلى الله عليه وسلم التي دخل منها مكة فأخطأ الطريق ولقيتهما خيل المشركين فقتلا شهيدين.""</span></p><p class=""indent"" style=""text-align:left;""><span class=""ar_writing"">(الطبقة الثانية من المهاجرين والأنصار ممن لم يشهد بدرا ولهم إسلام قديم، خالد الأشعر بن خليف، 293/4، ط: دار صادر)</span></p><p style=""text-align:justify;"">لسان العرب میں ہے:</p><p class=""indent"" style=""text-align:justify;""><span class=""ar_writing"">""وأشعر: قبيلة من العرب، منهم أبو موسى الأشعري.""</span></p><p class=""indent"" style=""text-align:left;""><span class=""ar_writing"">(حرف الراء، فصل: الشين المعجمة، 416/4، ط: دار صادر)</span></p><p style=""text-align:justify;"">وفیہ ایضًا:</p><p class=""indent"" style=""text-align:justify;""><span class=""ar_writing"">""فدخل رجل أشعر: أي كثير الشعر ،طويله.""</span></p><p class=""indent"" style=""text-align:left;""><span class=""ar_writing"">(حرف الراء، فصل: الشين المعجمة، 411/4، ط: دار صادر)</span></p><p style=""text-align:justify;"">وفیہ ایضًا:</p><p class=""indent"" style=""text-align:justify;""><span class=""ar_writing"">""شاعره فشعره يشعره، بالفتح، أي كان أشعر منه وغلبه.""</span></p><p class=""indent"" style=""text-align:left;""><span class=""ar_writing"">(حرف الراء، فصل: الشين المعجمة، 410/4، ط: دار صادر)</span></p><p style=""text-align:justify;"">مصباح اللغات میں ہے:</p><p class=""indent"" style=""text-align:justify;"">""الاشعر: بہت اور لمبے بال والا۔""</p><p class=""indent"" style=""text-align:left;"">(حرف شین، شعر، ص: 436، ط: قدیمی کتب خانہ)</p><p class=""indent"" style=""text-align:left;"">فقط واللہ اعلم</p></p><hr class=""big-hr""/>",22-01-2023,144406102273,banuri.edu.pk,حظر و اباحت,نام، لقب، کنیت,ناموں کے معانی اور احکام,"<div class=""col-md-12 sawal-jawab""><h3 class=""question_heading"">سوال</h3><p><p style=""text-align:justify;"">محمد اشعر نام رکھنا کیساہے؟</p></p><h4 class=""question_heading"">جواب</h4><p><p style=""text-align:justify;"">""اشعر"" کا معنٰی ہے : ""بڑا شاعر"" اور""زیادہ اور لمبے بالوں والا شخص""، نیز یہ صحابی رسول حضرت خالد بن خلیف رضی اللہ عنہ کا لقب بھی ہے اور حضرت ابوموسٰی اشعری رضی اللہ عنہ کے قبیلہ کا نام بھی ہے، لہٰذا محمد اشعر نام رکھنا جائز ہے۔</p><p style=""text-align:justify;"">الطبقات الکبرٰی  میں ہے:</p><p class=""indent"" style=""text-align:justify;""><span class=""ar_writing"">""‌‌خالد الأشعر بن خليف بن منقذ بن ربيعة بن أصرم بن ضبيس بن حرام بن حبشية بن كعب بن عمرو وهو جد حزام بن هشام بن خالد الكعبي الذي روى عنه محمد بن عمر ، وعبد الله بن مسلمة بن قعنب ، وأبو النضر هاشم بن القاسم، وكان حزام ينزل قديدا. وأسلم خالد الأشعر قبل فتح مكة ، وشهد مع رسول الله صلى الله عليه وسلم الفتح ، فسلك هو وكرز بن جابر غير طريق رسول الله صلى الله عليه وسلم التي دخل منها مكة فأخطأ الطريق ولقيتهما خيل المشركين فقتلا شهيدين.""</span></p><p class=""indent"" style=""text-align:left;""><span class=""ar_writing"">(الطبقة الثانية من المهاجرين والأنصار ممن لم يشهد بدرا ولهم إسلام قديم، خالد الأشعر بن خليف، 293/4، ط: دار صادر)</span></p><p style=""text-align:justify;"">لسان العرب میں ہے:</p><p class=""indent"" style=""text-align:justify;""><span class=""ar_writing"">""وأشعر: قبيلة من العرب، منهم أبو موسى الأشعري.""</span></p><p class=""indent"" style=""text-align:left;""><span class=""ar_writing"">(حرف الراء، فصل: الشين المعجمة، 416/4، ط: دار صادر)</span></p><p style=""text-align:justify;"">وفیہ ایضًا:</p><p class=""indent"" style=""text-align:justify;""><span class=""ar_writing"">""فدخل رجل أشعر: أي كثير الشعر ،طويله.""</span></p><p class=""indent"" style=""text-align:left;""><span class=""ar_writing"">(حرف الراء، فصل: الشين المعجمة، 411/4، ط: دار صادر)</span></p><p style=""text-align:justify;"">وفیہ ایضًا:</p><p class=""indent"" style=""text-align:justify;""><span class=""ar_writing"">""شاعره فشعره يشعره، بالفتح، أي كان أشعر منه وغلبه.""</span></p><p class=""indent"" style=""text-align:left;""><span class=""ar_writing"">(حرف الراء، فصل: الشين المعجمة، 410/4، ط: دار صادر)</span></p><p style=""text-align:justify;"">مصباح اللغات میں ہے:</p><p class=""indent"" style=""text-align:justify;"">""الاشعر: بہت اور لمبے بال والا۔""</p><p class=""indent"" style=""text-align:left;"">(حرف شین، شعر، ص: 436، ط: قدیمی کتب خانہ)</p><p class=""indent"" style=""text-align:left;"">فقط واللہ اعلم</p></p><hr class=""big-hr""/><div class=""col-sm-6 col-md-6""><p class=""question_heading"" style=""color:#73161f"">فتویٰ نمبر : <a id=""fatwa_number"">144406102273</a></p></div><div class=""col-sm-6 col-md-6""><p style=""color:#73161f"">دارالافتاء :
                                جامعہ علوم اسلامیہ علامہ محمد یوسف بنوری ٹاؤن</p></div><hr class=""big-hr""/><div class=""col-sm-4 col-md-4""><div class=""tag""><a href=""https://www.banuri.edu.pk/questions/kitab/mamnooaat-mubahat""><i class=""icon-docs-bold""></i> حظر و اباحت</a></div></div><div class=""col-sm-4 col-md-4""><div class=""tag""><a href=""https://www.banuri.edu.pk/questions/bab/asaami""><i class=""icon-docs-bold""></i> نام، لقب، کنیت</a></div></div><div class=""col-sm-4 col-md-4""><div class=""tag""><a href=""https://www.banuri.edu.pk/questions/fasal/namoun-ke-mani-or-ahkaam""><i class=""icon-docs-bold""></i> ناموں کے معانی اور احکام</a></div></div></div>"
https://www.banuri.edu.pk/readquestion/keia-baghal-k-bal-pak-hain-144406101353/10-01-2023,کیا بغل کے بال پاک ہیں؟,"<p><p style=""text-align:justify;"">بغل کے بال پاک ہیں،یا ناپاک؟ </p></p>","<p><p style=""text-align:justify;"">واضح رہے کہ انسان کے سارے بال پاک ہیں،بشرط یہ کہ ان پر کوئی نجاست نہ لگی ہو،صورتِ مسئولہ میں اگر بغل کے بال کاٹ دیے جائیں،یا منڈوائےجائیں تو وہ پاک ہیں، البتہ اگر بالوں کو اکھاڑا جائے اور ان کی جڑوں پر دسومت ( تری )  لگی ہوئی ہو، تو یہ سرا ناپاک شمار ہوگا۔</p><p style=""text-align:justify;"">فتاویٰ عالمگیری میں ہے:</p><p class=""indent"" style=""text-align:justify;""><span class=""ar_writing"">""شعر الميتة وعظمها طاهران وكذا العصب والحافر والخف والظلف والقرن والصوف والوبر والريش والسن والمنقار والمخلب وكذا ‌شعر ‌الإنسان وعظمه وهو الصحيح. هكذا في الاختيار شرح المختار هذا إذا كان الشعر محلوقا أو مجزوزا أما إذا كان منتوفا فإنه يكون نجسا.""</span></p><p class=""indent"" style=""text-align:left;""><span class=""ar_writing"">(كتاب الطهارة،الباب الأول في الوضوء،الفصل الثاني فيما لا يجوز به التوضؤ،ج:1،ص:24،ط:رشيديه)</span></p><p style=""text-align:justify;"">فتاویٰ شامی میں ہے:</p><p class=""indent"" style=""text-align:justify;""><span class=""ar_writing"">""(قوله وشعر الإنسان) المراد به ما أبين منه حيا وإلا فطهارة ما على الإنسان مستغنية عن البيان وطهارة الميت مدرجة في بيان الميتة كذا نقل عن حواشي عصام، والأولى إسقاط حيا. وعن محمد في نجاسة شعر الآدمي وظفره وعظمه روايتان والصحيح الطهارة سراج (قوله غير المنتوف) أما المنتوف فنجس بحر، والمراد رءوسه التي فيها الدسومة.أقول: وعليه فما يبقى بين أسنان المشط ينجس الماء القليل إذا بل فيه وقت التسريح، لكن يؤخذ من المسألة الآتية كما قال ط أن ما خرج من الجلد مع الشعر إن لم يبلغ مقدار الظفر لا يفسد الماء تأمل.""</span></p><p class=""indent"" style=""text-align:left;""><span class=""ar_writing"">(‌‌‌‌كتاب الطهارة،باب المياه،ج:1،ص:207،ط:سعيد )</span></p><p class=""indent"" style=""text-align:left;""><span class=""ar_writing"">فقط والله اعلم</span></p></p><hr class=""big-hr""/>",10-01-2023,144406101353,banuri.edu.pk,طہارت,پانی کے احکام,پانی کے متفرق احکام,"<div class=""col-md-12 sawal-jawab""><h3 class=""question_heading"">سوال</h3><p><p style=""text-align:justify;"">بغل کے بال پاک ہیں،یا ناپاک؟ </p></p><h4 class=""question_heading"">جواب</h4><p><p style=""text-align:justify;"">واضح رہے کہ انسان کے سارے بال پاک ہیں،بشرط یہ کہ ان پر کوئی نجاست نہ لگی ہو،صورتِ مسئولہ میں اگر بغل کے بال کاٹ دیے جائیں،یا منڈوائےجائیں تو وہ پاک ہیں، البتہ اگر بالوں کو اکھاڑا جائے اور ان کی جڑوں پر دسومت ( تری )  لگی ہوئی ہو، تو یہ سرا ناپاک شمار ہوگا۔</p><p style=""text-align:justify;"">فتاویٰ عالمگیری میں ہے:</p><p class=""indent"" style=""text-align:justify;""><span class=""ar_writing"">""شعر الميتة وعظمها طاهران وكذا العصب والحافر والخف والظلف والقرن والصوف والوبر والريش والسن والمنقار والمخلب وكذا ‌شعر ‌الإنسان وعظمه وهو الصحيح. هكذا في الاختيار شرح المختار هذا إذا كان الشعر محلوقا أو مجزوزا أما إذا كان منتوفا فإنه يكون نجسا.""</span></p><p class=""indent"" style=""text-align:left;""><span class=""ar_writing"">(كتاب الطهارة،الباب الأول في الوضوء،الفصل الثاني فيما لا يجوز به التوضؤ،ج:1،ص:24،ط:رشيديه)</span></p><p style=""text-align:justify;"">فتاویٰ شامی میں ہے:</p><p class=""indent"" style=""text-align:justify;""><span class=""ar_writing"">""(قوله وشعر الإنسان) المراد به ما أبين منه حيا وإلا فطهارة ما على الإنسان مستغنية عن البيان وطهارة الميت مدرجة في بيان الميتة كذا نقل عن حواشي عصام، والأولى إسقاط حيا. وعن محمد في نجاسة شعر الآدمي وظفره وعظمه روايتان والصحيح الطهارة سراج (قوله غير المنتوف) أما المنتوف فنجس بحر، والمراد رءوسه التي فيها الدسومة.أقول: وعليه فما يبقى بين أسنان المشط ينجس الماء القليل إذا بل فيه وقت التسريح، لكن يؤخذ من المسألة الآتية كما قال ط أن ما خرج من الجلد مع الشعر إن لم يبلغ مقدار الظفر لا يفسد الماء تأمل.""</span></p><p class=""indent"" style=""text-align:left;""><span class=""ar_writing"">(‌‌‌‌كتاب الطهارة،باب المياه،ج:1،ص:207،ط:سعيد )</span></p><p class=""indent"" style=""text-align:left;""><span class=""ar_writing"">فقط والله اعلم</span></p></p><hr class=""big-hr""/><div class=""col-sm-6 col-md-6""><p class=""question_heading"" style=""color:#73161f"">فتویٰ نمبر : <a id=""fatwa_number"">144406101353</a></p></div><div class=""col-sm-6 col-md-6""><p style=""color:#73161f"">دارالافتاء :
                                جامعہ علوم اسلامیہ علامہ محمد یوسف بنوری ٹاؤن</p></div><hr class=""big-hr""/><div class=""col-sm-4 col-md-4""><div class=""tag""><a href=""https://www.banuri.edu.pk/questions/kitab/taharat""><i class=""icon-docs-bold""></i> طہارت</a></div></div><div class=""col-sm-4 col-md-4""><div class=""tag""><a href=""https://www.banuri.edu.pk/questions/bab/pani-k-ahkam""><i class=""icon-docs-bold""></i> پانی کے احکام</a></div></div><div class=""col-sm-4 col-md-4""><div class=""tag""><a href=""https://www.banuri.edu.pk/questions/fasal/pani-ke-mutafarriq-ahkaam""><i class=""icon-docs-bold""></i> پانی کے متفرق احکام</a></div></div></div>"
https://www.banuri.edu.pk/readquestion/nabee-sallalho-ale-i-wasallam-ke-dastarkhan-ka-rang-144406100365/29-12-2022,نبی کریم صلی اللہ علیہ وسلم کے دسترخوان کا رنگ,"<p><p style=""text-align:justify;"">حضور صلی اللّٰہ علیہ وسلم کے دسترخوان مبارک کا رنگ کیسا تھا ؟کیا لال رنگ کا دسترخوان سنت ہے؟</p></p>","<p><p style=""text-align:justify;"">واضح رہے کہ احادیث میں نبی کریم صلی اللہ علیہ وسلم کے لباس،عمامہ ،اورجھنڈے کے رنگ کا تذکرہ آیاہے ،البتہ تلاش بسیارکے باوجود نبی کریم صلی اللہ علیہ وسلم کے دسترخوان کے رنگ کے بارے میں کوئی صریح نص یاجزئیہ نہیں ملا،لہذاجس رنگ کا بھی دسترخوان ہو(چاہے لال رنگ کا ہویااس کے علاوہ کا) استعمال کرناجائزہے ۔فقط واللہ اعلم </p></p><hr class=""big-hr""/>",29-12-2022,144406100365,banuri.edu.pk,حظر و اباحت,مطعومات و مشروبات,کھانے کے آداب وغیرہ,"<div class=""col-md-12 sawal-jawab""><h3 class=""question_heading"">سوال</h3><p><p style=""text-align:justify;"">حضور صلی اللّٰہ علیہ وسلم کے دسترخوان مبارک کا رنگ کیسا تھا ؟کیا لال رنگ کا دسترخوان سنت ہے؟</p></p><h4 class=""question_heading"">جواب</h4><p><p style=""text-align:justify;"">واضح رہے کہ احادیث میں نبی کریم صلی اللہ علیہ وسلم کے لباس،عمامہ ،اورجھنڈے کے رنگ کا تذکرہ آیاہے ،البتہ تلاش بسیارکے باوجود نبی کریم صلی اللہ علیہ وسلم کے دسترخوان کے رنگ کے بارے میں کوئی صریح نص یاجزئیہ نہیں ملا،لہذاجس رنگ کا بھی دسترخوان ہو(چاہے لال رنگ کا ہویااس کے علاوہ کا) استعمال کرناجائزہے ۔فقط واللہ اعلم </p></p><hr class=""big-hr""/><div class=""col-sm-6 col-md-6""><p class=""question_heading"" style=""color:#73161f"">فتویٰ نمبر : <a id=""fatwa_number"">144406100365</a></p></div><div class=""col-sm-6 col-md-6""><p style=""color:#73161f"">دارالافتاء :
                                جامعہ علوم اسلامیہ علامہ محمد یوسف بنوری ٹاؤن</p></div><hr class=""big-hr""/><div class=""col-sm-4 col-md-4""><div class=""tag""><a href=""https://www.banuri.edu.pk/questions/kitab/mamnooaat-mubahat""><i class=""icon-docs-bold""></i> حظر و اباحت</a></div></div><div class=""col-sm-4 col-md-4""><div class=""tag""><a href=""https://www.banuri.edu.pk/questions/bab/matoomaat-o-mashroobaat""><i class=""icon-docs-bold""></i> مطعومات و مشروبات</a></div></div><div class=""col-sm-4 col-md-4""><div class=""tag""><a href=""https://www.banuri.edu.pk/questions/fasal/khaane-ke-aadaab-wagera""><i class=""icon-docs-bold""></i> کھانے کے آداب وغیرہ</a></div></div></div>"
https://www.banuri.edu.pk/readquestion/mobaile-fone-ke-zareae-nomolod-bache-ke-kan-me-azaan-dene-ka-hukam-144404101478/15-11-2022,موبائل فون کے ذریعے نومولود بچے کے کان میں اذا دینے کا حکم,"<p><p style=""text-align:justify;"">کیا بچے کے کان میں بذریعہ فون اذان دی جا سکتی ہے؟</p></p>","<p><p style=""text-align:justify;"">واضح رہے کہ بچے کی پیدائش کے بعد اس کے دائیں کان میں اذان اور بائیں کان میں اقامت کہنا مستحب ہے، اوربچے کے کان میں اذان دینے کا سنت اور متوارث طریقہ  یہ ہے کہ    جب بچہ پیدا ہو تو نہلانے کے بعد بچہ کو اپنے ہاتھوں پر اٹھائیں  اور قبلہ رُخ ہوکر  پہلے بچے کے دائیں کان میں اذان اور پھر  بائیں کان میں اقامت کہیں ، ""حي علی الصلاة"" اور  ""حي علی الفلاح"" کہتے ہوئے دائیں بائیں چہرہ بھی پھیریں، البتہ دورانِ اذان کانوں میں انگلیاں ڈالنے کی ضرورت نہیں، کیونکہ کانوں میں انگلیاں ڈالنا مستحب ہے۔</p><p style=""text-align:justify;"">بچے کے کان میں اذان دینے کا سنت اور متوارث طریقہ  یہی ہے، اور عبادات کے باب میں احتیاط کا تقاضہ یہی ہے کہ حتی الامکان اس کی اصل شکل کو باقی رکھا جائے، چنانچہ موبائل فون کال کے ذریعہ بچہ کے کان میں اذان دینے سے یہ سنت طریقہ جو نسل در نسل چلا آرہا ہے فوت ہوجائے گا، اس لیے اس کی اجازت نہیں دی جاسکتی ہے، اگر کسی شدیدعذر  کی وجہ سے بچے کے کان میں براہِ راست فوری طور پر اذان نہ دی جاسکتی ہو تو موبائل فون کال کے ذریعہ اذان دینے کے بجائے عذر کے زائل ہونے کا انتظار کرلیا جائے اور عذر زائل ہوتے ہی براہِ راست بچے کے کان میں اذان دے دی جائے، اس لیے کہ جو برکت اور اثرات براہِ راست بچے کے کان میں اذان دینے میں ہے وہ موبائل فون کال کے ذریعہ اذان دینے میں نہیں ہے۔</p><p style=""text-align:justify;"">فتاوی شامی میں ہے:</p><p class=""indent"" style=""text-align:justify;""><span class=""ar_writing"">""(لا) يسن (لغيرها) كعيد.</span></p><p class=""indent"" style=""text-align:justify;""><span class=""ar_writing""> (قوله: لا يسن لغيرها) أي من الصلوات وإلا فيندب للمولود. وفي حاشية البحر الرملي: رأيت في كتب الشافعية أنه قد يسن الأذان لغير الصلاة، كما في أذان المولود، والمهموم...""الخ</span></p><p class=""indent"" style=""text-align:left;""><span class=""ar_writing"">(کتاب الصلاۃ، باب الاذان، ج:1، ص:385، ط:سعید)</span></p><p style=""text-align:justify;"">وفيہ ایضاً:</p><p class=""indent"" style=""text-align:justify;""><span class=""ar_writing"">""(ويلتفت فيه) وكذا فيها مطلقاً، وقيل: إن المحل متسعاً (يميناً ويساراً) فقط؛ لئلايستدبر القبلة (بصلاة وفلاح) ولو وحده أو لمولود؛ لأنه سنة الأذان مطلقاً.</span></p><p class=""indent"" style=""text-align:justify;""><span class=""ar_writing""> (قوله: ولو وحده إلخ) أشار به إلى رد قول الحلواني: إنه لايلتفت لعدم الحاجة إليه ح. وفي البحر عن السراج: أنه من سنن الأذان، فلايخل المنفرد بشيء منها، حتى قالوا في الذي يؤذن للمولود: ينبغي أن يحول. (قوله: مطلقاً) للمنفرد وغيره والمولود وغيره ط"".</span></p><p class=""indent"" style=""text-align:left;""><span class=""ar_writing"">(کتاب الصلاۃ، باب الأذان، ج:1، ص:387، ط:سعید)</span></p><p style=""text-align:justify;"">فتاوی شامی میں ہے:</p><p class=""indent"" style=""text-align:justify;""><span class=""ar_writing"">""(ويجعل) ندبًا (أصبعيه في) صماخ (أذنيه) فأذانه بدونه حسن، وبه أحسن.</span><br/><span class=""ar_writing"">(قوله: ويجعل أصبعيه إلخ) لقوله صلى الله عليه وسلم لبلال - رضي الله عنه - «اجعل أصبعيك في أذنيك فإنه أرفع لصوتك» وإن جعل يديه على أذنيه فحسن؛ لأن أبا محذورة -رضي الله عنه - ضم أصابعه الأربعة ووضعها على أذنيه وكذا إحدى يديه على ما روي عن الإمام إمداد وقهستاني عن التحفة.</span><br/><span class=""ar_writing"">(قوله: فأذانه إلخ) تفريع على قوله ندبا. قال في البحر: والأمر أي في الحديث المذكور للندب بقرينة التعليل، فلذا لو لم يفعل كان حسنًا.</span><br/><span class=""ar_writing"">فإن قيل: ترك السنة فكيف يكون حسنا؟ . قلنا: إن الأذان معه أحسن، فإذا تركه بقي الأذان حسنا كذا في الكافي اهـ فافهم"".</span></p><p class=""indent"" style=""text-align:left;""><span class=""ar_writing"">(كتاب الصلاة، باب الأذان، ج:1، ص:388، ط:سعيد)</span></p><p class=""indent"" style=""text-align:left;""><span class=""ar_writing"">  فقط والله أعلم</span></p></p><hr class=""big-hr""/>",15-11-2022,144404101478,banuri.edu.pk,حقوق و آدابِ معاشرت,حقوق,اولاد کے حقوق,"<div class=""col-md-12 sawal-jawab""><h3 class=""question_heading"">سوال</h3><p><p style=""text-align:justify;"">کیا بچے کے کان میں بذریعہ فون اذان دی جا سکتی ہے؟</p></p><h4 class=""question_heading"">جواب</h4><p><p style=""text-align:justify;"">واضح رہے کہ بچے کی پیدائش کے بعد اس کے دائیں کان میں اذان اور بائیں کان میں اقامت کہنا مستحب ہے، اوربچے کے کان میں اذان دینے کا سنت اور متوارث طریقہ  یہ ہے کہ    جب بچہ پیدا ہو تو نہلانے کے بعد بچہ کو اپنے ہاتھوں پر اٹھائیں  اور قبلہ رُخ ہوکر  پہلے بچے کے دائیں کان میں اذان اور پھر  بائیں کان میں اقامت کہیں ، ""حي علی الصلاة"" اور  ""حي علی الفلاح"" کہتے ہوئے دائیں بائیں چہرہ بھی پھیریں، البتہ دورانِ اذان کانوں میں انگلیاں ڈالنے کی ضرورت نہیں، کیونکہ کانوں میں انگلیاں ڈالنا مستحب ہے۔</p><p style=""text-align:justify;"">بچے کے کان میں اذان دینے کا سنت اور متوارث طریقہ  یہی ہے، اور عبادات کے باب میں احتیاط کا تقاضہ یہی ہے کہ حتی الامکان اس کی اصل شکل کو باقی رکھا جائے، چنانچہ موبائل فون کال کے ذریعہ بچہ کے کان میں اذان دینے سے یہ سنت طریقہ جو نسل در نسل چلا آرہا ہے فوت ہوجائے گا، اس لیے اس کی اجازت نہیں دی جاسکتی ہے، اگر کسی شدیدعذر  کی وجہ سے بچے کے کان میں براہِ راست فوری طور پر اذان نہ دی جاسکتی ہو تو موبائل فون کال کے ذریعہ اذان دینے کے بجائے عذر کے زائل ہونے کا انتظار کرلیا جائے اور عذر زائل ہوتے ہی براہِ راست بچے کے کان میں اذان دے دی جائے، اس لیے کہ جو برکت اور اثرات براہِ راست بچے کے کان میں اذان دینے میں ہے وہ موبائل فون کال کے ذریعہ اذان دینے میں نہیں ہے۔</p><p style=""text-align:justify;"">فتاوی شامی میں ہے:</p><p class=""indent"" style=""text-align:justify;""><span class=""ar_writing"">""(لا) يسن (لغيرها) كعيد.</span></p><p class=""indent"" style=""text-align:justify;""><span class=""ar_writing""> (قوله: لا يسن لغيرها) أي من الصلوات وإلا فيندب للمولود. وفي حاشية البحر الرملي: رأيت في كتب الشافعية أنه قد يسن الأذان لغير الصلاة، كما في أذان المولود، والمهموم...""الخ</span></p><p class=""indent"" style=""text-align:left;""><span class=""ar_writing"">(کتاب الصلاۃ، باب الاذان، ج:1، ص:385، ط:سعید)</span></p><p style=""text-align:justify;"">وفيہ ایضاً:</p><p class=""indent"" style=""text-align:justify;""><span class=""ar_writing"">""(ويلتفت فيه) وكذا فيها مطلقاً، وقيل: إن المحل متسعاً (يميناً ويساراً) فقط؛ لئلايستدبر القبلة (بصلاة وفلاح) ولو وحده أو لمولود؛ لأنه سنة الأذان مطلقاً.</span></p><p class=""indent"" style=""text-align:justify;""><span class=""ar_writing""> (قوله: ولو وحده إلخ) أشار به إلى رد قول الحلواني: إنه لايلتفت لعدم الحاجة إليه ح. وفي البحر عن السراج: أنه من سنن الأذان، فلايخل المنفرد بشيء منها، حتى قالوا في الذي يؤذن للمولود: ينبغي أن يحول. (قوله: مطلقاً) للمنفرد وغيره والمولود وغيره ط"".</span></p><p class=""indent"" style=""text-align:left;""><span class=""ar_writing"">(کتاب الصلاۃ، باب الأذان، ج:1، ص:387، ط:سعید)</span></p><p style=""text-align:justify;"">فتاوی شامی میں ہے:</p><p class=""indent"" style=""text-align:justify;""><span class=""ar_writing"">""(ويجعل) ندبًا (أصبعيه في) صماخ (أذنيه) فأذانه بدونه حسن، وبه أحسن.</span><br/><span class=""ar_writing"">(قوله: ويجعل أصبعيه إلخ) لقوله صلى الله عليه وسلم لبلال - رضي الله عنه - «اجعل أصبعيك في أذنيك فإنه أرفع لصوتك» وإن جعل يديه على أذنيه فحسن؛ لأن أبا محذورة -رضي الله عنه - ضم أصابعه الأربعة ووضعها على أذنيه وكذا إحدى يديه على ما روي عن الإمام إمداد وقهستاني عن التحفة.</span><br/><span class=""ar_writing"">(قوله: فأذانه إلخ) تفريع على قوله ندبا. قال في البحر: والأمر أي في الحديث المذكور للندب بقرينة التعليل، فلذا لو لم يفعل كان حسنًا.</span><br/><span class=""ar_writing"">فإن قيل: ترك السنة فكيف يكون حسنا؟ . قلنا: إن الأذان معه أحسن، فإذا تركه بقي الأذان حسنا كذا في الكافي اهـ فافهم"".</span></p><p class=""indent"" style=""text-align:left;""><span class=""ar_writing"">(كتاب الصلاة، باب الأذان، ج:1، ص:388، ط:سعيد)</span></p><p class=""indent"" style=""text-align:left;""><span class=""ar_writing"">  فقط والله أعلم</span></p></p><hr class=""big-hr""/><div class=""col-sm-6 col-md-6""><p class=""question_heading"" style=""color:#73161f"">فتویٰ نمبر : <a id=""fatwa_number"">144404101478</a></p></div><div class=""col-sm-6 col-md-6""><p style=""color:#73161f"">دارالافتاء :
                                جامعہ علوم اسلامیہ علامہ محمد یوسف بنوری ٹاؤن</p></div><hr class=""big-hr""/><div class=""col-sm-4 col-md-4""><div class=""tag""><a href=""https://www.banuri.edu.pk/questions/kitab/huqooq-muashret""><i class=""icon-docs-bold""></i> حقوق و آدابِ معاشرت</a></div></div><div class=""col-sm-4 col-md-4""><div class=""tag""><a href=""https://www.banuri.edu.pk/questions/bab/bahmi-huqooq""><i class=""icon-docs-bold""></i> حقوق</a></div></div><div class=""col-sm-4 col-md-4""><div class=""tag""><a href=""https://www.banuri.edu.pk/questions/fasal/olad-ky-hoqoq""><i class=""icon-docs-bold""></i> اولاد کے حقوق</a></div></div></div>"
https://www.banuri.edu.pk/readquestion/aesy-gas-station-mein-kaam-krna-kesa-hai-jahan-sharab-bhi-bechi-jati-ho-144406101375/10-01-2023,ایسے گیس اسٹیشن میں کام کرنا کیسا ہے جہاں شراب بھی بیچی جاتی ہو؟,"<p><p style=""text-align:justify;"">امریکا میں ایک گیس اسٹیشن جس میں شراب بھی بیچی جاتی ہے، لیکن اس کی آمدن کا زیادہ حصہ شراب نہیں، بلکہ گیس ہے، تو کیا اس میں ملازمت کرنا جائز ہے؟</p></p>","<p><p style=""text-align:justify;"">صورتِ مسئولہ میں اگر واقعۃً مذکورہ گیس اسٹیشن کی آمدن کا اکثر حصہ گیس  کا ہے، نہ کہ شراب کا، تو اس میں ملازمت کرنا جائز ہے اور اس سے حاصل شدہ تنخواہ بھی حلال ہے بشرطیکہ مسلمان ملازم اس بات کا خیال رکھے کہ وہ نہ شراب کو بیچے، نہ پیش کرے، نہ منتقل کرے اور نہ اس کو اٹھا کر حوالے کرے، اس لیے کہ حدیث میں ایسے شخص پر لعنت آئی ہے، مسلمان ملازم کو چاہیے کہ وہ گیس اسٹیشن کے مالک یا دیگر ملازمین کو بتا دے کہ وہ شراب سے متعلق کسی بھی قسم کی معاونت کرنے کا مجاز نہیں ہے، نیز یہ واضح رہے کہ ایک مسلمان کے لیے ایسی جگہ پر ملازمت اختیار کرنا جہاں شراب بیچی جاتی ہو، مناسب نہیں ہے، لہٰذا اس سے اجتناب کرنا اولیٰ ہے۔</p><p style=""text-align:justify;"">مشکاۃ المصابیح میں ہے:</p><p class=""indent"" style=""text-align:justify;""><span class=""ar_writing"">""وعن ابن عمر قال: قال رسول الله صلى الله عليه وسلم: «‌لعن ‌الله ‌الخمر وشاربها وساقيها وبائعها ومبتاعها وعاصرها ومعتصرها وحاملها والمحمولة إليه». رواه أبو داود وابن ماجه.""</span></p><p class=""indent"" style=""text-align:left;""><span class=""ar_writing"">(كتاب البيوع، باب الكسب وطلب الحلال، ج: 2، ص: 846، ط: المكتب الإسلامي بيروت)</span></p><p class=""indent"" style=""text-align:justify;""><span class=""ur_writing"">ترجمہ:’’حضرت عبد اللہ ابن عمر رضی اللہ عنہما سے روایت ہے کہ جناب رسول اللہ صلی اللہ علیہ وسلم نے فرمایا کہ اللہ تعالیٰ نے شراب پر لعنت فرمائی، اسی طرح اس کے پینے، پلانے اور فروخت کرنے والے اور اس کے خریدار اور نچوڑنے والے اور اس کے اٹھانے والے اور جس کے لیے اٹھائی جائے ان سب پر لعنت فرمائی ہے۔‘‘ (مظاہرِ حق)</span></p><p><span class=""ar_writing"">الفقه الإسلامي وأدلته </span>میں ہے:</p><p class=""indent"" style=""text-align:justify;""><span class=""ar_writing"">""يجوز أخذ المسلم دينه على كافر، من ثمن خمر، أو خنزير، لصحة بيعهما من الكافر لغيره؛ لأنهما مال متقوم في حقه، بخلاف الدين على مسلم، لا يصح أخذه من ثمن خمر أو خنزير، لعدم صحة البيع، لكن أجاز أبو حنيفة خلافاً لصاحبيه أن يوكل المسلم ذمياً في بيع الخمر. وكذلك لا يجوز استيفاء الدين من كسب حرام كالمرابي والمرتشي والغصب والسارق والمغنية.""</span></p><p class=""indent"" style=""text-align:left;""><span class=""ar_writing"">(بيع العنب للخمار، ج: 4، ص: 233، ط: دار الفكر)</span></p><p class=""indent"" style=""text-align:left;""><span class=""ar_writing"">فقط واللہ أعلم</span></p></p><hr class=""big-hr""/>",10-01-2023,144406101375,banuri.edu.pk,معاملات,ملازمت,جائز اور ناجائز ملازمت,"<div class=""col-md-12 sawal-jawab""><h3 class=""question_heading"">سوال</h3><p><p style=""text-align:justify;"">امریکا میں ایک گیس اسٹیشن جس میں شراب بھی بیچی جاتی ہے، لیکن اس کی آمدن کا زیادہ حصہ شراب نہیں، بلکہ گیس ہے، تو کیا اس میں ملازمت کرنا جائز ہے؟</p></p><h4 class=""question_heading"">جواب</h4><p><p style=""text-align:justify;"">صورتِ مسئولہ میں اگر واقعۃً مذکورہ گیس اسٹیشن کی آمدن کا اکثر حصہ گیس  کا ہے، نہ کہ شراب کا، تو اس میں ملازمت کرنا جائز ہے اور اس سے حاصل شدہ تنخواہ بھی حلال ہے بشرطیکہ مسلمان ملازم اس بات کا خیال رکھے کہ وہ نہ شراب کو بیچے، نہ پیش کرے، نہ منتقل کرے اور نہ اس کو اٹھا کر حوالے کرے، اس لیے کہ حدیث میں ایسے شخص پر لعنت آئی ہے، مسلمان ملازم کو چاہیے کہ وہ گیس اسٹیشن کے مالک یا دیگر ملازمین کو بتا دے کہ وہ شراب سے متعلق کسی بھی قسم کی معاونت کرنے کا مجاز نہیں ہے، نیز یہ واضح رہے کہ ایک مسلمان کے لیے ایسی جگہ پر ملازمت اختیار کرنا جہاں شراب بیچی جاتی ہو، مناسب نہیں ہے، لہٰذا اس سے اجتناب کرنا اولیٰ ہے۔</p><p style=""text-align:justify;"">مشکاۃ المصابیح میں ہے:</p><p class=""indent"" style=""text-align:justify;""><span class=""ar_writing"">""وعن ابن عمر قال: قال رسول الله صلى الله عليه وسلم: «‌لعن ‌الله ‌الخمر وشاربها وساقيها وبائعها ومبتاعها وعاصرها ومعتصرها وحاملها والمحمولة إليه». رواه أبو داود وابن ماجه.""</span></p><p class=""indent"" style=""text-align:left;""><span class=""ar_writing"">(كتاب البيوع، باب الكسب وطلب الحلال، ج: 2، ص: 846، ط: المكتب الإسلامي بيروت)</span></p><p class=""indent"" style=""text-align:justify;""><span class=""ur_writing"">ترجمہ:’’حضرت عبد اللہ ابن عمر رضی اللہ عنہما سے روایت ہے کہ جناب رسول اللہ صلی اللہ علیہ وسلم نے فرمایا کہ اللہ تعالیٰ نے شراب پر لعنت فرمائی، اسی طرح اس کے پینے، پلانے اور فروخت کرنے والے اور اس کے خریدار اور نچوڑنے والے اور اس کے اٹھانے والے اور جس کے لیے اٹھائی جائے ان سب پر لعنت فرمائی ہے۔‘‘ (مظاہرِ حق)</span></p><p><span class=""ar_writing"">الفقه الإسلامي وأدلته </span>میں ہے:</p><p class=""indent"" style=""text-align:justify;""><span class=""ar_writing"">""يجوز أخذ المسلم دينه على كافر، من ثمن خمر، أو خنزير، لصحة بيعهما من الكافر لغيره؛ لأنهما مال متقوم في حقه، بخلاف الدين على مسلم، لا يصح أخذه من ثمن خمر أو خنزير، لعدم صحة البيع، لكن أجاز أبو حنيفة خلافاً لصاحبيه أن يوكل المسلم ذمياً في بيع الخمر. وكذلك لا يجوز استيفاء الدين من كسب حرام كالمرابي والمرتشي والغصب والسارق والمغنية.""</span></p><p class=""indent"" style=""text-align:left;""><span class=""ar_writing"">(بيع العنب للخمار، ج: 4، ص: 233، ط: دار الفكر)</span></p><p class=""indent"" style=""text-align:left;""><span class=""ar_writing"">فقط واللہ أعلم</span></p></p><hr class=""big-hr""/><div class=""col-sm-6 col-md-6""><p class=""question_heading"" style=""color:#73161f"">فتویٰ نمبر : <a id=""fatwa_number"">144406101375</a></p></div><div class=""col-sm-6 col-md-6""><p style=""color:#73161f"">دارالافتاء :
                                جامعہ علوم اسلامیہ علامہ محمد یوسف بنوری ٹاؤن</p></div><hr class=""big-hr""/><div class=""col-sm-4 col-md-4""><div class=""tag""><a href=""https://www.banuri.edu.pk/questions/kitab/muamlat""><i class=""icon-docs-bold""></i> معاملات</a></div></div><div class=""col-sm-4 col-md-4""><div class=""tag""><a href=""https://www.banuri.edu.pk/questions/bab/ملازمت""><i class=""icon-docs-bold""></i> ملازمت</a></div></div><div class=""col-sm-4 col-md-4""><div class=""tag""><a href=""https://www.banuri.edu.pk/questions/fasal/jaiz-aur-najaiz-mulazamat""><i class=""icon-docs-bold""></i> جائز اور ناجائز ملازمت</a></div></div></div>"
https://www.banuri.edu.pk/readquestion/hajj-sai-pehle-nafli-tawaf-144406100347/29-12-2022,حج سے پہلے نفلی طواف,"<p><p style=""text-align:justify;"">اگر میقات سے احرام باندھے اور  عمرہ ادا کرے اس کے بعد دوبارہ دوسرے راستے سے حرم شریف میں داخل ہو کر طواف کر سکتا ہے کہ نہیں؟ عمرہ کے نیت سےنہیں، ثواب کی نیت سے۔؟</p></p>","<p><p style=""text-align:justify;"">صورت مسئولہ میں  اس طرح كرنے سے شرعا كوئی محظور (ممانعت)يا دم  لازم نہيں ہوگا،البتہ بہتر یہ ہے کہ   پہلے حلق یا قصرکرکے عمرہ کے اعمال مکمل کرلیے جائیں ،حلق یاقصر  کرنے کے بعد اگر نفلی طواف کرنا چاہے تو کرسکتا ہے۔</p><p class=""indent""><span class=""ar_writing"">""واحكام احرامها كاحكام احرام الحج  من جميع الوجوه .""</span></p><p class=""indent"" style=""text-align:left;""><span class=""ar_writing"">(ارشاد الساري،باب العمرة،ص 652،ط:امداديه مكة المكرمة)</span></p><p class=""indent"" style=""text-align:left;""><span class=""ar_writing"">فقط والله اعلم</span></p></p><hr class=""big-hr""/>",29-12-2022,144406100347,banuri.edu.pk,حج,حج / عمرہ,عمرہ ، فرائض ، واجبات اور سنن,"<div class=""col-md-12 sawal-jawab""><h3 class=""question_heading"">سوال</h3><p><p style=""text-align:justify;"">اگر میقات سے احرام باندھے اور  عمرہ ادا کرے اس کے بعد دوبارہ دوسرے راستے سے حرم شریف میں داخل ہو کر طواف کر سکتا ہے کہ نہیں؟ عمرہ کے نیت سےنہیں، ثواب کی نیت سے۔؟</p></p><h4 class=""question_heading"">جواب</h4><p><p style=""text-align:justify;"">صورت مسئولہ میں  اس طرح كرنے سے شرعا كوئی محظور (ممانعت)يا دم  لازم نہيں ہوگا،البتہ بہتر یہ ہے کہ   پہلے حلق یا قصرکرکے عمرہ کے اعمال مکمل کرلیے جائیں ،حلق یاقصر  کرنے کے بعد اگر نفلی طواف کرنا چاہے تو کرسکتا ہے۔</p><p class=""indent""><span class=""ar_writing"">""واحكام احرامها كاحكام احرام الحج  من جميع الوجوه .""</span></p><p class=""indent"" style=""text-align:left;""><span class=""ar_writing"">(ارشاد الساري،باب العمرة،ص 652،ط:امداديه مكة المكرمة)</span></p><p class=""indent"" style=""text-align:left;""><span class=""ar_writing"">فقط والله اعلم</span></p></p><hr class=""big-hr""/><div class=""col-sm-6 col-md-6""><p class=""question_heading"" style=""color:#73161f"">فتویٰ نمبر : <a id=""fatwa_number"">144406100347</a></p></div><div class=""col-sm-6 col-md-6""><p style=""color:#73161f"">دارالافتاء :
                                جامعہ علوم اسلامیہ علامہ محمد یوسف بنوری ٹاؤن</p></div><hr class=""big-hr""/><div class=""col-sm-4 col-md-4""><div class=""tag""><a href=""https://www.banuri.edu.pk/questions/kitab/haj""><i class=""icon-docs-bold""></i> حج</a></div></div><div class=""col-sm-4 col-md-4""><div class=""tag""><a href=""https://www.banuri.edu.pk/questions/bab/hajj-umrah""><i class=""icon-docs-bold""></i> حج / عمرہ</a></div></div><div class=""col-sm-4 col-md-4""><div class=""tag""><a href=""https://www.banuri.edu.pk/questions/fasal/umrah-faraidh-wajibat-or-sunan""><i class=""icon-docs-bold""></i> عمرہ ، فرائض ، واجبات اور سنن</a></div></div></div>"
https://www.banuri.edu.pk/readquestion/sadqa-fitar-ki-miqdar-144406101778/16-01-2023,صدقہ فطر کی مقدار,"<p><p style=""text-align:justify;"">روپےکےحساب سےآج کےدورمیں صدقہ فطرکی مقدارکیاہے؟</p></p>","<p><p style=""text-align:justify;"">صدقہ فطر  میں چار  اجناس (گندم،جو،کھجور،کشمش)میں سے کسی ایک جنس  کا دینا یا اس کی مارکیٹ کی قیمت کادینا ضروری ہے، تفصیل مندرجہ ذیل ہے:</p><p style=""text-align:justify;"">1:گندم نصف صاع یعنی پونے دو کلو   تاہم احتیاطًا دو کلو یا اس کی متوسط  بازاری قیمت دینی  چاہیے۔</p><p style=""text-align:justify;"">2: جو ایک صاع یعنی تقریبًا ساڑھے تین کلو یا اس کی متوسط  بازاری قیمت ہے۔</p><p style=""text-align:justify;"">3:کھجور  ایک صاع یعنی تقریبًا  ساڑھے تین کلو یا اس کی متوسط  بازاری قیمت ہے۔</p><p style=""text-align:justify;"">4:کشمش ایک  صاع یعنی تقریبًا  ساڑھے تین کلو یا اس کی  بازاری قیمت ہے،نیزمذکورہ چار اجناس میں سے کسی ایک کی  بازاری قیمت فقیر کی حاجت پورا کرنے کے  لیے بطورِ صدقہ فطر   دینا زیادہ بہتر  اور  آخرت میں ثواب کا باعث ہے، نیز ملحوظ رہے کہ قیمت کے اعتبار سے صدقہ فطر اداکرتے وقت کی قیمت کااعتبار ہوتاہے،لہذا صدقہ فطر ادا کرتے وقت مارکیٹ سے قیمت معلوم کر لیں،اور حساب کر کے ادا کر لیں۔</p><p style=""text-align:justify;"">فتاوی ہندیہ میں ہے :</p><p class=""indent"" style=""text-align:justify;""><span class=""ar_writing"">""وانما تجب صدقة الفطر من اربعة اشیاء من الحنطة و الشعیر والتمر و الزبیب.""</span></p><p class=""indent"" dir=""rtl"" style=""text-align:left;""><span class=""ar_writing"">(باب صدقة الفطر، ج:1، ص:191، ط:مکتبة حقانیة)</span></p><p style=""text-align:justify;"">فتاوی ہندیہ میں ہے:</p><p class=""indent"" style=""text-align:justify;""><span class=""ar_writing"">""وھی نصف صاع من بر او صاع من شعیر او تمر.""</span></p><p class=""indent"" dir=""rtl"" style=""text-align:left;""><span class=""ar_writing"">(باب صدقة الفطر، ج:1، ص:191، ط:مکتبة حقانیة)</span></p><p dir=""rtl"">وفیہ ایضاً:</p><p class=""indent"" dir=""rtl"" style=""text-align:justify;""><span class=""ar_writing"">""ثم الدقيق أولى من البر، والدراهم أولى من الدقيق لدفع الحاجة، وما سواه من الحبوب لا يجوز إلا بالقيمة وذكر في الفتاوى أن أداء القيمة أفضل من عين المنصوص عليه وعليه الفتوى كذا في الجوهرة النيرة.""</span></p><p class=""indent"" dir=""rtl"" style=""text-align:left;""><span class=""ar_writing"">(كتاب الزكوة،الباب الثامن في الصدقة الفطر،ج:1،ص:191،ط:رشيديه)</span></p><p class=""indent"" dir=""rtl"" style=""text-align:left;""><span class=""ar_writing"">فقط واللہ اعلم</span></p></p><hr class=""big-hr""/>",16-01-2023,144406101778,banuri.edu.pk,زکات,صدقہ فطر,صدقہ فطر کی مقدار اور ثبوت,"<div class=""col-md-12 sawal-jawab""><h3 class=""question_heading"">سوال</h3><p><p style=""text-align:justify;"">روپےکےحساب سےآج کےدورمیں صدقہ فطرکی مقدارکیاہے؟</p></p><h4 class=""question_heading"">جواب</h4><p><p style=""text-align:justify;"">صدقہ فطر  میں چار  اجناس (گندم،جو،کھجور،کشمش)میں سے کسی ایک جنس  کا دینا یا اس کی مارکیٹ کی قیمت کادینا ضروری ہے، تفصیل مندرجہ ذیل ہے:</p><p style=""text-align:justify;"">1:گندم نصف صاع یعنی پونے دو کلو   تاہم احتیاطًا دو کلو یا اس کی متوسط  بازاری قیمت دینی  چاہیے۔</p><p style=""text-align:justify;"">2: جو ایک صاع یعنی تقریبًا ساڑھے تین کلو یا اس کی متوسط  بازاری قیمت ہے۔</p><p style=""text-align:justify;"">3:کھجور  ایک صاع یعنی تقریبًا  ساڑھے تین کلو یا اس کی متوسط  بازاری قیمت ہے۔</p><p style=""text-align:justify;"">4:کشمش ایک  صاع یعنی تقریبًا  ساڑھے تین کلو یا اس کی  بازاری قیمت ہے،نیزمذکورہ چار اجناس میں سے کسی ایک کی  بازاری قیمت فقیر کی حاجت پورا کرنے کے  لیے بطورِ صدقہ فطر   دینا زیادہ بہتر  اور  آخرت میں ثواب کا باعث ہے، نیز ملحوظ رہے کہ قیمت کے اعتبار سے صدقہ فطر اداکرتے وقت کی قیمت کااعتبار ہوتاہے،لہذا صدقہ فطر ادا کرتے وقت مارکیٹ سے قیمت معلوم کر لیں،اور حساب کر کے ادا کر لیں۔</p><p style=""text-align:justify;"">فتاوی ہندیہ میں ہے :</p><p class=""indent"" style=""text-align:justify;""><span class=""ar_writing"">""وانما تجب صدقة الفطر من اربعة اشیاء من الحنطة و الشعیر والتمر و الزبیب.""</span></p><p class=""indent"" dir=""rtl"" style=""text-align:left;""><span class=""ar_writing"">(باب صدقة الفطر، ج:1، ص:191، ط:مکتبة حقانیة)</span></p><p style=""text-align:justify;"">فتاوی ہندیہ میں ہے:</p><p class=""indent"" style=""text-align:justify;""><span class=""ar_writing"">""وھی نصف صاع من بر او صاع من شعیر او تمر.""</span></p><p class=""indent"" dir=""rtl"" style=""text-align:left;""><span class=""ar_writing"">(باب صدقة الفطر، ج:1، ص:191، ط:مکتبة حقانیة)</span></p><p dir=""rtl"">وفیہ ایضاً:</p><p class=""indent"" dir=""rtl"" style=""text-align:justify;""><span class=""ar_writing"">""ثم الدقيق أولى من البر، والدراهم أولى من الدقيق لدفع الحاجة، وما سواه من الحبوب لا يجوز إلا بالقيمة وذكر في الفتاوى أن أداء القيمة أفضل من عين المنصوص عليه وعليه الفتوى كذا في الجوهرة النيرة.""</span></p><p class=""indent"" dir=""rtl"" style=""text-align:left;""><span class=""ar_writing"">(كتاب الزكوة،الباب الثامن في الصدقة الفطر،ج:1،ص:191،ط:رشيديه)</span></p><p class=""indent"" dir=""rtl"" style=""text-align:left;""><span class=""ar_writing"">فقط واللہ اعلم</span></p></p><hr class=""big-hr""/><div class=""col-sm-6 col-md-6""><p class=""question_heading"" style=""color:#73161f"">فتویٰ نمبر : <a id=""fatwa_number"">144406101778</a></p></div><div class=""col-sm-6 col-md-6""><p style=""color:#73161f"">دارالافتاء :
                                جامعہ علوم اسلامیہ علامہ محمد یوسف بنوری ٹاؤن</p></div><hr class=""big-hr""/><div class=""col-sm-4 col-md-4""><div class=""tag""><a href=""https://www.banuri.edu.pk/questions/kitab/zakat""><i class=""icon-docs-bold""></i> زکات</a></div></div><div class=""col-sm-4 col-md-4""><div class=""tag""><a href=""https://www.banuri.edu.pk/questions/bab/sadqa-fitr""><i class=""icon-docs-bold""></i> صدقہ فطر</a></div></div><div class=""col-sm-4 col-md-4""><div class=""tag""><a href=""https://www.banuri.edu.pk/questions/fasal/sadaqa-fitr-ki-miqdaar-aur-suboot""><i class=""icon-docs-bold""></i> صدقہ فطر کی مقدار اور ثبوت</a></div></div></div>"
https://www.banuri.edu.pk/readquestion/raqamk-malik-ki-ijazat-say-gaye-kharedi-aur-nafa-kamaya-to-nafa-ki-adhi-adhi-tqsim-ka-hkm-144406101842/17-01-2023,رقم کے مالک کی اجازت سے گائے خریدی اور نفع کمایا تو نفع کی آدھی آدھی تقسیم کا حکم,"<p><p style=""text-align:justify;"">اگر كسى شخص نے دوسرے کسی شخص کو تجارت کے طور پر کچھ روپے دیے اور اس دوسرے شخص نے اس روپےسے روپے کے مالک كى اجازت يا حكم سے ايک گائے خريد لی جو بعد ميں فروخت كي جائے اور جو نفع ہو وہ دونوں میں آدھا آدھا يعنى نصفاً تقسیم ہوگا اور اصل روپیہ مالک کو دیا جائے،  تو اس طریقے سے عقد جائز ہوگا یا نہیں؟ </p></p>","<p><p style=""text-align:justify;"">صورت مسئولہ میں رقم کے مالک نے جب گائے خریدنے کی اجازت یا حکم دیا، اگر اس وقت دونوں کا معاہدہ ہوا تھا کہ اسے فروخت کریں گے اور نفع آدھا آدھا تقسیم کریں گے، تو مذکورہ معاہدہ جائز تھا اور اس کے تحت فروخت کرکے اصل رقم اور آدھا نفع رقم کے مالک کو لوٹانا اور آدھا نفع گائے کی خریداری کے بعد نفع کے ساتھ بیچنے والے شخص کے لیے رکھنا جائز ہے۔</p><p style=""text-align:justify;"">تاہم اگر نفع کی تقسیم کی کوئی بات نہیں تھی تو اصل رقم اور نفع، دونوں رقم کے مالک کا ہوگا اور اگر نفع کی تقسیم کی بات ہوئی تھی، لیکن تناسب طے نہیں ہوا تھا تو اصل رقم اور نفع رقم کے مالک کا ہے اور گائے خرید کر بیچنے والے کو اجرتِ مثل (یعنی ایسا عمل کرنے پر مارکیٹ میں جو اجرت ملتی ہے) ملے گی۔</p><p style=""text-align:justify;""><span class=""ar_writing"">اللباب في شرح الكتاب </span> میں ہے:</p><p class=""indent"" style=""text-align:justify;""><span class=""ar_writing"">""(المضاربة) لغةً: مشتقة من الضرب  في الأرض، سمى به لأن المضارب يستحق الربح بسعيه وعمله، وشرعاً: (عقد) بإيجاب وقبول (على الشركة) في الربح (بمال من أحد الشريكين) وعمل من الآخر، كما في بعض النسخ، ولا مضاربة بدون ذلك؛ لأنها بشرط الربح لرب المال بضاعة، وللمضارب قرض، وإذا كان المال منهما تكون شركة عقد.""</span><span class=""ar_writing"">...</span><span class=""ar_writing"">وإجارة فاسدة: إن فسدت، فله أجر عمله بلا زيادة على المشروط.</span></p><p class=""indent"" style=""text-align:left;""><span class=""ar_writing"">(كتاب المضاربة، ج2، ص131، المكتبة العلمية)</span></p><p class=""indent"" style=""text-align:left;""><span class=""ar_writing"">فقط والله أعلم</span></p></p><hr class=""big-hr""/>",17-01-2023,144406101842,banuri.edu.pk,مضاربت,مضاربت کے احکام,نفع و نقصان کی تقسیم,"<div class=""col-md-12 sawal-jawab""><h3 class=""question_heading"">سوال</h3><p><p style=""text-align:justify;"">اگر كسى شخص نے دوسرے کسی شخص کو تجارت کے طور پر کچھ روپے دیے اور اس دوسرے شخص نے اس روپےسے روپے کے مالک كى اجازت يا حكم سے ايک گائے خريد لی جو بعد ميں فروخت كي جائے اور جو نفع ہو وہ دونوں میں آدھا آدھا يعنى نصفاً تقسیم ہوگا اور اصل روپیہ مالک کو دیا جائے،  تو اس طریقے سے عقد جائز ہوگا یا نہیں؟ </p></p><h4 class=""question_heading"">جواب</h4><p><p style=""text-align:justify;"">صورت مسئولہ میں رقم کے مالک نے جب گائے خریدنے کی اجازت یا حکم دیا، اگر اس وقت دونوں کا معاہدہ ہوا تھا کہ اسے فروخت کریں گے اور نفع آدھا آدھا تقسیم کریں گے، تو مذکورہ معاہدہ جائز تھا اور اس کے تحت فروخت کرکے اصل رقم اور آدھا نفع رقم کے مالک کو لوٹانا اور آدھا نفع گائے کی خریداری کے بعد نفع کے ساتھ بیچنے والے شخص کے لیے رکھنا جائز ہے۔</p><p style=""text-align:justify;"">تاہم اگر نفع کی تقسیم کی کوئی بات نہیں تھی تو اصل رقم اور نفع، دونوں رقم کے مالک کا ہوگا اور اگر نفع کی تقسیم کی بات ہوئی تھی، لیکن تناسب طے نہیں ہوا تھا تو اصل رقم اور نفع رقم کے مالک کا ہے اور گائے خرید کر بیچنے والے کو اجرتِ مثل (یعنی ایسا عمل کرنے پر مارکیٹ میں جو اجرت ملتی ہے) ملے گی۔</p><p style=""text-align:justify;""><span class=""ar_writing"">اللباب في شرح الكتاب </span> میں ہے:</p><p class=""indent"" style=""text-align:justify;""><span class=""ar_writing"">""(المضاربة) لغةً: مشتقة من الضرب  في الأرض، سمى به لأن المضارب يستحق الربح بسعيه وعمله، وشرعاً: (عقد) بإيجاب وقبول (على الشركة) في الربح (بمال من أحد الشريكين) وعمل من الآخر، كما في بعض النسخ، ولا مضاربة بدون ذلك؛ لأنها بشرط الربح لرب المال بضاعة، وللمضارب قرض، وإذا كان المال منهما تكون شركة عقد.""</span><span class=""ar_writing"">...</span><span class=""ar_writing"">وإجارة فاسدة: إن فسدت، فله أجر عمله بلا زيادة على المشروط.</span></p><p class=""indent"" style=""text-align:left;""><span class=""ar_writing"">(كتاب المضاربة، ج2، ص131، المكتبة العلمية)</span></p><p class=""indent"" style=""text-align:left;""><span class=""ar_writing"">فقط والله أعلم</span></p></p><hr class=""big-hr""/><div class=""col-sm-6 col-md-6""><p class=""question_heading"" style=""color:#73161f"">فتویٰ نمبر : <a id=""fatwa_number"">144406101842</a></p></div><div class=""col-sm-6 col-md-6""><p style=""color:#73161f"">دارالافتاء :
                                جامعہ علوم اسلامیہ علامہ محمد یوسف بنوری ٹاؤن</p></div><hr class=""big-hr""/><div class=""col-sm-4 col-md-4""><div class=""tag""><a href=""https://www.banuri.edu.pk/questions/kitab/muzaaribat""><i class=""icon-docs-bold""></i> مضاربت</a></div></div><div class=""col-sm-4 col-md-4""><div class=""tag""><a href=""https://www.banuri.edu.pk/questions/bab/muzaaribat-ke-arkaan-sharaet-or-ahkaam""><i class=""icon-docs-bold""></i> مضاربت کے احکام</a></div></div><div class=""col-sm-4 col-md-4""><div class=""tag""><a href=""https://www.banuri.edu.pk/questions/fasal/nafaa-ki-taqseem""><i class=""icon-docs-bold""></i> نفع و نقصان کی تقسیم</a></div></div></div>"
https://www.banuri.edu.pk/readquestion/sonar-ka-mehnga-sona-farokht-karna-aur-sasta-kharedna-144406101431/11-01-2023,سنار کا مہنگا سونا فروخت کرنا اور سستا خریدنا,"<p><p style=""text-align:justify;""> سنار سے جب سونا خریدا جاتا ہے تو وہ 24 کیرٹ  سونے کی قیمت پر 21 یا 22 کیرٹ سونا دیتا ہے،  پھر جب اسی سنار پر وہی سونا فروخت کیا جائے تو 21 یا 22 کیرٹ  کے حساب سے واپس خریدتا ہے، اور 1 ماشہ یا 2 ماشے کٹوتی کرتا ہے کیا ایسا کرنا ٹھیک ہے یا نہیں ؟</p></p>","<p><p style=""text-align:justify;"">کرنسی نوٹ کے بدلے  سونے  کی کمی زیادتی کے ساتھ خریدوفروخت جائز ہے، بشرط یہ کہ   معاملہ  نقد یعنی ہاتھ در ہاتھ  ہو، ادھار نہ ہو،  نیز  ہر شخص کو اپنی چیز کم یا زیادہ قیمت پر خریدنے اور فروخت کرنے کا اختیار ہے، بشرط یہ کہ  کسی قسم کے دھوکہ اور فریب نہ کرے۔</p><p style=""text-align:justify;"">لہذا صورت مسئولہ میں اگر مذکورہ شرائط کی رعایت رکھتے ہوئے   سنار، گاہک کو 21 یا 22 کیرٹ کا  سونا   بتاکر زیادہ قیمت میں فروخت کرتا ہے اور وہی سونا خریدتے وقت کم قیمت میں  خریدتا ہے تو یہ جائز ہے، لیکن  گاہک 24 کیرٹ کا کہہ کر، 22 کیرٹ کا سونا فروخت کرنا جائز نہیں ہے۔</p><p style=""text-align:justify;"">        فتاوی شامی میں ہے:</p><p class=""indent"" style=""text-align:justify;""><span class=""ar_writing"">""(ويشترط) عدم التأجيل والخيار و (التماثل) أي التساوي وزنا (والتقابض) بالبراجم لا بالتخلية (قبل الافتراق) وهو شرط بقائه صحيحًا على الصحيح (إن اتحد جنسًا وإن) وصلية (اختلفا جودةً وصياغةً) لما مر في الربا (وإلا) بأن لم يتجانسا (شرط التقابض) لحرمة النساء (فلو باع) النقدين (أحدهما بالآخر جزافا أو بفضل وتقابضا فيه) أي المجلس (صح ...الخ .""</span></p><p class=""indent"" style=""text-align:left;""><span class=""ar_writing"">(5/257، 258، باب الصرف، کتاب البیوع، ط: سعید)</span></p><p style=""text-align:justify;"">دررالحكام في شرح مجلة الأحكام میں ہے:</p><p class=""indent"" style=""text-align:justify;""><span class=""ar_writing"">""لأن للإنسان أن يتصرف في ملكه الخاص كما يشاء وليس لأحد أن يمنعه عن ذلك .""</span></p><p class=""indent"" style=""text-align:left;""><span class=""ar_writing"">(1/ 559، الكتاب الثاني الإجارة، الباب الرابع في بيان المسائل التي تتعلق بمدة الإجارة،  (المادة 1192)، ط: دارالجيل)</span></p><p class=""indent"" style=""text-align:left;""><span class=""ar_writing"">فقط واللہ أعلم</span></p></p><hr class=""big-hr""/>",11-01-2023,144406101431,banuri.edu.pk,بیوع,صرف,سونا چاندی کا کاروبار,"<div class=""col-md-12 sawal-jawab""><h3 class=""question_heading"">سوال</h3><p><p style=""text-align:justify;""> سنار سے جب سونا خریدا جاتا ہے تو وہ 24 کیرٹ  سونے کی قیمت پر 21 یا 22 کیرٹ سونا دیتا ہے،  پھر جب اسی سنار پر وہی سونا فروخت کیا جائے تو 21 یا 22 کیرٹ  کے حساب سے واپس خریدتا ہے، اور 1 ماشہ یا 2 ماشے کٹوتی کرتا ہے کیا ایسا کرنا ٹھیک ہے یا نہیں ؟</p></p><h4 class=""question_heading"">جواب</h4><p><p style=""text-align:justify;"">کرنسی نوٹ کے بدلے  سونے  کی کمی زیادتی کے ساتھ خریدوفروخت جائز ہے، بشرط یہ کہ   معاملہ  نقد یعنی ہاتھ در ہاتھ  ہو، ادھار نہ ہو،  نیز  ہر شخص کو اپنی چیز کم یا زیادہ قیمت پر خریدنے اور فروخت کرنے کا اختیار ہے، بشرط یہ کہ  کسی قسم کے دھوکہ اور فریب نہ کرے۔</p><p style=""text-align:justify;"">لہذا صورت مسئولہ میں اگر مذکورہ شرائط کی رعایت رکھتے ہوئے   سنار، گاہک کو 21 یا 22 کیرٹ کا  سونا   بتاکر زیادہ قیمت میں فروخت کرتا ہے اور وہی سونا خریدتے وقت کم قیمت میں  خریدتا ہے تو یہ جائز ہے، لیکن  گاہک 24 کیرٹ کا کہہ کر، 22 کیرٹ کا سونا فروخت کرنا جائز نہیں ہے۔</p><p style=""text-align:justify;"">        فتاوی شامی میں ہے:</p><p class=""indent"" style=""text-align:justify;""><span class=""ar_writing"">""(ويشترط) عدم التأجيل والخيار و (التماثل) أي التساوي وزنا (والتقابض) بالبراجم لا بالتخلية (قبل الافتراق) وهو شرط بقائه صحيحًا على الصحيح (إن اتحد جنسًا وإن) وصلية (اختلفا جودةً وصياغةً) لما مر في الربا (وإلا) بأن لم يتجانسا (شرط التقابض) لحرمة النساء (فلو باع) النقدين (أحدهما بالآخر جزافا أو بفضل وتقابضا فيه) أي المجلس (صح ...الخ .""</span></p><p class=""indent"" style=""text-align:left;""><span class=""ar_writing"">(5/257، 258، باب الصرف، کتاب البیوع، ط: سعید)</span></p><p style=""text-align:justify;"">دررالحكام في شرح مجلة الأحكام میں ہے:</p><p class=""indent"" style=""text-align:justify;""><span class=""ar_writing"">""لأن للإنسان أن يتصرف في ملكه الخاص كما يشاء وليس لأحد أن يمنعه عن ذلك .""</span></p><p class=""indent"" style=""text-align:left;""><span class=""ar_writing"">(1/ 559، الكتاب الثاني الإجارة، الباب الرابع في بيان المسائل التي تتعلق بمدة الإجارة،  (المادة 1192)، ط: دارالجيل)</span></p><p class=""indent"" style=""text-align:left;""><span class=""ar_writing"">فقط واللہ أعلم</span></p></p><hr class=""big-hr""/><div class=""col-sm-6 col-md-6""><p class=""question_heading"" style=""color:#73161f"">فتویٰ نمبر : <a id=""fatwa_number"">144406101431</a></p></div><div class=""col-sm-6 col-md-6""><p style=""color:#73161f"">دارالافتاء :
                                جامعہ علوم اسلامیہ علامہ محمد یوسف بنوری ٹاؤن</p></div><hr class=""big-hr""/><div class=""col-sm-4 col-md-4""><div class=""tag""><a href=""https://www.banuri.edu.pk/questions/kitab/buyoo""><i class=""icon-docs-bold""></i> بیوع</a></div></div><div class=""col-sm-4 col-md-4""><div class=""tag""><a href=""https://www.banuri.edu.pk/questions/bab/sarf""><i class=""icon-docs-bold""></i> صرف</a></div></div><div class=""col-sm-4 col-md-4""><div class=""tag""><a href=""https://www.banuri.edu.pk/questions/fasal/sona-cahndi-ka-karobaar""><i class=""icon-docs-bold""></i> سونا چاندی کا کاروبار</a></div></div></div>"
https://www.banuri.edu.pk/readquestion/crypto-currency-ki-minning-ka-hukum-144212200712/18-07-2021,کرپٹو کرنسی کی مائننگ کا حکم,"<p><p style=""text-align:justify;"">کرپٹو کرنسی کی مائننگ کرنا کیسا ہے،  جس سے ڈالر میں رقم ملتی ہے؟</p></p>","<p><p style=""text-align:justify;"">’بٹ کوائن‘‘  محض ایک فرضی کرنسی ہے، اس میں حقیقی کرنسی کے بنیادی اوصاف اور شرائط بالکل موجود نہیں ہیں، لہذا موجودہ  زمانے میں "" کوئن"" یا ""ڈیجیٹل کرنسی"" / ""کرپٹو کرنسی"" کی خرید و فروخت کے نام سے انٹرنیٹ پر اور الیکٹرونک مارکیٹ میں جو کاروبار چل رہا ہے وہ حلال اور جائز نہیں ہے، وہ محض دھوکا ہے، اس میں حقیقت میں کوئی مادی چیز نہیں ہوتی، اور اس میں قبضہ بھی نہیں ہوتا صرف اکاؤنٹ میں کچھ عدد آجاتے ہیں، اور یہ فاریکس ٹریڈنگ کی طرح سود اور جوے کی ایک شکل ہے، اس لیے "" بٹ کوائن"" یا کسی بھی "" ڈیجیٹل کرنسی"" کے نام نہاد کاروبار میں پیسے لگانا اور خرید و فروخت میں شامل ہونا جائز نہیں ہے۔</p><p>اور چونکہ اس کی خرید وفروخت جائز نہیں ہے لہذا اس کی مائئنگ بھی جائز نہیں ہوگی۔</p><p class=""indent"" style=""text-align:left;"">فقط واللہ اعلم</p></p><hr class=""big-hr""/>",18-07-2021,144212200712,banuri.edu.pk,معاملات,بیع / تجارت,نقدی کی بیع کا بیان,"<div class=""col-md-12 sawal-jawab""><h3 class=""question_heading"">سوال</h3><p><p style=""text-align:justify;"">کرپٹو کرنسی کی مائننگ کرنا کیسا ہے،  جس سے ڈالر میں رقم ملتی ہے؟</p></p><h4 class=""question_heading"">جواب</h4><p><p style=""text-align:justify;"">’بٹ کوائن‘‘  محض ایک فرضی کرنسی ہے، اس میں حقیقی کرنسی کے بنیادی اوصاف اور شرائط بالکل موجود نہیں ہیں، لہذا موجودہ  زمانے میں "" کوئن"" یا ""ڈیجیٹل کرنسی"" / ""کرپٹو کرنسی"" کی خرید و فروخت کے نام سے انٹرنیٹ پر اور الیکٹرونک مارکیٹ میں جو کاروبار چل رہا ہے وہ حلال اور جائز نہیں ہے، وہ محض دھوکا ہے، اس میں حقیقت میں کوئی مادی چیز نہیں ہوتی، اور اس میں قبضہ بھی نہیں ہوتا صرف اکاؤنٹ میں کچھ عدد آجاتے ہیں، اور یہ فاریکس ٹریڈنگ کی طرح سود اور جوے کی ایک شکل ہے، اس لیے "" بٹ کوائن"" یا کسی بھی "" ڈیجیٹل کرنسی"" کے نام نہاد کاروبار میں پیسے لگانا اور خرید و فروخت میں شامل ہونا جائز نہیں ہے۔</p><p>اور چونکہ اس کی خرید وفروخت جائز نہیں ہے لہذا اس کی مائئنگ بھی جائز نہیں ہوگی۔</p><p class=""indent"" style=""text-align:left;"">فقط واللہ اعلم</p></p><hr class=""big-hr""/><div class=""col-sm-6 col-md-6""><p class=""question_heading"" style=""color:#73161f"">فتویٰ نمبر : <a id=""fatwa_number"">144212200712</a></p></div><div class=""col-sm-6 col-md-6""><p style=""color:#73161f"">دارالافتاء :
                                جامعہ علوم اسلامیہ علامہ محمد یوسف بنوری ٹاؤن</p></div><hr class=""big-hr""/><div class=""col-sm-4 col-md-4""><div class=""tag""><a href=""https://www.banuri.edu.pk/questions/kitab/muamlat""><i class=""icon-docs-bold""></i> معاملات</a></div></div><div class=""col-sm-4 col-md-4""><div class=""tag""><a href=""https://www.banuri.edu.pk/questions/bab/bay-tijarat""><i class=""icon-docs-bold""></i> بیع / تجارت</a></div></div><div class=""col-sm-4 col-md-4""><div class=""tag""><a href=""https://www.banuri.edu.pk/questions/fasal/naqdi-ki-bay-ka-bayan""><i class=""icon-docs-bold""></i> نقدی کی بیع کا بیان</a></div></div></div>"
https://www.banuri.edu.pk/readquestion/islam-mein-sb-se-bari-neki-konsi-hai-144406101815/16-01-2023,اسلام میں سب سے بڑی نیکی کون سی ہے؟,"<p><p style=""text-align:justify;"">اسلام میں سب سے بڑی نیکی کون سی ہے؟</p></p>","<p><p style=""text-align:justify;"">اسلام میں مقصود اللہ تعالیٰ کی اطاعت کرنا ہے، اطاعت ہی کے بدلے بندہ ثواب اور نیکی کا مستحق ہوتا ہے، اور اللہ تعالیٰ کی اطاعت آدمی اپنے اعمال کے ذریعے کرتا ہے، اعمال میں سب سے افضل ہونے کے اعتبار سے احادیث میں نبی کریم صلی اللہ علیہ وسلم نے لوگوں کے مختلف احوال کے حساب سے مختلف چیزیں بیان کی ہیں، کبھی ایمان باللہ کو افضل الاعمال کہا ہے، تو کبھی نماز کو، اور کہیں جہاد کا ذکر آیا ہے، تو کہیں والدین کی اطاعت کا، غرض افضل الاعمال ہر بندے کے لیے  یا احوال کے اعتبار سے  مختلف  ہے، اسی طرح سب سے بڑی نیکی کا ہونا بھی ہر بندے کے اعتبار سے الگ ہے۔ </p><p style=""text-align:justify;"">مرقاۃ المفاتیح میں ہے:</p><p class=""indent"" style=""text-align:justify;""><span class=""ar_writing"">""وعن ابن مسعود رضي الله عنه، قال: «سألت النبي صلى الله عليه وسلم: أي الأعمال أحب إلى الله تعالى؟ قال: الصلاة لوقتها. قلت: ثم أي؟ قال: بر الوالدين. قلت: ثم أي؟ قال: الجهاد في سبيل الله. قال: حدثني بهن، ولو استزدته لزادني». متفق عليه...</span></p><p class=""indent"" style=""text-align:justify;""><span class=""ar_writing"">قال التوربشتي: اختلفت الأحاديث الواردة في ‌أفضل ‌الأعمال وأحبها إلى الله سبحانه وتعالى، ففي هذا الحديث هكذا، وفي حديث أبي ذر: «أي العمل خير؟ قال: "" إيمان بالله، وجهاد في سبيل الله» "" وفي حديث أبي سعيد: «أي الناس أفضل؟ قال: "" رجل مجاهد في سبيل الله» "" إلى غير ذلك من الأحاديث، ووجه التوفيق أنه عليه الصلاة والسلام أجاب لكل بما يوافق غرضه، وما يرغبه فيه، أو أجاب بحسب ما عرف من حاله، أو بما يليق به وأصلح له، توفيقا على ما خفي عليه.""</span></p><p class=""indent"" style=""text-align:left;""><span class=""ar_writing"">(كتاب الصلاة، ج: 2، ص: 509، ط: دار الفكر بيروت)</span></p><p class=""indent"" style=""text-align:left;""><span class=""ar_writing"">فقط والله أعلم</span></p></p><hr class=""big-hr""/>",16-01-2023,144406101815,banuri.edu.pk,علوم و فنون,حدیث و سنت,احادیث کے درمیان تعارض اور اس کا حل,"<div class=""col-md-12 sawal-jawab""><h3 class=""question_heading"">سوال</h3><p><p style=""text-align:justify;"">اسلام میں سب سے بڑی نیکی کون سی ہے؟</p></p><h4 class=""question_heading"">جواب</h4><p><p style=""text-align:justify;"">اسلام میں مقصود اللہ تعالیٰ کی اطاعت کرنا ہے، اطاعت ہی کے بدلے بندہ ثواب اور نیکی کا مستحق ہوتا ہے، اور اللہ تعالیٰ کی اطاعت آدمی اپنے اعمال کے ذریعے کرتا ہے، اعمال میں سب سے افضل ہونے کے اعتبار سے احادیث میں نبی کریم صلی اللہ علیہ وسلم نے لوگوں کے مختلف احوال کے حساب سے مختلف چیزیں بیان کی ہیں، کبھی ایمان باللہ کو افضل الاعمال کہا ہے، تو کبھی نماز کو، اور کہیں جہاد کا ذکر آیا ہے، تو کہیں والدین کی اطاعت کا، غرض افضل الاعمال ہر بندے کے لیے  یا احوال کے اعتبار سے  مختلف  ہے، اسی طرح سب سے بڑی نیکی کا ہونا بھی ہر بندے کے اعتبار سے الگ ہے۔ </p><p style=""text-align:justify;"">مرقاۃ المفاتیح میں ہے:</p><p class=""indent"" style=""text-align:justify;""><span class=""ar_writing"">""وعن ابن مسعود رضي الله عنه، قال: «سألت النبي صلى الله عليه وسلم: أي الأعمال أحب إلى الله تعالى؟ قال: الصلاة لوقتها. قلت: ثم أي؟ قال: بر الوالدين. قلت: ثم أي؟ قال: الجهاد في سبيل الله. قال: حدثني بهن، ولو استزدته لزادني». متفق عليه...</span></p><p class=""indent"" style=""text-align:justify;""><span class=""ar_writing"">قال التوربشتي: اختلفت الأحاديث الواردة في ‌أفضل ‌الأعمال وأحبها إلى الله سبحانه وتعالى، ففي هذا الحديث هكذا، وفي حديث أبي ذر: «أي العمل خير؟ قال: "" إيمان بالله، وجهاد في سبيل الله» "" وفي حديث أبي سعيد: «أي الناس أفضل؟ قال: "" رجل مجاهد في سبيل الله» "" إلى غير ذلك من الأحاديث، ووجه التوفيق أنه عليه الصلاة والسلام أجاب لكل بما يوافق غرضه، وما يرغبه فيه، أو أجاب بحسب ما عرف من حاله، أو بما يليق به وأصلح له، توفيقا على ما خفي عليه.""</span></p><p class=""indent"" style=""text-align:left;""><span class=""ar_writing"">(كتاب الصلاة، ج: 2، ص: 509، ط: دار الفكر بيروت)</span></p><p class=""indent"" style=""text-align:left;""><span class=""ar_writing"">فقط والله أعلم</span></p></p><hr class=""big-hr""/><div class=""col-sm-6 col-md-6""><p class=""question_heading"" style=""color:#73161f"">فتویٰ نمبر : <a id=""fatwa_number"">144406101815</a></p></div><div class=""col-sm-6 col-md-6""><p style=""color:#73161f"">دارالافتاء :
                                جامعہ علوم اسلامیہ علامہ محمد یوسف بنوری ٹاؤن</p></div><hr class=""big-hr""/><div class=""col-sm-4 col-md-4""><div class=""tag""><a href=""https://www.banuri.edu.pk/questions/kitab/uloom-funoon""><i class=""icon-docs-bold""></i> علوم و فنون</a></div></div><div class=""col-sm-4 col-md-4""><div class=""tag""><a href=""https://www.banuri.edu.pk/questions/bab/hadees-sunnat""><i class=""icon-docs-bold""></i> حدیث و سنت</a></div></div><div class=""col-sm-4 col-md-4""><div class=""tag""><a href=""https://www.banuri.edu.pk/questions/fasal/ahadees-k-darmiyan-taaruz-aur-us-ka-hal""><i class=""icon-docs-bold""></i> احادیث کے درمیان تعارض اور اس کا حل</a></div></div></div>"
https://www.banuri.edu.pk/readquestion/shohr-ki-ijazt-kay-bagair-gahr-say-bahr-jana-144404101506/16-11-2022,شوہر کی اجازت کے بغیر گھر سے باہر جانا,"<p><p style=""text-align:justify;"">میں دبئی میں کام کرتا ہوں اور میری بیوی اپنی امی  کے ہاں رہتی ہے؛ کیوں کہ  ان کی امی بیوہ ہیں اور میں نےشادی بھی اس  لیے کی تھی کیوں کہ ان کا  اور کوئی سہارا نہیں تھا،  میری ایک سالی ہے  چھوٹی، اس کی ابھی شادی ہونے والی ہے تو  جب رخصتی ہوگی تو ان کے ساتھ کوئی جاتا ہے تو میری بیوی کہتی ہے میں جاؤں گی اور  مجھےصحیح  نہیں لگتا ان کا جانا؛ کیوں کہ  ہماری ابھی  اولاد بھی نہیں ہے،  میں کہتا ہوں:  آپ نہ جائیں، آپ کی بڑی خالہ جائیں تو اس پر ان کی امی بھی ضد کر کے بیٹھی ہیں کہ یہ جائیں گی  میرے منع کرنے  کے باوجود؛ کیوں کہ میں بھی چھٹی پر آؤں گا،  تب اب بتائیں میں غلط کر رہا ہوں؟  کیوں کہ میرا دل دماغ اجازت نہیں دے رہا۔</p></p>","<p><p style=""text-align:justify;"">رشتے   اخلاق و محبت  اور  باہم  احترام کے ساتھ چلتے ہیں،  ساس  ماں کی طرح ہوتی ہے،  داماد بیٹے کی طرح ہوتا ہے،  اس  لیے آپ لوگ  باہم مشورے سے ایک دوسرے کی مجبوریوں کو دیکھتے ہوئے فیصلہ کریں ۔ تاہم اگر سائل کی بیوی سائل  کی  اجازت  کے بغیر جائے گی تو گناہ گار ہوگی۔</p><p class=""indent"" style=""text-align:justify;""><span class=""ar_writing"">""فلاتخرج إلا لحق لها أو عليها أو لزيارة أبويها كل جمعة مرة أو المحارم كل سنة و لكونها قابلة أو غاسلة لا فيما عدا ذلك"".</span></p><p class=""indent"" style=""text-align:left;""><span class=""ar_writing"">(الدر المختار مع رد المحتار:كتاب النكاح،  باب المهر (3/ 145)، ط. سعيد)</span></p><p class=""indent"" style=""text-align:left;"">فقط والله اعلم</p></p><hr class=""big-hr""/>",16-11-2022,144404101506,banuri.edu.pk,حقوق و آدابِ معاشرت,حقوق,میاں ، بیوی کے حقوق,"<div class=""col-md-12 sawal-jawab""><h3 class=""question_heading"">سوال</h3><p><p style=""text-align:justify;"">میں دبئی میں کام کرتا ہوں اور میری بیوی اپنی امی  کے ہاں رہتی ہے؛ کیوں کہ  ان کی امی بیوہ ہیں اور میں نےشادی بھی اس  لیے کی تھی کیوں کہ ان کا  اور کوئی سہارا نہیں تھا،  میری ایک سالی ہے  چھوٹی، اس کی ابھی شادی ہونے والی ہے تو  جب رخصتی ہوگی تو ان کے ساتھ کوئی جاتا ہے تو میری بیوی کہتی ہے میں جاؤں گی اور  مجھےصحیح  نہیں لگتا ان کا جانا؛ کیوں کہ  ہماری ابھی  اولاد بھی نہیں ہے،  میں کہتا ہوں:  آپ نہ جائیں، آپ کی بڑی خالہ جائیں تو اس پر ان کی امی بھی ضد کر کے بیٹھی ہیں کہ یہ جائیں گی  میرے منع کرنے  کے باوجود؛ کیوں کہ میں بھی چھٹی پر آؤں گا،  تب اب بتائیں میں غلط کر رہا ہوں؟  کیوں کہ میرا دل دماغ اجازت نہیں دے رہا۔</p></p><h4 class=""question_heading"">جواب</h4><p><p style=""text-align:justify;"">رشتے   اخلاق و محبت  اور  باہم  احترام کے ساتھ چلتے ہیں،  ساس  ماں کی طرح ہوتی ہے،  داماد بیٹے کی طرح ہوتا ہے،  اس  لیے آپ لوگ  باہم مشورے سے ایک دوسرے کی مجبوریوں کو دیکھتے ہوئے فیصلہ کریں ۔ تاہم اگر سائل کی بیوی سائل  کی  اجازت  کے بغیر جائے گی تو گناہ گار ہوگی۔</p><p class=""indent"" style=""text-align:justify;""><span class=""ar_writing"">""فلاتخرج إلا لحق لها أو عليها أو لزيارة أبويها كل جمعة مرة أو المحارم كل سنة و لكونها قابلة أو غاسلة لا فيما عدا ذلك"".</span></p><p class=""indent"" style=""text-align:left;""><span class=""ar_writing"">(الدر المختار مع رد المحتار:كتاب النكاح،  باب المهر (3/ 145)، ط. سعيد)</span></p><p class=""indent"" style=""text-align:left;"">فقط والله اعلم</p></p><hr class=""big-hr""/><div class=""col-sm-6 col-md-6""><p class=""question_heading"" style=""color:#73161f"">فتویٰ نمبر : <a id=""fatwa_number"">144404101506</a></p></div><div class=""col-sm-6 col-md-6""><p style=""color:#73161f"">دارالافتاء :
                                جامعہ علوم اسلامیہ علامہ محمد یوسف بنوری ٹاؤن</p></div><hr class=""big-hr""/><div class=""col-sm-4 col-md-4""><div class=""tag""><a href=""https://www.banuri.edu.pk/questions/kitab/huqooq-muashret""><i class=""icon-docs-bold""></i> حقوق و آدابِ معاشرت</a></div></div><div class=""col-sm-4 col-md-4""><div class=""tag""><a href=""https://www.banuri.edu.pk/questions/bab/bahmi-huqooq""><i class=""icon-docs-bold""></i> حقوق</a></div></div><div class=""col-sm-4 col-md-4""><div class=""tag""><a href=""https://www.banuri.edu.pk/questions/fasal/mian-biwi-k-huqooq""><i class=""icon-docs-bold""></i> میاں ، بیوی کے حقوق</a></div></div></div>"
https://www.banuri.edu.pk/readquestion/rizq-mai-barkat-aur-nokri-ke-husool-ki-lye-wazifa-144406101848/17-01-2023,رزق میں برکت اور نوکری کے حصول کے لیے وظیفہ,"<p><p style=""text-align:justify;"">میرے گھر میں خیر و عافیت نہیں ہو رہی۔ میرےگھر میں رزق میں برکت نہیں ہو رہی اور نہ ہی گھر میں کوئی سکون مل رہا ہے ۔ہم سب گھر کے افراد میں ناچاقی رہتی ہے۔میں بہت کوشش کرتا ہوں آگے بڑھنے کے لئے، لیکن مجھے کوئی خاص کامیابی نہیں ہو رہی۔میں نے بڑی کوشش کی ہے کہ مجھے کوئی نوکری مل جائے ۔لیکن ابھی تک نہیں مل رہی۔12 سال سے مسلسل کوشش کر رہا ہوں۔ آپ مجھے کوئی ایسا روحانی عمل بتائے جس سے میرے گھر میں سکون پیدا ہو جائے اور ہمارے گھر مال اور رزق میں اللہ تعالیٰ برکت عطا کرے اور مجھے نوکری مل جائے۔</p></p>","<p><p style=""text-align:justify;"">آپ پانچ وقت نماز کا اہتمام کریں استغفار کی کثرت اور  ہر نماز کے بعد سات مرتبہ اور چلتے پھرتے درج ذیل دعا کا اہتمام کریں:</p><p class=""indent"" style=""text-align:justify;""><span class=""qr_writing"">""أَللّهمَّ اكْفِنِيْ بِحَلاَلِكَ عَنْ حَرَامِكَ وَ أَغْنِنِيْ بِفَضْلِكَ عَنْ مَنْ سِوَاكَ""</span></p><p style=""text-align:justify;"">اور جب بھی وضو کیا کریں دورانِ وضو درج ذیل دعا کا اہتمام کیا کریں:</p><p class=""indent"" style=""text-align:justify;""><span class=""qr_writing"">""أللهُمَّ اغْفِرْلِيْ ذَنْبِيْ وَ وَسِّعْ لِيْ فِيْ دَارِيْ وَ بَارِكْ لِيْ فِيْ رِزْقِيْ"" </span></p><p style=""text-align:justify;"">آپ کے مسائل اور ان کا حل میں ہے:</p><p class=""indent"" style=""text-align:justify;"">""ہر نماز باجماعت تکبیر کی پابندی کے ساتھ ادا کیجئے اور نماز کے بعد تین بار سورہ فاتحہ اور تین مرتبہ آیت الکرسی پڑھ کردعا کیجئے۔""</p><p class=""indent"" style=""text-align:left;"">( اوراد و وظائف،نوکری کیلئے وظیفہ،ج: 4، ص: 249،ط: لدھیانوی)</p><p>مشکاۃ المصابیح میں ہے:</p><p class=""indent"" style=""text-align:justify;""><span class=""ar_writing"">""وعن علي: أنه جاءه مكاتب فقال: إني عجزت عن كتابي فأعني قال: ألا أعلمك كلمات علمنيهن رسول الله صلى الله عليه وسلم لو كان عليك مثل جبل كبير دينا أداه الله عنك. قل: «اللهم اكفني بحلالك عن حرامك وأغنني بفضلك عمن سواك» . رواه الترمذي والبيهقي في الدعوات الكبير.""</span></p><p class=""indent"" style=""text-align:left;"">( كتاب مشكاة المصابيح - باب الدعوات في الأوقاف- الفصل الثاني- ج:2، ص756 - الناشر: المكتب الإسلامي - بيروت)</p><p>سنن النسائی میں ہے:</p><p class=""indent"" style=""text-align:justify;""><span class=""ar_writing"">""9828- أخبرنا محمد بن عبد الأعلى قال: حدثنا المعتمر يعني ابن سليمان قال: سمعت عبادا يعني ابن عباد بن علقمة يقول: سمعت أبا مجلز، يقول: قال أبو موسى: أتيت رسول الله صلى الله عليه وسلم وتوضأ، فسمعته يدعو يقول: «اللهم اغفر لي ذنبي، ووسع لي في داري، وبارك لي في رزقي» قال: فقلت: يا نبي الله، لقد سمعتك تدعو بكذا وكذا قال: «وهل تركن من شيء؟.""</span></p><p class=""indent"" style=""text-align:left;""><span class=""ar_writing"">( كتاب السنن الكبرى النسائي ،  كتاب عمل اليوم والليلة - باب: ما يقول إذا توضأ،ج:9،ص36 -  الناشر: مؤسسة الرسالة - بيروت)</span></p><p class=""indent"" style=""text-align:left;"">فقط واللہ اعلم</p></p><hr class=""big-hr""/>",17-01-2023,144406101848,banuri.edu.pk,علوم و فنون,دعائیں، اوراد اور وظائف,اوراد ووظائف,"<div class=""col-md-12 sawal-jawab""><h3 class=""question_heading"">سوال</h3><p><p style=""text-align:justify;"">میرے گھر میں خیر و عافیت نہیں ہو رہی۔ میرےگھر میں رزق میں برکت نہیں ہو رہی اور نہ ہی گھر میں کوئی سکون مل رہا ہے ۔ہم سب گھر کے افراد میں ناچاقی رہتی ہے۔میں بہت کوشش کرتا ہوں آگے بڑھنے کے لئے، لیکن مجھے کوئی خاص کامیابی نہیں ہو رہی۔میں نے بڑی کوشش کی ہے کہ مجھے کوئی نوکری مل جائے ۔لیکن ابھی تک نہیں مل رہی۔12 سال سے مسلسل کوشش کر رہا ہوں۔ آپ مجھے کوئی ایسا روحانی عمل بتائے جس سے میرے گھر میں سکون پیدا ہو جائے اور ہمارے گھر مال اور رزق میں اللہ تعالیٰ برکت عطا کرے اور مجھے نوکری مل جائے۔</p></p><h4 class=""question_heading"">جواب</h4><p><p style=""text-align:justify;"">آپ پانچ وقت نماز کا اہتمام کریں استغفار کی کثرت اور  ہر نماز کے بعد سات مرتبہ اور چلتے پھرتے درج ذیل دعا کا اہتمام کریں:</p><p class=""indent"" style=""text-align:justify;""><span class=""qr_writing"">""أَللّهمَّ اكْفِنِيْ بِحَلاَلِكَ عَنْ حَرَامِكَ وَ أَغْنِنِيْ بِفَضْلِكَ عَنْ مَنْ سِوَاكَ""</span></p><p style=""text-align:justify;"">اور جب بھی وضو کیا کریں دورانِ وضو درج ذیل دعا کا اہتمام کیا کریں:</p><p class=""indent"" style=""text-align:justify;""><span class=""qr_writing"">""أللهُمَّ اغْفِرْلِيْ ذَنْبِيْ وَ وَسِّعْ لِيْ فِيْ دَارِيْ وَ بَارِكْ لِيْ فِيْ رِزْقِيْ"" </span></p><p style=""text-align:justify;"">آپ کے مسائل اور ان کا حل میں ہے:</p><p class=""indent"" style=""text-align:justify;"">""ہر نماز باجماعت تکبیر کی پابندی کے ساتھ ادا کیجئے اور نماز کے بعد تین بار سورہ فاتحہ اور تین مرتبہ آیت الکرسی پڑھ کردعا کیجئے۔""</p><p class=""indent"" style=""text-align:left;"">( اوراد و وظائف،نوکری کیلئے وظیفہ،ج: 4، ص: 249،ط: لدھیانوی)</p><p>مشکاۃ المصابیح میں ہے:</p><p class=""indent"" style=""text-align:justify;""><span class=""ar_writing"">""وعن علي: أنه جاءه مكاتب فقال: إني عجزت عن كتابي فأعني قال: ألا أعلمك كلمات علمنيهن رسول الله صلى الله عليه وسلم لو كان عليك مثل جبل كبير دينا أداه الله عنك. قل: «اللهم اكفني بحلالك عن حرامك وأغنني بفضلك عمن سواك» . رواه الترمذي والبيهقي في الدعوات الكبير.""</span></p><p class=""indent"" style=""text-align:left;"">( كتاب مشكاة المصابيح - باب الدعوات في الأوقاف- الفصل الثاني- ج:2، ص756 - الناشر: المكتب الإسلامي - بيروت)</p><p>سنن النسائی میں ہے:</p><p class=""indent"" style=""text-align:justify;""><span class=""ar_writing"">""9828- أخبرنا محمد بن عبد الأعلى قال: حدثنا المعتمر يعني ابن سليمان قال: سمعت عبادا يعني ابن عباد بن علقمة يقول: سمعت أبا مجلز، يقول: قال أبو موسى: أتيت رسول الله صلى الله عليه وسلم وتوضأ، فسمعته يدعو يقول: «اللهم اغفر لي ذنبي، ووسع لي في داري، وبارك لي في رزقي» قال: فقلت: يا نبي الله، لقد سمعتك تدعو بكذا وكذا قال: «وهل تركن من شيء؟.""</span></p><p class=""indent"" style=""text-align:left;""><span class=""ar_writing"">( كتاب السنن الكبرى النسائي ،  كتاب عمل اليوم والليلة - باب: ما يقول إذا توضأ،ج:9،ص36 -  الناشر: مؤسسة الرسالة - بيروت)</span></p><p class=""indent"" style=""text-align:left;"">فقط واللہ اعلم</p></p><hr class=""big-hr""/><div class=""col-sm-6 col-md-6""><p class=""question_heading"" style=""color:#73161f"">فتویٰ نمبر : <a id=""fatwa_number"">144406101848</a></p></div><div class=""col-sm-6 col-md-6""><p style=""color:#73161f"">دارالافتاء :
                                جامعہ علوم اسلامیہ علامہ محمد یوسف بنوری ٹاؤن</p></div><hr class=""big-hr""/><div class=""col-sm-4 col-md-4""><div class=""tag""><a href=""https://www.banuri.edu.pk/questions/kitab/uloom-funoon""><i class=""icon-docs-bold""></i> علوم و فنون</a></div></div><div class=""col-sm-4 col-md-4""><div class=""tag""><a href=""https://www.banuri.edu.pk/questions/bab/adeya-azkar""><i class=""icon-docs-bold""></i> دعائیں، اوراد اور وظائف</a></div></div><div class=""col-sm-4 col-md-4""><div class=""tag""><a href=""https://www.banuri.edu.pk/questions/fasal/aurad-o-wzaif""><i class=""icon-docs-bold""></i> اوراد ووظائف</a></div></div></div>"
https://www.banuri.edu.pk/readquestion/awraton-kay-liay-mihndi-lagana-sunnat-hay-ya-mustahab-144406101826/17-01-2023,عورتوں کے لیے مہندی لگانے سنت ہے یا مستحب؟,"<p><p style=""text-align:justify;""><span class=""ur_writing"">نکاح کے دن دلہن کو مہندی لگانا سنت ہے یا عام طور پر مہندی لگانا عورتوں کے لیے  سنت ہے یا مستحب ہے؟ مکمل کیا ہے اس کی وضاحت فرمائیے۔</span></p></p>","<p><p style=""text-align:justify;""><span class=""ur_writing"">نکاح کا موقع ہو یا عام حالت بہرصورت عورتوں  کے  لیے مہندی  لگانا  مستحب ہے،  البتہ   شادی  کے موقع پر مہندی کی رسم کی تقریب  منعقد کرنا جائز نہیں؛  کیوں کہ یہ  بہت سارے مفاسد پر مشتمل ہوتی ہے، مثلاً: عورتوں کا مخصوص لباس پہننے کے لیے فضول خرچی کرنا، موسیقی اور رقص کی مجلس منعقد کرنا، بعض جگہ مردوں اور عورتوں کا مخلوط اجتماع وغیرہ۔</span></p><p class=""indent"" style=""text-align:justify;""><span class=""ar_writing"">""وأما خضب اليدين والرجلين، فيستحب في حق النساء ويحرم في حق الرجال إلا للتداوي"". </span></p><p class=""indent"" style=""text-align:left;""><span class=""ar_writing"">(مرقاة المفاتيح شرح مشكاة المصابيح: باب الترجل (7/ 2828)، ط. دار الفكر، بيروت ، الطبعة  الأولى: 1422هـ = 2002م)</span></p><p class=""indent"" style=""text-align:left;""><span class=""ar_writing"">فقط والله أعلم</span></p></p><hr class=""big-hr""/>",17-01-2023,144406101826,banuri.edu.pk,حظر و اباحت,زیب و زینت,مہندی اور خضاب,"<div class=""col-md-12 sawal-jawab""><h3 class=""question_heading"">سوال</h3><p><p style=""text-align:justify;""><span class=""ur_writing"">نکاح کے دن دلہن کو مہندی لگانا سنت ہے یا عام طور پر مہندی لگانا عورتوں کے لیے  سنت ہے یا مستحب ہے؟ مکمل کیا ہے اس کی وضاحت فرمائیے۔</span></p></p><h4 class=""question_heading"">جواب</h4><p><p style=""text-align:justify;""><span class=""ur_writing"">نکاح کا موقع ہو یا عام حالت بہرصورت عورتوں  کے  لیے مہندی  لگانا  مستحب ہے،  البتہ   شادی  کے موقع پر مہندی کی رسم کی تقریب  منعقد کرنا جائز نہیں؛  کیوں کہ یہ  بہت سارے مفاسد پر مشتمل ہوتی ہے، مثلاً: عورتوں کا مخصوص لباس پہننے کے لیے فضول خرچی کرنا، موسیقی اور رقص کی مجلس منعقد کرنا، بعض جگہ مردوں اور عورتوں کا مخلوط اجتماع وغیرہ۔</span></p><p class=""indent"" style=""text-align:justify;""><span class=""ar_writing"">""وأما خضب اليدين والرجلين، فيستحب في حق النساء ويحرم في حق الرجال إلا للتداوي"". </span></p><p class=""indent"" style=""text-align:left;""><span class=""ar_writing"">(مرقاة المفاتيح شرح مشكاة المصابيح: باب الترجل (7/ 2828)، ط. دار الفكر، بيروت ، الطبعة  الأولى: 1422هـ = 2002م)</span></p><p class=""indent"" style=""text-align:left;""><span class=""ar_writing"">فقط والله أعلم</span></p></p><hr class=""big-hr""/><div class=""col-sm-6 col-md-6""><p class=""question_heading"" style=""color:#73161f"">فتویٰ نمبر : <a id=""fatwa_number"">144406101826</a></p></div><div class=""col-sm-6 col-md-6""><p style=""color:#73161f"">دارالافتاء :
                                جامعہ علوم اسلامیہ علامہ محمد یوسف بنوری ٹاؤن</p></div><hr class=""big-hr""/><div class=""col-sm-4 col-md-4""><div class=""tag""><a href=""https://www.banuri.edu.pk/questions/kitab/mamnooaat-mubahat""><i class=""icon-docs-bold""></i> حظر و اباحت</a></div></div><div class=""col-sm-4 col-md-4""><div class=""tag""><a href=""https://www.banuri.edu.pk/questions/bab/zayb-o-zeenat""><i class=""icon-docs-bold""></i> زیب و زینت</a></div></div><div class=""col-sm-4 col-md-4""><div class=""tag""><a href=""https://www.banuri.edu.pk/questions/fasal/mehendy-or-khizaab""><i class=""icon-docs-bold""></i> مہندی اور خضاب</a></div></div></div>"
https://www.banuri.edu.pk/readquestion/namaaz-me-mard-ke-liye-jism-ks-had-tk-chupaana-zaroori-he-144406101369/10-01-2023,نماز میں مرد کے لیے جسم کس حد تک چھپانا ضروری ہے؟,"<p><p style=""text-align:justify;"">نماز میں مرد کیےلیے ستر ِعورت کتنا فرض ہے ؟</p></p>","<p><p style=""text-align:justify;"">مرد کا ستر  ناف کے متصل نیچے سے گھٹنوں  تک ہے،  گھٹنے ستر میں داخل ہیں، جس کا چھپانا عام حالات اور نماز میں ضروری ہے،لہذا   اگر مرد کے اعضائے مستورہ میں سے کسی عضو  کا ایک چوتھائی حصہ ظاہر ہو گیا اور ایک رکن کی ادائیگی کی مقدار (تین مرتبہ سبحان اللہ کہنے کی مقدار) کھلا رہا تو نماز  فاسد ہو جائےگی ، البتہ اگر نماز کی ابتدا سے ستر کا ایک چوتھائی حصہ  کھلا رہا تو  نماز  کی نیت اور نماز باطل ہوجائے گی اور ستر چھپاکر دوبارہ نئے سرے سے نیت کرکے نماز ادا کرنا لازم ہوگا، اور اگر نمازی کے اپنے عمل سے دورانِ نماز  عضو مستور  کا ایک چوتھائی حصہ یا اس سے کم کھل گیا تو تماز فوراً فاسد ہوجائے گی اور اس صورت میں ستر کا ایک رکن کی مقدار تک کھلا رہنا شرط نہیں۔</p><p style=""text-align:justify;"">فتاوی عالمگیریہ میں ہے:</p><p class=""indent"" style=""text-align:justify;""><span class=""ar_writing"">""ستر العورة شرط لصحة الصلاة إذا قدر عليه كذا في محيط السرخسي. العورة للرجل من تحت السرة حتي تجاوز ركبتيه...بدن الحرة عورة إلا وجهها و كفيها و قدميها كذا في المتون...قليل الإنكشاف عفو؛ لأن فيه بلوي، و لا بلوي في الكثير، فلايجعل عفواً، الربع و ما فوقه كثير و ما دون الربع قليل، وهو الصحيح، هكذا في المحيط"".</span></p><p class=""indent"" style=""text-align:left;""><span class=""ar_writing"">(کتاب الصلوۃ،الباب الثالث في شروط الصلاة،ج:1،ص:58، ،ط: رشيدية)</span></p><p>فتاوی شامی میں ہے:</p><p class=""indent"" style=""text-align:justify;""><span class=""ar_writing"">""واعلم أن هذا التفصيل في الإنكشاف الحادث في أثناء الصلاة، أما المقارن لإبتدائها فإنه يمنع إنعقادها مطلقا اتفاقاً بعد أن يكون المكشوف ربع العضو"".</span></p><p class=""indent"" style=""text-align:left;""><span class=""ar_writing"">( كتاب الصلوة، باب شروط الصلاة، ج:١ص:408،ط: سعيد)</span></p><p style=""text-align:justify;"">""فتاوی خانیہ علی ھامش الہندیہ"" میں ہے:</p><p class=""indent"" style=""text-align:justify;""><span class=""ar_writing"">""وانكشف عورته ففيما إذا تعمد ذلك فسدت صلاته، قل ذلك أو كثر"". </span></p><p class=""indent"" style=""text-align:left;""><span class=""ar_writing"">( كتاب الصلاة، فصل فيما يفسد الصلاة،ج: ١،ص: 131، ط: رشيدية)</span></p><p class=""indent"" style=""text-align:left;""><span class=""ar_writing"">فقط واللہ اعلم</span></p></p><hr class=""big-hr""/>",10-01-2023,144406101369,banuri.edu.pk,نماز,نماز کی شرائط,ستر ڈھانپنا,"<div class=""col-md-12 sawal-jawab""><h3 class=""question_heading"">سوال</h3><p><p style=""text-align:justify;"">نماز میں مرد کیےلیے ستر ِعورت کتنا فرض ہے ؟</p></p><h4 class=""question_heading"">جواب</h4><p><p style=""text-align:justify;"">مرد کا ستر  ناف کے متصل نیچے سے گھٹنوں  تک ہے،  گھٹنے ستر میں داخل ہیں، جس کا چھپانا عام حالات اور نماز میں ضروری ہے،لہذا   اگر مرد کے اعضائے مستورہ میں سے کسی عضو  کا ایک چوتھائی حصہ ظاہر ہو گیا اور ایک رکن کی ادائیگی کی مقدار (تین مرتبہ سبحان اللہ کہنے کی مقدار) کھلا رہا تو نماز  فاسد ہو جائےگی ، البتہ اگر نماز کی ابتدا سے ستر کا ایک چوتھائی حصہ  کھلا رہا تو  نماز  کی نیت اور نماز باطل ہوجائے گی اور ستر چھپاکر دوبارہ نئے سرے سے نیت کرکے نماز ادا کرنا لازم ہوگا، اور اگر نمازی کے اپنے عمل سے دورانِ نماز  عضو مستور  کا ایک چوتھائی حصہ یا اس سے کم کھل گیا تو تماز فوراً فاسد ہوجائے گی اور اس صورت میں ستر کا ایک رکن کی مقدار تک کھلا رہنا شرط نہیں۔</p><p style=""text-align:justify;"">فتاوی عالمگیریہ میں ہے:</p><p class=""indent"" style=""text-align:justify;""><span class=""ar_writing"">""ستر العورة شرط لصحة الصلاة إذا قدر عليه كذا في محيط السرخسي. العورة للرجل من تحت السرة حتي تجاوز ركبتيه...بدن الحرة عورة إلا وجهها و كفيها و قدميها كذا في المتون...قليل الإنكشاف عفو؛ لأن فيه بلوي، و لا بلوي في الكثير، فلايجعل عفواً، الربع و ما فوقه كثير و ما دون الربع قليل، وهو الصحيح، هكذا في المحيط"".</span></p><p class=""indent"" style=""text-align:left;""><span class=""ar_writing"">(کتاب الصلوۃ،الباب الثالث في شروط الصلاة،ج:1،ص:58، ،ط: رشيدية)</span></p><p>فتاوی شامی میں ہے:</p><p class=""indent"" style=""text-align:justify;""><span class=""ar_writing"">""واعلم أن هذا التفصيل في الإنكشاف الحادث في أثناء الصلاة، أما المقارن لإبتدائها فإنه يمنع إنعقادها مطلقا اتفاقاً بعد أن يكون المكشوف ربع العضو"".</span></p><p class=""indent"" style=""text-align:left;""><span class=""ar_writing"">( كتاب الصلوة، باب شروط الصلاة، ج:١ص:408،ط: سعيد)</span></p><p style=""text-align:justify;"">""فتاوی خانیہ علی ھامش الہندیہ"" میں ہے:</p><p class=""indent"" style=""text-align:justify;""><span class=""ar_writing"">""وانكشف عورته ففيما إذا تعمد ذلك فسدت صلاته، قل ذلك أو كثر"". </span></p><p class=""indent"" style=""text-align:left;""><span class=""ar_writing"">( كتاب الصلاة، فصل فيما يفسد الصلاة،ج: ١،ص: 131، ط: رشيدية)</span></p><p class=""indent"" style=""text-align:left;""><span class=""ar_writing"">فقط واللہ اعلم</span></p></p><hr class=""big-hr""/><div class=""col-sm-6 col-md-6""><p class=""question_heading"" style=""color:#73161f"">فتویٰ نمبر : <a id=""fatwa_number"">144406101369</a></p></div><div class=""col-sm-6 col-md-6""><p style=""color:#73161f"">دارالافتاء :
                                جامعہ علوم اسلامیہ علامہ محمد یوسف بنوری ٹاؤن</p></div><hr class=""big-hr""/><div class=""col-sm-4 col-md-4""><div class=""tag""><a href=""https://www.banuri.edu.pk/questions/kitab/salat""><i class=""icon-docs-bold""></i> نماز</a></div></div><div class=""col-sm-4 col-md-4""><div class=""tag""><a href=""https://www.banuri.edu.pk/questions/bab/namaz-ki-sharait""><i class=""icon-docs-bold""></i> نماز کی شرائط</a></div></div><div class=""col-sm-4 col-md-4""><div class=""tag""><a href=""https://www.banuri.edu.pk/questions/fasal/satar-dhaanpna""><i class=""icon-docs-bold""></i> ستر ڈھانپنا</a></div></div></div>"
https://www.banuri.edu.pk/readquestion/nai-ki-kamai-ka-hukum-144404101563/17-11-2022,نائی کی کمائی کا حکم,"<p><p style=""text-align:justify;""><span class=""ur_writing""> میرا کام چھوٹا ہوا ہے، میرا ایک چھوٹا بھائی نائی کا کام کرتا ہے،  اب تقریباً گھر کا خرچہ اسی کی آمدنی سے چل رہا ہے۔ میں گھر والوں کو بارہا کہہ چکا ہوں کہ نائی کی کمائی درست نہیں ہے، لیکن گھر کا کوئی فرد بھی میری بات نہیں مانتا۔ بلکہ وہ کہتے ہیں کہ خود تمہارا اپنا کام تو چھوٹا ہوا ہے اب اس کا کام بھی بند ہو جائے؟ ایسی صورت میں میرے لیے کیا حکم ہے، کیا میں گھر کا کھانا کھا سکتا ہوں، یا امی سے پیسے لے کر اپنی کسی ضرورت میں استعمال کر سکتا ہوں۔ کیونکہ مجھے اگر کام ڈھونڈنے بھی جانا ہے تو کرایہ وغیرہ تو گھر سے ہی لے جانا پڑتا ہے ۔</span></p></p>","<p><p style=""text-align:justify;""><span class=""ur_writing""> نائی کا پیشہ مکمل حرام اور ممنوع نہیں ہے، حلال یا حرام ہونے میں تفصیل یہ ہے کہ جو کام حرام ہیں، یعنی داڑھی مونڈنا یا بھنویں بنانا، ان کاموں کی اجرت بھی حرام ہے، اور جو کام جائز ہیں جیسے سر کے بال کاٹنا یا ایک مشت سے زائد ڈاڑھی کو  شرعی طریقے پر درست کرنا، ان کاموں کی اجرت بھی حلال ہے، البتہ جیسے  خلافِ شرع بال (مثلاً: سر کے کچھ حصے کے بال چھوٹے اور کچھ کے بڑے) رکھنا ممنوع ہے اسی طرح خلافِ شرع بال کاٹنے کی اجرت بھی حلال طیب نہیں۔ لہذا صورتِ  مسئولہ میں اگر سائل کا بھائی جو نائی کے پیشے سے منسلک ہے، وہ حجامت سے متعلق جائز کام کرکے اجرت لیتا ہے، تو اس کی کمائی حلال ہے، سائل اس کی کمائی  سے کھا سکتا ہے، اور اپنی  ضرورت کے  لیے رقم  بھی لے سکتا ہے، اور اگر وہ جائز کاموں کے ساتھ   ناجائز کام بھی کرتا ہے ، تو پھر اگر حلال کمائی زیادہ ہو تو حلال کا حکم لگے گا اوراگر حرام کمائی زیادہ ہو تو حرام کا حکم لگے گا۔ باقی جب تک سائل کا اپنا کوئی ذریعہ آمدنی نہیں ہے تو سائل کے  لیے مذکورہ آمدنی سے کھانا پینا جائز ہے۔</span></p><p>فتاوی شامی میں ہے:</p><p class=""indent"" style=""text-align:justify;""><span class=""ar_writing"">""وأما الأخذ منها وهي دون ذلك كما يفعله بعض المغاربة، ومخنثة الرجال فلم يبحه أحد اهـ ملخصا"".</span></p><p class=""indent"" style=""text-align:left;""><span class=""ar_writing"">(حاشية ابن عابدين على الدر المختار: كتاب الصوم، باب ما يفسد الصوم وما لايفسده (2/ 418)،ط.سعيد)</span></p><p dir=""rtl""><span class=""ur_writing"" lang=""ar-sa"" xml:lang=""ar-sa"">بدائع الصنائع میں ہے:</span></p><p class=""indent"" dir=""rtl"" style=""text-align:justify;""><span class=""ar_writing""><span lang=""ar-sa"" xml:lang=""ar-sa"">"" </span><span lang=""ar-sa"" xml:lang=""ar-sa"">وعلى هذا يخرج الاستئجار على المعاصي أنه لا يصح لأنه استئجار على منفعة غير مقدورة الاستيفاء شرعًا كاستئجار الإنسان للعب واللهو، وكاستئجار المغنية، والنائحة للغناء، والنوح ... وكذا لو استأجر رجلا ليقتل له رجلا أو ليسجنه أو ليضربه ظلما وكذا كل إجارة وقعت لمظلمة؛ لأنه استئجار لفعل المعصية فلا يكون المعقود عليه مقدور الاستيفاء شرعا، فإن كان ذلك بحق بأن استأجر إنسانا لقطع عضو جاز.</span></span></p><p class=""indent"" dir=""rtl"" style=""text-align:left;""><span class=""ar_writing"">(كتاب الإجارة،فصل في أنواع شرائط ركن الإجارة (4/ 189)،ط. دار الكتب العلمية، الطبعة: الثانية، 1406هـ - 1986م)</span></p><p dir=""rtl""><span class=""ur_writing"" lang=""ar-sa"" xml:lang=""ar-sa"">المحیط البرہانی میں ہے:</span></p><p class=""indent"" dir=""rtl"" style=""text-align:justify;""><span class=""ar_writing"" lang=""ar-sa"" xml:lang=""ar-sa"">""لا تجوز الإجارة على شيء من اللهو والمزامير والطبل وغيره؛ لأنها معصية والإجارة على المعصية باطلة؛ ولأن الأجير مع المستأجر يشتركان في منفعة ذلك فتكون هذه الإجارة واقعة على عمل هو فيه شريك.""</span></p><p class=""indent"" style=""text-align:left;""><span class=""ar_writing""><span lang=""ar-sa"" xml:lang=""ar-sa"">(المحيط البرهاني: كتاب الإجارات، الفصل الخامس عشر: في بيان ما يجوز من الإجارات، وما لا يجوز (7/ 482)،ط. دار الكتب العلمية، بيروت ، الطبعة: الأولى، 1424 ه</span><span lang=""ar-sa"" xml:lang=""ar-sa"">ـ</span><span lang=""ar-sa"" xml:lang=""ar-sa"">- 2004 م )</span></span></p><p class=""indent"" style=""text-align:left;""><span class=""ar_writing""><span lang=""ar-sa"" xml:lang=""ar-sa"">فقط واللہ ٲعلم</span></span></p></p><hr class=""big-hr""/>",17-11-2022,144404101563,banuri.edu.pk,اجارہ,معاصی پر اجرت,ڈاڑھی کاٹنے / خلاف شرع بال کاٹنے پر اجرت,"<div class=""col-md-12 sawal-jawab""><h3 class=""question_heading"">سوال</h3><p><p style=""text-align:justify;""><span class=""ur_writing""> میرا کام چھوٹا ہوا ہے، میرا ایک چھوٹا بھائی نائی کا کام کرتا ہے،  اب تقریباً گھر کا خرچہ اسی کی آمدنی سے چل رہا ہے۔ میں گھر والوں کو بارہا کہہ چکا ہوں کہ نائی کی کمائی درست نہیں ہے، لیکن گھر کا کوئی فرد بھی میری بات نہیں مانتا۔ بلکہ وہ کہتے ہیں کہ خود تمہارا اپنا کام تو چھوٹا ہوا ہے اب اس کا کام بھی بند ہو جائے؟ ایسی صورت میں میرے لیے کیا حکم ہے، کیا میں گھر کا کھانا کھا سکتا ہوں، یا امی سے پیسے لے کر اپنی کسی ضرورت میں استعمال کر سکتا ہوں۔ کیونکہ مجھے اگر کام ڈھونڈنے بھی جانا ہے تو کرایہ وغیرہ تو گھر سے ہی لے جانا پڑتا ہے ۔</span></p></p><h4 class=""question_heading"">جواب</h4><p><p style=""text-align:justify;""><span class=""ur_writing""> نائی کا پیشہ مکمل حرام اور ممنوع نہیں ہے، حلال یا حرام ہونے میں تفصیل یہ ہے کہ جو کام حرام ہیں، یعنی داڑھی مونڈنا یا بھنویں بنانا، ان کاموں کی اجرت بھی حرام ہے، اور جو کام جائز ہیں جیسے سر کے بال کاٹنا یا ایک مشت سے زائد ڈاڑھی کو  شرعی طریقے پر درست کرنا، ان کاموں کی اجرت بھی حلال ہے، البتہ جیسے  خلافِ شرع بال (مثلاً: سر کے کچھ حصے کے بال چھوٹے اور کچھ کے بڑے) رکھنا ممنوع ہے اسی طرح خلافِ شرع بال کاٹنے کی اجرت بھی حلال طیب نہیں۔ لہذا صورتِ  مسئولہ میں اگر سائل کا بھائی جو نائی کے پیشے سے منسلک ہے، وہ حجامت سے متعلق جائز کام کرکے اجرت لیتا ہے، تو اس کی کمائی حلال ہے، سائل اس کی کمائی  سے کھا سکتا ہے، اور اپنی  ضرورت کے  لیے رقم  بھی لے سکتا ہے، اور اگر وہ جائز کاموں کے ساتھ   ناجائز کام بھی کرتا ہے ، تو پھر اگر حلال کمائی زیادہ ہو تو حلال کا حکم لگے گا اوراگر حرام کمائی زیادہ ہو تو حرام کا حکم لگے گا۔ باقی جب تک سائل کا اپنا کوئی ذریعہ آمدنی نہیں ہے تو سائل کے  لیے مذکورہ آمدنی سے کھانا پینا جائز ہے۔</span></p><p>فتاوی شامی میں ہے:</p><p class=""indent"" style=""text-align:justify;""><span class=""ar_writing"">""وأما الأخذ منها وهي دون ذلك كما يفعله بعض المغاربة، ومخنثة الرجال فلم يبحه أحد اهـ ملخصا"".</span></p><p class=""indent"" style=""text-align:left;""><span class=""ar_writing"">(حاشية ابن عابدين على الدر المختار: كتاب الصوم، باب ما يفسد الصوم وما لايفسده (2/ 418)،ط.سعيد)</span></p><p dir=""rtl""><span class=""ur_writing"" lang=""ar-sa"" xml:lang=""ar-sa"">بدائع الصنائع میں ہے:</span></p><p class=""indent"" dir=""rtl"" style=""text-align:justify;""><span class=""ar_writing""><span lang=""ar-sa"" xml:lang=""ar-sa"">"" </span><span lang=""ar-sa"" xml:lang=""ar-sa"">وعلى هذا يخرج الاستئجار على المعاصي أنه لا يصح لأنه استئجار على منفعة غير مقدورة الاستيفاء شرعًا كاستئجار الإنسان للعب واللهو، وكاستئجار المغنية، والنائحة للغناء، والنوح ... وكذا لو استأجر رجلا ليقتل له رجلا أو ليسجنه أو ليضربه ظلما وكذا كل إجارة وقعت لمظلمة؛ لأنه استئجار لفعل المعصية فلا يكون المعقود عليه مقدور الاستيفاء شرعا، فإن كان ذلك بحق بأن استأجر إنسانا لقطع عضو جاز.</span></span></p><p class=""indent"" dir=""rtl"" style=""text-align:left;""><span class=""ar_writing"">(كتاب الإجارة،فصل في أنواع شرائط ركن الإجارة (4/ 189)،ط. دار الكتب العلمية، الطبعة: الثانية، 1406هـ - 1986م)</span></p><p dir=""rtl""><span class=""ur_writing"" lang=""ar-sa"" xml:lang=""ar-sa"">المحیط البرہانی میں ہے:</span></p><p class=""indent"" dir=""rtl"" style=""text-align:justify;""><span class=""ar_writing"" lang=""ar-sa"" xml:lang=""ar-sa"">""لا تجوز الإجارة على شيء من اللهو والمزامير والطبل وغيره؛ لأنها معصية والإجارة على المعصية باطلة؛ ولأن الأجير مع المستأجر يشتركان في منفعة ذلك فتكون هذه الإجارة واقعة على عمل هو فيه شريك.""</span></p><p class=""indent"" style=""text-align:left;""><span class=""ar_writing""><span lang=""ar-sa"" xml:lang=""ar-sa"">(المحيط البرهاني: كتاب الإجارات، الفصل الخامس عشر: في بيان ما يجوز من الإجارات، وما لا يجوز (7/ 482)،ط. دار الكتب العلمية، بيروت ، الطبعة: الأولى، 1424 ه</span><span lang=""ar-sa"" xml:lang=""ar-sa"">ـ</span><span lang=""ar-sa"" xml:lang=""ar-sa"">- 2004 م )</span></span></p><p class=""indent"" style=""text-align:left;""><span class=""ar_writing""><span lang=""ar-sa"" xml:lang=""ar-sa"">فقط واللہ ٲعلم</span></span></p></p><hr class=""big-hr""/><div class=""col-sm-6 col-md-6""><p class=""question_heading"" style=""color:#73161f"">فتویٰ نمبر : <a id=""fatwa_number"">144404101563</a></p></div><div class=""col-sm-6 col-md-6""><p style=""color:#73161f"">دارالافتاء :
                                جامعہ علوم اسلامیہ علامہ محمد یوسف بنوری ٹاؤن</p></div><hr class=""big-hr""/><div class=""col-sm-4 col-md-4""><div class=""tag""><a href=""https://www.banuri.edu.pk/questions/kitab/ijaarah""><i class=""icon-docs-bold""></i> اجارہ</a></div></div><div class=""col-sm-4 col-md-4""><div class=""tag""><a href=""https://www.banuri.edu.pk/questions/bab/ma-aasi-par-ujrat""><i class=""icon-docs-bold""></i> معاصی پر اجرت</a></div></div><div class=""col-sm-4 col-md-4""><div class=""tag""><a href=""https://www.banuri.edu.pk/questions/fasal/darhi-kaatne-khilaf-e-shara-baal-katne-par-ujrat-lena""><i class=""icon-docs-bold""></i> ڈاڑھی کاٹنے / خلاف شرع بال کاٹنے پر اجرت</a></div></div></div>"
https://www.banuri.edu.pk/readquestion/gande-pani-ke-qareeb-kunwan-khodna-144307101473/20-02-2022,گندے پانی کے قریب کنواں کھودنا,"<p><p style=""text-align:justify;"">اگر کہیں گلی میں کنواں کھوداجائے۔اوراس سے تقریباً ڈیڑھ میٹر کے فاصلے پر گندہ پانی بہتا ہو۔اور غالب گمان یہ ہو کہ یہ گندہ پانی کنویں میں ملتا ہے۔کنویں کے پانی کا رنگ بو اور مزہ بالکل صحیح ہو۔اس کنویں کے پانی سے وضو اور غسل کرنا کیسا ہے؟</p></p>","<hr class=""big-hr""/>",20-02-2022,144307101473,banuri.edu.pk,طہارت,پانی کے احکام,کنویں اور بورنگ کے احکام,"<div class=""col-md-12 sawal-jawab""><h3 class=""question_heading"">سوال</h3><p><p style=""text-align:justify;"">اگر کہیں گلی میں کنواں کھوداجائے۔اوراس سے تقریباً ڈیڑھ میٹر کے فاصلے پر گندہ پانی بہتا ہو۔اور غالب گمان یہ ہو کہ یہ گندہ پانی کنویں میں ملتا ہے۔کنویں کے پانی کا رنگ بو اور مزہ بالکل صحیح ہو۔اس کنویں کے پانی سے وضو اور غسل کرنا کیسا ہے؟</p></p><h4 class=""question_heading"">جواب</h4><p><p style=""text-align:justify;"">صورت مسئولہ میں اگر   قریب کے  ناپاک پانی کا اثر  پاک پانی کے کنویں میں نہ آئے تو اس کنویں کے  پانی کےاستعمال میں  (اور اس سے وضو، غسل کرنے میں)کوئی مضائقہ نہیں، اور اثر  کا مطلب یہ ہے کہ کنویں میں  ناپاک پانی   کا رنگ ، ذائقہ اور بو نہ آئے ،  اگر  ناپاک پانی کی ان (رنگ، بو، مزہ) میں سے ایک چیز بھی کنویں  کے پانی میں  محسوس ہو تو اس کا پانی بھی ناپاک ہوجائے گا۔</p><p dir=""rtl""><span lang=""er"" xml:lang=""er"">فتاوی دار العلوم دیوبند میں ہے :</span></p><p class=""indent"" dir=""rtl""><span lang=""er"" xml:lang=""er"">""(سوال)  دیہہ  ہذا کے وسط میں ایک کنواں  ہے ،  مگر مستعمل نہیں اور ناپاک ہے ، اس کے متصل چند گز کے فاصلہ پر مسجد کے احاطہ  میں ایک جدید کنواں  تعمیر ہوا ہے ، تو اول کنویں  کی ناپاکی کا اثر دوسرے کنویں میں اثر کرے گا یا نہیں ؟</span></p><p class=""indent"" dir=""rtl"" style=""text-align:justify;""><span lang=""er"" xml:lang=""er"">( جواب) مسجد کے کنویں کا پانی بوجہ قریب ہونے دوسرے کنویں  نا پاک کے ناپاک نہ ہوگا ؛ کیوں کہ  باتفاق یہ ثابت ہے کہ ایک کنویں  کا پانی ناپاک ہوجانے سے دوسرے کنویں کا پانی ناپاک نہیں ہوتا اور اس میں کوئی تحدید نہیں کی گئی اور جو کچھ بحث کی گئی ہے وہ  کنویں کے پاس چوبچہ بنانے میں کی گئی ہے نہ کنویں میں ۔""</span></p><p class=""indent"" dir=""rtl"" style=""text-align:left;"">(کتاب الطہارات : 1 / 172 ، ط :دار الاشاعت کراچی)</p><p dir=""rtl""><span lang=""ar-sa"" xml:lang=""ar-sa"">فتاوی ہندیہ  میں ہے :</span></p><p class=""indent"" dir=""rtl"" style=""text-align:justify;""><span class=""ar_writing"" lang=""ar-sa"" xml:lang=""ar-sa"">""بئر الماء إذا كانت بقرب البئر النجسة فهي طاهرة ما لم يتغير طعمه أو لونه أو ريحه. كذا في الظهيرية ولا يقدر هذا بالذرعان حتى إذا كان بينهما عشرة أذرع وكان يوجد في البئر أثر البالوعة فماء البئر نجس وإن كان بينهما ذراع واحد ولا يوجد أثر البالوعة فماء البئر طاهر. كذا في المحيط وهو الصحيح. هكذا في محيط السرخسي.""</span></p><p class=""indent"" dir=""rtl"" style=""text-align:left;""><span lang=""ar-sa"" xml:lang=""ar-sa"">(</span>فتاوى عالمگيريہ ،کتاب الطہارۃ ، الباب الثالث فی المیاہ ، الفصل الأول فيما يجوز به التوضؤ :1 / 20 ، ط : رشیدیہ)</p><p dir=""rtl""><span lang=""ar-sa"" xml:lang=""ar-sa"">بدائع الصنائع في ترتيب الشرائع میں ہے :</span></p><p class=""indent"" dir=""rtl"" style=""text-align:justify;""><span class=""ar_writing"" lang=""er"" xml:lang=""er"">""للمالك أن يتصرف في ملكه أي تصرف شاء.""</span></p><p class=""indent"" dir=""rtl"" style=""text-align:left;""><span class=""ar_writing""><span lang=""er"" xml:lang=""er"">(</span><span lang=""ar-sa"" xml:lang=""ar-sa"">فصل في بيان حكم الملك والحق الثابت في المحل:</span><span lang=""er"" xml:lang=""er"">6/264،ط:</span><span lang=""ar-sa"" xml:lang=""ar-sa"">دار الكتب العلمية</span><span lang=""er"" xml:lang=""er"">)</span></span></p><p class=""indent"" dir=""rtl"" style=""text-align:left;""><span lang=""er"" xml:lang=""er"">فقط و اللہ اعلم</span></p></p><hr class=""big-hr""/><div class=""col-sm-6 col-md-6""><p class=""question_heading"" style=""color:#73161f"">فتویٰ نمبر : <a id=""fatwa_number"">144307101473</a></p></div><div class=""col-sm-6 col-md-6""><p style=""color:#73161f"">دارالافتاء :
                                جامعہ علوم اسلامیہ علامہ محمد یوسف بنوری ٹاؤن</p></div><hr class=""big-hr""/><div class=""col-sm-4 col-md-4""><div class=""tag""><a href=""https://www.banuri.edu.pk/questions/kitab/taharat""><i class=""icon-docs-bold""></i> طہارت</a></div></div><div class=""col-sm-4 col-md-4""><div class=""tag""><a href=""https://www.banuri.edu.pk/questions/bab/pani-k-ahkam""><i class=""icon-docs-bold""></i> پانی کے احکام</a></div></div><div class=""col-sm-4 col-md-4""><div class=""tag""><a href=""https://www.banuri.edu.pk/questions/fasal/kunwen-aur-boring-ke-ahkaam""><i class=""icon-docs-bold""></i> کنویں اور بورنگ کے احکام</a></div></div></div>"
https://www.banuri.edu.pk/readquestion/bachi-ky-liy-name-ki-tjwez-144406100601/02-01-2023,بچی کے لیے نام کی تجویز,"<p><p style=""text-align:justify;"">اللہ تعالیٰ نے تیسری بیٹی سے نوازا ہے۔پہلی دوبچیوں کے نام حریم نور اور حراء نور ہیں،ان کی مناسبت سے تیسری بیٹی کا نام تجویز فرمایئے۔</p></p>","<p><p style=""text-align:justify;"">مذکورہ ناموں کی مناسبت سے تیسری صاحبزادی کا نام ’’حمنہ ‘‘، ’’حدیقہ‘‘،’’حبیبہ‘‘، ’’حلیمہ‘‘،یا’’حمیراء‘‘رکھ سکتے ہیں ۔ نیز ناموں کے سلسلہ میں ہماری ویب سائٹ پر موجود ’’اسلام نام ‘‘ کے سیکشن سے بھی نام کا انتخاب کرسکتے ہیں۔</p><p class=""indent"" style=""text-align:left;"">فقط واللہ اعلم </p></p><hr class=""big-hr""/>",02-01-2023,144406100601,banuri.edu.pk,حظر و اباحت,نام، لقب، کنیت,ناموں کے معانی اور احکام,"<div class=""col-md-12 sawal-jawab""><h3 class=""question_heading"">سوال</h3><p><p style=""text-align:justify;"">اللہ تعالیٰ نے تیسری بیٹی سے نوازا ہے۔پہلی دوبچیوں کے نام حریم نور اور حراء نور ہیں،ان کی مناسبت سے تیسری بیٹی کا نام تجویز فرمایئے۔</p></p><h4 class=""question_heading"">جواب</h4><p><p style=""text-align:justify;"">مذکورہ ناموں کی مناسبت سے تیسری صاحبزادی کا نام ’’حمنہ ‘‘، ’’حدیقہ‘‘،’’حبیبہ‘‘، ’’حلیمہ‘‘،یا’’حمیراء‘‘رکھ سکتے ہیں ۔ نیز ناموں کے سلسلہ میں ہماری ویب سائٹ پر موجود ’’اسلام نام ‘‘ کے سیکشن سے بھی نام کا انتخاب کرسکتے ہیں۔</p><p class=""indent"" style=""text-align:left;"">فقط واللہ اعلم </p></p><hr class=""big-hr""/><div class=""col-sm-6 col-md-6""><p class=""question_heading"" style=""color:#73161f"">فتویٰ نمبر : <a id=""fatwa_number"">144406100601</a></p></div><div class=""col-sm-6 col-md-6""><p style=""color:#73161f"">دارالافتاء :
                                جامعہ علوم اسلامیہ علامہ محمد یوسف بنوری ٹاؤن</p></div><hr class=""big-hr""/><div class=""col-sm-4 col-md-4""><div class=""tag""><a href=""https://www.banuri.edu.pk/questions/kitab/mamnooaat-mubahat""><i class=""icon-docs-bold""></i> حظر و اباحت</a></div></div><div class=""col-sm-4 col-md-4""><div class=""tag""><a href=""https://www.banuri.edu.pk/questions/bab/asaami""><i class=""icon-docs-bold""></i> نام، لقب، کنیت</a></div></div><div class=""col-sm-4 col-md-4""><div class=""tag""><a href=""https://www.banuri.edu.pk/questions/fasal/namoun-ke-mani-or-ahkaam""><i class=""icon-docs-bold""></i> ناموں کے معانی اور احکام</a></div></div></div>"
https://www.banuri.edu.pk/readquestion/phli-talaq-kay-ch-mah-bad-rujoo-krny-ka-tareeqa-144406101878/17-01-2023,پہلی طلاق کے چھ ماہ بعد رجوع کرنے کا طریقہ,"<p><p style=""text-align:justify;"">پہلی طلاق کو اگر چھ ماہ سے زیادہ ہوجائے، تو رجوع کا کیا طریقہ ہے؟</p></p>","<p><p style=""text-align:justify;"">صورتِ مسئولہ میں اگر طلاقِ رجعی ہو، یا طلاقِ بائن، عدت مکمل(پوری تین ماہواریاں اگر حمل نہ ہو، اور اگر حمل ہو تو بچہ کی پیدائش تک) ہوجانے کے بعد اگر میاں بیوی باہمی رضامندی سے دوبارہ ساتھ رہنا چاہیں، تو اس کا شرعی طریقہ یہ ہے کہ شرعی گواہوں(دو مرد یا ایک مرد اور دو عورتوں) کی موجودگی میں میاں بیوی نئے مہر کے ساتھ تجدیدِ نکاح کرلیں، اور اس کے بعد پھر دونوں میاں بیوی ازدواجی زندگی گزار سکتے ہیں۔</p><p style=""text-align:justify;"">تاہم اگر پہلے طلاق کی عدت ابھی تک مکمل نہ ہوئی ہو، تو پھر اس صورت میں طلاقِ بائن میں  دوباره تجديدِ نكاح كرنا هے،اور  طلاقِ رجعی میں عدت کے دوران صرف رجوع کرنا ہے ،دوبارہ نکاح کی ضرورت نہیں ہے، بلکہ شوہر کو بلا نکاح بھی قولاً اور فعلاً اپنی بیوی سے رجوع کرنے کا شرعاً حق حاصل ہے۔</p><p style=""text-align:justify;"">فتاویٰ ہندیہ میں ہے:</p><p class=""indent"" dir=""rtl"" style=""text-align:justify;""><span class=""ar_writing"">""وإذا طلق الرجل امرأته تطلیقة رجعیة أو  تطلیقتین  فله أن یراجعها فی عدتها رضیت بذلك أو لم ترض كذا فی الهدایة.""</span></p><p class=""indent"" dir=""rtl"" style=""text-align:left;""><span class=""ar_writing""><span lang=""er"" xml:lang=""er"">(کتاب الطلاق، الباب السادس فی الرجعة، </span>ج: 1، ص: 471، ط: رشیدیة)</span></p><p dir=""rtl"" style=""text-align:justify;""><span class=""ar_writing""><span lang=""er"" xml:lang=""er"">وفی</span>ه أیضاً:</span></p><p class=""indent"" dir=""rtl"" style=""text-align:justify;""><span class=""ar_writing"">""الرجعة إبقاء النكاح على ما كان ما دامت في العدة كذا في التبيين وهي على ضربين: سني وبدعي (فالسني) أن ‌يراجعها بالقول ويشهد على رجعتها شاهدين ويعلمها بذلك فإذا راجعها بالقول نحو أن يقول لها: راجعتك أو راجعت امرأتي ولم يشهد على ذلك أو أشهد ولم يعلمها بذلك فهو بدعي مخالف للسنة والرجعة صحيحة.""</span></p><p class=""indent"" dir=""rtl"" style=""text-align:left;""><span class=""ar_writing"">(كتاب الطلاق، الباب السادس في الرجعة وفيما تحل به المطلقة وما يتصل به، ج: 1، ص: 468، ط:رشیدیة)</span></p><p dir=""rtl"" style=""text-align:justify;"">فتاویٰ شامی میں ہے:</p><p class=""indent"" dir=""rtl"" style=""text-align:justify;""><span class=""ar_writing"" lang=""ar-sa"" xml:lang=""ar-sa"">""(وينكح ‌مبانته ‌بما دون الثلاث في العدة وبعدها بالإجماع) ومنع غيره فيها لاشتباه النسب.""</span></p><p class=""indent"" dir=""rtl"" style=""text-align:left;""><span class=""ar_writing"" lang=""ar-sa"" xml:lang=""ar-sa"">(كتاب الطلاق، ج:3، ص:409، ط:سعيد)</span></p><p dir=""rtl"" style=""text-align:justify;"">بدائع الصنائع میں ہے:</p><p class=""indent"" dir=""rtl"" style=""text-align:justify;""><span class=""ar_writing"" lang=""er"" xml:lang=""er"">""أما الطلاق الرجعي فالحكم الأصلي له هو نقصان العدد، فأما زوال الملك، وحل الوطء فليس بحكم أصلي له لازم حتى لا يثبت للحال، وإنما يثبت في الثاني بعد انقضاء العدة، فإن طلقها ولم يراجعها بل تركها حتى انقضت عدتها بانت، وهذا عندنا.""</span></p><p class=""indent"" dir=""rtl"" style=""text-align:left;""><span class=""ar_writing""><span dir=""rtl"" lang=""er"" xml:lang=""er""><span lang=""er"" xml:lang=""er"">(کتاب الطلاق، </span><span lang=""er"" xml:lang=""er"">فصل فی حکم الطلاق، </span></span>ج: 4، ص: 491، ط: رشیدیة)</span></p><p class=""indent"" dir=""rtl"" style=""text-align:left;"">فقط واللہ اعلم</p></p><hr class=""big-hr""/>",17-01-2023,144406101878,banuri.edu.pk,طلاق,رجوع,ایک یا دو طلاق کے بعد رجوع,"<div class=""col-md-12 sawal-jawab""><h3 class=""question_heading"">سوال</h3><p><p style=""text-align:justify;"">پہلی طلاق کو اگر چھ ماہ سے زیادہ ہوجائے، تو رجوع کا کیا طریقہ ہے؟</p></p><h4 class=""question_heading"">جواب</h4><p><p style=""text-align:justify;"">صورتِ مسئولہ میں اگر طلاقِ رجعی ہو، یا طلاقِ بائن، عدت مکمل(پوری تین ماہواریاں اگر حمل نہ ہو، اور اگر حمل ہو تو بچہ کی پیدائش تک) ہوجانے کے بعد اگر میاں بیوی باہمی رضامندی سے دوبارہ ساتھ رہنا چاہیں، تو اس کا شرعی طریقہ یہ ہے کہ شرعی گواہوں(دو مرد یا ایک مرد اور دو عورتوں) کی موجودگی میں میاں بیوی نئے مہر کے ساتھ تجدیدِ نکاح کرلیں، اور اس کے بعد پھر دونوں میاں بیوی ازدواجی زندگی گزار سکتے ہیں۔</p><p style=""text-align:justify;"">تاہم اگر پہلے طلاق کی عدت ابھی تک مکمل نہ ہوئی ہو، تو پھر اس صورت میں طلاقِ بائن میں  دوباره تجديدِ نكاح كرنا هے،اور  طلاقِ رجعی میں عدت کے دوران صرف رجوع کرنا ہے ،دوبارہ نکاح کی ضرورت نہیں ہے، بلکہ شوہر کو بلا نکاح بھی قولاً اور فعلاً اپنی بیوی سے رجوع کرنے کا شرعاً حق حاصل ہے۔</p><p style=""text-align:justify;"">فتاویٰ ہندیہ میں ہے:</p><p class=""indent"" dir=""rtl"" style=""text-align:justify;""><span class=""ar_writing"">""وإذا طلق الرجل امرأته تطلیقة رجعیة أو  تطلیقتین  فله أن یراجعها فی عدتها رضیت بذلك أو لم ترض كذا فی الهدایة.""</span></p><p class=""indent"" dir=""rtl"" style=""text-align:left;""><span class=""ar_writing""><span lang=""er"" xml:lang=""er"">(کتاب الطلاق، الباب السادس فی الرجعة، </span>ج: 1، ص: 471، ط: رشیدیة)</span></p><p dir=""rtl"" style=""text-align:justify;""><span class=""ar_writing""><span lang=""er"" xml:lang=""er"">وفی</span>ه أیضاً:</span></p><p class=""indent"" dir=""rtl"" style=""text-align:justify;""><span class=""ar_writing"">""الرجعة إبقاء النكاح على ما كان ما دامت في العدة كذا في التبيين وهي على ضربين: سني وبدعي (فالسني) أن ‌يراجعها بالقول ويشهد على رجعتها شاهدين ويعلمها بذلك فإذا راجعها بالقول نحو أن يقول لها: راجعتك أو راجعت امرأتي ولم يشهد على ذلك أو أشهد ولم يعلمها بذلك فهو بدعي مخالف للسنة والرجعة صحيحة.""</span></p><p class=""indent"" dir=""rtl"" style=""text-align:left;""><span class=""ar_writing"">(كتاب الطلاق، الباب السادس في الرجعة وفيما تحل به المطلقة وما يتصل به، ج: 1، ص: 468، ط:رشیدیة)</span></p><p dir=""rtl"" style=""text-align:justify;"">فتاویٰ شامی میں ہے:</p><p class=""indent"" dir=""rtl"" style=""text-align:justify;""><span class=""ar_writing"" lang=""ar-sa"" xml:lang=""ar-sa"">""(وينكح ‌مبانته ‌بما دون الثلاث في العدة وبعدها بالإجماع) ومنع غيره فيها لاشتباه النسب.""</span></p><p class=""indent"" dir=""rtl"" style=""text-align:left;""><span class=""ar_writing"" lang=""ar-sa"" xml:lang=""ar-sa"">(كتاب الطلاق، ج:3، ص:409، ط:سعيد)</span></p><p dir=""rtl"" style=""text-align:justify;"">بدائع الصنائع میں ہے:</p><p class=""indent"" dir=""rtl"" style=""text-align:justify;""><span class=""ar_writing"" lang=""er"" xml:lang=""er"">""أما الطلاق الرجعي فالحكم الأصلي له هو نقصان العدد، فأما زوال الملك، وحل الوطء فليس بحكم أصلي له لازم حتى لا يثبت للحال، وإنما يثبت في الثاني بعد انقضاء العدة، فإن طلقها ولم يراجعها بل تركها حتى انقضت عدتها بانت، وهذا عندنا.""</span></p><p class=""indent"" dir=""rtl"" style=""text-align:left;""><span class=""ar_writing""><span dir=""rtl"" lang=""er"" xml:lang=""er""><span lang=""er"" xml:lang=""er"">(کتاب الطلاق، </span><span lang=""er"" xml:lang=""er"">فصل فی حکم الطلاق، </span></span>ج: 4، ص: 491، ط: رشیدیة)</span></p><p class=""indent"" dir=""rtl"" style=""text-align:left;"">فقط واللہ اعلم</p></p><hr class=""big-hr""/><div class=""col-sm-6 col-md-6""><p class=""question_heading"" style=""color:#73161f"">فتویٰ نمبر : <a id=""fatwa_number"">144406101878</a></p></div><div class=""col-sm-6 col-md-6""><p style=""color:#73161f"">دارالافتاء :
                                جامعہ علوم اسلامیہ علامہ محمد یوسف بنوری ٹاؤن</p></div><hr class=""big-hr""/><div class=""col-sm-4 col-md-4""><div class=""tag""><a href=""https://www.banuri.edu.pk/questions/kitab/talaaq""><i class=""icon-docs-bold""></i> طلاق</a></div></div><div class=""col-sm-4 col-md-4""><div class=""tag""><a href=""https://www.banuri.edu.pk/questions/bab/rujoo""><i class=""icon-docs-bold""></i> رجوع</a></div></div><div class=""col-sm-4 col-md-4""><div class=""tag""><a href=""https://www.banuri.edu.pk/questions/fasal/ek-ya-do-talaq-ke-bad-rujoo""><i class=""icon-docs-bold""></i> ایک یا دو طلاق کے بعد رجوع</a></div></div></div>"
https://www.banuri.edu.pk/readquestion/do-ya-dhai-mahene-ka-hamal-zaya-karna-144406101562/12-01-2023,دو یا ڈھائی مہینہ حمل ضائع کرنا,,"<p><p style=""text-align:justify;"">واضح رہے کہ اگرواقعۃ  حمل سے عورت کی جان کو خطرہ  ہو یا کسی مضرت(نقصان) کا اندیشہ ہو ، یا  حمل سے عورت کا دودھ بند ہوجائے، جس  سےپہلے بچے کو نقصان ہو  اور بچے کے والد کی اتنی گنجائش نہ ہو کہ وہ اجرت پر دودھ پلانے والی عورت مقرر کرسکے یا بچہ کےلئے ڈبہ کے دودھ کا انتظام کرسکے    اور کوئی  تجربہ کار مستند مسلمان دیندار  ڈاکٹر اس بات کی تصدیق کرے کہ عورت کا حمل برقرار رہنے کی صورت میں حاملہ کی جان کو شدید خطرہ لاحق ہوسکتا ہے یا شدید ضرر لاحق ہوسکتا ہے ،تو ایسے عذر کی صورت میں حمل میں جان پڑنے سے پہلے پہلے اسے ختم کرنے کی  گنجائش ہے  اور فقہاء کرام نے اس کی مدت چارہ ماہ (ایک سو بیس دن ) بیان فرمائی ہے ،اگر مذکورہ بالا اعذار میں سے کوئی عذر نہ ہو تو حمل میں جان پڑنے سے پہلے بھی حمل کو ختم کرنا شرعا جائز نہیں ہوگالہذا صورت مسئولہ میں اگر ذکرکردہ اعذار میں سے کوئی عذر پا یا جارہا ہے تو حمل ساقط کرنے کی گنجائش ہوگی اس کے علاوہ شرعی عذر کے بغیر چار ماہ سے کم میں بھی  حمل ساقط کرنا جائز نہیں ہے۔</p><p style=""text-align:justify;"">فتاوی شامی میں ہے:</p><p class=""indent"" style=""text-align:justify;""><span class=""ar_writing"">""وقالوا يباح إسقاط الولد قبل أربعة أشهر ولو بلا إذن الزوج.</span></p><p class=""indent"" style=""text-align:justify;""><span class=""ar_writing"">(قوله وقالوا إلخ) قال في النهر: بقي هل يباح الإسقاط بعد الحمل؟ نعم يباح ما لم يتخلق منه شيء ولن يكون ذلك إلا بعد مائة وعشرين يوما، وهذا يقتضي أنهم أرادوا بالتخليق نفخ الروح وإلا فهو غلط لأن التخليق يتحقق بالمشاهدة قبل هذه المدة كذا في الفتح، وإطلاقهم يفيد عدم توقف جواز إسقاطها قبل المدة المذكورة على إذن الزوج. وفي كراهة الخانية: ولا أقول بالحل إذ المحرم لو كسر بيض الصيد ضمنه لأنه أصل الصيد فلما كان يؤاخذ بالجزاء فلا أقل من أن يلحقها إثم هنا إذا سقط بغير عذرها اهـ قال ابن وهبان: ومن الأعذار أن ينقطع لبنها بعد ظهور الحمل وليس لأبي الصبي ما يستأجر به الظئر ويخاف هلاكه. ونقل عن الذخيرة لو أرادت الإلقاء قبل مضي زمن ينفخ فيه الروح هل يباح لها ذلك أم لا؟ اختلفوا فيه، وكان الفقيه علي بن موسى يقول: إنه يكره، فإن الماء بعدما وقع في الرحم مآله الحياة فيكون له حكم الحياة كما في بيضة صيد الحرم، ونحوه في الظهيرية قال ابن وهبان: فإباحة الإسقاط محمولة على حالة العذر، أو أنها لا تأثم إثم القتل اهـ. وبما في الذخيرة تبين أنهم ما أرادوا بالتحقيق إلا نفخ الروح، وأن قاضي خان مسبوق بما مر من التفقه، والله تعالى الموفق اهـ كلام النهر ح.""</span></p><p class=""indent"" style=""text-align:left;""><span class=""ar_writing"">(کتاب النکاح ، باب نکاح الرقیق جلد ۳ ص: ۱۷۶ ط: دارالفکر)</span></p><p style=""text-align:justify;"">فتاوی عالمگیری میں ہے:</p><p class=""indent"" style=""text-align:justify;""><span class=""ar_writing"">""امرأة مرضعة ظهر بها حبل وانقطع لبنها وتخاف على ولدها الهلاك وليس لأبي هذا الولد سعة حتى يستأجر الظئر يباح لها أن تعالج في استنزال الدم ما دام نطفة أو مضغة أو علقة لم يخلق له عضو وخلقه لا يستبين إلا بعد مائة وعشرين يوما أربعون نطفة وأربعون علقة وأربعون مضغة كذا في خزانة المفتين. وهكذا في فتاوى قاضي خان.""</span></p><p class=""indent"" style=""text-align:left;""><span class=""ar_writing"">(کتاب الکراهیة ، الباب الثامن عشر فی التداوي و المعالجات جلد ۵ ص: ۳۵۶ ط: دارالفکر)</span></p><p style=""text-align:justify;"">امداد الفتاوی میں ہے :</p><p class=""indent"" style=""text-align:justify;"">"" جب تک روح نہ آوے اسقاط حکم قتل نفس میں نہیں ،لیکن بلاضرورت مکروہ ہے اور بعذر جائز اور بعد نفخ روح  حرام و کبیرہ و قتل نفس زکیہ ۔ــ""</p><p class=""indent"" style=""text-align:left;"">(احکام متعلقہ علاج و دو اوغیرہ ج:۴ ص:۲۰۴ ط:مکتبہ دار العلوم کراچی )</p><p class=""indent"" style=""text-align:left;"">فقط و اللہ اعلم </p></p><hr class=""big-hr""/>",12-01-2023,144406101562,banuri.edu.pk,حظر و اباحت,علاج / معالجہ,اسقاط حمل,"<div class=""col-md-12 sawal-jawab""><h3 class=""question_heading"">سوال</h3><p><p style=""text-align:justify;""> دو یا ڈھائی مہینے کا حمل ہے اور ہم دونوں میاں اور بیوی کی باہمی رضامندی سے کیا ہم حمل ساقط کر سکتے ہیں یا نہیں برائے مہربانی جواب عنایت فرمائیں۔</p></p><h4 class=""question_heading"">جواب</h4><p><p style=""text-align:justify;"">واضح رہے کہ اگرواقعۃ  حمل سے عورت کی جان کو خطرہ  ہو یا کسی مضرت(نقصان) کا اندیشہ ہو ، یا  حمل سے عورت کا دودھ بند ہوجائے، جس  سےپہلے بچے کو نقصان ہو  اور بچے کے والد کی اتنی گنجائش نہ ہو کہ وہ اجرت پر دودھ پلانے والی عورت مقرر کرسکے یا بچہ کےلئے ڈبہ کے دودھ کا انتظام کرسکے    اور کوئی  تجربہ کار مستند مسلمان دیندار  ڈاکٹر اس بات کی تصدیق کرے کہ عورت کا حمل برقرار رہنے کی صورت میں حاملہ کی جان کو شدید خطرہ لاحق ہوسکتا ہے یا شدید ضرر لاحق ہوسکتا ہے ،تو ایسے عذر کی صورت میں حمل میں جان پڑنے سے پہلے پہلے اسے ختم کرنے کی  گنجائش ہے  اور فقہاء کرام نے اس کی مدت چارہ ماہ (ایک سو بیس دن ) بیان فرمائی ہے ،اگر مذکورہ بالا اعذار میں سے کوئی عذر نہ ہو تو حمل میں جان پڑنے سے پہلے بھی حمل کو ختم کرنا شرعا جائز نہیں ہوگالہذا صورت مسئولہ میں اگر ذکرکردہ اعذار میں سے کوئی عذر پا یا جارہا ہے تو حمل ساقط کرنے کی گنجائش ہوگی اس کے علاوہ شرعی عذر کے بغیر چار ماہ سے کم میں بھی  حمل ساقط کرنا جائز نہیں ہے۔</p><p style=""text-align:justify;"">فتاوی شامی میں ہے:</p><p class=""indent"" style=""text-align:justify;""><span class=""ar_writing"">""وقالوا يباح إسقاط الولد قبل أربعة أشهر ولو بلا إذن الزوج.</span></p><p class=""indent"" style=""text-align:justify;""><span class=""ar_writing"">(قوله وقالوا إلخ) قال في النهر: بقي هل يباح الإسقاط بعد الحمل؟ نعم يباح ما لم يتخلق منه شيء ولن يكون ذلك إلا بعد مائة وعشرين يوما، وهذا يقتضي أنهم أرادوا بالتخليق نفخ الروح وإلا فهو غلط لأن التخليق يتحقق بالمشاهدة قبل هذه المدة كذا في الفتح، وإطلاقهم يفيد عدم توقف جواز إسقاطها قبل المدة المذكورة على إذن الزوج. وفي كراهة الخانية: ولا أقول بالحل إذ المحرم لو كسر بيض الصيد ضمنه لأنه أصل الصيد فلما كان يؤاخذ بالجزاء فلا أقل من أن يلحقها إثم هنا إذا سقط بغير عذرها اهـ قال ابن وهبان: ومن الأعذار أن ينقطع لبنها بعد ظهور الحمل وليس لأبي الصبي ما يستأجر به الظئر ويخاف هلاكه. ونقل عن الذخيرة لو أرادت الإلقاء قبل مضي زمن ينفخ فيه الروح هل يباح لها ذلك أم لا؟ اختلفوا فيه، وكان الفقيه علي بن موسى يقول: إنه يكره، فإن الماء بعدما وقع في الرحم مآله الحياة فيكون له حكم الحياة كما في بيضة صيد الحرم، ونحوه في الظهيرية قال ابن وهبان: فإباحة الإسقاط محمولة على حالة العذر، أو أنها لا تأثم إثم القتل اهـ. وبما في الذخيرة تبين أنهم ما أرادوا بالتحقيق إلا نفخ الروح، وأن قاضي خان مسبوق بما مر من التفقه، والله تعالى الموفق اهـ كلام النهر ح.""</span></p><p class=""indent"" style=""text-align:left;""><span class=""ar_writing"">(کتاب النکاح ، باب نکاح الرقیق جلد ۳ ص: ۱۷۶ ط: دارالفکر)</span></p><p style=""text-align:justify;"">فتاوی عالمگیری میں ہے:</p><p class=""indent"" style=""text-align:justify;""><span class=""ar_writing"">""امرأة مرضعة ظهر بها حبل وانقطع لبنها وتخاف على ولدها الهلاك وليس لأبي هذا الولد سعة حتى يستأجر الظئر يباح لها أن تعالج في استنزال الدم ما دام نطفة أو مضغة أو علقة لم يخلق له عضو وخلقه لا يستبين إلا بعد مائة وعشرين يوما أربعون نطفة وأربعون علقة وأربعون مضغة كذا في خزانة المفتين. وهكذا في فتاوى قاضي خان.""</span></p><p class=""indent"" style=""text-align:left;""><span class=""ar_writing"">(کتاب الکراهیة ، الباب الثامن عشر فی التداوي و المعالجات جلد ۵ ص: ۳۵۶ ط: دارالفکر)</span></p><p style=""text-align:justify;"">امداد الفتاوی میں ہے :</p><p class=""indent"" style=""text-align:justify;"">"" جب تک روح نہ آوے اسقاط حکم قتل نفس میں نہیں ،لیکن بلاضرورت مکروہ ہے اور بعذر جائز اور بعد نفخ روح  حرام و کبیرہ و قتل نفس زکیہ ۔ــ""</p><p class=""indent"" style=""text-align:left;"">(احکام متعلقہ علاج و دو اوغیرہ ج:۴ ص:۲۰۴ ط:مکتبہ دار العلوم کراچی )</p><p class=""indent"" style=""text-align:left;"">فقط و اللہ اعلم </p></p><hr class=""big-hr""/><div class=""col-sm-6 col-md-6""><p class=""question_heading"" style=""color:#73161f"">فتویٰ نمبر : <a id=""fatwa_number"">144406101562</a></p></div><div class=""col-sm-6 col-md-6""><p style=""color:#73161f"">دارالافتاء :
                                جامعہ علوم اسلامیہ علامہ محمد یوسف بنوری ٹاؤن</p></div><hr class=""big-hr""/><div class=""col-sm-4 col-md-4""><div class=""tag""><a href=""https://www.banuri.edu.pk/questions/kitab/mamnooaat-mubahat""><i class=""icon-docs-bold""></i> حظر و اباحت</a></div></div><div class=""col-sm-4 col-md-4""><div class=""tag""><a href=""https://www.banuri.edu.pk/questions/bab/ilaj-mualaja""><i class=""icon-docs-bold""></i> علاج / معالجہ</a></div></div><div class=""col-sm-4 col-md-4""><div class=""tag""><a href=""https://www.banuri.edu.pk/questions/fasal/isqat-e-hamal""><i class=""icon-docs-bold""></i> اسقاط حمل</a></div></div></div>"
https://www.banuri.edu.pk/readquestion/bachon-ko-fareshath-kehne-ka-hukum-144404101664/19-11-2022,بچوں کو فرشتہ کہنے کا حکم,"<p><p style=""text-align:justify;"">بچوں کو فرشتہ کہناکیساہے ؟</p></p>","<p><p style=""text-align:justify;"">""فرشتہ ""فارسی زبان کا لفظ ہے ، جسے""نیک، مقدس، معصوم، پاک، بہت نیک سیرت، معظم"" جیسے معانی میں استعمال کیاجاتاہے،چوں کہ عرف میں مذکورہ لفظ بچوں کومعصوم،پاک اورنیک ہونے کے لحاظ سےاستعمال کیاجاتاہے،لہذابچوں کو فرشتہ کہنے میں کوئی مضائقہ نہیں۔ </p><p style=""text-align:justify;"">فرہنگ عمید میں ہے : </p><p class=""indent"" style=""text-align:justify;"">""فرشته، فرسته [ferešte] . 1-موجودی آسمانی و غیر قابل رؤیت کہ مأمور اجرای اوامر الهی است و مرتکب گناه نمی‌شود؛ مَلَک. 2- [مجاز] فرد دارای سیرت نیک و پسندیده. 3- [مجاز] زن زیبا و مهربان۔""</p><p class=""indent"" style=""text-align:left;"">(فرہنگ عمید ص : 909 ط : مؤسسۃ انتشارات امیرکبیر)</p><p class=""indent"" style=""text-align:left;"">فقط واللہ اعلم</p></p><hr class=""big-hr""/>",19-11-2022,144404101664,banuri.edu.pk,حقوق و آدابِ معاشرت,اَخلاقیات,اخلاقِ حمیدہ/ اچھے اخلاق,"<div class=""col-md-12 sawal-jawab""><h3 class=""question_heading"">سوال</h3><p><p style=""text-align:justify;"">بچوں کو فرشتہ کہناکیساہے ؟</p></p><h4 class=""question_heading"">جواب</h4><p><p style=""text-align:justify;"">""فرشتہ ""فارسی زبان کا لفظ ہے ، جسے""نیک، مقدس، معصوم، پاک، بہت نیک سیرت، معظم"" جیسے معانی میں استعمال کیاجاتاہے،چوں کہ عرف میں مذکورہ لفظ بچوں کومعصوم،پاک اورنیک ہونے کے لحاظ سےاستعمال کیاجاتاہے،لہذابچوں کو فرشتہ کہنے میں کوئی مضائقہ نہیں۔ </p><p style=""text-align:justify;"">فرہنگ عمید میں ہے : </p><p class=""indent"" style=""text-align:justify;"">""فرشته، فرسته [ferešte] . 1-موجودی آسمانی و غیر قابل رؤیت کہ مأمور اجرای اوامر الهی است و مرتکب گناه نمی‌شود؛ مَلَک. 2- [مجاز] فرد دارای سیرت نیک و پسندیده. 3- [مجاز] زن زیبا و مهربان۔""</p><p class=""indent"" style=""text-align:left;"">(فرہنگ عمید ص : 909 ط : مؤسسۃ انتشارات امیرکبیر)</p><p class=""indent"" style=""text-align:left;"">فقط واللہ اعلم</p></p><hr class=""big-hr""/><div class=""col-sm-6 col-md-6""><p class=""question_heading"" style=""color:#73161f"">فتویٰ نمبر : <a id=""fatwa_number"">144404101664</a></p></div><div class=""col-sm-6 col-md-6""><p style=""color:#73161f"">دارالافتاء :
                                جامعہ علوم اسلامیہ علامہ محمد یوسف بنوری ٹاؤن</p></div><hr class=""big-hr""/><div class=""col-sm-4 col-md-4""><div class=""tag""><a href=""https://www.banuri.edu.pk/questions/kitab/huqooq-muashret""><i class=""icon-docs-bold""></i> حقوق و آدابِ معاشرت</a></div></div><div class=""col-sm-4 col-md-4""><div class=""tag""><a href=""https://www.banuri.edu.pk/questions/bab/akhlaaqiyaat""><i class=""icon-docs-bold""></i> اَخلاقیات</a></div></div><div class=""col-sm-4 col-md-4""><div class=""tag""><a href=""https://www.banuri.edu.pk/questions/fasal/akhlaaq-e-hameeda-ache-akhlaaq""><i class=""icon-docs-bold""></i> اخلاقِ حمیدہ/ اچھے اخلاق</a></div></div></div>"
https://www.banuri.edu.pk/readquestion/kisi-company-ke-app-ke-zarieah-khareedo-farookht-ka-hukum-144404101730/20-11-2022,کسی آن لائن کمپنی کے ایپ کے ذریعہ خرید و فروخت کرنے کا حکم,"<p><p style=""text-align:justify;""> daraz.pk ویب سائٹ سے منسلک ہو کر  اپنی اشیاء کو آن لائن فروخت کرنا کیسا ہے؟ </p></p>","<p><p style=""text-align:justify;"">واضح رہے کہ کسی آن لائن شاپنگ ویب سائٹ یا کسی بھی آن لائن ایپ اور پلیٹ فارم سے   آن لائن کاروبار کرنے کی صورت میں جو چیز فروخت کی جارہی ہو  اگر وہ فروخت کرنے والے کی ملکیت میں موجود ہو اور تصویر دکھلا کر سودا کیا جا رہا ہو تو ایسی صورت میں بھی آن لائن خرید و فروخت شرعاً درست ہوگی، لیکن اگر مال فروخت کرنے والے کی ملکیت میں نہیں ہے اور وہ محض اشتہار، تصویر دکھلاکر کسی کو وہ سامان فروخت کرتا ہو (یعنی سودا کرتے وقت یوں کہے کہ: ’’فلاں چیز میں نے آپ کو اتنے میں بیچی‘‘، وغیرہ) اور بعد میں وہ سامان کسی اور دکان،اسٹوروغیرہ سے خرید کردیتا ہو تو یہ صورت فروخت کنندہ  کی ملکیت یا قبضہ میں وہ چیز  موجود نہ ہونے کی وجہ سے جائز نہیں ہے؛ اس لیے کہ جو چیز فروخت کرنا مقصود ہو وہ فروخت کنندہ کی ملکیت یا وکیل (ایجنٹ)کے قبضے میں ہونا شرعاً ضروری ہوتا ہے۔</p><p style=""text-align:justify;"">اس کے جواز کی صورتیں درج ذیل ہیں:<br/>:- فروخت کنندہ  مال قبضہ میں آنے سے پہلے فروختگی  نہ کرے، بلکہ فروختگی کا وعدہ کرے،فروختگی کا معاملہ مال پہنچنے کے بعد کرے اور فروخت کنندہ اور خریدار  سے یہ کہہ دے کہ یہ چیز اگر آپ مجھ سے خریدیں گے تو میں آپ کو اتنے کی قیمت میں دوں گا۔</p><p style=""text-align:justify;""> :-آن لائن کام کرنے والا فرد یا کمپنی ایک فرد (خریدار) سے آرڈر لے اورمطلوبہ چیز کسی دوسرے فرد یا کمپنی سے لے کر خریدار تک پہنچائے اور اس عمل کی اُجرت مقرر کرکے لے تو یہ بھی جائز ہے، یعنی اشیاء کی خرید وفروخت کے بجائے بروکری كرے اور اس کی اُجرت مقرر کرکے یہ معاملہ کرے۔ </p><p style=""text-align:justify;"">البتہ جواز کی ہر صورت میں خریدار کو مطلوبہ چیز ملنے کے بعد ”خیارِ رؤیت“ حاصل ہوگا، یعنی جب ’’مال‘‘ خریدار کو مل جائے تو دیکھنے کے بعد اس کی مطلوبہ شرائط کے مطابق نہ ہونے کی صورت میں اُسےواپس کرنے کااختیار حاصل ہوگا۔</p><p style=""text-align:justify;"">چوں کہ  آن لائن خرید وفروخت کرتے ہوئے ’’مال‘‘ کی تصویر دکھانا بعینہ نمونہ دکھانے کی طرح نہیں ہے، کیوں کہ تصویر کسی شئے کی مثل تو ہے، عین نہیں ہے ، لہٰذا حقیقتاً مال  دیکھ لینے کے بعد خریدار کو خیارِ رؤیت حاصل ہوگا۔</p><p style=""text-align:justify;"">حدیث شریف میں ہے:</p><p class=""indent"" style=""text-align:justify;""><span class=""ar_writing"">’’عن ابن عباسؓ، أن رسول اللہ صلی اللہ عليہ وسلم قال: ’’من ابتاع طعاما فلا يبعه حتی يستوفيه‘‘، قال ابن عباسؓ: وأحسب کل شيء مثله.‘‘</span></p><p class=""indent"" style=""text-align:left;""><span class=""ar_writing""> (الصحيح لمسلم، باب بطلان بیع المبیع قبل القبض رقم الحديث:1525 )</span></p><p class=""indent"" style=""text-align:justify;"">’’حضرت عبد اللہ بن عباس رضی اللہ عنہما سے روایت ہے کہ رسول اللہ صلی اللہ علیہ وسلم نے فرمایا کہ: جب کوئی کھانے کی چیز خریدے تو اس وقت تک نہ بیچے جب تک اس پر مکمل قبضہ نہ کرلے، حضرت ابن عباس رضی اللہ عنہما فرماتے ہیں کہ: میں سمجھتا ہوں کہ ہر چیز کا یہی حکم ہے۔‘‘</p><p style=""text-align:justify;"">’’فتح القدیر‘‘ میں ہے:</p><p class=""indent"" style=""text-align:justify;""><span class=""ar_writing"">""ومن اشتری شيئا مما ينقل ويحول لم يجز له بيعه حتی يقبضه، لأنه عليه الصلاۃ والسلام نهی عن بيع ما لم يقبض ؛ولأن فيه غرر انفساخ العقد علی اعتبار الهلاك... ثم علل الحديث (لأن فيه غرر انفساخ العقد) الأول (علی اعتبار هلاك المبيع) قبل القبض فيتبين حينئذٍ أنہ باع ملک الغير بغير إذنه وذٰلك مفسد للعقد، وفي الصحاح أنه صلی اللہ عليه وسلم نهی عن بيع الغرر.""</span></p><p class=""indent"" style=""text-align:left;""><span class=""ar_writing"">(کتاب البیوع:ج:ص:510، 5126، ط: دار الفکر)</span></p><p style=""text-align:justify;"">فتاوٰی شامی میں ہے:</p><p class=""indent"" style=""text-align:justify;""><span class=""ar_writing"">""(لا) تحرم (المنظور إلی فرجها الداخل) إذا رآہ (من مرآۃ أو ماء) لأن المرئي مثاله (بالانعکاس) لا هو۔ (قوله: لأن المرئي مثاله إلخ) يشير إلی ما في الفتح من الفرق بين الرؤية من الزجاج والمرآۃ، وبين الرؤية في الماء، ومن الماء حيث قال: کأن العلة واللہ سبحانه وتعالی أعلم أن المرئي في المرآۃ مثاله لا هو وبهذا عللوا الحنثَ فيما إذا حلف لا ينظر إلی وجه فلان، فنظرہ في المرآۃ أو الماء وعلی هٰذا فالتحريم به من وراء الزجاج، بناء علی نفوذ البصر منه فيری نفس المرئي بخلاف المرآۃ، ومن الماء، وهذا ينفي کون الإبصار من المرآۃ والماء بواسطة انعکاس الأشعة، وإلا لرآہ بعينه بل بانطباع مثل الصورۃ فيهما، بخلاف المرئي في الماء؛ لأن البصر ينفذ فيه إذا کان صافيا فيری نفس ما فيه، وإن کان لا يراہ علی الوجه الذي هو عليه، ولهذا کان له الخيار إذا اشتری سمکة رآها في ماء بحيث تؤخذ منه بلا حيلة. اهـ. وبه يظهر فائدۃ قول الشارح مثاله، لکنه لا يناسب قول المصنف تبعا للدرر بالانعکاس، ولهذا قال في الفتح وهذا ينفي إلخ، وقد يجاب بأنه ليس مراد المصنف بالانعکاس البناء علی القول بأن الشعاع الخارج من الحدقة الواقع علی سطح الصقيل کالمرآۃ والماء ينعکس من سطح الصقيل إلی المرئي، حتی يلزم أنه يکون المرئي حينئذ حقيقته لا مثاله، وإنما أراد به انعکاس نفس المرئي، وهو المراد بالمثال فيکون مبنيا علی القول الآخر ويعبرون عنه بالانطباع، وهو أن المقابل للصقيل تنطبع صورته، ومثاله فيه لا عينه، ويدل عليه تعبير قاضي خان بقوله؛ لأنه لم ير فرجها، وإنما رأی عکس فرجها، فافهم.""</span></p><p class=""indent"" style=""text-align:left;""><span class=""ar_writing"">(کتاب النکاح، فصل فی المحرمات: ج:3، ص: 34 ط: سعيد)</span></p><p class=""indent"" style=""text-align:left;""><span class=""ar_writing"">فقط والله أعلم</span></p></p><hr class=""big-hr""/>",20-11-2022,144404101730,banuri.edu.pk,بیوع,بیع کی کچھ خاص اور مروج صورتیں,آن لائن خرید و فروخت,"<div class=""col-md-12 sawal-jawab""><h3 class=""question_heading"">سوال</h3><p><p style=""text-align:justify;""> daraz.pk ویب سائٹ سے منسلک ہو کر  اپنی اشیاء کو آن لائن فروخت کرنا کیسا ہے؟ </p></p><h4 class=""question_heading"">جواب</h4><p><p style=""text-align:justify;"">واضح رہے کہ کسی آن لائن شاپنگ ویب سائٹ یا کسی بھی آن لائن ایپ اور پلیٹ فارم سے   آن لائن کاروبار کرنے کی صورت میں جو چیز فروخت کی جارہی ہو  اگر وہ فروخت کرنے والے کی ملکیت میں موجود ہو اور تصویر دکھلا کر سودا کیا جا رہا ہو تو ایسی صورت میں بھی آن لائن خرید و فروخت شرعاً درست ہوگی، لیکن اگر مال فروخت کرنے والے کی ملکیت میں نہیں ہے اور وہ محض اشتہار، تصویر دکھلاکر کسی کو وہ سامان فروخت کرتا ہو (یعنی سودا کرتے وقت یوں کہے کہ: ’’فلاں چیز میں نے آپ کو اتنے میں بیچی‘‘، وغیرہ) اور بعد میں وہ سامان کسی اور دکان،اسٹوروغیرہ سے خرید کردیتا ہو تو یہ صورت فروخت کنندہ  کی ملکیت یا قبضہ میں وہ چیز  موجود نہ ہونے کی وجہ سے جائز نہیں ہے؛ اس لیے کہ جو چیز فروخت کرنا مقصود ہو وہ فروخت کنندہ کی ملکیت یا وکیل (ایجنٹ)کے قبضے میں ہونا شرعاً ضروری ہوتا ہے۔</p><p style=""text-align:justify;"">اس کے جواز کی صورتیں درج ذیل ہیں:<br/>:- فروخت کنندہ  مال قبضہ میں آنے سے پہلے فروختگی  نہ کرے، بلکہ فروختگی کا وعدہ کرے،فروختگی کا معاملہ مال پہنچنے کے بعد کرے اور فروخت کنندہ اور خریدار  سے یہ کہہ دے کہ یہ چیز اگر آپ مجھ سے خریدیں گے تو میں آپ کو اتنے کی قیمت میں دوں گا۔</p><p style=""text-align:justify;""> :-آن لائن کام کرنے والا فرد یا کمپنی ایک فرد (خریدار) سے آرڈر لے اورمطلوبہ چیز کسی دوسرے فرد یا کمپنی سے لے کر خریدار تک پہنچائے اور اس عمل کی اُجرت مقرر کرکے لے تو یہ بھی جائز ہے، یعنی اشیاء کی خرید وفروخت کے بجائے بروکری كرے اور اس کی اُجرت مقرر کرکے یہ معاملہ کرے۔ </p><p style=""text-align:justify;"">البتہ جواز کی ہر صورت میں خریدار کو مطلوبہ چیز ملنے کے بعد ”خیارِ رؤیت“ حاصل ہوگا، یعنی جب ’’مال‘‘ خریدار کو مل جائے تو دیکھنے کے بعد اس کی مطلوبہ شرائط کے مطابق نہ ہونے کی صورت میں اُسےواپس کرنے کااختیار حاصل ہوگا۔</p><p style=""text-align:justify;"">چوں کہ  آن لائن خرید وفروخت کرتے ہوئے ’’مال‘‘ کی تصویر دکھانا بعینہ نمونہ دکھانے کی طرح نہیں ہے، کیوں کہ تصویر کسی شئے کی مثل تو ہے، عین نہیں ہے ، لہٰذا حقیقتاً مال  دیکھ لینے کے بعد خریدار کو خیارِ رؤیت حاصل ہوگا۔</p><p style=""text-align:justify;"">حدیث شریف میں ہے:</p><p class=""indent"" style=""text-align:justify;""><span class=""ar_writing"">’’عن ابن عباسؓ، أن رسول اللہ صلی اللہ عليہ وسلم قال: ’’من ابتاع طعاما فلا يبعه حتی يستوفيه‘‘، قال ابن عباسؓ: وأحسب کل شيء مثله.‘‘</span></p><p class=""indent"" style=""text-align:left;""><span class=""ar_writing""> (الصحيح لمسلم، باب بطلان بیع المبیع قبل القبض رقم الحديث:1525 )</span></p><p class=""indent"" style=""text-align:justify;"">’’حضرت عبد اللہ بن عباس رضی اللہ عنہما سے روایت ہے کہ رسول اللہ صلی اللہ علیہ وسلم نے فرمایا کہ: جب کوئی کھانے کی چیز خریدے تو اس وقت تک نہ بیچے جب تک اس پر مکمل قبضہ نہ کرلے، حضرت ابن عباس رضی اللہ عنہما فرماتے ہیں کہ: میں سمجھتا ہوں کہ ہر چیز کا یہی حکم ہے۔‘‘</p><p style=""text-align:justify;"">’’فتح القدیر‘‘ میں ہے:</p><p class=""indent"" style=""text-align:justify;""><span class=""ar_writing"">""ومن اشتری شيئا مما ينقل ويحول لم يجز له بيعه حتی يقبضه، لأنه عليه الصلاۃ والسلام نهی عن بيع ما لم يقبض ؛ولأن فيه غرر انفساخ العقد علی اعتبار الهلاك... ثم علل الحديث (لأن فيه غرر انفساخ العقد) الأول (علی اعتبار هلاك المبيع) قبل القبض فيتبين حينئذٍ أنہ باع ملک الغير بغير إذنه وذٰلك مفسد للعقد، وفي الصحاح أنه صلی اللہ عليه وسلم نهی عن بيع الغرر.""</span></p><p class=""indent"" style=""text-align:left;""><span class=""ar_writing"">(کتاب البیوع:ج:ص:510، 5126، ط: دار الفکر)</span></p><p style=""text-align:justify;"">فتاوٰی شامی میں ہے:</p><p class=""indent"" style=""text-align:justify;""><span class=""ar_writing"">""(لا) تحرم (المنظور إلی فرجها الداخل) إذا رآہ (من مرآۃ أو ماء) لأن المرئي مثاله (بالانعکاس) لا هو۔ (قوله: لأن المرئي مثاله إلخ) يشير إلی ما في الفتح من الفرق بين الرؤية من الزجاج والمرآۃ، وبين الرؤية في الماء، ومن الماء حيث قال: کأن العلة واللہ سبحانه وتعالی أعلم أن المرئي في المرآۃ مثاله لا هو وبهذا عللوا الحنثَ فيما إذا حلف لا ينظر إلی وجه فلان، فنظرہ في المرآۃ أو الماء وعلی هٰذا فالتحريم به من وراء الزجاج، بناء علی نفوذ البصر منه فيری نفس المرئي بخلاف المرآۃ، ومن الماء، وهذا ينفي کون الإبصار من المرآۃ والماء بواسطة انعکاس الأشعة، وإلا لرآہ بعينه بل بانطباع مثل الصورۃ فيهما، بخلاف المرئي في الماء؛ لأن البصر ينفذ فيه إذا کان صافيا فيری نفس ما فيه، وإن کان لا يراہ علی الوجه الذي هو عليه، ولهذا کان له الخيار إذا اشتری سمکة رآها في ماء بحيث تؤخذ منه بلا حيلة. اهـ. وبه يظهر فائدۃ قول الشارح مثاله، لکنه لا يناسب قول المصنف تبعا للدرر بالانعکاس، ولهذا قال في الفتح وهذا ينفي إلخ، وقد يجاب بأنه ليس مراد المصنف بالانعکاس البناء علی القول بأن الشعاع الخارج من الحدقة الواقع علی سطح الصقيل کالمرآۃ والماء ينعکس من سطح الصقيل إلی المرئي، حتی يلزم أنه يکون المرئي حينئذ حقيقته لا مثاله، وإنما أراد به انعکاس نفس المرئي، وهو المراد بالمثال فيکون مبنيا علی القول الآخر ويعبرون عنه بالانطباع، وهو أن المقابل للصقيل تنطبع صورته، ومثاله فيه لا عينه، ويدل عليه تعبير قاضي خان بقوله؛ لأنه لم ير فرجها، وإنما رأی عکس فرجها، فافهم.""</span></p><p class=""indent"" style=""text-align:left;""><span class=""ar_writing"">(کتاب النکاح، فصل فی المحرمات: ج:3، ص: 34 ط: سعيد)</span></p><p class=""indent"" style=""text-align:left;""><span class=""ar_writing"">فقط والله أعلم</span></p></p><hr class=""big-hr""/><div class=""col-sm-6 col-md-6""><p class=""question_heading"" style=""color:#73161f"">فتویٰ نمبر : <a id=""fatwa_number"">144404101730</a></p></div><div class=""col-sm-6 col-md-6""><p style=""color:#73161f"">دارالافتاء :
                                جامعہ علوم اسلامیہ علامہ محمد یوسف بنوری ٹاؤن</p></div><hr class=""big-hr""/><div class=""col-sm-4 col-md-4""><div class=""tag""><a href=""https://www.banuri.edu.pk/questions/kitab/buyoo""><i class=""icon-docs-bold""></i> بیوع</a></div></div><div class=""col-sm-4 col-md-4""><div class=""tag""><a href=""https://www.banuri.edu.pk/questions/bab/bayee-ki-kuch-khas-murawwaj-surtain""><i class=""icon-docs-bold""></i> بیع کی کچھ خاص اور مروج صورتیں</a></div></div><div class=""col-sm-4 col-md-4""><div class=""tag""><a href=""https://www.banuri.edu.pk/questions/fasal/online-khareed-o-farukht""><i class=""icon-docs-bold""></i> آن لائن خرید و فروخت</a></div></div></div>"
https://www.banuri.edu.pk/readquestion/zakariya-numan-nam-144406101954/18-01-2023,محمد زکریا، زکریا، محمد نعمان، نعمان، نعمان اللہ نام,"<p><p style=""text-align:justify;"">جیسا کہ ہم نے سنا ہے کہ نام انسان کی شخصیت پر بڑا اثر انداز ہوتا ہے توقرآن کریم اور احادیث کی روشنی میں اسلام کی  رو سےمندرجہ ذیل ناموں کی مکمل رہنمائی فرمائیں۔ نام"" محمد زکریا ""و ""محمد نعمان"" کیا متذکرہ ناموں میں سے صرف زکریا نام رکھنا بہتر ہے یا محمد زکریا ۔ اسی طرح محمد نعمان نام تبرک و شرف کیلئے رکھنا بہتر رہےگا یاخالی نعمان یا نعمان اللہ ۔ علماء و مفتیان کرام صاحبان متذکرہ ناموں کی اسلامی رو سے وضاحت کریں کہ متذکرہ ناموں کا کیا مطلب و معنی ہیں مثلاً، کونسا نام با برکت اسلامی معزز و معاشرتی بہتر رہے گا۔ </p><p style=""text-align:justify;"">ایک مسئلہ تو ہمارے ہاں یہ ہے کہ اگر کوئی اپنا نام ""محمدزکریا"" یا ""محمد نعمان"" رکھے تو اکثر اوقات لوگ اسے اس کے پورے نام سے نہیں پکارتے ہیں بلکہ صرف یا تو ""زکریا"" یا ""نعمان"" پکارتے ہیں تو کیا ان کے بڑے جس نے اس کا نام رکھا ہے وہ تو ماخوذ یا گناہ گار نہیں ہوں گے اور اسی طرح جو لوگ پورا نام نہیں پکارتے ہیں وہ تو ماخوذ یا گناہ گار نہیں رہیں گے ؟</p></p>","<p><p style=""text-align:justify;"">زکریا زکر سے ہے جو کہ بھرنے کے معنی میں آتا ہے، یہ ایک نبی کا نام ہے اور با برکت نام ہے۔</p><p style=""text-align:justify;"">نعمان خون کے معنی میں بھی آتا ہے اور حیرہ نامی جگہ کے بادشاہ کو بھی نعمان کہتے تھے لہذا نعمان بادشاہ کے معنی میں بھی استعمال کیا جاتا ہے۔ تیس صحابۂ کرام کا نام نعمان تھا، یہ بھی بابرکت نام ہے۔</p><p style=""text-align:justify;"">نام سے پہلے محمد بڑھانے سے نام اور بابرکت بن جاتا ہے اس لیے کہ محمد افضل البشر، خاتم النبیین صلی اللہ علیہ وسلم کا نام ہے</p><p style=""text-align:justify;"">تاہم نعمان اللہ نام معنی کے اعتبار سے مناسب نہیں۔</p><p style=""text-align:justify;"">لہذا محمد زکریا، زکریا، محمد نعمان یا نعمان، تمام ہی نام بابرکت ہیں، ان میں سے کوئی بھی نام رکھا جاسکتا ہے۔</p><p style=""text-align:justify;"">محمد نعمان یا محمد زکریا کی جگہ کوئی صرف نعمان یا زکریا پکارے تو پکارنے والا اور نام رکھنے والا، دونوں میں سے کوئی گناہ گار نہیں ہوگا۔</p><p style=""text-align:justify;""><span class=""ar_writing"">لسان العرب</span>  میں ہے:</p><p class=""indent"" style=""text-align:justify;""><span class=""ar_writing"">""زكر: زكر الإناء: ملأه. وزكرت السقاء تزكيرا وزكته تزكيتا إذا ملأته. والزكرة: وعاء من أدم، وفي المحكم: زق يجعل فيه شراب أو خل. وقال أبو حنيفة: الزكرة الزق الصغير. الجوهري: الزكرة، بالضم، زقيق للشراب. وتزكر الشراب: اجتمع. وتزكر بطن الصبي: عظم وحسنت حاله. وتزكر بطن الصبي: امتلأ. ومن العنوز الحمر عنز حمراء زكرية. وعنز زكرية وزكرية: شديدة الحمرة. وزكري: اسم. وفي التنزيل: وكفلها زكريا.""</span></p><p class=""indent"" style=""text-align:left;""><span class=""ar_writing"">(ر، فصل الزاء المعجمة، ج4، ص326، دار صادر)</span></p><p style=""text-align:justify;""><span class=""ar_writing"">تاج العروس</span>  میں ہے:</p><p class=""indent"" style=""text-align:justify;""><span class=""ar_writing"">""(والنعمان، بالضم: الدم، وأضيفت الشقائق إليه) ، وهو نبات أحمر يقال له: الشقر (لحمرته) ، وبه جزم عبد الله بن جليد أبو العميثل في نقوله كما نقله ابن خلكان. قلت: وهو قول المبرد، (أو هو إضافة إلى) النعمان (بن المنذر) ملك العرب؛ (لأنه حماه) ، وعلى هذا القول اقتصر الجوهري، ونقل عن أبي عبيدة أن العرب كانت تسمي ملوك الحيرة النعمان؛ لأنه كان آخرهم.</span></p><p class=""indent"" style=""text-align:justify;""><span class=""ar_writing"">(ومعرة النعمان: د) قديم من الشام، وأهله تنوخ، يقال: (اجتاز به النعمان ابن بشير) رضي الله عنه (فدفن به ولدا فأضيف إليه) ، وقد تقدم ذكره في الراء، والنسبة إليه المعري.</span></p><p class=""indent"" style=""text-align:justify;""><span class=""ar_writing"">(والنعمانون ثلاثون صحابيا) وهم: النعمان بن أسماء وابن بادية، وابن بشير، وابن تنبالة، وابن ثابت، وابن الحر، وابن حميد، وابن أبي جعال، وابن حارثة، وابن أبي حزفة، وابن خلف، وابن زيد والنعمان السبئي، وابن سنان، وابن سيار، وابن شريك، وابن عبد عمر و، وابن العجلان، وابن عدي، وابن عصر، وابن عمر و، وابن أبي فاطمة، وابن قوقل، وابن قيس، وابن مالك بن ثعلبة، وابن مالك بن عامر، وابن مقرن، وابن مورق، وابن يزيد، والنعمان: قيل ذي رعين، رضي الله عنهم.""</span></p><p class=""indent"" style=""text-align:left;""><span class=""ar_writing"">(فصل النون مع الميم، ن ع م، ج33، ص516، دار الهداية)</span></p><p style=""text-align:justify;""><span class=""ar_writing"">مرقاة المفاتيح شرح مشكاة المصابيح </span>میں ہے:</p><p class=""indent"" style=""text-align:justify;""><span class=""ar_writing"">""(وعن أبي سلمة) : قال المؤلف: هو روى عن عمه عبد الله بن عبد الرحمن بن عوف الزهري القرشي، أحد الفقهاء السبعة المشهورين بالفقه في المدينة في قول، ومن مشاهير التابعين وأعلامهم. (أن عائشة قالت: قال رسول الله - صلى الله عليه وسلم -: يا عائش "") : بضم الشين وفي نسخة بفتحها على الترخيم.""</span></p><p class=""indent"" style=""text-align:left;""><span class=""ar_writing"">(كتاب المناقب والفضائل، ج9، ص3990، دار الفكر)</span></p><p class=""indent"" style=""text-align:left;""><span class=""ar_writing"">فقط والله أعلم</span></p></p><hr class=""big-hr""/>",18-01-2023,144406101954,banuri.edu.pk,حظر و اباحت,نام، لقب، کنیت,ناموں کے معانی اور احکام,"<div class=""col-md-12 sawal-jawab""><h3 class=""question_heading"">سوال</h3><p><p style=""text-align:justify;"">جیسا کہ ہم نے سنا ہے کہ نام انسان کی شخصیت پر بڑا اثر انداز ہوتا ہے توقرآن کریم اور احادیث کی روشنی میں اسلام کی  رو سےمندرجہ ذیل ناموں کی مکمل رہنمائی فرمائیں۔ نام"" محمد زکریا ""و ""محمد نعمان"" کیا متذکرہ ناموں میں سے صرف زکریا نام رکھنا بہتر ہے یا محمد زکریا ۔ اسی طرح محمد نعمان نام تبرک و شرف کیلئے رکھنا بہتر رہےگا یاخالی نعمان یا نعمان اللہ ۔ علماء و مفتیان کرام صاحبان متذکرہ ناموں کی اسلامی رو سے وضاحت کریں کہ متذکرہ ناموں کا کیا مطلب و معنی ہیں مثلاً، کونسا نام با برکت اسلامی معزز و معاشرتی بہتر رہے گا۔ </p><p style=""text-align:justify;"">ایک مسئلہ تو ہمارے ہاں یہ ہے کہ اگر کوئی اپنا نام ""محمدزکریا"" یا ""محمد نعمان"" رکھے تو اکثر اوقات لوگ اسے اس کے پورے نام سے نہیں پکارتے ہیں بلکہ صرف یا تو ""زکریا"" یا ""نعمان"" پکارتے ہیں تو کیا ان کے بڑے جس نے اس کا نام رکھا ہے وہ تو ماخوذ یا گناہ گار نہیں ہوں گے اور اسی طرح جو لوگ پورا نام نہیں پکارتے ہیں وہ تو ماخوذ یا گناہ گار نہیں رہیں گے ؟</p></p><h4 class=""question_heading"">جواب</h4><p><p style=""text-align:justify;"">زکریا زکر سے ہے جو کہ بھرنے کے معنی میں آتا ہے، یہ ایک نبی کا نام ہے اور با برکت نام ہے۔</p><p style=""text-align:justify;"">نعمان خون کے معنی میں بھی آتا ہے اور حیرہ نامی جگہ کے بادشاہ کو بھی نعمان کہتے تھے لہذا نعمان بادشاہ کے معنی میں بھی استعمال کیا جاتا ہے۔ تیس صحابۂ کرام کا نام نعمان تھا، یہ بھی بابرکت نام ہے۔</p><p style=""text-align:justify;"">نام سے پہلے محمد بڑھانے سے نام اور بابرکت بن جاتا ہے اس لیے کہ محمد افضل البشر، خاتم النبیین صلی اللہ علیہ وسلم کا نام ہے</p><p style=""text-align:justify;"">تاہم نعمان اللہ نام معنی کے اعتبار سے مناسب نہیں۔</p><p style=""text-align:justify;"">لہذا محمد زکریا، زکریا، محمد نعمان یا نعمان، تمام ہی نام بابرکت ہیں، ان میں سے کوئی بھی نام رکھا جاسکتا ہے۔</p><p style=""text-align:justify;"">محمد نعمان یا محمد زکریا کی جگہ کوئی صرف نعمان یا زکریا پکارے تو پکارنے والا اور نام رکھنے والا، دونوں میں سے کوئی گناہ گار نہیں ہوگا۔</p><p style=""text-align:justify;""><span class=""ar_writing"">لسان العرب</span>  میں ہے:</p><p class=""indent"" style=""text-align:justify;""><span class=""ar_writing"">""زكر: زكر الإناء: ملأه. وزكرت السقاء تزكيرا وزكته تزكيتا إذا ملأته. والزكرة: وعاء من أدم، وفي المحكم: زق يجعل فيه شراب أو خل. وقال أبو حنيفة: الزكرة الزق الصغير. الجوهري: الزكرة، بالضم، زقيق للشراب. وتزكر الشراب: اجتمع. وتزكر بطن الصبي: عظم وحسنت حاله. وتزكر بطن الصبي: امتلأ. ومن العنوز الحمر عنز حمراء زكرية. وعنز زكرية وزكرية: شديدة الحمرة. وزكري: اسم. وفي التنزيل: وكفلها زكريا.""</span></p><p class=""indent"" style=""text-align:left;""><span class=""ar_writing"">(ر، فصل الزاء المعجمة، ج4، ص326، دار صادر)</span></p><p style=""text-align:justify;""><span class=""ar_writing"">تاج العروس</span>  میں ہے:</p><p class=""indent"" style=""text-align:justify;""><span class=""ar_writing"">""(والنعمان، بالضم: الدم، وأضيفت الشقائق إليه) ، وهو نبات أحمر يقال له: الشقر (لحمرته) ، وبه جزم عبد الله بن جليد أبو العميثل في نقوله كما نقله ابن خلكان. قلت: وهو قول المبرد، (أو هو إضافة إلى) النعمان (بن المنذر) ملك العرب؛ (لأنه حماه) ، وعلى هذا القول اقتصر الجوهري، ونقل عن أبي عبيدة أن العرب كانت تسمي ملوك الحيرة النعمان؛ لأنه كان آخرهم.</span></p><p class=""indent"" style=""text-align:justify;""><span class=""ar_writing"">(ومعرة النعمان: د) قديم من الشام، وأهله تنوخ، يقال: (اجتاز به النعمان ابن بشير) رضي الله عنه (فدفن به ولدا فأضيف إليه) ، وقد تقدم ذكره في الراء، والنسبة إليه المعري.</span></p><p class=""indent"" style=""text-align:justify;""><span class=""ar_writing"">(والنعمانون ثلاثون صحابيا) وهم: النعمان بن أسماء وابن بادية، وابن بشير، وابن تنبالة، وابن ثابت، وابن الحر، وابن حميد، وابن أبي جعال، وابن حارثة، وابن أبي حزفة، وابن خلف، وابن زيد والنعمان السبئي، وابن سنان، وابن سيار، وابن شريك، وابن عبد عمر و، وابن العجلان، وابن عدي، وابن عصر، وابن عمر و، وابن أبي فاطمة، وابن قوقل، وابن قيس، وابن مالك بن ثعلبة، وابن مالك بن عامر، وابن مقرن، وابن مورق، وابن يزيد، والنعمان: قيل ذي رعين، رضي الله عنهم.""</span></p><p class=""indent"" style=""text-align:left;""><span class=""ar_writing"">(فصل النون مع الميم، ن ع م، ج33، ص516، دار الهداية)</span></p><p style=""text-align:justify;""><span class=""ar_writing"">مرقاة المفاتيح شرح مشكاة المصابيح </span>میں ہے:</p><p class=""indent"" style=""text-align:justify;""><span class=""ar_writing"">""(وعن أبي سلمة) : قال المؤلف: هو روى عن عمه عبد الله بن عبد الرحمن بن عوف الزهري القرشي، أحد الفقهاء السبعة المشهورين بالفقه في المدينة في قول، ومن مشاهير التابعين وأعلامهم. (أن عائشة قالت: قال رسول الله - صلى الله عليه وسلم -: يا عائش "") : بضم الشين وفي نسخة بفتحها على الترخيم.""</span></p><p class=""indent"" style=""text-align:left;""><span class=""ar_writing"">(كتاب المناقب والفضائل، ج9، ص3990، دار الفكر)</span></p><p class=""indent"" style=""text-align:left;""><span class=""ar_writing"">فقط والله أعلم</span></p></p><hr class=""big-hr""/><div class=""col-sm-6 col-md-6""><p class=""question_heading"" style=""color:#73161f"">فتویٰ نمبر : <a id=""fatwa_number"">144406101954</a></p></div><div class=""col-sm-6 col-md-6""><p style=""color:#73161f"">دارالافتاء :
                                جامعہ علوم اسلامیہ علامہ محمد یوسف بنوری ٹاؤن</p></div><hr class=""big-hr""/><div class=""col-sm-4 col-md-4""><div class=""tag""><a href=""https://www.banuri.edu.pk/questions/kitab/mamnooaat-mubahat""><i class=""icon-docs-bold""></i> حظر و اباحت</a></div></div><div class=""col-sm-4 col-md-4""><div class=""tag""><a href=""https://www.banuri.edu.pk/questions/bab/asaami""><i class=""icon-docs-bold""></i> نام، لقب، کنیت</a></div></div><div class=""col-sm-4 col-md-4""><div class=""tag""><a href=""https://www.banuri.edu.pk/questions/fasal/namoun-ke-mani-or-ahkaam""><i class=""icon-docs-bold""></i> ناموں کے معانی اور احکام</a></div></div></div>"
https://www.banuri.edu.pk/readquestion/ghunah-par-isarar-ki-waja-se-qata-talluq-karna-144406100699/03-01-2023,گناہ پر اصرار کی وجہ سے قطع تعلّق کرنا,"<p><p style=""text-align:justify;"">ایک شخص کی بہن پر حرمت مصاہرت ثابت ہوگئی، تین مختلف دارالافتاء سے فتویٰ حرمت مصاہرت ثابت ہونے کا ملا تھا۔ اس کے بعد وہ عورت والدین، بہنوں اور بھائیوں کی رضامندی سے اپنے خاوند کےساتھ رہنے لگی۔ سوائے اس عورت کے ایک بھائی کے، جس نے شروع میں اس عورت سے بول چال بند کیا، پھر گھر آنے سے منع کیا، جس پر تمام گھر والے اس کے مخالف ہوگئے، اس کے بعد اس بھائی نے تمام لوگوں بمع والدین سے قطع تعلق کردیا۔ اس واقع میں حرمت مصاہرت کے ثابت ہونے کے بعد، زوجین کے اکٹھا رہنے پر راضی ہونے والوں کے لیے کیا شرعی حکم ہے؟ اسی طرح اس بنیاد پر قطع تعلق کرنے والے بھائی کے بارے کیا شرعی حکم ہے؟</p></p>","<p><p style=""text-align:justify;"">واضح رہے کہ میاں بیوی میں اگر حرمت مصاہرت شرائط معتبرہ کے ساتھ ثابت ہوجائے تو اس کے بعد میاں بیوی ایک دوسرے پر ہمیشہ کے لیے حرام ہوجاتے ہیں، اس کے بعد شوہر کا بیوی سے تعلق رکھنا جائز نہیں ہوتا، بلکہ شوہر پر لازم ہوتا ہے کہ وہ بیوی سے متارکت کردے یعنی اسے یہ کہہ دے کہ میں تجھے چھوڑدیا یا طلاق دے دی، یا قاضی میاں بیوی میں تفریق کرادے۔</p><p style=""text-align:justify;"">لہذا صورت مسئولہ میں  اگر واقعۃ سائل کے بہنوئی اور بہن کے درمیان  حرمت مصاہرت ثابت ہوگئی ہے تو میاں بیوی پر لازم ہے کہ فی الفور علیحدگی اختیار کریں ، اور توبہ واستغفار بھی کریں، ان کا ساتھ رہنا یا کسی کا ان کے ساتھ رہنے پرراضی ہونا جائز نہیں ہے۔</p><p style=""text-align:justify;"">نیز  اگر  مذکورہ شخص نے اپنی بہن  سے شریعت کے حکم کی خلاف ورزی کی وجہ سے  بات چیت بند کی ہوئی  ہے تو یہ قطع تعلق کی وعید میں شامل نہیں ہوگا، اس لیے  کہ دینی امور میں اصلاح کی غرض سے قطع تعلق کرنا ثابت ہے۔</p><p style=""text-align:justify;"">تاہم  مذکورہ شخص کو چاہیے کہ وہ حکمت، بصیرت اور حالات کو مدنظر رکھتے ہوئے اپنی بہن اور  گھر والوں کی اصلاح کے لیے مختلف طریقوں سے کوشش کرتا رہے، اگر وہ یہ سمجھتا ہے کہ قطع تعلق سے ان کی اصلاح کی امید نہیں ہے، بلکہ مزید تعلق خراب ہورہے ہیں  تو یہ شخص اپنے گھروالوں سے تعلق بحال کرکے ان  کی اصلاح کی کوشش کرے، اور اگر یہ امید ہو  ان سے بات چیت بند کرنے سے ان کی اصلاح ہوسکتی ہے تو  وہ ذریعہ بھی استعمال کیا جاسکتا ہے، بہرصورت مقصد صرف قطع تعلق نہیں ہونا چاہیے، بلکہ  گھر والوں کو راہِ راست پر لانا ہو، اور ان کو گناہوں سے بچانا ہو، اور ان کی آخرت بنانے کی فکر ہو، اب یہ مقصد اگر  تعلق قائم رکھ کر حاصل کیا جاسکتا ہے، اس کو ترجیح دینی چاہیے، اور اگر  تعلق قائم ہونے سے نقصان ہو تو پھر دوسری صورت بھی اختیار کرنے کی گنجائش ہے۔</p><p dir=""rtl"" style=""text-align:justify;""><span lang=""er"" xml:lang=""er"">مرقاة المفاتيح میں ہے:</span></p><p class=""indent"" style=""text-align:justify;""><span class=""ar_writing"" lang=""ar-sa"" xml:lang=""ar-sa"">""عن أبي أيوب الأنصاري - رضي الله عنه - قال: قال رسول الله صلى الله عليه وسلم: «ولا يحل للرجل أن يهجر أخاه فوق ثلاث ليال يلتقيان فيعرض هذا ويعرض</span><span class=""ar_writing"" lang=""ar-sa"" xml:lang=""ar-sa"">هذا، وخيرهما الذي يبدأ بالسلام "". متفق عليه.»</span></p><p class=""indent"" dir=""rtl"" style=""text-align:justify;""><span class=""ar_writing""><span lang=""ar-sa"" xml:lang=""ar-sa"">...</span><span lang=""ar-sa"" xml:lang=""ar-sa"">قال الخطابي: رخص للمسلم أن يغضب على أخيه ثلاث ليال لقلته، ولا يجوز فوقها إلا إذا كان الهجران في حق من حقوق الله تعالى، فيجوز فوق ذلك. وفي حاشية السيوطي على الموطأ، قال ابن عبد البر: هذا مخصوص بحديث كعب بن مالك ورفيقيه، حيث أمر صلى الله عليه وسلم أصحابه بهجرهم، يعني زيادة على ثلاث إلى أن بلغ  خمسين يوما. قال: وأجمع العلماء على أن من خاف من مكالمة أحد وصلته ما يفسد عليه دينه أو يدخل مضرة في دنياه يجوز له مجانبته وبعده، ورب صرم جميل خير من مخالطة تؤذيه. وفي النهاية: يريد به الهجر ضد الوصل، يعني فيما يكون بين المسلمين من عتب وموجدة، أو تقصير يقع في حقوق العشرة والصحبة دون ما كان من ذلك في جانب الدين، فإن هجرة أهل الأهواء والبدع واجبة على مر الأوقات ما لم يظهر منه التوبة والرجوع إلى الحق.""</span></span></p><p align=""right"" class=""indent"" dir=""rtl"" style=""text-align:left;""><span class=""ar_writing"" lang=""er"" xml:lang=""er"">(8/ 3146،  کتاب الاداب، باب ما ينهى عنه من التهاجر والتقاطع واتباع العورات، الفصل الاول، ط: دارالفکر)</span></p><p dir=""rtl"" style=""text-align:justify;""><span lang=""er"" xml:lang=""er"">عارضۃ الاحوذی میں ہے:</span></p><p class=""indent"" dir=""rtl"" style=""text-align:justify;""><span class=""ar_writing""><span lang=""ar-sa"" xml:lang=""ar-sa"">""واما ان كانت الهجرة لامر أنكر عليه من الدين كمعصية فعلها أو بدعة اعتقدها فليهجره</span><span lang=""ar-sa"" xml:lang=""ar-sa"">حتى  ينزع</span><span lang=""ar-sa"" xml:lang=""ar-sa""> عن فعله وعقده  فقد أذن النبي صلي الله عليه وسلم فى هجران الثلاثة الذين خلفوا خمسين  ليلة حتى صحت توبتهم عند الله  فاعلمه فعاد اليه.""</span></span></p><p align=""right"" class=""indent"" dir=""rtl"" style=""text-align:left;""><span class=""ar_writing""><span lang=""er"" xml:lang=""er"">(عارضة الأحوذی لابن العربی</span><span lang=""er"" xml:lang=""er"">المالکی (8/ 116) ابواب البر والصلة، ط: دارالکتب العلمیة)</span></span></p><p align=""right"" class=""indent"" dir=""rtl"" style=""text-align:left;""><span class=""ar_writing""><span lang=""er"" xml:lang=""er"">فقط والله اعلم</span></span></p></p><hr class=""big-hr""/>",03-01-2023,144406100699,banuri.edu.pk,حقوق و آدابِ معاشرت,اَخلاقیات,قطع رحمی و صلہ رحمی,"<div class=""col-md-12 sawal-jawab""><h3 class=""question_heading"">سوال</h3><p><p style=""text-align:justify;"">ایک شخص کی بہن پر حرمت مصاہرت ثابت ہوگئی، تین مختلف دارالافتاء سے فتویٰ حرمت مصاہرت ثابت ہونے کا ملا تھا۔ اس کے بعد وہ عورت والدین، بہنوں اور بھائیوں کی رضامندی سے اپنے خاوند کےساتھ رہنے لگی۔ سوائے اس عورت کے ایک بھائی کے، جس نے شروع میں اس عورت سے بول چال بند کیا، پھر گھر آنے سے منع کیا، جس پر تمام گھر والے اس کے مخالف ہوگئے، اس کے بعد اس بھائی نے تمام لوگوں بمع والدین سے قطع تعلق کردیا۔ اس واقع میں حرمت مصاہرت کے ثابت ہونے کے بعد، زوجین کے اکٹھا رہنے پر راضی ہونے والوں کے لیے کیا شرعی حکم ہے؟ اسی طرح اس بنیاد پر قطع تعلق کرنے والے بھائی کے بارے کیا شرعی حکم ہے؟</p></p><h4 class=""question_heading"">جواب</h4><p><p style=""text-align:justify;"">واضح رہے کہ میاں بیوی میں اگر حرمت مصاہرت شرائط معتبرہ کے ساتھ ثابت ہوجائے تو اس کے بعد میاں بیوی ایک دوسرے پر ہمیشہ کے لیے حرام ہوجاتے ہیں، اس کے بعد شوہر کا بیوی سے تعلق رکھنا جائز نہیں ہوتا، بلکہ شوہر پر لازم ہوتا ہے کہ وہ بیوی سے متارکت کردے یعنی اسے یہ کہہ دے کہ میں تجھے چھوڑدیا یا طلاق دے دی، یا قاضی میاں بیوی میں تفریق کرادے۔</p><p style=""text-align:justify;"">لہذا صورت مسئولہ میں  اگر واقعۃ سائل کے بہنوئی اور بہن کے درمیان  حرمت مصاہرت ثابت ہوگئی ہے تو میاں بیوی پر لازم ہے کہ فی الفور علیحدگی اختیار کریں ، اور توبہ واستغفار بھی کریں، ان کا ساتھ رہنا یا کسی کا ان کے ساتھ رہنے پرراضی ہونا جائز نہیں ہے۔</p><p style=""text-align:justify;"">نیز  اگر  مذکورہ شخص نے اپنی بہن  سے شریعت کے حکم کی خلاف ورزی کی وجہ سے  بات چیت بند کی ہوئی  ہے تو یہ قطع تعلق کی وعید میں شامل نہیں ہوگا، اس لیے  کہ دینی امور میں اصلاح کی غرض سے قطع تعلق کرنا ثابت ہے۔</p><p style=""text-align:justify;"">تاہم  مذکورہ شخص کو چاہیے کہ وہ حکمت، بصیرت اور حالات کو مدنظر رکھتے ہوئے اپنی بہن اور  گھر والوں کی اصلاح کے لیے مختلف طریقوں سے کوشش کرتا رہے، اگر وہ یہ سمجھتا ہے کہ قطع تعلق سے ان کی اصلاح کی امید نہیں ہے، بلکہ مزید تعلق خراب ہورہے ہیں  تو یہ شخص اپنے گھروالوں سے تعلق بحال کرکے ان  کی اصلاح کی کوشش کرے، اور اگر یہ امید ہو  ان سے بات چیت بند کرنے سے ان کی اصلاح ہوسکتی ہے تو  وہ ذریعہ بھی استعمال کیا جاسکتا ہے، بہرصورت مقصد صرف قطع تعلق نہیں ہونا چاہیے، بلکہ  گھر والوں کو راہِ راست پر لانا ہو، اور ان کو گناہوں سے بچانا ہو، اور ان کی آخرت بنانے کی فکر ہو، اب یہ مقصد اگر  تعلق قائم رکھ کر حاصل کیا جاسکتا ہے، اس کو ترجیح دینی چاہیے، اور اگر  تعلق قائم ہونے سے نقصان ہو تو پھر دوسری صورت بھی اختیار کرنے کی گنجائش ہے۔</p><p dir=""rtl"" style=""text-align:justify;""><span lang=""er"" xml:lang=""er"">مرقاة المفاتيح میں ہے:</span></p><p class=""indent"" style=""text-align:justify;""><span class=""ar_writing"" lang=""ar-sa"" xml:lang=""ar-sa"">""عن أبي أيوب الأنصاري - رضي الله عنه - قال: قال رسول الله صلى الله عليه وسلم: «ولا يحل للرجل أن يهجر أخاه فوق ثلاث ليال يلتقيان فيعرض هذا ويعرض</span><span class=""ar_writing"" lang=""ar-sa"" xml:lang=""ar-sa"">هذا، وخيرهما الذي يبدأ بالسلام "". متفق عليه.»</span></p><p class=""indent"" dir=""rtl"" style=""text-align:justify;""><span class=""ar_writing""><span lang=""ar-sa"" xml:lang=""ar-sa"">...</span><span lang=""ar-sa"" xml:lang=""ar-sa"">قال الخطابي: رخص للمسلم أن يغضب على أخيه ثلاث ليال لقلته، ولا يجوز فوقها إلا إذا كان الهجران في حق من حقوق الله تعالى، فيجوز فوق ذلك. وفي حاشية السيوطي على الموطأ، قال ابن عبد البر: هذا مخصوص بحديث كعب بن مالك ورفيقيه، حيث أمر صلى الله عليه وسلم أصحابه بهجرهم، يعني زيادة على ثلاث إلى أن بلغ  خمسين يوما. قال: وأجمع العلماء على أن من خاف من مكالمة أحد وصلته ما يفسد عليه دينه أو يدخل مضرة في دنياه يجوز له مجانبته وبعده، ورب صرم جميل خير من مخالطة تؤذيه. وفي النهاية: يريد به الهجر ضد الوصل، يعني فيما يكون بين المسلمين من عتب وموجدة، أو تقصير يقع في حقوق العشرة والصحبة دون ما كان من ذلك في جانب الدين، فإن هجرة أهل الأهواء والبدع واجبة على مر الأوقات ما لم يظهر منه التوبة والرجوع إلى الحق.""</span></span></p><p align=""right"" class=""indent"" dir=""rtl"" style=""text-align:left;""><span class=""ar_writing"" lang=""er"" xml:lang=""er"">(8/ 3146،  کتاب الاداب، باب ما ينهى عنه من التهاجر والتقاطع واتباع العورات، الفصل الاول، ط: دارالفکر)</span></p><p dir=""rtl"" style=""text-align:justify;""><span lang=""er"" xml:lang=""er"">عارضۃ الاحوذی میں ہے:</span></p><p class=""indent"" dir=""rtl"" style=""text-align:justify;""><span class=""ar_writing""><span lang=""ar-sa"" xml:lang=""ar-sa"">""واما ان كانت الهجرة لامر أنكر عليه من الدين كمعصية فعلها أو بدعة اعتقدها فليهجره</span><span lang=""ar-sa"" xml:lang=""ar-sa"">حتى  ينزع</span><span lang=""ar-sa"" xml:lang=""ar-sa""> عن فعله وعقده  فقد أذن النبي صلي الله عليه وسلم فى هجران الثلاثة الذين خلفوا خمسين  ليلة حتى صحت توبتهم عند الله  فاعلمه فعاد اليه.""</span></span></p><p align=""right"" class=""indent"" dir=""rtl"" style=""text-align:left;""><span class=""ar_writing""><span lang=""er"" xml:lang=""er"">(عارضة الأحوذی لابن العربی</span><span lang=""er"" xml:lang=""er"">المالکی (8/ 116) ابواب البر والصلة، ط: دارالکتب العلمیة)</span></span></p><p align=""right"" class=""indent"" dir=""rtl"" style=""text-align:left;""><span class=""ar_writing""><span lang=""er"" xml:lang=""er"">فقط والله اعلم</span></span></p></p><hr class=""big-hr""/><div class=""col-sm-6 col-md-6""><p class=""question_heading"" style=""color:#73161f"">فتویٰ نمبر : <a id=""fatwa_number"">144406100699</a></p></div><div class=""col-sm-6 col-md-6""><p style=""color:#73161f"">دارالافتاء :
                                جامعہ علوم اسلامیہ علامہ محمد یوسف بنوری ٹاؤن</p></div><hr class=""big-hr""/><div class=""col-sm-4 col-md-4""><div class=""tag""><a href=""https://www.banuri.edu.pk/questions/kitab/huqooq-muashret""><i class=""icon-docs-bold""></i> حقوق و آدابِ معاشرت</a></div></div><div class=""col-sm-4 col-md-4""><div class=""tag""><a href=""https://www.banuri.edu.pk/questions/bab/akhlaaqiyaat""><i class=""icon-docs-bold""></i> اَخلاقیات</a></div></div><div class=""col-sm-4 col-md-4""><div class=""tag""><a href=""https://www.banuri.edu.pk/questions/fasal/sila-rehmi-or-qata-rehmi""><i class=""icon-docs-bold""></i> قطع رحمی و صلہ رحمی</a></div></div></div>"
https://www.banuri.edu.pk/readquestion/namaz-ky-dawran-kapry-fold-karna-kaisa-hy-144406101528/11-01-2023,نمازکےدوران کپڑے فولڈکرنا کیساہے؟,"<p><p style=""text-align:justify;"">نمازکےدوران کپڑے فولڈکرنا کیساہے؟</p></p>","<p><p style=""text-align:justify;"">واضح رہے کہ نماز کے  دوران غیر ضروری طور پر کپڑوں  کے درستگی، تزیین  و تحسین  یا  مٹی  وغیرہ سے بچنے کے لیے فولڈ  کرنا  مکروہ  تحریمی ہے، البتہ  اگر  شلوار یا پینٹ وغیرہ نماز کے  دوران ٹخنوں سے نیچے غیر اختیاری طور پر چلی جائے  تو ایک ہاتھ سے اُسے سمیٹنا  یا اگر آستین چڑھی ہوئے رہ گئی ہو، اُنہیں ایک ہاتھ سے نیچے کرناجائز ہے اور اگر دونوں ہاتھوں سے نماز کے دوران اس طرح کپڑے فولڈ کیے کہ باہر سےدیکھنے والا شخص یہ سمجھے کہ یہ آدمی نماز میں نہیں ہے تو ایسی صورت میں نماز فاسد ہوجائے گی اور اس کا اعادہ کرنا واجب ہوگا۔</p><p style=""text-align:justify;"">فتاوٰی شامی میں ہے:</p><p class=""indent"" style=""text-align:justify;""><span class=""ar_writing"">""(و) كره (كفه) أي رفعه ولو لتراب كمشمر كم أو ذيل (وعبثه به) أي بثوبه (وبجسده) للنهي إلا لحاجة.</span></p><p class=""indent"" style=""text-align:justify;""><span class=""ar_writing"">قال ابن عابدين: (قوله أي رفعه) أي سواء كان من بين يديه أو من خلفه عند الانحطاط للسجود بحر. وحرر الخير الرملي ما يفيد أن الكراهة فيه تحريمية (قوله ولو لتراب) وقيل لا بأس بصونه عن التراب بحر عن المجتبى.</span></p><p class=""indent"" style=""text-align:justify;""><span class=""ar_writing"">(قوله كمشمر كم أو ذيل) أي كما لو دخل في الصلاة وهو مشمر كمه أو ذيله، وأشار بذلك إلى أن الكراهة لا تختص بالكف وهو في الصلاة كما أفاده في شرح المنية، لكن قال في القنية: واختلف فيمن صلى وقد شمر كميه لعمل كان يعمله قبل الصلاة أو هيئته ذلك اهـ ومثله ما لو شمر للوضوء ثم عجل لإدراك الركعة مع الإمام. وإذا دخل في الصلاة كذلك وقلنا بالكراهة فهل الأفضل إرخاء كميه فيها بعمل قليل أو تركهما؟ لم أره: والأظهر الأول بدليل قوله الآتي ولو سقطت قلنسوته فإعادتها أفضل تأمل.""</span></p><p class=""indent"" style=""text-align:left;"">(كتاب الصلاة ، باب ما يفسد الصلاة وما يكره فيها، 640/1، ط: سعيد)</p><p style=""text-align:justify;"">وفیہ ایضاً:</p><p class=""indent"" style=""text-align:justify;""><span class=""ar_writing"">""(و) يفسدها (كل ‌عمل ‌كثير) ليس من أعمالها ولا لإصلاحها، وفيه أقوال خمسة أصحها (ما لا يشك) بسببه (الناظر) من بعيد (في فاعله أنه ليس فيها)وإن شك أنه فيها أم لا فقليل۔۔(قوله ليس من أعمالها) احتراز عما لو زاد ركوعا أو سجودا مثلا فإنه عمل كثير غير مفسد لكونه منها غير أنه يرفض لأن هذا سبيل ما دون الركعة۔۔۔القول الثاني أن ما يعمل عادة باليدين كثير وإن عمل بواحدة كالتعميم وشد السراويل وما عمل بواحدة قليل وإن عمل بهما كحل السراويل ولبس القلنسوة ونزعها إلا إذا تكرر ثلاثا متوالية وضعفه في البحر بأنه قاصر عن إفادة ما لا يعمل باليد كالمضغ والتقبيل. الثالث الحركات الثلاث المتوالية كثير وإلا فقليل.""</span></p><p class=""indent"" style=""text-align:left;"">(کتاب الصلاۃ، باب مایفسد الصلاۃ ومایکرہ فیہا،ج:1،ص:624/ 625،ط:سعید)</p><p class=""indent"" style=""text-align:left;"">فقط واللہ اعلم</p></p><hr class=""big-hr""/>",11-01-2023,144406101528,banuri.edu.pk,نماز,مکروہاتِ نماز,مکروہات نماز,"<div class=""col-md-12 sawal-jawab""><h3 class=""question_heading"">سوال</h3><p><p style=""text-align:justify;"">نمازکےدوران کپڑے فولڈکرنا کیساہے؟</p></p><h4 class=""question_heading"">جواب</h4><p><p style=""text-align:justify;"">واضح رہے کہ نماز کے  دوران غیر ضروری طور پر کپڑوں  کے درستگی، تزیین  و تحسین  یا  مٹی  وغیرہ سے بچنے کے لیے فولڈ  کرنا  مکروہ  تحریمی ہے، البتہ  اگر  شلوار یا پینٹ وغیرہ نماز کے  دوران ٹخنوں سے نیچے غیر اختیاری طور پر چلی جائے  تو ایک ہاتھ سے اُسے سمیٹنا  یا اگر آستین چڑھی ہوئے رہ گئی ہو، اُنہیں ایک ہاتھ سے نیچے کرناجائز ہے اور اگر دونوں ہاتھوں سے نماز کے دوران اس طرح کپڑے فولڈ کیے کہ باہر سےدیکھنے والا شخص یہ سمجھے کہ یہ آدمی نماز میں نہیں ہے تو ایسی صورت میں نماز فاسد ہوجائے گی اور اس کا اعادہ کرنا واجب ہوگا۔</p><p style=""text-align:justify;"">فتاوٰی شامی میں ہے:</p><p class=""indent"" style=""text-align:justify;""><span class=""ar_writing"">""(و) كره (كفه) أي رفعه ولو لتراب كمشمر كم أو ذيل (وعبثه به) أي بثوبه (وبجسده) للنهي إلا لحاجة.</span></p><p class=""indent"" style=""text-align:justify;""><span class=""ar_writing"">قال ابن عابدين: (قوله أي رفعه) أي سواء كان من بين يديه أو من خلفه عند الانحطاط للسجود بحر. وحرر الخير الرملي ما يفيد أن الكراهة فيه تحريمية (قوله ولو لتراب) وقيل لا بأس بصونه عن التراب بحر عن المجتبى.</span></p><p class=""indent"" style=""text-align:justify;""><span class=""ar_writing"">(قوله كمشمر كم أو ذيل) أي كما لو دخل في الصلاة وهو مشمر كمه أو ذيله، وأشار بذلك إلى أن الكراهة لا تختص بالكف وهو في الصلاة كما أفاده في شرح المنية، لكن قال في القنية: واختلف فيمن صلى وقد شمر كميه لعمل كان يعمله قبل الصلاة أو هيئته ذلك اهـ ومثله ما لو شمر للوضوء ثم عجل لإدراك الركعة مع الإمام. وإذا دخل في الصلاة كذلك وقلنا بالكراهة فهل الأفضل إرخاء كميه فيها بعمل قليل أو تركهما؟ لم أره: والأظهر الأول بدليل قوله الآتي ولو سقطت قلنسوته فإعادتها أفضل تأمل.""</span></p><p class=""indent"" style=""text-align:left;"">(كتاب الصلاة ، باب ما يفسد الصلاة وما يكره فيها، 640/1، ط: سعيد)</p><p style=""text-align:justify;"">وفیہ ایضاً:</p><p class=""indent"" style=""text-align:justify;""><span class=""ar_writing"">""(و) يفسدها (كل ‌عمل ‌كثير) ليس من أعمالها ولا لإصلاحها، وفيه أقوال خمسة أصحها (ما لا يشك) بسببه (الناظر) من بعيد (في فاعله أنه ليس فيها)وإن شك أنه فيها أم لا فقليل۔۔(قوله ليس من أعمالها) احتراز عما لو زاد ركوعا أو سجودا مثلا فإنه عمل كثير غير مفسد لكونه منها غير أنه يرفض لأن هذا سبيل ما دون الركعة۔۔۔القول الثاني أن ما يعمل عادة باليدين كثير وإن عمل بواحدة كالتعميم وشد السراويل وما عمل بواحدة قليل وإن عمل بهما كحل السراويل ولبس القلنسوة ونزعها إلا إذا تكرر ثلاثا متوالية وضعفه في البحر بأنه قاصر عن إفادة ما لا يعمل باليد كالمضغ والتقبيل. الثالث الحركات الثلاث المتوالية كثير وإلا فقليل.""</span></p><p class=""indent"" style=""text-align:left;"">(کتاب الصلاۃ، باب مایفسد الصلاۃ ومایکرہ فیہا،ج:1،ص:624/ 625،ط:سعید)</p><p class=""indent"" style=""text-align:left;"">فقط واللہ اعلم</p></p><hr class=""big-hr""/><div class=""col-sm-6 col-md-6""><p class=""question_heading"" style=""color:#73161f"">فتویٰ نمبر : <a id=""fatwa_number"">144406101528</a></p></div><div class=""col-sm-6 col-md-6""><p style=""color:#73161f"">دارالافتاء :
                                جامعہ علوم اسلامیہ علامہ محمد یوسف بنوری ٹاؤن</p></div><hr class=""big-hr""/><div class=""col-sm-4 col-md-4""><div class=""tag""><a href=""https://www.banuri.edu.pk/questions/kitab/salat""><i class=""icon-docs-bold""></i> نماز</a></div></div><div class=""col-sm-4 col-md-4""><div class=""tag""><a href=""https://www.banuri.edu.pk/questions/bab/makrohat-e-namaz""><i class=""icon-docs-bold""></i> مکروہاتِ نماز</a></div></div><div class=""col-sm-4 col-md-4""><div class=""tag""><a href=""https://www.banuri.edu.pk/questions/fasal/makrohat-e-namaz""><i class=""icon-docs-bold""></i> مکروہات نماز</a></div></div></div>"
https://www.banuri.edu.pk/readquestion/sardi-ky-mosam-m-pishab-se-uthny-wali-bukharat-ky-kapron-ko-lagny-se-karon-ka-hukm-144307101745/23-02-2022,سردی کے موسم میں پیشاب سے اٹھنے والی بخارات کے کپڑوں کو لگنے سے کپڑوں کا حکم,"<p><p style=""text-align:justify;""> ہمارے علاقے سرد ہیں، یہاں پیشاب کرنے سے بخارات اٹھتے ہیں، جو کہ بسا اوقات کپڑوں پر لگ جاتے ہیں، تو کیا حکم ہے طہارت کا؟</p></p>","<p><p style=""text-align:justify;"">صورتِ مسئولہ میں پیشاب سے اٹھنے والے بخارات سے کپڑے ناپاک نہیں ہوتے۔</p><p style=""text-align:justify;"">غنیۃ المتملّی فی شرح منیۃ المصلّی (المشتہر بشرح الکبیر) میں ہے:</p><p class=""indent"" style=""text-align:justify;""><span class=""ar_writing"">""ومایصیب الثوب من بخارات النجاسة قیل ینجسه وقیل لا، وهو الصحیح انتهي، وهذا بناء علی طهارۃ بخارالنجاسة کما ہو الإستحسان"".</span></p><p class=""indent"" style=""text-align:left;"">(الطهارۃ الکبریٰ، فصل فی الآسار، ص:192، ط:مکتبہ رشیدیہ)</p><p class=""indent"" style=""text-align:left;""><span class=""ar_writing"">فقط واللہ اعلم</span></p></p><hr class=""big-hr""/>",23-02-2022,144307101745,banuri.edu.pk,طہارت,نجاست اور اس سے پاکی,نجاست حکمیہ، اقسام و احکام,"<div class=""col-md-12 sawal-jawab""><h3 class=""question_heading"">سوال</h3><p><p style=""text-align:justify;""> ہمارے علاقے سرد ہیں، یہاں پیشاب کرنے سے بخارات اٹھتے ہیں، جو کہ بسا اوقات کپڑوں پر لگ جاتے ہیں، تو کیا حکم ہے طہارت کا؟</p></p><h4 class=""question_heading"">جواب</h4><p><p style=""text-align:justify;"">صورتِ مسئولہ میں پیشاب سے اٹھنے والے بخارات سے کپڑے ناپاک نہیں ہوتے۔</p><p style=""text-align:justify;"">غنیۃ المتملّی فی شرح منیۃ المصلّی (المشتہر بشرح الکبیر) میں ہے:</p><p class=""indent"" style=""text-align:justify;""><span class=""ar_writing"">""ومایصیب الثوب من بخارات النجاسة قیل ینجسه وقیل لا، وهو الصحیح انتهي، وهذا بناء علی طهارۃ بخارالنجاسة کما ہو الإستحسان"".</span></p><p class=""indent"" style=""text-align:left;"">(الطهارۃ الکبریٰ، فصل فی الآسار، ص:192، ط:مکتبہ رشیدیہ)</p><p class=""indent"" style=""text-align:left;""><span class=""ar_writing"">فقط واللہ اعلم</span></p></p><hr class=""big-hr""/><div class=""col-sm-6 col-md-6""><p class=""question_heading"" style=""color:#73161f"">فتویٰ نمبر : <a id=""fatwa_number"">144307101745</a></p></div><div class=""col-sm-6 col-md-6""><p style=""color:#73161f"">دارالافتاء :
                                جامعہ علوم اسلامیہ علامہ محمد یوسف بنوری ٹاؤن</p></div><hr class=""big-hr""/><div class=""col-sm-4 col-md-4""><div class=""tag""><a href=""https://www.banuri.edu.pk/questions/kitab/taharat""><i class=""icon-docs-bold""></i> طہارت</a></div></div><div class=""col-sm-4 col-md-4""><div class=""tag""><a href=""https://www.banuri.edu.pk/questions/bab/najasat-aur-us-ki-paki""><i class=""icon-docs-bold""></i> نجاست اور اس سے پاکی</a></div></div><div class=""col-sm-4 col-md-4""><div class=""tag""><a href=""https://www.banuri.edu.pk/questions/fasal/najasat-e-hukmyah-aqsaam-o-ahkaam""><i class=""icon-docs-bold""></i> نجاست حکمیہ، اقسام و احکام</a></div></div></div>"
https://www.banuri.edu.pk/readquestion/phoopi-ka-hissey-ka-mutalaba-krna-144406102252/22-01-2023,پھوپھی کا حصے کامطالبہ کرنا,"<p><p style=""text-align:justify;""> میرے ابو کی وفات 2015میں ہوئی ،اور ہم سب بھائیوں نے مل کر جنوری 2023 کے شروع میں والد کی جائداد سب بہن بھائیوں میں تقسیم کی، جس کے بعد میری ایک پھوپھی نے ہمیں بولا کے میرا حصہ دو، تو میں نے کہا کہ اگر آپ کا حصہ تھا جائیداد میں تو آپ کو اپنے بھائی سے لینا چاہیے تھا، جب کہ آپ کے بھائی یعنی کے ہمارے ابو کو گزرے سات سال ہوگئے، اور ہمارے دادا جس کی تم بیٹی ہو اس کو گزرے تقریباً 40 سال ہوگئے، اگر آپ کا کوئی حصہ تھا تو آپ کو اپنے بھائی سے لینا چاہیے تھا، حالاں کہ ہمارے دادا کی آدھا ایکڑزمین تھی جو ہمارے پیدا ہونے سے پہلے فروخت ہو چکی تھی، اوراب ہم اپنے ابو کے گھر میں رہتے ہیں جو سات مرلے جگہ ہے، اورشاملات  کی جگہ ہے ،دادا کی وراثت سے ہماری ملکیت میں نہیں آئی ہے،تو اب پھوپھی کاکیا کیا جائے؟</p></p>","<p><p style=""text-align:justify;"">صورتِ مسئولہ میں سائل کے دادا  انتقال کے وقت جن چیزوں کےمالک تھے،تو اس میں پھوپھی کا بھی حصہ تھا،اگر وہ وراثت تقسیم نہیں ہوئی ہے ،تو اب بھی کرنالازم ہے ،اور اگر وہ سب کچھ جائیداد اپنی زندگی میں تقسیم کرکر گئے تھے ،اور اس میں سے پھوپھی کو بھی حصہ دیا تھا،تو اب پھوپھی کا شرعاً اپنے بھائی کی جائیداد میں کوئی حصہ نہیں،تمام عاقل بالغ ورثاء باہمی رضامندی سے دینا چاہیں تو دے سکتے ہیں،اس کے علاوہ کسی اور وجہ سے پھوپھی حصے کامطالبہ کررہی ہیں تو وہ دوبارہ سوال میں وضاحت کے ساتھ لکھ کر دریافت کی جاسکتی ہے۔</p><p style=""text-align:justify;""><span class=""ar_writing"">""رد المحتار""</span> میں ہے:</p><p class=""indent"" style=""text-align:justify;""><span class=""ar_writing"">"" التركة في الاصطلاح ما تركه الميت من الأموال صافيا عن تعلق حق الغير بعين من الأموال كما في ‌شروح السراجية.""</span></p><p class=""indent"" style=""text-align:left;""><span class=""ar_writing"">(كتاب الفرائض، ج:6، ص:759، ط:سعيد)</span></p><p class=""indent"" style=""text-align:left;""><span class=""ar_writing"">فقط والله أعلم</span></p></p><hr class=""big-hr""/>",22-01-2023,144406102252,banuri.edu.pk,فرائض,ترکہ اور اس کا استحقاق,محجوب الارث,"<div class=""col-md-12 sawal-jawab""><h3 class=""question_heading"">سوال</h3><p><p style=""text-align:justify;""> میرے ابو کی وفات 2015میں ہوئی ،اور ہم سب بھائیوں نے مل کر جنوری 2023 کے شروع میں والد کی جائداد سب بہن بھائیوں میں تقسیم کی، جس کے بعد میری ایک پھوپھی نے ہمیں بولا کے میرا حصہ دو، تو میں نے کہا کہ اگر آپ کا حصہ تھا جائیداد میں تو آپ کو اپنے بھائی سے لینا چاہیے تھا، جب کہ آپ کے بھائی یعنی کے ہمارے ابو کو گزرے سات سال ہوگئے، اور ہمارے دادا جس کی تم بیٹی ہو اس کو گزرے تقریباً 40 سال ہوگئے، اگر آپ کا کوئی حصہ تھا تو آپ کو اپنے بھائی سے لینا چاہیے تھا، حالاں کہ ہمارے دادا کی آدھا ایکڑزمین تھی جو ہمارے پیدا ہونے سے پہلے فروخت ہو چکی تھی، اوراب ہم اپنے ابو کے گھر میں رہتے ہیں جو سات مرلے جگہ ہے، اورشاملات  کی جگہ ہے ،دادا کی وراثت سے ہماری ملکیت میں نہیں آئی ہے،تو اب پھوپھی کاکیا کیا جائے؟</p></p><h4 class=""question_heading"">جواب</h4><p><p style=""text-align:justify;"">صورتِ مسئولہ میں سائل کے دادا  انتقال کے وقت جن چیزوں کےمالک تھے،تو اس میں پھوپھی کا بھی حصہ تھا،اگر وہ وراثت تقسیم نہیں ہوئی ہے ،تو اب بھی کرنالازم ہے ،اور اگر وہ سب کچھ جائیداد اپنی زندگی میں تقسیم کرکر گئے تھے ،اور اس میں سے پھوپھی کو بھی حصہ دیا تھا،تو اب پھوپھی کا شرعاً اپنے بھائی کی جائیداد میں کوئی حصہ نہیں،تمام عاقل بالغ ورثاء باہمی رضامندی سے دینا چاہیں تو دے سکتے ہیں،اس کے علاوہ کسی اور وجہ سے پھوپھی حصے کامطالبہ کررہی ہیں تو وہ دوبارہ سوال میں وضاحت کے ساتھ لکھ کر دریافت کی جاسکتی ہے۔</p><p style=""text-align:justify;""><span class=""ar_writing"">""رد المحتار""</span> میں ہے:</p><p class=""indent"" style=""text-align:justify;""><span class=""ar_writing"">"" التركة في الاصطلاح ما تركه الميت من الأموال صافيا عن تعلق حق الغير بعين من الأموال كما في ‌شروح السراجية.""</span></p><p class=""indent"" style=""text-align:left;""><span class=""ar_writing"">(كتاب الفرائض، ج:6، ص:759، ط:سعيد)</span></p><p class=""indent"" style=""text-align:left;""><span class=""ar_writing"">فقط والله أعلم</span></p></p><hr class=""big-hr""/><div class=""col-sm-6 col-md-6""><p class=""question_heading"" style=""color:#73161f"">فتویٰ نمبر : <a id=""fatwa_number"">144406102252</a></p></div><div class=""col-sm-6 col-md-6""><p style=""color:#73161f"">دارالافتاء :
                                جامعہ علوم اسلامیہ علامہ محمد یوسف بنوری ٹاؤن</p></div><hr class=""big-hr""/><div class=""col-sm-4 col-md-4""><div class=""tag""><a href=""https://www.banuri.edu.pk/questions/kitab/faraez""><i class=""icon-docs-bold""></i> فرائض</a></div></div><div class=""col-sm-4 col-md-4""><div class=""tag""><a href=""https://www.banuri.edu.pk/questions/bab/tarka-or-is-ka-istehaqaaq""><i class=""icon-docs-bold""></i> ترکہ اور اس کا استحقاق</a></div></div><div class=""col-sm-4 col-md-4""><div class=""tag""><a href=""https://www.banuri.edu.pk/questions/fasal/mahjoob-ul-irs""><i class=""icon-docs-bold""></i> محجوب الارث</a></div></div></div>"
https://www.banuri.edu.pk/readquestion/gar-banay-kyliay-benk-sy-qesto-par-qarz-linay-ka-hukm-144404101793/20-11-2022,گھربنانے کے لیے بینک سے قسطوں پر قرض لینے کا حکم,"<p><p style=""text-align:justify;""> کسی بھی اسلامی بینک سے قرضہ لے کر گھر بنا سکتے ہیں یہ حرام تو نہیں ہے ؟کیوں کہ جس اسلامی بینک سے بھی قرضہ لیں تو قسطوں میں واپسی کرنی ہوتی ہے اور اصل رقم سے زیادہ ہی دینا ہوتا ہے۔</p></p>","<p><p style=""text-align:justify;"">صورتِ مسئولہ میں کسی بھی مروجہ  اسلامی بینک سے قرض لے کر جو اضافی رقم دی جاتی ہے وہ سود ہے، جس کا لینا ، دینا شرعاً ناجائز اور حرام ہے، قرآنِ کریم اور احادیثِ مبارکہ میں سودی معاملات کرنے والوں کے لیے سخت وعیدیں وارد ہوئی ہیں؛ اس لیے اس سے احتراز لازم اور ضروری ہے، جب کہ کسی  بھی بینک سے  قرضہ لینے کی صورت میں سود کا معاہدہ کرنا پڑتا ہے،  گو وہ کسی دوسرے نام سے کیا جاتا ہو، اس لیے کسی بینک سے گھر بنوانے کے لیے یا  کاروبار کےلیے قرضہ لینا جائز نہیں ہے، لہذا اگر قرض لینا ہی ہو تو بینک کے علاوہ کسی اور  سے غیر سودی قرضہ حاصل کر لیں ۔</p><p style=""text-align:justify;"">      مشكاة المصابيح  میں ہے:</p><p class=""indent"" style=""text-align:justify;""><span class=""ar_writing"">""وعن أبي هريرة قال: قال رسول الله صلى الله عليه وسلم: «الربا سبعون جزءًا أيسرها أن ینکح الرجل أمه"".</span></p><p class=""indent"" style=""text-align:left;""><span class=""ar_writing"">( كتاب البيوع،باب الرباج:1،ص:246 ، ط؛ قدیمی)</span></p><p style=""text-align:justify;"">اعلاء السنن میں ہے:</p><p class=""indent"" style=""text-align:justify;""><span class=""ar_writing"">""قال ابن المنذر: أجمعوا على أن المسلف إذا شرط على المستسلف زیادة أو ھدیة  فأسلف على ذلك إن أخذ الزیادة علی ذلك ربا"".</span></p><p class=""indent"" style=""text-align:left;""><span class=""ar_writing"">(كتاب الحوالة، باب کل قرض جرّ منفعة،ج:14،ص513، ط: إدارۃ القرآن)</span></p><p style=""text-align:justify;"">مشکاۃ المصابیح میں ہے:</p><p class=""indent"" style=""text-align:justify;""><span class=""ar_writing"">""عن جابر رضي الله عنه قال: ‌لعن ‌رسول الله صلى الله عليه وسلم أكل الربا وموكله وكاتبه وشاهديه وقال: ""هم سواء"".</span></p><p class=""indent"" style=""text-align:left;""><span class=""ar_writing"">(‌‌كتاب البيوع‌‌، باب الربا‌‌، الفصل الأول: 244، ط: قدیمی)</span></p><p>بدائع الصنائع میں ہے:</p><p class=""indent"" style=""text-align:justify;""><span class=""ar_writing"">""وأما) الذي يرجع إلى نفس القرض: فهو أن لا يكون فيه جر منفعة، فإن كان لم يجز.""</span></p><p class=""indent"" style=""text-align:left;""><span class=""ar_writing"">(كتاب القرض ،فصل في شرائط ركن القرض ،ج:7،ص:395،ط:دارالكتب العلمية بيروت)</span></p><p class=""indent"" style=""text-align:left;""><span class=""ar_writing"">فقط واللہ اعلم</span></p></p><hr class=""big-hr""/>",20-11-2022,144404101793,banuri.edu.pk,بیوع,ربا و قمار,مروجہ بینکوں کا سود,"<div class=""col-md-12 sawal-jawab""><h3 class=""question_heading"">سوال</h3><p><p style=""text-align:justify;""> کسی بھی اسلامی بینک سے قرضہ لے کر گھر بنا سکتے ہیں یہ حرام تو نہیں ہے ؟کیوں کہ جس اسلامی بینک سے بھی قرضہ لیں تو قسطوں میں واپسی کرنی ہوتی ہے اور اصل رقم سے زیادہ ہی دینا ہوتا ہے۔</p></p><h4 class=""question_heading"">جواب</h4><p><p style=""text-align:justify;"">صورتِ مسئولہ میں کسی بھی مروجہ  اسلامی بینک سے قرض لے کر جو اضافی رقم دی جاتی ہے وہ سود ہے، جس کا لینا ، دینا شرعاً ناجائز اور حرام ہے، قرآنِ کریم اور احادیثِ مبارکہ میں سودی معاملات کرنے والوں کے لیے سخت وعیدیں وارد ہوئی ہیں؛ اس لیے اس سے احتراز لازم اور ضروری ہے، جب کہ کسی  بھی بینک سے  قرضہ لینے کی صورت میں سود کا معاہدہ کرنا پڑتا ہے،  گو وہ کسی دوسرے نام سے کیا جاتا ہو، اس لیے کسی بینک سے گھر بنوانے کے لیے یا  کاروبار کےلیے قرضہ لینا جائز نہیں ہے، لہذا اگر قرض لینا ہی ہو تو بینک کے علاوہ کسی اور  سے غیر سودی قرضہ حاصل کر لیں ۔</p><p style=""text-align:justify;"">      مشكاة المصابيح  میں ہے:</p><p class=""indent"" style=""text-align:justify;""><span class=""ar_writing"">""وعن أبي هريرة قال: قال رسول الله صلى الله عليه وسلم: «الربا سبعون جزءًا أيسرها أن ینکح الرجل أمه"".</span></p><p class=""indent"" style=""text-align:left;""><span class=""ar_writing"">( كتاب البيوع،باب الرباج:1،ص:246 ، ط؛ قدیمی)</span></p><p style=""text-align:justify;"">اعلاء السنن میں ہے:</p><p class=""indent"" style=""text-align:justify;""><span class=""ar_writing"">""قال ابن المنذر: أجمعوا على أن المسلف إذا شرط على المستسلف زیادة أو ھدیة  فأسلف على ذلك إن أخذ الزیادة علی ذلك ربا"".</span></p><p class=""indent"" style=""text-align:left;""><span class=""ar_writing"">(كتاب الحوالة، باب کل قرض جرّ منفعة،ج:14،ص513، ط: إدارۃ القرآن)</span></p><p style=""text-align:justify;"">مشکاۃ المصابیح میں ہے:</p><p class=""indent"" style=""text-align:justify;""><span class=""ar_writing"">""عن جابر رضي الله عنه قال: ‌لعن ‌رسول الله صلى الله عليه وسلم أكل الربا وموكله وكاتبه وشاهديه وقال: ""هم سواء"".</span></p><p class=""indent"" style=""text-align:left;""><span class=""ar_writing"">(‌‌كتاب البيوع‌‌، باب الربا‌‌، الفصل الأول: 244، ط: قدیمی)</span></p><p>بدائع الصنائع میں ہے:</p><p class=""indent"" style=""text-align:justify;""><span class=""ar_writing"">""وأما) الذي يرجع إلى نفس القرض: فهو أن لا يكون فيه جر منفعة، فإن كان لم يجز.""</span></p><p class=""indent"" style=""text-align:left;""><span class=""ar_writing"">(كتاب القرض ،فصل في شرائط ركن القرض ،ج:7،ص:395،ط:دارالكتب العلمية بيروت)</span></p><p class=""indent"" style=""text-align:left;""><span class=""ar_writing"">فقط واللہ اعلم</span></p></p><hr class=""big-hr""/><div class=""col-sm-6 col-md-6""><p class=""question_heading"" style=""color:#73161f"">فتویٰ نمبر : <a id=""fatwa_number"">144404101793</a></p></div><div class=""col-sm-6 col-md-6""><p style=""color:#73161f"">دارالافتاء :
                                جامعہ علوم اسلامیہ علامہ محمد یوسف بنوری ٹاؤن</p></div><hr class=""big-hr""/><div class=""col-sm-4 col-md-4""><div class=""tag""><a href=""https://www.banuri.edu.pk/questions/kitab/buyoo""><i class=""icon-docs-bold""></i> بیوع</a></div></div><div class=""col-sm-4 col-md-4""><div class=""tag""><a href=""https://www.banuri.edu.pk/questions/bab/riba-o-qemaar""><i class=""icon-docs-bold""></i> ربا و قمار</a></div></div><div class=""col-sm-4 col-md-4""><div class=""tag""><a href=""https://www.banuri.edu.pk/questions/fasal/murawwaja-bank-se-soodi-qarz-lena""><i class=""icon-docs-bold""></i> مروجہ بینکوں کا سود</a></div></div></div>"
https://www.banuri.edu.pk/readquestion/momien-ke-mah-o-saal-kitab-pr-eitraz-144406101575/12-01-2023,مومن کے ماہ وسال کتاب پر اعتراض,"<p><p style=""text-align:justify;"">  مومن کے ماہ وسال جو کتاب ہے اس کے مصنف شاہ عبدالحق محدث دہلوی ہیں اس پر مفتی اعظم مفتی شفیع صاحب کا مقدمہ ہے اقبال صاحب نے اس کا ترجمہ کیا ہے اس کتاب کے اندر بہت سی غلط بات نظر آئی جس پر باطل فرقے اعتراض کر رہے ہیں جیسے صفحہ نمبر 38 پر صحابہ کی شان میں گستاخی کی گئی ہے اور صفحہ نمبر 160 پر غوث اعظم کے گیارہویں کے عرس منانے کو جائز قرار دیا گیا ہے ؟</p></p>","<hr class=""big-hr""/>",12-01-2023,144406101575,banuri.edu.pk,علوم و فنون,معتبر اور غیر معتبر کتب,دیگر کتب,"<div class=""col-md-12 sawal-jawab""><h3 class=""question_heading"">سوال</h3><p><p style=""text-align:justify;"">  مومن کے ماہ وسال جو کتاب ہے اس کے مصنف شاہ عبدالحق محدث دہلوی ہیں اس پر مفتی اعظم مفتی شفیع صاحب کا مقدمہ ہے اقبال صاحب نے اس کا ترجمہ کیا ہے اس کتاب کے اندر بہت سی غلط بات نظر آئی جس پر باطل فرقے اعتراض کر رہے ہیں جیسے صفحہ نمبر 38 پر صحابہ کی شان میں گستاخی کی گئی ہے اور صفحہ نمبر 160 پر غوث اعظم کے گیارہویں کے عرس منانے کو جائز قرار دیا گیا ہے ؟</p></p><h4 class=""question_heading"">جواب</h4><p><p style=""text-align:justify;"">کتاب"" مومن کے ماہ وسال"" جو کہ عربی کتاب "" ماثبت بالسنۃ فی ایّام السنۃ "" (مؤلف: محدث الجلیل عبدالحق بن سیف الدین الدہلوی، المتوفیٰ:1052ھ)  کا اردو ترجمہ ہے مولانا اقبال الدین شاہ نے کیا ہے، اور اس پر مفتی شفیع صاحب رحمہ اللہ کا مقدمہ بھی ہے،  اس کتاب میں حضورِ اکرم صلی اللہ علیہ وسلم کی مقدّس تعلیمات کی روشنی میں ہر مسلمان کے لئے اعمال/ نماز/ روزہ/ دعاوؤں واستغفار کا ایک مکمل دستور العمل موجود ہے، جس کی بناء پر اس کتاب سے استفادہ کرنا چاہیے، تاہم اگر کسی کو مذکورہ کتاب میں موجود کسی بات پر اعتراض ہے، تو اعتراض واضح ہونے کے بعد جواب دیا جاسکتا ہے۔</p><p class=""indent"" style=""text-align:left;"">فقط واللہ اعلم</p></p><hr class=""big-hr""/><div class=""col-sm-6 col-md-6""><p class=""question_heading"" style=""color:#73161f"">فتویٰ نمبر : <a id=""fatwa_number"">144406101575</a></p></div><div class=""col-sm-6 col-md-6""><p style=""color:#73161f"">دارالافتاء :
                                جامعہ علوم اسلامیہ علامہ محمد یوسف بنوری ٹاؤن</p></div><hr class=""big-hr""/><div class=""col-sm-4 col-md-4""><div class=""tag""><a href=""https://www.banuri.edu.pk/questions/kitab/uloom-funoon""><i class=""icon-docs-bold""></i> علوم و فنون</a></div></div><div class=""col-sm-4 col-md-4""><div class=""tag""><a href=""https://www.banuri.edu.pk/questions/bab/motabar-aur-gher-motabar-kutub""><i class=""icon-docs-bold""></i> معتبر اور غیر معتبر کتب</a></div></div><div class=""col-sm-4 col-md-4""><div class=""tag""><a href=""https://www.banuri.edu.pk/questions/fasal/digar-kutub""><i class=""icon-docs-bold""></i> دیگر کتب</a></div></div></div>"
https://www.banuri.edu.pk/readquestion/jabry-ki-haddi-ke-niche-darhi-ke-bal-katana-144406101481/11-01-2023,جبڑے کی ہڈی کے نیچے داڑھی کے بال کٹانا,"<p><p style=""text-align:justify;""> کیا داڑھی کے جو بال کھڑے هو جاتے هیں وه کٹوانا جائز ہے بال کی قلموں سے نیچے جہاں سے داڑھی شروع ہوتی ہے؟</p></p>","<p><p style=""text-align:justify;"">کانوں کے پاس جہاں سے جبڑے کی ہڈی شروع ہوتی ہے، یہاں سے داڑھی کی ابتدا ہےاور پورا جبڑا داڑھی کی حد ہے، اور بالوں کی لمبائی کے لحاظ سے داڑھی کی مقدار ایک مٹھی ہے، اس سے زائد بال ہوں تو ایک مٹھی کی حد تک چھوڑ کر اس سے زائد اس کو کاٹ سکتے ہیں، لہذا کان کے قریب جبڑے کی ہڈی کے نیچے جو بال ہیں ،اگر ایک مٹھی سے کم ہیں تو اگرچہ یہ بال کھڑے ہوجاتے ہیں ان کا کاٹنا شرعا جائز نہیں ہے،اور شرعا چہرے کے تینوں جانب کم از کم ایک مٹھی داڑھی کے بال ہونا ضروری ہے۔</p><p style=""text-align:justify;"">الدر المختار وحاشیہ ابن عابدین  میں ہے:</p><p class=""indent"" style=""text-align:justify;""><span class=""ar_writing"">""و أما الأخذ منها وهي دون ذلك كما فعله بعض المغاربة و مخنثة الرجال فلم يبحه أحد، و أخذ كلها فعل يهود الهند و مجوس الأعاجم</span></p><p class=""indent"" style=""text-align:justify;""><span class=""ar_writing"">مطلب في الأخذ من اللحية (قوله: وأما الأخذ منها إلخ) بهذا وفق في الفتح بين ما مر وبين ما في الصحيحين عن ابن عمر عنه - صلى الله عليه وسلم - «أحفوا الشوارب واعفوا اللحية» قال: لأنه صح عن ابن عمر راوي هذا الحديث أنه كان يأخذ الفاضل عن القبضة، فإن لم يحمل على النسخ كما هو أصلنا في عمل الراوي على خلاف مرويه مع أنه روي عن غير الراوي وعن النبي - صلى الله عليه وسلم - يحمل الإعفاء على إعفائها عن أن يأخذ غالبها أو كلها كما هو فعل مجوس الأعاجم من حلق لحاهم، ويؤيده ما في مسلم عن أبي هريرة عنه - صلى الله عليه وسلم - «جزوا الشوارب واعفوا اللحى خالفوا المجوس» فهذه الجملة واقعة موقع التعليل، وأما الأخذ منها وهي دون ذلك كما يفعله بعض المغاربة، ومخنثة الرجال فلم يبحه أحد اهـ ملخصا.""</span></p><p class=""indent"" style=""text-align:left;"">(كتاب الصوم ، باب مالايفسد الصوم، ج2،ص418،ط: سعيد)</p><p class=""indent"" style=""text-align:left;"">فقط واللہ اعلم</p></p><hr class=""big-hr""/>",11-01-2023,144406101481,banuri.edu.pk,حظر و اباحت,زیب و زینت,داڑھی، مونچھ، بالوں، ناخن کے احکام,"<div class=""col-md-12 sawal-jawab""><h3 class=""question_heading"">سوال</h3><p><p style=""text-align:justify;""> کیا داڑھی کے جو بال کھڑے هو جاتے هیں وه کٹوانا جائز ہے بال کی قلموں سے نیچے جہاں سے داڑھی شروع ہوتی ہے؟</p></p><h4 class=""question_heading"">جواب</h4><p><p style=""text-align:justify;"">کانوں کے پاس جہاں سے جبڑے کی ہڈی شروع ہوتی ہے، یہاں سے داڑھی کی ابتدا ہےاور پورا جبڑا داڑھی کی حد ہے، اور بالوں کی لمبائی کے لحاظ سے داڑھی کی مقدار ایک مٹھی ہے، اس سے زائد بال ہوں تو ایک مٹھی کی حد تک چھوڑ کر اس سے زائد اس کو کاٹ سکتے ہیں، لہذا کان کے قریب جبڑے کی ہڈی کے نیچے جو بال ہیں ،اگر ایک مٹھی سے کم ہیں تو اگرچہ یہ بال کھڑے ہوجاتے ہیں ان کا کاٹنا شرعا جائز نہیں ہے،اور شرعا چہرے کے تینوں جانب کم از کم ایک مٹھی داڑھی کے بال ہونا ضروری ہے۔</p><p style=""text-align:justify;"">الدر المختار وحاشیہ ابن عابدین  میں ہے:</p><p class=""indent"" style=""text-align:justify;""><span class=""ar_writing"">""و أما الأخذ منها وهي دون ذلك كما فعله بعض المغاربة و مخنثة الرجال فلم يبحه أحد، و أخذ كلها فعل يهود الهند و مجوس الأعاجم</span></p><p class=""indent"" style=""text-align:justify;""><span class=""ar_writing"">مطلب في الأخذ من اللحية (قوله: وأما الأخذ منها إلخ) بهذا وفق في الفتح بين ما مر وبين ما في الصحيحين عن ابن عمر عنه - صلى الله عليه وسلم - «أحفوا الشوارب واعفوا اللحية» قال: لأنه صح عن ابن عمر راوي هذا الحديث أنه كان يأخذ الفاضل عن القبضة، فإن لم يحمل على النسخ كما هو أصلنا في عمل الراوي على خلاف مرويه مع أنه روي عن غير الراوي وعن النبي - صلى الله عليه وسلم - يحمل الإعفاء على إعفائها عن أن يأخذ غالبها أو كلها كما هو فعل مجوس الأعاجم من حلق لحاهم، ويؤيده ما في مسلم عن أبي هريرة عنه - صلى الله عليه وسلم - «جزوا الشوارب واعفوا اللحى خالفوا المجوس» فهذه الجملة واقعة موقع التعليل، وأما الأخذ منها وهي دون ذلك كما يفعله بعض المغاربة، ومخنثة الرجال فلم يبحه أحد اهـ ملخصا.""</span></p><p class=""indent"" style=""text-align:left;"">(كتاب الصوم ، باب مالايفسد الصوم، ج2،ص418،ط: سعيد)</p><p class=""indent"" style=""text-align:left;"">فقط واللہ اعلم</p></p><hr class=""big-hr""/><div class=""col-sm-6 col-md-6""><p class=""question_heading"" style=""color:#73161f"">فتویٰ نمبر : <a id=""fatwa_number"">144406101481</a></p></div><div class=""col-sm-6 col-md-6""><p style=""color:#73161f"">دارالافتاء :
                                جامعہ علوم اسلامیہ علامہ محمد یوسف بنوری ٹاؤن</p></div><hr class=""big-hr""/><div class=""col-sm-4 col-md-4""><div class=""tag""><a href=""https://www.banuri.edu.pk/questions/kitab/mamnooaat-mubahat""><i class=""icon-docs-bold""></i> حظر و اباحت</a></div></div><div class=""col-sm-4 col-md-4""><div class=""tag""><a href=""https://www.banuri.edu.pk/questions/bab/zayb-o-zeenat""><i class=""icon-docs-bold""></i> زیب و زینت</a></div></div><div class=""col-sm-4 col-md-4""><div class=""tag""><a href=""https://www.banuri.edu.pk/questions/fasal/daarhi-moonch-baalon-nakhun-ke-ahkaam""><i class=""icon-docs-bold""></i> داڑھی، مونچھ، بالوں، ناخن کے احکام</a></div></div></div>"
https://www.banuri.edu.pk/readquestion/mutallaqa-salasa-k-sath-rahnay-walay-s-baat-cheet-bnd-krna-144307101546/21-02-2022,مطلقہ ثلاثہ کے ساتھ رہنے والے سے بات چیت بند کرنا,"<p><p style=""text-align:justify;"">میرے کزن نے اپنی بیوی کوتین طلاقیں دیں اور اس کی بیوی نے اس طلاق کی تصدیق بھی کر دی، پھر بعد میں خیال آیا کہ یہ غلط ہو گیا، سنی علماء سے مسئلہ پوچھا، بتایا کہ طلاق ہو گئی ہے، یہ مطمئن نہیں ہوئے اور اہل حدیث عالم سے مذکورہ مسئلہ پوچھا، انہوں نے کہا کہ طلاق نہیں ہوئی، کیا ہم اپنے مفاد کے لیے کسی دوسرے عالم سے فتویٰ لے سکتے ہیں؟اور ہم ان سے تعلقات رکھ سکتے ہیں؟ اگر نہیں تو جن رشتے داروں نے ان سے تعلقات رکھے ہیں ان سے ہم مل سکتے ہیں یا نہیں ؟کیا حکم ہے؟</p></p>","<p><p style=""text-align:justify;"">واضح رہے کہ جمہور صحابہ کرام ، تابعین ، تبع تابعین ،اور ائمہ مجتہدین کے نزدیک  اکٹھی دی گئیں تینوں طلاقیں تین طلاقیں ہی ہوتی ہیں، اس میں کسی قسم کا کوئی اختلاف نہیں، البتہ روافض اور غیر مقلدین کے نزدیک تین طلاق ایک طلاق ہوتی  ہے، اور جمہور کے مقابلے  میں ان کا یہ قول معتبر نہیں ہے۔</p><p style=""text-align:justify;"">لہذا تین طلاقیں دینے کے باوجودمطلقہ  بیوی کو ساتھ رکھنا شرعاً سخت گناہ اورحرام ہے اور چاروں مذاہب کے متفقہ فیصلہ کے  خلاف ہے، مطلقہ ثلاثہ کو اپنے پاس رکھنے والاشخص حرام کاری کامرتکب ہے، اور ایسے لوگ جو علانیہ گناہوں کاارتکاب کرنے والے ہوں اوراپنے عمل سے باز نہ آتے ہوں ان سے میل جول،بات چیت ترک کردیناشریعت میں ثابت ہے،  لہذا   ایسے شخص کوراہِ راست پر لانے کے لیے ہر ممکن طریقہ اختیارکرناچاہیے،اور سمجھانے کے باوجودایساشخص جب تک باز نہیں آتااور علیحدگی اختیار نہیں کرتا ، اس  کی اصلاح کی غرض سے اس سے میل جول  اور تعلقات ختم کردینےچاہیے، اور مکمل بائیکاٹ کرنا چاہیے، جن لوگوں نے ان لوگوں سے تعلقات قائم کیے ہوئے ہیں ان سے بھی بائیکاٹ کرنا چاہیے۔</p><p style=""text-align:justify;"">پھر تین طلاق دینے کے بعد دوسرا مسلک اختیار کر لینا یا دوسرے مسلک کے علماء سے فتویٰ لے کر اس پر عمل کرنا نہایت خطرناک ہے؛ فقہاء نے لکھا ہے کہ اگر کوئی شخص دنیاوی اغراض کی خاطراپنے مذہبِ حقہ کو چھوڑتا ہے ،تو موت  کے وقت ایمان کے سلب ہونے کا خطرہ ہے اور  عدالت ایسے شخص کو تعزیری سزا دینے کا اختیار رکھتی ہے، لہذا ایسے کرنے والے کو اللہ پاک سے ڈرنا چاہیے اور اپنے اس فعل سے توبہ کرنی چاہیے۔</p><p style=""text-align:justify;"">فتاوی شامی میں ہے:</p><p class=""indent"" style=""text-align:justify;""><span class=""ar_writing"">""ارتحل إلى مذهب الشافعي يعزر، سراجية"".</span></p><p class=""indent"" style=""text-align:justify;""><span class=""ar_writing"">""مطلب فيما إذا ارتحل إلى غير مذهبه</span></p><p class=""indent"" style=""text-align:justify;""><span class=""ar_writing"">(قوله: ارتحل إلى مذهب الشافعي يعزر) أي إذا كان ارتحاله لا لغرض محمود شرعًا، لما في التتارخانية: حكي أن رجلاً من أصحاب أبي حنيفة خطب إلى رجل من أصحاب الحديث ابنته في عهد أبي بكر الجوزجاني فأبى إلا أن يترك مذهبه فيقرأ خلف الإمام، ويرفع يديه عند الانحطاط ونحو ذلك فأجابه فزوجه، فقال الشيخ بعد ما سئل عن هذه وأطرق رأسه: النكاح جائز ولكن أخاف عليه أن يذهب إيمانه وقت النزع؛ لأنه استخف بمذهبه الذي هو حق عنده وتركه لأجل جيفة منتنة، ولو أن رجلاً برئ من مذهبه باجتهاد وضح له كان محمودًا مأجورًا.""</span></p><p class=""indent"" style=""text-align:left;""> (کتاب الحدود، باب التعزیر، مطلب فیما إذا ارتحل إلى غير مذهبه، جلد:4، صفحہ: 80، طبع: مکتبه:ایچ ایم سعید)</p><p style=""text-align:justify;"">عمدۃ القاری میں ہے:</p><p class=""indent"" style=""text-align:justify;""><span class=""ar_writing"">""باب ما يجوز من الهجران لمن عصى</span></p><p class=""indent"" style=""text-align:justify;""><span class=""ar_writing"">أي هذا باب في بيان ما يجوز من الهجران لمن عصى وقال المهلب: غرض البخاري من هذا الباب أن يبين صفة الهجران الجائز وأن ذلك متنوع على قدر الإجرام فمن كان جرمه كثيرًا فينبغي هجرانه واجتنابه وترك مكالمته، كما جاء في كعب بن مالك وصاحبيه وما كان من المغاضبة بين الأهل والإخوان، فالهجران الجائز فيها ترك التحية والتسمية وبسط الوجه، كما فعلت عائشة في مغاضبتها مع رسول الله صلي الله عليه وسلم"".</span></p><p class=""indent"" style=""text-align:left;"">( كتاب البر والصلة ، باب ما يجوز  من الهجران لمن عصى، جلد:22، صفحہ: 225، طبع:دارالكتب العلمية)</p><p class=""indent"" style=""text-align:left;"">فقط واللہ اعلم</p></p><hr class=""big-hr""/>",21-02-2022,144307101546,banuri.edu.pk,طلاق,وقوع طلاق وعدم وقوع طلاق,تین طلاق,"<div class=""col-md-12 sawal-jawab""><h3 class=""question_heading"">سوال</h3><p><p style=""text-align:justify;"">میرے کزن نے اپنی بیوی کوتین طلاقیں دیں اور اس کی بیوی نے اس طلاق کی تصدیق بھی کر دی، پھر بعد میں خیال آیا کہ یہ غلط ہو گیا، سنی علماء سے مسئلہ پوچھا، بتایا کہ طلاق ہو گئی ہے، یہ مطمئن نہیں ہوئے اور اہل حدیث عالم سے مذکورہ مسئلہ پوچھا، انہوں نے کہا کہ طلاق نہیں ہوئی، کیا ہم اپنے مفاد کے لیے کسی دوسرے عالم سے فتویٰ لے سکتے ہیں؟اور ہم ان سے تعلقات رکھ سکتے ہیں؟ اگر نہیں تو جن رشتے داروں نے ان سے تعلقات رکھے ہیں ان سے ہم مل سکتے ہیں یا نہیں ؟کیا حکم ہے؟</p></p><h4 class=""question_heading"">جواب</h4><p><p style=""text-align:justify;"">واضح رہے کہ جمہور صحابہ کرام ، تابعین ، تبع تابعین ،اور ائمہ مجتہدین کے نزدیک  اکٹھی دی گئیں تینوں طلاقیں تین طلاقیں ہی ہوتی ہیں، اس میں کسی قسم کا کوئی اختلاف نہیں، البتہ روافض اور غیر مقلدین کے نزدیک تین طلاق ایک طلاق ہوتی  ہے، اور جمہور کے مقابلے  میں ان کا یہ قول معتبر نہیں ہے۔</p><p style=""text-align:justify;"">لہذا تین طلاقیں دینے کے باوجودمطلقہ  بیوی کو ساتھ رکھنا شرعاً سخت گناہ اورحرام ہے اور چاروں مذاہب کے متفقہ فیصلہ کے  خلاف ہے، مطلقہ ثلاثہ کو اپنے پاس رکھنے والاشخص حرام کاری کامرتکب ہے، اور ایسے لوگ جو علانیہ گناہوں کاارتکاب کرنے والے ہوں اوراپنے عمل سے باز نہ آتے ہوں ان سے میل جول،بات چیت ترک کردیناشریعت میں ثابت ہے،  لہذا   ایسے شخص کوراہِ راست پر لانے کے لیے ہر ممکن طریقہ اختیارکرناچاہیے،اور سمجھانے کے باوجودایساشخص جب تک باز نہیں آتااور علیحدگی اختیار نہیں کرتا ، اس  کی اصلاح کی غرض سے اس سے میل جول  اور تعلقات ختم کردینےچاہیے، اور مکمل بائیکاٹ کرنا چاہیے، جن لوگوں نے ان لوگوں سے تعلقات قائم کیے ہوئے ہیں ان سے بھی بائیکاٹ کرنا چاہیے۔</p><p style=""text-align:justify;"">پھر تین طلاق دینے کے بعد دوسرا مسلک اختیار کر لینا یا دوسرے مسلک کے علماء سے فتویٰ لے کر اس پر عمل کرنا نہایت خطرناک ہے؛ فقہاء نے لکھا ہے کہ اگر کوئی شخص دنیاوی اغراض کی خاطراپنے مذہبِ حقہ کو چھوڑتا ہے ،تو موت  کے وقت ایمان کے سلب ہونے کا خطرہ ہے اور  عدالت ایسے شخص کو تعزیری سزا دینے کا اختیار رکھتی ہے، لہذا ایسے کرنے والے کو اللہ پاک سے ڈرنا چاہیے اور اپنے اس فعل سے توبہ کرنی چاہیے۔</p><p style=""text-align:justify;"">فتاوی شامی میں ہے:</p><p class=""indent"" style=""text-align:justify;""><span class=""ar_writing"">""ارتحل إلى مذهب الشافعي يعزر، سراجية"".</span></p><p class=""indent"" style=""text-align:justify;""><span class=""ar_writing"">""مطلب فيما إذا ارتحل إلى غير مذهبه</span></p><p class=""indent"" style=""text-align:justify;""><span class=""ar_writing"">(قوله: ارتحل إلى مذهب الشافعي يعزر) أي إذا كان ارتحاله لا لغرض محمود شرعًا، لما في التتارخانية: حكي أن رجلاً من أصحاب أبي حنيفة خطب إلى رجل من أصحاب الحديث ابنته في عهد أبي بكر الجوزجاني فأبى إلا أن يترك مذهبه فيقرأ خلف الإمام، ويرفع يديه عند الانحطاط ونحو ذلك فأجابه فزوجه، فقال الشيخ بعد ما سئل عن هذه وأطرق رأسه: النكاح جائز ولكن أخاف عليه أن يذهب إيمانه وقت النزع؛ لأنه استخف بمذهبه الذي هو حق عنده وتركه لأجل جيفة منتنة، ولو أن رجلاً برئ من مذهبه باجتهاد وضح له كان محمودًا مأجورًا.""</span></p><p class=""indent"" style=""text-align:left;""> (کتاب الحدود، باب التعزیر، مطلب فیما إذا ارتحل إلى غير مذهبه، جلد:4، صفحہ: 80، طبع: مکتبه:ایچ ایم سعید)</p><p style=""text-align:justify;"">عمدۃ القاری میں ہے:</p><p class=""indent"" style=""text-align:justify;""><span class=""ar_writing"">""باب ما يجوز من الهجران لمن عصى</span></p><p class=""indent"" style=""text-align:justify;""><span class=""ar_writing"">أي هذا باب في بيان ما يجوز من الهجران لمن عصى وقال المهلب: غرض البخاري من هذا الباب أن يبين صفة الهجران الجائز وأن ذلك متنوع على قدر الإجرام فمن كان جرمه كثيرًا فينبغي هجرانه واجتنابه وترك مكالمته، كما جاء في كعب بن مالك وصاحبيه وما كان من المغاضبة بين الأهل والإخوان، فالهجران الجائز فيها ترك التحية والتسمية وبسط الوجه، كما فعلت عائشة في مغاضبتها مع رسول الله صلي الله عليه وسلم"".</span></p><p class=""indent"" style=""text-align:left;"">( كتاب البر والصلة ، باب ما يجوز  من الهجران لمن عصى، جلد:22، صفحہ: 225، طبع:دارالكتب العلمية)</p><p class=""indent"" style=""text-align:left;"">فقط واللہ اعلم</p></p><hr class=""big-hr""/><div class=""col-sm-6 col-md-6""><p class=""question_heading"" style=""color:#73161f"">فتویٰ نمبر : <a id=""fatwa_number"">144307101546</a></p></div><div class=""col-sm-6 col-md-6""><p style=""color:#73161f"">دارالافتاء :
                                جامعہ علوم اسلامیہ علامہ محمد یوسف بنوری ٹاؤن</p></div><hr class=""big-hr""/><div class=""col-sm-4 col-md-4""><div class=""tag""><a href=""https://www.banuri.edu.pk/questions/kitab/talaaq""><i class=""icon-docs-bold""></i> طلاق</a></div></div><div class=""col-sm-4 col-md-4""><div class=""tag""><a href=""https://www.banuri.edu.pk/questions/bab/wuqoo-e-talaq-o-adme-wuqoo-e-talaq""><i class=""icon-docs-bold""></i> وقوع طلاق وعدم وقوع طلاق</a></div></div><div class=""col-sm-4 col-md-4""><div class=""tag""><a href=""https://www.banuri.edu.pk/questions/fasal/teen-talaqayn""><i class=""icon-docs-bold""></i> تین طلاق</a></div></div></div>"
https://www.banuri.edu.pk/readquestion/padelr-haje-karny-ka-hukum-144404101811/20-11-2022,پیدل حج کرنے کا حکم,"<p><p style=""text-align:justify;"">کیا پیدل حج  کے لیے جانا جائز ہے  (آج کل کے اس جدید دور میں )؟  آگاہ  کیجیے!</p></p>","<p><p style=""text-align:justify;"">صورتِ  مسئولہ میں آج کل کے اس جدید دور میں بھی پیدل حج پر جانا چاہتا ہے اور اتنی استعداد بھی ہو کہ راستے کی مشقت کو سہہ سکتا ہے تو جانا منع نہیں ہے  ، بشرطیکہ شہرت اور نمود نمائش  مقصود نہ ہو  ، اگر شہرت اور نام ونمود مقصود ہو تو ریاکاری پر ثواب نہیں ملے گا۔ تاہم  سواری کی سہولت ہونے کے باوجود پیدل جا نابھی درست ہے   ۔</p><p style=""text-align:justify;"">مزید دیکھیے:</p><p class=""indent"" style=""text-align:justify;""><a href=""https://www.banuri.edu.pk/readquestion/pidl-hajj-krny-ka-hukm-144311100316/05-06-2022"">پیدل حج کرنے کاحکم</a></p><p class=""indent"" style=""text-align:justify;""><a href=""https://www.banuri.edu.pk/readquestion/pidl-hajj-krny-ki-trgeeb-144401100099/30-07-2022"">پیدل حج کرنے کی ترغیب</a></p><p>حدیث شریف میں ہے :</p><p class=""indent"" style=""text-align:justify;""><span class=""ar_writing"">""عن عائشة، أن النبي صلى الله عليه وسلم دخل عليها وعندها امرأة، قال: «من هذه؟» قالت: فلانة، تذكر من صلاتها، قال: «مه، عليكم بما تطيقون، فوالله ‌لا ‌يمل ‌الله ‌حتى ‌تملوا</span><span style=""font-family:arabic_font;font-size:23px;font-weight:600;"">""</span><span style=""font-family:arabic_font;font-size:23px;font-weight:600;"">.</span></p><p class=""indent"" style=""text-align:left;""><span class=""ar_writing"">(بخاری شریف، باب احب الدین الی اللہ عزوجل ادومه، ج: 1، صفحہ: 17، صفحہ: 43، رقم الحدیث: 43، ط: دار طوق النجاة (مصورة عن السلطانية بإضافة ترقيم ترقيم محمد فؤاد عبد الباقي)</span></p><p class=""indent"" style=""text-align:justify;"">ترجمہ: حضرت عائشہ رضی اللہ عنہا فرماتی ہیں کہ نبی صلی اللہ علیہ وسلم میرے ہاں تشریف لائے میرے پاس ایک عورت تھی، آپ صلی اللہ علیہ وسلم نے پوچھا یہ کون ہے؟ میں نے کہافلاں عورت ہےجو اپنی نماز کا ذکر کر رہی ہے، آپ صلی اللہ علیہ وسلم نے فرمایا: اسے چھوڑو تم پر وہ لازم ہے جو تمہارے بس میں ہے اللہ تعالیٰ نہیں اگتاتےجب تک تم نہ اگتا جاؤ۔</p><p><span class=""ur_writing"">حدیث شریف میں ہے :</span></p><p class=""indent"" style=""text-align:justify;""><span class=""ar_writing"">""عن أنس قال: نذرت امرأة أن تمشي إلى بيت الله، فسئل نبي الله صلى الله عليه وسلم عن ذلك؟ فقال: «إن الله لغني عن مشيها، ‌مروها فلتركب.""</span></p><p class=""indent"" style=""text-align:left;""><span class=""ar_writing"">(سنن ترمذی، باب ما جاء فيمن يحلف بالمشي و لايستطيع، ج: 4، صفحہ: 11، رقم الحدیث: 1536، ط: شركة مكتبة ومطبعة مصطفى البابي الحلبي - مصر)</span></p><p class=""indent"" style=""text-align:justify;"">ترجمہ:حضرت انس رضی اللہ عنہ فرماتے ہیں کہ ایک عورت نے نذر مانی کہ وہ بیت اللہ تک پیدل سفر کرے، پس نبی صلی اللہ علیہ وسلم سے اس کے بارے میں پوچھا گیا تو آپ  صلی اللہ علیہ وسلم نے فرمایا: اللہ تعالیٰ اس کے پیدل چلنے سے بے نیاز ہے اسے کہو کہ وہ سوار ہو کر جائے۔</p><p class=""indent"" style=""text-align:left;""><span class=""ur_writing"">فقط واللہ اعلم </span></p></p><hr class=""big-hr""/>",20-11-2022,144404101811,banuri.edu.pk,حج,حج / عمرہ,حج اور اس کی اقسام,"<div class=""col-md-12 sawal-jawab""><h3 class=""question_heading"">سوال</h3><p><p style=""text-align:justify;"">کیا پیدل حج  کے لیے جانا جائز ہے  (آج کل کے اس جدید دور میں )؟  آگاہ  کیجیے!</p></p><h4 class=""question_heading"">جواب</h4><p><p style=""text-align:justify;"">صورتِ  مسئولہ میں آج کل کے اس جدید دور میں بھی پیدل حج پر جانا چاہتا ہے اور اتنی استعداد بھی ہو کہ راستے کی مشقت کو سہہ سکتا ہے تو جانا منع نہیں ہے  ، بشرطیکہ شہرت اور نمود نمائش  مقصود نہ ہو  ، اگر شہرت اور نام ونمود مقصود ہو تو ریاکاری پر ثواب نہیں ملے گا۔ تاہم  سواری کی سہولت ہونے کے باوجود پیدل جا نابھی درست ہے   ۔</p><p style=""text-align:justify;"">مزید دیکھیے:</p><p class=""indent"" style=""text-align:justify;""><a href=""https://www.banuri.edu.pk/readquestion/pidl-hajj-krny-ka-hukm-144311100316/05-06-2022"">پیدل حج کرنے کاحکم</a></p><p class=""indent"" style=""text-align:justify;""><a href=""https://www.banuri.edu.pk/readquestion/pidl-hajj-krny-ki-trgeeb-144401100099/30-07-2022"">پیدل حج کرنے کی ترغیب</a></p><p>حدیث شریف میں ہے :</p><p class=""indent"" style=""text-align:justify;""><span class=""ar_writing"">""عن عائشة، أن النبي صلى الله عليه وسلم دخل عليها وعندها امرأة، قال: «من هذه؟» قالت: فلانة، تذكر من صلاتها، قال: «مه، عليكم بما تطيقون، فوالله ‌لا ‌يمل ‌الله ‌حتى ‌تملوا</span><span style=""font-family:arabic_font;font-size:23px;font-weight:600;"">""</span><span style=""font-family:arabic_font;font-size:23px;font-weight:600;"">.</span></p><p class=""indent"" style=""text-align:left;""><span class=""ar_writing"">(بخاری شریف، باب احب الدین الی اللہ عزوجل ادومه، ج: 1، صفحہ: 17، صفحہ: 43، رقم الحدیث: 43، ط: دار طوق النجاة (مصورة عن السلطانية بإضافة ترقيم ترقيم محمد فؤاد عبد الباقي)</span></p><p class=""indent"" style=""text-align:justify;"">ترجمہ: حضرت عائشہ رضی اللہ عنہا فرماتی ہیں کہ نبی صلی اللہ علیہ وسلم میرے ہاں تشریف لائے میرے پاس ایک عورت تھی، آپ صلی اللہ علیہ وسلم نے پوچھا یہ کون ہے؟ میں نے کہافلاں عورت ہےجو اپنی نماز کا ذکر کر رہی ہے، آپ صلی اللہ علیہ وسلم نے فرمایا: اسے چھوڑو تم پر وہ لازم ہے جو تمہارے بس میں ہے اللہ تعالیٰ نہیں اگتاتےجب تک تم نہ اگتا جاؤ۔</p><p><span class=""ur_writing"">حدیث شریف میں ہے :</span></p><p class=""indent"" style=""text-align:justify;""><span class=""ar_writing"">""عن أنس قال: نذرت امرأة أن تمشي إلى بيت الله، فسئل نبي الله صلى الله عليه وسلم عن ذلك؟ فقال: «إن الله لغني عن مشيها، ‌مروها فلتركب.""</span></p><p class=""indent"" style=""text-align:left;""><span class=""ar_writing"">(سنن ترمذی، باب ما جاء فيمن يحلف بالمشي و لايستطيع، ج: 4، صفحہ: 11، رقم الحدیث: 1536، ط: شركة مكتبة ومطبعة مصطفى البابي الحلبي - مصر)</span></p><p class=""indent"" style=""text-align:justify;"">ترجمہ:حضرت انس رضی اللہ عنہ فرماتے ہیں کہ ایک عورت نے نذر مانی کہ وہ بیت اللہ تک پیدل سفر کرے، پس نبی صلی اللہ علیہ وسلم سے اس کے بارے میں پوچھا گیا تو آپ  صلی اللہ علیہ وسلم نے فرمایا: اللہ تعالیٰ اس کے پیدل چلنے سے بے نیاز ہے اسے کہو کہ وہ سوار ہو کر جائے۔</p><p class=""indent"" style=""text-align:left;""><span class=""ur_writing"">فقط واللہ اعلم </span></p></p><hr class=""big-hr""/><div class=""col-sm-6 col-md-6""><p class=""question_heading"" style=""color:#73161f"">فتویٰ نمبر : <a id=""fatwa_number"">144404101811</a></p></div><div class=""col-sm-6 col-md-6""><p style=""color:#73161f"">دارالافتاء :
                                جامعہ علوم اسلامیہ علامہ محمد یوسف بنوری ٹاؤن</p></div><hr class=""big-hr""/><div class=""col-sm-4 col-md-4""><div class=""tag""><a href=""https://www.banuri.edu.pk/questions/kitab/haj""><i class=""icon-docs-bold""></i> حج</a></div></div><div class=""col-sm-4 col-md-4""><div class=""tag""><a href=""https://www.banuri.edu.pk/questions/bab/hajj-umrah""><i class=""icon-docs-bold""></i> حج / عمرہ</a></div></div><div class=""col-sm-4 col-md-4""><div class=""tag""><a href=""https://www.banuri.edu.pk/questions/fasal/haj-or-us-ki-aqsaam""><i class=""icon-docs-bold""></i> حج اور اس کی اقسام</a></div></div></div>"
https://www.banuri.edu.pk/readquestion/bhenson-ko-boston-injection-lgany-uor-us-ky-karobar-ka-hukum-144307102000/27-02-2022,بھینسوں کو بوسٹن انجیکشن لگانا اور اس کے کاروبار کا حکم,"<p><p style=""text-align:justify;"">بھینسوں کو لگائے جانے والا انجیکشن (بوسٹن) کا کاروبار جائز ہے یا نہیں؟</p></p>","<p><p style=""text-align:justify;"">حکومت نےبوسٹن انجیکشن پر سخت مضر صحت ہونے کی وجہ سے پابندی لگائی ہوئی ہے، لہذا مضر صحت ہونے اور ملکی قوانین میں ممنوع ہونے کی وجہ سے بھینسوں کو یہ انجیکشن لگانے اور اس کے کاروبار  سے احتراز کرنا چاہیے نیز قانون شکنی کی صورت میں  مال اور عزت کا خطرہ رہتا ہے، اور پکڑے جانے کی صورت میں مالی نقصان کے ساتھ ساتھ سزا  ملنے کا بھی اندیشہ ہوتا ہے،  اور اپنے آپ کو ذلت  کے مواقع سے بچانا شرعاً ضروری ہے۔</p><p>فتاوی شامی میں ہے:</p><p class=""indent"" style=""text-align:justify;""><span class=""ar_writing"">""وفي ط عن الحموي أن صاحب البحر ذكر ناقلا عن أئمتنا أن طاعة الإمام في غير معصية واجبة فلو أمر بصوم وجب اهـ وقدمنا أن السلطان لو حكم بين الخصمين ينفذ في الأصح وبه يفتى.""</span></p><p class=""indent"" style=""text-align:left;""><span class=""ar_writing"">(کتاب القضاء،مطلب طاعة الإمام واجبة،ج۵،ص۴۲۲،ط؛سعید)</span></p><p>وفیہ ایضاً:</p><p class=""indent"" style=""text-align:justify;""><span class=""ar_writing"">""لأن طاعة أمر السلطان بمباح واجبة.""</span></p><p class=""indent"" style=""text-align:left;"">(باب المرابحہ والتولیۃ،ج۵،ص۱۶۷،ط؛سعید)</p><p class=""indent"" style=""text-align:left;""><span class=""ur_writing"">فقط واللہ اعلم</span></p></p><hr class=""big-hr""/>",27-02-2022,144307102000,banuri.edu.pk,بیوع,بیع مکروہ,بیع مکروہ کا حکم,"<div class=""col-md-12 sawal-jawab""><h3 class=""question_heading"">سوال</h3><p><p style=""text-align:justify;"">بھینسوں کو لگائے جانے والا انجیکشن (بوسٹن) کا کاروبار جائز ہے یا نہیں؟</p></p><h4 class=""question_heading"">جواب</h4><p><p style=""text-align:justify;"">حکومت نےبوسٹن انجیکشن پر سخت مضر صحت ہونے کی وجہ سے پابندی لگائی ہوئی ہے، لہذا مضر صحت ہونے اور ملکی قوانین میں ممنوع ہونے کی وجہ سے بھینسوں کو یہ انجیکشن لگانے اور اس کے کاروبار  سے احتراز کرنا چاہیے نیز قانون شکنی کی صورت میں  مال اور عزت کا خطرہ رہتا ہے، اور پکڑے جانے کی صورت میں مالی نقصان کے ساتھ ساتھ سزا  ملنے کا بھی اندیشہ ہوتا ہے،  اور اپنے آپ کو ذلت  کے مواقع سے بچانا شرعاً ضروری ہے۔</p><p>فتاوی شامی میں ہے:</p><p class=""indent"" style=""text-align:justify;""><span class=""ar_writing"">""وفي ط عن الحموي أن صاحب البحر ذكر ناقلا عن أئمتنا أن طاعة الإمام في غير معصية واجبة فلو أمر بصوم وجب اهـ وقدمنا أن السلطان لو حكم بين الخصمين ينفذ في الأصح وبه يفتى.""</span></p><p class=""indent"" style=""text-align:left;""><span class=""ar_writing"">(کتاب القضاء،مطلب طاعة الإمام واجبة،ج۵،ص۴۲۲،ط؛سعید)</span></p><p>وفیہ ایضاً:</p><p class=""indent"" style=""text-align:justify;""><span class=""ar_writing"">""لأن طاعة أمر السلطان بمباح واجبة.""</span></p><p class=""indent"" style=""text-align:left;"">(باب المرابحہ والتولیۃ،ج۵،ص۱۶۷،ط؛سعید)</p><p class=""indent"" style=""text-align:left;""><span class=""ur_writing"">فقط واللہ اعلم</span></p></p><hr class=""big-hr""/><div class=""col-sm-6 col-md-6""><p class=""question_heading"" style=""color:#73161f"">فتویٰ نمبر : <a id=""fatwa_number"">144307102000</a></p></div><div class=""col-sm-6 col-md-6""><p style=""color:#73161f"">دارالافتاء :
                                جامعہ علوم اسلامیہ علامہ محمد یوسف بنوری ٹاؤن</p></div><hr class=""big-hr""/><div class=""col-sm-4 col-md-4""><div class=""tag""><a href=""https://www.banuri.edu.pk/questions/kitab/buyoo""><i class=""icon-docs-bold""></i> بیوع</a></div></div><div class=""col-sm-4 col-md-4""><div class=""tag""><a href=""https://www.banuri.edu.pk/questions/bab/bayee-makrooh""><i class=""icon-docs-bold""></i> بیع مکروہ</a></div></div><div class=""col-sm-4 col-md-4""><div class=""tag""><a href=""https://www.banuri.edu.pk/questions/fasal/bayee-e-makrooh-ka-hukum""><i class=""icon-docs-bold""></i> بیع مکروہ کا حکم</a></div></div></div>"
https://www.banuri.edu.pk/readquestion/kharab-dodh-k-istimal-ka-hukm-144404101847/21-11-2022,خراب دودھ کے استعمال کا حکم,"<p><p style=""text-align:justify;""> اگر دودھ خراب ہو جائے اس کے بعد اس سے دہی بنانا یا کسی اور طعام میں شامل کرنا کیسا ہے؟</p></p>","<p><p style=""text-align:justify;"">دودھ خراب ہو جائے تو اس سے دہی وغیرہ بنانا  یا اس طور پر استعمال کرنا جو مضرِ صحت نہ ہو، جائز ہے۔ فقط واللہ اعلم </p></p><hr class=""big-hr""/>",21-11-2022,144404101847,banuri.edu.pk,حظر و اباحت,ماکولات / مشروبات,کھانے پینے کی حلال و حرام ، مکروہ و مباح اشیاء,"<div class=""col-md-12 sawal-jawab""><h3 class=""question_heading"">سوال</h3><p><p style=""text-align:justify;""> اگر دودھ خراب ہو جائے اس کے بعد اس سے دہی بنانا یا کسی اور طعام میں شامل کرنا کیسا ہے؟</p></p><h4 class=""question_heading"">جواب</h4><p><p style=""text-align:justify;"">دودھ خراب ہو جائے تو اس سے دہی وغیرہ بنانا  یا اس طور پر استعمال کرنا جو مضرِ صحت نہ ہو، جائز ہے۔ فقط واللہ اعلم </p></p><hr class=""big-hr""/><div class=""col-sm-6 col-md-6""><p class=""question_heading"" style=""color:#73161f"">فتویٰ نمبر : <a id=""fatwa_number"">144404101847</a></p></div><div class=""col-sm-6 col-md-6""><p style=""color:#73161f"">دارالافتاء :
                                جامعہ علوم اسلامیہ علامہ محمد یوسف بنوری ٹاؤن</p></div><hr class=""big-hr""/><div class=""col-sm-4 col-md-4""><div class=""tag""><a href=""https://www.banuri.edu.pk/questions/kitab/mamnooaat-mubahat""><i class=""icon-docs-bold""></i> حظر و اباحت</a></div></div><div class=""col-sm-4 col-md-4""><div class=""tag""><a href=""https://www.banuri.edu.pk/questions/bab/makoolat-mashroobat""><i class=""icon-docs-bold""></i> ماکولات / مشروبات</a></div></div><div class=""col-sm-4 col-md-4""><div class=""tag""><a href=""https://www.banuri.edu.pk/questions/fasal/khanay-penay-ki-halal-o-haram-makroh-o-mubah-ashya""><i class=""icon-docs-bold""></i> کھانے پینے کی حلال و حرام ، مکروہ و مباح اشیاء</a></div></div></div>"
https://www.banuri.edu.pk/readquestion/eauzh-nam-rkhny-kysa-hy-144406101506/11-01-2023,عائزہ نام رکھنا کیسا ہے ؟,"<p><p style=""text-align:justify;"">عائزہ نام رکھنا  کیسا ہے ؟ آیا یہ نام رکھ سکتے ہیں یا نہیں ؟</p></p>","<p><p style=""text-align:justify;"">”عائزہ“ (زا کے ساتھ) کا معنی ہے: مفلس؛ اس لیے زاء کے ساتھ  یہ نام رکھنا اچھا نہیں۔</p><p style=""text-align:justify;"">جب کہ ’’عائذہ‘‘  (ذال کے ساتھ) نام  کا معنی ہے: پناہ میں آنے والی، پناہ لینے والی، یہ مفہوم اچھا ہے، لہٰذا یہ (عائذہ) نام رکھنا درست ہے،فرق کرنا مشکل ہو گا، نہ رکھنا ہی بہتر ہے ۔</p><p style=""text-align:justify;"">زیادہ بہتر یہ ہے کہ صحابیات کے ناموں میں سے یا عمدہ معانی والے اسماء میں سے کسی نام کا انتخاب کریں،ہماری ویب سائٹ اور ایپلی کیشن میں ""اسلامی ناموں"" کےعنوان سے ایک آپشن موجود ہے، جس میں سے آپ نام کا انتخاب کرسکتے ہیں۔</p><p style=""text-align:justify;""><span class=""ar_writing"">في المعجم الوسيط:</span></p><p class=""indent"" style=""text-align:justify;""><span class=""ar_writing"">""(‌عوز) الشيء عوزا عز ولم يوجد مع الحاجة إليه والرجل احتاج واختلت حاله فهو أعوز وهي عوزاء (ج) ‌عوز والأمر اشتد وعسر وضاق۔۔(أعوز) الشيء عز فلم يوجد والرجل افتقر والشيء فلانا قل عنده مع احتياجه إليه والدهر فلانا أدخل عليه العوز والمطلوب فلانا أعجزه،(اعوز) فلان ‌عوز.""</span></p><p class=""indent"" style=""text-align:left;""><span class=""ar_writing"">(باب العين،ص:636،ط:دار الدعوة)</span></p><p style=""text-align:justify;""><span class=""ar_writing"">وفيه أيضا:</span></p><p class=""indent"" style=""text-align:justify;""><span class=""ar_writing"">""(عاذ):به عوذا وعياذا التجأ إليه واعتصم به وتقول أعوذ بالله من الشيطان الرجيم أي أعتصم بالله منه .""</span></p><p class=""indent"" style=""text-align:left;""><span class=""ar_writing"">(باب العين،ص:635،ط:دار الدعوة)</span></p><p class=""indent"" style=""text-align:left;""><span class=""ar_writing"">فقط والله أعلم</span></p></p><hr class=""big-hr""/>",11-01-2023,144406101506,banuri.edu.pk,حظر و اباحت,نام، لقب، کنیت,ناموں کے معانی اور احکام,"<div class=""col-md-12 sawal-jawab""><h3 class=""question_heading"">سوال</h3><p><p style=""text-align:justify;"">عائزہ نام رکھنا  کیسا ہے ؟ آیا یہ نام رکھ سکتے ہیں یا نہیں ؟</p></p><h4 class=""question_heading"">جواب</h4><p><p style=""text-align:justify;"">”عائزہ“ (زا کے ساتھ) کا معنی ہے: مفلس؛ اس لیے زاء کے ساتھ  یہ نام رکھنا اچھا نہیں۔</p><p style=""text-align:justify;"">جب کہ ’’عائذہ‘‘  (ذال کے ساتھ) نام  کا معنی ہے: پناہ میں آنے والی، پناہ لینے والی، یہ مفہوم اچھا ہے، لہٰذا یہ (عائذہ) نام رکھنا درست ہے،فرق کرنا مشکل ہو گا، نہ رکھنا ہی بہتر ہے ۔</p><p style=""text-align:justify;"">زیادہ بہتر یہ ہے کہ صحابیات کے ناموں میں سے یا عمدہ معانی والے اسماء میں سے کسی نام کا انتخاب کریں،ہماری ویب سائٹ اور ایپلی کیشن میں ""اسلامی ناموں"" کےعنوان سے ایک آپشن موجود ہے، جس میں سے آپ نام کا انتخاب کرسکتے ہیں۔</p><p style=""text-align:justify;""><span class=""ar_writing"">في المعجم الوسيط:</span></p><p class=""indent"" style=""text-align:justify;""><span class=""ar_writing"">""(‌عوز) الشيء عوزا عز ولم يوجد مع الحاجة إليه والرجل احتاج واختلت حاله فهو أعوز وهي عوزاء (ج) ‌عوز والأمر اشتد وعسر وضاق۔۔(أعوز) الشيء عز فلم يوجد والرجل افتقر والشيء فلانا قل عنده مع احتياجه إليه والدهر فلانا أدخل عليه العوز والمطلوب فلانا أعجزه،(اعوز) فلان ‌عوز.""</span></p><p class=""indent"" style=""text-align:left;""><span class=""ar_writing"">(باب العين،ص:636،ط:دار الدعوة)</span></p><p style=""text-align:justify;""><span class=""ar_writing"">وفيه أيضا:</span></p><p class=""indent"" style=""text-align:justify;""><span class=""ar_writing"">""(عاذ):به عوذا وعياذا التجأ إليه واعتصم به وتقول أعوذ بالله من الشيطان الرجيم أي أعتصم بالله منه .""</span></p><p class=""indent"" style=""text-align:left;""><span class=""ar_writing"">(باب العين،ص:635،ط:دار الدعوة)</span></p><p class=""indent"" style=""text-align:left;""><span class=""ar_writing"">فقط والله أعلم</span></p></p><hr class=""big-hr""/><div class=""col-sm-6 col-md-6""><p class=""question_heading"" style=""color:#73161f"">فتویٰ نمبر : <a id=""fatwa_number"">144406101506</a></p></div><div class=""col-sm-6 col-md-6""><p style=""color:#73161f"">دارالافتاء :
                                جامعہ علوم اسلامیہ علامہ محمد یوسف بنوری ٹاؤن</p></div><hr class=""big-hr""/><div class=""col-sm-4 col-md-4""><div class=""tag""><a href=""https://www.banuri.edu.pk/questions/kitab/mamnooaat-mubahat""><i class=""icon-docs-bold""></i> حظر و اباحت</a></div></div><div class=""col-sm-4 col-md-4""><div class=""tag""><a href=""https://www.banuri.edu.pk/questions/bab/asaami""><i class=""icon-docs-bold""></i> نام، لقب، کنیت</a></div></div><div class=""col-sm-4 col-md-4""><div class=""tag""><a href=""https://www.banuri.edu.pk/questions/fasal/namoun-ke-mani-or-ahkaam""><i class=""icon-docs-bold""></i> ناموں کے معانی اور احکام</a></div></div></div>"
https://www.banuri.edu.pk/readquestion/kiya-tamam-farz-nmazon-ky-bad-nafal-nmaz-parhi-jasakti-hy-144406101529/11-01-2023,کیا تمام فرض نمازوں کے بعد  نفل نمازپڑھی جا سکتی ہے ؟,"<p><p style=""text-align:justify;"">کیا تمام فرض نمازوں کے بعد  نفل نمازپڑھی جا سکتی ہے ؟</p></p>","<p><p style=""text-align:justify;"">فجر اور عصر کی نماز کے بعد نفل پڑھنا مکروہ ہے، باقی تین نمازوں کے بعد نفل پڑھنا جائز ہے، لہٰذا فجر اور عصر کی نماز کے بعد نفل نہیں پڑھی جاسکتی اور باقی تین نمازوں(ظہر، مغرب اور عشاء) کے بعد نفل پڑھی جا سکتی ہیں۔</p><p style=""text-align:justify;""><span dir=""rtl"" lang=""ar-sa"" xml:lang=""ar-sa"">الجوہرۃ النیرۃ میں ہے:</span></p><p class=""indent"" style=""text-align:justify;""><span class=""ar_writing"" dir=""rtl"" lang=""ar-sa"" xml:lang=""ar-sa"">""(قوله: ويكره أن يتنفل بعد صلاة الفجر ‌حتى ‌تطلع ‌الشمس وبعد صلاة العصر حتى تغرب الشمس) يعني قصدا أما لو قام في العصر بعد الأربع ساهيا أو في الفجر لا يكره ويتم؛ لأنه من غير قصد وفي الخجندي لا يضيف ركعة في الفجر والعصر؛ لأن التطوع بعدهما مكروه ولو أفسدها ولم يضف إليها أخرى لا يلزمه قضاؤها وعند زفر يلزمه قضاء ركعتين.""</span></p><p class=""indent"" style=""text-align:left;""><span dir=""rtl"" lang=""ar-sa"" xml:lang=""ar-sa"">(کتاب الصلاۃ، باب النوافل،ج:1،ص:70،ط:المطبعۃ الخیریۃ)</span></p><p style=""text-align:justify;""><span dir=""rtl"" lang=""ar-sa"" xml:lang=""ar-sa"">فتاوی عالمگیری میں ہے:</span></p><p class=""indent"" style=""text-align:justify;""><span class=""ar_writing"">""تسعة أوقات يكره فيها النوافل وما في معناها لا الفرائض، هكذا في النهاية والكفاية. فيجوز فيها قضاء الفائتة وصلاة الجنازة وسجدة التلاوة، كذا في فتاوى قاضي خان. منها ما بعد طلوع الفجر قبل صلاة الفجر، كذا في النهاية والكفاية. يكره فيه التطوع بأكثر من سنة الفجر ... ومنها ما بعد صلاة العصر قبل التغير، هكذا في النهاية والكفاية. لو افتتح صلاة النفل في وقت مستحب ثم أفسدها فقضاها بعد صلاة العصر قبل مغيب الشمس لايجزيه، هكذا في محيط السرخسي.ومنها ما بعد الشمس قبل صلاة المغرب"".</span></p><p class=""indent"" dir=""rtl"" style=""text-align:left;""><span class=""ar_writing"">(کتاب الصلاة، الفصل الثالث في بيان الأوقات التي لاتجوز فيها الصلاة وتكره فيها،ج:1،ص:52،ط:المطبعة الكبری الامیریه)</span></p><p style=""text-align:justify;"">الدر المختار میں ہے:</p><p class=""indent"" style=""text-align:justify;""><span class=""ar_writing"">""(وكره نفل) قصدًا ولو تحية مسجد (وكل ما كان واجبا) لا لعينه بل (لغيره) وهو ما يتوقف وجوبه على فعله (كمنذور وركعتي طواف)، وسجدتي سهو (والذي شرع فيه) في وقت مستحب أو مكروه (ثم أفسده و) لو سنة الفجر (بعد صلاة فجر و) صلاة (عصر).""</span></p><p class=""indent"" dir=""rtl"" style=""text-align:left;"">(الدر المختار: كتاب الصلاة ،ج:1،ص:374،ط:سعید)</p><p class=""indent"" dir=""rtl"" style=""text-align:left;"">فقط واللہ اعلم</p></p><hr class=""big-hr""/>",11-01-2023,144406101529,banuri.edu.pk,نماز,نمازوں کے اوقات,مکروہ اوقات,"<div class=""col-md-12 sawal-jawab""><h3 class=""question_heading"">سوال</h3><p><p style=""text-align:justify;"">کیا تمام فرض نمازوں کے بعد  نفل نمازپڑھی جا سکتی ہے ؟</p></p><h4 class=""question_heading"">جواب</h4><p><p style=""text-align:justify;"">فجر اور عصر کی نماز کے بعد نفل پڑھنا مکروہ ہے، باقی تین نمازوں کے بعد نفل پڑھنا جائز ہے، لہٰذا فجر اور عصر کی نماز کے بعد نفل نہیں پڑھی جاسکتی اور باقی تین نمازوں(ظہر، مغرب اور عشاء) کے بعد نفل پڑھی جا سکتی ہیں۔</p><p style=""text-align:justify;""><span dir=""rtl"" lang=""ar-sa"" xml:lang=""ar-sa"">الجوہرۃ النیرۃ میں ہے:</span></p><p class=""indent"" style=""text-align:justify;""><span class=""ar_writing"" dir=""rtl"" lang=""ar-sa"" xml:lang=""ar-sa"">""(قوله: ويكره أن يتنفل بعد صلاة الفجر ‌حتى ‌تطلع ‌الشمس وبعد صلاة العصر حتى تغرب الشمس) يعني قصدا أما لو قام في العصر بعد الأربع ساهيا أو في الفجر لا يكره ويتم؛ لأنه من غير قصد وفي الخجندي لا يضيف ركعة في الفجر والعصر؛ لأن التطوع بعدهما مكروه ولو أفسدها ولم يضف إليها أخرى لا يلزمه قضاؤها وعند زفر يلزمه قضاء ركعتين.""</span></p><p class=""indent"" style=""text-align:left;""><span dir=""rtl"" lang=""ar-sa"" xml:lang=""ar-sa"">(کتاب الصلاۃ، باب النوافل،ج:1،ص:70،ط:المطبعۃ الخیریۃ)</span></p><p style=""text-align:justify;""><span dir=""rtl"" lang=""ar-sa"" xml:lang=""ar-sa"">فتاوی عالمگیری میں ہے:</span></p><p class=""indent"" style=""text-align:justify;""><span class=""ar_writing"">""تسعة أوقات يكره فيها النوافل وما في معناها لا الفرائض، هكذا في النهاية والكفاية. فيجوز فيها قضاء الفائتة وصلاة الجنازة وسجدة التلاوة، كذا في فتاوى قاضي خان. منها ما بعد طلوع الفجر قبل صلاة الفجر، كذا في النهاية والكفاية. يكره فيه التطوع بأكثر من سنة الفجر ... ومنها ما بعد صلاة العصر قبل التغير، هكذا في النهاية والكفاية. لو افتتح صلاة النفل في وقت مستحب ثم أفسدها فقضاها بعد صلاة العصر قبل مغيب الشمس لايجزيه، هكذا في محيط السرخسي.ومنها ما بعد الشمس قبل صلاة المغرب"".</span></p><p class=""indent"" dir=""rtl"" style=""text-align:left;""><span class=""ar_writing"">(کتاب الصلاة، الفصل الثالث في بيان الأوقات التي لاتجوز فيها الصلاة وتكره فيها،ج:1،ص:52،ط:المطبعة الكبری الامیریه)</span></p><p style=""text-align:justify;"">الدر المختار میں ہے:</p><p class=""indent"" style=""text-align:justify;""><span class=""ar_writing"">""(وكره نفل) قصدًا ولو تحية مسجد (وكل ما كان واجبا) لا لعينه بل (لغيره) وهو ما يتوقف وجوبه على فعله (كمنذور وركعتي طواف)، وسجدتي سهو (والذي شرع فيه) في وقت مستحب أو مكروه (ثم أفسده و) لو سنة الفجر (بعد صلاة فجر و) صلاة (عصر).""</span></p><p class=""indent"" dir=""rtl"" style=""text-align:left;"">(الدر المختار: كتاب الصلاة ،ج:1،ص:374،ط:سعید)</p><p class=""indent"" dir=""rtl"" style=""text-align:left;"">فقط واللہ اعلم</p></p><hr class=""big-hr""/><div class=""col-sm-6 col-md-6""><p class=""question_heading"" style=""color:#73161f"">فتویٰ نمبر : <a id=""fatwa_number"">144406101529</a></p></div><div class=""col-sm-6 col-md-6""><p style=""color:#73161f"">دارالافتاء :
                                جامعہ علوم اسلامیہ علامہ محمد یوسف بنوری ٹاؤن</p></div><hr class=""big-hr""/><div class=""col-sm-4 col-md-4""><div class=""tag""><a href=""https://www.banuri.edu.pk/questions/kitab/salat""><i class=""icon-docs-bold""></i> نماز</a></div></div><div class=""col-sm-4 col-md-4""><div class=""tag""><a href=""https://www.banuri.edu.pk/questions/bab/namazon-k-auqat""><i class=""icon-docs-bold""></i> نمازوں کے اوقات</a></div></div><div class=""col-sm-4 col-md-4""><div class=""tag""><a href=""https://www.banuri.edu.pk/questions/fasal/makrooh-awqaat""><i class=""icon-docs-bold""></i> مکروہ اوقات</a></div></div></div>"
https://www.banuri.edu.pk/readquestion/oarder-cancel-karne-per-kharidar-ko-izaafi-rakam-dene-ka-hukum-144404101874/21-11-2022,آرڈر کینسل کرنے پر خریدار کو اضافی رقم دینے کا حکم,"<p><p style=""text-align:justify;"">دراز سٹور سے خریداری کا آرڈر کرنے کے بعد بیچنے والا سامان مہیا نہ کرسکا اور وہ آرڈر کینسل کر دیا اس نے اور پھر خریدار کو اصل رقم واپس دی اور ساتھ دو سو اضافی دیا اور کہا یہ ہماری طرف سے معذرت ہے کیا یہ دو سو روپیہ لینا حلال ہے ؟</p></p>","<p><p style=""text-align:justify;"">صورت مسؤلہ میں اگر مذکورہ اضافی رقم پہلے سے مشروط نہ ہو   اور خریدار اس کےمطالبہ کاحق بھی نہ رکھتا ہو  بلکہ  اپنی طرف  سے بغیر کسی شرط اور معاہدے  کے معذرت کرتے وقت  مذکورہ  اضافی رقم  دیدے  تو خریدار کا اسے لینا جائز ہے۔</p><p>شرح المجلۃ  میں ہے:</p><p class=""indent"">""<span class=""ar_writing"">الهبة هي تمليك مال لآخر بلا عوض ويقال لفاعله: واهب.""</span></p><p class=""indent"" style=""text-align:left;"">(شرح المجلۃ(دررالحکام شرح مجلۃ الاحکام)المادة 833، 2/ 389 ط:دارالجیل)</p><p class=""indent"" style=""text-align:left;"">فقط واللہ اعلم</p></p><hr class=""big-hr""/>",21-11-2022,144404101874,banuri.edu.pk,ہبہ,ہبہ بالعوض و بالشرط,ہبہ میں شرط لگانا,"<div class=""col-md-12 sawal-jawab""><h3 class=""question_heading"">سوال</h3><p><p style=""text-align:justify;"">دراز سٹور سے خریداری کا آرڈر کرنے کے بعد بیچنے والا سامان مہیا نہ کرسکا اور وہ آرڈر کینسل کر دیا اس نے اور پھر خریدار کو اصل رقم واپس دی اور ساتھ دو سو اضافی دیا اور کہا یہ ہماری طرف سے معذرت ہے کیا یہ دو سو روپیہ لینا حلال ہے ؟</p></p><h4 class=""question_heading"">جواب</h4><p><p style=""text-align:justify;"">صورت مسؤلہ میں اگر مذکورہ اضافی رقم پہلے سے مشروط نہ ہو   اور خریدار اس کےمطالبہ کاحق بھی نہ رکھتا ہو  بلکہ  اپنی طرف  سے بغیر کسی شرط اور معاہدے  کے معذرت کرتے وقت  مذکورہ  اضافی رقم  دیدے  تو خریدار کا اسے لینا جائز ہے۔</p><p>شرح المجلۃ  میں ہے:</p><p class=""indent"">""<span class=""ar_writing"">الهبة هي تمليك مال لآخر بلا عوض ويقال لفاعله: واهب.""</span></p><p class=""indent"" style=""text-align:left;"">(شرح المجلۃ(دررالحکام شرح مجلۃ الاحکام)المادة 833، 2/ 389 ط:دارالجیل)</p><p class=""indent"" style=""text-align:left;"">فقط واللہ اعلم</p></p><hr class=""big-hr""/><div class=""col-sm-6 col-md-6""><p class=""question_heading"" style=""color:#73161f"">فتویٰ نمبر : <a id=""fatwa_number"">144404101874</a></p></div><div class=""col-sm-6 col-md-6""><p style=""color:#73161f"">دارالافتاء :
                                جامعہ علوم اسلامیہ علامہ محمد یوسف بنوری ٹاؤن</p></div><hr class=""big-hr""/><div class=""col-sm-4 col-md-4""><div class=""tag""><a href=""https://www.banuri.edu.pk/questions/kitab/hiba""><i class=""icon-docs-bold""></i> ہبہ</a></div></div><div class=""col-sm-4 col-md-4""><div class=""tag""><a href=""https://www.banuri.edu.pk/questions/bab/hiba-bil-ewaz""><i class=""icon-docs-bold""></i> ہبہ بالعوض و بالشرط</a></div></div><div class=""col-sm-4 col-md-4""><div class=""tag""><a href=""https://www.banuri.edu.pk/questions/fasal/hiba-men-shart-lagana""><i class=""icon-docs-bold""></i> ہبہ میں شرط لگانا</a></div></div></div>"
https://www.banuri.edu.pk/readquestion/bachadani-band-krwany-ka-hukm-144406101382/10-01-2023,بچہ دانی بند کروانے کا حکم,"<p><p style=""text-align:justify;"">میرے کزن کے تین بیٹے ہیں، تینوں آپریشن سے ہوئے ہیں، ان کی خواہش تھی کہ بیٹی ہو،  ڈاکٹروں  نے الٹراساونڈ کرکے بتایا کہ اس بار بیٹی ہے،  آپریشن سے پہلے ان سے دستخط لیے کہ بچہ دانی بند کرنی ہے، ورنہ اگلی بار عورت کی جان کو خطرہ ہے، ان کو مسئلہ کا پتہ نہیں تھا کہ ایسا کرنا ناجائز ہے، ایک مہینہ بعد ان کا نامولود  بیٹا فوت ہوگیا،  میرے کزن کو شک ہوا کہ اس سے غلطی ہوگئی ہے،  اب اسے کیاکرنا چاہیے؟</p></p>","<p><p style=""text-align:justify;"">بچہ دانی مستقل طور پر بند کروانا جس سے عورت کی قوتِ تولید بالکلیہ ختم ہوجائے نا جائز اور  حرام ہے۔</p><p style=""text-align:justify;"">   صورتِ مسئولہ میں آپ کے کزن نے اپنی بیوی کی بچہ دانی مستقل طور پر بند کروائی ہے، تو چوں کہ یہ  ناجائز اور گناہ کا عمل تھا،   اب اللہ تعالٰی سے سچے دل سے توبہ و استغفار کریں اور اگر ممکن ہے، تو آپ کا کزن اپنی بیوی کی بچہ دانی دوبارہ کھلوائے،  اگر مزید بچوں کی ولادت کی وجہ سے اس کی بیوی کی صحت وجان کو خطرہ ہے تو اس  صورت میں ضبطِ تولید کے لیے کوئی عارضی طریقہ اختیار کیا جاسکتا ہے جس سے حمل نہ ٹھہرے۔</p><p style=""text-align:justify;"">فتاویٰ شامی میں ہے:</p><p class=""indent"" style=""text-align:justify;""><span class=""ar_writing"">""وأما ‌خصاء ‌الآدمي فحرام.""</span></p><p class=""indent"" style=""text-align:left;""><span class=""ar_writing"">(كتاب الحضر والإباحة، ج: 6، ص: 388، ط: سعيد)</span></p><p style=""text-align:justify;""><span class=""ar_writing"">وفيه أيضا:</span></p><p class=""indent""><span class=""ar_writing"">""[تنبيه] أخذ في النهر من هذا ومما قدمه الشارح عن الخانية والكمال أنه يجوز لها سد فم رحمها كما تفعله النساء.""</span></p><p class=""indent"" style=""text-align:left;""><span class=""ar_writing"">(كتاب النكاح، مطلب في حكم العزل، ج:3،ص:176، ط: سعيد)</span></p><p style=""text-align:justify;"">فتاویٰ عالمگیری میں ہے:</p><p class=""indent"" style=""text-align:justify;""><span class=""ar_writing"">""العزل ليس بمكروه برضا امرأته الحرة.""</span></p><p class=""indent"" style=""text-align:left;""><span class=""ar_writing"">(كتاب النكاح، فصل في خيارالعتق، ج:1،ص:335، ط: ماجدية)</span></p><p class=""indent"" style=""text-align:left;""><span class=""ar_writing"">فقط والله أعلم</span></p></p><hr class=""big-hr""/>",10-01-2023,144406101382,banuri.edu.pk,حظر و اباحت,علاج / معالجہ,آپریشن / سرجری,"<div class=""col-md-12 sawal-jawab""><h3 class=""question_heading"">سوال</h3><p><p style=""text-align:justify;"">میرے کزن کے تین بیٹے ہیں، تینوں آپریشن سے ہوئے ہیں، ان کی خواہش تھی کہ بیٹی ہو،  ڈاکٹروں  نے الٹراساونڈ کرکے بتایا کہ اس بار بیٹی ہے،  آپریشن سے پہلے ان سے دستخط لیے کہ بچہ دانی بند کرنی ہے، ورنہ اگلی بار عورت کی جان کو خطرہ ہے، ان کو مسئلہ کا پتہ نہیں تھا کہ ایسا کرنا ناجائز ہے، ایک مہینہ بعد ان کا نامولود  بیٹا فوت ہوگیا،  میرے کزن کو شک ہوا کہ اس سے غلطی ہوگئی ہے،  اب اسے کیاکرنا چاہیے؟</p></p><h4 class=""question_heading"">جواب</h4><p><p style=""text-align:justify;"">بچہ دانی مستقل طور پر بند کروانا جس سے عورت کی قوتِ تولید بالکلیہ ختم ہوجائے نا جائز اور  حرام ہے۔</p><p style=""text-align:justify;"">   صورتِ مسئولہ میں آپ کے کزن نے اپنی بیوی کی بچہ دانی مستقل طور پر بند کروائی ہے، تو چوں کہ یہ  ناجائز اور گناہ کا عمل تھا،   اب اللہ تعالٰی سے سچے دل سے توبہ و استغفار کریں اور اگر ممکن ہے، تو آپ کا کزن اپنی بیوی کی بچہ دانی دوبارہ کھلوائے،  اگر مزید بچوں کی ولادت کی وجہ سے اس کی بیوی کی صحت وجان کو خطرہ ہے تو اس  صورت میں ضبطِ تولید کے لیے کوئی عارضی طریقہ اختیار کیا جاسکتا ہے جس سے حمل نہ ٹھہرے۔</p><p style=""text-align:justify;"">فتاویٰ شامی میں ہے:</p><p class=""indent"" style=""text-align:justify;""><span class=""ar_writing"">""وأما ‌خصاء ‌الآدمي فحرام.""</span></p><p class=""indent"" style=""text-align:left;""><span class=""ar_writing"">(كتاب الحضر والإباحة، ج: 6، ص: 388، ط: سعيد)</span></p><p style=""text-align:justify;""><span class=""ar_writing"">وفيه أيضا:</span></p><p class=""indent""><span class=""ar_writing"">""[تنبيه] أخذ في النهر من هذا ومما قدمه الشارح عن الخانية والكمال أنه يجوز لها سد فم رحمها كما تفعله النساء.""</span></p><p class=""indent"" style=""text-align:left;""><span class=""ar_writing"">(كتاب النكاح، مطلب في حكم العزل، ج:3،ص:176، ط: سعيد)</span></p><p style=""text-align:justify;"">فتاویٰ عالمگیری میں ہے:</p><p class=""indent"" style=""text-align:justify;""><span class=""ar_writing"">""العزل ليس بمكروه برضا امرأته الحرة.""</span></p><p class=""indent"" style=""text-align:left;""><span class=""ar_writing"">(كتاب النكاح، فصل في خيارالعتق، ج:1،ص:335، ط: ماجدية)</span></p><p class=""indent"" style=""text-align:left;""><span class=""ar_writing"">فقط والله أعلم</span></p></p><hr class=""big-hr""/><div class=""col-sm-6 col-md-6""><p class=""question_heading"" style=""color:#73161f"">فتویٰ نمبر : <a id=""fatwa_number"">144406101382</a></p></div><div class=""col-sm-6 col-md-6""><p style=""color:#73161f"">دارالافتاء :
                                جامعہ علوم اسلامیہ علامہ محمد یوسف بنوری ٹاؤن</p></div><hr class=""big-hr""/><div class=""col-sm-4 col-md-4""><div class=""tag""><a href=""https://www.banuri.edu.pk/questions/kitab/mamnooaat-mubahat""><i class=""icon-docs-bold""></i> حظر و اباحت</a></div></div><div class=""col-sm-4 col-md-4""><div class=""tag""><a href=""https://www.banuri.edu.pk/questions/bab/ilaj-mualaja""><i class=""icon-docs-bold""></i> علاج / معالجہ</a></div></div><div class=""col-sm-4 col-md-4""><div class=""tag""><a href=""https://www.banuri.edu.pk/questions/fasal/operation-surgery""><i class=""icon-docs-bold""></i> آپریشن / سرجری</a></div></div></div>"
https://www.banuri.edu.pk/readquestion/salana-taqreeb-me-iskreen-lagana-144406101065/07-01-2023,سالانہ تقریب میں سکرین لگانا,"<p><p style=""text-align:justify;"">ہمارا ایک دینی مدرسہ ہے،سالانہ تقریب کے لئے کیا یہ مناسب ہے کہ ہم مین ہال میں کیمرہ لگا کر دوسرے کمروں میں سکرین لگا دیں،تاکہ سب کو نظر آئے، یہ چیز بہت سے مدارس میں ہو رہی ہے۔کیا اس طرح کرنا صحیح ہیں؟</p></p>","<p><p style=""text-align:justify;"">جان دار کی تصاویر اور ویڈیو دکھانے، یا پروگرام کی کوریج کے لیے اسکرین لگانا جس میں جان دار کی تصاویر  ہوں ناجائز ہے  اور اس گناہ سے  ہر خاص و عام کو اجتناب کرنا چاہیے۔</p><p style=""text-align:justify;"">لہذا صورتِ مسئولہ میں مدرسہ  کے مین ہال میں کیمرہ لگا کر دوسرے کمروں میں سکرین لگانا شرعاًناجائز ہیں اسکرین لگانے سے اجتناب کیاجائے اور  اگر ضرورت ہو تو اسپیکر کے ذریعہ بیان سنانے کا انتظام کیا جائے۔</p><p style=""text-align:justify;"">فتاوی شامی میں ہے:</p><p class=""indent"" style=""text-align:justify;""><span class=""ar_writing"">""قال في البحر: وفي الخلاصة وتكره التصاوير على الثوب صلى فيه أو لا، انتهى، وهذه الكراهة تحريمية. وظاهر كلام النووي في شرح مسلم: الإجماع على تحريم تصوير الحيوان، وقال: وسواء صنعه لما يمتهن أو لغيره، فصنعته حرام بكل حال؛ لأن فيه مضاهاة لخلق الله تعالى، وسواء كان في ثوب أو بساط أو درهم وإناء وحائط وغيرها اهـ.""</span></p><p class=""indent"" dir=""rtl"" style=""text-align:left;"">( كتاب الصلاة، مطلب: مكروهات الصلاة، 1 /647، ط: سعيد)</p><p class=""indent"" dir=""rtl"" style=""text-align:left;"">فقط واللہ اعلم</p></p><hr class=""big-hr""/>",07-01-2023,144406101065,banuri.edu.pk,حظر و اباحت,تصویر اور دیگر لہو و لعب,تصویر کے احکام / حدود,"<div class=""col-md-12 sawal-jawab""><h3 class=""question_heading"">سوال</h3><p><p style=""text-align:justify;"">ہمارا ایک دینی مدرسہ ہے،سالانہ تقریب کے لئے کیا یہ مناسب ہے کہ ہم مین ہال میں کیمرہ لگا کر دوسرے کمروں میں سکرین لگا دیں،تاکہ سب کو نظر آئے، یہ چیز بہت سے مدارس میں ہو رہی ہے۔کیا اس طرح کرنا صحیح ہیں؟</p></p><h4 class=""question_heading"">جواب</h4><p><p style=""text-align:justify;"">جان دار کی تصاویر اور ویڈیو دکھانے، یا پروگرام کی کوریج کے لیے اسکرین لگانا جس میں جان دار کی تصاویر  ہوں ناجائز ہے  اور اس گناہ سے  ہر خاص و عام کو اجتناب کرنا چاہیے۔</p><p style=""text-align:justify;"">لہذا صورتِ مسئولہ میں مدرسہ  کے مین ہال میں کیمرہ لگا کر دوسرے کمروں میں سکرین لگانا شرعاًناجائز ہیں اسکرین لگانے سے اجتناب کیاجائے اور  اگر ضرورت ہو تو اسپیکر کے ذریعہ بیان سنانے کا انتظام کیا جائے۔</p><p style=""text-align:justify;"">فتاوی شامی میں ہے:</p><p class=""indent"" style=""text-align:justify;""><span class=""ar_writing"">""قال في البحر: وفي الخلاصة وتكره التصاوير على الثوب صلى فيه أو لا، انتهى، وهذه الكراهة تحريمية. وظاهر كلام النووي في شرح مسلم: الإجماع على تحريم تصوير الحيوان، وقال: وسواء صنعه لما يمتهن أو لغيره، فصنعته حرام بكل حال؛ لأن فيه مضاهاة لخلق الله تعالى، وسواء كان في ثوب أو بساط أو درهم وإناء وحائط وغيرها اهـ.""</span></p><p class=""indent"" dir=""rtl"" style=""text-align:left;"">( كتاب الصلاة، مطلب: مكروهات الصلاة، 1 /647، ط: سعيد)</p><p class=""indent"" dir=""rtl"" style=""text-align:left;"">فقط واللہ اعلم</p></p><hr class=""big-hr""/><div class=""col-sm-6 col-md-6""><p class=""question_heading"" style=""color:#73161f"">فتویٰ نمبر : <a id=""fatwa_number"">144406101065</a></p></div><div class=""col-sm-6 col-md-6""><p style=""color:#73161f"">دارالافتاء :
                                جامعہ علوم اسلامیہ علامہ محمد یوسف بنوری ٹاؤن</p></div><hr class=""big-hr""/><div class=""col-sm-4 col-md-4""><div class=""tag""><a href=""https://www.banuri.edu.pk/questions/kitab/mamnooaat-mubahat""><i class=""icon-docs-bold""></i> حظر و اباحت</a></div></div><div class=""col-sm-4 col-md-4""><div class=""tag""><a href=""https://www.banuri.edu.pk/questions/bab/soorat-o-malaahi""><i class=""icon-docs-bold""></i> تصویر اور دیگر لہو و لعب</a></div></div><div class=""col-sm-4 col-md-4""><div class=""tag""><a href=""https://www.banuri.edu.pk/questions/fasal/tasweer-ke-ahkaam-hudood""><i class=""icon-docs-bold""></i> تصویر کے احکام / حدود</a></div></div></div>"
https://www.banuri.edu.pk/readquestion/sarmaya-par-mutayan-nafa-lena-najaiz-hai-144404101920/21-11-2022,سرمایہ پر متعین نفع لینا ناجائز ہے,"<p><p style=""text-align:justify;"">سہیل کی ایزی پیسہ کی شاپ ہےنویدنےسہیل کودولاکھ روپےدیےاورکہاکہ آپ کی مرضی جوکرونفع ہونقصان ہوبہرصورت مجھےماہانہ پانچ ہزاردیاکروکیاشرعاً اس طرح کامعاملہ جائزہے؟</p></p>","<p><p style=""text-align:justify;"">صورت مسئولہ میں مذکورہ معاہدہ سودی ہونے کی بنا پر ناجائز ہے۔</p><p style=""text-align:justify;"">سرمایہ کاری کا صحیح طریقہ یہ ہے کہ تجارت کرنے والے کے پاس سرمایہ لگا کر اس مشترک چیز سے جو نفع حاصل ہو، اس کا فیصد آپس کی رضامندی سے طے کر لیا جائے۔</p><p style=""text-align:justify;"">فتاوی ہندیہ میں ہے:</p><p class=""indent"" style=""text-align:justify;""><span class=""ar_writing"">""أما شركة العقود فأنواع ثلاثة: شركة بالمال، وشركة بالأعمال وكل ذلك على وجهين: مفاوضة وعنان، كذا في الذخيرة. وركنها الإيجاب والقبول وهو أن يقول أحدهما: شاركتك في كذا وكذا ويقول الآخر: قبلت، كذا في الكافي، ويندب الإشهاد عليها، كذا في النهر الفائق. وشرط جواز هذه الشركات كون المعقود عليه عقد الشركة قابلا للوكالة، كذا في المحيط وأن يكون الربح معلوم القدر، فإن كان مجهولا تفسد الشركة وأن يكون الربح جزءا شائعا في الجملة لا معينا فإن عينا عشرة أو مائة أو نحو ذلك كانت الشركة فاسدة، كذا في البدائع. وحكم شركة العقد صيرورة المعقود عليه وما يستفاد به مشتركا بينهما، كذا في محيط السرخسي.""</span></p><p class=""indent"" style=""text-align:left;""><span class=""ar_writing"">( كتاب الشركة، الباب الأول في بيان أنواع الشركة، الفصل الأول في بيان أنواع الشركة، ج2، ص310، رشيدية)</span></p><p class=""indent"" style=""text-align:left;""><span class=""ar_writing""> فقط واللہ اعلم</span></p></p><hr class=""big-hr""/>",21-11-2022,144404101920,banuri.edu.pk,معاملات,سود / بینکاری / انشورنس / شیئرز,متفرقات سود,"<div class=""col-md-12 sawal-jawab""><h3 class=""question_heading"">سوال</h3><p><p style=""text-align:justify;"">سہیل کی ایزی پیسہ کی شاپ ہےنویدنےسہیل کودولاکھ روپےدیےاورکہاکہ آپ کی مرضی جوکرونفع ہونقصان ہوبہرصورت مجھےماہانہ پانچ ہزاردیاکروکیاشرعاً اس طرح کامعاملہ جائزہے؟</p></p><h4 class=""question_heading"">جواب</h4><p><p style=""text-align:justify;"">صورت مسئولہ میں مذکورہ معاہدہ سودی ہونے کی بنا پر ناجائز ہے۔</p><p style=""text-align:justify;"">سرمایہ کاری کا صحیح طریقہ یہ ہے کہ تجارت کرنے والے کے پاس سرمایہ لگا کر اس مشترک چیز سے جو نفع حاصل ہو، اس کا فیصد آپس کی رضامندی سے طے کر لیا جائے۔</p><p style=""text-align:justify;"">فتاوی ہندیہ میں ہے:</p><p class=""indent"" style=""text-align:justify;""><span class=""ar_writing"">""أما شركة العقود فأنواع ثلاثة: شركة بالمال، وشركة بالأعمال وكل ذلك على وجهين: مفاوضة وعنان، كذا في الذخيرة. وركنها الإيجاب والقبول وهو أن يقول أحدهما: شاركتك في كذا وكذا ويقول الآخر: قبلت، كذا في الكافي، ويندب الإشهاد عليها، كذا في النهر الفائق. وشرط جواز هذه الشركات كون المعقود عليه عقد الشركة قابلا للوكالة، كذا في المحيط وأن يكون الربح معلوم القدر، فإن كان مجهولا تفسد الشركة وأن يكون الربح جزءا شائعا في الجملة لا معينا فإن عينا عشرة أو مائة أو نحو ذلك كانت الشركة فاسدة، كذا في البدائع. وحكم شركة العقد صيرورة المعقود عليه وما يستفاد به مشتركا بينهما، كذا في محيط السرخسي.""</span></p><p class=""indent"" style=""text-align:left;""><span class=""ar_writing"">( كتاب الشركة، الباب الأول في بيان أنواع الشركة، الفصل الأول في بيان أنواع الشركة، ج2، ص310، رشيدية)</span></p><p class=""indent"" style=""text-align:left;""><span class=""ar_writing""> فقط واللہ اعلم</span></p></p><hr class=""big-hr""/><div class=""col-sm-6 col-md-6""><p class=""question_heading"" style=""color:#73161f"">فتویٰ نمبر : <a id=""fatwa_number"">144404101920</a></p></div><div class=""col-sm-6 col-md-6""><p style=""color:#73161f"">دارالافتاء :
                                جامعہ علوم اسلامیہ علامہ محمد یوسف بنوری ٹاؤن</p></div><hr class=""big-hr""/><div class=""col-sm-4 col-md-4""><div class=""tag""><a href=""https://www.banuri.edu.pk/questions/kitab/muamlat""><i class=""icon-docs-bold""></i> معاملات</a></div></div><div class=""col-sm-4 col-md-4""><div class=""tag""><a href=""https://www.banuri.edu.pk/questions/bab/sood-bankari-insurance-shares""><i class=""icon-docs-bold""></i> سود / بینکاری / انشورنس / شیئرز</a></div></div><div class=""col-sm-4 col-md-4""><div class=""tag""><a href=""https://www.banuri.edu.pk/questions/fasal/mutafarriqat-e-sood""><i class=""icon-docs-bold""></i> متفرقات سود</a></div></div></div>"
https://www.banuri.edu.pk/readquestion/usar-mukml-pidawar-sy-diny-kahukm-144404102087/23-11-2022,عشر مكمل پيدوارسے دينے كاحكم,"<p><p style=""text-align:justify;"">میری چاول کی فصل ٹوٹل 1365من اور 30 کلو پیداوار ہوئی ہے اور کسانوں کا حصہ 341 من اور 17.5 کلو ہوا ہے مجھے عشر ٹوٹل حصے کی دینی ہے یا کسانوں کا حصہ کاٹ کے پھر دینا ہوگا کتنا عشر بنتاہے ۔</p></p>","<p><p style=""text-align:justify;"">واضح رہے کہ   جس زمین کو سیراب کرنے پر   محنت مشقت اور پانی خریدنا نہ پڑتا ہو تو اس کی پیداوار پر  عشر(دسواں حصہ) ادا کیا جائے گا،اور اگر   زمین سیراب کرنے میں محنت و مشقت اٹھانی پڑتی ہو یا پانی خریدنا پڑتا ہو تو اس  صورت میں  نصفِ  عشر (بیسواں حصہ)ادا کیا جائے گا ،مثلا  پہلی  صورت میں 100من  سے دس من  عشر دیا جائے گا، اور دوسری صورت میں 100 من  میں سے پانچ من  عشردیا جائے گا۔</p><p style=""text-align:justify;"">صورت مسئولہ میں  زمین کی پیداوار جس کے گھر آئے گی زمین کا عشر بھی اسی کے ذمہ ہوگا، لہذامزارع (ہاری) کے حصے میں جتنی پیداوار آئے اس کا عشر اس کے ذمہ ہے، اور مالک (زمین دار) کے حصے میں جتنی جائے اس کا عشر اس پر لازم ہے،اب مزارع اور مالک چاہے پیداوار تقسیم کرنے  سے پہلے عشر ادا کریں یا بعد میں دونوں صورتیں درست ہیں۔</p><p style=""text-align:justify;""> فتاوی شامی میں ہے : </p><p class=""indent"" style=""text-align:justify;""><span class=""ar_writing"">""والعشر يجب في الخارج والخارج بينهما فيجب العشر عليهما"".</span></p><p class=""indent"" style=""text-align:left;""><span class=""ar_writing""><span style=""font-family:Nafees,sans-serif;font-size:18px;font-weight:400;"">(كتاب الزكوة ، باب السائمة،2/ 275 سعيد )</span></span></p><p style=""text-align:justify;"">فتاوی شامی میں ہے :</p><p class=""indent"" style=""text-align:justify;""><span class=""ar_writing"">"" لأن العلة في العدول عن العشر إن نصفه في مستقى غرب ودالية هي زيادة الكلفة كما علمت"".</span></p><p class=""indent"" style=""text-align:left;""><span class=""ar_writing""><span style=""font-family:Nafees,sans-serif;font-size:18px;font-weight:400;""> (كتاب الزكوة ، باب العشر،2/ 328،سعيد)</span></span></p><p class=""indent"" style=""text-align:left;""><span class=""ar_writing""><span style=""font-family:Nafees,sans-serif;font-size:18px;font-weight:400;"">فقط والله اعلم </span></span></p></p><hr class=""big-hr""/>",23-11-2022,144404102087,banuri.edu.pk,زکات,عشر اور خراج,عشری و خراجی زمین,"<div class=""col-md-12 sawal-jawab""><h3 class=""question_heading"">سوال</h3><p><p style=""text-align:justify;"">میری چاول کی فصل ٹوٹل 1365من اور 30 کلو پیداوار ہوئی ہے اور کسانوں کا حصہ 341 من اور 17.5 کلو ہوا ہے مجھے عشر ٹوٹل حصے کی دینی ہے یا کسانوں کا حصہ کاٹ کے پھر دینا ہوگا کتنا عشر بنتاہے ۔</p></p><h4 class=""question_heading"">جواب</h4><p><p style=""text-align:justify;"">واضح رہے کہ   جس زمین کو سیراب کرنے پر   محنت مشقت اور پانی خریدنا نہ پڑتا ہو تو اس کی پیداوار پر  عشر(دسواں حصہ) ادا کیا جائے گا،اور اگر   زمین سیراب کرنے میں محنت و مشقت اٹھانی پڑتی ہو یا پانی خریدنا پڑتا ہو تو اس  صورت میں  نصفِ  عشر (بیسواں حصہ)ادا کیا جائے گا ،مثلا  پہلی  صورت میں 100من  سے دس من  عشر دیا جائے گا، اور دوسری صورت میں 100 من  میں سے پانچ من  عشردیا جائے گا۔</p><p style=""text-align:justify;"">صورت مسئولہ میں  زمین کی پیداوار جس کے گھر آئے گی زمین کا عشر بھی اسی کے ذمہ ہوگا، لہذامزارع (ہاری) کے حصے میں جتنی پیداوار آئے اس کا عشر اس کے ذمہ ہے، اور مالک (زمین دار) کے حصے میں جتنی جائے اس کا عشر اس پر لازم ہے،اب مزارع اور مالک چاہے پیداوار تقسیم کرنے  سے پہلے عشر ادا کریں یا بعد میں دونوں صورتیں درست ہیں۔</p><p style=""text-align:justify;""> فتاوی شامی میں ہے : </p><p class=""indent"" style=""text-align:justify;""><span class=""ar_writing"">""والعشر يجب في الخارج والخارج بينهما فيجب العشر عليهما"".</span></p><p class=""indent"" style=""text-align:left;""><span class=""ar_writing""><span style=""font-family:Nafees,sans-serif;font-size:18px;font-weight:400;"">(كتاب الزكوة ، باب السائمة،2/ 275 سعيد )</span></span></p><p style=""text-align:justify;"">فتاوی شامی میں ہے :</p><p class=""indent"" style=""text-align:justify;""><span class=""ar_writing"">"" لأن العلة في العدول عن العشر إن نصفه في مستقى غرب ودالية هي زيادة الكلفة كما علمت"".</span></p><p class=""indent"" style=""text-align:left;""><span class=""ar_writing""><span style=""font-family:Nafees,sans-serif;font-size:18px;font-weight:400;""> (كتاب الزكوة ، باب العشر،2/ 328،سعيد)</span></span></p><p class=""indent"" style=""text-align:left;""><span class=""ar_writing""><span style=""font-family:Nafees,sans-serif;font-size:18px;font-weight:400;"">فقط والله اعلم </span></span></p></p><hr class=""big-hr""/><div class=""col-sm-6 col-md-6""><p class=""question_heading"" style=""color:#73161f"">فتویٰ نمبر : <a id=""fatwa_number"">144404102087</a></p></div><div class=""col-sm-6 col-md-6""><p style=""color:#73161f"">دارالافتاء :
                                جامعہ علوم اسلامیہ علامہ محمد یوسف بنوری ٹاؤن</p></div><hr class=""big-hr""/><div class=""col-sm-4 col-md-4""><div class=""tag""><a href=""https://www.banuri.edu.pk/questions/kitab/zakat""><i class=""icon-docs-bold""></i> زکات</a></div></div><div class=""col-sm-4 col-md-4""><div class=""tag""><a href=""https://www.banuri.edu.pk/questions/bab/ushar-aur-khiraaj""><i class=""icon-docs-bold""></i> عشر اور خراج</a></div></div><div class=""col-sm-4 col-md-4""><div class=""tag""><a href=""https://www.banuri.edu.pk/questions/fasal/ushri-zameen-o-khiraaji-zameen""><i class=""icon-docs-bold""></i> عشری و خراجی زمین</a></div></div></div>"
https://www.banuri.edu.pk/readquestion/orat-ki-farj-pr-ungli-masalnay-s-ghusl-ka-hkm-144307102356/03-03-2022,عورت کی فرج پر انگلی مسلنے سے غسل کا حکم,"<p><p style=""text-align:justify;"">عورت کے بظر کو مسلنے سے عورت کو جنسی تسکین حاصل ہوتی ہے،  اور اس طرح کرنے سے معمولی پانی کا اخراج ہوتا ہے، اگر وہ پانی مذی ودی ہو تو کیا حکم ہے؟ اور اگر منی ہو تو کیا حکم ہے ؟</p></p>","<p><p style=""text-align:justify;"">تسکینِ شہوت کے لیے یہ طریقہ درست نہیں ہے، اس لیے اس سے اجتناب کرنا چاہیے، البتہ اگر میاں بیوی شہوت کی بنا پر یہ عمل کریں اور شوہر اپنی انگلی عورت کی شرم گاہ میں داخل کرے تو بعض فقہاء کے قول کے مطابق غسل لازم ہوجاتاہے، احتیاط اسی قول میں ہے، لہذا شہوت ہونے کی صورت میں عورت غسل کرے اور اگر مرد کے انگلی داخل کرنے کی وجہ سے عورت کی منی خارج ہوگئی توعورت پر  بالاتفاق غسل واجب ہوجائے گا۔</p><p style=""text-align:justify;"">اور اگر انگلی شرم گاہ کے اندر داخل نہیں کی ہو تو تب تک غسل فرض نہیں ہوگا جب تک شہوت سے منی کا انزال ہوکر منی خارج نہ ہوجائے۔</p><p style=""text-align:justify;"">البحر الرائق  میں ہے:</p><p class=""indent"" style=""text-align:justify;""><span class=""ar_writing"">""(قوله: وفي فتح القدير أن في إدخال الإصبع الدبر خلافاً إلخ ) ذكر العلامة الحلبي هنا تفصيلاً، فقال: والأولى أن يجب في القبل إذا قصد الاستمتاع ؛ لغلبة الشهوة ؛ لأن الشهوة فيهن غالبة، فيقام السبب مقام المسبب وهو الإنزال دون الدبر لعدمها"".</span></p><p class=""indent"" style=""text-align:left;"">(کتاب الطہارۃ، 1/229، دار الکتاب الاسلامی)</p><p class=""indent"" style=""text-align:left;""><span class=""ar_writing"">فقط واللہ اعلم</span></p></p><hr class=""big-hr""/>",03-03-2022,144307102356,banuri.edu.pk,طہارت,غسل,موجبات غسل,"<div class=""col-md-12 sawal-jawab""><h3 class=""question_heading"">سوال</h3><p><p style=""text-align:justify;"">عورت کے بظر کو مسلنے سے عورت کو جنسی تسکین حاصل ہوتی ہے،  اور اس طرح کرنے سے معمولی پانی کا اخراج ہوتا ہے، اگر وہ پانی مذی ودی ہو تو کیا حکم ہے؟ اور اگر منی ہو تو کیا حکم ہے ؟</p></p><h4 class=""question_heading"">جواب</h4><p><p style=""text-align:justify;"">تسکینِ شہوت کے لیے یہ طریقہ درست نہیں ہے، اس لیے اس سے اجتناب کرنا چاہیے، البتہ اگر میاں بیوی شہوت کی بنا پر یہ عمل کریں اور شوہر اپنی انگلی عورت کی شرم گاہ میں داخل کرے تو بعض فقہاء کے قول کے مطابق غسل لازم ہوجاتاہے، احتیاط اسی قول میں ہے، لہذا شہوت ہونے کی صورت میں عورت غسل کرے اور اگر مرد کے انگلی داخل کرنے کی وجہ سے عورت کی منی خارج ہوگئی توعورت پر  بالاتفاق غسل واجب ہوجائے گا۔</p><p style=""text-align:justify;"">اور اگر انگلی شرم گاہ کے اندر داخل نہیں کی ہو تو تب تک غسل فرض نہیں ہوگا جب تک شہوت سے منی کا انزال ہوکر منی خارج نہ ہوجائے۔</p><p style=""text-align:justify;"">البحر الرائق  میں ہے:</p><p class=""indent"" style=""text-align:justify;""><span class=""ar_writing"">""(قوله: وفي فتح القدير أن في إدخال الإصبع الدبر خلافاً إلخ ) ذكر العلامة الحلبي هنا تفصيلاً، فقال: والأولى أن يجب في القبل إذا قصد الاستمتاع ؛ لغلبة الشهوة ؛ لأن الشهوة فيهن غالبة، فيقام السبب مقام المسبب وهو الإنزال دون الدبر لعدمها"".</span></p><p class=""indent"" style=""text-align:left;"">(کتاب الطہارۃ، 1/229، دار الکتاب الاسلامی)</p><p class=""indent"" style=""text-align:left;""><span class=""ar_writing"">فقط واللہ اعلم</span></p></p><hr class=""big-hr""/><div class=""col-sm-6 col-md-6""><p class=""question_heading"" style=""color:#73161f"">فتویٰ نمبر : <a id=""fatwa_number"">144307102356</a></p></div><div class=""col-sm-6 col-md-6""><p style=""color:#73161f"">دارالافتاء :
                                جامعہ علوم اسلامیہ علامہ محمد یوسف بنوری ٹاؤن</p></div><hr class=""big-hr""/><div class=""col-sm-4 col-md-4""><div class=""tag""><a href=""https://www.banuri.edu.pk/questions/kitab/taharat""><i class=""icon-docs-bold""></i> طہارت</a></div></div><div class=""col-sm-4 col-md-4""><div class=""tag""><a href=""https://www.banuri.edu.pk/questions/bab/ghusl""><i class=""icon-docs-bold""></i> غسل</a></div></div><div class=""col-sm-4 col-md-4""><div class=""tag""><a href=""https://www.banuri.edu.pk/questions/fasal/moojibaat-e-gusal""><i class=""icon-docs-bold""></i> موجبات غسل</a></div></div></div>"
https://www.banuri.edu.pk/readquestion/zulqrnain-hdr-name-144406100901/04-01-2023,ذوالقرنین حیدر نام رکھنا,"<p><p style=""text-align:justify;"">میں نے اپنے بیٹے کا نام ذوالقرنین حیدر رکھا ہے ،اسلامی نقطہ نگاہ یہ نام کیسا ہے اور اس کے معنی کیا ہے؟</p></p>","<p><p style=""text-align:justify;"">""ذوالقرنین""  یہ لفظ قرآنِ مجید میں آیا ہے، جس کا لفظی معنی ہے:  دوسینگوں والا،اور  یہ مشہور یونانی بادشاہ سکندر اعظم سے تین سو  سال پہلے آیا تھا، اور مسلمان عادل بادشاہ تھا جو مشرق اور مغرب کے ممالک پر حکمران تھا، لہذا اس اعتبار سے بچے کا نام ""ذوالقرنین  حیدر ""   رکھنا درست ہے۔</p><p style=""text-align:justify;"">البداية والنهاية  میں ہے:</p><p class=""indent"" style=""text-align:justify;""><span class=""ar_writing"">""فأما ذو القرنين الثاني فهو اسكندر بن فيلبس بن مصريم بن هرمس بن ميطون بن رومي بن لنطي بن يونان بن يافث بن يونة بن شرخون بن رومة بن شرفط بن توفيل بن رومي بن الأصفر بن يقز بن العيص بن إسحق بن إبراهيم الخليل كذا نسبه الحافظ ابن عساكر في تاريخه المقدوني اليوناني المصري باني اسكندرية الذي يؤرخ بأيامه الروم وكان متأخرًا عن الأول بدهر طويل كان هذا قبل المسيح بنحو من ثلاثمائة سنة،"" </span></p><p class=""indent"" dir=""ltr"" style=""text-align:left;""><span class=""ar_writing"">(باب فضائل موسى عليه السلام، ج:2، ص:105، ط:مكتبة المعارف) </span></p><p class=""indent"" dir=""ltr"" style=""text-align:justify;"">فقط والله أعلم</p></p><hr class=""big-hr""/>",04-01-2023,144406100901,banuri.edu.pk,حظر و اباحت,نام، لقب، کنیت,ناموں کے معانی اور احکام,"<div class=""col-md-12 sawal-jawab""><h3 class=""question_heading"">سوال</h3><p><p style=""text-align:justify;"">میں نے اپنے بیٹے کا نام ذوالقرنین حیدر رکھا ہے ،اسلامی نقطہ نگاہ یہ نام کیسا ہے اور اس کے معنی کیا ہے؟</p></p><h4 class=""question_heading"">جواب</h4><p><p style=""text-align:justify;"">""ذوالقرنین""  یہ لفظ قرآنِ مجید میں آیا ہے، جس کا لفظی معنی ہے:  دوسینگوں والا،اور  یہ مشہور یونانی بادشاہ سکندر اعظم سے تین سو  سال پہلے آیا تھا، اور مسلمان عادل بادشاہ تھا جو مشرق اور مغرب کے ممالک پر حکمران تھا، لہذا اس اعتبار سے بچے کا نام ""ذوالقرنین  حیدر ""   رکھنا درست ہے۔</p><p style=""text-align:justify;"">البداية والنهاية  میں ہے:</p><p class=""indent"" style=""text-align:justify;""><span class=""ar_writing"">""فأما ذو القرنين الثاني فهو اسكندر بن فيلبس بن مصريم بن هرمس بن ميطون بن رومي بن لنطي بن يونان بن يافث بن يونة بن شرخون بن رومة بن شرفط بن توفيل بن رومي بن الأصفر بن يقز بن العيص بن إسحق بن إبراهيم الخليل كذا نسبه الحافظ ابن عساكر في تاريخه المقدوني اليوناني المصري باني اسكندرية الذي يؤرخ بأيامه الروم وكان متأخرًا عن الأول بدهر طويل كان هذا قبل المسيح بنحو من ثلاثمائة سنة،"" </span></p><p class=""indent"" dir=""ltr"" style=""text-align:left;""><span class=""ar_writing"">(باب فضائل موسى عليه السلام، ج:2، ص:105، ط:مكتبة المعارف) </span></p><p class=""indent"" dir=""ltr"" style=""text-align:justify;"">فقط والله أعلم</p></p><hr class=""big-hr""/><div class=""col-sm-6 col-md-6""><p class=""question_heading"" style=""color:#73161f"">فتویٰ نمبر : <a id=""fatwa_number"">144406100901</a></p></div><div class=""col-sm-6 col-md-6""><p style=""color:#73161f"">دارالافتاء :
                                جامعہ علوم اسلامیہ علامہ محمد یوسف بنوری ٹاؤن</p></div><hr class=""big-hr""/><div class=""col-sm-4 col-md-4""><div class=""tag""><a href=""https://www.banuri.edu.pk/questions/kitab/mamnooaat-mubahat""><i class=""icon-docs-bold""></i> حظر و اباحت</a></div></div><div class=""col-sm-4 col-md-4""><div class=""tag""><a href=""https://www.banuri.edu.pk/questions/bab/asaami""><i class=""icon-docs-bold""></i> نام، لقب، کنیت</a></div></div><div class=""col-sm-4 col-md-4""><div class=""tag""><a href=""https://www.banuri.edu.pk/questions/fasal/namoun-ke-mani-or-ahkaam""><i class=""icon-docs-bold""></i> ناموں کے معانی اور احکام</a></div></div></div>"
https://www.banuri.edu.pk/readquestion/rukhsati-se-pahlay-biwi-ki-rezamandi-ke-baegair-hambistari-karna-144404101949/21-11-2022,رخصتی سے پہلے بیوی کی رضامندی کے بغیر ہمبستری کرنا,"<p><p style=""text-align:justify;"">کیا نکاح کے بعد اور رخصتی سے پہلے شوہر بیوی سے ہم بستری کر سکتا ہے؟ اگر بیوی اس پر رضامند نہیں تو اس کے بارے میں کیا حکم ہے؟</p></p>","<p><p style=""text-align:justify;"">نکاح کے بعد لڑکا اور لڑکی دونوں کی حیثیت ایک دوسرے کے لیے شوہر اور بیوی کی ہے،  اگرچہ رخصتی نہ  ہوئی ہو، اس لیے شرعاً   ان کا کسی  قسم کا تعلق رکھنا منع نہیں ہے، البتہ بہتر یہ ہے کہ رخصتی سے پہلے ایسے تعلقات  سے پرہیز کیا جائے جو خاندان اور معاشرے میں نکاح سے پہلے معیوب سمجھے جاتے ہوں، کیوں کہ بعض اوقات رخصتی سے پہلے بے تکلف  تعلقات سے بہت سے مفاسد پیدا ہوجاتے ہیں۔</p><p style=""text-align:justify;"">فتاوی ہندیہ  میں ہے:</p><p class=""indent"" style=""text-align:justify;""><span class=""ar_writing"">""ينعقد بالإيجاب والقبول وضعًا للمضي أو وضع أحدهما للمضي والآخر لغيره مستقبلًا كان كالأمر أو حالًا كالمضارع، كذا في النهر الفائق. فإذا قال لها: أتزوجك بكذا، فقالت: قد قبلت يتم النكاح وإن لم يقل الزوج قبلت، كذا في الذخيرة.""</span></p><p class=""indent"" style=""text-align:left;""><span class=""ar_writing"">(کتاب النکاح: ج:1، ص:270، ط: رشیدیة)</span></p><p class=""indent"" style=""text-align:left;""><span class=""ar_writing"">فقط والله أعلم</span></p></p><hr class=""big-hr""/>",21-11-2022,144404101949,banuri.edu.pk,نکاح,بارات اور ولیمہ,رخصتی,"<div class=""col-md-12 sawal-jawab""><h3 class=""question_heading"">سوال</h3><p><p style=""text-align:justify;"">کیا نکاح کے بعد اور رخصتی سے پہلے شوہر بیوی سے ہم بستری کر سکتا ہے؟ اگر بیوی اس پر رضامند نہیں تو اس کے بارے میں کیا حکم ہے؟</p></p><h4 class=""question_heading"">جواب</h4><p><p style=""text-align:justify;"">نکاح کے بعد لڑکا اور لڑکی دونوں کی حیثیت ایک دوسرے کے لیے شوہر اور بیوی کی ہے،  اگرچہ رخصتی نہ  ہوئی ہو، اس لیے شرعاً   ان کا کسی  قسم کا تعلق رکھنا منع نہیں ہے، البتہ بہتر یہ ہے کہ رخصتی سے پہلے ایسے تعلقات  سے پرہیز کیا جائے جو خاندان اور معاشرے میں نکاح سے پہلے معیوب سمجھے جاتے ہوں، کیوں کہ بعض اوقات رخصتی سے پہلے بے تکلف  تعلقات سے بہت سے مفاسد پیدا ہوجاتے ہیں۔</p><p style=""text-align:justify;"">فتاوی ہندیہ  میں ہے:</p><p class=""indent"" style=""text-align:justify;""><span class=""ar_writing"">""ينعقد بالإيجاب والقبول وضعًا للمضي أو وضع أحدهما للمضي والآخر لغيره مستقبلًا كان كالأمر أو حالًا كالمضارع، كذا في النهر الفائق. فإذا قال لها: أتزوجك بكذا، فقالت: قد قبلت يتم النكاح وإن لم يقل الزوج قبلت، كذا في الذخيرة.""</span></p><p class=""indent"" style=""text-align:left;""><span class=""ar_writing"">(کتاب النکاح: ج:1، ص:270، ط: رشیدیة)</span></p><p class=""indent"" style=""text-align:left;""><span class=""ar_writing"">فقط والله أعلم</span></p></p><hr class=""big-hr""/><div class=""col-sm-6 col-md-6""><p class=""question_heading"" style=""color:#73161f"">فتویٰ نمبر : <a id=""fatwa_number"">144404101949</a></p></div><div class=""col-sm-6 col-md-6""><p style=""color:#73161f"">دارالافتاء :
                                جامعہ علوم اسلامیہ علامہ محمد یوسف بنوری ٹاؤن</p></div><hr class=""big-hr""/><div class=""col-sm-4 col-md-4""><div class=""tag""><a href=""https://www.banuri.edu.pk/questions/kitab/nikah""><i class=""icon-docs-bold""></i> نکاح</a></div></div><div class=""col-sm-4 col-md-4""><div class=""tag""><a href=""https://www.banuri.edu.pk/questions/bab/baraat-aur-valima""><i class=""icon-docs-bold""></i> بارات اور ولیمہ</a></div></div><div class=""col-sm-4 col-md-4""><div class=""tag""><a href=""https://www.banuri.edu.pk/questions/fasal/rukhsati""><i class=""icon-docs-bold""></i> رخصتی</a></div></div></div>"
https://www.banuri.edu.pk/readquestion/gar-k-afrad-ka-ek-cangi-istimal-krna-144406101828/17-01-2023,گھر کے افراد کا ایک کنگھی استعمال کرنا,"<p><p style=""text-align:justify;""> کیا ایک کنگھی گھر کے تمام افراد استعمال کر سکتے ہیں ؟</p></p>","<p><p style=""text-align:justify;"">جی ہاں!  استعمال کر سکتے ہیں ، شرعاً کوئی ممانعت نہیں ، باقی اگر طبی اعتبار سے کوئی بات ہے ، تو اس کے بارے میں کسی ڈاکٹر سے رجوع کریں۔</p><p class=""indent"" style=""text-align:left;"">فقط واللہ اعلم </p></p><hr class=""big-hr""/>",17-01-2023,144406101828,banuri.edu.pk,حظر و اباحت,متفرقات,متفرقات ممنوعات و مباحات,"<div class=""col-md-12 sawal-jawab""><h3 class=""question_heading"">سوال</h3><p><p style=""text-align:justify;""> کیا ایک کنگھی گھر کے تمام افراد استعمال کر سکتے ہیں ؟</p></p><h4 class=""question_heading"">جواب</h4><p><p style=""text-align:justify;"">جی ہاں!  استعمال کر سکتے ہیں ، شرعاً کوئی ممانعت نہیں ، باقی اگر طبی اعتبار سے کوئی بات ہے ، تو اس کے بارے میں کسی ڈاکٹر سے رجوع کریں۔</p><p class=""indent"" style=""text-align:left;"">فقط واللہ اعلم </p></p><hr class=""big-hr""/><div class=""col-sm-6 col-md-6""><p class=""question_heading"" style=""color:#73161f"">فتویٰ نمبر : <a id=""fatwa_number"">144406101828</a></p></div><div class=""col-sm-6 col-md-6""><p style=""color:#73161f"">دارالافتاء :
                                جامعہ علوم اسلامیہ علامہ محمد یوسف بنوری ٹاؤن</p></div><hr class=""big-hr""/><div class=""col-sm-4 col-md-4""><div class=""tag""><a href=""https://www.banuri.edu.pk/questions/kitab/mamnooaat-mubahat""><i class=""icon-docs-bold""></i> حظر و اباحت</a></div></div><div class=""col-sm-4 col-md-4""><div class=""tag""><a href=""https://www.banuri.edu.pk/questions/bab/mutafarriqaat""><i class=""icon-docs-bold""></i> متفرقات</a></div></div><div class=""col-sm-4 col-md-4""><div class=""tag""><a href=""https://www.banuri.edu.pk/questions/fasal/muatafarriqaat-e-mamnooaat-o-mubahaat""><i class=""icon-docs-bold""></i> متفرقات ممنوعات و مباحات</a></div></div></div>"
https://www.banuri.edu.pk/readquestion/mazoor-muthmir-ke-mawin-ka-ummrah-ada-kerna-144406101359/10-01-2023,معذور معتمر کے معاون کا عمرہ ادا کرنا,"<p><p style=""text-align:justify;""> اگر معتمر معذور ہے  اس  کے  ساتھ  جو  دوسرا  شخص (معاون)  اس  کو  عمرہ  کرانے ہو ،تو  کیا اس کا عمرہ بھی ہوجائے گا  کہ  نہیں ؟</p></p>","<p><p style=""text-align:justify;"">واضح رہے کہ عمرہ کے دو  فرائض ہیں:</p><p style=""text-align:justify;"">1-  عمرے  کا احرام باندھنا، ( یعنی مردوں کے لیے دو صاف چادر زیب تن کرنے کے بعد احرام کی نیت کرنا اور تلبیہ پڑھنا اورخواتین کے لیے سلے ہوئے کپڑوں میں ہی احرام کی نیت کرکے تلبیہ پڑھ لینا)۔</p><p style=""text-align:justify;"">2-   بیت اللہ کا طواف کرنا( یعنی مسجدِ حرام میں داخل ہونے کے بعد حجر اسود کو استلام کرنے کے بعد بیت اللہ کے سات چکر لگانا۔</p><p style=""text-align:justify;"">اور عمرے کے دو اعمال واجب ہیں:</p><p style=""text-align:justify;"">1- سعی کرنا۔</p><p style=""text-align:justify;"">2- حلق (سر منڈوانا) یا( کم ازکم چوتھائی سر کے ایک پورے کے برابر بال چھوٹے کرانا واجب ہے)۔</p><p style=""text-align:justify;"">اگر معذور معتمر  کا معاون ان دونوں فرائض اور واجبات  کو  بجالاتاہےتو  معاون کا بھی عمرہ اد اہوجائے گا، ورنہ ادانہیں  ہوگا۔</p><p style=""text-align:justify;"">الدرالمحتار میں ہے:</p><p class=""indent"" style=""text-align:justify;""><span class=""ar_writing"">""(والعمرة) في العمر (مرة سنة مؤكدة) على المذهب وصحح في الجوهرة وجوبها.</span><br/><span class=""ar_writing"">قلنا: المأمور به في الآية الإتمام وذلك بعد الشروع وبه نقول (وهي إحرام وطواف وسعي) وحلق أو تقصير.""</span></p><p class=""indent"" style=""text-align:left;"">(کتاب الحج،ج:2،ص:472، ط: دار الفكر)</p><p class=""indent"" style=""text-align:left;"">فقط واللہ اعلم</p></p><hr class=""big-hr""/>",10-01-2023,144406101359,banuri.edu.pk,حج,حج / عمرہ,عمرہ ، فرائض ، واجبات اور سنن,"<div class=""col-md-12 sawal-jawab""><h3 class=""question_heading"">سوال</h3><p><p style=""text-align:justify;""> اگر معتمر معذور ہے  اس  کے  ساتھ  جو  دوسرا  شخص (معاون)  اس  کو  عمرہ  کرانے ہو ،تو  کیا اس کا عمرہ بھی ہوجائے گا  کہ  نہیں ؟</p></p><h4 class=""question_heading"">جواب</h4><p><p style=""text-align:justify;"">واضح رہے کہ عمرہ کے دو  فرائض ہیں:</p><p style=""text-align:justify;"">1-  عمرے  کا احرام باندھنا، ( یعنی مردوں کے لیے دو صاف چادر زیب تن کرنے کے بعد احرام کی نیت کرنا اور تلبیہ پڑھنا اورخواتین کے لیے سلے ہوئے کپڑوں میں ہی احرام کی نیت کرکے تلبیہ پڑھ لینا)۔</p><p style=""text-align:justify;"">2-   بیت اللہ کا طواف کرنا( یعنی مسجدِ حرام میں داخل ہونے کے بعد حجر اسود کو استلام کرنے کے بعد بیت اللہ کے سات چکر لگانا۔</p><p style=""text-align:justify;"">اور عمرے کے دو اعمال واجب ہیں:</p><p style=""text-align:justify;"">1- سعی کرنا۔</p><p style=""text-align:justify;"">2- حلق (سر منڈوانا) یا( کم ازکم چوتھائی سر کے ایک پورے کے برابر بال چھوٹے کرانا واجب ہے)۔</p><p style=""text-align:justify;"">اگر معذور معتمر  کا معاون ان دونوں فرائض اور واجبات  کو  بجالاتاہےتو  معاون کا بھی عمرہ اد اہوجائے گا، ورنہ ادانہیں  ہوگا۔</p><p style=""text-align:justify;"">الدرالمحتار میں ہے:</p><p class=""indent"" style=""text-align:justify;""><span class=""ar_writing"">""(والعمرة) في العمر (مرة سنة مؤكدة) على المذهب وصحح في الجوهرة وجوبها.</span><br/><span class=""ar_writing"">قلنا: المأمور به في الآية الإتمام وذلك بعد الشروع وبه نقول (وهي إحرام وطواف وسعي) وحلق أو تقصير.""</span></p><p class=""indent"" style=""text-align:left;"">(کتاب الحج،ج:2،ص:472، ط: دار الفكر)</p><p class=""indent"" style=""text-align:left;"">فقط واللہ اعلم</p></p><hr class=""big-hr""/><div class=""col-sm-6 col-md-6""><p class=""question_heading"" style=""color:#73161f"">فتویٰ نمبر : <a id=""fatwa_number"">144406101359</a></p></div><div class=""col-sm-6 col-md-6""><p style=""color:#73161f"">دارالافتاء :
                                جامعہ علوم اسلامیہ علامہ محمد یوسف بنوری ٹاؤن</p></div><hr class=""big-hr""/><div class=""col-sm-4 col-md-4""><div class=""tag""><a href=""https://www.banuri.edu.pk/questions/kitab/haj""><i class=""icon-docs-bold""></i> حج</a></div></div><div class=""col-sm-4 col-md-4""><div class=""tag""><a href=""https://www.banuri.edu.pk/questions/bab/hajj-umrah""><i class=""icon-docs-bold""></i> حج / عمرہ</a></div></div><div class=""col-sm-4 col-md-4""><div class=""tag""><a href=""https://www.banuri.edu.pk/questions/fasal/umrah-faraidh-wajibat-or-sunan""><i class=""icon-docs-bold""></i> عمرہ ، فرائض ، واجبات اور سنن</a></div></div></div>"
https://www.banuri.edu.pk/readquestion/bewa-idat-kaha-guzare-gi-144406100965/05-01-2023,بیوہ عدت کہاں گزارے گی؟,"<p><p style=""text-align:justify;"">ہمارے علاقہ کا ایک آدمی کراچی میں فوت ہوا اور تدفین گاؤں میں ہوئی جو کہ مانسہرہ کی طرف ہے، کراچی سے میت لاتے وقت اس کی بیوی بھی ساتھ تھی، اب یہ عورت واپس کراچی جانا چاہتی ہے اور وہی عدت گزارنا چاہتی ہے، کیوں کہ یہاں(گاؤں میں) اس کے لیے ٹھہرنا مشکل ہے،  انتظامات نہ ہونے کی وجہ سے، تو کیا ایسا کرنا جائز ہے کہ وہ واپس چلی جائے؟</p></p>","<p><p style=""text-align:justify;""> عدت سے متعلق حکم یہ ہے کہ عورت اسی گھر عدت گزارے  جس گھر زندگی میں شوہر کے ساتھ رہا کرتی تھی ،  لیکن اگر وہاں سے سفر کر کے کسی دوسری جگہ منتقل ہوگئی ہواور وہاں یعنی شوہر کے آبائی وطن میں بھی شوہر کا گھر موجود ہو اسی جگہ عدت گزار لینی  چاہیے، تاہم منتقلی کے بعد بھی   عورت پر دوسرے گھر میں عدت کی وہی پابندیاں  لاگو ہوں گی جو پہلے میں لاگو تھیں۔</p><p style=""text-align:justify;"">لہذا صورتِ  مسئولہ میں مذکورہ بیوہ  چوں کہ گاؤں جا چکی ہے تو اگر ممکن ہو تو وہیں پر عدت گزار لے اور اگر گاؤں میں عدت گزارنا ممکن نہ ہو  مثلا گاؤں میں شوہر کاگھر وغیرہ موجود نہیں ہے تو وہ بیٹے یا کسی محرم کے ساتھ کراچی منتقل ہو سکتی ہے۔</p><p style=""text-align:justify;"">فتاویٰ شامی میں ہے:</p><p class=""indent"" style=""text-align:justify;""><span class=""ar_writing"">""(وتعتدان) أي معتدة طلاق وموت (في بيت وجبت فيه) ولا يخرجان منه (إلا أن تخرج أو يتهدم المنزل، أو تخاف) انهدامه، أو (تلف مالها، أو لا تجد كراء البيت) ونحو ذلك من الضرورات فتخرج لأقرب موضع إليه۔۔۔(قوله: في بيت وجبت فيه) هو ما يضاف إليهما بالسكنى قبل الفرقة ولو غير بيت الزوج كما مر آنفا.""</span></p><p class=""indent"" style=""text-align:left;""><span class=""ar_writing"">(كتاب الطلاق، ج:3، ص:536، ط:سعيد)</span></p><p style=""text-align:justify;"">وفیہ ایضاً:</p><p class=""indent"" style=""text-align:justify;""><span class=""ar_writing"">""يلزم أن تلزم المنزل الذي ‌يسكنان ‌فيه ‌قبل ‌الطلاق.""</span></p><p class=""indent"" style=""text-align:left;""><span class=""ar_writing"">(باب النفقة، مطلب في نفقة المطلقة، ج:3، ص:609، ط:سعيد)</span></p><p style=""text-align:justify;"">البحرالرائق میں ہے:</p><p class=""indent"" style=""text-align:justify;""><span class=""ar_writing"">""‌معتدة ‌الطلاق ‌والموت يعتدان في المنزل المضاف إليهما بالسكنى وقت الطلاق والموت ولا يخرجان منه إلا لضرورة لما تلوناه من الآية والبيت المضاف إليها في الآية ما تسكنه كما قدمناه سواء كان الزوج ساكنا معها أو لم يكن.""</span></p><p class=""indent"" style=""text-align:left;""><span class=""ar_writing"">(باب العدة، فصل في الإحداد، ج:4، ص:167، ط:دار الكتاب الإسلامي)</span></p><p style=""text-align:justify;"">تبيين الحقائق ميں هے:</p><p class=""indent"" style=""text-align:justify;""><span class=""ar_writing"">""وتعتدان ‌في ‌بيت ‌وجبت ‌فيه إلا أن تخرج أو ينهدم) أي تعتد المتوفى عنها زوجها إن أمكنها أن تعتد في البيت الذي وجبت فيه العدة بأن كان نصيبها من دار الميت يكفيها أو أذنوا لها في السكنى فيه، وهم كبار أو تركوها أن تسكن فيه بأجر وهي تقدر على ذلك لأنه - عليه الصلاة والسلام - «قال لفريعة بنت مالك حين قتل زوجها، ولم يدع مالا ترثه، وطلبت أن تتحول إلى أهلها لأجل الرفق عندهم امكثي في بيتك الذي أتاك فيه نعي زوجك حتى يبلغ الكتاب أجله» رواه الترمذي، وصححه.""</span></p><p class=""indent"" style=""text-align:left;""><span class=""ar_writing"">(كتاب الطلاق، باب العدة، فصل في الإحداد، ج:3، ص:37، ط:المطبعة الكبرى الأميرية)</span></p><p class=""indent"" style=""text-align:left;""><span class=""ar_writing"">فقط والله اعلم</span></p></p><hr class=""big-hr""/>",05-01-2023,144406100965,banuri.edu.pk,طلاق,عدت,عدت,"<div class=""col-md-12 sawal-jawab""><h3 class=""question_heading"">سوال</h3><p><p style=""text-align:justify;"">ہمارے علاقہ کا ایک آدمی کراچی میں فوت ہوا اور تدفین گاؤں میں ہوئی جو کہ مانسہرہ کی طرف ہے، کراچی سے میت لاتے وقت اس کی بیوی بھی ساتھ تھی، اب یہ عورت واپس کراچی جانا چاہتی ہے اور وہی عدت گزارنا چاہتی ہے، کیوں کہ یہاں(گاؤں میں) اس کے لیے ٹھہرنا مشکل ہے،  انتظامات نہ ہونے کی وجہ سے، تو کیا ایسا کرنا جائز ہے کہ وہ واپس چلی جائے؟</p></p><h4 class=""question_heading"">جواب</h4><p><p style=""text-align:justify;""> عدت سے متعلق حکم یہ ہے کہ عورت اسی گھر عدت گزارے  جس گھر زندگی میں شوہر کے ساتھ رہا کرتی تھی ،  لیکن اگر وہاں سے سفر کر کے کسی دوسری جگہ منتقل ہوگئی ہواور وہاں یعنی شوہر کے آبائی وطن میں بھی شوہر کا گھر موجود ہو اسی جگہ عدت گزار لینی  چاہیے، تاہم منتقلی کے بعد بھی   عورت پر دوسرے گھر میں عدت کی وہی پابندیاں  لاگو ہوں گی جو پہلے میں لاگو تھیں۔</p><p style=""text-align:justify;"">لہذا صورتِ  مسئولہ میں مذکورہ بیوہ  چوں کہ گاؤں جا چکی ہے تو اگر ممکن ہو تو وہیں پر عدت گزار لے اور اگر گاؤں میں عدت گزارنا ممکن نہ ہو  مثلا گاؤں میں شوہر کاگھر وغیرہ موجود نہیں ہے تو وہ بیٹے یا کسی محرم کے ساتھ کراچی منتقل ہو سکتی ہے۔</p><p style=""text-align:justify;"">فتاویٰ شامی میں ہے:</p><p class=""indent"" style=""text-align:justify;""><span class=""ar_writing"">""(وتعتدان) أي معتدة طلاق وموت (في بيت وجبت فيه) ولا يخرجان منه (إلا أن تخرج أو يتهدم المنزل، أو تخاف) انهدامه، أو (تلف مالها، أو لا تجد كراء البيت) ونحو ذلك من الضرورات فتخرج لأقرب موضع إليه۔۔۔(قوله: في بيت وجبت فيه) هو ما يضاف إليهما بالسكنى قبل الفرقة ولو غير بيت الزوج كما مر آنفا.""</span></p><p class=""indent"" style=""text-align:left;""><span class=""ar_writing"">(كتاب الطلاق، ج:3، ص:536، ط:سعيد)</span></p><p style=""text-align:justify;"">وفیہ ایضاً:</p><p class=""indent"" style=""text-align:justify;""><span class=""ar_writing"">""يلزم أن تلزم المنزل الذي ‌يسكنان ‌فيه ‌قبل ‌الطلاق.""</span></p><p class=""indent"" style=""text-align:left;""><span class=""ar_writing"">(باب النفقة، مطلب في نفقة المطلقة، ج:3، ص:609، ط:سعيد)</span></p><p style=""text-align:justify;"">البحرالرائق میں ہے:</p><p class=""indent"" style=""text-align:justify;""><span class=""ar_writing"">""‌معتدة ‌الطلاق ‌والموت يعتدان في المنزل المضاف إليهما بالسكنى وقت الطلاق والموت ولا يخرجان منه إلا لضرورة لما تلوناه من الآية والبيت المضاف إليها في الآية ما تسكنه كما قدمناه سواء كان الزوج ساكنا معها أو لم يكن.""</span></p><p class=""indent"" style=""text-align:left;""><span class=""ar_writing"">(باب العدة، فصل في الإحداد، ج:4، ص:167، ط:دار الكتاب الإسلامي)</span></p><p style=""text-align:justify;"">تبيين الحقائق ميں هے:</p><p class=""indent"" style=""text-align:justify;""><span class=""ar_writing"">""وتعتدان ‌في ‌بيت ‌وجبت ‌فيه إلا أن تخرج أو ينهدم) أي تعتد المتوفى عنها زوجها إن أمكنها أن تعتد في البيت الذي وجبت فيه العدة بأن كان نصيبها من دار الميت يكفيها أو أذنوا لها في السكنى فيه، وهم كبار أو تركوها أن تسكن فيه بأجر وهي تقدر على ذلك لأنه - عليه الصلاة والسلام - «قال لفريعة بنت مالك حين قتل زوجها، ولم يدع مالا ترثه، وطلبت أن تتحول إلى أهلها لأجل الرفق عندهم امكثي في بيتك الذي أتاك فيه نعي زوجك حتى يبلغ الكتاب أجله» رواه الترمذي، وصححه.""</span></p><p class=""indent"" style=""text-align:left;""><span class=""ar_writing"">(كتاب الطلاق، باب العدة، فصل في الإحداد، ج:3، ص:37، ط:المطبعة الكبرى الأميرية)</span></p><p class=""indent"" style=""text-align:left;""><span class=""ar_writing"">فقط والله اعلم</span></p></p><hr class=""big-hr""/><div class=""col-sm-6 col-md-6""><p class=""question_heading"" style=""color:#73161f"">فتویٰ نمبر : <a id=""fatwa_number"">144406100965</a></p></div><div class=""col-sm-6 col-md-6""><p style=""color:#73161f"">دارالافتاء :
                                جامعہ علوم اسلامیہ علامہ محمد یوسف بنوری ٹاؤن</p></div><hr class=""big-hr""/><div class=""col-sm-4 col-md-4""><div class=""tag""><a href=""https://www.banuri.edu.pk/questions/kitab/talaaq""><i class=""icon-docs-bold""></i> طلاق</a></div></div><div class=""col-sm-4 col-md-4""><div class=""tag""><a href=""https://www.banuri.edu.pk/questions/bab/iddat""><i class=""icon-docs-bold""></i> عدت</a></div></div><div class=""col-sm-4 col-md-4""><div class=""tag""><a href=""https://www.banuri.edu.pk/questions/fasal/iddat""><i class=""icon-docs-bold""></i> عدت</a></div></div></div>"
https://www.banuri.edu.pk/readquestion/haiz-k-dinon-me-bv-k-pechy-se-dokhol-k-bagher-taskin-144404101958/21-11-2022,حیض کے دنوں میں بیوی کے پیچھے بغیر دخول کے تسکین حاصل کرنا,"<p><p style=""text-align:justify;"">اگر حیض کےدنوں میں اپنی بیوی کے ساتھ پچھلے سوراخ میں دخول کیے بغیر اوپر نالی میں اپنا شوق پورا کر سکتا ہے؟</p></p>","<p><p style=""text-align:justify;"">واضح رہے کہ حالتِ حیض میں ناف سے لے کر گھٹنوں تک بغیر کسی حائل کے بیوی سے استمتاع یعنی فائدہ اٹھانا اور لطف اندوز ہونا ناجائز ہے۔</p><p style=""text-align:justify;"">لہذا صورتِ مسئولہ میں بغیر کسی حائل کے حالتِ حیض میں بیوی سے پیچھے کے راستے میں دخول کیے بغیر تسکین حاصل کرنا جائز نہیں ہےاور  اگر کوئی کپڑا وغیرہ حائل ہو تو پھر گنجائش ہےتاہم پیچھے کے راستے سے بیوی کے قریب آنےسے احتیاط کرنا بہترہے۔</p><p style=""text-align:justify;"">صحیح بخاری میں ہے:</p><p class=""indent"" style=""text-align:justify;""><span class=""ar_writing"">""عن ‌عائشة قالت: كنت أغتسل أنا والنبي صلى الله عليه وسلم من إناء واحد، كلانا جنب، وكان يأمرني فأتزر، فيباشرني وأنا حائض،  وكان يخرج رأسه إلي وهو معتكف، فأغسله وأنا حائض.""</span></p><p class=""indent"" style=""text-align:left;"">(‌‌‌‌كتاب الحيض، باب مباشرة الحائض،1/ 67، ط :المطبعة الكبرى الأميرية)</p><p style=""text-align:justify;"">عمدۃ القاری میں ہے:</p><p class=""indent"" style=""text-align:justify;""><span class=""ar_writing"">""النوع الثالث: المباشرة فيما بين السرة والركبة في غير القبل والدبر، فعند أبي حنيفة حرام، وهو رواية عن أبي يوسف، وهو الوجه الصحيح للشافعية، وهو قول مالك: وقول أكثر العلماء منهم: سعيد بن المسيب وشريح وطاوس وعطاء وسليمان بن يسار وقتادة.""</span></p><p class=""indent"" style=""text-align:left;"">(كتاب الحيض، باب مباشرة الحائض،3/ 266، ط: دار إحياء التراث العربي)</p><p style=""text-align:justify;"">تنویر الابصار مع الدر المختار میں ہے:</p><p class=""indent"" style=""text-align:justify;""><span class=""ar_writing"">""(وقربان ما تحت إزار) يعني ما بين سرة وركبة ولو بلا شهوة، وحل ما عداه مطلقا.""</span></p><p class=""indent"" style=""text-align:justify;""><span class=""ar_writing"">وفي الشامية:</span></p><p class=""indent"" style=""text-align:justify;""><span class=""ar_writing"">""(قوله وقربان ما تحت إزار) من إضافة المصدر إلى مفعوله، والتقدير: ويمنع الحيض قربان زوجها ما تحت إزارها كما في البحر (قوله يعني ما بين سرة وركبة) فيجوز الاستمتاع بالسرة وما فوقها والركبة وما تحتها ولو بلا حائل، وكذا بما بينهما بحائل بغير الوطء ولو تلطخ دما.""</span></p><p class=""indent"" style=""text-align:left;"">(‌‌باب الحيض،1/ 292، ط: سعید)</p><p class=""indent"" style=""text-align:left;"">فقط والله أعلم</p></p><hr class=""big-hr""/>",21-11-2022,144404101958,banuri.edu.pk,طہارت,حیض، نفاس، استحاضہ,حیض کی تعریف اور احکام,"<div class=""col-md-12 sawal-jawab""><h3 class=""question_heading"">سوال</h3><p><p style=""text-align:justify;"">اگر حیض کےدنوں میں اپنی بیوی کے ساتھ پچھلے سوراخ میں دخول کیے بغیر اوپر نالی میں اپنا شوق پورا کر سکتا ہے؟</p></p><h4 class=""question_heading"">جواب</h4><p><p style=""text-align:justify;"">واضح رہے کہ حالتِ حیض میں ناف سے لے کر گھٹنوں تک بغیر کسی حائل کے بیوی سے استمتاع یعنی فائدہ اٹھانا اور لطف اندوز ہونا ناجائز ہے۔</p><p style=""text-align:justify;"">لہذا صورتِ مسئولہ میں بغیر کسی حائل کے حالتِ حیض میں بیوی سے پیچھے کے راستے میں دخول کیے بغیر تسکین حاصل کرنا جائز نہیں ہےاور  اگر کوئی کپڑا وغیرہ حائل ہو تو پھر گنجائش ہےتاہم پیچھے کے راستے سے بیوی کے قریب آنےسے احتیاط کرنا بہترہے۔</p><p style=""text-align:justify;"">صحیح بخاری میں ہے:</p><p class=""indent"" style=""text-align:justify;""><span class=""ar_writing"">""عن ‌عائشة قالت: كنت أغتسل أنا والنبي صلى الله عليه وسلم من إناء واحد، كلانا جنب، وكان يأمرني فأتزر، فيباشرني وأنا حائض،  وكان يخرج رأسه إلي وهو معتكف، فأغسله وأنا حائض.""</span></p><p class=""indent"" style=""text-align:left;"">(‌‌‌‌كتاب الحيض، باب مباشرة الحائض،1/ 67، ط :المطبعة الكبرى الأميرية)</p><p style=""text-align:justify;"">عمدۃ القاری میں ہے:</p><p class=""indent"" style=""text-align:justify;""><span class=""ar_writing"">""النوع الثالث: المباشرة فيما بين السرة والركبة في غير القبل والدبر، فعند أبي حنيفة حرام، وهو رواية عن أبي يوسف، وهو الوجه الصحيح للشافعية، وهو قول مالك: وقول أكثر العلماء منهم: سعيد بن المسيب وشريح وطاوس وعطاء وسليمان بن يسار وقتادة.""</span></p><p class=""indent"" style=""text-align:left;"">(كتاب الحيض، باب مباشرة الحائض،3/ 266، ط: دار إحياء التراث العربي)</p><p style=""text-align:justify;"">تنویر الابصار مع الدر المختار میں ہے:</p><p class=""indent"" style=""text-align:justify;""><span class=""ar_writing"">""(وقربان ما تحت إزار) يعني ما بين سرة وركبة ولو بلا شهوة، وحل ما عداه مطلقا.""</span></p><p class=""indent"" style=""text-align:justify;""><span class=""ar_writing"">وفي الشامية:</span></p><p class=""indent"" style=""text-align:justify;""><span class=""ar_writing"">""(قوله وقربان ما تحت إزار) من إضافة المصدر إلى مفعوله، والتقدير: ويمنع الحيض قربان زوجها ما تحت إزارها كما في البحر (قوله يعني ما بين سرة وركبة) فيجوز الاستمتاع بالسرة وما فوقها والركبة وما تحتها ولو بلا حائل، وكذا بما بينهما بحائل بغير الوطء ولو تلطخ دما.""</span></p><p class=""indent"" style=""text-align:left;"">(‌‌باب الحيض،1/ 292، ط: سعید)</p><p class=""indent"" style=""text-align:left;"">فقط والله أعلم</p></p><hr class=""big-hr""/><div class=""col-sm-6 col-md-6""><p class=""question_heading"" style=""color:#73161f"">فتویٰ نمبر : <a id=""fatwa_number"">144404101958</a></p></div><div class=""col-sm-6 col-md-6""><p style=""color:#73161f"">دارالافتاء :
                                جامعہ علوم اسلامیہ علامہ محمد یوسف بنوری ٹاؤن</p></div><hr class=""big-hr""/><div class=""col-sm-4 col-md-4""><div class=""tag""><a href=""https://www.banuri.edu.pk/questions/kitab/taharat""><i class=""icon-docs-bold""></i> طہارت</a></div></div><div class=""col-sm-4 col-md-4""><div class=""tag""><a href=""https://www.banuri.edu.pk/questions/bab/hayz-nifas-istihaza""><i class=""icon-docs-bold""></i> حیض، نفاس، استحاضہ</a></div></div><div class=""col-sm-4 col-md-4""><div class=""tag""><a href=""https://www.banuri.edu.pk/questions/fasal/haiez-ki-tareef-aur-ahkaam""><i class=""icon-docs-bold""></i> حیض کی تعریف اور احکام</a></div></div></div>"
https://www.banuri.edu.pk/readquestion/70-30-ky-tanasub-say-sarmaya-kari-ho-aur-nafa-nuqsan-adha-adha-ho-to-shirkat-ka-hkm-144406101644/14-01-2023,70/30 کے تناسب سے سرمایہ کاری ہو، نفع و نقصان آدھا آدھا ہو تو شرکت کا حکم,"<p><p style=""text-align:justify;"">میں ایمزون (amazon) پر اپنا پروڈکٹ اور برانڈ لانچ کرنا چاہتا ہوں - جس کے لئے انویسٹمنٹ یعنی کہ پیسوں کی ضرورت ہے - انویسٹمنٹ آپ دو طریقے سے کر سکتے ہیں- یا تو آپ خود پوری انویسٹمنٹ کرلیں یا اگر آپ یہ نہیں کر سکتے تو آپ دوسرے انویسٹر کے ساتھ (70/30) کی بیس پر پارٹنرشپ کر لیں- یعنی کہ %70 پیسے انویسٹر لگائے گا اور %30 میں لگاوں گا۔  اور جو انویسٹر ہوگا اُسے کوئی کام نہیں كرنا،  وہ بس اپنے پیسے انویسٹ کرے گا اور اپنا منافع لے گا اور جو منافع ہمیں ملے گا اسے برابر تقسیم کیا جائے گا(50/50) ۔ بزنس کی تمام چیزوں کو میں دیکھوں گا ، یعنی کہ کاروبار میں جتنے بھی مسئلے مسائل آئیں گے ، اسے مُجھے حل کرنا ہے۔  اسی طرح اللّٰہ نہ کریں  نقصان ہوجانے کی صورت میں بھی دونوں برابر کے شریک ہیں - تو کیا اس قسم کی (30/70)کی پارٹنرشپ کو کام کے بوجھ اور کاروبار کے منافع كے حصے کو مدنظر رکھتے ہوئے کرنا صحیح ہے؟</p></p>","<p><p style=""text-align:justify;"">واضح ہو کہ اگر ایک شخص کسی کاروبار میں 70 فیصد انویسٹ (سرمایہ کاری) کرے اور دوسرا 30 فیصد سرمایہ کاری کرے اور آپس میں یہ معاہدہ ہو کہ عامل (کام کرنے کا ذمہ دار)  وہ ہے جس نے 30 فیصد سرمایہ کاری کی ہے تو اسے فقہی اصطلاح میں ’شرکت‘ یعنی پارٹنرشِپ کہتے ہیں۔ شرکت میں  عامل کے لیے اپنے سرمایہ سے زیادہ نفع طے کرنا جائز ہے ۔ تاہم نقصان ہونے کی صورت میں دونوں پر اپنے سرمایہ کے بقدر نقصان ہوتا ہے، سرمایہ کے تناسب کے علاوہ نقصان میں شریک ہونے کا کوئی اور تناسب طے کرنا ناجائز ہے۔</p><p style=""text-align:justify;"">صورت مسئولہ میں اپنا کاروبار شروع کرنے کے لیے 70 فیصد کسی اور سے سرمایہ لے کر 30 فیصد خود سرمایہ کاری کرنا اور خود ہی عامل ہونے کا معاہدہ کرنا جائز ہے اور دونوں شریک کا آدھا آدھا نفع تقسیم کرنے کی شرط بھی جائز ہے۔ البتہ آدھا آدھا نقصان برداشت کرنے کی شرط جائز نہیں ہے۔درست طریقہ کار یہ ہے کہ   ہر شریک اپنے سرمایہ کے تناسب سے نقصان برداشت کرے۔</p><p style=""text-align:justify;""><span class=""ar_writing"">البحر الرائق</span>  میں ہے:</p><p class=""indent"" style=""text-align:justify;""><span class=""ar_writing"">""(قوله وتصح مع التساوي في المال دون الربح وعكسه) وهو التفاضل في المال والتساوي في الربح، وقال زفر والشافعي لا يجوز؛ لأن التفاضل فيه يؤدي إلى ربح ما لم يضمن فإن المال إذا كان نصفين والربح أثلاثا فصاحب الزيادة يستحقها بلا ضمان إذ الضمان بقدر رأس المال؛ لأن الشركة عندهما في الربح كالشركة في الأصل ولهذا يشترطان الخلط فصار ربح المال بمنزلة نماء الأعيان فيستحق بقدر الملك في الأصل ولنا قوله - عليه السلام - «الربح على ما شرطا والوضيعة على قدر المالين» ولم يفصل؛ ولأن الربح كما يستحق بالمال يستحق بالعمل كما في المضاربة.""</span></p><p class=""indent"" style=""text-align:left;""><span class=""ar_writing"">(كتاب الشركة، شركة العنان، ج5، ص188، دار الكتاب الإسلامي)</span></p><p class=""indent"" style=""text-align:left;""><span class=""ar_writing"">فقط والله اعلم</span></p></p><hr class=""big-hr""/>",14-01-2023,144406101644,banuri.edu.pk,شرکت,شرکت عقود,شرکت میں نفع اور نقصان کی تقسیم,"<div class=""col-md-12 sawal-jawab""><h3 class=""question_heading"">سوال</h3><p><p style=""text-align:justify;"">میں ایمزون (amazon) پر اپنا پروڈکٹ اور برانڈ لانچ کرنا چاہتا ہوں - جس کے لئے انویسٹمنٹ یعنی کہ پیسوں کی ضرورت ہے - انویسٹمنٹ آپ دو طریقے سے کر سکتے ہیں- یا تو آپ خود پوری انویسٹمنٹ کرلیں یا اگر آپ یہ نہیں کر سکتے تو آپ دوسرے انویسٹر کے ساتھ (70/30) کی بیس پر پارٹنرشپ کر لیں- یعنی کہ %70 پیسے انویسٹر لگائے گا اور %30 میں لگاوں گا۔  اور جو انویسٹر ہوگا اُسے کوئی کام نہیں كرنا،  وہ بس اپنے پیسے انویسٹ کرے گا اور اپنا منافع لے گا اور جو منافع ہمیں ملے گا اسے برابر تقسیم کیا جائے گا(50/50) ۔ بزنس کی تمام چیزوں کو میں دیکھوں گا ، یعنی کہ کاروبار میں جتنے بھی مسئلے مسائل آئیں گے ، اسے مُجھے حل کرنا ہے۔  اسی طرح اللّٰہ نہ کریں  نقصان ہوجانے کی صورت میں بھی دونوں برابر کے شریک ہیں - تو کیا اس قسم کی (30/70)کی پارٹنرشپ کو کام کے بوجھ اور کاروبار کے منافع كے حصے کو مدنظر رکھتے ہوئے کرنا صحیح ہے؟</p></p><h4 class=""question_heading"">جواب</h4><p><p style=""text-align:justify;"">واضح ہو کہ اگر ایک شخص کسی کاروبار میں 70 فیصد انویسٹ (سرمایہ کاری) کرے اور دوسرا 30 فیصد سرمایہ کاری کرے اور آپس میں یہ معاہدہ ہو کہ عامل (کام کرنے کا ذمہ دار)  وہ ہے جس نے 30 فیصد سرمایہ کاری کی ہے تو اسے فقہی اصطلاح میں ’شرکت‘ یعنی پارٹنرشِپ کہتے ہیں۔ شرکت میں  عامل کے لیے اپنے سرمایہ سے زیادہ نفع طے کرنا جائز ہے ۔ تاہم نقصان ہونے کی صورت میں دونوں پر اپنے سرمایہ کے بقدر نقصان ہوتا ہے، سرمایہ کے تناسب کے علاوہ نقصان میں شریک ہونے کا کوئی اور تناسب طے کرنا ناجائز ہے۔</p><p style=""text-align:justify;"">صورت مسئولہ میں اپنا کاروبار شروع کرنے کے لیے 70 فیصد کسی اور سے سرمایہ لے کر 30 فیصد خود سرمایہ کاری کرنا اور خود ہی عامل ہونے کا معاہدہ کرنا جائز ہے اور دونوں شریک کا آدھا آدھا نفع تقسیم کرنے کی شرط بھی جائز ہے۔ البتہ آدھا آدھا نقصان برداشت کرنے کی شرط جائز نہیں ہے۔درست طریقہ کار یہ ہے کہ   ہر شریک اپنے سرمایہ کے تناسب سے نقصان برداشت کرے۔</p><p style=""text-align:justify;""><span class=""ar_writing"">البحر الرائق</span>  میں ہے:</p><p class=""indent"" style=""text-align:justify;""><span class=""ar_writing"">""(قوله وتصح مع التساوي في المال دون الربح وعكسه) وهو التفاضل في المال والتساوي في الربح، وقال زفر والشافعي لا يجوز؛ لأن التفاضل فيه يؤدي إلى ربح ما لم يضمن فإن المال إذا كان نصفين والربح أثلاثا فصاحب الزيادة يستحقها بلا ضمان إذ الضمان بقدر رأس المال؛ لأن الشركة عندهما في الربح كالشركة في الأصل ولهذا يشترطان الخلط فصار ربح المال بمنزلة نماء الأعيان فيستحق بقدر الملك في الأصل ولنا قوله - عليه السلام - «الربح على ما شرطا والوضيعة على قدر المالين» ولم يفصل؛ ولأن الربح كما يستحق بالمال يستحق بالعمل كما في المضاربة.""</span></p><p class=""indent"" style=""text-align:left;""><span class=""ar_writing"">(كتاب الشركة، شركة العنان، ج5، ص188، دار الكتاب الإسلامي)</span></p><p class=""indent"" style=""text-align:left;""><span class=""ar_writing"">فقط والله اعلم</span></p></p><hr class=""big-hr""/><div class=""col-sm-6 col-md-6""><p class=""question_heading"" style=""color:#73161f"">فتویٰ نمبر : <a id=""fatwa_number"">144406101644</a></p></div><div class=""col-sm-6 col-md-6""><p style=""color:#73161f"">دارالافتاء :
                                جامعہ علوم اسلامیہ علامہ محمد یوسف بنوری ٹاؤن</p></div><hr class=""big-hr""/><div class=""col-sm-4 col-md-4""><div class=""tag""><a href=""https://www.banuri.edu.pk/questions/kitab/shirkat""><i class=""icon-docs-bold""></i> شرکت</a></div></div><div class=""col-sm-4 col-md-4""><div class=""tag""><a href=""https://www.banuri.edu.pk/questions/bab/shirkate-uqood""><i class=""icon-docs-bold""></i> شرکت عقود</a></div></div><div class=""col-sm-4 col-md-4""><div class=""tag""><a href=""https://www.banuri.edu.pk/questions/fasal/shirkat-men-nafaa-or-nuqsaan-ki-taqseem""><i class=""icon-docs-bold""></i> شرکت میں نفع اور نقصان کی تقسیم</a></div></div></div>"
https://www.banuri.edu.pk/readquestion/kafir-ke-lye-dua-e-maghfirat-144307102397/03-03-2022,کافر کے لیے دعاءِ مغفرت,"<p><p style=""text-align:justify;"">کسی غیر مسلم کا انتقال ہو گیا، بغیر ایمان کے وہ اس دنیا سے رخصت ہو گیا، تو  اس شخص کے لیے مغفرت کی دعا کرنا کیسا ہے ؟جائز ہے یا نا جائز ہے ؟</p></p>","<p><p style=""text-align:justify;"">واضح رہے کہ دعائے مغفرت کے لیے ایمان ہونا لازمی ہے، کافر  کےلیے مغفرت کی دعا کرنا شرعاً جائز نہیں، حضور صلی اللہ علیہ وسلم کے چچا ابو طالب حضور صلی اللہ علیہ وسلم کے لیے خیر خواہ تھے اور ان سے اسلام کو بہت مدد ملی، لیکن ان سب کے باوجود ان کے لیے بھی دعائے مغفرت کی اجازت نہیں ملی، چنانچہ ارشادِ باری تعالیٰ ہے:</p><p class=""indent"" style=""text-align:justify;""><span class=""qr_writing"">""{مَا كَانَ لِلنَّبِيِّ وَالَّذِينَ آمَنُوا أَنْ يَسْتَغْفِرُوا لِلْمُشْرِكِينَ وَلَوْ كَانُوا أُولِي قُرْبَى مِنْ بَعْدِ مَا تَبَيَّنَ لَهُمْ أَنَّهُمْ أَصْحَابُ الْجَحِيمِ}""</span> [التوبة: 113]</p><p class=""indent"" style=""text-align:justify;"">ترجمہ: ""پیغمبر کو اور دوسرے مسلمانوں کو جائز نہیں کہ مشرکین کے لیے مغفرت کی دعا مانگیں اگرچہ رشتہ دار ہی (کیوں نہ) ہوں اس امر کے ظاہر ہوجانے کے بعد کہ یہ لوگ دوزخی ہیں""۔(بیان القرآن)</p><p class=""indent"" style=""text-align:justify;""><span class=""qr_writing"">""{اسْتَغْفِرْ لَهُمْ أَوْ لَا تَسْتَغْفِرْ لَهُمْ إِنْ تَسْتَغْفِرْ لَهُمْ سَبْعِينَ مَرَّةً فَلَنْ يَغْفِرَ اللَّهُ لَهُمْ ذَلِكَ بِأَنَّهُمْ كَفَرُوا بِاللَّهِ وَرَسُولِهِ وَاللَّهُ لَا يَهْدِي الْقَوْمَ الْفَاسِقِينَ }""</span>[التوبة: 80]</p><p class=""indent"" style=""text-align:justify;"">ترجمہ:آپ خواہ ان (منافقین) کے لیے استغفار کریں یا ان کے لیے استغفار نہ کریں۔ اگر آپ ان کے لیے ستر بار بھی استغفار کریں گے تب بھی اللہ تعالیٰ ان کو نہ بخشے گا یہ اس وجہ سے ہے کہ انہوں نے اللہ اور رسول (صلی اللہ علیہ وآلہ وسلم) سے کفر کیا۔ اور اللہ تعالیٰ ایسے سرکش لوگوں کو ہدایت نہیں کیا کرتا۔(بیان القرآن)</p><p style=""text-align:justify;"">تفسير القرطبي میں ہے: </p><p class=""indent"" style=""text-align:justify;""><span class=""ar_writing"">""هذه الآية تضمنت قطع موالاة الكفار حيهم وميتهم فإن الله لم يجعل للمؤمنين أن يستغفروا للمشركين فطلب الغفران للمشرك مما لا يجوز.""</span></p><p class=""indent"" style=""text-align:left;"">(سورة التوبة، تحت الآية113، ج:8،ص: 273، ط:دار الكتب المصرية )</p><p style=""text-align:justify;"">مرقاة المفاتيح میں ہے:</p><p class=""indent"" style=""text-align:justify;""><span class=""ar_writing"">""وعن أبي هريرة قال: «زار النبي - صلى الله عليه وسلم - قبر أمه فبكى وأبكى من حوله، فقال: "" استأذنت ربي في أن أستغفر لها فلم يؤذن لي، واستأذنته في أن أزور قبرها فأذن لي، فزوروا القبور فإنها تذكر الموت "". رواه مسلم.</span></p><p class=""indent"" style=""text-align:justify;""><span class=""ar_writing"">(فقال: استأذنت ربي في أن أستغفر فلم يؤذن لي) قال ابن الملك: لأنها كافرة، والاستغفار للكافرين لا يجوز، لأن الله لن يغفر لهم أبدا.""</span></p><p class=""indent"" style=""text-align:left;"">(كتاب الجنائز، باب زيارةالقبور ، ج:4، ص: 1256، ط:دار الفكر)</p><p class=""indent"" style=""text-align:left;"">فقط واللہ اعلم</p></p><hr class=""big-hr""/>",03-03-2022,144307102397,banuri.edu.pk,حقوق و آدابِ معاشرت,حقوق,فساق ، فجار کے ساتھ رہن سہن اور اس کے احکام,"<div class=""col-md-12 sawal-jawab""><h3 class=""question_heading"">سوال</h3><p><p style=""text-align:justify;"">کسی غیر مسلم کا انتقال ہو گیا، بغیر ایمان کے وہ اس دنیا سے رخصت ہو گیا، تو  اس شخص کے لیے مغفرت کی دعا کرنا کیسا ہے ؟جائز ہے یا نا جائز ہے ؟</p></p><h4 class=""question_heading"">جواب</h4><p><p style=""text-align:justify;"">واضح رہے کہ دعائے مغفرت کے لیے ایمان ہونا لازمی ہے، کافر  کےلیے مغفرت کی دعا کرنا شرعاً جائز نہیں، حضور صلی اللہ علیہ وسلم کے چچا ابو طالب حضور صلی اللہ علیہ وسلم کے لیے خیر خواہ تھے اور ان سے اسلام کو بہت مدد ملی، لیکن ان سب کے باوجود ان کے لیے بھی دعائے مغفرت کی اجازت نہیں ملی، چنانچہ ارشادِ باری تعالیٰ ہے:</p><p class=""indent"" style=""text-align:justify;""><span class=""qr_writing"">""{مَا كَانَ لِلنَّبِيِّ وَالَّذِينَ آمَنُوا أَنْ يَسْتَغْفِرُوا لِلْمُشْرِكِينَ وَلَوْ كَانُوا أُولِي قُرْبَى مِنْ بَعْدِ مَا تَبَيَّنَ لَهُمْ أَنَّهُمْ أَصْحَابُ الْجَحِيمِ}""</span> [التوبة: 113]</p><p class=""indent"" style=""text-align:justify;"">ترجمہ: ""پیغمبر کو اور دوسرے مسلمانوں کو جائز نہیں کہ مشرکین کے لیے مغفرت کی دعا مانگیں اگرچہ رشتہ دار ہی (کیوں نہ) ہوں اس امر کے ظاہر ہوجانے کے بعد کہ یہ لوگ دوزخی ہیں""۔(بیان القرآن)</p><p class=""indent"" style=""text-align:justify;""><span class=""qr_writing"">""{اسْتَغْفِرْ لَهُمْ أَوْ لَا تَسْتَغْفِرْ لَهُمْ إِنْ تَسْتَغْفِرْ لَهُمْ سَبْعِينَ مَرَّةً فَلَنْ يَغْفِرَ اللَّهُ لَهُمْ ذَلِكَ بِأَنَّهُمْ كَفَرُوا بِاللَّهِ وَرَسُولِهِ وَاللَّهُ لَا يَهْدِي الْقَوْمَ الْفَاسِقِينَ }""</span>[التوبة: 80]</p><p class=""indent"" style=""text-align:justify;"">ترجمہ:آپ خواہ ان (منافقین) کے لیے استغفار کریں یا ان کے لیے استغفار نہ کریں۔ اگر آپ ان کے لیے ستر بار بھی استغفار کریں گے تب بھی اللہ تعالیٰ ان کو نہ بخشے گا یہ اس وجہ سے ہے کہ انہوں نے اللہ اور رسول (صلی اللہ علیہ وآلہ وسلم) سے کفر کیا۔ اور اللہ تعالیٰ ایسے سرکش لوگوں کو ہدایت نہیں کیا کرتا۔(بیان القرآن)</p><p style=""text-align:justify;"">تفسير القرطبي میں ہے: </p><p class=""indent"" style=""text-align:justify;""><span class=""ar_writing"">""هذه الآية تضمنت قطع موالاة الكفار حيهم وميتهم فإن الله لم يجعل للمؤمنين أن يستغفروا للمشركين فطلب الغفران للمشرك مما لا يجوز.""</span></p><p class=""indent"" style=""text-align:left;"">(سورة التوبة، تحت الآية113، ج:8،ص: 273، ط:دار الكتب المصرية )</p><p style=""text-align:justify;"">مرقاة المفاتيح میں ہے:</p><p class=""indent"" style=""text-align:justify;""><span class=""ar_writing"">""وعن أبي هريرة قال: «زار النبي - صلى الله عليه وسلم - قبر أمه فبكى وأبكى من حوله، فقال: "" استأذنت ربي في أن أستغفر لها فلم يؤذن لي، واستأذنته في أن أزور قبرها فأذن لي، فزوروا القبور فإنها تذكر الموت "". رواه مسلم.</span></p><p class=""indent"" style=""text-align:justify;""><span class=""ar_writing"">(فقال: استأذنت ربي في أن أستغفر فلم يؤذن لي) قال ابن الملك: لأنها كافرة، والاستغفار للكافرين لا يجوز، لأن الله لن يغفر لهم أبدا.""</span></p><p class=""indent"" style=""text-align:left;"">(كتاب الجنائز، باب زيارةالقبور ، ج:4، ص: 1256، ط:دار الفكر)</p><p class=""indent"" style=""text-align:left;"">فقط واللہ اعلم</p></p><hr class=""big-hr""/><div class=""col-sm-6 col-md-6""><p class=""question_heading"" style=""color:#73161f"">فتویٰ نمبر : <a id=""fatwa_number"">144307102397</a></p></div><div class=""col-sm-6 col-md-6""><p style=""color:#73161f"">دارالافتاء :
                                جامعہ علوم اسلامیہ علامہ محمد یوسف بنوری ٹاؤن</p></div><hr class=""big-hr""/><div class=""col-sm-4 col-md-4""><div class=""tag""><a href=""https://www.banuri.edu.pk/questions/kitab/huqooq-muashret""><i class=""icon-docs-bold""></i> حقوق و آدابِ معاشرت</a></div></div><div class=""col-sm-4 col-md-4""><div class=""tag""><a href=""https://www.banuri.edu.pk/questions/bab/bahmi-huqooq""><i class=""icon-docs-bold""></i> حقوق</a></div></div><div class=""col-sm-4 col-md-4""><div class=""tag""><a href=""https://www.banuri.edu.pk/questions/fasal/fussaq-fujjar-k-sath-rehn-sehn-or-us-k-ahkam""><i class=""icon-docs-bold""></i> فساق ، فجار کے ساتھ رہن سہن اور اس کے احکام</a></div></div></div>"
