link,title,question_html,answer_html,issued_at,fatwa_number,dar_ul_ifta,category_lvl_1,category_lvl_2,category_lvl_3,html_container
https://www.banuri.edu.pk/readquestion/tbbi-noiyyat-ka-sawal-144210200674/28-05-2021,عضوِ تناسل کی نس دبا کر منی روکنے سے متعلق سوال,"<p><p style=""text-align:justify;"">عضو تناسل کی نس کو دبا کر منی کو روکنے کے کوئی  طبی نقصان ہیں یا نہیں؟</p></p>","<p><p style=""text-align:justify;"">معروف ہے کہ  نس دبا کر منی روکنے سے طبی نقصان  ہوتاہے، تاہم اس مسئلے کا تعلق  طب سے ہے، لہٰذا کسی ماہر طبیب سے مشورہ کرلیا جائے ۔باقی اگر کسی کے ساتھ ایسا واقعہ پیش آئے تو اس کا شرعی حکم یہ ہے کہ اگر انزال کے وقت کوئی شخص نس دبا کر منی روکنے پر قادر ہوجائے اور منی خارج نہ ہو تو اگر وہ جماع کرچکا ہے تو جماع کی وجہ سے اس پر غسل واجب ہوجائے گا اور اگر جماع نہیں کیا ہے،  بلکہ کسی اور وجہ سے شہوت ہوئی ہے اور  اس نے نس دبا کر منی روک لی تو منی نہ نکلنے کی وجہ سے اُس پر فی الفور غسل واجب نہیں ہوگا،  لیکن اگر کچھ دیر بعد اسی شہوت کے اثر سے منی خارج ہوجائے،  اگرچہ انزال کے وقت شہوت نہ ہو، تو غسل واجب ہوجائے گا۔ملحوظ رہے کہ مشت زنی کرنا جائز نہیں ہے۔ فقط واللہ اعلم </p><p class=""indent"" style=""text-align:justify;"">مزید تفصیل کے لیے درج ذیل لنک پر فتویٰ ملاحظہ کیجیے:</p><p class=""indent"" style=""text-align:justify;""><a href=""https://www.banuri.edu.pk/readquestion/%D9%85%D8%B4%D8%AA-%D8%B2%D9%86%DB%8C-%D8%B3%DB%92-%D8%BA%D8%B3%D9%84-%D9%88%D8%A7%D8%AC%D8%A8-%DB%81%D9%88%D9%86%DB%92-%DA%A9%D8%A7-%D8%AD%DA%A9%D9%85-%D9%85%D8%B4%D8%AA-%D8%B2%D9%86%DB%8C-%DA%A9%DB%92-%D8%A8%D8%B9%D8%AF-%D8%A7%D9%86%D8%B2%D8%A7%D9%84-%DA%A9%DB%92-%D9%88%D9%82%D8%AA-%D8%A7%D9%86%D8%B2%D8%A7%D9%84-%D8%B1%D9%88%DA%A9%D9%86%DB%92-%DA%A9%DB%92-%D9%84%D8%A6%DB%92-%D9%86%D8%B3-%D8%AF%D8%A8%D8%A7%D9%86%DB%92-%DA%A9%DB%8C-%D8%B5%D9%88%D8%B1%D8%AA-%D9%85%DB%8C%DA%BA-%D8%BA%D8%B3%D9%84-%DA%A9%DB%92-%D9%88%D8%AC%D9%88%D8%A8-%DA%A9%D8%A7-%D8%AD%DA%A9%D9%85/23-05-2019"">انزال کے وقت انزال روکنے کے لیے نس دبانے کی صورت میں غسل کے وجوب کا حکم</a></p></p><hr class=""big-hr""/>",28-05-2021,144210200674,banuri.edu.pk,حظر و اباحت,علاج / معالجہ,انگریزی / یونانی / ہومیوپیتھک علاج معالجہ,"<div class=""col-md-12 sawal-jawab""><h3 class=""question_heading"">سوال</h3><p><p style=""text-align:justify;"">عضو تناسل کی نس کو دبا کر منی کو روکنے کے کوئی  طبی نقصان ہیں یا نہیں؟</p></p><h4 class=""question_heading"">جواب</h4><p><p style=""text-align:justify;"">معروف ہے کہ  نس دبا کر منی روکنے سے طبی نقصان  ہوتاہے، تاہم اس مسئلے کا تعلق  طب سے ہے، لہٰذا کسی ماہر طبیب سے مشورہ کرلیا جائے ۔باقی اگر کسی کے ساتھ ایسا واقعہ پیش آئے تو اس کا شرعی حکم یہ ہے کہ اگر انزال کے وقت کوئی شخص نس دبا کر منی روکنے پر قادر ہوجائے اور منی خارج نہ ہو تو اگر وہ جماع کرچکا ہے تو جماع کی وجہ سے اس پر غسل واجب ہوجائے گا اور اگر جماع نہیں کیا ہے،  بلکہ کسی اور وجہ سے شہوت ہوئی ہے اور  اس نے نس دبا کر منی روک لی تو منی نہ نکلنے کی وجہ سے اُس پر فی الفور غسل واجب نہیں ہوگا،  لیکن اگر کچھ دیر بعد اسی شہوت کے اثر سے منی خارج ہوجائے،  اگرچہ انزال کے وقت شہوت نہ ہو، تو غسل واجب ہوجائے گا۔ملحوظ رہے کہ مشت زنی کرنا جائز نہیں ہے۔ فقط واللہ اعلم </p><p class=""indent"" style=""text-align:justify;"">مزید تفصیل کے لیے درج ذیل لنک پر فتویٰ ملاحظہ کیجیے:</p><p class=""indent"" style=""text-align:justify;""><a href=""https://www.banuri.edu.pk/readquestion/%D9%85%D8%B4%D8%AA-%D8%B2%D9%86%DB%8C-%D8%B3%DB%92-%D8%BA%D8%B3%D9%84-%D9%88%D8%A7%D8%AC%D8%A8-%DB%81%D9%88%D9%86%DB%92-%DA%A9%D8%A7-%D8%AD%DA%A9%D9%85-%D9%85%D8%B4%D8%AA-%D8%B2%D9%86%DB%8C-%DA%A9%DB%92-%D8%A8%D8%B9%D8%AF-%D8%A7%D9%86%D8%B2%D8%A7%D9%84-%DA%A9%DB%92-%D9%88%D9%82%D8%AA-%D8%A7%D9%86%D8%B2%D8%A7%D9%84-%D8%B1%D9%88%DA%A9%D9%86%DB%92-%DA%A9%DB%92-%D9%84%D8%A6%DB%92-%D9%86%D8%B3-%D8%AF%D8%A8%D8%A7%D9%86%DB%92-%DA%A9%DB%8C-%D8%B5%D9%88%D8%B1%D8%AA-%D9%85%DB%8C%DA%BA-%D8%BA%D8%B3%D9%84-%DA%A9%DB%92-%D9%88%D8%AC%D9%88%D8%A8-%DA%A9%D8%A7-%D8%AD%DA%A9%D9%85/23-05-2019"">انزال کے وقت انزال روکنے کے لیے نس دبانے کی صورت میں غسل کے وجوب کا حکم</a></p></p><hr class=""big-hr""/><div class=""col-sm-6 col-md-6""><p class=""question_heading"" style=""color:#73161f"">فتویٰ نمبر : <a id=""fatwa_number"">144210200674</a></p></div><div class=""col-sm-6 col-md-6""><p style=""color:#73161f"">دارالافتاء :
                                جامعہ علوم اسلامیہ علامہ محمد یوسف بنوری ٹاؤن</p></div><hr class=""big-hr""/><div class=""col-sm-4 col-md-4""><div class=""tag""><a href=""https://www.banuri.edu.pk/questions/kitab/mamnooaat-mubahat""><i class=""icon-docs-bold""></i> حظر و اباحت</a></div></div><div class=""col-sm-4 col-md-4""><div class=""tag""><a href=""https://www.banuri.edu.pk/questions/bab/ilaj-mualaja""><i class=""icon-docs-bold""></i> علاج / معالجہ</a></div></div><div class=""col-sm-4 col-md-4""><div class=""tag""><a href=""https://www.banuri.edu.pk/questions/fasal/angrezi-unani-homeopathic-ilaj-mualja""><i class=""icon-docs-bold""></i> انگریزی / یونانی / ہومیوپیتھک علاج معالجہ</a></div></div></div>"
https://www.banuri.edu.pk/readquestion/gali-dene-or-gana-sunne-sai-wazu-ka-hukum-144212201196/24-07-2021,گالی دینے اور گانا سننے سے وضو کا حکم,"<p><p style=""text-align:justify;"">کیا گالی دینے سے اور گانا سننے سے  وضو ٹوٹ جاتا ہے؟</p></p>","<p><p style=""text-align:justify;"">گالی دینا اور گانا سننا  بڑا گناہ ہے،  اور دونوں ہی گناہوں  سے اجتناب لازم ہے، تاہم   ان  سے وضو نہیں ٹوٹتا، لیکن مستحب یہ ہے کہ اگر  کوئی  گناہ سرزد ہوگیا تو اس کے بعد دوبارہ وضو کرلے،  اوراگر وضو نہ کیا اور اسی وضو سے نماز پڑھ لی یا تلاوت کی تو نماز ہوجائے گی اور تلاوت کا ثواب ملے گا۔</p><p style=""text-align:justify;""><span class=""ar_writing"">الدر المختار وحاشية ابن عابدين (رد المحتار) - (1 / 89):</span></p><p class=""indent"" style=""text-align:justify;""><span class=""ar_writing"">""و مندوب في نيف و ثلاثين موضعاً، ذكرتها في الخزائن: منها بعد كذب، و غيبة، و قهقهة، و شعر، و أكل جزور، و بعد كل خطيئة، و للخروج من خلاف العلماء."" </span></p><p class=""indent"" dir=""rtl"" style=""text-align:left;"">فقط واللہ اعلم</p></p><hr class=""big-hr""/>",24-07-2021,144212201196,banuri.edu.pk,طہارت,وضو,نواقض وضو,"<div class=""col-md-12 sawal-jawab""><h3 class=""question_heading"">سوال</h3><p><p style=""text-align:justify;"">کیا گالی دینے سے اور گانا سننے سے  وضو ٹوٹ جاتا ہے؟</p></p><h4 class=""question_heading"">جواب</h4><p><p style=""text-align:justify;"">گالی دینا اور گانا سننا  بڑا گناہ ہے،  اور دونوں ہی گناہوں  سے اجتناب لازم ہے، تاہم   ان  سے وضو نہیں ٹوٹتا، لیکن مستحب یہ ہے کہ اگر  کوئی  گناہ سرزد ہوگیا تو اس کے بعد دوبارہ وضو کرلے،  اوراگر وضو نہ کیا اور اسی وضو سے نماز پڑھ لی یا تلاوت کی تو نماز ہوجائے گی اور تلاوت کا ثواب ملے گا۔</p><p style=""text-align:justify;""><span class=""ar_writing"">الدر المختار وحاشية ابن عابدين (رد المحتار) - (1 / 89):</span></p><p class=""indent"" style=""text-align:justify;""><span class=""ar_writing"">""و مندوب في نيف و ثلاثين موضعاً، ذكرتها في الخزائن: منها بعد كذب، و غيبة، و قهقهة، و شعر، و أكل جزور، و بعد كل خطيئة، و للخروج من خلاف العلماء."" </span></p><p class=""indent"" dir=""rtl"" style=""text-align:left;"">فقط واللہ اعلم</p></p><hr class=""big-hr""/><div class=""col-sm-6 col-md-6""><p class=""question_heading"" style=""color:#73161f"">فتویٰ نمبر : <a id=""fatwa_number"">144212201196</a></p></div><div class=""col-sm-6 col-md-6""><p style=""color:#73161f"">دارالافتاء :
                                جامعہ علوم اسلامیہ علامہ محمد یوسف بنوری ٹاؤن</p></div><hr class=""big-hr""/><div class=""col-sm-4 col-md-4""><div class=""tag""><a href=""https://www.banuri.edu.pk/questions/kitab/taharat""><i class=""icon-docs-bold""></i> طہارت</a></div></div><div class=""col-sm-4 col-md-4""><div class=""tag""><a href=""https://www.banuri.edu.pk/questions/bab/wuzu""><i class=""icon-docs-bold""></i> وضو</a></div></div><div class=""col-sm-4 col-md-4""><div class=""tag""><a href=""https://www.banuri.edu.pk/questions/fasal/nawaaqz-e-wazu""><i class=""icon-docs-bold""></i> نواقض وضو</a></div></div></div>"
https://www.banuri.edu.pk/readquestion/washing-machine-m-napak-kapron-ko-dhonay-k-bad-machine-ko-pak-knay-ka-treeqa-144210200709/28-05-2021,ناپاک کپڑوں کو واشنگ مشین میں دھونے کے بعد مشین کو پاک کرنے کا طریقہ,"<p><p style=""text-align:justify;"">اگر ناپاک کپڑے واشنگ مشین میں دھو ئے جائیں تو کیا مشین کو پاک کرنا ضروری  ہے،  اگر ہے تو کسی طرح پاک کیا جائے؟ </p></p>","<p><p style=""text-align:justify;"">اگر واشنگ مشین میں ناپاک کپڑوں کو دھویا جائے  تو اس کے بعد واشنگ مشین سے ناپاک پانی بہانے کے بعد ،  اس پر پاک پانی بہایا جائے ، یہاں تک کہ ناپاک پانی کا اثر ختم ہو جائے تو واشنگ  مشین پاک ہوجائے گی، اسی طرح اگر مشین میں ہی ناپاک کپڑوں کو  دھوتے ہوئے ایک بار پانی مکمل نکالنے کے بعد ، دوبارہ پانی ڈالا جائے اور پھر پانی  مکمل نکالا جائے اور اسی طرح تیسری مرتبہ کیا جائے تو کپڑے اور مشین دونوں پاک ہوجائیں گے۔</p><p style=""text-align:justify;""><span class=""ar_writing"">الدر المختار وحاشية ابن عابدين (رد المحتار) (1/ 310):</span></p><p class=""indent"" style=""text-align:justify;""><span class=""ar_writing"">""(و) يطهر (صقيل) لا مسام له (كمرآة) وظفر وعظم وزجاج وآنية مدهونة أو خراطي وصفائح فضة غير منقوشة بمسح يزول به أثرها مطلقاً، به يفتى</span>.<span class=""ar_writing"">(قوله: صقيل) احترز به عن نحو الحديد إذا كان عليه صدأ أو منقوشاً، وبقوله: "" لا مسام له "" عن الثوب الثقيل، فإن له مساماً، ح عن البحر. (قوله: وآنية مدهونة) أي: كالزبدية الصينية، حلية. (قوله: أو خراطي) بفتح الخاء المعجمة والراء المشددة بعدها ألف وكسر الطاء المهملة آخره ياء مشددة نسبة إلى الخراط، وهو خشب يخرطه الخراط فيصير صقيلاً كالمرآة ح (قوله: بمسح) متعلق بيطهر، وإنما اكتفى بالمسح؛ لأن أصحاب رسول الله صلى الله عليه وسلم كانوا يقتلون الكفار بسيوفهم ثم يمسحونها ويصلون معها؛ ولأنه لا تتداخله النجاسة، وما على ظهره يزول بالمسح بحر. (قوله: مطلقاً) أي: سواء أصابه نجس له جرم أو لا، رطباً كان أو يابساً على المختار للفتوى، شرنبلالية عن البرهان.""</span></p><p class=""indent"" style=""text-align:justify;""><span class=""ar_writing"">قال في الحلية: والذي يظهر أنها لو يابسة ذات جرم تطهر بالحت والمسح بما فيه بلل ظاهر من خرقة أو غيرها حتى يذهب أثرها مع عينها، ولو يابسة ليست بذات جرم كالبول والخمر فبالمسح بما ذكرناه لا غير، ولو رطبة ذات جرم أو لا فبالمسح بخرقة مبتلة أو لا.""</span></p><p class=""indent"" style=""text-align:left;"">فقط واللہ اعلم</p></p><hr class=""big-hr""/>",28-05-2021,144210200709,banuri.edu.pk,طہارت,نجاست اور اس سے پاکی,نجاست حقیقیہ، اقسام و احکام,"<div class=""col-md-12 sawal-jawab""><h3 class=""question_heading"">سوال</h3><p><p style=""text-align:justify;"">اگر ناپاک کپڑے واشنگ مشین میں دھو ئے جائیں تو کیا مشین کو پاک کرنا ضروری  ہے،  اگر ہے تو کسی طرح پاک کیا جائے؟ </p></p><h4 class=""question_heading"">جواب</h4><p><p style=""text-align:justify;"">اگر واشنگ مشین میں ناپاک کپڑوں کو دھویا جائے  تو اس کے بعد واشنگ مشین سے ناپاک پانی بہانے کے بعد ،  اس پر پاک پانی بہایا جائے ، یہاں تک کہ ناپاک پانی کا اثر ختم ہو جائے تو واشنگ  مشین پاک ہوجائے گی، اسی طرح اگر مشین میں ہی ناپاک کپڑوں کو  دھوتے ہوئے ایک بار پانی مکمل نکالنے کے بعد ، دوبارہ پانی ڈالا جائے اور پھر پانی  مکمل نکالا جائے اور اسی طرح تیسری مرتبہ کیا جائے تو کپڑے اور مشین دونوں پاک ہوجائیں گے۔</p><p style=""text-align:justify;""><span class=""ar_writing"">الدر المختار وحاشية ابن عابدين (رد المحتار) (1/ 310):</span></p><p class=""indent"" style=""text-align:justify;""><span class=""ar_writing"">""(و) يطهر (صقيل) لا مسام له (كمرآة) وظفر وعظم وزجاج وآنية مدهونة أو خراطي وصفائح فضة غير منقوشة بمسح يزول به أثرها مطلقاً، به يفتى</span>.<span class=""ar_writing"">(قوله: صقيل) احترز به عن نحو الحديد إذا كان عليه صدأ أو منقوشاً، وبقوله: "" لا مسام له "" عن الثوب الثقيل، فإن له مساماً، ح عن البحر. (قوله: وآنية مدهونة) أي: كالزبدية الصينية، حلية. (قوله: أو خراطي) بفتح الخاء المعجمة والراء المشددة بعدها ألف وكسر الطاء المهملة آخره ياء مشددة نسبة إلى الخراط، وهو خشب يخرطه الخراط فيصير صقيلاً كالمرآة ح (قوله: بمسح) متعلق بيطهر، وإنما اكتفى بالمسح؛ لأن أصحاب رسول الله صلى الله عليه وسلم كانوا يقتلون الكفار بسيوفهم ثم يمسحونها ويصلون معها؛ ولأنه لا تتداخله النجاسة، وما على ظهره يزول بالمسح بحر. (قوله: مطلقاً) أي: سواء أصابه نجس له جرم أو لا، رطباً كان أو يابساً على المختار للفتوى، شرنبلالية عن البرهان.""</span></p><p class=""indent"" style=""text-align:justify;""><span class=""ar_writing"">قال في الحلية: والذي يظهر أنها لو يابسة ذات جرم تطهر بالحت والمسح بما فيه بلل ظاهر من خرقة أو غيرها حتى يذهب أثرها مع عينها، ولو يابسة ليست بذات جرم كالبول والخمر فبالمسح بما ذكرناه لا غير، ولو رطبة ذات جرم أو لا فبالمسح بخرقة مبتلة أو لا.""</span></p><p class=""indent"" style=""text-align:left;"">فقط واللہ اعلم</p></p><hr class=""big-hr""/><div class=""col-sm-6 col-md-6""><p class=""question_heading"" style=""color:#73161f"">فتویٰ نمبر : <a id=""fatwa_number"">144210200709</a></p></div><div class=""col-sm-6 col-md-6""><p style=""color:#73161f"">دارالافتاء :
                                جامعہ علوم اسلامیہ علامہ محمد یوسف بنوری ٹاؤن</p></div><hr class=""big-hr""/><div class=""col-sm-4 col-md-4""><div class=""tag""><a href=""https://www.banuri.edu.pk/questions/kitab/taharat""><i class=""icon-docs-bold""></i> طہارت</a></div></div><div class=""col-sm-4 col-md-4""><div class=""tag""><a href=""https://www.banuri.edu.pk/questions/bab/najasat-aur-us-ki-paki""><i class=""icon-docs-bold""></i> نجاست اور اس سے پاکی</a></div></div><div class=""col-sm-4 col-md-4""><div class=""tag""><a href=""https://www.banuri.edu.pk/questions/fasal/najaasat-e-haqiqyah-aqsaam-o-ahkaam""><i class=""icon-docs-bold""></i> نجاست حقیقیہ، اقسام و احکام</a></div></div></div>"
https://www.banuri.edu.pk/readquestion/areeza-ali-naam-rakhna-144210200732/28-05-2021,عریضہ علی نام رکھنا,"<p><p style=""text-align:justify;"">میں اپنی بیٹی کا نام ”عریضہ علی“  رکھنا چاہتا ہوں،  کیا یہ نام بھی صحیح رہے گا،  معنی اور اچھائی سے بھی آگاہ کر دیجیے گا ؟</p></p>","<p><p style=""text-align:justify;"">”عریضہ “کے معنی:  درخواست، خط ، دستاویز، پیش کردہ چیز، چوڑی چیز،  کے آتے ہیں،  یہ نام رکھنا جائز  تو ہوگا؛ لیکن اس کے بجائے  کسی صحابیہ رضی اللہ عنہا کے نام پر نام رکھ لیا جائے تو بہتر ہوگا۔ اگر  اسی وزن پر نام رکھنا ہو تو ”عفیفہ‘‘ یا اس وزن پر اچھے معنیٰ والا کوئی نام رکھ  لیا جائے  ، ”عفیفہ “  کے معنی : ”پاک دامن ( خاتون)“ کے آتے ہیں۔</p><p style=""text-align:justify;"">نیز ، ہماری ویب سائٹ پر اچھے بامعنی نام موجو د ہیں،اس سے آپ نام  کا انتخاب کرسکتے ہیں،اس کا لنک درج ذیل ہے:</p><p style=""text-align:justify;""><a href=""https://www.banuri.edu.pk/islamic-name"">اسلامی نام</a></p><p class=""indent"" style=""text-align:justify;""><span class=""ar_writing"">""العَرِيضَةُ : (معجم الوسيط) : </span></p><p class=""indent"" style=""text-align:justify;""><span class=""ar_writing"">العَرِيضَةُ : الصحيفةُ تُعرضُ بها حاجةٌ من الحاجاتِ.</span><span class=""ar_writing""> وعريضةُ الدَّعوى: صحيفةٌ يكتب المدَّعِى فيها ظُلامَته إِلى القاضي. والجمع : عرائض.""</span></p><p class=""indent"" style=""text-align:left;"">فقط واللہ اعلم</p></p><hr class=""big-hr""/>",28-05-2021,144210200732,banuri.edu.pk,حقوق و آدابِ معاشرت,حقوق,اولاد کے حقوق,"<div class=""col-md-12 sawal-jawab""><h3 class=""question_heading"">سوال</h3><p><p style=""text-align:justify;"">میں اپنی بیٹی کا نام ”عریضہ علی“  رکھنا چاہتا ہوں،  کیا یہ نام بھی صحیح رہے گا،  معنی اور اچھائی سے بھی آگاہ کر دیجیے گا ؟</p></p><h4 class=""question_heading"">جواب</h4><p><p style=""text-align:justify;"">”عریضہ “کے معنی:  درخواست، خط ، دستاویز، پیش کردہ چیز، چوڑی چیز،  کے آتے ہیں،  یہ نام رکھنا جائز  تو ہوگا؛ لیکن اس کے بجائے  کسی صحابیہ رضی اللہ عنہا کے نام پر نام رکھ لیا جائے تو بہتر ہوگا۔ اگر  اسی وزن پر نام رکھنا ہو تو ”عفیفہ‘‘ یا اس وزن پر اچھے معنیٰ والا کوئی نام رکھ  لیا جائے  ، ”عفیفہ “  کے معنی : ”پاک دامن ( خاتون)“ کے آتے ہیں۔</p><p style=""text-align:justify;"">نیز ، ہماری ویب سائٹ پر اچھے بامعنی نام موجو د ہیں،اس سے آپ نام  کا انتخاب کرسکتے ہیں،اس کا لنک درج ذیل ہے:</p><p style=""text-align:justify;""><a href=""https://www.banuri.edu.pk/islamic-name"">اسلامی نام</a></p><p class=""indent"" style=""text-align:justify;""><span class=""ar_writing"">""العَرِيضَةُ : (معجم الوسيط) : </span></p><p class=""indent"" style=""text-align:justify;""><span class=""ar_writing"">العَرِيضَةُ : الصحيفةُ تُعرضُ بها حاجةٌ من الحاجاتِ.</span><span class=""ar_writing""> وعريضةُ الدَّعوى: صحيفةٌ يكتب المدَّعِى فيها ظُلامَته إِلى القاضي. والجمع : عرائض.""</span></p><p class=""indent"" style=""text-align:left;"">فقط واللہ اعلم</p></p><hr class=""big-hr""/><div class=""col-sm-6 col-md-6""><p class=""question_heading"" style=""color:#73161f"">فتویٰ نمبر : <a id=""fatwa_number"">144210200732</a></p></div><div class=""col-sm-6 col-md-6""><p style=""color:#73161f"">دارالافتاء :
                                جامعہ علوم اسلامیہ علامہ محمد یوسف بنوری ٹاؤن</p></div><hr class=""big-hr""/><div class=""col-sm-4 col-md-4""><div class=""tag""><a href=""https://www.banuri.edu.pk/questions/kitab/huqooq-muashret""><i class=""icon-docs-bold""></i> حقوق و آدابِ معاشرت</a></div></div><div class=""col-sm-4 col-md-4""><div class=""tag""><a href=""https://www.banuri.edu.pk/questions/bab/bahmi-huqooq""><i class=""icon-docs-bold""></i> حقوق</a></div></div><div class=""col-sm-4 col-md-4""><div class=""tag""><a href=""https://www.banuri.edu.pk/questions/fasal/olad-ky-hoqoq""><i class=""icon-docs-bold""></i> اولاد کے حقوق</a></div></div></div>"
https://www.banuri.edu.pk/readquestion/satar-dekhne-sai-wazu-totne-ka-hukum-144212201197/24-07-2021,ستر دیکھنے سے وضو ٹوٹنے کا حکم,"<p><p style=""text-align:justify;"">کیا عورت کا ستر دیکھنے والے کا وضو ٹوٹ جاتا ہے؟</p></p>","<p><p style=""text-align:justify;"">واضح رہے کہ میاں بیوی  کے علاوہ کسی کے لیے ایک دوسرے کا ستر شدید ضرورت کے بغیر دیکھنا ناجائز اور حرام ہے، تاہم وضو کے بعد  اگر کسی کا ستر  دیکھ  لیا یا اپنا ستر دیکھ  لیا تو  اس  سے ستر  دیکھنے  والے اور  جس کا ستر دیکھا گیا ہو، دونوں میں سے  کسی کا  بھی وضو نہیں ٹوٹتا۔</p><p style=""text-align:justify;""><span class=""ar_writing"">المبسوط للسرخسی (1/183) :</span></p><p class=""indent"" style=""text-align:justify;""><span class=""ar_writing"">""إن مسّ ذکرہ بعد الوضوء فلا وضوء علیه، وهذا عندنا، و کذلك إذا نظر إلی فرج امرأۃ.""</span></p><p class=""indent"" style=""text-align:left;"">   فقط واللہ اعلم</p></p><hr class=""big-hr""/>",24-07-2021,144212201197,banuri.edu.pk,طہارت,وضو,نواقض وضو,"<div class=""col-md-12 sawal-jawab""><h3 class=""question_heading"">سوال</h3><p><p style=""text-align:justify;"">کیا عورت کا ستر دیکھنے والے کا وضو ٹوٹ جاتا ہے؟</p></p><h4 class=""question_heading"">جواب</h4><p><p style=""text-align:justify;"">واضح رہے کہ میاں بیوی  کے علاوہ کسی کے لیے ایک دوسرے کا ستر شدید ضرورت کے بغیر دیکھنا ناجائز اور حرام ہے، تاہم وضو کے بعد  اگر کسی کا ستر  دیکھ  لیا یا اپنا ستر دیکھ  لیا تو  اس  سے ستر  دیکھنے  والے اور  جس کا ستر دیکھا گیا ہو، دونوں میں سے  کسی کا  بھی وضو نہیں ٹوٹتا۔</p><p style=""text-align:justify;""><span class=""ar_writing"">المبسوط للسرخسی (1/183) :</span></p><p class=""indent"" style=""text-align:justify;""><span class=""ar_writing"">""إن مسّ ذکرہ بعد الوضوء فلا وضوء علیه، وهذا عندنا، و کذلك إذا نظر إلی فرج امرأۃ.""</span></p><p class=""indent"" style=""text-align:left;"">   فقط واللہ اعلم</p></p><hr class=""big-hr""/><div class=""col-sm-6 col-md-6""><p class=""question_heading"" style=""color:#73161f"">فتویٰ نمبر : <a id=""fatwa_number"">144212201197</a></p></div><div class=""col-sm-6 col-md-6""><p style=""color:#73161f"">دارالافتاء :
                                جامعہ علوم اسلامیہ علامہ محمد یوسف بنوری ٹاؤن</p></div><hr class=""big-hr""/><div class=""col-sm-4 col-md-4""><div class=""tag""><a href=""https://www.banuri.edu.pk/questions/kitab/taharat""><i class=""icon-docs-bold""></i> طہارت</a></div></div><div class=""col-sm-4 col-md-4""><div class=""tag""><a href=""https://www.banuri.edu.pk/questions/bab/wuzu""><i class=""icon-docs-bold""></i> وضو</a></div></div><div class=""col-sm-4 col-md-4""><div class=""tag""><a href=""https://www.banuri.edu.pk/questions/fasal/nawaaqz-e-wazu""><i class=""icon-docs-bold""></i> نواقض وضو</a></div></div></div>"
https://www.banuri.edu.pk/readquestion/idat-main-school-ya-college-jana-144210200513/25-05-2021,عدت میں اسکول یا کالج جانا,"<p><p style=""text-align:justify;"">اگر ایک عورت کالج یا سکول میں پڑھتی ہو اور اس کو طلاق ہو جائے تو کیا وہ عدت کےدوران پڑھنے كے ليے  کالج یا سکول جا سکتی ہے یا نہیں؟</p></p>","<p><p style=""text-align:justify;"">عدت کے دوران عورت کے لیے شديد ضرورت كے بغیر گھر سے   باہر نکلنا جائز نہیں ہے، اور کالج یا اسکول جانا شرعاً  شدید مجبوری  میں شامل نہیں  ہے؛ اس لیے عدت میں بیٹھی عورت کا اسکول یا کالج کے لیے  گھر سے باہر نکلنا جائز نہیں ہے۔</p><p style=""text-align:justify;""><span class=""ar_writing"">الدر المختار وحاشية ابن عابدين (رد المحتار) (3/ 535):</span></p><p class=""indent"" style=""text-align:justify;""><span class=""ar_writing"">""(و لاتخرج معتدة رجعي وبائن) بأي فرقة كانت على ما في الظهيرية ولو مختلعة على نفقة عدتها في الأصح اختيار، أو على السكنى فيلزمها أن تكتري بيت الزوج، معراج (لو حرةً) أو أمةً مبوأةً ولو من فاسد (مكلفةً من بيتها أصلاً) لا ليلاً ولا نهاراً ولا إلى صحن دار فيها منازل لغيره ولو بإذنه؛ لأنه حق الله تعالى.</span></p><p class=""indent"" style=""text-align:justify;""><span class=""ar_writing""> (قوله: أو على السكنى) قال الزيلعي: فكان كما اختلعت على أن لا سكنى لها، فإن مؤنة السكنى تسقط عن الزوج، يلزمها أن تكتري بيت الزوج، ولايحل لها أن تخرج منه اهـ ومثله في الفتح: أي لأن سكناها في بيته واجبة عليها شرعاً فلاتملك إسقاطها بل تسقط مؤنتها. وظاهره أنه لايلزم التصريح بمؤنة السكنى بل مجرد الخلع على السكنى مسقط لمؤنتها كما نبهنا عليه في باب الخلع، تأمل.</span></p><p class=""indent"" style=""text-align:justify;""><span class=""ar_writing"">(قوله: لو حرةً) أما غيرها فلها الخروج في عدة الطلاق والوفاة، إذ لايلزمها المقام في منزل زوجها في حال النكاح فكذا بعده، ولأن الخدمة حق المولى فلايجوز إبطالها إلا إذا بوأها منزلاً فحينئذ لاتخرج وله الرجوع، ولو بوأها في النكاح ثم طلقت فللزوج منعها من الخروج حتى يطلبها المولى كما في البحر. (قوله: أو أمةً مبوأةً) أي أسكنها المولى في بيت زوجها ولم يطلبها كما علمت. (قوله: و لو من فاسد) أي ولو كانت المدة من نكاح فاسد، وهذا مستفاد من قوله بأي فرقة كانت كما بيناه ح. (قوله: مكلفة) أخرج الصغيرة والمجنونة والكافرة. ففي البحر عن البدائع: أما الأوليان فلا يتعلق بهما شيء من أحكام التكاليف، وأما الكتابية فلأنها غير مخاطبة بحق الشرع، ولكن للزوج منع المجنونة والكتابية صيانة لمائه، وكذا إذا أسلم زوج المجوسية وأبت الإسلام. اهـ. وفيه عن المعراج وشرح النقاية: المراهقة كالبالغة في المنع من الخروج وكالكتابية في عدم وجوب الإحداد اهـ أي لاحتمال علوقها منه قبل الطلاق فله منعها تحصينا لمائه. (قوله: من بيتها) متعلق بقوله ولا تخرج، والمراد به ما يضاف إليها بالسكنى حال وقوع الفرقة والموت هداية، سواء كان مملوكاً للزوج، أو غيره، حتى لو كان غائبا، وهي في دار بأجرة قادرة على دفعها فليس لها أن تخرج بل تدفع وترجع إن كان بإذن الحاكم بحر وزيلعي. (قوله: أصلاً) تعميم لقوله: لاتخرج، وبينه بقوله: لا ليلاً ولا نهاراً. (قوله: فيها منازل لغيره) أي غير الزوج، بخلاف ما إذا كانت له فإن لها أن تخرج إليها وتبيت في أي منزل شاءت؛ لأنها تضاف إليها بالسكنى، زيلعي. (قوله: ولو بإذنه) تعميم أيضاً لقوله: ولاتخرج، حتى إن المطلقة رجعياً وإن كانت منكوحةً حكماً لاتخرج من بيت العدة. ولو بإذنه؛ لأن الحرمة بعد العدة حق الله تعالى فلايملكان إبطاله، بخلاف ما قبلها؛ لأنها حق الزوج فيملك إبطاله، بحر"".</span></p><p class=""indent"" style=""text-align:left;"">فقط واللہ اعلم</p></p><hr class=""big-hr""/>",25-05-2021,144210200513,banuri.edu.pk,طلاق,عدت,عدت میں گھر سے باہر نکلنا,"<div class=""col-md-12 sawal-jawab""><h3 class=""question_heading"">سوال</h3><p><p style=""text-align:justify;"">اگر ایک عورت کالج یا سکول میں پڑھتی ہو اور اس کو طلاق ہو جائے تو کیا وہ عدت کےدوران پڑھنے كے ليے  کالج یا سکول جا سکتی ہے یا نہیں؟</p></p><h4 class=""question_heading"">جواب</h4><p><p style=""text-align:justify;"">عدت کے دوران عورت کے لیے شديد ضرورت كے بغیر گھر سے   باہر نکلنا جائز نہیں ہے، اور کالج یا اسکول جانا شرعاً  شدید مجبوری  میں شامل نہیں  ہے؛ اس لیے عدت میں بیٹھی عورت کا اسکول یا کالج کے لیے  گھر سے باہر نکلنا جائز نہیں ہے۔</p><p style=""text-align:justify;""><span class=""ar_writing"">الدر المختار وحاشية ابن عابدين (رد المحتار) (3/ 535):</span></p><p class=""indent"" style=""text-align:justify;""><span class=""ar_writing"">""(و لاتخرج معتدة رجعي وبائن) بأي فرقة كانت على ما في الظهيرية ولو مختلعة على نفقة عدتها في الأصح اختيار، أو على السكنى فيلزمها أن تكتري بيت الزوج، معراج (لو حرةً) أو أمةً مبوأةً ولو من فاسد (مكلفةً من بيتها أصلاً) لا ليلاً ولا نهاراً ولا إلى صحن دار فيها منازل لغيره ولو بإذنه؛ لأنه حق الله تعالى.</span></p><p class=""indent"" style=""text-align:justify;""><span class=""ar_writing""> (قوله: أو على السكنى) قال الزيلعي: فكان كما اختلعت على أن لا سكنى لها، فإن مؤنة السكنى تسقط عن الزوج، يلزمها أن تكتري بيت الزوج، ولايحل لها أن تخرج منه اهـ ومثله في الفتح: أي لأن سكناها في بيته واجبة عليها شرعاً فلاتملك إسقاطها بل تسقط مؤنتها. وظاهره أنه لايلزم التصريح بمؤنة السكنى بل مجرد الخلع على السكنى مسقط لمؤنتها كما نبهنا عليه في باب الخلع، تأمل.</span></p><p class=""indent"" style=""text-align:justify;""><span class=""ar_writing"">(قوله: لو حرةً) أما غيرها فلها الخروج في عدة الطلاق والوفاة، إذ لايلزمها المقام في منزل زوجها في حال النكاح فكذا بعده، ولأن الخدمة حق المولى فلايجوز إبطالها إلا إذا بوأها منزلاً فحينئذ لاتخرج وله الرجوع، ولو بوأها في النكاح ثم طلقت فللزوج منعها من الخروج حتى يطلبها المولى كما في البحر. (قوله: أو أمةً مبوأةً) أي أسكنها المولى في بيت زوجها ولم يطلبها كما علمت. (قوله: و لو من فاسد) أي ولو كانت المدة من نكاح فاسد، وهذا مستفاد من قوله بأي فرقة كانت كما بيناه ح. (قوله: مكلفة) أخرج الصغيرة والمجنونة والكافرة. ففي البحر عن البدائع: أما الأوليان فلا يتعلق بهما شيء من أحكام التكاليف، وأما الكتابية فلأنها غير مخاطبة بحق الشرع، ولكن للزوج منع المجنونة والكتابية صيانة لمائه، وكذا إذا أسلم زوج المجوسية وأبت الإسلام. اهـ. وفيه عن المعراج وشرح النقاية: المراهقة كالبالغة في المنع من الخروج وكالكتابية في عدم وجوب الإحداد اهـ أي لاحتمال علوقها منه قبل الطلاق فله منعها تحصينا لمائه. (قوله: من بيتها) متعلق بقوله ولا تخرج، والمراد به ما يضاف إليها بالسكنى حال وقوع الفرقة والموت هداية، سواء كان مملوكاً للزوج، أو غيره، حتى لو كان غائبا، وهي في دار بأجرة قادرة على دفعها فليس لها أن تخرج بل تدفع وترجع إن كان بإذن الحاكم بحر وزيلعي. (قوله: أصلاً) تعميم لقوله: لاتخرج، وبينه بقوله: لا ليلاً ولا نهاراً. (قوله: فيها منازل لغيره) أي غير الزوج، بخلاف ما إذا كانت له فإن لها أن تخرج إليها وتبيت في أي منزل شاءت؛ لأنها تضاف إليها بالسكنى، زيلعي. (قوله: ولو بإذنه) تعميم أيضاً لقوله: ولاتخرج، حتى إن المطلقة رجعياً وإن كانت منكوحةً حكماً لاتخرج من بيت العدة. ولو بإذنه؛ لأن الحرمة بعد العدة حق الله تعالى فلايملكان إبطاله، بخلاف ما قبلها؛ لأنها حق الزوج فيملك إبطاله، بحر"".</span></p><p class=""indent"" style=""text-align:left;"">فقط واللہ اعلم</p></p><hr class=""big-hr""/><div class=""col-sm-6 col-md-6""><p class=""question_heading"" style=""color:#73161f"">فتویٰ نمبر : <a id=""fatwa_number"">144210200513</a></p></div><div class=""col-sm-6 col-md-6""><p style=""color:#73161f"">دارالافتاء :
                                جامعہ علوم اسلامیہ علامہ محمد یوسف بنوری ٹاؤن</p></div><hr class=""big-hr""/><div class=""col-sm-4 col-md-4""><div class=""tag""><a href=""https://www.banuri.edu.pk/questions/kitab/talaaq""><i class=""icon-docs-bold""></i> طلاق</a></div></div><div class=""col-sm-4 col-md-4""><div class=""tag""><a href=""https://www.banuri.edu.pk/questions/bab/iddat""><i class=""icon-docs-bold""></i> عدت</a></div></div><div class=""col-sm-4 col-md-4""><div class=""tag""><a href=""https://www.banuri.edu.pk/questions/fasal/iddat-men-ghar-se-baher-nikalna""><i class=""icon-docs-bold""></i> عدت میں گھر سے باہر نکلنا</a></div></div></div>"
https://www.banuri.edu.pk/readquestion/wiladat-k-bd-40-din-se-pehle-khoon-band-ho-gaya-144209201400/01-05-2021,ولادت کے بعد 40 دن سے پہلے خون بند ہوگیا,"<p><p style=""text-align:justify;"">بچی کی ولادت کے  34  دن ہوگئے عورت کو  24 دن خون آیا  تھا،  پھر 8 دن زرد  خون معمولی مقدار  میں کبھی کبھار ظاہر ہوتا رہا،  جب کہ کل جمعہ  سے خون اور زردی سب کچھ غائب ہے۔ جب کہ اس سے پہلے بچے  کی ولادت پر عورت کی عادت نفاس 36 ایام تھی ۔ اب نماز روزہ وغیرہ کا کیا حکم ہے؟</p></p>","<p><p style=""text-align:justify;"">ولادت کے بعد آنے والا خون   ولادت کے  چالیسویں دن  تک  اگر بند ہوجائے تو  یہ تمام ایام نفاس کے  شمار ہوتے ہیں، البتہ اگر آنے  والا خون چالیس دن سے متجاوز ہوجاتا ہے تو  اس صورت میں   گزشتہ  بچے  کی ولادت   کے بعد جتنے دن نفاس کا خون جاری رہا   تھا اتنے  دن  نفاس کے  شمار ہوں گے، جب کہ بقیہ ایام استحاضہ کے شمار ہوں گے۔</p><p style=""text-align:justify;"">پس   مسئولہ صورت میں  بتیسویں دن  اگر خون بند ہوگیا ہے تو  مذکورہ خاتون غسلِ  واجب ادا کرسکتی ہے،  چھتیس دن مکمل کرنا ضروری نہیں ، البتہ  چالیس دن مکمل ہونے تک اگر  دوبارہ خون جاری  ہو گیا اور  چالیسویں   دن تک بند ہوگیا تو  یہ تمام اَیام نفاس کے شمار ہوں  گے، اور اگر خون دوبارہ جاری ہوکر چالیس دن سے متجاوز ہوجائے تو 36   دن  نفاس   کے  شمار  ہوں  گے اور اس سے زائد ایام استحاضہ کے ہوں گے۔</p><p style=""text-align:justify;"">فتاوی ہندیہ میں ہے:</p><p class=""indent"" style=""text-align:justify;""><span class=""ar_writing"">""أقل النفاس ما يوجد ولو ساعة وعليه الفتوى وأكثره أربعون. كذا في السراجية. </span><span class=""ar_writing"">وإن زاد الدم على الأربعين فالأربعون في المبتدأة والمعروفة في المعتادة نفاس هكذا في المحيط. </span><span class=""ar_writing"">الطهر المتخلل في الأربعين بين الدمين نفاس عند أبي حنيفة - رحمه الله تعالى - وإن كان خمسة عشر يومًا فصاعدًا و عليه الفتوى.""</span></p><p class=""indent"" style=""text-align:left;""><span class=""ar_writing"">( كتاب الطهارة، الباب السادس في الدماء المختصة بالنساء، الفصل الثاني في النفاس، ١ / ٣٧، ط: دار الفكر)</span></p><p class=""indent"" style=""text-align:left;""> فقط واللہ اعلم</p></p><hr class=""big-hr""/>",01-05-2021,144209201400,banuri.edu.pk,طہارت,حیض، نفاس، استحاضہ,نفاس کی تعریف اور احکام,"<div class=""col-md-12 sawal-jawab""><h3 class=""question_heading"">سوال</h3><p><p style=""text-align:justify;"">بچی کی ولادت کے  34  دن ہوگئے عورت کو  24 دن خون آیا  تھا،  پھر 8 دن زرد  خون معمولی مقدار  میں کبھی کبھار ظاہر ہوتا رہا،  جب کہ کل جمعہ  سے خون اور زردی سب کچھ غائب ہے۔ جب کہ اس سے پہلے بچے  کی ولادت پر عورت کی عادت نفاس 36 ایام تھی ۔ اب نماز روزہ وغیرہ کا کیا حکم ہے؟</p></p><h4 class=""question_heading"">جواب</h4><p><p style=""text-align:justify;"">ولادت کے بعد آنے والا خون   ولادت کے  چالیسویں دن  تک  اگر بند ہوجائے تو  یہ تمام ایام نفاس کے  شمار ہوتے ہیں، البتہ اگر آنے  والا خون چالیس دن سے متجاوز ہوجاتا ہے تو  اس صورت میں   گزشتہ  بچے  کی ولادت   کے بعد جتنے دن نفاس کا خون جاری رہا   تھا اتنے  دن  نفاس کے  شمار ہوں گے، جب کہ بقیہ ایام استحاضہ کے شمار ہوں گے۔</p><p style=""text-align:justify;"">پس   مسئولہ صورت میں  بتیسویں دن  اگر خون بند ہوگیا ہے تو  مذکورہ خاتون غسلِ  واجب ادا کرسکتی ہے،  چھتیس دن مکمل کرنا ضروری نہیں ، البتہ  چالیس دن مکمل ہونے تک اگر  دوبارہ خون جاری  ہو گیا اور  چالیسویں   دن تک بند ہوگیا تو  یہ تمام اَیام نفاس کے شمار ہوں  گے، اور اگر خون دوبارہ جاری ہوکر چالیس دن سے متجاوز ہوجائے تو 36   دن  نفاس   کے  شمار  ہوں  گے اور اس سے زائد ایام استحاضہ کے ہوں گے۔</p><p style=""text-align:justify;"">فتاوی ہندیہ میں ہے:</p><p class=""indent"" style=""text-align:justify;""><span class=""ar_writing"">""أقل النفاس ما يوجد ولو ساعة وعليه الفتوى وأكثره أربعون. كذا في السراجية. </span><span class=""ar_writing"">وإن زاد الدم على الأربعين فالأربعون في المبتدأة والمعروفة في المعتادة نفاس هكذا في المحيط. </span><span class=""ar_writing"">الطهر المتخلل في الأربعين بين الدمين نفاس عند أبي حنيفة - رحمه الله تعالى - وإن كان خمسة عشر يومًا فصاعدًا و عليه الفتوى.""</span></p><p class=""indent"" style=""text-align:left;""><span class=""ar_writing"">( كتاب الطهارة، الباب السادس في الدماء المختصة بالنساء، الفصل الثاني في النفاس، ١ / ٣٧، ط: دار الفكر)</span></p><p class=""indent"" style=""text-align:left;""> فقط واللہ اعلم</p></p><hr class=""big-hr""/><div class=""col-sm-6 col-md-6""><p class=""question_heading"" style=""color:#73161f"">فتویٰ نمبر : <a id=""fatwa_number"">144209201400</a></p></div><div class=""col-sm-6 col-md-6""><p style=""color:#73161f"">دارالافتاء :
                                جامعہ علوم اسلامیہ علامہ محمد یوسف بنوری ٹاؤن</p></div><hr class=""big-hr""/><div class=""col-sm-4 col-md-4""><div class=""tag""><a href=""https://www.banuri.edu.pk/questions/kitab/taharat""><i class=""icon-docs-bold""></i> طہارت</a></div></div><div class=""col-sm-4 col-md-4""><div class=""tag""><a href=""https://www.banuri.edu.pk/questions/bab/hayz-nifas-istihaza""><i class=""icon-docs-bold""></i> حیض، نفاس، استحاضہ</a></div></div><div class=""col-sm-4 col-md-4""><div class=""tag""><a href=""https://www.banuri.edu.pk/questions/fasal/nifaas-ki-tareef-aur-ahkaam""><i class=""icon-docs-bold""></i> نفاس کی تعریف اور احکام</a></div></div></div>"
https://www.banuri.edu.pk/readquestion/emam-ka-pankhy-ya-koolar-ki-waja-sy-saf-ky-dayn-ya-bayn-khara-ho-na-144212201343/27-07-2021,امام کا پنکھے یا کولر کی وجہ سے  صف کے دائیں یا بائیں سمت کھڑا ہونا,"<p><p style=""text-align:justify;""> مسجد میں امام کا اپنے مصلیٰ کوجو صف کے وسط میں محراب کے سامنے ہوتا ہے، اسے پنکھے یا کولر کی ہوا کی خاطردائیں یا بائیں جانب کرنا کیسا ہے؟ کیا ایسا کرنے میں کوئی شرعی قباحت ہے؟ </p></p>","<p><p style=""text-align:justify;""><span class=""ur_writing"">امام کو صفوں کے    درمیان  والی جہت میں ہی کھڑا ہونا چاہیے ،پنکھے یا کولر وغیرہ کی خاطر درمیان کو چھوڑ کر دائیں یا بائیں کھڑا ہونا خلافِ  سنت  ہے،اگر مسجد  میں گرمی ہو تو انتظامیہ کو چاہیے کہ وہ محراب کی  سیدھ میں صفوں کے درمیان والی جہت میں ہی امام کے لیے پنکھے وغیرہ کا انتظام کرے ۔</span></p><p style=""text-align:justify;""><span class=""ar_writing"">وفي الفتاوى الهندية:</span></p><p class=""indent"" style=""text-align:justify;""><span class=""ar_writing"">""و ينبغي للإمام أن يقف بإزاء الوسط فإن وقف في ميمنة الوسط أو في ميسرته فقد أساء لمخالفة السنة، هكذا في التبيين. و ينبغي أن يكون بحذاء الإمام من هو أفضل.""</span></p><p class=""indent"" style=""text-align:left;""><span class=""ar_writing"">(1/ 89ط:دار الفكر)</span></p><p style=""text-align:justify;""><span class=""ar_writing"">وفي الدر المختار وحاشية ابن عابدين :</span></p><p class=""indent"" style=""text-align:justify;""><span class=""ar_writing"">’’قلت: أي لأن المحراب إنما بني علامة لمحل قيام الإمام ليكون قيامه وسط الصف كما هو السنة، لا لأن يقوم في داخله، فهو وإن كان من بقاع المسجد لكن أشبه مكاناً آخر، فأورث الكراهة، و لايخفى حسن هذا الكلام، فافهم، لكن تقدم أن التشبه إنما يكره في المذموم وفيما قصد به التشبه لا مطلقاً، ولعل هذا من المذموم تأمل. هذا وفي حاشية البحر للرملي: الذي يظهر من كلامهم أنها كراهة تنزيه، تأمل اهـ[تنبيه]</span><br/><span class=""ar_writing"">في معراج الدراية من باب الإمامة: الأصح ما روي عن أبي حنيفة أنه قال: أكره للإمام أن يقوم بين الساريتين أو زاوية أو ناحية المسجد أو إلى سارية لأنه بخلاف عمل الأمة. اهـ. وفيه أيضًا: السنة أن يقوم الإمام إزاء وسط الصف، ألا ترى أن المحاريب ما نصبت إلا وسط المساجد وهي قد عينت لمقام الإمام. اهـ. وفي التتارخانية: ويكره أن يقوم في غير المحراب إلا لضرورة اهـ ومقتضاه أن الإمام لو ترك المحراب وقام في غيره يكره ولو كان قيامه وسط الصف لأنه خلاف عمل الأمة، وهو ظاهر في الإمام الراتب دون غيره والمنفرد، فاغتنم هذه الفائدة فإنه وقع السؤال عنها ولم يوجد نص فيها‘‘.</span></p><p class=""indent"" style=""text-align:left;""><span class=""ar_writing"">(رد المحتار1/ 646ط:سعيد)</span></p><p class=""indent"" dir=""rtl"" style=""text-align:left;"">فقط واللہ اعلم</p></p><hr class=""big-hr""/>",27-07-2021,144212201343,banuri.edu.pk,نماز,امامت کا بیان,امام کے اوصاف,"<div class=""col-md-12 sawal-jawab""><h3 class=""question_heading"">سوال</h3><p><p style=""text-align:justify;""> مسجد میں امام کا اپنے مصلیٰ کوجو صف کے وسط میں محراب کے سامنے ہوتا ہے، اسے پنکھے یا کولر کی ہوا کی خاطردائیں یا بائیں جانب کرنا کیسا ہے؟ کیا ایسا کرنے میں کوئی شرعی قباحت ہے؟ </p></p><h4 class=""question_heading"">جواب</h4><p><p style=""text-align:justify;""><span class=""ur_writing"">امام کو صفوں کے    درمیان  والی جہت میں ہی کھڑا ہونا چاہیے ،پنکھے یا کولر وغیرہ کی خاطر درمیان کو چھوڑ کر دائیں یا بائیں کھڑا ہونا خلافِ  سنت  ہے،اگر مسجد  میں گرمی ہو تو انتظامیہ کو چاہیے کہ وہ محراب کی  سیدھ میں صفوں کے درمیان والی جہت میں ہی امام کے لیے پنکھے وغیرہ کا انتظام کرے ۔</span></p><p style=""text-align:justify;""><span class=""ar_writing"">وفي الفتاوى الهندية:</span></p><p class=""indent"" style=""text-align:justify;""><span class=""ar_writing"">""و ينبغي للإمام أن يقف بإزاء الوسط فإن وقف في ميمنة الوسط أو في ميسرته فقد أساء لمخالفة السنة، هكذا في التبيين. و ينبغي أن يكون بحذاء الإمام من هو أفضل.""</span></p><p class=""indent"" style=""text-align:left;""><span class=""ar_writing"">(1/ 89ط:دار الفكر)</span></p><p style=""text-align:justify;""><span class=""ar_writing"">وفي الدر المختار وحاشية ابن عابدين :</span></p><p class=""indent"" style=""text-align:justify;""><span class=""ar_writing"">’’قلت: أي لأن المحراب إنما بني علامة لمحل قيام الإمام ليكون قيامه وسط الصف كما هو السنة، لا لأن يقوم في داخله، فهو وإن كان من بقاع المسجد لكن أشبه مكاناً آخر، فأورث الكراهة، و لايخفى حسن هذا الكلام، فافهم، لكن تقدم أن التشبه إنما يكره في المذموم وفيما قصد به التشبه لا مطلقاً، ولعل هذا من المذموم تأمل. هذا وفي حاشية البحر للرملي: الذي يظهر من كلامهم أنها كراهة تنزيه، تأمل اهـ[تنبيه]</span><br/><span class=""ar_writing"">في معراج الدراية من باب الإمامة: الأصح ما روي عن أبي حنيفة أنه قال: أكره للإمام أن يقوم بين الساريتين أو زاوية أو ناحية المسجد أو إلى سارية لأنه بخلاف عمل الأمة. اهـ. وفيه أيضًا: السنة أن يقوم الإمام إزاء وسط الصف، ألا ترى أن المحاريب ما نصبت إلا وسط المساجد وهي قد عينت لمقام الإمام. اهـ. وفي التتارخانية: ويكره أن يقوم في غير المحراب إلا لضرورة اهـ ومقتضاه أن الإمام لو ترك المحراب وقام في غيره يكره ولو كان قيامه وسط الصف لأنه خلاف عمل الأمة، وهو ظاهر في الإمام الراتب دون غيره والمنفرد، فاغتنم هذه الفائدة فإنه وقع السؤال عنها ولم يوجد نص فيها‘‘.</span></p><p class=""indent"" style=""text-align:left;""><span class=""ar_writing"">(رد المحتار1/ 646ط:سعيد)</span></p><p class=""indent"" dir=""rtl"" style=""text-align:left;"">فقط واللہ اعلم</p></p><hr class=""big-hr""/><div class=""col-sm-6 col-md-6""><p class=""question_heading"" style=""color:#73161f"">فتویٰ نمبر : <a id=""fatwa_number"">144212201343</a></p></div><div class=""col-sm-6 col-md-6""><p style=""color:#73161f"">دارالافتاء :
                                جامعہ علوم اسلامیہ علامہ محمد یوسف بنوری ٹاؤن</p></div><hr class=""big-hr""/><div class=""col-sm-4 col-md-4""><div class=""tag""><a href=""https://www.banuri.edu.pk/questions/kitab/salat""><i class=""icon-docs-bold""></i> نماز</a></div></div><div class=""col-sm-4 col-md-4""><div class=""tag""><a href=""https://www.banuri.edu.pk/questions/bab/imamat""><i class=""icon-docs-bold""></i> امامت کا بیان</a></div></div><div class=""col-sm-4 col-md-4""><div class=""tag""><a href=""https://www.banuri.edu.pk/questions/fasal/imam-ke-awsaaf""><i class=""icon-docs-bold""></i> امام کے اوصاف</a></div></div></div>"
https://www.banuri.edu.pk/readquestion/azan-or-iqamt-kay-darmiyn-ayk-makhsos-dua-ki-fazilt-say-mutaalliq-hadis-144212201374/27-07-2021,اذان اور اقامت کے درمیان ایک مخصوص دعا کی فضیلت سے متعلق حدیث,"<p><p style=""text-align:justify;""><span class=""ur_writing"">مندرجہ ذیل حدیث کی اِسنادی حیثیت کی بابت دریافت کرنا ہےکہ آیا یہ حدیث مستند ہے یا نہیں؟</span></p><p class=""indent"" style=""text-align:justify;""><span class=""ur_writing"">""اللہ کے نبی ﷺنے فرمایا: جوبندہ اذان اور اقامت کے درمیان یہ دعا پڑھ لے (جو دس پندرہ منٹ کا وقفہ ہوتا ہےاس وقفہ میں )</span><span class=""qr_writing"">اَللهُمَّ اِنِّی اَسْئَلُكَ الْعَفْوَ وَالْعَافِیَةَ فِي الدُّنْیَا وَالْاٰخِرَةِ</span><span class=""ur_writing"">۔ اس کو اللہ چار انعام دیں گے:</span></p><p class=""indent"" style=""text-align:justify;""><span class=""ur_writing"">(۱)اللہ تعالٰی اسے ایسی بیماری نہیں لگنے دے گا جس سے موت آ جائے،یعنی خطرناک بیماری سے محفوظ رہے گا۔</span></p><p class=""indent"" style=""text-align:justify;""><span class=""ur_writing"">(۲)اللہ تعالٰی اس کو تنہائی کے گناہ سے بچائے گا۔</span></p><p class=""indent"" style=""text-align:justify;""><span class=""ur_writing"">(۳)اللہ تعالٰی اس کو ظالموں سے دور رکھے گا۔</span></p><p class=""indent"" style=""text-align:justify;""><span class=""ur_writing"">(۴)اللہ تعالٰی اس کو بغیر محنت کے آسان روزی عطا فرمائے گا۔""</span></p></p>","<p><p style=""text-align:justify;""><span class=""ur_writing"">صحیح احادیثِ  مبارکہ میں اذان اور اقامت کے درميان  دعا کی فضیلت بیان ہوئی ہے کہ اذان اور اقامت کے درمیان  کی جانے والی دعا رد نہیں ہوتی،  بعض  روایت  میں یہ اضافہ بھی  ہے کہ  جناب رسول اللہ صلی اللہ علیہ وسلم نے جب صحابہ کرام رضی اللہ عنہم اجمعین  کے  سامنے یہ فضیلت بیان فرمائی، تو صحابہ کرام نے دریافت فرمایا کہ: ہم اس وقت کیا دعا مانگیں؟ آپ علیہ الصلاة  و السلام  نے فرمایا:   اللہ تعالی سے اس وقت معافی اور عافیت مانگو۔</span></p><p style=""text-align:justify;""><span class=""ur_writing"">البتہ سوال میں مذکور روایت جس میں چار انعامات کا ذکر ہے  وہ کتب حدیث میں نہیں ملی۔</span></p><p style=""text-align:justify;""><span class=""ur_writing"">اس لیے اذان واقامت کے درمیان </span><span class=""qr_writing"">(<span style=""text-align:justify;"">اَللّٰهُمَّ  إِنِّی اَسْئَلُكَ الْعَفْوَ وَالْعَافِیَةَ فِي الدُّنْیَا وَالْاٰخِرَةِ</span>)</span><span class=""ur_writing"">  پڑھنے کو بتانا  جائز ہے، لیکن اس کے ساتھ وہ چار انعامات  بیان کرنا جائز نہیں۔</span></p><p class=""indent"" style=""text-align:justify;""><span class=""ar_writing"">""عن أنس بن مالك قال: قال رسول الله صلى الله عليه وسلم: ""الدعاء بين الأذان و الإقامة لايرد؛ فادعوا"".</span></p><p class=""indent"" dir=""rtl"" style=""text-align:left;""><span class=""ar_writing"">(أخرجه ابن خزيمة في صحيحه في  باب استحباب الدعاء بين الأذان والإقامة (1/ 251) برقم (425)،ط.  المكتب الإسلامي، الطبعة: الثالثة، 1424 هـ - 2003 م)</span></p><p class=""indent"" style=""text-align:justify;""><span class=""ur_writing""> ترجمہ:’’ حضرت انس بن مالک رضی اللہ عنہ سے روایت ہے کہ رسول اللہ صلي الله عليه وسلم نے فرمایا: اذان اور اقامت کے درمیان دعا قبول ہوتی ہے پس اس وقت دعا کيا كرو۔‘‘</span></p><p class=""indent"" style=""text-align:justify;""><span class=""ar_writing"">""عن أنس بن مالك، قال: قال رسول الله صلى الله عليه وسلم: «الدعاء لايرد بين الأذان والإقامة»، قالوا: فماذا نقول يا رسول الله؟ قال: «سلوا الله العافية في الدنيا والآخرة»: «هذا حديث حسن» وقد زاد يحيى بن اليمان في هذا الحديث هذا الحرف، قالوا: فماذا نقول؟ قال: «سلوا الله العافية في الدنيا والآخرة».""</span></p><p class=""indent"" dir=""rtl"" style=""text-align:left;""><span class=""ar_writing"">(أخرجه الترمذي في سننه في باب في العفو والعافية (5/ 576) برقم (3594)،ط. شركة مكتبة ومطبعة مصطفى البابي الحلبي - مصر، الطبعة: الثانية، 1395 هـ - 1975 م)</span></p><p class=""indent"" style=""text-align:justify;""><span class=""ur_writing""> ترجمہ:’’ حضرت انس بن مالک رضی اللہ عنہ سے روایت ہے کہ رسول اللہ صلی اللہ علیہ وسلم  نے فرمایا کہ:  اذان اور اقامت کے درمیان دعا رد نہیں ہوتی تو صحابہ  کرام رضوان اللہ علیہم اجمعین نے عرض کیا کہ اے اللہ کے رسول! ہم اس وقت کیا دعا کریں تو آپ صلی اللہ علیہ وسلم نے ارشاد فرمایا  کہ: اللہ سے معافی اور عافیت مانگو۔</span></p><p style=""text-align:justify;""><span class=""ur_writing"">مرعاة المفاتیح میں ہے:</span></p><p class=""indent"" style=""text-align:justify;""><span class=""ar_writing"">""و قد ورد تعيين أدعية تقال حال الأذان و بعده، و هو ما بين الأذان و الإقامة، منها ما تقدم، و منها ما سيأتي. و قد عين صلى الله عليه وسلم ما يدعى به أيضاً لما قال: الدعاء بين الأذان و الإقامة لايرد، قالوا: فما نقول يا رسول الله؟ قال: سلوا الله العفو و العافية في الدنيا و الآخرة. قال ابن القيم: هو حديث صحيح.""</span></p><p class=""indent"" dir=""rtl"" style=""text-align:left;""><span class=""ar_writing"">(مرعاة المفاتیح شرح مشکاة المصابیح: باب فضل الأذان وإجابة المؤذن (2/ 377)،ط.</span><span style=""font-family:arabic_font;""><span style=""font-size:23px;"">إدارة البحوث العلمية والدعوة والإفتاء، بنارس الهند،</span></span><span style=""font-family:arabic_font;""><span style=""font-size:23px;"">الطبعة: الثالثة - 1404 هـ، 1984 م)</span></span></p><p class=""indent"" dir=""ltr"" style=""text-align:justify;""><span style=""font-family:Nafees;""><span style=""font-size:17px;"">فقط واللہ اعلم</span></span></p></p><hr class=""big-hr""/>",27-07-2021,144212201374,banuri.edu.pk,علوم و فنون,حدیث و سنت,موضوع احادیث,"<div class=""col-md-12 sawal-jawab""><h3 class=""question_heading"">سوال</h3><p><p style=""text-align:justify;""><span class=""ur_writing"">مندرجہ ذیل حدیث کی اِسنادی حیثیت کی بابت دریافت کرنا ہےکہ آیا یہ حدیث مستند ہے یا نہیں؟</span></p><p class=""indent"" style=""text-align:justify;""><span class=""ur_writing"">""اللہ کے نبی ﷺنے فرمایا: جوبندہ اذان اور اقامت کے درمیان یہ دعا پڑھ لے (جو دس پندرہ منٹ کا وقفہ ہوتا ہےاس وقفہ میں )</span><span class=""qr_writing"">اَللهُمَّ اِنِّی اَسْئَلُكَ الْعَفْوَ وَالْعَافِیَةَ فِي الدُّنْیَا وَالْاٰخِرَةِ</span><span class=""ur_writing"">۔ اس کو اللہ چار انعام دیں گے:</span></p><p class=""indent"" style=""text-align:justify;""><span class=""ur_writing"">(۱)اللہ تعالٰی اسے ایسی بیماری نہیں لگنے دے گا جس سے موت آ جائے،یعنی خطرناک بیماری سے محفوظ رہے گا۔</span></p><p class=""indent"" style=""text-align:justify;""><span class=""ur_writing"">(۲)اللہ تعالٰی اس کو تنہائی کے گناہ سے بچائے گا۔</span></p><p class=""indent"" style=""text-align:justify;""><span class=""ur_writing"">(۳)اللہ تعالٰی اس کو ظالموں سے دور رکھے گا۔</span></p><p class=""indent"" style=""text-align:justify;""><span class=""ur_writing"">(۴)اللہ تعالٰی اس کو بغیر محنت کے آسان روزی عطا فرمائے گا۔""</span></p></p><h4 class=""question_heading"">جواب</h4><p><p style=""text-align:justify;""><span class=""ur_writing"">صحیح احادیثِ  مبارکہ میں اذان اور اقامت کے درميان  دعا کی فضیلت بیان ہوئی ہے کہ اذان اور اقامت کے درمیان  کی جانے والی دعا رد نہیں ہوتی،  بعض  روایت  میں یہ اضافہ بھی  ہے کہ  جناب رسول اللہ صلی اللہ علیہ وسلم نے جب صحابہ کرام رضی اللہ عنہم اجمعین  کے  سامنے یہ فضیلت بیان فرمائی، تو صحابہ کرام نے دریافت فرمایا کہ: ہم اس وقت کیا دعا مانگیں؟ آپ علیہ الصلاة  و السلام  نے فرمایا:   اللہ تعالی سے اس وقت معافی اور عافیت مانگو۔</span></p><p style=""text-align:justify;""><span class=""ur_writing"">البتہ سوال میں مذکور روایت جس میں چار انعامات کا ذکر ہے  وہ کتب حدیث میں نہیں ملی۔</span></p><p style=""text-align:justify;""><span class=""ur_writing"">اس لیے اذان واقامت کے درمیان </span><span class=""qr_writing"">(<span style=""text-align:justify;"">اَللّٰهُمَّ  إِنِّی اَسْئَلُكَ الْعَفْوَ وَالْعَافِیَةَ فِي الدُّنْیَا وَالْاٰخِرَةِ</span>)</span><span class=""ur_writing"">  پڑھنے کو بتانا  جائز ہے، لیکن اس کے ساتھ وہ چار انعامات  بیان کرنا جائز نہیں۔</span></p><p class=""indent"" style=""text-align:justify;""><span class=""ar_writing"">""عن أنس بن مالك قال: قال رسول الله صلى الله عليه وسلم: ""الدعاء بين الأذان و الإقامة لايرد؛ فادعوا"".</span></p><p class=""indent"" dir=""rtl"" style=""text-align:left;""><span class=""ar_writing"">(أخرجه ابن خزيمة في صحيحه في  باب استحباب الدعاء بين الأذان والإقامة (1/ 251) برقم (425)،ط.  المكتب الإسلامي، الطبعة: الثالثة، 1424 هـ - 2003 م)</span></p><p class=""indent"" style=""text-align:justify;""><span class=""ur_writing""> ترجمہ:’’ حضرت انس بن مالک رضی اللہ عنہ سے روایت ہے کہ رسول اللہ صلي الله عليه وسلم نے فرمایا: اذان اور اقامت کے درمیان دعا قبول ہوتی ہے پس اس وقت دعا کيا كرو۔‘‘</span></p><p class=""indent"" style=""text-align:justify;""><span class=""ar_writing"">""عن أنس بن مالك، قال: قال رسول الله صلى الله عليه وسلم: «الدعاء لايرد بين الأذان والإقامة»، قالوا: فماذا نقول يا رسول الله؟ قال: «سلوا الله العافية في الدنيا والآخرة»: «هذا حديث حسن» وقد زاد يحيى بن اليمان في هذا الحديث هذا الحرف، قالوا: فماذا نقول؟ قال: «سلوا الله العافية في الدنيا والآخرة».""</span></p><p class=""indent"" dir=""rtl"" style=""text-align:left;""><span class=""ar_writing"">(أخرجه الترمذي في سننه في باب في العفو والعافية (5/ 576) برقم (3594)،ط. شركة مكتبة ومطبعة مصطفى البابي الحلبي - مصر، الطبعة: الثانية، 1395 هـ - 1975 م)</span></p><p class=""indent"" style=""text-align:justify;""><span class=""ur_writing""> ترجمہ:’’ حضرت انس بن مالک رضی اللہ عنہ سے روایت ہے کہ رسول اللہ صلی اللہ علیہ وسلم  نے فرمایا کہ:  اذان اور اقامت کے درمیان دعا رد نہیں ہوتی تو صحابہ  کرام رضوان اللہ علیہم اجمعین نے عرض کیا کہ اے اللہ کے رسول! ہم اس وقت کیا دعا کریں تو آپ صلی اللہ علیہ وسلم نے ارشاد فرمایا  کہ: اللہ سے معافی اور عافیت مانگو۔</span></p><p style=""text-align:justify;""><span class=""ur_writing"">مرعاة المفاتیح میں ہے:</span></p><p class=""indent"" style=""text-align:justify;""><span class=""ar_writing"">""و قد ورد تعيين أدعية تقال حال الأذان و بعده، و هو ما بين الأذان و الإقامة، منها ما تقدم، و منها ما سيأتي. و قد عين صلى الله عليه وسلم ما يدعى به أيضاً لما قال: الدعاء بين الأذان و الإقامة لايرد، قالوا: فما نقول يا رسول الله؟ قال: سلوا الله العفو و العافية في الدنيا و الآخرة. قال ابن القيم: هو حديث صحيح.""</span></p><p class=""indent"" dir=""rtl"" style=""text-align:left;""><span class=""ar_writing"">(مرعاة المفاتیح شرح مشکاة المصابیح: باب فضل الأذان وإجابة المؤذن (2/ 377)،ط.</span><span style=""font-family:arabic_font;""><span style=""font-size:23px;"">إدارة البحوث العلمية والدعوة والإفتاء، بنارس الهند،</span></span><span style=""font-family:arabic_font;""><span style=""font-size:23px;"">الطبعة: الثالثة - 1404 هـ، 1984 م)</span></span></p><p class=""indent"" dir=""ltr"" style=""text-align:justify;""><span style=""font-family:Nafees;""><span style=""font-size:17px;"">فقط واللہ اعلم</span></span></p></p><hr class=""big-hr""/><div class=""col-sm-6 col-md-6""><p class=""question_heading"" style=""color:#73161f"">فتویٰ نمبر : <a id=""fatwa_number"">144212201374</a></p></div><div class=""col-sm-6 col-md-6""><p style=""color:#73161f"">دارالافتاء :
                                جامعہ علوم اسلامیہ علامہ محمد یوسف بنوری ٹاؤن</p></div><hr class=""big-hr""/><div class=""col-sm-4 col-md-4""><div class=""tag""><a href=""https://www.banuri.edu.pk/questions/kitab/uloom-funoon""><i class=""icon-docs-bold""></i> علوم و فنون</a></div></div><div class=""col-sm-4 col-md-4""><div class=""tag""><a href=""https://www.banuri.edu.pk/questions/bab/hadees-sunnat""><i class=""icon-docs-bold""></i> حدیث و سنت</a></div></div><div class=""col-sm-4 col-md-4""><div class=""tag""><a href=""https://www.banuri.edu.pk/questions/fasal/mozoo-ahadees""><i class=""icon-docs-bold""></i> موضوع احادیث</a></div></div></div>"
https://www.banuri.edu.pk/readquestion/chachi-ko-najaiz-choonay-k-bad-uski-bhatiji-se-nikah-144212201594/30-07-2021,چچی کو ناجائز چھونے کے بعد اس کی بھتیجی سے نکاح,"<p><p style=""text-align:justify;""> اگر ایک شخص اپنی چاچی کو غلط نظر سے دیکھتا تھا اور شہوت  سے چاچی کا ننگا جسم بھی چھو لیا، نعوذبااللہ،  چاچی کا ننگا جسم بھی دیکھا،  پھر یہ بندہ دین سے واقف ہوا تو   ان حرکات سے توبہ کرلی،اب اسی چاچی نے اس بندے کا رشتہ اپنی بھتیجی یعنی بھائی کی بیٹی سے کروا دیا تو یہ نکاح درست ہے یا نہیں؟</p></p>","<p><p style=""text-align:justify;"">صورتِ  مسئولہ  میں مذکورہ  رشتہ  درست ہے۔ مذکورہ شخص کی توبہ کی تکمیل کا حصہ ہے کہ اپنی مذکورہ چچی سے پردے کا اہتمام کرے، اور شدید ضرورت کے بغیر رابطہ نہ  کرے، خواہ اس کا رشتہ اس چچی کی بھتیجی سے ہوجائے۔</p><p style=""text-align:justify;""><span class=""ar_writing"">الدر المختار وحاشية ابن عابدين (رد المحتار) (3/ 32):</span></p><p class=""indent"" style=""text-align:justify;""><span class=""ar_writing"">""(قوله: و حرم أيضًا بالصهرية أصل مزنيته) قال في البحر: أراد بحرمة المصاهرة الحرمات الأربع حرمة المرأة على أصول الزاني و فروعه نسبًا و رضاعًا و حرمة أصولها و فروعها على الزاني نسبًا و رضاعًا كما في الوطء الحلال و يحل لأصول الزاني و فروعه أصول المزني بها و فروعها. اهـ.""</span></p><p class=""indent"" style=""text-align:left;"">فقط واللہ اعلم</p></p><hr class=""big-hr""/>",30-07-2021,144212201594,banuri.edu.pk,نکاح,محرمات و غیر محرمات,غیر محرمات,"<div class=""col-md-12 sawal-jawab""><h3 class=""question_heading"">سوال</h3><p><p style=""text-align:justify;""> اگر ایک شخص اپنی چاچی کو غلط نظر سے دیکھتا تھا اور شہوت  سے چاچی کا ننگا جسم بھی چھو لیا، نعوذبااللہ،  چاچی کا ننگا جسم بھی دیکھا،  پھر یہ بندہ دین سے واقف ہوا تو   ان حرکات سے توبہ کرلی،اب اسی چاچی نے اس بندے کا رشتہ اپنی بھتیجی یعنی بھائی کی بیٹی سے کروا دیا تو یہ نکاح درست ہے یا نہیں؟</p></p><h4 class=""question_heading"">جواب</h4><p><p style=""text-align:justify;"">صورتِ  مسئولہ  میں مذکورہ  رشتہ  درست ہے۔ مذکورہ شخص کی توبہ کی تکمیل کا حصہ ہے کہ اپنی مذکورہ چچی سے پردے کا اہتمام کرے، اور شدید ضرورت کے بغیر رابطہ نہ  کرے، خواہ اس کا رشتہ اس چچی کی بھتیجی سے ہوجائے۔</p><p style=""text-align:justify;""><span class=""ar_writing"">الدر المختار وحاشية ابن عابدين (رد المحتار) (3/ 32):</span></p><p class=""indent"" style=""text-align:justify;""><span class=""ar_writing"">""(قوله: و حرم أيضًا بالصهرية أصل مزنيته) قال في البحر: أراد بحرمة المصاهرة الحرمات الأربع حرمة المرأة على أصول الزاني و فروعه نسبًا و رضاعًا و حرمة أصولها و فروعها على الزاني نسبًا و رضاعًا كما في الوطء الحلال و يحل لأصول الزاني و فروعه أصول المزني بها و فروعها. اهـ.""</span></p><p class=""indent"" style=""text-align:left;"">فقط واللہ اعلم</p></p><hr class=""big-hr""/><div class=""col-sm-6 col-md-6""><p class=""question_heading"" style=""color:#73161f"">فتویٰ نمبر : <a id=""fatwa_number"">144212201594</a></p></div><div class=""col-sm-6 col-md-6""><p style=""color:#73161f"">دارالافتاء :
                                جامعہ علوم اسلامیہ علامہ محمد یوسف بنوری ٹاؤن</p></div><hr class=""big-hr""/><div class=""col-sm-4 col-md-4""><div class=""tag""><a href=""https://www.banuri.edu.pk/questions/kitab/nikah""><i class=""icon-docs-bold""></i> نکاح</a></div></div><div class=""col-sm-4 col-md-4""><div class=""tag""><a href=""https://www.banuri.edu.pk/questions/bab/muharramat-o-gher-muharramat""><i class=""icon-docs-bold""></i> محرمات و غیر محرمات</a></div></div><div class=""col-sm-4 col-md-4""><div class=""tag""><a href=""https://www.banuri.edu.pk/questions/fasal/gher-muharramat""><i class=""icon-docs-bold""></i> غیر محرمات</a></div></div></div>"
https://www.banuri.edu.pk/readquestion/waleemay-ki-dawat-main-larki-walo-ko-mezbani-main-shareeek-karna-144212201595/30-07-2021,ولیمے کی دعوت میں لڑکی والوں کو میزبانی میں شریک  کرنا,"<p><p style=""text-align:justify;""> ایک لڑکی کا نکاح اور رخصتی سادگی  سے ہوگئی ہے۔ اب لڑکے والے یہ کہہ رہے ہیں کہ  ولیمے کی تقریب لڑکی اور لڑکے والے مل کر کرلیں۔جس کے اخراجات کو بھی آپس میں تقسیم کرلیا جائے، کیا ایسا کرنا ٹھیک ہے؟ یا ولیمہ صرف لڑکے ہی کی طرف سے ہونا چاہیے؟</p></p>","<p><p style=""text-align:justify;"">رخصتی کے بعد ولیمہ کرنے کا حکم مرد کو ہے لڑکی والوں کو نہیں؛ اس لیے ولیمہ کرنے کی ذمہ داری فقط لڑکے والوں پر پڑتی ہے، تاہم باہمی رضامندی سے دونوں خاندان رخصتی کے بعد ولیمہ کرتے ہوئے  اکٹھی ضیافت رکھیں تو یہ جائزہے۔</p><p style=""text-align:justify;""><span class=""ar_writing"">مرقاة المفاتيح شرح مشكاة المصابيح (10/ 155):</span></p><p class=""indent"" style=""text-align:justify;""><span class=""ar_writing"">""أولم ولو بشاة أي اتخذ وليمة قال ابن الملك تمسك بظاهره من ذهب إلى إيجابها و الأكثر على أن الأمر للندب قيل: إنها تكون بعد الدخول و قيل: عند العقد و قيل: عندهما و استحب أصحاب مالك أن تكون سبعة أيام و المختار أنه على قدر حال الزوج.""</span></p><p class=""indent"" style=""text-align:left;"">فقط واللہ اعلم</p></p><hr class=""big-hr""/>",30-07-2021,144212201595,banuri.edu.pk,حقوق و آدابِ معاشرت,آدابِ معاشرت,ضیافت کے احکام,"<div class=""col-md-12 sawal-jawab""><h3 class=""question_heading"">سوال</h3><p><p style=""text-align:justify;""> ایک لڑکی کا نکاح اور رخصتی سادگی  سے ہوگئی ہے۔ اب لڑکے والے یہ کہہ رہے ہیں کہ  ولیمے کی تقریب لڑکی اور لڑکے والے مل کر کرلیں۔جس کے اخراجات کو بھی آپس میں تقسیم کرلیا جائے، کیا ایسا کرنا ٹھیک ہے؟ یا ولیمہ صرف لڑکے ہی کی طرف سے ہونا چاہیے؟</p></p><h4 class=""question_heading"">جواب</h4><p><p style=""text-align:justify;"">رخصتی کے بعد ولیمہ کرنے کا حکم مرد کو ہے لڑکی والوں کو نہیں؛ اس لیے ولیمہ کرنے کی ذمہ داری فقط لڑکے والوں پر پڑتی ہے، تاہم باہمی رضامندی سے دونوں خاندان رخصتی کے بعد ولیمہ کرتے ہوئے  اکٹھی ضیافت رکھیں تو یہ جائزہے۔</p><p style=""text-align:justify;""><span class=""ar_writing"">مرقاة المفاتيح شرح مشكاة المصابيح (10/ 155):</span></p><p class=""indent"" style=""text-align:justify;""><span class=""ar_writing"">""أولم ولو بشاة أي اتخذ وليمة قال ابن الملك تمسك بظاهره من ذهب إلى إيجابها و الأكثر على أن الأمر للندب قيل: إنها تكون بعد الدخول و قيل: عند العقد و قيل: عندهما و استحب أصحاب مالك أن تكون سبعة أيام و المختار أنه على قدر حال الزوج.""</span></p><p class=""indent"" style=""text-align:left;"">فقط واللہ اعلم</p></p><hr class=""big-hr""/><div class=""col-sm-6 col-md-6""><p class=""question_heading"" style=""color:#73161f"">فتویٰ نمبر : <a id=""fatwa_number"">144212201595</a></p></div><div class=""col-sm-6 col-md-6""><p style=""color:#73161f"">دارالافتاء :
                                جامعہ علوم اسلامیہ علامہ محمد یوسف بنوری ٹاؤن</p></div><hr class=""big-hr""/><div class=""col-sm-4 col-md-4""><div class=""tag""><a href=""https://www.banuri.edu.pk/questions/kitab/huqooq-muashret""><i class=""icon-docs-bold""></i> حقوق و آدابِ معاشرت</a></div></div><div class=""col-sm-4 col-md-4""><div class=""tag""><a href=""https://www.banuri.edu.pk/questions/bab/akhlaq-aadab""><i class=""icon-docs-bold""></i> آدابِ معاشرت</a></div></div><div class=""col-sm-4 col-md-4""><div class=""tag""><a href=""https://www.banuri.edu.pk/questions/fasal/ziyafat-ke-ahkaam""><i class=""icon-docs-bold""></i> ضیافت کے احکام</a></div></div></div>"
https://www.banuri.edu.pk/readquestion/غیر-مسلموں-کو-ان-کا-قومی-مذہبی-سلام-greet-کرنا-کسی-س-کھ-کو-بولے-سونہال-ست-سری-اکال-کہنا/30-07-2021,غیر مسلموں کو ان کا قومی / مذہبی سلام (greet) کرنا / کسی سِکھ کو 'بولے سونہال ست سری اکال' کہنا,"<p><p style=""text-align:justify;"">مسلمان کا کسی سکھ کو ""بولے سونہال ست سری اکال"" کہنا کیسا ہے؟</p><div style=""height:16px;width:16px;padding:0;margin:0;""> </div></p>","<hr class=""big-hr""/>",30-07-2021,144212201597,banuri.edu.pk,حقوق و آدابِ معاشرت,آدابِ معاشرت,سلام کے احکام و آداب,"<div class=""col-md-12 sawal-jawab""><h3 class=""question_heading"">سوال</h3><p><p style=""text-align:justify;"">مسلمان کا کسی سکھ کو ""بولے سونہال ست سری اکال"" کہنا کیسا ہے؟</p><div style=""height:16px;width:16px;padding:0;margin:0;""> </div></p><h4 class=""question_heading"">جواب</h4><p><p style=""text-align:justify;"">واضح ہو کہ ہر قوم / مذہب کا ملاقات کے وقت مخصوص الفاظ میں سلام (greeting)کرنے کا جو انداز ہے، اس کی دو حیثیتیں ہیں، ایک اس کے لغوی معنی ہیں جو عام طور پر ملاقات کرنے والے کے لیے دعائیہ کلمات یا اظہارِ ادب یا اظہارِ خوشی پر مشتمل ہوتے ہیں اور دوسری حیثیت ان الفاظ کی قومی شناخت یا مذہبی شناخت کی ہوتی ہے۔ غیر مسلم سمیت کسی مسلمان سے  ملتے وقت  سلامِ مسنون  کے علاوہ ایسے الفاظ استعمال کرنے کی تو گنجائش ہے جو لغوی طور پر صحیح ہوں، (یعنی ان کا معنی درست ہو، اور اس میں غیر شرعی بات نہ ہو، مثلًا کفر پر رضامندی یا کوئی شرکیہ کلمہ وغیرہ) لیکن  شرط یہ ہے کہ وہ الفاظ کسی غیر قوم / مذہب  کی شناخت (یا خصوصیت)  نہ ہوں۔   پس اگر وہ  الفاظ کسی غیر قوم / مذہب کی شناخت یا خصوصیت ہوں تو غیر قوم / مذہب سے مشابہت کی وجہ سے اس کا استعمال ممنوع  ہوگا، اگرچہ اس کے لغوی معنی دعائیہ کلمات پر ہی کیوں نہ مشتمل ہوں۔</p><p style=""text-align:justify;"">صورتِ  مسئولہ میں  ملاقات  کے  وقت کسی  سِکھ  کو  ""بولے سونہال ست سری اکال"" کہنا ممنوع ہے۔</p><p style=""text-align:justify;"">فتاوی رحیمیہ میں ہے :</p><p class=""indent"" style=""text-align:justify;"">""سوال : ہندوؤں کو نمشکار یا نمستے کہنا کیا ہے؟ بینوا توجروا</p><p class=""indent"" style=""text-align:justify;"">جواب : اس کی اجازت نہیں۔</p><p class=""indent"" style=""text-align:justify;"">(کیوں کہ یہ مخصوص مذہبی الفاظ ہیں، <span class=""ar_writing"">""ومن تشبه بقوم فهو منهم""</span>، البتہ جو الفاظ مذہبی نہیں ہیں، بلکہ معاشرتی ہیں جیسے آداب ! یا آداب عرض ہے ! ان کی گنجائش ہے۔ حاشیہ از مفتی سعید احمد پالنپوری صاحبؒ) (ج10 / ص 126)</p><p class=""indent"" style=""text-align:left;"">فقط واللہ اعلم</p></p><hr class=""big-hr""/><div class=""col-sm-6 col-md-6""><p class=""question_heading"" style=""color:#73161f"">فتویٰ نمبر : <a id=""fatwa_number"">144212201597</a></p></div><div class=""col-sm-6 col-md-6""><p style=""color:#73161f"">دارالافتاء :
                                جامعہ علوم اسلامیہ علامہ محمد یوسف بنوری ٹاؤن</p></div><hr class=""big-hr""/><div class=""col-sm-4 col-md-4""><div class=""tag""><a href=""https://www.banuri.edu.pk/questions/kitab/huqooq-muashret""><i class=""icon-docs-bold""></i> حقوق و آدابِ معاشرت</a></div></div><div class=""col-sm-4 col-md-4""><div class=""tag""><a href=""https://www.banuri.edu.pk/questions/bab/akhlaq-aadab""><i class=""icon-docs-bold""></i> آدابِ معاشرت</a></div></div><div class=""col-sm-4 col-md-4""><div class=""tag""><a href=""https://www.banuri.edu.pk/questions/fasal/salam-or-musafeh-k-ahkam-o-aadab""><i class=""icon-docs-bold""></i> سلام کے احکام و آداب</a></div></div></div>"
https://www.banuri.edu.pk/readquestion/sayyed-larki-ka-nikah-ghair-sayyed-larkay-say-karwanay-ka-hukum-144212201616/30-07-2021,سید کا لڑکی کا نکاح غیر سید لڑکے سے کروانے کا حکم,"<p><p style=""text-align:justify;"">کیاسید لڑکی کا نکاح غیرسید لڑکے سےکرسکتے ہیں؟ اس میں شرعًاکوئی  قباحت ہے؟اگر لڑکا عالمِ  دین ہواورباعمل ہو تو کیا صرف  خاندان والوں کےطعنوں سے بچنے کے  لیے سید لڑکی کا نکاح غیر سید لڑکے سے نہ کروانا  درست ہے کہ خاندان والےکیابولیں گے؟</p></p>","<p><p style=""text-align:justify;"">سیدہ لڑکی کا نکاح اپنے ولی کی اجازت سے غیر سید مسلمان  لڑکے سے جائز ہے۔ اسی طرح اگرعاقلہ وبالغہ سیدہ لڑکی  اپنے ولی کی اجازت کےبغیر غیر سید لڑکے سے نکاح کرے تو  بھی  نکاح منعقد ہوجائےگا، (گو ولی کی اجازت کے بغیر لڑکی کا از خود نکاح کرنا شرعًا و اخلاقًا و عرفًا معیوب و ناپسندیدہ ہے)، لیکن  اگر لڑکا  اس لڑکی کا کفو نہ ہو  (یعنی قریش کے علاوہ دیگر عرب قبیلہ کا یا عجمی قوم میں سے ہو)  اور  ولی کو اس پر اعتراض ہو تو اولاد  ہونے سے پہلے ولی بذریعۂ عدالت اس نکاح کو ختم کروا سکتا ہے۔</p><p style=""text-align:justify;"">سید لڑکی کا نکاح غیر سید لڑکے سے کروانے میں کوئی حرج نہیں ہے اور اگر لڑکی کے جوڑ کا دین دار اور  باعمل لڑکے کا رشتہ مل رہا ہو تو محض خاندان والوں کی باتوں کی وجہ سے ایسے رشتہ سے انکار نہیں کرنا چاہیے، کیوں کہ رسول اللہ ﷺ نے حضرت علی رضی اللہ عنہ کو یہ وصیت فرمائی تھی کہ اے علی! تین چیزوں میں تاخیر نہ کرنا، ایک نماز جب اس کا وقت ہوجائے اور  جنازہ کی نماز جب وہ (جنازہ) تیار ہوجائے اور کنواری (بے نکاحی) عورت (کا نکاح) جب اس کے جوڑ کا خاوند مل جائے یعنی جوڑ کا لڑکا ملتے ہی فورا نکاح کردینا  چاہیے۔ ایک اور حدیث میں لڑکی کے اولیاء کو خطاب ہے: ""جب تمہیں ایسا شخص پیغامِ نکاح بھیجے جس کی دین داری اور اَخلاق تمہیں پسند ہوں تو (فورًا) نکاح کردو، اگر تم نے ایسا نہ کیا تو زمین میں بڑا فتنہ اور فساد ہوجائے گا۔""</p><p><span class=""ar_writing"">سنن الترمذي ت بشار (1/ 238):</span></p><p class=""indent""><span class=""ar_writing"">""حدثنا قتيبة، قال: حدثنا عبد الله بن وهب، عن سعيد بن عبد الله الجهني، عن محمد بن عمر بن علي بن أبي طالب، عن أبيه، عن علي بن أبي طالب، أن النبي صلى الله عليه وسلم قال له: يا علي، ثلاث لاتؤخرها: الصلاة إذا آنت، والجنازة إذا حضرت، والأيم إذا وجدت لها كفئاً"".</span></p><p style=""text-align:justify;""><span class=""ar_writing"">الدر المختار وحاشية ابن عابدين (رد المحتار) (3/ 86):</span></p><p class=""indent"" style=""text-align:justify;""><span class=""ar_writing"">""(وتعتبر) الكفاءة للزوم النكاح خلافًا لمالك (نسبًا فقريش) بعضهم (أكفاء) بعض (و) بقية (العرب) بعضهم (أكفاء) بعض.</span></p><p class=""indent"" style=""text-align:justify;""><span class=""ar_writing"">(قوله: فقريش إلخ) القرشيان من جمعهما أب هو النضر بن كنانة فمن دونه، ومن لم ينتسب إلا لأب فوقه فهو غير قرشي والنضر هو الجد الثاني عشر للنبي صلى الله عليه وسلم فإنه محمد بن عبد الله بن عبد المطلب بن هاشم بن عبد مناف بن قصي بن كلاب بن مرة بن كعب بن لؤي بن غالب بن فهر بن مالك بن النضر بن كنانة بن خزيمة بن مدركة بن إلياس بن مضر بن نزار بن معد بن عدنان، على هذا اقتصر البخاري والخلفاء الأربعة كلهم من قريش وتمامه في البحر. (قوله: بعضهم أكفاء بعض) أشار به إلى أنه لا تفاضل فيما بينهم من الهاشمي والنوفلي والتيمي والعدوي وغيرهم، ولهذا زوج علي وهو هاشمي أم كلثوم بنت فاطمة لعمر وهو عدوي قهستاني فلو تزوجت هاشمية قرشيا غير هاشمي لم يرد عقدها وإن تزوجت عربيا غير قرشي لهم رده كتزويج العربية أعجميا بحر وقوله لم يرد عقدها ذكر مثله في التبيين، وكثير من شروح الكنز والهداية، وغالب المعتبرات فقوله في الفيض القرشي لا يكون كفؤا للهاشمي كلمة لا فيه من تحريف النساخ، رملي.</span></p><p class=""indent"" style=""text-align:justify;""><span class=""ar_writing"">(قوله: وبقية العرب أكفاء) العرب صنفان: عرب عاربة: وهم أولاد قحطان ومستعربة: وهم أولاد إسماعيل والعجم أولاد فروخ أخي إسماعيل، وهم الموالي والعتقاء والمراد بهم غير العرب وإن لم يمسهم رق سموا بذلك إما لأن العرب لما افتتحت بلادهم وتركتهم أحرارا بعد أن كان لهؤلاء الاسترقاق، فكأنهم أعتقوهم، أو لأنهم نصروا العرب على قتل الكفار والناصر يسمى مولى، نهر."" </span></p><p class=""indent"" dir=""ltr"" style=""text-align:justify;"">فقط واللہ اعلم</p></p><hr class=""big-hr""/>",30-07-2021,144212201616,banuri.edu.pk,نکاح,کفاءت,عورت کا غیر کفو میں نکاح,"<div class=""col-md-12 sawal-jawab""><h3 class=""question_heading"">سوال</h3><p><p style=""text-align:justify;"">کیاسید لڑکی کا نکاح غیرسید لڑکے سےکرسکتے ہیں؟ اس میں شرعًاکوئی  قباحت ہے؟اگر لڑکا عالمِ  دین ہواورباعمل ہو تو کیا صرف  خاندان والوں کےطعنوں سے بچنے کے  لیے سید لڑکی کا نکاح غیر سید لڑکے سے نہ کروانا  درست ہے کہ خاندان والےکیابولیں گے؟</p></p><h4 class=""question_heading"">جواب</h4><p><p style=""text-align:justify;"">سیدہ لڑکی کا نکاح اپنے ولی کی اجازت سے غیر سید مسلمان  لڑکے سے جائز ہے۔ اسی طرح اگرعاقلہ وبالغہ سیدہ لڑکی  اپنے ولی کی اجازت کےبغیر غیر سید لڑکے سے نکاح کرے تو  بھی  نکاح منعقد ہوجائےگا، (گو ولی کی اجازت کے بغیر لڑکی کا از خود نکاح کرنا شرعًا و اخلاقًا و عرفًا معیوب و ناپسندیدہ ہے)، لیکن  اگر لڑکا  اس لڑکی کا کفو نہ ہو  (یعنی قریش کے علاوہ دیگر عرب قبیلہ کا یا عجمی قوم میں سے ہو)  اور  ولی کو اس پر اعتراض ہو تو اولاد  ہونے سے پہلے ولی بذریعۂ عدالت اس نکاح کو ختم کروا سکتا ہے۔</p><p style=""text-align:justify;"">سید لڑکی کا نکاح غیر سید لڑکے سے کروانے میں کوئی حرج نہیں ہے اور اگر لڑکی کے جوڑ کا دین دار اور  باعمل لڑکے کا رشتہ مل رہا ہو تو محض خاندان والوں کی باتوں کی وجہ سے ایسے رشتہ سے انکار نہیں کرنا چاہیے، کیوں کہ رسول اللہ ﷺ نے حضرت علی رضی اللہ عنہ کو یہ وصیت فرمائی تھی کہ اے علی! تین چیزوں میں تاخیر نہ کرنا، ایک نماز جب اس کا وقت ہوجائے اور  جنازہ کی نماز جب وہ (جنازہ) تیار ہوجائے اور کنواری (بے نکاحی) عورت (کا نکاح) جب اس کے جوڑ کا خاوند مل جائے یعنی جوڑ کا لڑکا ملتے ہی فورا نکاح کردینا  چاہیے۔ ایک اور حدیث میں لڑکی کے اولیاء کو خطاب ہے: ""جب تمہیں ایسا شخص پیغامِ نکاح بھیجے جس کی دین داری اور اَخلاق تمہیں پسند ہوں تو (فورًا) نکاح کردو، اگر تم نے ایسا نہ کیا تو زمین میں بڑا فتنہ اور فساد ہوجائے گا۔""</p><p><span class=""ar_writing"">سنن الترمذي ت بشار (1/ 238):</span></p><p class=""indent""><span class=""ar_writing"">""حدثنا قتيبة، قال: حدثنا عبد الله بن وهب، عن سعيد بن عبد الله الجهني، عن محمد بن عمر بن علي بن أبي طالب، عن أبيه، عن علي بن أبي طالب، أن النبي صلى الله عليه وسلم قال له: يا علي، ثلاث لاتؤخرها: الصلاة إذا آنت، والجنازة إذا حضرت، والأيم إذا وجدت لها كفئاً"".</span></p><p style=""text-align:justify;""><span class=""ar_writing"">الدر المختار وحاشية ابن عابدين (رد المحتار) (3/ 86):</span></p><p class=""indent"" style=""text-align:justify;""><span class=""ar_writing"">""(وتعتبر) الكفاءة للزوم النكاح خلافًا لمالك (نسبًا فقريش) بعضهم (أكفاء) بعض (و) بقية (العرب) بعضهم (أكفاء) بعض.</span></p><p class=""indent"" style=""text-align:justify;""><span class=""ar_writing"">(قوله: فقريش إلخ) القرشيان من جمعهما أب هو النضر بن كنانة فمن دونه، ومن لم ينتسب إلا لأب فوقه فهو غير قرشي والنضر هو الجد الثاني عشر للنبي صلى الله عليه وسلم فإنه محمد بن عبد الله بن عبد المطلب بن هاشم بن عبد مناف بن قصي بن كلاب بن مرة بن كعب بن لؤي بن غالب بن فهر بن مالك بن النضر بن كنانة بن خزيمة بن مدركة بن إلياس بن مضر بن نزار بن معد بن عدنان، على هذا اقتصر البخاري والخلفاء الأربعة كلهم من قريش وتمامه في البحر. (قوله: بعضهم أكفاء بعض) أشار به إلى أنه لا تفاضل فيما بينهم من الهاشمي والنوفلي والتيمي والعدوي وغيرهم، ولهذا زوج علي وهو هاشمي أم كلثوم بنت فاطمة لعمر وهو عدوي قهستاني فلو تزوجت هاشمية قرشيا غير هاشمي لم يرد عقدها وإن تزوجت عربيا غير قرشي لهم رده كتزويج العربية أعجميا بحر وقوله لم يرد عقدها ذكر مثله في التبيين، وكثير من شروح الكنز والهداية، وغالب المعتبرات فقوله في الفيض القرشي لا يكون كفؤا للهاشمي كلمة لا فيه من تحريف النساخ، رملي.</span></p><p class=""indent"" style=""text-align:justify;""><span class=""ar_writing"">(قوله: وبقية العرب أكفاء) العرب صنفان: عرب عاربة: وهم أولاد قحطان ومستعربة: وهم أولاد إسماعيل والعجم أولاد فروخ أخي إسماعيل، وهم الموالي والعتقاء والمراد بهم غير العرب وإن لم يمسهم رق سموا بذلك إما لأن العرب لما افتتحت بلادهم وتركتهم أحرارا بعد أن كان لهؤلاء الاسترقاق، فكأنهم أعتقوهم، أو لأنهم نصروا العرب على قتل الكفار والناصر يسمى مولى، نهر."" </span></p><p class=""indent"" dir=""ltr"" style=""text-align:justify;"">فقط واللہ اعلم</p></p><hr class=""big-hr""/><div class=""col-sm-6 col-md-6""><p class=""question_heading"" style=""color:#73161f"">فتویٰ نمبر : <a id=""fatwa_number"">144212201616</a></p></div><div class=""col-sm-6 col-md-6""><p style=""color:#73161f"">دارالافتاء :
                                جامعہ علوم اسلامیہ علامہ محمد یوسف بنوری ٹاؤن</p></div><hr class=""big-hr""/><div class=""col-sm-4 col-md-4""><div class=""tag""><a href=""https://www.banuri.edu.pk/questions/kitab/nikah""><i class=""icon-docs-bold""></i> نکاح</a></div></div><div class=""col-sm-4 col-md-4""><div class=""tag""><a href=""https://www.banuri.edu.pk/questions/bab/kafaat""><i class=""icon-docs-bold""></i> کفاءت</a></div></div><div class=""col-sm-4 col-md-4""><div class=""tag""><a href=""https://www.banuri.edu.pk/questions/fasal/aurat-ka-gher-kufu-may-nikah""><i class=""icon-docs-bold""></i> عورت کا غیر کفو میں نکاح</a></div></div></div>"
https://www.banuri.edu.pk/readquestion/be-namazi-ki-qurbani-ka-hukum-144212201688/01-08-2021,بے نمازی کی قربانی کا حکم,"<p><p style=""text-align:justify;"">بے نمازی کی قربانی کا کیا حکم ہے قربانی ہوتی ہی نہیں یا ہوتی ہے قبول نہیں؟</p><div style=""height:16px;width:16px;padding:0;margin:0;""> </div></p>","<p><p style=""text-align:justify;"">اگر کوئی شخص خدا نخواستہ  نماز نہ پڑھتا ہو  اور  وہ صاحبِ نصاب ہو تو اس پر  قربانی لازم  ہے، اسے قربانی کرنی چاہیے ،اور اس کی قربانی ہو جاتی  ہے اور امید ہے کہ اللہ تعالی اس کی قربانی کو قبول فرما لیں گےاور ایسے شخص کو نماز کا بھی  اہتمام کرنا چاہیے۔ پرانی قضا  نمازوں کو ادا کرنا لازم ہے۔فقط واللہ اعلم</p><p class=""indent"" style=""text-align:justify;"">تفصیل کے لیے درج ذیل لنک پر فتاویٰ دیکھیے:</p><p class=""indent"" style=""text-align:justify;""><a href=""https://www.banuri.edu.pk/readquestion/chor-ka-namaz-parhna-144202200850/07-10-2020"">کیا چور کی نماز قبول ہوگی؟</a></p><p class=""indent"" style=""text-align:justify;""><a href=""https://www.banuri.edu.pk/readquestion/kia-darhi-munday-shakhs-ke-namaz-qabol-hote-hay-144202201389/15-10-2020"">کیا داڑھی منڈے شخص کی نماز قبول ہوتی ہے؟</a></p></p><hr class=""big-hr""/>",01-08-2021,144212201688,banuri.edu.pk,قربانی,قربانی کا وجوب,قربانی کا حکم,"<div class=""col-md-12 sawal-jawab""><h3 class=""question_heading"">سوال</h3><p><p style=""text-align:justify;"">بے نمازی کی قربانی کا کیا حکم ہے قربانی ہوتی ہی نہیں یا ہوتی ہے قبول نہیں؟</p><div style=""height:16px;width:16px;padding:0;margin:0;""> </div></p><h4 class=""question_heading"">جواب</h4><p><p style=""text-align:justify;"">اگر کوئی شخص خدا نخواستہ  نماز نہ پڑھتا ہو  اور  وہ صاحبِ نصاب ہو تو اس پر  قربانی لازم  ہے، اسے قربانی کرنی چاہیے ،اور اس کی قربانی ہو جاتی  ہے اور امید ہے کہ اللہ تعالی اس کی قربانی کو قبول فرما لیں گےاور ایسے شخص کو نماز کا بھی  اہتمام کرنا چاہیے۔ پرانی قضا  نمازوں کو ادا کرنا لازم ہے۔فقط واللہ اعلم</p><p class=""indent"" style=""text-align:justify;"">تفصیل کے لیے درج ذیل لنک پر فتاویٰ دیکھیے:</p><p class=""indent"" style=""text-align:justify;""><a href=""https://www.banuri.edu.pk/readquestion/chor-ka-namaz-parhna-144202200850/07-10-2020"">کیا چور کی نماز قبول ہوگی؟</a></p><p class=""indent"" style=""text-align:justify;""><a href=""https://www.banuri.edu.pk/readquestion/kia-darhi-munday-shakhs-ke-namaz-qabol-hote-hay-144202201389/15-10-2020"">کیا داڑھی منڈے شخص کی نماز قبول ہوتی ہے؟</a></p></p><hr class=""big-hr""/><div class=""col-sm-6 col-md-6""><p class=""question_heading"" style=""color:#73161f"">فتویٰ نمبر : <a id=""fatwa_number"">144212201688</a></p></div><div class=""col-sm-6 col-md-6""><p style=""color:#73161f"">دارالافتاء :
                                جامعہ علوم اسلامیہ علامہ محمد یوسف بنوری ٹاؤن</p></div><hr class=""big-hr""/><div class=""col-sm-4 col-md-4""><div class=""tag""><a href=""https://www.banuri.edu.pk/questions/kitab/uzhiyah""><i class=""icon-docs-bold""></i> قربانی</a></div></div><div class=""col-sm-4 col-md-4""><div class=""tag""><a href=""https://www.banuri.edu.pk/questions/bab/qurbani-ka-wujoob""><i class=""icon-docs-bold""></i> قربانی کا وجوب</a></div></div><div class=""col-sm-4 col-md-4""><div class=""tag""><a href=""https://www.banuri.edu.pk/questions/fasal/qurbani-ka-hukum""><i class=""icon-docs-bold""></i> قربانی کا حکم</a></div></div></div>"
https://www.banuri.edu.pk/readquestion/khawateen-kay-liay-islami-dramon-main-kirdar-ada-karnay-wali-aurton-ki-tarha-ka-libas-pehannay-ka-hukum-144212201618/30-07-2021,خواتین کے لیے اسلامی ڈراموں میں کردار ادا کرنے والی عورتوں کی طرح کا لباس پہننے کا حکم,"<p><p style=""text-align:justify;"">ارتغرل غازی ڈراما  ہوگیا یا اور کوئی اسلامی ممالک کے ڈرامے میں جو عورتیں کردار ادا  کرتی ہیں اور جو کپڑے پہنتی ہیں اس کپڑے  کی نقل کر کے ہمارے گھر کی مستورات ان کی طرح کا لباس پہن سکتی ہیں؟</p></p>","<p><p style=""text-align:justify;"">واضح رہے کہ کسی بھی جان دار کی تصویر کا بلا ضرورت بنانا، رکھنا اور  دیکھنا قطعاًجائز نہیں، نیز  مردوں کے لیے خواتین کی تصاویر دیکھنے میں بد نظری کا گناہ بھی ہے، اسی طرح موسیقی کا سننا بھی شرعًا حرام ہے، اور  ڈرامے  (خواہ اسلامی ڈرامے کے نام سے ہوں) چوں کہ جان دار  کی تصاویر  پر مشتمل ہونے کے ساتھ  ساتھ  (جیساکہ عوام الناس کے بیان سے معلوم ہوتاہے) عورتوں کی تصاویر اور موسیقی  پر بھی مشتمل ہوتے ہیں؛ اس لیے مروجہ اسلامی ڈرامے یا فلمیں دیکھنا کسی کے  لیے بھی جائز نہیں ہے۔ کسی عورت کا ڈرامے میں کردار ادا کرنے والی عورتوں کی طرح کا لباس بنوانے کے  لیے بھی ڈراما  دیکھنا جائز نہیں ہے۔</p><p style=""text-align:justify;"">باقی عورتوں کے  لیے کسی بھی قسم کا لباس پہننے کے  لیے شرط یہ ہے کہ وہ لباس شریعت کی طرف سے متعین کردہ اصولوں کے مطابق ہو  ،جن کی بنیاد یہ ہے کہ:</p><p style=""text-align:justify;"">1۔لباس اتنا چھوٹا، باریک یا چست نہ ہو کہ جسم کے جن اعضاء کا چھپانا واجب ہے وہ یا ان کی ساخت ظاہر ہوجائے۔</p><p style=""text-align:justify;"">2۔لباس میں کفار  و فساق کی نقالی اور مشابہت نہ ہو۔</p><p style=""text-align:justify;"">3-عورت کا لباس مردوں کے لباس کے مشابہہ نہ ہو۔</p><p style=""text-align:justify;"">4- اجنبی (غیر محرم) کے سامنے جاذبِ نظر لباس نہ پہنا جائے۔</p><p style=""text-align:justify;"">لہذا جس لباس میں مذکورہ شرائط پائی جاتی ہوں، وہ لباس پہننا عورت کے لیے جائز ہو گا اور جس لباس میں مذکورہ شرائط نہیں پائی جاتیں وہ لباس پہننا عورتوں کے  لیے جائز نہیں ہوگا۔ </p><p class=""indent"" style=""text-align:justify;""><span class=""ar_writing"">قال اللّٰہ تعالیٰ</span>:<span class=""qr_writing"">{يَا أَيُّهَا النَّبِيُّ قُلْ لِأَزْوَاجِكَ وَبَنَاتِكَ وَنِسَاءِ الْمُؤْمِنِينَ يُدْنِينَ عَلَيْهِنَّ مِنْ جَلَابِيبِهِنَّ ۚ ذَٰلِكَ أَدْنَىٰ أَنْ يُعْرَفْنَ فَلَا يُؤْذَيْنَ ۗ وَكَانَ اللَّهُ غَفُورًا رَحِيمًا}</span> [الأحزاب: ۵۹]</p><p class=""indent"" style=""text-align:justify;""><span class=""ar_writing"">""ومن للتبعیض، ویحتمل ذلك علی ما في الکشاف وجهین: أحدهما أن یکون المراد بالبعض واحدًا من الجلابیب وإدناء ذلك علیهن أن یلبسنه علی البدن کلّه، وثانیهما أن یکون المراد بالبعض جزءًا منه، وإدناء ذلك علیهنّ أن یتقنّعن فیسترن الرأس والوجه بجزء من الجلباب مع إرخاء الباقي علی بقیة البدن."" (روح المعاني ۱۲؍۱۲۸)</span></p><p class=""indent"" style=""text-align:justify;""><span class=""ar_writing"">وقال تعالیٰ</span>:<span class=""qr_writing"">{وَقَرْنَ فِيْ بُیُوْتِکُنَّ وَلَا تَبَرَّجْنَ تَبَرُّجَ الْجَاهِلِیَّةِ الْاُوْلٰى}</span>[الأحزاب: ۳۳]</p><p style=""text-align:justify;""><span class=""ar_writing"">سنن أبي داود (4/ 60):</span></p><p class=""indent"" style=""text-align:justify;""><span class=""ar_writing"">""باب في لباس النساء</span></p><p class=""indent"" style=""text-align:justify;""><span class=""ar_writing"">حدثنا عبيد الله بن معاذ، حدثنا أبي، حدثنا شعبة، عن قتادة، عن عكرمة، عن ابن عباس، عن النبي صلى الله عليه وسلم: «أنه لعن المتشبهات من النساء بالرجال، والمتشبهين من الرجال بالنساء»"". </span></p><p><span style=""font-family:arabic_font;""><span style=""font-size:23px;""><strong>مرقاة المفاتيح شرح مشكاة المصابيح (7/ 2782)</strong></span></span></p><p class=""indent""><span style=""font-family:arabic_font;""><span style=""font-size:23px;""><strong>""وعنه، قال: قال رسول الله صلى الله عليه وسلم: "" «من تشبه بقوم فهو منهم» "" رواه أحمد، وأبو داود.</strong></span></span></p><p class=""indent""><span style=""font-family:arabic_font;""><span style=""font-size:23px;""><strong>(وعنه) : أي عن ابن عمر (قال: قال رسول الله صلى الله عليه وسلم: (من تشبه بقوم) : أي من شبه نفسه بالكفار مثلا في اللباس وغيره، أو بالفساق أو الفجار أو بأهل التصوف والصلحاء الأبرار. (فهو منهم) : أي في الإثم والخير. قال الطيبي: هذا عام في الخلق والخلق والشعار، ولما كان الشعار أظهر في التشبه ذكر في هذا الباب. قلت: بل الشعار هو المراد بالتشبه لا غير، فإن الخلق الصوري لايتصور فيه التشبه، و الخلق المعنوي لايقال فيه التشبه، بل هو التخلق، هذا وقد حكى حكاية غريبة ولطيفة عجيبة، وهي أنه لما أغرق الله - سبحانه - فرعون وآله لم يغرق مسخرته الذي كان يحاكي سيدنا موسى عليه الصلاة والسلام في لبسه وكلامه ومقالاته، فيضحك فرعون وقومه من حركاته وسكناته ; فتضرع موسى إلى ربه: يا رب! هذا كان يؤذي أكثر من بقية آل فرعون، فقال الرب تعالى: ما أغرقناه ; فإنه كان لابسا مثل لباسك، والحبيب لا يعذب من كان على صورة الحبيب، فانظر من كان متشبها بأهل الحق على قصد الباطل حصل له نجاة صورية، وربما أدت إلى النجاة المعنوية، فكيف بمن يتشبه بأنبيائه وأوليائه على قصد التشرف والتعظيم، وغرض المشابهة الصورية على وجه التكريم؟ ، وقد بسط أنواع التشبه بالمعارف في ترجمة عوارف المعارف. (رواه أحمد، وأبو داود)"". </strong></span></span></p><p><span style=""font-family:arabic_font;""><span style=""font-size:23px;""><strong>مرقاة المفاتيح شرح مشكاة المصابيح (7/ 2791):</strong></span></span></p><p class=""indent""><span style=""font-family:arabic_font;""><span style=""font-size:23px;""><strong>""«وعن أم سلمة - رضي الله عنها - أن النبي صلى الله عليه وسلم دخل عليها وهي تختمر فقال: "" لية لا ليتين» "". رواه أبو داود.</strong></span></span></p><p class=""indent""><span style=""font-family:arabic_font;""><span style=""font-size:23px;""><strong>(وعن أم سلمة أن النبي صلى الله عليه وسلم دخل عليها وهي تختمر) : أي تلبس خمارها (فقال: لية) : بفتح اللام والتحتية المشددة مفعول مطلق أي لوى لية واحدة (لا ليتين): أي لفة لا لفتين حذرا من الإسراف أو التشبه بالرجال، فإن النساء لا ينبغي لهن أن يلبسن مثل لباس الرجال وبالعكس لما ورد عن ابن عباس مرفوعا: "" «لعن الله المتشبهات من النساء بالرجال والمتشبهين من الرجال بالنساء» "" على ما رواه أحمد وأبو داود والترمذي وابن ماجه. قال القاضي: أمرها بأن تجعل الخمار على رأسها وتحت حنكها عطفة واحدة لا عطفتين، حذرا من الإسراف أو التشبه بالمتعممين (رواه أبو داود) ، وكذا أحمد في مسنده، والحاكم في مستدركه"".</strong></span></span></p><p class=""indent"" dir=""rtl"" style=""text-align:left;""><span class=""ar_writing"">فقط و الله أعلم</span></p></p><hr class=""big-hr""/>",30-07-2021,144212201618,banuri.edu.pk,حظر و اباحت,لباس,عورتوں کے لباس,"<div class=""col-md-12 sawal-jawab""><h3 class=""question_heading"">سوال</h3><p><p style=""text-align:justify;"">ارتغرل غازی ڈراما  ہوگیا یا اور کوئی اسلامی ممالک کے ڈرامے میں جو عورتیں کردار ادا  کرتی ہیں اور جو کپڑے پہنتی ہیں اس کپڑے  کی نقل کر کے ہمارے گھر کی مستورات ان کی طرح کا لباس پہن سکتی ہیں؟</p></p><h4 class=""question_heading"">جواب</h4><p><p style=""text-align:justify;"">واضح رہے کہ کسی بھی جان دار کی تصویر کا بلا ضرورت بنانا، رکھنا اور  دیکھنا قطعاًجائز نہیں، نیز  مردوں کے لیے خواتین کی تصاویر دیکھنے میں بد نظری کا گناہ بھی ہے، اسی طرح موسیقی کا سننا بھی شرعًا حرام ہے، اور  ڈرامے  (خواہ اسلامی ڈرامے کے نام سے ہوں) چوں کہ جان دار  کی تصاویر  پر مشتمل ہونے کے ساتھ  ساتھ  (جیساکہ عوام الناس کے بیان سے معلوم ہوتاہے) عورتوں کی تصاویر اور موسیقی  پر بھی مشتمل ہوتے ہیں؛ اس لیے مروجہ اسلامی ڈرامے یا فلمیں دیکھنا کسی کے  لیے بھی جائز نہیں ہے۔ کسی عورت کا ڈرامے میں کردار ادا کرنے والی عورتوں کی طرح کا لباس بنوانے کے  لیے بھی ڈراما  دیکھنا جائز نہیں ہے۔</p><p style=""text-align:justify;"">باقی عورتوں کے  لیے کسی بھی قسم کا لباس پہننے کے  لیے شرط یہ ہے کہ وہ لباس شریعت کی طرف سے متعین کردہ اصولوں کے مطابق ہو  ،جن کی بنیاد یہ ہے کہ:</p><p style=""text-align:justify;"">1۔لباس اتنا چھوٹا، باریک یا چست نہ ہو کہ جسم کے جن اعضاء کا چھپانا واجب ہے وہ یا ان کی ساخت ظاہر ہوجائے۔</p><p style=""text-align:justify;"">2۔لباس میں کفار  و فساق کی نقالی اور مشابہت نہ ہو۔</p><p style=""text-align:justify;"">3-عورت کا لباس مردوں کے لباس کے مشابہہ نہ ہو۔</p><p style=""text-align:justify;"">4- اجنبی (غیر محرم) کے سامنے جاذبِ نظر لباس نہ پہنا جائے۔</p><p style=""text-align:justify;"">لہذا جس لباس میں مذکورہ شرائط پائی جاتی ہوں، وہ لباس پہننا عورت کے لیے جائز ہو گا اور جس لباس میں مذکورہ شرائط نہیں پائی جاتیں وہ لباس پہننا عورتوں کے  لیے جائز نہیں ہوگا۔ </p><p class=""indent"" style=""text-align:justify;""><span class=""ar_writing"">قال اللّٰہ تعالیٰ</span>:<span class=""qr_writing"">{يَا أَيُّهَا النَّبِيُّ قُلْ لِأَزْوَاجِكَ وَبَنَاتِكَ وَنِسَاءِ الْمُؤْمِنِينَ يُدْنِينَ عَلَيْهِنَّ مِنْ جَلَابِيبِهِنَّ ۚ ذَٰلِكَ أَدْنَىٰ أَنْ يُعْرَفْنَ فَلَا يُؤْذَيْنَ ۗ وَكَانَ اللَّهُ غَفُورًا رَحِيمًا}</span> [الأحزاب: ۵۹]</p><p class=""indent"" style=""text-align:justify;""><span class=""ar_writing"">""ومن للتبعیض، ویحتمل ذلك علی ما في الکشاف وجهین: أحدهما أن یکون المراد بالبعض واحدًا من الجلابیب وإدناء ذلك علیهن أن یلبسنه علی البدن کلّه، وثانیهما أن یکون المراد بالبعض جزءًا منه، وإدناء ذلك علیهنّ أن یتقنّعن فیسترن الرأس والوجه بجزء من الجلباب مع إرخاء الباقي علی بقیة البدن."" (روح المعاني ۱۲؍۱۲۸)</span></p><p class=""indent"" style=""text-align:justify;""><span class=""ar_writing"">وقال تعالیٰ</span>:<span class=""qr_writing"">{وَقَرْنَ فِيْ بُیُوْتِکُنَّ وَلَا تَبَرَّجْنَ تَبَرُّجَ الْجَاهِلِیَّةِ الْاُوْلٰى}</span>[الأحزاب: ۳۳]</p><p style=""text-align:justify;""><span class=""ar_writing"">سنن أبي داود (4/ 60):</span></p><p class=""indent"" style=""text-align:justify;""><span class=""ar_writing"">""باب في لباس النساء</span></p><p class=""indent"" style=""text-align:justify;""><span class=""ar_writing"">حدثنا عبيد الله بن معاذ، حدثنا أبي، حدثنا شعبة، عن قتادة، عن عكرمة، عن ابن عباس، عن النبي صلى الله عليه وسلم: «أنه لعن المتشبهات من النساء بالرجال، والمتشبهين من الرجال بالنساء»"". </span></p><p><span style=""font-family:arabic_font;""><span style=""font-size:23px;""><strong>مرقاة المفاتيح شرح مشكاة المصابيح (7/ 2782)</strong></span></span></p><p class=""indent""><span style=""font-family:arabic_font;""><span style=""font-size:23px;""><strong>""وعنه، قال: قال رسول الله صلى الله عليه وسلم: "" «من تشبه بقوم فهو منهم» "" رواه أحمد، وأبو داود.</strong></span></span></p><p class=""indent""><span style=""font-family:arabic_font;""><span style=""font-size:23px;""><strong>(وعنه) : أي عن ابن عمر (قال: قال رسول الله صلى الله عليه وسلم: (من تشبه بقوم) : أي من شبه نفسه بالكفار مثلا في اللباس وغيره، أو بالفساق أو الفجار أو بأهل التصوف والصلحاء الأبرار. (فهو منهم) : أي في الإثم والخير. قال الطيبي: هذا عام في الخلق والخلق والشعار، ولما كان الشعار أظهر في التشبه ذكر في هذا الباب. قلت: بل الشعار هو المراد بالتشبه لا غير، فإن الخلق الصوري لايتصور فيه التشبه، و الخلق المعنوي لايقال فيه التشبه، بل هو التخلق، هذا وقد حكى حكاية غريبة ولطيفة عجيبة، وهي أنه لما أغرق الله - سبحانه - فرعون وآله لم يغرق مسخرته الذي كان يحاكي سيدنا موسى عليه الصلاة والسلام في لبسه وكلامه ومقالاته، فيضحك فرعون وقومه من حركاته وسكناته ; فتضرع موسى إلى ربه: يا رب! هذا كان يؤذي أكثر من بقية آل فرعون، فقال الرب تعالى: ما أغرقناه ; فإنه كان لابسا مثل لباسك، والحبيب لا يعذب من كان على صورة الحبيب، فانظر من كان متشبها بأهل الحق على قصد الباطل حصل له نجاة صورية، وربما أدت إلى النجاة المعنوية، فكيف بمن يتشبه بأنبيائه وأوليائه على قصد التشرف والتعظيم، وغرض المشابهة الصورية على وجه التكريم؟ ، وقد بسط أنواع التشبه بالمعارف في ترجمة عوارف المعارف. (رواه أحمد، وأبو داود)"". </strong></span></span></p><p><span style=""font-family:arabic_font;""><span style=""font-size:23px;""><strong>مرقاة المفاتيح شرح مشكاة المصابيح (7/ 2791):</strong></span></span></p><p class=""indent""><span style=""font-family:arabic_font;""><span style=""font-size:23px;""><strong>""«وعن أم سلمة - رضي الله عنها - أن النبي صلى الله عليه وسلم دخل عليها وهي تختمر فقال: "" لية لا ليتين» "". رواه أبو داود.</strong></span></span></p><p class=""indent""><span style=""font-family:arabic_font;""><span style=""font-size:23px;""><strong>(وعن أم سلمة أن النبي صلى الله عليه وسلم دخل عليها وهي تختمر) : أي تلبس خمارها (فقال: لية) : بفتح اللام والتحتية المشددة مفعول مطلق أي لوى لية واحدة (لا ليتين): أي لفة لا لفتين حذرا من الإسراف أو التشبه بالرجال، فإن النساء لا ينبغي لهن أن يلبسن مثل لباس الرجال وبالعكس لما ورد عن ابن عباس مرفوعا: "" «لعن الله المتشبهات من النساء بالرجال والمتشبهين من الرجال بالنساء» "" على ما رواه أحمد وأبو داود والترمذي وابن ماجه. قال القاضي: أمرها بأن تجعل الخمار على رأسها وتحت حنكها عطفة واحدة لا عطفتين، حذرا من الإسراف أو التشبه بالمتعممين (رواه أبو داود) ، وكذا أحمد في مسنده، والحاكم في مستدركه"".</strong></span></span></p><p class=""indent"" dir=""rtl"" style=""text-align:left;""><span class=""ar_writing"">فقط و الله أعلم</span></p></p><hr class=""big-hr""/><div class=""col-sm-6 col-md-6""><p class=""question_heading"" style=""color:#73161f"">فتویٰ نمبر : <a id=""fatwa_number"">144212201618</a></p></div><div class=""col-sm-6 col-md-6""><p style=""color:#73161f"">دارالافتاء :
                                جامعہ علوم اسلامیہ علامہ محمد یوسف بنوری ٹاؤن</p></div><hr class=""big-hr""/><div class=""col-sm-4 col-md-4""><div class=""tag""><a href=""https://www.banuri.edu.pk/questions/kitab/mamnooaat-mubahat""><i class=""icon-docs-bold""></i> حظر و اباحت</a></div></div><div class=""col-sm-4 col-md-4""><div class=""tag""><a href=""https://www.banuri.edu.pk/questions/bab/libaas""><i class=""icon-docs-bold""></i> لباس</a></div></div><div class=""col-sm-4 col-md-4""><div class=""tag""><a href=""https://www.banuri.edu.pk/questions/fasal/auraton-ka-libaas""><i class=""icon-docs-bold""></i> عورتوں کے لباس</a></div></div></div>"
https://www.banuri.edu.pk/readquestion/abdul-hadi-name-ke-sath-walid-ka-name-milana-144212201677/31-07-2021,عبد الھادی نام کے ساتھ والد کا نام ملانا,"<p><p style=""text-align:justify;"">کیا عبد والے نام کے ساتھ والد کا نام لگا سکتے  ہیں جیسے کہ ""عبدالہادی یاسر""  درست ہے؟  نیز عبد کے  دال کے اوپر زبر ہوگا جیسے  Abdal  یا پیش جیسے Abdul؟ </p><div style=""height:16px;width:16px;padding:0;margin:0;""> </div></p>","<p><p style=""text-align:justify;"">""عبد الھادی ""  نام کے ساتھ  والد کا نام  ملاکر  ""عبد الھادی یاسر""   نام  رکھنے میں کوئی مضائقہ نہیں ہے، نیز  ”عبد ُالھادی“  نام (بلکہ عبد سے شروع ہونے والے ناموں) میں  عبد کے دال کے اوپر پیش ہے۔ فقط واللہ اعلم</p></p><hr class=""big-hr""/>",31-07-2021,144212201677,banuri.edu.pk,حظر و اباحت,نام، لقب، کنیت,ناموں کے معانی اور احکام,"<div class=""col-md-12 sawal-jawab""><h3 class=""question_heading"">سوال</h3><p><p style=""text-align:justify;"">کیا عبد والے نام کے ساتھ والد کا نام لگا سکتے  ہیں جیسے کہ ""عبدالہادی یاسر""  درست ہے؟  نیز عبد کے  دال کے اوپر زبر ہوگا جیسے  Abdal  یا پیش جیسے Abdul؟ </p><div style=""height:16px;width:16px;padding:0;margin:0;""> </div></p><h4 class=""question_heading"">جواب</h4><p><p style=""text-align:justify;"">""عبد الھادی ""  نام کے ساتھ  والد کا نام  ملاکر  ""عبد الھادی یاسر""   نام  رکھنے میں کوئی مضائقہ نہیں ہے، نیز  ”عبد ُالھادی“  نام (بلکہ عبد سے شروع ہونے والے ناموں) میں  عبد کے دال کے اوپر پیش ہے۔ فقط واللہ اعلم</p></p><hr class=""big-hr""/><div class=""col-sm-6 col-md-6""><p class=""question_heading"" style=""color:#73161f"">فتویٰ نمبر : <a id=""fatwa_number"">144212201677</a></p></div><div class=""col-sm-6 col-md-6""><p style=""color:#73161f"">دارالافتاء :
                                جامعہ علوم اسلامیہ علامہ محمد یوسف بنوری ٹاؤن</p></div><hr class=""big-hr""/><div class=""col-sm-4 col-md-4""><div class=""tag""><a href=""https://www.banuri.edu.pk/questions/kitab/mamnooaat-mubahat""><i class=""icon-docs-bold""></i> حظر و اباحت</a></div></div><div class=""col-sm-4 col-md-4""><div class=""tag""><a href=""https://www.banuri.edu.pk/questions/bab/asaami""><i class=""icon-docs-bold""></i> نام، لقب، کنیت</a></div></div><div class=""col-sm-4 col-md-4""><div class=""tag""><a href=""https://www.banuri.edu.pk/questions/fasal/namoun-ke-mani-or-ahkaam""><i class=""icon-docs-bold""></i> ناموں کے معانی اور احکام</a></div></div></div>"
https://www.banuri.edu.pk/readquestion/darya-ke-kutte-aur-sowar-ke-pak-hone-ki-waja-144212201674/31-07-2021,دریا کے کتے اور سور کے پاک ہونے کی وجہ,"<p><p style=""text-align:justify;"">دریا کا کتا اور سور پاک کیوں  ہے؟</p><div style=""height:16px;width:16px;padding:0;margin:0;""> </div></p>","<p><p style=""text-align:justify;"">ایسے جانور جن کی پیدائش اور ٹھکانہ  پانی کے اندر ہی ہو، ان میں بہنے والا خون نہیں ہوتا، اگر  ظاہرًا  خون نظر بھی  آئے تو  بھی وہ حقیقت میں خون نہیں ہوتا، اس لیے  وہ ناپاک نہیں ہوتے، اس لیے دریا کے کتا اور سور  ناپاک نہیں ہے،  لیکن اس کا کھانا بھی جائز نہیں  ہے۔</p><p style=""text-align:justify;""><span class=""ar_writing"">الدر المختار وحاشية ابن عابدين (رد المحتار) (1 / 184):</span></p><p class=""indent"" style=""text-align:justify;""><span class=""ar_writing"">""(وَ مَائِيٌّ مُوَلَّدٌ) وَ لَوْ كَلْبَ الْمَاءِ وَ خِنْزِيرَهُ.</span></p><p class=""indent"" style=""text-align:justify;""><span class=""ar_writing"">(قَوْلُهُ: وَمَائِيٌّ مُوَلَّدٌ) عَطْفٌ عَلَى قَوْلِهِ غَيْرُ دَمَوِيٍّ: أَيْ مَا يَكُونُ تَوَالُدُهُ وَمَثْوَاهُ فِي الْمَاءِ سَوَاءٌ كَانَتْ لَهُ نَفْسٌ سَائِلَةٌ أَوْ لَا فِي ظَاهِرِ الرِّوَايَةِ بَحْرٌ عَنْ السِّرَاجِ: أَيْ لِأَنَّ ذَلِكَ لَيْسَ بِدَمٍ حَقِيقَةً وَعُرِفَ فِي الْخُلَاصَةِ الْمَائِيُّ بِمَا لَوْ اُسْتُخْرِجَ مِنْ الْمَاءِ يَمُوتُ مِنْ سَاعَتِهِ، وَإِنْ كَانَ يَعِيشُ فَهُوَ مَائِيٌّ وَبَرِّيٌّ فَجَعَلَ بَيْنَ الْمَائِيِّ وَالْبَرِّيِّ قِسْمًا آخَرَ وَهُوَ مَا يَكُونُ مَائِيًّا وَبَرِّيًّا، لَكِنْ لَمْ يَذْكُرْ لَهُ حُكْمًا عَلَى حِدَةٍ. وَالصَّحِيحُ أَنَّهُ مُلْحَقٌ بِالْمَائِيِّ لِعَدَمِ الدَّمَوِيَّةِ شَرْحُ الْمُنْيَةِ. أَقُولُ: وَالْمُرَادُ بِهَذَا الْقِسْمِ الْآخَرِ مَا يَكُونُ تَوَالُدُهُ فِي الْمَاءِ وَلَا يَمُوتُ مِنْ سَاعَتِهِ لَوْ أُخْرِجَ مِنْهُ كَالسَّرَطَانِ  (قَوْلُهُ: وَلَوْ كَلْبَ الْمَاءِ وَخِنْزِيرَهُ) أَيْ بِالْإِجْمَاعِ خُلَاصَةٌ، وَكَأَنَّهُ لَمْ يَعْتَبِرْ الْقَوْلَ الضَّعِيفَ الْمَحْكِيَّ فِي الْمِعْرَاجِ أَفَادَهُ فِي الْبَحْرِ"".</span></p><p class=""indent"" dir=""rtl"" style=""text-align:left;"">فقط واللہ اعلم</p></p><hr class=""big-hr""/>",31-07-2021,144212201674,banuri.edu.pk,طہارت,پانی کے احکام,پانی کے متفرق احکام,"<div class=""col-md-12 sawal-jawab""><h3 class=""question_heading"">سوال</h3><p><p style=""text-align:justify;"">دریا کا کتا اور سور پاک کیوں  ہے؟</p><div style=""height:16px;width:16px;padding:0;margin:0;""> </div></p><h4 class=""question_heading"">جواب</h4><p><p style=""text-align:justify;"">ایسے جانور جن کی پیدائش اور ٹھکانہ  پانی کے اندر ہی ہو، ان میں بہنے والا خون نہیں ہوتا، اگر  ظاہرًا  خون نظر بھی  آئے تو  بھی وہ حقیقت میں خون نہیں ہوتا، اس لیے  وہ ناپاک نہیں ہوتے، اس لیے دریا کے کتا اور سور  ناپاک نہیں ہے،  لیکن اس کا کھانا بھی جائز نہیں  ہے۔</p><p style=""text-align:justify;""><span class=""ar_writing"">الدر المختار وحاشية ابن عابدين (رد المحتار) (1 / 184):</span></p><p class=""indent"" style=""text-align:justify;""><span class=""ar_writing"">""(وَ مَائِيٌّ مُوَلَّدٌ) وَ لَوْ كَلْبَ الْمَاءِ وَ خِنْزِيرَهُ.</span></p><p class=""indent"" style=""text-align:justify;""><span class=""ar_writing"">(قَوْلُهُ: وَمَائِيٌّ مُوَلَّدٌ) عَطْفٌ عَلَى قَوْلِهِ غَيْرُ دَمَوِيٍّ: أَيْ مَا يَكُونُ تَوَالُدُهُ وَمَثْوَاهُ فِي الْمَاءِ سَوَاءٌ كَانَتْ لَهُ نَفْسٌ سَائِلَةٌ أَوْ لَا فِي ظَاهِرِ الرِّوَايَةِ بَحْرٌ عَنْ السِّرَاجِ: أَيْ لِأَنَّ ذَلِكَ لَيْسَ بِدَمٍ حَقِيقَةً وَعُرِفَ فِي الْخُلَاصَةِ الْمَائِيُّ بِمَا لَوْ اُسْتُخْرِجَ مِنْ الْمَاءِ يَمُوتُ مِنْ سَاعَتِهِ، وَإِنْ كَانَ يَعِيشُ فَهُوَ مَائِيٌّ وَبَرِّيٌّ فَجَعَلَ بَيْنَ الْمَائِيِّ وَالْبَرِّيِّ قِسْمًا آخَرَ وَهُوَ مَا يَكُونُ مَائِيًّا وَبَرِّيًّا، لَكِنْ لَمْ يَذْكُرْ لَهُ حُكْمًا عَلَى حِدَةٍ. وَالصَّحِيحُ أَنَّهُ مُلْحَقٌ بِالْمَائِيِّ لِعَدَمِ الدَّمَوِيَّةِ شَرْحُ الْمُنْيَةِ. أَقُولُ: وَالْمُرَادُ بِهَذَا الْقِسْمِ الْآخَرِ مَا يَكُونُ تَوَالُدُهُ فِي الْمَاءِ وَلَا يَمُوتُ مِنْ سَاعَتِهِ لَوْ أُخْرِجَ مِنْهُ كَالسَّرَطَانِ  (قَوْلُهُ: وَلَوْ كَلْبَ الْمَاءِ وَخِنْزِيرَهُ) أَيْ بِالْإِجْمَاعِ خُلَاصَةٌ، وَكَأَنَّهُ لَمْ يَعْتَبِرْ الْقَوْلَ الضَّعِيفَ الْمَحْكِيَّ فِي الْمِعْرَاجِ أَفَادَهُ فِي الْبَحْرِ"".</span></p><p class=""indent"" dir=""rtl"" style=""text-align:left;"">فقط واللہ اعلم</p></p><hr class=""big-hr""/><div class=""col-sm-6 col-md-6""><p class=""question_heading"" style=""color:#73161f"">فتویٰ نمبر : <a id=""fatwa_number"">144212201674</a></p></div><div class=""col-sm-6 col-md-6""><p style=""color:#73161f"">دارالافتاء :
                                جامعہ علوم اسلامیہ علامہ محمد یوسف بنوری ٹاؤن</p></div><hr class=""big-hr""/><div class=""col-sm-4 col-md-4""><div class=""tag""><a href=""https://www.banuri.edu.pk/questions/kitab/taharat""><i class=""icon-docs-bold""></i> طہارت</a></div></div><div class=""col-sm-4 col-md-4""><div class=""tag""><a href=""https://www.banuri.edu.pk/questions/bab/pani-k-ahkam""><i class=""icon-docs-bold""></i> پانی کے احکام</a></div></div><div class=""col-sm-4 col-md-4""><div class=""tag""><a href=""https://www.banuri.edu.pk/questions/fasal/pani-ke-mutafarriq-ahkaam""><i class=""icon-docs-bold""></i> پانی کے متفرق احکام</a></div></div></div>"
https://www.banuri.edu.pk/readquestion/namaz-main-qirat-ke-doran-aik-kalme-ki-jaga-dusra-kalma-parh-lena-144108200453/01-04-2020,نماز میں قراءت کے دوران ایک کلمے کی جگہ دوسرا کلمہ پڑھ لینا,"<p><p style=""text-align:justify;""> نماز میں سورۃ العادیات میں <span class=""ar_writing""> <span class=""qr_writing"">{وانه على ذلك لشهيد}</span></span>  کی جگہ  <span class=""ar_writing"">لشدید</span> پڑھے اور  <span class=""qr_writing"">{وانه لحب الخیر لشدید}</span>کی جگہ <span class=""ar_writing"">لشھید</span> پڑھے تو کیا حکم ہے؟ جب کے نماز میں پھر درست بھی نہ کرے۔</p></p>","<p><p style=""text-align:justify;"">نماز میں قراءت میں الفاظ کے تلفظ کی مطلق کمی یا معنی کی مطلق تبدیلی سے نماز فاسد نہیں ہوتی، اگر قرآن کی تلاوت  میں اس طرح کی غلطی ہوجائے کہ معنی میں تغیر فاحش ہوجائے، یعنی: ایسے معنی پیدا ہوجائیں، جن کا اعتقاد کفر ہوتا ہے اور غلط پڑھی گئی آیت یا جملے اور صحیح الفاظ کے درمیان وقفِ تام بھی نہ ہو (کہ مضمون کے انقطاع کی وجہ سے نماز کے فساد سے بچاجاسکے) اور نماز میں اس غلطی کی اصلاح بھی نہ کی جائے تو نماز فاسد ہوجاتی ہے۔</p><p style=""text-align:justify;"">لیکن  اگر تلفظ (حرکات وسکنات یامخارج وصفات) کی تبدیلی یا الفاظ کی کمی بیشی و تبدیلی کی وجہ سے معنیٰ تبدیل نہ ہو یا معنیٰ تو تبدیل ہو، لیکن تغیر فاحش نہ ہو  تو  اگرچہ اس سے نماز فاسد نہیں ہوگی، لیکن  درست تلاوت پر قدرت ہوتے  ہوئے اور علم ہوتے  ہوئے ایسی غلطی کی تو  کراہت  ضرور ہوگی، اور  تلاوت کے اجر میں کمی ہوگی؛ لہٰذا   اگر نماز  میں ایسی غلطی کا احساس ہوجائے تو اس آیت یا ان الفاظ کی نماز میں ہی تصحیح کرنی چاہیے، لیکن اگر کسی وجہ سے اس کو درست نہیں کیا تو بھی نماز ادا ہوجائے گی۔</p><p style=""text-align:justify;"">لہذا قراءت میں  <span style=""font-family:quran_font;font-weight:600;"">{وانه على ذلك لشهيد}  </span> کی جگہ   <span class=""ar_writing"">لشدید</span>  پڑھنے  اور  <span style=""font-family:quran_font;font-weight:600;"">{وانه لحب الخیر لشدید}</span>  کی جگہ  <span class=""ar_writing"">لشھید</span>پڑھنے سے اگرچہ معنی تبدیل ہوا ہے، لیکن معنی میں تغیر فاحش نہیں ہوا ہے، اس لیے نماز ادا ہوگئی ہے۔</p><p style=""text-align:justify;"">فتاوی عالمگیری میں ہے:</p><p class=""indent"" style=""text-align:justify;""><span class=""ar_writing"">""ومنها: ذکر کلمة مکان کلمة علی وجه البدل إن کانت الکلمة التي قرأها مکان کلمة یقرب معناها وهي في القرآن لاتفسد صلاته، نحو إن قرأ مکان العلیم الحکیم …، وإن کان في القرآن، ولکن لاتتقاربان في المعنی نحو إن قرأ: ""<span class=""qr_writing"">وعداً علینا إنا كنا</span> غافلین"" مکان <span class=""qr_writing"">{فاعلین}</span> ونحوه مما لو اعتقده یکفر تفسد عند عامة مشایخنا،وهو الصحیح من مذهب أبي یوسف رحمه الله تعالی، هکذا في الخلاصة"".</span></p><p class=""indent"" style=""text-align:left;""><span class=""ar_writing"">(الفتاوی الهندیة، ۱: ۸۰،، ط: المطبعة الکبری الأمیریة، بولاق، مصر)</span></p><p class=""indent"" style=""text-align:left;"">فقط واللہ اعلم</p></p><hr class=""big-hr""/>",01-04-2020,144108200453,banuri.edu.pk,نماز,نماز کی شرائط,نماز اور اس کی شرائط و ارکان ، سنن و آداب,"<div class=""col-md-12 sawal-jawab""><h3 class=""question_heading"">سوال</h3><p><p style=""text-align:justify;""> نماز میں سورۃ العادیات میں <span class=""ar_writing""> <span class=""qr_writing"">{وانه على ذلك لشهيد}</span></span>  کی جگہ  <span class=""ar_writing"">لشدید</span> پڑھے اور  <span class=""qr_writing"">{وانه لحب الخیر لشدید}</span>کی جگہ <span class=""ar_writing"">لشھید</span> پڑھے تو کیا حکم ہے؟ جب کے نماز میں پھر درست بھی نہ کرے۔</p></p><h4 class=""question_heading"">جواب</h4><p><p style=""text-align:justify;"">نماز میں قراءت میں الفاظ کے تلفظ کی مطلق کمی یا معنی کی مطلق تبدیلی سے نماز فاسد نہیں ہوتی، اگر قرآن کی تلاوت  میں اس طرح کی غلطی ہوجائے کہ معنی میں تغیر فاحش ہوجائے، یعنی: ایسے معنی پیدا ہوجائیں، جن کا اعتقاد کفر ہوتا ہے اور غلط پڑھی گئی آیت یا جملے اور صحیح الفاظ کے درمیان وقفِ تام بھی نہ ہو (کہ مضمون کے انقطاع کی وجہ سے نماز کے فساد سے بچاجاسکے) اور نماز میں اس غلطی کی اصلاح بھی نہ کی جائے تو نماز فاسد ہوجاتی ہے۔</p><p style=""text-align:justify;"">لیکن  اگر تلفظ (حرکات وسکنات یامخارج وصفات) کی تبدیلی یا الفاظ کی کمی بیشی و تبدیلی کی وجہ سے معنیٰ تبدیل نہ ہو یا معنیٰ تو تبدیل ہو، لیکن تغیر فاحش نہ ہو  تو  اگرچہ اس سے نماز فاسد نہیں ہوگی، لیکن  درست تلاوت پر قدرت ہوتے  ہوئے اور علم ہوتے  ہوئے ایسی غلطی کی تو  کراہت  ضرور ہوگی، اور  تلاوت کے اجر میں کمی ہوگی؛ لہٰذا   اگر نماز  میں ایسی غلطی کا احساس ہوجائے تو اس آیت یا ان الفاظ کی نماز میں ہی تصحیح کرنی چاہیے، لیکن اگر کسی وجہ سے اس کو درست نہیں کیا تو بھی نماز ادا ہوجائے گی۔</p><p style=""text-align:justify;"">لہذا قراءت میں  <span style=""font-family:quran_font;font-weight:600;"">{وانه على ذلك لشهيد}  </span> کی جگہ   <span class=""ar_writing"">لشدید</span>  پڑھنے  اور  <span style=""font-family:quran_font;font-weight:600;"">{وانه لحب الخیر لشدید}</span>  کی جگہ  <span class=""ar_writing"">لشھید</span>پڑھنے سے اگرچہ معنی تبدیل ہوا ہے، لیکن معنی میں تغیر فاحش نہیں ہوا ہے، اس لیے نماز ادا ہوگئی ہے۔</p><p style=""text-align:justify;"">فتاوی عالمگیری میں ہے:</p><p class=""indent"" style=""text-align:justify;""><span class=""ar_writing"">""ومنها: ذکر کلمة مکان کلمة علی وجه البدل إن کانت الکلمة التي قرأها مکان کلمة یقرب معناها وهي في القرآن لاتفسد صلاته، نحو إن قرأ مکان العلیم الحکیم …، وإن کان في القرآن، ولکن لاتتقاربان في المعنی نحو إن قرأ: ""<span class=""qr_writing"">وعداً علینا إنا كنا</span> غافلین"" مکان <span class=""qr_writing"">{فاعلین}</span> ونحوه مما لو اعتقده یکفر تفسد عند عامة مشایخنا،وهو الصحیح من مذهب أبي یوسف رحمه الله تعالی، هکذا في الخلاصة"".</span></p><p class=""indent"" style=""text-align:left;""><span class=""ar_writing"">(الفتاوی الهندیة، ۱: ۸۰،، ط: المطبعة الکبری الأمیریة، بولاق، مصر)</span></p><p class=""indent"" style=""text-align:left;"">فقط واللہ اعلم</p></p><hr class=""big-hr""/><div class=""col-sm-6 col-md-6""><p class=""question_heading"" style=""color:#73161f"">فتویٰ نمبر : <a id=""fatwa_number"">144108200453</a></p></div><div class=""col-sm-6 col-md-6""><p style=""color:#73161f"">دارالافتاء :
                                جامعہ علوم اسلامیہ علامہ محمد یوسف بنوری ٹاؤن</p></div><hr class=""big-hr""/><div class=""col-sm-4 col-md-4""><div class=""tag""><a href=""https://www.banuri.edu.pk/questions/kitab/salat""><i class=""icon-docs-bold""></i> نماز</a></div></div><div class=""col-sm-4 col-md-4""><div class=""tag""><a href=""https://www.banuri.edu.pk/questions/bab/namaz-ki-sharait""><i class=""icon-docs-bold""></i> نماز کی شرائط</a></div></div><div class=""col-sm-4 col-md-4""><div class=""tag""><a href=""https://www.banuri.edu.pk/questions/fasal/namaz-or-us-ki-sharait-o-arkaan-sunan-o-aadab""><i class=""icon-docs-bold""></i> نماز اور اس کی شرائط و ارکان ، سنن و آداب</a></div></div></div>"
https://www.banuri.edu.pk/readquestion/do-talaq-e-raji-dainay-kay-14-din-bad-2-gawahon-ki-mujodgi-main-zabani-ruju-karnay-ka-hukum-/01-04-2020,دو طلاق رجعی دینے کے چودہ دن بعد دو گواہوں کے سامنے زبانی رجوع کرنے کا حکم,"<p><p style=""text-align:justify;"">میں نے اپنی بیوی کو  26 دسمبر  2019 کو لفظِ  طلاق سے دو طلاقیں دی، شریعت کے اعتبار سے میری بیوی کی عدت شروع ہوچکی تھی،  لیکن میری بیوی نے ایک روز بھی  عدت نہیں کی، اور ہم دونوں الگ الگ گھر میں رہتے رہے، پھر  14 دن بعد دورانِ  عدت مؤرخہ   8  جنوری  میں نے اپنی بیوی کی رضامندی کے بغیر دو گواہوں کے سامنے زبانی رجوع کرلیا تھا، رجوع کے الفاظ یہ تھے (میں  ۔۔۔ اپنے پورے ہوش و حواس میں اپنی بیوی  ۔۔۔ سے رجوع کرتا ہوں اور اپنے نکاح میں لیتا اور رکھتا ہوں)  اور  میں نے اپنی بیوی کو موبائل پر میسج کے ذریعہ بتادیا تھا کہ میں نے اسے اپنے نکاح میں لے  لیا ہے اور گواہوں کے سامنے رجوع کرلیا ہے، اب تک طلاق اور رجوع کے بعد سے ہم دونوں میں کوئی میاں بیوی والا رشتہ نہ ہی قائم ہوا ہے اور نہ ہی ہم دونوں ملے ہیں، میری بیوی کہتی ہے کہ میری مرضی کے بغیر رجوع نہیں ہوسکتا ہے، میری عدت کا وقت پورا ہو چکا ہے، ہمارا اب کوئی تعلق نہیں رہا ہے۔ آپ سے پوچھنا یہ ہے کہ کیا ہمارا نکاح ختم ہو چکا ہے یا  اب بھی ہم دونوں میاں بیوی ہی ہیں؟ میں نے صرف دو طلاق دینے کے بعد رجوع کر لیا تھا ؟</p></p>","<p><p style=""text-align:justify;"">صورتِ  مسئولہ میں اگر واقعتًا  آپ نے دو طلاقیں دینے کے  14 دن  بعد زبانی طور پر رجوع کرلیا تھا جس کے دو گواہ بھی موجود ہیں تو آپ کا نکاح برقرار ہے اور  آپ کی بیوی بدستور آپ کے  نکاح میں ہے، کیوں کہ جب آپ نے لفظِ طلاق کے ساتھ دو طلاقیں دی تو اس سے دو طلاق رجعی واقع ہوگئی تھیں، اور رجعی طلاق چاہے ایک ہو یا دو، اس کے بعد عدت کے اندر اندر شوہر کو رجوع کرنے کا اختیار شریعتِ مطہرہ نے دیا ہے، چاہے بیوی راضی ہو یا راضی نہ ہو ؛ کیوں کہ بیوی کی رضامندی تجدیدِ  نکاح کے  لیے تو ضروری ہوتی ہے، رجوع کرنے کے  لیے بیوی کی رضامندی ضروری نہیں ہوتی، بلکہ  طلاقِ رجعی کی عدت کے اندر  رجوع کا اختیار شریعتِ  مطہرہ نے صرف شوہر کے حوالہ کیا ہے۔</p><p style=""text-align:justify;""><span class=""ar_writing"">الدر المختار مع رد المحتار (3/ 401 ):</span></p><p class=""indent"" style=""text-align:justify;""><span class=""ar_writing"">''(وندب إعلامها بها) لئلا تنكح غيره بعد العدة، فإن نكحت فرق بينهما وإن دخل، شمني. (و ندب الإشهاد) بعدلين ولو بعد الرجعة بالفعل (و) ندب (عدم دخوله بلا إذنها عليها) لتتأهب وإن قصد رجعتها لكراهتها بالفعل، كما مر. (ادعاها بعد العدة فيها) بأن قال: كنت راجعتك في عدتك (فصدقته صح) بالمصادقة (وإلا لا) يصح إجماعاً (و) كذا (لو أقام بينة بعد العدة أنه قال في عدتها: قد راجعتها، أو) أنه (قال: قد جامعتها) وتقدم قبولها على نفس اللمس والتقبيل فليحفظ (كان رجعةً)؛ لأن الثابت بالبينة كالثابت بالمعاينة، وهذا من أعجب المسائل حيث لا يثبت إقراره بإقراره بل بالبينة (كما لو قال فيها: كنت راجعتك أمس) فإنها تصح (وإن كذبته) لملكه الإنشاء في الحال''.</span></p><p class=""indent"" style=""text-align:left;"">فقط واللہ اعلم</p></p><hr class=""big-hr""/>",01-04-2020,144108200427,banuri.edu.pk,طلاق,رجوع,رجوع,"<div class=""col-md-12 sawal-jawab""><h3 class=""question_heading"">سوال</h3><p><p style=""text-align:justify;"">میں نے اپنی بیوی کو  26 دسمبر  2019 کو لفظِ  طلاق سے دو طلاقیں دی، شریعت کے اعتبار سے میری بیوی کی عدت شروع ہوچکی تھی،  لیکن میری بیوی نے ایک روز بھی  عدت نہیں کی، اور ہم دونوں الگ الگ گھر میں رہتے رہے، پھر  14 دن بعد دورانِ  عدت مؤرخہ   8  جنوری  میں نے اپنی بیوی کی رضامندی کے بغیر دو گواہوں کے سامنے زبانی رجوع کرلیا تھا، رجوع کے الفاظ یہ تھے (میں  ۔۔۔ اپنے پورے ہوش و حواس میں اپنی بیوی  ۔۔۔ سے رجوع کرتا ہوں اور اپنے نکاح میں لیتا اور رکھتا ہوں)  اور  میں نے اپنی بیوی کو موبائل پر میسج کے ذریعہ بتادیا تھا کہ میں نے اسے اپنے نکاح میں لے  لیا ہے اور گواہوں کے سامنے رجوع کرلیا ہے، اب تک طلاق اور رجوع کے بعد سے ہم دونوں میں کوئی میاں بیوی والا رشتہ نہ ہی قائم ہوا ہے اور نہ ہی ہم دونوں ملے ہیں، میری بیوی کہتی ہے کہ میری مرضی کے بغیر رجوع نہیں ہوسکتا ہے، میری عدت کا وقت پورا ہو چکا ہے، ہمارا اب کوئی تعلق نہیں رہا ہے۔ آپ سے پوچھنا یہ ہے کہ کیا ہمارا نکاح ختم ہو چکا ہے یا  اب بھی ہم دونوں میاں بیوی ہی ہیں؟ میں نے صرف دو طلاق دینے کے بعد رجوع کر لیا تھا ؟</p></p><h4 class=""question_heading"">جواب</h4><p><p style=""text-align:justify;"">صورتِ  مسئولہ میں اگر واقعتًا  آپ نے دو طلاقیں دینے کے  14 دن  بعد زبانی طور پر رجوع کرلیا تھا جس کے دو گواہ بھی موجود ہیں تو آپ کا نکاح برقرار ہے اور  آپ کی بیوی بدستور آپ کے  نکاح میں ہے، کیوں کہ جب آپ نے لفظِ طلاق کے ساتھ دو طلاقیں دی تو اس سے دو طلاق رجعی واقع ہوگئی تھیں، اور رجعی طلاق چاہے ایک ہو یا دو، اس کے بعد عدت کے اندر اندر شوہر کو رجوع کرنے کا اختیار شریعتِ مطہرہ نے دیا ہے، چاہے بیوی راضی ہو یا راضی نہ ہو ؛ کیوں کہ بیوی کی رضامندی تجدیدِ  نکاح کے  لیے تو ضروری ہوتی ہے، رجوع کرنے کے  لیے بیوی کی رضامندی ضروری نہیں ہوتی، بلکہ  طلاقِ رجعی کی عدت کے اندر  رجوع کا اختیار شریعتِ  مطہرہ نے صرف شوہر کے حوالہ کیا ہے۔</p><p style=""text-align:justify;""><span class=""ar_writing"">الدر المختار مع رد المحتار (3/ 401 ):</span></p><p class=""indent"" style=""text-align:justify;""><span class=""ar_writing"">''(وندب إعلامها بها) لئلا تنكح غيره بعد العدة، فإن نكحت فرق بينهما وإن دخل، شمني. (و ندب الإشهاد) بعدلين ولو بعد الرجعة بالفعل (و) ندب (عدم دخوله بلا إذنها عليها) لتتأهب وإن قصد رجعتها لكراهتها بالفعل، كما مر. (ادعاها بعد العدة فيها) بأن قال: كنت راجعتك في عدتك (فصدقته صح) بالمصادقة (وإلا لا) يصح إجماعاً (و) كذا (لو أقام بينة بعد العدة أنه قال في عدتها: قد راجعتها، أو) أنه (قال: قد جامعتها) وتقدم قبولها على نفس اللمس والتقبيل فليحفظ (كان رجعةً)؛ لأن الثابت بالبينة كالثابت بالمعاينة، وهذا من أعجب المسائل حيث لا يثبت إقراره بإقراره بل بالبينة (كما لو قال فيها: كنت راجعتك أمس) فإنها تصح (وإن كذبته) لملكه الإنشاء في الحال''.</span></p><p class=""indent"" style=""text-align:left;"">فقط واللہ اعلم</p></p><hr class=""big-hr""/><div class=""col-sm-6 col-md-6""><p class=""question_heading"" style=""color:#73161f"">فتویٰ نمبر : <a id=""fatwa_number"">144108200427</a></p></div><div class=""col-sm-6 col-md-6""><p style=""color:#73161f"">دارالافتاء :
                                جامعہ علوم اسلامیہ علامہ محمد یوسف بنوری ٹاؤن</p></div><hr class=""big-hr""/><div class=""col-sm-4 col-md-4""><div class=""tag""><a href=""https://www.banuri.edu.pk/questions/kitab/talaaq""><i class=""icon-docs-bold""></i> طلاق</a></div></div><div class=""col-sm-4 col-md-4""><div class=""tag""><a href=""https://www.banuri.edu.pk/questions/bab/rujoo""><i class=""icon-docs-bold""></i> رجوع</a></div></div><div class=""col-sm-4 col-md-4""><div class=""tag""><a href=""https://www.banuri.edu.pk/questions/fasal/rujoo""><i class=""icon-docs-bold""></i> رجوع</a></div></div></div>"
https://www.banuri.edu.pk/readquestion/dodh-moun-main-aanay-ka-andaisha-na-honay-kay-waqt-biwi-ka-pastan-chosnay-ka-hukum-144108200428/01-04-2020,دودھ منہ میں آنے کا اندیشہ نہ ہونے کے وقت بیوی کا پستان چوسنے کا حکم,"<p><p style=""text-align:justify;""> کیا شوہر اپنی بیوی کے پستان چوس سکتا ہے؟ ایسی حالت میں جب دودھ منہ میں جانے کا خدشہ نہ ہو، گناہ گار ہو گا یا نہیں ؟</p></p>","<p><p style=""text-align:justify;"">ایسی حالت میں جب کہ دودھ منہ میں آنے کا اندیشہ نہ ہو شوہر بیوی کے پستان چوسنے سے گناہ گار نہیں ہوگا۔ فقط واللہ اعلم</p></p><hr class=""big-hr""/>",01-04-2020,144108200428,banuri.edu.pk,حقوق و آدابِ معاشرت,حقوق,میاں ، بیوی کے حقوق,"<div class=""col-md-12 sawal-jawab""><h3 class=""question_heading"">سوال</h3><p><p style=""text-align:justify;""> کیا شوہر اپنی بیوی کے پستان چوس سکتا ہے؟ ایسی حالت میں جب دودھ منہ میں جانے کا خدشہ نہ ہو، گناہ گار ہو گا یا نہیں ؟</p></p><h4 class=""question_heading"">جواب</h4><p><p style=""text-align:justify;"">ایسی حالت میں جب کہ دودھ منہ میں آنے کا اندیشہ نہ ہو شوہر بیوی کے پستان چوسنے سے گناہ گار نہیں ہوگا۔ فقط واللہ اعلم</p></p><hr class=""big-hr""/><div class=""col-sm-6 col-md-6""><p class=""question_heading"" style=""color:#73161f"">فتویٰ نمبر : <a id=""fatwa_number"">144108200428</a></p></div><div class=""col-sm-6 col-md-6""><p style=""color:#73161f"">دارالافتاء :
                                جامعہ علوم اسلامیہ علامہ محمد یوسف بنوری ٹاؤن</p></div><hr class=""big-hr""/><div class=""col-sm-4 col-md-4""><div class=""tag""><a href=""https://www.banuri.edu.pk/questions/kitab/huqooq-muashret""><i class=""icon-docs-bold""></i> حقوق و آدابِ معاشرت</a></div></div><div class=""col-sm-4 col-md-4""><div class=""tag""><a href=""https://www.banuri.edu.pk/questions/bab/bahmi-huqooq""><i class=""icon-docs-bold""></i> حقوق</a></div></div><div class=""col-sm-4 col-md-4""><div class=""tag""><a href=""https://www.banuri.edu.pk/questions/fasal/mian-biwi-k-huqooq""><i class=""icon-docs-bold""></i> میاں ، بیوی کے حقوق</a></div></div></div>"
https://www.banuri.edu.pk/readquestion/aik-durood-shareef-say-mutaliq-144108200439/01-04-2020,ایک درود شریف سے متعلق,"<p><p>میں نے ایک پرانی کتاب میں ایک درود پاک لکھا دیکھا جس کے الفاظ ( اَللّٰھُمَّ صَلِّ وَسَلِّم عَلٰی سَیدنَا رَسُولِکَ مُحَمَّد ) لکھے تھے (جس میں رسولک پہلے لکھا گیا) لیکن میں نے اس طرح درود کے صیغے بہت کم ہی دیکھےہیں، تو کیا اس طرح سے پڑھنا ٹھیک ہے ؟ دوسرا یہ كہ اگر اس کے بعد دوسرا صیغہ ملایا جاۓ تو کیا اسم پاک محمدﷺ میں حرف ""د"" کو تنوین کے ساتھ پڑھا جاۓ ""<span class=""ar_writing"">دٍ</span>"" یا ساکن پڑھا جاۓ ؟</p></p>","<p><p style=""text-align:justify;"">1: اس طرح (<span class=""ar_writing"">اَللّٰھُمَّ صَلِّ وَسَلِّم عَلٰی سَیدنَا رَسُولِکَ مُحَمَّ</span><span style=""font-family:arabic_font;font-size:23px;font-weight:600;"">دٍ</span> ) پڑھنا درست ہے۔</p><p style=""text-align:justify;"">2 :  ایسی صورت میں ""دال"" کو تنوین کے ساتھ پڑھا جائےگا۔</p><p style=""text-align:justify;"">واضح رہے کہ کسی بھی درست مفہوم ومضمون پرمشتمل کلمات  سے درود پڑھا جاسکتا ہے، گو درود شریف کے وہ کلمات اور صیغے بعینہ،  رسول اللہ  ﷺ سے منقول نہ ہوں، اوراس سے حکم کی تعمیل اوردرودوسلام پڑھنے کاثواب حاصل ہوجاتاہے، اسی وجہ سےاہلِ علم سے درودشریف کے بہت سے صیغے اورطریقے منقول ہیں،  علماء نے اس موضوع پر مستقل کتب لکھی ہیں،  تاہم  جوالفاظ خودحضور ﷺ سے منقول ہیں (جیسے کہ مولانا اشرف علی تھانویؒ نے آپﷺ سے منقول شدہ تمام الفاظ کو اپنی کتاب""زاد السعید""  میں جمع کیا ہے)  اس کا پڑھنا  زیادہ بابرکت وباعث اجرہے،  پھر  ان میں درودِ ابراہیمی دوسرے درودوں کی بہ نسبت افضل ترین کلمات پر مشتمل ہے، اور اس کے صیغے تمام درودوں سے زیادہ فضیلت رکھتے ہیں،  رسولِ کریم ﷺنے نمازوں کے لیے اسی درورد کا انتخاب فرمایاہے، اسی وجہ سے نمازوں میں اور نماز کے باہر اس درود پاک کا وِرد زیادہ افضل ہے۔</p><p style=""text-align:justify;"">تفسیرمعارف القرآن (مفتی محمدشفیعؒ، المتوفی:1976ء)  میں ہے:</p><p class=""indent"" style=""text-align:justify;"">""صلوٰة وسلام کا طریقہ :</p><p class=""indent"" style=""text-align:justify;"">صحیح بخاری و مسلم وغیرہ سب کتب حدیث میں یہ حدیث آئی ہے کہ حضرت کعب بن عجرہ نے فرمایا کہ (جب یہ آیت نازل ہوئی تو) ایک شخص نے رسول اللہ (صلی اللہ علیہ وآلہ وسلم) سے سوال کیا کہ (آیت میں ہمیں دو چیزوں کا حکم ہے صلوٰة وسلام) سلام کا طریقہ تو ہمیں معلوم ہوچکا ہے کہ (کہ  السلام علیك أیها النبي  کہتے ہیں) صلوٰة کا طریقہ بھی بتلا دیجیے۔  آپ نے  فرمایا کہ یہ الفاظ کہا کرو: ""اللّھمّ صلّ على محمّد وعلى آل محمّد كما صلّیت على إبراهیم وعلى آل إبراهیم إنّك حمید مجید، اللّهم بارك على محمّد وعلى آل محمّد كما باركت على إبراهیم و على آل إبراهیم إنّك حمید مجید،  دوسری روایات  میں اس میں کچھ  کلمات اور بھی منقول ہیں۔</p><p class=""indent"" style=""text-align:justify;"">اور صحابہ کرام کے سوال کرنے کی وجہ غالباً یہ تھی کہ ان کے سلام کرنے کا طریقہ تو تشہد (یعنی التحیات) میں پہلے سکھایا جا چکا تھا کہ  السلام علیك أیها النبي ورحمة اللّه وبركاته  کہا جائے، اس لیے لفظ صلوٰة میں  انہوں نے اپنی طرف سے الفاظ مقرر کرنا پسند نہیں کیا، خود رسول اللہ  (صلی اللہ علیہ وآلہ وسلم) سے دریافت کر کے الفاظِ صلوٰة  متعین کرائے؛  اسی لیے نماز میں عام طور پر ان ہی الفاظ کے ساتھ صلوٰة کو اختیار کیا گیا ہے، مگر یہ کوئی ایسی تعیین نہیں جس میں تبدیلی ممنوع ہو، کیوں کہ خود رسول اللہ (صلی اللہ علیہ وآلہ وسلم) سے صلوٰة یعنی درودشریف کے بہت سے مختلف صیغے منقول و ماثور ہیں، صلوٰة وسلام کے حکم کی تعمیل ہر اس صیغہ سے ہو سکتی ہے جس میں صلوٰة وسلام کے الفاظ ہوں۔ اور یہ بھی ضروری نہیں کہ وہ الفاظ آں حضرت (صلی اللہ علیہ وآلہ وسلم) سے بعینہ منقول بھی ہوں،  بلکہ جس عبارت سے بھی صلوٰة وسلام کے الفاظ ادا  کیے جائیں اس حکم کی تعمیل اور درود شریف کا ثواب حاصل ہوجاتا ہے۔  مگر یہ ظاہر ہے کہ جو الفاظ خود آں حضرت (صلی اللہ علیہ وآلہ وسلم) سے منقول  ہیں وہ زیادہ بابرکت اور زیادہ ثواب کے موجب ہیں، اسی لیے صحابہ کرام نے الفاظِ  صلوٰة آپ سے متعین کرانے کا سوال فرمایا تھا۔""</p><p class=""indent"" dir=""rtl"" style=""text-align:left;"">(سورۃ الاحزاب، رقم الآیۃ:56، ج:7، ص:223، ط:مکتبۃ معارف القرآن کراچی)</p><p class=""indent"" dir=""rtl"" style=""text-align:left;"">فقط واللہ اعلم</p></p><hr class=""big-hr""/>",01-04-2020,144108200439,banuri.edu.pk,علوم و فنون,حدیث و سنت,حدیث کا معنی، مفہوم اور اقسام,"<div class=""col-md-12 sawal-jawab""><h3 class=""question_heading"">سوال</h3><p><p>میں نے ایک پرانی کتاب میں ایک درود پاک لکھا دیکھا جس کے الفاظ ( اَللّٰھُمَّ صَلِّ وَسَلِّم عَلٰی سَیدنَا رَسُولِکَ مُحَمَّد ) لکھے تھے (جس میں رسولک پہلے لکھا گیا) لیکن میں نے اس طرح درود کے صیغے بہت کم ہی دیکھےہیں، تو کیا اس طرح سے پڑھنا ٹھیک ہے ؟ دوسرا یہ كہ اگر اس کے بعد دوسرا صیغہ ملایا جاۓ تو کیا اسم پاک محمدﷺ میں حرف ""د"" کو تنوین کے ساتھ پڑھا جاۓ ""<span class=""ar_writing"">دٍ</span>"" یا ساکن پڑھا جاۓ ؟</p></p><h4 class=""question_heading"">جواب</h4><p><p style=""text-align:justify;"">1: اس طرح (<span class=""ar_writing"">اَللّٰھُمَّ صَلِّ وَسَلِّم عَلٰی سَیدنَا رَسُولِکَ مُحَمَّ</span><span style=""font-family:arabic_font;font-size:23px;font-weight:600;"">دٍ</span> ) پڑھنا درست ہے۔</p><p style=""text-align:justify;"">2 :  ایسی صورت میں ""دال"" کو تنوین کے ساتھ پڑھا جائےگا۔</p><p style=""text-align:justify;"">واضح رہے کہ کسی بھی درست مفہوم ومضمون پرمشتمل کلمات  سے درود پڑھا جاسکتا ہے، گو درود شریف کے وہ کلمات اور صیغے بعینہ،  رسول اللہ  ﷺ سے منقول نہ ہوں، اوراس سے حکم کی تعمیل اوردرودوسلام پڑھنے کاثواب حاصل ہوجاتاہے، اسی وجہ سےاہلِ علم سے درودشریف کے بہت سے صیغے اورطریقے منقول ہیں،  علماء نے اس موضوع پر مستقل کتب لکھی ہیں،  تاہم  جوالفاظ خودحضور ﷺ سے منقول ہیں (جیسے کہ مولانا اشرف علی تھانویؒ نے آپﷺ سے منقول شدہ تمام الفاظ کو اپنی کتاب""زاد السعید""  میں جمع کیا ہے)  اس کا پڑھنا  زیادہ بابرکت وباعث اجرہے،  پھر  ان میں درودِ ابراہیمی دوسرے درودوں کی بہ نسبت افضل ترین کلمات پر مشتمل ہے، اور اس کے صیغے تمام درودوں سے زیادہ فضیلت رکھتے ہیں،  رسولِ کریم ﷺنے نمازوں کے لیے اسی درورد کا انتخاب فرمایاہے، اسی وجہ سے نمازوں میں اور نماز کے باہر اس درود پاک کا وِرد زیادہ افضل ہے۔</p><p style=""text-align:justify;"">تفسیرمعارف القرآن (مفتی محمدشفیعؒ، المتوفی:1976ء)  میں ہے:</p><p class=""indent"" style=""text-align:justify;"">""صلوٰة وسلام کا طریقہ :</p><p class=""indent"" style=""text-align:justify;"">صحیح بخاری و مسلم وغیرہ سب کتب حدیث میں یہ حدیث آئی ہے کہ حضرت کعب بن عجرہ نے فرمایا کہ (جب یہ آیت نازل ہوئی تو) ایک شخص نے رسول اللہ (صلی اللہ علیہ وآلہ وسلم) سے سوال کیا کہ (آیت میں ہمیں دو چیزوں کا حکم ہے صلوٰة وسلام) سلام کا طریقہ تو ہمیں معلوم ہوچکا ہے کہ (کہ  السلام علیك أیها النبي  کہتے ہیں) صلوٰة کا طریقہ بھی بتلا دیجیے۔  آپ نے  فرمایا کہ یہ الفاظ کہا کرو: ""اللّھمّ صلّ على محمّد وعلى آل محمّد كما صلّیت على إبراهیم وعلى آل إبراهیم إنّك حمید مجید، اللّهم بارك على محمّد وعلى آل محمّد كما باركت على إبراهیم و على آل إبراهیم إنّك حمید مجید،  دوسری روایات  میں اس میں کچھ  کلمات اور بھی منقول ہیں۔</p><p class=""indent"" style=""text-align:justify;"">اور صحابہ کرام کے سوال کرنے کی وجہ غالباً یہ تھی کہ ان کے سلام کرنے کا طریقہ تو تشہد (یعنی التحیات) میں پہلے سکھایا جا چکا تھا کہ  السلام علیك أیها النبي ورحمة اللّه وبركاته  کہا جائے، اس لیے لفظ صلوٰة میں  انہوں نے اپنی طرف سے الفاظ مقرر کرنا پسند نہیں کیا، خود رسول اللہ  (صلی اللہ علیہ وآلہ وسلم) سے دریافت کر کے الفاظِ صلوٰة  متعین کرائے؛  اسی لیے نماز میں عام طور پر ان ہی الفاظ کے ساتھ صلوٰة کو اختیار کیا گیا ہے، مگر یہ کوئی ایسی تعیین نہیں جس میں تبدیلی ممنوع ہو، کیوں کہ خود رسول اللہ (صلی اللہ علیہ وآلہ وسلم) سے صلوٰة یعنی درودشریف کے بہت سے مختلف صیغے منقول و ماثور ہیں، صلوٰة وسلام کے حکم کی تعمیل ہر اس صیغہ سے ہو سکتی ہے جس میں صلوٰة وسلام کے الفاظ ہوں۔ اور یہ بھی ضروری نہیں کہ وہ الفاظ آں حضرت (صلی اللہ علیہ وآلہ وسلم) سے بعینہ منقول بھی ہوں،  بلکہ جس عبارت سے بھی صلوٰة وسلام کے الفاظ ادا  کیے جائیں اس حکم کی تعمیل اور درود شریف کا ثواب حاصل ہوجاتا ہے۔  مگر یہ ظاہر ہے کہ جو الفاظ خود آں حضرت (صلی اللہ علیہ وآلہ وسلم) سے منقول  ہیں وہ زیادہ بابرکت اور زیادہ ثواب کے موجب ہیں، اسی لیے صحابہ کرام نے الفاظِ  صلوٰة آپ سے متعین کرانے کا سوال فرمایا تھا۔""</p><p class=""indent"" dir=""rtl"" style=""text-align:left;"">(سورۃ الاحزاب، رقم الآیۃ:56، ج:7، ص:223، ط:مکتبۃ معارف القرآن کراچی)</p><p class=""indent"" dir=""rtl"" style=""text-align:left;"">فقط واللہ اعلم</p></p><hr class=""big-hr""/><div class=""col-sm-6 col-md-6""><p class=""question_heading"" style=""color:#73161f"">فتویٰ نمبر : <a id=""fatwa_number"">144108200439</a></p></div><div class=""col-sm-6 col-md-6""><p style=""color:#73161f"">دارالافتاء :
                                جامعہ علوم اسلامیہ علامہ محمد یوسف بنوری ٹاؤن</p></div><hr class=""big-hr""/><div class=""col-sm-4 col-md-4""><div class=""tag""><a href=""https://www.banuri.edu.pk/questions/kitab/uloom-funoon""><i class=""icon-docs-bold""></i> علوم و فنون</a></div></div><div class=""col-sm-4 col-md-4""><div class=""tag""><a href=""https://www.banuri.edu.pk/questions/bab/hadees-sunnat""><i class=""icon-docs-bold""></i> حدیث و سنت</a></div></div><div class=""col-sm-4 col-md-4""><div class=""tag""><a href=""https://www.banuri.edu.pk/questions/fasal/hadees-ka-mana-mafhom-aur-aqsaam""><i class=""icon-docs-bold""></i> حدیث کا معنی، مفہوم اور اقسام</a></div></div></div>"
https://www.banuri.edu.pk/readquestion/shohar-kay-huqoq-ka-bayan-144108200429/01-04-2020,اسلامی تعلیمات کی روشنی میں شوہر کے حقوق,<p><p>اسلامی تعلیمات کی روشنی میں شوہر کے کیا حقوق ہیں ؟</p><p> </p></p>,"<p><p style=""text-align:justify;"">شریعتِ مطہرہ میں میاں بیوی کے باہمی حقوق کو بہت اہمیت کے ساتھ بیان کیا گیا ہے اور  دونوں کو ایک دوسرے کے حقوق کے بہت تاکید کی گئی ہے۔</p><p style=""text-align:justify;"">شوہر کے حقوق: </p><p style=""text-align:justify;"">احادیث مبارکہ میں جو عورت شوہر کے نافرمانی کرے ایسی عورت کے بارے میں   سخت وعیدیں آئی ہیں، اور جو عورت شوہر کی فرماں برداری  اور اطاعت کرے اس کی بڑی فضیلت  بیان  کی گئی ہے۔</p><p style=""text-align:justify;"">         حدیث مبارک میں ہے:</p><p class=""indent"" style=""text-align:justify;""><span class=""ar_writing"">""قال رسول الله صلى الله عليه وسلم: «إذا دعا الرجل امرأته إلى فراشه فأبت فبات غضبان لعنتها الملائكة حتى تصبح»"".</span></p><p class=""indent"" style=""text-align:left;""><span class=""ar_writing"">(مشکاۃ المصابیح، 2/280،  باب عشرۃ النساء، ط: قدیمی)</span></p><p class=""indent"" style=""text-align:justify;"">ترجمہ: رسول کریم ﷺ نے فرمایا: اگر کوئی مرد اپنی عورت کو ہم بستر ہونے کے لیے بلائے اور وہ انکار کردے، اور پھر شوہر (اس انکار کی وجہ سے) رات بھر غصہ کی حالت میں رہے  تو فرشتہ اس عورت پر صبح تک لعنت بھیجتے  رہتے ہیں۔ (مظاہر حق، 3/358، ط؛  دارالاشاعت)</p><p style=""text-align:justify;"">         ایک اور حدیث مبارک میں ہے:</p><p class=""indent"" style=""text-align:justify;""><span class=""ar_writing"">""قال رسول الله صلى الله عليه وسلم: «لو كنت آمر أحداً أن يسجد لأحد لأمرت المرأة أن تسجد لزوجها» . رواه الترمذي"".</span></p><p class=""indent"" style=""text-align:left;""><span class=""ar_writing"">(مشکاۃ المصابیح، 2/281،  باب عشرۃ النساء، ط: قدیمی)</span></p><p class=""indent"" style=""text-align:justify;"">ترجمہ: رسول کریم ﷺ نے فرمایا: اگر میں کسی کو یہ حکم کرسکتا کہ  وہ کسی (غیر اللہ) کو سجدہ کرے تو میں یقیناً عورت کو حکم کرتا کہ وہ اپنے خاوند کو سجدہ کرے۔(مظاہر حق، 3/366، ط؛  دارالاشاعت)</p><p style=""text-align:justify;"">ایک اور حدیث مبارک میں ہے:</p><p class=""indent"" style=""text-align:justify;""><span class=""ar_writing"">""قال رسول الله صلى الله عليه وسلم: «المرأة إذا صلت خمسها وصامت شهرها وأحصنت فرجها وأطاعت بعلها فلتدخل من أي  أبواب الجنة شاءت» . رواه أبو نعيم في الحلية"".</span></p><p class=""indent"" style=""text-align:left;""><span class=""ar_writing"">(مشکاۃ المصابیح، 2/281،  باب عشرۃ النساء، ط: قدیمی)</span></p><p class=""indent"" style=""text-align:justify;"">ترجمہ:  حضرت انس  رضی اللہ عنہ  کہتے ہیں کہ رسول کریم ﷺ نے فرمایا: جس عورت نے  (اپنی پاکی کے  دنوں میں پابندی کے ساتھ) پانچوں وقت کی نماز پڑھی،  رمضان کے  (ادا اور قضا) رکھے،  اپنی شرم گاہ کی حفاظت کی  اور اپنے خاوند  کی فرماں برداری کی  تو (اس عورت کے لیے یہ بشارت ہےکہ) وہ جس دروازہ سے چاہے جنت میں داخل ہوجائے۔(مظاہر حق، 3/366، ط: دارالاشاعت)</p><p style=""text-align:justify;"">  خلاصہ یہ ہے کہ بیوی کو چاہیے  کہ وہ اپنے شوہر کو اپنے سے بالاتر سمجھے،  اس کی وفادار اور فرماں بردار رہے، اس کی خیرخواہی اور رضا جوئی میں کمی نہ کرے، اپنی دنیا  اور آخرت کی بھلائی  اس کی خوشی سے وابستہ سمجھ اور اس کے ہر جائز حکم کو خوش دلی سے بجا لانے کو اپنی سعادت سمجھے،  اور شوہر کو چاہیے کہ  وہ اپنی بیوی کو اللہ کی عطا کی ہوئی نعمت سمجھے،  اس  کی قدر اور اس سے محبت  کرے، اگر اس سے غلطی ہوجائے تو چشم پوشی  سے کام لے، صبروتحمل اور دانش مندی سے اس کی  اصلاح کی کوشش کرے،  اپنی استطاعت کی حد تک اس کی ضروریات اچھی طرح پوری کرے، اس کی راحت رسانی اور دل جوئی کی کوشش کرے۔</p><p class=""indent"" style=""text-align:left;"">فقط واللہ اعلم</p></p><hr class=""big-hr""/>",01-04-2020,144108200429,banuri.edu.pk,حقوق و آدابِ معاشرت,حقوق,میاں ، بیوی کے حقوق,"<div class=""col-md-12 sawal-jawab""><h3 class=""question_heading"">سوال</h3><p><p>اسلامی تعلیمات کی روشنی میں شوہر کے کیا حقوق ہیں ؟</p><p> </p></p><h4 class=""question_heading"">جواب</h4><p><p style=""text-align:justify;"">شریعتِ مطہرہ میں میاں بیوی کے باہمی حقوق کو بہت اہمیت کے ساتھ بیان کیا گیا ہے اور  دونوں کو ایک دوسرے کے حقوق کے بہت تاکید کی گئی ہے۔</p><p style=""text-align:justify;"">شوہر کے حقوق: </p><p style=""text-align:justify;"">احادیث مبارکہ میں جو عورت شوہر کے نافرمانی کرے ایسی عورت کے بارے میں   سخت وعیدیں آئی ہیں، اور جو عورت شوہر کی فرماں برداری  اور اطاعت کرے اس کی بڑی فضیلت  بیان  کی گئی ہے۔</p><p style=""text-align:justify;"">         حدیث مبارک میں ہے:</p><p class=""indent"" style=""text-align:justify;""><span class=""ar_writing"">""قال رسول الله صلى الله عليه وسلم: «إذا دعا الرجل امرأته إلى فراشه فأبت فبات غضبان لعنتها الملائكة حتى تصبح»"".</span></p><p class=""indent"" style=""text-align:left;""><span class=""ar_writing"">(مشکاۃ المصابیح، 2/280،  باب عشرۃ النساء، ط: قدیمی)</span></p><p class=""indent"" style=""text-align:justify;"">ترجمہ: رسول کریم ﷺ نے فرمایا: اگر کوئی مرد اپنی عورت کو ہم بستر ہونے کے لیے بلائے اور وہ انکار کردے، اور پھر شوہر (اس انکار کی وجہ سے) رات بھر غصہ کی حالت میں رہے  تو فرشتہ اس عورت پر صبح تک لعنت بھیجتے  رہتے ہیں۔ (مظاہر حق، 3/358، ط؛  دارالاشاعت)</p><p style=""text-align:justify;"">         ایک اور حدیث مبارک میں ہے:</p><p class=""indent"" style=""text-align:justify;""><span class=""ar_writing"">""قال رسول الله صلى الله عليه وسلم: «لو كنت آمر أحداً أن يسجد لأحد لأمرت المرأة أن تسجد لزوجها» . رواه الترمذي"".</span></p><p class=""indent"" style=""text-align:left;""><span class=""ar_writing"">(مشکاۃ المصابیح، 2/281،  باب عشرۃ النساء، ط: قدیمی)</span></p><p class=""indent"" style=""text-align:justify;"">ترجمہ: رسول کریم ﷺ نے فرمایا: اگر میں کسی کو یہ حکم کرسکتا کہ  وہ کسی (غیر اللہ) کو سجدہ کرے تو میں یقیناً عورت کو حکم کرتا کہ وہ اپنے خاوند کو سجدہ کرے۔(مظاہر حق، 3/366، ط؛  دارالاشاعت)</p><p style=""text-align:justify;"">ایک اور حدیث مبارک میں ہے:</p><p class=""indent"" style=""text-align:justify;""><span class=""ar_writing"">""قال رسول الله صلى الله عليه وسلم: «المرأة إذا صلت خمسها وصامت شهرها وأحصنت فرجها وأطاعت بعلها فلتدخل من أي  أبواب الجنة شاءت» . رواه أبو نعيم في الحلية"".</span></p><p class=""indent"" style=""text-align:left;""><span class=""ar_writing"">(مشکاۃ المصابیح، 2/281،  باب عشرۃ النساء، ط: قدیمی)</span></p><p class=""indent"" style=""text-align:justify;"">ترجمہ:  حضرت انس  رضی اللہ عنہ  کہتے ہیں کہ رسول کریم ﷺ نے فرمایا: جس عورت نے  (اپنی پاکی کے  دنوں میں پابندی کے ساتھ) پانچوں وقت کی نماز پڑھی،  رمضان کے  (ادا اور قضا) رکھے،  اپنی شرم گاہ کی حفاظت کی  اور اپنے خاوند  کی فرماں برداری کی  تو (اس عورت کے لیے یہ بشارت ہےکہ) وہ جس دروازہ سے چاہے جنت میں داخل ہوجائے۔(مظاہر حق، 3/366، ط: دارالاشاعت)</p><p style=""text-align:justify;"">  خلاصہ یہ ہے کہ بیوی کو چاہیے  کہ وہ اپنے شوہر کو اپنے سے بالاتر سمجھے،  اس کی وفادار اور فرماں بردار رہے، اس کی خیرخواہی اور رضا جوئی میں کمی نہ کرے، اپنی دنیا  اور آخرت کی بھلائی  اس کی خوشی سے وابستہ سمجھ اور اس کے ہر جائز حکم کو خوش دلی سے بجا لانے کو اپنی سعادت سمجھے،  اور شوہر کو چاہیے کہ  وہ اپنی بیوی کو اللہ کی عطا کی ہوئی نعمت سمجھے،  اس  کی قدر اور اس سے محبت  کرے، اگر اس سے غلطی ہوجائے تو چشم پوشی  سے کام لے، صبروتحمل اور دانش مندی سے اس کی  اصلاح کی کوشش کرے،  اپنی استطاعت کی حد تک اس کی ضروریات اچھی طرح پوری کرے، اس کی راحت رسانی اور دل جوئی کی کوشش کرے۔</p><p class=""indent"" style=""text-align:left;"">فقط واللہ اعلم</p></p><hr class=""big-hr""/><div class=""col-sm-6 col-md-6""><p class=""question_heading"" style=""color:#73161f"">فتویٰ نمبر : <a id=""fatwa_number"">144108200429</a></p></div><div class=""col-sm-6 col-md-6""><p style=""color:#73161f"">دارالافتاء :
                                جامعہ علوم اسلامیہ علامہ محمد یوسف بنوری ٹاؤن</p></div><hr class=""big-hr""/><div class=""col-sm-4 col-md-4""><div class=""tag""><a href=""https://www.banuri.edu.pk/questions/kitab/huqooq-muashret""><i class=""icon-docs-bold""></i> حقوق و آدابِ معاشرت</a></div></div><div class=""col-sm-4 col-md-4""><div class=""tag""><a href=""https://www.banuri.edu.pk/questions/bab/bahmi-huqooq""><i class=""icon-docs-bold""></i> حقوق</a></div></div><div class=""col-sm-4 col-md-4""><div class=""tag""><a href=""https://www.banuri.edu.pk/questions/fasal/mian-biwi-k-huqooq""><i class=""icon-docs-bold""></i> میاں ، بیوی کے حقوق</a></div></div></div>"
https://www.banuri.edu.pk/readquestion/khunsa-mushkil-janwar-ki-qurbani-144108200461/01-04-2020,خنثی مشکل جانور کی قربانی,"<p><p style=""text-align:justify;"">ایک بکرا /بکری ہے جو ایک سال کا ہے وہ نہ تو بکرا ہے اور  نہ ہی بکری اور کچھ حرکات بکرے والی ہیں، جیسا کہ بکری کو دیکھ کر مستی میں آنا ۔کیا ایسے جانور کی قربانی جائز ہے اور کیا ایسے جانور کا گوشت کھانا جائز ہے؟</p></p>","<p><p style=""text-align:justify;"">خنثی مشکل وہ جانور ہے جس کےنر یا مادہ ہونے کی تمیز مشکل ہو اور دونوں کی علامات موجود ہوں، ایسے جانور کی قربانی جائز نہیں، البتہ اگر  ایسے جانور کو  ذبح کیا گیا تو اس کا گوشت کھانا حلال ہے۔ </p><p style=""text-align:justify;"">فتاوی محمودیہ میں ہے (17/ 379):</p><p class=""indent"" style=""text-align:justify;"">’’جس بکری میں نر اور مادہ دونوں کی علامتیں موجود نہ ہوں، یا دونوں کی علامت ہو وہ خنثی ہے اس کی قربانی نہ کی جائے۔‘‘</p><p style=""text-align:justify;""><span class=""ar_writing"">الدر المختار وحاشية ابن عابدين (رد المحتار) - (6 / 325)</span></p><p class=""indent"" style=""text-align:justify;""><span class=""ar_writing"">""ولا بالخنثى لأن لحمها لاينضج شرح وهبانية، وتمامه فيه"".</span></p><p class=""indent"" style=""text-align:left;"">فقط واللہ اعلم </p></p><hr class=""big-hr""/>",01-04-2020,144108200461,banuri.edu.pk,عبادات,ذبیحہ / قربانی,ذبح ، شرائط ، سنن ، آداب و مکروہات,"<div class=""col-md-12 sawal-jawab""><h3 class=""question_heading"">سوال</h3><p><p style=""text-align:justify;"">ایک بکرا /بکری ہے جو ایک سال کا ہے وہ نہ تو بکرا ہے اور  نہ ہی بکری اور کچھ حرکات بکرے والی ہیں، جیسا کہ بکری کو دیکھ کر مستی میں آنا ۔کیا ایسے جانور کی قربانی جائز ہے اور کیا ایسے جانور کا گوشت کھانا جائز ہے؟</p></p><h4 class=""question_heading"">جواب</h4><p><p style=""text-align:justify;"">خنثی مشکل وہ جانور ہے جس کےنر یا مادہ ہونے کی تمیز مشکل ہو اور دونوں کی علامات موجود ہوں، ایسے جانور کی قربانی جائز نہیں، البتہ اگر  ایسے جانور کو  ذبح کیا گیا تو اس کا گوشت کھانا حلال ہے۔ </p><p style=""text-align:justify;"">فتاوی محمودیہ میں ہے (17/ 379):</p><p class=""indent"" style=""text-align:justify;"">’’جس بکری میں نر اور مادہ دونوں کی علامتیں موجود نہ ہوں، یا دونوں کی علامت ہو وہ خنثی ہے اس کی قربانی نہ کی جائے۔‘‘</p><p style=""text-align:justify;""><span class=""ar_writing"">الدر المختار وحاشية ابن عابدين (رد المحتار) - (6 / 325)</span></p><p class=""indent"" style=""text-align:justify;""><span class=""ar_writing"">""ولا بالخنثى لأن لحمها لاينضج شرح وهبانية، وتمامه فيه"".</span></p><p class=""indent"" style=""text-align:left;"">فقط واللہ اعلم </p></p><hr class=""big-hr""/><div class=""col-sm-6 col-md-6""><p class=""question_heading"" style=""color:#73161f"">فتویٰ نمبر : <a id=""fatwa_number"">144108200461</a></p></div><div class=""col-sm-6 col-md-6""><p style=""color:#73161f"">دارالافتاء :
                                جامعہ علوم اسلامیہ علامہ محمد یوسف بنوری ٹاؤن</p></div><hr class=""big-hr""/><div class=""col-sm-4 col-md-4""><div class=""tag""><a href=""https://www.banuri.edu.pk/questions/kitab/ebadat""><i class=""icon-docs-bold""></i> عبادات</a></div></div><div class=""col-sm-4 col-md-4""><div class=""tag""><a href=""https://www.banuri.edu.pk/questions/bab/zabiha-qurbani""><i class=""icon-docs-bold""></i> ذبیحہ / قربانی</a></div></div><div class=""col-sm-4 col-md-4""><div class=""tag""><a href=""https://www.banuri.edu.pk/questions/fasal/zibah-sharait-sunan-aadab-o-makrohat""><i class=""icon-docs-bold""></i> ذبح ، شرائط ، سنن ، آداب و مکروہات</a></div></div></div>"
https://www.banuri.edu.pk/readquestion/hundi-ke-zarye-raqam-bhej-kar-izafi-raqam-dena-144108200447/01-04-2020,ہنڈی کے ذریعے رقم بھیج کر اضافی رقم دینا,"<p><p style=""text-align:justify;"">میں مجبوری کے تحت ہنڈی کے ذریعے پیسے بھجواتا ہوں، میرے پیسے پورے پورے مل جاتے ہیں گھر پر،  لیکن جب ایک مہینے بعد واپس کرتا ہوں تو ایک سو ریال پر دس ریال زیادہ دینا پڑتا ہے، کیا یہ سود کے زمرے میں آتا ہے، یہ صرف ایک مجبوری کی وجہ سے کر رہا ہوں، ورنہ میں بینک کے ذریعے بھیجتا تھا ؟</p></p>","<p><p style=""text-align:justify;"">ہنڈی کا کاروبار ملکی وبین الاقوامی قوانین کی رو سے ممنوع ہے ؛ اس لیے رقم کی ترسیل کے لیے جائز قانونی راستہ ہی اختیار کرنا چاہیے ، البتہ اگر کسی نے ہنڈی کے ذریعے رقم بھجوائی تو اسے مندرجہ ذیل شرعی حکم کی تفصیل ملحوظ رکھنا لازمی ہے :</p><p class=""indent"" style=""text-align:justify;"">1۔ چوں کہ مروجہ ہنڈی (حوالہ) کی حیثیت قرض کی ہے؛ اس لیے جتنی رقم دی جائے اتنی ہی رقم آگے پہنچانا ضروری ہے، اس میں کمی بیشی جائز نہیں ہے، البتہ بطورِ فیس/اجرت الگ سے طے شدہ اضافی رقم لی جاسکتی ہے۔</p><p class=""indent"" style=""text-align:justify;"">2۔ کرنسیوں کے مختلف ہونے کی صورت میں (مثلا ایک طرف کرنسی درہم ہے اور دوسری طرف پاکستانی روپیہ ہے ) لازم ہے کہ دوسرےملک جہاں قرض کی ادائیگی کرنی ہے ( مثلاً پاکستان میں) ادائیگی کے وقت یا تو قرض لی ہوئی کرنسی (مثلاً درہم )  ہی پوری پوری واپس کرے یا پھر  جتنے درہم قرض  دیے گئے تھے ادائیگی  کے دن پاکستان میں درہم کے جو ریٹ چل رہے ہوں اس  ریٹ کے مطابق، قرض دیے گئے درہم کے جتنے پاکستانی روپے بنتے ہوں، پاکستان میں ادا کیے جائیں،  درھم کے  مارکیٹ ریٹ سے کم یا زیادہ  طے کر کے لین دین کرنا جائز نہیں ہے۔ </p><p style=""text-align:justify;"">لہذا صورت مسئولہ میں سو (100) ریال ہنڈی کے طور پر دے کر ایک سو دس ریال ادا کرنا جائز نہیں ہے، یہ زیادتی سود میں شمار ہوگی، البتہ سو ریال ہنڈی کے طور پر بھیجے جائیں اور پاکستان میں وہ پیسے سو ریال ہی پہنچائے جائیں اور ابتدا  ہی سے اس خدمت کی اجرت الگ سے طے کرلی جائے تو  اجرت کے طور پر الگ سے رقم دینا جائز ہوگا۔</p><p style=""text-align:justify;"">""تنقیح الفتاوی الحامدیة""میں ہے:</p><p class=""indent"" style=""text-align:justify;""><span class=""ar_writing"">""الدیون تقضیٰ بأمثالها"".</span></p><p class=""indent"" style=""text-align:left;""><span class=""ar_writing"">(کتاب البیوع، باب القرض، ج؛۱ ؍ ۵۰۰ ، ط:قدیمی)</span></p><p style=""text-align:justify;"">فتاویٰ شامی میں ہے:</p><p class=""indent"" style=""text-align:justify;""><span class=""ar_writing"">""و في الأشباه: کل قرض جر نفعاً حرام"".</span></p><p class=""indent"" style=""text-align:left;""><span class=""ar_writing"">(کتاب البیوع، فصل فی القرض، ج:۵ ؍ ۱۶۶ ، ط:سعید )</span></p><p style=""text-align:justify;""><span class=""ar_writing"">الفقه الإسلامي وأدلته (5/ 331):</span></p><p class=""indent"" style=""text-align:justify;""><span class=""ar_writing"">""ويتم التعبير عن هذا القرض بتسليم المقرض وصلاً (وثيقة)، يثبت حقه في بدل القرض، ويكون المقترض وهو الصراف أو البنك ضامناً لبدل القرض، ولكنه يأخذ أجراً أو عمولةً على تسليم المبلغ في بلد آخر مقابل مصاريف الشيك أوأجرة البريد أو البرقية أو التلكس فقط؛ لتكليف وكيل الصراف بالوفاء أو السداد. وهذان العقدان: الصرف والتحويل القائم على القرض هما الطريقان لتصحيح هذا التعامل، فيما يبدو لي"".</span></p><p class=""indent"" style=""text-align:left;"">فقط واللہ اعلم</p></p><hr class=""big-hr""/>",01-04-2020,144108200447,banuri.edu.pk,معاملات,سود / بینکاری / انشورنس / شیئرز,قرض کے احکام,"<div class=""col-md-12 sawal-jawab""><h3 class=""question_heading"">سوال</h3><p><p style=""text-align:justify;"">میں مجبوری کے تحت ہنڈی کے ذریعے پیسے بھجواتا ہوں، میرے پیسے پورے پورے مل جاتے ہیں گھر پر،  لیکن جب ایک مہینے بعد واپس کرتا ہوں تو ایک سو ریال پر دس ریال زیادہ دینا پڑتا ہے، کیا یہ سود کے زمرے میں آتا ہے، یہ صرف ایک مجبوری کی وجہ سے کر رہا ہوں، ورنہ میں بینک کے ذریعے بھیجتا تھا ؟</p></p><h4 class=""question_heading"">جواب</h4><p><p style=""text-align:justify;"">ہنڈی کا کاروبار ملکی وبین الاقوامی قوانین کی رو سے ممنوع ہے ؛ اس لیے رقم کی ترسیل کے لیے جائز قانونی راستہ ہی اختیار کرنا چاہیے ، البتہ اگر کسی نے ہنڈی کے ذریعے رقم بھجوائی تو اسے مندرجہ ذیل شرعی حکم کی تفصیل ملحوظ رکھنا لازمی ہے :</p><p class=""indent"" style=""text-align:justify;"">1۔ چوں کہ مروجہ ہنڈی (حوالہ) کی حیثیت قرض کی ہے؛ اس لیے جتنی رقم دی جائے اتنی ہی رقم آگے پہنچانا ضروری ہے، اس میں کمی بیشی جائز نہیں ہے، البتہ بطورِ فیس/اجرت الگ سے طے شدہ اضافی رقم لی جاسکتی ہے۔</p><p class=""indent"" style=""text-align:justify;"">2۔ کرنسیوں کے مختلف ہونے کی صورت میں (مثلا ایک طرف کرنسی درہم ہے اور دوسری طرف پاکستانی روپیہ ہے ) لازم ہے کہ دوسرےملک جہاں قرض کی ادائیگی کرنی ہے ( مثلاً پاکستان میں) ادائیگی کے وقت یا تو قرض لی ہوئی کرنسی (مثلاً درہم )  ہی پوری پوری واپس کرے یا پھر  جتنے درہم قرض  دیے گئے تھے ادائیگی  کے دن پاکستان میں درہم کے جو ریٹ چل رہے ہوں اس  ریٹ کے مطابق، قرض دیے گئے درہم کے جتنے پاکستانی روپے بنتے ہوں، پاکستان میں ادا کیے جائیں،  درھم کے  مارکیٹ ریٹ سے کم یا زیادہ  طے کر کے لین دین کرنا جائز نہیں ہے۔ </p><p style=""text-align:justify;"">لہذا صورت مسئولہ میں سو (100) ریال ہنڈی کے طور پر دے کر ایک سو دس ریال ادا کرنا جائز نہیں ہے، یہ زیادتی سود میں شمار ہوگی، البتہ سو ریال ہنڈی کے طور پر بھیجے جائیں اور پاکستان میں وہ پیسے سو ریال ہی پہنچائے جائیں اور ابتدا  ہی سے اس خدمت کی اجرت الگ سے طے کرلی جائے تو  اجرت کے طور پر الگ سے رقم دینا جائز ہوگا۔</p><p style=""text-align:justify;"">""تنقیح الفتاوی الحامدیة""میں ہے:</p><p class=""indent"" style=""text-align:justify;""><span class=""ar_writing"">""الدیون تقضیٰ بأمثالها"".</span></p><p class=""indent"" style=""text-align:left;""><span class=""ar_writing"">(کتاب البیوع، باب القرض، ج؛۱ ؍ ۵۰۰ ، ط:قدیمی)</span></p><p style=""text-align:justify;"">فتاویٰ شامی میں ہے:</p><p class=""indent"" style=""text-align:justify;""><span class=""ar_writing"">""و في الأشباه: کل قرض جر نفعاً حرام"".</span></p><p class=""indent"" style=""text-align:left;""><span class=""ar_writing"">(کتاب البیوع، فصل فی القرض، ج:۵ ؍ ۱۶۶ ، ط:سعید )</span></p><p style=""text-align:justify;""><span class=""ar_writing"">الفقه الإسلامي وأدلته (5/ 331):</span></p><p class=""indent"" style=""text-align:justify;""><span class=""ar_writing"">""ويتم التعبير عن هذا القرض بتسليم المقرض وصلاً (وثيقة)، يثبت حقه في بدل القرض، ويكون المقترض وهو الصراف أو البنك ضامناً لبدل القرض، ولكنه يأخذ أجراً أو عمولةً على تسليم المبلغ في بلد آخر مقابل مصاريف الشيك أوأجرة البريد أو البرقية أو التلكس فقط؛ لتكليف وكيل الصراف بالوفاء أو السداد. وهذان العقدان: الصرف والتحويل القائم على القرض هما الطريقان لتصحيح هذا التعامل، فيما يبدو لي"".</span></p><p class=""indent"" style=""text-align:left;"">فقط واللہ اعلم</p></p><hr class=""big-hr""/><div class=""col-sm-6 col-md-6""><p class=""question_heading"" style=""color:#73161f"">فتویٰ نمبر : <a id=""fatwa_number"">144108200447</a></p></div><div class=""col-sm-6 col-md-6""><p style=""color:#73161f"">دارالافتاء :
                                جامعہ علوم اسلامیہ علامہ محمد یوسف بنوری ٹاؤن</p></div><hr class=""big-hr""/><div class=""col-sm-4 col-md-4""><div class=""tag""><a href=""https://www.banuri.edu.pk/questions/kitab/muamlat""><i class=""icon-docs-bold""></i> معاملات</a></div></div><div class=""col-sm-4 col-md-4""><div class=""tag""><a href=""https://www.banuri.edu.pk/questions/bab/sood-bankari-insurance-shares""><i class=""icon-docs-bold""></i> سود / بینکاری / انشورنس / شیئرز</a></div></div><div class=""col-sm-4 col-md-4""><div class=""tag""><a href=""https://www.banuri.edu.pk/questions/fasal/qarz-k-ahkam""><i class=""icon-docs-bold""></i> قرض کے احکام</a></div></div></div>"
https://www.banuri.edu.pk/readquestion/mangitar-ke-nikah-ke-bad-ke-taswur-se-lizat-hasil-karna-144108200442/01-04-2020,منگیتر کے بارے میں نکاح کے بعد کے تصور سے لذت حاصل کرنا,"<p><p style=""text-align:justify;""> میری عمر  21 سال ہے اور میرا رشتہ بھی ہو چکا ہے اور عنقریب شادی بھی ہونے والی ہے،  لیکن میرے ذہن میں ہر وقت ایک بات رہتی ہے  کہ میں اپنی شادی کے بعد اپنی ہونے والی بیوی سے  ایسے مباشرت کروں گا اور بیوی کے جسم سے یہ  کروں گا  لیکن شادی کے بعد،  اور کبھی کبھی ایسا ہوتا ہے کہ اپنے ہوش و حواس میں، میں اپنی بیوی کے ساتھ مباشرت کر رہا ہوں،  اس کی کوئی گنجائش ہے؟ اس کی کیا شرعی حیثیت ہے؟</p></p>","<p><p style=""text-align:justify;"">رشتہ ہوجانے کے بعد نکاح سے پہلے منگیتر اجنبی ہی کے حکم میں ہوتی ہے، اور نامحرم عورت کے بارے میں اس طرح کے تصورات  قصدًا  لانا یا خیال آنے کے بعد اسے بالارادہ سوچنا ناجائز اور  غلط طریقہ ہے اور   شیطانی دھوکا  ہے، اس سے گناہ میں مبتلا ہوجانے کا بھی قوی اندیشہ ہے،  اس سے اجتناب  کرنا ضروری ہے، ایک  حدیث میں آتا ہے کہ آنکھوں کا زنا دیکھنا (بد نظری) ہے، کانوں کا زنا سننا ہے، اور زبان کا زنا (فحش) گفتگو کرنا ہے، ہاتھوں کا زنا پکڑنا ہے ، پیروں کا زنا چلنا ہے اور دل تمنا کرتا اور خواہش کرتا ہے اور شرم گاہ  اس کی تصدیق یا تکذیب کرتی ہے۔</p><p style=""text-align:justify;"">اس حدیث سے معلوم ہوتا ہے کہ جس طرح بد نظری اور فحش گفتگو  سننا اور کرنا آنکھ، کان اور  زبان کا زنا ہے، اسی طرح دل میں گندے اور ناجائز تصورات لانا نفس کا زنا اور حقیقی زنا کا پیش خیمہ ہے، لہٰذا منگیتر چوں کہ نکاح سے پہلے نا محرم عورت کے حکم میں ہی ہوتی ہے ۔ اس لیے جس طرح نکاح سے پہلے منگیتر کو لذت کی نیت سے دیکھنا جائز نہیں ہے،  اسی طرح نکاح سے پہلے  منگیتر کے ساتھ جنسی تعلقات کا تصور کرنا بھی جائز نہیں ہے۔ اگر شہوت اور خیالات پر قابو پانا مشکل ہورہا ہے تو جلد نکاح کی ترتیب بنالیجیے!</p><p style=""text-align:justify;"">امداد الفتاوی میں ہے:</p><p class=""indent"" style=""text-align:justify;"">""ایک عورت سے نکاح نہیں ہو امگر یہ فرض کر کے کہ اس سے نکاح ہو جائے تو اس طرح تمتع حاصل کروں گا خواہ اس سے نکاح کا ارادہ ہو یا نہ ہو،  اس کا حکم یہ ہے کہ یہ  تلذذ (لذت حاصل کرنا) حرام ہے؛  اس لیے کہ اس تلذذ کا محل کبھی حلال نہیں ہوا،  جس میں تمتع بالحلال کا شبہ ہو سکے اور فرض سے حلت نہیں ہوتی  ۔۔۔ بتصریح حدیثِ  پاک تمنی واشتہاءِ  قلب زنا ہے ( حدیث پاک کی تصریح سے قلب کے ذریعہ اشتہاء و تمنا کرنا زنا (میں داخل ) ہے) ،  گو درجات میں کچھ تفاوت ہو، مگر نفسِ  معصیت میں اشتراک ہے۔""</p><p class=""indent"" style=""text-align:left;"">(امداد الفتاوی 4/168، ط: مکتبہ دارالعلوم)</p><p style=""text-align:justify;"">اپنے لیے اللہ سے صلاح و تقوی کی دعا کی عادت ڈالیں  کہ اللہ تبارک وتعالیٰ مجھے گناہوں سے پاک زندگی اور اپنی مرضیات والے اعمال نصیب فرمائے! روزانہ دو رکعت صلاۃ التوبہ و صلاۃ الحاجۃ کی نیت سے ادا کرنے کے بعد درج ذیل دعا سچے دل سے مانگے:</p><p class=""indent"" style=""text-align:justify;""><span class=""qr_writing"">""اَللّٰهُمَّ إِنِّيْ أَسْأَلُكَ الْهُدٰىٰ وَالتُّقٰى وَ الْعَفَافَ وَالْغِنٰی"".</span></p><p style=""text-align:justify;"">مرقاة المفاتيح شرح مشكاة المصابيح (1/ 158):</p><p class=""indent"" style=""text-align:justify;""><span class=""ar_writing"">""وعن أبي هريرة رضي الله عنه قال: قال رسول الله صلى الله عليه وسلم: «إن الله كتب على ابن آدم حظه من الزنا، أدرك ذلك لا محالة، فزنا العين النظر، وزنا اللسان المنطق، والنفس تمنى وتشتهي، والفرج يصدق ذلك، ويكذبه» ) متفق عليه. وفي رواية لمسلم قال: («كتب على ابن آدم نصيبه من الزنا مدرك ذلك لا محالة، العينان زناهما النظر، والأذنان زناهما الاستماع، واللسان زناه الكلام، واليد زناها البطش، والرجل زناها الخطا، والقلب يهوى ويتمنى، ويصدق ذلك الفرج، ويكذبه»).</span></p><p class=""indent"" style=""text-align:justify;""><span class=""ar_writing""> (وعن أبي هريرة) : رضي الله عنه (قال: قال رسول الله صلى الله عليه وسلم: (إن الله كتب) أي: أثبت في اللوح المحفوظ (على ابن آدم حظه) أي: نصيبه (من الزنا) بالقصر على الأفصح، ومن بيانية، وما يتصل بها حال من حظه، وجعلها تبعيضية كما ذكره ابن حجر غير ظاهر، والمراد من الحظ مقدمات الزنا من التمني، والتخطي، والتكلم لأجله، والنظر، واللمس، والتخلي، وقيل: أثبت فيه سببه، وهو الشهوة، والميل إلى النساء، وخلق فيه العينين، والأذنين، والقلب، والفرج، وهي التي تجد لذة الزنا، أو المعنى قدر في الأزل أن يجري عليه الزنا في الجملة (أدرك) أي: أصاب ابن آدم، ووجد (ذلك) أي: ما كتبه الله، وقدره، وقضاه، أو حظه (لا محالة) بفتح الميم، ويضم أي: لا بد له، ولا فراق، ولا احتيال منه، فهو واقع ألبتة (فزنا العين) بالإفراد؛ لإرادة الجنس، وفي نسخة بالتثنية (النظر) أي: حظها النظر على قصد الشهوة فيما لا يحل له، وقد ورد «النظر سهم مسموم من سهام إبليس» ؛ لأن النظر قد يجر إلى الزنا فتسمية مقدمة الزنا بالزنا مبالغة، أو إطلاق للمسبب على السبب ( «وزنا اللسان المنطق» ) أي: التكلم على وجه الحرمة كالمواعدة (والنفس) أي: القلب كما في الرواية الآتية، ولعل النفس إذا طلبت تبعها القلب (تمنى) : بحذف أحد التاءين (وتشتهي) : لعله عدل عن سنن السابق، لإفادة التجديد أي: زنا النفس تمنيها، واشتهاؤها وقوع الزنا الحقيقي، والتمني أعم من الاشتهاء؛ لأنه قد يكون في الممتنعات دونه، وفيه دلالة على أن التمني إذا استقر في الباطن، وأصر صاحبه عليه، ولم يدفعه يسمى زنا، فيكون معصية، ويترتب عليه عقوبة، ولو لم يعمل فتأمل. (والفرج يصدق ذلك، ويكذبه) . قال الطيبي: سمى هذه الأشياء باسم الزنا؛ لأنها مقدمات مؤذنة بوقوعه، ونسب التصديق، والتكذيب إلى الفرج، لأنه منشؤه، ومكانه أي: يصدقه بالإتيان. مما هو المراد منه، ويكذبه بالكف عنه، وقيل معناه: إن فعل بالفرج ما هو المقصود من ذلك فقد صار الفرج مصدقا لتلك الأعضاء، وإن ترك ما هو المقصود من ذلك فقد صار الفرج مكذبا. قال ابن حجر: فإن حقق زناه فيوقع صاحبه في تلك الكبيرة، وإن كذبه بأن لا يزني فيستمر زنا تلك الأعضاء على كونها صغيرة. أقول: الأظهر أن يقال: والفرج أي: عمله يصدق ذلك التمني، ويكذبه، وهو أقرب لفظا، وأنسب معنى، وقيل: معنى كتب أنه أثبت عليه ذلك بأن خلق له الحواس التي يجد بها لذة ذلك الشيء، وأعطاه القوى التي بها يقدر على ذلك الفعل، فبالعينين، وبما ركب فيهما من القوة الباصرة تجد لذة النظر، وعلى هذا، وليس المعنى أنه ألجأه إليه، وأجبره عليه، بل ركز في جبلته حب الشهوات، ثم إنه تعالى برحمته وفضله يعصم من يشاء كذا قاله بعض الشراح، وقيل هذا ليس على عمومه فإن الخواص معصومون عن الزنا، ومقدماته، ويحتمل أن يبقى على عمومه بأن يقال: كتب الله على كل فرد من بني آدم صدور نفس الزنا، فمن عصمه الله عنه بفضله صدر عنه من مقدماته الظاهرة، ومن عصمه بمزيد فضله، ورحمته عن صدور مقدماته، وهم خواص عباده صدر عنه لا محالة بمقتضى الجبلة مقدماته الباطنة، وهي تمني النفس، واشتهاؤها اهـ.</span></p><p class=""indent"" style=""text-align:justify;""><span class=""ar_writing"">قلت: المراد بالمقدمات الباطنة الخواطر الذميمة التي هي غير اختيارية، ويؤيده قوله تعالى: {ولقد همت به وهم بها} [يوسف: 24] . (متفق عليه) : ورواه أبو داود.</span></p><p class=""indent"" style=""text-align:justify;""><span class=""ar_writing"">(وفي رواية) : أخرى (لمسلم قال: (كتب) : مجهول، وقيل معلوم (على ابن آدم) أي: هذا الجنس، أو كل فرد من أفراده، واستثني الأنبياء. (نصيبه) أي: حظه، أو مقدار ما قدر له من الزنا مدرك) : بالتنوين، ويجوز الإضافة (ذلك) : يعني هو أي: ابن آدم، وأصله حظه، ونصيبه، أو نصيبه المقدر يدركه، ويصيبه (لا محالة) أي: لا حائل بينه، وبينه أو لا حيلة له في دفعه فلا بد منه إذ لا حذر من القدر، ولا قضاء مع القضاء. ( «العينان زناهما النظر» ) ؟ فإنه حظهما ولذتهما (والأذنان) : بضم الذال، وتسكن (زناهما الاستماع) أي: إلى كلام الزانية أو الواسطة، فهو حظهما ولذتهما به. قال ابن حجر أي: إلى صوت المرأة الأجنبية مطلقا بناء على أنه عورة، أو بشرط الفتنة بناء على الأصح أنه ليس بعورة ( «واللسان زناه الكلام» ) أي: مع الأجنبية بالمواعدة على الزنا، أو مع من يتوسل به إليها على وجه الحرام، ويدخل فيه إنشاء الشعر، وإنشاده فيها ( «واليد زناها البطش» ) ، أي: الأخذ، واللمس، ويدخل فيه الكتابة إليها، ورمي الحصا عليها، ونحوهما ( «والرجل زناها الخطا» ) : جمع خطوة، وهي ما بين القدمين يعني زناهما نقل الخطا أي: المشي، أو الركوب إلى ما فيه الزنا ( «والقلب يهوى» ) : بفتح الواو أي: يحب، ويشتهي (ويتمنى، ويصدق ذلك) أي: ما ذكر من المقدمات أي: ما تتمناه النفس، وتدعو إليه الحواس، وهو الجماع. (الفرج) أي: يوافقه، ويطابقه بالفعل (ويكذبه) أي: بالترك، والكف عنه، فإن تركه خوفا من الله فيثاب عليه، وإن تركه اضطرارا لا يعاقب عليه فقط"".</span></p><p class=""indent"" style=""text-align:left;"">فقط واللہ اعلم</p></p><hr class=""big-hr""/>",01-04-2020,144108200442,banuri.edu.pk,نکاح,نکاح کی اہمیت اور حکم,نکاح کے فضائل و مقاصد,"<div class=""col-md-12 sawal-jawab""><h3 class=""question_heading"">سوال</h3><p><p style=""text-align:justify;""> میری عمر  21 سال ہے اور میرا رشتہ بھی ہو چکا ہے اور عنقریب شادی بھی ہونے والی ہے،  لیکن میرے ذہن میں ہر وقت ایک بات رہتی ہے  کہ میں اپنی شادی کے بعد اپنی ہونے والی بیوی سے  ایسے مباشرت کروں گا اور بیوی کے جسم سے یہ  کروں گا  لیکن شادی کے بعد،  اور کبھی کبھی ایسا ہوتا ہے کہ اپنے ہوش و حواس میں، میں اپنی بیوی کے ساتھ مباشرت کر رہا ہوں،  اس کی کوئی گنجائش ہے؟ اس کی کیا شرعی حیثیت ہے؟</p></p><h4 class=""question_heading"">جواب</h4><p><p style=""text-align:justify;"">رشتہ ہوجانے کے بعد نکاح سے پہلے منگیتر اجنبی ہی کے حکم میں ہوتی ہے، اور نامحرم عورت کے بارے میں اس طرح کے تصورات  قصدًا  لانا یا خیال آنے کے بعد اسے بالارادہ سوچنا ناجائز اور  غلط طریقہ ہے اور   شیطانی دھوکا  ہے، اس سے گناہ میں مبتلا ہوجانے کا بھی قوی اندیشہ ہے،  اس سے اجتناب  کرنا ضروری ہے، ایک  حدیث میں آتا ہے کہ آنکھوں کا زنا دیکھنا (بد نظری) ہے، کانوں کا زنا سننا ہے، اور زبان کا زنا (فحش) گفتگو کرنا ہے، ہاتھوں کا زنا پکڑنا ہے ، پیروں کا زنا چلنا ہے اور دل تمنا کرتا اور خواہش کرتا ہے اور شرم گاہ  اس کی تصدیق یا تکذیب کرتی ہے۔</p><p style=""text-align:justify;"">اس حدیث سے معلوم ہوتا ہے کہ جس طرح بد نظری اور فحش گفتگو  سننا اور کرنا آنکھ، کان اور  زبان کا زنا ہے، اسی طرح دل میں گندے اور ناجائز تصورات لانا نفس کا زنا اور حقیقی زنا کا پیش خیمہ ہے، لہٰذا منگیتر چوں کہ نکاح سے پہلے نا محرم عورت کے حکم میں ہی ہوتی ہے ۔ اس لیے جس طرح نکاح سے پہلے منگیتر کو لذت کی نیت سے دیکھنا جائز نہیں ہے،  اسی طرح نکاح سے پہلے  منگیتر کے ساتھ جنسی تعلقات کا تصور کرنا بھی جائز نہیں ہے۔ اگر شہوت اور خیالات پر قابو پانا مشکل ہورہا ہے تو جلد نکاح کی ترتیب بنالیجیے!</p><p style=""text-align:justify;"">امداد الفتاوی میں ہے:</p><p class=""indent"" style=""text-align:justify;"">""ایک عورت سے نکاح نہیں ہو امگر یہ فرض کر کے کہ اس سے نکاح ہو جائے تو اس طرح تمتع حاصل کروں گا خواہ اس سے نکاح کا ارادہ ہو یا نہ ہو،  اس کا حکم یہ ہے کہ یہ  تلذذ (لذت حاصل کرنا) حرام ہے؛  اس لیے کہ اس تلذذ کا محل کبھی حلال نہیں ہوا،  جس میں تمتع بالحلال کا شبہ ہو سکے اور فرض سے حلت نہیں ہوتی  ۔۔۔ بتصریح حدیثِ  پاک تمنی واشتہاءِ  قلب زنا ہے ( حدیث پاک کی تصریح سے قلب کے ذریعہ اشتہاء و تمنا کرنا زنا (میں داخل ) ہے) ،  گو درجات میں کچھ تفاوت ہو، مگر نفسِ  معصیت میں اشتراک ہے۔""</p><p class=""indent"" style=""text-align:left;"">(امداد الفتاوی 4/168، ط: مکتبہ دارالعلوم)</p><p style=""text-align:justify;"">اپنے لیے اللہ سے صلاح و تقوی کی دعا کی عادت ڈالیں  کہ اللہ تبارک وتعالیٰ مجھے گناہوں سے پاک زندگی اور اپنی مرضیات والے اعمال نصیب فرمائے! روزانہ دو رکعت صلاۃ التوبہ و صلاۃ الحاجۃ کی نیت سے ادا کرنے کے بعد درج ذیل دعا سچے دل سے مانگے:</p><p class=""indent"" style=""text-align:justify;""><span class=""qr_writing"">""اَللّٰهُمَّ إِنِّيْ أَسْأَلُكَ الْهُدٰىٰ وَالتُّقٰى وَ الْعَفَافَ وَالْغِنٰی"".</span></p><p style=""text-align:justify;"">مرقاة المفاتيح شرح مشكاة المصابيح (1/ 158):</p><p class=""indent"" style=""text-align:justify;""><span class=""ar_writing"">""وعن أبي هريرة رضي الله عنه قال: قال رسول الله صلى الله عليه وسلم: «إن الله كتب على ابن آدم حظه من الزنا، أدرك ذلك لا محالة، فزنا العين النظر، وزنا اللسان المنطق، والنفس تمنى وتشتهي، والفرج يصدق ذلك، ويكذبه» ) متفق عليه. وفي رواية لمسلم قال: («كتب على ابن آدم نصيبه من الزنا مدرك ذلك لا محالة، العينان زناهما النظر، والأذنان زناهما الاستماع، واللسان زناه الكلام، واليد زناها البطش، والرجل زناها الخطا، والقلب يهوى ويتمنى، ويصدق ذلك الفرج، ويكذبه»).</span></p><p class=""indent"" style=""text-align:justify;""><span class=""ar_writing""> (وعن أبي هريرة) : رضي الله عنه (قال: قال رسول الله صلى الله عليه وسلم: (إن الله كتب) أي: أثبت في اللوح المحفوظ (على ابن آدم حظه) أي: نصيبه (من الزنا) بالقصر على الأفصح، ومن بيانية، وما يتصل بها حال من حظه، وجعلها تبعيضية كما ذكره ابن حجر غير ظاهر، والمراد من الحظ مقدمات الزنا من التمني، والتخطي، والتكلم لأجله، والنظر، واللمس، والتخلي، وقيل: أثبت فيه سببه، وهو الشهوة، والميل إلى النساء، وخلق فيه العينين، والأذنين، والقلب، والفرج، وهي التي تجد لذة الزنا، أو المعنى قدر في الأزل أن يجري عليه الزنا في الجملة (أدرك) أي: أصاب ابن آدم، ووجد (ذلك) أي: ما كتبه الله، وقدره، وقضاه، أو حظه (لا محالة) بفتح الميم، ويضم أي: لا بد له، ولا فراق، ولا احتيال منه، فهو واقع ألبتة (فزنا العين) بالإفراد؛ لإرادة الجنس، وفي نسخة بالتثنية (النظر) أي: حظها النظر على قصد الشهوة فيما لا يحل له، وقد ورد «النظر سهم مسموم من سهام إبليس» ؛ لأن النظر قد يجر إلى الزنا فتسمية مقدمة الزنا بالزنا مبالغة، أو إطلاق للمسبب على السبب ( «وزنا اللسان المنطق» ) أي: التكلم على وجه الحرمة كالمواعدة (والنفس) أي: القلب كما في الرواية الآتية، ولعل النفس إذا طلبت تبعها القلب (تمنى) : بحذف أحد التاءين (وتشتهي) : لعله عدل عن سنن السابق، لإفادة التجديد أي: زنا النفس تمنيها، واشتهاؤها وقوع الزنا الحقيقي، والتمني أعم من الاشتهاء؛ لأنه قد يكون في الممتنعات دونه، وفيه دلالة على أن التمني إذا استقر في الباطن، وأصر صاحبه عليه، ولم يدفعه يسمى زنا، فيكون معصية، ويترتب عليه عقوبة، ولو لم يعمل فتأمل. (والفرج يصدق ذلك، ويكذبه) . قال الطيبي: سمى هذه الأشياء باسم الزنا؛ لأنها مقدمات مؤذنة بوقوعه، ونسب التصديق، والتكذيب إلى الفرج، لأنه منشؤه، ومكانه أي: يصدقه بالإتيان. مما هو المراد منه، ويكذبه بالكف عنه، وقيل معناه: إن فعل بالفرج ما هو المقصود من ذلك فقد صار الفرج مصدقا لتلك الأعضاء، وإن ترك ما هو المقصود من ذلك فقد صار الفرج مكذبا. قال ابن حجر: فإن حقق زناه فيوقع صاحبه في تلك الكبيرة، وإن كذبه بأن لا يزني فيستمر زنا تلك الأعضاء على كونها صغيرة. أقول: الأظهر أن يقال: والفرج أي: عمله يصدق ذلك التمني، ويكذبه، وهو أقرب لفظا، وأنسب معنى، وقيل: معنى كتب أنه أثبت عليه ذلك بأن خلق له الحواس التي يجد بها لذة ذلك الشيء، وأعطاه القوى التي بها يقدر على ذلك الفعل، فبالعينين، وبما ركب فيهما من القوة الباصرة تجد لذة النظر، وعلى هذا، وليس المعنى أنه ألجأه إليه، وأجبره عليه، بل ركز في جبلته حب الشهوات، ثم إنه تعالى برحمته وفضله يعصم من يشاء كذا قاله بعض الشراح، وقيل هذا ليس على عمومه فإن الخواص معصومون عن الزنا، ومقدماته، ويحتمل أن يبقى على عمومه بأن يقال: كتب الله على كل فرد من بني آدم صدور نفس الزنا، فمن عصمه الله عنه بفضله صدر عنه من مقدماته الظاهرة، ومن عصمه بمزيد فضله، ورحمته عن صدور مقدماته، وهم خواص عباده صدر عنه لا محالة بمقتضى الجبلة مقدماته الباطنة، وهي تمني النفس، واشتهاؤها اهـ.</span></p><p class=""indent"" style=""text-align:justify;""><span class=""ar_writing"">قلت: المراد بالمقدمات الباطنة الخواطر الذميمة التي هي غير اختيارية، ويؤيده قوله تعالى: {ولقد همت به وهم بها} [يوسف: 24] . (متفق عليه) : ورواه أبو داود.</span></p><p class=""indent"" style=""text-align:justify;""><span class=""ar_writing"">(وفي رواية) : أخرى (لمسلم قال: (كتب) : مجهول، وقيل معلوم (على ابن آدم) أي: هذا الجنس، أو كل فرد من أفراده، واستثني الأنبياء. (نصيبه) أي: حظه، أو مقدار ما قدر له من الزنا مدرك) : بالتنوين، ويجوز الإضافة (ذلك) : يعني هو أي: ابن آدم، وأصله حظه، ونصيبه، أو نصيبه المقدر يدركه، ويصيبه (لا محالة) أي: لا حائل بينه، وبينه أو لا حيلة له في دفعه فلا بد منه إذ لا حذر من القدر، ولا قضاء مع القضاء. ( «العينان زناهما النظر» ) ؟ فإنه حظهما ولذتهما (والأذنان) : بضم الذال، وتسكن (زناهما الاستماع) أي: إلى كلام الزانية أو الواسطة، فهو حظهما ولذتهما به. قال ابن حجر أي: إلى صوت المرأة الأجنبية مطلقا بناء على أنه عورة، أو بشرط الفتنة بناء على الأصح أنه ليس بعورة ( «واللسان زناه الكلام» ) أي: مع الأجنبية بالمواعدة على الزنا، أو مع من يتوسل به إليها على وجه الحرام، ويدخل فيه إنشاء الشعر، وإنشاده فيها ( «واليد زناها البطش» ) ، أي: الأخذ، واللمس، ويدخل فيه الكتابة إليها، ورمي الحصا عليها، ونحوهما ( «والرجل زناها الخطا» ) : جمع خطوة، وهي ما بين القدمين يعني زناهما نقل الخطا أي: المشي، أو الركوب إلى ما فيه الزنا ( «والقلب يهوى» ) : بفتح الواو أي: يحب، ويشتهي (ويتمنى، ويصدق ذلك) أي: ما ذكر من المقدمات أي: ما تتمناه النفس، وتدعو إليه الحواس، وهو الجماع. (الفرج) أي: يوافقه، ويطابقه بالفعل (ويكذبه) أي: بالترك، والكف عنه، فإن تركه خوفا من الله فيثاب عليه، وإن تركه اضطرارا لا يعاقب عليه فقط"".</span></p><p class=""indent"" style=""text-align:left;"">فقط واللہ اعلم</p></p><hr class=""big-hr""/><div class=""col-sm-6 col-md-6""><p class=""question_heading"" style=""color:#73161f"">فتویٰ نمبر : <a id=""fatwa_number"">144108200442</a></p></div><div class=""col-sm-6 col-md-6""><p style=""color:#73161f"">دارالافتاء :
                                جامعہ علوم اسلامیہ علامہ محمد یوسف بنوری ٹاؤن</p></div><hr class=""big-hr""/><div class=""col-sm-4 col-md-4""><div class=""tag""><a href=""https://www.banuri.edu.pk/questions/kitab/nikah""><i class=""icon-docs-bold""></i> نکاح</a></div></div><div class=""col-sm-4 col-md-4""><div class=""tag""><a href=""https://www.banuri.edu.pk/questions/bab/nikah-ki-ahmiyat-aur-hukum""><i class=""icon-docs-bold""></i> نکاح کی اہمیت اور حکم</a></div></div><div class=""col-sm-4 col-md-4""><div class=""tag""><a href=""https://www.banuri.edu.pk/questions/fasal/nikah-haqiqat-o-masaleh""><i class=""icon-docs-bold""></i> نکاح کے فضائل و مقاصد</a></div></div></div>"
https://www.banuri.edu.pk/readquestion/ghar-mai-jamat-ki-soorat-mai-safoo-ki-tarteeb-144108200465/01-04-2020,گھر میں جماعت کی صورت میں صفوں کی ترتیب,"<p><p style=""text-align:justify;"">ہم دو بھائی ہیں، دونوں شادی  شدہ ہیں، میرے  ساتھ میرے والد اور ایک بہن بھی رہتی ہیں، آج کل وبا کی وجہ سے ہم گھر میں باجماعت نماز ادا کرنا چاہتے ہیں، برائے مہربانی نماز ادا کرنے کی ترتیب بتا دیں، گھر کے افراد میں میری بیوی، بھائی اور  بھائی کی بیوی ، والدہ اور بہن ہیں۔</p></p>","<p><p style=""text-align:justify;"">اولاً تو حتی الامکان کوشش کی جائے کہ مسجد کی جماعت ترک نہ کی جائے، لیکن اگر  کسی علاقے  میں باجماعت نماز پر پابندی ہو   یا کسی اور  شرعی عذر کی وجہ سے نماز رہ جائے  تو  آدمی کو چاہیے کہ گھر والوں کو جمع کرکے جماعت سے نماز ادا کرلے، رسول اللہ ﷺ ایک مرتبہ دو فریقوں کے درمیان صلح کے لیے تشریف لے گئے تھے، جب آپ ﷺ واپس تشریف لائے اور مسجد پہنچے تو جماعت ہوچکی تھی، اس موقع پر رسول اللہ ﷺ نے گھر تشریف لے جاکر گھر والوں کو جماعت سے نماز پڑھائی تھی۔</p><p style=""text-align:justify;"">لہٰذا اگر کسی عذر کی وجہ سے مرد مسجد جاکر نماز پڑھنے سے رہ جائیں اور گھر میں نماز جماعت کے ساتھ ادا کرنا چاہیں تو  اس صورت میں   صفوں کی ترتیب یہ ہوگی کہ  مرد خود امام بن کر آگے کھڑا ہوجائے، امام کے بعد پیچھے پہلی صف میں مرد کھڑے ہوں اور اس کے بعد والی صف میں خواتین کھڑی ہوں، یعنی صورتِ مسئولہ میں آپ ، آپ کے بھائی اور آپ کے والد میں سے کوئی امام بن جائے، باقی دو مرد پہلی صف میں کھڑے ہوں، اور تمام خواتین دوسری صف میں کھڑی ہوں۔</p><p style=""text-align:justify;"">نوٹ: آج کل چوں کہ اللہ تعالیٰ کے فضل و کرم سے مساجد میں باجماعت نماز پڑھنے پر کوئی پابندی نہیں ہے اس لیے مَردوں کو مسجد کی جماعت میں ہی شریک ہونا چاہیے، بلا عذرِ شرعی مسجد کی جماعت کو چھوڑ کر گھر میں جماعت نہیں کروانی چاہیے۔</p><p style=""text-align:justify;""><span class=""ar_writing"">الدر المختار وحاشية ابن عابدين (رد المحتار) (1/ 566):</span></p><p class=""indent"" style=""text-align:justify;""><span class=""ar_writing"">""(ويقف الواحد) ولو صبياً، أما الواحدة فتتأخر (محاذياً) أي مساوياً (ليمين إمامه) على المذهب، ولا عبرة بالرأس بل بالقدم، فلو صغيراً فالأصح ما لم يتقدم أكثر قدم المؤتم لاتفسد، فلو وقف عن يساره كره (اتفاقاً وكذا) يكره (خلفه على الأصح)؛ لمخالفة السنة، (والزائد) يقف (خلفه) فلو توسط اثنين كره تنزيهاً، وتحريماً لو أكثر"".</span></p><p class=""indent"" style=""text-align:left;"">فقط و اللہ اعلم</p><p>تفصیل کے لیے مندرجہ ذیل لنک ملاحظہ فرمائیں:</p><p><a href=""https://www.banuri.edu.pk/readquestion/ghar-main-khawaten-aur-bacho-ke-sath-bajamat-namaz-parhna-/24-03-2020"">گھر میں بچوں اور خواتین کے ساتھ باجماعت نماز پڑھنا</a></p></p><hr class=""big-hr""/>",01-04-2020,144108200465,banuri.edu.pk,نماز,نماز کی جماعت,جماعت / امامت,"<div class=""col-md-12 sawal-jawab""><h3 class=""question_heading"">سوال</h3><p><p style=""text-align:justify;"">ہم دو بھائی ہیں، دونوں شادی  شدہ ہیں، میرے  ساتھ میرے والد اور ایک بہن بھی رہتی ہیں، آج کل وبا کی وجہ سے ہم گھر میں باجماعت نماز ادا کرنا چاہتے ہیں، برائے مہربانی نماز ادا کرنے کی ترتیب بتا دیں، گھر کے افراد میں میری بیوی، بھائی اور  بھائی کی بیوی ، والدہ اور بہن ہیں۔</p></p><h4 class=""question_heading"">جواب</h4><p><p style=""text-align:justify;"">اولاً تو حتی الامکان کوشش کی جائے کہ مسجد کی جماعت ترک نہ کی جائے، لیکن اگر  کسی علاقے  میں باجماعت نماز پر پابندی ہو   یا کسی اور  شرعی عذر کی وجہ سے نماز رہ جائے  تو  آدمی کو چاہیے کہ گھر والوں کو جمع کرکے جماعت سے نماز ادا کرلے، رسول اللہ ﷺ ایک مرتبہ دو فریقوں کے درمیان صلح کے لیے تشریف لے گئے تھے، جب آپ ﷺ واپس تشریف لائے اور مسجد پہنچے تو جماعت ہوچکی تھی، اس موقع پر رسول اللہ ﷺ نے گھر تشریف لے جاکر گھر والوں کو جماعت سے نماز پڑھائی تھی۔</p><p style=""text-align:justify;"">لہٰذا اگر کسی عذر کی وجہ سے مرد مسجد جاکر نماز پڑھنے سے رہ جائیں اور گھر میں نماز جماعت کے ساتھ ادا کرنا چاہیں تو  اس صورت میں   صفوں کی ترتیب یہ ہوگی کہ  مرد خود امام بن کر آگے کھڑا ہوجائے، امام کے بعد پیچھے پہلی صف میں مرد کھڑے ہوں اور اس کے بعد والی صف میں خواتین کھڑی ہوں، یعنی صورتِ مسئولہ میں آپ ، آپ کے بھائی اور آپ کے والد میں سے کوئی امام بن جائے، باقی دو مرد پہلی صف میں کھڑے ہوں، اور تمام خواتین دوسری صف میں کھڑی ہوں۔</p><p style=""text-align:justify;"">نوٹ: آج کل چوں کہ اللہ تعالیٰ کے فضل و کرم سے مساجد میں باجماعت نماز پڑھنے پر کوئی پابندی نہیں ہے اس لیے مَردوں کو مسجد کی جماعت میں ہی شریک ہونا چاہیے، بلا عذرِ شرعی مسجد کی جماعت کو چھوڑ کر گھر میں جماعت نہیں کروانی چاہیے۔</p><p style=""text-align:justify;""><span class=""ar_writing"">الدر المختار وحاشية ابن عابدين (رد المحتار) (1/ 566):</span></p><p class=""indent"" style=""text-align:justify;""><span class=""ar_writing"">""(ويقف الواحد) ولو صبياً، أما الواحدة فتتأخر (محاذياً) أي مساوياً (ليمين إمامه) على المذهب، ولا عبرة بالرأس بل بالقدم، فلو صغيراً فالأصح ما لم يتقدم أكثر قدم المؤتم لاتفسد، فلو وقف عن يساره كره (اتفاقاً وكذا) يكره (خلفه على الأصح)؛ لمخالفة السنة، (والزائد) يقف (خلفه) فلو توسط اثنين كره تنزيهاً، وتحريماً لو أكثر"".</span></p><p class=""indent"" style=""text-align:left;"">فقط و اللہ اعلم</p><p>تفصیل کے لیے مندرجہ ذیل لنک ملاحظہ فرمائیں:</p><p><a href=""https://www.banuri.edu.pk/readquestion/ghar-main-khawaten-aur-bacho-ke-sath-bajamat-namaz-parhna-/24-03-2020"">گھر میں بچوں اور خواتین کے ساتھ باجماعت نماز پڑھنا</a></p></p><hr class=""big-hr""/><div class=""col-sm-6 col-md-6""><p class=""question_heading"" style=""color:#73161f"">فتویٰ نمبر : <a id=""fatwa_number"">144108200465</a></p></div><div class=""col-sm-6 col-md-6""><p style=""color:#73161f"">دارالافتاء :
                                جامعہ علوم اسلامیہ علامہ محمد یوسف بنوری ٹاؤن</p></div><hr class=""big-hr""/><div class=""col-sm-4 col-md-4""><div class=""tag""><a href=""https://www.banuri.edu.pk/questions/kitab/salat""><i class=""icon-docs-bold""></i> نماز</a></div></div><div class=""col-sm-4 col-md-4""><div class=""tag""><a href=""https://www.banuri.edu.pk/questions/bab/namaz-ki-jamat""><i class=""icon-docs-bold""></i> نماز کی جماعت</a></div></div><div class=""col-sm-4 col-md-4""><div class=""tag""><a href=""https://www.banuri.edu.pk/questions/fasal/jamat-imamat""><i class=""icon-docs-bold""></i> جماعت / امامت</a></div></div></div>"
https://www.banuri.edu.pk/readquestion/udhar-per-bechna-144108200474/01-04-2020,مرغی کی خوارک ادھار پر مہنگے داموں بیچنا,"<p><p style=""text-align:justify;"">کوئی ایسا کاروبار ہو جس میں نقد پر ایک قیمت اور قرض پر دوسری قیمت ہو، میرا مقصد ہے کہ مرغی فارم کے لیے ہم جو خوراک لیتے ہیں اس وقت نقد پر 3000 پر دیتے  ہیں اور اگر قرض پر لیتے ہیں یعنی مرغی فروخت کرنے کے بعد پیسے دے گا تو  3150 سے لے کر 3250 تک دیتے ہیں ،تو کیا ایسا کاروبار جائز ہے  فارمر اور دکان دار دونوں کے  لیے؟ برائے مہربانی رہنمائی فرمائیں!</p></p>","<p><p style=""text-align:justify;"">واضح رہے کہ خرید و فروخت کے شرعاً درست ہونے کے لیے  سودا کرتے وقت قیمت متعین کرنا (خواہ قیمت کم طے کرے یا زیادہ) شرعاً ضروری ہے، پس باہمی رضامندی سے نقد فروخت کرنے کی صورت میں کم قیمت اور ادھار  فروخت کرنے کی صورت میں زیادہ  قیمت متعین کرنا شرعاً درست ہے، بشرطیکہ عقد کے وقت نقد  یا ادھار کوئی ایک صورت متعین کردی جائے۔ نیز ادھار  فروخت کرنے  میں عقد کے صحیح ہونے کے لیے ایک شرط یہ بھی ہے کہ خریدار کی جانب سے قیمت کی ادائیگی میں تاخیر کی صورت میں جرمانہ وغیرہ کے نام سے قیمت میں اضافہ  کی شرط نہ لگائی جائے، اور قیمت جلد ادا کرنے کی صورت میں خریدار کے ذمے سے واجب الادا قیمت میں کمی  کی شرط نہ لگائی جائے، بلکہ جو قیمت عقد کے وقت طے کردی گئی ہو اسی کے مطابق عقد انجام پذیر ہو،  اگر اس شرط کی خلاف ورزی کی گئی تو سودا  شرعاً درست نہیں ہوگا؛  لہذا مذکورہ صورت میں مرغی کی خوراک  ادھار پر زیادہ قیمت پر فروخت کرنا جائز ہے،البتہ یہ ضروری ہے کہ  جو قیمت مقرر کردی جائے اس میں کمی بیشی کی شرط نہ ہو اور کوئی  مدت متعین کرلی جائے،  جیسا کہ ایک  ہفتہ یا ایک ماہ  وغیرہ، مدت متعین کیے بغیر معاملہ نہ کیا جائے۔</p><p style=""text-align:justify;"">البحر الرائق شرح كنز الدقائق میں ہے:</p><p class=""indent"" style=""text-align:justify;""><span class=""ar_writing"">""ويزاد في الثمن لأجله إذا ذكر الأجل بمقابلة زيادة الثمن قصدًا"".</span></p><p class=""indent"" style=""text-align:justify;""><span class=""ar_writing"">(البحرالرائق، ج:6، ص:115، ط:مکتبة رشیدیة)</span></p><p style=""text-align:justify;"">المحیط البرہانی میں ہے:</p><p class=""indent"" style=""text-align:justify;""><span class=""ar_writing"">""قال: ولو اشترى نسيئةً لم يبعه مرابحةً حتى يبين؛ لأن الأجل نسبه كونه مبيعاً، فإنه يزاد في الثمن لأجل الأجل"".</span></p><p class=""indent"" style=""text-align:justify;""><span class=""ar_writing"">(المحيط البرهاني في الفقه النعماني، كتاب البيع، الفصل الخامس عشر: في بيع المرابحة والتولية والوضعية، ۷/۶)</span></p><p style=""text-align:justify;""><span class=""ar_writing"">المبسوط للسرخسي (13/ 7):</span></p><p class=""indent"" style=""text-align:justify;""><span class=""ar_writing"">""وإذا عقد العقد على أنه إلى أجل كذا بكذا وبالنقد بكذا أو قال إلى شهر بكذا أو إلى شهرين بكذا فهو فاسد؛ لأنه لم يعاطه على ثمن معلوم ولنهي النبي صلى الله عليه وسلم عن شرطين في بيع وهذا هو تفسير الشرطين في بيع ومطلق النهي يوجب الفساد في العقود الشرعية وهذا إذا افترقا على هذا فإن كان يتراضيان بينهما ولم يتفرقا حتى قاطعه على ثمن معلوم، وأتما العقد عليه فهو جائز؛ لأنهما ما افترقا إلا بعد تمام شرط صحة العقد"".</span></p><p style=""text-align:justify;""><span class=""ar_writing"">بدائع الصنائع في ترتيب الشرائع (5/ 158):</span></p><p class=""indent"" style=""text-align:justify;""><span class=""ar_writing"">"" وكذا إذا قال: بعتك هذا العبد بألف درهم إلى سنة أو بألف وخمسمائة إلى سنتين؛ لأن الثمن مجهول، وقيل: هو الشرطان في بيع وقد روي أن رسول الله صلى الله عليه وسلم «نهى عن شرطين في بيع» ولو باع شيئا بربح ده يازده ولم يعلم المشتري رأس ماله فالبيع فاسد حتى يعلم فيختار أو يدع هكذا روى ابن رستم عن محمد؛ لأنه إذا لم يعلم رأس ماله كان ثمنه مجهولا وجهالة الثمن تمنع صحة البيع فإذا علم ورضي به جاز البيع؛ لأن المانع من الجواز هو الجهالة عند العقد وقد زالت في المجلس وله حكم حالة العقد فصار كأنه كان معلوما عند العقد وإن لم يعلم به حتى إذا افترقا تقرر الفساد"".</span></p><p style=""text-align:justify;""><span class=""ar_writing"">الدر المختار وحاشية ابن عابدين (رد المحتار) (4/ 61):</span></p><p class=""indent"" style=""text-align:justify;""><span class=""ar_writing"">""وفي شرح الآثار: التعزير بالمال كان في ابتداء الإسلام ثم نسخ. اهـ. والحاصل أن المذهب عدم التعزير بأخذ المال.""</span></p><p class=""indent"" style=""text-align:left;"">فقط واللہ اعلم</p></p><hr class=""big-hr""/>",01-04-2020,144108200474,banuri.edu.pk,معاملات,بیع / تجارت,نقد اور ادھار خرید و فروخت کے احکام,"<div class=""col-md-12 sawal-jawab""><h3 class=""question_heading"">سوال</h3><p><p style=""text-align:justify;"">کوئی ایسا کاروبار ہو جس میں نقد پر ایک قیمت اور قرض پر دوسری قیمت ہو، میرا مقصد ہے کہ مرغی فارم کے لیے ہم جو خوراک لیتے ہیں اس وقت نقد پر 3000 پر دیتے  ہیں اور اگر قرض پر لیتے ہیں یعنی مرغی فروخت کرنے کے بعد پیسے دے گا تو  3150 سے لے کر 3250 تک دیتے ہیں ،تو کیا ایسا کاروبار جائز ہے  فارمر اور دکان دار دونوں کے  لیے؟ برائے مہربانی رہنمائی فرمائیں!</p></p><h4 class=""question_heading"">جواب</h4><p><p style=""text-align:justify;"">واضح رہے کہ خرید و فروخت کے شرعاً درست ہونے کے لیے  سودا کرتے وقت قیمت متعین کرنا (خواہ قیمت کم طے کرے یا زیادہ) شرعاً ضروری ہے، پس باہمی رضامندی سے نقد فروخت کرنے کی صورت میں کم قیمت اور ادھار  فروخت کرنے کی صورت میں زیادہ  قیمت متعین کرنا شرعاً درست ہے، بشرطیکہ عقد کے وقت نقد  یا ادھار کوئی ایک صورت متعین کردی جائے۔ نیز ادھار  فروخت کرنے  میں عقد کے صحیح ہونے کے لیے ایک شرط یہ بھی ہے کہ خریدار کی جانب سے قیمت کی ادائیگی میں تاخیر کی صورت میں جرمانہ وغیرہ کے نام سے قیمت میں اضافہ  کی شرط نہ لگائی جائے، اور قیمت جلد ادا کرنے کی صورت میں خریدار کے ذمے سے واجب الادا قیمت میں کمی  کی شرط نہ لگائی جائے، بلکہ جو قیمت عقد کے وقت طے کردی گئی ہو اسی کے مطابق عقد انجام پذیر ہو،  اگر اس شرط کی خلاف ورزی کی گئی تو سودا  شرعاً درست نہیں ہوگا؛  لہذا مذکورہ صورت میں مرغی کی خوراک  ادھار پر زیادہ قیمت پر فروخت کرنا جائز ہے،البتہ یہ ضروری ہے کہ  جو قیمت مقرر کردی جائے اس میں کمی بیشی کی شرط نہ ہو اور کوئی  مدت متعین کرلی جائے،  جیسا کہ ایک  ہفتہ یا ایک ماہ  وغیرہ، مدت متعین کیے بغیر معاملہ نہ کیا جائے۔</p><p style=""text-align:justify;"">البحر الرائق شرح كنز الدقائق میں ہے:</p><p class=""indent"" style=""text-align:justify;""><span class=""ar_writing"">""ويزاد في الثمن لأجله إذا ذكر الأجل بمقابلة زيادة الثمن قصدًا"".</span></p><p class=""indent"" style=""text-align:justify;""><span class=""ar_writing"">(البحرالرائق، ج:6، ص:115، ط:مکتبة رشیدیة)</span></p><p style=""text-align:justify;"">المحیط البرہانی میں ہے:</p><p class=""indent"" style=""text-align:justify;""><span class=""ar_writing"">""قال: ولو اشترى نسيئةً لم يبعه مرابحةً حتى يبين؛ لأن الأجل نسبه كونه مبيعاً، فإنه يزاد في الثمن لأجل الأجل"".</span></p><p class=""indent"" style=""text-align:justify;""><span class=""ar_writing"">(المحيط البرهاني في الفقه النعماني، كتاب البيع، الفصل الخامس عشر: في بيع المرابحة والتولية والوضعية، ۷/۶)</span></p><p style=""text-align:justify;""><span class=""ar_writing"">المبسوط للسرخسي (13/ 7):</span></p><p class=""indent"" style=""text-align:justify;""><span class=""ar_writing"">""وإذا عقد العقد على أنه إلى أجل كذا بكذا وبالنقد بكذا أو قال إلى شهر بكذا أو إلى شهرين بكذا فهو فاسد؛ لأنه لم يعاطه على ثمن معلوم ولنهي النبي صلى الله عليه وسلم عن شرطين في بيع وهذا هو تفسير الشرطين في بيع ومطلق النهي يوجب الفساد في العقود الشرعية وهذا إذا افترقا على هذا فإن كان يتراضيان بينهما ولم يتفرقا حتى قاطعه على ثمن معلوم، وأتما العقد عليه فهو جائز؛ لأنهما ما افترقا إلا بعد تمام شرط صحة العقد"".</span></p><p style=""text-align:justify;""><span class=""ar_writing"">بدائع الصنائع في ترتيب الشرائع (5/ 158):</span></p><p class=""indent"" style=""text-align:justify;""><span class=""ar_writing"">"" وكذا إذا قال: بعتك هذا العبد بألف درهم إلى سنة أو بألف وخمسمائة إلى سنتين؛ لأن الثمن مجهول، وقيل: هو الشرطان في بيع وقد روي أن رسول الله صلى الله عليه وسلم «نهى عن شرطين في بيع» ولو باع شيئا بربح ده يازده ولم يعلم المشتري رأس ماله فالبيع فاسد حتى يعلم فيختار أو يدع هكذا روى ابن رستم عن محمد؛ لأنه إذا لم يعلم رأس ماله كان ثمنه مجهولا وجهالة الثمن تمنع صحة البيع فإذا علم ورضي به جاز البيع؛ لأن المانع من الجواز هو الجهالة عند العقد وقد زالت في المجلس وله حكم حالة العقد فصار كأنه كان معلوما عند العقد وإن لم يعلم به حتى إذا افترقا تقرر الفساد"".</span></p><p style=""text-align:justify;""><span class=""ar_writing"">الدر المختار وحاشية ابن عابدين (رد المحتار) (4/ 61):</span></p><p class=""indent"" style=""text-align:justify;""><span class=""ar_writing"">""وفي شرح الآثار: التعزير بالمال كان في ابتداء الإسلام ثم نسخ. اهـ. والحاصل أن المذهب عدم التعزير بأخذ المال.""</span></p><p class=""indent"" style=""text-align:left;"">فقط واللہ اعلم</p></p><hr class=""big-hr""/><div class=""col-sm-6 col-md-6""><p class=""question_heading"" style=""color:#73161f"">فتویٰ نمبر : <a id=""fatwa_number"">144108200474</a></p></div><div class=""col-sm-6 col-md-6""><p style=""color:#73161f"">دارالافتاء :
                                جامعہ علوم اسلامیہ علامہ محمد یوسف بنوری ٹاؤن</p></div><hr class=""big-hr""/><div class=""col-sm-4 col-md-4""><div class=""tag""><a href=""https://www.banuri.edu.pk/questions/kitab/muamlat""><i class=""icon-docs-bold""></i> معاملات</a></div></div><div class=""col-sm-4 col-md-4""><div class=""tag""><a href=""https://www.banuri.edu.pk/questions/bab/bay-tijarat""><i class=""icon-docs-bold""></i> بیع / تجارت</a></div></div><div class=""col-sm-4 col-md-4""><div class=""tag""><a href=""https://www.banuri.edu.pk/questions/fasal/naqd-o-udhar-khareed-o-farokht-k-ahkam""><i class=""icon-docs-bold""></i> نقد اور ادھار خرید و فروخت کے احکام</a></div></div></div>"
https://www.banuri.edu.pk/readquestion/haloola-144108200471/01-04-2020,ہلولہ نام کے معنی,"<p><p style=""text-align:justify;"">ہلولہ نام کے معنی بتا دیں۔</p></p>","<p><p style=""text-align:justify;"">مذکورہ نام عربی یا اردو  زبان  کی کسی مستند لغت میں نہ مل سکا،   البتہ کسی علاقے کی مقامی  زبان  (مثلًا: ازبکستان) میں عربی  کے کسی لفظ   (غالبًا لفظِ ""ہلال"") کی بگڑی ہوئی شکل معلوم ہوتا ہے، اس کی جگہ بچے کا نام انبیاءِ کرام علیہم السلام یا صحابہ  کرام رضی اللہ عنہم کے نام پر اور بچی کا نام صحابیات رضی اللہ عنہن کے  ناموں میں سے کسی نام پر رکھ لیں ۔ ہماری ویب سائٹ پر اسلامی ناموں کے سیکشن سے بھی استفادہ کرسکتے ہیں۔ فقط واللہ اعلم</p></p><hr class=""big-hr""/>",01-04-2020,144108200471,banuri.edu.pk,حظر و اباحت,نام، لقب، کنیت,ناموں کے معانی اور احکام,"<div class=""col-md-12 sawal-jawab""><h3 class=""question_heading"">سوال</h3><p><p style=""text-align:justify;"">ہلولہ نام کے معنی بتا دیں۔</p></p><h4 class=""question_heading"">جواب</h4><p><p style=""text-align:justify;"">مذکورہ نام عربی یا اردو  زبان  کی کسی مستند لغت میں نہ مل سکا،   البتہ کسی علاقے کی مقامی  زبان  (مثلًا: ازبکستان) میں عربی  کے کسی لفظ   (غالبًا لفظِ ""ہلال"") کی بگڑی ہوئی شکل معلوم ہوتا ہے، اس کی جگہ بچے کا نام انبیاءِ کرام علیہم السلام یا صحابہ  کرام رضی اللہ عنہم کے نام پر اور بچی کا نام صحابیات رضی اللہ عنہن کے  ناموں میں سے کسی نام پر رکھ لیں ۔ ہماری ویب سائٹ پر اسلامی ناموں کے سیکشن سے بھی استفادہ کرسکتے ہیں۔ فقط واللہ اعلم</p></p><hr class=""big-hr""/><div class=""col-sm-6 col-md-6""><p class=""question_heading"" style=""color:#73161f"">فتویٰ نمبر : <a id=""fatwa_number"">144108200471</a></p></div><div class=""col-sm-6 col-md-6""><p style=""color:#73161f"">دارالافتاء :
                                جامعہ علوم اسلامیہ علامہ محمد یوسف بنوری ٹاؤن</p></div><hr class=""big-hr""/><div class=""col-sm-4 col-md-4""><div class=""tag""><a href=""https://www.banuri.edu.pk/questions/kitab/mamnooaat-mubahat""><i class=""icon-docs-bold""></i> حظر و اباحت</a></div></div><div class=""col-sm-4 col-md-4""><div class=""tag""><a href=""https://www.banuri.edu.pk/questions/bab/asaami""><i class=""icon-docs-bold""></i> نام، لقب، کنیت</a></div></div><div class=""col-sm-4 col-md-4""><div class=""tag""><a href=""https://www.banuri.edu.pk/questions/fasal/namoun-ke-mani-or-ahkaam""><i class=""icon-docs-bold""></i> ناموں کے معانی اور احکام</a></div></div></div>"
https://www.banuri.edu.pk/readquestion/teen-talaq-144108200468/01-04-2020,میسج پرتین طلاق دینے کے بعد طلاق کا انکار کرنا,"<p><p style=""text-align:justify;"">ایک شخص نے اپنی بیوی کو میسج پر طلاق دی اور کہا میں  تمھیں ہوش و حواس میں طلاق دیتا ہوں اور وہ  میسج خاندان کے لوگوں کے پاس موجود ہے اور طلاق بھی تین دی ہیں، اب وہ کہتا ہے  کہ میں نے طلاق نہیں دی، برائے کرم رہنمائی فرمائیں۔</p></p>","<p><p style=""text-align:justify;"">مذکورہ صورت میں اگر واقعتًا  مذکورہ شخص نےمیسج میں  تین طلاقیں دی تھیں تو  تین طلاقیں واقع ہوگئی ہیں اور بیوی اپنے شوہر پر حرام ہوچکی ہے، دونوں کا ساتھ  رہنا درست نہیں ہےاور فوری طور پر علیحدہ ہونا ضروری ہے۔ عورت اپنی عدت گزار کر دوسری جگہ نکاح کرنے میں آزاد ہوگی، رجوع یا تجدیدِ نکاح کی اب اجازت نہیں ہوگی۔ </p><p style=""text-align:justify;"">اگرچہ مذکورہ شخص طلاق کا منکر ہے، لیکن اگر اس کا میسج لوگوں کے پاس محفوظ ہے اور دو مرد یا ایک مرد اور دو عورتیں اس بات کی گواہی دیتے ہیں کہ اس نے خود میسج کیا تھا اور اس کا ثبوت بھی موجود ہے تو اس کے انکار کا اعتبار نہیں ہوگا۔</p><p style=""text-align:justify;"">بصورتِ دیگر   یعنی لوگ اس کے طلاق دینے کی گواہی نہ دیں، یا گواہی کا نصاب پورا نہ ہو، یا  وہ شخص خود میسج کرنے کا ہی منکر ہو کہ اس  نے خود میسج نہیں کیا، بلکہ اس کے نمبر سے کسی اور نے میسج کردیا ہے، اور اس بات پر گواہ  موجود نہ ہوں  کہ یہ میسج اس نے خود کیے ہیں تو ان تمام صورتوں میں کسی مستند دار الافتاء یا مفتی صاحب سے بالمشافہہ رجوع کرکے  فیصلہ کروالیا جائے۔ فقط واللہ اعلم</p></p><hr class=""big-hr""/>",01-04-2020,144108200468,banuri.edu.pk,طلاق,وقوع طلاق وعدم وقوع طلاق,طلاق - وقوع اور عدم وقوع,"<div class=""col-md-12 sawal-jawab""><h3 class=""question_heading"">سوال</h3><p><p style=""text-align:justify;"">ایک شخص نے اپنی بیوی کو میسج پر طلاق دی اور کہا میں  تمھیں ہوش و حواس میں طلاق دیتا ہوں اور وہ  میسج خاندان کے لوگوں کے پاس موجود ہے اور طلاق بھی تین دی ہیں، اب وہ کہتا ہے  کہ میں نے طلاق نہیں دی، برائے کرم رہنمائی فرمائیں۔</p></p><h4 class=""question_heading"">جواب</h4><p><p style=""text-align:justify;"">مذکورہ صورت میں اگر واقعتًا  مذکورہ شخص نےمیسج میں  تین طلاقیں دی تھیں تو  تین طلاقیں واقع ہوگئی ہیں اور بیوی اپنے شوہر پر حرام ہوچکی ہے، دونوں کا ساتھ  رہنا درست نہیں ہےاور فوری طور پر علیحدہ ہونا ضروری ہے۔ عورت اپنی عدت گزار کر دوسری جگہ نکاح کرنے میں آزاد ہوگی، رجوع یا تجدیدِ نکاح کی اب اجازت نہیں ہوگی۔ </p><p style=""text-align:justify;"">اگرچہ مذکورہ شخص طلاق کا منکر ہے، لیکن اگر اس کا میسج لوگوں کے پاس محفوظ ہے اور دو مرد یا ایک مرد اور دو عورتیں اس بات کی گواہی دیتے ہیں کہ اس نے خود میسج کیا تھا اور اس کا ثبوت بھی موجود ہے تو اس کے انکار کا اعتبار نہیں ہوگا۔</p><p style=""text-align:justify;"">بصورتِ دیگر   یعنی لوگ اس کے طلاق دینے کی گواہی نہ دیں، یا گواہی کا نصاب پورا نہ ہو، یا  وہ شخص خود میسج کرنے کا ہی منکر ہو کہ اس  نے خود میسج نہیں کیا، بلکہ اس کے نمبر سے کسی اور نے میسج کردیا ہے، اور اس بات پر گواہ  موجود نہ ہوں  کہ یہ میسج اس نے خود کیے ہیں تو ان تمام صورتوں میں کسی مستند دار الافتاء یا مفتی صاحب سے بالمشافہہ رجوع کرکے  فیصلہ کروالیا جائے۔ فقط واللہ اعلم</p></p><hr class=""big-hr""/><div class=""col-sm-6 col-md-6""><p class=""question_heading"" style=""color:#73161f"">فتویٰ نمبر : <a id=""fatwa_number"">144108200468</a></p></div><div class=""col-sm-6 col-md-6""><p style=""color:#73161f"">دارالافتاء :
                                جامعہ علوم اسلامیہ علامہ محمد یوسف بنوری ٹاؤن</p></div><hr class=""big-hr""/><div class=""col-sm-4 col-md-4""><div class=""tag""><a href=""https://www.banuri.edu.pk/questions/kitab/talaaq""><i class=""icon-docs-bold""></i> طلاق</a></div></div><div class=""col-sm-4 col-md-4""><div class=""tag""><a href=""https://www.banuri.edu.pk/questions/bab/wuqoo-e-talaq-o-adme-wuqoo-e-talaq""><i class=""icon-docs-bold""></i> وقوع طلاق وعدم وقوع طلاق</a></div></div><div class=""col-sm-4 col-md-4""><div class=""tag""><a href=""https://www.banuri.edu.pk/questions/fasal/talaq-wuqo-or-adm-e-wuqo""><i class=""icon-docs-bold""></i> طلاق - وقوع اور عدم وقوع</a></div></div></div>"
https://www.banuri.edu.pk/readquestion/corona-virus-ki-wajah-sy-doosri-jamaat-or-juma-144108200482/01-04-2020,کرونا وائرس کی وجہ سے مسجد میں دوسری جماعت یا دوسرے جمعہ کا حکم,"<p><p style=""text-align:justify;"">موجودہ  حالات میں ایک مسجد  میں دو  جماعتیں کراسکتے  ہیں؟ اور  کیا مسجد کے ہر فلور پر مختلف اوقات میں الگ الگ جمعہ کی نماز ادا کی جاسکتی ہے؟</p></p>","<p><p style=""text-align:justify;"">موجودہ حالات میں بھی  ایک مسجد میں دو جماعتیں کرانا مکروہِ تحریمی ہے، اسی طرح ایک مسجد میں ایک جمعہ کی دو جماعتیں کرانا بھی مکروہِ تحریمی ہے۔</p><p style=""text-align:justify;"">مزید تفصیل کے لیے درج ذیل لنک پر فتاویٰ ملاحظہ کیجیے:</p><p class=""indent"" style=""text-align:justify;""><a href=""https://www.banuri.edu.pk/readquestion/lock-down-ki-waja-say-1-masjid-main-takrar-e-jamat-ka-hukum-144111201760/20-07-2020"">لاک ڈاؤن کی وجہ سے ایک مسجد میں تکرار جماعت کا حکم</a></p><p class=""indent"" style=""text-align:justify;""><a href=""https://www.banuri.edu.pk/readquestion/%D9%85%D8%B3%D8%AC%D8%AF-%D9%85%DB%8C%DA%BA-%D8%AC%D9%85%D8%A7%D8%B9%D8%AA-%D8%AB%D8%A7%D9%86%DB%8C%DB%81-%DA%A9%D8%A7-%D8%AD%DA%A9%D9%85/04-05-2019"">مسجد میں جماعت ثانیہ کا حکم</a></p><p class=""indent"" style=""text-align:left;"">فقط و اللہ اعلم</p></p><hr class=""big-hr""/>",01-04-2020,144108200482,banuri.edu.pk,نماز,نماز کی جماعت,جماعت / امامت,"<div class=""col-md-12 sawal-jawab""><h3 class=""question_heading"">سوال</h3><p><p style=""text-align:justify;"">موجودہ  حالات میں ایک مسجد  میں دو  جماعتیں کراسکتے  ہیں؟ اور  کیا مسجد کے ہر فلور پر مختلف اوقات میں الگ الگ جمعہ کی نماز ادا کی جاسکتی ہے؟</p></p><h4 class=""question_heading"">جواب</h4><p><p style=""text-align:justify;"">موجودہ حالات میں بھی  ایک مسجد میں دو جماعتیں کرانا مکروہِ تحریمی ہے، اسی طرح ایک مسجد میں ایک جمعہ کی دو جماعتیں کرانا بھی مکروہِ تحریمی ہے۔</p><p style=""text-align:justify;"">مزید تفصیل کے لیے درج ذیل لنک پر فتاویٰ ملاحظہ کیجیے:</p><p class=""indent"" style=""text-align:justify;""><a href=""https://www.banuri.edu.pk/readquestion/lock-down-ki-waja-say-1-masjid-main-takrar-e-jamat-ka-hukum-144111201760/20-07-2020"">لاک ڈاؤن کی وجہ سے ایک مسجد میں تکرار جماعت کا حکم</a></p><p class=""indent"" style=""text-align:justify;""><a href=""https://www.banuri.edu.pk/readquestion/%D9%85%D8%B3%D8%AC%D8%AF-%D9%85%DB%8C%DA%BA-%D8%AC%D9%85%D8%A7%D8%B9%D8%AA-%D8%AB%D8%A7%D9%86%DB%8C%DB%81-%DA%A9%D8%A7-%D8%AD%DA%A9%D9%85/04-05-2019"">مسجد میں جماعت ثانیہ کا حکم</a></p><p class=""indent"" style=""text-align:left;"">فقط و اللہ اعلم</p></p><hr class=""big-hr""/><div class=""col-sm-6 col-md-6""><p class=""question_heading"" style=""color:#73161f"">فتویٰ نمبر : <a id=""fatwa_number"">144108200482</a></p></div><div class=""col-sm-6 col-md-6""><p style=""color:#73161f"">دارالافتاء :
                                جامعہ علوم اسلامیہ علامہ محمد یوسف بنوری ٹاؤن</p></div><hr class=""big-hr""/><div class=""col-sm-4 col-md-4""><div class=""tag""><a href=""https://www.banuri.edu.pk/questions/kitab/salat""><i class=""icon-docs-bold""></i> نماز</a></div></div><div class=""col-sm-4 col-md-4""><div class=""tag""><a href=""https://www.banuri.edu.pk/questions/bab/namaz-ki-jamat""><i class=""icon-docs-bold""></i> نماز کی جماعت</a></div></div><div class=""col-sm-4 col-md-4""><div class=""tag""><a href=""https://www.banuri.edu.pk/questions/fasal/jamat-imamat""><i class=""icon-docs-bold""></i> جماعت / امامت</a></div></div></div>"
https://www.banuri.edu.pk/readquestion/shaadi-k-baad-biwi-kahan-rahay-gi-144108200489/02-04-2020,شادی کے بعد بیوی کہاں رہے گی؟,"<p><p style=""text-align:justify;"">میری بیوی اور میں ایک دوسرے سے بہت محبت کرتے ہیں، البتہ ہماری شادی ارینج میرج ہے، میری بیوی کے والد نہیں ہیں، اب میری بیوی کے بھائی اور والدہ ہمارے رشتہ میں اپنی دخل اندازی کرتے ہیں ہمارے معاملہ میں، میری ملازمت کراچی سے باہر ہے، میرا ہر مہینے آنا جانا ہوتا ہے تو وہ چاہتے ہیں کہ میری بیوی ان کے گھر ہی رہے، دین کی روشنی میں بتائیے کہ میرا کیا حق ہے اور میری بیوی پر کس کا حق زیادہ ہے؟ میرا ، اس کے بھائیوں کا یاوالدہ کا؟اور یہ بھی بتایئے کہ میری بیوی کو کس کی بات ماننا چاہیے میری یا ان کی؟</p></p>","<p><p style=""text-align:justify;"">شادی کے بعد لڑکی پر شوہر کے الگ نوع کے حقوق ہوتے ہیں، جب کہ والدہ اور بھائیوں کے الگ قسم کے حقوق، لہذا دونوں کی رعایت  رکھ  کر  ہر قسم کے حقوق کی ادائیگی کا اہتمام کیا جائے، تاہم شادی کے بعد لڑکی پر لازم ہے کہ وہ وہاں رہے  جہاں اس کا شوہر  اسے   رکھے، بشرطیکہ شوہر اس کے حقوق کا خیال رکھ رہا ہو، اور عورت کی عزت بھی محفوظ ہو اور وہاں عورت کے  جائز شرعی حقوق بھی متاثر نہ ہوتے ہوں؛ لہذا سائل کی بیوی  پر  لازم ہے کہ وہ اس سلسلے  میں اپنے شوہر کی بات مانے۔ فقط و اللہ اعلم</p></p><hr class=""big-hr""/>",02-04-2020,144108200489,banuri.edu.pk,حقوق و آدابِ معاشرت,حقوق,میاں ، بیوی کے حقوق,"<div class=""col-md-12 sawal-jawab""><h3 class=""question_heading"">سوال</h3><p><p style=""text-align:justify;"">میری بیوی اور میں ایک دوسرے سے بہت محبت کرتے ہیں، البتہ ہماری شادی ارینج میرج ہے، میری بیوی کے والد نہیں ہیں، اب میری بیوی کے بھائی اور والدہ ہمارے رشتہ میں اپنی دخل اندازی کرتے ہیں ہمارے معاملہ میں، میری ملازمت کراچی سے باہر ہے، میرا ہر مہینے آنا جانا ہوتا ہے تو وہ چاہتے ہیں کہ میری بیوی ان کے گھر ہی رہے، دین کی روشنی میں بتائیے کہ میرا کیا حق ہے اور میری بیوی پر کس کا حق زیادہ ہے؟ میرا ، اس کے بھائیوں کا یاوالدہ کا؟اور یہ بھی بتایئے کہ میری بیوی کو کس کی بات ماننا چاہیے میری یا ان کی؟</p></p><h4 class=""question_heading"">جواب</h4><p><p style=""text-align:justify;"">شادی کے بعد لڑکی پر شوہر کے الگ نوع کے حقوق ہوتے ہیں، جب کہ والدہ اور بھائیوں کے الگ قسم کے حقوق، لہذا دونوں کی رعایت  رکھ  کر  ہر قسم کے حقوق کی ادائیگی کا اہتمام کیا جائے، تاہم شادی کے بعد لڑکی پر لازم ہے کہ وہ وہاں رہے  جہاں اس کا شوہر  اسے   رکھے، بشرطیکہ شوہر اس کے حقوق کا خیال رکھ رہا ہو، اور عورت کی عزت بھی محفوظ ہو اور وہاں عورت کے  جائز شرعی حقوق بھی متاثر نہ ہوتے ہوں؛ لہذا سائل کی بیوی  پر  لازم ہے کہ وہ اس سلسلے  میں اپنے شوہر کی بات مانے۔ فقط و اللہ اعلم</p></p><hr class=""big-hr""/><div class=""col-sm-6 col-md-6""><p class=""question_heading"" style=""color:#73161f"">فتویٰ نمبر : <a id=""fatwa_number"">144108200489</a></p></div><div class=""col-sm-6 col-md-6""><p style=""color:#73161f"">دارالافتاء :
                                جامعہ علوم اسلامیہ علامہ محمد یوسف بنوری ٹاؤن</p></div><hr class=""big-hr""/><div class=""col-sm-4 col-md-4""><div class=""tag""><a href=""https://www.banuri.edu.pk/questions/kitab/huqooq-muashret""><i class=""icon-docs-bold""></i> حقوق و آدابِ معاشرت</a></div></div><div class=""col-sm-4 col-md-4""><div class=""tag""><a href=""https://www.banuri.edu.pk/questions/bab/bahmi-huqooq""><i class=""icon-docs-bold""></i> حقوق</a></div></div><div class=""col-sm-4 col-md-4""><div class=""tag""><a href=""https://www.banuri.edu.pk/questions/fasal/mian-biwi-k-huqooq""><i class=""icon-docs-bold""></i> میاں ، بیوی کے حقوق</a></div></div></div>"
https://www.banuri.edu.pk/readquestion/dua-e-anas-yad-kr-k-parhna-144108200496/02-04-2020,دعائے انس یاد کرکے پڑھنا,"<p><p style=""text-align:justify;"">پلے سٹور پر انس بن مالک رضی اللہ عنہ  کی ایک دعا دی گئی ہے ،  اگر اس کو ڈاؤن لوڈ کیا جائے  اور پھر یاد کیا جائے  اور پھر پڑھا جائے تو یہ جائز اور مفید ہو گا؟</p></p>","<p><p style=""text-align:justify;"">دعاءِ انس (رضی اللہ عنہ) الفاظ کے فرق کے ساتھ درج کتابوں میں مذکور ہے:</p><p style=""text-align:justify;""><span class=""ar_writing"">1- عمل اليوم والليلة لابن السني (ص: 307)</span></p><p style=""text-align:justify;""><span class=""ar_writing"">2- الدعاء للطبراني (ص: 323)</span></p><p style=""text-align:justify;""><span class=""ar_writing"">3- الفوائد المنتقاة لابن السماك (ص: 27)</span></p><p style=""text-align:justify;""><span class=""ar_writing"">4- المنتظم في تاريخ الملوك والأمم (6/ 339)</span></p><p style=""text-align:justify;""><span class=""ar_writing"">5- تاريخ دمشق لابن عساكر (52/ 259)</span></p><p style=""text-align:justify;""><span class=""ar_writing"">6- مجموع رسائل الحافظ العلائي (ص: 358)</span></p><p style=""text-align:justify;""><span class=""ar_writing"">7- الخصائص الكبرى (2/ 298)</span></p><p style=""text-align:justify;""><span class=""ar_writing"">8- سبل الهدى والرشاد في سيرة خير العباد (10/ 228)</span></p><p style=""text-align:justify;"">اس دعا  کی اسانید میں اگرچہ ضعف ہے ، لیکن چوں کہ متعدد طرق سے مروی ہے، لہذا  قابلِ عمل ہے اور اس کے الفاظ کے شواہد بھی احادیث میں وارد ہیں۔</p><p style=""text-align:justify;"">پلے اسٹور سے بھی لے سکتے ہیں تاہم  ”دعاءِ  انس بن مالک ؓ“ کے نام سے مفتی عبد الرؤف سکھروی صاحب دامت برکاتہم کا مرتب کردہ ایک  رسالہ  کتب خانوں میں دست یاب ہے ، اس میں مختلف کتب سے الفاظ کو جمع کیا گیا ہے، اس کا مطالعہ مفید رہے گا۔ فقط واللہ اعلم</p></p><hr class=""big-hr""/>",02-04-2020,144108200496,banuri.edu.pk,علوم و فنون,دعائیں، اوراد اور وظائف,مسنون دعائیں,"<div class=""col-md-12 sawal-jawab""><h3 class=""question_heading"">سوال</h3><p><p style=""text-align:justify;"">پلے سٹور پر انس بن مالک رضی اللہ عنہ  کی ایک دعا دی گئی ہے ،  اگر اس کو ڈاؤن لوڈ کیا جائے  اور پھر یاد کیا جائے  اور پھر پڑھا جائے تو یہ جائز اور مفید ہو گا؟</p></p><h4 class=""question_heading"">جواب</h4><p><p style=""text-align:justify;"">دعاءِ انس (رضی اللہ عنہ) الفاظ کے فرق کے ساتھ درج کتابوں میں مذکور ہے:</p><p style=""text-align:justify;""><span class=""ar_writing"">1- عمل اليوم والليلة لابن السني (ص: 307)</span></p><p style=""text-align:justify;""><span class=""ar_writing"">2- الدعاء للطبراني (ص: 323)</span></p><p style=""text-align:justify;""><span class=""ar_writing"">3- الفوائد المنتقاة لابن السماك (ص: 27)</span></p><p style=""text-align:justify;""><span class=""ar_writing"">4- المنتظم في تاريخ الملوك والأمم (6/ 339)</span></p><p style=""text-align:justify;""><span class=""ar_writing"">5- تاريخ دمشق لابن عساكر (52/ 259)</span></p><p style=""text-align:justify;""><span class=""ar_writing"">6- مجموع رسائل الحافظ العلائي (ص: 358)</span></p><p style=""text-align:justify;""><span class=""ar_writing"">7- الخصائص الكبرى (2/ 298)</span></p><p style=""text-align:justify;""><span class=""ar_writing"">8- سبل الهدى والرشاد في سيرة خير العباد (10/ 228)</span></p><p style=""text-align:justify;"">اس دعا  کی اسانید میں اگرچہ ضعف ہے ، لیکن چوں کہ متعدد طرق سے مروی ہے، لہذا  قابلِ عمل ہے اور اس کے الفاظ کے شواہد بھی احادیث میں وارد ہیں۔</p><p style=""text-align:justify;"">پلے اسٹور سے بھی لے سکتے ہیں تاہم  ”دعاءِ  انس بن مالک ؓ“ کے نام سے مفتی عبد الرؤف سکھروی صاحب دامت برکاتہم کا مرتب کردہ ایک  رسالہ  کتب خانوں میں دست یاب ہے ، اس میں مختلف کتب سے الفاظ کو جمع کیا گیا ہے، اس کا مطالعہ مفید رہے گا۔ فقط واللہ اعلم</p></p><hr class=""big-hr""/><div class=""col-sm-6 col-md-6""><p class=""question_heading"" style=""color:#73161f"">فتویٰ نمبر : <a id=""fatwa_number"">144108200496</a></p></div><div class=""col-sm-6 col-md-6""><p style=""color:#73161f"">دارالافتاء :
                                جامعہ علوم اسلامیہ علامہ محمد یوسف بنوری ٹاؤن</p></div><hr class=""big-hr""/><div class=""col-sm-4 col-md-4""><div class=""tag""><a href=""https://www.banuri.edu.pk/questions/kitab/uloom-funoon""><i class=""icon-docs-bold""></i> علوم و فنون</a></div></div><div class=""col-sm-4 col-md-4""><div class=""tag""><a href=""https://www.banuri.edu.pk/questions/bab/adeya-azkar""><i class=""icon-docs-bold""></i> دعائیں، اوراد اور وظائف</a></div></div><div class=""col-sm-4 col-md-4""><div class=""tag""><a href=""https://www.banuri.edu.pk/questions/fasal/musnoon-duayen""><i class=""icon-docs-bold""></i> مسنون دعائیں</a></div></div></div>"
https://www.banuri.edu.pk/readquestion/hafiz-sahb-ka-masla-batana-144108200535/02-04-2020,حافظ صاحب کا مسئلہ بتانا,"<p><p style=""text-align:justify;"">اگر کوئی لڑکا حافظِ  قرآن ہے اور اس نے جو  مسائل مستند  عالم سے سنے ہوں یا پوچھے ہوں تو وہ مسائل لوگوں میں بیان کرسکتا ہے؟ لوگوں کو بتاسكتا ہے؟ اس کو گناہ تو نہیں ہوگا؟</p></p>","<hr class=""big-hr""/>",02-04-2020,144108200535,banuri.edu.pk,علوم و فنون,فقہ و فتویٰ,فتویٰ کی تعریف، اصول اور آداب,"<div class=""col-md-12 sawal-jawab""><h3 class=""question_heading"">سوال</h3><p><p style=""text-align:justify;"">اگر کوئی لڑکا حافظِ  قرآن ہے اور اس نے جو  مسائل مستند  عالم سے سنے ہوں یا پوچھے ہوں تو وہ مسائل لوگوں میں بیان کرسکتا ہے؟ لوگوں کو بتاسكتا ہے؟ اس کو گناہ تو نہیں ہوگا؟</p></p><h4 class=""question_heading"">جواب</h4><p><p style=""text-align:justify;"">مسئلہ بتانا ایک بہت بڑی شرعی ذمہ داری،اور   انتہائی نازک وحساس کام ہے جس میں سائل کاسوال سمجھنا،اس کا مقصد پہچاننا اور اور اس کے زمانے ،مکان اور عرف کی واقفیت کے ساتھ   ساتھ ، ملتی جلتی جزئیات میں امتیاز اور جواب میں مفتٰی بہٖ قول اختیار کرنا ،ایسے  بہت  سے امور  ہیں جن کا ادراک  ممارسۃ اور مسلسل تجربے کا متقاضی ہے، اور ان امور کی انجام دہی کسی  مستند دارالافتاء  سے  وابستہ مفتی ہی  کرسکتاہے، اس  لیے کسی  حافظِ قرآن جو کہ مفتی یا پختہ عالم نہیں ہے کے لیے مسائل بتانے  میں جرأت کرنا صحیح نہیں ہے ۔</p><p style=""text-align:justify;"">غیر مفتی  شخص بوقتِ ضرورت اس شرط کے ساتھ  مسئلہ  آگے نقل کرسکتا ہے  جب  کسی مستند  کتاب میں دیکھا ہو یا کسی مستندمفتی صاحب سے مسئلہ معلوم کیا ہو  اور مسئلہ اچھی سمجھ بھی چکا ہو  یا جواب کی تصدیق  کسی مستند مفتی یا دار الافتاء سے کرچکا ہو، اور مسئلہ بعینہ آگے نقل کرے۔  غیر عالم شخص کا مستقل معمول بنالینا کہ لوگوں کے مسائل سن کر ان کے جوابات دے ، اس میں خطا  کا غالب امکان ہے، لہٰذا مستند مفتی یا پختہ عالم کے علاوہ کوئی شخص مستقل مسائل نہ بتائے،اگر کسی جگہ کوئی پختہ عالم یا مستند مفتی موجود نہ ہو تو حافظ صاحب کو چاہیے کہ کسی مستند مفتی سے رجوع کرکے عوام کے مسائل کے جوابات حاصل کرے اور بعینہ وہ جوابات عوام تک منتقل کردے، یا کسی مستند مفتی صاحب سے بہشتی زیور یا تعلیم الاسلام وغیرہ  کتابیں پڑھ کر  ضروری مسائل اَزبر کرلے اور ان کتابوں سے دیکھ کر بعینہ مسائل نقل کردے، اور جو مسائل سمجھ نہ آئیں یا ان میں اشتباہ ہو، ان کا جواب نہ دے، بلکہ کسی مستند دار الافتاء یا مفتی صاحب سے رجوع کرکے عوام الناس کی راہ نمائی کرے۔  فقط واللہ اعلم</p></p><hr class=""big-hr""/><div class=""col-sm-6 col-md-6""><p class=""question_heading"" style=""color:#73161f"">فتویٰ نمبر : <a id=""fatwa_number"">144108200535</a></p></div><div class=""col-sm-6 col-md-6""><p style=""color:#73161f"">دارالافتاء :
                                جامعہ علوم اسلامیہ علامہ محمد یوسف بنوری ٹاؤن</p></div><hr class=""big-hr""/><div class=""col-sm-4 col-md-4""><div class=""tag""><a href=""https://www.banuri.edu.pk/questions/kitab/uloom-funoon""><i class=""icon-docs-bold""></i> علوم و فنون</a></div></div><div class=""col-sm-4 col-md-4""><div class=""tag""><a href=""https://www.banuri.edu.pk/questions/bab/fiqah""><i class=""icon-docs-bold""></i> فقہ و فتویٰ</a></div></div><div class=""col-sm-4 col-md-4""><div class=""tag""><a href=""https://www.banuri.edu.pk/questions/fasal/fatwa-ki-tareef-usool-aur-aadaab""><i class=""icon-docs-bold""></i> فتویٰ کی تعریف، اصول اور آداب</a></div></div></div>"
https://www.banuri.edu.pk/readquestion/bivi-say-dubur-say-milnay-ka-nikah-par-asar-144210200504/25-05-2021,بیوی سے بدفعلی سے نکاح کا حکم,"<p><p style=""text-align:justify;"">کوئی اگر اپنی بیوی کے ساتھ ہم بستری کرے دبر کی طرف سے، اس حالت میں نکاح ٹوٹتا ہے؟</p></p>","<p><p style=""text-align:justify;"">اپنی بیوی کے ساتھ غیر فطری طریقے ( یعنی پیچھے کے راستے )  سے ہم بستری کرنا  شرعاً ناجائز اور  حرام ہے،  حدیث شریف  میں رسول اللہ  ﷺ   نے  بیوی کے  ساتھ   پیچھے  کے  راستے  سے  ہم بستری کرنے  سے منع فرمایا ہے، اور ایسا فعل کرنے والے پر حدیث میں لعنت وارد ہوئی ہے،  اس سے نکاح تو نہیں ٹوٹے گا، لیکن یہ فعل شرعًا و عرفًا انتہائی  قبیح اور شرم ناک  ہے اور اس کا مرتکب  سخت گناہ گار ہے۔ اگر کسی سے یہ گناہ سرزد ہوجائے تو  اس پر  لازم ہے کہ سچے دل سے توبہ کر کے آئندہ ایسا نہ کرنے کا عزم کرے، اگر توبہ کر لے گا تو امید ہے کہ اللہ تعالی معاف فر دیں گے۔</p><p style=""text-align:justify;"">مزید تفصیل کے لیے  درج ذیل لنک پر جامعہ کا فتویٰ ملاحظہ فرمائیں:</p><p style=""text-align:justify;""><a href=""https://www.banuri.edu.pk/readquestion/bivi-say-pichay-k-rastay-ham-bistari-ka-hukam-144110200302/28-05-2020"">بیوی سے پیچھے کے راستے ہم بستری کا حکم</a></p><p class=""indent"" style=""text-align:left;"">فقط واللہ اعلم</p></p><hr class=""big-hr""/>",25-05-2021,144210200504,banuri.edu.pk,حقوق و آدابِ معاشرت,حقوق,میاں ، بیوی کے حقوق,"<div class=""col-md-12 sawal-jawab""><h3 class=""question_heading"">سوال</h3><p><p style=""text-align:justify;"">کوئی اگر اپنی بیوی کے ساتھ ہم بستری کرے دبر کی طرف سے، اس حالت میں نکاح ٹوٹتا ہے؟</p></p><h4 class=""question_heading"">جواب</h4><p><p style=""text-align:justify;"">اپنی بیوی کے ساتھ غیر فطری طریقے ( یعنی پیچھے کے راستے )  سے ہم بستری کرنا  شرعاً ناجائز اور  حرام ہے،  حدیث شریف  میں رسول اللہ  ﷺ   نے  بیوی کے  ساتھ   پیچھے  کے  راستے  سے  ہم بستری کرنے  سے منع فرمایا ہے، اور ایسا فعل کرنے والے پر حدیث میں لعنت وارد ہوئی ہے،  اس سے نکاح تو نہیں ٹوٹے گا، لیکن یہ فعل شرعًا و عرفًا انتہائی  قبیح اور شرم ناک  ہے اور اس کا مرتکب  سخت گناہ گار ہے۔ اگر کسی سے یہ گناہ سرزد ہوجائے تو  اس پر  لازم ہے کہ سچے دل سے توبہ کر کے آئندہ ایسا نہ کرنے کا عزم کرے، اگر توبہ کر لے گا تو امید ہے کہ اللہ تعالی معاف فر دیں گے۔</p><p style=""text-align:justify;"">مزید تفصیل کے لیے  درج ذیل لنک پر جامعہ کا فتویٰ ملاحظہ فرمائیں:</p><p style=""text-align:justify;""><a href=""https://www.banuri.edu.pk/readquestion/bivi-say-pichay-k-rastay-ham-bistari-ka-hukam-144110200302/28-05-2020"">بیوی سے پیچھے کے راستے ہم بستری کا حکم</a></p><p class=""indent"" style=""text-align:left;"">فقط واللہ اعلم</p></p><hr class=""big-hr""/><div class=""col-sm-6 col-md-6""><p class=""question_heading"" style=""color:#73161f"">فتویٰ نمبر : <a id=""fatwa_number"">144210200504</a></p></div><div class=""col-sm-6 col-md-6""><p style=""color:#73161f"">دارالافتاء :
                                جامعہ علوم اسلامیہ علامہ محمد یوسف بنوری ٹاؤن</p></div><hr class=""big-hr""/><div class=""col-sm-4 col-md-4""><div class=""tag""><a href=""https://www.banuri.edu.pk/questions/kitab/huqooq-muashret""><i class=""icon-docs-bold""></i> حقوق و آدابِ معاشرت</a></div></div><div class=""col-sm-4 col-md-4""><div class=""tag""><a href=""https://www.banuri.edu.pk/questions/bab/bahmi-huqooq""><i class=""icon-docs-bold""></i> حقوق</a></div></div><div class=""col-sm-4 col-md-4""><div class=""tag""><a href=""https://www.banuri.edu.pk/questions/fasal/mian-biwi-k-huqooq""><i class=""icon-docs-bold""></i> میاں ، بیوی کے حقوق</a></div></div></div>"
https://www.banuri.edu.pk/readquestion/janar-k-galay-m-ghante-bandhnay-ka-hukum-144210200716/28-05-2021,جانور کے گلے میں گھنٹی باندھنے کا حکم,"<p><p style=""text-align:justify;"">جانور کے گلے میں گھنٹی باندھنے کا حکم بتا دیں!</p></p>","<hr class=""big-hr""/>",28-05-2021,144210200716,banuri.edu.pk,حظر و اباحت,تصویر اور دیگر لہو و لعب,گانے بجانا، آلات موسیقی,"<div class=""col-md-12 sawal-jawab""><h3 class=""question_heading"">سوال</h3><p><p style=""text-align:justify;"">جانور کے گلے میں گھنٹی باندھنے کا حکم بتا دیں!</p></p><h4 class=""question_heading"">جواب</h4><p><p style=""text-align:justify;"">جانور کے  گلے میں گھنٹی باندھنے  سے اگر کوئی فائدہ مقصود ہو، مثلًا گھنٹی کی آواز  سے پیچھے رہ جانے والا آدمی قافلہ تک پہنچ سکتا ہے، رات کے وقت میں گھنٹی کی آواز سے موذی جانور دور بھاگ جاتے ہیں، گھنٹی کی آواز سے جانور میں چستی پیدا ہوتی ہے، تو ان منافع کے پیشِ نظر جانور کے گلے میں گھنٹی باندھی جا  سکتی ہے، البتہ  اگر جانور کے گلے میں  گھنٹی  کے باندھنے سے کوئی فائدہ مقصود نہ ہو  ، محض تفاخر کی غرض سے ہو   تو اس کی اجازت نہیں ہوگی۔</p><p style=""text-align:justify;""><span class=""ar_writing"">الفتاوى الهندية (5/ 354):</span></p><p class=""indent"" style=""text-align:justify;""><span class=""ar_writing"">""لا بأس بتعليق الأجراس على عنق الفرس و الثور، كذا في القنية.</span></p><p class=""indent"" style=""text-align:justify;""><span class=""ar_writing"">واختلف العلماء في كراهة تعليق الجرس على الدواب، فمنهم من قال بكراهته في الأسفار كلها الغزو و غيره في ذلك سواء، و هذا القائل يقول بكراهة ذلك في الحضر كما يقول بكراهته في السفر، ويقول أيضا بكراهة اتخاذ الجلاجل في رجل الصغير، وقال محمد - رحمه الله تعالى - في السير الكبير:  إنما يكره اتخاذ الجرس للغزاة في دار الحرب، وهو المذهب عند علمائنا رحمهم الله تعالى؛ لأن تعليق الجرس على الدواب إنما يكره في دار الحرب؛ لأن العدو يشعر بمكان المسلمين، فإن كان بالمسلمين قلة يتبادرون إليهم فيقتلونهم، وإن كان بهم كثرة فالكفار يتحرزون عنهم ويتحصنون. فعلى هذا قالوا: إذا كان الركب في المفازة في دار الإسلام يخافون من اللصوص يكره لهم تعليق الجرس على الدواب أيضا حتى لا يشعر بهم اللصوص فلا يستعدون لقتلهم وأخذ أموالهم، والذي ذكرنا من الجواب في الجرس فهو الجواب في الجلاجل قال محمد - رحمه الله تعالى - في السير فأما ما كان في دار الإسلام فيه منفعة لصاحب الراحلة فلا بأس به، قال: وفي الجرس منفعة جمة منها إذا ضل واحد من القافلة يلحق بها بصوت الجرس،  ومنها أن صوت الجرس يبعد هوام الليل عن القافلة كالذئب وغيره،  ومنها أن صوت الجرس يزيد في نشاط الدواب فهو نظير الحداء كذا في المحيط.""</span></p><p><span class=""ar_writing"">شرح السير الكبير (1/ 49):</span></p><p class=""indent""><span class=""ar_writing"">""وأما ما كان في دار الإسلام فيه منفعة لصاحب الراحلة فلا بأس به، يعني قد ينتفع المسلمون في أسفارهم بصوت الجرس يدفعون به النوم عن أنفسهم، ومن يضل عن الطريق يتمكن من اللحوق بهم بصوت الجرس فلا يضل،  ومن الدواب ما ينشط في السير بصوت الجرس فإذا أمنوا اللصوص وكان في الجرس منفعة لهم بهذه الصفة فلا بأس باتخاذه، وهو نظير الحداء وذلك معروف في العرب،  وقد أذن فيه رسول الله صلى الله عليه وسلم وكن يسير بالليل والحادي يحدي بين يديه فعرفنا أنه لا بأس بمثله، وما يكون في أرجل الصبيان على سبيل اللهو من غير منفعة فلا يستحب أيضاً وإن كان فيه منفعة فلا بأس.""</span></p><p style=""text-align:justify;""><span class=""ar_writing"">التعليق الممجد بشرح موطأ محمد (4/ 150)</span></p><p class=""indent"" style=""text-align:justify;""><span class=""ar_writing"">"" باب التصاوير  و الجرس و ما يكره منها</span></p><p class=""indent"" style=""text-align:justify;""><span class=""ar_writing"">902 - أخبرنا مالك أخبرنا نافع عن سالم بن عبد الله عن الجراح   مولى أم حبيبة عن أم حبيبة   : أن رسول الله صلى الله عليه وسلم قال : العير التي فيها جرس لا تصحبها الملائكة .</span><span class=""ar_writing"">قال محمد : وإنما روي  ذلك في الحرب لأنه ينذر به العدو.""</span></p><p class=""indent"" style=""text-align:left;"">فقط اللہ اعلم</p></p><hr class=""big-hr""/><div class=""col-sm-6 col-md-6""><p class=""question_heading"" style=""color:#73161f"">فتویٰ نمبر : <a id=""fatwa_number"">144210200716</a></p></div><div class=""col-sm-6 col-md-6""><p style=""color:#73161f"">دارالافتاء :
                                جامعہ علوم اسلامیہ علامہ محمد یوسف بنوری ٹاؤن</p></div><hr class=""big-hr""/><div class=""col-sm-4 col-md-4""><div class=""tag""><a href=""https://www.banuri.edu.pk/questions/kitab/mamnooaat-mubahat""><i class=""icon-docs-bold""></i> حظر و اباحت</a></div></div><div class=""col-sm-4 col-md-4""><div class=""tag""><a href=""https://www.banuri.edu.pk/questions/bab/soorat-o-malaahi""><i class=""icon-docs-bold""></i> تصویر اور دیگر لہو و لعب</a></div></div><div class=""col-sm-4 col-md-4""><div class=""tag""><a href=""https://www.banuri.edu.pk/questions/fasal/gaane-bajana-aalaat-e-mauseeqee""><i class=""icon-docs-bold""></i> گانے بجانا، آلات موسیقی</a></div></div></div>"
https://www.banuri.edu.pk/readquestion/beti-k-liyay-sahabiyat-k-chand-nam-144210200493/25-05-2021,بیٹی کا نام رکھنے کے لیے صحابیات کے چند نام,"<p><p style=""text-align:justify;"">مجھے اپنى بىٹى کا نام رکھنا هے،صحا بىات کے نام بتا دىں!</p></p>","<p><p style=""text-align:justify;"">ہماری  ویب  سائٹ اور  ایپلی کیشن میں ""اسلامی ناموں"" کےعنوان سے ایک آپشن موجود ہے، جس میں سے آپ نام کا انتخاب کرسکتے ہیں، اس کا لنک درج ذیل ہے:</p><p style=""text-align:justify;""><a href=""https://www.banuri.edu.pk/islamic-name"">اسلامی نام</a></p><p style=""text-align:justify;"">نیز اکثر لوگوں کی خواہش ہوتی ہے وہ اپنے بچے کا نام سب سے منفرد رکھیں، تو ایسے میں آپ کے لیے بہتر ہے کہ ان صحابیات کے نام جو زیادہ مشہور نہیں ہیں، اس میں سے انتخاب کرلیں، اس لیے صحابہ کرام کے ناموں پر نام رکھنا باعث برکت بھی ہے، سہولت کے لیے چند  صحابیات رضی اللہ عنہن کے اسماء گرامی درج ذیل ہیں: </p><p class=""indent"" style=""text-align:justify;""><span class=""qr_writing"">""اُمامه . اَروىٰ .آمِنَه . بُریَده . بَریرَه . تَیما . ثُوَبِیه . جُمانه. جُوَیریه . حَمامه . حَرمَله . حَمنَه . حواء . حسّانه . خالده . خَنساء . خَولَه . دُرّه . ذُرّه . رُبَـیِّع (ربیع). رَمله . رُفَیده. رُقُیقه. رُمَیثه . رُمَیصاء. رَوضه . رابطه . زِِنّیره . سائِبه . ساره .  سِدره . سَدوس . سُدَیسه . سُعاد . سلامه . سُمَیره . سُمَیکه . سَفّانه . شَیماء . شُمَیله . عاتِکه. عَمره . عَفراء .  عُماره . عَمّاره . غَزوه . فَارعه . فُرَیعَه. قَیله . لُبابه . ماریه . ماویه . نائله . نَفیسه . هند . یُسَیرَه."" </span></p><p style=""text-align:justify;""> وہ صحابیات رضی اللہ عنہن جن کے نام ""أمّ"" کے ساتھ شروع ہوتے ہیں : </p><p class=""indent"" style=""text-align:justify;""><span class=""qr_writing"">"" أم بَرده . أم ثَوبان . أم حارثه . أم حبیبه . أم حَرام . أم حکیم . أم دَحاح . أم الدرداء . أم رُومان . أم زُفر . أم سُلَیم . أم سُلَیط . أم شَرِِیک . أم عطیّه . أم عمّاره . أم فَروه . أم كُلثوم . أم مِسطَح . أم نِیار.""</span></p><p class=""indent"" style=""text-align:left;"">   فقط واللہ اعلم</p></p><hr class=""big-hr""/>",25-05-2021,144210200493,banuri.edu.pk,حظر و اباحت,نام، لقب، کنیت,ناموں کے معانی اور احکام,"<div class=""col-md-12 sawal-jawab""><h3 class=""question_heading"">سوال</h3><p><p style=""text-align:justify;"">مجھے اپنى بىٹى کا نام رکھنا هے،صحا بىات کے نام بتا دىں!</p></p><h4 class=""question_heading"">جواب</h4><p><p style=""text-align:justify;"">ہماری  ویب  سائٹ اور  ایپلی کیشن میں ""اسلامی ناموں"" کےعنوان سے ایک آپشن موجود ہے، جس میں سے آپ نام کا انتخاب کرسکتے ہیں، اس کا لنک درج ذیل ہے:</p><p style=""text-align:justify;""><a href=""https://www.banuri.edu.pk/islamic-name"">اسلامی نام</a></p><p style=""text-align:justify;"">نیز اکثر لوگوں کی خواہش ہوتی ہے وہ اپنے بچے کا نام سب سے منفرد رکھیں، تو ایسے میں آپ کے لیے بہتر ہے کہ ان صحابیات کے نام جو زیادہ مشہور نہیں ہیں، اس میں سے انتخاب کرلیں، اس لیے صحابہ کرام کے ناموں پر نام رکھنا باعث برکت بھی ہے، سہولت کے لیے چند  صحابیات رضی اللہ عنہن کے اسماء گرامی درج ذیل ہیں: </p><p class=""indent"" style=""text-align:justify;""><span class=""qr_writing"">""اُمامه . اَروىٰ .آمِنَه . بُریَده . بَریرَه . تَیما . ثُوَبِیه . جُمانه. جُوَیریه . حَمامه . حَرمَله . حَمنَه . حواء . حسّانه . خالده . خَنساء . خَولَه . دُرّه . ذُرّه . رُبَـیِّع (ربیع). رَمله . رُفَیده. رُقُیقه. رُمَیثه . رُمَیصاء. رَوضه . رابطه . زِِنّیره . سائِبه . ساره .  سِدره . سَدوس . سُدَیسه . سُعاد . سلامه . سُمَیره . سُمَیکه . سَفّانه . شَیماء . شُمَیله . عاتِکه. عَمره . عَفراء .  عُماره . عَمّاره . غَزوه . فَارعه . فُرَیعَه. قَیله . لُبابه . ماریه . ماویه . نائله . نَفیسه . هند . یُسَیرَه."" </span></p><p style=""text-align:justify;""> وہ صحابیات رضی اللہ عنہن جن کے نام ""أمّ"" کے ساتھ شروع ہوتے ہیں : </p><p class=""indent"" style=""text-align:justify;""><span class=""qr_writing"">"" أم بَرده . أم ثَوبان . أم حارثه . أم حبیبه . أم حَرام . أم حکیم . أم دَحاح . أم الدرداء . أم رُومان . أم زُفر . أم سُلَیم . أم سُلَیط . أم شَرِِیک . أم عطیّه . أم عمّاره . أم فَروه . أم كُلثوم . أم مِسطَح . أم نِیار.""</span></p><p class=""indent"" style=""text-align:left;"">   فقط واللہ اعلم</p></p><hr class=""big-hr""/><div class=""col-sm-6 col-md-6""><p class=""question_heading"" style=""color:#73161f"">فتویٰ نمبر : <a id=""fatwa_number"">144210200493</a></p></div><div class=""col-sm-6 col-md-6""><p style=""color:#73161f"">دارالافتاء :
                                جامعہ علوم اسلامیہ علامہ محمد یوسف بنوری ٹاؤن</p></div><hr class=""big-hr""/><div class=""col-sm-4 col-md-4""><div class=""tag""><a href=""https://www.banuri.edu.pk/questions/kitab/mamnooaat-mubahat""><i class=""icon-docs-bold""></i> حظر و اباحت</a></div></div><div class=""col-sm-4 col-md-4""><div class=""tag""><a href=""https://www.banuri.edu.pk/questions/bab/asaami""><i class=""icon-docs-bold""></i> نام، لقب، کنیت</a></div></div><div class=""col-sm-4 col-md-4""><div class=""tag""><a href=""https://www.banuri.edu.pk/questions/fasal/namoun-ke-mani-or-ahkaam""><i class=""icon-docs-bold""></i> ناموں کے معانی اور احکام</a></div></div></div>"
https://www.banuri.edu.pk/readquestion/molana-m-odudi-ky-bary-m-akabrin-ki-ray-144210200459/25-05-2021,مودودی صاحب  کے بارے میں اکابرین کی آراء,"<p><p style=""text-align:justify;"">مولانا مودودی کے بارے میں علماء کرام کا کیا مؤقف ہے؟</p></p>","<hr class=""big-hr""/>",25-05-2021,144210200459,banuri.edu.pk,علوم و فنون,رجالِ علم اور جرح و تعدیل,دیگر رجال,"<div class=""col-md-12 sawal-jawab""><h3 class=""question_heading"">سوال</h3><p><p style=""text-align:justify;"">مولانا مودودی کے بارے میں علماء کرام کا کیا مؤقف ہے؟</p></p><h4 class=""question_heading"">جواب</h4><p><p style=""text-align:justify;"">ہمارے  اکابر  نے  مولانا مودودی صاحب  (1979ء) کو راہِ حق سے ہٹا ہوا، اسلاف سے خلاف رائے رکھنے والا، متبعِ  ہوی شخص  قرار دیا ہے؛  کیوں کہ  موصوف  کی عبارات اور تحریرات  میں جابجا انبیاءِ کرام  علیہم الصلاۃ والسلام،صحابہ کرام رضوان اللہ تعالی عنہم اجمعین  پر تنقید کی گئی ہے،   تاہم ان  کی ان تحریرات کی وجہ سے ان پر کفر کا فتوی نہیں لگایا۔ </p><p style=""text-align:justify;""><span style=""color:#169179;"">سابق مفتی اعظم پاکستان حضرت مولانا مفتی ولی حسن  ٹونکی صاحب رحمہ اللہ ایک سوال کے جواب میں تحریر فرماتے ہیں:</span></p><p class=""indent"" style=""text-align:justify;"">’’مودودی لوگ اگر مودودی صاحب کے اَفکار و خیالات سے اس طرح متفق ہیں کہ تصوف جو کہ تزکیہ و اِحسان کا دوسرا نام ہے، اس کے منکر ہیں، انبیاءِ کرام علیہم السلام مثلًا: حضرت داؤد و حضرت یونس علیہما السلام، اسی طرح سنتِ رسول (علی صاحبہا الصلاۃ و السلام) اور صحابہ کرام رضی اللہ عنہم کے حق میں اَدب کا انداز نہیں ہے، بلکہ العیاذ باللہ تنقید کا انداز ہے، علاوہ ازیں علماءِ امت حضرات علماءِ دیوبند جوا پنے زمانہ میں چراغِ ہدایت تھے اور اب بھی ان کی تعلیمات مینارۂ نور ہیں، کے بارے میں تنقیص کا انداز ہے، اس کے علاوہ ائمہ مجتہدین میں سے کسی امام کی تقلید نہیں ہے، اس لیے فقہی انتشار ہے، جس کے نقصانات ظاہر ہیں، اتباعِ ہویٰ جس کا نتیجہ ظاہر ہے، اس مودودیوں کو گم راہ ہی کہا جاسکتاہے۔</p><p class=""indent"" style=""text-align:justify;"">مذکورہ بالا خیالات والے شخص کو مستقل امام نہیں بنانا چاہیے۔ فقط واللہ اعلم</p><p class=""indent"" style=""text-align:left;""><span style=""color:#169179;"">کتبہ: ولی حسن (2/2/1404)‘‘</span></p><p style=""text-align:justify;""><span style=""color:#169179;"">دوسرے سوال کے جواب میں تحریر فرماتے ہیں:</span></p><p class=""indent"" style=""text-align:justify;"">’’مودودی صاحب کی مندرجہ بالا تفسیر غلط ہے، انبیاءِ کرام علیہم السلام معصوم ہیں، اللہ تعالیٰ اپنے خاص بندوں پر بھی کہیں عتاب کا معاملہ کرتے ہیں، لیکن ہم پر فرض ہے کہ ان خاصانِ خدا اور انبیاءِ کرام علیہم السلام کا ادب و احترام اور ان کی نبوت و رسالت پر ایمان سے سرشار رہیں، ان حضرات کی جناب میں گستاخی اور توہین انسان کو ایمان جیسی نعمت سے محروم کردیتی ہے۔ فقط واللہ اعلم</p><p class=""indent"" style=""text-align:left;""><span style=""color:#169179;"">کتبہ: ولی حسن (12/1/1402)‘‘</span></p><p style=""text-align:justify;""><span style=""color:#169179;"">مفتی احمد الرحمٰن صاحب رحمہ اللہ ایک سوال کے جواب میں تحریر فرماتے ہیں:</span></p><p class=""indent"" style=""text-align:justify;"">’’مولانا مودودی پر علماء نے کفر کا فتویٰ نہیں لگایا، البتہ ان کی تحریر میں  بے شمار ایسی گم راہ کن باتیں پائی جاتی ہیں جو سراسر اسلام کے خلاف ہیں، اور علماءِ فن نے اس کی گرفت کی ہے، اور علماء پر  یہ  ذمہ  داری  عائد ہوتی ہے کہ مودودی  کی گم راہیوں  سے  عامۃ المسلمین کو آگاہ کریں۔“   فقط واللہ اعلم</p><p class=""indent"" dir=""ltr"" style=""text-align:justify;""><span style=""color:#169179;"">کتبہ: احمد الرحمٰن غفرلہ‘‘</span></p><p style=""text-align:justify;""><span style=""color:#169179;"">ایک اور سوال کے جواب میں تحریر فرماتے ہیں:</span></p><p class=""indent"" style=""text-align:justify;""><span style=""color:#000;"">’’مودودی صاحب کی تحریروں اور کتابوں میں بے شمار باتیں اہلِ حق کے مسلک کے خلاف موجود ہیں، مثلًا: انہوں نے عصمتِ انبیاء کو مجروح کیا، صحابہ کرام کی شان میں بے ادبی اور گستاخی کی، ان کی طرف ایسی غلط باتیں منسوب کیں جن سے ان کا دامن پاک ہے، اور ایسے الزامات عائد کیے ہیں جن کو معمولی درجہ کا انسان بھی برداشت نہیں کرسکتا، یہی وجہ ہے کہ اس قسم کی بے شمار تحریروں کی وجہ سے علماءِ کرام نے مودودی صاحب کو گم راہ قرار دیا ہے، اور تحریر و تقریر میں عوام الناس کو اس فتنے سے آگاہ کیا ۔۔۔ فقط واللہ اعلم</span></p><p class=""indent"" style=""text-align:left;""><span style=""color:#169179;"">کتبہ: احمد الرحمٰن غفرلہ (20/5/ 1390)‘‘</span></p><p><span style=""color:#169179;"">مفتی محمد عبدالسلام چاٹ گامی صاحب دامت برکاتہم العالیہ ایک سوال کے جواب میں تحریر فرماتے ہیں:</span></p><p class=""indent"" style=""text-align:justify;"">’’واضح رہے کہ مولانا مودودی صاحب نے انبیاءِ کرام علیہم السلام کی عصمت پر جو حملہ کیا ہے اور صحابہ کرام علیہم الرضوان کی عدالت پر جو زہر افشانیاں کی ہیں، ان کی وجہ سے مودودی صاحب راہِ حق اور امتِ  مسلمہ  کے متفقہ  مذاہب  سے  ہٹے  ہوئے، گم راہی  کی  راہ  پر  گامزن تھے، اس لیے اکابر اور محققین علماء نے ان پر گم راہ ہونے کا فتویٰ تو دیا ہے، مگر کفر کا فتویٰ کسی نے نہیں دیا، لہٰذا اس وقت جو ان کے پیروکار ہیں، ان کا بھی یہی حکم ہے، الا یہ کہ وہ مودودی صاحب کے گم راہ کن خیالات سے توبہ کرلیں ۔“ </p><p class=""indent"" style=""text-align:left;""><span style=""color:#169179;"">کتبہ: محمد عبدالسلام عفا اللہ عنہ (29/4/1403)</span></p><p style=""text-align:justify;"">مزید مطالعہ کے لیے حجۃ الاسلام مولاناحسین احمدمدنی رحمہ اللہ  (المتوفی:1957ء)  کی تحریر وکتاب  ""مودودی دستور وعقائد کی حقیقت""  کا مطالعہ کیا جاسکتاہے،جو کہ درحقیقت ایک مکتوب ہے  جو مولانا حسین احمد مدنی رحمہ اللہ نے دارالعلوم دیوبند کےایسے فاضل کو لکھا تھا جو اس وقت جماعت اسلامی سے وابستہ ہوگئےتھے،اور ان کا گمان یہ تھا کہ جمہور امت اور جماعت اسلامی کا اختلاف محض فروعی ہے،اصولی نہیں ہے،مولانا رحمہ اللہ  نے اپنے فاضل کے اس گمان کو ختم کرنے کے ليے  باقاعدہ مذکورہ تحریرلکھی اور ایک فصیح وبلیغ انداز میں سمجھایا کہ اختلاف محض فروعی نہیں ہے، بلکہ اصولی ہے،یہ تحریر مکتبہ دارالعلوم دیوبند نے خوب صورت کتابت کے ساتھ شائع کی ہے،جو  کتب  خانوں میں دست یاب ہے۔فقط واللہ اعلم</p></p><hr class=""big-hr""/><div class=""col-sm-6 col-md-6""><p class=""question_heading"" style=""color:#73161f"">فتویٰ نمبر : <a id=""fatwa_number"">144210200459</a></p></div><div class=""col-sm-6 col-md-6""><p style=""color:#73161f"">دارالافتاء :
                                جامعہ علوم اسلامیہ علامہ محمد یوسف بنوری ٹاؤن</p></div><hr class=""big-hr""/><div class=""col-sm-4 col-md-4""><div class=""tag""><a href=""https://www.banuri.edu.pk/questions/kitab/uloom-funoon""><i class=""icon-docs-bold""></i> علوم و فنون</a></div></div><div class=""col-sm-4 col-md-4""><div class=""tag""><a href=""https://www.banuri.edu.pk/questions/bab/rijal-e-ilm-aur-jarh-o-tadeel""><i class=""icon-docs-bold""></i> رجالِ علم اور جرح و تعدیل</a></div></div><div class=""col-sm-4 col-md-4""><div class=""tag""><a href=""https://www.banuri.edu.pk/questions/fasal/digar-rijal""><i class=""icon-docs-bold""></i> دیگر رجال</a></div></div></div>"
https://www.banuri.edu.pk/readquestion/ghussy-me-talaq-ka-hukm-144210200416/24-05-2021,غصہ میں تين طلاق دينے کا حکم,"<p><p style=""text-align:justify;""><span class=""ur_writing"">میں نے بہت زیادہ غصے میں آکر بیوی کی غیر موجودگی میں 3 طلاق بول دیں ، ”میں اسے طلاق دیتا ہوں اور پھر دو بار بولا کہ طلاق دیتا ہوں“۔اب میں اپنے  کیے پر پچھتا رہا ہوں،  میرا دماغ میرے کنٹرول میں نہیں تھا،  مگر الفاظ  یاد ہیں، اب شرعًا کیا حکم ہے؟</span></p></p>","<p><p style=""text-align:justify;"">واضح رہے کہ غصے کی حالت میں دی جانے والی طلاق بھی واقع ہوجاتی ہے، بلکہ طلاق عمومًا غصے یا ناراضی کی حالت میں ہی دی جاتی ہے؛ لہٰذا صورتِ  مسئولہ میں غصہ کی حالت میں آپ نے بیوی کی طرف نسبت کر کے جب یہ الفاظ  ""میں اسے طلاق دیتا ہوں ، طلاق دیتا ہوں ، طلاق دیتا ہوں""  استعمال کیےتو اس سے بیوی پر  تینوں طلاقیں واقع ہوچکی ہیں، آپ پر آپ کی بیوی حرمتِ مغلظہ کے ساتھ حرام ہوچکی ہے،اور  دونوں کا ساتھ  رہنا اب جائز نہیں ہے، نہ رجوع کی اجازت ہے، نہ ہی  دوبارہ  نکاح کی کوئی صورت ہے، الا  یہ کہ وہ عدت  گزار کر از خود کہیں نکاح کرلے، اور   دوسرا شوہر حقوقِ  زوجیت ادا کرنے کے بعد از  خود اسے طلاق دے دے یا اس کا انتقال ہوجائے  اور  اس  کی  عدت بھی گزر جائے تو  آپ دونوں کے لیے نیا مہر مقرر کرکے گواہوں  کی موجودگی میں  دوبارہ نکاح کرنا جائز ہوگا۔</p><p style=""text-align:justify;""><span class=""ur_writing""> ارشادِ ربانی ہے:</span></p><p class=""indent"" style=""text-align:justify;""><span class=""qr_writing"">﴿ فَإِنْ طَلَّقَهَا فَلَا تَحِلُّ لَهُ مِنْ بَعْدُ حَتَّى تَنْكِحَ زَوْجًا غَيْرَهُ﴾ <span class=""ar_writing"">[البقرة: 230]</span></span></p><p class=""indent"" style=""text-align:justify;""><span class=""ur_writing"">ترجمہ:”اگر بیوی کو تیسری طلاق دے دی  تو جب وہ عورت دوسرے  نکاح  نہ کرلے اس وقت تک وہ پہلے خاوند کے لیے حلال نہ ہوگی۔“ (بیان القرآن)</span></p><p style=""text-align:justify;""><span class=""ar_writing"">   الفتاوى الهندية  (1/ 473):</span></p><p class=""indent"" style=""text-align:justify;""><span class=""ar_writing"">""وَإِنْ كَانَ الطَّلَاقُ ثَلَاثًا فِي الْحُرَّةِ وَثِنْتَيْنِ فِي الْأَمَةِ لَمْ تَحِلَّ لَهُ حَتَّى تَنْكِحَ زَوْجًا غَيْرَهُ نِكَاحًا صَحِيحًا وَيَدْخُلَ بِهَا ثُمَّ يُطَلِّقَهَا أَوْ يَمُوتَ عَنْهَا، كَذَا فِي الْهِدَايَةِ"".</span></p><p style=""text-align:justify;""><span class=""ar_writing"">الفتاوي الشامية <span style=""font-family:arabic_font;font-size:23px;font-weight:600;"">(3/244)</span><span style=""font-family:Nafees;font-size:17px;""> :</span></span></p><p class=""indent"" style=""text-align:justify;""><span class=""ar_writing"">"" قلت: وللحافظ ابن القيم الحنبلي رسالة في طلاق الغضبان، قال فيها: إنه على ثلاثة أقسام: أحدها أن يحصل له مبادي الغضب بحيث لايتغير عقله ويعلم ما يقول ويقصده، وهذا لا إشكال فيه، الثاني أن يبلغ النهاية فلايعلم ما يقول ولايريده، فهذا لا ريب أنه لاينفذ شيء من أقواله، الثالث من توسط بين المرتبتين بحيث لم يصر كالمجنون، فهذا محل النظر، والأدلة تدل على عدم نفوذ أقواله اهـ  ملخصاً من شرح الغاية الحنبلية، لكن أشار في الغاية إلى مخالفته في الثالث حيث قال: ويقع طلاق من غضب خلافاً لابن القيم اهـ وهذا الموافق عندنا لما مر في المدهوش"". </span></p><p class=""indent"" style=""text-align:left;""> فقط واللہ اعلم</p></p><hr class=""big-hr""/>",24-05-2021,144210200416,banuri.edu.pk,طلاق,وقوع طلاق وعدم وقوع طلاق,طلاق - وقوع اور عدم وقوع,"<div class=""col-md-12 sawal-jawab""><h3 class=""question_heading"">سوال</h3><p><p style=""text-align:justify;""><span class=""ur_writing"">میں نے بہت زیادہ غصے میں آکر بیوی کی غیر موجودگی میں 3 طلاق بول دیں ، ”میں اسے طلاق دیتا ہوں اور پھر دو بار بولا کہ طلاق دیتا ہوں“۔اب میں اپنے  کیے پر پچھتا رہا ہوں،  میرا دماغ میرے کنٹرول میں نہیں تھا،  مگر الفاظ  یاد ہیں، اب شرعًا کیا حکم ہے؟</span></p></p><h4 class=""question_heading"">جواب</h4><p><p style=""text-align:justify;"">واضح رہے کہ غصے کی حالت میں دی جانے والی طلاق بھی واقع ہوجاتی ہے، بلکہ طلاق عمومًا غصے یا ناراضی کی حالت میں ہی دی جاتی ہے؛ لہٰذا صورتِ  مسئولہ میں غصہ کی حالت میں آپ نے بیوی کی طرف نسبت کر کے جب یہ الفاظ  ""میں اسے طلاق دیتا ہوں ، طلاق دیتا ہوں ، طلاق دیتا ہوں""  استعمال کیےتو اس سے بیوی پر  تینوں طلاقیں واقع ہوچکی ہیں، آپ پر آپ کی بیوی حرمتِ مغلظہ کے ساتھ حرام ہوچکی ہے،اور  دونوں کا ساتھ  رہنا اب جائز نہیں ہے، نہ رجوع کی اجازت ہے، نہ ہی  دوبارہ  نکاح کی کوئی صورت ہے، الا  یہ کہ وہ عدت  گزار کر از خود کہیں نکاح کرلے، اور   دوسرا شوہر حقوقِ  زوجیت ادا کرنے کے بعد از  خود اسے طلاق دے دے یا اس کا انتقال ہوجائے  اور  اس  کی  عدت بھی گزر جائے تو  آپ دونوں کے لیے نیا مہر مقرر کرکے گواہوں  کی موجودگی میں  دوبارہ نکاح کرنا جائز ہوگا۔</p><p style=""text-align:justify;""><span class=""ur_writing""> ارشادِ ربانی ہے:</span></p><p class=""indent"" style=""text-align:justify;""><span class=""qr_writing"">﴿ فَإِنْ طَلَّقَهَا فَلَا تَحِلُّ لَهُ مِنْ بَعْدُ حَتَّى تَنْكِحَ زَوْجًا غَيْرَهُ﴾ <span class=""ar_writing"">[البقرة: 230]</span></span></p><p class=""indent"" style=""text-align:justify;""><span class=""ur_writing"">ترجمہ:”اگر بیوی کو تیسری طلاق دے دی  تو جب وہ عورت دوسرے  نکاح  نہ کرلے اس وقت تک وہ پہلے خاوند کے لیے حلال نہ ہوگی۔“ (بیان القرآن)</span></p><p style=""text-align:justify;""><span class=""ar_writing"">   الفتاوى الهندية  (1/ 473):</span></p><p class=""indent"" style=""text-align:justify;""><span class=""ar_writing"">""وَإِنْ كَانَ الطَّلَاقُ ثَلَاثًا فِي الْحُرَّةِ وَثِنْتَيْنِ فِي الْأَمَةِ لَمْ تَحِلَّ لَهُ حَتَّى تَنْكِحَ زَوْجًا غَيْرَهُ نِكَاحًا صَحِيحًا وَيَدْخُلَ بِهَا ثُمَّ يُطَلِّقَهَا أَوْ يَمُوتَ عَنْهَا، كَذَا فِي الْهِدَايَةِ"".</span></p><p style=""text-align:justify;""><span class=""ar_writing"">الفتاوي الشامية <span style=""font-family:arabic_font;font-size:23px;font-weight:600;"">(3/244)</span><span style=""font-family:Nafees;font-size:17px;""> :</span></span></p><p class=""indent"" style=""text-align:justify;""><span class=""ar_writing"">"" قلت: وللحافظ ابن القيم الحنبلي رسالة في طلاق الغضبان، قال فيها: إنه على ثلاثة أقسام: أحدها أن يحصل له مبادي الغضب بحيث لايتغير عقله ويعلم ما يقول ويقصده، وهذا لا إشكال فيه، الثاني أن يبلغ النهاية فلايعلم ما يقول ولايريده، فهذا لا ريب أنه لاينفذ شيء من أقواله، الثالث من توسط بين المرتبتين بحيث لم يصر كالمجنون، فهذا محل النظر، والأدلة تدل على عدم نفوذ أقواله اهـ  ملخصاً من شرح الغاية الحنبلية، لكن أشار في الغاية إلى مخالفته في الثالث حيث قال: ويقع طلاق من غضب خلافاً لابن القيم اهـ وهذا الموافق عندنا لما مر في المدهوش"". </span></p><p class=""indent"" style=""text-align:left;""> فقط واللہ اعلم</p></p><hr class=""big-hr""/><div class=""col-sm-6 col-md-6""><p class=""question_heading"" style=""color:#73161f"">فتویٰ نمبر : <a id=""fatwa_number"">144210200416</a></p></div><div class=""col-sm-6 col-md-6""><p style=""color:#73161f"">دارالافتاء :
                                جامعہ علوم اسلامیہ علامہ محمد یوسف بنوری ٹاؤن</p></div><hr class=""big-hr""/><div class=""col-sm-4 col-md-4""><div class=""tag""><a href=""https://www.banuri.edu.pk/questions/kitab/talaaq""><i class=""icon-docs-bold""></i> طلاق</a></div></div><div class=""col-sm-4 col-md-4""><div class=""tag""><a href=""https://www.banuri.edu.pk/questions/bab/wuqoo-e-talaq-o-adme-wuqoo-e-talaq""><i class=""icon-docs-bold""></i> وقوع طلاق وعدم وقوع طلاق</a></div></div><div class=""col-sm-4 col-md-4""><div class=""tag""><a href=""https://www.banuri.edu.pk/questions/fasal/talaq-wuqo-or-adm-e-wuqo""><i class=""icon-docs-bold""></i> طلاق - وقوع اور عدم وقوع</a></div></div></div>"
https://www.banuri.edu.pk/readquestion/misle-awwal-or-misle-sani-maloom-kr-ny-ka-tareeqa-144210200402/24-05-2021,مثلِ اول اور مثلِ ثانی معلوم کرنے کا طریقہ,"<p><p style=""text-align:justify;"">مثلِ  اول اور مثلِ  ثانی کس طرح معلوم کریں؟</p></p>","<p><p style=""text-align:justify;"">زوال کے وقت زمین پر ایک بانس یا لکڑی سیدھی کھڑی کردیں ،عین زوال کے وقت اس بانس کا سایہ کم سے کم ہوگا ،اس سایہ کو ’’سایہ اصلی ‘‘یا (Real Shadow) کہتے ہیں ،اس کے بعد جب سایہ دوبارہ بڑھنا شروع ہوگااور ہم نے جو بانس کھڑا کیا تھا  ،فرض کریں کہ اگر اس بانس کی لمبائی  چھ  فٹ ہے اور اس دن اس بانس کا کم سے کم سایہ (سایہ اصلی ) ایک فٹ ہو تو جس وقت اس بانس کا سایہ (ایک فٹ  بمع  چھ  فٹ، یعنی) سات فٹ کا ہوگا تو وہ وقت ’’مثل اول ‘‘ کا وقت کہلائےگا ،اور جب اس بانس کے سایہ کی لمبائی سایہ اصلی کے علاوہ  دوگنی ہوجائے ،یعنی کل  13 فٹ ہوجائے تو یہ’’ مثلِ  ثانی‘‘ کا وقت کہلائے گا ۔</p><p class=""indent"" style=""text-align:left;"">(مستفاد از تسہیل الفلکیات،صفحہ: ۱۱۷،مرتبہ پروفیسر عبد الطیف صاحب )</p><p class=""indent"" style=""text-align:left;"">فقط واللہ اعلم</p></p><hr class=""big-hr""/>",24-05-2021,144210200402,banuri.edu.pk,علوم و فنون,علومِ عصریہ اور دیگر قدیم و جدید علوم,فلکیات اور جغرافیہ,"<div class=""col-md-12 sawal-jawab""><h3 class=""question_heading"">سوال</h3><p><p style=""text-align:justify;"">مثلِ  اول اور مثلِ  ثانی کس طرح معلوم کریں؟</p></p><h4 class=""question_heading"">جواب</h4><p><p style=""text-align:justify;"">زوال کے وقت زمین پر ایک بانس یا لکڑی سیدھی کھڑی کردیں ،عین زوال کے وقت اس بانس کا سایہ کم سے کم ہوگا ،اس سایہ کو ’’سایہ اصلی ‘‘یا (Real Shadow) کہتے ہیں ،اس کے بعد جب سایہ دوبارہ بڑھنا شروع ہوگااور ہم نے جو بانس کھڑا کیا تھا  ،فرض کریں کہ اگر اس بانس کی لمبائی  چھ  فٹ ہے اور اس دن اس بانس کا کم سے کم سایہ (سایہ اصلی ) ایک فٹ ہو تو جس وقت اس بانس کا سایہ (ایک فٹ  بمع  چھ  فٹ، یعنی) سات فٹ کا ہوگا تو وہ وقت ’’مثل اول ‘‘ کا وقت کہلائےگا ،اور جب اس بانس کے سایہ کی لمبائی سایہ اصلی کے علاوہ  دوگنی ہوجائے ،یعنی کل  13 فٹ ہوجائے تو یہ’’ مثلِ  ثانی‘‘ کا وقت کہلائے گا ۔</p><p class=""indent"" style=""text-align:left;"">(مستفاد از تسہیل الفلکیات،صفحہ: ۱۱۷،مرتبہ پروفیسر عبد الطیف صاحب )</p><p class=""indent"" style=""text-align:left;"">فقط واللہ اعلم</p></p><hr class=""big-hr""/><div class=""col-sm-6 col-md-6""><p class=""question_heading"" style=""color:#73161f"">فتویٰ نمبر : <a id=""fatwa_number"">144210200402</a></p></div><div class=""col-sm-6 col-md-6""><p style=""color:#73161f"">دارالافتاء :
                                جامعہ علوم اسلامیہ علامہ محمد یوسف بنوری ٹاؤن</p></div><hr class=""big-hr""/><div class=""col-sm-4 col-md-4""><div class=""tag""><a href=""https://www.banuri.edu.pk/questions/kitab/uloom-funoon""><i class=""icon-docs-bold""></i> علوم و فنون</a></div></div><div class=""col-sm-4 col-md-4""><div class=""tag""><a href=""https://www.banuri.edu.pk/questions/bab/asri-uloom""><i class=""icon-docs-bold""></i> علومِ عصریہ اور دیگر قدیم و جدید علوم</a></div></div><div class=""col-sm-4 col-md-4""><div class=""tag""><a href=""https://www.banuri.edu.pk/questions/fasal/falakiyat-aur-jughrafiya""><i class=""icon-docs-bold""></i> فلکیات اور جغرافیہ</a></div></div></div>"
https://www.banuri.edu.pk/readquestion/hashir-naam-rakhne-ka-hukm-144212202094/06-08-2021,حاشر نام رکھنے کا حکم,"<p><p style=""text-align:justify;"">حاشر نام رکھنا درست ہے؟</p></p>","<p><p style=""text-align:justify;"">’’حاشر‘‘ رسول اللہ  ﷺ  کا صفاتی نام ہے، اور اس کا معنیٰ ہے ’’جمع کرنے والا‘‘، اس لیے بچے کا یہ نام رکھنا اچھا اور باعثِ برکت ہے۔</p><p style=""text-align:justify;"">الشمائل المحمدية للترمذي  میں ہے:</p><p class=""indent"" style=""text-align:justify;""><span class=""ar_writing"">""حدثنا سعيد بن عبد الرحمن المخزومي، وغير واحد قالوا: حدثنا سفيان، عن الزهري، عن محمد بن جبير بن مطعم، عن أبيه قال: قال رسول الله صلى الله عليه وسلم: «إن لي أسماء» أنا محمد، وأنا أحمد، وأنا الماحي الذي يمحو الله بي الكفر، وأنا الحاشر الذي يحشر الناس على قدمي، وأنا العاقب والعاقب الذي ليس بعده نبي.""</span></p><p class=""indent"" style=""text-align:left;"">(ص نمبر ۳۰۵،المکتبۃ التجاریۃ ،مکۃ المکرمۃ)</p><p style=""text-align:justify;"">لسان العرب میں ہے:</p><p class=""indent"" style=""text-align:justify;""><span class=""ar_writing"">""حشر: حشرهم يحشرهم ويحشرهم حشراً: جمعهم؛ ومنه يوم المحشر. والحشر: جمع الناس يوم القيامة. والحشر: حشر يوم القيامة. والمحشر: المجمع الذي يحشر إليه القوم، وكذلك إذا حشروا إلى بلد أو معسكر أو نحوه؛ قال الله عز وجل: لأول الحشر ما ظننتم أن يخرجوا ؛ نزلت في بني النضير، وكانوا قوماً من اليهود عاقدوا النبي صلى الله عليه وسلم، لما نزل المدينة أن لايكونوا عليه ولا له، ثم نقضوا العهد ومايلوا كفار أهل مكة، فقصدهم النبي صلى الله عليه وسلم، ففارقوه على الجلاء من منازلهم فجلوا إلى الشام. قال الأزهري: وهو أول حشر حشر إلى أرض المحشر ثم يحشر الخلق يوم القيامة إليها، قال: ولذلك قيل: لأول الحشر ، وقيل: إنهم أول من أجلي من أهل الذمة من جزيرة العرب ثم أجلي آخرهم أيام عمر بن الخطاب، رضي الله عنه، منهم نصارى نجران ويهود خيبر. وفي الحديث: انقطعت الهجرة إلا من ثلاث: جهاد أو نية أو حشر ، أي جهاد في سبيل الله، أو نية  يفارق بها الرجل الفسق والفجور إذا لم يقدر على تغييره، أو جلاء ينال الناس فيخرجون عن ديارهم. والحشر: هو الجلاء عن الأوطان؛ وقيل: أراد بالحشر الخروج من النفير إذا عم. الجوهري: المحشر، بكسر الشين، موضع الحشر. والحاشر: من أسماء سيدنا رسول الله صلى الله عليه وسلم، لأنه قال: أحشر الناس على قدمي ، وقال صلى الله عليه وسلم: لي خمسة أسماء: أنا محمد وأحمد والماحي يمحو الله بي الكفر، والحاشر أحشر الناس على قدمي، والعاقب.قال ابن الأثير: في أسماء النبي صلى الله عليه وسلم، الحاشر الذي يحشر الناس خلفه وعلى ملته دون ملة غيره. وقوله صلى الله عليه وسلم: إن لي أسماء؛ أراد أن هذه الأسماء التي عدها مذكورة في كتب الله تعالى المنزلة على الأمم التي كذبت بنبوته حجة عليهم. وحشر الإبل: جمعها"".</span></p><p class=""indent"" style=""text-align:left;"">(حرف راء فصل الحاء المھملۃ ج نمبر ۴ ص نمبر ۱۹۰،دار صادر،بیروت)</p><p class=""indent"" style=""text-align:left;""><span style=""text-align:justify;"">فقط واللہ اعلم</span></p></p><hr class=""big-hr""/>",06-08-2021,144212202094,banuri.edu.pk,حظر و اباحت,نام، لقب، کنیت,ناموں کے معانی اور احکام,"<div class=""col-md-12 sawal-jawab""><h3 class=""question_heading"">سوال</h3><p><p style=""text-align:justify;"">حاشر نام رکھنا درست ہے؟</p></p><h4 class=""question_heading"">جواب</h4><p><p style=""text-align:justify;"">’’حاشر‘‘ رسول اللہ  ﷺ  کا صفاتی نام ہے، اور اس کا معنیٰ ہے ’’جمع کرنے والا‘‘، اس لیے بچے کا یہ نام رکھنا اچھا اور باعثِ برکت ہے۔</p><p style=""text-align:justify;"">الشمائل المحمدية للترمذي  میں ہے:</p><p class=""indent"" style=""text-align:justify;""><span class=""ar_writing"">""حدثنا سعيد بن عبد الرحمن المخزومي، وغير واحد قالوا: حدثنا سفيان، عن الزهري، عن محمد بن جبير بن مطعم، عن أبيه قال: قال رسول الله صلى الله عليه وسلم: «إن لي أسماء» أنا محمد، وأنا أحمد، وأنا الماحي الذي يمحو الله بي الكفر، وأنا الحاشر الذي يحشر الناس على قدمي، وأنا العاقب والعاقب الذي ليس بعده نبي.""</span></p><p class=""indent"" style=""text-align:left;"">(ص نمبر ۳۰۵،المکتبۃ التجاریۃ ،مکۃ المکرمۃ)</p><p style=""text-align:justify;"">لسان العرب میں ہے:</p><p class=""indent"" style=""text-align:justify;""><span class=""ar_writing"">""حشر: حشرهم يحشرهم ويحشرهم حشراً: جمعهم؛ ومنه يوم المحشر. والحشر: جمع الناس يوم القيامة. والحشر: حشر يوم القيامة. والمحشر: المجمع الذي يحشر إليه القوم، وكذلك إذا حشروا إلى بلد أو معسكر أو نحوه؛ قال الله عز وجل: لأول الحشر ما ظننتم أن يخرجوا ؛ نزلت في بني النضير، وكانوا قوماً من اليهود عاقدوا النبي صلى الله عليه وسلم، لما نزل المدينة أن لايكونوا عليه ولا له، ثم نقضوا العهد ومايلوا كفار أهل مكة، فقصدهم النبي صلى الله عليه وسلم، ففارقوه على الجلاء من منازلهم فجلوا إلى الشام. قال الأزهري: وهو أول حشر حشر إلى أرض المحشر ثم يحشر الخلق يوم القيامة إليها، قال: ولذلك قيل: لأول الحشر ، وقيل: إنهم أول من أجلي من أهل الذمة من جزيرة العرب ثم أجلي آخرهم أيام عمر بن الخطاب، رضي الله عنه، منهم نصارى نجران ويهود خيبر. وفي الحديث: انقطعت الهجرة إلا من ثلاث: جهاد أو نية أو حشر ، أي جهاد في سبيل الله، أو نية  يفارق بها الرجل الفسق والفجور إذا لم يقدر على تغييره، أو جلاء ينال الناس فيخرجون عن ديارهم. والحشر: هو الجلاء عن الأوطان؛ وقيل: أراد بالحشر الخروج من النفير إذا عم. الجوهري: المحشر، بكسر الشين، موضع الحشر. والحاشر: من أسماء سيدنا رسول الله صلى الله عليه وسلم، لأنه قال: أحشر الناس على قدمي ، وقال صلى الله عليه وسلم: لي خمسة أسماء: أنا محمد وأحمد والماحي يمحو الله بي الكفر، والحاشر أحشر الناس على قدمي، والعاقب.قال ابن الأثير: في أسماء النبي صلى الله عليه وسلم، الحاشر الذي يحشر الناس خلفه وعلى ملته دون ملة غيره. وقوله صلى الله عليه وسلم: إن لي أسماء؛ أراد أن هذه الأسماء التي عدها مذكورة في كتب الله تعالى المنزلة على الأمم التي كذبت بنبوته حجة عليهم. وحشر الإبل: جمعها"".</span></p><p class=""indent"" style=""text-align:left;"">(حرف راء فصل الحاء المھملۃ ج نمبر ۴ ص نمبر ۱۹۰،دار صادر،بیروت)</p><p class=""indent"" style=""text-align:left;""><span style=""text-align:justify;"">فقط واللہ اعلم</span></p></p><hr class=""big-hr""/><div class=""col-sm-6 col-md-6""><p class=""question_heading"" style=""color:#73161f"">فتویٰ نمبر : <a id=""fatwa_number"">144212202094</a></p></div><div class=""col-sm-6 col-md-6""><p style=""color:#73161f"">دارالافتاء :
                                جامعہ علوم اسلامیہ علامہ محمد یوسف بنوری ٹاؤن</p></div><hr class=""big-hr""/><div class=""col-sm-4 col-md-4""><div class=""tag""><a href=""https://www.banuri.edu.pk/questions/kitab/mamnooaat-mubahat""><i class=""icon-docs-bold""></i> حظر و اباحت</a></div></div><div class=""col-sm-4 col-md-4""><div class=""tag""><a href=""https://www.banuri.edu.pk/questions/bab/asaami""><i class=""icon-docs-bold""></i> نام، لقب، کنیت</a></div></div><div class=""col-sm-4 col-md-4""><div class=""tag""><a href=""https://www.banuri.edu.pk/questions/fasal/namoun-ke-mani-or-ahkaam""><i class=""icon-docs-bold""></i> ناموں کے معانی اور احکام</a></div></div></div>"
https://www.banuri.edu.pk/readquestion/lottery-ka-hukum-144212201425/28-07-2021,لاٹری کا حکم,"<p><p style=""text-align:justify;"">لاٹری کا کیا حکم ہے؟</p></p>","<p><p style=""text-align:justify;"">”لاٹری “ درحقیقت سود اور جوئے پر مشتمل ہوتی ہے، ’’سود‘‘ اس طور پر کہ شرعاً ’’سود‘‘ اس اضافے کو کہتے ہیں جو ہم جنس مال (نقدی، مکیلی یا موزونی چیز) کے تبادلے میں بغیر عوض آئے اور عقد کے وقت مشروط ہو، جیسے سو روپے کی لاٹری میں اگر انعام کے نام سے ملنے والی رقم نکل آئے تو سو روپے  سے زائد جتنی بھی رقم ہے، وہ ساری کی ساری بلا عوض ہے جو کہ عین سود ہونے کی وجہ سے لینا حرام ہے۔</p><p style=""text-align:justify;"">اور اس میں ’’جوا‘‘ اس طور پر ہے کہ شرعاً ’’جوا‘‘ مال کو واپس ملنے ، نہ  ملنے کے خطرہ میں ڈالنے کو کہا جاتا ہے، پس لاٹری میں لگائی گئی کل رقم ڈوب جانے کا قوی اندیشہ ہوتا ہے اور نہ ڈوبنے کا بھی امکان ہوتا ہے؛ لہٰذا کسی بھی قسم کی لاٹری لینا شرعاً جائز نہیں ہے۔</p><p style=""text-align:justify;"">جوئے کی حقیقت اور حکم سمجھنے کے لیے درج ذیل لنک ملاحظہ کیجیے:</p><p class=""indent"" style=""text-align:justify;""><a href=""https://www.banuri.edu.pk/readquestion/%DA%A9%DA%BE%DB%8C%D9%84-%D9%85%DB%8C%DA%BA-%D8%AC%D9%88%DB%92-%DA%A9%DB%8C-%D8%A7%DB%8C%DA%A9-%D8%B5%D9%88%D8%B1%D8%AA-%DA%A9%D8%A7-%D8%AD%DA%A9%D9%85-2/15-12-2019"">کھیل میں جوئے کی ایک صورت کا حکم</a></p><p style=""text-align:justify;""><span class=""ar_writing"">«حاشية ابن عابدين = رد المحتار ط الحلبي» (6/ 403):</span></p><p class=""indent"" style=""text-align:justify;""><span class=""ar_writing"">""(قوله: لأنه يصير قمارًا) لأن ‌القمار من القمر الذي يزداد تارةً و ينقص أخرى، وسمي ‌القمار قمارًا لأن كل واحد من المقامرين ممن يجوز أن يذهب ماله إلى صاحبه، ويجوز أن يستفيد مال صاحبه وهو حرام بالنص، و لا كذلك إذا شرط من جانب واحد لأن الزيادة و النقصان لاتمكن فيهما بل في أحدهما تمكن الزيادة، وفي الآخر الانتقاص فقط فلاتكون مقامرة لأنها مفاعلة منه زيلعي.""</span></p><p style=""text-align:justify;""><span class=""ar_writing"">تفسير حدائق الروح والريحان في روابي علوم القرآن (8/ 55):</span></p><p class=""indent"" style=""text-align:justify;""><span class=""ar_writing"">""و القمار كل لعب يشترط فيه أن يأخذ الغالب من المغلوب شيئًا سواء كان بالورق، أو بغيره كالقداح."" </span></p><p class=""indent"" style=""text-align:left;"">فقط واللہ اعلم</p></p><hr class=""big-hr""/>",28-07-2021,144212201425,banuri.edu.pk,معاملات,سود / بینکاری / انشورنس / شیئرز,جوئے کے احکام,"<div class=""col-md-12 sawal-jawab""><h3 class=""question_heading"">سوال</h3><p><p style=""text-align:justify;"">لاٹری کا کیا حکم ہے؟</p></p><h4 class=""question_heading"">جواب</h4><p><p style=""text-align:justify;"">”لاٹری “ درحقیقت سود اور جوئے پر مشتمل ہوتی ہے، ’’سود‘‘ اس طور پر کہ شرعاً ’’سود‘‘ اس اضافے کو کہتے ہیں جو ہم جنس مال (نقدی، مکیلی یا موزونی چیز) کے تبادلے میں بغیر عوض آئے اور عقد کے وقت مشروط ہو، جیسے سو روپے کی لاٹری میں اگر انعام کے نام سے ملنے والی رقم نکل آئے تو سو روپے  سے زائد جتنی بھی رقم ہے، وہ ساری کی ساری بلا عوض ہے جو کہ عین سود ہونے کی وجہ سے لینا حرام ہے۔</p><p style=""text-align:justify;"">اور اس میں ’’جوا‘‘ اس طور پر ہے کہ شرعاً ’’جوا‘‘ مال کو واپس ملنے ، نہ  ملنے کے خطرہ میں ڈالنے کو کہا جاتا ہے، پس لاٹری میں لگائی گئی کل رقم ڈوب جانے کا قوی اندیشہ ہوتا ہے اور نہ ڈوبنے کا بھی امکان ہوتا ہے؛ لہٰذا کسی بھی قسم کی لاٹری لینا شرعاً جائز نہیں ہے۔</p><p style=""text-align:justify;"">جوئے کی حقیقت اور حکم سمجھنے کے لیے درج ذیل لنک ملاحظہ کیجیے:</p><p class=""indent"" style=""text-align:justify;""><a href=""https://www.banuri.edu.pk/readquestion/%DA%A9%DA%BE%DB%8C%D9%84-%D9%85%DB%8C%DA%BA-%D8%AC%D9%88%DB%92-%DA%A9%DB%8C-%D8%A7%DB%8C%DA%A9-%D8%B5%D9%88%D8%B1%D8%AA-%DA%A9%D8%A7-%D8%AD%DA%A9%D9%85-2/15-12-2019"">کھیل میں جوئے کی ایک صورت کا حکم</a></p><p style=""text-align:justify;""><span class=""ar_writing"">«حاشية ابن عابدين = رد المحتار ط الحلبي» (6/ 403):</span></p><p class=""indent"" style=""text-align:justify;""><span class=""ar_writing"">""(قوله: لأنه يصير قمارًا) لأن ‌القمار من القمر الذي يزداد تارةً و ينقص أخرى، وسمي ‌القمار قمارًا لأن كل واحد من المقامرين ممن يجوز أن يذهب ماله إلى صاحبه، ويجوز أن يستفيد مال صاحبه وهو حرام بالنص، و لا كذلك إذا شرط من جانب واحد لأن الزيادة و النقصان لاتمكن فيهما بل في أحدهما تمكن الزيادة، وفي الآخر الانتقاص فقط فلاتكون مقامرة لأنها مفاعلة منه زيلعي.""</span></p><p style=""text-align:justify;""><span class=""ar_writing"">تفسير حدائق الروح والريحان في روابي علوم القرآن (8/ 55):</span></p><p class=""indent"" style=""text-align:justify;""><span class=""ar_writing"">""و القمار كل لعب يشترط فيه أن يأخذ الغالب من المغلوب شيئًا سواء كان بالورق، أو بغيره كالقداح."" </span></p><p class=""indent"" style=""text-align:left;"">فقط واللہ اعلم</p></p><hr class=""big-hr""/><div class=""col-sm-6 col-md-6""><p class=""question_heading"" style=""color:#73161f"">فتویٰ نمبر : <a id=""fatwa_number"">144212201425</a></p></div><div class=""col-sm-6 col-md-6""><p style=""color:#73161f"">دارالافتاء :
                                جامعہ علوم اسلامیہ علامہ محمد یوسف بنوری ٹاؤن</p></div><hr class=""big-hr""/><div class=""col-sm-4 col-md-4""><div class=""tag""><a href=""https://www.banuri.edu.pk/questions/kitab/muamlat""><i class=""icon-docs-bold""></i> معاملات</a></div></div><div class=""col-sm-4 col-md-4""><div class=""tag""><a href=""https://www.banuri.edu.pk/questions/bab/sood-bankari-insurance-shares""><i class=""icon-docs-bold""></i> سود / بینکاری / انشورنس / شیئرز</a></div></div><div class=""col-sm-4 col-md-4""><div class=""tag""><a href=""https://www.banuri.edu.pk/questions/fasal/joey-k-ahkam""><i class=""icon-docs-bold""></i> جوئے کے احکام</a></div></div></div>"
https://www.banuri.edu.pk/readquestion/sir-ka-mash-kartay-huay-unglion-ko-peechay-lay-jana-phir-aagay-lay-ana-144202200915/08-10-2020,سر کا مسح کرتے ہوئے انگلیوں کو پیچھے لے جانا پھر آگے لانا,"<p><p style=""text-align:justify;"">وضو میں سر کا مسح کرتے وقت ہاتھ کی انگلیوں کو آگے سے پیچھے کی طرف لے  جا کر ، پھر پیچھے سے آگے لانا صحیح ہے یا نہیں؟</p></p>","<p><p style=""text-align:justify;"">سر پر مسح کرنے کا مسنون طریقہ یہ ہے کہ :سرکے ابتدائی حصہ پر دونوں ہاتھوں کی ہتھیلیاں اور انگلیاں رکھ کر گردن تک اس طریقے سے لے جائے کہ اس سے تمام سر کا احاطہ ہو ، اس طریقہ سے سر کے مسح کرنامسنون ہے۔</p><p style=""text-align:justify;"">باقی  اگر  کوئی شخص سوال میں   مذکورہ طریقہ کے مطابق مسح کرتا ہے تو اس کا مسح درست ہو جائے گا ، لیکن یہ  مسنون طریقہ نہیں ہے، نیز عوام میں یہ بات بھی معروف ہے کہ سر کا مسح کرتے ہوئے شہادت کی انگلیوں کو سر سے جدا رکھا جائے اور اخیر میں اُس سے کانوں کا مسح کیا جائے تو سمجھ لینا چاہیے  کہ انگلیوں کو سر سے جدا رکھنے والی بات  سنت اور حدیث  سے  ثابت  نہیں ہے۔</p><p style=""text-align:justify;""><span class=""ar_writing"">فتح القدير للكمال ابن الهمام (1/ 20):</span></p><p class=""indent"" style=""text-align:justify;""><span class=""ar_writing"">""و المسنون في كيفية المسح: أن يضع كفيه و أصابعه على مقدم رأسه آخذاً إلى قفاه على وجه يستوعب، ثم يمسح أذنيه على ما يذكره، و أما مجافاة السباحتين مطلقاً؛ ليمسح بهما الأذنين والكفين في الإدبار؛ ليرجع بهما على الفودين، فلا أصلَ له في السنة.""</span></p><p class=""indent"" style=""text-align:left;"">فقط واللہ اعلم</p></p><hr class=""big-hr""/>",08-10-2020,144202200915,banuri.edu.pk,طہارت,وضو,سنن وضو,"<div class=""col-md-12 sawal-jawab""><h3 class=""question_heading"">سوال</h3><p><p style=""text-align:justify;"">وضو میں سر کا مسح کرتے وقت ہاتھ کی انگلیوں کو آگے سے پیچھے کی طرف لے  جا کر ، پھر پیچھے سے آگے لانا صحیح ہے یا نہیں؟</p></p><h4 class=""question_heading"">جواب</h4><p><p style=""text-align:justify;"">سر پر مسح کرنے کا مسنون طریقہ یہ ہے کہ :سرکے ابتدائی حصہ پر دونوں ہاتھوں کی ہتھیلیاں اور انگلیاں رکھ کر گردن تک اس طریقے سے لے جائے کہ اس سے تمام سر کا احاطہ ہو ، اس طریقہ سے سر کے مسح کرنامسنون ہے۔</p><p style=""text-align:justify;"">باقی  اگر  کوئی شخص سوال میں   مذکورہ طریقہ کے مطابق مسح کرتا ہے تو اس کا مسح درست ہو جائے گا ، لیکن یہ  مسنون طریقہ نہیں ہے، نیز عوام میں یہ بات بھی معروف ہے کہ سر کا مسح کرتے ہوئے شہادت کی انگلیوں کو سر سے جدا رکھا جائے اور اخیر میں اُس سے کانوں کا مسح کیا جائے تو سمجھ لینا چاہیے  کہ انگلیوں کو سر سے جدا رکھنے والی بات  سنت اور حدیث  سے  ثابت  نہیں ہے۔</p><p style=""text-align:justify;""><span class=""ar_writing"">فتح القدير للكمال ابن الهمام (1/ 20):</span></p><p class=""indent"" style=""text-align:justify;""><span class=""ar_writing"">""و المسنون في كيفية المسح: أن يضع كفيه و أصابعه على مقدم رأسه آخذاً إلى قفاه على وجه يستوعب، ثم يمسح أذنيه على ما يذكره، و أما مجافاة السباحتين مطلقاً؛ ليمسح بهما الأذنين والكفين في الإدبار؛ ليرجع بهما على الفودين، فلا أصلَ له في السنة.""</span></p><p class=""indent"" style=""text-align:left;"">فقط واللہ اعلم</p></p><hr class=""big-hr""/><div class=""col-sm-6 col-md-6""><p class=""question_heading"" style=""color:#73161f"">فتویٰ نمبر : <a id=""fatwa_number"">144202200915</a></p></div><div class=""col-sm-6 col-md-6""><p style=""color:#73161f"">دارالافتاء :
                                جامعہ علوم اسلامیہ علامہ محمد یوسف بنوری ٹاؤن</p></div><hr class=""big-hr""/><div class=""col-sm-4 col-md-4""><div class=""tag""><a href=""https://www.banuri.edu.pk/questions/kitab/taharat""><i class=""icon-docs-bold""></i> طہارت</a></div></div><div class=""col-sm-4 col-md-4""><div class=""tag""><a href=""https://www.banuri.edu.pk/questions/bab/wuzu""><i class=""icon-docs-bold""></i> وضو</a></div></div><div class=""col-sm-4 col-md-4""><div class=""tag""><a href=""https://www.banuri.edu.pk/questions/fasal/sunan-e-wazu""><i class=""icon-docs-bold""></i> سنن وضو</a></div></div></div>"
https://www.banuri.edu.pk/readquestion/plot-flate-aur-gari-waghaira-par-zakat-ka-hukum-miqdar-qeemat-e-khareed-ya-qeemat-e-farokht-kay-aetibar-karnay-aur-adaegi-kay-waqt-ka-bayan-144209201252/28-04-2021,پلاٹ، فلیٹ اور گاڑی وغیرہ پر زکات کا حکم، مقدار، قیمتِ خرید یا قیمتِ فروخت کے اعتبار کرنے اور ادائیگی کے وقت کا بیان,"<p><p style=""text-align:justify;"">پلاٹ  پر زکات ہوگی اگر بیچنے کی نیت سے خریدا ہے تو؟ اور کتنی ہوگی؟ اور اس کا حساب  کیسے  لگایا  جاۓگا؟ مثال کے طور پر جب خریدا تو دس لاکھ کا تھا اور ابھی مارکیٹ ویلیو بیس لاکھ ہے، پر بیچنے کا ارادہ ابھی نہیں ہے تو اس پر زکات دینی ہوگی؟ کب دینی ہوگی؟ ابھی نقد کی صوررت میں پیسے نہیں ہیں اور قرض دار بھی ہوں، تنخواہ  بھی بند ہے، اس کے علاوہ ایک گاڑی  ہے گھر کے استعمال کے  لیے، پر اگر ضروت پڑنے پر اسی ایک گاڑی کو بیچ کر دوسری لی کچھ منافع ہوا  جو بھی نصاب کے حساب سے نہیں ہے، گاڑی کی مالیت ساڑھے پانچ لاکھ کم و بیش ہوگی،  پرانی گاڑی ہے گھر کے استعمال میں بھی  یہ ایک گاڑی ہے۔ ایک فلیٹ ہے جس پر ابھی بلڈر  نے ابھی کنسٹرکشن شروع نہیں کی ہے بالفرض اس وقت دس لاکھ کا تھا ابھی مارکیٹ ویلیو پچیس لاکھ ہے تو اگر اس کو بیچوں تو زکات ہوگی؟ اگر ہوگی تو کتنی؟ اس کا تعین کیسے کیا جائے گا؟ </p></p>","<p><p style=""text-align:justify;"">زکات کی فرضیت کا ضابطہ یہ ہے کہ جس مسلمان عاقل بالغ شخص کی ملکیت میں ساڑھے  سات تولہ سونا، یا ساڑھے  باون تولہ چاندی یاساڑھے باون تولہ چاندی کی قیمت کے برابر نقد رقم ( جو حاجت اصلیہ سے زائد ہو )  یا مالِ تجارت موجود ہو یا ان چاروں چیزوں میں کسی بھی دو یا زائد کامجموعہ  ہو جس کی مالیت ساڑھے باون تولہ چاندی  کی قیمت کے برابر پہنچتی ہو اور  وہ شخص مقروض بھی  نہ ہوتو ایسا شخص صاحبِ  نصاب شمار ہوتا ہے، اور اس مال پر سال گزرنے کی صورت میں اس پر  زکات واجب ہوتی ہے۔</p><p style=""text-align:justify;"">لہٰذا صورتِ  مسئولہ میں جو پلاٹ یا فلیٹ وغیرہ تجارت (یعنی منافع کے حصول کے  لیے بیچنے) کی نیت سے خریدا ہو اس پر سال پورا ہونے کے وقت (یا پہلے سے صاحبِ نصاب ہونے کی صورت میں دیگر اموال کی زکات کی ادائیگی کے وقت) اس پلاٹ یا فلیٹ وغیرہ کی موجودہ کل قیمت  (میں سے قرض وغیرہ منہا کرکے، بقیہ مجموعی مالیت) کا چالیسواں حصہ (ڈھائی فیصد) زکات ادا کرنا لازم ہوگا، جو گاڑی یا فلیٹ (مکان) وغیرہ تجارت (یعنی منافع کے حصول کے  لیے بیچنے) کی نیت سے نہیں خریدا گیا ہو اس پر زکات لازم نہیں ہوگی، البتہ ان اشیاء کو بیچنے کی صورت میں جو پیسے حاصل ہوں گے ان پر سال پورا ہونے یا نصاب پر سال پورا ہونے کے وقت اس رقم میں سے جتنی موجود ہو  (اور قرض اور ضروری اخراجات سے زائد ہو) اس کی بھی ڈھائی فیصد زکات ادا کرنا لازم ہوگی۔</p><p style=""text-align:justify;"">اگر آپ نے فلیٹ ذاتی رہائش کے لیے خریدا تھا یا خریدتے وقت کوئی نیت متعین نہیں تھی تو جب تک آپ اسے بیچ نہیں دیتے اس کی مالیت پر زکات واجب نہیں ہوگی، اور پلاٹ چوں کہ آپ کی صراحت کے مطابق آپ نے بیچنے کی نیت سے خریدا تھا، اس لیے اس کی موجودہ مالیت پر زکات واجب ہوگی، البتہ قرض اور بنیادی ضروری اخراجات کی رقم اس سے منہا کرکے زکات واجب ہوگی۔اور گاڑی جو گھر کی ضرورت و استعمال کے لیے ہے، اس کی مالیت پر زکات واجب نہیں ہے، ہاں آپ اسے بیچ دیں اور زکات کا سال پور اہونے پر اس میں سے رقم محفوظ ہو جو قرض اور بنیادی اخراجات سے زائد ہو، زکات  واجب ہوگی۔</p><p style=""text-align:justify;"">سال مکمل ہونے پر زکات کا حساب کرنے کے بعد جلد سے جلد زکات ادا کردینی چاہیے، البتہ یک مشت زکات ادا کرنا چوں کہ شرعاً ضروری نہیں، اس  لیے تھوڑی تھوڑی  کرکے ادا کرنے کی اجازت ہے، لیکن زکات ادا کرنے میں بلاعذر تاخیر کرنا مکروہ ہے، اگر سال سے زیادہ بلاعذر تاخیر  کی تو ایک قول کے مطابق گناہ گار ہوگا، البتہ  اگر عذر (مثلا نقدی پاس نہ ہونے) کی وجہ سے تاخیر ہو جائے تو  گنجائش ہوگی، اور عذر  زائل ہوتے  ہی اس کو جلد از جلد ادا کردینا چاہیے؛ کیوں کہ زکات دینی فریضہ ہے اور اس سے جلد سبک دوشی افضل ہے، نیز زکات کا مقصد غریب کی ضرورت پوری کرنا ہے جو کہ فوری ہے؛ اس  لیے زکات بھی فوری ادا کردینی چاہیے؛ تاکہ غریب شخص کی حاجت بروقت پوری ہوسکے۔ خلاصہ یہ ہے کہ زکات فرض ہونے کے بعد ایک سال گزرنے سے پہلے ادا کردینے کی صورت میں بالاتفاق گناہ گار نہیں ہوگا، البتہ جتنا جلد ادا کردی جائے اتنا ہی افضل ہے۔</p><p style=""text-align:justify;""><span class=""ar_writing"">الدر المختار وحاشية ابن عابدين (رد المحتار) (2/ 258):</span></p><p class=""indent"" style=""text-align:justify;""><span class=""ar_writing"">’’ (وشرط افتراضها عقل وبلوغ وإسلام وحرية) والعلم به ولو حكما ككونه في دارنا (وسببه) أي سبب افتراضها (ملك نصاب حولي) نسبة للحول لحولانه عليه (تام) ... (فارغ عن دين له مطالب من جهة العباد) سواء كان لله كزكاة ... (و) فارغ (عن حاجته الأصلية) ... (نام ولو تقديرا) بالقدرة على الاستنماء ولو بنائبه.‘‘</span></p><p style=""text-align:justify;""><span class=""ar_writing"">الدر المختار وحاشية ابن عابدين (رد المحتار) (2/ 267):</span></p><p class=""indent"" style=""text-align:justify;""><span class=""ar_writing"">’’ (وشرطه) أي شرط افتراض أدائها (حولان الحول) وهو في ملكه (وثمنية المال كالدراهم والدنانير) لتعينهما للتجارة بأصل الخلقة فتلزم الزكاة كيفما أمسكهما ولو للنفقة (أو السوم) بقيدها الآتي (أو نية التجارة) في العروض.‘‘</span></p><p style=""text-align:justify;""><span class=""ar_writing"">الدر المختار وحاشية ابن عابدين (رد المحتار) (2/ 303):</span></p><p class=""indent"" style=""text-align:justify;""><span class=""ar_writing"">’’ (وقيمة العرض) للتجارة (تضم إلى الثمنين) لأن الكل للتجارة وضعا وجعلا (و) يضم (الذهب إلى الفضة) وعكسه بجامع الثمنية (قيمة).‘‘</span></p><p style=""text-align:justify;""><span class=""ar_writing"">الدر المختار وحاشية ابن عابدين (رد المحتار) (2/ 271):</span></p><p class=""indent"" style=""text-align:justify;""><span class=""ar_writing"">’’(وافتراضها عمري) أي على التراخي وصححه الباقاني وغيره (وقيل: فوري) أي واجب على الفور (وعليه الفتوى) كما في شرح الوهبانية  (فيأثم بتأخيرها) بلا عذر (وترد شهادته) لأن الأمر بالصرف إلى الفقير معه قرينة الفور وهي أنه لدفع حاجته وهي معجلة، فمتى لم تجب على الفور لم يحصل المقصود من الإيجاب على وجه التمام، وتمامه في الفتح</span></p><p class=""indent"" style=""text-align:justify;""><span class=""ar_writing"">(قوله: وافتراضها عمري) قال في البدائع وعليه عامة المشايخ، ففي أي وقت أدى يكون مؤديا للواجب، ويتعين ذلك الوقت للوجوب، وإذا لم يؤد إلى آخر عمره يتضيق عليه الوجوب، حتى لو لم يؤد حتى مات يأثم واستدل الجصاص له بمن عليه الزكاة إذا هلك نصابه بعد تمام الحول والتمكن من الأداء أنه لا يضمن، ولو كانت على الفور يضمن كمن أخر صوم شهر رمضان عن وقته فإن عليه القضاء. (قوله: وصححه الباقاني وغيره) نقل تصحيحه في التتارخانية أيضًا (قوله: أي واجب على الفور) هذا ساقط من بعض النسخ، وفيه ركاكة لأنه يئول إلى قولنا: افتراضها واجب على الفور مع أنها فريضة محكمة بالدلائل القطعية. وقد يقال: إن قوله افتراضها على تقدير مضاف أي افتراض أدائها، وهو من إضافة الصفة إلى موصوفها فيصير المعنى أداؤها المفترض واجب على الفور: أي أن أصل الأداء فرض، وكونه على الفور واجب، وهذا ما حققه في فتح القدير من أن المختار في الأصول أن مطلق الأمر لا يقتضي الفور ولا التراخي بل مجرد الطلب فيجوز للمكلف كل منهما لكن الأمر هنا معه قرينة الفور إلخ ما يأتي (قوله: فيأثم بتأخيرها إلخ) ظاهره الإثم بالتأخير ولو قل كيوم أو يومين لأنهم فسروا الفور بأول أوقات الإمكان. وقد يقال المراد أن لا يؤخر إلى العام القابل لما في البدائع عن المنتقى بالنون إذا لم يؤد حتى مضى حولان فقد أساء وأثم اهـ فتأمل (قوله: وهي) أي القرينة أنه أي الأمر بالصرف (قوله: وهي معجلة) كذا عبارة الفتح. أي حاجة الفقير معجلة أي حاصلة (قوله: وتمامه في الفتح) حيث قال بعد ما مر: فتكون الزكاة فريضة وفوريتها واجبة فيلزم بتأخيره من غير ضرورة الإثم كما صرح به الكرخي والحاكم الشهيد في المنتقى؛ وهو عين ما ذكره الإمام أبو جعفر عن أبي حنيفة أنه يكره، فإن كراهة التحريم هي المحمل عند إطلاق اسمها، وقد ثبت عن أئمتنا الثلاثة وجوب فوريتها، وما نقله ابن شجاع عنهم من أنها علي التراخي فهو بالنظر إلى دليل الافتراض أي: دليل الافتراض لايوجبها، وهو لاينفي وجود دليل الإيجاب. وعلى هذا قولهم: إذا شك هل زكى أو لا يجب عليه أن يزكي لأن وقتها العمر، فالشك حينئذ كالشك في الصلاة في الوقت اهـ ملخصًا‘‘.</span></p><p class=""indent"" dir=""rtl"" style=""text-align:left;"">فقط واللہ اعلم</p></p><hr class=""big-hr""/>",28-04-2021,144209201252,banuri.edu.pk,زکات,وجوب زکوٰۃ,مالِ تجارت,"<div class=""col-md-12 sawal-jawab""><h3 class=""question_heading"">سوال</h3><p><p style=""text-align:justify;"">پلاٹ  پر زکات ہوگی اگر بیچنے کی نیت سے خریدا ہے تو؟ اور کتنی ہوگی؟ اور اس کا حساب  کیسے  لگایا  جاۓگا؟ مثال کے طور پر جب خریدا تو دس لاکھ کا تھا اور ابھی مارکیٹ ویلیو بیس لاکھ ہے، پر بیچنے کا ارادہ ابھی نہیں ہے تو اس پر زکات دینی ہوگی؟ کب دینی ہوگی؟ ابھی نقد کی صوررت میں پیسے نہیں ہیں اور قرض دار بھی ہوں، تنخواہ  بھی بند ہے، اس کے علاوہ ایک گاڑی  ہے گھر کے استعمال کے  لیے، پر اگر ضروت پڑنے پر اسی ایک گاڑی کو بیچ کر دوسری لی کچھ منافع ہوا  جو بھی نصاب کے حساب سے نہیں ہے، گاڑی کی مالیت ساڑھے پانچ لاکھ کم و بیش ہوگی،  پرانی گاڑی ہے گھر کے استعمال میں بھی  یہ ایک گاڑی ہے۔ ایک فلیٹ ہے جس پر ابھی بلڈر  نے ابھی کنسٹرکشن شروع نہیں کی ہے بالفرض اس وقت دس لاکھ کا تھا ابھی مارکیٹ ویلیو پچیس لاکھ ہے تو اگر اس کو بیچوں تو زکات ہوگی؟ اگر ہوگی تو کتنی؟ اس کا تعین کیسے کیا جائے گا؟ </p></p><h4 class=""question_heading"">جواب</h4><p><p style=""text-align:justify;"">زکات کی فرضیت کا ضابطہ یہ ہے کہ جس مسلمان عاقل بالغ شخص کی ملکیت میں ساڑھے  سات تولہ سونا، یا ساڑھے  باون تولہ چاندی یاساڑھے باون تولہ چاندی کی قیمت کے برابر نقد رقم ( جو حاجت اصلیہ سے زائد ہو )  یا مالِ تجارت موجود ہو یا ان چاروں چیزوں میں کسی بھی دو یا زائد کامجموعہ  ہو جس کی مالیت ساڑھے باون تولہ چاندی  کی قیمت کے برابر پہنچتی ہو اور  وہ شخص مقروض بھی  نہ ہوتو ایسا شخص صاحبِ  نصاب شمار ہوتا ہے، اور اس مال پر سال گزرنے کی صورت میں اس پر  زکات واجب ہوتی ہے۔</p><p style=""text-align:justify;"">لہٰذا صورتِ  مسئولہ میں جو پلاٹ یا فلیٹ وغیرہ تجارت (یعنی منافع کے حصول کے  لیے بیچنے) کی نیت سے خریدا ہو اس پر سال پورا ہونے کے وقت (یا پہلے سے صاحبِ نصاب ہونے کی صورت میں دیگر اموال کی زکات کی ادائیگی کے وقت) اس پلاٹ یا فلیٹ وغیرہ کی موجودہ کل قیمت  (میں سے قرض وغیرہ منہا کرکے، بقیہ مجموعی مالیت) کا چالیسواں حصہ (ڈھائی فیصد) زکات ادا کرنا لازم ہوگا، جو گاڑی یا فلیٹ (مکان) وغیرہ تجارت (یعنی منافع کے حصول کے  لیے بیچنے) کی نیت سے نہیں خریدا گیا ہو اس پر زکات لازم نہیں ہوگی، البتہ ان اشیاء کو بیچنے کی صورت میں جو پیسے حاصل ہوں گے ان پر سال پورا ہونے یا نصاب پر سال پورا ہونے کے وقت اس رقم میں سے جتنی موجود ہو  (اور قرض اور ضروری اخراجات سے زائد ہو) اس کی بھی ڈھائی فیصد زکات ادا کرنا لازم ہوگی۔</p><p style=""text-align:justify;"">اگر آپ نے فلیٹ ذاتی رہائش کے لیے خریدا تھا یا خریدتے وقت کوئی نیت متعین نہیں تھی تو جب تک آپ اسے بیچ نہیں دیتے اس کی مالیت پر زکات واجب نہیں ہوگی، اور پلاٹ چوں کہ آپ کی صراحت کے مطابق آپ نے بیچنے کی نیت سے خریدا تھا، اس لیے اس کی موجودہ مالیت پر زکات واجب ہوگی، البتہ قرض اور بنیادی ضروری اخراجات کی رقم اس سے منہا کرکے زکات واجب ہوگی۔اور گاڑی جو گھر کی ضرورت و استعمال کے لیے ہے، اس کی مالیت پر زکات واجب نہیں ہے، ہاں آپ اسے بیچ دیں اور زکات کا سال پور اہونے پر اس میں سے رقم محفوظ ہو جو قرض اور بنیادی اخراجات سے زائد ہو، زکات  واجب ہوگی۔</p><p style=""text-align:justify;"">سال مکمل ہونے پر زکات کا حساب کرنے کے بعد جلد سے جلد زکات ادا کردینی چاہیے، البتہ یک مشت زکات ادا کرنا چوں کہ شرعاً ضروری نہیں، اس  لیے تھوڑی تھوڑی  کرکے ادا کرنے کی اجازت ہے، لیکن زکات ادا کرنے میں بلاعذر تاخیر کرنا مکروہ ہے، اگر سال سے زیادہ بلاعذر تاخیر  کی تو ایک قول کے مطابق گناہ گار ہوگا، البتہ  اگر عذر (مثلا نقدی پاس نہ ہونے) کی وجہ سے تاخیر ہو جائے تو  گنجائش ہوگی، اور عذر  زائل ہوتے  ہی اس کو جلد از جلد ادا کردینا چاہیے؛ کیوں کہ زکات دینی فریضہ ہے اور اس سے جلد سبک دوشی افضل ہے، نیز زکات کا مقصد غریب کی ضرورت پوری کرنا ہے جو کہ فوری ہے؛ اس  لیے زکات بھی فوری ادا کردینی چاہیے؛ تاکہ غریب شخص کی حاجت بروقت پوری ہوسکے۔ خلاصہ یہ ہے کہ زکات فرض ہونے کے بعد ایک سال گزرنے سے پہلے ادا کردینے کی صورت میں بالاتفاق گناہ گار نہیں ہوگا، البتہ جتنا جلد ادا کردی جائے اتنا ہی افضل ہے۔</p><p style=""text-align:justify;""><span class=""ar_writing"">الدر المختار وحاشية ابن عابدين (رد المحتار) (2/ 258):</span></p><p class=""indent"" style=""text-align:justify;""><span class=""ar_writing"">’’ (وشرط افتراضها عقل وبلوغ وإسلام وحرية) والعلم به ولو حكما ككونه في دارنا (وسببه) أي سبب افتراضها (ملك نصاب حولي) نسبة للحول لحولانه عليه (تام) ... (فارغ عن دين له مطالب من جهة العباد) سواء كان لله كزكاة ... (و) فارغ (عن حاجته الأصلية) ... (نام ولو تقديرا) بالقدرة على الاستنماء ولو بنائبه.‘‘</span></p><p style=""text-align:justify;""><span class=""ar_writing"">الدر المختار وحاشية ابن عابدين (رد المحتار) (2/ 267):</span></p><p class=""indent"" style=""text-align:justify;""><span class=""ar_writing"">’’ (وشرطه) أي شرط افتراض أدائها (حولان الحول) وهو في ملكه (وثمنية المال كالدراهم والدنانير) لتعينهما للتجارة بأصل الخلقة فتلزم الزكاة كيفما أمسكهما ولو للنفقة (أو السوم) بقيدها الآتي (أو نية التجارة) في العروض.‘‘</span></p><p style=""text-align:justify;""><span class=""ar_writing"">الدر المختار وحاشية ابن عابدين (رد المحتار) (2/ 303):</span></p><p class=""indent"" style=""text-align:justify;""><span class=""ar_writing"">’’ (وقيمة العرض) للتجارة (تضم إلى الثمنين) لأن الكل للتجارة وضعا وجعلا (و) يضم (الذهب إلى الفضة) وعكسه بجامع الثمنية (قيمة).‘‘</span></p><p style=""text-align:justify;""><span class=""ar_writing"">الدر المختار وحاشية ابن عابدين (رد المحتار) (2/ 271):</span></p><p class=""indent"" style=""text-align:justify;""><span class=""ar_writing"">’’(وافتراضها عمري) أي على التراخي وصححه الباقاني وغيره (وقيل: فوري) أي واجب على الفور (وعليه الفتوى) كما في شرح الوهبانية  (فيأثم بتأخيرها) بلا عذر (وترد شهادته) لأن الأمر بالصرف إلى الفقير معه قرينة الفور وهي أنه لدفع حاجته وهي معجلة، فمتى لم تجب على الفور لم يحصل المقصود من الإيجاب على وجه التمام، وتمامه في الفتح</span></p><p class=""indent"" style=""text-align:justify;""><span class=""ar_writing"">(قوله: وافتراضها عمري) قال في البدائع وعليه عامة المشايخ، ففي أي وقت أدى يكون مؤديا للواجب، ويتعين ذلك الوقت للوجوب، وإذا لم يؤد إلى آخر عمره يتضيق عليه الوجوب، حتى لو لم يؤد حتى مات يأثم واستدل الجصاص له بمن عليه الزكاة إذا هلك نصابه بعد تمام الحول والتمكن من الأداء أنه لا يضمن، ولو كانت على الفور يضمن كمن أخر صوم شهر رمضان عن وقته فإن عليه القضاء. (قوله: وصححه الباقاني وغيره) نقل تصحيحه في التتارخانية أيضًا (قوله: أي واجب على الفور) هذا ساقط من بعض النسخ، وفيه ركاكة لأنه يئول إلى قولنا: افتراضها واجب على الفور مع أنها فريضة محكمة بالدلائل القطعية. وقد يقال: إن قوله افتراضها على تقدير مضاف أي افتراض أدائها، وهو من إضافة الصفة إلى موصوفها فيصير المعنى أداؤها المفترض واجب على الفور: أي أن أصل الأداء فرض، وكونه على الفور واجب، وهذا ما حققه في فتح القدير من أن المختار في الأصول أن مطلق الأمر لا يقتضي الفور ولا التراخي بل مجرد الطلب فيجوز للمكلف كل منهما لكن الأمر هنا معه قرينة الفور إلخ ما يأتي (قوله: فيأثم بتأخيرها إلخ) ظاهره الإثم بالتأخير ولو قل كيوم أو يومين لأنهم فسروا الفور بأول أوقات الإمكان. وقد يقال المراد أن لا يؤخر إلى العام القابل لما في البدائع عن المنتقى بالنون إذا لم يؤد حتى مضى حولان فقد أساء وأثم اهـ فتأمل (قوله: وهي) أي القرينة أنه أي الأمر بالصرف (قوله: وهي معجلة) كذا عبارة الفتح. أي حاجة الفقير معجلة أي حاصلة (قوله: وتمامه في الفتح) حيث قال بعد ما مر: فتكون الزكاة فريضة وفوريتها واجبة فيلزم بتأخيره من غير ضرورة الإثم كما صرح به الكرخي والحاكم الشهيد في المنتقى؛ وهو عين ما ذكره الإمام أبو جعفر عن أبي حنيفة أنه يكره، فإن كراهة التحريم هي المحمل عند إطلاق اسمها، وقد ثبت عن أئمتنا الثلاثة وجوب فوريتها، وما نقله ابن شجاع عنهم من أنها علي التراخي فهو بالنظر إلى دليل الافتراض أي: دليل الافتراض لايوجبها، وهو لاينفي وجود دليل الإيجاب. وعلى هذا قولهم: إذا شك هل زكى أو لا يجب عليه أن يزكي لأن وقتها العمر، فالشك حينئذ كالشك في الصلاة في الوقت اهـ ملخصًا‘‘.</span></p><p class=""indent"" dir=""rtl"" style=""text-align:left;"">فقط واللہ اعلم</p></p><hr class=""big-hr""/><div class=""col-sm-6 col-md-6""><p class=""question_heading"" style=""color:#73161f"">فتویٰ نمبر : <a id=""fatwa_number"">144209201252</a></p></div><div class=""col-sm-6 col-md-6""><p style=""color:#73161f"">دارالافتاء :
                                جامعہ علوم اسلامیہ علامہ محمد یوسف بنوری ٹاؤن</p></div><hr class=""big-hr""/><div class=""col-sm-4 col-md-4""><div class=""tag""><a href=""https://www.banuri.edu.pk/questions/kitab/zakat""><i class=""icon-docs-bold""></i> زکات</a></div></div><div class=""col-sm-4 col-md-4""><div class=""tag""><a href=""https://www.banuri.edu.pk/questions/bab/wujoob-zakat""><i class=""icon-docs-bold""></i> وجوب زکوٰۃ</a></div></div><div class=""col-sm-4 col-md-4""><div class=""tag""><a href=""https://www.banuri.edu.pk/questions/fasal/mal-e-tijarat""><i class=""icon-docs-bold""></i> مالِ تجارت</a></div></div></div>"
https://www.banuri.edu.pk/readquestion/tadfeen-ke-baad-ijtimae-dua-144209201642/03-05-2021,تدفین کے بعد اجتماعی دعا,"<p><p style=""text-align:justify;"">میت کو دفن کرنے کے بعد  اجتماعی دعا کرسکتے ہیں؟</p></p>","<p><p style=""text-align:justify;"">واضح  رہے  کہ میت  کی تدفین  کے بعد  جو  عمل احادیث میں  وارد ہے وہ یہ ہے کہ حضور ﷺ جب تدفین سے فارغ ہوتے تو قبر پر  کھڑے رہتے اور فرماتے کہ اپنے بھائی کے لیے استغفار کرو اور اس کے لیے ثابت قدمی کی دعا کرو؛ کیوں کہ اس سے اب سوال کیا جائے گا۔</p><p style=""text-align:justify;"">اسی طرح میت کو دفن کرنے کے بعد قبلہ رخ ہوکر ہاتھ  اٹھا کر دعا کرنا نبی کریم  صلی اللہ علیہ وسلم سے ثابت ہے، لہذا  نبی کریم صلی اللہ علیہ وسلم کی  پیروی کرتے ہوئے  قبلہ کی طرف رخ کرکے ہاتھ اٹھا کر دعا کرنا جائز ہے۔</p><p style=""text-align:justify;""> لہذا تدفین کے بعد قبر پر    قبلہ رخ ہوکر دعا کرنی چاہیے، یہ دعا انفرادًا بھی کی جاسکتی ہے، اور اجتماعًا بھی،  اور بہتر ہے کہ یہ دعا سرًّا ہو، البتہ جہرًا بھی کی جاسکتی ہے۔</p><p style=""text-align:justify;""><span class=""ar_writing"">مرقاة المفاتيح شرح مشكاة المصابيح - (5 / 452):</span></p><p class=""indent"" style=""text-align:justify;""><span class=""ar_writing"">’’عن ابن مسعود قال: والله لكأني أرى رسول الله في غزوة تبوك، وهو في قبر عبد الله ذي البجادين وأبو بكر وعمر، يقول: أدنيا مني أخاكما، وأخذه من قبل القبلة حتى أسنده في لحده، ثم خرج رسول الله وولاهما العمل، فلما فرغ من دفنه استقبل القبلة رافعاً يديه يقول: اللّٰهم إني أمسيت عنه راضياً فارض عنه، وكان ذلك ليلاً، فوالله لقد رأيتني ولوددت أني مكانه‘‘.</span></p><p style=""text-align:justify;"">  اس کے علاوہ  قبر پر اجتماعی دعا ثابت نہیں ہے؛  لہذا  اجتماعی دعا کو شریعت کا حکم سمجھ کر کرنا یا اس کا ایک خاص طریقہ پر التزام کرنا اور نہ کرنے والے کو ملامت کرنا اجتماعی دعا کو بدعت بنا دے گا اور ایسی صورت میں اس کا ترک لازم ہوگا۔ </p><p style=""text-align:justify;"">«مرقاة المفاتيح شرح مشكاة المصابيح میں ہے:</p><p class=""indent"" style=""text-align:justify;""><span class=""ar_writing"">""قال: «كان النبي صلى الله عليه وسلم إذا فرغ من دفن الميت وقف عليه، فقال: "" استغفروا لأخيكم، ثم سلوا له بالتثبيت، فإنه الآن يسأل» رواه أبو داود.""</span></p><p class=""indent"" style=""text-align:left;"">(کتاب الایمان  باب اثبات  القبر  ج نمبر ۱ ص نمبر ۲۱۶،دار الفکر)</p><p class=""indent"" style=""text-align:left;"">فقط واللہ اعلم</p></p><hr class=""big-hr""/>",03-05-2021,144209201642,banuri.edu.pk,جنائز,تدفین,میت دفن کرنے کے احکام,"<div class=""col-md-12 sawal-jawab""><h3 class=""question_heading"">سوال</h3><p><p style=""text-align:justify;"">میت کو دفن کرنے کے بعد  اجتماعی دعا کرسکتے ہیں؟</p></p><h4 class=""question_heading"">جواب</h4><p><p style=""text-align:justify;"">واضح  رہے  کہ میت  کی تدفین  کے بعد  جو  عمل احادیث میں  وارد ہے وہ یہ ہے کہ حضور ﷺ جب تدفین سے فارغ ہوتے تو قبر پر  کھڑے رہتے اور فرماتے کہ اپنے بھائی کے لیے استغفار کرو اور اس کے لیے ثابت قدمی کی دعا کرو؛ کیوں کہ اس سے اب سوال کیا جائے گا۔</p><p style=""text-align:justify;"">اسی طرح میت کو دفن کرنے کے بعد قبلہ رخ ہوکر ہاتھ  اٹھا کر دعا کرنا نبی کریم  صلی اللہ علیہ وسلم سے ثابت ہے، لہذا  نبی کریم صلی اللہ علیہ وسلم کی  پیروی کرتے ہوئے  قبلہ کی طرف رخ کرکے ہاتھ اٹھا کر دعا کرنا جائز ہے۔</p><p style=""text-align:justify;""> لہذا تدفین کے بعد قبر پر    قبلہ رخ ہوکر دعا کرنی چاہیے، یہ دعا انفرادًا بھی کی جاسکتی ہے، اور اجتماعًا بھی،  اور بہتر ہے کہ یہ دعا سرًّا ہو، البتہ جہرًا بھی کی جاسکتی ہے۔</p><p style=""text-align:justify;""><span class=""ar_writing"">مرقاة المفاتيح شرح مشكاة المصابيح - (5 / 452):</span></p><p class=""indent"" style=""text-align:justify;""><span class=""ar_writing"">’’عن ابن مسعود قال: والله لكأني أرى رسول الله في غزوة تبوك، وهو في قبر عبد الله ذي البجادين وأبو بكر وعمر، يقول: أدنيا مني أخاكما، وأخذه من قبل القبلة حتى أسنده في لحده، ثم خرج رسول الله وولاهما العمل، فلما فرغ من دفنه استقبل القبلة رافعاً يديه يقول: اللّٰهم إني أمسيت عنه راضياً فارض عنه، وكان ذلك ليلاً، فوالله لقد رأيتني ولوددت أني مكانه‘‘.</span></p><p style=""text-align:justify;"">  اس کے علاوہ  قبر پر اجتماعی دعا ثابت نہیں ہے؛  لہذا  اجتماعی دعا کو شریعت کا حکم سمجھ کر کرنا یا اس کا ایک خاص طریقہ پر التزام کرنا اور نہ کرنے والے کو ملامت کرنا اجتماعی دعا کو بدعت بنا دے گا اور ایسی صورت میں اس کا ترک لازم ہوگا۔ </p><p style=""text-align:justify;"">«مرقاة المفاتيح شرح مشكاة المصابيح میں ہے:</p><p class=""indent"" style=""text-align:justify;""><span class=""ar_writing"">""قال: «كان النبي صلى الله عليه وسلم إذا فرغ من دفن الميت وقف عليه، فقال: "" استغفروا لأخيكم، ثم سلوا له بالتثبيت، فإنه الآن يسأل» رواه أبو داود.""</span></p><p class=""indent"" style=""text-align:left;"">(کتاب الایمان  باب اثبات  القبر  ج نمبر ۱ ص نمبر ۲۱۶،دار الفکر)</p><p class=""indent"" style=""text-align:left;"">فقط واللہ اعلم</p></p><hr class=""big-hr""/><div class=""col-sm-6 col-md-6""><p class=""question_heading"" style=""color:#73161f"">فتویٰ نمبر : <a id=""fatwa_number"">144209201642</a></p></div><div class=""col-sm-6 col-md-6""><p style=""color:#73161f"">دارالافتاء :
                                جامعہ علوم اسلامیہ علامہ محمد یوسف بنوری ٹاؤن</p></div><hr class=""big-hr""/><div class=""col-sm-4 col-md-4""><div class=""tag""><a href=""https://www.banuri.edu.pk/questions/kitab/janaiz""><i class=""icon-docs-bold""></i> جنائز</a></div></div><div class=""col-sm-4 col-md-4""><div class=""tag""><a href=""https://www.banuri.edu.pk/questions/bab/tadfeen""><i class=""icon-docs-bold""></i> تدفین</a></div></div><div class=""col-sm-4 col-md-4""><div class=""tag""><a href=""https://www.banuri.edu.pk/questions/fasal/mayyat-dafan-karne-ke-ahkaam""><i class=""icon-docs-bold""></i> میت دفن کرنے کے احکام</a></div></div></div>"
https://www.banuri.edu.pk/readquestion/imam-ke-kala-khizab-lagane-ki-waja-se-ghar-pr-namaz-parhna-144209201640/03-05-2021,امام کے کالا خضاب لگانے کی وجہ سے گھر پر  نماز پڑھنا,"<p><p style=""text-align:justify;"">امام صاحب بغیر شرعی مجبوری کے داڑھی  پر  کالا خضاب  لگاتے ہیں،  ان کی جماعت کے دوران یا پہلے گھر پر اپنی نماز پڑھ  سکتے ہیں؟</p></p>","<p><p style=""text-align:justify;"">واضح رہے کہ احادیثِ مبارکہ  میں بہت کثرت سے مساجدمیں جماعت سے نماز پڑھنے کی تاکید وارد ہوئی ہے اور مسجد میں جماعت سے نماز پڑھنا سنتِ  مؤکدہ  ہے، جو حکمًا واجب ہے، اور بغیر عذر کے جماعت ترک کرنے پر آدمی گناہ گار ہوتاہے؛  لہذا صورتِ مسئولہ  میں  اگر واقعتًا امام صاحب خالص سیاہ خضاب استعمال کرتے ہوں تو کسی دوسری قریبی مسجد میں نماز پڑھنے کا اہتمام کیجیے، اور اگر قریب  میں دوسری مسجد نہ ہو تو مذکورہ امام صاحب کی اقتدا میں ہی نماز ادا کیجیے، گھر پر نماز   ادا نہ اداکیجیے،  مذکورہ امام کی جماعت سے پہلے اور نہ بعد میں۔ فقط واللہ اعلم</p></p><hr class=""big-hr""/>",03-05-2021,144209201640,banuri.edu.pk,نماز,نماز کی جماعت,جماعت کی اہمیت و فضیلت,"<div class=""col-md-12 sawal-jawab""><h3 class=""question_heading"">سوال</h3><p><p style=""text-align:justify;"">امام صاحب بغیر شرعی مجبوری کے داڑھی  پر  کالا خضاب  لگاتے ہیں،  ان کی جماعت کے دوران یا پہلے گھر پر اپنی نماز پڑھ  سکتے ہیں؟</p></p><h4 class=""question_heading"">جواب</h4><p><p style=""text-align:justify;"">واضح رہے کہ احادیثِ مبارکہ  میں بہت کثرت سے مساجدمیں جماعت سے نماز پڑھنے کی تاکید وارد ہوئی ہے اور مسجد میں جماعت سے نماز پڑھنا سنتِ  مؤکدہ  ہے، جو حکمًا واجب ہے، اور بغیر عذر کے جماعت ترک کرنے پر آدمی گناہ گار ہوتاہے؛  لہذا صورتِ مسئولہ  میں  اگر واقعتًا امام صاحب خالص سیاہ خضاب استعمال کرتے ہوں تو کسی دوسری قریبی مسجد میں نماز پڑھنے کا اہتمام کیجیے، اور اگر قریب  میں دوسری مسجد نہ ہو تو مذکورہ امام صاحب کی اقتدا میں ہی نماز ادا کیجیے، گھر پر نماز   ادا نہ اداکیجیے،  مذکورہ امام کی جماعت سے پہلے اور نہ بعد میں۔ فقط واللہ اعلم</p></p><hr class=""big-hr""/><div class=""col-sm-6 col-md-6""><p class=""question_heading"" style=""color:#73161f"">فتویٰ نمبر : <a id=""fatwa_number"">144209201640</a></p></div><div class=""col-sm-6 col-md-6""><p style=""color:#73161f"">دارالافتاء :
                                جامعہ علوم اسلامیہ علامہ محمد یوسف بنوری ٹاؤن</p></div><hr class=""big-hr""/><div class=""col-sm-4 col-md-4""><div class=""tag""><a href=""https://www.banuri.edu.pk/questions/kitab/salat""><i class=""icon-docs-bold""></i> نماز</a></div></div><div class=""col-sm-4 col-md-4""><div class=""tag""><a href=""https://www.banuri.edu.pk/questions/bab/namaz-ki-jamat""><i class=""icon-docs-bold""></i> نماز کی جماعت</a></div></div><div class=""col-sm-4 col-md-4""><div class=""tag""><a href=""https://www.banuri.edu.pk/questions/fasal/jamaat-ki-ahmyat-o-fazeelat""><i class=""icon-docs-bold""></i> جماعت کی اہمیت و فضیلت</a></div></div></div>"
https://www.banuri.edu.pk/readquestion/namaz-ke-doran-khoon-nikalne-ka-hukm-144209201624/03-05-2021,نماز کے دوران خون نکلنے کا حکم,"<p><p style=""text-align:justify;"">دورانِ  نماز یعنی صبح کی فرض نماز کی دوسری رکعت میں منہ میں ہاتھ لگانے سے خون جاری ہو گیا ہے تو نماز اور وضو ٹوٹنے کا کیا حکم ہے؟</p></p>","<p><p style=""text-align:justify;"">صورتِ  مسئولہ  میں  نماز   کے  دوران اگر  خون  نکل کر  بہہ گیا تو اس سے وضو  ٹوٹ گیا اور نماز بھی خراب ہوگئی ۔ سائل پر نئے وضو  کے  ساتھ  دوبارہ نماز پڑھنا ضروری تھا؛ کیوں کہ فرض ذمے  سے  ساقط  نہیں  ہوا تھا،  اگر  وقت  میں نماز کا اعادہ کر لیا تھا تو  ٹھیک ہے،  ورنہ اب قضا  کرلے۔</p><p style=""text-align:justify;""><span class=""ar_writing"">الفتاوى الهندية</span>  میں ہے:</p><p class=""indent"" style=""text-align:justify;""><span class=""ar_writing"">«(ومنها) ما يخرج من غير السبيلين ويسيل إلى ما يظهر من الدم والقيح والصديد والماء لعلة وحد السيلان أن يعلو فينحدر عن رأس الجرح. كذا في محيط السرخسي وهو الأصح. كذا في النهر الفائق. الدم إذا علا على رأس الجرح لا ينقض الوضوء وإن أخذ أكثر من رأس الجرح. كذا في الظهيرية والفتوى على أنه لا ينقض وضوءه في جنس هذه المسائل. كذا في المحيط.»</span></p><p class=""indent"" style=""text-align:left;"">(کتاب الطہارت ، باب اول ، فصل خامس ج نمبر ۱ ص نمبر ۱۰،دار الفکر) </p><p class=""indent"" style=""text-align:left;"">فقط واللہ اعلم</p></p><hr class=""big-hr""/>",03-05-2021,144209201624,banuri.edu.pk,طہارت,وضو,نواقض وضو,"<div class=""col-md-12 sawal-jawab""><h3 class=""question_heading"">سوال</h3><p><p style=""text-align:justify;"">دورانِ  نماز یعنی صبح کی فرض نماز کی دوسری رکعت میں منہ میں ہاتھ لگانے سے خون جاری ہو گیا ہے تو نماز اور وضو ٹوٹنے کا کیا حکم ہے؟</p></p><h4 class=""question_heading"">جواب</h4><p><p style=""text-align:justify;"">صورتِ  مسئولہ  میں  نماز   کے  دوران اگر  خون  نکل کر  بہہ گیا تو اس سے وضو  ٹوٹ گیا اور نماز بھی خراب ہوگئی ۔ سائل پر نئے وضو  کے  ساتھ  دوبارہ نماز پڑھنا ضروری تھا؛ کیوں کہ فرض ذمے  سے  ساقط  نہیں  ہوا تھا،  اگر  وقت  میں نماز کا اعادہ کر لیا تھا تو  ٹھیک ہے،  ورنہ اب قضا  کرلے۔</p><p style=""text-align:justify;""><span class=""ar_writing"">الفتاوى الهندية</span>  میں ہے:</p><p class=""indent"" style=""text-align:justify;""><span class=""ar_writing"">«(ومنها) ما يخرج من غير السبيلين ويسيل إلى ما يظهر من الدم والقيح والصديد والماء لعلة وحد السيلان أن يعلو فينحدر عن رأس الجرح. كذا في محيط السرخسي وهو الأصح. كذا في النهر الفائق. الدم إذا علا على رأس الجرح لا ينقض الوضوء وإن أخذ أكثر من رأس الجرح. كذا في الظهيرية والفتوى على أنه لا ينقض وضوءه في جنس هذه المسائل. كذا في المحيط.»</span></p><p class=""indent"" style=""text-align:left;"">(کتاب الطہارت ، باب اول ، فصل خامس ج نمبر ۱ ص نمبر ۱۰،دار الفکر) </p><p class=""indent"" style=""text-align:left;"">فقط واللہ اعلم</p></p><hr class=""big-hr""/><div class=""col-sm-6 col-md-6""><p class=""question_heading"" style=""color:#73161f"">فتویٰ نمبر : <a id=""fatwa_number"">144209201624</a></p></div><div class=""col-sm-6 col-md-6""><p style=""color:#73161f"">دارالافتاء :
                                جامعہ علوم اسلامیہ علامہ محمد یوسف بنوری ٹاؤن</p></div><hr class=""big-hr""/><div class=""col-sm-4 col-md-4""><div class=""tag""><a href=""https://www.banuri.edu.pk/questions/kitab/taharat""><i class=""icon-docs-bold""></i> طہارت</a></div></div><div class=""col-sm-4 col-md-4""><div class=""tag""><a href=""https://www.banuri.edu.pk/questions/bab/wuzu""><i class=""icon-docs-bold""></i> وضو</a></div></div><div class=""col-sm-4 col-md-4""><div class=""tag""><a href=""https://www.banuri.edu.pk/questions/fasal/nawaaqz-e-wazu""><i class=""icon-docs-bold""></i> نواقض وضو</a></div></div></div>"
https://www.banuri.edu.pk/readquestion/namazi-ke-samnay-chehra-kar-ke-bethna-144110201752/20-06-2020,نمازی کے سامنے چہرہ کر کے بیٹھنا,"<p><p style=""text-align:justify;"">اگر ایک شخص جماعت میں نمازمکمل کرنے کے بعد اپنا چہرہ پچھلی صف میں بیٹھے نماز  پڑھتے شخص کی طرف منہ کرکے بیٹھ جائے تو کیا بندہ جس نے منہ پچھلی صف کی طرف کیا گناہ گار ہوگا یا اسے کسی بھی رخ سے بیٹھے رہنے کی اجازت ہوگی؟</p></p>","<p><p style=""text-align:justify;"">واضح رہے کہ نمازی کے  چہرہ کے سامنے  چہرہ رخ ہو کر بیٹھنا مکروہ ہے اور نمازی کی طرف چہرہ کرنے والا گناہ گار ہوگا، اور اگر کوئی شخص پہلے سے ہی بیٹھا ہوا ہے تو اس کے چہرے کی طرف نماز شروع کرنا بھی مکروہ ہے اور اس صورت میں نماز شروع کرنے والا گناہ گار ہوگا۔</p><p style=""text-align:justify;"">لہٰذا صورتِ مسئولہ میں نماز سے فارغ ہوجانے والے شخص کو چاہیے کہ اپنے پیچھے والی صف میں نماز پڑھنے والوں کی طرف پیٹھ کر کے ہی بیٹھا رہے، ان کی طرف چہرہ کر کے بیٹھنا اس کے لیے مکروہ ہے اور ایسا کرنے کی صورت میں وہ گناہ گار ہوگا۔</p><p style=""text-align:justify;"">فتاویٰ شامی میں ہے:</p><p class=""indent"" style=""text-align:justify;""><span class=""ar_writing"">’’(و) لایکرہ صلاۃ إلی ظھر قاعد.</span></p><p class=""indent"" style=""text-align:justify;""><span class=""ar_writing"">قید بالظھر احترازًا عن الوجه؛ فإنھا تکرہ کما مر.‘‘ (1/ 651، ط:سعید)</span></p><p class=""indent"" style=""text-align:left;""><span class=""ar_writing"">فقط و الله أعلم</span></p></p><hr class=""big-hr""/>",20-06-2020,144110201752,banuri.edu.pk,نماز,مکروہاتِ نماز,مکروہات نماز,"<div class=""col-md-12 sawal-jawab""><h3 class=""question_heading"">سوال</h3><p><p style=""text-align:justify;"">اگر ایک شخص جماعت میں نمازمکمل کرنے کے بعد اپنا چہرہ پچھلی صف میں بیٹھے نماز  پڑھتے شخص کی طرف منہ کرکے بیٹھ جائے تو کیا بندہ جس نے منہ پچھلی صف کی طرف کیا گناہ گار ہوگا یا اسے کسی بھی رخ سے بیٹھے رہنے کی اجازت ہوگی؟</p></p><h4 class=""question_heading"">جواب</h4><p><p style=""text-align:justify;"">واضح رہے کہ نمازی کے  چہرہ کے سامنے  چہرہ رخ ہو کر بیٹھنا مکروہ ہے اور نمازی کی طرف چہرہ کرنے والا گناہ گار ہوگا، اور اگر کوئی شخص پہلے سے ہی بیٹھا ہوا ہے تو اس کے چہرے کی طرف نماز شروع کرنا بھی مکروہ ہے اور اس صورت میں نماز شروع کرنے والا گناہ گار ہوگا۔</p><p style=""text-align:justify;"">لہٰذا صورتِ مسئولہ میں نماز سے فارغ ہوجانے والے شخص کو چاہیے کہ اپنے پیچھے والی صف میں نماز پڑھنے والوں کی طرف پیٹھ کر کے ہی بیٹھا رہے، ان کی طرف چہرہ کر کے بیٹھنا اس کے لیے مکروہ ہے اور ایسا کرنے کی صورت میں وہ گناہ گار ہوگا۔</p><p style=""text-align:justify;"">فتاویٰ شامی میں ہے:</p><p class=""indent"" style=""text-align:justify;""><span class=""ar_writing"">’’(و) لایکرہ صلاۃ إلی ظھر قاعد.</span></p><p class=""indent"" style=""text-align:justify;""><span class=""ar_writing"">قید بالظھر احترازًا عن الوجه؛ فإنھا تکرہ کما مر.‘‘ (1/ 651، ط:سعید)</span></p><p class=""indent"" style=""text-align:left;""><span class=""ar_writing"">فقط و الله أعلم</span></p></p><hr class=""big-hr""/><div class=""col-sm-6 col-md-6""><p class=""question_heading"" style=""color:#73161f"">فتویٰ نمبر : <a id=""fatwa_number"">144110201752</a></p></div><div class=""col-sm-6 col-md-6""><p style=""color:#73161f"">دارالافتاء :
                                جامعہ علوم اسلامیہ علامہ محمد یوسف بنوری ٹاؤن</p></div><hr class=""big-hr""/><div class=""col-sm-4 col-md-4""><div class=""tag""><a href=""https://www.banuri.edu.pk/questions/kitab/salat""><i class=""icon-docs-bold""></i> نماز</a></div></div><div class=""col-sm-4 col-md-4""><div class=""tag""><a href=""https://www.banuri.edu.pk/questions/bab/makrohat-e-namaz""><i class=""icon-docs-bold""></i> مکروہاتِ نماز</a></div></div><div class=""col-sm-4 col-md-4""><div class=""tag""><a href=""https://www.banuri.edu.pk/questions/fasal/makrohat-e-namaz""><i class=""icon-docs-bold""></i> مکروہات نماز</a></div></div></div>"
https://www.banuri.edu.pk/readquestion/jald-shadi-ka-wazeefa-144108200514/02-04-2020,جلد شادی کا وظیفہ,"<p><p style=""text-align:justify;"">میری اور میرے  دو بھائیوں کی منگنی کو   پانچ سال ہوگئے ہیں  اور ابھی تک  نکاح کے اسباب برابر نہیں ہوئے، تمام گھر والے بہت پریشان ہیں، برائے مہربانی کوئی مجرب وظیفہ یا کوئی عمل بتائیں؛ تاکہ شرعی طریقہ سے شادی کا اہتمام ہوجائے۔</p></p>","<p><p style=""text-align:justify;"">نمازعشاء کے بعد اول وآخر گیارہ گیارہ مرتبہ درود شریف اوردرمیان میں گیارہ سومرتبہ <span class=""qr_writing"">’’یاَلَطِیْفُ‘‘</span> پڑھ کراللہ تعالیٰ سے  دعاکریں۔(آپ کے مسائل اور ان کا حل4/251،مکتبہ لدھیانوی)</p><p style=""text-align:justify;"">نیز   صبح و شام ایک ایک مرتبہ سورہ واقعہ اور سورہ طارق پڑھنے کا معمول بھی بنالیجیے۔</p><p style=""text-align:justify;"">سادگی اختیار کریں، بے جا و غیر ضروری اخراجات سے اجتناب کریں، رسول اللہ صلی اللہ علیہ وسلم کا ارشاد گرامی ہے کہ:  سب سے بابرکت نکاح وہ ہے جس میں مشقت کم سے کم ہو، لہذا اسباب جمع ہونے کی فکر و انتظار کے  بجائے، نکاح و رخصتی کرلی جائے،  مقدر میں جتنا ملنا لکھا ہے، وہ ملتا رہے گا۔ فقط واللہ اعلم</p></p><hr class=""big-hr""/>",02-04-2020,144108200514,banuri.edu.pk,علوم و فنون,دعائیں، اوراد اور وظائف,اوراد ووظائف,"<div class=""col-md-12 sawal-jawab""><h3 class=""question_heading"">سوال</h3><p><p style=""text-align:justify;"">میری اور میرے  دو بھائیوں کی منگنی کو   پانچ سال ہوگئے ہیں  اور ابھی تک  نکاح کے اسباب برابر نہیں ہوئے، تمام گھر والے بہت پریشان ہیں، برائے مہربانی کوئی مجرب وظیفہ یا کوئی عمل بتائیں؛ تاکہ شرعی طریقہ سے شادی کا اہتمام ہوجائے۔</p></p><h4 class=""question_heading"">جواب</h4><p><p style=""text-align:justify;"">نمازعشاء کے بعد اول وآخر گیارہ گیارہ مرتبہ درود شریف اوردرمیان میں گیارہ سومرتبہ <span class=""qr_writing"">’’یاَلَطِیْفُ‘‘</span> پڑھ کراللہ تعالیٰ سے  دعاکریں۔(آپ کے مسائل اور ان کا حل4/251،مکتبہ لدھیانوی)</p><p style=""text-align:justify;"">نیز   صبح و شام ایک ایک مرتبہ سورہ واقعہ اور سورہ طارق پڑھنے کا معمول بھی بنالیجیے۔</p><p style=""text-align:justify;"">سادگی اختیار کریں، بے جا و غیر ضروری اخراجات سے اجتناب کریں، رسول اللہ صلی اللہ علیہ وسلم کا ارشاد گرامی ہے کہ:  سب سے بابرکت نکاح وہ ہے جس میں مشقت کم سے کم ہو، لہذا اسباب جمع ہونے کی فکر و انتظار کے  بجائے، نکاح و رخصتی کرلی جائے،  مقدر میں جتنا ملنا لکھا ہے، وہ ملتا رہے گا۔ فقط واللہ اعلم</p></p><hr class=""big-hr""/><div class=""col-sm-6 col-md-6""><p class=""question_heading"" style=""color:#73161f"">فتویٰ نمبر : <a id=""fatwa_number"">144108200514</a></p></div><div class=""col-sm-6 col-md-6""><p style=""color:#73161f"">دارالافتاء :
                                جامعہ علوم اسلامیہ علامہ محمد یوسف بنوری ٹاؤن</p></div><hr class=""big-hr""/><div class=""col-sm-4 col-md-4""><div class=""tag""><a href=""https://www.banuri.edu.pk/questions/kitab/uloom-funoon""><i class=""icon-docs-bold""></i> علوم و فنون</a></div></div><div class=""col-sm-4 col-md-4""><div class=""tag""><a href=""https://www.banuri.edu.pk/questions/bab/adeya-azkar""><i class=""icon-docs-bold""></i> دعائیں، اوراد اور وظائف</a></div></div><div class=""col-sm-4 col-md-4""><div class=""tag""><a href=""https://www.banuri.edu.pk/questions/fasal/aurad-o-wzaif""><i class=""icon-docs-bold""></i> اوراد ووظائف</a></div></div></div>"
https://www.banuri.edu.pk/readquestion/saqa-detay-wakt-tasveer-kheenchna-144108200528/02-04-2020,صدقہ دیتے وقت تصویر کشی کرنا,"<p><p style=""text-align:justify;"">بعض لوگ صدقہ دیتے ہیں، لیکن جس کو دیتے ہیں اس کے ساتھ تصویر  نکال کر نیٹ پر شائع کردیتے ہیں؛ تاکہ دنیا ہمیں دیکھ سکے، تو کیا یہ گناہ ہے یا نہیں ؟کیا اس آدمی کو ثواب ملتا ہے یا نہیں ؟</p></p>","<p><p style=""text-align:justify;"">عمومی اَحوال میں صدقاتِ واجبہ، جیسے زکات، فطرانہ وغیرہ ظاہر کرکے دینے کی اجازت ہے، لیکن صدقاتِ نافلہ پوشیدہ دینے چاہییں؛ تاکہ ریا کاری پیدا نہ ہو۔ البتہ بعض مواقع پر صدقۂ واجبہ کا  اِخفا لازم ہوگا، (مثلاً: ریا کا اندیشہ ہو یا سفید پوش کی پردہ دری یا تحقیر کا پہلو نکلتاہو، یا تصویر کشی کے ساتھ دیا جارہاہو)، اسی طرح بعض اوقات  دوسروں  کی ترغیب کی نیت سے یا کسی اور مصلحت کے پیشِ نظر  نفلی صدقہ ظاہر کرکے بھی دیا جا سکتا ہے، بشرطیکہ ریاکاری پیدا ہونے کا خطرہ نہ ہو۔ الغرض اَحوال کے اعتبار سے اس کی افضلیت بدل سکتی ہے، تاہم صدقہ دیتے وقت تصویر کشی کرنا کسی بھی صورت میں جائز نہیں؛ کیوں کہ جان دار کی تصویر کشی شریعتِ مطہرہ کی رو سے ناجائز اور سخت گناہ کا باعث ہے، اس لیے تصویر کشی سے قطعی طور پر اجتناب ضروری ہے۔</p><p style=""text-align:justify;"">چناں چہ صحیح بخاری شریف میں ہے :</p><p class=""indent"" style=""text-align:justify;""><span class=""ar_writing"">’’عَنْ أَبِي هُرَيْرَةَ ، رَضِيَ اللَّهُ عَنْهُ ، عَنِ النَّبِيِّ صلى الله عليه وسلم قَالَ : سَبْعَةٌ يُظِلُّهُمُ اللَّهُ تَعَالَى فِي ظِلِّهِ يَوْمَ لاَ ظِلَّ إِلاَّ ظِلُّهُ: إِمَامٌ عَدْلٌ، وَشَابٌّ نَشَأَ فِي عِبَادَةِ اللهِ، وَرَجُلٌ قَلْبُهُ مُعَلَّقٌ فِي الْمَسَاجِدِ، وَرَجُلاَنِ تَحَابَّا فِي اللهِ اجْتَمَعَا عَلَيْهِ وَتَفَرَّقَا عَلَيْهِ، وَرَجُلٌ دَعَتْهُ امْرَأَةٌ ذَاتُ مَنْصِبٍ وَجَمَالٍ؛ فَقَالَ: إِنِّي أَخَافُ اللَّهَ، وَرَجُلٌ تَصَدَّقَ بِصَدَقَةٍ فَأَخْفَاهَا حَتَّى لاَتَعْلَمَ شِمَالُهُ مَا تُنْفِقُ يَمِينُهُ، وَرَجُلٌ ذَكَرَ اللَّهَ خَالِيًا فَفَاضَتْ عَيْنَاهُ.‘‘</span></p><p class=""indent"" style=""text-align:left;""><span class=""ar_writing"">(باب الصدقۃ بالیمین،2/138)</span></p><p class=""indent"" style=""text-align:justify;"">ترجمہ: ابوہریرہ نبی صلی اللہ علیہ وآلہ وسلم سے روایت کرتے ہیں کہ آپ صلی اللہ علیہ وآلہ وسلم نے فرمایا:  سات آدمیوں کو اللہ اپنے سائے میں رکھے گا جس دن کہ سوائے اس کے سائے کے اور کوئی سایہ نہ ہوگا : حاکمِ عادل، اور وہ شخص جس کا دل مسجدوں میں لگا رہتا ہو، اور وہ دو اشخاص جو باہم صرف اللہ کے لیے دوستی کریں جب جمع ہوں تو اسی کے لیے اور جب جدا ہوں تو اسی کے لیے، اور وہ شخص جس کو کوئی منصب اور جمال والی عورت زنا کے لیے بلائے اور وہ یہ کہہ دے کہ میں اللہ سے ڈرتا ہوں اس لیے نہیں آسکتا، اور وہ شخص جو چھپا کر صدقہ دے یہاں تک کہ اس کے بائیں ہاتھ کو بھی معلوم نہ ہو کہ اس کے داہنے ہاتھ نے کیا خرچ کیا، اور وہ شخص جو خلوت میں اللہ کو یاد کرے اور اس کی آنکھیں آنسوؤں سے تر ہو جائیں۔</p><p style=""text-align:justify;""><span class=""ar_writing"">المعجم الأوسط - (3 / 378):</span></p><p class=""indent"" style=""text-align:justify;""><span class=""ar_writing"">""عن بهز بن أ حكيم عن أبيه عن جده عن النبي صلى الله عليه و سلم قال: إن صدقة السر تطفئ غضب الرب تبارك وتعالى"".</span></p><p style=""text-align:justify;"">مسلم شریف میں ہے:</p><p class=""indent"" style=""text-align:justify;""><span class=""ar_writing"">""92 - (2107)""عن عبد الرحمن بن القاسم ، عن أبيه ، أنه سمع عائشة ، تقول:‏‏‏‏ دخل علي رسول الله صلى الله عليه وسلم و قد سترت سهوةً لي بقرام فيه تماثيل، ‏‏‏‏‏‏فلما رآه هتكه وتلون وجهه، ‏‏‏‏‏‏وقال: يا عائشة:‏‏‏‏ "" أشد الناس عذاباً عند الله يوم القيامة الذين يضاهون بخلق الله ""، ‏‏‏‏‏‏قالت عائشة:‏‏‏‏ فقطعناه، ‏‏‏‏‏‏فجعلنا منه وسادةً أو وسادتين.""</span></p><p class=""indent"" style=""text-align:left;""><span class=""ar_writing"">(صحيح مسلم (3 / 1668),باب لا تدخل الملائكة بيتا فيه كلب ولا صورة) </span></p><p class=""indent"" style=""text-align:justify;"">ترجمہ: ام المؤمنین سیدہ عائشہ رضی اللہ عنہا سے روایت ہے، رسول اللہ صلی اللہ علیہ وسلم میرے پاس آئے اور میں نے ایک طاق یا مچان کو اپنے ایک پردے سے ڈھانکا تھا جس میں تصویریں تھیں،  جب آپ صلی اللہ علیہ وسلم نے یہ دیکھا تو اس کو پھاڑ ڈالا اور آپ صلی اللہ علیہ وسلم کے چہرے کا رنگ بدل گیا،  آپ صلی اللہ علیہ وسلم نے فرمایا: ”اے عائشہ! سب سے زیادہ سخت عذاب قیامت میں ان لوگوں کو ہو گا جو اللہ کی مخلوق کی شکل بناتے ہیں۔‘‘  سیدہ عائشہ رضی اللہ عنہا  فرماتی ہیں:  میں نے اس کو کاٹ کر ایک تکیہ بنایا یا دو تکیے بنائے۔</p><p class=""indent"" style=""text-align:justify;""><span class=""ar_writing"">97 - (2108)""عن نافع ، أن ابن عمر أخبره، ‏‏‏‏‏‏أن رسول الله صلى الله عليه وسلم، ‏‏‏‏‏‏قال:‏‏‏‏ "" الذين يصنعون الصور يعذبون يوم القيامة، يقال لهم: أحيوا ما خلقتم "".</span></p><p class=""indent"" style=""text-align:left;""><span class=""ar_writing"">(صحيح مسلم (3 / 1669), الباب المذكور)</span></p><p class=""indent"" style=""text-align:justify;"">ترجمہ: سیدنا عبداللہ بن عمر رضی اللہ عنہما سے روایت ہے، رسول اللہ صلی اللہ علیہ وسلم نے فرمایا: ”جو لوگ مورتیں بناتے ہیں ان کو قیامت میں عذاب ہو گا، ان سے کہا جائے گا جِلاؤ  ان کو جن کو تم نے بنایا۔“</p><p class=""indent"" style=""text-align:justify;""><span class=""ar_writing"">98 - (2109)""عن مسروق ، عن عبد الله ، قال:‏‏‏‏ قال رسول الله صلى الله عليه وسلم:‏‏‏‏ "" إن أشد الناس عذاباً يوم القيامة المصورون "".</span></p><p class=""indent"" style=""text-align:justify;"">ترجمہ: سیدنا عبداللہ بن مسعود رضی اللہ عنہ سے روایت ہے، رسول اللہ صلی اللہ علیہ وسلم نے فرمایا: ”سب سے زیادہ سخت عذاب قیامت میں تصویر بنانے والوں کو ہو گا۔“</p><p class=""indent"" style=""text-align:justify;""><span class=""ar_writing"">99 - (2110)""عن سعيد بن أبي الحسن ، قال:‏‏‏‏ جاء رجل إلى ابن عباس ، فقال:‏‏‏‏ إني رجل أصور هذه الصور فأفتني فيها؟ فقال له:‏‏‏‏ ادن مني، فدنا منه، ‏‏‏‏‏‏ثم قال:‏‏‏‏ ادن مني، فدنا حتى وضع يده على رأسه، ‏‏‏‏‏‏قال:‏‏‏‏ أنبئك بما سمعت من رسول الله صلى الله عليه وسلم، ‏‏‏‏‏‏سمعت رسول الله صلى الله عليه وسلم، ‏‏‏‏‏‏يقول:‏‏‏‏ "" كل مصور في النار يجعل له بكل صورة صورها نفساً فتعذبه في جهنم ""، ‏‏‏‏‏‏وقال:‏‏‏‏ إن كنت لا بد فاعلاً فاصنع الشجر، ‏‏‏‏‏‏وما لا نفس له"".</span></p><p class=""indent"" style=""text-align:justify;"">ترجمہ: سعید بن ابی الحسن سے روایت ہے، ایک شخص عبداللہ بن عباس رضی اللہ عنہما کے پاس آیا اور کہنے لگا: میں تصویر بنانے والا ہوں تو اس کا کیا حکم ہے بیان کیجیے مجھ سے؟ سیدنا ابن عباس رضی اللہ عنہما نے کہا: میرے قریب ہو، وہ ہوگیا، پھر انہوں نے کہا: قریب ہوجاؤ، چناں چہ وہ اور نزدیک ہوگیا یہاں تک کہ سیدنا ابن عباس رضی اللہ عنہما نے اپنا ہاتھ اس کے سر پر رکھا اور کہا: میں تجھ سے کہتا ہوں وہ جو میں نے سنا ہے رسول اللہ صلی اللہ علیہ وسلم سے، میں نے سنا آپ صلی اللہ علیہ وسلم فرماتے تھے: ”ہر ایک تصویر بنانے والا جہنم میں جائے گا اور ہر ایک تصویر کے بدل ایک جان دار بنایا جائے گا جو تکلیف دے گا اس کو جہنم میں۔“ اور سیدنا ابن عباس رضی اللہ عنہما نے کہا: اگر تو نے بنانا ہی ہے تو درخت کی یا کسی اور بےجان چیز کی تصویر بنا۔</p><p class=""indent"" style=""text-align:justify;""><span class=""ar_writing"">100 - (2110)""عن النضر بن أنس بن مالك ، قال:‏‏‏‏ كنت جالساً عند ابن عباس، ‏‏‏‏‏‏فجعل يفتي، ‏‏‏‏‏‏لايقول:‏‏‏‏ قال رسول الله صلى الله عليه وسلم حتى سأله رجل، ‏‏‏‏‏‏فقال:‏‏‏‏ إني رجل أصور هذه الصور، ‏‏‏‏‏‏فقال له ابن عباس:‏‏‏‏ ادنه فدنا الرجل، ‏‏‏‏‏‏فقال ابن عباس : سمعت رسول الله صلى الله عليه وسلم، ‏‏‏‏‏‏يقول:‏‏‏‏ "" من صور صورة في الدنيا كلف أن ينفخ فيها الروح يوم القيامة، ‏‏‏‏‏‏وليس بنافخ"".</span></p><p class=""indent"" style=""text-align:justify;"">ترجمہ: سیدنا نضر بن انس بن مالک رضی اللہ عنہ سے روایت ہے، میں سیدنا عبداللہ بن عباس رضی اللہ عنہما کے پاس بیٹھا ہوا تھا وہ فتویٰ دیتے تھے اور حدیث نہیں بیان کرتے تھے۔ یہاں تک کہ ایک شخص نے پوچھا: میں مصور ہوں، سیدنا ابن عباس رضی اللہ عنہما نے کہا: میرے پاس آ، وہ پاس آیا سیدنا ابن عباس رضی اللہ عنہما نے کہا: میں نے رسول اللہ صلی اللہ علیہ وسلم سے سنا آپ صلی اللہ علیہ وسلم فرماتے تھے: ”جو شخص دنیا میں تصویر بنائے اس کو قیامت میں تکلیف دی جائے گی اس میں جان ڈالنے کی اور وہ جان نہ ڈال سکے گا۔“</p><p class=""indent"" style=""text-align:left;"">فقط واللہ اعلم</p></p><hr class=""big-hr""/>",02-04-2020,144108200528,banuri.edu.pk,زکات,زکوٰۃ / صدقات,نفلی صدقات,"<div class=""col-md-12 sawal-jawab""><h3 class=""question_heading"">سوال</h3><p><p style=""text-align:justify;"">بعض لوگ صدقہ دیتے ہیں، لیکن جس کو دیتے ہیں اس کے ساتھ تصویر  نکال کر نیٹ پر شائع کردیتے ہیں؛ تاکہ دنیا ہمیں دیکھ سکے، تو کیا یہ گناہ ہے یا نہیں ؟کیا اس آدمی کو ثواب ملتا ہے یا نہیں ؟</p></p><h4 class=""question_heading"">جواب</h4><p><p style=""text-align:justify;"">عمومی اَحوال میں صدقاتِ واجبہ، جیسے زکات، فطرانہ وغیرہ ظاہر کرکے دینے کی اجازت ہے، لیکن صدقاتِ نافلہ پوشیدہ دینے چاہییں؛ تاکہ ریا کاری پیدا نہ ہو۔ البتہ بعض مواقع پر صدقۂ واجبہ کا  اِخفا لازم ہوگا، (مثلاً: ریا کا اندیشہ ہو یا سفید پوش کی پردہ دری یا تحقیر کا پہلو نکلتاہو، یا تصویر کشی کے ساتھ دیا جارہاہو)، اسی طرح بعض اوقات  دوسروں  کی ترغیب کی نیت سے یا کسی اور مصلحت کے پیشِ نظر  نفلی صدقہ ظاہر کرکے بھی دیا جا سکتا ہے، بشرطیکہ ریاکاری پیدا ہونے کا خطرہ نہ ہو۔ الغرض اَحوال کے اعتبار سے اس کی افضلیت بدل سکتی ہے، تاہم صدقہ دیتے وقت تصویر کشی کرنا کسی بھی صورت میں جائز نہیں؛ کیوں کہ جان دار کی تصویر کشی شریعتِ مطہرہ کی رو سے ناجائز اور سخت گناہ کا باعث ہے، اس لیے تصویر کشی سے قطعی طور پر اجتناب ضروری ہے۔</p><p style=""text-align:justify;"">چناں چہ صحیح بخاری شریف میں ہے :</p><p class=""indent"" style=""text-align:justify;""><span class=""ar_writing"">’’عَنْ أَبِي هُرَيْرَةَ ، رَضِيَ اللَّهُ عَنْهُ ، عَنِ النَّبِيِّ صلى الله عليه وسلم قَالَ : سَبْعَةٌ يُظِلُّهُمُ اللَّهُ تَعَالَى فِي ظِلِّهِ يَوْمَ لاَ ظِلَّ إِلاَّ ظِلُّهُ: إِمَامٌ عَدْلٌ، وَشَابٌّ نَشَأَ فِي عِبَادَةِ اللهِ، وَرَجُلٌ قَلْبُهُ مُعَلَّقٌ فِي الْمَسَاجِدِ، وَرَجُلاَنِ تَحَابَّا فِي اللهِ اجْتَمَعَا عَلَيْهِ وَتَفَرَّقَا عَلَيْهِ، وَرَجُلٌ دَعَتْهُ امْرَأَةٌ ذَاتُ مَنْصِبٍ وَجَمَالٍ؛ فَقَالَ: إِنِّي أَخَافُ اللَّهَ، وَرَجُلٌ تَصَدَّقَ بِصَدَقَةٍ فَأَخْفَاهَا حَتَّى لاَتَعْلَمَ شِمَالُهُ مَا تُنْفِقُ يَمِينُهُ، وَرَجُلٌ ذَكَرَ اللَّهَ خَالِيًا فَفَاضَتْ عَيْنَاهُ.‘‘</span></p><p class=""indent"" style=""text-align:left;""><span class=""ar_writing"">(باب الصدقۃ بالیمین،2/138)</span></p><p class=""indent"" style=""text-align:justify;"">ترجمہ: ابوہریرہ نبی صلی اللہ علیہ وآلہ وسلم سے روایت کرتے ہیں کہ آپ صلی اللہ علیہ وآلہ وسلم نے فرمایا:  سات آدمیوں کو اللہ اپنے سائے میں رکھے گا جس دن کہ سوائے اس کے سائے کے اور کوئی سایہ نہ ہوگا : حاکمِ عادل، اور وہ شخص جس کا دل مسجدوں میں لگا رہتا ہو، اور وہ دو اشخاص جو باہم صرف اللہ کے لیے دوستی کریں جب جمع ہوں تو اسی کے لیے اور جب جدا ہوں تو اسی کے لیے، اور وہ شخص جس کو کوئی منصب اور جمال والی عورت زنا کے لیے بلائے اور وہ یہ کہہ دے کہ میں اللہ سے ڈرتا ہوں اس لیے نہیں آسکتا، اور وہ شخص جو چھپا کر صدقہ دے یہاں تک کہ اس کے بائیں ہاتھ کو بھی معلوم نہ ہو کہ اس کے داہنے ہاتھ نے کیا خرچ کیا، اور وہ شخص جو خلوت میں اللہ کو یاد کرے اور اس کی آنکھیں آنسوؤں سے تر ہو جائیں۔</p><p style=""text-align:justify;""><span class=""ar_writing"">المعجم الأوسط - (3 / 378):</span></p><p class=""indent"" style=""text-align:justify;""><span class=""ar_writing"">""عن بهز بن أ حكيم عن أبيه عن جده عن النبي صلى الله عليه و سلم قال: إن صدقة السر تطفئ غضب الرب تبارك وتعالى"".</span></p><p style=""text-align:justify;"">مسلم شریف میں ہے:</p><p class=""indent"" style=""text-align:justify;""><span class=""ar_writing"">""92 - (2107)""عن عبد الرحمن بن القاسم ، عن أبيه ، أنه سمع عائشة ، تقول:‏‏‏‏ دخل علي رسول الله صلى الله عليه وسلم و قد سترت سهوةً لي بقرام فيه تماثيل، ‏‏‏‏‏‏فلما رآه هتكه وتلون وجهه، ‏‏‏‏‏‏وقال: يا عائشة:‏‏‏‏ "" أشد الناس عذاباً عند الله يوم القيامة الذين يضاهون بخلق الله ""، ‏‏‏‏‏‏قالت عائشة:‏‏‏‏ فقطعناه، ‏‏‏‏‏‏فجعلنا منه وسادةً أو وسادتين.""</span></p><p class=""indent"" style=""text-align:left;""><span class=""ar_writing"">(صحيح مسلم (3 / 1668),باب لا تدخل الملائكة بيتا فيه كلب ولا صورة) </span></p><p class=""indent"" style=""text-align:justify;"">ترجمہ: ام المؤمنین سیدہ عائشہ رضی اللہ عنہا سے روایت ہے، رسول اللہ صلی اللہ علیہ وسلم میرے پاس آئے اور میں نے ایک طاق یا مچان کو اپنے ایک پردے سے ڈھانکا تھا جس میں تصویریں تھیں،  جب آپ صلی اللہ علیہ وسلم نے یہ دیکھا تو اس کو پھاڑ ڈالا اور آپ صلی اللہ علیہ وسلم کے چہرے کا رنگ بدل گیا،  آپ صلی اللہ علیہ وسلم نے فرمایا: ”اے عائشہ! سب سے زیادہ سخت عذاب قیامت میں ان لوگوں کو ہو گا جو اللہ کی مخلوق کی شکل بناتے ہیں۔‘‘  سیدہ عائشہ رضی اللہ عنہا  فرماتی ہیں:  میں نے اس کو کاٹ کر ایک تکیہ بنایا یا دو تکیے بنائے۔</p><p class=""indent"" style=""text-align:justify;""><span class=""ar_writing"">97 - (2108)""عن نافع ، أن ابن عمر أخبره، ‏‏‏‏‏‏أن رسول الله صلى الله عليه وسلم، ‏‏‏‏‏‏قال:‏‏‏‏ "" الذين يصنعون الصور يعذبون يوم القيامة، يقال لهم: أحيوا ما خلقتم "".</span></p><p class=""indent"" style=""text-align:left;""><span class=""ar_writing"">(صحيح مسلم (3 / 1669), الباب المذكور)</span></p><p class=""indent"" style=""text-align:justify;"">ترجمہ: سیدنا عبداللہ بن عمر رضی اللہ عنہما سے روایت ہے، رسول اللہ صلی اللہ علیہ وسلم نے فرمایا: ”جو لوگ مورتیں بناتے ہیں ان کو قیامت میں عذاب ہو گا، ان سے کہا جائے گا جِلاؤ  ان کو جن کو تم نے بنایا۔“</p><p class=""indent"" style=""text-align:justify;""><span class=""ar_writing"">98 - (2109)""عن مسروق ، عن عبد الله ، قال:‏‏‏‏ قال رسول الله صلى الله عليه وسلم:‏‏‏‏ "" إن أشد الناس عذاباً يوم القيامة المصورون "".</span></p><p class=""indent"" style=""text-align:justify;"">ترجمہ: سیدنا عبداللہ بن مسعود رضی اللہ عنہ سے روایت ہے، رسول اللہ صلی اللہ علیہ وسلم نے فرمایا: ”سب سے زیادہ سخت عذاب قیامت میں تصویر بنانے والوں کو ہو گا۔“</p><p class=""indent"" style=""text-align:justify;""><span class=""ar_writing"">99 - (2110)""عن سعيد بن أبي الحسن ، قال:‏‏‏‏ جاء رجل إلى ابن عباس ، فقال:‏‏‏‏ إني رجل أصور هذه الصور فأفتني فيها؟ فقال له:‏‏‏‏ ادن مني، فدنا منه، ‏‏‏‏‏‏ثم قال:‏‏‏‏ ادن مني، فدنا حتى وضع يده على رأسه، ‏‏‏‏‏‏قال:‏‏‏‏ أنبئك بما سمعت من رسول الله صلى الله عليه وسلم، ‏‏‏‏‏‏سمعت رسول الله صلى الله عليه وسلم، ‏‏‏‏‏‏يقول:‏‏‏‏ "" كل مصور في النار يجعل له بكل صورة صورها نفساً فتعذبه في جهنم ""، ‏‏‏‏‏‏وقال:‏‏‏‏ إن كنت لا بد فاعلاً فاصنع الشجر، ‏‏‏‏‏‏وما لا نفس له"".</span></p><p class=""indent"" style=""text-align:justify;"">ترجمہ: سعید بن ابی الحسن سے روایت ہے، ایک شخص عبداللہ بن عباس رضی اللہ عنہما کے پاس آیا اور کہنے لگا: میں تصویر بنانے والا ہوں تو اس کا کیا حکم ہے بیان کیجیے مجھ سے؟ سیدنا ابن عباس رضی اللہ عنہما نے کہا: میرے قریب ہو، وہ ہوگیا، پھر انہوں نے کہا: قریب ہوجاؤ، چناں چہ وہ اور نزدیک ہوگیا یہاں تک کہ سیدنا ابن عباس رضی اللہ عنہما نے اپنا ہاتھ اس کے سر پر رکھا اور کہا: میں تجھ سے کہتا ہوں وہ جو میں نے سنا ہے رسول اللہ صلی اللہ علیہ وسلم سے، میں نے سنا آپ صلی اللہ علیہ وسلم فرماتے تھے: ”ہر ایک تصویر بنانے والا جہنم میں جائے گا اور ہر ایک تصویر کے بدل ایک جان دار بنایا جائے گا جو تکلیف دے گا اس کو جہنم میں۔“ اور سیدنا ابن عباس رضی اللہ عنہما نے کہا: اگر تو نے بنانا ہی ہے تو درخت کی یا کسی اور بےجان چیز کی تصویر بنا۔</p><p class=""indent"" style=""text-align:justify;""><span class=""ar_writing"">100 - (2110)""عن النضر بن أنس بن مالك ، قال:‏‏‏‏ كنت جالساً عند ابن عباس، ‏‏‏‏‏‏فجعل يفتي، ‏‏‏‏‏‏لايقول:‏‏‏‏ قال رسول الله صلى الله عليه وسلم حتى سأله رجل، ‏‏‏‏‏‏فقال:‏‏‏‏ إني رجل أصور هذه الصور، ‏‏‏‏‏‏فقال له ابن عباس:‏‏‏‏ ادنه فدنا الرجل، ‏‏‏‏‏‏فقال ابن عباس : سمعت رسول الله صلى الله عليه وسلم، ‏‏‏‏‏‏يقول:‏‏‏‏ "" من صور صورة في الدنيا كلف أن ينفخ فيها الروح يوم القيامة، ‏‏‏‏‏‏وليس بنافخ"".</span></p><p class=""indent"" style=""text-align:justify;"">ترجمہ: سیدنا نضر بن انس بن مالک رضی اللہ عنہ سے روایت ہے، میں سیدنا عبداللہ بن عباس رضی اللہ عنہما کے پاس بیٹھا ہوا تھا وہ فتویٰ دیتے تھے اور حدیث نہیں بیان کرتے تھے۔ یہاں تک کہ ایک شخص نے پوچھا: میں مصور ہوں، سیدنا ابن عباس رضی اللہ عنہما نے کہا: میرے پاس آ، وہ پاس آیا سیدنا ابن عباس رضی اللہ عنہما نے کہا: میں نے رسول اللہ صلی اللہ علیہ وسلم سے سنا آپ صلی اللہ علیہ وسلم فرماتے تھے: ”جو شخص دنیا میں تصویر بنائے اس کو قیامت میں تکلیف دی جائے گی اس میں جان ڈالنے کی اور وہ جان نہ ڈال سکے گا۔“</p><p class=""indent"" style=""text-align:left;"">فقط واللہ اعلم</p></p><hr class=""big-hr""/><div class=""col-sm-6 col-md-6""><p class=""question_heading"" style=""color:#73161f"">فتویٰ نمبر : <a id=""fatwa_number"">144108200528</a></p></div><div class=""col-sm-6 col-md-6""><p style=""color:#73161f"">دارالافتاء :
                                جامعہ علوم اسلامیہ علامہ محمد یوسف بنوری ٹاؤن</p></div><hr class=""big-hr""/><div class=""col-sm-4 col-md-4""><div class=""tag""><a href=""https://www.banuri.edu.pk/questions/kitab/zakat""><i class=""icon-docs-bold""></i> زکات</a></div></div><div class=""col-sm-4 col-md-4""><div class=""tag""><a href=""https://www.banuri.edu.pk/questions/bab/zakat-sadaqat""><i class=""icon-docs-bold""></i> زکوٰۃ / صدقات</a></div></div><div class=""col-sm-4 col-md-4""><div class=""tag""><a href=""https://www.banuri.edu.pk/questions/fasal/nafli-sadaqat""><i class=""icon-docs-bold""></i> نفلی صدقات</a></div></div></div>"
https://www.banuri.edu.pk/readquestion/do-mah-ka-hamal-zaya-hojae-tu-nifas-ka-hukum-144108200530/02-04-2020,دو ماہ کا حمل ضائع ہوجائے تو نفاس کا حکم,"<p><p style=""text-align:justify;""> ایک  عورت جس کا کسی طبعی وجوہات پر حمل ساقط (اوبورشن) ہوگیا ہو،  وہ بھی 2ماہ کا حمل،  ایسی عورت کے لیے  پاکی کا شرعی حکم کتنے دن کا ہے؟جب کہ بچے کی پیدائش کے بعد تو  چالیس دن کی عام بات ہے  ۔مندرجہ بالا صورت میں پاکی کے  وقت کا تعین درکار ہے!</p></p>","<p><p style=""text-align:justify;"">حاملہ عورت کا حمل ضائع ہونے کی صورت میں نفاس کا حکم یہ ہے کہ اگر بچے کے اعضاء میں سے کسی عضو (مثلاً: ہاتھ، پیر ،انگلی یا ناخن وغیرہ) کی بناوٹ ظاہر ہوچکی ہو تو یہ عورت نفاس والی ہوجائے گی، اس حمل کے ساقط  ہونے کے بعد نظر آنے والا خون نفاس کا خون کہلائے گا، لیکن اگر بچے کے اعضاء میں سے کسی بھی عضو کی بناوٹ ظاہر نہ ہوئی ہو تو پھر اس کا کوئی اعتبار نہیں ہے، یعنی عورت نفاس والی نہیں بنے گی اور  اس حمل کے ضائع ہونے کے بعد نظر آنے والا خون نفاس بھی نہیں کہلائے گا۔</p><p style=""text-align:justify;"">بچے کے  اعضاء کی بناوٹ ظاہر ہونے کی مدت فقہاء نے چار مہینے  لکھی ہے، لہٰذا جو حمل چار مہینے پورے ہونے  پر یا چار مہینے کے بعد ضائع ہوجائے  تو اس کے بعد نظر آنے والا خون نفاس ہوگا، لیکن اگر حمل چار مہینے مکمل ہونے سے پہلے  ضائع ہوجائے (مثلاً جیسا کہ صورتِ  مسئولہ میں دو مہینہ میں حمل ضائع ہوا ہے) تو اس حمل کا اعتبار نہیں ہوگا، یعنی اس سے نہ تو عورت کی عدت گزرے گی (اگر اسے طلاق دی گئی ہو یا اس کے شوہر کا انتقال ہوچکا ہو) اور  نہ اس کے بعد نظر آنے والا خون نفاس  کا ہوگا۔ اس صورت میں دیکھا جائے گا کہ  اگر کم از کم تین دن تک خون آیا اور اس سے  پہلے ایک کامل طہر  (کم از کم پندرہ دن پاکی)بھی گزر چکا ہو تو یہ خون حیض شمار ہوگا ، لیکن  اگر تین دن سے کم ہو یا اس  سے پہلے پندرہ دن پاکی نہ رہی ہو تو پھر یہ خون استحاضہ  (بیماری) کا ہوگا؛ لہٰذا مذکورہ صورت میں اگر تین دن یا اس سے زیادہ خون آیا تو حیض شمار ہوگا، ورنہ نہیں۔</p><p style=""text-align:justify;""><span class=""ar_writing"">فتاوی شامی (1/ 302): </span></p><p class=""indent"" style=""text-align:justify;""><span class=""ar_writing"">""(ظهر بعض خلقه كيد أو رجل) أو أصبع أو ظفر أو شعر، ولايستبين خلقه إلا بعد مائة وعشرين يوماً (ولد) حكماً (فتصير) المرأة (به نفساء والأمة أم ولد ويحنث به) في تعليقه وتنقضي به العدة، فإن لم يظهر له شيء  فليس بشيء، والمرئي حيض إن دام ثلاثاً وتقدمه طهر تام وإلا استحاضة"".</span></p><p class=""indent"" style=""text-align:left;"">فقط واللہ اعلم</p></p><hr class=""big-hr""/>",02-04-2020,144108200530,banuri.edu.pk,طہارت,حیض، نفاس، استحاضہ,نفاس کی تعریف اور احکام,"<div class=""col-md-12 sawal-jawab""><h3 class=""question_heading"">سوال</h3><p><p style=""text-align:justify;""> ایک  عورت جس کا کسی طبعی وجوہات پر حمل ساقط (اوبورشن) ہوگیا ہو،  وہ بھی 2ماہ کا حمل،  ایسی عورت کے لیے  پاکی کا شرعی حکم کتنے دن کا ہے؟جب کہ بچے کی پیدائش کے بعد تو  چالیس دن کی عام بات ہے  ۔مندرجہ بالا صورت میں پاکی کے  وقت کا تعین درکار ہے!</p></p><h4 class=""question_heading"">جواب</h4><p><p style=""text-align:justify;"">حاملہ عورت کا حمل ضائع ہونے کی صورت میں نفاس کا حکم یہ ہے کہ اگر بچے کے اعضاء میں سے کسی عضو (مثلاً: ہاتھ، پیر ،انگلی یا ناخن وغیرہ) کی بناوٹ ظاہر ہوچکی ہو تو یہ عورت نفاس والی ہوجائے گی، اس حمل کے ساقط  ہونے کے بعد نظر آنے والا خون نفاس کا خون کہلائے گا، لیکن اگر بچے کے اعضاء میں سے کسی بھی عضو کی بناوٹ ظاہر نہ ہوئی ہو تو پھر اس کا کوئی اعتبار نہیں ہے، یعنی عورت نفاس والی نہیں بنے گی اور  اس حمل کے ضائع ہونے کے بعد نظر آنے والا خون نفاس بھی نہیں کہلائے گا۔</p><p style=""text-align:justify;"">بچے کے  اعضاء کی بناوٹ ظاہر ہونے کی مدت فقہاء نے چار مہینے  لکھی ہے، لہٰذا جو حمل چار مہینے پورے ہونے  پر یا چار مہینے کے بعد ضائع ہوجائے  تو اس کے بعد نظر آنے والا خون نفاس ہوگا، لیکن اگر حمل چار مہینے مکمل ہونے سے پہلے  ضائع ہوجائے (مثلاً جیسا کہ صورتِ  مسئولہ میں دو مہینہ میں حمل ضائع ہوا ہے) تو اس حمل کا اعتبار نہیں ہوگا، یعنی اس سے نہ تو عورت کی عدت گزرے گی (اگر اسے طلاق دی گئی ہو یا اس کے شوہر کا انتقال ہوچکا ہو) اور  نہ اس کے بعد نظر آنے والا خون نفاس  کا ہوگا۔ اس صورت میں دیکھا جائے گا کہ  اگر کم از کم تین دن تک خون آیا اور اس سے  پہلے ایک کامل طہر  (کم از کم پندرہ دن پاکی)بھی گزر چکا ہو تو یہ خون حیض شمار ہوگا ، لیکن  اگر تین دن سے کم ہو یا اس  سے پہلے پندرہ دن پاکی نہ رہی ہو تو پھر یہ خون استحاضہ  (بیماری) کا ہوگا؛ لہٰذا مذکورہ صورت میں اگر تین دن یا اس سے زیادہ خون آیا تو حیض شمار ہوگا، ورنہ نہیں۔</p><p style=""text-align:justify;""><span class=""ar_writing"">فتاوی شامی (1/ 302): </span></p><p class=""indent"" style=""text-align:justify;""><span class=""ar_writing"">""(ظهر بعض خلقه كيد أو رجل) أو أصبع أو ظفر أو شعر، ولايستبين خلقه إلا بعد مائة وعشرين يوماً (ولد) حكماً (فتصير) المرأة (به نفساء والأمة أم ولد ويحنث به) في تعليقه وتنقضي به العدة، فإن لم يظهر له شيء  فليس بشيء، والمرئي حيض إن دام ثلاثاً وتقدمه طهر تام وإلا استحاضة"".</span></p><p class=""indent"" style=""text-align:left;"">فقط واللہ اعلم</p></p><hr class=""big-hr""/><div class=""col-sm-6 col-md-6""><p class=""question_heading"" style=""color:#73161f"">فتویٰ نمبر : <a id=""fatwa_number"">144108200530</a></p></div><div class=""col-sm-6 col-md-6""><p style=""color:#73161f"">دارالافتاء :
                                جامعہ علوم اسلامیہ علامہ محمد یوسف بنوری ٹاؤن</p></div><hr class=""big-hr""/><div class=""col-sm-4 col-md-4""><div class=""tag""><a href=""https://www.banuri.edu.pk/questions/kitab/taharat""><i class=""icon-docs-bold""></i> طہارت</a></div></div><div class=""col-sm-4 col-md-4""><div class=""tag""><a href=""https://www.banuri.edu.pk/questions/bab/hayz-nifas-istihaza""><i class=""icon-docs-bold""></i> حیض، نفاس، استحاضہ</a></div></div><div class=""col-sm-4 col-md-4""><div class=""tag""><a href=""https://www.banuri.edu.pk/questions/fasal/nifaas-ki-tareef-aur-ahkaam""><i class=""icon-docs-bold""></i> نفاس کی تعریف اور احکام</a></div></div></div>"
