link,title,question_html,answer_html,issued_at,fatwa_number,dar_ul_ifta,category_lvl_1,category_lvl_2,category_lvl_3,html_container
https://www.banuri.edu.pk/readquestion/muhammad-ayan-shah-nam-rakhnay-ka-hukam-144112200954/05-08-2020,محمد ایان شاہ نام رکھنے کا حکم,"<p><p style=""text-align:justify;"">""محمّد ایان شاہ"" نام رکھنا کیسا ہے؟</p></p>","<p><p style=""text-align:justify;"">’’ایان‘‘  نام رکھنا درست نہیں ہے، کیوں کہ یہ اگرچہ عربی لفظ ہے، لیکن اس کا تلفظ الف پر زبر اور یا پر تشدید کے ساتھ <span class=""qr_writing"">’’أَیَّان‘‘ </span> ہے اور کلامِ عرب میں یہ اسمِ شرط  ہے، جس کا معنی  ""کب"" ہے، لہذا یہ نام نہ رکھا جائے۔ ایان کے بجائے ’’عَیَّان‘‘ (عین کے زبر اور یا کی تشدید کے ساتھ) نام رکھا جا سکتا ہے، جس کے ایک معنی کشادہ آنکھوں والا کے آتے ہیں؛ لہٰذا ""محمد عیان شاہ"" نام رکھ سکتے ہیں۔ یا انبیاءِ کرام علیہم السلام یا صحابہ کرام رضی اللہ عنہم کے ناموں میں سے کوئی نام رکھ لیا جائے۔</p><p class=""indent"" style=""text-align:justify;""><span class=""ar_writing"">’’ أيّان : (معجم الرائد) (اسم) 1- إسم شرط للزمان يجزم فعلين ، نحو : « أيان تدرس تنجح » 2- إسم استفهام بمعنى « متى » ، نحو : أيان ترجع؟ »‘‘.</span></p><p class=""indent"" style=""text-align:left;""><span class=""ar_writing""> </span>فقط واللہ اعلم</p></p><hr class=""big-hr""/>",05-08-2020,144112200954,banuri.edu.pk,حقوق و آدابِ معاشرت,حقوق,اولاد کے حقوق,"<div class=""col-md-12 sawal-jawab""><h3 class=""question_heading"">سوال</h3><p><p style=""text-align:justify;"">""محمّد ایان شاہ"" نام رکھنا کیسا ہے؟</p></p><h4 class=""question_heading"">جواب</h4><p><p style=""text-align:justify;"">’’ایان‘‘  نام رکھنا درست نہیں ہے، کیوں کہ یہ اگرچہ عربی لفظ ہے، لیکن اس کا تلفظ الف پر زبر اور یا پر تشدید کے ساتھ <span class=""qr_writing"">’’أَیَّان‘‘ </span> ہے اور کلامِ عرب میں یہ اسمِ شرط  ہے، جس کا معنی  ""کب"" ہے، لہذا یہ نام نہ رکھا جائے۔ ایان کے بجائے ’’عَیَّان‘‘ (عین کے زبر اور یا کی تشدید کے ساتھ) نام رکھا جا سکتا ہے، جس کے ایک معنی کشادہ آنکھوں والا کے آتے ہیں؛ لہٰذا ""محمد عیان شاہ"" نام رکھ سکتے ہیں۔ یا انبیاءِ کرام علیہم السلام یا صحابہ کرام رضی اللہ عنہم کے ناموں میں سے کوئی نام رکھ لیا جائے۔</p><p class=""indent"" style=""text-align:justify;""><span class=""ar_writing"">’’ أيّان : (معجم الرائد) (اسم) 1- إسم شرط للزمان يجزم فعلين ، نحو : « أيان تدرس تنجح » 2- إسم استفهام بمعنى « متى » ، نحو : أيان ترجع؟ »‘‘.</span></p><p class=""indent"" style=""text-align:left;""><span class=""ar_writing""> </span>فقط واللہ اعلم</p></p><hr class=""big-hr""/><div class=""col-sm-6 col-md-6""><p class=""question_heading"" style=""color:#73161f"">فتویٰ نمبر : <a id=""fatwa_number"">144112200954</a></p></div><div class=""col-sm-6 col-md-6""><p style=""color:#73161f"">دارالافتاء :
                                جامعہ علوم اسلامیہ علامہ محمد یوسف بنوری ٹاؤن</p></div><hr class=""big-hr""/><div class=""col-sm-4 col-md-4""><div class=""tag""><a href=""https://www.banuri.edu.pk/questions/kitab/huqooq-muashret""><i class=""icon-docs-bold""></i> حقوق و آدابِ معاشرت</a></div></div><div class=""col-sm-4 col-md-4""><div class=""tag""><a href=""https://www.banuri.edu.pk/questions/bab/bahmi-huqooq""><i class=""icon-docs-bold""></i> حقوق</a></div></div><div class=""col-sm-4 col-md-4""><div class=""tag""><a href=""https://www.banuri.edu.pk/questions/fasal/olad-ky-hoqoq""><i class=""icon-docs-bold""></i> اولاد کے حقوق</a></div></div></div>"
https://www.banuri.edu.pk/readquestion/bachey-ka-naam-nawafil-nawfal-rakhney-ka-hukum-144112200965/05-08-2020,بچے کا نام ’’نوافل/نوفل‘‘ رکھنے کا حکم,"<p><p style=""text-align:justify;"">میں نے بچے کا نام ""نوافل"" رکھا ہے، اس نام کے بارے میں جاننا تھا کیسا ہے؟ کیا یہ نام رکھ سکتے ہیں؟</p></p>","<p><p style=""text-align:justify;"">""نوافِل"" لفظ نافلۃ کی جمع ہے، جس کا معنی ہے وہ عبادات جو فرائض اور واجبات کے علاوہ ہوں۔ یہ نام رکھنا صحیح نہیں ہے۔ اس کے بجائے نوفل (الف کے بغیر) نام رکھ سکتے ہیں، نَوفَل (نون اور فا پر زبر کے ساتھ) کئی صحابۂ کرام رضوان اللہ علیہم اجمعین کا نام ہے۔ اور صحابۂ کرام رضوان اللہ علیہم اجمعین کے ناموں پر نام رکھنا صحابہ سے محبت کی علامت ہے اور باعثِ برکت بھی ہے۔</p><p style=""text-align:justify;""><strong><span style=""color:#169179;"">1- نوفل بن حارث رضی اللہ عنہ۔</span></strong> آپ نبی کریم صلی اللہ علیہ و سلم کے چچا زاد بھائی ہیں، جنگ بدر میں قید ہوئے، آپ کے چچا حضرت عباس رضی اللہ عنہ نے آپ کا فدیہ ادا کیا، پھر آپ مسلمان ہوگئے۔  نبی کریم صلی اللہ علیہ و سلم کے ساتھ غزوہ حنین، طائف اور فتح مکہ میں شریک رہے۔ ایک قول یہ بھی ہے کہ جب جنگ بدر میں آپ قید ہوئے تو نبی کریم صلی اللہ علیہ و سلم نے آپ سے جان کا فدیہ مانگا، انہوں نے کہا کہ میرے پاس فدیہ کے لیے مال نہیں ہے، نبی کریم صلی اللہ علیہ و سلم نے فرمایا کہ جدہ میں جو تمہارے نیزے ہیں ان کا فدیہ دو، تو انہوں نے کہا کہ ان نیزوں کا علم تو میرے اور خدا کے سوا کسی کو نہیں، میں گواہی دیتا ہوں کہ آپ خدا کے سچے رسول ہیں، اور ان نیزوں کا فدیہ دیا جن کی تعداد ہزار تھی۔</p><p style=""text-align:justify;""><span style=""color:#169179;""><strong>2- نوفل بن معاویہ رضی اللہ عنہ۔</strong></span> آپ اسلام لانے سے پہلے مسلمانوں کے سخت دشمن تھے، مسلمان ہونے کے بعد پہلی بار فتح مکہ کی لڑائی میں نبی کریم صلی اللہ علیہ و سلم کے ساتھ شرکت کی، مدینہ منورہ میں بنی الدیل نامی قبیلہ میں قیام پذیر ہوئے، سن 9 ہجری میں حضرت ابو بکر رضی اللہ عنہ کے ساتھ حج کیا، پھر سن 10 ہجری میں نبی کریم صلی اللہ علیہ و سلم کے ساتھ بھی حج کی سعادت حاصل کی، آپ کا انتقال تقریباً سو سال کی عمر میں مدینہ منورہ میں ہوا۔</p><p align=""right"" dir=""rtl"" style=""text-align:justify;""><span class=""ar_writing"">كتاب العين (ج:8، ص:325، ط:<span lang=""ar-sa"" xml:lang=""ar-sa"">دار ومكتبة الهلال):</span></span></p><p class=""indent"" style=""text-align:justify;""><span class=""ar_writing"" lang=""ar-sa"" xml:lang=""ar-sa"">""نفل: النفل: الغنم، والجميع: الأنفال. ونفلت فلانًا: أعطيته نفلًا وغنمًا. والإمام ينفل الجند، إذا جعل لهم ما غنموا. والنافلة: العطية يعطيها تطوعا بعد الفريضة من صدقة أو صلاح أو عمل خير. والنافلة: ولد الولد. والنفل: ضرب من النبات من دق الشجر. والنوفل: السيد من الرجال. ويقال لبعض السباع: نوفل. والانتفال: شبه الانتفاء، وهو التنصل من الأمر، يقال: قال لي فلان قولا فانتفلت منه، أي: أنكرت أن أكون فعلته. <span lang=""ar-sa"" xml:lang=""ar-sa"">وانتفل فلان من بني فلان، أي: انتفل. وانتفل من معونتهم ونصرهم، قال: أمنتفلا من نصر بهثة خلتني ... ألا إنني منهم وإن كنت أينما .</span>والنوفلة: المملحة.""</span></p><p style=""text-align:justify;""><span class=""ar_writing"" lang=""ar-sa"" xml:lang=""ar-sa"">جمهرة اللغة (ج:2، ص:971، ط:دار العلم للملايين - بيروت):</span></p><p class=""indent"" style=""text-align:justify;""><span class=""ar_writing"">""والنفل: واحد الأنفال. ويقال: نفل السلطان فلانًا، إذا أعطاه سلب قتيل قتله يقال: نفله تنفيلًا ونفله بالتخفيف، لغتان فصيحتان. والنافلة: ما يفعل الرجل مما لايجب عليه إلا تفضلًا، والجمع نوافل. ونوفل: اسم مشتق من الرجل الكثير النوافل. قال الشاعر: يأبى الظلامة منه النوفل الزفر. الزفر: المزدفر بالأثقال المطيق لحملها. والنفل: ضرب من النبت. وقد سمت العرب نوفلًا ونفيلًا.""</span></p><p style=""text-align:justify;""><span class=""ar_writing"">الزاهر في غريب ألفاظ الشافعي  (ج:1، ص:73، ط:دار الطلائع):</span></p><p class=""indent"" style=""text-align:justify;""><span class=""ar_writing"">""والنوافل من الصلوات واعمال البر التي ليست بمفروضه سميت نوافل لأنها زيادة على الأصل فالأصل الفرائض والنوافل زيادة عليها ألا ترى أنه يقال لولد الولد: نافلةً لأن الأصل هو الولد الذي لصلبه وولد ولده زيادة عن الأصل، قال الله تعالى في قصة ابراهيم عليه السلام: <span class=""qr_writing"">{وَوَهَبْنَا لَهُ إِسْحَاقَ وَيَعْقُوبَ نَافِلَةً}</span> وكذلك يقال: الغنائم إنما هي زيادات على الأصل الفرض الجاري لهم، ويقال لثلاث ليال من بعد الغرر -وهي ثلاث ليال من أول الشهر- نفل لأن بياضها زيادة على الغرر كأن الغرر واحدتها غرة شبهت بغرة الفرس وهي أقل شيء من البياض في وجهه فلما زاد بياض القمر عليها قيل لها: نفل.""</span></p><p style=""text-align:justify;""><span class=""ar_writing"" lang=""ar-sa"" xml:lang=""ar-sa"">أسد الغابة في معرفة الصحابة (ج:5، ص:347، ط:<span lang=""ar-sa"" xml:lang=""ar-sa""><span lang=""ar-sa"" xml:lang=""ar-sa"">دار الكتب العلمية):</span></span></span></p><p class=""indent"" dir=""rtl"" style=""text-align:justify;""><span class=""ar_writing""><span lang=""ar-sa"" xml:lang=""ar-sa"">""نوفل بن الحارث - ب د ع: نوفل بن الحارث بن عبد المطلب بن هاشم بن عبد مناف القرشي، يكنى أبا الحارث، وهو ابن عم رسول الله صلى الله عليه وسلم كان أسن من إخوته ومن سائر من أسلم، من بني هشام، من حمزة، والعباس رضي الله عن الجميع</span><span dir=""ltr"">.</span> <span lang=""ar-sa"" xml:lang=""ar-sa"">أسر يوم بدر كافرا، وفداه عمه العباس، ولما فداه أسلم، وقيل: أسلم وهاجر أيام الخندق، وقيل: بل هو فدى نفسه برماح كانت له، وآخى رسول الله صلى الله عليه وسلم بينه وبين العباس، وكانا شريكين في الجاهلية متفاوضين متحابين</span><span dir=""ltr"">.</span> <span lang=""ar-sa"" xml:lang=""ar-sa"">وشهد مع رسول الله صلى الله عليه وسلم فتح مكة، وحنينا، والطائف، وكان ممن ثبت يوم حنين مع رسول الله صلى الله عليه وسلم وأعان رسول الله صلى الله عليه وسلم يوم حنين بثلاثة آلاف رمح، فقال رسول الله صلى الله عليه وسلم: "" كأني أنظر إلى رماحك تقصف أصلاب المشركين</span><span dir=""ltr"">"".</span><span lang=""ar-sa"" xml:lang=""ar-sa"">روى عبد الله بن الحارث بن نوفل، قال: لما أسر نوفل بن الحارث ببدر، قال له رسول الله صلى الله عليه وسلم: "" افد نفسك ""، قال: ما لي مال أفتدي به، قال: "" افد نفسك برماحك التي بجدة ""، فقال: والله ما علم أحد أن لي بجدة رماحا بعد الله غيري، أشهد أنك رسول، ففدى نفسه بها، وكانت ألف رمح.</span></span></p><p class=""indent"" dir=""rtl"" style=""text-align:justify;""><span class=""ar_writing""><span lang=""ar-sa"" xml:lang=""ar-sa"">وأخبرنا أبو جعفر بإسناده، عن يونس، عن ابن إسحاق، قال: قال رسول الله صلى الله عليه وسلم للعباس بن عبد المطلب: "" فافد نفسك وابني أخويك نوفل بن الحارث وعقيل بن أبي طالب "" وروى عكرمة، عن ابن عباس، أن نوفل بن الحارث، قال لابنيه: انطلقا إلى النبي صلى الله عليه وسلم لعله يستعملكما على الصدقات، فقال لهما رسول الله صلى الله عليه وسلم: "" لا أحل لكم أهل البيت من الصدقات شيئا ولا غسالة الأيدي، إن لكم في خمس الخمس ما يكفيكم، أو يغنيكم</span><span dir=""ltr"">"".</span><span lang=""ar-sa"" xml:lang=""ar-sa"">وتوفي نوفل بالمدينة، سنة خمس عشرة</span><span dir=""ltr"">.</span><span lang=""ar-sa"" xml:lang=""ar-sa"">أخرجه الثلاثة</span><span dir=""ltr"">.""</span></span></p><p dir=""rtl"" style=""text-align:justify;""><span class=""ar_writing"" lang=""ar-sa"" xml:lang=""ar-sa""><span lang=""ar-sa"" xml:lang=""ar-sa""><span lang=""ar-sa"" xml:lang=""ar-sa""><span lang=""ar-sa"" xml:lang=""ar-sa""><span lang=""ar-sa"" xml:lang=""ar-sa"">أسد الغابة في معرفة الصحابة (ج:5، ص:349، ط:<span lang=""ar-sa"" xml:lang=""ar-sa""><span lang=""ar-sa"" xml:lang=""ar-sa"">دار الكتب العلمية):</span></span></span></span></span></span></span></p><p class=""indent"" dir=""rtl"" style=""text-align:justify;""><span class=""ar_writing""><span lang=""ar-sa"" xml:lang=""ar-sa"">""نوفل بن معاوية -</span>ب د ع: نوفل بن معاوية بن عروة، وقيل: نوفل بن معاوية بن عمرو الديلي، من بني الديل بن بكر بن عبد مناة بن كنانة، ثم أحد بني نفاثة بن عدي بن الديل. ونسبه أبو أحمد العسكري، فقال: نوفل بن معاوية بن عروة بن صخر بن يعمر بن نفاثة بن عدي بن الديل. وكان معاوية أبو نوفل على الديل يوم الفجار، وله يقول الشاعر: فلا وأبيها ما نزلنا بعامر ولا عامر ولا النفاثي نوفل. وأما ابنه نوفل فإنه أسلم، وشهد مع النبي صلى الله عليه وسلم فتح مكة، وهو أول مشاهده، ونزل المدينة حتى توفي بها أيام يزيد بن معاوية. روى عنه أبو بكر بن عبد الرحمن بن الحارث، وعبد الرحمن بن مطيع، وعراك بن مالك.</span></p><p class=""indent"" dir=""rtl"" style=""text-align:justify;""><span class=""ar_writing"">أخبرنا الخطيب عبد الله بن أحمد بن محمد بإسناده، عن أبي داود الطيالسي، قال: حدثنا أسد بن موسى، أخبرنا ابن أبي ذئب، عن الزهري، عن أبي بكر بن عبد الرحمن، عن نوفل بن معاوية، قال: سمعت رسول الله صلى الله عليه وسلم يقول: "" من ترك الصلاة كأنما وتر أهله وماله "". ورواه خالد بن عبد الله بن عبد الرحمن بن إسحاق، عن الزهري، عن أبي بكر بن عبد الرحمن، عن عبد الرحمن بن مطيع، عن نوفل بن معاوية، قال: سمعت رسول الله صلى الله عليه وسلم مثله. أخرجه الثلاثة.""</span></p><p class=""indent"" style=""text-align:left;"">فقط والله اعلم</p></p><hr class=""big-hr""/>",05-08-2020,144112200965,banuri.edu.pk,حقوق و آدابِ معاشرت,حقوق,اولاد کے حقوق,"<div class=""col-md-12 sawal-jawab""><h3 class=""question_heading"">سوال</h3><p><p style=""text-align:justify;"">میں نے بچے کا نام ""نوافل"" رکھا ہے، اس نام کے بارے میں جاننا تھا کیسا ہے؟ کیا یہ نام رکھ سکتے ہیں؟</p></p><h4 class=""question_heading"">جواب</h4><p><p style=""text-align:justify;"">""نوافِل"" لفظ نافلۃ کی جمع ہے، جس کا معنی ہے وہ عبادات جو فرائض اور واجبات کے علاوہ ہوں۔ یہ نام رکھنا صحیح نہیں ہے۔ اس کے بجائے نوفل (الف کے بغیر) نام رکھ سکتے ہیں، نَوفَل (نون اور فا پر زبر کے ساتھ) کئی صحابۂ کرام رضوان اللہ علیہم اجمعین کا نام ہے۔ اور صحابۂ کرام رضوان اللہ علیہم اجمعین کے ناموں پر نام رکھنا صحابہ سے محبت کی علامت ہے اور باعثِ برکت بھی ہے۔</p><p style=""text-align:justify;""><strong><span style=""color:#169179;"">1- نوفل بن حارث رضی اللہ عنہ۔</span></strong> آپ نبی کریم صلی اللہ علیہ و سلم کے چچا زاد بھائی ہیں، جنگ بدر میں قید ہوئے، آپ کے چچا حضرت عباس رضی اللہ عنہ نے آپ کا فدیہ ادا کیا، پھر آپ مسلمان ہوگئے۔  نبی کریم صلی اللہ علیہ و سلم کے ساتھ غزوہ حنین، طائف اور فتح مکہ میں شریک رہے۔ ایک قول یہ بھی ہے کہ جب جنگ بدر میں آپ قید ہوئے تو نبی کریم صلی اللہ علیہ و سلم نے آپ سے جان کا فدیہ مانگا، انہوں نے کہا کہ میرے پاس فدیہ کے لیے مال نہیں ہے، نبی کریم صلی اللہ علیہ و سلم نے فرمایا کہ جدہ میں جو تمہارے نیزے ہیں ان کا فدیہ دو، تو انہوں نے کہا کہ ان نیزوں کا علم تو میرے اور خدا کے سوا کسی کو نہیں، میں گواہی دیتا ہوں کہ آپ خدا کے سچے رسول ہیں، اور ان نیزوں کا فدیہ دیا جن کی تعداد ہزار تھی۔</p><p style=""text-align:justify;""><span style=""color:#169179;""><strong>2- نوفل بن معاویہ رضی اللہ عنہ۔</strong></span> آپ اسلام لانے سے پہلے مسلمانوں کے سخت دشمن تھے، مسلمان ہونے کے بعد پہلی بار فتح مکہ کی لڑائی میں نبی کریم صلی اللہ علیہ و سلم کے ساتھ شرکت کی، مدینہ منورہ میں بنی الدیل نامی قبیلہ میں قیام پذیر ہوئے، سن 9 ہجری میں حضرت ابو بکر رضی اللہ عنہ کے ساتھ حج کیا، پھر سن 10 ہجری میں نبی کریم صلی اللہ علیہ و سلم کے ساتھ بھی حج کی سعادت حاصل کی، آپ کا انتقال تقریباً سو سال کی عمر میں مدینہ منورہ میں ہوا۔</p><p align=""right"" dir=""rtl"" style=""text-align:justify;""><span class=""ar_writing"">كتاب العين (ج:8، ص:325، ط:<span lang=""ar-sa"" xml:lang=""ar-sa"">دار ومكتبة الهلال):</span></span></p><p class=""indent"" style=""text-align:justify;""><span class=""ar_writing"" lang=""ar-sa"" xml:lang=""ar-sa"">""نفل: النفل: الغنم، والجميع: الأنفال. ونفلت فلانًا: أعطيته نفلًا وغنمًا. والإمام ينفل الجند، إذا جعل لهم ما غنموا. والنافلة: العطية يعطيها تطوعا بعد الفريضة من صدقة أو صلاح أو عمل خير. والنافلة: ولد الولد. والنفل: ضرب من النبات من دق الشجر. والنوفل: السيد من الرجال. ويقال لبعض السباع: نوفل. والانتفال: شبه الانتفاء، وهو التنصل من الأمر، يقال: قال لي فلان قولا فانتفلت منه، أي: أنكرت أن أكون فعلته. <span lang=""ar-sa"" xml:lang=""ar-sa"">وانتفل فلان من بني فلان، أي: انتفل. وانتفل من معونتهم ونصرهم، قال: أمنتفلا من نصر بهثة خلتني ... ألا إنني منهم وإن كنت أينما .</span>والنوفلة: المملحة.""</span></p><p style=""text-align:justify;""><span class=""ar_writing"" lang=""ar-sa"" xml:lang=""ar-sa"">جمهرة اللغة (ج:2، ص:971، ط:دار العلم للملايين - بيروت):</span></p><p class=""indent"" style=""text-align:justify;""><span class=""ar_writing"">""والنفل: واحد الأنفال. ويقال: نفل السلطان فلانًا، إذا أعطاه سلب قتيل قتله يقال: نفله تنفيلًا ونفله بالتخفيف، لغتان فصيحتان. والنافلة: ما يفعل الرجل مما لايجب عليه إلا تفضلًا، والجمع نوافل. ونوفل: اسم مشتق من الرجل الكثير النوافل. قال الشاعر: يأبى الظلامة منه النوفل الزفر. الزفر: المزدفر بالأثقال المطيق لحملها. والنفل: ضرب من النبت. وقد سمت العرب نوفلًا ونفيلًا.""</span></p><p style=""text-align:justify;""><span class=""ar_writing"">الزاهر في غريب ألفاظ الشافعي  (ج:1، ص:73، ط:دار الطلائع):</span></p><p class=""indent"" style=""text-align:justify;""><span class=""ar_writing"">""والنوافل من الصلوات واعمال البر التي ليست بمفروضه سميت نوافل لأنها زيادة على الأصل فالأصل الفرائض والنوافل زيادة عليها ألا ترى أنه يقال لولد الولد: نافلةً لأن الأصل هو الولد الذي لصلبه وولد ولده زيادة عن الأصل، قال الله تعالى في قصة ابراهيم عليه السلام: <span class=""qr_writing"">{وَوَهَبْنَا لَهُ إِسْحَاقَ وَيَعْقُوبَ نَافِلَةً}</span> وكذلك يقال: الغنائم إنما هي زيادات على الأصل الفرض الجاري لهم، ويقال لثلاث ليال من بعد الغرر -وهي ثلاث ليال من أول الشهر- نفل لأن بياضها زيادة على الغرر كأن الغرر واحدتها غرة شبهت بغرة الفرس وهي أقل شيء من البياض في وجهه فلما زاد بياض القمر عليها قيل لها: نفل.""</span></p><p style=""text-align:justify;""><span class=""ar_writing"" lang=""ar-sa"" xml:lang=""ar-sa"">أسد الغابة في معرفة الصحابة (ج:5، ص:347، ط:<span lang=""ar-sa"" xml:lang=""ar-sa""><span lang=""ar-sa"" xml:lang=""ar-sa"">دار الكتب العلمية):</span></span></span></p><p class=""indent"" dir=""rtl"" style=""text-align:justify;""><span class=""ar_writing""><span lang=""ar-sa"" xml:lang=""ar-sa"">""نوفل بن الحارث - ب د ع: نوفل بن الحارث بن عبد المطلب بن هاشم بن عبد مناف القرشي، يكنى أبا الحارث، وهو ابن عم رسول الله صلى الله عليه وسلم كان أسن من إخوته ومن سائر من أسلم، من بني هشام، من حمزة، والعباس رضي الله عن الجميع</span><span dir=""ltr"">.</span> <span lang=""ar-sa"" xml:lang=""ar-sa"">أسر يوم بدر كافرا، وفداه عمه العباس، ولما فداه أسلم، وقيل: أسلم وهاجر أيام الخندق، وقيل: بل هو فدى نفسه برماح كانت له، وآخى رسول الله صلى الله عليه وسلم بينه وبين العباس، وكانا شريكين في الجاهلية متفاوضين متحابين</span><span dir=""ltr"">.</span> <span lang=""ar-sa"" xml:lang=""ar-sa"">وشهد مع رسول الله صلى الله عليه وسلم فتح مكة، وحنينا، والطائف، وكان ممن ثبت يوم حنين مع رسول الله صلى الله عليه وسلم وأعان رسول الله صلى الله عليه وسلم يوم حنين بثلاثة آلاف رمح، فقال رسول الله صلى الله عليه وسلم: "" كأني أنظر إلى رماحك تقصف أصلاب المشركين</span><span dir=""ltr"">"".</span><span lang=""ar-sa"" xml:lang=""ar-sa"">روى عبد الله بن الحارث بن نوفل، قال: لما أسر نوفل بن الحارث ببدر، قال له رسول الله صلى الله عليه وسلم: "" افد نفسك ""، قال: ما لي مال أفتدي به، قال: "" افد نفسك برماحك التي بجدة ""، فقال: والله ما علم أحد أن لي بجدة رماحا بعد الله غيري، أشهد أنك رسول، ففدى نفسه بها، وكانت ألف رمح.</span></span></p><p class=""indent"" dir=""rtl"" style=""text-align:justify;""><span class=""ar_writing""><span lang=""ar-sa"" xml:lang=""ar-sa"">وأخبرنا أبو جعفر بإسناده، عن يونس، عن ابن إسحاق، قال: قال رسول الله صلى الله عليه وسلم للعباس بن عبد المطلب: "" فافد نفسك وابني أخويك نوفل بن الحارث وعقيل بن أبي طالب "" وروى عكرمة، عن ابن عباس، أن نوفل بن الحارث، قال لابنيه: انطلقا إلى النبي صلى الله عليه وسلم لعله يستعملكما على الصدقات، فقال لهما رسول الله صلى الله عليه وسلم: "" لا أحل لكم أهل البيت من الصدقات شيئا ولا غسالة الأيدي، إن لكم في خمس الخمس ما يكفيكم، أو يغنيكم</span><span dir=""ltr"">"".</span><span lang=""ar-sa"" xml:lang=""ar-sa"">وتوفي نوفل بالمدينة، سنة خمس عشرة</span><span dir=""ltr"">.</span><span lang=""ar-sa"" xml:lang=""ar-sa"">أخرجه الثلاثة</span><span dir=""ltr"">.""</span></span></p><p dir=""rtl"" style=""text-align:justify;""><span class=""ar_writing"" lang=""ar-sa"" xml:lang=""ar-sa""><span lang=""ar-sa"" xml:lang=""ar-sa""><span lang=""ar-sa"" xml:lang=""ar-sa""><span lang=""ar-sa"" xml:lang=""ar-sa""><span lang=""ar-sa"" xml:lang=""ar-sa"">أسد الغابة في معرفة الصحابة (ج:5، ص:349، ط:<span lang=""ar-sa"" xml:lang=""ar-sa""><span lang=""ar-sa"" xml:lang=""ar-sa"">دار الكتب العلمية):</span></span></span></span></span></span></span></p><p class=""indent"" dir=""rtl"" style=""text-align:justify;""><span class=""ar_writing""><span lang=""ar-sa"" xml:lang=""ar-sa"">""نوفل بن معاوية -</span>ب د ع: نوفل بن معاوية بن عروة، وقيل: نوفل بن معاوية بن عمرو الديلي، من بني الديل بن بكر بن عبد مناة بن كنانة، ثم أحد بني نفاثة بن عدي بن الديل. ونسبه أبو أحمد العسكري، فقال: نوفل بن معاوية بن عروة بن صخر بن يعمر بن نفاثة بن عدي بن الديل. وكان معاوية أبو نوفل على الديل يوم الفجار، وله يقول الشاعر: فلا وأبيها ما نزلنا بعامر ولا عامر ولا النفاثي نوفل. وأما ابنه نوفل فإنه أسلم، وشهد مع النبي صلى الله عليه وسلم فتح مكة، وهو أول مشاهده، ونزل المدينة حتى توفي بها أيام يزيد بن معاوية. روى عنه أبو بكر بن عبد الرحمن بن الحارث، وعبد الرحمن بن مطيع، وعراك بن مالك.</span></p><p class=""indent"" dir=""rtl"" style=""text-align:justify;""><span class=""ar_writing"">أخبرنا الخطيب عبد الله بن أحمد بن محمد بإسناده، عن أبي داود الطيالسي، قال: حدثنا أسد بن موسى، أخبرنا ابن أبي ذئب، عن الزهري، عن أبي بكر بن عبد الرحمن، عن نوفل بن معاوية، قال: سمعت رسول الله صلى الله عليه وسلم يقول: "" من ترك الصلاة كأنما وتر أهله وماله "". ورواه خالد بن عبد الله بن عبد الرحمن بن إسحاق، عن الزهري، عن أبي بكر بن عبد الرحمن، عن عبد الرحمن بن مطيع، عن نوفل بن معاوية، قال: سمعت رسول الله صلى الله عليه وسلم مثله. أخرجه الثلاثة.""</span></p><p class=""indent"" style=""text-align:left;"">فقط والله اعلم</p></p><hr class=""big-hr""/><div class=""col-sm-6 col-md-6""><p class=""question_heading"" style=""color:#73161f"">فتویٰ نمبر : <a id=""fatwa_number"">144112200965</a></p></div><div class=""col-sm-6 col-md-6""><p style=""color:#73161f"">دارالافتاء :
                                جامعہ علوم اسلامیہ علامہ محمد یوسف بنوری ٹاؤن</p></div><hr class=""big-hr""/><div class=""col-sm-4 col-md-4""><div class=""tag""><a href=""https://www.banuri.edu.pk/questions/kitab/huqooq-muashret""><i class=""icon-docs-bold""></i> حقوق و آدابِ معاشرت</a></div></div><div class=""col-sm-4 col-md-4""><div class=""tag""><a href=""https://www.banuri.edu.pk/questions/bab/bahmi-huqooq""><i class=""icon-docs-bold""></i> حقوق</a></div></div><div class=""col-sm-4 col-md-4""><div class=""tag""><a href=""https://www.banuri.edu.pk/questions/fasal/olad-ky-hoqoq""><i class=""icon-docs-bold""></i> اولاد کے حقوق</a></div></div></div>"
https://www.banuri.edu.pk/readquestion/wajibi-qurbani-k-bd-nafli-qurbani-ka-janwer-zibah-na-krska-144112200923/04-08-2020,واجبی قربانی کے بعد نفلی قربانی کا جانور ذبح نہ کرسکا,"<p><p style=""text-align:justify;"">مال دار شخص ایامِ قربانی میں یا اس سے قبل نفلی قربانی کی نیت سے جانور خریدے یا کسی بڑے جانور میں حصہ لے یا اپنی واجبی قربانی کرنے کے بعد نفل کی نیت جانور خریدے یا کسی بڑے جانور میں شریک ہوجائے تو کیا اس کی قربانی مال دار پر لازم ہوجاتی ہے؟ مثلاً:</p><p style=""text-align:justify;"">( ۱) ایک شخص مال دار ہے اس نے ایک ساتھ دو بکرے خریدے ایک واجب قربانی کی نیت سے اور ایک نفل کی نیت سے واجب قربانی اس نے کرلی، لیکن کسی وجہ سے نفل  قربانی نہیں کرسکا جب کہ نیت قربانی کی تھی تو کیا ایامِ اضحیہ گزرنے کے بعد اس جانور کا صدقہ لازم ہوگا؟</p><p style=""text-align:justify;"">(۲) مال دار شخص نے واجب قربانی کرنے کے بعد نفلی قربانی کی نیت سے جانور خریدا، لیکن کسی وجہ سے قربانی نہیں کی تو ایامِ اضحیہ گزرنے کے بعد جانور کا صدقہ لازم ہوگا؟</p><p style=""text-align:justify;"">کیا یہاں یہ کہا جاسکتا ہے کہ چوں کہ اس نے واجب قربانی ادا کرلی ہے؛ اس لیے نفلی قربانی کی نیت سے جانور خریدنے سے وہ قربانی کے لیے متعین ہوجائے گی  جیساکہ غریب کا جانور قربانی کی نیت سے خریدنے کی وجہ سے متعین ہوجاتا ہے؛ لہذا قربانی نہ کرنے کی صورت میں وقت گزرنے کے بعد صدقہ لازم ہوگا؟</p><p style=""text-align:justify;"">( ۳) مال دار شخص نے اپنی واجب قربانی کرلی اور پھر ایک بڑے جانور میں نفلی قربانی کی نیت سے حصہ لے لیا، لیکن کسی وجہ سے جانور کے مالک نے قربانی کرنے سے انکار کردیا اور رقم واپس کردی جس کی وجہ سے یہ شخص قربانی نہ کرسکا تو کیا وقت گزرنے کے بعد اس مال دار پر اس رقم کا صدقہ لازم ہوگا۔</p></p>","<p><p style=""text-align:justify;"">1۔ صورتِ مسئولہ میں دوسرے جانور کا صدقہ لازم نہیں۔</p><p style=""text-align:justify;"">2۔ صدقہ لازم نہیں۔</p><p style=""text-align:justify;"">3۔ رقم کا صدقہ لازم نہیں۔</p><p style=""text-align:justify;"">فتاوی ہندیہ میں ہے:</p><p class=""indent"" style=""text-align:justify;""><span class=""ar_writing"">""اشْتَرَى شَاتَيْنِ لِلْأُضْحِيَّةِ فَضَاعَتْ إحْدَاهُمَا فَضَحَّى بِالثَّانِيَةِ، ثُمَّ وَجَدَهَا فِي أَيَّامِ النَّحْرِ أَوْ بَعْدَ أَيَّامِ النَّحْرِ فَلَا شَيْءَ عَلَيْهِ سَوَاءٌ كَانَتْ هِيَ أَرْفَعَ مِنْ الَّتِي ضَحَّى بِهَا أَوْ أَدْوَنَ مِنْهَا، كَذَا فِي الْمُحِيطِ.""</span></p><p class=""indent"" style=""text-align:left;""><span class=""ar_writing"">(كتاب الأضحية، الْبَابُ التَّاسِعُ فِي الْمُتَفَرِّقَاتِ،</span> ٥ / ٣٠٦، <span class=""ar_writing"">ط: دار الفكر</span>)</p><p class=""indent"" style=""text-align:left;"">فقط واللہ اعلم</p></p><hr class=""big-hr""/>",04-08-2020,144112200923,banuri.edu.pk,عبادات,ذبیحہ / قربانی,قربانی کا جانور,"<div class=""col-md-12 sawal-jawab""><h3 class=""question_heading"">سوال</h3><p><p style=""text-align:justify;"">مال دار شخص ایامِ قربانی میں یا اس سے قبل نفلی قربانی کی نیت سے جانور خریدے یا کسی بڑے جانور میں حصہ لے یا اپنی واجبی قربانی کرنے کے بعد نفل کی نیت جانور خریدے یا کسی بڑے جانور میں شریک ہوجائے تو کیا اس کی قربانی مال دار پر لازم ہوجاتی ہے؟ مثلاً:</p><p style=""text-align:justify;"">( ۱) ایک شخص مال دار ہے اس نے ایک ساتھ دو بکرے خریدے ایک واجب قربانی کی نیت سے اور ایک نفل کی نیت سے واجب قربانی اس نے کرلی، لیکن کسی وجہ سے نفل  قربانی نہیں کرسکا جب کہ نیت قربانی کی تھی تو کیا ایامِ اضحیہ گزرنے کے بعد اس جانور کا صدقہ لازم ہوگا؟</p><p style=""text-align:justify;"">(۲) مال دار شخص نے واجب قربانی کرنے کے بعد نفلی قربانی کی نیت سے جانور خریدا، لیکن کسی وجہ سے قربانی نہیں کی تو ایامِ اضحیہ گزرنے کے بعد جانور کا صدقہ لازم ہوگا؟</p><p style=""text-align:justify;"">کیا یہاں یہ کہا جاسکتا ہے کہ چوں کہ اس نے واجب قربانی ادا کرلی ہے؛ اس لیے نفلی قربانی کی نیت سے جانور خریدنے سے وہ قربانی کے لیے متعین ہوجائے گی  جیساکہ غریب کا جانور قربانی کی نیت سے خریدنے کی وجہ سے متعین ہوجاتا ہے؛ لہذا قربانی نہ کرنے کی صورت میں وقت گزرنے کے بعد صدقہ لازم ہوگا؟</p><p style=""text-align:justify;"">( ۳) مال دار شخص نے اپنی واجب قربانی کرلی اور پھر ایک بڑے جانور میں نفلی قربانی کی نیت سے حصہ لے لیا، لیکن کسی وجہ سے جانور کے مالک نے قربانی کرنے سے انکار کردیا اور رقم واپس کردی جس کی وجہ سے یہ شخص قربانی نہ کرسکا تو کیا وقت گزرنے کے بعد اس مال دار پر اس رقم کا صدقہ لازم ہوگا۔</p></p><h4 class=""question_heading"">جواب</h4><p><p style=""text-align:justify;"">1۔ صورتِ مسئولہ میں دوسرے جانور کا صدقہ لازم نہیں۔</p><p style=""text-align:justify;"">2۔ صدقہ لازم نہیں۔</p><p style=""text-align:justify;"">3۔ رقم کا صدقہ لازم نہیں۔</p><p style=""text-align:justify;"">فتاوی ہندیہ میں ہے:</p><p class=""indent"" style=""text-align:justify;""><span class=""ar_writing"">""اشْتَرَى شَاتَيْنِ لِلْأُضْحِيَّةِ فَضَاعَتْ إحْدَاهُمَا فَضَحَّى بِالثَّانِيَةِ، ثُمَّ وَجَدَهَا فِي أَيَّامِ النَّحْرِ أَوْ بَعْدَ أَيَّامِ النَّحْرِ فَلَا شَيْءَ عَلَيْهِ سَوَاءٌ كَانَتْ هِيَ أَرْفَعَ مِنْ الَّتِي ضَحَّى بِهَا أَوْ أَدْوَنَ مِنْهَا، كَذَا فِي الْمُحِيطِ.""</span></p><p class=""indent"" style=""text-align:left;""><span class=""ar_writing"">(كتاب الأضحية، الْبَابُ التَّاسِعُ فِي الْمُتَفَرِّقَاتِ،</span> ٥ / ٣٠٦، <span class=""ar_writing"">ط: دار الفكر</span>)</p><p class=""indent"" style=""text-align:left;"">فقط واللہ اعلم</p></p><hr class=""big-hr""/><div class=""col-sm-6 col-md-6""><p class=""question_heading"" style=""color:#73161f"">فتویٰ نمبر : <a id=""fatwa_number"">144112200923</a></p></div><div class=""col-sm-6 col-md-6""><p style=""color:#73161f"">دارالافتاء :
                                جامعہ علوم اسلامیہ علامہ محمد یوسف بنوری ٹاؤن</p></div><hr class=""big-hr""/><div class=""col-sm-4 col-md-4""><div class=""tag""><a href=""https://www.banuri.edu.pk/questions/kitab/ebadat""><i class=""icon-docs-bold""></i> عبادات</a></div></div><div class=""col-sm-4 col-md-4""><div class=""tag""><a href=""https://www.banuri.edu.pk/questions/bab/zabiha-qurbani""><i class=""icon-docs-bold""></i> ذبیحہ / قربانی</a></div></div><div class=""col-sm-4 col-md-4""><div class=""tag""><a href=""https://www.banuri.edu.pk/questions/fasal/qurbani-ka-janwar""><i class=""icon-docs-bold""></i> قربانی کا جانور</a></div></div></div>"
https://www.banuri.edu.pk/readquestion/shia-sy-shadi-ka-hukum-144112200948/05-08-2020,شیعہ سے شادی کا حکم,"<p><p style=""text-align:justify;"">کیا ایک سنی لڑکی شیعہ لڑکے سے شادی کرسکتی ہے؟</p></p>","<p><p style=""text-align:justify;"">اگرکسی شیعہ کا عقیدہ یہ ہوکہ قرآنِ کریم میں تحریف (ردوبدل) ہوئی ہے، ان کے جو بارہ امام ہیں ان کےبارے میں اس بات کا قائل ہوکہ ان کی امامت اللہ جل شانہ کی طرف سےہے اور امام گناہ سے معصوم ہے، ان کو حلال وحرام کا اختیارہے، یا جبرئیل امین سے وحی پہنچانے میں غلطی ہوئی ہے، یا اس کے علاوہ کوئی ایسا عقیدہ رکھتا ہو جس سے کفر لازم آتاہو تو اس طرح کے عقائد رکھنے والا فرد مسلمان نہیں ہے، اور کسی سنی لڑکی کا اس سے نکاح جائزنہیں ہے۔</p><p style=""text-align:justify;"">بصورتِ دیگر اگر کفر لازم نہ آئے تو بھی جمہور اہلِ سنت والجماعت کے خلاف نظریات رکھنے والے شخص سے کسی سنی لڑکی کے نکاح کرنے میں اس کی دین داری متاثر ہونے کا قوی اندیشہ ہے، اور کسی بھی مسلمان کو، چاہے وہ مرد ہو یا عورت زندگی کے اس اہم موڑ پر اپنی خواہشات کے ہاتھوں اپنے ایمان کو خطرے میں نہیں ڈالنا چاہیے، بلکہ  والدین کی مشاورت سے کسی صحیح  العقیدہ مسلمان سے نکاح کرنا چاہیے، نیز نکاح کے سلسلہ میں نبی کریم صلی اللہ علیہ وسلم نے رشتے کے انتخاب میں دین داری کو ترجیح دینے کا حکم دیا ہے۔</p><p class=""indent"" style=""text-align:justify;""><span class=""ar_writing"">""وبهذا ظهر أن الرافضي إن كان ممن يعتقد الألوهية في علي أو أن جبريل غلط في الوحي أو كان ينكر صحبة أبي بكر الصديق أو يقذف عائشة الصديقة فهو كافر؛ لمخالفة القواطع المعلومة من الدين بالضرورة"". (ردالمحتار :3/46ط: سعيد)</span></p><p class=""indent"" style=""text-align:left;"">فقط والله اعلم</p></p><hr class=""big-hr""/>",05-08-2020,144112200948,banuri.edu.pk,ایمان و عقائد,باطل مذاہب اور فرقے,روافض اور خوارج,"<div class=""col-md-12 sawal-jawab""><h3 class=""question_heading"">سوال</h3><p><p style=""text-align:justify;"">کیا ایک سنی لڑکی شیعہ لڑکے سے شادی کرسکتی ہے؟</p></p><h4 class=""question_heading"">جواب</h4><p><p style=""text-align:justify;"">اگرکسی شیعہ کا عقیدہ یہ ہوکہ قرآنِ کریم میں تحریف (ردوبدل) ہوئی ہے، ان کے جو بارہ امام ہیں ان کےبارے میں اس بات کا قائل ہوکہ ان کی امامت اللہ جل شانہ کی طرف سےہے اور امام گناہ سے معصوم ہے، ان کو حلال وحرام کا اختیارہے، یا جبرئیل امین سے وحی پہنچانے میں غلطی ہوئی ہے، یا اس کے علاوہ کوئی ایسا عقیدہ رکھتا ہو جس سے کفر لازم آتاہو تو اس طرح کے عقائد رکھنے والا فرد مسلمان نہیں ہے، اور کسی سنی لڑکی کا اس سے نکاح جائزنہیں ہے۔</p><p style=""text-align:justify;"">بصورتِ دیگر اگر کفر لازم نہ آئے تو بھی جمہور اہلِ سنت والجماعت کے خلاف نظریات رکھنے والے شخص سے کسی سنی لڑکی کے نکاح کرنے میں اس کی دین داری متاثر ہونے کا قوی اندیشہ ہے، اور کسی بھی مسلمان کو، چاہے وہ مرد ہو یا عورت زندگی کے اس اہم موڑ پر اپنی خواہشات کے ہاتھوں اپنے ایمان کو خطرے میں نہیں ڈالنا چاہیے، بلکہ  والدین کی مشاورت سے کسی صحیح  العقیدہ مسلمان سے نکاح کرنا چاہیے، نیز نکاح کے سلسلہ میں نبی کریم صلی اللہ علیہ وسلم نے رشتے کے انتخاب میں دین داری کو ترجیح دینے کا حکم دیا ہے۔</p><p class=""indent"" style=""text-align:justify;""><span class=""ar_writing"">""وبهذا ظهر أن الرافضي إن كان ممن يعتقد الألوهية في علي أو أن جبريل غلط في الوحي أو كان ينكر صحبة أبي بكر الصديق أو يقذف عائشة الصديقة فهو كافر؛ لمخالفة القواطع المعلومة من الدين بالضرورة"". (ردالمحتار :3/46ط: سعيد)</span></p><p class=""indent"" style=""text-align:left;"">فقط والله اعلم</p></p><hr class=""big-hr""/><div class=""col-sm-6 col-md-6""><p class=""question_heading"" style=""color:#73161f"">فتویٰ نمبر : <a id=""fatwa_number"">144112200948</a></p></div><div class=""col-sm-6 col-md-6""><p style=""color:#73161f"">دارالافتاء :
                                جامعہ علوم اسلامیہ علامہ محمد یوسف بنوری ٹاؤن</p></div><hr class=""big-hr""/><div class=""col-sm-4 col-md-4""><div class=""tag""><a href=""https://www.banuri.edu.pk/questions/kitab/aqaed""><i class=""icon-docs-bold""></i> ایمان و عقائد</a></div></div><div class=""col-sm-4 col-md-4""><div class=""tag""><a href=""https://www.banuri.edu.pk/questions/bab/mazahib-masalik""><i class=""icon-docs-bold""></i> باطل مذاہب اور فرقے</a></div></div><div class=""col-sm-4 col-md-4""><div class=""tag""><a href=""https://www.banuri.edu.pk/questions/fasal/shiaiyyat""><i class=""icon-docs-bold""></i> روافض اور خوارج</a></div></div></div>"
https://www.banuri.edu.pk/readquestion/aayat-e-durood-farz-namaz-k-bad-parhna-144112200905/04-08-2020,ان اللہ و ملئکتہ یصلون علی النبی والی آیت فرض نماز کے بعد دعا میں پڑھنا,"<p><p style=""text-align:justify;""><span class=""qr_writing"">{ان <span dir=""rtl"" lang=""er"" xml:lang=""er"">اللّٰهَ</span> و ملائكته یصلون على النبی}</span> والی آیت فرض نماز کے بعد دعا میں پڑھنا کیا ضروری ہے؟</p></p>","<p><p style=""text-align:justify;"">رسول اللہ صلی اللہ علیہ وسلم پر درود شریف پڑھنا نہایت محبوب اور نیک عمل ہے،  اس کا حکم خود اللہ تعالیٰ نے قرآنِ مجید میں فرمایا ہے؛   لہذا اگر کوئی شخص التزام اور کسی خاص اجتماعی ہیئت کے بغیر  نماز کے بعد درود شریف پڑھتا ہے اور اس میں یہ آیت بھی پڑھتا ہے تو بلا شبہ اچھا عمل ہے، لیکن نہ تو اس کو لازم سمجھا جائے اور نہ اس کی کوئی خاص اجتماعی ہیئت بنائی جائے، نیز اس طرح جہری طور پر بھی نہ پڑھا جائے جس کی وجہ سے نمازیوں کی نماز میں خلل واقع ہو۔</p><p style=""text-align:justify;"">مختصر یہ کہ سوال میں مذکورہ آیت نماز کے بعد پڑھنا ضروری نہیں ہے، اور باجماعت جہرًا اس کا اہتمام ثابت نہیں ہے۔ فقط واللہ اعلم</p></p><hr class=""big-hr""/>",04-08-2020,144112200905,banuri.edu.pk,ایمان و عقائد,بدعات اور رسوم,بدعت اور اس کی اقسام,"<div class=""col-md-12 sawal-jawab""><h3 class=""question_heading"">سوال</h3><p><p style=""text-align:justify;""><span class=""qr_writing"">{ان <span dir=""rtl"" lang=""er"" xml:lang=""er"">اللّٰهَ</span> و ملائكته یصلون على النبی}</span> والی آیت فرض نماز کے بعد دعا میں پڑھنا کیا ضروری ہے؟</p></p><h4 class=""question_heading"">جواب</h4><p><p style=""text-align:justify;"">رسول اللہ صلی اللہ علیہ وسلم پر درود شریف پڑھنا نہایت محبوب اور نیک عمل ہے،  اس کا حکم خود اللہ تعالیٰ نے قرآنِ مجید میں فرمایا ہے؛   لہذا اگر کوئی شخص التزام اور کسی خاص اجتماعی ہیئت کے بغیر  نماز کے بعد درود شریف پڑھتا ہے اور اس میں یہ آیت بھی پڑھتا ہے تو بلا شبہ اچھا عمل ہے، لیکن نہ تو اس کو لازم سمجھا جائے اور نہ اس کی کوئی خاص اجتماعی ہیئت بنائی جائے، نیز اس طرح جہری طور پر بھی نہ پڑھا جائے جس کی وجہ سے نمازیوں کی نماز میں خلل واقع ہو۔</p><p style=""text-align:justify;"">مختصر یہ کہ سوال میں مذکورہ آیت نماز کے بعد پڑھنا ضروری نہیں ہے، اور باجماعت جہرًا اس کا اہتمام ثابت نہیں ہے۔ فقط واللہ اعلم</p></p><hr class=""big-hr""/><div class=""col-sm-6 col-md-6""><p class=""question_heading"" style=""color:#73161f"">فتویٰ نمبر : <a id=""fatwa_number"">144112200905</a></p></div><div class=""col-sm-6 col-md-6""><p style=""color:#73161f"">دارالافتاء :
                                جامعہ علوم اسلامیہ علامہ محمد یوسف بنوری ٹاؤن</p></div><hr class=""big-hr""/><div class=""col-sm-4 col-md-4""><div class=""tag""><a href=""https://www.banuri.edu.pk/questions/kitab/aqaed""><i class=""icon-docs-bold""></i> ایمان و عقائد</a></div></div><div class=""col-sm-4 col-md-4""><div class=""tag""><a href=""https://www.banuri.edu.pk/questions/bab/bidaat-rasoomat""><i class=""icon-docs-bold""></i> بدعات اور رسوم</a></div></div><div class=""col-sm-4 col-md-4""><div class=""tag""><a href=""https://www.banuri.edu.pk/questions/fasal/bidaat-aur-us-ki-aqsaam""><i class=""icon-docs-bold""></i> بدعت اور اس کی اقسام</a></div></div></div>"
https://www.banuri.edu.pk/readquestion/life-insurance-ka-hukum-144112200969/05-08-2020,لائف انشورنس کا حکم,"<p><p style=""text-align:justify;"">لائف انشورنس کے متعلق جانناچاهتا ہوں اسلام میں اس کی کیا حیثیت ہے؟ حرام ہے یا حلال؟</p></p>","<p><p style=""text-align:justify;"">لائف  انشورنس پالیسی خریدنا سود، جوئے اور غرر پرمشتمل ہونے کی  بنا پر ناجائز اور حرام ہے۔ فقط واللہ اعلم</p><p style=""text-align:justify;"">تفصیل درج ذیل لنک پر موجود فتوے میں ملاحظہ کیجیے:</p><p style=""text-align:justify;""><a href=""https://www.banuri.edu.pk/readquestion/insurance-ka-hukkum-144203200083/19-10-2020"">انشورنس کا حکم</a></p></p><hr class=""big-hr""/>",05-08-2020,144112200969,banuri.edu.pk,معاملات,سود / بینکاری / انشورنس / شیئرز,بیمہ زندگی / انشورنس / تکافل,"<div class=""col-md-12 sawal-jawab""><h3 class=""question_heading"">سوال</h3><p><p style=""text-align:justify;"">لائف انشورنس کے متعلق جانناچاهتا ہوں اسلام میں اس کی کیا حیثیت ہے؟ حرام ہے یا حلال؟</p></p><h4 class=""question_heading"">جواب</h4><p><p style=""text-align:justify;"">لائف  انشورنس پالیسی خریدنا سود، جوئے اور غرر پرمشتمل ہونے کی  بنا پر ناجائز اور حرام ہے۔ فقط واللہ اعلم</p><p style=""text-align:justify;"">تفصیل درج ذیل لنک پر موجود فتوے میں ملاحظہ کیجیے:</p><p style=""text-align:justify;""><a href=""https://www.banuri.edu.pk/readquestion/insurance-ka-hukkum-144203200083/19-10-2020"">انشورنس کا حکم</a></p></p><hr class=""big-hr""/><div class=""col-sm-6 col-md-6""><p class=""question_heading"" style=""color:#73161f"">فتویٰ نمبر : <a id=""fatwa_number"">144112200969</a></p></div><div class=""col-sm-6 col-md-6""><p style=""color:#73161f"">دارالافتاء :
                                جامعہ علوم اسلامیہ علامہ محمد یوسف بنوری ٹاؤن</p></div><hr class=""big-hr""/><div class=""col-sm-4 col-md-4""><div class=""tag""><a href=""https://www.banuri.edu.pk/questions/kitab/muamlat""><i class=""icon-docs-bold""></i> معاملات</a></div></div><div class=""col-sm-4 col-md-4""><div class=""tag""><a href=""https://www.banuri.edu.pk/questions/bab/sood-bankari-insurance-shares""><i class=""icon-docs-bold""></i> سود / بینکاری / انشورنس / شیئرز</a></div></div><div class=""col-sm-4 col-md-4""><div class=""tag""><a href=""https://www.banuri.edu.pk/questions/fasal/bima-zindagi-insurance-takaful""><i class=""icon-docs-bold""></i> بیمہ زندگی / انشورنس / تکافل</a></div></div></div>"
https://www.banuri.edu.pk/readquestion/paidaish-kay-bad-bacgah-ya-bachi-kay-kan-maen-azan-keina-144202201358/15-10-2020,پیدائش کے بعد بچہ یا بچی کے کان میں اذان کہنا,"<p><p style=""text-align:justify;"">کیا بچے یا بچی کی پیدائش پر دائیں کان میں اذان اور بائیں کان میں اقامت کہی جاتی ہے؟</p></p>","<p><p style=""text-align:justify;"">بچہ یا بچی کی پیدائش کے بعد اس کے دائیں کان میں اذان اور بائیں کام میں اقامت کہنا مسنون ہے۔</p><p class=""indent"" style=""text-align:justify;""><span class=""ar_writing"">""عن عبيد الله بن أبي رافع عن أبيه، قال: رأيت رسول الله صلى الله عليه وسلم أذن في أذن الحسن بن علي حين ولدته فاطمة بالصلاة.""</span></p><p class=""indent"" style=""text-align:left;""><span class=""ar_writing"">(أخرجه ابن ماجه في باب في الصبي يولد فيوذن في أذنه (4/ 131) برقم (5105)،ط. دار الرسالة العالمية، الطبعة: الأولى، 1430 هـ - 2009 م)</span></p><p class=""indent"" style=""text-align:justify;""><span class=""ar_writing"">""عن عبد الله بن عباس، حدثتني أم الفضل بنت الحارث الهلالية، قالت: مررت بالنبي صلى الله عليه وسلم وهو جالس بالحجر، فقال: «يا أم الفضل» قلت: لبيك يا رسول الله، قال: «إنك حامل بغلام» ، قلت: يا رسول الله، وكيف وقد تحالفت قريش أن لايأتوا النساء؟ قال: «هو ما أقول لك، فإذا وضعتيه فأتني به» ، قالت: فلما وضعته أتيت به النبي صلى الله عليه وسلم، فأذن في أذنه اليمنى، وأقام في أذنه اليسرى، وألبأه من ريقه، وسماه عبد الله.""</span></p><p class=""indent"" style=""text-align:left;""><span class=""ar_writing"">(أخرجه الطبراني في الأوسط (0/ 101) برقم(9250) ،ط.دار الحرمين - القاهرة)</span></p><p class=""indent"" style=""text-align:justify;""><span class=""ar_writing"">""عن حسين قال : قال رسول الله صلى الله عليه و سلم: من ولد له فأذن في أذنه اليمنى وأقام في أذنه اليسرى لم تضره أم الصبيان.""</span></p><p class=""indent"" style=""text-align:left;""><span class=""ar_writing"">(أخرجه ابو يعلى في مسند حسين بن علي رضي الله عنهما (12/ 150) برقم ()6780،ط. دار المأمون للتراث - دمشق، الطبعة الأولى ، 1404 - 1984)</span></p><p style=""text-align:justify;"">مرقاة المفاتیح میں ہے:</p><p class=""indent"" style=""text-align:justify;""><span class=""ar_writing"">""والمعنى أذن بمثل أذان الصلاة وهذا يدل على سنية الأذان في إذن المولود وفي شرح السنة روي أن عمر بن عبد العزيز رضي الله عنه كان يؤذن في اليمنى ويقيم في اليسرى إذا ولد الصبي.""</span></p><p class=""indent"" style=""text-align:left;""><span class=""ar_writing"">(كتاب الصيد والذبائح، باب العقيقة (7/ 2691)،ط.دار الفكر، بيروت - لبنان، الطبعة: الأولى، 1422هـ - 2002م)</span></p><p class=""indent"" style=""text-align:left;"">فقط والله اعلم</p></p><hr class=""big-hr""/>",15-10-2020,144202201358,banuri.edu.pk,حقوق و آدابِ معاشرت,حقوق,اولاد کے حقوق,"<div class=""col-md-12 sawal-jawab""><h3 class=""question_heading"">سوال</h3><p><p style=""text-align:justify;"">کیا بچے یا بچی کی پیدائش پر دائیں کان میں اذان اور بائیں کان میں اقامت کہی جاتی ہے؟</p></p><h4 class=""question_heading"">جواب</h4><p><p style=""text-align:justify;"">بچہ یا بچی کی پیدائش کے بعد اس کے دائیں کان میں اذان اور بائیں کام میں اقامت کہنا مسنون ہے۔</p><p class=""indent"" style=""text-align:justify;""><span class=""ar_writing"">""عن عبيد الله بن أبي رافع عن أبيه، قال: رأيت رسول الله صلى الله عليه وسلم أذن في أذن الحسن بن علي حين ولدته فاطمة بالصلاة.""</span></p><p class=""indent"" style=""text-align:left;""><span class=""ar_writing"">(أخرجه ابن ماجه في باب في الصبي يولد فيوذن في أذنه (4/ 131) برقم (5105)،ط. دار الرسالة العالمية، الطبعة: الأولى، 1430 هـ - 2009 م)</span></p><p class=""indent"" style=""text-align:justify;""><span class=""ar_writing"">""عن عبد الله بن عباس، حدثتني أم الفضل بنت الحارث الهلالية، قالت: مررت بالنبي صلى الله عليه وسلم وهو جالس بالحجر، فقال: «يا أم الفضل» قلت: لبيك يا رسول الله، قال: «إنك حامل بغلام» ، قلت: يا رسول الله، وكيف وقد تحالفت قريش أن لايأتوا النساء؟ قال: «هو ما أقول لك، فإذا وضعتيه فأتني به» ، قالت: فلما وضعته أتيت به النبي صلى الله عليه وسلم، فأذن في أذنه اليمنى، وأقام في أذنه اليسرى، وألبأه من ريقه، وسماه عبد الله.""</span></p><p class=""indent"" style=""text-align:left;""><span class=""ar_writing"">(أخرجه الطبراني في الأوسط (0/ 101) برقم(9250) ،ط.دار الحرمين - القاهرة)</span></p><p class=""indent"" style=""text-align:justify;""><span class=""ar_writing"">""عن حسين قال : قال رسول الله صلى الله عليه و سلم: من ولد له فأذن في أذنه اليمنى وأقام في أذنه اليسرى لم تضره أم الصبيان.""</span></p><p class=""indent"" style=""text-align:left;""><span class=""ar_writing"">(أخرجه ابو يعلى في مسند حسين بن علي رضي الله عنهما (12/ 150) برقم ()6780،ط. دار المأمون للتراث - دمشق، الطبعة الأولى ، 1404 - 1984)</span></p><p style=""text-align:justify;"">مرقاة المفاتیح میں ہے:</p><p class=""indent"" style=""text-align:justify;""><span class=""ar_writing"">""والمعنى أذن بمثل أذان الصلاة وهذا يدل على سنية الأذان في إذن المولود وفي شرح السنة روي أن عمر بن عبد العزيز رضي الله عنه كان يؤذن في اليمنى ويقيم في اليسرى إذا ولد الصبي.""</span></p><p class=""indent"" style=""text-align:left;""><span class=""ar_writing"">(كتاب الصيد والذبائح، باب العقيقة (7/ 2691)،ط.دار الفكر، بيروت - لبنان، الطبعة: الأولى، 1422هـ - 2002م)</span></p><p class=""indent"" style=""text-align:left;"">فقط والله اعلم</p></p><hr class=""big-hr""/><div class=""col-sm-6 col-md-6""><p class=""question_heading"" style=""color:#73161f"">فتویٰ نمبر : <a id=""fatwa_number"">144202201358</a></p></div><div class=""col-sm-6 col-md-6""><p style=""color:#73161f"">دارالافتاء :
                                جامعہ علوم اسلامیہ علامہ محمد یوسف بنوری ٹاؤن</p></div><hr class=""big-hr""/><div class=""col-sm-4 col-md-4""><div class=""tag""><a href=""https://www.banuri.edu.pk/questions/kitab/huqooq-muashret""><i class=""icon-docs-bold""></i> حقوق و آدابِ معاشرت</a></div></div><div class=""col-sm-4 col-md-4""><div class=""tag""><a href=""https://www.banuri.edu.pk/questions/bab/bahmi-huqooq""><i class=""icon-docs-bold""></i> حقوق</a></div></div><div class=""col-sm-4 col-md-4""><div class=""tag""><a href=""https://www.banuri.edu.pk/questions/fasal/olad-ky-hoqoq""><i class=""icon-docs-bold""></i> اولاد کے حقوق</a></div></div></div>"
https://www.banuri.edu.pk/readquestion/ghar-ki-rakhwali-k-liye-kutta-palne-ka-hukum-kutte-k-sath-khailne-ka-hukum-144112200926/04-08-2020,گھر کی رکھوالی کے لیے کتا پالنے کا حکم / کتے کے ساتھ کھیلنے کا حکم,"<p><p style=""text-align:justify;"">1- کتوں کو گھر کی رکھوالی کے لیے رکھنا کیساہے؟</p><p style=""text-align:justify;"">2- بچوں کا اس کے ساتھ کھیلنا  کیسا ہے؟</p></p>","<p><p style=""text-align:justify;"">1۔ گھر کی رکھوالی کے طور پر کتا پالنے کی اجازت ہے، البتہ  شوقیہ پالنا جائز نہیں، نیز شوقیہ پالنا اللہ کی رحمت سے دوری اور اعمال کے حبط و برباد ہونے کا باعث ہے۔</p><p style=""text-align:justify;"">سنن أبي داود میں ہے:</p><p class=""indent"" style=""text-align:justify;"">""2844 - <span class=""ar_writing"">حَدَّثَنَا الْحَسَنُ بْنُ عَلِيٍّ، حَدَّثَنَا عَبْدُ الرَّزَّاقِ، أَخْبَرَنَا مَعْمَرٌ، عَنِ الزُّهْرِيِّ، عَنْ أَبِي سَلَمَةَ، عَنْ أَبِي هُرَيْرَةَ، عَنِ النَّبِيِّ صَلَّى اللهُ عَلَيْهِ وَسَلَّمَ قَالَ: «مَنِ اتَّخَذَ كَلْبًا إِلَّا كَلْبَ مَاشِيَةٍ أَوْ صَيْدٍ أَوْ زَرْعٍ انْتَقَصَ مِنْ أَجْرِهِ كُلَّ يَوْمٍ قِيرَاطٌ»"".</span></p><p class=""indent"" style=""text-align:left;""><span class=""ar_writing"">(كتاب الصيد، بَابٌ فِي اتِّخَاذِ الْكَلْبِ لِلصَّيْدِ وَغَيْرِهِ،</span> ٣ / ١٠٨، <span class=""ar_writing"">ط:المكتبة العصرية، صيدا - بيروت)</span></p><p style=""text-align:justify;"">فتاوی ہندیہ میں ہے:</p><p class=""indent"" style=""text-align:justify;""><span class=""ar_writing"">""وَفِي الْأَجْنَاسِ: لَايَنْبَغِي أَنْ يَتَّخِذَ كَلْبًا إلَّا أَنْ يَخَافَ مِنْ اللُّصُوصِ أَوْ غَيْرِهِمْ وَكَذَا الْأَسَدُ وَالْفَهْدُ وَالضَّبُعُ وَجَمِيعُ السِّبَاعِ وَهَذَا قِيَاسُ قَوْلِ أَبِي يُوسُفَ - رَحِمَهُ اللَّهُ تَعَالَى - كَذَا فِي الْخُلَاصَةِ.</span></p><p class=""indent"" style=""text-align:justify;""><span class=""ar_writing"">وَيَجِبُ أَنْ يَعْلَمَ بِأَنَّ اقْتِنَاءَ الْكَلْبِ لِأَجْلِ الْحَرَسِ جَائِزٌ شَرْعًا وَكَذَلِكَ اقْتِنَاؤُهُ لِلِاصْطِيَادِ مُبَاحٌ وَكَذَلِكَ اقْتِنَاؤُهُ لِحِفْظِ الزَّرْعِ وَالْمَاشِيَةِ جَائِزٌ كَذَا فِي الذَّخِيرَةِ.""</span></p><p class=""indent"" style=""text-align:left;""><span class=""ar_writing"">(كتاب الكراهية، الْبَابُ الْحَادِي وَالْعِشْرُونَ فِيمَا يَسَعُ مِنْ جِرَاحَاتِ بَنِي آدَمَ وَالْحَيَوَانَاتِ وَقَتْلِ الْحَيَوَانَاتِ وَمَا لَا يَسَعُ مِنْ ذَلِكَ</span>، ٥ / ٣٦١، <span class=""ar_writing"">ط: دار الفكر)</span></p><p style=""text-align:justify;"">2۔ کتے کا لعاب چوں کہ نجس ہے، اور شوقیہ طور پر کتا رکھنے کی اجازت نہیں ہے، رحمت کے فرشتوں سے دوری اور اعمال ضائع ہونے کا سبب ہے؛ لہذا کتوں کے ساتھ کھیلنے، لپٹانے پیار کرنے میں نجاست (لعاب) لگنے نیز بچوں کے دل میں ان کا شوق و محبت دل میں پیدا ہونے کا قوی امکان ہے،  جس کی وجہ سے کتوں کے ساتھ کھیلنے سے اجتناب لازم ہے۔</p><p style=""text-align:justify;"">فتاوی ہندیہ میں ہے:</p><p class=""indent"" style=""text-align:justify;""><span class=""ar_writing"">""الْكَلْبُ إذَا أَخَذَ عُضْوَ إنْسَانٍ أَوْ ثَوْبَهُ لَايَتَنَجَّسُ مَا لَمْ يَظْهَرْ فِيهِ أَثَرُ الْبَلَلِ رَاضِيًا كَانَ أَوْ غَضْبَانَ، كَذَا فِي مُنْيَةِ الْمُصَلِّي. قَالَ فِي الصَّيْرَفِيَّةِ: هُوَ الْمُخْتَارُ، كَذَا فِي شَرْحِهَا لِإِبْرَاهِيمَ الْحَلَبِيِّ.""</span></p><p class=""indent"" style=""text-align:left;""><span class=""ar_writing"">(كِتَابُ الطَّهَارَةِ، الْبَابُ السَّابِعُ فِي النَّجَاسَةِ وَأَحْكَامِهَا، الْفَصْلُ الثَّالِثُ فِي الِاسْتِنْجَاءِ</span>، ١ / ٤٨، ط<span class=""ar_writing"">: دار الفكر)</span></p><p class=""indent"" style=""text-align:left;"">فقط واللہ اعلم</p></p><hr class=""big-hr""/>",04-08-2020,144112200926,banuri.edu.pk,حقوق و آدابِ معاشرت,حقوق,جانوروں کے حقوق,"<div class=""col-md-12 sawal-jawab""><h3 class=""question_heading"">سوال</h3><p><p style=""text-align:justify;"">1- کتوں کو گھر کی رکھوالی کے لیے رکھنا کیساہے؟</p><p style=""text-align:justify;"">2- بچوں کا اس کے ساتھ کھیلنا  کیسا ہے؟</p></p><h4 class=""question_heading"">جواب</h4><p><p style=""text-align:justify;"">1۔ گھر کی رکھوالی کے طور پر کتا پالنے کی اجازت ہے، البتہ  شوقیہ پالنا جائز نہیں، نیز شوقیہ پالنا اللہ کی رحمت سے دوری اور اعمال کے حبط و برباد ہونے کا باعث ہے۔</p><p style=""text-align:justify;"">سنن أبي داود میں ہے:</p><p class=""indent"" style=""text-align:justify;"">""2844 - <span class=""ar_writing"">حَدَّثَنَا الْحَسَنُ بْنُ عَلِيٍّ، حَدَّثَنَا عَبْدُ الرَّزَّاقِ، أَخْبَرَنَا مَعْمَرٌ، عَنِ الزُّهْرِيِّ، عَنْ أَبِي سَلَمَةَ، عَنْ أَبِي هُرَيْرَةَ، عَنِ النَّبِيِّ صَلَّى اللهُ عَلَيْهِ وَسَلَّمَ قَالَ: «مَنِ اتَّخَذَ كَلْبًا إِلَّا كَلْبَ مَاشِيَةٍ أَوْ صَيْدٍ أَوْ زَرْعٍ انْتَقَصَ مِنْ أَجْرِهِ كُلَّ يَوْمٍ قِيرَاطٌ»"".</span></p><p class=""indent"" style=""text-align:left;""><span class=""ar_writing"">(كتاب الصيد، بَابٌ فِي اتِّخَاذِ الْكَلْبِ لِلصَّيْدِ وَغَيْرِهِ،</span> ٣ / ١٠٨، <span class=""ar_writing"">ط:المكتبة العصرية، صيدا - بيروت)</span></p><p style=""text-align:justify;"">فتاوی ہندیہ میں ہے:</p><p class=""indent"" style=""text-align:justify;""><span class=""ar_writing"">""وَفِي الْأَجْنَاسِ: لَايَنْبَغِي أَنْ يَتَّخِذَ كَلْبًا إلَّا أَنْ يَخَافَ مِنْ اللُّصُوصِ أَوْ غَيْرِهِمْ وَكَذَا الْأَسَدُ وَالْفَهْدُ وَالضَّبُعُ وَجَمِيعُ السِّبَاعِ وَهَذَا قِيَاسُ قَوْلِ أَبِي يُوسُفَ - رَحِمَهُ اللَّهُ تَعَالَى - كَذَا فِي الْخُلَاصَةِ.</span></p><p class=""indent"" style=""text-align:justify;""><span class=""ar_writing"">وَيَجِبُ أَنْ يَعْلَمَ بِأَنَّ اقْتِنَاءَ الْكَلْبِ لِأَجْلِ الْحَرَسِ جَائِزٌ شَرْعًا وَكَذَلِكَ اقْتِنَاؤُهُ لِلِاصْطِيَادِ مُبَاحٌ وَكَذَلِكَ اقْتِنَاؤُهُ لِحِفْظِ الزَّرْعِ وَالْمَاشِيَةِ جَائِزٌ كَذَا فِي الذَّخِيرَةِ.""</span></p><p class=""indent"" style=""text-align:left;""><span class=""ar_writing"">(كتاب الكراهية، الْبَابُ الْحَادِي وَالْعِشْرُونَ فِيمَا يَسَعُ مِنْ جِرَاحَاتِ بَنِي آدَمَ وَالْحَيَوَانَاتِ وَقَتْلِ الْحَيَوَانَاتِ وَمَا لَا يَسَعُ مِنْ ذَلِكَ</span>، ٥ / ٣٦١، <span class=""ar_writing"">ط: دار الفكر)</span></p><p style=""text-align:justify;"">2۔ کتے کا لعاب چوں کہ نجس ہے، اور شوقیہ طور پر کتا رکھنے کی اجازت نہیں ہے، رحمت کے فرشتوں سے دوری اور اعمال ضائع ہونے کا سبب ہے؛ لہذا کتوں کے ساتھ کھیلنے، لپٹانے پیار کرنے میں نجاست (لعاب) لگنے نیز بچوں کے دل میں ان کا شوق و محبت دل میں پیدا ہونے کا قوی امکان ہے،  جس کی وجہ سے کتوں کے ساتھ کھیلنے سے اجتناب لازم ہے۔</p><p style=""text-align:justify;"">فتاوی ہندیہ میں ہے:</p><p class=""indent"" style=""text-align:justify;""><span class=""ar_writing"">""الْكَلْبُ إذَا أَخَذَ عُضْوَ إنْسَانٍ أَوْ ثَوْبَهُ لَايَتَنَجَّسُ مَا لَمْ يَظْهَرْ فِيهِ أَثَرُ الْبَلَلِ رَاضِيًا كَانَ أَوْ غَضْبَانَ، كَذَا فِي مُنْيَةِ الْمُصَلِّي. قَالَ فِي الصَّيْرَفِيَّةِ: هُوَ الْمُخْتَارُ، كَذَا فِي شَرْحِهَا لِإِبْرَاهِيمَ الْحَلَبِيِّ.""</span></p><p class=""indent"" style=""text-align:left;""><span class=""ar_writing"">(كِتَابُ الطَّهَارَةِ، الْبَابُ السَّابِعُ فِي النَّجَاسَةِ وَأَحْكَامِهَا، الْفَصْلُ الثَّالِثُ فِي الِاسْتِنْجَاءِ</span>، ١ / ٤٨، ط<span class=""ar_writing"">: دار الفكر)</span></p><p class=""indent"" style=""text-align:left;"">فقط واللہ اعلم</p></p><hr class=""big-hr""/><div class=""col-sm-6 col-md-6""><p class=""question_heading"" style=""color:#73161f"">فتویٰ نمبر : <a id=""fatwa_number"">144112200926</a></p></div><div class=""col-sm-6 col-md-6""><p style=""color:#73161f"">دارالافتاء :
                                جامعہ علوم اسلامیہ علامہ محمد یوسف بنوری ٹاؤن</p></div><hr class=""big-hr""/><div class=""col-sm-4 col-md-4""><div class=""tag""><a href=""https://www.banuri.edu.pk/questions/kitab/huqooq-muashret""><i class=""icon-docs-bold""></i> حقوق و آدابِ معاشرت</a></div></div><div class=""col-sm-4 col-md-4""><div class=""tag""><a href=""https://www.banuri.edu.pk/questions/bab/bahmi-huqooq""><i class=""icon-docs-bold""></i> حقوق</a></div></div><div class=""col-sm-4 col-md-4""><div class=""tag""><a href=""https://www.banuri.edu.pk/questions/fasal/janwaron-ky-hoqoq-""><i class=""icon-docs-bold""></i> جانوروں کے حقوق</a></div></div></div>"
https://www.banuri.edu.pk/readquestion/sahib-e-tarteeb-ke-liye-witr-ki-namaz-qaza-karne-ka-hukum-144112200963/05-08-2020,صاحبِ ترتیب کے لیے وتر کی نماز قضا کرنے کا طریقہ,"<p><p style=""text-align:justify;"">وتر کی قضا کا حُکم صاحبِ ترتیب کے لیے کیا ہے؟</p></p>","<p><p style=""text-align:justify;"">جو شخص صاحبِ ترتیب ہو، اس پر اپنی ترتیب برقرار رکھنے کے لیے لازم ہے کہ  اگر اس سے وتر کی نماز قضا ہوگئی تو فجر کی نماز ادا کرنے سے پہلے وتر کی نماز قضا کرے پھر فجر پڑھے۔ وتر کی نماز  پڑھے بغیر چھ  سے کم نمازیں ادا کرنے کی صورت  میں اس کی وہ تمام نمازیں فاسد ہوں گی اور وتر ادا کرنے کے بعد  ان کا دہرانا واجب ہوگا اور اس صورت میں اس کی ترتیب باقی رہے گی، اگر وتر پڑھے بغیر اس نے اگلے چھ وقتوں کی نمازیں (یعنی فوت شدہ وتر کے بعد کی فجر سے اگلے دن کی فجر کی نماز تک) ادا کرلیں تو اب اس کی ترتیب ساقط ہو جائے گی، البتہ یہ چھ نمازیں اس صورت میں درست ہو جائیں گی اور ان کا دہرانا واجب نہیں ہوگا۔ </p><p style=""text-align:justify;""><span class=""ar_writing"">في الدر المختار وحاشية ابن عابدين (رد المحتار) (2 / 65):</span></p><p class=""indent"" style=""text-align:justify;""><span class=""ar_writing"">""(الترتيب بين الفروض الخمسة والوتر أداء وقضاء لازم).....(فلم يجز) .. (فجر من تذكر أنه لم يوتر) لوجوبه عنده (إلا) .. (إذا ضاق الوقت المستحب)"".</span></p><p style=""text-align:justify;""><span class=""ar_writing"">وفيه أيضًا (2 / 68):</span></p><p class=""indent"" style=""text-align:justify;""><span class=""ar_writing"">""لايلزم الترتيب بين الفائتة والوقتية ولا بين الفوائت إذا كانت الفوائت ستًّا، كذا في النهر. أما بين الوقتيتين كالوتر والعشاء فلايسقط الترتيب بهذا المسقط كما لايخفى.""</span></p><p class=""indent"" style=""text-align:left;"">فقط واللہ اعلم</p></p><hr class=""big-hr""/>",05-08-2020,144112200963,banuri.edu.pk,نماز,فوت شدہ نمازوں کی قضا,قضاء نمازوں کا بیان,"<div class=""col-md-12 sawal-jawab""><h3 class=""question_heading"">سوال</h3><p><p style=""text-align:justify;"">وتر کی قضا کا حُکم صاحبِ ترتیب کے لیے کیا ہے؟</p></p><h4 class=""question_heading"">جواب</h4><p><p style=""text-align:justify;"">جو شخص صاحبِ ترتیب ہو، اس پر اپنی ترتیب برقرار رکھنے کے لیے لازم ہے کہ  اگر اس سے وتر کی نماز قضا ہوگئی تو فجر کی نماز ادا کرنے سے پہلے وتر کی نماز قضا کرے پھر فجر پڑھے۔ وتر کی نماز  پڑھے بغیر چھ  سے کم نمازیں ادا کرنے کی صورت  میں اس کی وہ تمام نمازیں فاسد ہوں گی اور وتر ادا کرنے کے بعد  ان کا دہرانا واجب ہوگا اور اس صورت میں اس کی ترتیب باقی رہے گی، اگر وتر پڑھے بغیر اس نے اگلے چھ وقتوں کی نمازیں (یعنی فوت شدہ وتر کے بعد کی فجر سے اگلے دن کی فجر کی نماز تک) ادا کرلیں تو اب اس کی ترتیب ساقط ہو جائے گی، البتہ یہ چھ نمازیں اس صورت میں درست ہو جائیں گی اور ان کا دہرانا واجب نہیں ہوگا۔ </p><p style=""text-align:justify;""><span class=""ar_writing"">في الدر المختار وحاشية ابن عابدين (رد المحتار) (2 / 65):</span></p><p class=""indent"" style=""text-align:justify;""><span class=""ar_writing"">""(الترتيب بين الفروض الخمسة والوتر أداء وقضاء لازم).....(فلم يجز) .. (فجر من تذكر أنه لم يوتر) لوجوبه عنده (إلا) .. (إذا ضاق الوقت المستحب)"".</span></p><p style=""text-align:justify;""><span class=""ar_writing"">وفيه أيضًا (2 / 68):</span></p><p class=""indent"" style=""text-align:justify;""><span class=""ar_writing"">""لايلزم الترتيب بين الفائتة والوقتية ولا بين الفوائت إذا كانت الفوائت ستًّا، كذا في النهر. أما بين الوقتيتين كالوتر والعشاء فلايسقط الترتيب بهذا المسقط كما لايخفى.""</span></p><p class=""indent"" style=""text-align:left;"">فقط واللہ اعلم</p></p><hr class=""big-hr""/><div class=""col-sm-6 col-md-6""><p class=""question_heading"" style=""color:#73161f"">فتویٰ نمبر : <a id=""fatwa_number"">144112200963</a></p></div><div class=""col-sm-6 col-md-6""><p style=""color:#73161f"">دارالافتاء :
                                جامعہ علوم اسلامیہ علامہ محمد یوسف بنوری ٹاؤن</p></div><hr class=""big-hr""/><div class=""col-sm-4 col-md-4""><div class=""tag""><a href=""https://www.banuri.edu.pk/questions/kitab/salat""><i class=""icon-docs-bold""></i> نماز</a></div></div><div class=""col-sm-4 col-md-4""><div class=""tag""><a href=""https://www.banuri.edu.pk/questions/bab/fout-shuda-namazon-ki-qaza""><i class=""icon-docs-bold""></i> فوت شدہ نمازوں کی قضا</a></div></div><div class=""col-sm-4 col-md-4""><div class=""tag""><a href=""https://www.banuri.edu.pk/questions/fasal/qaza-namazon-ka-bayan""><i class=""icon-docs-bold""></i> قضاء نمازوں کا بیان</a></div></div></div>"
https://www.banuri.edu.pk/readquestion/fetroza-angothi-pihnny-ka-hukum-144112200944/05-08-2020,فیروزہ پتھر کی انگوٹھی پہننے کا حکم,"<p><p style=""text-align:justify;"">فیروزہ نامی انگوٹھی کا کیا حکم ہے؟</p></p>","<p><p style=""text-align:justify;"">دیگر پتھروں کی طرح جس انگوٹھی میں فیروزہ پتھر جڑا ہوا ہو وہ  انگوٹھی بھی پہننا جائز ہے، البتہ یہ عقیدہ رکھنا قطعًا درست نہیں کہ کسی قسم کے جانی یا مالی نفع ونقصان میں کوئی پتھر مؤثر ہوتا ہے، اللہ تعالی کے حکم کے بغیر کوئی بھی پتھر اپنے اندر کوئی تاثیر نہیں رکھتا۔ اگر پتھر میں تاثیر کا عقیدہ نہ ہو تو مردوں کو ساڑھے چار ماشہ چاندی کی انگوٹھی پہننے کی اجازت ہے جس کا نگینہ کسی بھی پتھر کا ہوسکتا ہے۔ فقط واللہ اعلم</p></p><hr class=""big-hr""/>",05-08-2020,144112200944,banuri.edu.pk,حقوق و آدابِ معاشرت,لباس / وضع قطع,زیب و زینت کی اشیاء,"<div class=""col-md-12 sawal-jawab""><h3 class=""question_heading"">سوال</h3><p><p style=""text-align:justify;"">فیروزہ نامی انگوٹھی کا کیا حکم ہے؟</p></p><h4 class=""question_heading"">جواب</h4><p><p style=""text-align:justify;"">دیگر پتھروں کی طرح جس انگوٹھی میں فیروزہ پتھر جڑا ہوا ہو وہ  انگوٹھی بھی پہننا جائز ہے، البتہ یہ عقیدہ رکھنا قطعًا درست نہیں کہ کسی قسم کے جانی یا مالی نفع ونقصان میں کوئی پتھر مؤثر ہوتا ہے، اللہ تعالی کے حکم کے بغیر کوئی بھی پتھر اپنے اندر کوئی تاثیر نہیں رکھتا۔ اگر پتھر میں تاثیر کا عقیدہ نہ ہو تو مردوں کو ساڑھے چار ماشہ چاندی کی انگوٹھی پہننے کی اجازت ہے جس کا نگینہ کسی بھی پتھر کا ہوسکتا ہے۔ فقط واللہ اعلم</p></p><hr class=""big-hr""/><div class=""col-sm-6 col-md-6""><p class=""question_heading"" style=""color:#73161f"">فتویٰ نمبر : <a id=""fatwa_number"">144112200944</a></p></div><div class=""col-sm-6 col-md-6""><p style=""color:#73161f"">دارالافتاء :
                                جامعہ علوم اسلامیہ علامہ محمد یوسف بنوری ٹاؤن</p></div><hr class=""big-hr""/><div class=""col-sm-4 col-md-4""><div class=""tag""><a href=""https://www.banuri.edu.pk/questions/kitab/huqooq-muashret""><i class=""icon-docs-bold""></i> حقوق و آدابِ معاشرت</a></div></div><div class=""col-sm-4 col-md-4""><div class=""tag""><a href=""https://www.banuri.edu.pk/questions/bab/libass-waza-qata""><i class=""icon-docs-bold""></i> لباس / وضع قطع</a></div></div><div class=""col-sm-4 col-md-4""><div class=""tag""><a href=""https://www.banuri.edu.pk/questions/fasal/zayb-o-zeenat-ki-ashya""><i class=""icon-docs-bold""></i> زیب و زینت کی اشیاء</a></div></div></div>"
https://www.banuri.edu.pk/readquestion/kya-makka-mukarrama-main-wurbani-ka-sawab-zyada-hay-144112200952/05-08-2020,کیا مکہ مکرمہ میں قربانی کا ثواب زیادہ ہے؟,"<p><p style=""text-align:justify;"">مکہ  مکرمہ  میں قربانی کرنے کا ثواب زیادہ ہے یا نہیں؟ </p></p>","<p><p dir=""rtl"" style=""text-align:justify;"">مکہ مکرمہ میں کسی بھی نیک عمل کا ثواب مکہ کے علاوہ دیگر مقامات کے عمل سے افضل ہے، لہذا مکہ میں قربانی کا ثواب  بھی دیگر جگہوں پر قربانی سے زیادہ ہوگا۔ علامہ ابن حجر ہیتمی رحمہ اللہ نے اپنے فتاویٰ میں لکھاہے کہ حدیثِ صحیح یا حسن کے مطابق حدودِ حرم کی ہر نیکی ایک لاکھ نیکیوں کے برابر ہے۔</p><p style=""text-align:justify;""><span class=""ar_writing"">قال ابن حجر الهيتمي الشافعي:</span></p><p class=""indent"" style=""text-align:justify;""><span class=""ar_writing"">""بَلْ سَائِرِ الْعِبَادَاتِ، فَفِي الْحَدِيثِ الصَّحِيحِ، أَوْ الْحَسَنِ أَنَّ «حَسَنَةَ الْحَرَمِ بِمِائَةِ أَلْفِ حَسَنَةٍ» أَيْ غَيْرِ الصَّلَاةِ لِمَا مَرَّ فِيهَا.""</span></p><p class=""indent"" style=""text-align:left;""><span class=""ar_writing"">(الفتاوى الفقهية الكبرى: ٢ / ٩١، دار الكتب العلمية، بيروت) </span></p><p class=""indent"" style=""text-align:justify;""><span class=""ar_writing"">""قال الحسن البصري : أن من صام في الحرم كتب له صوم مئة ألف يوم ومن تصدق فيها بدرهم كتب له مئة ألف درهم صدقة.""</span></p><p class=""indent"" style=""text-align:left;""><span class=""ar_writing"">(أخبار مكة للفاكهي : ٢/ ٢٩٢)</span></p><p class=""indent"" style=""text-align:left;"">فقط واللہ اعلم </p></p><hr class=""big-hr""/>",05-08-2020,144112200952,banuri.edu.pk,حج,حج / عمرہ,مقامات متبرکہ,"<div class=""col-md-12 sawal-jawab""><h3 class=""question_heading"">سوال</h3><p><p style=""text-align:justify;"">مکہ  مکرمہ  میں قربانی کرنے کا ثواب زیادہ ہے یا نہیں؟ </p></p><h4 class=""question_heading"">جواب</h4><p><p dir=""rtl"" style=""text-align:justify;"">مکہ مکرمہ میں کسی بھی نیک عمل کا ثواب مکہ کے علاوہ دیگر مقامات کے عمل سے افضل ہے، لہذا مکہ میں قربانی کا ثواب  بھی دیگر جگہوں پر قربانی سے زیادہ ہوگا۔ علامہ ابن حجر ہیتمی رحمہ اللہ نے اپنے فتاویٰ میں لکھاہے کہ حدیثِ صحیح یا حسن کے مطابق حدودِ حرم کی ہر نیکی ایک لاکھ نیکیوں کے برابر ہے۔</p><p style=""text-align:justify;""><span class=""ar_writing"">قال ابن حجر الهيتمي الشافعي:</span></p><p class=""indent"" style=""text-align:justify;""><span class=""ar_writing"">""بَلْ سَائِرِ الْعِبَادَاتِ، فَفِي الْحَدِيثِ الصَّحِيحِ، أَوْ الْحَسَنِ أَنَّ «حَسَنَةَ الْحَرَمِ بِمِائَةِ أَلْفِ حَسَنَةٍ» أَيْ غَيْرِ الصَّلَاةِ لِمَا مَرَّ فِيهَا.""</span></p><p class=""indent"" style=""text-align:left;""><span class=""ar_writing"">(الفتاوى الفقهية الكبرى: ٢ / ٩١، دار الكتب العلمية، بيروت) </span></p><p class=""indent"" style=""text-align:justify;""><span class=""ar_writing"">""قال الحسن البصري : أن من صام في الحرم كتب له صوم مئة ألف يوم ومن تصدق فيها بدرهم كتب له مئة ألف درهم صدقة.""</span></p><p class=""indent"" style=""text-align:left;""><span class=""ar_writing"">(أخبار مكة للفاكهي : ٢/ ٢٩٢)</span></p><p class=""indent"" style=""text-align:left;"">فقط واللہ اعلم </p></p><hr class=""big-hr""/><div class=""col-sm-6 col-md-6""><p class=""question_heading"" style=""color:#73161f"">فتویٰ نمبر : <a id=""fatwa_number"">144112200952</a></p></div><div class=""col-sm-6 col-md-6""><p style=""color:#73161f"">دارالافتاء :
                                جامعہ علوم اسلامیہ علامہ محمد یوسف بنوری ٹاؤن</p></div><hr class=""big-hr""/><div class=""col-sm-4 col-md-4""><div class=""tag""><a href=""https://www.banuri.edu.pk/questions/kitab/haj""><i class=""icon-docs-bold""></i> حج</a></div></div><div class=""col-sm-4 col-md-4""><div class=""tag""><a href=""https://www.banuri.edu.pk/questions/bab/hajj-umrah""><i class=""icon-docs-bold""></i> حج / عمرہ</a></div></div><div class=""col-sm-4 col-md-4""><div class=""tag""><a href=""https://www.banuri.edu.pk/questions/fasal/maqamat-e-mutabarrakah""><i class=""icon-docs-bold""></i> مقامات متبرکہ</a></div></div></div>"
https://www.banuri.edu.pk/readquestion/zilhij-ky-rozon-ki-fazelat-144112200937/05-08-2020,ذی الحجہ کے روزوں کی فضیلت,"<p><p style=""text-align:justify;"">ذوالحجہ کے روزوں کی کیا فضیلت ہے؟</p></p>","<p><p style=""text-align:justify;"">ذوالحجہ کے ابتدائی دس ایام بڑی فضیلت کے حامل ہیں، بعض مفسرین نے قرآنِ کریم کی سورہ فجر کی آیت کریمہ <span class=""qr_writing"">{ولیالٍ عشر}</span> کی تفسیر میں لکھا ہے کہ اس آیت میں جن دس راتوں کی قسم کھائی گئی ہے، اس سے مراد ذوالحجہ کی ابتدائی دس راتیں ہیں۔ ان ایام میں نیک اعمال کرنے کی ترغیب دی گئی ہے اور ان دنوں کی عبادت کی بہت زیادہ فضیلت احادیث میں بیان  کی گئی ہے، چاہے یہ عبادات ذکر و اذکار کی صورت میں ہوں، یا قیام اللیل کی صورت میں یا روزوں کی صورت میں۔</p><p style=""text-align:justify;"">احادیثِ مبارکہ سے معلوم ہوتا ہے کہ ذوالحجہ کے ابتدائی ایام میں ہردن کا روزہ ایک سال کے روزوں کے برابر اجر رکھتا ہے، اور بطورِ خاص یومِ عرفہ (9 ذوالحجہ)کے روزے کی یہ فضیلت بیان کی گئی ہے کہ اس دن کا روزہ ایک سال قبل اور ایک سال بعد کے گناہوں کا کفارہ ہے۔</p><p style=""text-align:justify;"">اس سلسلہ کی احادیث مبارکہ ملاحظہ ہوں:</p><p style=""text-align:justify;"">ترمذی شریف میں ہے:</p><p class=""indent"" style=""text-align:justify;"">""<span class=""ar_writing"">عَنْ ابْنِ عَبَّاسٍ قَالَ قَالَ رَسُولُ اللَّهِ صَلَّی اللَّهُ عَلَيْهِ وَسَلَّمَ مَا مِنْ أَيَّامٍ الْعَمَلُ الصَّالِحُ فِيهِنَّ أَحَبُّ إِلَی اللَّهِ مِنْ هَذِهِ الْأَيَّامِ الْعَشْرِ فَقَالُوا يَا رَسُولَ اللَّهِ وَلَا الْجِهَادُ فِي سَبِيلِ اللَّهِ فَقَالَ رَسُولُ اللَّهِ صَلَّی اللَّهُ عَلَيْهِ وَسَلَّمَ وَلَا الْجِهَادُ فِي سَبِيلِ اللَّهِ إِلَّا رَجُلٌ خَرَجَ بِنَفْسِهِ وَمَالِهِ فَلَمْ يَرْجِعْ مِنْ ذَلِکَ بِشَيْئٍ</span>.""</p><p class=""indent"" style=""text-align:left;""><span class=""ar_writing"">(باب ما جاء في العمل في أيام العشر، 3/130 ط: دار إحیاء التراث العربي بیروت)</span></p><p class=""indent"" style=""text-align:justify;"">ترجمہ: حضرت ابن عباس رضی اللہ تعالیٰ عنہما سے روایت ہے کہ رسول اللہ صلی اللہ علیہ  وسلم نے فرمایا: ذوالحجہ کے پہلے دس دنوں میں کیے گئے اعمالِ صالحہ اللہ تعالیٰ کے نزدیک تمام ایام میں کیے گئے نیک اعمال سے زیادہ محبوب ہیں۔ صحابہ رضی اللہ تعالیٰ عنہم نے عرض کیا: یا رسول اللہ ﷺ! اگر ان دس دنوں کے علاوہ اللہ کی راہ میں جہاد کرے تب بھی؟ آپ ﷺنے فرمایا: ہاں! تب بھی اِن ہی اَیام کا عمل زیادہ محبوب ہے، البتہ اگر کوئی شخص اپنی جان و مال دونوں چیزیں لے کر جہاد میں نکلا اور ان میں سے کسی چیز کے ساتھ بھی واپس نہ ہوا (یعنی شہید ہوگیاتو یہ افضل ہے)۔</p><p style=""text-align:justify;""><span class=""ar_writing"">وفیه أیضاً:</span></p><p class=""indent"" style=""text-align:justify;"">""<span class=""ar_writing"">عَنْ أَبِي قَتَادَةَ أَنَّ النَّبِيَّ صَلَّی اللَّهُ عَلَيْهِ وَسَلَّمَ قَالَ: صِيَامُ يَوْمِ عَرَفَةَ إِنِّي أَحْتَسِبُ عَلَی اللَّهِ أَنْ يُکَفِّرَ السَّنَةَ الَّتِي قَبْلَهُ وَالسَّنَةَ الَّتِي بَعْدَهُ.</span>""</p><p class=""indent"" style=""text-align:left;""><span class=""ar_writing"">( باب ما جاء في فضل صوم يوم عرفة ،3/124 ط: دار إحیاء التراث العربي، بیروت)</span></p><p class=""indent"" style=""text-align:justify;"">ترجمہ: حضرت ابوقتادہ رضی اللہ تعالیٰ عنہ سے روایت ہے کہ نبی کریم صلی اللہ علیہ  وسلم نے فرمایا:  مجھے اللہ تعالیٰ سے امید ہے کہ عرفہ کے دن کا روزہ رکھنے سے ایک سال پہلے اور ایک سال بعد کے گناہ معاف فرما دے۔ </p><p style=""text-align:justify;""><span class=""ar_writing"">وفیه أیضاً:</span></p><p class=""indent"" style=""text-align:justify;"">""<span class=""ar_writing"">عَنْ أَبِي هُرَيْرَةَ عَنْ النَّبِيِّ صَلَّی اللَّهُ عَلَيْهِ وَسَلَّمَ قَالَ: مَا مِنْ أَيَّامٍ أَحَبُّ إِلَی اللَّهِ أَنْ يُتَعَبَّدَ لَهُ فِيهَا مِنْ عَشْرِ ذِي الْحِجَّةِ يَعْدِلُ صِيَامُ کُلِّ يَوْمٍ مِنْهَا بِصِيَامِ سَنَةٍ وَقِيَامُ کُلِّ لَيْلَةٍ مِنْهَا بِقِيَامِ لَيْلَةِ الْقَدْر.</span>""</p><p class=""indent"" style=""text-align:left;""><span class=""ar_writing"">(باب ما جاء في العمل في أيام العشر، 3/131 ط: دار إحیاء التراث العربي، بیروت)</span></p><p class=""indent"" style=""text-align:justify;"">ترجمہ: حضرت ابوہریرہ رضی اللہ تعالیٰ عنہ سے روایت ہے کہ نبی اکریم صلی اللہ علیہ  وسلم نے فرمایا: اللہ کے نزدیک ذوالحجہ کے پہلے دس دنوں کی عبادت تمام دنوں کی عبادت سے زیادہ پسندیدہ ہے۔ ان ایام میں سے (یعنی ذوالحجہ کے پہلے دس دنوں میں) ایک دن کا روزہ پورے سال کے روزوں اور رات کا قیام شب قدر کے قیام کے برابر ہے۔</p><p class=""indent"" style=""text-align:left;"">فقط واللہ اعلم<span><span></span></span></p></p><hr class=""big-hr""/>",05-08-2020,144112200937,banuri.edu.pk,روزہ,روزہ,نفلی روزے,"<div class=""col-md-12 sawal-jawab""><h3 class=""question_heading"">سوال</h3><p><p style=""text-align:justify;"">ذوالحجہ کے روزوں کی کیا فضیلت ہے؟</p></p><h4 class=""question_heading"">جواب</h4><p><p style=""text-align:justify;"">ذوالحجہ کے ابتدائی دس ایام بڑی فضیلت کے حامل ہیں، بعض مفسرین نے قرآنِ کریم کی سورہ فجر کی آیت کریمہ <span class=""qr_writing"">{ولیالٍ عشر}</span> کی تفسیر میں لکھا ہے کہ اس آیت میں جن دس راتوں کی قسم کھائی گئی ہے، اس سے مراد ذوالحجہ کی ابتدائی دس راتیں ہیں۔ ان ایام میں نیک اعمال کرنے کی ترغیب دی گئی ہے اور ان دنوں کی عبادت کی بہت زیادہ فضیلت احادیث میں بیان  کی گئی ہے، چاہے یہ عبادات ذکر و اذکار کی صورت میں ہوں، یا قیام اللیل کی صورت میں یا روزوں کی صورت میں۔</p><p style=""text-align:justify;"">احادیثِ مبارکہ سے معلوم ہوتا ہے کہ ذوالحجہ کے ابتدائی ایام میں ہردن کا روزہ ایک سال کے روزوں کے برابر اجر رکھتا ہے، اور بطورِ خاص یومِ عرفہ (9 ذوالحجہ)کے روزے کی یہ فضیلت بیان کی گئی ہے کہ اس دن کا روزہ ایک سال قبل اور ایک سال بعد کے گناہوں کا کفارہ ہے۔</p><p style=""text-align:justify;"">اس سلسلہ کی احادیث مبارکہ ملاحظہ ہوں:</p><p style=""text-align:justify;"">ترمذی شریف میں ہے:</p><p class=""indent"" style=""text-align:justify;"">""<span class=""ar_writing"">عَنْ ابْنِ عَبَّاسٍ قَالَ قَالَ رَسُولُ اللَّهِ صَلَّی اللَّهُ عَلَيْهِ وَسَلَّمَ مَا مِنْ أَيَّامٍ الْعَمَلُ الصَّالِحُ فِيهِنَّ أَحَبُّ إِلَی اللَّهِ مِنْ هَذِهِ الْأَيَّامِ الْعَشْرِ فَقَالُوا يَا رَسُولَ اللَّهِ وَلَا الْجِهَادُ فِي سَبِيلِ اللَّهِ فَقَالَ رَسُولُ اللَّهِ صَلَّی اللَّهُ عَلَيْهِ وَسَلَّمَ وَلَا الْجِهَادُ فِي سَبِيلِ اللَّهِ إِلَّا رَجُلٌ خَرَجَ بِنَفْسِهِ وَمَالِهِ فَلَمْ يَرْجِعْ مِنْ ذَلِکَ بِشَيْئٍ</span>.""</p><p class=""indent"" style=""text-align:left;""><span class=""ar_writing"">(باب ما جاء في العمل في أيام العشر، 3/130 ط: دار إحیاء التراث العربي بیروت)</span></p><p class=""indent"" style=""text-align:justify;"">ترجمہ: حضرت ابن عباس رضی اللہ تعالیٰ عنہما سے روایت ہے کہ رسول اللہ صلی اللہ علیہ  وسلم نے فرمایا: ذوالحجہ کے پہلے دس دنوں میں کیے گئے اعمالِ صالحہ اللہ تعالیٰ کے نزدیک تمام ایام میں کیے گئے نیک اعمال سے زیادہ محبوب ہیں۔ صحابہ رضی اللہ تعالیٰ عنہم نے عرض کیا: یا رسول اللہ ﷺ! اگر ان دس دنوں کے علاوہ اللہ کی راہ میں جہاد کرے تب بھی؟ آپ ﷺنے فرمایا: ہاں! تب بھی اِن ہی اَیام کا عمل زیادہ محبوب ہے، البتہ اگر کوئی شخص اپنی جان و مال دونوں چیزیں لے کر جہاد میں نکلا اور ان میں سے کسی چیز کے ساتھ بھی واپس نہ ہوا (یعنی شہید ہوگیاتو یہ افضل ہے)۔</p><p style=""text-align:justify;""><span class=""ar_writing"">وفیه أیضاً:</span></p><p class=""indent"" style=""text-align:justify;"">""<span class=""ar_writing"">عَنْ أَبِي قَتَادَةَ أَنَّ النَّبِيَّ صَلَّی اللَّهُ عَلَيْهِ وَسَلَّمَ قَالَ: صِيَامُ يَوْمِ عَرَفَةَ إِنِّي أَحْتَسِبُ عَلَی اللَّهِ أَنْ يُکَفِّرَ السَّنَةَ الَّتِي قَبْلَهُ وَالسَّنَةَ الَّتِي بَعْدَهُ.</span>""</p><p class=""indent"" style=""text-align:left;""><span class=""ar_writing"">( باب ما جاء في فضل صوم يوم عرفة ،3/124 ط: دار إحیاء التراث العربي، بیروت)</span></p><p class=""indent"" style=""text-align:justify;"">ترجمہ: حضرت ابوقتادہ رضی اللہ تعالیٰ عنہ سے روایت ہے کہ نبی کریم صلی اللہ علیہ  وسلم نے فرمایا:  مجھے اللہ تعالیٰ سے امید ہے کہ عرفہ کے دن کا روزہ رکھنے سے ایک سال پہلے اور ایک سال بعد کے گناہ معاف فرما دے۔ </p><p style=""text-align:justify;""><span class=""ar_writing"">وفیه أیضاً:</span></p><p class=""indent"" style=""text-align:justify;"">""<span class=""ar_writing"">عَنْ أَبِي هُرَيْرَةَ عَنْ النَّبِيِّ صَلَّی اللَّهُ عَلَيْهِ وَسَلَّمَ قَالَ: مَا مِنْ أَيَّامٍ أَحَبُّ إِلَی اللَّهِ أَنْ يُتَعَبَّدَ لَهُ فِيهَا مِنْ عَشْرِ ذِي الْحِجَّةِ يَعْدِلُ صِيَامُ کُلِّ يَوْمٍ مِنْهَا بِصِيَامِ سَنَةٍ وَقِيَامُ کُلِّ لَيْلَةٍ مِنْهَا بِقِيَامِ لَيْلَةِ الْقَدْر.</span>""</p><p class=""indent"" style=""text-align:left;""><span class=""ar_writing"">(باب ما جاء في العمل في أيام العشر، 3/131 ط: دار إحیاء التراث العربي، بیروت)</span></p><p class=""indent"" style=""text-align:justify;"">ترجمہ: حضرت ابوہریرہ رضی اللہ تعالیٰ عنہ سے روایت ہے کہ نبی اکریم صلی اللہ علیہ  وسلم نے فرمایا: اللہ کے نزدیک ذوالحجہ کے پہلے دس دنوں کی عبادت تمام دنوں کی عبادت سے زیادہ پسندیدہ ہے۔ ان ایام میں سے (یعنی ذوالحجہ کے پہلے دس دنوں میں) ایک دن کا روزہ پورے سال کے روزوں اور رات کا قیام شب قدر کے قیام کے برابر ہے۔</p><p class=""indent"" style=""text-align:left;"">فقط واللہ اعلم<span><span></span></span></p></p><hr class=""big-hr""/><div class=""col-sm-6 col-md-6""><p class=""question_heading"" style=""color:#73161f"">فتویٰ نمبر : <a id=""fatwa_number"">144112200937</a></p></div><div class=""col-sm-6 col-md-6""><p style=""color:#73161f"">دارالافتاء :
                                جامعہ علوم اسلامیہ علامہ محمد یوسف بنوری ٹاؤن</p></div><hr class=""big-hr""/><div class=""col-sm-4 col-md-4""><div class=""tag""><a href=""https://www.banuri.edu.pk/questions/kitab/soum""><i class=""icon-docs-bold""></i> روزہ</a></div></div><div class=""col-sm-4 col-md-4""><div class=""tag""><a href=""https://www.banuri.edu.pk/questions/bab/roza""><i class=""icon-docs-bold""></i> روزہ</a></div></div><div class=""col-sm-4 col-md-4""><div class=""tag""><a href=""https://www.banuri.edu.pk/questions/fasal/nafli-rozay""><i class=""icon-docs-bold""></i> نفلی روزے</a></div></div></div>"
https://www.banuri.edu.pk/readquestion/mihndi-lagany-ka-hukum-144112200935/05-08-2020,مہندی لگانے کا حکم,"<p><p style=""text-align:justify;"">کیا مہندی لگانا جائز  ہے؟</p></p>","<p><p style=""text-align:justify;"">عورتوں کے لیے ہاتھ اور پاؤں پر ہر رنگ کی مہندی لگانا جائز ہے، (بشرطیکہ  مہندی میں کوئی ناپاک شے ملی ہوئی نہ ہو)، جب کہ سر کے بالوں میں سیاہ رنگ کی مہندی کے علاوہ مہندی کا  استعمال جائزہے۔</p><p style=""text-align:justify;"">مرد کے لیے سر اور داڑھی کے بال سفید ہوجانے کی صورت میں سیاہ رنگ کے علاوہ مہندی کا خضاب لگانے کو فقہاءِ کرام  نے  مستحب لکھا  ہے۔ مردوں کے لیے (سر اور داڑھی کے علاوہ دیگر اعضاء پر) بغیرکسی عذرکے مہندی لگانا عورتوں کے ساتھ مشابہت کی وجہ سے مکروہ ہے۔</p><p style=""text-align:justify;""> مہندی لگانے کے بعد وضو اور غسل وغیرہ کا حکم یہ ہے کہ مہندی لگانے یا رنگنے سے جو رنگ لگا رہ جائے اس سے وضو اور غسل وغیرہ میں خلل نہیں آتا، البتہ اگر جمی ہوئی مہندی ہاتھ پر جمی رہ گئی (یعنی ابھی تک اسے دھوکر یا کھرچ کر ہٹایا نہیں گیا) تو اس پر وضو صحیح نہیں ہوگا، کیوں کہ وہ جسم پر پانی پہنچنے سے مانع ہوتی ہے۔</p><p style=""text-align:justify;""><span class=""ar_writing"">الدر المختار شرح تنوير الأبصار (6 / 422):</span></p><p class=""indent"" style=""text-align:justify;""><span class=""ar_writing"">"" يستحب للرجل خضاب شعره ولحيته ولو في غير حرب في الأصح، والأصح أنه عليه الصلاة والسلام لم يفعله ويكره بالسواد، وقيل: لا"".</span></p><p style=""text-align:justify;""><span class=""ar_writing"">حاشية رد المحتار على الدر المختار - (6 / 422):</span></p><p class=""indent"" style=""text-align:justify;""><span class=""ar_writing"">""(قوله: خضاب شعره ولحيته ) لا يديه ورجليه؛ فإنه مكروه للتشبه بالنساء ، (قوله: والأصح أنه عليه الصلاة والسلام لم يفعله )؛ لأنه لم يحتج إليه؛ لأنه توفي ولم يبلغ شيبه عشرين شعرةً في رأسه ولحيته بل كان سبع عشرة، كما في البخاري وغيره،  وورد أن أبا بكر رضي الله عنه خضب بالحناء والكتم، مدني"".</span></p><p style=""text-align:justify;""><span class=""ar_writing"">الدر المختار وحاشية ابن عابدين (رد المحتار) (1/ 154):</span></p><p class=""indent"" style=""text-align:justify;""><span class=""ar_writing"">""(ولا يمنع) الطهارة (ونيم) أي خرء ذباب وبرغوث لم يصل الماء تحته (وحناء) ولو جرمه، به يفتى.</span></p><p class=""indent"" style=""text-align:justify;""><span class=""ar_writing"">(قوله: به يفتى) صرح به في المنية عن الذخيرة في مسألة الحناء والطين والدرن معللاً بالضرورة. قال في شرحها: ولأن الماء ينفذه لتخلله وعدم لزوجته وصلابته، والمعتبر في جميع ذلك نفوذ الماء ووصوله إلى البدن"".</span></p><p class=""indent"" style=""text-align:left;"">فقط واللہ اعلم</p></p><hr class=""big-hr""/>",05-08-2020,144112200935,banuri.edu.pk,حقوق و آدابِ معاشرت,لباس / وضع قطع,زیب و زینت کی اشیاء,"<div class=""col-md-12 sawal-jawab""><h3 class=""question_heading"">سوال</h3><p><p style=""text-align:justify;"">کیا مہندی لگانا جائز  ہے؟</p></p><h4 class=""question_heading"">جواب</h4><p><p style=""text-align:justify;"">عورتوں کے لیے ہاتھ اور پاؤں پر ہر رنگ کی مہندی لگانا جائز ہے، (بشرطیکہ  مہندی میں کوئی ناپاک شے ملی ہوئی نہ ہو)، جب کہ سر کے بالوں میں سیاہ رنگ کی مہندی کے علاوہ مہندی کا  استعمال جائزہے۔</p><p style=""text-align:justify;"">مرد کے لیے سر اور داڑھی کے بال سفید ہوجانے کی صورت میں سیاہ رنگ کے علاوہ مہندی کا خضاب لگانے کو فقہاءِ کرام  نے  مستحب لکھا  ہے۔ مردوں کے لیے (سر اور داڑھی کے علاوہ دیگر اعضاء پر) بغیرکسی عذرکے مہندی لگانا عورتوں کے ساتھ مشابہت کی وجہ سے مکروہ ہے۔</p><p style=""text-align:justify;""> مہندی لگانے کے بعد وضو اور غسل وغیرہ کا حکم یہ ہے کہ مہندی لگانے یا رنگنے سے جو رنگ لگا رہ جائے اس سے وضو اور غسل وغیرہ میں خلل نہیں آتا، البتہ اگر جمی ہوئی مہندی ہاتھ پر جمی رہ گئی (یعنی ابھی تک اسے دھوکر یا کھرچ کر ہٹایا نہیں گیا) تو اس پر وضو صحیح نہیں ہوگا، کیوں کہ وہ جسم پر پانی پہنچنے سے مانع ہوتی ہے۔</p><p style=""text-align:justify;""><span class=""ar_writing"">الدر المختار شرح تنوير الأبصار (6 / 422):</span></p><p class=""indent"" style=""text-align:justify;""><span class=""ar_writing"">"" يستحب للرجل خضاب شعره ولحيته ولو في غير حرب في الأصح، والأصح أنه عليه الصلاة والسلام لم يفعله ويكره بالسواد، وقيل: لا"".</span></p><p style=""text-align:justify;""><span class=""ar_writing"">حاشية رد المحتار على الدر المختار - (6 / 422):</span></p><p class=""indent"" style=""text-align:justify;""><span class=""ar_writing"">""(قوله: خضاب شعره ولحيته ) لا يديه ورجليه؛ فإنه مكروه للتشبه بالنساء ، (قوله: والأصح أنه عليه الصلاة والسلام لم يفعله )؛ لأنه لم يحتج إليه؛ لأنه توفي ولم يبلغ شيبه عشرين شعرةً في رأسه ولحيته بل كان سبع عشرة، كما في البخاري وغيره،  وورد أن أبا بكر رضي الله عنه خضب بالحناء والكتم، مدني"".</span></p><p style=""text-align:justify;""><span class=""ar_writing"">الدر المختار وحاشية ابن عابدين (رد المحتار) (1/ 154):</span></p><p class=""indent"" style=""text-align:justify;""><span class=""ar_writing"">""(ولا يمنع) الطهارة (ونيم) أي خرء ذباب وبرغوث لم يصل الماء تحته (وحناء) ولو جرمه، به يفتى.</span></p><p class=""indent"" style=""text-align:justify;""><span class=""ar_writing"">(قوله: به يفتى) صرح به في المنية عن الذخيرة في مسألة الحناء والطين والدرن معللاً بالضرورة. قال في شرحها: ولأن الماء ينفذه لتخلله وعدم لزوجته وصلابته، والمعتبر في جميع ذلك نفوذ الماء ووصوله إلى البدن"".</span></p><p class=""indent"" style=""text-align:left;"">فقط واللہ اعلم</p></p><hr class=""big-hr""/><div class=""col-sm-6 col-md-6""><p class=""question_heading"" style=""color:#73161f"">فتویٰ نمبر : <a id=""fatwa_number"">144112200935</a></p></div><div class=""col-sm-6 col-md-6""><p style=""color:#73161f"">دارالافتاء :
                                جامعہ علوم اسلامیہ علامہ محمد یوسف بنوری ٹاؤن</p></div><hr class=""big-hr""/><div class=""col-sm-4 col-md-4""><div class=""tag""><a href=""https://www.banuri.edu.pk/questions/kitab/huqooq-muashret""><i class=""icon-docs-bold""></i> حقوق و آدابِ معاشرت</a></div></div><div class=""col-sm-4 col-md-4""><div class=""tag""><a href=""https://www.banuri.edu.pk/questions/bab/libass-waza-qata""><i class=""icon-docs-bold""></i> لباس / وضع قطع</a></div></div><div class=""col-sm-4 col-md-4""><div class=""tag""><a href=""https://www.banuri.edu.pk/questions/fasal/zayb-o-zeenat-ki-ashya""><i class=""icon-docs-bold""></i> زیب و زینت کی اشیاء</a></div></div></div>"
https://www.banuri.edu.pk/readquestion/mayyat-ky-lie-khatm-e-quraan-kr-na-144203201311/10-11-2020,میت کے لیے ختم قرآن کرنا,"<p><p style=""text-align:justify;"">کیافرماتے ہیں مفتیانِ عظام وعلماءِ کرام اس شرعی مسئلہ کے بارے میں کہ جب کسی گھر میں کوئی آدمی مر جائے تو اس کے لیے ختم القرآن کرنا کیسا ہے؟</p></p>","<p><p style=""text-align:justify;"">کسی مسلمان کے انتقال پر میت کے متعلقین سے تعزیت کرنا (یعنی ان کو تسلی دینا اور صبر کی تلقین کرنا) سنت سے ثابت ہے، تعزیت کا مسنون طریقہ یہ ہے کہ میت کی تدفین سے پہلے یا اگر موقع نہ ملے تو تدفین کے بعد میت کے گھر والوں کے یہاں جا کر ان کو تسلی دے، ان کی دل جوئی کرے، صبر کی تلقین کرے،  ان کے اور میت کے حق میں دعائیہ جملے کہے، تعزیت کے الفاظ اور مضمون متعین نہیں ہے،صبر اور تسلی کے لیے جو الفاظ زیادہ موزوں ہوں وہ جملے کہے، تعزیت کی بہترین دعا یہ ہے:</p><p class=""indent"" style=""text-align:justify;""><span class=""qr_writing"">""إِنَّ لِلّٰهِ مَا أَخَذَ وَلَهُ مَا أَعْطىٰ، وَكُلُّ شَيْءٍ عِنْدَهُ بِأَجَلٍ مُسَمًّى، فَاصْبِرْ وَاحْتَسِبْ"". </span></p><p class=""indent"" style=""text-align:justify;""><span class=""qr_writing"">’’أَعْظَمَ اللّٰهُ أَجْرَكَ، وَأَحْسَنَ عَزَائَكَ، وَغَفَرَ لِمَیِّتِكَ‘‘.</span></p><p style=""text-align:justify;"">اسی طرح شریعت میں ایصالِ ثواب بھی  مستحب ہے، لیکن اس کا کوئی خاص طریقہ مقرر نہیں ہے، جو شخص جس وقت جس دن چاہے، کوئی بھی نفلی عبادت کر کے اُس کا ثواب میت کو بخش سکتا ہے۔لہذامرحوم کے ایصالِ ثواب کے لیے اعزہ و اقارب کا نفسِ قرآن کریم پڑھنا اور میت کے لیے دعا کرنا جائز ہے۔</p><p style=""text-align:justify;"">لیکن مروجہ طریقہ پر دن متعین کرکے اجتماعی طور پر تعزیت کے لیے جمع ہونا اور  اجتماعی قرآن خوانی کرنا، جس میں میت کے یہاں کھانے پینے کا التزام ہو اور لوگوں کو باقاعدہ دعوت دے کر جمع کرنا، نہ آنے والوں سے ناراضی کا اظہار کرنا  اور ان سب باتوں کو باعثِ ثواب اور شریعت کا حصہ سمجھنا بدعت ہے اور ناجائز وممنوع ہے، ایک مزید خرابی اس میں یہ بھی ہے کہ تعزیت کے لیے آنے والوں کو اہلِ میت کے یہاں ضیافت و دعوت بھی نہیں کھانی چاہیے، کیوں کہ دعوت کا کھانا تو خوشی کے موقع پر مشروع ہے نہ کہ غم کے موقع پر، اسی لیے فقہاء نے تعزیت کے موقع پر کھانے کی دعوت کو مکروہ اور بدعتِ مستقبحہ قرار دیا ہے۔ اگر ان قیودات کے بغیر اتفاقًا اہلِ خانہ یا اہلِ خاندان یا متعلقین جمع ہوکر قرآنِ مجید ختم کرکے ایصالِ ثواب کریں (بشرطیکہ کوئی اور ممنوعِ شرعی نہ ہو، مثلاً: قرآنِ پاک کی غلط خوانی) تو اس کی اجازت ہوگی۔</p><p style=""text-align:justify;"">فتاوی شامی میں ہے:</p><p class=""indent"" style=""text-align:justify;""><span class=""ar_writing"">"" (قوله: وباتخاذ طعام لهم) قال في الفتح: ويستحب لجيران أهل الميت والأقرباء الأباعد تهيئة طعام لهم يشبعهم يومهم وليلتهم؛ لقوله صلى الله عليه وسلم: «اصنعوا لآل جعفر طعاماً فقد جاءهم ما يشغلهم»، حسنه الترمذي وصححه الحاكم، ولأنه بر ومعروف، ويلح عليهم في الأكل، لأن الحزن يمنعهم من ذلك فيضعفون. اهـ. مطلب في كراهة الضيافة من أهل الميت. </span></p><p class=""indent"" style=""text-align:justify;""><span class=""ar_writing"">وقال أيضاً: ويكره اتخاذ الضيافة من الطعام من أهل الميت؛ لأنه شرع في السرور لا في الشرور، وهي بدعة مستقبحة. وروى الإمام أحمد وابن ماجه بإسناد صحيح عن جرير بن عبد الله قال: "" كنا نعد الاجتماع إلى أهل الميت وصنعهم الطعام من النياحة "". اهـ. وفي البزازية: ويكره اتخاذ الطعام في اليوم الأول والثالث وبعد الأسبوع، ونقل الطعام إلى القبر في المواسم، واتخاذ الدعوة لقراءة القرآن وجمع الصلحاء والقراء للختم أو لقراءة سورة الأنعام أو الإخلاص. والحاصل: أن اتخاذ الطعام عند قراءة القرآن لأجل الأكل يكره. وفيها من كتاب الاستحسان: وإن اتخذ طعاماً للفقراء كان حسناً اهـ وأطال في ذلك في المعراج. وقال: وهذه الأفعال كلها للسمعة والرياء فيحترز عنها؛ لأنهم لايريدون بها وجه الله تعالى. اهـ. وبحث هنا في شرح المنية بمعارضة حديث جرير المار بحديث آخر فيه: «أنه عليه الصلاة والسلام دعته امرأة رجل ميت لما رجع من دفنه فجاء وجيء بالطعام» . أقول: وفيه نظر، فإنه واقعة حال لا عموم لها مع احتمال سبب خاص، بخلاف ما في حديث جرير، على أنه بحث في المنقول في مذهبنا ومذهب غيرنا كالشافعية والحنابلة استدلالاً بحديث جرير المذكور على الكراهة، ولا سيما إذا كان في الورثة صغار أو غائب، مع قطع النظر عما يحصل عند ذلك غالباً من المنكرات الكثيرة كإيقاد الشموع والقناديل التي توجد في الأفراح، وكدق الطبول، والغناء بالأصوات الحسان، واجتماع النساء والمردان، وأخذ الأجرة على الذكر وقراءة القرآن، وغير ذلك مما هو مشاهد في هذه الأزمان، وما كان كذلك فلا شك في حرمته وبطلان الوصية به، ولا حول ولا قوة إلا بالله العلي العظيم"". </span></p><p class=""indent"" style=""text-align:left;""><span class=""ar_writing"">(کتاب الصلاة، باب صلاة الجنازة،ج:۲ ؍ ۲۴۰ ، ط: سعید)</span></p><p class=""indent"" style=""text-align:left;"">فقط واللہ اعلم</p></p><hr class=""big-hr""/>",10-11-2020,144203201311,banuri.edu.pk,ایمان و عقائد,بدعات اور رسوم,قرآن خوانی، فاتحہ اور نذر و نیاز,"<div class=""col-md-12 sawal-jawab""><h3 class=""question_heading"">سوال</h3><p><p style=""text-align:justify;"">کیافرماتے ہیں مفتیانِ عظام وعلماءِ کرام اس شرعی مسئلہ کے بارے میں کہ جب کسی گھر میں کوئی آدمی مر جائے تو اس کے لیے ختم القرآن کرنا کیسا ہے؟</p></p><h4 class=""question_heading"">جواب</h4><p><p style=""text-align:justify;"">کسی مسلمان کے انتقال پر میت کے متعلقین سے تعزیت کرنا (یعنی ان کو تسلی دینا اور صبر کی تلقین کرنا) سنت سے ثابت ہے، تعزیت کا مسنون طریقہ یہ ہے کہ میت کی تدفین سے پہلے یا اگر موقع نہ ملے تو تدفین کے بعد میت کے گھر والوں کے یہاں جا کر ان کو تسلی دے، ان کی دل جوئی کرے، صبر کی تلقین کرے،  ان کے اور میت کے حق میں دعائیہ جملے کہے، تعزیت کے الفاظ اور مضمون متعین نہیں ہے،صبر اور تسلی کے لیے جو الفاظ زیادہ موزوں ہوں وہ جملے کہے، تعزیت کی بہترین دعا یہ ہے:</p><p class=""indent"" style=""text-align:justify;""><span class=""qr_writing"">""إِنَّ لِلّٰهِ مَا أَخَذَ وَلَهُ مَا أَعْطىٰ، وَكُلُّ شَيْءٍ عِنْدَهُ بِأَجَلٍ مُسَمًّى، فَاصْبِرْ وَاحْتَسِبْ"". </span></p><p class=""indent"" style=""text-align:justify;""><span class=""qr_writing"">’’أَعْظَمَ اللّٰهُ أَجْرَكَ، وَأَحْسَنَ عَزَائَكَ، وَغَفَرَ لِمَیِّتِكَ‘‘.</span></p><p style=""text-align:justify;"">اسی طرح شریعت میں ایصالِ ثواب بھی  مستحب ہے، لیکن اس کا کوئی خاص طریقہ مقرر نہیں ہے، جو شخص جس وقت جس دن چاہے، کوئی بھی نفلی عبادت کر کے اُس کا ثواب میت کو بخش سکتا ہے۔لہذامرحوم کے ایصالِ ثواب کے لیے اعزہ و اقارب کا نفسِ قرآن کریم پڑھنا اور میت کے لیے دعا کرنا جائز ہے۔</p><p style=""text-align:justify;"">لیکن مروجہ طریقہ پر دن متعین کرکے اجتماعی طور پر تعزیت کے لیے جمع ہونا اور  اجتماعی قرآن خوانی کرنا، جس میں میت کے یہاں کھانے پینے کا التزام ہو اور لوگوں کو باقاعدہ دعوت دے کر جمع کرنا، نہ آنے والوں سے ناراضی کا اظہار کرنا  اور ان سب باتوں کو باعثِ ثواب اور شریعت کا حصہ سمجھنا بدعت ہے اور ناجائز وممنوع ہے، ایک مزید خرابی اس میں یہ بھی ہے کہ تعزیت کے لیے آنے والوں کو اہلِ میت کے یہاں ضیافت و دعوت بھی نہیں کھانی چاہیے، کیوں کہ دعوت کا کھانا تو خوشی کے موقع پر مشروع ہے نہ کہ غم کے موقع پر، اسی لیے فقہاء نے تعزیت کے موقع پر کھانے کی دعوت کو مکروہ اور بدعتِ مستقبحہ قرار دیا ہے۔ اگر ان قیودات کے بغیر اتفاقًا اہلِ خانہ یا اہلِ خاندان یا متعلقین جمع ہوکر قرآنِ مجید ختم کرکے ایصالِ ثواب کریں (بشرطیکہ کوئی اور ممنوعِ شرعی نہ ہو، مثلاً: قرآنِ پاک کی غلط خوانی) تو اس کی اجازت ہوگی۔</p><p style=""text-align:justify;"">فتاوی شامی میں ہے:</p><p class=""indent"" style=""text-align:justify;""><span class=""ar_writing"">"" (قوله: وباتخاذ طعام لهم) قال في الفتح: ويستحب لجيران أهل الميت والأقرباء الأباعد تهيئة طعام لهم يشبعهم يومهم وليلتهم؛ لقوله صلى الله عليه وسلم: «اصنعوا لآل جعفر طعاماً فقد جاءهم ما يشغلهم»، حسنه الترمذي وصححه الحاكم، ولأنه بر ومعروف، ويلح عليهم في الأكل، لأن الحزن يمنعهم من ذلك فيضعفون. اهـ. مطلب في كراهة الضيافة من أهل الميت. </span></p><p class=""indent"" style=""text-align:justify;""><span class=""ar_writing"">وقال أيضاً: ويكره اتخاذ الضيافة من الطعام من أهل الميت؛ لأنه شرع في السرور لا في الشرور، وهي بدعة مستقبحة. وروى الإمام أحمد وابن ماجه بإسناد صحيح عن جرير بن عبد الله قال: "" كنا نعد الاجتماع إلى أهل الميت وصنعهم الطعام من النياحة "". اهـ. وفي البزازية: ويكره اتخاذ الطعام في اليوم الأول والثالث وبعد الأسبوع، ونقل الطعام إلى القبر في المواسم، واتخاذ الدعوة لقراءة القرآن وجمع الصلحاء والقراء للختم أو لقراءة سورة الأنعام أو الإخلاص. والحاصل: أن اتخاذ الطعام عند قراءة القرآن لأجل الأكل يكره. وفيها من كتاب الاستحسان: وإن اتخذ طعاماً للفقراء كان حسناً اهـ وأطال في ذلك في المعراج. وقال: وهذه الأفعال كلها للسمعة والرياء فيحترز عنها؛ لأنهم لايريدون بها وجه الله تعالى. اهـ. وبحث هنا في شرح المنية بمعارضة حديث جرير المار بحديث آخر فيه: «أنه عليه الصلاة والسلام دعته امرأة رجل ميت لما رجع من دفنه فجاء وجيء بالطعام» . أقول: وفيه نظر، فإنه واقعة حال لا عموم لها مع احتمال سبب خاص، بخلاف ما في حديث جرير، على أنه بحث في المنقول في مذهبنا ومذهب غيرنا كالشافعية والحنابلة استدلالاً بحديث جرير المذكور على الكراهة، ولا سيما إذا كان في الورثة صغار أو غائب، مع قطع النظر عما يحصل عند ذلك غالباً من المنكرات الكثيرة كإيقاد الشموع والقناديل التي توجد في الأفراح، وكدق الطبول، والغناء بالأصوات الحسان، واجتماع النساء والمردان، وأخذ الأجرة على الذكر وقراءة القرآن، وغير ذلك مما هو مشاهد في هذه الأزمان، وما كان كذلك فلا شك في حرمته وبطلان الوصية به، ولا حول ولا قوة إلا بالله العلي العظيم"". </span></p><p class=""indent"" style=""text-align:left;""><span class=""ar_writing"">(کتاب الصلاة، باب صلاة الجنازة،ج:۲ ؍ ۲۴۰ ، ط: سعید)</span></p><p class=""indent"" style=""text-align:left;"">فقط واللہ اعلم</p></p><hr class=""big-hr""/><div class=""col-sm-6 col-md-6""><p class=""question_heading"" style=""color:#73161f"">فتویٰ نمبر : <a id=""fatwa_number"">144203201311</a></p></div><div class=""col-sm-6 col-md-6""><p style=""color:#73161f"">دارالافتاء :
                                جامعہ علوم اسلامیہ علامہ محمد یوسف بنوری ٹاؤن</p></div><hr class=""big-hr""/><div class=""col-sm-4 col-md-4""><div class=""tag""><a href=""https://www.banuri.edu.pk/questions/kitab/aqaed""><i class=""icon-docs-bold""></i> ایمان و عقائد</a></div></div><div class=""col-sm-4 col-md-4""><div class=""tag""><a href=""https://www.banuri.edu.pk/questions/bab/bidaat-rasoomat""><i class=""icon-docs-bold""></i> بدعات اور رسوم</a></div></div><div class=""col-sm-4 col-md-4""><div class=""tag""><a href=""https://www.banuri.edu.pk/questions/fasal/quran-khuwani-fatiha-aur-nazr-o-niaz""><i class=""icon-docs-bold""></i> قرآن خوانی، فاتحہ اور نذر و نیاز</a></div></div></div>"
https://www.banuri.edu.pk/readquestion/qadyani-shirakatdaari-wali-company-me-mulazamat-ka-hukum-144203201355/11-11-2020,قادیانی شراکت داری والی کمپنی میں ملازمت کا حکم,"<p><p style=""text-align:justify;""> میں ایک پرائیویٹ کمپنی میں الیکٹریشن ہوں اور کمپنی کا مالک جو ہمیں تنخواہ دیتا ہے اس کا ایک اور آفس جو کسی شہر میں ہے اس میں ایک اور شخص جو کہ قادیانی ہے اس میں کام کرتا ہے، اب کچھ لوگوں کا کہنا ہے کہ وہ ہمارے سیٹھ کا بزنس پارٹنر ہے اور کچھ کا کہنا ہے کہ ملازم ہے، اگر واقعی وہ پارٹنر ہو تو میری ملازمت کی تنخواہ لینا  کیا جائز ہے؟ اور یہ بھی کہ وہ ہمارے سیٹھ کے ساتھ کسی دوسرے قسم کے کاروبار میں پارٹنر ہو اور جس فیلڈ میں ہم ہیں اس کا نہ ہو تو پھر کیا حکم ہے؟</p></p>","<p><p style=""text-align:justify;"">واضح رہے کہ قادیانی زندیق اور مرتد کے حکم میں ہیں، یہ اپنے آپ کو مسلمان قرار دیتے ہیں، اور غلام احمد قادیانی ملعون کو نبی تسلیم نہ کرنے والے حقیقی مسلمانوں کو کافر قرار دیتے ہیں، ان سے کسی قسم کا معاشرتی تعلق روا رکھنا شرعًا جائز نہیں، لہذا کسی قادیانی کو ملازم بنانا یا اس کے ساتھ شراکت داری کرنا شرعًا جائز نہیں، اور غیرتِ  ایمانی کے بھی خلاف ہے، بہر صورت مذکورہ شخص کو چاہیے کہ وہ مذکورہ قادیانی کو  اپنی کاروباری شراکت یا ملازمت سے فوری فارغ کردے۔</p><p style=""text-align:justify;"">صورتِ مسئولہ میں الیکٹریشن کے شعبہ میں ملازمت کرنا اور مشاہرہ یا محنتانہ وصول کرنا جائز ہے، البتہ اگر مذکورہ کمپنی میں واقعةً  قادیانی کی شراکت داری ہو، اور مسئلہ معلوم ہونے کے بعد بھی کمپنی کا مالک قادیانی کو کاروباری شراکت داری سے الگ کرنے پر تیار نہ ہو  تو اس صورت میں مسلمان ملازمین کو کمپنی سے بائیکاٹ کرنا چاہیے۔</p><p style=""text-align:justify;"">اور اگر اس کمپنی میں کسی بھی قادیانی کی شراکت نہ ہو، ہاں کسی اور کاروبار میں شراکت ہو اور آپ کی کمپنی کا مالک مسئلہ بتانے کے باوجود قادیانیوں سے تجارتی یا دوستانہ تعلق ختم نہ کرے تو ایسے شخص کے ادارے میں ملازمت سے اجتناب کرنا چاہیے، فساق و فجار سے اعلانیہ میل جول رکھنے والوں کی مجالس میں رہنے اور ان سے تعلق رکھنے سے ہمیں منع کیا گیا ہے، گو الیکٹریشن کے کام کی تنخواہ حلال ہوگی، تاہم ایسی صورت میں بھی متبادل ملازمت تلاش کرلینی چاہیے۔ فقط واللہ اعلم</p></p><hr class=""big-hr""/>",11-11-2020,144203201355,banuri.edu.pk,ایمان و عقائد,باطل مذاہب اور فرقے,قادیانی,"<div class=""col-md-12 sawal-jawab""><h3 class=""question_heading"">سوال</h3><p><p style=""text-align:justify;""> میں ایک پرائیویٹ کمپنی میں الیکٹریشن ہوں اور کمپنی کا مالک جو ہمیں تنخواہ دیتا ہے اس کا ایک اور آفس جو کسی شہر میں ہے اس میں ایک اور شخص جو کہ قادیانی ہے اس میں کام کرتا ہے، اب کچھ لوگوں کا کہنا ہے کہ وہ ہمارے سیٹھ کا بزنس پارٹنر ہے اور کچھ کا کہنا ہے کہ ملازم ہے، اگر واقعی وہ پارٹنر ہو تو میری ملازمت کی تنخواہ لینا  کیا جائز ہے؟ اور یہ بھی کہ وہ ہمارے سیٹھ کے ساتھ کسی دوسرے قسم کے کاروبار میں پارٹنر ہو اور جس فیلڈ میں ہم ہیں اس کا نہ ہو تو پھر کیا حکم ہے؟</p></p><h4 class=""question_heading"">جواب</h4><p><p style=""text-align:justify;"">واضح رہے کہ قادیانی زندیق اور مرتد کے حکم میں ہیں، یہ اپنے آپ کو مسلمان قرار دیتے ہیں، اور غلام احمد قادیانی ملعون کو نبی تسلیم نہ کرنے والے حقیقی مسلمانوں کو کافر قرار دیتے ہیں، ان سے کسی قسم کا معاشرتی تعلق روا رکھنا شرعًا جائز نہیں، لہذا کسی قادیانی کو ملازم بنانا یا اس کے ساتھ شراکت داری کرنا شرعًا جائز نہیں، اور غیرتِ  ایمانی کے بھی خلاف ہے، بہر صورت مذکورہ شخص کو چاہیے کہ وہ مذکورہ قادیانی کو  اپنی کاروباری شراکت یا ملازمت سے فوری فارغ کردے۔</p><p style=""text-align:justify;"">صورتِ مسئولہ میں الیکٹریشن کے شعبہ میں ملازمت کرنا اور مشاہرہ یا محنتانہ وصول کرنا جائز ہے، البتہ اگر مذکورہ کمپنی میں واقعةً  قادیانی کی شراکت داری ہو، اور مسئلہ معلوم ہونے کے بعد بھی کمپنی کا مالک قادیانی کو کاروباری شراکت داری سے الگ کرنے پر تیار نہ ہو  تو اس صورت میں مسلمان ملازمین کو کمپنی سے بائیکاٹ کرنا چاہیے۔</p><p style=""text-align:justify;"">اور اگر اس کمپنی میں کسی بھی قادیانی کی شراکت نہ ہو، ہاں کسی اور کاروبار میں شراکت ہو اور آپ کی کمپنی کا مالک مسئلہ بتانے کے باوجود قادیانیوں سے تجارتی یا دوستانہ تعلق ختم نہ کرے تو ایسے شخص کے ادارے میں ملازمت سے اجتناب کرنا چاہیے، فساق و فجار سے اعلانیہ میل جول رکھنے والوں کی مجالس میں رہنے اور ان سے تعلق رکھنے سے ہمیں منع کیا گیا ہے، گو الیکٹریشن کے کام کی تنخواہ حلال ہوگی، تاہم ایسی صورت میں بھی متبادل ملازمت تلاش کرلینی چاہیے۔ فقط واللہ اعلم</p></p><hr class=""big-hr""/><div class=""col-sm-6 col-md-6""><p class=""question_heading"" style=""color:#73161f"">فتویٰ نمبر : <a id=""fatwa_number"">144203201355</a></p></div><div class=""col-sm-6 col-md-6""><p style=""color:#73161f"">دارالافتاء :
                                جامعہ علوم اسلامیہ علامہ محمد یوسف بنوری ٹاؤن</p></div><hr class=""big-hr""/><div class=""col-sm-4 col-md-4""><div class=""tag""><a href=""https://www.banuri.edu.pk/questions/kitab/aqaed""><i class=""icon-docs-bold""></i> ایمان و عقائد</a></div></div><div class=""col-sm-4 col-md-4""><div class=""tag""><a href=""https://www.banuri.edu.pk/questions/bab/mazahib-masalik""><i class=""icon-docs-bold""></i> باطل مذاہب اور فرقے</a></div></div><div class=""col-sm-4 col-md-4""><div class=""tag""><a href=""https://www.banuri.edu.pk/questions/fasal/qadiyaniat""><i class=""icon-docs-bold""></i> قادیانی</a></div></div></div>"
https://www.banuri.edu.pk/readquestion/mahwari-ka-khon-paki-ke-pandra-din-se-pehle-ana-144203201347/11-11-2020,ماہواری کا خون پاکی کے پندرہ سے دن سے پہلے آنا,,"<p><p style=""text-align:justify;"">واضح رہے کہ ایک حیض کے ختم ہونے اور دوسرے حیض شروع ہونے کے درمیان کم از کم پندرہ دن پاکی ہونا شرعاً ضروری ہے، پندرہ سے پہلے دوبارہ خون آنا شروع ہوجائے  وه ماهواری کا خون نہیں ہوگا، اور   اس صورت میں اگر  وہ عورت معتادہ (اس کی عادت مقرر) ہو تو اس کی ماہواری اور  پاکی  اس کی عادت کے مطابق شمار ہوں گی۔</p><p style=""text-align:justify;"">صورتِ مسئولہ میں چوں کہ آپ کی پاکی کی عادت پندرہ دن اور  ماہواری کے ایام کی عادت  نو دن ہے، لہذا  تین ستمبر کو پاک ہونے کے بعد جب دوبارہ  پندرہ ستمبر کو خون آیا تو یہ استحاضہ کا خون تھا، اس میں نماز پڑھنا اور روزے رکھنا اور شوہر کا صحبت کرنا سب جائز تھا۔ اور 18 ستمبر تک آپ پاک تھیں، اس کے بعد آپ کے  ماہواری کے ایام 18 سے شمار ہوں گے اور آپ کی عادت کے موافق  ماہواری کے ایام ہوں گے، لہذا 26 کو سفیدی آجانے کے بعد غسل کرکے آپ کے لیے نمازیں شروع کرنا جائز تھا، لیکن شوہر کے تعلق کے لیے عادت کے ایام مکمل ہونا ضروری ہے، اور  چوں کہ عادت کے ایام میں ایک دن باقی تھا، اس لیے شوہر کے لیے  عادت کے ایام پورے ہونے کے  بعد ہم بستری کرنا جائز ہوگا۔</p><p style=""text-align:justify;""><span class=""ar_writing"">الدر المختار وحاشية ابن عابدين (رد المحتار) (1 / 285):</span></p><p class=""indent"" style=""text-align:justify;""><span class=""ar_writing"">""(وأقل الطهر) بين الحيضتين أو النفاس والحيض (خمسة عشر يومًا) ولياليها إجماعًا (ولا حد لأكثره)"".</span></p><p style=""text-align:justify;""><span class=""ar_writing"">وفيه أيضًا (1 / 286):</span></p><p class=""indent"" style=""text-align:justify;""><span class=""ar_writing"">""ثم قال في الفصل الرابع في الاستمرار: إذا وقع في المبتدأة فحيضها من أول الاستمرار عشرة وطهرها عشرون، ثم ذلك دأبها ونفاسها أربعون ثم عشرون طهرها إذ لا يتوالى نفاس وحيض، ثم عشرة حيضها ثم ذلك دأبها، وإن وقع في المعتادة فطهرها وحيضها ما اعتادت في جميع الأحكام إن كان طهرها أقل من ستة أشهر، وإلا فترد إلى ستة أشهر إلا ساعة وحيضها بحاله""</span></p><p style=""text-align:justify;""><span class=""ar_writing""> وفيه أيضًا (1/294) :</span></p><p class=""indent"" style=""text-align:justify;""><span class=""ar_writing"">""(ويحل وطؤها إذا انقطع حيضها لاكثره) بلا غسل وجوبابل ندبا.(وإن) انقطع لدون أقله تتوضأ وتصلي في آخر الوقت، وإن (لاقله) فإن لدون عادتها لم يحل، أي الوطء وإن اغتسلت؛ لأن العود في العادة غالب بحر، وتغتسل وتصلي وتصوم احتياطا، وإن لعادتها، فإن كتابية حل في الحال وإلا (لا) يحل (حتى تغتسل) أو تتيمم بشرطه(أو يمضي عليها زمن يسع الغسل) ولبس الثياب.""</span></p><p class=""indent"" dir=""rtl"" style=""text-align:left;"">فقط واللہ اعلم</p></p><hr class=""big-hr""/>",11-11-2020,144203201347,banuri.edu.pk,طہارت,حیض، نفاس، استحاضہ,جنابت ، حیض اور نفاس کے احکام,"<div class=""col-md-12 sawal-jawab""><h3 class=""question_heading"">سوال</h3><p><div style=""text-align:justify;""> مجھے استحاضہ کا مسئلہ ہوجاتا ہے جس کے بارے میں دریافت کرنا چاہتی ہوں، مجھے 25 اگست کو حیض آیا جو 3 ستمبر تک ختم ہوگیا، اس کے بعد دوبارہ 15 ستمبر کو خون آنا شروع ہوگیا، عام حیض کے خون کی عادت کے مطابق۔ میں نے 18 ستمبر سے نماز ترک کردیں حیض شمار کرکے اور 26 ستمبرکو غسل کرکے نماز شروع کردیں۔ دریافت یہ کرنا چاہتی ہوں کہ میاں سے ہم بستری کے لیے کس وقت تک انتظار کرنا ہوگا؟ </div><div style=""text-align:justify;"">1) 15 ستمبر سے 25 ستمبر 10 دن حیض عادت کے مطابق پورے ہونے تک؟</div><div style=""text-align:justify;"">2) 18 ستمبر سے 28 ستمبر تک 10 دن پورے ہونے تک جب سے شرعی حکم لاگو ہوا تھا حیض کا؟</div><div style=""text-align:justify;"">3) 15 سے 18 ستمبر تک جو استحاضہ ہے، کیا اس میں ہم بستری کی جاسکتی ہے طہر کے حکم کے مطابق جب کہ خون عام حیض کی عادت کی طرح جاری ہو؟</div><div style=""text-align:justify;"">تنقیح: </div><div style=""text-align:justify;"">1۔۔ اس سے پہلے آپ کے پاکی اور ماہواری کے ایام کی عادت  دنوں کی تعداد اور مہینہ کے  وقت کے حساب سے  کیا تھی، اور اس سے پہلے آخری مرتبہ کتنے دن پاکی رہی تھی؟</div><div style=""text-align:justify;"">2۔۔ پندرہ ستمبر سے  خون آنا شروع ہوا وہ آنا بند ہوگیا تھا یا تسلسل سے جاری تھا؟ اور اگر بند ہوگیا تھا تو کتنے دن بعد بند ہوگیا تھا؟  </div><p style=""text-align:justify;""> جواب تنقیح :</p><p style=""text-align:justify;"">سوال نمبر 1 کا جواب: اس سے پہلے مہینے 9 جولائی کو خون آنا شروع ہوا،  جو پورے 15 دن طہر کے بعد آیا تھا اور وہ 18 جولائی کو بند ہوگیا (9دن حیض کے) اس کے 14 دن بعد خون آنا شروع ہوا یعنی 1 اگست کو جس کو استحاضہ شمار کیا جو جاری رہا اور 10 اگست کو ختم ہوا۔ (9 دن حیض کے شمار کیے تھے ایک دن استحاضہ کا پہلی اگست والا) اس کے بعد دوبارہ 25 اگست کو خون آنا شروع ہوگیا (طہر کے 15 دن مکمل) ہونے کے بعد باقی تفصیل پہلے دی تھی اس کے بعد کی۔</p><p style=""text-align:justify;"">غرض کہ 8 یا 9 دن حیض کے رہتے ہیں اور زیادہ سے زیادہ 15 دن طہر کے، ستمبر کے مہینے میں کافی عرصے بعد ایسا مسئلہ سامنے آیا۔</p><p style=""text-align:justify;"">سوال نمبر 2 کا جواب: 15 ستمبر سے جو خون آنا شروع ہوا تھا وہ مسلسل جاری رہا عام حیض کی طرح اور پھر میں نے 23 کی دوپہر کو پاک ہوکر نماز شروع کردی تھی مگر 24 اگست کو دوبارہ ایک رائی کے برابر ہرے رنگ کا داغ آیا، پھر نماز ترک کردی تیسری بار 26 اگست کو بہت ہلکا گلابی رنگ کا پانی آیا تھا، دوپہر کے وقت پھر سہ پہر کے بعدسے سفیدی قائم رہی؛ اس لیے شام تک نہا کر نماز پڑھنی شروع کردی تھی۔</p></p><h4 class=""question_heading"">جواب</h4><p><p style=""text-align:justify;"">واضح رہے کہ ایک حیض کے ختم ہونے اور دوسرے حیض شروع ہونے کے درمیان کم از کم پندرہ دن پاکی ہونا شرعاً ضروری ہے، پندرہ سے پہلے دوبارہ خون آنا شروع ہوجائے  وه ماهواری کا خون نہیں ہوگا، اور   اس صورت میں اگر  وہ عورت معتادہ (اس کی عادت مقرر) ہو تو اس کی ماہواری اور  پاکی  اس کی عادت کے مطابق شمار ہوں گی۔</p><p style=""text-align:justify;"">صورتِ مسئولہ میں چوں کہ آپ کی پاکی کی عادت پندرہ دن اور  ماہواری کے ایام کی عادت  نو دن ہے، لہذا  تین ستمبر کو پاک ہونے کے بعد جب دوبارہ  پندرہ ستمبر کو خون آیا تو یہ استحاضہ کا خون تھا، اس میں نماز پڑھنا اور روزے رکھنا اور شوہر کا صحبت کرنا سب جائز تھا۔ اور 18 ستمبر تک آپ پاک تھیں، اس کے بعد آپ کے  ماہواری کے ایام 18 سے شمار ہوں گے اور آپ کی عادت کے موافق  ماہواری کے ایام ہوں گے، لہذا 26 کو سفیدی آجانے کے بعد غسل کرکے آپ کے لیے نمازیں شروع کرنا جائز تھا، لیکن شوہر کے تعلق کے لیے عادت کے ایام مکمل ہونا ضروری ہے، اور  چوں کہ عادت کے ایام میں ایک دن باقی تھا، اس لیے شوہر کے لیے  عادت کے ایام پورے ہونے کے  بعد ہم بستری کرنا جائز ہوگا۔</p><p style=""text-align:justify;""><span class=""ar_writing"">الدر المختار وحاشية ابن عابدين (رد المحتار) (1 / 285):</span></p><p class=""indent"" style=""text-align:justify;""><span class=""ar_writing"">""(وأقل الطهر) بين الحيضتين أو النفاس والحيض (خمسة عشر يومًا) ولياليها إجماعًا (ولا حد لأكثره)"".</span></p><p style=""text-align:justify;""><span class=""ar_writing"">وفيه أيضًا (1 / 286):</span></p><p class=""indent"" style=""text-align:justify;""><span class=""ar_writing"">""ثم قال في الفصل الرابع في الاستمرار: إذا وقع في المبتدأة فحيضها من أول الاستمرار عشرة وطهرها عشرون، ثم ذلك دأبها ونفاسها أربعون ثم عشرون طهرها إذ لا يتوالى نفاس وحيض، ثم عشرة حيضها ثم ذلك دأبها، وإن وقع في المعتادة فطهرها وحيضها ما اعتادت في جميع الأحكام إن كان طهرها أقل من ستة أشهر، وإلا فترد إلى ستة أشهر إلا ساعة وحيضها بحاله""</span></p><p style=""text-align:justify;""><span class=""ar_writing""> وفيه أيضًا (1/294) :</span></p><p class=""indent"" style=""text-align:justify;""><span class=""ar_writing"">""(ويحل وطؤها إذا انقطع حيضها لاكثره) بلا غسل وجوبابل ندبا.(وإن) انقطع لدون أقله تتوضأ وتصلي في آخر الوقت، وإن (لاقله) فإن لدون عادتها لم يحل، أي الوطء وإن اغتسلت؛ لأن العود في العادة غالب بحر، وتغتسل وتصلي وتصوم احتياطا، وإن لعادتها، فإن كتابية حل في الحال وإلا (لا) يحل (حتى تغتسل) أو تتيمم بشرطه(أو يمضي عليها زمن يسع الغسل) ولبس الثياب.""</span></p><p class=""indent"" dir=""rtl"" style=""text-align:left;"">فقط واللہ اعلم</p></p><hr class=""big-hr""/><div class=""col-sm-6 col-md-6""><p class=""question_heading"" style=""color:#73161f"">فتویٰ نمبر : <a id=""fatwa_number"">144203201347</a></p></div><div class=""col-sm-6 col-md-6""><p style=""color:#73161f"">دارالافتاء :
                                جامعہ علوم اسلامیہ علامہ محمد یوسف بنوری ٹاؤن</p></div><hr class=""big-hr""/><div class=""col-sm-4 col-md-4""><div class=""tag""><a href=""https://www.banuri.edu.pk/questions/kitab/taharat""><i class=""icon-docs-bold""></i> طہارت</a></div></div><div class=""col-sm-4 col-md-4""><div class=""tag""><a href=""https://www.banuri.edu.pk/questions/bab/hayz-nifas-istihaza""><i class=""icon-docs-bold""></i> حیض، نفاس، استحاضہ</a></div></div><div class=""col-sm-4 col-md-4""><div class=""tag""><a href=""https://www.banuri.edu.pk/questions/fasal/janabat-hayz-or-nifas-k-ahkam""><i class=""icon-docs-bold""></i> جنابت ، حیض اور نفاس کے احکام</a></div></div></div>"
https://www.banuri.edu.pk/readquestion/kya-saare-bani-hashim-pr-zakat-haram-he-syed-kse-kehte-hen-144203201349/11-11-2020,کیا سارے بنی ہاشم پر زکات حرام ہے؟ / سید کسے کہتے ہیں؟,"<p><p style=""text-align:justify;"">1۔ میرا سوال یہ ہے کہ جو بنو ہاشم ہیں اور بنو ہاشم کے ذیلی قبائل ہیں ان پر صدقہ یا زکوٰۃ لگتا ہے یا نہیں؟ جیسا کہ حضرت جعفر حضرت عباس بن عبدالمطلب حضرت عقیل بن ابو طالب اور حضرت علی رضی اللہ عنہ کی اولادیں ہیں۔ حضرت علی رضی اللہ عنہ کی ایک اولاد وہ ہے جو نواسہ رسول سے چلی اور باقی دیگر تین غیر فاطمی بیٹوں سے چلی ہے جو علوی یا اعوان و قطب شاہی کہلواتے ہیں۔ برائے مہربانی یہ مسئلہ بتادیں کے تمام اولادِ ہاشم جو مسلمان ہیں ان پر زکوٰۃ لگتی ہے یا نہیں؟</p><p style=""text-align:justify;"">2۔ تمام بنو ہاشم یا تمام اولادِ علی کے لیے سید لقب کا استعمال کرنا جائز ہے یا نہیں؟</p></p>","<hr class=""big-hr""/>",11-11-2020,144203201349,banuri.edu.pk,زکات,زکوٰۃ / صدقات,مصارف زکوٰۃ,"<div class=""col-md-12 sawal-jawab""><h3 class=""question_heading"">سوال</h3><p><p style=""text-align:justify;"">1۔ میرا سوال یہ ہے کہ جو بنو ہاشم ہیں اور بنو ہاشم کے ذیلی قبائل ہیں ان پر صدقہ یا زکوٰۃ لگتا ہے یا نہیں؟ جیسا کہ حضرت جعفر حضرت عباس بن عبدالمطلب حضرت عقیل بن ابو طالب اور حضرت علی رضی اللہ عنہ کی اولادیں ہیں۔ حضرت علی رضی اللہ عنہ کی ایک اولاد وہ ہے جو نواسہ رسول سے چلی اور باقی دیگر تین غیر فاطمی بیٹوں سے چلی ہے جو علوی یا اعوان و قطب شاہی کہلواتے ہیں۔ برائے مہربانی یہ مسئلہ بتادیں کے تمام اولادِ ہاشم جو مسلمان ہیں ان پر زکوٰۃ لگتی ہے یا نہیں؟</p><p style=""text-align:justify;"">2۔ تمام بنو ہاشم یا تمام اولادِ علی کے لیے سید لقب کا استعمال کرنا جائز ہے یا نہیں؟</p></p><h4 class=""question_heading"">جواب</h4><p><p style=""text-align:justify;"">1۔ بنو ہاشم  (جن پر زکوٰة حرام کی گئی ہے) سے مراد حضرت علی بن ابی طالب رضی اللہ عنہ کی آل و اولاد (خواہ وہ حضرت فاطمہ رضی اللہ عنہا کے بطن سے ہوں یا دوسری ازواج کے بطن سے) حضرت عباس بن عبد المطلب، جعفر بن ابی طالب، و عقیل بن ابی طالب، و حارث بن عبد المطلب  رضوان اللہ علیہم اجمعین کی اولاد ہیں، ان کے علاوہ بنو ہاشم  کے دیگر ذیلی قبائل،  جیسے ابو لہب کی اولاد وغیرہ ان میں سے جو مسلمان ہوگئے ان پر زکوٰة حرام نہیں۔</p><p style=""text-align:justify;"">پس صورتِ مسئولہ میں  نہ تمام بنو ہاشم پر زکوٰة لینا حرام ہے اور نہ ہی تمام کے لیے لینا حلال ہے، البتہ حضرت علی رضی اللہ عنہ کی تمام اولاد خواہ حسنی ہوں یا حسینی، علوی، یا اعوان یا قطب شاہی، ان سب کے لیے زکوٰة لینا حرام ہے، اسی طرح سے عباسی، جعفری، آل عقیل (جو عقیلی کہلاتے ہیں) اور آل حارث (جو حارثی کہلاتے ہیں) کے لیے زکوٰة لینا حرام ہے۔</p><p style=""text-align:justify;"">رد المحتار على الدر المختار میں ہے:</p><p class=""indent"" style=""text-align:justify;""><span class=""ar_writing"">""(و) لا إلى (بني هاشم) إلا من أبطل النص قرابته وهم بنو لهب، فتحل لمن أسلم منهم كما تحل لبني المطلب. ثم ظاهر المذهب إطلاق المنع، وقول العيني والهاشمي: يجوز له دفع زكاته لمثله صوابه لايجوز، نهر.</span></p><p class=""indent"" style=""text-align:justify;""><span class=""ar_writing"">(قوله: وبني هاشم إلخ) اعلم أن عبد مناف وهو الأب الرابع للنبي صلى الله عليه وسلم أعقب أربعة وهم: هاشم والمطلب ونوفل وعبد شمس، ثم هاشم أعقب أربعة انقطع نسل الكل إلا عبد المطلب فإنه أعقب اثني عشر تصرف الزكاة إلى أولاد كل إذا كانوا مسلمين فقراء إلا أولاد عباس وحارث وأولاد أبي طالب من علي وجعفر وعقيل قهستاني، وبه علم أن إطلاق بني هاشم مما لا ينبغي إذ لا تحرم عليهم كلهم بل على بعضهم ولهذا قال في الحواشي السعدية: إن آل أبي لهب ينسبون أيضا إلى هاشم وتحل لهم الصدقة. اهـ.</span></p><p class=""indent"" style=""text-align:justify;""><span class=""ar_writing"">وأجاب في النهر بقوله وأقول قال في النافع بعد ذكر بني هاشم إلا من أبطل النص قرابته يعني به قوله صلى الله عليه وسلم: «لا قرابة بيني وبين أبي لهب فإنه آثر علينا الأفجرين» وهذا صريح في انقطاع نسبته عن هاشم، وبه ظهر أن في اقتصار المصنف على بني هاشم كفاية، فإن من أسلم من أولاد أبي لهب غير داخل لعدم قرابته وهذا حسن جدا لم أر من نحا نحوه فتدبره. اهـ. (قوله: بنو لهب) في بعض النسخ: بنو أبي لهب وهي أصوب (قوله: فتحل لهم) هذا ما جرى عليه جمهور الشارحين خلافا لما في غاية البيان كما في البحر والنهر (قوله: لبني المطلب) أي لمن أسلم منهم وهو أخو هاشم كما مر.""</span></p><p class=""indent"" style=""text-align:left;""><span class=""ar_writing"">( كتاب الزكاة، باب مصرف الزكاة و العشر، ٢ / ٣٥٠، ط: دار الفكر)</span></p><p style=""text-align:justify;"">فتاوی ہندیہ میں ہے:</p><p class=""indent"" style=""text-align:justify;""><span class=""ar_writing"">""وَلَايُدْفَعُ إلَى بَنِي هَاشِمٍ، وَهُمْ آلُ عَلِيٍّ وَآلُ عَبَّاسٍ وَآلُ جَعْفَرِ وَآلُ عَقِيلٍ وَآلُ الْحَارِثِ بْنُ عَبْدِ الْمُطَّلِبِ كَذَا فِي الْهِدَايَةِ وَيَجُوزُ الدَّفْعُ إلَى مَنْ عَدَاهُمْ مِنْ بَنِي هَاشِمٍ كَذُرِّيَّةِ أَبِي لَهَبٍ؛ لِأَنَّهُمْ لَمْ يُنَاصِرُوا النَّبِيَّ صَلَّى اللَّهُ عَلَيْهِ وَسَلَّمَ، كَذَا فِي السِّرَاجِ الْوَهَّاجِ. هَذَا فِي الْوَاجِبَاتِ كَالزَّكَاةِ وَالنَّذْرِ وَالْعُشْرِ وَالْكَفَّارَةِ فَأَمَّا التَّطَوُّعُ فَيَجُوزُ الصَّرْفُ إلَيْهِمْ كَذَا فِي الْكَافِي، وَكَذَا لَايُدْفَعُ إلَى مَوَالِيهِمْ كَذَا فِي الْعَيْنِيِّ شَرْحِ الْكَنْزِ. وَيَجُوزُ صَرْفُ خُمُسِ الرِّكَازِ وَالْمَعْدِنِ إلَى فُقَرَاءِ بَنِي هَاشِمٍ، كَذَا فِي الْجَوْهَرَةِ النَّيِّرَةِ.""</span></p><p class=""indent"" style=""text-align:left;""><span class=""ar_writing"">( كتاب الزكوة، الْبَابُ السَّابِعُ فِي الْمَصَارِفِ، ١ / ١٨٩، ط: دار الفكر)</span></p><p style=""text-align:justify;"">2۔ بنی ہاشم میں سے حضرت علی، حضرت جعفر، حضرت  عباس، حضرت عقیل اور حارث بن عبد المطلب   رضی اللہ عنہم کی اولاد سب ’’سادات‘‘  ہیں۔  ان سب کے نام کے ساتھ ’’سید‘‘  لگانا جائز ہے، لیکن عرف میں ’’سید‘‘ کی اصطلاح حضرت علی رضی اللہ عنہ کی اس اولاد کے لیے مشہور ہوچکی ہے جو سیدہ فاطمۃ الزہراء رضی اللہ عنہا کے بطن سے ہے، لہذا دیگر کے لیے اپنے نام کے ساتھ  ’’سید‘‘  لگانا مناسب نہیں ہے، خصوصاً جہاں اشتباہ ہو، کیوں کہ یہ ان کی رسولِ اکرم صلی اللہ علیہ وسلم سے نسبی نسبت کی علامت ہے؛ لہٰذا صرف حضرات حسنین کریمین رضی اللہ عنہما کی نسل سے آنے والے گھرانوں کو ’’سید‘‘ کہنا چاہیے۔</p><p style=""text-align:justify;"">الحاوي للفتاوي میں ہے:</p><p class=""indent"" style=""text-align:justify;""><span class=""ar_writing"">""الوجه الرابع: أنهم هل يطلق عليهم أشراف؟ والجواب: إن اسم الشريف كان يطلق في الصدر الأول على كل من كان من أهل البيت سواء كان حسنيًّا أم حسينيًّا أم علويًّا، من ذرية محمد بن الحنفية وغيره من أولاد علي بن أبي طالب، أم جعفريًّا أم عقيليًّا أم عباسيًّا، ولهذا تجد تاريخ الحافظ الذهبي مشحونًا في التراجم بذلك يقول: الشريف العباسي، الشريف العقيلي، الشريف الجعفري، الشريف الزينبي، فلما ولي الخلفاء الفاطميون بمصر قصروا اسم الشريف على ذرية الحسن والحسين فقط، فاستمر ذلك بمصر إلى الآن، وقال الحافظ ابن حجر في كتاب الألقاب: الشريف ببغداد لقب لكل عباسي، وبمصر لقب لكل علوي انتهى.</span></p><p class=""indent"" style=""text-align:justify;""><span class=""ar_writing"">ولا شك أن المصطلح القديم أولى وهو إطلاقه على كل علوي وجعفري وعقيلي وعباسي كما صنعه الذهبي وكما أشار إليه الماوردي من أصحابنا، والقاضي أبو يعلى بن الفراء من الحنابلة كلاهما في الأحكام السلطانية، ونحوه قول ابن مالك في الألفية: وآله المستكملين الشرفا، فلا ريب في أنه يطلق على ذرية زينب المذكورين أشراف، وكم أطلق الذهبي في تاريخه في كثير من التراجم قوله: الشريف الزينبي، وقد يقال: يطلق على مصطلح أهل مصر: الشرف أنواع عام لجميع أهل البيت، وخاص بالذرية، فيدخل فيه الزينبية وأخص منه شرف النسبة، وهو مختص بذرية الحسن والحسين.""</span></p><p class=""indent"" style=""text-align:left;""><span class=""ar_writing"">( كتاب الأدب والرقائق، العجاجة الزرنبية في السلالة الزينبية، ٢ / ٣٩، ط: دار الفكر)</span></p><p style=""text-align:justify;"">مزید تفصیل کے لیے لنک میں موجود جاری شدہ فتاوی دیکھیے:</p><p style=""text-align:justify;""><a href=""https://www.banuri.edu.pk/readquestion/awan-bradri-ko-zakat-deny-ka-hukam-144110200836/05-06-2020"">اعوان برادری کو زکوۃ دینے کاحکم</a></p><p style=""text-align:justify;""><a href=""https://www.banuri.edu.pk/readquestion/%D8%B3%D8%A7%D8%AF%D8%A7%D8%AA-%D8%A2%D9%84-%D8%B1%D8%B3%D9%88%D9%84-%D8%A7%D9%88%D8%B1-%D8%A7%DB%81%D9%84-%D8%A8%DB%8C%D8%AA-%DA%A9%D8%A7-%D9%85%D8%B5%D8%AF%D8%A7%D9%82-144010200020/11-06-2019"">سادات، آلِ رسول، اور اہلِ بیت کا مصداق</a></p><p style=""text-align:justify;""><a href=""https://www.banuri.edu.pk/readquestion/%D8%B3%D8%A7%D8%AF%D8%A7%D8%AA-%DA%A9%D8%A7-%D8%A7%D9%BE%D9%86%DB%92-%D9%86%D8%A7%D9%85-%DA%A9%DB%92-%D8%B3%D8%A7%D8%AA%DA%BE-%D8%B3%DB%8C%D8%AF-%DB%8C%D8%A7-%D8%B9%D9%84%DB%8C-%D9%84%DA%A9%DA%BE%D9%86%D8%A7/03-07-2018"">سادات کا اپنے نام کے ساتھ سید یا علی لکھنا</a></p><p style=""text-align:justify;""><a href=""https://www.banuri.edu.pk/readquestion/%D8%B3%DB%8C%D8%AF-%DA%A9%D8%A7-%D9%84%D9%81%D8%B8-%DA%A9%D8%B3-%DA%A9%DB%92-%D9%84%DB%8C%DB%92-%D8%A8%D9%88%D9%84%D8%A7-%D8%A7%D9%88%D8%B1-%D9%84%DA%A9%DA%BE%D8%A7-%D8%AC%D8%A7%D8%A6%DB%92-144102200005/16-10-2019"">سید کا لفظ کس کے لیے بولا اور لکھا جائے؟</a></p><p style=""text-align:justify;""> فقط واللہ اعلم</p></p><hr class=""big-hr""/><div class=""col-sm-6 col-md-6""><p class=""question_heading"" style=""color:#73161f"">فتویٰ نمبر : <a id=""fatwa_number"">144203201349</a></p></div><div class=""col-sm-6 col-md-6""><p style=""color:#73161f"">دارالافتاء :
                                جامعہ علوم اسلامیہ علامہ محمد یوسف بنوری ٹاؤن</p></div><hr class=""big-hr""/><div class=""col-sm-4 col-md-4""><div class=""tag""><a href=""https://www.banuri.edu.pk/questions/kitab/zakat""><i class=""icon-docs-bold""></i> زکات</a></div></div><div class=""col-sm-4 col-md-4""><div class=""tag""><a href=""https://www.banuri.edu.pk/questions/bab/zakat-sadaqat""><i class=""icon-docs-bold""></i> زکوٰۃ / صدقات</a></div></div><div class=""col-sm-4 col-md-4""><div class=""tag""><a href=""https://www.banuri.edu.pk/questions/fasal/masarif-e-zakat""><i class=""icon-docs-bold""></i> مصارف زکوٰۃ</a></div></div></div>"
https://www.banuri.edu.pk/readquestion/bank-k-price-bond-unit-me-nokri-krna-144203201297/10-11-2020,بینک کے پرائز بانڈ یونٹ میں نوکری کرنا,"<p><p style=""text-align:justify;"">میں بینک دولت پاکستان  بینکنگ سروسز کارپوریشن میں نوکری کرتا ہوں ہو جو آپ کے فتوی نمبر 144001200055 کے تحت فی نفسہٖ جائز ہے اور اس کی تنخواہ بھی اسٹیٹ بینک پاکستان سے نہیں آتی۔ البتہ بینک دولت پاکستان بینکنگ سروسز کارپوریشن کے 16 بڑے شہروں میں دفاتر ہیں اور ہر دفتر میں پرائز بانڈ کی لین دین والا ایک یونٹ ہوتا ہے۔ اس کے علاوہ پرائز بانڈ کی خریدوفروخت کاؤنٹر پر کی جاتی ہے جو کہ کیش یونٹ کا حصہ ہوتا ہے جس کا کام پرائز بانڈ کے علاوہ بھی کیش کے دیگر معاملات مثلاً نئے نوٹوں کی خرید و فروخت یا پرانے نوٹوں کا تبادلہ وغیرہ کو دیکھنا ہوتا ہے۔ کیا ان پرائز بانڈ یونٹ اور کیش یونٹ کے پرائز بانڈ کاؤنٹر میں کام کیا جا سکتا ہے؟ اگر   نہیں تو پھر بینک انتظامیہ   جو کسی شخص  کو ان جگہوں پر کام کرنے کا کہے وہ شخص کیا کرے؟</p></p>","<p><p style=""text-align:justify;"">پرائز بانڈ چوں کہ سودی معاملہ ہے، جس کی وجہ سے اس کی خرید و فروخت  شرعًا حرام ہے، اور حرام کام کی تنخواہ بھی حلال نہیں، لہذا صورتِ مسئولہ میں پرائز بانڈ ڈیپارٹمنٹ میں کام کرنا اور اس کی تنخواہ جائز نہیں، پس  جیساکہ گزشتہ فتوی میں کہا گیا تھا کہ حلال نوکری کی جستجو شروع کردی جائے، اور جیسے ہی حلال نوکری مل جائے (گو وہ قدرِ کفایت ہو)، بینک کی نوکری ترک کردی جائے، اس دوران اپنے عمل پر توبہ و استغفار کرتے رہیں۔ فقط واللہ اعلم</p></p><hr class=""big-hr""/>",10-11-2020,144203201297,banuri.edu.pk,معاملات,ملازمت,جائز اور ناجائز ملازمت,"<div class=""col-md-12 sawal-jawab""><h3 class=""question_heading"">سوال</h3><p><p style=""text-align:justify;"">میں بینک دولت پاکستان  بینکنگ سروسز کارپوریشن میں نوکری کرتا ہوں ہو جو آپ کے فتوی نمبر 144001200055 کے تحت فی نفسہٖ جائز ہے اور اس کی تنخواہ بھی اسٹیٹ بینک پاکستان سے نہیں آتی۔ البتہ بینک دولت پاکستان بینکنگ سروسز کارپوریشن کے 16 بڑے شہروں میں دفاتر ہیں اور ہر دفتر میں پرائز بانڈ کی لین دین والا ایک یونٹ ہوتا ہے۔ اس کے علاوہ پرائز بانڈ کی خریدوفروخت کاؤنٹر پر کی جاتی ہے جو کہ کیش یونٹ کا حصہ ہوتا ہے جس کا کام پرائز بانڈ کے علاوہ بھی کیش کے دیگر معاملات مثلاً نئے نوٹوں کی خرید و فروخت یا پرانے نوٹوں کا تبادلہ وغیرہ کو دیکھنا ہوتا ہے۔ کیا ان پرائز بانڈ یونٹ اور کیش یونٹ کے پرائز بانڈ کاؤنٹر میں کام کیا جا سکتا ہے؟ اگر   نہیں تو پھر بینک انتظامیہ   جو کسی شخص  کو ان جگہوں پر کام کرنے کا کہے وہ شخص کیا کرے؟</p></p><h4 class=""question_heading"">جواب</h4><p><p style=""text-align:justify;"">پرائز بانڈ چوں کہ سودی معاملہ ہے، جس کی وجہ سے اس کی خرید و فروخت  شرعًا حرام ہے، اور حرام کام کی تنخواہ بھی حلال نہیں، لہذا صورتِ مسئولہ میں پرائز بانڈ ڈیپارٹمنٹ میں کام کرنا اور اس کی تنخواہ جائز نہیں، پس  جیساکہ گزشتہ فتوی میں کہا گیا تھا کہ حلال نوکری کی جستجو شروع کردی جائے، اور جیسے ہی حلال نوکری مل جائے (گو وہ قدرِ کفایت ہو)، بینک کی نوکری ترک کردی جائے، اس دوران اپنے عمل پر توبہ و استغفار کرتے رہیں۔ فقط واللہ اعلم</p></p><hr class=""big-hr""/><div class=""col-sm-6 col-md-6""><p class=""question_heading"" style=""color:#73161f"">فتویٰ نمبر : <a id=""fatwa_number"">144203201297</a></p></div><div class=""col-sm-6 col-md-6""><p style=""color:#73161f"">دارالافتاء :
                                جامعہ علوم اسلامیہ علامہ محمد یوسف بنوری ٹاؤن</p></div><hr class=""big-hr""/><div class=""col-sm-4 col-md-4""><div class=""tag""><a href=""https://www.banuri.edu.pk/questions/kitab/muamlat""><i class=""icon-docs-bold""></i> معاملات</a></div></div><div class=""col-sm-4 col-md-4""><div class=""tag""><a href=""https://www.banuri.edu.pk/questions/bab/ملازمت""><i class=""icon-docs-bold""></i> ملازمت</a></div></div><div class=""col-sm-4 col-md-4""><div class=""tag""><a href=""https://www.banuri.edu.pk/questions/fasal/jaiz-aur-najaiz-mulazamat""><i class=""icon-docs-bold""></i> جائز اور ناجائز ملازمت</a></div></div></div>"
https://www.banuri.edu.pk/readquestion/bank-acaont-me-nafa-rakh-kr-nafa-lena-144203201289/10-11-2020,بینک اکاؤنٹ میں رقم رکھ کر نفع لینا,"<p><p style=""text-align:justify;"">بینک اکاؤنٹ میں رقم رکھنے پر منافع کی کوئی بھی جائز صورت ہے؟</p></p>","<p><p style=""text-align:justify;""> بینک میں رقم رکھ کر  نفع لینا جائز نہیں ہے، اب تک ایسی کوئی صورت سامنے نہیں آئی ہے کہ بینک نے لوگوں کی رکھوائی ہوئی رقم حلال تجارت میں لگائی ہو اور اس کی بنیاد پر نفع دیا ہو، حلال تجارت کے برعکس  بینک کا مدار سودی نظام پر ہے اور بینک منافع  کے نام سے جو کچھ دیتا ہے شرعاً وہ سود کے حکم  میں  ہے جو کہ حرام ہے  اور  سودی معاملات کرنے والوں پر  رسول اللہ ﷺ نے لعنت  کی ہے۔تفصیلی بحث کے لیے ’’مروجہ اسلامی بینکاری‘‘ (مطبوعہ مکتبہ بینات جامعہ بنوری ٹاؤن) کا مطالعہ کریں۔ فقط واللہ اعلم </p></p><hr class=""big-hr""/>",10-11-2020,144203201289,banuri.edu.pk,معاملات,سود / بینکاری / انشورنس / شیئرز,سود کی تعریف اور احکام,"<div class=""col-md-12 sawal-jawab""><h3 class=""question_heading"">سوال</h3><p><p style=""text-align:justify;"">بینک اکاؤنٹ میں رقم رکھنے پر منافع کی کوئی بھی جائز صورت ہے؟</p></p><h4 class=""question_heading"">جواب</h4><p><p style=""text-align:justify;""> بینک میں رقم رکھ کر  نفع لینا جائز نہیں ہے، اب تک ایسی کوئی صورت سامنے نہیں آئی ہے کہ بینک نے لوگوں کی رکھوائی ہوئی رقم حلال تجارت میں لگائی ہو اور اس کی بنیاد پر نفع دیا ہو، حلال تجارت کے برعکس  بینک کا مدار سودی نظام پر ہے اور بینک منافع  کے نام سے جو کچھ دیتا ہے شرعاً وہ سود کے حکم  میں  ہے جو کہ حرام ہے  اور  سودی معاملات کرنے والوں پر  رسول اللہ ﷺ نے لعنت  کی ہے۔تفصیلی بحث کے لیے ’’مروجہ اسلامی بینکاری‘‘ (مطبوعہ مکتبہ بینات جامعہ بنوری ٹاؤن) کا مطالعہ کریں۔ فقط واللہ اعلم </p></p><hr class=""big-hr""/><div class=""col-sm-6 col-md-6""><p class=""question_heading"" style=""color:#73161f"">فتویٰ نمبر : <a id=""fatwa_number"">144203201289</a></p></div><div class=""col-sm-6 col-md-6""><p style=""color:#73161f"">دارالافتاء :
                                جامعہ علوم اسلامیہ علامہ محمد یوسف بنوری ٹاؤن</p></div><hr class=""big-hr""/><div class=""col-sm-4 col-md-4""><div class=""tag""><a href=""https://www.banuri.edu.pk/questions/kitab/muamlat""><i class=""icon-docs-bold""></i> معاملات</a></div></div><div class=""col-sm-4 col-md-4""><div class=""tag""><a href=""https://www.banuri.edu.pk/questions/bab/sood-bankari-insurance-shares""><i class=""icon-docs-bold""></i> سود / بینکاری / انشورنس / شیئرز</a></div></div><div class=""col-sm-4 col-md-4""><div class=""tag""><a href=""https://www.banuri.edu.pk/questions/fasal/sood-ki-tareef-or-ahkam""><i class=""icon-docs-bold""></i> سود کی تعریف اور احکام</a></div></div></div>"
https://www.banuri.edu.pk/readquestion/mahrab-masjid-ka-hissa-h-ya-nh-or-imam-ka-mahrab-m-khara-hona-144203201238/09-11-2020,محراب مسجد کا حصہ ہے یا نہیں؟ اور امام کا محراب میں کھڑا ہونا,"<p><p style=""text-align:justify;"">موجودہ دور میں مساجد کے محراب مسجد میں داخل ہیں یا مسجد سے باہر؟ اگر امام کا مصلی بالکل محراب میں ہو تو اس کا کیا حکم ہے؟</p></p>","<p><p style=""text-align:justify;"">مسجد کا  محراب مسجد میں داخل ہوتا ہے۔</p><p style=""text-align:justify;"">امامت کراتے ہوئے امام کا مکمل محراب کے اندر کھڑا ہونا  (یعنی اس کے پاؤں بھی محراب کے اندر ہوں) مکروہ ہے؛ کیوں کہ محراب میں امام کے الگ کھڑے ہونے میں اہلِ  کتاب سے مشابہت ہے، یا اس سے امام کے دائیں بائیں کھڑے ہوئے افراد پر امام کی حالت مشتبہ ہوجاتی ہے، لہذا امام اگر مکمل محراب کے اندر ہو تو اس میں کراہت ہے،   ہاں اگر امام کے قدم محراب سے باہر ہوں اگرچہ سجدہ محراب میں کرے تو پھر کراہت نہیں ہوگی۔</p><p><span class=""ar_writing"">البحر الرائق شرح كنز الدقائق ومنحة الخالق وتكملة الطوري (2 / 28):</span></p><p class=""indent""><span class=""ar_writing"">""وحقيقة اختلاف المكان تمنع الجواز فشبهة الاختلاف توجب الكراهة، وهو وإن كان المحراب من المسجد كما هي العادة المستمرة فصورته وهيئته اقتضت شبهة الاختلاف…"".</span></p><p><span class=""ar_writing"">الدر المختار وحاشية ابن عابدين (رد المحتار) (1/ 645):</span></p><p class=""indent""><span class=""ar_writing"">""(وقيام الإمام في المحراب لا سجوده فيه) وقدماه خارجة لأن العبرة للقدم (مطلقاً) وإن لم يتشبه حال الإمام إن علل بالتشبه وإن بالاشتباه ولا اشتباه فلا اشتباه في نفي الكراهة.""</span></p><p class=""indent"" style=""text-align:left;"">فقط واللہ اعلم</p></p><hr class=""big-hr""/>",09-11-2020,144203201238,banuri.edu.pk,نماز,مکروہاتِ نماز,مکروہات نماز,"<div class=""col-md-12 sawal-jawab""><h3 class=""question_heading"">سوال</h3><p><p style=""text-align:justify;"">موجودہ دور میں مساجد کے محراب مسجد میں داخل ہیں یا مسجد سے باہر؟ اگر امام کا مصلی بالکل محراب میں ہو تو اس کا کیا حکم ہے؟</p></p><h4 class=""question_heading"">جواب</h4><p><p style=""text-align:justify;"">مسجد کا  محراب مسجد میں داخل ہوتا ہے۔</p><p style=""text-align:justify;"">امامت کراتے ہوئے امام کا مکمل محراب کے اندر کھڑا ہونا  (یعنی اس کے پاؤں بھی محراب کے اندر ہوں) مکروہ ہے؛ کیوں کہ محراب میں امام کے الگ کھڑے ہونے میں اہلِ  کتاب سے مشابہت ہے، یا اس سے امام کے دائیں بائیں کھڑے ہوئے افراد پر امام کی حالت مشتبہ ہوجاتی ہے، لہذا امام اگر مکمل محراب کے اندر ہو تو اس میں کراہت ہے،   ہاں اگر امام کے قدم محراب سے باہر ہوں اگرچہ سجدہ محراب میں کرے تو پھر کراہت نہیں ہوگی۔</p><p><span class=""ar_writing"">البحر الرائق شرح كنز الدقائق ومنحة الخالق وتكملة الطوري (2 / 28):</span></p><p class=""indent""><span class=""ar_writing"">""وحقيقة اختلاف المكان تمنع الجواز فشبهة الاختلاف توجب الكراهة، وهو وإن كان المحراب من المسجد كما هي العادة المستمرة فصورته وهيئته اقتضت شبهة الاختلاف…"".</span></p><p><span class=""ar_writing"">الدر المختار وحاشية ابن عابدين (رد المحتار) (1/ 645):</span></p><p class=""indent""><span class=""ar_writing"">""(وقيام الإمام في المحراب لا سجوده فيه) وقدماه خارجة لأن العبرة للقدم (مطلقاً) وإن لم يتشبه حال الإمام إن علل بالتشبه وإن بالاشتباه ولا اشتباه فلا اشتباه في نفي الكراهة.""</span></p><p class=""indent"" style=""text-align:left;"">فقط واللہ اعلم</p></p><hr class=""big-hr""/><div class=""col-sm-6 col-md-6""><p class=""question_heading"" style=""color:#73161f"">فتویٰ نمبر : <a id=""fatwa_number"">144203201238</a></p></div><div class=""col-sm-6 col-md-6""><p style=""color:#73161f"">دارالافتاء :
                                جامعہ علوم اسلامیہ علامہ محمد یوسف بنوری ٹاؤن</p></div><hr class=""big-hr""/><div class=""col-sm-4 col-md-4""><div class=""tag""><a href=""https://www.banuri.edu.pk/questions/kitab/salat""><i class=""icon-docs-bold""></i> نماز</a></div></div><div class=""col-sm-4 col-md-4""><div class=""tag""><a href=""https://www.banuri.edu.pk/questions/bab/makrohat-e-namaz""><i class=""icon-docs-bold""></i> مکروہاتِ نماز</a></div></div><div class=""col-sm-4 col-md-4""><div class=""tag""><a href=""https://www.banuri.edu.pk/questions/fasal/makrohat-e-namaz""><i class=""icon-docs-bold""></i> مکروہات نماز</a></div></div></div>"
https://www.banuri.edu.pk/readquestion/kia-biwi-ko-milnay-wali-wirasat-m-us-k-shohar-ka-haq-h-144203201251/09-11-2020,کیا بیوی کو ملنے والی وراثت میں اُس کے شوہر کا حق ہے؟,"<p><p style=""text-align:justify;"">کیا میکے سے بیوی کو ورثہ ملنے پر بہنوئی کو زیادہ مانگنے کی اجازت ہے؟ کیا وہ بولنے کا حق رکھتا ہے؟</p></p>","<p><p style=""text-align:justify;"">اگر کسی خاتون کو اپنے کسی مورث کے ترکہ میں سے کوئی حصہ ملتا ہے تو اُس ترکہ کی مالک وہ خاتون خود ہے،  اور اُس میں ہر طریقہ کا تصرف کا حق بھی وہ خود ہی رکھتی ہے، کسی دوسرے شخص کو (خواہ وہ اس خاتون کا شوہر ہو) اُس میں کسی قسم کے مطالبہ کا کوئی حق نہیں اور نہ ہی کسی کو اس میں تصرف کا کوئی اختیار ہے،  لہذا ایسے معاملات میں غیر وارث کو دخل اندازی کرنے سے گریز کرنا چاہیے اور بیوی کو اُس کی اپنی املاک میں تصرف کرنے میں آزاد سمجھنا چاہیے۔ فقط واللہ اعلم</p></p><hr class=""big-hr""/>",09-11-2020,144203201251,banuri.edu.pk,معاملات,وراثت / وصیت,استحقاق اور عدم استحقاق وراثت,"<div class=""col-md-12 sawal-jawab""><h3 class=""question_heading"">سوال</h3><p><p style=""text-align:justify;"">کیا میکے سے بیوی کو ورثہ ملنے پر بہنوئی کو زیادہ مانگنے کی اجازت ہے؟ کیا وہ بولنے کا حق رکھتا ہے؟</p></p><h4 class=""question_heading"">جواب</h4><p><p style=""text-align:justify;"">اگر کسی خاتون کو اپنے کسی مورث کے ترکہ میں سے کوئی حصہ ملتا ہے تو اُس ترکہ کی مالک وہ خاتون خود ہے،  اور اُس میں ہر طریقہ کا تصرف کا حق بھی وہ خود ہی رکھتی ہے، کسی دوسرے شخص کو (خواہ وہ اس خاتون کا شوہر ہو) اُس میں کسی قسم کے مطالبہ کا کوئی حق نہیں اور نہ ہی کسی کو اس میں تصرف کا کوئی اختیار ہے،  لہذا ایسے معاملات میں غیر وارث کو دخل اندازی کرنے سے گریز کرنا چاہیے اور بیوی کو اُس کی اپنی املاک میں تصرف کرنے میں آزاد سمجھنا چاہیے۔ فقط واللہ اعلم</p></p><hr class=""big-hr""/><div class=""col-sm-6 col-md-6""><p class=""question_heading"" style=""color:#73161f"">فتویٰ نمبر : <a id=""fatwa_number"">144203201251</a></p></div><div class=""col-sm-6 col-md-6""><p style=""color:#73161f"">دارالافتاء :
                                جامعہ علوم اسلامیہ علامہ محمد یوسف بنوری ٹاؤن</p></div><hr class=""big-hr""/><div class=""col-sm-4 col-md-4""><div class=""tag""><a href=""https://www.banuri.edu.pk/questions/kitab/muamlat""><i class=""icon-docs-bold""></i> معاملات</a></div></div><div class=""col-sm-4 col-md-4""><div class=""tag""><a href=""https://www.banuri.edu.pk/questions/bab/wirasat-wasyat""><i class=""icon-docs-bold""></i> وراثت / وصیت</a></div></div><div class=""col-sm-4 col-md-4""><div class=""tag""><a href=""https://www.banuri.edu.pk/questions/fasal/istehqaq-or-adm-istehqaq-wirasat""><i class=""icon-docs-bold""></i> استحقاق اور عدم استحقاق وراثت</a></div></div></div>"
https://www.banuri.edu.pk/readquestion/halat-jnabat-me-bachy-ko-dudh-plany-ka-hukm-144203201258/09-11-2020,حالتِ جنابت میں بچے کو دودھ پلانے کا حکم,"<p><p style=""text-align:justify;"">حالتِ جنابت میں بچے کو دودھ پلا سکتے ہیں؟</p></p>","<p><p style=""text-align:justify;"">بصورتِ مسئولہ بچے کو دودھ پلانے کے لیے عورت کا پاک ہونا ضروری نہیں ہے، حالتِ جنابت میں بھی عورت اپنے بچے کو دودھ پلا سکتی ہے، البتہ کوشش یہ کرنی چاہیے کہ جلد از جلد غسل کر لیا جائے، حالتِ جنابت میں زیادہ دیر تک نہیں رہنا چاہیے۔</p><p style=""text-align:justify;"">فتح الباري میں ہے:</p><p class=""indent"" style=""text-align:justify;""><span class=""ar_writing"">""عَنْ أَبِي هُرَيْرَةَ قَالَ: ""لَقِيَنِي رَسُولُ اللَّهِ صَلَّى اللَّهُ عَلَيْهِ وَسَلَّمَ وَأَنَا جُنُبٌ فَأَخَذَ بِيَدِي فَمَشَيْتُ مَعَهُ حَتَّى قَعَدَ فَانْسَلَلْتُ فَأَتَيْتُ الرَّحْلَ فَاغْتَسَلْتُ ثُمَّ جِئْتُ وَهُوَ قَاعِدٌ فَقَالَ أَيْنَ كُنْتَ يَا أَبَا هِرٍّ فَقُلْتُ لَهُ ""فَقَالَ سُبْحَانَ اللَّهِ يَا أَبَا هِرٍّ إِنَّ الْمُؤْمِنَ لاَ يَنْجُسُ"".</span></p><p class=""indent"" style=""text-align:justify;""><span class=""ar_writing"">قوله: ""إن المؤمن لا ينجس"" أن المراد أن المؤمن طاهر الأعضاء لاعتياده مجانبة النجاسة،... فدل على أن الآدمي الحي ليس بنجس العين إذ لا فرق بين النساء والرجال.""</span></p><p class=""indent"" style=""text-align:left;""><span class=""ar_writing"">(باب عرق الجنب، ج:1، ص:391، ط:دارالفكر)</span></p><p style=""text-align:justify;"">فتاوی ہندیہ میں ہے:</p><p class=""indent"" style=""text-align:justify;""><span class=""ar_writing"">""ولا بأس للجنب أن ينام ويعاود أهله قبل أن يتوضأ وإن توضأ فحسن وإن أراد أن يأكل أو يشرب فينبغي أن يتمضمض ويغسل يديه. كذا في السراج الوهاج.""</span></p><p class=""indent"" style=""text-align:left;""><span class=""ar_writing"">(الفصل الثالث في المعاني الموجبة للغسل، ج:1، ص:16، ط:مكتبة رشيدية)</span></p><p class=""indent"" style=""text-align:left;""><span class=""ar_writing"">فقط والله أعلم</span></p></p><hr class=""big-hr""/>",09-11-2020,144203201258,banuri.edu.pk,رضاعت,رضاعت کے احکام,رضاعت,"<div class=""col-md-12 sawal-jawab""><h3 class=""question_heading"">سوال</h3><p><p style=""text-align:justify;"">حالتِ جنابت میں بچے کو دودھ پلا سکتے ہیں؟</p></p><h4 class=""question_heading"">جواب</h4><p><p style=""text-align:justify;"">بصورتِ مسئولہ بچے کو دودھ پلانے کے لیے عورت کا پاک ہونا ضروری نہیں ہے، حالتِ جنابت میں بھی عورت اپنے بچے کو دودھ پلا سکتی ہے، البتہ کوشش یہ کرنی چاہیے کہ جلد از جلد غسل کر لیا جائے، حالتِ جنابت میں زیادہ دیر تک نہیں رہنا چاہیے۔</p><p style=""text-align:justify;"">فتح الباري میں ہے:</p><p class=""indent"" style=""text-align:justify;""><span class=""ar_writing"">""عَنْ أَبِي هُرَيْرَةَ قَالَ: ""لَقِيَنِي رَسُولُ اللَّهِ صَلَّى اللَّهُ عَلَيْهِ وَسَلَّمَ وَأَنَا جُنُبٌ فَأَخَذَ بِيَدِي فَمَشَيْتُ مَعَهُ حَتَّى قَعَدَ فَانْسَلَلْتُ فَأَتَيْتُ الرَّحْلَ فَاغْتَسَلْتُ ثُمَّ جِئْتُ وَهُوَ قَاعِدٌ فَقَالَ أَيْنَ كُنْتَ يَا أَبَا هِرٍّ فَقُلْتُ لَهُ ""فَقَالَ سُبْحَانَ اللَّهِ يَا أَبَا هِرٍّ إِنَّ الْمُؤْمِنَ لاَ يَنْجُسُ"".</span></p><p class=""indent"" style=""text-align:justify;""><span class=""ar_writing"">قوله: ""إن المؤمن لا ينجس"" أن المراد أن المؤمن طاهر الأعضاء لاعتياده مجانبة النجاسة،... فدل على أن الآدمي الحي ليس بنجس العين إذ لا فرق بين النساء والرجال.""</span></p><p class=""indent"" style=""text-align:left;""><span class=""ar_writing"">(باب عرق الجنب، ج:1، ص:391، ط:دارالفكر)</span></p><p style=""text-align:justify;"">فتاوی ہندیہ میں ہے:</p><p class=""indent"" style=""text-align:justify;""><span class=""ar_writing"">""ولا بأس للجنب أن ينام ويعاود أهله قبل أن يتوضأ وإن توضأ فحسن وإن أراد أن يأكل أو يشرب فينبغي أن يتمضمض ويغسل يديه. كذا في السراج الوهاج.""</span></p><p class=""indent"" style=""text-align:left;""><span class=""ar_writing"">(الفصل الثالث في المعاني الموجبة للغسل، ج:1، ص:16، ط:مكتبة رشيدية)</span></p><p class=""indent"" style=""text-align:left;""><span class=""ar_writing"">فقط والله أعلم</span></p></p><hr class=""big-hr""/><div class=""col-sm-6 col-md-6""><p class=""question_heading"" style=""color:#73161f"">فتویٰ نمبر : <a id=""fatwa_number"">144203201258</a></p></div><div class=""col-sm-6 col-md-6""><p style=""color:#73161f"">دارالافتاء :
                                جامعہ علوم اسلامیہ علامہ محمد یوسف بنوری ٹاؤن</p></div><hr class=""big-hr""/><div class=""col-sm-4 col-md-4""><div class=""tag""><a href=""https://www.banuri.edu.pk/questions/kitab/razaat""><i class=""icon-docs-bold""></i> رضاعت</a></div></div><div class=""col-sm-4 col-md-4""><div class=""tag""><a href=""https://www.banuri.edu.pk/questions/bab/razaat-k-ahkaam""><i class=""icon-docs-bold""></i> رضاعت کے احکام</a></div></div><div class=""col-sm-4 col-md-4""><div class=""tag""><a href=""https://www.banuri.edu.pk/questions/fasal/rizaat""><i class=""icon-docs-bold""></i> رضاعت</a></div></div></div>"
https://www.banuri.edu.pk/readquestion/advance-lone-lena-kesa-hy-144203201299/10-11-2020,ایڈوانس لون لینا کیسا ہے؟,"<p><p style=""text-align:justify;"">موبائل لون لینا کیسا ہے  جائز ہے یا ناجائز؟</p></p>","<p><p style=""text-align:justify;"">صورتِ مسئولہ میں ایڈوانس بیلنس (موبائل لون لینے) کا حکم یہ ہے کہ موبائل کمپنی اگرزائد رقم خدمت مہیا کرنے کے عوض وصول کرتی ہے (یعنی سروس چارجز کی مد میں زائد رقم لیتی ہے) تو ایڈوانس لینا جائز ہے۔</p><p style=""text-align:justify;"">بیلنس ختم ہونے کے بعد بعض موبائل کمپنیاں جو مسیج بھیجتی ہیں اس سے معلوم ہوتا ہے کہ کمپنی ایڈوانس کی سہولت دے کر  اس پر جو کچھ رقم کاٹتی ہے وہ سروس چارجز کی مد میں کاٹتی ہے، لہذا ایسی موبائل کمپنیوں سے ایڈوانس بیلنس کی سہولت حاصل کرنا جائز ہے، تاہم اگر کوئی شخص  احتیاط کے درجہ میں اس سے بچتا ہے تو یہ زیادہ بہتر ہے۔</p><p style=""text-align:justify;"">اور اگر کمپنی بطورِ قرض دے کر زائد رقم وصول کرے تو پھر ایڈوانس لون لینا ناجائز ہوگا۔ فقط واللہ اعلم</p></p><hr class=""big-hr""/>",10-11-2020,144203201299,banuri.edu.pk,معاملات,سود / بینکاری / انشورنس / شیئرز,سود کی تعریف اور احکام,"<div class=""col-md-12 sawal-jawab""><h3 class=""question_heading"">سوال</h3><p><p style=""text-align:justify;"">موبائل لون لینا کیسا ہے  جائز ہے یا ناجائز؟</p></p><h4 class=""question_heading"">جواب</h4><p><p style=""text-align:justify;"">صورتِ مسئولہ میں ایڈوانس بیلنس (موبائل لون لینے) کا حکم یہ ہے کہ موبائل کمپنی اگرزائد رقم خدمت مہیا کرنے کے عوض وصول کرتی ہے (یعنی سروس چارجز کی مد میں زائد رقم لیتی ہے) تو ایڈوانس لینا جائز ہے۔</p><p style=""text-align:justify;"">بیلنس ختم ہونے کے بعد بعض موبائل کمپنیاں جو مسیج بھیجتی ہیں اس سے معلوم ہوتا ہے کہ کمپنی ایڈوانس کی سہولت دے کر  اس پر جو کچھ رقم کاٹتی ہے وہ سروس چارجز کی مد میں کاٹتی ہے، لہذا ایسی موبائل کمپنیوں سے ایڈوانس بیلنس کی سہولت حاصل کرنا جائز ہے، تاہم اگر کوئی شخص  احتیاط کے درجہ میں اس سے بچتا ہے تو یہ زیادہ بہتر ہے۔</p><p style=""text-align:justify;"">اور اگر کمپنی بطورِ قرض دے کر زائد رقم وصول کرے تو پھر ایڈوانس لون لینا ناجائز ہوگا۔ فقط واللہ اعلم</p></p><hr class=""big-hr""/><div class=""col-sm-6 col-md-6""><p class=""question_heading"" style=""color:#73161f"">فتویٰ نمبر : <a id=""fatwa_number"">144203201299</a></p></div><div class=""col-sm-6 col-md-6""><p style=""color:#73161f"">دارالافتاء :
                                جامعہ علوم اسلامیہ علامہ محمد یوسف بنوری ٹاؤن</p></div><hr class=""big-hr""/><div class=""col-sm-4 col-md-4""><div class=""tag""><a href=""https://www.banuri.edu.pk/questions/kitab/muamlat""><i class=""icon-docs-bold""></i> معاملات</a></div></div><div class=""col-sm-4 col-md-4""><div class=""tag""><a href=""https://www.banuri.edu.pk/questions/bab/sood-bankari-insurance-shares""><i class=""icon-docs-bold""></i> سود / بینکاری / انشورنس / شیئرز</a></div></div><div class=""col-sm-4 col-md-4""><div class=""tag""><a href=""https://www.banuri.edu.pk/questions/fasal/sood-ki-tareef-or-ahkam""><i class=""icon-docs-bold""></i> سود کی تعریف اور احکام</a></div></div></div>"
https://www.banuri.edu.pk/readquestion/dost-ko-nikah-me-dost-banana-144203201278/10-11-2020,دوست کو نکاح میں گواہ بنانا,"<p><p style=""text-align:justify;""><span class=""ur_writing"">دورانِ نکاح اپنوں کے بجائے کیا دوست کو گواہ کے طور پر پیش کر سکتے ہیں؟</span><span><span></span></span></p></p>","<p><p style=""text-align:justify;""><span class=""ur_writing"">ازروئے شرع نکاح صحیح ہونے کے لیے دولہا اور دلہن کی طرف سے علیحدہ علیحدہ دو گواہ ہونا ضروری نہیں ہے، بلکہ عاقدین (جو عموماً دلہن کا وکیل اور خود دولہا ہوتے ہیں) اور قاضی  کے علاوہ اگر دو مسلمان مرد  یا ایک مسلمان مرد اور دو مسلمان عورتیں گواہ ہوں تو نکاح منعقد ہوجاتاہے، اور اگر مسلمانوں کے مجمع میں نکاح ہوجائے اور باقاعدہ کسی کا نام گواہ کے طور پر نہ لکھا جائے تو  بھی شرعاً یہ نکاح منعقد ہوجاتا ہے۔ البتہ نکاح نامہ کے مندرجات پر کرتے ہوئے قانونی تقاضا یہ ہے کہ شادی کے دو گواہ نامزد ہوں، یہ گواہ لڑکی کے رشتہ دار بھی ہوسکتے ہیں اور لڑکے کے رشتہ دار بھی ہوسکتے ہیں؛ اور ان کے دوست بھی ہو سکتے ہیں، پس شادی کے گواہ کوئی بھی عاقل بالغ دو مرد یا ایک مرد اور دو عورتیں ہو سکتی ہیں۔</span></p><p style=""text-align:justify;""><span class=""ur_writing"">تنویر الابصار مع الدر المختار میں ہے:</span></p><p class=""indent"" style=""text-align:justify;""><span class=""ar_writing"">""(وَ) شُرِطَ (حُضُورُ) شَاهِدَيْنِ (حُرَّيْنِ) أَوْ حُرٌّ وَحُرَّتَيْنِ (مُكَلَّفَيْنِ سَامِعَيْنِ قَوْلَهُمَا مَعًا) عَلَى الْأَصَحِّ (فَاهِمَيْنِ) أَنَّهُ نِكَاحٌ عَلَى الْمَذْهَبِ بَحْرٌ (مُسْلِمَيْنِ لِنِكَاحِ مُسْلِمَةٍ وَلَوْ فَاسِقَيْنِ أَوْ مَحْدُودَيْنِ فِي قَذْفٍ أَوْ أَعْمَيَيْنِ أَوْ ابْنَيْ الزَّوْجَيْنِ أَوْ ابْنَيْ أَحَدِهِمَا، وَإِنْ لَمْ يَثْبُتْ النِّكَاحُ بِهِمَا) بِالِابْنَيْنِ"".</span></p><p style=""text-align:justify;""><span class=""ar_writing"">تحته في رد المحتار:</span></p><p class=""indent"" style=""text-align:justify;""><span class=""ar_writing"">""(قَوْلُهُ: وَإِنْ لَمْ يَثْبُتْ النِّكَاحُ بِهِمَا) أَيْ بِالِابْنَيْنِ أَيْ بِشَهَادَتِهَا، فَقَوْلُهُ: بِالِابْنَيْنِ بَدَلٌ مِنْ الضَّمِيرِ الْمَجْرُورِ، وَفِي نُسْخَةٍ لَهُمَا أَيْ لِلزَّوْجَيْنِ، وَقَدْ أَشَارَ إلَى مَا قَدَّمْنَاهُ مِنْ الْفَرْقِ بَيْنَ حُكْمِ الِانْعِقَادِ، وَحُكْمِ الْإِظْهَارِ أَيْ يَنْعَقِدُ النِّكَاحُ بِشَهَادَتِهِمَا، وَإِنْ لَمْ يَثْبُتْ بِهَا عِنْدَ التَّجَاحُدِ وَلَيْسَ هَذَا خَاصًّا بِالِابْنَيْنِ كَمَا قَدَّمْنَاهُ"".</span></p><p class=""indent"" style=""text-align:left;""><span class=""ur_writing"">(الشامية، كِتَابُ النِّكَاحِ، ٣ / ٢١ - ٢٤، ط: دار الفكر)</span></p><p class=""indent"" style=""text-align:left;""><span class=""ur_writing"">فقط والله اعلم</span></p></p><hr class=""big-hr""/>",10-11-2020,144203201278,banuri.edu.pk,نکاح,نکاح کی اہمیت اور حکم,نکاح کا حکم,"<div class=""col-md-12 sawal-jawab""><h3 class=""question_heading"">سوال</h3><p><p style=""text-align:justify;""><span class=""ur_writing"">دورانِ نکاح اپنوں کے بجائے کیا دوست کو گواہ کے طور پر پیش کر سکتے ہیں؟</span><span><span></span></span></p></p><h4 class=""question_heading"">جواب</h4><p><p style=""text-align:justify;""><span class=""ur_writing"">ازروئے شرع نکاح صحیح ہونے کے لیے دولہا اور دلہن کی طرف سے علیحدہ علیحدہ دو گواہ ہونا ضروری نہیں ہے، بلکہ عاقدین (جو عموماً دلہن کا وکیل اور خود دولہا ہوتے ہیں) اور قاضی  کے علاوہ اگر دو مسلمان مرد  یا ایک مسلمان مرد اور دو مسلمان عورتیں گواہ ہوں تو نکاح منعقد ہوجاتاہے، اور اگر مسلمانوں کے مجمع میں نکاح ہوجائے اور باقاعدہ کسی کا نام گواہ کے طور پر نہ لکھا جائے تو  بھی شرعاً یہ نکاح منعقد ہوجاتا ہے۔ البتہ نکاح نامہ کے مندرجات پر کرتے ہوئے قانونی تقاضا یہ ہے کہ شادی کے دو گواہ نامزد ہوں، یہ گواہ لڑکی کے رشتہ دار بھی ہوسکتے ہیں اور لڑکے کے رشتہ دار بھی ہوسکتے ہیں؛ اور ان کے دوست بھی ہو سکتے ہیں، پس شادی کے گواہ کوئی بھی عاقل بالغ دو مرد یا ایک مرد اور دو عورتیں ہو سکتی ہیں۔</span></p><p style=""text-align:justify;""><span class=""ur_writing"">تنویر الابصار مع الدر المختار میں ہے:</span></p><p class=""indent"" style=""text-align:justify;""><span class=""ar_writing"">""(وَ) شُرِطَ (حُضُورُ) شَاهِدَيْنِ (حُرَّيْنِ) أَوْ حُرٌّ وَحُرَّتَيْنِ (مُكَلَّفَيْنِ سَامِعَيْنِ قَوْلَهُمَا مَعًا) عَلَى الْأَصَحِّ (فَاهِمَيْنِ) أَنَّهُ نِكَاحٌ عَلَى الْمَذْهَبِ بَحْرٌ (مُسْلِمَيْنِ لِنِكَاحِ مُسْلِمَةٍ وَلَوْ فَاسِقَيْنِ أَوْ مَحْدُودَيْنِ فِي قَذْفٍ أَوْ أَعْمَيَيْنِ أَوْ ابْنَيْ الزَّوْجَيْنِ أَوْ ابْنَيْ أَحَدِهِمَا، وَإِنْ لَمْ يَثْبُتْ النِّكَاحُ بِهِمَا) بِالِابْنَيْنِ"".</span></p><p style=""text-align:justify;""><span class=""ar_writing"">تحته في رد المحتار:</span></p><p class=""indent"" style=""text-align:justify;""><span class=""ar_writing"">""(قَوْلُهُ: وَإِنْ لَمْ يَثْبُتْ النِّكَاحُ بِهِمَا) أَيْ بِالِابْنَيْنِ أَيْ بِشَهَادَتِهَا، فَقَوْلُهُ: بِالِابْنَيْنِ بَدَلٌ مِنْ الضَّمِيرِ الْمَجْرُورِ، وَفِي نُسْخَةٍ لَهُمَا أَيْ لِلزَّوْجَيْنِ، وَقَدْ أَشَارَ إلَى مَا قَدَّمْنَاهُ مِنْ الْفَرْقِ بَيْنَ حُكْمِ الِانْعِقَادِ، وَحُكْمِ الْإِظْهَارِ أَيْ يَنْعَقِدُ النِّكَاحُ بِشَهَادَتِهِمَا، وَإِنْ لَمْ يَثْبُتْ بِهَا عِنْدَ التَّجَاحُدِ وَلَيْسَ هَذَا خَاصًّا بِالِابْنَيْنِ كَمَا قَدَّمْنَاهُ"".</span></p><p class=""indent"" style=""text-align:left;""><span class=""ur_writing"">(الشامية، كِتَابُ النِّكَاحِ، ٣ / ٢١ - ٢٤، ط: دار الفكر)</span></p><p class=""indent"" style=""text-align:left;""><span class=""ur_writing"">فقط والله اعلم</span></p></p><hr class=""big-hr""/><div class=""col-sm-6 col-md-6""><p class=""question_heading"" style=""color:#73161f"">فتویٰ نمبر : <a id=""fatwa_number"">144203201278</a></p></div><div class=""col-sm-6 col-md-6""><p style=""color:#73161f"">دارالافتاء :
                                جامعہ علوم اسلامیہ علامہ محمد یوسف بنوری ٹاؤن</p></div><hr class=""big-hr""/><div class=""col-sm-4 col-md-4""><div class=""tag""><a href=""https://www.banuri.edu.pk/questions/kitab/nikah""><i class=""icon-docs-bold""></i> نکاح</a></div></div><div class=""col-sm-4 col-md-4""><div class=""tag""><a href=""https://www.banuri.edu.pk/questions/bab/nikah-ki-ahmiyat-aur-hukum""><i class=""icon-docs-bold""></i> نکاح کی اہمیت اور حکم</a></div></div><div class=""col-sm-4 col-md-4""><div class=""tag""><a href=""https://www.banuri.edu.pk/questions/fasal/nikah-k-ahkam-sharait-sunan-or-aadab""><i class=""icon-docs-bold""></i> نکاح کا حکم</a></div></div></div>"
https://www.banuri.edu.pk/readquestion/jaib-m-blood-sample-ki-bottle-k-sath-namaz-parhna-144203201255/09-11-2020,جیب میں خون کے سیمپل کی بوتل کے ساتھ نماز پڑھنا,"<p><p style=""text-align:justify;"">اگر جیب میں خون کے سیمپل کی بوتل ہو یا پیشاب کے سیمپل کی بوتل ہو جو باہر سے ناپاک نہ ہو تو نماز پڑھ  سکتے ہیں؟</p></p>","<p><p style=""text-align:justify;"">اگر کسی شخص کی جیب میں خون، پیشاب یا اس جیسی کسی ناپاک چیز  کے سیمپل کی  بوتل ہو اور اس بوتل میں خون یا پیشاب وغیرہ موجود ہو تو ایسی بوتل کے جیب میں ہوتے ہوئے نماز درست نہیں ہوگی، ہاں! اگر بوتل خالی ہو اور اُس میں خون یا پیشاب ایک درہم کی مقدار سے زیادہ موجود نہ ہو تو ایسی صورت میں نماز ہو جائے گی، تاہم اس صورت میں بھی اس کے ساتھ نماز پڑھنا پسندیدہ نہیں ہے۔</p><p><span class=""ar_writing"">الفتاوى الهندية (1 / 62):</span></p><p class=""indent""><span class=""ar_writing"">""في النصاب: رجل صلّى وفي كمّه قارورة فيها بول لاتجوز الصلاة سواء كانت ممتلئةً أو لم تكن؛ لأن هذا ليس في مظانه ومعدنه بخلاف البيضة المذرة؛ لأنه في معدنه ومظانه وعليه الفتوى. كذا في المضمرات"".</span></p><p class=""indent"" style=""text-align:left;""><span class=""ar_writing"">فقط والله أعلم</span></p></p><hr class=""big-hr""/>",09-11-2020,144203201255,banuri.edu.pk,نماز,نماز توڑنے والی چیزیں,نماز توڑنے والی اشیاء,"<div class=""col-md-12 sawal-jawab""><h3 class=""question_heading"">سوال</h3><p><p style=""text-align:justify;"">اگر جیب میں خون کے سیمپل کی بوتل ہو یا پیشاب کے سیمپل کی بوتل ہو جو باہر سے ناپاک نہ ہو تو نماز پڑھ  سکتے ہیں؟</p></p><h4 class=""question_heading"">جواب</h4><p><p style=""text-align:justify;"">اگر کسی شخص کی جیب میں خون، پیشاب یا اس جیسی کسی ناپاک چیز  کے سیمپل کی  بوتل ہو اور اس بوتل میں خون یا پیشاب وغیرہ موجود ہو تو ایسی بوتل کے جیب میں ہوتے ہوئے نماز درست نہیں ہوگی، ہاں! اگر بوتل خالی ہو اور اُس میں خون یا پیشاب ایک درہم کی مقدار سے زیادہ موجود نہ ہو تو ایسی صورت میں نماز ہو جائے گی، تاہم اس صورت میں بھی اس کے ساتھ نماز پڑھنا پسندیدہ نہیں ہے۔</p><p><span class=""ar_writing"">الفتاوى الهندية (1 / 62):</span></p><p class=""indent""><span class=""ar_writing"">""في النصاب: رجل صلّى وفي كمّه قارورة فيها بول لاتجوز الصلاة سواء كانت ممتلئةً أو لم تكن؛ لأن هذا ليس في مظانه ومعدنه بخلاف البيضة المذرة؛ لأنه في معدنه ومظانه وعليه الفتوى. كذا في المضمرات"".</span></p><p class=""indent"" style=""text-align:left;""><span class=""ar_writing"">فقط والله أعلم</span></p></p><hr class=""big-hr""/><div class=""col-sm-6 col-md-6""><p class=""question_heading"" style=""color:#73161f"">فتویٰ نمبر : <a id=""fatwa_number"">144203201255</a></p></div><div class=""col-sm-6 col-md-6""><p style=""color:#73161f"">دارالافتاء :
                                جامعہ علوم اسلامیہ علامہ محمد یوسف بنوری ٹاؤن</p></div><hr class=""big-hr""/><div class=""col-sm-4 col-md-4""><div class=""tag""><a href=""https://www.banuri.edu.pk/questions/kitab/salat""><i class=""icon-docs-bold""></i> نماز</a></div></div><div class=""col-sm-4 col-md-4""><div class=""tag""><a href=""https://www.banuri.edu.pk/questions/bab/namaz-torney-wali-chezen""><i class=""icon-docs-bold""></i> نماز توڑنے والی چیزیں</a></div></div><div class=""col-sm-4 col-md-4""><div class=""tag""><a href=""https://www.banuri.edu.pk/questions/fasal/namaz-tornay-wali-ashya""><i class=""icon-docs-bold""></i> نماز توڑنے والی اشیاء</a></div></div></div>"
https://www.banuri.edu.pk/readquestion/mulazmt-ky-maqam-me-namaz-qasar-krny-ka-hukum-144203201294/10-11-2020,ملازمت کے مقام میں نماز قصر کرنے کا حکم,"<p><p style=""text-align:justify;"">میں عرصہ سات سال سے دوسرے شہر میں ملازمت کے سلسلے میں رہ رہا ہوں۔ اور ہر جمعے کی شام کو اپنے آبائی شہر واپس آ جاتا ہوں اور سوموار کی صبح پھر دوسرے شہر چلا جاتا ہوں۔ اس عرصہ میں، میں کبھی بھی 6 دن سے زیادہ دوسرے شہر میں نہیں رکا. اس صورت میں کیا میں قصر نماز پڑہوں گا؟</p></p>","<p><p style=""text-align:justify;"">واضح رہے کہ شرعی مسافتِ سفر سوا ستتر کلومیٹر ہے، اس سے کم سفر کی صورت میں آدمی شرعاً مسافر نہیں کہلاتا، لہٰذا اگر  آپ کی ملازمت والا مقام  آپ کےشہر  سے سوا ستتر  کلومیٹر کے فاصلے سے کم مسافت پر ہے تو یہ شرعی مسافتِ سفر نہیں ہے، اس صورت میں آپ دونوں جگہ پوری نماز پڑھیں گے۔</p><p style=""text-align:justify;"">اور اگر ملازمت والا شہر  آپ کے شہر  سے کم از کم سوا ستتر کلومیٹر دور ہے اور آپ اس  ملازمت والے شہر میں  زیادہ سے زیادہ 6 دن  گزار کر واپس آجاتے ہیں اور اس عرصے میں ایک مرتبہ بھی آپ پندرہ دن یا اس سے زیادہ  وہاں نہیں ٹھہرے تو آپ اس شہر  میں تنہا نماز پڑھتے ہوئے یا امامت کراتے ہوئے چار رکعات والی فرض نماز میں قصر کریں گے۔ البتہ اگر آپ ایک دفعہ بھی ملازمت والے شہر  میں پندرہ دن یا اس سے زیادہ ٹھہر گئے تو ملازمت والا شہر  آپ کا وطنِ اقامت بن جائے گا، پھر جب تک نوکری کے سلسلے میں وہاں آپ کا آنا جانا لگا رہے اور آپ کا ضروری سامان وہاں موجود رہے تو ہر مرتبہ پندرہ دن کی نیت سے ٹھہرنا ضروری نہیں ہوگا، بلکہ جب تک سامان اٹھا کر آپ وہاں سے منتقل نہیں ہوتے، اس وقت تک آپ وہاں  پوری نماز پڑھیں گے، چاہے تین، چار دن کا قیام ہی کیوں نہ ہو۔</p><p style=""text-align:justify;"">بصورتِ مسئولہ آپ اپنےآبائی شہر اورملازمت والے شہر  کے درمیان مسافت کی تحقیق کرکے مذکورہ تفصیل کے مطابق عمل کیجیے۔</p><p dir=""rtl"" style=""text-align:justify;""><span class=""ar_writing"" lang=""ar-sa"" xml:lang=""ar-sa"">وفي الفتاوى الهندية :</span></p><p class=""indent"" dir=""rtl"" style=""text-align:justify;""><span class=""ar_writing"" lang=""ar-sa"" xml:lang=""ar-sa"">"" أقل مسافة تتغير فيها الأحكام مسيرة ثلاثة أيام، كذا في التبيين.""</span></p><p class=""indent"" dir=""rtl"" style=""text-align:left;""><span lang=""ar-sa"" xml:lang=""ar-sa"">(1/ 138ط:ماجدية</span><span lang=""ar-sa"" xml:lang=""ar-sa"">)</span></p><p style=""text-align:justify;""><span class=""ar_writing"">البحر الرائق شرح كنز الدقائق (2/ 147):</span></p><p class=""indent"" style=""text-align:justify;""><span class=""ar_writing"">""كوطن الإقامة يبقى ببقاء الثقل وإن أقام بموضع آخر ... وأما وطن الإقامة فهو الوطن الذي يقصد المسافر الإقامة فيه، وهو صالح لها نصف شهر"".</span></p><p class=""indent"" style=""text-align:left;""><span class=""ar_writing"">(باب صلاۃ المسافر ،ج:۴/ ۱۱۲ ،ط:سعید )</span></p><p class=""indent"" style=""text-align:left;"">فقط والله اعلم</p></p><hr class=""big-hr""/>",10-11-2020,144203201294,banuri.edu.pk,نماز,مسافر کی نماز,مسافر کی نماز,"<div class=""col-md-12 sawal-jawab""><h3 class=""question_heading"">سوال</h3><p><p style=""text-align:justify;"">میں عرصہ سات سال سے دوسرے شہر میں ملازمت کے سلسلے میں رہ رہا ہوں۔ اور ہر جمعے کی شام کو اپنے آبائی شہر واپس آ جاتا ہوں اور سوموار کی صبح پھر دوسرے شہر چلا جاتا ہوں۔ اس عرصہ میں، میں کبھی بھی 6 دن سے زیادہ دوسرے شہر میں نہیں رکا. اس صورت میں کیا میں قصر نماز پڑہوں گا؟</p></p><h4 class=""question_heading"">جواب</h4><p><p style=""text-align:justify;"">واضح رہے کہ شرعی مسافتِ سفر سوا ستتر کلومیٹر ہے، اس سے کم سفر کی صورت میں آدمی شرعاً مسافر نہیں کہلاتا، لہٰذا اگر  آپ کی ملازمت والا مقام  آپ کےشہر  سے سوا ستتر  کلومیٹر کے فاصلے سے کم مسافت پر ہے تو یہ شرعی مسافتِ سفر نہیں ہے، اس صورت میں آپ دونوں جگہ پوری نماز پڑھیں گے۔</p><p style=""text-align:justify;"">اور اگر ملازمت والا شہر  آپ کے شہر  سے کم از کم سوا ستتر کلومیٹر دور ہے اور آپ اس  ملازمت والے شہر میں  زیادہ سے زیادہ 6 دن  گزار کر واپس آجاتے ہیں اور اس عرصے میں ایک مرتبہ بھی آپ پندرہ دن یا اس سے زیادہ  وہاں نہیں ٹھہرے تو آپ اس شہر  میں تنہا نماز پڑھتے ہوئے یا امامت کراتے ہوئے چار رکعات والی فرض نماز میں قصر کریں گے۔ البتہ اگر آپ ایک دفعہ بھی ملازمت والے شہر  میں پندرہ دن یا اس سے زیادہ ٹھہر گئے تو ملازمت والا شہر  آپ کا وطنِ اقامت بن جائے گا، پھر جب تک نوکری کے سلسلے میں وہاں آپ کا آنا جانا لگا رہے اور آپ کا ضروری سامان وہاں موجود رہے تو ہر مرتبہ پندرہ دن کی نیت سے ٹھہرنا ضروری نہیں ہوگا، بلکہ جب تک سامان اٹھا کر آپ وہاں سے منتقل نہیں ہوتے، اس وقت تک آپ وہاں  پوری نماز پڑھیں گے، چاہے تین، چار دن کا قیام ہی کیوں نہ ہو۔</p><p style=""text-align:justify;"">بصورتِ مسئولہ آپ اپنےآبائی شہر اورملازمت والے شہر  کے درمیان مسافت کی تحقیق کرکے مذکورہ تفصیل کے مطابق عمل کیجیے۔</p><p dir=""rtl"" style=""text-align:justify;""><span class=""ar_writing"" lang=""ar-sa"" xml:lang=""ar-sa"">وفي الفتاوى الهندية :</span></p><p class=""indent"" dir=""rtl"" style=""text-align:justify;""><span class=""ar_writing"" lang=""ar-sa"" xml:lang=""ar-sa"">"" أقل مسافة تتغير فيها الأحكام مسيرة ثلاثة أيام، كذا في التبيين.""</span></p><p class=""indent"" dir=""rtl"" style=""text-align:left;""><span lang=""ar-sa"" xml:lang=""ar-sa"">(1/ 138ط:ماجدية</span><span lang=""ar-sa"" xml:lang=""ar-sa"">)</span></p><p style=""text-align:justify;""><span class=""ar_writing"">البحر الرائق شرح كنز الدقائق (2/ 147):</span></p><p class=""indent"" style=""text-align:justify;""><span class=""ar_writing"">""كوطن الإقامة يبقى ببقاء الثقل وإن أقام بموضع آخر ... وأما وطن الإقامة فهو الوطن الذي يقصد المسافر الإقامة فيه، وهو صالح لها نصف شهر"".</span></p><p class=""indent"" style=""text-align:left;""><span class=""ar_writing"">(باب صلاۃ المسافر ،ج:۴/ ۱۱۲ ،ط:سعید )</span></p><p class=""indent"" style=""text-align:left;"">فقط والله اعلم</p></p><hr class=""big-hr""/><div class=""col-sm-6 col-md-6""><p class=""question_heading"" style=""color:#73161f"">فتویٰ نمبر : <a id=""fatwa_number"">144203201294</a></p></div><div class=""col-sm-6 col-md-6""><p style=""color:#73161f"">دارالافتاء :
                                جامعہ علوم اسلامیہ علامہ محمد یوسف بنوری ٹاؤن</p></div><hr class=""big-hr""/><div class=""col-sm-4 col-md-4""><div class=""tag""><a href=""https://www.banuri.edu.pk/questions/kitab/salat""><i class=""icon-docs-bold""></i> نماز</a></div></div><div class=""col-sm-4 col-md-4""><div class=""tag""><a href=""https://www.banuri.edu.pk/questions/bab/musafir-ki-namaz""><i class=""icon-docs-bold""></i> مسافر کی نماز</a></div></div><div class=""col-sm-4 col-md-4""><div class=""tag""><a href=""https://www.banuri.edu.pk/questions/fasal/musafir-ki-namaz""><i class=""icon-docs-bold""></i> مسافر کی نماز</a></div></div></div>"
https://www.banuri.edu.pk/readquestion/das-sal-baree-ourat-sy-shadee-karna-144203201262/09-11-2020,دس سال بڑی عورت سے شادی کرنا,"<p><p style=""text-align:justify;"">اپنے سے بڑی عمر کی ایک بیوہ خاتون سے شادی کرنے کے بارے میں کیا حکم ہے جس کے تین بچے ہیں؟ ان کی عمر 35 سال ہے اور میری عمر 25 سال ہے!</p></p>","<p><p style=""text-align:justify;""><span class=""ur_writing"" style=""font-family:mehr_nastaliq_web;font-size:20px;text-align:right;background-color:#fff;""><span style=""font-family:Nafees,sans-serif;font-size:16px;"">کنواری اور ہم عمر عورت سے شادی کرنا پسندیدہ ہے، نکاح کے مصالح کے حصول اور مابعد کی زندگی کے لیے یہ زیادہ مناسب ہے۔ تاہم بڑی عمر کی خاتون یا بیوہ سے نکاح کرنابھی جائز ہے۔ خود رسول اللہ ﷺ نے حضرت خدیجہ بنت خویلد رضی اللہ عنہا سے جب نکاح کیا تو آپ ﷺ کی عمر 25 سال اور خدیجہ رضی اللہ عنہا کی عمر 40 سال تھی ۔</span></span></p><p><span class=""ur_writing"" style=""font-family:mehr_nastaliq_web;font-size:20px;text-align:right;background-color:#fff;""><span style=""font-family:Nafees,sans-serif;font-size:16px;"">حدیث میں ہے:</span></span></p><p class=""indent"" style=""text-align:justify;""><span class=""ar_writing"">""عن جابر، قال: قال لی رسول اللہ صلی اللہ علیہ وسلم: هل نکحت یا جابر؟ قلت: نعم، قال: ماذا أبکرًا أم ثیبًا؟ قلت: لا، بل ثیبًا، قال: فهلّا جاریةً تلاعبك. الحدیث.""</span></p><p class=""indent"" style=""text-align:left;""><span class=""ar_writing"">(البخاري: رقم ۴۰۵۳)</span></p><p class=""indent"" style=""text-align:justify;""><span class=""ar_writing"">وقال العلماء في شرح هذا الحدیث: وفي الحدیث دلیل علی استحباب نکاح الأبکار إلا لمقتضی لنکاح الثیب کما وقع لجابر الخ (انظر: عون المعبود، تحفة الأحوذي وغیرهما)</span></p><p class=""indent"" style=""text-align:justify;""><span class=""ar_writing"">""ویندب إعلانه ... وکونها دونه سنًّا لئلایسرع عقمها فلاتلد ...""</span></p><p class=""indent"" style=""text-align:left;""><span class=""ar_writing"">(در مختار مع الشامي: ۴/۶۶ دارالکتب العلمیة)</span></p><p class=""indent"" style=""text-align:left;"">فقط واللہ اعلم </p></p><hr class=""big-hr""/>",09-11-2020,144203201262,banuri.edu.pk,نکاح,نکاح کی اہمیت اور حکم,نکاح کا حکم,"<div class=""col-md-12 sawal-jawab""><h3 class=""question_heading"">سوال</h3><p><p style=""text-align:justify;"">اپنے سے بڑی عمر کی ایک بیوہ خاتون سے شادی کرنے کے بارے میں کیا حکم ہے جس کے تین بچے ہیں؟ ان کی عمر 35 سال ہے اور میری عمر 25 سال ہے!</p></p><h4 class=""question_heading"">جواب</h4><p><p style=""text-align:justify;""><span class=""ur_writing"" style=""font-family:mehr_nastaliq_web;font-size:20px;text-align:right;background-color:#fff;""><span style=""font-family:Nafees,sans-serif;font-size:16px;"">کنواری اور ہم عمر عورت سے شادی کرنا پسندیدہ ہے، نکاح کے مصالح کے حصول اور مابعد کی زندگی کے لیے یہ زیادہ مناسب ہے۔ تاہم بڑی عمر کی خاتون یا بیوہ سے نکاح کرنابھی جائز ہے۔ خود رسول اللہ ﷺ نے حضرت خدیجہ بنت خویلد رضی اللہ عنہا سے جب نکاح کیا تو آپ ﷺ کی عمر 25 سال اور خدیجہ رضی اللہ عنہا کی عمر 40 سال تھی ۔</span></span></p><p><span class=""ur_writing"" style=""font-family:mehr_nastaliq_web;font-size:20px;text-align:right;background-color:#fff;""><span style=""font-family:Nafees,sans-serif;font-size:16px;"">حدیث میں ہے:</span></span></p><p class=""indent"" style=""text-align:justify;""><span class=""ar_writing"">""عن جابر، قال: قال لی رسول اللہ صلی اللہ علیہ وسلم: هل نکحت یا جابر؟ قلت: نعم، قال: ماذا أبکرًا أم ثیبًا؟ قلت: لا، بل ثیبًا، قال: فهلّا جاریةً تلاعبك. الحدیث.""</span></p><p class=""indent"" style=""text-align:left;""><span class=""ar_writing"">(البخاري: رقم ۴۰۵۳)</span></p><p class=""indent"" style=""text-align:justify;""><span class=""ar_writing"">وقال العلماء في شرح هذا الحدیث: وفي الحدیث دلیل علی استحباب نکاح الأبکار إلا لمقتضی لنکاح الثیب کما وقع لجابر الخ (انظر: عون المعبود، تحفة الأحوذي وغیرهما)</span></p><p class=""indent"" style=""text-align:justify;""><span class=""ar_writing"">""ویندب إعلانه ... وکونها دونه سنًّا لئلایسرع عقمها فلاتلد ...""</span></p><p class=""indent"" style=""text-align:left;""><span class=""ar_writing"">(در مختار مع الشامي: ۴/۶۶ دارالکتب العلمیة)</span></p><p class=""indent"" style=""text-align:left;"">فقط واللہ اعلم </p></p><hr class=""big-hr""/><div class=""col-sm-6 col-md-6""><p class=""question_heading"" style=""color:#73161f"">فتویٰ نمبر : <a id=""fatwa_number"">144203201262</a></p></div><div class=""col-sm-6 col-md-6""><p style=""color:#73161f"">دارالافتاء :
                                جامعہ علوم اسلامیہ علامہ محمد یوسف بنوری ٹاؤن</p></div><hr class=""big-hr""/><div class=""col-sm-4 col-md-4""><div class=""tag""><a href=""https://www.banuri.edu.pk/questions/kitab/nikah""><i class=""icon-docs-bold""></i> نکاح</a></div></div><div class=""col-sm-4 col-md-4""><div class=""tag""><a href=""https://www.banuri.edu.pk/questions/bab/nikah-ki-ahmiyat-aur-hukum""><i class=""icon-docs-bold""></i> نکاح کی اہمیت اور حکم</a></div></div><div class=""col-sm-4 col-md-4""><div class=""tag""><a href=""https://www.banuri.edu.pk/questions/fasal/nikah-k-ahkam-sharait-sunan-or-aadab""><i class=""icon-docs-bold""></i> نکاح کا حکم</a></div></div></div>"
https://www.banuri.edu.pk/readquestion/nikah-k-liye-ktny-gawahon-ka-hona-zarori-hy-144203201277/10-11-2020,نکاح کے لیے کتنے گواہوں کا ہونا ضروری ہے؟,"<p><p style=""text-align:justify;""><span class=""ur_writing"">دورانِ نکاح کتنے گواہ ہونے چاہییں اور اس میں مرد کتنے ہونے چاہییں اور عورتیں کتنی ہونی چاہییں؟</span></p></p>","<p><p style=""text-align:justify;"">مسلمان مرد و عورت کا نکاح صحیح ہونے کے لیے مجلسِ نکاح میں گواہی کے لیے دو مسلمان عاقل بالغ مردوں یا ایک مسلمان مرد اور دو مسلمان عورتوں کا موجود ہونا  ضروری ہے۔</p><p style=""text-align:justify;"">فتاوی ہندیہ میں ہے:</p><p class=""indent"" style=""text-align:justify;""><span class=""ar_writing"">""( ومنها: ) الشهادة قال عامة العلماء: إنها شرط جواز النكاح، هكذا في البدائع. وشرط في الشاهد أربعة أمور: الحرية والعقل والبلوغ والإسلام ... ويشترط العدد فلاينعقد النكاح بشاهد واحد، هكذا في البدائع. ولايشترط وصف الذكورة حتى ينعقد بحضور رجل وامرأتين"". (6/418)</span></p><p class=""indent"" style=""text-align:left;""><span class=""ur_writing""> فقط  واللہ اعلم</span></p></p><hr class=""big-hr""/>",10-11-2020,144203201277,banuri.edu.pk,نکاح,نکاح فاسد و باطل,دوسرے کی بیوی سے نکاح,"<div class=""col-md-12 sawal-jawab""><h3 class=""question_heading"">سوال</h3><p><p style=""text-align:justify;""><span class=""ur_writing"">دورانِ نکاح کتنے گواہ ہونے چاہییں اور اس میں مرد کتنے ہونے چاہییں اور عورتیں کتنی ہونی چاہییں؟</span></p></p><h4 class=""question_heading"">جواب</h4><p><p style=""text-align:justify;"">مسلمان مرد و عورت کا نکاح صحیح ہونے کے لیے مجلسِ نکاح میں گواہی کے لیے دو مسلمان عاقل بالغ مردوں یا ایک مسلمان مرد اور دو مسلمان عورتوں کا موجود ہونا  ضروری ہے۔</p><p style=""text-align:justify;"">فتاوی ہندیہ میں ہے:</p><p class=""indent"" style=""text-align:justify;""><span class=""ar_writing"">""( ومنها: ) الشهادة قال عامة العلماء: إنها شرط جواز النكاح، هكذا في البدائع. وشرط في الشاهد أربعة أمور: الحرية والعقل والبلوغ والإسلام ... ويشترط العدد فلاينعقد النكاح بشاهد واحد، هكذا في البدائع. ولايشترط وصف الذكورة حتى ينعقد بحضور رجل وامرأتين"". (6/418)</span></p><p class=""indent"" style=""text-align:left;""><span class=""ur_writing""> فقط  واللہ اعلم</span></p></p><hr class=""big-hr""/><div class=""col-sm-6 col-md-6""><p class=""question_heading"" style=""color:#73161f"">فتویٰ نمبر : <a id=""fatwa_number"">144203201277</a></p></div><div class=""col-sm-6 col-md-6""><p style=""color:#73161f"">دارالافتاء :
                                جامعہ علوم اسلامیہ علامہ محمد یوسف بنوری ٹاؤن</p></div><hr class=""big-hr""/><div class=""col-sm-4 col-md-4""><div class=""tag""><a href=""https://www.banuri.edu.pk/questions/kitab/nikah""><i class=""icon-docs-bold""></i> نکاح</a></div></div><div class=""col-sm-4 col-md-4""><div class=""tag""><a href=""https://www.banuri.edu.pk/questions/bab/nikah-e-fasid-o-batil""><i class=""icon-docs-bold""></i> نکاح فاسد و باطل</a></div></div><div class=""col-sm-4 col-md-4""><div class=""tag""><a href=""https://www.banuri.edu.pk/questions/fasal/nikah-sahih-o-fasid""><i class=""icon-docs-bold""></i> دوسرے کی بیوی سے نکاح</a></div></div></div>"
https://www.banuri.edu.pk/readquestion/kai-salo-ki-qaza-namzo-ko-ada-karne-ka-tareqa-144203201270/10-11-2020,کئی سالوں کی قضا نمازوں کو ادا کرنے کا طریقہ,"<p><p style=""text-align:justify;""> اگر کسی کی 10 سالوں کی نمازیں چھوٹ گئي ہوں اور ان 10 سالوں میں کچھ نمازیں پڑھی ہوں اور کچھ نہ پڑھی ہوں، نہ پڑھی گئی ہوں،  نمازوں کی تعداد اور وقت معلوم ہو، نہ قضا کی ہوں، تو اس صورت میں کیا حکم ہے؟</p></p>","<p><p style=""text-align:justify;"">جس شخص نے زمانہ ماضی میں غفلت کی بنا پر بہت سی نمازیں قضا کی ہوں تو اس کو چاہیے کہ سب سے پہلے اللہ تعالیٰ کے حضور سچے دل سے اس جرمِ عظیم پر توبہ و استٖغفار کرے اور آئندہ کے لیے پکا عزم کرے کہ اب کوئی بھی نماز جان بوجھ کر قضا نہیں کرے گا، توبہ کرنے کے بعد گزشتہ فوت شدہ نمازوں کی قضا پڑھنا بھی لازم ہے، صرف توبہ کرلینے سے فوت شدہ نمازیں ذمے سے معاف نہیں ہوں گی۔</p><p style=""text-align:justify;"">قضا  نمازوں کو ادا کرنے  کا طریقہ یہ ہے کہ بالغ ہونے کے بعد  جتنی نمازیں قضا ہوگئی ہیں  اُن کاحساب کرے، اگر قضا نمازوں کی تعداد معلوم ومتعین ہو تو ترتیب سے ان نمازوں کو قضا کرنا چاہیے، اور اگر متعین طور پر قضاشدہ نمازوں کی تعداد معلوم نہ ہو اور  یقینی حساب بھی ممکن نہ ہو  تو غالب گمان کے مطابق ایک اندازا اور تخمینہ لگالے اورجتنے سالوں یامہینوں کی نمازیں قضاہوئی ہیں احتیاطاً اس تعداد سے کچھ بڑھا کر اُسے کہیں لکھ کر رکھ لے، اس کے بعد فوت شدہ نمازیں قضا کرنا شروع کردے، جو فرض نماز فوت ہوئی ہو اس کو قضا کرتے وقت اتنی ہی رکعتیں قضا کرنی ہوں گی جتنی فرض یا واجب رکعتیں اس نماز میں ہیں، مثلاً فجر کی قضا دو رکعت، ظہر اور عصر کی چار، چار اور مغرب کی تین رکعتیں ہوں گی، عشاء کی نماز قضا کرتے ہوئے چار فرض اور تین وتر کی قضا کرنی ہوگی، قضا صرف فرض نمازوں اور وتر کی ہوتی ہے۔ </p><p style=""text-align:justify;"">قضا  نماز  متعینہ طور پر معلوم ہو تو اس کی نیت  میں ضروری ہے کہ اسے پڑھتے وقت اس کی مکمل تعیین کی جائے، یعنی فلاں دن کی فلاں نماز کی قضا پڑھ رہا ہوں، مثلاً  پچھلے جمعہ کے دن کی فجر کی نماز کی قضا پڑھ رہا ہوں، البتہ اگر متعینہ طور پر قضا نماز کا دن اور وقت معلوم نہ ہو نے کی وجہ سے اس طرح متعین کرنا مشکل ہو تو اس طرح بھی نیت کی جاسکتی ہے کہ مثلاً جتنی فجر کی نمازیں میں نے قضا  کی ہیں ان میں سے پہلی  فجر کی نماز ادا کر رہا ہوں یا مثلاً جتنی ظہر  کی نمازیں قضا ہوئی ہیں ان میں سے پہلی ظہر  کی نماز ادا کر رہا ہوں، اسی طرح بقیہ نمازوں میں بھی نیت کریں، اسی طرح پہلی کے بجائے اگر آخری کی نیت کرے تو بھی درست ہے، مثلاً: یوں کہہ دیں: جتنی فجر کی نمازیں قضا ہوئی ہیں ان میں سے آخری فجر کی نماز ادا کررہاہوں۔</p><p style=""text-align:justify;"">ایک دن کی تمام فوت شدہ نمازیں یا کئی دن کی فوت شدہ نمازیں ایک وقت میں پڑھ لیں، یہ بھی درست ہے۔</p><p style=""text-align:justify;"">نیزایک آسان صورت فوت شدہ نمازوں کی ادائیگی کی  یہ بھی ہے کہ ہر وقتی فرض نمازکے ساتھ اس وقت کی قضا نمازوں میں سے ایک پڑھ لیاکریں، (مثلاً: فجر کی وقتی فرض نماز ادا کرنے کے ساتھ قضا نمازوں میں سے فجر کی نماز بھی پڑھ لیں، ظہر کی وقتی نماز کے ساتھ ظہر کی ایک قضا نماز پڑھ لیا کریں)،  جتنے برس یاجتنے مہینوں کی نمازیں قضاہوئی ہیں اتنے سال یامہینوں تک اداکرتے رہیں، جتنی قضا نمازیں پڑھتے جائیں اُنہیں لکھے ہوئے ریکارڈ میں سے کاٹتے جائیں، اِس سے ان شاء اللہ مہینہ میں ایک مہینہ کی اور سال میں ایک سال کی قضا نمازوں کی ادائیگی بڑی آسانی کے ساتھ  ہوجائے گی۔ </p><p style=""text-align:justify;""><span class=""ar_writing"">الدر المختار وحاشية ابن عابدين (رد المحتار) (2/ 76):</span></p><p class=""indent""><span class=""ar_writing"">""كثرت الفوائت نوى أول ظهر عليه أو آخره.</span></p><p class=""indent""><span class=""ar_writing"">(قوله: كثرت الفوائت إلخ) مثاله: لو فاته صلاة الخميس والجمعة والسبت فإذا قضاها لا بد من التعيين؛ لأن فجر الخميس مثلاً غير فجر الجمعة، فإن أراد تسهيل الأمر، يقول: أول فجر مثلاً، فإنه إذا صلاه يصير ما يليه أولاً، أو يقول: آخر فجر، فإن ما قبله يصير آخراً، ولايضره عكس الترتيب؛ لسقوطه بكثرة الفوائت""</span>.</p><p class=""indent"" style=""text-align:left;"">فقط والله اعلم</p></p><hr class=""big-hr""/>",10-11-2020,144203201270,banuri.edu.pk,نماز,فوت شدہ نمازوں کی قضا,قضاء نمازوں کا بیان,"<div class=""col-md-12 sawal-jawab""><h3 class=""question_heading"">سوال</h3><p><p style=""text-align:justify;""> اگر کسی کی 10 سالوں کی نمازیں چھوٹ گئي ہوں اور ان 10 سالوں میں کچھ نمازیں پڑھی ہوں اور کچھ نہ پڑھی ہوں، نہ پڑھی گئی ہوں،  نمازوں کی تعداد اور وقت معلوم ہو، نہ قضا کی ہوں، تو اس صورت میں کیا حکم ہے؟</p></p><h4 class=""question_heading"">جواب</h4><p><p style=""text-align:justify;"">جس شخص نے زمانہ ماضی میں غفلت کی بنا پر بہت سی نمازیں قضا کی ہوں تو اس کو چاہیے کہ سب سے پہلے اللہ تعالیٰ کے حضور سچے دل سے اس جرمِ عظیم پر توبہ و استٖغفار کرے اور آئندہ کے لیے پکا عزم کرے کہ اب کوئی بھی نماز جان بوجھ کر قضا نہیں کرے گا، توبہ کرنے کے بعد گزشتہ فوت شدہ نمازوں کی قضا پڑھنا بھی لازم ہے، صرف توبہ کرلینے سے فوت شدہ نمازیں ذمے سے معاف نہیں ہوں گی۔</p><p style=""text-align:justify;"">قضا  نمازوں کو ادا کرنے  کا طریقہ یہ ہے کہ بالغ ہونے کے بعد  جتنی نمازیں قضا ہوگئی ہیں  اُن کاحساب کرے، اگر قضا نمازوں کی تعداد معلوم ومتعین ہو تو ترتیب سے ان نمازوں کو قضا کرنا چاہیے، اور اگر متعین طور پر قضاشدہ نمازوں کی تعداد معلوم نہ ہو اور  یقینی حساب بھی ممکن نہ ہو  تو غالب گمان کے مطابق ایک اندازا اور تخمینہ لگالے اورجتنے سالوں یامہینوں کی نمازیں قضاہوئی ہیں احتیاطاً اس تعداد سے کچھ بڑھا کر اُسے کہیں لکھ کر رکھ لے، اس کے بعد فوت شدہ نمازیں قضا کرنا شروع کردے، جو فرض نماز فوت ہوئی ہو اس کو قضا کرتے وقت اتنی ہی رکعتیں قضا کرنی ہوں گی جتنی فرض یا واجب رکعتیں اس نماز میں ہیں، مثلاً فجر کی قضا دو رکعت، ظہر اور عصر کی چار، چار اور مغرب کی تین رکعتیں ہوں گی، عشاء کی نماز قضا کرتے ہوئے چار فرض اور تین وتر کی قضا کرنی ہوگی، قضا صرف فرض نمازوں اور وتر کی ہوتی ہے۔ </p><p style=""text-align:justify;"">قضا  نماز  متعینہ طور پر معلوم ہو تو اس کی نیت  میں ضروری ہے کہ اسے پڑھتے وقت اس کی مکمل تعیین کی جائے، یعنی فلاں دن کی فلاں نماز کی قضا پڑھ رہا ہوں، مثلاً  پچھلے جمعہ کے دن کی فجر کی نماز کی قضا پڑھ رہا ہوں، البتہ اگر متعینہ طور پر قضا نماز کا دن اور وقت معلوم نہ ہو نے کی وجہ سے اس طرح متعین کرنا مشکل ہو تو اس طرح بھی نیت کی جاسکتی ہے کہ مثلاً جتنی فجر کی نمازیں میں نے قضا  کی ہیں ان میں سے پہلی  فجر کی نماز ادا کر رہا ہوں یا مثلاً جتنی ظہر  کی نمازیں قضا ہوئی ہیں ان میں سے پہلی ظہر  کی نماز ادا کر رہا ہوں، اسی طرح بقیہ نمازوں میں بھی نیت کریں، اسی طرح پہلی کے بجائے اگر آخری کی نیت کرے تو بھی درست ہے، مثلاً: یوں کہہ دیں: جتنی فجر کی نمازیں قضا ہوئی ہیں ان میں سے آخری فجر کی نماز ادا کررہاہوں۔</p><p style=""text-align:justify;"">ایک دن کی تمام فوت شدہ نمازیں یا کئی دن کی فوت شدہ نمازیں ایک وقت میں پڑھ لیں، یہ بھی درست ہے۔</p><p style=""text-align:justify;"">نیزایک آسان صورت فوت شدہ نمازوں کی ادائیگی کی  یہ بھی ہے کہ ہر وقتی فرض نمازکے ساتھ اس وقت کی قضا نمازوں میں سے ایک پڑھ لیاکریں، (مثلاً: فجر کی وقتی فرض نماز ادا کرنے کے ساتھ قضا نمازوں میں سے فجر کی نماز بھی پڑھ لیں، ظہر کی وقتی نماز کے ساتھ ظہر کی ایک قضا نماز پڑھ لیا کریں)،  جتنے برس یاجتنے مہینوں کی نمازیں قضاہوئی ہیں اتنے سال یامہینوں تک اداکرتے رہیں، جتنی قضا نمازیں پڑھتے جائیں اُنہیں لکھے ہوئے ریکارڈ میں سے کاٹتے جائیں، اِس سے ان شاء اللہ مہینہ میں ایک مہینہ کی اور سال میں ایک سال کی قضا نمازوں کی ادائیگی بڑی آسانی کے ساتھ  ہوجائے گی۔ </p><p style=""text-align:justify;""><span class=""ar_writing"">الدر المختار وحاشية ابن عابدين (رد المحتار) (2/ 76):</span></p><p class=""indent""><span class=""ar_writing"">""كثرت الفوائت نوى أول ظهر عليه أو آخره.</span></p><p class=""indent""><span class=""ar_writing"">(قوله: كثرت الفوائت إلخ) مثاله: لو فاته صلاة الخميس والجمعة والسبت فإذا قضاها لا بد من التعيين؛ لأن فجر الخميس مثلاً غير فجر الجمعة، فإن أراد تسهيل الأمر، يقول: أول فجر مثلاً، فإنه إذا صلاه يصير ما يليه أولاً، أو يقول: آخر فجر، فإن ما قبله يصير آخراً، ولايضره عكس الترتيب؛ لسقوطه بكثرة الفوائت""</span>.</p><p class=""indent"" style=""text-align:left;"">فقط والله اعلم</p></p><hr class=""big-hr""/><div class=""col-sm-6 col-md-6""><p class=""question_heading"" style=""color:#73161f"">فتویٰ نمبر : <a id=""fatwa_number"">144203201270</a></p></div><div class=""col-sm-6 col-md-6""><p style=""color:#73161f"">دارالافتاء :
                                جامعہ علوم اسلامیہ علامہ محمد یوسف بنوری ٹاؤن</p></div><hr class=""big-hr""/><div class=""col-sm-4 col-md-4""><div class=""tag""><a href=""https://www.banuri.edu.pk/questions/kitab/salat""><i class=""icon-docs-bold""></i> نماز</a></div></div><div class=""col-sm-4 col-md-4""><div class=""tag""><a href=""https://www.banuri.edu.pk/questions/bab/fout-shuda-namazon-ki-qaza""><i class=""icon-docs-bold""></i> فوت شدہ نمازوں کی قضا</a></div></div><div class=""col-sm-4 col-md-4""><div class=""tag""><a href=""https://www.banuri.edu.pk/questions/fasal/qaza-namazon-ka-bayan""><i class=""icon-docs-bold""></i> قضاء نمازوں کا بیان</a></div></div></div>"
https://www.banuri.edu.pk/readquestion/bank-main-fix-deposit-account-kholnay-aur-is-kay-nafay-kay-zariay-paisa-white-karnay-ka-hukum-144203201316/10-11-2020,بینک میں فکس ڈپازٹ اکاؤنٹ کھولنے اور اس کے نفع کے ذریعہ پیسہ وائٹ کرنے کا حکم,"<p><p style=""text-align:justify;"">بینک میں فکس ڈپوزٹ  اکاؤنٹ کھولنا کیسا ہے، اپنا پیسہ وائٹ کرنے کے لیے؟ اور جو پیسہ فکس ڈپوزٹ سے بڑھے گا وہ پیسہ بغیر ثواب کی نیت کے صدقہ یا کسی کی مدد کروں؟</p></p>","<p><p style=""text-align:justify;"">بینک میں فکس ڈپازٹ اکاؤنٹ کھولنا جائز نہیں ہے؛ کیوں کہ فکس ڈپازٹ اکاؤنٹ کھولنے کی وجہ سے جو منافع ملے گا وہ سود کے زمرے میں آئے گا، اور سودی رقم کا لین دین اور لین دین کا معاہدہ کرنا دونوں حرام اور ناجائز ہیں، لہٰذا آپ کے لیے اپنا پیسہ وائٹ کرنے کی نیت سے بھی فکس ڈپازٹ اکاؤنٹ کھولنا جائز نہیں ہے، بلکہ اگر کسی نے لاعلمی میں یہ اکاؤنٹ کھول بھی دیا ہو لیکن رقم اکاؤنٹ سے نہیں نکالی ہو تو اب ثواب کی نیت کے بغیر صدقہ یا کسی کی مدد کی غرض سے اس رقم کا اکاؤنٹ سے نکالنا درست نہیں ہوگا؛ کیوں کہ جس طرح سودی رقم سے فائدہ اٹھانا ناجائز ہے اسی طرح سودی رقم وصول کرنا بھی ناجائز ہے، چاہے کسی بھی نیت سے ہو۔</p><p style=""text-align:justify;"">سود یا حرام رقم ثواب کی نیت کے بغیر صدقہ کرنے کا حکم اس شخص کے لیے ہے جو لاعلمی یا غفلت میں یہ رقم لے چکا ہو، اور اصل مالک یا اس کے ورثاء تک یہ رقم پہنچانا ممکن نہ ہو، اس کے لیے یہ حکم ہے کہ سچی توبہ کرے اور حرام مال کو جلد از جلد اپنے قبضہ و تصرف سے نکالے، جس کی  آخری درجے میں (مجبوری کی) صورت یہ ہے کہ کسی مستحقِ زکات کو ثواب کی نیت کے بغیر دے دے۔</p><p style=""text-align:justify;""><span style=""color:#323232;font-family:Nafees,'Helvetica Neue',Helvetica,Arial,sans-serif;font-size:17px;font-weight:bold;text-align:justify;background-color:#fff;"">ارشاد باری تعالیٰ ہے:</span></p><p class=""indent"" style=""text-align:justify;""><span class=""ar_writing""><span class=""qr_writing"">{وَأَخْذِهِمُ الرِّبَا وَقَدْ نُهُوا عَنْهُ وَأَكْلِهِمْ أَمْوَالَ النَّاسِ بِالْبَاطِلِ وَأَعْتَدْنَا لِلْكَافِرِينَ مِنْهُمْ عَذَابًا أَلِيمًا}</span> [النساء: 161]</span></p><p class=""indent"" style=""text-align:justify;""><span style=""color:#323232;font-family:Nafees,'Helvetica Neue',Helvetica,Arial,sans-serif;font-size:17px;background-color:#fff;"">ترجمہ:  اور بہ سبب اس کے کہ وہ سود لیا کرتے تھے، حال آں کہ ان کو اس سے ممانعت کی گئی تھی اور بسبب اس کے کہ وہ لوگوں کے مال ناحق طریقہ سے کھاجاتے تھے اور ہم نے ان لوگوں کے لیے جو ان میں سے کافر ہیں دردناک سزا کا سامان کر رکھا ہے۔ (از بیان القرآن )</span></p><p style=""text-align:justify;""><span style=""font-family:arabic_font;""><span style=""font-size:23px;""><strong>تفسير الطبري = جامع البيان ت شاكر (9/ 391):</strong></span></span></p><p class=""indent"" style=""text-align:justify;""><span style=""font-family:arabic_font;""><span style=""font-size:23px;""><strong>""وقوله:""<span class=""qr_writing"">وأخذهم الربا</span>""، وهو أخذهم ما أفضلوا على رءوس أموالهم، لفضل تأخير في الأجل بعد مَحِلِّها، وقد بينت معنى""الربا"" فيما مضى قبل، بما أغنى عن إعادته.</strong></span></span></p><p class=""indent"" style=""text-align:justify;""><span style=""font-family:arabic_font;""><span style=""font-size:23px;""><strong>""وقد نهوا عنه"" يعني: عن أخذ الربا.""</strong></span></span></p><p style=""text-align:justify;""><span style=""font-family:arabic_font;""><span style=""font-size:23px;""><strong>تفسير القرطبي (6/ 12):</strong></span></span></p><p class=""indent"" style=""text-align:justify;""><span style=""font-family:arabic_font;""><span style=""font-size:23px;""><strong>""فيه مسألتان: الأولى- قوله تعالى:"" <span class=""qr_writing"">فبظلم من الذين هادوا</span>"" قال الزجاج: هذا بدل من""<span class=""qr_writing"">فبما نقضهم</span>"". والطيبات ما نصه في قوله تعالى:"" <span class=""qr_writing"">وعلى الذين هادوا حرمنا كل ذي ظفر</span>"" [الانعام: 146] «1». وقدم الظلم على التحريم إذ هو الغرض الذي قصد إلى الإخبار عنه بأنه سبب التحريم. <span class=""qr_writing"">(وبصدهم عن سبيل الله)</span> أي وبصدهم أنفسهم وغيرهم عن اتباع محمد صلى الله عليه وسلم. <span class=""qr_writing"">(وأخذهم الربوا وقد نهوا عنه وأكلهم أموال الناس بالباطل)</span> كله تفسير للظلم الذي تعاطوه، وكذلك ما قبله من نقضهم الميثاق وما بعده، وقد مضى في"" آل عمران"" «2» أن اختلاف العلماء في سبب التحريم على ثلاثة أقوال هذا أحدها.""</strong></span></span></p><p class=""indent"" style=""text-align:left;"">فقط واللہ اعلم</p></p><hr class=""big-hr""/>",10-11-2020,144203201316,banuri.edu.pk,معاملات,سود / بینکاری / انشورنس / شیئرز,سودی قرضہ کی لین دین,"<div class=""col-md-12 sawal-jawab""><h3 class=""question_heading"">سوال</h3><p><p style=""text-align:justify;"">بینک میں فکس ڈپوزٹ  اکاؤنٹ کھولنا کیسا ہے، اپنا پیسہ وائٹ کرنے کے لیے؟ اور جو پیسہ فکس ڈپوزٹ سے بڑھے گا وہ پیسہ بغیر ثواب کی نیت کے صدقہ یا کسی کی مدد کروں؟</p></p><h4 class=""question_heading"">جواب</h4><p><p style=""text-align:justify;"">بینک میں فکس ڈپازٹ اکاؤنٹ کھولنا جائز نہیں ہے؛ کیوں کہ فکس ڈپازٹ اکاؤنٹ کھولنے کی وجہ سے جو منافع ملے گا وہ سود کے زمرے میں آئے گا، اور سودی رقم کا لین دین اور لین دین کا معاہدہ کرنا دونوں حرام اور ناجائز ہیں، لہٰذا آپ کے لیے اپنا پیسہ وائٹ کرنے کی نیت سے بھی فکس ڈپازٹ اکاؤنٹ کھولنا جائز نہیں ہے، بلکہ اگر کسی نے لاعلمی میں یہ اکاؤنٹ کھول بھی دیا ہو لیکن رقم اکاؤنٹ سے نہیں نکالی ہو تو اب ثواب کی نیت کے بغیر صدقہ یا کسی کی مدد کی غرض سے اس رقم کا اکاؤنٹ سے نکالنا درست نہیں ہوگا؛ کیوں کہ جس طرح سودی رقم سے فائدہ اٹھانا ناجائز ہے اسی طرح سودی رقم وصول کرنا بھی ناجائز ہے، چاہے کسی بھی نیت سے ہو۔</p><p style=""text-align:justify;"">سود یا حرام رقم ثواب کی نیت کے بغیر صدقہ کرنے کا حکم اس شخص کے لیے ہے جو لاعلمی یا غفلت میں یہ رقم لے چکا ہو، اور اصل مالک یا اس کے ورثاء تک یہ رقم پہنچانا ممکن نہ ہو، اس کے لیے یہ حکم ہے کہ سچی توبہ کرے اور حرام مال کو جلد از جلد اپنے قبضہ و تصرف سے نکالے، جس کی  آخری درجے میں (مجبوری کی) صورت یہ ہے کہ کسی مستحقِ زکات کو ثواب کی نیت کے بغیر دے دے۔</p><p style=""text-align:justify;""><span style=""color:#323232;font-family:Nafees,'Helvetica Neue',Helvetica,Arial,sans-serif;font-size:17px;font-weight:bold;text-align:justify;background-color:#fff;"">ارشاد باری تعالیٰ ہے:</span></p><p class=""indent"" style=""text-align:justify;""><span class=""ar_writing""><span class=""qr_writing"">{وَأَخْذِهِمُ الرِّبَا وَقَدْ نُهُوا عَنْهُ وَأَكْلِهِمْ أَمْوَالَ النَّاسِ بِالْبَاطِلِ وَأَعْتَدْنَا لِلْكَافِرِينَ مِنْهُمْ عَذَابًا أَلِيمًا}</span> [النساء: 161]</span></p><p class=""indent"" style=""text-align:justify;""><span style=""color:#323232;font-family:Nafees,'Helvetica Neue',Helvetica,Arial,sans-serif;font-size:17px;background-color:#fff;"">ترجمہ:  اور بہ سبب اس کے کہ وہ سود لیا کرتے تھے، حال آں کہ ان کو اس سے ممانعت کی گئی تھی اور بسبب اس کے کہ وہ لوگوں کے مال ناحق طریقہ سے کھاجاتے تھے اور ہم نے ان لوگوں کے لیے جو ان میں سے کافر ہیں دردناک سزا کا سامان کر رکھا ہے۔ (از بیان القرآن )</span></p><p style=""text-align:justify;""><span style=""font-family:arabic_font;""><span style=""font-size:23px;""><strong>تفسير الطبري = جامع البيان ت شاكر (9/ 391):</strong></span></span></p><p class=""indent"" style=""text-align:justify;""><span style=""font-family:arabic_font;""><span style=""font-size:23px;""><strong>""وقوله:""<span class=""qr_writing"">وأخذهم الربا</span>""، وهو أخذهم ما أفضلوا على رءوس أموالهم، لفضل تأخير في الأجل بعد مَحِلِّها، وقد بينت معنى""الربا"" فيما مضى قبل، بما أغنى عن إعادته.</strong></span></span></p><p class=""indent"" style=""text-align:justify;""><span style=""font-family:arabic_font;""><span style=""font-size:23px;""><strong>""وقد نهوا عنه"" يعني: عن أخذ الربا.""</strong></span></span></p><p style=""text-align:justify;""><span style=""font-family:arabic_font;""><span style=""font-size:23px;""><strong>تفسير القرطبي (6/ 12):</strong></span></span></p><p class=""indent"" style=""text-align:justify;""><span style=""font-family:arabic_font;""><span style=""font-size:23px;""><strong>""فيه مسألتان: الأولى- قوله تعالى:"" <span class=""qr_writing"">فبظلم من الذين هادوا</span>"" قال الزجاج: هذا بدل من""<span class=""qr_writing"">فبما نقضهم</span>"". والطيبات ما نصه في قوله تعالى:"" <span class=""qr_writing"">وعلى الذين هادوا حرمنا كل ذي ظفر</span>"" [الانعام: 146] «1». وقدم الظلم على التحريم إذ هو الغرض الذي قصد إلى الإخبار عنه بأنه سبب التحريم. <span class=""qr_writing"">(وبصدهم عن سبيل الله)</span> أي وبصدهم أنفسهم وغيرهم عن اتباع محمد صلى الله عليه وسلم. <span class=""qr_writing"">(وأخذهم الربوا وقد نهوا عنه وأكلهم أموال الناس بالباطل)</span> كله تفسير للظلم الذي تعاطوه، وكذلك ما قبله من نقضهم الميثاق وما بعده، وقد مضى في"" آل عمران"" «2» أن اختلاف العلماء في سبب التحريم على ثلاثة أقوال هذا أحدها.""</strong></span></span></p><p class=""indent"" style=""text-align:left;"">فقط واللہ اعلم</p></p><hr class=""big-hr""/><div class=""col-sm-6 col-md-6""><p class=""question_heading"" style=""color:#73161f"">فتویٰ نمبر : <a id=""fatwa_number"">144203201316</a></p></div><div class=""col-sm-6 col-md-6""><p style=""color:#73161f"">دارالافتاء :
                                جامعہ علوم اسلامیہ علامہ محمد یوسف بنوری ٹاؤن</p></div><hr class=""big-hr""/><div class=""col-sm-4 col-md-4""><div class=""tag""><a href=""https://www.banuri.edu.pk/questions/kitab/muamlat""><i class=""icon-docs-bold""></i> معاملات</a></div></div><div class=""col-sm-4 col-md-4""><div class=""tag""><a href=""https://www.banuri.edu.pk/questions/bab/sood-bankari-insurance-shares""><i class=""icon-docs-bold""></i> سود / بینکاری / انشورنس / شیئرز</a></div></div><div class=""col-sm-4 col-md-4""><div class=""tag""><a href=""https://www.banuri.edu.pk/questions/fasal/soodi-qarzay-ki-layn-dayn""><i class=""icon-docs-bold""></i> سودی قرضہ کی لین دین</a></div></div></div>"
https://www.banuri.edu.pk/readquestion/aik-talaq-kay-bad-iddat-aur-ruju-ka-hukum-144203201338/11-11-2020,ایک طلاق کے بعد عدت اور رجوع کا حکم,"<p><p style=""text-align:justify;"">میرے شوہر نے مجھے ایک طلاق دے دی ہے، اب عدت اور رجوع کے بارے میں کیا احکام ہیں؟</p></p>","<p><p style=""text-align:justify;"">اگر آپ کے شوہر نے طلاق کے صریح الفاظ کے ساتھ آپ کو ایک طلاق دے دی ہے تو آپ پر ایک طلاقِ رجعی واقع ہوچکی ہے، آپ کی عدت تین ماہواری  ہے (بشرطیکہ حمل سے نہ ہوں)،  عدت یعنی مکمل تین ماہواریاں گزرنے سے پہلے تک شوہر کو رجوع کرنے کا اختیار ہے، اگر شوہر تین ماہواری گزرنے سے پہلے رجوع کرلیتا ہے تو آپ کا نکاح برقرار رہے گا، دوبارہ نئے سرے سے نکاح کرنے کی ضرورت نہیں ہوگی۔</p><p style=""text-align:justify;"">رجوع کا طریقہ یہ ہے کہ شوہر بیوی سے کہے کہ میں آپ سے رجوع کرتا ہوں، یہ رجوعِ قولی کہلاتا ہے، یا شوہر بیوی کے ساتھ زوجین والے تعلقات قائم کرلے، یہ رجوع فعلی کہلاتا ہے، بہتر یہ ہے کہ زبان سے رجوع کیا جائے اور اس پر گواہ بھی مقرر کرلیے جائیں، اس کے بعد جسمانی تعلق قائم کیا جائے، زبان سے رجوع کے بغیر رجوعِ فعلی کرنے کو فقہاء نے مکروہ قرار  دیا ہے۔</p><p style=""text-align:justify;"">لیکن اگر شوہر عدت گزرنے سے پہلے رجوع نہیں کرتا ہے تو آپ شوہر سے بائن (جدا) ہوجائیں گی اور نکاح ٹوٹ جائے گا۔ اس صورت میں آپ کسی بھی جگہ نکاح کرنے میں آزاد ہوں گی۔</p><p style=""text-align:justify;"">پھر اگر آپ دونوں ساتھ رہنا چاہیں تو دوبارہ نئے سرے سے دو گواہوں کی موجودگی میں نئے مہر کے ساتھ نکاح کرنا پڑے گا، لیکن آپ کے دوسری جگہ نکاح کرنا ضروری نہیں ہوگا۔ البتہ آئندہ کے لیے شوہر کے پاس صرف دو طلاقوں کا اختیار باقی رہ جائے گا۔</p><p style=""text-align:justify;""><span style=""font-family:arabic_font;font-size:23px;font-weight:600;"">الدر المختار وحاشية ابن عابدين (رد المحتار) (3/ 397):</span></p><p class=""indent"" style=""text-align:justify;""><span class=""ar_writing"">""(هي استدامة الملك القائم) بلا عوض ما دامت (في العدة) ... (بنحو) متعلق باستدامة (رجعتك) ورددتك ومسكتك بلا نية لأنه صريح (و) بالفعل مع الكراهة (بكل ما يوجب حرمة المصاهرة) كمس.</span></p><p class=""indent"" style=""text-align:justify;""><span class=""ar_writing""> (قوله: بنحو راجعتك) الأولى أن يقول بالقول نحو راجعتك ليعطف عليه قوله الآتي وبالفعل ط، وهذا بيان لركنها وهو قول، أو فعل... (قوله: مع الكراهة) الظاهر أنها تنزيه كما يشير إليه كلام البحر في شرح قوله والطلاق الرجعي لا يحرم الوطء رملي، ويؤيده قوله في الفتح - عند الكلام على قول الشافعي بحرمة الوطء -: إنه عندنا يحل لقيام ملك النكاح من كل وجه، وإنما يزول عند انقضاء العدة فيكون الحل قائماً قبل انقضائها. اهـ. ... (قوله: كمس) أي بشهوة، كما في المنح"".</span></p><p class=""indent"" style=""text-align:justify;""><span class=""ar_writing"">الدر المختار وحاشية ابن عابدين (رد المحتار) (3/ 409):</span></p><p class=""indent"" style=""text-align:justify;""><span class=""ar_writing"">""(وينكح مبانته بما دون الثلاث في العدة وبعدها بالإجماع) ومنع غيره فيها لاشتباه النسب"".</span></p><p class=""indent"" dir=""ltr"" style=""text-align:justify;"">فقط واللہ اعلم</p></p><hr class=""big-hr""/>",11-11-2020,144203201338,banuri.edu.pk,طلاق,عدت,عدت,"<div class=""col-md-12 sawal-jawab""><h3 class=""question_heading"">سوال</h3><p><p style=""text-align:justify;"">میرے شوہر نے مجھے ایک طلاق دے دی ہے، اب عدت اور رجوع کے بارے میں کیا احکام ہیں؟</p></p><h4 class=""question_heading"">جواب</h4><p><p style=""text-align:justify;"">اگر آپ کے شوہر نے طلاق کے صریح الفاظ کے ساتھ آپ کو ایک طلاق دے دی ہے تو آپ پر ایک طلاقِ رجعی واقع ہوچکی ہے، آپ کی عدت تین ماہواری  ہے (بشرطیکہ حمل سے نہ ہوں)،  عدت یعنی مکمل تین ماہواریاں گزرنے سے پہلے تک شوہر کو رجوع کرنے کا اختیار ہے، اگر شوہر تین ماہواری گزرنے سے پہلے رجوع کرلیتا ہے تو آپ کا نکاح برقرار رہے گا، دوبارہ نئے سرے سے نکاح کرنے کی ضرورت نہیں ہوگی۔</p><p style=""text-align:justify;"">رجوع کا طریقہ یہ ہے کہ شوہر بیوی سے کہے کہ میں آپ سے رجوع کرتا ہوں، یہ رجوعِ قولی کہلاتا ہے، یا شوہر بیوی کے ساتھ زوجین والے تعلقات قائم کرلے، یہ رجوع فعلی کہلاتا ہے، بہتر یہ ہے کہ زبان سے رجوع کیا جائے اور اس پر گواہ بھی مقرر کرلیے جائیں، اس کے بعد جسمانی تعلق قائم کیا جائے، زبان سے رجوع کے بغیر رجوعِ فعلی کرنے کو فقہاء نے مکروہ قرار  دیا ہے۔</p><p style=""text-align:justify;"">لیکن اگر شوہر عدت گزرنے سے پہلے رجوع نہیں کرتا ہے تو آپ شوہر سے بائن (جدا) ہوجائیں گی اور نکاح ٹوٹ جائے گا۔ اس صورت میں آپ کسی بھی جگہ نکاح کرنے میں آزاد ہوں گی۔</p><p style=""text-align:justify;"">پھر اگر آپ دونوں ساتھ رہنا چاہیں تو دوبارہ نئے سرے سے دو گواہوں کی موجودگی میں نئے مہر کے ساتھ نکاح کرنا پڑے گا، لیکن آپ کے دوسری جگہ نکاح کرنا ضروری نہیں ہوگا۔ البتہ آئندہ کے لیے شوہر کے پاس صرف دو طلاقوں کا اختیار باقی رہ جائے گا۔</p><p style=""text-align:justify;""><span style=""font-family:arabic_font;font-size:23px;font-weight:600;"">الدر المختار وحاشية ابن عابدين (رد المحتار) (3/ 397):</span></p><p class=""indent"" style=""text-align:justify;""><span class=""ar_writing"">""(هي استدامة الملك القائم) بلا عوض ما دامت (في العدة) ... (بنحو) متعلق باستدامة (رجعتك) ورددتك ومسكتك بلا نية لأنه صريح (و) بالفعل مع الكراهة (بكل ما يوجب حرمة المصاهرة) كمس.</span></p><p class=""indent"" style=""text-align:justify;""><span class=""ar_writing""> (قوله: بنحو راجعتك) الأولى أن يقول بالقول نحو راجعتك ليعطف عليه قوله الآتي وبالفعل ط، وهذا بيان لركنها وهو قول، أو فعل... (قوله: مع الكراهة) الظاهر أنها تنزيه كما يشير إليه كلام البحر في شرح قوله والطلاق الرجعي لا يحرم الوطء رملي، ويؤيده قوله في الفتح - عند الكلام على قول الشافعي بحرمة الوطء -: إنه عندنا يحل لقيام ملك النكاح من كل وجه، وإنما يزول عند انقضاء العدة فيكون الحل قائماً قبل انقضائها. اهـ. ... (قوله: كمس) أي بشهوة، كما في المنح"".</span></p><p class=""indent"" style=""text-align:justify;""><span class=""ar_writing"">الدر المختار وحاشية ابن عابدين (رد المحتار) (3/ 409):</span></p><p class=""indent"" style=""text-align:justify;""><span class=""ar_writing"">""(وينكح مبانته بما دون الثلاث في العدة وبعدها بالإجماع) ومنع غيره فيها لاشتباه النسب"".</span></p><p class=""indent"" dir=""ltr"" style=""text-align:justify;"">فقط واللہ اعلم</p></p><hr class=""big-hr""/><div class=""col-sm-6 col-md-6""><p class=""question_heading"" style=""color:#73161f"">فتویٰ نمبر : <a id=""fatwa_number"">144203201338</a></p></div><div class=""col-sm-6 col-md-6""><p style=""color:#73161f"">دارالافتاء :
                                جامعہ علوم اسلامیہ علامہ محمد یوسف بنوری ٹاؤن</p></div><hr class=""big-hr""/><div class=""col-sm-4 col-md-4""><div class=""tag""><a href=""https://www.banuri.edu.pk/questions/kitab/talaaq""><i class=""icon-docs-bold""></i> طلاق</a></div></div><div class=""col-sm-4 col-md-4""><div class=""tag""><a href=""https://www.banuri.edu.pk/questions/bab/iddat""><i class=""icon-docs-bold""></i> عدت</a></div></div><div class=""col-sm-4 col-md-4""><div class=""tag""><a href=""https://www.banuri.edu.pk/questions/fasal/iddat""><i class=""icon-docs-bold""></i> عدت</a></div></div></div>"
https://www.banuri.edu.pk/readquestion/sharam-gah-me-ungli-dakhil-krne-ki-soorat-me-roze-ka-hukum-144203201250/09-11-2020,شرم گاہ میں انگلی داخل کرنے کی صورت میں روزے کا حکم,"<p><p style=""text-align:justify;"">ایک عورت اپنی شرم گاہ میں کتنی حد تک انگلی داخل کرسکتی ہے جس سے روزہ نہیں ٹوٹتا؟</p><p style=""text-align:justify;"">آج کل جدید اطباء کی کیا رائے ہے کہ شرم گاہ اور معدے کا راستہ الگ الگ ہے ؟</p><p style=""text-align:justify;"">اور ایک عورت کو اس مسئلے کی معلومات نہ ہوں تو وہ کیا کرے؟</p><p style=""text-align:justify;"">اور روزوں کی تعداد بھی معلوم نہ ہو تو اب کیا کریں؟</p></p>","<hr class=""big-hr""/>",09-11-2020,144203201250,banuri.edu.pk,روزہ,روزہ,روزہ توڑنے والی اشیاء,"<div class=""col-md-12 sawal-jawab""><h3 class=""question_heading"">سوال</h3><p><p style=""text-align:justify;"">ایک عورت اپنی شرم گاہ میں کتنی حد تک انگلی داخل کرسکتی ہے جس سے روزہ نہیں ٹوٹتا؟</p><p style=""text-align:justify;"">آج کل جدید اطباء کی کیا رائے ہے کہ شرم گاہ اور معدے کا راستہ الگ الگ ہے ؟</p><p style=""text-align:justify;"">اور ایک عورت کو اس مسئلے کی معلومات نہ ہوں تو وہ کیا کرے؟</p><p style=""text-align:justify;"">اور روزوں کی تعداد بھی معلوم نہ ہو تو اب کیا کریں؟</p></p><h4 class=""question_heading"">جواب</h4><p><p style=""text-align:justify;"">واضح رہے کہ شرم گاہ میں انگلی داخل کرنے سے روزہ ٹوٹنے کا مدار دو امور پر ہے:</p><p style=""text-align:justify;"">1۔ روزے سے ہونا یاد ہو۔</p><p style=""text-align:justify;"">2۔ انگلی گیلی ہو، خشک نہ ہو۔</p><p style=""text-align:justify;"">پس ایسی روزہ دار خاتون  جسے اپنا روزے سے ہونا یاد بھی  ہو  اور وہ گیلی انگلی (خواہ پانی سے ہو، یا تیل یا  دوائی، یا شرم گاہ کی اندرونی رطوبت سے انگلی تر ہو)  اپنی  شرم گاہ میں داخل کرے، تو اس سے روزہ فاسد ہوجائے گا، صرف قضا لازم ہوگی،  کفارہ لازم نہ ہوگا، البتہ  اگر روزے کی حالت میں خشک انگلی ڈالے تو اس سے روزہ فاسد نہ ہوگا، تاہم ایک مرتبہ داخل کرکے نکالنے کے بعد واپس وہی انگلی شرم گاہ میں ڈالنے سے روزہ فاسد ہوجائے گا۔</p><p style=""text-align:justify;"">ملحوظ رہے کہ شرم گاہ کے اوپری حصہ (جسے فرج خارج کہا جاتا ہے)  پر آبِ دست (استنجا کے وقت دھونے) کے دوران گیلی انگلی  لگانے سے روزہ فاسد نہیں ہوتا، مذکورہ حکم فرج داخل (اندرونی شرم گاہ) سے متعلق ہے۔</p><p style=""text-align:justify;"">فتاوی ہندیہ میں ہے:</p><p class=""indent"" style=""text-align:justify;""><span class=""ar_writing"">""ولو أدخل أصبعه في استه أو المرأة في فرجها لايفسد، وهو المختار، إلا إذا كانت مبتلةً بالماء أو الدهن فحينئذ يفسد؛ لوصول الماء أو الدهن، هكذا في الظهيرية. هذا إذا كان ذاكرا للصوم، وهذا تنبيه حسن يجب أن يحفظ؛ لأن الصوم إنما يفسد في جميع الفصول إذا كان ذاكراً للصوم، وإلا فلا، هكذا في الزاهدي.""</span></p><p class=""indent"" style=""text-align:left;""><span class=""ar_writing"">( كتاب الصوم، الباب الرابع فيما يفسد وما لا يفسد، النوع الأول ما يوجب القضاء دون الكفارة، ١ / ٢٠٤، ط: دار الفكر)</span></p><p style=""text-align:justify;""><span class=""ar_writing"">تبيين الحقائق شرح كنز الدقائق وحاشية الشِّلْبِيِّ</span>میں ہے:</p><p class=""indent"" style=""text-align:justify;""><span class=""ar_writing"">""لو أدخلت الصائمة أصبعها في فرجها أو دبرها لا يفسد على المختار إلا أن تكون مبلولةً بماء أو دهن.</span></p><p class=""indent"" style=""text-align:justify;""><span class=""ar_writing"">(قوله: إلا أن تكون مبلولةً بماء أو دهن) أي فإنه يفسد إن كانت ذاكرةً صومها، قلت: وهذا تنبيه حسن يجب أن يحفظ؛ إذ الصوم إنما يفسد في جميع الفصول إذا كان ذاكراً للصوم وإلا فلا اهـ دراية.""</span></p><p class=""indent"" style=""text-align:left;""><span class=""ar_writing"">(كتاب الصوم، باب ما يفسد الصوم وما لا يفسده، ١ / ٣٣٠، ط: المطبعة الكبرى الأميرية - بولاق، القاهرة )</span></p><p style=""text-align:justify;"">2۔ جسم کے منافذِ خلقی (ناک، کان، منہ، آگے پیچھے کی شرم گاہ) کے راستوں سے جسم میں کسی چیز کا داخل ہونا، مفسداتِ  صوم (روزہ توڑنے کے اسباب) میں سے ہے۔ اطباء کی آراء مختلف ہوں تو بھی مذکورہ مسئلے پر اس کا اثر نہیں پڑے گا۔</p><p style=""text-align:justify;"">3۔ جواب کے جزء نمبر 1 میں بیان کردہ تفصیل کے مطابق اگر روزہ فاسد ہوئے ہوں تو ان روزوں  کی قضا لازم ہوگی، البتہ اگر تعداد یاد نہ ہو تو یاد کرنے کی کوشش کرے، غالب گمان  کے مطابق تعداد متعین کرکے اتنے روزوں کی قضارلے۔ فقط واللہ اعلم</p></p><hr class=""big-hr""/><div class=""col-sm-6 col-md-6""><p class=""question_heading"" style=""color:#73161f"">فتویٰ نمبر : <a id=""fatwa_number"">144203201250</a></p></div><div class=""col-sm-6 col-md-6""><p style=""color:#73161f"">دارالافتاء :
                                جامعہ علوم اسلامیہ علامہ محمد یوسف بنوری ٹاؤن</p></div><hr class=""big-hr""/><div class=""col-sm-4 col-md-4""><div class=""tag""><a href=""https://www.banuri.edu.pk/questions/kitab/soum""><i class=""icon-docs-bold""></i> روزہ</a></div></div><div class=""col-sm-4 col-md-4""><div class=""tag""><a href=""https://www.banuri.edu.pk/questions/bab/roza""><i class=""icon-docs-bold""></i> روزہ</a></div></div><div class=""col-sm-4 col-md-4""><div class=""tag""><a href=""https://www.banuri.edu.pk/questions/fasal/roza-tornay-wali-ashya""><i class=""icon-docs-bold""></i> روزہ توڑنے والی اشیاء</a></div></div></div>"
https://www.banuri.edu.pk/readquestion/deeni-hamiyyat-ki-waja-say-walidain-say-larna-144203200116/19-10-2020,دینی حمیت کی وجہ سے والدین سے لڑنا,"<p><p style=""text-align:justify;"">دین کی وجہ سے والدین سے لڑائی کرنا کیسا ہے؟</p></p>","<p><p style=""text-align:justify;"">واضح رہے کہ  گناہ کے کاموں کے علاوہ ہر کام میں والدین کی اطاعت کرنا ضروری ہے، اگر والدین گناہ کے کاموں کا حکم کریں، تو ان کی اطاعت کرنا جائز نہیں ہے۔ تاہم یہ بات ملحوظ رہے کہ جن کاموں میں والدین کی اطاعت کرنا جائز نہیں ہے، اگر والدین ان کا حکم دیں تو ان کی وجہ سے والدین سے لڑنا پھر بھی جائز نہیں ہے؛ قرآنِ پاک میں اللہ تعالیٰ فرماتے ہیں کہ اگر تمہارے والدین یہ کوشش کریں کہ تم اللہ تعالیٰ کے ساتھ شرک کرو تو ان کی اطاعت نہ کرو، لیکن دنیا میں ان کے ساتھ پھر بھی اچھی طرح ساتھ رہو، لہذا  اگر والدین کسی گناہ کے کام کا حکم کریں یا کسی گناہ میں ملوث ہوں تو ان سے لڑنا مناسب نہیں ہے، بلکہ ادب و احترام کے ساتھ ان کے مقام کا لحاظ رکھتے ہوئے انہیں صحیح بات پر لانے کی کوشش کی جائے۔</p><p style=""text-align:justify;""><span class=""ar_writing"">مرقاة المفاتيح شرح مشكاة المصابيح (1 / 132):</span></p><p class=""indent"" style=""text-align:justify;""><span class=""ar_writing"">""(ولا تعقن والديك) أي تخالفنهما، أو أحدهما فيما لم يكن معصية إذ لا طاعة لمخلوق في معصية الخالق.""</span></p><p style=""text-align:justify;""><span class=""ar_writing"">مرقاة المفاتيح شرح مشكاة المصابيح (7 / 3098):</span></p><p class=""indent"" style=""text-align:justify;""><span class=""ar_writing"">""(وعن ابن عباس - رضي الله عنهما - قال: قال رسول الله صلى الله عليه وسلم: من أصبح مطيعًا لله في والديه) أي: في حقهما. وفيه: أن طاعة الوالدين لم تكن طاعةً مستقلةً، بل هي طاعة الله التي بلغت توصيتها من الله تعالى بحسب طاعتهما لطاعته، وكذلك العصيان والأذى، وهو من باب قوله تعالى: <span class=""qr_writing"">{إن الذين يؤذون الله ورسوله}</span> [الأحزاب: 57] ، ذكره الطيبي. قلت: ويؤيده أنه ورد: "" «لا طاعة لمخلوق في معصية الخالق» ""، بل من أطاعهما ولم ينو رضا الله تعالى لايكون بارًّا، وفي نسخة (والده) وكأنه أراد الجنس مع قطع النظر عن وصف الذكورة والأنوثة، وقيل: إنه من صيغ النسب كتامر ولابن، فيشمل الأب والأم ; قلت: ومع هذا لا بد أن يراد به الجنس ليستقيم قوله: (أصبح له بابان مفتوحان من الجنة)، يجوز أن يكون صفة أخرى لقوله: بابان، وأن يكون حالًا من الضمير في (مفتوحان) ذكره الطيبي (وإن كان) وفي نسخة: فإن كان أي: الوالد المطاع (واحدًا فواحدًا) ، أي: فكان الباب المفتوح واحدا، إلى هنا رواه ابن عساكر عن ابن عباس ( «ومن أمسى عاصيا لله تعالى في والديه أصبح له بابان مفتوحان من النار، وإن كان واحدا فواحدا "". قال رجل: وإن ظلماه؟» ) قال الطيبي: يراد بالظلم ما يتعلق بالأمور الدنيوية لا الأخروية (قال: وإن ظلماه، وإن ظلماه، وإن ظلماه) : ثلاث مرات للتأكيد والمبالغة.""</span></p><p><span class=""ar_writing"">التفسير المظهري (6 / 98):</span></p><p class=""indent"" style=""text-align:justify;""><span class=""ar_writing"">""<span class=""qr_writing"">(يا أبت)</span> ذكر الأبوة للاستعطاف، ولذلك كررها <span class=""qr_writing"">(لم تعبد ما لا يسمع ولا يبصر)"".</span></span></p><p style=""text-align:justify;""><span class=""ar_writing"">مرقاة المفاتيح شرح مشكاة المصابيح (8 / 3146):</span></p><p class=""indent"" style=""text-align:justify;""><span class=""ar_writing"">""قال الخطابي: رخص للمسلم أن يغضب على أخيه ثلاث ليال لقلته، ولا يجوز فوقها إلا إذا كان الهجران في حق من حقوق الله تعالى، فيجوز فوق ذلك. وفي حاشية السيوطي على الموطأ، قال ابن عبد البر: هذا مخصوص بحديث كعب بن مالك ورفيقيه، حيث أمر صلى الله عليه وسلم أصحابه بهجرهم، يعني زيادة على ثلاث إلى أن بلغ  خمسين يوًما. قال: وأجمع العلماء على أن من خاف من مكالمة أحد وصلته ما يفسد عليه دينه أو يدخل مضرة في دنياه يجوز له مجانبته وبعده، ورب صرم جميل خير من مخالطة تؤذيه. وفي النهاية: يريد به الهجر ضد الوصل، يعني فيما يكون بين المسلمين من عتب وموجدة، أو تقصير يقع في حقوق العشرة والصحبة دون ما كان من ذلك في جانب الدين، فإن هجرة أهل الأهواء والبدع واجبة على مر الأوقات ما لم يظهر منه التوبة والرجوع إلى الحق، فإنه صلى الله عليه وسلم لما خاف على كعب بن مالك وأصحابه النفاق حين تخلفوا عن غزوة تبوك أمر بهجرانهم خمسين يوما، وقد هجر نساءه شهرا وهجرت عائشة ابن الزبير مدة، وهجر جماعة من الصحابة جماعة منهم، وماتوا متهاجرين، ولعل أحد الأمرين منسوخ بالآخر.</span></p><p class=""indent"" style=""text-align:justify;""><span class=""ar_writing"">قلت: الأظهر أن يحمل نحو هذا الحديث على المتواخيين أو المتساويين، بخلاف الوالد مع الولد، والأستاذ مع تلميذه، وعليه يحمل ما وقر من السلف والخلق لبعض الخلف، ويمكن أن يقال الهجرة المحرمة إنما تكون مع العداوة والشحناء، كما يدل عليه الحديث الذي يليه، فغيرها إما مباح أو خلاف الأولى.""</span></p><p class=""indent"" style=""text-align:left;"">فقط والله اعلم</p></p><hr class=""big-hr""/>",19-10-2020,144203200116,banuri.edu.pk,حقوق و آدابِ معاشرت,حقوق,والدین کے حقوق,"<div class=""col-md-12 sawal-jawab""><h3 class=""question_heading"">سوال</h3><p><p style=""text-align:justify;"">دین کی وجہ سے والدین سے لڑائی کرنا کیسا ہے؟</p></p><h4 class=""question_heading"">جواب</h4><p><p style=""text-align:justify;"">واضح رہے کہ  گناہ کے کاموں کے علاوہ ہر کام میں والدین کی اطاعت کرنا ضروری ہے، اگر والدین گناہ کے کاموں کا حکم کریں، تو ان کی اطاعت کرنا جائز نہیں ہے۔ تاہم یہ بات ملحوظ رہے کہ جن کاموں میں والدین کی اطاعت کرنا جائز نہیں ہے، اگر والدین ان کا حکم دیں تو ان کی وجہ سے والدین سے لڑنا پھر بھی جائز نہیں ہے؛ قرآنِ پاک میں اللہ تعالیٰ فرماتے ہیں کہ اگر تمہارے والدین یہ کوشش کریں کہ تم اللہ تعالیٰ کے ساتھ شرک کرو تو ان کی اطاعت نہ کرو، لیکن دنیا میں ان کے ساتھ پھر بھی اچھی طرح ساتھ رہو، لہذا  اگر والدین کسی گناہ کے کام کا حکم کریں یا کسی گناہ میں ملوث ہوں تو ان سے لڑنا مناسب نہیں ہے، بلکہ ادب و احترام کے ساتھ ان کے مقام کا لحاظ رکھتے ہوئے انہیں صحیح بات پر لانے کی کوشش کی جائے۔</p><p style=""text-align:justify;""><span class=""ar_writing"">مرقاة المفاتيح شرح مشكاة المصابيح (1 / 132):</span></p><p class=""indent"" style=""text-align:justify;""><span class=""ar_writing"">""(ولا تعقن والديك) أي تخالفنهما، أو أحدهما فيما لم يكن معصية إذ لا طاعة لمخلوق في معصية الخالق.""</span></p><p style=""text-align:justify;""><span class=""ar_writing"">مرقاة المفاتيح شرح مشكاة المصابيح (7 / 3098):</span></p><p class=""indent"" style=""text-align:justify;""><span class=""ar_writing"">""(وعن ابن عباس - رضي الله عنهما - قال: قال رسول الله صلى الله عليه وسلم: من أصبح مطيعًا لله في والديه) أي: في حقهما. وفيه: أن طاعة الوالدين لم تكن طاعةً مستقلةً، بل هي طاعة الله التي بلغت توصيتها من الله تعالى بحسب طاعتهما لطاعته، وكذلك العصيان والأذى، وهو من باب قوله تعالى: <span class=""qr_writing"">{إن الذين يؤذون الله ورسوله}</span> [الأحزاب: 57] ، ذكره الطيبي. قلت: ويؤيده أنه ورد: "" «لا طاعة لمخلوق في معصية الخالق» ""، بل من أطاعهما ولم ينو رضا الله تعالى لايكون بارًّا، وفي نسخة (والده) وكأنه أراد الجنس مع قطع النظر عن وصف الذكورة والأنوثة، وقيل: إنه من صيغ النسب كتامر ولابن، فيشمل الأب والأم ; قلت: ومع هذا لا بد أن يراد به الجنس ليستقيم قوله: (أصبح له بابان مفتوحان من الجنة)، يجوز أن يكون صفة أخرى لقوله: بابان، وأن يكون حالًا من الضمير في (مفتوحان) ذكره الطيبي (وإن كان) وفي نسخة: فإن كان أي: الوالد المطاع (واحدًا فواحدًا) ، أي: فكان الباب المفتوح واحدا، إلى هنا رواه ابن عساكر عن ابن عباس ( «ومن أمسى عاصيا لله تعالى في والديه أصبح له بابان مفتوحان من النار، وإن كان واحدا فواحدا "". قال رجل: وإن ظلماه؟» ) قال الطيبي: يراد بالظلم ما يتعلق بالأمور الدنيوية لا الأخروية (قال: وإن ظلماه، وإن ظلماه، وإن ظلماه) : ثلاث مرات للتأكيد والمبالغة.""</span></p><p><span class=""ar_writing"">التفسير المظهري (6 / 98):</span></p><p class=""indent"" style=""text-align:justify;""><span class=""ar_writing"">""<span class=""qr_writing"">(يا أبت)</span> ذكر الأبوة للاستعطاف، ولذلك كررها <span class=""qr_writing"">(لم تعبد ما لا يسمع ولا يبصر)"".</span></span></p><p style=""text-align:justify;""><span class=""ar_writing"">مرقاة المفاتيح شرح مشكاة المصابيح (8 / 3146):</span></p><p class=""indent"" style=""text-align:justify;""><span class=""ar_writing"">""قال الخطابي: رخص للمسلم أن يغضب على أخيه ثلاث ليال لقلته، ولا يجوز فوقها إلا إذا كان الهجران في حق من حقوق الله تعالى، فيجوز فوق ذلك. وفي حاشية السيوطي على الموطأ، قال ابن عبد البر: هذا مخصوص بحديث كعب بن مالك ورفيقيه، حيث أمر صلى الله عليه وسلم أصحابه بهجرهم، يعني زيادة على ثلاث إلى أن بلغ  خمسين يوًما. قال: وأجمع العلماء على أن من خاف من مكالمة أحد وصلته ما يفسد عليه دينه أو يدخل مضرة في دنياه يجوز له مجانبته وبعده، ورب صرم جميل خير من مخالطة تؤذيه. وفي النهاية: يريد به الهجر ضد الوصل، يعني فيما يكون بين المسلمين من عتب وموجدة، أو تقصير يقع في حقوق العشرة والصحبة دون ما كان من ذلك في جانب الدين، فإن هجرة أهل الأهواء والبدع واجبة على مر الأوقات ما لم يظهر منه التوبة والرجوع إلى الحق، فإنه صلى الله عليه وسلم لما خاف على كعب بن مالك وأصحابه النفاق حين تخلفوا عن غزوة تبوك أمر بهجرانهم خمسين يوما، وقد هجر نساءه شهرا وهجرت عائشة ابن الزبير مدة، وهجر جماعة من الصحابة جماعة منهم، وماتوا متهاجرين، ولعل أحد الأمرين منسوخ بالآخر.</span></p><p class=""indent"" style=""text-align:justify;""><span class=""ar_writing"">قلت: الأظهر أن يحمل نحو هذا الحديث على المتواخيين أو المتساويين، بخلاف الوالد مع الولد، والأستاذ مع تلميذه، وعليه يحمل ما وقر من السلف والخلق لبعض الخلف، ويمكن أن يقال الهجرة المحرمة إنما تكون مع العداوة والشحناء، كما يدل عليه الحديث الذي يليه، فغيرها إما مباح أو خلاف الأولى.""</span></p><p class=""indent"" style=""text-align:left;"">فقط والله اعلم</p></p><hr class=""big-hr""/><div class=""col-sm-6 col-md-6""><p class=""question_heading"" style=""color:#73161f"">فتویٰ نمبر : <a id=""fatwa_number"">144203200116</a></p></div><div class=""col-sm-6 col-md-6""><p style=""color:#73161f"">دارالافتاء :
                                جامعہ علوم اسلامیہ علامہ محمد یوسف بنوری ٹاؤن</p></div><hr class=""big-hr""/><div class=""col-sm-4 col-md-4""><div class=""tag""><a href=""https://www.banuri.edu.pk/questions/kitab/huqooq-muashret""><i class=""icon-docs-bold""></i> حقوق و آدابِ معاشرت</a></div></div><div class=""col-sm-4 col-md-4""><div class=""tag""><a href=""https://www.banuri.edu.pk/questions/bab/bahmi-huqooq""><i class=""icon-docs-bold""></i> حقوق</a></div></div><div class=""col-sm-4 col-md-4""><div class=""tag""><a href=""https://www.banuri.edu.pk/questions/fasal/walidayn-k-huqoq""><i class=""icon-docs-bold""></i> والدین کے حقوق</a></div></div></div>"
https://www.banuri.edu.pk/readquestion/biwi-k-hote-hue-saali-se-nikah-karna-144203200115/19-10-2020,بیوی کے ہوتے ہوئے سالی سے نکاح کرنا,"<p><p style=""text-align:justify;"">بیوی کے ہوتے ہوئے سالی سے نکاح کرنا کیسا ہے؟</p></p>","<p><p style=""text-align:justify;"">واضح رہے کہ کسی بھی مسلمان کے لیے بیک وقت دو حقیقی بہنوں کو ایک ہی نکاح میں جمع کرنا یا بیوی کی عدت میں اس کی بہن سے نکاح کرنا ہرگز جائز نہیں، ایک بہن کے نکاح میں ہوتے ہوئے اس کی بہن سے نکاح کرنا قطعاً حرام ہے،  قرآنِ مجید میں ہے:</p><p class=""indent"" style=""text-align:justify;""><span class=""ar_writing qr_writing"">{وَأَنْ تَجْمَعُوا بَيْنَ الْأُخْتَيْنِ إِلَّا مَا قَدْسَلَفَ}</span>[النساء : 24]</p><p class=""indent"" style=""text-align:justify;"">ترجمہ: اور یہ کہ (حرام ہے تم پر کہ) تم دو بہنوں کو (رضاعی ہوں یا نسبی) ایک ساتھ رکھو، لیکن جو  (قرآن  کا حکم آنے سے) پہلے ہوچکا۔</p><p class=""indent"" style=""text-align:left;"">فقط واللہ اعلم </p></p><hr class=""big-hr""/>",19-10-2020,144203200115,banuri.edu.pk,نکاح,نکاح فاسد و باطل,دوسرے کی بیوی سے نکاح,"<div class=""col-md-12 sawal-jawab""><h3 class=""question_heading"">سوال</h3><p><p style=""text-align:justify;"">بیوی کے ہوتے ہوئے سالی سے نکاح کرنا کیسا ہے؟</p></p><h4 class=""question_heading"">جواب</h4><p><p style=""text-align:justify;"">واضح رہے کہ کسی بھی مسلمان کے لیے بیک وقت دو حقیقی بہنوں کو ایک ہی نکاح میں جمع کرنا یا بیوی کی عدت میں اس کی بہن سے نکاح کرنا ہرگز جائز نہیں، ایک بہن کے نکاح میں ہوتے ہوئے اس کی بہن سے نکاح کرنا قطعاً حرام ہے،  قرآنِ مجید میں ہے:</p><p class=""indent"" style=""text-align:justify;""><span class=""ar_writing qr_writing"">{وَأَنْ تَجْمَعُوا بَيْنَ الْأُخْتَيْنِ إِلَّا مَا قَدْسَلَفَ}</span>[النساء : 24]</p><p class=""indent"" style=""text-align:justify;"">ترجمہ: اور یہ کہ (حرام ہے تم پر کہ) تم دو بہنوں کو (رضاعی ہوں یا نسبی) ایک ساتھ رکھو، لیکن جو  (قرآن  کا حکم آنے سے) پہلے ہوچکا۔</p><p class=""indent"" style=""text-align:left;"">فقط واللہ اعلم </p></p><hr class=""big-hr""/><div class=""col-sm-6 col-md-6""><p class=""question_heading"" style=""color:#73161f"">فتویٰ نمبر : <a id=""fatwa_number"">144203200115</a></p></div><div class=""col-sm-6 col-md-6""><p style=""color:#73161f"">دارالافتاء :
                                جامعہ علوم اسلامیہ علامہ محمد یوسف بنوری ٹاؤن</p></div><hr class=""big-hr""/><div class=""col-sm-4 col-md-4""><div class=""tag""><a href=""https://www.banuri.edu.pk/questions/kitab/nikah""><i class=""icon-docs-bold""></i> نکاح</a></div></div><div class=""col-sm-4 col-md-4""><div class=""tag""><a href=""https://www.banuri.edu.pk/questions/bab/nikah-e-fasid-o-batil""><i class=""icon-docs-bold""></i> نکاح فاسد و باطل</a></div></div><div class=""col-sm-4 col-md-4""><div class=""tag""><a href=""https://www.banuri.edu.pk/questions/fasal/nikah-sahih-o-fasid""><i class=""icon-docs-bold""></i> دوسرے کی بیوی سے نکاح</a></div></div></div>"
https://www.banuri.edu.pk/readquestion/kiswa-naam-rakhna-144201201094/10-09-2020,بچی کا نام کسوا رکھنا,"<p><p style=""text-align:justify;"">میں نے اپنی بیٹی کا نام ""کسواء"" رکھا ہے۔ کیا یہ نام رکھنا درست ہے؟ اور ک کے نیچے زیر ہے یا زبر؟مطلب کِسواء ہے یا کَسواء؟</p></p>","<p><div style=""text-align:justify;"">""کسواء"" کاف کے زیر یا زبر کے ساتھ کوئی نام نہیں ہے، اس کا درست تلفظ <span class=""qr_writing"">""كِسْوه""</span>یا <span class=""qr_writing"">""كُسْوه""</span>ہے جس کے معنی لباس کے ہیں، لہذا اس کے علاوہ کوئی اور نام رکھا جائے، نیز عربی میں ""کسواء"" سے ملتا جلتا نام ’’قَصواء‘‘  ہے جو کہ آپ ﷺ کی اونٹنی کا نام ہے، اور ’’قصواء‘‘  اس اونٹ /اونٹنی کو کہا جاتاہے جس کے کان کا کنارہ ذراسا کٹا ہوا ہو، بچی کا یہ نام رکھنا جائز ہے، تاہم رسول اللہ ﷺ کی نسبت کے حصول کے لیے  بہتر یہ ہے کہ حضور ﷺ نے جو نام اپنی صاحبزادیوں رضی اللہ عنہن کے لیے منتخب فرمائے ہیں، ان میں سے، یا ازواجِ مطہرات رضی اللہ عنہن کے ناموں میں سے کسی نام کا انتخاب کیا جائے۔</div><div style=""text-align:justify;""><span class=""ar_writing""><span dir=""ltr""> </span><span lang=""ar-sa"" xml:lang=""ar-sa"">لسان العرب</span><span dir=""ltr"">:</span></span></div><div style=""text-align:justify;""><p class=""indent"" dir=""rtl"" style=""text-align:justify;""><span class=""ar_writing""><span dir=""ltr"">""</span><span lang=""ar-sa"" xml:lang=""ar-sa"">الكِسْوةُ والكُسْوةُ: اللباس، واحدة الكُسا؛ قال الليث: ولها معانٍ مختلفة</span><span dir=""ltr"">.<br/></span><span lang=""ar-sa"" xml:lang=""ar-sa"">يقال: كَسَوْت فلاناً أَكْسُوه كِسْوةً إِذا أَلبسته ثوباً أَو ثياباً فاكْتَسى</span><span dir=""ltr"">.</span><span lang=""ar-sa"" xml:lang=""ar-sa"">واكتَسى فلان إِذا لبَس الكِسُوْة؛ قال رؤبة يصف الثور والكلاب: قد كَسا فيهن صِبْغاً مُرْدِعاً يعني كساهنَّ دَماً طرّياً؛ وقال يصف العير وأُتُنه: يَكْسُوه رَهْباها إِذا تَرَهَّبا، على اضْطِرامِ اللُّوحِ، بَوْلاً زَغْرَبا يكسوه رَهْباها أَي يَبُلْن عليه.</span><span dir=""ltr""> </span><span lang=""ar-sa"" xml:lang=""ar-sa"">ويقال: اكتَسَتِ الأَرض بالنبات إِذا تغطَّت به</span><span dir=""ltr"">.</span></span><span lang=""ar-sa"" xml:lang=""ar-sa""><span class=""ar_writing"">والكُسا: جمع الكُسوة.</span></span></p><p class=""indent"" dir=""rtl"" style=""text-align:left;""><span lang=""ar-sa"" xml:lang=""ar-sa"">فقط واللہ اعلم</span></p></div></p><hr class=""big-hr""/>",10-09-2020,144201201094,banuri.edu.pk,حقوق و آدابِ معاشرت,حقوق,اولاد کے حقوق,"<div class=""col-md-12 sawal-jawab""><h3 class=""question_heading"">سوال</h3><p><p style=""text-align:justify;"">میں نے اپنی بیٹی کا نام ""کسواء"" رکھا ہے۔ کیا یہ نام رکھنا درست ہے؟ اور ک کے نیچے زیر ہے یا زبر؟مطلب کِسواء ہے یا کَسواء؟</p></p><h4 class=""question_heading"">جواب</h4><p><div style=""text-align:justify;"">""کسواء"" کاف کے زیر یا زبر کے ساتھ کوئی نام نہیں ہے، اس کا درست تلفظ <span class=""qr_writing"">""كِسْوه""</span>یا <span class=""qr_writing"">""كُسْوه""</span>ہے جس کے معنی لباس کے ہیں، لہذا اس کے علاوہ کوئی اور نام رکھا جائے، نیز عربی میں ""کسواء"" سے ملتا جلتا نام ’’قَصواء‘‘  ہے جو کہ آپ ﷺ کی اونٹنی کا نام ہے، اور ’’قصواء‘‘  اس اونٹ /اونٹنی کو کہا جاتاہے جس کے کان کا کنارہ ذراسا کٹا ہوا ہو، بچی کا یہ نام رکھنا جائز ہے، تاہم رسول اللہ ﷺ کی نسبت کے حصول کے لیے  بہتر یہ ہے کہ حضور ﷺ نے جو نام اپنی صاحبزادیوں رضی اللہ عنہن کے لیے منتخب فرمائے ہیں، ان میں سے، یا ازواجِ مطہرات رضی اللہ عنہن کے ناموں میں سے کسی نام کا انتخاب کیا جائے۔</div><div style=""text-align:justify;""><span class=""ar_writing""><span dir=""ltr""> </span><span lang=""ar-sa"" xml:lang=""ar-sa"">لسان العرب</span><span dir=""ltr"">:</span></span></div><div style=""text-align:justify;""><p class=""indent"" dir=""rtl"" style=""text-align:justify;""><span class=""ar_writing""><span dir=""ltr"">""</span><span lang=""ar-sa"" xml:lang=""ar-sa"">الكِسْوةُ والكُسْوةُ: اللباس، واحدة الكُسا؛ قال الليث: ولها معانٍ مختلفة</span><span dir=""ltr"">.<br/></span><span lang=""ar-sa"" xml:lang=""ar-sa"">يقال: كَسَوْت فلاناً أَكْسُوه كِسْوةً إِذا أَلبسته ثوباً أَو ثياباً فاكْتَسى</span><span dir=""ltr"">.</span><span lang=""ar-sa"" xml:lang=""ar-sa"">واكتَسى فلان إِذا لبَس الكِسُوْة؛ قال رؤبة يصف الثور والكلاب: قد كَسا فيهن صِبْغاً مُرْدِعاً يعني كساهنَّ دَماً طرّياً؛ وقال يصف العير وأُتُنه: يَكْسُوه رَهْباها إِذا تَرَهَّبا، على اضْطِرامِ اللُّوحِ، بَوْلاً زَغْرَبا يكسوه رَهْباها أَي يَبُلْن عليه.</span><span dir=""ltr""> </span><span lang=""ar-sa"" xml:lang=""ar-sa"">ويقال: اكتَسَتِ الأَرض بالنبات إِذا تغطَّت به</span><span dir=""ltr"">.</span></span><span lang=""ar-sa"" xml:lang=""ar-sa""><span class=""ar_writing"">والكُسا: جمع الكُسوة.</span></span></p><p class=""indent"" dir=""rtl"" style=""text-align:left;""><span lang=""ar-sa"" xml:lang=""ar-sa"">فقط واللہ اعلم</span></p></div></p><hr class=""big-hr""/><div class=""col-sm-6 col-md-6""><p class=""question_heading"" style=""color:#73161f"">فتویٰ نمبر : <a id=""fatwa_number"">144201201094</a></p></div><div class=""col-sm-6 col-md-6""><p style=""color:#73161f"">دارالافتاء :
                                جامعہ علوم اسلامیہ علامہ محمد یوسف بنوری ٹاؤن</p></div><hr class=""big-hr""/><div class=""col-sm-4 col-md-4""><div class=""tag""><a href=""https://www.banuri.edu.pk/questions/kitab/huqooq-muashret""><i class=""icon-docs-bold""></i> حقوق و آدابِ معاشرت</a></div></div><div class=""col-sm-4 col-md-4""><div class=""tag""><a href=""https://www.banuri.edu.pk/questions/bab/bahmi-huqooq""><i class=""icon-docs-bold""></i> حقوق</a></div></div><div class=""col-sm-4 col-md-4""><div class=""tag""><a href=""https://www.banuri.edu.pk/questions/fasal/olad-ky-hoqoq""><i class=""icon-docs-bold""></i> اولاد کے حقوق</a></div></div></div>"
https://www.banuri.edu.pk/readquestion/sotaili-khalah-say-nekah-144202201360/15-10-2020,سوتیلی خالہ سے نکاح کا حکم,"<p><p style=""text-align:justify;"">کیا سوتیلی خالہ سے نکاح کرسکتے ہیں؟</p></p>","<p><p style=""text-align:justify;""> سوتیلی خالہ (یعنی  اپنی سوتیلی ماں کی بہن) سے نکاح کرنا شرعاً جائز ہے، بشرطيكه  کوئی اور شرعی ممانعت (مثلاً رضاعت کا رشتہ) موجود نہ ہو۔ </p><p style=""text-align:justify;"">الاصل للشیبانی میں ہے:</p><p class=""indent"" style=""text-align:justify;""><span class=""ar_writing"">""ولا بأس بأن يتزوج الرجل المرأة، ويتزوج ابنه ابنتها أو أمها أو أختها أو عمتها أو خالتها أو ذات رحم محرم منها.""</span></p><p class=""indent"" style=""text-align:left;""><span class=""ar_writing"">(کتاب النکاح (10/ 185)، ط.دار ابن حزم، بيروت،الطبعة: الأولى، 1433 هـ - 2012 م)</span></p><p class=""indent"" style=""text-align:left;"">  فقط واللہ اعلم</p></p><hr class=""big-hr""/>",15-10-2020,144202201360,banuri.edu.pk,نکاح,محرمات و غیر محرمات,نسبی محرمات,"<div class=""col-md-12 sawal-jawab""><h3 class=""question_heading"">سوال</h3><p><p style=""text-align:justify;"">کیا سوتیلی خالہ سے نکاح کرسکتے ہیں؟</p></p><h4 class=""question_heading"">جواب</h4><p><p style=""text-align:justify;""> سوتیلی خالہ (یعنی  اپنی سوتیلی ماں کی بہن) سے نکاح کرنا شرعاً جائز ہے، بشرطيكه  کوئی اور شرعی ممانعت (مثلاً رضاعت کا رشتہ) موجود نہ ہو۔ </p><p style=""text-align:justify;"">الاصل للشیبانی میں ہے:</p><p class=""indent"" style=""text-align:justify;""><span class=""ar_writing"">""ولا بأس بأن يتزوج الرجل المرأة، ويتزوج ابنه ابنتها أو أمها أو أختها أو عمتها أو خالتها أو ذات رحم محرم منها.""</span></p><p class=""indent"" style=""text-align:left;""><span class=""ar_writing"">(کتاب النکاح (10/ 185)، ط.دار ابن حزم، بيروت،الطبعة: الأولى، 1433 هـ - 2012 م)</span></p><p class=""indent"" style=""text-align:left;"">  فقط واللہ اعلم</p></p><hr class=""big-hr""/><div class=""col-sm-6 col-md-6""><p class=""question_heading"" style=""color:#73161f"">فتویٰ نمبر : <a id=""fatwa_number"">144202201360</a></p></div><div class=""col-sm-6 col-md-6""><p style=""color:#73161f"">دارالافتاء :
                                جامعہ علوم اسلامیہ علامہ محمد یوسف بنوری ٹاؤن</p></div><hr class=""big-hr""/><div class=""col-sm-4 col-md-4""><div class=""tag""><a href=""https://www.banuri.edu.pk/questions/kitab/nikah""><i class=""icon-docs-bold""></i> نکاح</a></div></div><div class=""col-sm-4 col-md-4""><div class=""tag""><a href=""https://www.banuri.edu.pk/questions/bab/muharramat-o-gher-muharramat""><i class=""icon-docs-bold""></i> محرمات و غیر محرمات</a></div></div><div class=""col-sm-4 col-md-4""><div class=""tag""><a href=""https://www.banuri.edu.pk/questions/fasal/muharramat""><i class=""icon-docs-bold""></i> نسبی محرمات</a></div></div></div>"
https://www.banuri.edu.pk/readquestion/buond-h-hukam-144201201255/14-09-2020,دعا میں وسیلے کا حکم/ بونڈ کا حکم,"<p><p style=""text-align:justify;"">1- دعا کے ساتھ محمد صلی اللہ علیہ وسلم  کا وسیلہ دے سکتے ہیں؟</p><p style=""text-align:justify;"">2- بونڈ کا کیا حکم ہے؟</p></p>","<p><p style=""text-align:justify;""><span lang=""ar-sa"" xml:lang=""ar-sa"">1)</span><span lang=""ar-sa"" xml:lang=""ar-sa"">دعا میں حضرت محمد مصطفی صلی اللہ علیہ وسلم کا وسیلہ دینا جائز، بلکہ مستحب ہے، اور ایسی دعا کی قبولیت کی زیادہ امید ہے۔ البتہ اس کو ضروری سمجھنا یا یہ عقیدہ رکھنا کہ وسیلہ کے بغیر اللہ تعالی دعا قبول نہیں کرتا، یہ غلط ہے۔</span></p><p style=""text-align:justify;""><span lang=""ar-sa"" xml:lang=""ar-sa"">فتاوی شامی میں ہے: </span></p><p class=""indent"" dir=""rtl"" style=""text-align:justify;""><span class=""ar_writing"" lang=""ar-sa"" xml:lang=""ar-sa"">""وقال السبكي: يحسن التوسل بالنبي إلى ربه، ولم ينكره أحد من السلف ولا الخلف إلا ابن تيمية؛ فابتدع ما لم يقله عالم قبله.""</span></p><p class=""indent"" dir=""rtl"" style=""text-align:left;""><span class=""ar_writing""><span lang=""ar-sa"" xml:lang=""ar-sa"">(</span><span lang=""ar-sa"" xml:lang=""ar-sa"">كتاب الحظر والإباحة، (6/ 397)، ط. سعيد)</span></span></p><p dir=""rtl"" style=""text-align:justify;""><span lang=""ar-sa"" xml:lang=""ar-sa"">حجة الله البالغة</span><span dir=""ltr""> </span><span lang=""ar-sa"" xml:lang=""ar-sa"">میں ہے</span><span dir=""ltr"">:</span></p><p class=""indent"" dir=""rtl"" style=""text-align:justify;""><span class=""ar_writing"">""ومن آداب الدعاء تقديم الثناء على الله والتوسل بنبي الله، ليستجاب الدعاء.""</span></p><p class=""indent"" style=""text-align:left;""><span class=""ar_writing"">(ابواب الصلاة، الأمور التي لا بد منها في الصلاة (2/ 10)،ط. دار الجيل، بيروت - لبنان)</span></p><p style=""text-align:justify;""><span dir=""rtl"" lang=""ar-sa"" xml:lang=""ar-sa"">(تفصیل کے لیے ملاحظہ فرمائیں: مولانا محمد یوسف لدھیانوی شہید رحمہ اللہ کی کتاب ""اختلافِ امت اور صراطِ مستقیم"" اور فتاوی بینات کی جلد دوم)</span></p><p style=""text-align:justify;"">2) <span lang=""ar-sa"" xml:lang=""ar-sa"">پرائز بونڈ کی خرید وفروخت اور اس پر ملنے والا انعام ناجائز اور حرام ہے، اس میں سود اور جوا پایا جاتا ہے۔</span></p><p class=""indent"" style=""text-align:justify;""><span lang=""ar-sa"" xml:lang=""ar-sa""><span class=""qr_writing"">{وَأَحَلَّ اللَّهُ الْبَيْعَ وَحَرَّمَ الرِّبَا}</span>   [البقرة:275]</span></p><p class=""indent"" style=""text-align:justify;""><span class=""qr_writing"">{يَا أَيُّهَا الَّذِينَ آمَنُوا إِنَّمَا الْخَمْرُ وَالْمَيْسِرُ وَالْأَنْصَابُ وَالْأَزْلَامُ رِجْسٌ مِنْ عَمَلِ الشَّيْطَانِ فَاجْتَنِبُوهُ لَعَلَّكُمْ تُفْلِحُونَ}</span> [المائدة:90]</p><p class=""indent"" style=""text-align:left;""><span dir=""rtl"" lang=""ar-sa"" xml:lang=""ar-sa"">فقط واللہ اعلم</span></p></p><hr class=""big-hr""/>",14-09-2020,144201201255,banuri.edu.pk,ایمان و عقائد,اسلامی عقائد,وسیلہ,"<div class=""col-md-12 sawal-jawab""><h3 class=""question_heading"">سوال</h3><p><p style=""text-align:justify;"">1- دعا کے ساتھ محمد صلی اللہ علیہ وسلم  کا وسیلہ دے سکتے ہیں؟</p><p style=""text-align:justify;"">2- بونڈ کا کیا حکم ہے؟</p></p><h4 class=""question_heading"">جواب</h4><p><p style=""text-align:justify;""><span lang=""ar-sa"" xml:lang=""ar-sa"">1)</span><span lang=""ar-sa"" xml:lang=""ar-sa"">دعا میں حضرت محمد مصطفی صلی اللہ علیہ وسلم کا وسیلہ دینا جائز، بلکہ مستحب ہے، اور ایسی دعا کی قبولیت کی زیادہ امید ہے۔ البتہ اس کو ضروری سمجھنا یا یہ عقیدہ رکھنا کہ وسیلہ کے بغیر اللہ تعالی دعا قبول نہیں کرتا، یہ غلط ہے۔</span></p><p style=""text-align:justify;""><span lang=""ar-sa"" xml:lang=""ar-sa"">فتاوی شامی میں ہے: </span></p><p class=""indent"" dir=""rtl"" style=""text-align:justify;""><span class=""ar_writing"" lang=""ar-sa"" xml:lang=""ar-sa"">""وقال السبكي: يحسن التوسل بالنبي إلى ربه، ولم ينكره أحد من السلف ولا الخلف إلا ابن تيمية؛ فابتدع ما لم يقله عالم قبله.""</span></p><p class=""indent"" dir=""rtl"" style=""text-align:left;""><span class=""ar_writing""><span lang=""ar-sa"" xml:lang=""ar-sa"">(</span><span lang=""ar-sa"" xml:lang=""ar-sa"">كتاب الحظر والإباحة، (6/ 397)، ط. سعيد)</span></span></p><p dir=""rtl"" style=""text-align:justify;""><span lang=""ar-sa"" xml:lang=""ar-sa"">حجة الله البالغة</span><span dir=""ltr""> </span><span lang=""ar-sa"" xml:lang=""ar-sa"">میں ہے</span><span dir=""ltr"">:</span></p><p class=""indent"" dir=""rtl"" style=""text-align:justify;""><span class=""ar_writing"">""ومن آداب الدعاء تقديم الثناء على الله والتوسل بنبي الله، ليستجاب الدعاء.""</span></p><p class=""indent"" style=""text-align:left;""><span class=""ar_writing"">(ابواب الصلاة، الأمور التي لا بد منها في الصلاة (2/ 10)،ط. دار الجيل، بيروت - لبنان)</span></p><p style=""text-align:justify;""><span dir=""rtl"" lang=""ar-sa"" xml:lang=""ar-sa"">(تفصیل کے لیے ملاحظہ فرمائیں: مولانا محمد یوسف لدھیانوی شہید رحمہ اللہ کی کتاب ""اختلافِ امت اور صراطِ مستقیم"" اور فتاوی بینات کی جلد دوم)</span></p><p style=""text-align:justify;"">2) <span lang=""ar-sa"" xml:lang=""ar-sa"">پرائز بونڈ کی خرید وفروخت اور اس پر ملنے والا انعام ناجائز اور حرام ہے، اس میں سود اور جوا پایا جاتا ہے۔</span></p><p class=""indent"" style=""text-align:justify;""><span lang=""ar-sa"" xml:lang=""ar-sa""><span class=""qr_writing"">{وَأَحَلَّ اللَّهُ الْبَيْعَ وَحَرَّمَ الرِّبَا}</span>   [البقرة:275]</span></p><p class=""indent"" style=""text-align:justify;""><span class=""qr_writing"">{يَا أَيُّهَا الَّذِينَ آمَنُوا إِنَّمَا الْخَمْرُ وَالْمَيْسِرُ وَالْأَنْصَابُ وَالْأَزْلَامُ رِجْسٌ مِنْ عَمَلِ الشَّيْطَانِ فَاجْتَنِبُوهُ لَعَلَّكُمْ تُفْلِحُونَ}</span> [المائدة:90]</p><p class=""indent"" style=""text-align:left;""><span dir=""rtl"" lang=""ar-sa"" xml:lang=""ar-sa"">فقط واللہ اعلم</span></p></p><hr class=""big-hr""/><div class=""col-sm-6 col-md-6""><p class=""question_heading"" style=""color:#73161f"">فتویٰ نمبر : <a id=""fatwa_number"">144201201255</a></p></div><div class=""col-sm-6 col-md-6""><p style=""color:#73161f"">دارالافتاء :
                                جامعہ علوم اسلامیہ علامہ محمد یوسف بنوری ٹاؤن</p></div><hr class=""big-hr""/><div class=""col-sm-4 col-md-4""><div class=""tag""><a href=""https://www.banuri.edu.pk/questions/kitab/aqaed""><i class=""icon-docs-bold""></i> ایمان و عقائد</a></div></div><div class=""col-sm-4 col-md-4""><div class=""tag""><a href=""https://www.banuri.edu.pk/questions/bab/islami-aqaed""><i class=""icon-docs-bold""></i> اسلامی عقائد</a></div></div><div class=""col-sm-4 col-md-4""><div class=""tag""><a href=""https://www.banuri.edu.pk/questions/fasal/wasila""><i class=""icon-docs-bold""></i> وسیلہ</a></div></div></div>"
https://www.banuri.edu.pk/readquestion/mard-khula-par-razi-na-ho-to-orat-kia-kare-144201201197/13-09-2020,مرد خلع پر راضی نہ تو عورت کیا کرے؟,"<p><p style=""text-align:justify;""> خلع کی شرعی حیثیت کیا ہے؟ اکثر یہ معاملہ دیکھنے میں آتا ہے کہ مرد عورت کو حق مہر واپس کرنے کے باوجود بھی طلاق نہیں دیتا تو ایسی صورت میں کیا حل ہے؟</p></p>","<p><p style=""text-align:justify;"">اگر زوجین میں نباہ کی کوئی شکل نہ رہے اور شوہر بلاعوض طلاق دینے پر آمادہ نہ ہو، تو عورت کے لیے یہ راستہ تجویز کیا گیا ہے کہ وہ خلع کی پیش کش کرکے اپنے کو آزاد کرالے۔ اِسی بات کو قرآنِ کریم کی اِس آیت میں اِرشاد فرمایا گیا:</p><p class=""indent"" style=""text-align:justify;""><span class=""qr_writing"">{وَلاَ یَحِلُّ لَکُمْ اَنْ تَأْخُذُوْا مِمَّا اٰتَیْتُمُوْهُنَّ شَیْئًا اِلاَّ اَنْ یَّخَافَا اَلاَّ یُقِیْمَا حُدُوْدَ اللّٰهِ فَاِنْ خِفْتُمْ اَلاَّ یُقِیْمَا حُدُوْدَ اللّٰهِ فَلاَ جُنَاحَ عَلَیْهِمَا فِیْمَا افْتَدَتْ بِه  تِلْکَ حُدُوْدُ اللّٰهِ فَلاَ تَعْتَدُوْهَا  وَمَنْ یَتَعَدَّ حُدُوْدَ اللّٰهِ فَاُولٰٓـئِکَ هُمُ الظَّالِمُوْنَ}</span> [البقرۃ : ۲۲۹]<br/>ترجمہ: اور تم کو یہ روا نہیں ہے کہ عورتوں کو دیا ہوا کچھ بھی مال اُن سے واپس لو، مگر یہ کہ جب میاں بیوی اِس بات سے ڈریں کہ اللہ کے اَحکام پر قائم نہ رہ سکیں گے۔ پس اگر تم لوگ اِس بات سے ڈرو کہ وہ دونوں اللہ کی حدود پر قائم نہ رہیں گے تو اُن دونوں پر کچھ گناہ نہیں ہے اِس میں کہ عورت بدلہ دے کر چھوٹ جائے، یہ اللہ کی باندھی ہوئی حدیں ہیں، سو اُن سے آگے نہ بڑھو، اور جو کوئی اللہ کی حدود سے آگے بڑھے گا سو وہی لوگ ظالم ہیں۔ </p><p style=""text-align:justify;"">خلع کے معتبر ہونے کے لیے شوہر کا اسے قبول کرنا ضروری ہے، اگر شوہر خلع پر آمادہ نہ ہو تو خاندان کے بڑوں، علاقے کے معزز افراد وغیرہ کو درمیان میں ڈال کر فیصلہ کرانے کی کوشش کی جائے، اگر یہ کوشش بھی ناکام ہو، اور علیحدگی کے مطالبے کی وجہ   شوہر کی جانب سے ظلم و زیادتی ہو، بیوی کو نان و نفقہ نہ دیتا ہو، یا ظلم اور مار پیٹ کرتا ہو،تو ایسی صورت میں مذکورہ خاتون تنسیخِ نکاح کے لیے عدالت سے رجوع کر سکتی ہے، البتہ اسے معبتر گواہوں کے ذریعہ شوہر کے ظلم کو ثابت کرنا ضروری ہوگا، تمام ثبوت کی فراہمی کے بعد  عدالت اگر تنسیخِ نکاح کا فیصلہ کرتی ہے، تو ایسی صورت میں شوہر کی رضامندی کے بغیر بھی تنسیخ کا فیصلہ شرعاً معتبر ہوگا۔ فقط واللہ اعلم</p></p><hr class=""big-hr""/>",13-09-2020,144201201197,banuri.edu.pk,طلاق,خلع,خلع کا ثبوت، حکمت اور اسباب,"<div class=""col-md-12 sawal-jawab""><h3 class=""question_heading"">سوال</h3><p><p style=""text-align:justify;""> خلع کی شرعی حیثیت کیا ہے؟ اکثر یہ معاملہ دیکھنے میں آتا ہے کہ مرد عورت کو حق مہر واپس کرنے کے باوجود بھی طلاق نہیں دیتا تو ایسی صورت میں کیا حل ہے؟</p></p><h4 class=""question_heading"">جواب</h4><p><p style=""text-align:justify;"">اگر زوجین میں نباہ کی کوئی شکل نہ رہے اور شوہر بلاعوض طلاق دینے پر آمادہ نہ ہو، تو عورت کے لیے یہ راستہ تجویز کیا گیا ہے کہ وہ خلع کی پیش کش کرکے اپنے کو آزاد کرالے۔ اِسی بات کو قرآنِ کریم کی اِس آیت میں اِرشاد فرمایا گیا:</p><p class=""indent"" style=""text-align:justify;""><span class=""qr_writing"">{وَلاَ یَحِلُّ لَکُمْ اَنْ تَأْخُذُوْا مِمَّا اٰتَیْتُمُوْهُنَّ شَیْئًا اِلاَّ اَنْ یَّخَافَا اَلاَّ یُقِیْمَا حُدُوْدَ اللّٰهِ فَاِنْ خِفْتُمْ اَلاَّ یُقِیْمَا حُدُوْدَ اللّٰهِ فَلاَ جُنَاحَ عَلَیْهِمَا فِیْمَا افْتَدَتْ بِه  تِلْکَ حُدُوْدُ اللّٰهِ فَلاَ تَعْتَدُوْهَا  وَمَنْ یَتَعَدَّ حُدُوْدَ اللّٰهِ فَاُولٰٓـئِکَ هُمُ الظَّالِمُوْنَ}</span> [البقرۃ : ۲۲۹]<br/>ترجمہ: اور تم کو یہ روا نہیں ہے کہ عورتوں کو دیا ہوا کچھ بھی مال اُن سے واپس لو، مگر یہ کہ جب میاں بیوی اِس بات سے ڈریں کہ اللہ کے اَحکام پر قائم نہ رہ سکیں گے۔ پس اگر تم لوگ اِس بات سے ڈرو کہ وہ دونوں اللہ کی حدود پر قائم نہ رہیں گے تو اُن دونوں پر کچھ گناہ نہیں ہے اِس میں کہ عورت بدلہ دے کر چھوٹ جائے، یہ اللہ کی باندھی ہوئی حدیں ہیں، سو اُن سے آگے نہ بڑھو، اور جو کوئی اللہ کی حدود سے آگے بڑھے گا سو وہی لوگ ظالم ہیں۔ </p><p style=""text-align:justify;"">خلع کے معتبر ہونے کے لیے شوہر کا اسے قبول کرنا ضروری ہے، اگر شوہر خلع پر آمادہ نہ ہو تو خاندان کے بڑوں، علاقے کے معزز افراد وغیرہ کو درمیان میں ڈال کر فیصلہ کرانے کی کوشش کی جائے، اگر یہ کوشش بھی ناکام ہو، اور علیحدگی کے مطالبے کی وجہ   شوہر کی جانب سے ظلم و زیادتی ہو، بیوی کو نان و نفقہ نہ دیتا ہو، یا ظلم اور مار پیٹ کرتا ہو،تو ایسی صورت میں مذکورہ خاتون تنسیخِ نکاح کے لیے عدالت سے رجوع کر سکتی ہے، البتہ اسے معبتر گواہوں کے ذریعہ شوہر کے ظلم کو ثابت کرنا ضروری ہوگا، تمام ثبوت کی فراہمی کے بعد  عدالت اگر تنسیخِ نکاح کا فیصلہ کرتی ہے، تو ایسی صورت میں شوہر کی رضامندی کے بغیر بھی تنسیخ کا فیصلہ شرعاً معتبر ہوگا۔ فقط واللہ اعلم</p></p><hr class=""big-hr""/><div class=""col-sm-6 col-md-6""><p class=""question_heading"" style=""color:#73161f"">فتویٰ نمبر : <a id=""fatwa_number"">144201201197</a></p></div><div class=""col-sm-6 col-md-6""><p style=""color:#73161f"">دارالافتاء :
                                جامعہ علوم اسلامیہ علامہ محمد یوسف بنوری ٹاؤن</p></div><hr class=""big-hr""/><div class=""col-sm-4 col-md-4""><div class=""tag""><a href=""https://www.banuri.edu.pk/questions/kitab/talaaq""><i class=""icon-docs-bold""></i> طلاق</a></div></div><div class=""col-sm-4 col-md-4""><div class=""tag""><a href=""https://www.banuri.edu.pk/questions/bab/hulaa""><i class=""icon-docs-bold""></i> خلع</a></div></div><div class=""col-sm-4 col-md-4""><div class=""tag""><a href=""https://www.banuri.edu.pk/questions/fasal/khula""><i class=""icon-docs-bold""></i> خلع کا ثبوت، حکمت اور اسباب</a></div></div></div>"
https://www.banuri.edu.pk/readquestion/ghar-ki-bethak-mai-imamat-ka-mustahiq-144109201936/11-05-2020,بیٹھک میں امامت کا مستحق کون ہوگا؟,"<p><p style=""text-align:justify;"">میں دوسرے درجے کا طالب علم ہوں غیر شادی شدہ ہوں،عمر 19 سال ہے، اپنی بیٹھک میں جماعت کرواتا ہوں، میرے  چچا شادی شدی دو پاروں کے حافظ، متقی پرہیزگار  اور مجھ سے زیادہ اعمال کے پاپند ہیں، عمر 27 سال ہے، ہم دونوں میں سے کون امامت کا زیادہ مستحق ہے؟</p></p>","<p><p style=""text-align:justify;"">بیٹھک چوں کہ  آپ کے گھر کی ہے تو آپ امامت کے زیادہ مستحق ہیں، باقی اگر خوشی سے اپنے مذکورہ چچا  کو آگے کرنا چاہیں تو شرعًا کوئی حرج نہیں۔</p><p style=""text-align:justify;"">واضح رہے کہ مردوں کے لیے شرعی عذر کے بغیر مسجد کی جماعت چھوڑ کر گھر یا بیٹھک میں  جماعت کرانا درست نہیں ہے، البتہ موجودہ احوال (کرونا وائرس) کی وجہ سے اگر  آپ کے علاقے کی مساجد بند ہیں، یا مخصوص پابندیاں ہیں تو وقتی عارض کی وجہ سے بیٹھک میں جماعت کراسکتے ہیں، جیسے ہی عذر ختم ہوجائے اور علاقے کی مساجد کھل جائیں تو مسجد میں جاکر باجماعت نماز کا اہتمام ضروری ہوگا۔</p><p class=""indent"" style=""text-align:justify;""><span class=""ar_writing"">""وَلَا يُؤَمُّ الرَّجُلُ فِي سُلْطَانِهِ وَلَا يُجْلَسُ عَلَى تَكْرِمَتِهِ فِي بَيْتِهِ إِلَّا بِإِذْنِهِ"".</span></p><p class=""indent"" style=""text-align:left;"">(صحیح مسلم، المساجد ،باب من احق بالامامۃ)</p><p style=""text-align:justify;""><span class=""ar_writing"">المبسوط للسرخسي ـ مشكول (1/ 115):<br/></span></p><p class=""indent"" style=""text-align:justify;""><span class=""ar_writing"">""قَالَ وَيُكْرَهُ لِلرَّجُلِ أَنْ يَؤُمَّ الرَّجُلَ فِي بَيْتِهِ إلَّا بِإِذْنِهِ لِقَوْلِهِ صَلَّى اللَّهُ عَلَيْهِ وَسَلَّمَ : { لَا يُؤَمُّ الرَّجُلُ الرَّجُلَ فِي سُلْطَانِهِ وَلَا يَجْلِسْ عَلَى تَكْرِمَتِهِ إلَّا بِإِذْنِهِ }</span></p><p class=""indent"" style=""text-align:left;"">فقط واللہ اعلم</p></p><hr class=""big-hr""/>",11-05-2020,144109201936,banuri.edu.pk,نماز,نماز کی جماعت,جماعت / امامت,"<div class=""col-md-12 sawal-jawab""><h3 class=""question_heading"">سوال</h3><p><p style=""text-align:justify;"">میں دوسرے درجے کا طالب علم ہوں غیر شادی شدہ ہوں،عمر 19 سال ہے، اپنی بیٹھک میں جماعت کرواتا ہوں، میرے  چچا شادی شدی دو پاروں کے حافظ، متقی پرہیزگار  اور مجھ سے زیادہ اعمال کے پاپند ہیں، عمر 27 سال ہے، ہم دونوں میں سے کون امامت کا زیادہ مستحق ہے؟</p></p><h4 class=""question_heading"">جواب</h4><p><p style=""text-align:justify;"">بیٹھک چوں کہ  آپ کے گھر کی ہے تو آپ امامت کے زیادہ مستحق ہیں، باقی اگر خوشی سے اپنے مذکورہ چچا  کو آگے کرنا چاہیں تو شرعًا کوئی حرج نہیں۔</p><p style=""text-align:justify;"">واضح رہے کہ مردوں کے لیے شرعی عذر کے بغیر مسجد کی جماعت چھوڑ کر گھر یا بیٹھک میں  جماعت کرانا درست نہیں ہے، البتہ موجودہ احوال (کرونا وائرس) کی وجہ سے اگر  آپ کے علاقے کی مساجد بند ہیں، یا مخصوص پابندیاں ہیں تو وقتی عارض کی وجہ سے بیٹھک میں جماعت کراسکتے ہیں، جیسے ہی عذر ختم ہوجائے اور علاقے کی مساجد کھل جائیں تو مسجد میں جاکر باجماعت نماز کا اہتمام ضروری ہوگا۔</p><p class=""indent"" style=""text-align:justify;""><span class=""ar_writing"">""وَلَا يُؤَمُّ الرَّجُلُ فِي سُلْطَانِهِ وَلَا يُجْلَسُ عَلَى تَكْرِمَتِهِ فِي بَيْتِهِ إِلَّا بِإِذْنِهِ"".</span></p><p class=""indent"" style=""text-align:left;"">(صحیح مسلم، المساجد ،باب من احق بالامامۃ)</p><p style=""text-align:justify;""><span class=""ar_writing"">المبسوط للسرخسي ـ مشكول (1/ 115):<br/></span></p><p class=""indent"" style=""text-align:justify;""><span class=""ar_writing"">""قَالَ وَيُكْرَهُ لِلرَّجُلِ أَنْ يَؤُمَّ الرَّجُلَ فِي بَيْتِهِ إلَّا بِإِذْنِهِ لِقَوْلِهِ صَلَّى اللَّهُ عَلَيْهِ وَسَلَّمَ : { لَا يُؤَمُّ الرَّجُلُ الرَّجُلَ فِي سُلْطَانِهِ وَلَا يَجْلِسْ عَلَى تَكْرِمَتِهِ إلَّا بِإِذْنِهِ }</span></p><p class=""indent"" style=""text-align:left;"">فقط واللہ اعلم</p></p><hr class=""big-hr""/><div class=""col-sm-6 col-md-6""><p class=""question_heading"" style=""color:#73161f"">فتویٰ نمبر : <a id=""fatwa_number"">144109201936</a></p></div><div class=""col-sm-6 col-md-6""><p style=""color:#73161f"">دارالافتاء :
                                جامعہ علوم اسلامیہ علامہ محمد یوسف بنوری ٹاؤن</p></div><hr class=""big-hr""/><div class=""col-sm-4 col-md-4""><div class=""tag""><a href=""https://www.banuri.edu.pk/questions/kitab/salat""><i class=""icon-docs-bold""></i> نماز</a></div></div><div class=""col-sm-4 col-md-4""><div class=""tag""><a href=""https://www.banuri.edu.pk/questions/bab/namaz-ki-jamat""><i class=""icon-docs-bold""></i> نماز کی جماعت</a></div></div><div class=""col-sm-4 col-md-4""><div class=""tag""><a href=""https://www.banuri.edu.pk/questions/fasal/jamat-imamat""><i class=""icon-docs-bold""></i> جماعت / امامت</a></div></div></div>"
https://www.banuri.edu.pk/readquestion/ghuzishta-das-salo-ki-zkat-qisto-main-dena-144109201929/11-05-2020,گزشتہ دس سالوں کی زکوٰۃ قسطوں میں دینا,"<p><p style=""text-align:justify;"">میں نے پچھلے 10 سالوں سے زکوٰۃ  نہیں دی کیا میں قسط میں زکوٰۃ ادا کرسکتا ہوں؟</p></p>","<p><p>زکوۃ  ادا کرنے میں بلاعذر تاخیر کرنا مکروہ ہے، اگر سال سے زیادہ بلاعذر تاخیر کی تو ایک قول کے مطابق گناہ گار ہوگا، اور موت تک تاخیر کی تو آخرت کی پکڑ کا باعث ہوگا، البتہ  اگر عذر کی وجہ سے تاخیر ہوجائے تو گنجائش ہے، اور عذر زائل ہوتے  ہی اس کو جلد از جلد ادا کردینا چاہیے؛ کیوں کہ زکوٰۃ  دینی فریضہ ہے اور اس سے جلد سبک دوشی بہترہے۔</p><p>اب گزشتہ دس سالوں کی زکوٰۃ آپ کے ذمہ لازم ہے، اگر یک مشت دینا مشکل ہو تو قسط وار بھی دے سکتے ہیں، گزشتہ سالوں کی زکوٰۃ کا حساب کرلیں اور ہر سال میں ڈھائی فیصد زکوٰۃ نکالیں اور اس مقدار کو  اگلے سال کی زکاۃ   نکالتے وقت منہا کیا جائے گا، اسی طرح آگے کرتے رہیں، مثلا پہلے سال کی زکوٰۃ کا حساب کرنے کے بعد   دوسرے سال  کی زکاۃ کا حساب لگاتے ہوئے کل مالیت میں سے پہلے سال  واجب ہونے والی زکاۃ کی  رقم منہا کر کے چالیسواں حصہ (ڈھائی فیصد) نکالیں، کیوں کہ یہ  ذمہ میں  واجب الادا  قرضہ ہے، اسی طرح تیسرے سال کی زکاۃ کا حساب لگاتے ہوئے کل مالیت میں سے پہلے اور دوسرے  سال  واجب ہونے والی زکاۃ کے برابر رقم منہا کرنے کے بعد پھر چالیسواں حصہ ( ڈھائی فیصد) نکالیں۔</p><p>اور اگر آپ ہر سال زکوٰۃ کا حساب کرتے رہے ہیں لیکن زکوٰۃ ادا نہیں کی ہے تو پھر اسی حساب سے زکوٰۃ کی رقم الگ کرکے نوٹ کرلیں، پھر جس طرح سہولت نکالتے رہیں۔</p><p><span class=""ar_writing"">الفتاوى الهندية  (5 / 14):<br/></span></p><p class=""indent""><span class=""ar_writing"">""وَتَجِبُ عَلَى الْفَوْرِ عِنْدَ تَمَامِ الْحَوْلِ حَتَّى يَأْثَمَ بِتَأْخِيرِهِ مِنْ غَيْرِ عُذْرٍ ، وَفِي رِوَايَةِ الرَّازِيّ عَلَى التَّرَاخِي حَتَّى يَأْثَمَ عِنْدَ الْمَوْتِ ، وَالْأَوَّلُ أَصَحُّ كَذَا فِي التَّهْذِيبِ"".</span> </p><p><strong>بدائع الصنائع  میں ہے:</strong></p><p class=""indent""><span class=""ar_writing"">""وأما وجوب الزكاة فمتعلق بالنصاب إذ الواجب جزء من النصاب، واستحقاق جزء من النصاب يوجب النصاب إذ المستحق كالمصروف … وبيان ذلك أنه إذا كان لرجل مائتا درهم أو عشرين مثقال ذهب فلم يؤد زكاته سنتين يزكي السنة الأولى، وليس عليه للسنة الثانية شيء عند أصحابنا الثلاثة، وعند زفر يؤدي زكاة سنتين، وكذا هذا في مال التجارة، وكذا في السوائم إذا كان له خمس من الإبل السائمة مضى عليها سنتان ولم يؤد زكاتها أنه يؤدي زكاة السنة الأولى وذلك شاة ولا شيء عليه للسنة الثانية، ولو كانت عشراً وحال عليها حولان يجب للسنة الأولى شاتان وللثانية شاة، ولو كانت الإبل خمساً وعشرين يجب للسنة الأولى بنت مخاض وللسنة الثانية أربع شياه. ولو كان له ثلاثون من البقر السوائم يجب للسنة الأولى تبيع أو تبيعة ولا شيء للسنة الثانية وإن كانت أربعين يجب للسنة الأولى مسنة وللثانية تبيع أو تبيعة"".</span></p><p class=""indent"" style=""text-align:left;"">(2/7، کتاب الزکاۃ، ط: سعید)  </p><p class=""indent"" style=""text-align:left;"">فقط واللہ اعلم</p></p><hr class=""big-hr""/>",11-05-2020,144109201929,banuri.edu.pk,زکات,زکوٰۃ / صدقات,ادائے زکوٰۃ,"<div class=""col-md-12 sawal-jawab""><h3 class=""question_heading"">سوال</h3><p><p style=""text-align:justify;"">میں نے پچھلے 10 سالوں سے زکوٰۃ  نہیں دی کیا میں قسط میں زکوٰۃ ادا کرسکتا ہوں؟</p></p><h4 class=""question_heading"">جواب</h4><p><p>زکوۃ  ادا کرنے میں بلاعذر تاخیر کرنا مکروہ ہے، اگر سال سے زیادہ بلاعذر تاخیر کی تو ایک قول کے مطابق گناہ گار ہوگا، اور موت تک تاخیر کی تو آخرت کی پکڑ کا باعث ہوگا، البتہ  اگر عذر کی وجہ سے تاخیر ہوجائے تو گنجائش ہے، اور عذر زائل ہوتے  ہی اس کو جلد از جلد ادا کردینا چاہیے؛ کیوں کہ زکوٰۃ  دینی فریضہ ہے اور اس سے جلد سبک دوشی بہترہے۔</p><p>اب گزشتہ دس سالوں کی زکوٰۃ آپ کے ذمہ لازم ہے، اگر یک مشت دینا مشکل ہو تو قسط وار بھی دے سکتے ہیں، گزشتہ سالوں کی زکوٰۃ کا حساب کرلیں اور ہر سال میں ڈھائی فیصد زکوٰۃ نکالیں اور اس مقدار کو  اگلے سال کی زکاۃ   نکالتے وقت منہا کیا جائے گا، اسی طرح آگے کرتے رہیں، مثلا پہلے سال کی زکوٰۃ کا حساب کرنے کے بعد   دوسرے سال  کی زکاۃ کا حساب لگاتے ہوئے کل مالیت میں سے پہلے سال  واجب ہونے والی زکاۃ کی  رقم منہا کر کے چالیسواں حصہ (ڈھائی فیصد) نکالیں، کیوں کہ یہ  ذمہ میں  واجب الادا  قرضہ ہے، اسی طرح تیسرے سال کی زکاۃ کا حساب لگاتے ہوئے کل مالیت میں سے پہلے اور دوسرے  سال  واجب ہونے والی زکاۃ کے برابر رقم منہا کرنے کے بعد پھر چالیسواں حصہ ( ڈھائی فیصد) نکالیں۔</p><p>اور اگر آپ ہر سال زکوٰۃ کا حساب کرتے رہے ہیں لیکن زکوٰۃ ادا نہیں کی ہے تو پھر اسی حساب سے زکوٰۃ کی رقم الگ کرکے نوٹ کرلیں، پھر جس طرح سہولت نکالتے رہیں۔</p><p><span class=""ar_writing"">الفتاوى الهندية  (5 / 14):<br/></span></p><p class=""indent""><span class=""ar_writing"">""وَتَجِبُ عَلَى الْفَوْرِ عِنْدَ تَمَامِ الْحَوْلِ حَتَّى يَأْثَمَ بِتَأْخِيرِهِ مِنْ غَيْرِ عُذْرٍ ، وَفِي رِوَايَةِ الرَّازِيّ عَلَى التَّرَاخِي حَتَّى يَأْثَمَ عِنْدَ الْمَوْتِ ، وَالْأَوَّلُ أَصَحُّ كَذَا فِي التَّهْذِيبِ"".</span> </p><p><strong>بدائع الصنائع  میں ہے:</strong></p><p class=""indent""><span class=""ar_writing"">""وأما وجوب الزكاة فمتعلق بالنصاب إذ الواجب جزء من النصاب، واستحقاق جزء من النصاب يوجب النصاب إذ المستحق كالمصروف … وبيان ذلك أنه إذا كان لرجل مائتا درهم أو عشرين مثقال ذهب فلم يؤد زكاته سنتين يزكي السنة الأولى، وليس عليه للسنة الثانية شيء عند أصحابنا الثلاثة، وعند زفر يؤدي زكاة سنتين، وكذا هذا في مال التجارة، وكذا في السوائم إذا كان له خمس من الإبل السائمة مضى عليها سنتان ولم يؤد زكاتها أنه يؤدي زكاة السنة الأولى وذلك شاة ولا شيء عليه للسنة الثانية، ولو كانت عشراً وحال عليها حولان يجب للسنة الأولى شاتان وللثانية شاة، ولو كانت الإبل خمساً وعشرين يجب للسنة الأولى بنت مخاض وللسنة الثانية أربع شياه. ولو كان له ثلاثون من البقر السوائم يجب للسنة الأولى تبيع أو تبيعة ولا شيء للسنة الثانية وإن كانت أربعين يجب للسنة الأولى مسنة وللثانية تبيع أو تبيعة"".</span></p><p class=""indent"" style=""text-align:left;"">(2/7، کتاب الزکاۃ، ط: سعید)  </p><p class=""indent"" style=""text-align:left;"">فقط واللہ اعلم</p></p><hr class=""big-hr""/><div class=""col-sm-6 col-md-6""><p class=""question_heading"" style=""color:#73161f"">فتویٰ نمبر : <a id=""fatwa_number"">144109201929</a></p></div><div class=""col-sm-6 col-md-6""><p style=""color:#73161f"">دارالافتاء :
                                جامعہ علوم اسلامیہ علامہ محمد یوسف بنوری ٹاؤن</p></div><hr class=""big-hr""/><div class=""col-sm-4 col-md-4""><div class=""tag""><a href=""https://www.banuri.edu.pk/questions/kitab/zakat""><i class=""icon-docs-bold""></i> زکات</a></div></div><div class=""col-sm-4 col-md-4""><div class=""tag""><a href=""https://www.banuri.edu.pk/questions/bab/zakat-sadaqat""><i class=""icon-docs-bold""></i> زکوٰۃ / صدقات</a></div></div><div class=""col-sm-4 col-md-4""><div class=""tag""><a href=""https://www.banuri.edu.pk/questions/fasal/adaye-zakat""><i class=""icon-docs-bold""></i> ادائے زکوٰۃ</a></div></div></div>"
https://www.banuri.edu.pk/readquestion/shalwar-lambi-honay-ki-waja-say-namaz-say-pehlay-shalwar-oper-ki-janib-say-mor-kar-namaz-parhnay-ka-hukum-144109201855/10-05-2020,شلوار لمبی ہونے کی وجہ سے نماز سے پہلے شلوار اوپر کی جانب سے موڑ کر نماز پڑھنے کا حکم,"<p><p style=""text-align:justify;"">میری شلوار لمبی ہے اور نمازکے لیے میں ناڑے  کی طرف سے موڑ کر اس کو ٹخنے سے اوپر اٹھا تا ہوں، کیا  اس سے نماز مکروہ ہوجاتی ہے ؟</p></p>","<p><p style=""text-align:justify;"">شلوار کے  پائنچے  ٹخنوں سے  نیچے  رکھنا  بقصدِ تکبر حرام، اور بلاقصدِ تکبر مکروہِ تحریمی (ناجائز)ہے،  اگر غیر ارادی طور پر کبھی شلوار کا پائنچہ ٹخنوں سے نیچے لٹک جائے تو  معاف ہے، لیکن جان بوجھ کر ایسا کرنا جائز ہی نہیں ہے، اور شلوار ہی ایسی بنانا کہ پائنچہ ٹخنوں سے نیچے لٹکتا رہے یہ درست نہیں ہے، اور یہ متکبرین کی علامت ہے، اور ٹخنوں کو ڈھانکنا نماز اور غیر نماز ہر حال میں ممنوع ہے، اور نماز میں اس کی حرمت مزید شدید ہوجاتی ہے،   لہذا ایسا لباس ہی نہ بنایا جائے جس میں ٹخنے ڈھکتے ہوں، فقہاءِ  کرام نے ایسا لباس سلوانے کو مکروہ لکھا ہے جس میں مرد کے ٹخنے چھپ جاتے ہوں۔ اور ایسا لباس ہونے کی صورت میں  نماز شروع کرنے سے پہلے شلوار  یا  پینٹ وغیرہ کو اوپر  سے موڑ لینا چاہیے، ورنہ کم ازکم نیچے سے موڑلے، ورنہ نماز کے دوران بھی مکروہِ تحریمی کا ارتکاب لازم آئے گا، لہٰذا اگر کبھی اتفاقاً آپ کی شلوار لمبی ہو تو نماز سے پہلے اسے موڑ کر ٹخنوں سے اوپر کرلینا چاہیے۔</p><p style=""text-align:justify;"">باقی جیسا کہ اوپر ذکر ہوا کہ ایسا لباس بنانا چاہیے جو  موڑے بغیر ٹخنوں سے اوپر ہو اور جو لباس لمبے سلے ہوئے ہوں ان کو بھی اگر درست کرنا ممکن ہو تو درست کرلینا چاہیے، تاکہ نماز کے علاوہ بھی اس مکروہ تحریمی فعل ارتکاب لازم نہ آئے۔</p><p class=""indent"" style=""text-align:justify;""><span class=""ar_writing"">""إن الله  تعالی لایقبل صلاة رجل مسبل"".</span></p><p class=""indent"" style=""text-align:left;""><span class=""ar_writing"">(سنن أبي داؤد، کتاب اللباس، باب ماجاء في إسبال الإزار، النسخة الهندیة۲/۵۶۵، بیت الأفکار رقم:۴۰۸۶)</span></p><p class=""indent"" style=""text-align:justify;"">ترجمہ: بے شک اللہ تعالیٰ کپڑا لٹکانے والے کی نماز قبول نہیں فرماتے۔ (سنن ابی داؤد)</p><p class=""indent"" style=""text-align:justify;""><span class=""ar_writing"">""عن أبي هریرة قال: قال رسول اﷲ صلی الله علیه وسلم: ما أسفل من الکعبین  من الإزار في النار"".</span></p><p class=""indent"" style=""text-align:left;""><span class=""ar_writing"">(صحیح البخاري، کتاب الصلاة، باب ما أسفل من الکعبین ففي النار،۲/۸۶۱، رقم:۵۵۵۹)</span></p><p class=""indent"" style=""text-align:justify;"">ترجمہ: حضرت ابوہریرہ رضی اللہ عنہ سے روایت ہے کہ رسول اللہ صلی اللہ علیہ وسلم نے فرمایا: ٹخنوں سے نیچے جو حصہ تہبند (شلوار وغیرہ) کا ہو، وہ جہنم میں جلے گا۔ (صحیح بخاری)</p><p class=""indent"" style=""text-align:justify;""><span class=""ar_writing"">""عن أبي ذر عن النبي صلی الله  علیه وسلم قال: ثلاثة لایکلمهم الله یوم القیامة: المنان الذي لایعطي شیئاً إلامنّه، والمنفق سلعته بالحلف والفاجر، والمسبل إزاره"".</span></p><p class=""indent"" style=""text-align:left;""><span class=""ar_writing"">(الصحیح لمسلم، کتاب الإیمان، باب بیان غلظ تحریم  إسبال الإزار، النسخة الهندیة۱/۷۱، بیت الأفکار رقم:۱۰۶)</span></p><p class=""indent"" style=""text-align:justify;"">ترجمہ: حضرت ابوذر رضی اللہ عنہ سے روایت ہے کہ نبی کریم صلی اللہ علیہ وسلم نے ارشاد فرمایا: تین لوگوں سے اللہ تعالیٰ قیامت کے دن بات نہیں کریں گے: وہ احسان جتلانے والا، جو کسی کو بھی کوئی چیز دے تو احسان جتلائے۔ اور اپنا سامان جھوٹی قسم کے ذریعے چلانے (بیچنے) والا۔ اور تہبند ٹخنے سے نیچے لٹکانے والا۔</p><p class=""indent"" style=""text-align:justify;""><span class=""ar_writing"">""وینبغي أن یکون الإزار فوق الکعبین"" الخ</span></p><p class=""indent"" style=""text-align:left;""><span class=""ar_writing"">(الفتاوى الهندیة، کتاب الکراهية، الباب التاسع في اللبس، زکریا۵/۳۳۳)  </span></p><p class=""indent"" style=""text-align:justify;""><span class=""ar_writing"">’’مرقاة المفا تیح‘‘ :</span></p><p class=""indent"" style=""text-align:justify;""><span class=""ar_writing"">""ولایجوز الإسبال تحت الکعبین إن کان للخیلاء، وقد نص الشافعی علی أن التحریم مخصوص بالخیلاء؛ لدلالة ظواهر الأحادیث علیها، فإن کان للخیلاء فهو ممنوع منع تحریم"".</span></p><p class=""indent"" style=""text-align:left;""><span class=""ar_writing"">(۸/۱۹۸، کتاب اللباس)</span></p><p class=""indent"" style=""text-align:left;""> فقط واللہ اعلم</p></p><hr class=""big-hr""/>",10-05-2020,144109201855,banuri.edu.pk,نماز,مکروہاتِ نماز,مکروہات نماز,"<div class=""col-md-12 sawal-jawab""><h3 class=""question_heading"">سوال</h3><p><p style=""text-align:justify;"">میری شلوار لمبی ہے اور نمازکے لیے میں ناڑے  کی طرف سے موڑ کر اس کو ٹخنے سے اوپر اٹھا تا ہوں، کیا  اس سے نماز مکروہ ہوجاتی ہے ؟</p></p><h4 class=""question_heading"">جواب</h4><p><p style=""text-align:justify;"">شلوار کے  پائنچے  ٹخنوں سے  نیچے  رکھنا  بقصدِ تکبر حرام، اور بلاقصدِ تکبر مکروہِ تحریمی (ناجائز)ہے،  اگر غیر ارادی طور پر کبھی شلوار کا پائنچہ ٹخنوں سے نیچے لٹک جائے تو  معاف ہے، لیکن جان بوجھ کر ایسا کرنا جائز ہی نہیں ہے، اور شلوار ہی ایسی بنانا کہ پائنچہ ٹخنوں سے نیچے لٹکتا رہے یہ درست نہیں ہے، اور یہ متکبرین کی علامت ہے، اور ٹخنوں کو ڈھانکنا نماز اور غیر نماز ہر حال میں ممنوع ہے، اور نماز میں اس کی حرمت مزید شدید ہوجاتی ہے،   لہذا ایسا لباس ہی نہ بنایا جائے جس میں ٹخنے ڈھکتے ہوں، فقہاءِ  کرام نے ایسا لباس سلوانے کو مکروہ لکھا ہے جس میں مرد کے ٹخنے چھپ جاتے ہوں۔ اور ایسا لباس ہونے کی صورت میں  نماز شروع کرنے سے پہلے شلوار  یا  پینٹ وغیرہ کو اوپر  سے موڑ لینا چاہیے، ورنہ کم ازکم نیچے سے موڑلے، ورنہ نماز کے دوران بھی مکروہِ تحریمی کا ارتکاب لازم آئے گا، لہٰذا اگر کبھی اتفاقاً آپ کی شلوار لمبی ہو تو نماز سے پہلے اسے موڑ کر ٹخنوں سے اوپر کرلینا چاہیے۔</p><p style=""text-align:justify;"">باقی جیسا کہ اوپر ذکر ہوا کہ ایسا لباس بنانا چاہیے جو  موڑے بغیر ٹخنوں سے اوپر ہو اور جو لباس لمبے سلے ہوئے ہوں ان کو بھی اگر درست کرنا ممکن ہو تو درست کرلینا چاہیے، تاکہ نماز کے علاوہ بھی اس مکروہ تحریمی فعل ارتکاب لازم نہ آئے۔</p><p class=""indent"" style=""text-align:justify;""><span class=""ar_writing"">""إن الله  تعالی لایقبل صلاة رجل مسبل"".</span></p><p class=""indent"" style=""text-align:left;""><span class=""ar_writing"">(سنن أبي داؤد، کتاب اللباس، باب ماجاء في إسبال الإزار، النسخة الهندیة۲/۵۶۵، بیت الأفکار رقم:۴۰۸۶)</span></p><p class=""indent"" style=""text-align:justify;"">ترجمہ: بے شک اللہ تعالیٰ کپڑا لٹکانے والے کی نماز قبول نہیں فرماتے۔ (سنن ابی داؤد)</p><p class=""indent"" style=""text-align:justify;""><span class=""ar_writing"">""عن أبي هریرة قال: قال رسول اﷲ صلی الله علیه وسلم: ما أسفل من الکعبین  من الإزار في النار"".</span></p><p class=""indent"" style=""text-align:left;""><span class=""ar_writing"">(صحیح البخاري، کتاب الصلاة، باب ما أسفل من الکعبین ففي النار،۲/۸۶۱، رقم:۵۵۵۹)</span></p><p class=""indent"" style=""text-align:justify;"">ترجمہ: حضرت ابوہریرہ رضی اللہ عنہ سے روایت ہے کہ رسول اللہ صلی اللہ علیہ وسلم نے فرمایا: ٹخنوں سے نیچے جو حصہ تہبند (شلوار وغیرہ) کا ہو، وہ جہنم میں جلے گا۔ (صحیح بخاری)</p><p class=""indent"" style=""text-align:justify;""><span class=""ar_writing"">""عن أبي ذر عن النبي صلی الله  علیه وسلم قال: ثلاثة لایکلمهم الله یوم القیامة: المنان الذي لایعطي شیئاً إلامنّه، والمنفق سلعته بالحلف والفاجر، والمسبل إزاره"".</span></p><p class=""indent"" style=""text-align:left;""><span class=""ar_writing"">(الصحیح لمسلم، کتاب الإیمان، باب بیان غلظ تحریم  إسبال الإزار، النسخة الهندیة۱/۷۱، بیت الأفکار رقم:۱۰۶)</span></p><p class=""indent"" style=""text-align:justify;"">ترجمہ: حضرت ابوذر رضی اللہ عنہ سے روایت ہے کہ نبی کریم صلی اللہ علیہ وسلم نے ارشاد فرمایا: تین لوگوں سے اللہ تعالیٰ قیامت کے دن بات نہیں کریں گے: وہ احسان جتلانے والا، جو کسی کو بھی کوئی چیز دے تو احسان جتلائے۔ اور اپنا سامان جھوٹی قسم کے ذریعے چلانے (بیچنے) والا۔ اور تہبند ٹخنے سے نیچے لٹکانے والا۔</p><p class=""indent"" style=""text-align:justify;""><span class=""ar_writing"">""وینبغي أن یکون الإزار فوق الکعبین"" الخ</span></p><p class=""indent"" style=""text-align:left;""><span class=""ar_writing"">(الفتاوى الهندیة، کتاب الکراهية، الباب التاسع في اللبس، زکریا۵/۳۳۳)  </span></p><p class=""indent"" style=""text-align:justify;""><span class=""ar_writing"">’’مرقاة المفا تیح‘‘ :</span></p><p class=""indent"" style=""text-align:justify;""><span class=""ar_writing"">""ولایجوز الإسبال تحت الکعبین إن کان للخیلاء، وقد نص الشافعی علی أن التحریم مخصوص بالخیلاء؛ لدلالة ظواهر الأحادیث علیها، فإن کان للخیلاء فهو ممنوع منع تحریم"".</span></p><p class=""indent"" style=""text-align:left;""><span class=""ar_writing"">(۸/۱۹۸، کتاب اللباس)</span></p><p class=""indent"" style=""text-align:left;""> فقط واللہ اعلم</p></p><hr class=""big-hr""/><div class=""col-sm-6 col-md-6""><p class=""question_heading"" style=""color:#73161f"">فتویٰ نمبر : <a id=""fatwa_number"">144109201855</a></p></div><div class=""col-sm-6 col-md-6""><p style=""color:#73161f"">دارالافتاء :
                                جامعہ علوم اسلامیہ علامہ محمد یوسف بنوری ٹاؤن</p></div><hr class=""big-hr""/><div class=""col-sm-4 col-md-4""><div class=""tag""><a href=""https://www.banuri.edu.pk/questions/kitab/salat""><i class=""icon-docs-bold""></i> نماز</a></div></div><div class=""col-sm-4 col-md-4""><div class=""tag""><a href=""https://www.banuri.edu.pk/questions/bab/makrohat-e-namaz""><i class=""icon-docs-bold""></i> مکروہاتِ نماز</a></div></div><div class=""col-sm-4 col-md-4""><div class=""tag""><a href=""https://www.banuri.edu.pk/questions/fasal/makrohat-e-namaz""><i class=""icon-docs-bold""></i> مکروہات نماز</a></div></div></div>"
https://www.banuri.edu.pk/readquestion/quran-majeed-yaad-karke-bhol-jane-par-waeed-aur-dubara-yaad-karne-ka-tareqa-144109201835/10-05-2020,قرآن مجید یاد کرکے بھول جانے پر وعید اور دوبارہ یاد کرنے کا طریقہ,"<p><p style=""text-align:justify;"">کوئی بندہ قرآن حفظ کرلے اور پھر بھول جائے تو اس کے بارے میں کیا وعید اور حکم ہے؟</p></p>","<p><p style=""text-align:justify;"">           قرآنِ کریم کو یادکرنے کے بعد جان بوجھ کر بھلادینا انتہائی سخت گناہ ہے، اورایسےشخص کے بارے میں حدیث شریف میں سخت وعیدیں آئی ہیں، چنانچہ مشکوۃ شریف کی روایت میں ہے:</p><p class=""indent"" style=""text-align:justify;""><span class=""ar_writing"">""<strong>عن سعد بن عبادة قال : قال رسول الله صلى الله عليه و سلم: ""ما من امرئ يقرأ القرآن ثم ينساه إلا لقي الله يوم القيامة أجذم"" . رواه أبو داود والدارمي</strong>"".</span></p><p class=""indent"" style=""text-align:justify;"">ترجمہ: حضرت سعد بن عبادہ رضی اللہ تعالیٰ عنہ کہتے ہیں کہ رسولِ کریم صلی اللہ علیہ وآلہ وسلم نے فرمایا: جو شخص قرآنِ  کریم پڑھ کر بھول جائے تو وہ قیامت کے دن اللہ سے اس حال میں ملاقات کرے گا کہ اس کا ہاتھ کٹا ہوا/کوڑھی ہونے کی حالت میں  ہو گا۔</p><p style=""text-align:justify;"">        لہذا  جو شخص اپنی غفلت اور لاپرواہی کی وجہ سے قرآنِ  کریم اتنا بھول جائے کہ بالکل نہ پڑھ سکے وہ اس وعید میں شامل ہے، جو شخص مسلسل اپنی محنت اور عزم سے قرآن کریم کو یادکرتا رہے  اور حافظہ کی کم زوری کی وجہ سے اگر پختگی مضبوط نہ رہ سکی تو امید ہے کہ ان شاء اللہ اس وعید سے محفوظ رہے گا۔</p><p style=""text-align:justify;"">        اگر کوئی شخص قرآنِ مجید یاد کرکے بھول گیا ہو تو اس کو مایوس نہیں ہونا چاہیے، محنت کرکے دوبارہ قرآنِ کریم  یاد کیا جاسکتا ہے،  اس کے لیے مندرجہ ذیل تدابیر اختیار کی جاسکتی ہیں:</p><p class=""indent"" style=""text-align:justify;"">(۱) اگر ممکن ہو تو کسی مدرسہ میں باقاعدہ داخلہ لے کر یاد کرنا شروع کردے۔</p><p class=""indent"" style=""text-align:justify;"">(۲) اگر پورا دن دینا ممکن نہ ہو تو ایک یا دو گھنٹے کے لیے کسی قاری صاحب سے وقت لے کر ان کی نگرانی میں یاد کرنا شروع کردے۔ </p><p class=""indent"" style=""text-align:justify;"">(۳) اگر کسی قاری صاحب کے پاس بیٹھ کر پابندی سے وقت دینے کی ترتیب نہ بن سکے تو  از خود وقت نکال کر روزانہ کی بنیاد ایک رکوع، یا ایک پاؤ یا جس قدر آسان ہو یاد کرنا شروع کردے۔</p><p class=""indent"" style=""text-align:justify;"">(۴) جس قدر قرآن یاد ہوتا جائے اسے سنن و نوافل میں پڑھنے کا اہتمام کرے، اور تحفیظ کی ترتیب کے مطابق جو پارہ یاد کررہے ہوں اسے روزانہ کی بنیاد پر اور پچھلے پاروں میں سے ایک یا دو پارے منزل کی ترتیب پر دہراتا رہے،   اور مکمل یاد ہونے پر ماہِ رمضان میں تراویح میں قرآن سنانے کا اہتمام کرے۔</p><p class=""indent"" style=""text-align:justify;"">(۵) گناہوں سے حافظہ کم زور ہوتا ہے، خصوصاً قران کریم کاحافظ اگر گناہوں سے نہ بچتا ہو تو قرآن بھی بھول جاتا ہے، اس لیے ہر طرح کے گناہ سے بچنے کا اہتمام نہایت ضروری ہے۔ فقط واللہ اعلم</p></p><hr class=""big-hr""/>",10-05-2020,144109201835,banuri.edu.pk,علوم و فنون,متعلقات قرآن کریم,تلاوت کے احکام اور آداب,"<div class=""col-md-12 sawal-jawab""><h3 class=""question_heading"">سوال</h3><p><p style=""text-align:justify;"">کوئی بندہ قرآن حفظ کرلے اور پھر بھول جائے تو اس کے بارے میں کیا وعید اور حکم ہے؟</p></p><h4 class=""question_heading"">جواب</h4><p><p style=""text-align:justify;"">           قرآنِ کریم کو یادکرنے کے بعد جان بوجھ کر بھلادینا انتہائی سخت گناہ ہے، اورایسےشخص کے بارے میں حدیث شریف میں سخت وعیدیں آئی ہیں، چنانچہ مشکوۃ شریف کی روایت میں ہے:</p><p class=""indent"" style=""text-align:justify;""><span class=""ar_writing"">""<strong>عن سعد بن عبادة قال : قال رسول الله صلى الله عليه و سلم: ""ما من امرئ يقرأ القرآن ثم ينساه إلا لقي الله يوم القيامة أجذم"" . رواه أبو داود والدارمي</strong>"".</span></p><p class=""indent"" style=""text-align:justify;"">ترجمہ: حضرت سعد بن عبادہ رضی اللہ تعالیٰ عنہ کہتے ہیں کہ رسولِ کریم صلی اللہ علیہ وآلہ وسلم نے فرمایا: جو شخص قرآنِ  کریم پڑھ کر بھول جائے تو وہ قیامت کے دن اللہ سے اس حال میں ملاقات کرے گا کہ اس کا ہاتھ کٹا ہوا/کوڑھی ہونے کی حالت میں  ہو گا۔</p><p style=""text-align:justify;"">        لہذا  جو شخص اپنی غفلت اور لاپرواہی کی وجہ سے قرآنِ  کریم اتنا بھول جائے کہ بالکل نہ پڑھ سکے وہ اس وعید میں شامل ہے، جو شخص مسلسل اپنی محنت اور عزم سے قرآن کریم کو یادکرتا رہے  اور حافظہ کی کم زوری کی وجہ سے اگر پختگی مضبوط نہ رہ سکی تو امید ہے کہ ان شاء اللہ اس وعید سے محفوظ رہے گا۔</p><p style=""text-align:justify;"">        اگر کوئی شخص قرآنِ مجید یاد کرکے بھول گیا ہو تو اس کو مایوس نہیں ہونا چاہیے، محنت کرکے دوبارہ قرآنِ کریم  یاد کیا جاسکتا ہے،  اس کے لیے مندرجہ ذیل تدابیر اختیار کی جاسکتی ہیں:</p><p class=""indent"" style=""text-align:justify;"">(۱) اگر ممکن ہو تو کسی مدرسہ میں باقاعدہ داخلہ لے کر یاد کرنا شروع کردے۔</p><p class=""indent"" style=""text-align:justify;"">(۲) اگر پورا دن دینا ممکن نہ ہو تو ایک یا دو گھنٹے کے لیے کسی قاری صاحب سے وقت لے کر ان کی نگرانی میں یاد کرنا شروع کردے۔ </p><p class=""indent"" style=""text-align:justify;"">(۳) اگر کسی قاری صاحب کے پاس بیٹھ کر پابندی سے وقت دینے کی ترتیب نہ بن سکے تو  از خود وقت نکال کر روزانہ کی بنیاد ایک رکوع، یا ایک پاؤ یا جس قدر آسان ہو یاد کرنا شروع کردے۔</p><p class=""indent"" style=""text-align:justify;"">(۴) جس قدر قرآن یاد ہوتا جائے اسے سنن و نوافل میں پڑھنے کا اہتمام کرے، اور تحفیظ کی ترتیب کے مطابق جو پارہ یاد کررہے ہوں اسے روزانہ کی بنیاد پر اور پچھلے پاروں میں سے ایک یا دو پارے منزل کی ترتیب پر دہراتا رہے،   اور مکمل یاد ہونے پر ماہِ رمضان میں تراویح میں قرآن سنانے کا اہتمام کرے۔</p><p class=""indent"" style=""text-align:justify;"">(۵) گناہوں سے حافظہ کم زور ہوتا ہے، خصوصاً قران کریم کاحافظ اگر گناہوں سے نہ بچتا ہو تو قرآن بھی بھول جاتا ہے، اس لیے ہر طرح کے گناہ سے بچنے کا اہتمام نہایت ضروری ہے۔ فقط واللہ اعلم</p></p><hr class=""big-hr""/><div class=""col-sm-6 col-md-6""><p class=""question_heading"" style=""color:#73161f"">فتویٰ نمبر : <a id=""fatwa_number"">144109201835</a></p></div><div class=""col-sm-6 col-md-6""><p style=""color:#73161f"">دارالافتاء :
                                جامعہ علوم اسلامیہ علامہ محمد یوسف بنوری ٹاؤن</p></div><hr class=""big-hr""/><div class=""col-sm-4 col-md-4""><div class=""tag""><a href=""https://www.banuri.edu.pk/questions/kitab/uloom-funoon""><i class=""icon-docs-bold""></i> علوم و فنون</a></div></div><div class=""col-sm-4 col-md-4""><div class=""tag""><a href=""https://www.banuri.edu.pk/questions/bab/quran-kareem""><i class=""icon-docs-bold""></i> متعلقات قرآن کریم</a></div></div><div class=""col-sm-4 col-md-4""><div class=""tag""><a href=""https://www.banuri.edu.pk/questions/fasal/tilawat-k-ahkaam-aur-aadab""><i class=""icon-docs-bold""></i> تلاوت کے احکام اور آداب</a></div></div></div>"
https://www.banuri.edu.pk/readquestion/taraweeh-m-choote-hue-aayaat-aik-rakat-m-parhna-144109201934/11-05-2020,تراویح میں چھوٹی ہوئی آیات ایک رکعت میں پڑھنا,"<p><p style=""text-align:justify;"">کیا نمازِ تراویح میں چھوٹی ہوئی آیات کسی ایک رکعت میں اکھٹی کر کے پڑھ سکتے ہیں؟</p></p>","<p><p style=""text-align:justify;"">فقہاءِ کرام نے لکھا ہے کہ اگر تراویح کی نماز میں کوئی آیت یا سورت چھوٹ جائے تو ایسے موقع پر بہتر اور مستحب  یہ ہے کہ  چھوٹی ہوئی آیت یا سورت پڑھنے کے بعد ترتیب سے ہی قرآن پڑھے، لیکن اگر چھوٹی ہوئی آیات زیادہ ہوں اور پیچھے سے چھوٹی ہوئی آیتوں کے ساتھ قرآن کو دوبارہ مکمل ترتیب سے پڑھنا دشوار ہو تو ایک رکعت میں اکٹھی کر کے پڑھنا جائز ہے۔</p><p style=""text-align:justify;""><span class=""ar_writing"">الفتاوى الهندية (1/ 118):<br/></span></p><p class=""indent"" style=""text-align:justify;""><span class=""ar_writing"">""وإذا غلط في القراءة في التراويح فترك سورة أو آية وقرأ ما بعدها فالمستحب له أن يقرأ المتروكة ثم المقروءة ليكون على الترتيب، كذا في فتاوى قاضي خان.""</span></p><p class=""indent"" style=""text-align:left;"">فقط واللہ اعلم</p></p><hr class=""big-hr""/>",11-05-2020,144109201934,banuri.edu.pk,نماز,تراویح,تراویح,"<div class=""col-md-12 sawal-jawab""><h3 class=""question_heading"">سوال</h3><p><p style=""text-align:justify;"">کیا نمازِ تراویح میں چھوٹی ہوئی آیات کسی ایک رکعت میں اکھٹی کر کے پڑھ سکتے ہیں؟</p></p><h4 class=""question_heading"">جواب</h4><p><p style=""text-align:justify;"">فقہاءِ کرام نے لکھا ہے کہ اگر تراویح کی نماز میں کوئی آیت یا سورت چھوٹ جائے تو ایسے موقع پر بہتر اور مستحب  یہ ہے کہ  چھوٹی ہوئی آیت یا سورت پڑھنے کے بعد ترتیب سے ہی قرآن پڑھے، لیکن اگر چھوٹی ہوئی آیات زیادہ ہوں اور پیچھے سے چھوٹی ہوئی آیتوں کے ساتھ قرآن کو دوبارہ مکمل ترتیب سے پڑھنا دشوار ہو تو ایک رکعت میں اکٹھی کر کے پڑھنا جائز ہے۔</p><p style=""text-align:justify;""><span class=""ar_writing"">الفتاوى الهندية (1/ 118):<br/></span></p><p class=""indent"" style=""text-align:justify;""><span class=""ar_writing"">""وإذا غلط في القراءة في التراويح فترك سورة أو آية وقرأ ما بعدها فالمستحب له أن يقرأ المتروكة ثم المقروءة ليكون على الترتيب، كذا في فتاوى قاضي خان.""</span></p><p class=""indent"" style=""text-align:left;"">فقط واللہ اعلم</p></p><hr class=""big-hr""/><div class=""col-sm-6 col-md-6""><p class=""question_heading"" style=""color:#73161f"">فتویٰ نمبر : <a id=""fatwa_number"">144109201934</a></p></div><div class=""col-sm-6 col-md-6""><p style=""color:#73161f"">دارالافتاء :
                                جامعہ علوم اسلامیہ علامہ محمد یوسف بنوری ٹاؤن</p></div><hr class=""big-hr""/><div class=""col-sm-4 col-md-4""><div class=""tag""><a href=""https://www.banuri.edu.pk/questions/kitab/salat""><i class=""icon-docs-bold""></i> نماز</a></div></div><div class=""col-sm-4 col-md-4""><div class=""tag""><a href=""https://www.banuri.edu.pk/questions/bab/taraweeh""><i class=""icon-docs-bold""></i> تراویح</a></div></div><div class=""col-sm-4 col-md-4""><div class=""tag""><a href=""https://www.banuri.edu.pk/questions/fasal/taraweeh""><i class=""icon-docs-bold""></i> تراویح</a></div></div></div>"
https://www.banuri.edu.pk/readquestion/imam-ko-luqma-dene-se-sajda-sahu-ka-hukum-144109201838/10-05-2020,امام کو لقمہ دینے سے سجدہ سہو کا حکم,"<p><p style=""text-align:justify;"">امام کو لقمہ دینے سے امام پر سجدۂ سہو کن صورتوں میں واجب ہے؟</p><p> </p></p>","<p><p style=""text-align:justify;"">فرض نماز میں اپنے امام کو لقمہ دینے سے نماز فاسد نہیں ہوتی، یعنی  اگر امام نماز کے دوران قراءت کرتے ہوئے کوئی آیت بھول جائے، مثلاً پڑھتے پڑھتے اٹک گیا یا پس وپیش میں پڑگیا تو مقتدی (جو اس امام کے پیچھے نماز پڑھ رہا ہے) کے لیے اپنے امام کو لقمہ دینا جائز ہے ، اس سے امام پر سجدہ سہو بھی لازم نہیں آتا، لیکن لقمہ دینے والے کا مقصود  صرف غلطی بتانا ہو،  اپنی قراء ت مقصود نہ ہو ؛ کیوں کہ امام کے پیچھے تلاوت کرنا مکروہِ تحریمی ہے۔</p><p style=""text-align:justify;"">تاہم یہ ملحوظ رہے کہ مقتدی کے لیے امام کو لقمہ دینے (غلطی بتانے)  میں جلدی کرنا مکروہ ہے، اسی طرح امام کے لیے مقتدی کی راہ نمائی اور لقمہ کا انتظار کرنا بھی مکروہ ہے، ایسی صورت میں امام کو چاہیے کہ وہ کسی اور سورت سے ضروری قراء ت کر لے، یا کوئی اور سورت پڑھ لے، یا اگر واجب قراء ت کی مقدار پڑھ لی ہو تو رکوع کرلے۔ اسی طرح مقتدیوں کو بھی چاہیے کہ  جب تک لقمہ دینے کی شدید ضرورت نہ ہو ، امام کو لقمہ نہ دیا کریں، اور شدید ضرورت سے مراد یہ ہے کہ  مثلاً امام ایسی غلطی کرتا جس سے معنیٰ فاسد ہوجاتاہے اور غلط  پڑھ  کر آگے بڑھنا چاہتا ہے یا قراءت بھولنے کی وجہ سے خاموش کھڑا ہے اور رکوع بھی نہیں کررہا تو  اس صورت میں لقمہ دے دیا کریں۔</p><p style=""text-align:justify;""><span class=""ar_writing""> الفتاوى الهندية (1/ 99):<br/></span></p><p class=""indent"" style=""text-align:justify;""><span class=""ar_writing"">""و الصحيح أن ينوي الفتح على إمامه دون القراءة، قالوا: هذا إذا أرتج عليه قبل أن يقرأ قدر ما تجوز به الصلاة، أو بعد ما قرأ ولم يتحول إلى آية أخرى، وأما إذا قرأ أو تحول ففتح عليه تفسد صلاة الفاتح، والصحيح أنها لا تفسد صلاة الفاتح بكل حال ولا صلاة الإمام لو أخذ منه على الصحيح، هكذا في الكافي.</span></p><p class=""indent"" style=""text-align:justify;""><span class=""ar_writing"">ويكره للمقتدي أن يفتح على إمامه من ساعته؛ لجواز أن يتذكر من ساعته فيصير قارئاً خلف الإمام من غير حاجة، كذا في محيط السرخسي. ولاينبغي للإمام أن يلجئهم إلى الفتح؛ لأنه يلجئهم إلى القراءة خلفه وإنه مكروه، بل يركع إن قرأ قدر ما تجوز به الصلاة، وإلا ينتقل إلى آية أخرى، كذا في الكافي. وتفسير الإلجاء: أن يردد الآية أو يقف ساكتاً، كذا في النهاية"".</span></p><p class=""indent"" style=""text-align:left;"">فقط والله اعلم</p></p><hr class=""big-hr""/>",10-05-2020,144109201838,banuri.edu.pk,نماز,سجدہ سہو,سجدہ تلاوت / سجدہ سہو,"<div class=""col-md-12 sawal-jawab""><h3 class=""question_heading"">سوال</h3><p><p style=""text-align:justify;"">امام کو لقمہ دینے سے امام پر سجدۂ سہو کن صورتوں میں واجب ہے؟</p><p> </p></p><h4 class=""question_heading"">جواب</h4><p><p style=""text-align:justify;"">فرض نماز میں اپنے امام کو لقمہ دینے سے نماز فاسد نہیں ہوتی، یعنی  اگر امام نماز کے دوران قراءت کرتے ہوئے کوئی آیت بھول جائے، مثلاً پڑھتے پڑھتے اٹک گیا یا پس وپیش میں پڑگیا تو مقتدی (جو اس امام کے پیچھے نماز پڑھ رہا ہے) کے لیے اپنے امام کو لقمہ دینا جائز ہے ، اس سے امام پر سجدہ سہو بھی لازم نہیں آتا، لیکن لقمہ دینے والے کا مقصود  صرف غلطی بتانا ہو،  اپنی قراء ت مقصود نہ ہو ؛ کیوں کہ امام کے پیچھے تلاوت کرنا مکروہِ تحریمی ہے۔</p><p style=""text-align:justify;"">تاہم یہ ملحوظ رہے کہ مقتدی کے لیے امام کو لقمہ دینے (غلطی بتانے)  میں جلدی کرنا مکروہ ہے، اسی طرح امام کے لیے مقتدی کی راہ نمائی اور لقمہ کا انتظار کرنا بھی مکروہ ہے، ایسی صورت میں امام کو چاہیے کہ وہ کسی اور سورت سے ضروری قراء ت کر لے، یا کوئی اور سورت پڑھ لے، یا اگر واجب قراء ت کی مقدار پڑھ لی ہو تو رکوع کرلے۔ اسی طرح مقتدیوں کو بھی چاہیے کہ  جب تک لقمہ دینے کی شدید ضرورت نہ ہو ، امام کو لقمہ نہ دیا کریں، اور شدید ضرورت سے مراد یہ ہے کہ  مثلاً امام ایسی غلطی کرتا جس سے معنیٰ فاسد ہوجاتاہے اور غلط  پڑھ  کر آگے بڑھنا چاہتا ہے یا قراءت بھولنے کی وجہ سے خاموش کھڑا ہے اور رکوع بھی نہیں کررہا تو  اس صورت میں لقمہ دے دیا کریں۔</p><p style=""text-align:justify;""><span class=""ar_writing""> الفتاوى الهندية (1/ 99):<br/></span></p><p class=""indent"" style=""text-align:justify;""><span class=""ar_writing"">""و الصحيح أن ينوي الفتح على إمامه دون القراءة، قالوا: هذا إذا أرتج عليه قبل أن يقرأ قدر ما تجوز به الصلاة، أو بعد ما قرأ ولم يتحول إلى آية أخرى، وأما إذا قرأ أو تحول ففتح عليه تفسد صلاة الفاتح، والصحيح أنها لا تفسد صلاة الفاتح بكل حال ولا صلاة الإمام لو أخذ منه على الصحيح، هكذا في الكافي.</span></p><p class=""indent"" style=""text-align:justify;""><span class=""ar_writing"">ويكره للمقتدي أن يفتح على إمامه من ساعته؛ لجواز أن يتذكر من ساعته فيصير قارئاً خلف الإمام من غير حاجة، كذا في محيط السرخسي. ولاينبغي للإمام أن يلجئهم إلى الفتح؛ لأنه يلجئهم إلى القراءة خلفه وإنه مكروه، بل يركع إن قرأ قدر ما تجوز به الصلاة، وإلا ينتقل إلى آية أخرى، كذا في الكافي. وتفسير الإلجاء: أن يردد الآية أو يقف ساكتاً، كذا في النهاية"".</span></p><p class=""indent"" style=""text-align:left;"">فقط والله اعلم</p></p><hr class=""big-hr""/><div class=""col-sm-6 col-md-6""><p class=""question_heading"" style=""color:#73161f"">فتویٰ نمبر : <a id=""fatwa_number"">144109201838</a></p></div><div class=""col-sm-6 col-md-6""><p style=""color:#73161f"">دارالافتاء :
                                جامعہ علوم اسلامیہ علامہ محمد یوسف بنوری ٹاؤن</p></div><hr class=""big-hr""/><div class=""col-sm-4 col-md-4""><div class=""tag""><a href=""https://www.banuri.edu.pk/questions/kitab/salat""><i class=""icon-docs-bold""></i> نماز</a></div></div><div class=""col-sm-4 col-md-4""><div class=""tag""><a href=""https://www.banuri.edu.pk/questions/bab/sajda-sahv""><i class=""icon-docs-bold""></i> سجدہ سہو</a></div></div><div class=""col-sm-4 col-md-4""><div class=""tag""><a href=""https://www.banuri.edu.pk/questions/fasal/sajda-tilawat-sajda-sahw""><i class=""icon-docs-bold""></i> سجدہ تلاوت / سجدہ سہو</a></div></div></div>"
https://www.banuri.edu.pk/readquestion/tube-wil-ke-zarye-serab-ki-gai-zameen-main-ushar-ya-nisfe-ushar-144109201837/10-05-2020,شمسی ٹیوب ویل کے ذریعے سیراب کی گئی زمین میں عشر یا نصف عشر کا حکم,"<p><p style=""text-align:justify;""> اگر ایک شخص زمین کو شمسی ٹیوب ویل پر سیراب کرتا ہے۔ اور گندم پر دوائی اور کٹائی کا خرچہ بھی ہو تو کیا اس شخص پر زمین کے ما حاصل کا پورا عشر ہوگا یا نصف عشر ہوگا؟</p></p>","<p><p style=""text-align:justify;"">        ہر وہ زمین  جس کو ایسے پانی سے سیراب کیا جائے  جس میں خرچہ آتا ہو  (مثلاً ٹیوب ویل وغیرہ کے ذریعے) اس میں  نصفِ عشر یعنی پیداوار کا بیسواں حصہ (%5) دینا واجب ہے، اور اگر خرچہ نہ آتا ہو تو اس میں عشر (دسواں حصہ یعنی ٪10) دینا ضروری ہے۔</p><p style=""text-align:justify;"">         باقی پیداوار  پر جو دیگر اخراجات آتے ہیں  ان میں یہ تفصیل ہے:</p><p style=""text-align:justify;"">        وہ اخراجات جو زمین کو کاشت کے قابل بنانے سے لے کر پیداوار حاصل ہونے اور اس کو سنبھالنے تک ہوتے ہیں  یعنی وہ اخراجات جو زراعت کے امور میں سے ہوتے ہیں، مثلاً زمین کو ہم وار کرنے، ٹریکٹر چلانے، مزدور کی اجرت وغیرہ  یہ اخراجات عشر ادا کرنے سے پہلے منہا نہیں کیے جائیں گے، بلکہ عشر  یا نصفِ عشر  اخراجات نکالنے سے پہلے  پوری پیداوار سے ادا کیا جائے گا۔</p><p style=""text-align:justify;"">   لہذا صورتِ مسئولہ میں ٹیوب ویل (اگرچہ وہ شمسی توانائی سے چلتی ہو) کے ذریعے سیراب کی گئی زمین میں نصف عشر (بیسواں حصہ) لازم ہوگا۔</p><p style=""text-align:justify;""><span class=""ar_writing"">الدر المختار وحاشية ابن عابدين (رد المحتار) (2/ 328):<br/></span></p><p class=""indent"" style=""text-align:justify;""><span class=""ar_writing"">""(و) يجب (نصفه في مسقي غرب) أي دلو كبير (ودالية) أي دولاب لكثرة المؤنة وفي كتب الشافعية أو سقاه بماء اشتراه وقواعدنا لاتأباه، ولو سقى سيحاً وبآلة اعتبر الغالب، ولواستويا فنصفه""</span>.</p><p class=""indent"" style=""text-align:left;"">فقط واللہ اعلم</p><p style=""text-align:justify;"">مزیدتفصیل کے لیے درج ذیل لنک پر فتاوی ملاحظہ فرمائیں:</p><p style=""text-align:justify;""><a href=""https://www.banuri.edu.pk/readquestion/%D8%B9%D8%B4%D8%B1%DB%8C-%D8%B2%D9%85%DB%8C%D9%86-%DA%A9%DB%8C-%DA%A9%DA%86%DA%BE-%D8%B5%D9%88%D8%B1%D8%AA%D9%88%DA%BA-%DA%A9%D8%A7-%D8%AD%DA%A9%D9%85/05-05-2019"">عشری زمین کی کچھ صورتوں کا حکم</a></p><p style=""text-align:justify;""><a href=""https://www.banuri.edu.pk/readquestion/%D8%B9%D8%B4%D8%B1-%DA%A9%DB%8C-%D8%A7%D8%AF%D8%A7%D8%A6%DB%8C%DA%AF%DB%8C-%D9%85%DB%8C%DA%BA-%D9%BE%DB%8C%D8%AF%D8%A7%D9%88%D8%A7%D8%B1-%D9%BE%D8%B1-%D8%A2%D9%86%DB%92-%D9%88%D8%A7%D9%84%DB%92-%D8%A7%D9%88%D8%B1-%D9%85%D9%86%DA%88%DB%8C-%D8%AA%DA%A9-%D9%84%DB%92-%D8%AC%D8%A7%D9%86%DB%92-%DA%A9%DB%92-%D8%A7%D8%AE%D8%B1%D8%A7%D8%AC%D8%A7%D8%AA-%D9%85%D9%86%DB%81%D8%A7-%DA%A9%D8%B1%D9%86%DB%92-%DA%A9%DB%8C-%D8%AA%D9%81%D8%B5%DB%8C%D9%84/05-03-2019"">عشر کی ادائیگی میں پیداوار پر آنے والے اور منڈی تک لے جانے کے اخراجات منہا کرنے کی تفصیل</a></p></p><hr class=""big-hr""/>",10-05-2020,144109201837,banuri.edu.pk,زکات,زکوٰۃ / صدقات,عشر و خراج,"<div class=""col-md-12 sawal-jawab""><h3 class=""question_heading"">سوال</h3><p><p style=""text-align:justify;""> اگر ایک شخص زمین کو شمسی ٹیوب ویل پر سیراب کرتا ہے۔ اور گندم پر دوائی اور کٹائی کا خرچہ بھی ہو تو کیا اس شخص پر زمین کے ما حاصل کا پورا عشر ہوگا یا نصف عشر ہوگا؟</p></p><h4 class=""question_heading"">جواب</h4><p><p style=""text-align:justify;"">        ہر وہ زمین  جس کو ایسے پانی سے سیراب کیا جائے  جس میں خرچہ آتا ہو  (مثلاً ٹیوب ویل وغیرہ کے ذریعے) اس میں  نصفِ عشر یعنی پیداوار کا بیسواں حصہ (%5) دینا واجب ہے، اور اگر خرچہ نہ آتا ہو تو اس میں عشر (دسواں حصہ یعنی ٪10) دینا ضروری ہے۔</p><p style=""text-align:justify;"">         باقی پیداوار  پر جو دیگر اخراجات آتے ہیں  ان میں یہ تفصیل ہے:</p><p style=""text-align:justify;"">        وہ اخراجات جو زمین کو کاشت کے قابل بنانے سے لے کر پیداوار حاصل ہونے اور اس کو سنبھالنے تک ہوتے ہیں  یعنی وہ اخراجات جو زراعت کے امور میں سے ہوتے ہیں، مثلاً زمین کو ہم وار کرنے، ٹریکٹر چلانے، مزدور کی اجرت وغیرہ  یہ اخراجات عشر ادا کرنے سے پہلے منہا نہیں کیے جائیں گے، بلکہ عشر  یا نصفِ عشر  اخراجات نکالنے سے پہلے  پوری پیداوار سے ادا کیا جائے گا۔</p><p style=""text-align:justify;"">   لہذا صورتِ مسئولہ میں ٹیوب ویل (اگرچہ وہ شمسی توانائی سے چلتی ہو) کے ذریعے سیراب کی گئی زمین میں نصف عشر (بیسواں حصہ) لازم ہوگا۔</p><p style=""text-align:justify;""><span class=""ar_writing"">الدر المختار وحاشية ابن عابدين (رد المحتار) (2/ 328):<br/></span></p><p class=""indent"" style=""text-align:justify;""><span class=""ar_writing"">""(و) يجب (نصفه في مسقي غرب) أي دلو كبير (ودالية) أي دولاب لكثرة المؤنة وفي كتب الشافعية أو سقاه بماء اشتراه وقواعدنا لاتأباه، ولو سقى سيحاً وبآلة اعتبر الغالب، ولواستويا فنصفه""</span>.</p><p class=""indent"" style=""text-align:left;"">فقط واللہ اعلم</p><p style=""text-align:justify;"">مزیدتفصیل کے لیے درج ذیل لنک پر فتاوی ملاحظہ فرمائیں:</p><p style=""text-align:justify;""><a href=""https://www.banuri.edu.pk/readquestion/%D8%B9%D8%B4%D8%B1%DB%8C-%D8%B2%D9%85%DB%8C%D9%86-%DA%A9%DB%8C-%DA%A9%DA%86%DA%BE-%D8%B5%D9%88%D8%B1%D8%AA%D9%88%DA%BA-%DA%A9%D8%A7-%D8%AD%DA%A9%D9%85/05-05-2019"">عشری زمین کی کچھ صورتوں کا حکم</a></p><p style=""text-align:justify;""><a href=""https://www.banuri.edu.pk/readquestion/%D8%B9%D8%B4%D8%B1-%DA%A9%DB%8C-%D8%A7%D8%AF%D8%A7%D8%A6%DB%8C%DA%AF%DB%8C-%D9%85%DB%8C%DA%BA-%D9%BE%DB%8C%D8%AF%D8%A7%D9%88%D8%A7%D8%B1-%D9%BE%D8%B1-%D8%A2%D9%86%DB%92-%D9%88%D8%A7%D9%84%DB%92-%D8%A7%D9%88%D8%B1-%D9%85%D9%86%DA%88%DB%8C-%D8%AA%DA%A9-%D9%84%DB%92-%D8%AC%D8%A7%D9%86%DB%92-%DA%A9%DB%92-%D8%A7%D8%AE%D8%B1%D8%A7%D8%AC%D8%A7%D8%AA-%D9%85%D9%86%DB%81%D8%A7-%DA%A9%D8%B1%D9%86%DB%92-%DA%A9%DB%8C-%D8%AA%D9%81%D8%B5%DB%8C%D9%84/05-03-2019"">عشر کی ادائیگی میں پیداوار پر آنے والے اور منڈی تک لے جانے کے اخراجات منہا کرنے کی تفصیل</a></p></p><hr class=""big-hr""/><div class=""col-sm-6 col-md-6""><p class=""question_heading"" style=""color:#73161f"">فتویٰ نمبر : <a id=""fatwa_number"">144109201837</a></p></div><div class=""col-sm-6 col-md-6""><p style=""color:#73161f"">دارالافتاء :
                                جامعہ علوم اسلامیہ علامہ محمد یوسف بنوری ٹاؤن</p></div><hr class=""big-hr""/><div class=""col-sm-4 col-md-4""><div class=""tag""><a href=""https://www.banuri.edu.pk/questions/kitab/zakat""><i class=""icon-docs-bold""></i> زکات</a></div></div><div class=""col-sm-4 col-md-4""><div class=""tag""><a href=""https://www.banuri.edu.pk/questions/bab/zakat-sadaqat""><i class=""icon-docs-bold""></i> زکوٰۃ / صدقات</a></div></div><div class=""col-sm-4 col-md-4""><div class=""tag""><a href=""https://www.banuri.edu.pk/questions/fasal/ushr-o-khiraj""><i class=""icon-docs-bold""></i> عشر و خراج</a></div></div></div>"
https://www.banuri.edu.pk/readquestion/kia-phone-pr-talaq-h-jate-h-144109201924/11-05-2020,کیا ٹیلی فون پر طلاق ہو جاتی ہے؟,"<p><p style=""text-align:justify;"">کیا ٹیلی فون پر طلاق ہو جاتی ہے؟</p></p>","<p><p style=""text-align:justify;"">جس طرح براہِ راست آمنے سامنے طلاق دینے سے طلاق واقع ہو جاتی ہے اسی طرح ٹیلی فون پر طلاق کے الفاظ ادا کرنے سے بھی طلاق واقع ہو جاتی ہے۔ فقط واللہ اعلم</p></p><hr class=""big-hr""/>",11-05-2020,144109201924,banuri.edu.pk,طلاق,وقوع طلاق وعدم وقوع طلاق,طلاق - وقوع اور عدم وقوع,"<div class=""col-md-12 sawal-jawab""><h3 class=""question_heading"">سوال</h3><p><p style=""text-align:justify;"">کیا ٹیلی فون پر طلاق ہو جاتی ہے؟</p></p><h4 class=""question_heading"">جواب</h4><p><p style=""text-align:justify;"">جس طرح براہِ راست آمنے سامنے طلاق دینے سے طلاق واقع ہو جاتی ہے اسی طرح ٹیلی فون پر طلاق کے الفاظ ادا کرنے سے بھی طلاق واقع ہو جاتی ہے۔ فقط واللہ اعلم</p></p><hr class=""big-hr""/><div class=""col-sm-6 col-md-6""><p class=""question_heading"" style=""color:#73161f"">فتویٰ نمبر : <a id=""fatwa_number"">144109201924</a></p></div><div class=""col-sm-6 col-md-6""><p style=""color:#73161f"">دارالافتاء :
                                جامعہ علوم اسلامیہ علامہ محمد یوسف بنوری ٹاؤن</p></div><hr class=""big-hr""/><div class=""col-sm-4 col-md-4""><div class=""tag""><a href=""https://www.banuri.edu.pk/questions/kitab/talaaq""><i class=""icon-docs-bold""></i> طلاق</a></div></div><div class=""col-sm-4 col-md-4""><div class=""tag""><a href=""https://www.banuri.edu.pk/questions/bab/wuqoo-e-talaq-o-adme-wuqoo-e-talaq""><i class=""icon-docs-bold""></i> وقوع طلاق وعدم وقوع طلاق</a></div></div><div class=""col-sm-4 col-md-4""><div class=""tag""><a href=""https://www.banuri.edu.pk/questions/fasal/talaq-wuqo-or-adm-e-wuqo""><i class=""icon-docs-bold""></i> طلاق - وقوع اور عدم وقوع</a></div></div></div>"
https://www.banuri.edu.pk/readquestion/salat-ut-tasbeeh-parhnay-ka-hukum-144109201981/12-05-2020,صلاۃ التسبیح کا ثبوت صحیح حدیث سے ہے یا نہیں؟ صلاۃ التسبیح پڑھنے کا حکم,"<p><p style=""text-align:justify;""> صلاۃ التسبیح کی نماز کے بارے میں میں نے بیان سنا ہے کہ صلاۃ تسبیح کی نماز کسی صحیح حدیث سے ثابت نہیں ہے تو کیا صلاۃ التسبیح کی نماز پڑھنا جائز ہے؟ کیا جو حدیث ہے وہ ضعیف ہے یا درست ہے؟</p></p>","<p><p style=""text-align:justify;"">صلاۃ التسبیح صحیح حدیث سے ثابت ہے،  امام ابو عبد اللہ  حافظ نیشاپوری رحمہ اللہ نے اپنی کتاب  ""المستدرک علی الصحیحین"" میں صلاۃ التسبیح والی حدیث کو  ذکر کر کے اس کو صحیح قرار دیا ہے، اور علامہ ذہبی رحمہ اللہ نے اس پر نہ صرف یہ کہ سکوت کیا ہے، بلکہ اس حدیث کے دیگر شواہد بھی پیش کیے ہیں، ملاحظہ ہو:</p><p style=""text-align:justify;""><span class=""ar_writing"">المستدرك على الصحيحين للحاكم (1/ 464):</span></p><p class=""indent"" style=""text-align:justify;""><span class=""ar_writing"">""حدثناه أبو علي الحسين بن علي الحافظ إملاء من أصل كتابه، ثنا أحمد بن داود بن عبد الغفار بمصر، ثنا إسحاق بن كامل، ثنا إدريس بن يحيى، عن حيوة بن شريح، عن يزيد بن أبي حبيب، عن نافع، عن ابن عمر، قال: وجه رسول الله صلى الله عليه وسلم جعفر بن أبي طالب إلى بلاد الحبشة، فلما قدم اعتنقه وقبل بين عينيه، ثم قال: «ألا أهب لك، ألا أبشرك، ألا أمنحك، ألا أتحفك؟» قال: نعم، يا رسول الله. قال: "" تصلي أربع ركعات تقرأ في كل ركعة بالحمد وسورة، ثم تقول بعد القراءة وأنت قائم قبل الركوع: سبحان الله، والحمد لله، ولا إله إلا الله، والله أكبر، ولا حول ولا قوة إلا بالله خمس عشرة مرةً، ثم تركع فتقولهن عشراً تمام هذه الركعة قبل أن تبتدئ بالركعة الثانية، تفعل في الثلاث ركعات كما وصفت لك حتى تتم أربع ركعات. «هذا إسناد صحيح لاغبار عليه، ومما يستدل به على صحة هذا الحديث استعمال الأئمة من أتباع التابعين إلى عصرنا هذا إياه ومواظبتهم عليه وتعليمهن الناس، منهم عبد الله بن المبارك رحمة الله عليه»"".</span></p><p class=""indent"" style=""text-align:justify;""><span class=""ar_writing"">قال الذهبي: أخرجه أبو داود والنسائي، وابن خزيمة في الصحيح ثلاثتهم عن عبد الرحمن بن بشر"".</span></p><p class=""indent"" style=""text-align:left;""><span class=""ar_writing"">(المستدرک مع التلخیص، ج:۱ ص:۳۱۹، ط:دار المعرفة، بیروت )</span></p><p style=""text-align:justify;"">اس روایت میں رسول اللہ ﷺ نے حضرت جعفر بن ابی طالب رضی اللہ عنہ کو بطورِ تحفہ یہ نماز سکھائی۔ اور یہ روایت ابن خزیمہ، ابوداؤد اور نسائی نے بھی نقل کی ہے۔ اس کے علاوہ بھی روایات سے اس کا ثبوت ہے۔ چناں چہ سنن الترمذي (ت شاكر) میں ہے:</p><p class=""indent"" style=""text-align:justify;""><span class=""ar_writing"">481 - حَدَّثَنَا أَحْمَدُ بْنُ مُحَمَّدِ بْنِ مُوسَى قَالَ: أَخْبَرَنَا عَبْدُ اللَّهِ بْنُ المُبَارَكِ قَالَ: أَخْبَرَنَا عِكْرِمَةُ بْنُ عَمَّارٍ قَالَ: حَدَّثَنِي إِسْحَاقُ بْنُ عَبْدِ اللَّهِ بْنِ أَبِي طَلْحَةَ، عَنْ أَنَسِ بْنِ مَالِكٍ، أَنَّ أُمَّ سُلَيْمٍ، غَدَتْ عَلَى النَّبِيِّ صَلَّى اللَّهُ عَلَيْهِ وَسَلَّمَ، فَقَالَتْ: عَلِّمْنِي كَلِمَاتٍ أَقُولُهُنَّ فِي صَلَاتِي، فَقَالَ: «كَبِّرِي اللَّهَ عَشْرًا، وَسَبِّحِي اللَّهَ عَشْرًا، وَاحْمَدِيهِ عَشْرًا، ثُمَّ سَلِي مَا شِئْتِ»، يَقُولُ: نَعَمْ نَعَمْ [ص: 348] وَفِي البَابِ عَنْ ابْنِ عَبَّاسٍ، وَعَبْدِ اللَّهِ بْنِ عَمْرٍو، وَالفَضْلِ بْنِ عَبَّاسٍ، وَأَبِي رَافِعٍ: «حَدِيثُ أَنَسٍ حَدِيثٌ حَسَنٌ غَرِيبٌ»، "" وَقَدْ رُوِيَ عَنِ النَّبِيِّ صَلَّى اللَّهُ عَلَيْهِ وَسَلَّمَ غَيْرُ حَدِيثٍ فِي صَلَاةِ التَّسْبِيحِ، وَلَا يَصِحُّ مِنْهُ كَبِيرُ شَيْءٍ، وَقَدْ رَأَى ابْنُ المُبَارَكِ، وَغَيْرُ وَاحِدٍ مِنْ أَهْلِ العِلْمِ: صَلَاةَ التَّسْبِيحِ وَذَكَرُوا الفَضْلَ فِيهِ ""</span></p><p style=""text-align:justify;""><span class=""ar_writing"">حَدَّثَنَا أَحْمَدُ بْنُ عَبْدَةَ قَالَ: حَدَّثَنَا أَبُو وَهْبٍ، قَالَ: سَأَلْتُ عَبْدَ اللَّهِ بْنَ المُبَارَكِ عَنِ الصَّلَاةِ الَّتِي يُسَبَّحُ فِيهَا؟ فَقَالَ: "" يُكَبِّرُ، ثُمَّ يَقُولُ: سُبْحَانَكَ [ص: 349] اللَّهُمَّ وَبِحَمْدِكَ، وَتَبَارَكَ اسْمُكَ، وَتَعَالَى جَدُّكَ، وَلَا إِلَهَ غَيْرُكَ، ثُمَّ يَقُولُ خَمْسَ عَشْرَةَ مَرَّةً: سُبْحَانَ اللَّهِ، وَالحَمْدُ لِلَّهِ، وَلَا إِلَهَ إِلَّا اللَّهُ، وَاللَّهُ أَكْبَرُ، ثُمَّ يَتَعَوَّذُ، وَيَقْرَأُ: {بِسْمِ اللَّهِ الرَّحْمَنِ الرَّحِيمِ} [الفاتحة: 1]، وَفَاتِحَةَ الكِتَابِ، وَسُورَةً، ثُمَّ يَقُولُ عَشْرَ مَرَّاتٍ: سُبْحَانَ اللَّهِ، وَالحَمْدُ لِلَّهِ، وَلَا إِلَهَ إِلَّا اللَّهُ، وَاللَّهُ أَكْبَرُ، ثُمَّ يَرْكَعُ، فَيَقُولُهَا عَشْرًا، ثُمَّ يَرْفَعُ رَأْسَهُ، فَيَقُولُهَا عَشْرًا، ثُمَّ يَسْجُدُ، فَيَقُولُهَا عَشْرًا، ثُمَّ يَرْفَعُ رَأْسَهُ، فَيَقُولُهَا عَشْرًا، ثُمَّ يَسْجُدُ الثَّانِيَةَ، فَيَقُولُهَا عَشْرًا، يُصَلِّي أَرْبَعَ رَكَعَاتٍ عَلَى هَذَا، فَذَلِكَ خَمْسٌ وَسَبْعُونَ تَسْبِيحَةً فِي كُلِّ رَكْعَةٍ، يَبْدَأُ فِي كُلِّ رَكْعَةٍ بِخَمْسَ عَشْرَةَ تَسْبِيحَةً، ثُمَّ يَقْرَأُ، ثُمَّ يُسَبِّحُ عَشْرًا، فَإِنْ صَلَّى لَيْلًا فَأَحَبُّ إِلَيَّ أَنْ يُسَلِّمَ فِي كُلِّ رَكْعَتَيْنِ، وَإِنْ صَلَّى نَهَارًا فَإِنْ شَاءَ سَلَّمَ وَإِنْ شَاءَ لَمْ يُسَلِّمْ "" قَالَ أَبُو وَهْبٍ: وَأَخْبَرَنِي عَبْدُ العَزِيزِ بْنُ أَبِي رِزْمَةَ، عَنْ عَبْدِ اللَّهِ أَنَّهُ قَالَ: «يَبْدَأُ فِي الرُّكُوعِ بِسُبْحَانَ رَبِيَ العَظِيمِ، وَفِي السُّجُودِ بِسُبْحَانَ رَبِيَ الأَعْلَى ثَلَاثًا، ثُمَّ يُسَبِّحُ التَّسْبِيحَاتِ» [ص: 350] قَالَ أَحْمَدُ بْنُ عَبْدَةَ: وَحَدَّثَنَا وَهْبُ بْنُ زَمْعَةَ قَالَ: أَخْبَرَنِي عَبْدُ العَزِيزِ وَهُوَ ابْنُ أَبِي رِزْمَةَ "" قَالَ: قُلْتُ لِعَبْدِ اللَّهِ بْنِ المُبَارَكِ: إِنْ سَهَا فِيهَا يُسَبِّحُ فِي سَجْدَتَيِ السَّهْوِ عَشْرًا عَشْرًا؟ قَالَ: «لَا، إِنَّمَا هِيَ ثَلَاثُ مِائَةِ تَسْبِيحَةٍ»( ابواب الوتر، بَابُ مَا جَاءَ فِي صَلَاةِ التَّسْبِيحِ، الحديث: 481 ¦ الجزء: 2 ¦ الصفحة: 347)</span></p><p style=""text-align:justify;"">خلاصہ یہ ہے کہ صلاۃ التسبیح نماز صحیح حدیث سے ثابت ہے اور اس نماز کا پڑھنا نہ صرف جائز بلکہ بڑے ثواب کا باعث ہے۔</p><p style=""text-align:justify;"">مزید تفصیل کے  لیے دیکھیے:</p><p class=""indent"" style=""text-align:justify;""><a href=""https://www.banuri.edu.pk/readquestion/%D8%B5%D9%84%D9%88%DB%83-%D8%A7%D9%84%D8%AA%D8%B3%D8%A8%DB%8C%D8%AD-%DA%A9%D8%A7-%D8%AA%D8%B9%D8%A7%D8%B1%D9%81-%D8%A7%DB%81%D9%85%DB%8C%D8%AA-%D9%81%D8%B6%D8%A7%D8%A6%D9%84-%D8%A7%D9%88%D8%B1-%D8%B7%D8%B1%DB%8C%D9%82%DB%81-2/27-07-2018"">صلاۃ التسبیح کا تعارف، اہمیت،فضائل اور طریقہ</a></p><p class=""indent"" style=""text-align:justify;""><a href=""https://www.banuri.edu.pk/readquestion/%D8%B5%D9%84%D8%A7%DB%83-%D8%A7%D9%84%D8%AA%D8%B3%D8%A8%DB%8C%D8%AD-%D9%BE%DA%91%DA%BE%D9%86%DB%92-%DA%A9%D8%A7-%D8%B7%D8%B1%DB%8C%D9%82%DB%81/20-04-2019"">صلاۃ التسبیح پڑھنے کا طریقہ</a></p><p class=""indent"" style=""text-align:left;"">فقط واللہ اعلم</p></p><hr class=""big-hr""/>",12-05-2020,144109201981,banuri.edu.pk,نماز,سنن و نوافل,سنن و نوافل,"<div class=""col-md-12 sawal-jawab""><h3 class=""question_heading"">سوال</h3><p><p style=""text-align:justify;""> صلاۃ التسبیح کی نماز کے بارے میں میں نے بیان سنا ہے کہ صلاۃ تسبیح کی نماز کسی صحیح حدیث سے ثابت نہیں ہے تو کیا صلاۃ التسبیح کی نماز پڑھنا جائز ہے؟ کیا جو حدیث ہے وہ ضعیف ہے یا درست ہے؟</p></p><h4 class=""question_heading"">جواب</h4><p><p style=""text-align:justify;"">صلاۃ التسبیح صحیح حدیث سے ثابت ہے،  امام ابو عبد اللہ  حافظ نیشاپوری رحمہ اللہ نے اپنی کتاب  ""المستدرک علی الصحیحین"" میں صلاۃ التسبیح والی حدیث کو  ذکر کر کے اس کو صحیح قرار دیا ہے، اور علامہ ذہبی رحمہ اللہ نے اس پر نہ صرف یہ کہ سکوت کیا ہے، بلکہ اس حدیث کے دیگر شواہد بھی پیش کیے ہیں، ملاحظہ ہو:</p><p style=""text-align:justify;""><span class=""ar_writing"">المستدرك على الصحيحين للحاكم (1/ 464):</span></p><p class=""indent"" style=""text-align:justify;""><span class=""ar_writing"">""حدثناه أبو علي الحسين بن علي الحافظ إملاء من أصل كتابه، ثنا أحمد بن داود بن عبد الغفار بمصر، ثنا إسحاق بن كامل، ثنا إدريس بن يحيى، عن حيوة بن شريح، عن يزيد بن أبي حبيب، عن نافع، عن ابن عمر، قال: وجه رسول الله صلى الله عليه وسلم جعفر بن أبي طالب إلى بلاد الحبشة، فلما قدم اعتنقه وقبل بين عينيه، ثم قال: «ألا أهب لك، ألا أبشرك، ألا أمنحك، ألا أتحفك؟» قال: نعم، يا رسول الله. قال: "" تصلي أربع ركعات تقرأ في كل ركعة بالحمد وسورة، ثم تقول بعد القراءة وأنت قائم قبل الركوع: سبحان الله، والحمد لله، ولا إله إلا الله، والله أكبر، ولا حول ولا قوة إلا بالله خمس عشرة مرةً، ثم تركع فتقولهن عشراً تمام هذه الركعة قبل أن تبتدئ بالركعة الثانية، تفعل في الثلاث ركعات كما وصفت لك حتى تتم أربع ركعات. «هذا إسناد صحيح لاغبار عليه، ومما يستدل به على صحة هذا الحديث استعمال الأئمة من أتباع التابعين إلى عصرنا هذا إياه ومواظبتهم عليه وتعليمهن الناس، منهم عبد الله بن المبارك رحمة الله عليه»"".</span></p><p class=""indent"" style=""text-align:justify;""><span class=""ar_writing"">قال الذهبي: أخرجه أبو داود والنسائي، وابن خزيمة في الصحيح ثلاثتهم عن عبد الرحمن بن بشر"".</span></p><p class=""indent"" style=""text-align:left;""><span class=""ar_writing"">(المستدرک مع التلخیص، ج:۱ ص:۳۱۹، ط:دار المعرفة، بیروت )</span></p><p style=""text-align:justify;"">اس روایت میں رسول اللہ ﷺ نے حضرت جعفر بن ابی طالب رضی اللہ عنہ کو بطورِ تحفہ یہ نماز سکھائی۔ اور یہ روایت ابن خزیمہ، ابوداؤد اور نسائی نے بھی نقل کی ہے۔ اس کے علاوہ بھی روایات سے اس کا ثبوت ہے۔ چناں چہ سنن الترمذي (ت شاكر) میں ہے:</p><p class=""indent"" style=""text-align:justify;""><span class=""ar_writing"">481 - حَدَّثَنَا أَحْمَدُ بْنُ مُحَمَّدِ بْنِ مُوسَى قَالَ: أَخْبَرَنَا عَبْدُ اللَّهِ بْنُ المُبَارَكِ قَالَ: أَخْبَرَنَا عِكْرِمَةُ بْنُ عَمَّارٍ قَالَ: حَدَّثَنِي إِسْحَاقُ بْنُ عَبْدِ اللَّهِ بْنِ أَبِي طَلْحَةَ، عَنْ أَنَسِ بْنِ مَالِكٍ، أَنَّ أُمَّ سُلَيْمٍ، غَدَتْ عَلَى النَّبِيِّ صَلَّى اللَّهُ عَلَيْهِ وَسَلَّمَ، فَقَالَتْ: عَلِّمْنِي كَلِمَاتٍ أَقُولُهُنَّ فِي صَلَاتِي، فَقَالَ: «كَبِّرِي اللَّهَ عَشْرًا، وَسَبِّحِي اللَّهَ عَشْرًا، وَاحْمَدِيهِ عَشْرًا، ثُمَّ سَلِي مَا شِئْتِ»، يَقُولُ: نَعَمْ نَعَمْ [ص: 348] وَفِي البَابِ عَنْ ابْنِ عَبَّاسٍ، وَعَبْدِ اللَّهِ بْنِ عَمْرٍو، وَالفَضْلِ بْنِ عَبَّاسٍ، وَأَبِي رَافِعٍ: «حَدِيثُ أَنَسٍ حَدِيثٌ حَسَنٌ غَرِيبٌ»، "" وَقَدْ رُوِيَ عَنِ النَّبِيِّ صَلَّى اللَّهُ عَلَيْهِ وَسَلَّمَ غَيْرُ حَدِيثٍ فِي صَلَاةِ التَّسْبِيحِ، وَلَا يَصِحُّ مِنْهُ كَبِيرُ شَيْءٍ، وَقَدْ رَأَى ابْنُ المُبَارَكِ، وَغَيْرُ وَاحِدٍ مِنْ أَهْلِ العِلْمِ: صَلَاةَ التَّسْبِيحِ وَذَكَرُوا الفَضْلَ فِيهِ ""</span></p><p style=""text-align:justify;""><span class=""ar_writing"">حَدَّثَنَا أَحْمَدُ بْنُ عَبْدَةَ قَالَ: حَدَّثَنَا أَبُو وَهْبٍ، قَالَ: سَأَلْتُ عَبْدَ اللَّهِ بْنَ المُبَارَكِ عَنِ الصَّلَاةِ الَّتِي يُسَبَّحُ فِيهَا؟ فَقَالَ: "" يُكَبِّرُ، ثُمَّ يَقُولُ: سُبْحَانَكَ [ص: 349] اللَّهُمَّ وَبِحَمْدِكَ، وَتَبَارَكَ اسْمُكَ، وَتَعَالَى جَدُّكَ، وَلَا إِلَهَ غَيْرُكَ، ثُمَّ يَقُولُ خَمْسَ عَشْرَةَ مَرَّةً: سُبْحَانَ اللَّهِ، وَالحَمْدُ لِلَّهِ، وَلَا إِلَهَ إِلَّا اللَّهُ، وَاللَّهُ أَكْبَرُ، ثُمَّ يَتَعَوَّذُ، وَيَقْرَأُ: {بِسْمِ اللَّهِ الرَّحْمَنِ الرَّحِيمِ} [الفاتحة: 1]، وَفَاتِحَةَ الكِتَابِ، وَسُورَةً، ثُمَّ يَقُولُ عَشْرَ مَرَّاتٍ: سُبْحَانَ اللَّهِ، وَالحَمْدُ لِلَّهِ، وَلَا إِلَهَ إِلَّا اللَّهُ، وَاللَّهُ أَكْبَرُ، ثُمَّ يَرْكَعُ، فَيَقُولُهَا عَشْرًا، ثُمَّ يَرْفَعُ رَأْسَهُ، فَيَقُولُهَا عَشْرًا، ثُمَّ يَسْجُدُ، فَيَقُولُهَا عَشْرًا، ثُمَّ يَرْفَعُ رَأْسَهُ، فَيَقُولُهَا عَشْرًا، ثُمَّ يَسْجُدُ الثَّانِيَةَ، فَيَقُولُهَا عَشْرًا، يُصَلِّي أَرْبَعَ رَكَعَاتٍ عَلَى هَذَا، فَذَلِكَ خَمْسٌ وَسَبْعُونَ تَسْبِيحَةً فِي كُلِّ رَكْعَةٍ، يَبْدَأُ فِي كُلِّ رَكْعَةٍ بِخَمْسَ عَشْرَةَ تَسْبِيحَةً، ثُمَّ يَقْرَأُ، ثُمَّ يُسَبِّحُ عَشْرًا، فَإِنْ صَلَّى لَيْلًا فَأَحَبُّ إِلَيَّ أَنْ يُسَلِّمَ فِي كُلِّ رَكْعَتَيْنِ، وَإِنْ صَلَّى نَهَارًا فَإِنْ شَاءَ سَلَّمَ وَإِنْ شَاءَ لَمْ يُسَلِّمْ "" قَالَ أَبُو وَهْبٍ: وَأَخْبَرَنِي عَبْدُ العَزِيزِ بْنُ أَبِي رِزْمَةَ، عَنْ عَبْدِ اللَّهِ أَنَّهُ قَالَ: «يَبْدَأُ فِي الرُّكُوعِ بِسُبْحَانَ رَبِيَ العَظِيمِ، وَفِي السُّجُودِ بِسُبْحَانَ رَبِيَ الأَعْلَى ثَلَاثًا، ثُمَّ يُسَبِّحُ التَّسْبِيحَاتِ» [ص: 350] قَالَ أَحْمَدُ بْنُ عَبْدَةَ: وَحَدَّثَنَا وَهْبُ بْنُ زَمْعَةَ قَالَ: أَخْبَرَنِي عَبْدُ العَزِيزِ وَهُوَ ابْنُ أَبِي رِزْمَةَ "" قَالَ: قُلْتُ لِعَبْدِ اللَّهِ بْنِ المُبَارَكِ: إِنْ سَهَا فِيهَا يُسَبِّحُ فِي سَجْدَتَيِ السَّهْوِ عَشْرًا عَشْرًا؟ قَالَ: «لَا، إِنَّمَا هِيَ ثَلَاثُ مِائَةِ تَسْبِيحَةٍ»( ابواب الوتر، بَابُ مَا جَاءَ فِي صَلَاةِ التَّسْبِيحِ، الحديث: 481 ¦ الجزء: 2 ¦ الصفحة: 347)</span></p><p style=""text-align:justify;"">خلاصہ یہ ہے کہ صلاۃ التسبیح نماز صحیح حدیث سے ثابت ہے اور اس نماز کا پڑھنا نہ صرف جائز بلکہ بڑے ثواب کا باعث ہے۔</p><p style=""text-align:justify;"">مزید تفصیل کے  لیے دیکھیے:</p><p class=""indent"" style=""text-align:justify;""><a href=""https://www.banuri.edu.pk/readquestion/%D8%B5%D9%84%D9%88%DB%83-%D8%A7%D9%84%D8%AA%D8%B3%D8%A8%DB%8C%D8%AD-%DA%A9%D8%A7-%D8%AA%D8%B9%D8%A7%D8%B1%D9%81-%D8%A7%DB%81%D9%85%DB%8C%D8%AA-%D9%81%D8%B6%D8%A7%D8%A6%D9%84-%D8%A7%D9%88%D8%B1-%D8%B7%D8%B1%DB%8C%D9%82%DB%81-2/27-07-2018"">صلاۃ التسبیح کا تعارف، اہمیت،فضائل اور طریقہ</a></p><p class=""indent"" style=""text-align:justify;""><a href=""https://www.banuri.edu.pk/readquestion/%D8%B5%D9%84%D8%A7%DB%83-%D8%A7%D9%84%D8%AA%D8%B3%D8%A8%DB%8C%D8%AD-%D9%BE%DA%91%DA%BE%D9%86%DB%92-%DA%A9%D8%A7-%D8%B7%D8%B1%DB%8C%D9%82%DB%81/20-04-2019"">صلاۃ التسبیح پڑھنے کا طریقہ</a></p><p class=""indent"" style=""text-align:left;"">فقط واللہ اعلم</p></p><hr class=""big-hr""/><div class=""col-sm-6 col-md-6""><p class=""question_heading"" style=""color:#73161f"">فتویٰ نمبر : <a id=""fatwa_number"">144109201981</a></p></div><div class=""col-sm-6 col-md-6""><p style=""color:#73161f"">دارالافتاء :
                                جامعہ علوم اسلامیہ علامہ محمد یوسف بنوری ٹاؤن</p></div><hr class=""big-hr""/><div class=""col-sm-4 col-md-4""><div class=""tag""><a href=""https://www.banuri.edu.pk/questions/kitab/salat""><i class=""icon-docs-bold""></i> نماز</a></div></div><div class=""col-sm-4 col-md-4""><div class=""tag""><a href=""https://www.banuri.edu.pk/questions/bab/nawafil""><i class=""icon-docs-bold""></i> سنن و نوافل</a></div></div><div class=""col-sm-4 col-md-4""><div class=""tag""><a href=""https://www.banuri.edu.pk/questions/fasal/sunan-o-nawafi""><i class=""icon-docs-bold""></i> سنن و نوافل</a></div></div></div>"
https://www.banuri.edu.pk/readquestion/deni-masail-main-aalim-bete-se-gher-aalim-walid-ka-behs-karna-144109201976/12-05-2020,دینی مسائل میں عالم بیٹے سے غیر عالم والد کا  بحث کرنا,"<p><p style=""text-align:justify;""> کیا دینی مسائل میں عالم بیٹے سے غیر عالم والد کے لیے بحث کرنا درست ہے؟   واضح رہے کہ والد صاحب کا کہنا ہے کہ ہم تو بیٹا سمجھ کر بات کر رہے ہیں!</p></p>","<p><p style=""text-align:justify;"">واضح رہے کہ شریعت مطہرہ میں والد کے ادب واحترام کی بہت تاکید بیان کی گئی ہے، والدین کے سامنے اونچی آواز میں بات کرنے، انہیں جھڑکنے، برا بھلا کہنے یہاں تک کہ ”اُف“ تک کہنے سے منع کیا گیا ہے، والدین کی نافرمانی اور ان کے دل دکھانے کو کبیرہ گناہ قرار دیا گیا ہے، اس لیے والد کا ادب و احترام بہر صورت لازم ہے اگرچہ وہ عالم نہ ہوں، بلکہ عالمِ دین بیٹا   چوں کہ والدین کے حقوق  کا علم بھی رکھتا ہے؛ اس لیے اسے تو بالخصوص اور بھی زیادہ والد کا ادب واحترام کرنا چاہیے۔</p><p style=""text-align:justify;"">اگر کبھی والد کسی مسئلہ میں بات کریں تو  ان کی بات کو بحث ومباحثہ کا رنگ دینے اور  انہیں جھڑکنے کے بجائے حکمت، بصیرت اور عام فہم دلائل سے درست  مسئلہ سمجھا دینا چاہیے،  ممکن ہے کہ والد کوئی مسئلہ سمجھنا چاہ رہے ہوں، یا انہیں کسی نے غلط مسئلہ بتایا ہو، یا ان کے ذہن میں کوئی اشتباہ ہو تو عالم بیٹے کی ذمہ داری ہے وہ نہایت احترام سے والد کی مکمل بات سن کر اپنے  دینی اور شرعی فریضہ کی ادائیگی کرتے ہوئے انہیں درست مسئلہ بتائے اور اس طرح سمجھائے کہ انہیں تسلی ہوجائے، لیکن ان سے الجھنے سے گریز کرے۔ فقط واللہ اعلم</p></p><hr class=""big-hr""/>",12-05-2020,144109201976,banuri.edu.pk,حقوق و آدابِ معاشرت,حقوق,والدین کے حقوق,"<div class=""col-md-12 sawal-jawab""><h3 class=""question_heading"">سوال</h3><p><p style=""text-align:justify;""> کیا دینی مسائل میں عالم بیٹے سے غیر عالم والد کے لیے بحث کرنا درست ہے؟   واضح رہے کہ والد صاحب کا کہنا ہے کہ ہم تو بیٹا سمجھ کر بات کر رہے ہیں!</p></p><h4 class=""question_heading"">جواب</h4><p><p style=""text-align:justify;"">واضح رہے کہ شریعت مطہرہ میں والد کے ادب واحترام کی بہت تاکید بیان کی گئی ہے، والدین کے سامنے اونچی آواز میں بات کرنے، انہیں جھڑکنے، برا بھلا کہنے یہاں تک کہ ”اُف“ تک کہنے سے منع کیا گیا ہے، والدین کی نافرمانی اور ان کے دل دکھانے کو کبیرہ گناہ قرار دیا گیا ہے، اس لیے والد کا ادب و احترام بہر صورت لازم ہے اگرچہ وہ عالم نہ ہوں، بلکہ عالمِ دین بیٹا   چوں کہ والدین کے حقوق  کا علم بھی رکھتا ہے؛ اس لیے اسے تو بالخصوص اور بھی زیادہ والد کا ادب واحترام کرنا چاہیے۔</p><p style=""text-align:justify;"">اگر کبھی والد کسی مسئلہ میں بات کریں تو  ان کی بات کو بحث ومباحثہ کا رنگ دینے اور  انہیں جھڑکنے کے بجائے حکمت، بصیرت اور عام فہم دلائل سے درست  مسئلہ سمجھا دینا چاہیے،  ممکن ہے کہ والد کوئی مسئلہ سمجھنا چاہ رہے ہوں، یا انہیں کسی نے غلط مسئلہ بتایا ہو، یا ان کے ذہن میں کوئی اشتباہ ہو تو عالم بیٹے کی ذمہ داری ہے وہ نہایت احترام سے والد کی مکمل بات سن کر اپنے  دینی اور شرعی فریضہ کی ادائیگی کرتے ہوئے انہیں درست مسئلہ بتائے اور اس طرح سمجھائے کہ انہیں تسلی ہوجائے، لیکن ان سے الجھنے سے گریز کرے۔ فقط واللہ اعلم</p></p><hr class=""big-hr""/><div class=""col-sm-6 col-md-6""><p class=""question_heading"" style=""color:#73161f"">فتویٰ نمبر : <a id=""fatwa_number"">144109201976</a></p></div><div class=""col-sm-6 col-md-6""><p style=""color:#73161f"">دارالافتاء :
                                جامعہ علوم اسلامیہ علامہ محمد یوسف بنوری ٹاؤن</p></div><hr class=""big-hr""/><div class=""col-sm-4 col-md-4""><div class=""tag""><a href=""https://www.banuri.edu.pk/questions/kitab/huqooq-muashret""><i class=""icon-docs-bold""></i> حقوق و آدابِ معاشرت</a></div></div><div class=""col-sm-4 col-md-4""><div class=""tag""><a href=""https://www.banuri.edu.pk/questions/bab/bahmi-huqooq""><i class=""icon-docs-bold""></i> حقوق</a></div></div><div class=""col-sm-4 col-md-4""><div class=""tag""><a href=""https://www.banuri.edu.pk/questions/fasal/walidayn-k-huqoq""><i class=""icon-docs-bold""></i> والدین کے حقوق</a></div></div></div>"
https://www.banuri.edu.pk/readquestion/musahfa-ka-hukum-mustahab-ka-mana-144109202132/13-05-2020,مصافحے کا حکم اور مستحب کا معنی,"<p><p style=""text-align:justify;"">ہاتھ ملانا سنت ہے،  فرض ہے، نفل ہے یا مستحب ہے؟ مستحب کا کیا مطلب ہے؟</p></p>","<p><p style=""text-align:justify;"">مستحب کا معنی ہے وہ عمل جو رسول اللہ ﷺ یا صحابہ کرام رضی اللہ عنہم سے ثابت ہو، لیکن اس پر رسول اللہ ﷺ یا صحابہ کرام رضی اللہ عنہم نے پابندی نہ فرمائی ہو، کبھی وہ عمل کیا ہو اور کبھی چھوڑ دیا ہو۔</p><p style=""text-align:justify;"">ملاقات کے وقت سلام کرتے ہوئے مصافحہ کرنا سنت ہے اور حدیث شریف میں مصافحہ کو سلام کی تکمیل قرار دیا گیا ہے،  حضرت انس رضی اللہ عنہ سے مروی ہے کہ آپ صلی اللہ علیہ و سلم نے فرمایا: جب دو مسلمان آپس میں ملتے ہیں اور ایک دوسرے سے مصافحہ کرتے ہیں تو اللہ تعالیٰ پر یہ حق ہو جاتا ہے کہ ان کی دعاؤں کو سنے اور دونوں ہاتھوں کے الگ ہونے سے پہلے اُن کی مغفرت فرما دے۔ (مجمع الزوائد: 36/8، دارالکتب)</p><p style=""text-align:justify;"">مصافحہ دونوں ہاتھوں سے کرنا سنت  اور افضل ہے، اس طرح کہ دونوں ہاتھوں سے ایک دوسرے کی ہتھیلیاں آپس میں ملائی جائیں، اِمام بخاریؒ نے بخاری شریف میں دونوں ہاتھوں سے مصافحہ کے ثبوت کے لیے باقاعدہ ایک ترجمۃ الباب قائم فرمایا ہے، اور اُس کے تحت حضرت ابن مسعود رضی اللہ عنہ کی  روایت نقل فرمائی ہے جس میں آپ ﷺ کا دونوں ہاتھوں سے مصافحہ کرنے کا ذکر ہے،   تاہم کسی عذر کی وجہ سے  ایک ہاتھ سے مصافحہ  کرنے میں  بھی مضائقہ نہیں۔ البتہ مصافحہ کرتے وقت مندرجہ ذیل آداب کا خیال رکھنا چاہیے:</p><p style=""text-align:justify;""> (1) پہلے سلام اور پھر مصافحہ کرنا چاہیے، کیوں کہ سلام کے بغیر صرف مصافحہ خلافِ سنت ہے۔ (مصنف ابن ابی شیبہ: 248/5، دارالکتب)</p><p style=""text-align:justify;"">(2) مشغولی کے وقت مصافحہ نہیں کرنا چاہیے۔ (آداب المعاشرت: 59،مکتبۃ العلم)</p><p style=""text-align:justify;""> (3) جو شخص تیزی سے جا رہا ہو اُس کو مصافحہ کے لیے نہ روکنا چاہیے؛ تاکہ اس کا کوئی حرج نہ ہو۔ (آداب المعاشرت: 48)</p><p style=""text-align:justify;""> (4) مجلس میں سب لوگوں کی بجائے صرف اُسی آدمی سے مصافحہ پر اکتفا کیا جائے جس کے ساتھ ملاقات کا ارادہ ہو، البتہ اگر باقی لوگوں کے ساتھ بھی واقفیت ہو تو ان سب سے مصافحہ کرنے میں بھی کوئی حرج نہیں۔ (آداب المعاشرت: 48)</p><p style=""text-align:justify;"">(5) مصافحہ پہلی ملاقات کے وقت یا رخصت ہوتے ہوئے کرنا چاہیے۔ (آداب المعاشرت:49، مکتبۃ العلم)</p><p style=""text-align:justify;"">(6) مصافحہ کرتے وقت دوسرے کی راحت کا خیال رکھنا چاہیے۔ (آداب المعاشرت: 53، مکتبۃ العلم)</p><p style=""text-align:justify;"">(7) مصافحہ دونوں ہاتھوں سے کرنا چاہیے۔ (صحیح بخاری: 926/2،قدیمی)</p><p style=""text-align:justify;"">الدر المختار مع رد المحتار میں ہے:</p><p class=""indent"" style=""text-align:justify;""><span class=""ar_writing"">""(ومستحبه) ويسمى مندوبًا وأدبًا وفضيلة، وهو ما فعله النبي صلى الله عليه وسلم مرةً وتركه أخرى، وما أحبه السلف.""</span></p><p style=""text-align:justify;""><span class=""ar_writing"">و في الرد :</span></p><p class=""indent"" style=""text-align:justify;""><span class=""ar_writing"">""(قوله: وهو إلخ) يرد عليه ما رغب فيه عليه الصلاة والسلام ولم يفعله؛ فالأولى ما في التحرير أن ما واظب عليه مع ترك ما بلا عذر سنة، وما لم يواظب عليه مندوب ومستحب وإن لم يفعله بعد ما رغب فيه اهـ بحر.</span></p><p class=""indent"" style=""text-align:justify;""><span class=""ar_writing"">ويسلم على الواحد بلفظ الجماعة وكذا الرد، ولايزيد الراد على وبركاته.</span></p><p class=""indent"" style=""text-align:justify;""><span class=""ar_writing""> (قوله: بلفظ الجماعة)؛ لأن مع كل واحد حافظين كراماً كاتبين، فكل واحد كأنه ثلاثة، تتارخانية (قوله: ولايزيد الراد على وبركاته) قال في التتارخانية: والأفضل للمسلم أن يقول: السلام عليكم ورحمة الله وبركاته، والمجيب كذلك يرد، ولاينبغي أن يزاد على البركات شيء اهـ. ويأتي بواو العطف في وعليكم، وإن حذفها أجزأه وإن قال المبتدئ: سلام عليكم أو السلام عليكم، فللمجيب أن يقول في الصورتين سلام عليكم أو السلام عليكم ولكن الألف واللام أولى اهـ"".</span></p><p class=""indent"" style=""text-align:left;""><span class=""ar_writing"">(الدر المختار وحاشية ابن عابدين (رد المحتار) (6/ 414)<br/></span></p><p class=""indent"" style=""text-align:justify;""><span class=""ar_writing"">""(كالمصافحة) أي كما تجوز المصافحة؛ لأنها سنة قديمة متواترة؛ لقوله عليه الصلاة والسلام: «من صافح أخاه المسلم وحرك يده تناثرت ذنوبه»، وإطلاق المصنف تبعاً للدرر والكنز والوقاية والنقاية والمجمع والملتقى وغيره يفيد جوازها مطلقاً ولو بعد العصر، وقولهم: إنه بدعة أي مباحة حسنة كما أفاده النووي في أذكاره وغيره في غيره، وعليه يحمل ما نقله عنه شارح المجمع من أنها بعد الفجر والعصر ليس بشيء توفيقاً فتأمله. وفي القنية: السنة في المصافحة بكلتا يديه، وتمامه فيما علقته على الملتقى.</span></p><p class=""indent"" style=""text-align:justify;""><span class=""ar_writing""> (قوله: لقوله عليه الصلاة والسلام  إلخ) كذا في الهداية، وفي شرحها للعيني: قال النبي صلى الله عليه وسلم : «إن المؤمن إذا لقي المؤمن فسلم عليه وأخذ بيده فصافحه تناثرت خطاياهما كما يتناثر ورق الشجر». رواه الطبراني والبيهقي.</span></p><p class=""indent"" style=""text-align:justify;""><span class=""ar_writing"">(قوله: كما أفاده النووي في أذكاره) حيث قال: اعلم أن المصافحة مستحبة عند كل لقاء، وأما ما اعتاده الناس من المصافحة بعد صلاة الصبح والعصر، فلا أصل له في الشرع على هذا الوجه، ولكن لا بأس به؛ فإن أصل المصافحة سنة، وكونهم حافظوا عليها في بعض الأحوال، وفرطوا في كثير من الأحوال أو أكثرها لا يخرج ذلك البعض عن كونه من المصافحة التي ورد الشرع بأصلها اهـ قال الشيخ أبو الحسن البكري: وتقييده بما بعد الصبح والعصر على عادة كانت في زمنه، وإلا فعقب الصلوات كلها كذلك، كذا في رسالة الشرنبلالي في المصافحة ... (قوله: وتمامه إلخ) ونصه: وهي إلصاق صفحة الكف بالكف وإقبال الوجه بالوجه، فأخذ الأصابع ليس بمصافحة خلافاً للروافض، والسنة أن تكون بكلتا يديه، وبغير حائل من ثوب أو غيره وعند اللقاء بعد السلام وأن يأخذ الإبهام، فإن فيه عرقاً ينبت المحبة، كذا جاء في الحديث، ذكره القهستاني وغيره اهـ"".</span></p><p class=""indent"" style=""text-align:left;""><span class=""ar_writing"">(الدر المختار وحاشية ابن عابدين (رد المحتار) (6/ 381)<br/></span></p><p class=""indent"" style=""text-align:justify;""><span class=""ar_writing"">""باب الأخذ باليدين وصافح حماد بن زيد، ابن المبارك بيديه</span></p><p class=""indent"" style=""text-align:justify;""><span class=""ar_writing"">حدثنا أبو نعيم، حدثنا سيف، قال: سمعت مجاهداً يقول: حدثني عبد الله بن سخبرة أبو معمر قال: سمعت ابن مسعود، يقول: علمني رسول الله صلى الله عليه وسلم، وكفي بين كفيه، التشهد، كما يعلمني السورة من القرآن: «التحيات لله، والصلوات والطيبات، السلام عليك أيها النبي ورحمة الله وبركاته، السلام علينا وعلى عباد الله الصالحين، أشهد أن لاإله إلا الله، وأشهد أن محمداً عبده ورسوله»، وهو بين ظهرانينا، فلما قبض قلنا: السلام - يعني - على النبي صلى الله عليه وسلم"".</span></p><p class=""indent"" style=""text-align:left;""><span class=""ar_writing"">(صحيح البخاري (8/ 59)<br/></span></p><p class=""indent"" style=""text-align:justify;""><span class=""ar_writing"">""قوله : (الأخذ باليد) اللام فيه للجنس. فلا تثبت الوحدة، والحق فيه أن مضافحته ﷺ ثابتة باليد و باليدين، إلا أن المصافحة بيد واحدة لما كانت شعار أهل الأفرنج وجب تركه لذلك"".</span></p><p class=""indent"" style=""text-align:left;""><span class=""ar_writing"">(الكوكب الدري (۳/۳۹۲،  ندوة العلماء لکهنو)</span></p><p class=""indent"" style=""text-align:left;"">فقط واللہ اعلم</p></p><hr class=""big-hr""/>",13-05-2020,144109202132,banuri.edu.pk,حقوق و آدابِ معاشرت,آدابِ معاشرت,سلام کے احکام و آداب,"<div class=""col-md-12 sawal-jawab""><h3 class=""question_heading"">سوال</h3><p><p style=""text-align:justify;"">ہاتھ ملانا سنت ہے،  فرض ہے، نفل ہے یا مستحب ہے؟ مستحب کا کیا مطلب ہے؟</p></p><h4 class=""question_heading"">جواب</h4><p><p style=""text-align:justify;"">مستحب کا معنی ہے وہ عمل جو رسول اللہ ﷺ یا صحابہ کرام رضی اللہ عنہم سے ثابت ہو، لیکن اس پر رسول اللہ ﷺ یا صحابہ کرام رضی اللہ عنہم نے پابندی نہ فرمائی ہو، کبھی وہ عمل کیا ہو اور کبھی چھوڑ دیا ہو۔</p><p style=""text-align:justify;"">ملاقات کے وقت سلام کرتے ہوئے مصافحہ کرنا سنت ہے اور حدیث شریف میں مصافحہ کو سلام کی تکمیل قرار دیا گیا ہے،  حضرت انس رضی اللہ عنہ سے مروی ہے کہ آپ صلی اللہ علیہ و سلم نے فرمایا: جب دو مسلمان آپس میں ملتے ہیں اور ایک دوسرے سے مصافحہ کرتے ہیں تو اللہ تعالیٰ پر یہ حق ہو جاتا ہے کہ ان کی دعاؤں کو سنے اور دونوں ہاتھوں کے الگ ہونے سے پہلے اُن کی مغفرت فرما دے۔ (مجمع الزوائد: 36/8، دارالکتب)</p><p style=""text-align:justify;"">مصافحہ دونوں ہاتھوں سے کرنا سنت  اور افضل ہے، اس طرح کہ دونوں ہاتھوں سے ایک دوسرے کی ہتھیلیاں آپس میں ملائی جائیں، اِمام بخاریؒ نے بخاری شریف میں دونوں ہاتھوں سے مصافحہ کے ثبوت کے لیے باقاعدہ ایک ترجمۃ الباب قائم فرمایا ہے، اور اُس کے تحت حضرت ابن مسعود رضی اللہ عنہ کی  روایت نقل فرمائی ہے جس میں آپ ﷺ کا دونوں ہاتھوں سے مصافحہ کرنے کا ذکر ہے،   تاہم کسی عذر کی وجہ سے  ایک ہاتھ سے مصافحہ  کرنے میں  بھی مضائقہ نہیں۔ البتہ مصافحہ کرتے وقت مندرجہ ذیل آداب کا خیال رکھنا چاہیے:</p><p style=""text-align:justify;""> (1) پہلے سلام اور پھر مصافحہ کرنا چاہیے، کیوں کہ سلام کے بغیر صرف مصافحہ خلافِ سنت ہے۔ (مصنف ابن ابی شیبہ: 248/5، دارالکتب)</p><p style=""text-align:justify;"">(2) مشغولی کے وقت مصافحہ نہیں کرنا چاہیے۔ (آداب المعاشرت: 59،مکتبۃ العلم)</p><p style=""text-align:justify;""> (3) جو شخص تیزی سے جا رہا ہو اُس کو مصافحہ کے لیے نہ روکنا چاہیے؛ تاکہ اس کا کوئی حرج نہ ہو۔ (آداب المعاشرت: 48)</p><p style=""text-align:justify;""> (4) مجلس میں سب لوگوں کی بجائے صرف اُسی آدمی سے مصافحہ پر اکتفا کیا جائے جس کے ساتھ ملاقات کا ارادہ ہو، البتہ اگر باقی لوگوں کے ساتھ بھی واقفیت ہو تو ان سب سے مصافحہ کرنے میں بھی کوئی حرج نہیں۔ (آداب المعاشرت: 48)</p><p style=""text-align:justify;"">(5) مصافحہ پہلی ملاقات کے وقت یا رخصت ہوتے ہوئے کرنا چاہیے۔ (آداب المعاشرت:49، مکتبۃ العلم)</p><p style=""text-align:justify;"">(6) مصافحہ کرتے وقت دوسرے کی راحت کا خیال رکھنا چاہیے۔ (آداب المعاشرت: 53، مکتبۃ العلم)</p><p style=""text-align:justify;"">(7) مصافحہ دونوں ہاتھوں سے کرنا چاہیے۔ (صحیح بخاری: 926/2،قدیمی)</p><p style=""text-align:justify;"">الدر المختار مع رد المحتار میں ہے:</p><p class=""indent"" style=""text-align:justify;""><span class=""ar_writing"">""(ومستحبه) ويسمى مندوبًا وأدبًا وفضيلة، وهو ما فعله النبي صلى الله عليه وسلم مرةً وتركه أخرى، وما أحبه السلف.""</span></p><p style=""text-align:justify;""><span class=""ar_writing"">و في الرد :</span></p><p class=""indent"" style=""text-align:justify;""><span class=""ar_writing"">""(قوله: وهو إلخ) يرد عليه ما رغب فيه عليه الصلاة والسلام ولم يفعله؛ فالأولى ما في التحرير أن ما واظب عليه مع ترك ما بلا عذر سنة، وما لم يواظب عليه مندوب ومستحب وإن لم يفعله بعد ما رغب فيه اهـ بحر.</span></p><p class=""indent"" style=""text-align:justify;""><span class=""ar_writing"">ويسلم على الواحد بلفظ الجماعة وكذا الرد، ولايزيد الراد على وبركاته.</span></p><p class=""indent"" style=""text-align:justify;""><span class=""ar_writing""> (قوله: بلفظ الجماعة)؛ لأن مع كل واحد حافظين كراماً كاتبين، فكل واحد كأنه ثلاثة، تتارخانية (قوله: ولايزيد الراد على وبركاته) قال في التتارخانية: والأفضل للمسلم أن يقول: السلام عليكم ورحمة الله وبركاته، والمجيب كذلك يرد، ولاينبغي أن يزاد على البركات شيء اهـ. ويأتي بواو العطف في وعليكم، وإن حذفها أجزأه وإن قال المبتدئ: سلام عليكم أو السلام عليكم، فللمجيب أن يقول في الصورتين سلام عليكم أو السلام عليكم ولكن الألف واللام أولى اهـ"".</span></p><p class=""indent"" style=""text-align:left;""><span class=""ar_writing"">(الدر المختار وحاشية ابن عابدين (رد المحتار) (6/ 414)<br/></span></p><p class=""indent"" style=""text-align:justify;""><span class=""ar_writing"">""(كالمصافحة) أي كما تجوز المصافحة؛ لأنها سنة قديمة متواترة؛ لقوله عليه الصلاة والسلام: «من صافح أخاه المسلم وحرك يده تناثرت ذنوبه»، وإطلاق المصنف تبعاً للدرر والكنز والوقاية والنقاية والمجمع والملتقى وغيره يفيد جوازها مطلقاً ولو بعد العصر، وقولهم: إنه بدعة أي مباحة حسنة كما أفاده النووي في أذكاره وغيره في غيره، وعليه يحمل ما نقله عنه شارح المجمع من أنها بعد الفجر والعصر ليس بشيء توفيقاً فتأمله. وفي القنية: السنة في المصافحة بكلتا يديه، وتمامه فيما علقته على الملتقى.</span></p><p class=""indent"" style=""text-align:justify;""><span class=""ar_writing""> (قوله: لقوله عليه الصلاة والسلام  إلخ) كذا في الهداية، وفي شرحها للعيني: قال النبي صلى الله عليه وسلم : «إن المؤمن إذا لقي المؤمن فسلم عليه وأخذ بيده فصافحه تناثرت خطاياهما كما يتناثر ورق الشجر». رواه الطبراني والبيهقي.</span></p><p class=""indent"" style=""text-align:justify;""><span class=""ar_writing"">(قوله: كما أفاده النووي في أذكاره) حيث قال: اعلم أن المصافحة مستحبة عند كل لقاء، وأما ما اعتاده الناس من المصافحة بعد صلاة الصبح والعصر، فلا أصل له في الشرع على هذا الوجه، ولكن لا بأس به؛ فإن أصل المصافحة سنة، وكونهم حافظوا عليها في بعض الأحوال، وفرطوا في كثير من الأحوال أو أكثرها لا يخرج ذلك البعض عن كونه من المصافحة التي ورد الشرع بأصلها اهـ قال الشيخ أبو الحسن البكري: وتقييده بما بعد الصبح والعصر على عادة كانت في زمنه، وإلا فعقب الصلوات كلها كذلك، كذا في رسالة الشرنبلالي في المصافحة ... (قوله: وتمامه إلخ) ونصه: وهي إلصاق صفحة الكف بالكف وإقبال الوجه بالوجه، فأخذ الأصابع ليس بمصافحة خلافاً للروافض، والسنة أن تكون بكلتا يديه، وبغير حائل من ثوب أو غيره وعند اللقاء بعد السلام وأن يأخذ الإبهام، فإن فيه عرقاً ينبت المحبة، كذا جاء في الحديث، ذكره القهستاني وغيره اهـ"".</span></p><p class=""indent"" style=""text-align:left;""><span class=""ar_writing"">(الدر المختار وحاشية ابن عابدين (رد المحتار) (6/ 381)<br/></span></p><p class=""indent"" style=""text-align:justify;""><span class=""ar_writing"">""باب الأخذ باليدين وصافح حماد بن زيد، ابن المبارك بيديه</span></p><p class=""indent"" style=""text-align:justify;""><span class=""ar_writing"">حدثنا أبو نعيم، حدثنا سيف، قال: سمعت مجاهداً يقول: حدثني عبد الله بن سخبرة أبو معمر قال: سمعت ابن مسعود، يقول: علمني رسول الله صلى الله عليه وسلم، وكفي بين كفيه، التشهد، كما يعلمني السورة من القرآن: «التحيات لله، والصلوات والطيبات، السلام عليك أيها النبي ورحمة الله وبركاته، السلام علينا وعلى عباد الله الصالحين، أشهد أن لاإله إلا الله، وأشهد أن محمداً عبده ورسوله»، وهو بين ظهرانينا، فلما قبض قلنا: السلام - يعني - على النبي صلى الله عليه وسلم"".</span></p><p class=""indent"" style=""text-align:left;""><span class=""ar_writing"">(صحيح البخاري (8/ 59)<br/></span></p><p class=""indent"" style=""text-align:justify;""><span class=""ar_writing"">""قوله : (الأخذ باليد) اللام فيه للجنس. فلا تثبت الوحدة، والحق فيه أن مضافحته ﷺ ثابتة باليد و باليدين، إلا أن المصافحة بيد واحدة لما كانت شعار أهل الأفرنج وجب تركه لذلك"".</span></p><p class=""indent"" style=""text-align:left;""><span class=""ar_writing"">(الكوكب الدري (۳/۳۹۲،  ندوة العلماء لکهنو)</span></p><p class=""indent"" style=""text-align:left;"">فقط واللہ اعلم</p></p><hr class=""big-hr""/><div class=""col-sm-6 col-md-6""><p class=""question_heading"" style=""color:#73161f"">فتویٰ نمبر : <a id=""fatwa_number"">144109202132</a></p></div><div class=""col-sm-6 col-md-6""><p style=""color:#73161f"">دارالافتاء :
                                جامعہ علوم اسلامیہ علامہ محمد یوسف بنوری ٹاؤن</p></div><hr class=""big-hr""/><div class=""col-sm-4 col-md-4""><div class=""tag""><a href=""https://www.banuri.edu.pk/questions/kitab/huqooq-muashret""><i class=""icon-docs-bold""></i> حقوق و آدابِ معاشرت</a></div></div><div class=""col-sm-4 col-md-4""><div class=""tag""><a href=""https://www.banuri.edu.pk/questions/bab/akhlaq-aadab""><i class=""icon-docs-bold""></i> آدابِ معاشرت</a></div></div><div class=""col-sm-4 col-md-4""><div class=""tag""><a href=""https://www.banuri.edu.pk/questions/fasal/salam-or-musafeh-k-ahkam-o-aadab""><i class=""icon-docs-bold""></i> سلام کے احکام و آداب</a></div></div></div>"
https://www.banuri.edu.pk/readquestion/ijare-ka-paishgi-muahidah-kie-baghair-aakhir-me-ujrat-talab-karne-ka-hukum-144109202036/12-05-2020,اجارہ کا پیشگی معاہدہ کیے بغیر آخر میں اجرت طلب کرنے کا حکم,"<p><p style=""text-align:justify;"">ایک آدمی نے اپنے دوست  کواپنا کمرہ رہنے کے لیے دیا، لیکن دیتے وقت نہ اجارہ کی کوئی بات کی نہ اجرت وغیرہ کی، اب جب کہ سات آٹھ مہینہ گزرنے کے بعد کمرہ خالی کرنے کی نو بت آئی تو وہ اس سے کرایہ کا مطالبہ کرتا ہے۔ اس صورت میں کیا حکم ہے؟</p></p>","<p><p style=""text-align:justify;"">صورتِ مسئولہ میں اگر کمرہ دیتے وقت کرایہ داری کا کوئی معاہدہ نہیں ہوا تھا تو ا ب کمرہ خالی کرتے ہوئے کرایہ کا مطالبہ کرنا صحیح نہیں ہے، ہاں اگر اس آدمی کا کام ہی یہ ہو کہ وہ لوگوں کو کرائے پر مکان فراہم کرتاہو اور کمرہ لینے والے کو بھی اس بات کا علم ہو کہ اس شخص کا یہ کام ہے تو پھر عرف کےمطابق جتنی اجرت اس جیسے کمرہ کی ہوتی ہے وہ دینی ہوگی ۔</p><p style=""text-align:justify;""><span class=""ar_writing"">  درر الحکام شرح مجلۃ الأحکام (495/1)</span> میں ہے:</p><p class=""indent"" style=""text-align:justify;""><span class=""ar_writing"">"" شرط الصحة أنواع: النوع الأول: رضاء العاقدین.  النوع الثاني: تعیین المأجور.  النوع الثالث: تعیین الأجرۃ.  النوع الرابع: تعیین المنفعة.  النوع الخامس: أن یمکن استیفاء المنفعة. النوع السادس: وجود شرط الانعقاد.""</span></p><p class=""indent"" style=""text-align:left;"">فقط واللہ اعلم</p></p><hr class=""big-hr""/>",12-05-2020,144109202036,banuri.edu.pk,معاملات,بیع / تجارت,اجارہ اور کرایہ کے احکام,"<div class=""col-md-12 sawal-jawab""><h3 class=""question_heading"">سوال</h3><p><p style=""text-align:justify;"">ایک آدمی نے اپنے دوست  کواپنا کمرہ رہنے کے لیے دیا، لیکن دیتے وقت نہ اجارہ کی کوئی بات کی نہ اجرت وغیرہ کی، اب جب کہ سات آٹھ مہینہ گزرنے کے بعد کمرہ خالی کرنے کی نو بت آئی تو وہ اس سے کرایہ کا مطالبہ کرتا ہے۔ اس صورت میں کیا حکم ہے؟</p></p><h4 class=""question_heading"">جواب</h4><p><p style=""text-align:justify;"">صورتِ مسئولہ میں اگر کمرہ دیتے وقت کرایہ داری کا کوئی معاہدہ نہیں ہوا تھا تو ا ب کمرہ خالی کرتے ہوئے کرایہ کا مطالبہ کرنا صحیح نہیں ہے، ہاں اگر اس آدمی کا کام ہی یہ ہو کہ وہ لوگوں کو کرائے پر مکان فراہم کرتاہو اور کمرہ لینے والے کو بھی اس بات کا علم ہو کہ اس شخص کا یہ کام ہے تو پھر عرف کےمطابق جتنی اجرت اس جیسے کمرہ کی ہوتی ہے وہ دینی ہوگی ۔</p><p style=""text-align:justify;""><span class=""ar_writing"">  درر الحکام شرح مجلۃ الأحکام (495/1)</span> میں ہے:</p><p class=""indent"" style=""text-align:justify;""><span class=""ar_writing"">"" شرط الصحة أنواع: النوع الأول: رضاء العاقدین.  النوع الثاني: تعیین المأجور.  النوع الثالث: تعیین الأجرۃ.  النوع الرابع: تعیین المنفعة.  النوع الخامس: أن یمکن استیفاء المنفعة. النوع السادس: وجود شرط الانعقاد.""</span></p><p class=""indent"" style=""text-align:left;"">فقط واللہ اعلم</p></p><hr class=""big-hr""/><div class=""col-sm-6 col-md-6""><p class=""question_heading"" style=""color:#73161f"">فتویٰ نمبر : <a id=""fatwa_number"">144109202036</a></p></div><div class=""col-sm-6 col-md-6""><p style=""color:#73161f"">دارالافتاء :
                                جامعہ علوم اسلامیہ علامہ محمد یوسف بنوری ٹاؤن</p></div><hr class=""big-hr""/><div class=""col-sm-4 col-md-4""><div class=""tag""><a href=""https://www.banuri.edu.pk/questions/kitab/muamlat""><i class=""icon-docs-bold""></i> معاملات</a></div></div><div class=""col-sm-4 col-md-4""><div class=""tag""><a href=""https://www.banuri.edu.pk/questions/bab/bay-tijarat""><i class=""icon-docs-bold""></i> بیع / تجارت</a></div></div><div class=""col-sm-4 col-md-4""><div class=""tag""><a href=""https://www.banuri.edu.pk/questions/fasal/ijara-or-kiraya-k-ahkam""><i class=""icon-docs-bold""></i> اجارہ اور کرایہ کے احکام</a></div></div></div>"
