link,title,question_html,answer_html,issued_at,fatwa_number,dar_ul_ifta,category_lvl_1,category_lvl_2,category_lvl_3,html_container
https://www.banuri.edu.pk/readquestion/kya-falahi-kam-ki-niyyat-o-irada-karnay-say-wo-wajib-ho-gay-144109202966/20-05-2020,کیا فلاحی کام صرف نیت وارادہ سے واجب ہوجائے گا؟,"<p><p style=""text-align:justify;"">اب سے پانچ مہینہ پہلے میری اپنی بیوی سے طلاق ہو گئی تھی ، اس کے بعد میں نے سوچا تھا کہ اب دوبارہ شادی نہیں کروں گا، بلکہ  اپنی باقی زندگی میں فلاحی کام کروں گا، یتیم  اور مسکین بچوں کے لیے فاونڈیشن وغیرہ بناؤں گا، لیکن اسی دوران مجھے خیالات آنے لگے کہ  مجھے اس کا آخرت میں کوئی اجر نہیں ملے گا؛ کیوں کہ میں یہ سب کچھ  اس لیے  کر رہا ہوں؛ تاکہ مصروف رہوں اور دنیاوی زندگی اچھی گزرے، ان خیالات سے تنگ آ کر میں نے اپنے آپ سے پکا وعدہ کیا کہ اگر میں نے کبھی شادی کر بھی لی  تب بھی یہ کام اسی طرح جاری رکھوں گا؛ تاکہ جو خیالات آ رہے ہیں وہ ختم ہو جائیں اور جو ارادہ میں نے شادی کے بعد کرنے کا کیا تھا وہ پختہ رہے،  جس طرح اپنے آپ سے یا اللہ پاک کی ذات سے اپنے دل میں عہد کیا جاتا ہے، اب میں شادی کرنا چاہتا ہوں، لیکن مجھے اب یہ خیالات آ رہے ہیں کہ شادی کے بعد یہ کام کرنے کی میں نے جو نیت یا عہد  کیا تھا، اس میں میں اس لگن سے کام نہیں کر سکوں گا؛  کیوں کہ شادی کے بعد بیوی بچوں کے اخراجات بھی ہوں گے اور بیوی بچوں کی دیگر ذمہ داریاں بھی ہوں گی۔ </p><p style=""text-align:justify;"">راہ نمائی فرما دیں کہ اس طرح نیت یا عہد  کرنے سے اب مجھ پر یہ فلاحی  کام کرنا واجب ہو گئے ہیں یا شادی کے بعد حسبِ استطاعت جتنا ہو سکے، اتناکرتا رہوں کافی ہے؟   شادی کے بعد یہ کام کرنے کی میں نے صرف نیت اور پختہ عہد  کیا تھا دل میں اللہ پاک کو مخاطب کر کے ، کوئی منت وغیرہ نہیں مانگی تھی۔ </p></p>","<p><p style=""text-align:justify;"">مذکورہ صورت میں آپ شادی کے بعد اپنی استطاعت کے مطابق جتنا ہوسکے فلاحی کام کرتے رہیں، اتنا کافی ہے، چوں کہ آپ نے منت یا نذر نہیں مانی؛ اس لیے واجب نہیں، لیکن نیک کام کرکے ایک پختہ ارادہ کیا ہے، اس لیے حتی الوسع جتنا ہوسکے کرتے رہیں۔ فقط واللہ اعلم</p></p><hr class=""big-hr""/>",20-05-2020,144109202966,banuri.edu.pk,حظر و اباحت,قسم / منت,منت,"<div class=""col-md-12 sawal-jawab""><h3 class=""question_heading"">سوال</h3><p><p style=""text-align:justify;"">اب سے پانچ مہینہ پہلے میری اپنی بیوی سے طلاق ہو گئی تھی ، اس کے بعد میں نے سوچا تھا کہ اب دوبارہ شادی نہیں کروں گا، بلکہ  اپنی باقی زندگی میں فلاحی کام کروں گا، یتیم  اور مسکین بچوں کے لیے فاونڈیشن وغیرہ بناؤں گا، لیکن اسی دوران مجھے خیالات آنے لگے کہ  مجھے اس کا آخرت میں کوئی اجر نہیں ملے گا؛ کیوں کہ میں یہ سب کچھ  اس لیے  کر رہا ہوں؛ تاکہ مصروف رہوں اور دنیاوی زندگی اچھی گزرے، ان خیالات سے تنگ آ کر میں نے اپنے آپ سے پکا وعدہ کیا کہ اگر میں نے کبھی شادی کر بھی لی  تب بھی یہ کام اسی طرح جاری رکھوں گا؛ تاکہ جو خیالات آ رہے ہیں وہ ختم ہو جائیں اور جو ارادہ میں نے شادی کے بعد کرنے کا کیا تھا وہ پختہ رہے،  جس طرح اپنے آپ سے یا اللہ پاک کی ذات سے اپنے دل میں عہد کیا جاتا ہے، اب میں شادی کرنا چاہتا ہوں، لیکن مجھے اب یہ خیالات آ رہے ہیں کہ شادی کے بعد یہ کام کرنے کی میں نے جو نیت یا عہد  کیا تھا، اس میں میں اس لگن سے کام نہیں کر سکوں گا؛  کیوں کہ شادی کے بعد بیوی بچوں کے اخراجات بھی ہوں گے اور بیوی بچوں کی دیگر ذمہ داریاں بھی ہوں گی۔ </p><p style=""text-align:justify;"">راہ نمائی فرما دیں کہ اس طرح نیت یا عہد  کرنے سے اب مجھ پر یہ فلاحی  کام کرنا واجب ہو گئے ہیں یا شادی کے بعد حسبِ استطاعت جتنا ہو سکے، اتناکرتا رہوں کافی ہے؟   شادی کے بعد یہ کام کرنے کی میں نے صرف نیت اور پختہ عہد  کیا تھا دل میں اللہ پاک کو مخاطب کر کے ، کوئی منت وغیرہ نہیں مانگی تھی۔ </p></p><h4 class=""question_heading"">جواب</h4><p><p style=""text-align:justify;"">مذکورہ صورت میں آپ شادی کے بعد اپنی استطاعت کے مطابق جتنا ہوسکے فلاحی کام کرتے رہیں، اتنا کافی ہے، چوں کہ آپ نے منت یا نذر نہیں مانی؛ اس لیے واجب نہیں، لیکن نیک کام کرکے ایک پختہ ارادہ کیا ہے، اس لیے حتی الوسع جتنا ہوسکے کرتے رہیں۔ فقط واللہ اعلم</p></p><hr class=""big-hr""/><div class=""col-sm-6 col-md-6""><p class=""question_heading"" style=""color:#73161f"">فتویٰ نمبر : <a id=""fatwa_number"">144109202966</a></p></div><div class=""col-sm-6 col-md-6""><p style=""color:#73161f"">دارالافتاء :
                                جامعہ علوم اسلامیہ علامہ محمد یوسف بنوری ٹاؤن</p></div><hr class=""big-hr""/><div class=""col-sm-4 col-md-4""><div class=""tag""><a href=""https://www.banuri.edu.pk/questions/kitab/mamnooaat-mubahat""><i class=""icon-docs-bold""></i> حظر و اباحت</a></div></div><div class=""col-sm-4 col-md-4""><div class=""tag""><a href=""https://www.banuri.edu.pk/questions/bab/qasam-mannat""><i class=""icon-docs-bold""></i> قسم / منت</a></div></div><div class=""col-sm-4 col-md-4""><div class=""tag""><a href=""https://www.banuri.edu.pk/questions/fasal/mannat""><i class=""icon-docs-bold""></i> منت</a></div></div></div>"
https://www.banuri.edu.pk/readquestion/darakht-se-gira-hoa-phal-malik-ki-ajazat-ke-baghair-khana-144109202774/18-05-2020,درخت سے گراہوا پھل مالک کی اجازت کے بغیر کھانا,"<p><p style=""text-align:justify;"">اگر کسی کے درخت کا پھل گر گیا ہو اور وہ کچھ دنوں میں خراب ہو جائے گا اور اس درخت کا مالک دوسرے گاؤں میں رہتا ہے تو کیا اس گرے ہوئے پھل کا لینا یا کھانا جائز ہے یا نہیں؟</p></p>","<p><p style=""text-align:justify;"">درخت کے پھل درخت والے کی ملکیت ہوتے ہیں، اس کی اجازت کے بغیر  استعمال کرنا شرعاً جائز نہیں، اگرچہ وہ درخت سے ٹوٹ کر گر گئے ہوں؛ لہذا اگر درخت کا مالک دوسرے گاؤں گیا ہوا ہے تو  اس سے رابطے کی کوشش کی جائے باوجود کوشش کے رابطہ ممکن نہ ہو تو پھل کو اس کے آنے تک محفوظ رکھنے کا اہتمام کیا جائے، اگر یہ بھی ممکن نہ ہو اور پھل کے خراب ہونے کا اندیشہ ہو تو اسے فروخت کرکے رقم محفوظ کرلی جائے۔</p><p style=""text-align:justify;""> </p><p style=""text-align:justify;""><span class=""ar_writing"">الفتاوى الهندية (2/ 474):<br/>
""وإذا غرس شجراً في طريق العامة فالحكم أن الشجر للغارس، وإذا غرس شجراً على شط نهر العامة أو على شط حوض القرية فهو للغارس، كذا في الظهيرية. ولو قطعها فنبتت من عروقها أشجار فهي للغارس، كذا في فتح القدير"".</span></p><p style=""text-align:justify;""><span class=""ar_writing"">مجلة الأحكام العدلية (ص: 242):<br/>
""الْمَادَّةُ (1259) لِأَيِّ أَحَدٍ كَانَ أَنْ يَقْطِفَ فَاكِهَةَ الْأَشْجَارِ الَّتِي فِي الْجِبَالِ الْمُبَاحَةِ، وَفِي الْأَوْدِيَةِ وَالْمُرَاعِي الَّتِي لَا صَاحِبَ لَهَا"".</span></p><p style=""text-align:justify;"">محمودیہ12-330:</p><p style=""text-align:justify;"">""اس گرنے کی وجہ سے وہ پھل زید کی ملکیت سے خارج نہیں ہوا،بغیر مالک کی اجازت کے ا س کا لینا اور کھانا درست نہیں""۔  فقط واللہ اعلم</p></p><hr class=""big-hr""/>",18-05-2020,144109202774,banuri.edu.pk,حظر و اباحت,ماکولات / مشروبات,کھانے پینے کی حلال و حرام ، مکروہ و مباح اشیاء,"<div class=""col-md-12 sawal-jawab""><h3 class=""question_heading"">سوال</h3><p><p style=""text-align:justify;"">اگر کسی کے درخت کا پھل گر گیا ہو اور وہ کچھ دنوں میں خراب ہو جائے گا اور اس درخت کا مالک دوسرے گاؤں میں رہتا ہے تو کیا اس گرے ہوئے پھل کا لینا یا کھانا جائز ہے یا نہیں؟</p></p><h4 class=""question_heading"">جواب</h4><p><p style=""text-align:justify;"">درخت کے پھل درخت والے کی ملکیت ہوتے ہیں، اس کی اجازت کے بغیر  استعمال کرنا شرعاً جائز نہیں، اگرچہ وہ درخت سے ٹوٹ کر گر گئے ہوں؛ لہذا اگر درخت کا مالک دوسرے گاؤں گیا ہوا ہے تو  اس سے رابطے کی کوشش کی جائے باوجود کوشش کے رابطہ ممکن نہ ہو تو پھل کو اس کے آنے تک محفوظ رکھنے کا اہتمام کیا جائے، اگر یہ بھی ممکن نہ ہو اور پھل کے خراب ہونے کا اندیشہ ہو تو اسے فروخت کرکے رقم محفوظ کرلی جائے۔</p><p style=""text-align:justify;""> </p><p style=""text-align:justify;""><span class=""ar_writing"">الفتاوى الهندية (2/ 474):<br/>
""وإذا غرس شجراً في طريق العامة فالحكم أن الشجر للغارس، وإذا غرس شجراً على شط نهر العامة أو على شط حوض القرية فهو للغارس، كذا في الظهيرية. ولو قطعها فنبتت من عروقها أشجار فهي للغارس، كذا في فتح القدير"".</span></p><p style=""text-align:justify;""><span class=""ar_writing"">مجلة الأحكام العدلية (ص: 242):<br/>
""الْمَادَّةُ (1259) لِأَيِّ أَحَدٍ كَانَ أَنْ يَقْطِفَ فَاكِهَةَ الْأَشْجَارِ الَّتِي فِي الْجِبَالِ الْمُبَاحَةِ، وَفِي الْأَوْدِيَةِ وَالْمُرَاعِي الَّتِي لَا صَاحِبَ لَهَا"".</span></p><p style=""text-align:justify;"">محمودیہ12-330:</p><p style=""text-align:justify;"">""اس گرنے کی وجہ سے وہ پھل زید کی ملکیت سے خارج نہیں ہوا،بغیر مالک کی اجازت کے ا س کا لینا اور کھانا درست نہیں""۔  فقط واللہ اعلم</p></p><hr class=""big-hr""/><div class=""col-sm-6 col-md-6""><p class=""question_heading"" style=""color:#73161f"">فتویٰ نمبر : <a id=""fatwa_number"">144109202774</a></p></div><div class=""col-sm-6 col-md-6""><p style=""color:#73161f"">دارالافتاء :
                                جامعہ علوم اسلامیہ علامہ محمد یوسف بنوری ٹاؤن</p></div><hr class=""big-hr""/><div class=""col-sm-4 col-md-4""><div class=""tag""><a href=""https://www.banuri.edu.pk/questions/kitab/mamnooaat-mubahat""><i class=""icon-docs-bold""></i> حظر و اباحت</a></div></div><div class=""col-sm-4 col-md-4""><div class=""tag""><a href=""https://www.banuri.edu.pk/questions/bab/makoolat-mashroobat""><i class=""icon-docs-bold""></i> ماکولات / مشروبات</a></div></div><div class=""col-sm-4 col-md-4""><div class=""tag""><a href=""https://www.banuri.edu.pk/questions/fasal/khanay-penay-ki-halal-o-haram-makroh-o-mubah-ashya""><i class=""icon-docs-bold""></i> کھانے پینے کی حلال و حرام ، مکروہ و مباح اشیاء</a></div></div></div>"
https://www.banuri.edu.pk/readquestion/salana-mutaiyyan-raqam-ke-ewaz-amin-kasht-ke-liy-dena-144109202847/19-05-2020,سالانہ متعین رقم کے عوض زمین کاشت کے لیے دینا,<p><p>اپنی زمین کسی اور کو کاشت کرنے لیے اس طرح دینا کہ کاشت کرنے والا دس سال لیے زمین اپنے حوالے کرتا ہے اور مالک کو سالانہ دس ہزار روپے فی ایکڑ کے حساب سے ادا کرے گا پیداوار میں نقصان کی صورت میں بھی  مالک کو مقررہ رقم ادا کرے گا کیا اس طرح زمین کاشت کے لیئے دینا شریعت میں جائز ہے۔؟</p></p>,"<p><p style=""text-align:justify;"">صورت مسئولہ میں کاشت کار  کو سالانہ دس ہزار روپے فی ایکڑ کے حساب سے زمین دینا کرایہ داری کا معاملہ ہے، شرعا ایسا کرنا جائز ہے، زمین کاشت کار کے حوالہ کرنے کے بعد  مالک زمین اس رقم کا مستحق ہوجائے گا، خواہ کاشت کار کو پیداوار میں فائدہ ہو یا نقصان ہو۔ اور پیداوار مکمل کرایہ دار کی ہوگی، زمین کے مالک کا اس میں کوئی حق نہیں ہوگا۔</p><p style=""margin-left:9pt;margin-right:10.3pt;text-align:justify;""><strong>تبیین  الحقائق  میں ہے:</strong></p><p style=""margin-left:63pt;margin-right:80.3pt;text-align:justify;""><span class=""ar_writing"">قال - رحمه الله - (والأجرة لا تملك بالعقد بل بالتعجيل أو بشرطه أو بالاستيفاء أو بالتمكن منه)   أي لا تملك الأجرة بنفس العقد سواء كانت الأجرة عينا أو دينا، وإنما تملك بالتعجيل أو بشرط التعجيل أو باستيفاء المعقود عليه وهي المنفعة أو بالتمكن من استيفائه بتسليم العين المستأجرة في المدة</span></p><p style=""margin-left:9pt;margin-right:10.3pt;text-align:justify;"">(5/ 106، کتاب الاجارۃ،  ط: المطبعة الكبرى الأميرية - بولاق، القاهرة )</p><p style=""margin-left:9pt;margin-right:10.3pt;text-align:justify;""><strong>فتاوی عالمگیری میں ہے:</strong></p><p style=""margin-left:63pt;margin-right:80.3pt;text-align:justify;""><span class=""ar_writing"">ومنها أن تكون الأجرة معلومة. ومنها أن لا تكون الأجرة منفعة هي من جنس المعقود عليه كإجارة السكنى بالسكنى والخدمة بالخدمة. </span>(4/ 411،  کتاب الاجارۃ، الباب الأول تفسير الإجارة وركنها وألفاظها وشرائطها، ط: رشیدیہ)فقط واللہ اعلم</p><p style=""margin-left:63pt;margin-right:80.3pt;text-align:justify;""> </p></p><hr class=""big-hr""/>",19-05-2020,144109202847,banuri.edu.pk,معاملات,بیع / تجارت,اجارہ اور کرایہ کے احکام,"<div class=""col-md-12 sawal-jawab""><h3 class=""question_heading"">سوال</h3><p><p>اپنی زمین کسی اور کو کاشت کرنے لیے اس طرح دینا کہ کاشت کرنے والا دس سال لیے زمین اپنے حوالے کرتا ہے اور مالک کو سالانہ دس ہزار روپے فی ایکڑ کے حساب سے ادا کرے گا پیداوار میں نقصان کی صورت میں بھی  مالک کو مقررہ رقم ادا کرے گا کیا اس طرح زمین کاشت کے لیئے دینا شریعت میں جائز ہے۔؟</p></p><h4 class=""question_heading"">جواب</h4><p><p style=""text-align:justify;"">صورت مسئولہ میں کاشت کار  کو سالانہ دس ہزار روپے فی ایکڑ کے حساب سے زمین دینا کرایہ داری کا معاملہ ہے، شرعا ایسا کرنا جائز ہے، زمین کاشت کار کے حوالہ کرنے کے بعد  مالک زمین اس رقم کا مستحق ہوجائے گا، خواہ کاشت کار کو پیداوار میں فائدہ ہو یا نقصان ہو۔ اور پیداوار مکمل کرایہ دار کی ہوگی، زمین کے مالک کا اس میں کوئی حق نہیں ہوگا۔</p><p style=""margin-left:9pt;margin-right:10.3pt;text-align:justify;""><strong>تبیین  الحقائق  میں ہے:</strong></p><p style=""margin-left:63pt;margin-right:80.3pt;text-align:justify;""><span class=""ar_writing"">قال - رحمه الله - (والأجرة لا تملك بالعقد بل بالتعجيل أو بشرطه أو بالاستيفاء أو بالتمكن منه)   أي لا تملك الأجرة بنفس العقد سواء كانت الأجرة عينا أو دينا، وإنما تملك بالتعجيل أو بشرط التعجيل أو باستيفاء المعقود عليه وهي المنفعة أو بالتمكن من استيفائه بتسليم العين المستأجرة في المدة</span></p><p style=""margin-left:9pt;margin-right:10.3pt;text-align:justify;"">(5/ 106، کتاب الاجارۃ،  ط: المطبعة الكبرى الأميرية - بولاق، القاهرة )</p><p style=""margin-left:9pt;margin-right:10.3pt;text-align:justify;""><strong>فتاوی عالمگیری میں ہے:</strong></p><p style=""margin-left:63pt;margin-right:80.3pt;text-align:justify;""><span class=""ar_writing"">ومنها أن تكون الأجرة معلومة. ومنها أن لا تكون الأجرة منفعة هي من جنس المعقود عليه كإجارة السكنى بالسكنى والخدمة بالخدمة. </span>(4/ 411،  کتاب الاجارۃ، الباب الأول تفسير الإجارة وركنها وألفاظها وشرائطها، ط: رشیدیہ)فقط واللہ اعلم</p><p style=""margin-left:63pt;margin-right:80.3pt;text-align:justify;""> </p></p><hr class=""big-hr""/><div class=""col-sm-6 col-md-6""><p class=""question_heading"" style=""color:#73161f"">فتویٰ نمبر : <a id=""fatwa_number"">144109202847</a></p></div><div class=""col-sm-6 col-md-6""><p style=""color:#73161f"">دارالافتاء :
                                جامعہ علوم اسلامیہ علامہ محمد یوسف بنوری ٹاؤن</p></div><hr class=""big-hr""/><div class=""col-sm-4 col-md-4""><div class=""tag""><a href=""https://www.banuri.edu.pk/questions/kitab/muamlat""><i class=""icon-docs-bold""></i> معاملات</a></div></div><div class=""col-sm-4 col-md-4""><div class=""tag""><a href=""https://www.banuri.edu.pk/questions/bab/bay-tijarat""><i class=""icon-docs-bold""></i> بیع / تجارت</a></div></div><div class=""col-sm-4 col-md-4""><div class=""tag""><a href=""https://www.banuri.edu.pk/questions/fasal/ijara-or-kiraya-k-ahkam""><i class=""icon-docs-bold""></i> اجارہ اور کرایہ کے احکام</a></div></div></div>"
https://www.banuri.edu.pk/readquestion/t10-tula-suna-aur-83-tula-chandi-ki-zakat-144109202845/19-05-2020,10 تولہ سونا اور 83 تولہ چاندی کی زکاۃ,<p><p>عرض یہ کہ  10  تولہ سوناہے اور 83 تولہ چاندی ہے تو سونے اور چاندی کے ایک ایک نصاب کی زکات دی جاۓ گی یعنی ساڑھے سات تولہ سونا اور ساڑھے باون تولہ چاندی کی یا پھر کل کی زکات ادا کی جاۓ گی ۔ ?</p></p>,"<p><p>صورت مسئولہ میں 10 تولہ سونے اور 83 تولہ کی چاندی کی کل مارکیٹ ویلیو معلوم کرکے اس مجموعی رقم کا چالیسواں حصہ یعنی ڈھائی فیصد زکوٰۃ میں ادا کرنا لازم ہوگا۔فقط واللہ اعلم</p></p><hr class=""big-hr""/>",19-05-2020,144109202845,banuri.edu.pk,زکات,زکوٰۃ / صدقات,سونے ، چاندی اور نقد کی زکوٰۃ,"<div class=""col-md-12 sawal-jawab""><h3 class=""question_heading"">سوال</h3><p><p>عرض یہ کہ  10  تولہ سوناہے اور 83 تولہ چاندی ہے تو سونے اور چاندی کے ایک ایک نصاب کی زکات دی جاۓ گی یعنی ساڑھے سات تولہ سونا اور ساڑھے باون تولہ چاندی کی یا پھر کل کی زکات ادا کی جاۓ گی ۔ ?</p></p><h4 class=""question_heading"">جواب</h4><p><p>صورت مسئولہ میں 10 تولہ سونے اور 83 تولہ کی چاندی کی کل مارکیٹ ویلیو معلوم کرکے اس مجموعی رقم کا چالیسواں حصہ یعنی ڈھائی فیصد زکوٰۃ میں ادا کرنا لازم ہوگا۔فقط واللہ اعلم</p></p><hr class=""big-hr""/><div class=""col-sm-6 col-md-6""><p class=""question_heading"" style=""color:#73161f"">فتویٰ نمبر : <a id=""fatwa_number"">144109202845</a></p></div><div class=""col-sm-6 col-md-6""><p style=""color:#73161f"">دارالافتاء :
                                جامعہ علوم اسلامیہ علامہ محمد یوسف بنوری ٹاؤن</p></div><hr class=""big-hr""/><div class=""col-sm-4 col-md-4""><div class=""tag""><a href=""https://www.banuri.edu.pk/questions/kitab/zakat""><i class=""icon-docs-bold""></i> زکات</a></div></div><div class=""col-sm-4 col-md-4""><div class=""tag""><a href=""https://www.banuri.edu.pk/questions/bab/zakat-sadaqat""><i class=""icon-docs-bold""></i> زکوٰۃ / صدقات</a></div></div><div class=""col-sm-4 col-md-4""><div class=""tag""><a href=""https://www.banuri.edu.pk/questions/fasal/sonay-chandi-or-naqad-ki-zakat""><i class=""icon-docs-bold""></i> سونے ، چاندی اور نقد کی زکوٰۃ</a></div></div></div>"
https://www.banuri.edu.pk/readquestion/baap-dada-ne-khandani-nisbat-tabdeel-ki-ho-tu-ab-aulaad-kya-kre-144109202663/17-05-2020,باپ دادا نے خاندانی نسبت تبدیل کی ہو تو اب اولاد کیا کرے؟,"<p><p style=""text-align:justify;"">اگر کسی کے باپ دادا نے اپنا نسب بدلا ہو اور ورثا اس بات سے واقف ہیں، لیکن اب انہیں اپنی حقیقی قوم کا نہیں پتا تو اس صورت میں وہ خود کو کس کی طرف منسوب کریں؟</p></p>","<p><p style=""text-align:justify;"">واضح رہے کہ احادیث میں  نسب کی تبدیلی پر سخت وعیدات وارد ہوئی ہیں، لہذا صورتِ مسئولہ میں اگر مذکورہ گھرانے کو اپنا حقیقی قبیلہ معلوم نہ ہو تو  بھی اپنی نسبت  باپ دادا کی جانب سے غلط کردہ نسبت کی طرف کرنا جائز نہیں ہے۔</p><p style=""text-align:justify;"">ریاض الصالحین میں ہے:</p><p style=""text-align:justify;""><span class=""ar_writing"">""367 - باب تحريم انتساب الإِنسان إِلَى غير أَبيه وَتَولِّيه إِلَى غير مَواليه</span></p><p style=""text-align:justify;""><span class=""ar_writing"">1/1802- عَنْ سَعْدِ بن أَبي وقَّاصٍ أنَّ النبيَّ ﷺ قالَ: مَن ادَّعَى إِلَى غَيْرِ أبِيهِ وَهُوَ يَعْلَمُ أنَّهُ غَيْرُ أبِيهِ فَالجَنَّةُ عَلَيهِ حَرامٌ. متفقٌ عليهِ"".</span></p><p style=""text-align:justify;"">ترجمہ: رسولِ اکرم صلی اللہ علیہ وسلم کا فرمان ہے: جس شخص نے اپنے والد کے علاوہ کسی دوسرے شخص کو جانتے ہوئے اپنا والد قرار دیا تو اس پر جنت حرام ہے۔</p><p style=""text-align:justify;""><span class=""ar_writing"">""2/1803- وعن أبي هُريْرَة عَن النَّبيِّ ﷺ قَالَ: لاَ تَرْغَبُوا عَنْ آبَائِكُمْ، فَمَنْ رَغِبَ عَنْ أبيهِ فَهُوَ كُفْرٌ. متفقٌ عليه"".</span></p><p style=""text-align:justify;"">ترجمہ: رسولِ اکرم صلی اللہ علیہ وسلم کا ارشاد ہے: اپنے والد سے بے رغبتی و اعراض مت کرو ؛ اس لیے کہ جو شخص اپنے والد سے اعراض (اپنے آپ کو کسی اور کی طرف منسوب) کرے گا تو یہ کفر ہے۔</p><p style=""text-align:justify;""><span class=""ar_writing"">""3/1804- وَعَنْ يزيدَ شريكِ بن طارقٍ قالَ: رَأَيْتُ عَلِيًّا عَلى المِنْبَرِ يَخْطُبُ، فَسَمِعْتهُ يَقُولُ: ... وَمَنِ ادَّعَى إِلَى غَيْرِ أبيهِ، أَوْ انتَمَى إِلَى غَيْرِ مَوَاليهِ، فَعلَيْهِ لَعْنَةُ اللَّه وَالملائِكَةِ وَالنَّاسِ أجْمَعِينَ، لا يقْبَلُ اللَّه مِنْهُ يَوْمَ الْقِيَامةِ صَرْفًا وَلا عَدْلًا. متفقٌ عليه"".</span></p><p style=""text-align:justify;"">حضرت علی کرم اللہ وجہہ فرماتے ہیں : جو شخص اپنے والد کو چھوڑ کر کسی اور کو اپنا والد قرار دے گا یا غیر کی طرف منسوب کرے گا تو اس پر اللہ، فرشتوں اور سب لوگوں کی لعنت ہو، روز قیامت اللہ اس کی مالی عبادات قبول نہیں کرے گا۔</p><p style=""text-align:justify;""><span class=""ar_writing"">""4/1805- وَعَنْ أَبي ذَرٍّ أنَّهُ سَمِعَ رسولَ اللَّه ﷺ يَقُولُ: لَيْسَ منْ رَجُلٍ ادَّعَى لِغَيْر أبيهِ وَهُوَ يَعْلَمُهُ إلاَّ كَفَرَ، وَمَنِ ادَّعَى مَا لَيْسَ لهُ، فَلَيْسَ مِنَّا، وَليَتَبوَّأُ مَقْعَدَهُ مِنَ النَّار، وَمَنْ دَعَا رَجُلًا بِالْكُفْرِ، أوْ قالَ: عدُوَّ اللَّه، وَلَيْسَ كَذلكَ إلاَّ حَارَ عَلَيْهِ متفقٌ عليهِ. وَهَذَا لفْظُ روايةِ مُسْلِمِ"".</span></p><p style=""text-align:justify;"">ترجمہ: رسولِ اکرم صلی اللہ علیہ وسلم کا ارشاد ہے : جانتے ہوئے کسی اور کے بارے میں والد ہونے کا دعوی کسی نے کیا تو اس نے کفر کیا ۔۔۔الحدیث۔ فقط واللہ اعلم</p></p><hr class=""big-hr""/>",17-05-2020,144109202663,banuri.edu.pk,طلاق,ثبوت النسب,ثبوت نسب,"<div class=""col-md-12 sawal-jawab""><h3 class=""question_heading"">سوال</h3><p><p style=""text-align:justify;"">اگر کسی کے باپ دادا نے اپنا نسب بدلا ہو اور ورثا اس بات سے واقف ہیں، لیکن اب انہیں اپنی حقیقی قوم کا نہیں پتا تو اس صورت میں وہ خود کو کس کی طرف منسوب کریں؟</p></p><h4 class=""question_heading"">جواب</h4><p><p style=""text-align:justify;"">واضح رہے کہ احادیث میں  نسب کی تبدیلی پر سخت وعیدات وارد ہوئی ہیں، لہذا صورتِ مسئولہ میں اگر مذکورہ گھرانے کو اپنا حقیقی قبیلہ معلوم نہ ہو تو  بھی اپنی نسبت  باپ دادا کی جانب سے غلط کردہ نسبت کی طرف کرنا جائز نہیں ہے۔</p><p style=""text-align:justify;"">ریاض الصالحین میں ہے:</p><p style=""text-align:justify;""><span class=""ar_writing"">""367 - باب تحريم انتساب الإِنسان إِلَى غير أَبيه وَتَولِّيه إِلَى غير مَواليه</span></p><p style=""text-align:justify;""><span class=""ar_writing"">1/1802- عَنْ سَعْدِ بن أَبي وقَّاصٍ أنَّ النبيَّ ﷺ قالَ: مَن ادَّعَى إِلَى غَيْرِ أبِيهِ وَهُوَ يَعْلَمُ أنَّهُ غَيْرُ أبِيهِ فَالجَنَّةُ عَلَيهِ حَرامٌ. متفقٌ عليهِ"".</span></p><p style=""text-align:justify;"">ترجمہ: رسولِ اکرم صلی اللہ علیہ وسلم کا فرمان ہے: جس شخص نے اپنے والد کے علاوہ کسی دوسرے شخص کو جانتے ہوئے اپنا والد قرار دیا تو اس پر جنت حرام ہے۔</p><p style=""text-align:justify;""><span class=""ar_writing"">""2/1803- وعن أبي هُريْرَة عَن النَّبيِّ ﷺ قَالَ: لاَ تَرْغَبُوا عَنْ آبَائِكُمْ، فَمَنْ رَغِبَ عَنْ أبيهِ فَهُوَ كُفْرٌ. متفقٌ عليه"".</span></p><p style=""text-align:justify;"">ترجمہ: رسولِ اکرم صلی اللہ علیہ وسلم کا ارشاد ہے: اپنے والد سے بے رغبتی و اعراض مت کرو ؛ اس لیے کہ جو شخص اپنے والد سے اعراض (اپنے آپ کو کسی اور کی طرف منسوب) کرے گا تو یہ کفر ہے۔</p><p style=""text-align:justify;""><span class=""ar_writing"">""3/1804- وَعَنْ يزيدَ شريكِ بن طارقٍ قالَ: رَأَيْتُ عَلِيًّا عَلى المِنْبَرِ يَخْطُبُ، فَسَمِعْتهُ يَقُولُ: ... وَمَنِ ادَّعَى إِلَى غَيْرِ أبيهِ، أَوْ انتَمَى إِلَى غَيْرِ مَوَاليهِ، فَعلَيْهِ لَعْنَةُ اللَّه وَالملائِكَةِ وَالنَّاسِ أجْمَعِينَ، لا يقْبَلُ اللَّه مِنْهُ يَوْمَ الْقِيَامةِ صَرْفًا وَلا عَدْلًا. متفقٌ عليه"".</span></p><p style=""text-align:justify;"">حضرت علی کرم اللہ وجہہ فرماتے ہیں : جو شخص اپنے والد کو چھوڑ کر کسی اور کو اپنا والد قرار دے گا یا غیر کی طرف منسوب کرے گا تو اس پر اللہ، فرشتوں اور سب لوگوں کی لعنت ہو، روز قیامت اللہ اس کی مالی عبادات قبول نہیں کرے گا۔</p><p style=""text-align:justify;""><span class=""ar_writing"">""4/1805- وَعَنْ أَبي ذَرٍّ أنَّهُ سَمِعَ رسولَ اللَّه ﷺ يَقُولُ: لَيْسَ منْ رَجُلٍ ادَّعَى لِغَيْر أبيهِ وَهُوَ يَعْلَمُهُ إلاَّ كَفَرَ، وَمَنِ ادَّعَى مَا لَيْسَ لهُ، فَلَيْسَ مِنَّا، وَليَتَبوَّأُ مَقْعَدَهُ مِنَ النَّار، وَمَنْ دَعَا رَجُلًا بِالْكُفْرِ، أوْ قالَ: عدُوَّ اللَّه، وَلَيْسَ كَذلكَ إلاَّ حَارَ عَلَيْهِ متفقٌ عليهِ. وَهَذَا لفْظُ روايةِ مُسْلِمِ"".</span></p><p style=""text-align:justify;"">ترجمہ: رسولِ اکرم صلی اللہ علیہ وسلم کا ارشاد ہے : جانتے ہوئے کسی اور کے بارے میں والد ہونے کا دعوی کسی نے کیا تو اس نے کفر کیا ۔۔۔الحدیث۔ فقط واللہ اعلم</p></p><hr class=""big-hr""/><div class=""col-sm-6 col-md-6""><p class=""question_heading"" style=""color:#73161f"">فتویٰ نمبر : <a id=""fatwa_number"">144109202663</a></p></div><div class=""col-sm-6 col-md-6""><p style=""color:#73161f"">دارالافتاء :
                                جامعہ علوم اسلامیہ علامہ محمد یوسف بنوری ٹاؤن</p></div><hr class=""big-hr""/><div class=""col-sm-4 col-md-4""><div class=""tag""><a href=""https://www.banuri.edu.pk/questions/kitab/talaaq""><i class=""icon-docs-bold""></i> طلاق</a></div></div><div class=""col-sm-4 col-md-4""><div class=""tag""><a href=""https://www.banuri.edu.pk/questions/bab/suboot-e-nasab""><i class=""icon-docs-bold""></i> ثبوت النسب</a></div></div><div class=""col-sm-4 col-md-4""><div class=""tag""><a href=""https://www.banuri.edu.pk/questions/fasal/subot-e-nasab""><i class=""icon-docs-bold""></i> ثبوت نسب</a></div></div></div>"
https://www.banuri.edu.pk/readquestion/motakif-ka-masjid-main-charpai-bichana-144109202442/16-05-2020,معتکف کا مسجد میں چارپائی بچھانا,"<p><p style=""text-align:justify;"">کیا مسجد میں اعتکاف کی حالت میں چارپائی استعمال کر سکتے ہیں؟</p></p>","<p><p style=""text-align:justify;"">معتکف اپنے اعتکاف کی جگہ چارپائی بچھا سکتا ہے اور اس پر لیٹ سکتا ہے، مگر آج کل عرفاً مسجد میں چارپائی بچھانا خلافِ احترام سمجھا جاتا ہے، اس لیے مسجد میں احتیاط چاہیے۔ البتہ عورت کے لیے گھر میں اعتکاف کی جگہ میں چارپائی ڈالنے میں حرج نہیں۔ (فتاوی محمودیہ، کتاب الصوم، باب الاعتکاف 10 / 250 ط: فاروقیہ)</p><p style=""text-align:justify;""><span class=""ar_writing"">سنن ابن ماجه (2 / 653):<br/>
""عن ابن عمر عن النبي صلى الله عليه وسلم، أنه كان إذا اعتكف طرح له فراشه، أو يوضع له سريره وراء أسطوانة التوبة"".</span> <span class=""ar_writing"">فقط والله أعلم </span></p></p><hr class=""big-hr""/>",16-05-2020,144109202442,banuri.edu.pk,روزہ,روزہ,اعتکاف,"<div class=""col-md-12 sawal-jawab""><h3 class=""question_heading"">سوال</h3><p><p style=""text-align:justify;"">کیا مسجد میں اعتکاف کی حالت میں چارپائی استعمال کر سکتے ہیں؟</p></p><h4 class=""question_heading"">جواب</h4><p><p style=""text-align:justify;"">معتکف اپنے اعتکاف کی جگہ چارپائی بچھا سکتا ہے اور اس پر لیٹ سکتا ہے، مگر آج کل عرفاً مسجد میں چارپائی بچھانا خلافِ احترام سمجھا جاتا ہے، اس لیے مسجد میں احتیاط چاہیے۔ البتہ عورت کے لیے گھر میں اعتکاف کی جگہ میں چارپائی ڈالنے میں حرج نہیں۔ (فتاوی محمودیہ، کتاب الصوم، باب الاعتکاف 10 / 250 ط: فاروقیہ)</p><p style=""text-align:justify;""><span class=""ar_writing"">سنن ابن ماجه (2 / 653):<br/>
""عن ابن عمر عن النبي صلى الله عليه وسلم، أنه كان إذا اعتكف طرح له فراشه، أو يوضع له سريره وراء أسطوانة التوبة"".</span> <span class=""ar_writing"">فقط والله أعلم </span></p></p><hr class=""big-hr""/><div class=""col-sm-6 col-md-6""><p class=""question_heading"" style=""color:#73161f"">فتویٰ نمبر : <a id=""fatwa_number"">144109202442</a></p></div><div class=""col-sm-6 col-md-6""><p style=""color:#73161f"">دارالافتاء :
                                جامعہ علوم اسلامیہ علامہ محمد یوسف بنوری ٹاؤن</p></div><hr class=""big-hr""/><div class=""col-sm-4 col-md-4""><div class=""tag""><a href=""https://www.banuri.edu.pk/questions/kitab/soum""><i class=""icon-docs-bold""></i> روزہ</a></div></div><div class=""col-sm-4 col-md-4""><div class=""tag""><a href=""https://www.banuri.edu.pk/questions/bab/roza""><i class=""icon-docs-bold""></i> روزہ</a></div></div><div class=""col-sm-4 col-md-4""><div class=""tag""><a href=""https://www.banuri.edu.pk/questions/fasal/aetikaf""><i class=""icon-docs-bold""></i> اعتکاف</a></div></div></div>"
https://www.banuri.edu.pk/readquestion/talaq-ke-masail-se-la-ilam-aur-na-waqif-shkas-ki-talaq-ka-hukum-144109202410/15-05-2020,طلاق کے مسائل سے لاعلم اور ناواقف شخص کی طلاق کا حکم,"<p><p style=""text-align:justify;"">کیا طلاق کی اہمیت اور مسائل سے ناواقف ہونے سے طلاق ہو جاتی ہے؟</p></p>","<p><p style=""margin-left:9pt;margin-right:10.3pt;text-align:justify;"">واضح رہے کہ  طلاق کے مخصوص الفاظ  کے ساتھ طلاق دینا ان امور میں سے ہے جو بہر صورت واقع ہوجاتی ہے، خواہ بیوی کو ڈرانے، دھمکانے کے لیے طلاق کے الفاظ کہے جائیں یا مذاقاً ہو یا کسی اور نیت سے طلاق دی جائے۔</p><p style=""margin-left:9pt;margin-right:10.3pt;text-align:justify;"">نیز   ایک مسلمان کے ذمہ اللّہ پاک نے جو فرائض عائد کیے  ہیں ان میں یہ بھی شامل ہے کسی بھی معاملہ کو شروع کرنے سے پہلےاس کے شرعی مسائل کا علم حاصل کرے، مذکورہ شخص نے جب شادی کی تھی تو نکاح اورطلاق کے بنیادی مسائل کا جاننا اس کے ذمہ فرض تھا، نیز ایک اسلامی ملک میں رہتے ہوئے جہاں دین کا علم حاصل کرنے سے کوئی مانع موجود نہیں ہے لاعلمی شرعاً عذر نہیں ہے۔ </p><p style=""margin-left:9pt;margin-right:10.3pt;text-align:justify;"">لہذا طلاق کے مسائل سے ناواقف ہونا عذر نہیں ہے، ایسے شخص کی طلاق واقع ہوجائے گی۔</p><p style=""margin-left:9pt;margin-right:10.3pt;text-align:justify;"">         <strong>حدیث مبارک  میں ہے:</strong></p><p style=""margin-left:63pt;margin-right:80.3pt;text-align:justify;""><span class=""ar_writing"">""وعن أبي هريرة أن رسول الله صلى الله عليه وسلم قال: "" ثلاث جدهنّ جد وهزلهنّ جد: النكاح والطلاق والرجعة "". رواه الترمذي وأبو داود وقال الترمذي: هذا حديث حسن غريب"". (مشکاة، 2/284، باب الخلع والطلاق، ط: قدیمی) فقط والله أعلم</span></p></p><hr class=""big-hr""/>",15-05-2020,144109202410,banuri.edu.pk,طلاق,وقوع طلاق وعدم وقوع طلاق,طلاق - وقوع اور عدم وقوع,"<div class=""col-md-12 sawal-jawab""><h3 class=""question_heading"">سوال</h3><p><p style=""text-align:justify;"">کیا طلاق کی اہمیت اور مسائل سے ناواقف ہونے سے طلاق ہو جاتی ہے؟</p></p><h4 class=""question_heading"">جواب</h4><p><p style=""margin-left:9pt;margin-right:10.3pt;text-align:justify;"">واضح رہے کہ  طلاق کے مخصوص الفاظ  کے ساتھ طلاق دینا ان امور میں سے ہے جو بہر صورت واقع ہوجاتی ہے، خواہ بیوی کو ڈرانے، دھمکانے کے لیے طلاق کے الفاظ کہے جائیں یا مذاقاً ہو یا کسی اور نیت سے طلاق دی جائے۔</p><p style=""margin-left:9pt;margin-right:10.3pt;text-align:justify;"">نیز   ایک مسلمان کے ذمہ اللّہ پاک نے جو فرائض عائد کیے  ہیں ان میں یہ بھی شامل ہے کسی بھی معاملہ کو شروع کرنے سے پہلےاس کے شرعی مسائل کا علم حاصل کرے، مذکورہ شخص نے جب شادی کی تھی تو نکاح اورطلاق کے بنیادی مسائل کا جاننا اس کے ذمہ فرض تھا، نیز ایک اسلامی ملک میں رہتے ہوئے جہاں دین کا علم حاصل کرنے سے کوئی مانع موجود نہیں ہے لاعلمی شرعاً عذر نہیں ہے۔ </p><p style=""margin-left:9pt;margin-right:10.3pt;text-align:justify;"">لہذا طلاق کے مسائل سے ناواقف ہونا عذر نہیں ہے، ایسے شخص کی طلاق واقع ہوجائے گی۔</p><p style=""margin-left:9pt;margin-right:10.3pt;text-align:justify;"">         <strong>حدیث مبارک  میں ہے:</strong></p><p style=""margin-left:63pt;margin-right:80.3pt;text-align:justify;""><span class=""ar_writing"">""وعن أبي هريرة أن رسول الله صلى الله عليه وسلم قال: "" ثلاث جدهنّ جد وهزلهنّ جد: النكاح والطلاق والرجعة "". رواه الترمذي وأبو داود وقال الترمذي: هذا حديث حسن غريب"". (مشکاة، 2/284، باب الخلع والطلاق، ط: قدیمی) فقط والله أعلم</span></p></p><hr class=""big-hr""/><div class=""col-sm-6 col-md-6""><p class=""question_heading"" style=""color:#73161f"">فتویٰ نمبر : <a id=""fatwa_number"">144109202410</a></p></div><div class=""col-sm-6 col-md-6""><p style=""color:#73161f"">دارالافتاء :
                                جامعہ علوم اسلامیہ علامہ محمد یوسف بنوری ٹاؤن</p></div><hr class=""big-hr""/><div class=""col-sm-4 col-md-4""><div class=""tag""><a href=""https://www.banuri.edu.pk/questions/kitab/talaaq""><i class=""icon-docs-bold""></i> طلاق</a></div></div><div class=""col-sm-4 col-md-4""><div class=""tag""><a href=""https://www.banuri.edu.pk/questions/bab/wuqoo-e-talaq-o-adme-wuqoo-e-talaq""><i class=""icon-docs-bold""></i> وقوع طلاق وعدم وقوع طلاق</a></div></div><div class=""col-sm-4 col-md-4""><div class=""tag""><a href=""https://www.banuri.edu.pk/questions/fasal/talaq-wuqo-or-adm-e-wuqo""><i class=""icon-docs-bold""></i> طلاق - وقوع اور عدم وقوع</a></div></div></div>"
https://www.banuri.edu.pk/readquestion/azan-kai-alfaz-aage-peche-hojaen-144109202482/16-05-2020,اذان کے الفاظ آگے پیچھے ہو جائیں,"<p><p style=""text-align:justify;"">اذان کے الفاظ آگے پیچھے ہو جائیں تو  کیا حکم ہے؟</p></p>","<p><p style=""text-align:justify;"">اگر ااذان  کے  الفاظ  آگے پیچھے ہوجائیں   یا کوئی کلمہ بھول سے چھوٹ جائے تو فوراً یاد آنے کی صورت میں جہاں غلطی ہوئی ہے اس کو  صحیح کرکے  پڑھ لے۔ شروع سے پوری اذان  کو دہرانا ضروری نہیں، اور اگر کچھ  دیر کے  بعد یاد آئے اور نماز کا وقت باقی ہو تو  شروع سےاذان کا  اعادہ کرلے۔</p><p style=""text-align:justify;""><span class=""ar_writing"">""․․ ولو قدم فیهما موٴخرًا، أعاد ما قدم فقط ولایتکلم فیها أصلاً، فإن تکلّم استأنف.</span></p><p style=""text-align:justify;""><span class=""ar_writing"">وقال الشامي: ""کما لو قدم الفلاح علی الصلاة یعیده فقط أي ولایستأنف الأذان من أوله ..."" الخ․ (شامي کراچی: ۱/ ۳۶۱) فقط والله أعلم</span></p></p><hr class=""big-hr""/>",16-05-2020,144109202482,banuri.edu.pk,نماز,اذان,اذان و اقامت,"<div class=""col-md-12 sawal-jawab""><h3 class=""question_heading"">سوال</h3><p><p style=""text-align:justify;"">اذان کے الفاظ آگے پیچھے ہو جائیں تو  کیا حکم ہے؟</p></p><h4 class=""question_heading"">جواب</h4><p><p style=""text-align:justify;"">اگر ااذان  کے  الفاظ  آگے پیچھے ہوجائیں   یا کوئی کلمہ بھول سے چھوٹ جائے تو فوراً یاد آنے کی صورت میں جہاں غلطی ہوئی ہے اس کو  صحیح کرکے  پڑھ لے۔ شروع سے پوری اذان  کو دہرانا ضروری نہیں، اور اگر کچھ  دیر کے  بعد یاد آئے اور نماز کا وقت باقی ہو تو  شروع سےاذان کا  اعادہ کرلے۔</p><p style=""text-align:justify;""><span class=""ar_writing"">""․․ ولو قدم فیهما موٴخرًا، أعاد ما قدم فقط ولایتکلم فیها أصلاً، فإن تکلّم استأنف.</span></p><p style=""text-align:justify;""><span class=""ar_writing"">وقال الشامي: ""کما لو قدم الفلاح علی الصلاة یعیده فقط أي ولایستأنف الأذان من أوله ..."" الخ․ (شامي کراچی: ۱/ ۳۶۱) فقط والله أعلم</span></p></p><hr class=""big-hr""/><div class=""col-sm-6 col-md-6""><p class=""question_heading"" style=""color:#73161f"">فتویٰ نمبر : <a id=""fatwa_number"">144109202482</a></p></div><div class=""col-sm-6 col-md-6""><p style=""color:#73161f"">دارالافتاء :
                                جامعہ علوم اسلامیہ علامہ محمد یوسف بنوری ٹاؤن</p></div><hr class=""big-hr""/><div class=""col-sm-4 col-md-4""><div class=""tag""><a href=""https://www.banuri.edu.pk/questions/kitab/salat""><i class=""icon-docs-bold""></i> نماز</a></div></div><div class=""col-sm-4 col-md-4""><div class=""tag""><a href=""https://www.banuri.edu.pk/questions/bab/azan""><i class=""icon-docs-bold""></i> اذان</a></div></div><div class=""col-sm-4 col-md-4""><div class=""tag""><a href=""https://www.banuri.edu.pk/questions/fasal/azan-o-iqamat""><i class=""icon-docs-bold""></i> اذان و اقامت</a></div></div></div>"
https://www.banuri.edu.pk/readquestion/forex-trading-ka-sharai-hukum-144109202484/16-05-2020,فاریکس ٹریڈنگ کا شرعی حکم,"<p><p style=""text-align:justify;"">مجھے فاریکس ٹریڈنگ کے آن لائن کاروبار کےبارے میں جاننا ہے کہ فاریکس ٹریڈنگ اسلام میں حلال ہے یا حرام؟  کیا ہم یہ کاروبار کر سکتے ہیں؟</p></p>","<p><p style=""text-align:justify;"">فاریکس ٹریڈنگ کا کاروبار ناجائز ہے ۔ </p><p style=""text-align:justify;"">مزید تفصیل کے لیے درج ذیل لنک پر جامعہ کا فتویٰ ملاحظہ کیجیے:</p><p style=""text-align:justify;""><a href=""https://www.banuri.edu.pk/readquestion/%D9%81%D8%A7%D8%B1%DB%8C%DA%A9%D8%B3-%D9%B9%D8%B1%DB%8C%DA%88%D9%86%DA%AF-%DA%A9%D8%A7-%D8%AD%DA%A9%D9%85/06-12-2018"">فاریکس ٹریڈنگ کا حکم</a></p><p style=""text-align:justify;"">فقط واللہ اعلم</p></p><hr class=""big-hr""/>",16-05-2020,144109202484,banuri.edu.pk,معاملات,بیع / تجارت,بیع صحیح ، فاسد اور باطل,"<div class=""col-md-12 sawal-jawab""><h3 class=""question_heading"">سوال</h3><p><p style=""text-align:justify;"">مجھے فاریکس ٹریڈنگ کے آن لائن کاروبار کےبارے میں جاننا ہے کہ فاریکس ٹریڈنگ اسلام میں حلال ہے یا حرام؟  کیا ہم یہ کاروبار کر سکتے ہیں؟</p></p><h4 class=""question_heading"">جواب</h4><p><p style=""text-align:justify;"">فاریکس ٹریڈنگ کا کاروبار ناجائز ہے ۔ </p><p style=""text-align:justify;"">مزید تفصیل کے لیے درج ذیل لنک پر جامعہ کا فتویٰ ملاحظہ کیجیے:</p><p style=""text-align:justify;""><a href=""https://www.banuri.edu.pk/readquestion/%D9%81%D8%A7%D8%B1%DB%8C%DA%A9%D8%B3-%D9%B9%D8%B1%DB%8C%DA%88%D9%86%DA%AF-%DA%A9%D8%A7-%D8%AD%DA%A9%D9%85/06-12-2018"">فاریکس ٹریڈنگ کا حکم</a></p><p style=""text-align:justify;"">فقط واللہ اعلم</p></p><hr class=""big-hr""/><div class=""col-sm-6 col-md-6""><p class=""question_heading"" style=""color:#73161f"">فتویٰ نمبر : <a id=""fatwa_number"">144109202484</a></p></div><div class=""col-sm-6 col-md-6""><p style=""color:#73161f"">دارالافتاء :
                                جامعہ علوم اسلامیہ علامہ محمد یوسف بنوری ٹاؤن</p></div><hr class=""big-hr""/><div class=""col-sm-4 col-md-4""><div class=""tag""><a href=""https://www.banuri.edu.pk/questions/kitab/muamlat""><i class=""icon-docs-bold""></i> معاملات</a></div></div><div class=""col-sm-4 col-md-4""><div class=""tag""><a href=""https://www.banuri.edu.pk/questions/bab/bay-tijarat""><i class=""icon-docs-bold""></i> بیع / تجارت</a></div></div><div class=""col-sm-4 col-md-4""><div class=""tag""><a href=""https://www.banuri.edu.pk/questions/fasal/bay-sahih-fasid-or-batil""><i class=""icon-docs-bold""></i> بیع صحیح ، فاسد اور باطل</a></div></div></div>"
https://www.banuri.edu.pk/readquestion/ghar-main-taraweeh-parhne-wala-qirat-kis-tarah-kare-144109202417/15-05-2020,گھر میں انفرادی  تراویح  اور وتر پڑھنے والا  قراء ت جہری کرے یا سری ؟,"<p><p style=""text-align:justify;"">گھر پر تراویح پڑھنے والا قراء ت جہری کرےگا یا سری؟ اسی طرح وتر کی قرات کا کیا حکم ہو گا؟</p></p>","<p><p style=""text-align:justify;"">جو شخص گھر  میں انفرادی طور پر تراویح یا وتر ادا کررہا ہو اس کے لیے اجازت ہے کہ خواہ  جہری قراء ت کرے یا سری ۔ البتہ جہری قراءت افضل ہے۔  جہری قراءت میں آواز اتنی رکھی جائے کہ کسی بیمار یا سونے والے کو تکلیف نہ ہو۔ البتہ مرد کو چاہیے کہ وہ بلاعذر گھر میں انفرادی طور پر تراویح نہ پڑھے، بلکہ جماعت کے ساتھ مسجد میں تراویح کی نماز ادا کرے۔</p><p style=""text-align:justify;""><span class=""ar_writing"">البحر الرائق شرح كنز الدقائق (3 / 338):</span></p><p style=""text-align:justify;""><span class=""ar_writing"">""وقد أفاد أن المتنفل بالنهار يجب عليه الإخفاء مطلقًا، و المتنفل بالليل مخير بين الجهر والإخفاء إن كان منفردا"".</span></p><p style=""text-align:justify;""><span class=""ar_writing"">تبيين الحقائق شرح كنز الدقائق - (2 / 122):</span></p><p style=""text-align:justify;""><span class=""ar_writing"">""قال رحمه الله: (وخير المنفرد فيما يجهر كمتنفل بالليل) أي إن شاء جهر وهو أفضل"".</span></p><p style=""text-align:justify;""><span class=""ar_writing"">حاشية على مراقي الفلاح شرح نور الإيضاح - (1 / 170):</span></p><p style=""text-align:justify;""><span class=""ar_writing"">""(قوله:كمتنفل بالليل) والجهر أفضل ما لم يؤذ نائمًا ونحوه كمريض و من ينظر في العلم، قاله السيد ناقلاً عن خط والده، (قوله: ولايوقظ الوسنان) الوسنان النائم"". فقط والله أعلم </span></p></p><hr class=""big-hr""/>",15-05-2020,144109202417,banuri.edu.pk,نماز,تراویح,تراویح,"<div class=""col-md-12 sawal-jawab""><h3 class=""question_heading"">سوال</h3><p><p style=""text-align:justify;"">گھر پر تراویح پڑھنے والا قراء ت جہری کرےگا یا سری؟ اسی طرح وتر کی قرات کا کیا حکم ہو گا؟</p></p><h4 class=""question_heading"">جواب</h4><p><p style=""text-align:justify;"">جو شخص گھر  میں انفرادی طور پر تراویح یا وتر ادا کررہا ہو اس کے لیے اجازت ہے کہ خواہ  جہری قراء ت کرے یا سری ۔ البتہ جہری قراءت افضل ہے۔  جہری قراءت میں آواز اتنی رکھی جائے کہ کسی بیمار یا سونے والے کو تکلیف نہ ہو۔ البتہ مرد کو چاہیے کہ وہ بلاعذر گھر میں انفرادی طور پر تراویح نہ پڑھے، بلکہ جماعت کے ساتھ مسجد میں تراویح کی نماز ادا کرے۔</p><p style=""text-align:justify;""><span class=""ar_writing"">البحر الرائق شرح كنز الدقائق (3 / 338):</span></p><p style=""text-align:justify;""><span class=""ar_writing"">""وقد أفاد أن المتنفل بالنهار يجب عليه الإخفاء مطلقًا، و المتنفل بالليل مخير بين الجهر والإخفاء إن كان منفردا"".</span></p><p style=""text-align:justify;""><span class=""ar_writing"">تبيين الحقائق شرح كنز الدقائق - (2 / 122):</span></p><p style=""text-align:justify;""><span class=""ar_writing"">""قال رحمه الله: (وخير المنفرد فيما يجهر كمتنفل بالليل) أي إن شاء جهر وهو أفضل"".</span></p><p style=""text-align:justify;""><span class=""ar_writing"">حاشية على مراقي الفلاح شرح نور الإيضاح - (1 / 170):</span></p><p style=""text-align:justify;""><span class=""ar_writing"">""(قوله:كمتنفل بالليل) والجهر أفضل ما لم يؤذ نائمًا ونحوه كمريض و من ينظر في العلم، قاله السيد ناقلاً عن خط والده، (قوله: ولايوقظ الوسنان) الوسنان النائم"". فقط والله أعلم </span></p></p><hr class=""big-hr""/><div class=""col-sm-6 col-md-6""><p class=""question_heading"" style=""color:#73161f"">فتویٰ نمبر : <a id=""fatwa_number"">144109202417</a></p></div><div class=""col-sm-6 col-md-6""><p style=""color:#73161f"">دارالافتاء :
                                جامعہ علوم اسلامیہ علامہ محمد یوسف بنوری ٹاؤن</p></div><hr class=""big-hr""/><div class=""col-sm-4 col-md-4""><div class=""tag""><a href=""https://www.banuri.edu.pk/questions/kitab/salat""><i class=""icon-docs-bold""></i> نماز</a></div></div><div class=""col-sm-4 col-md-4""><div class=""tag""><a href=""https://www.banuri.edu.pk/questions/bab/taraweeh""><i class=""icon-docs-bold""></i> تراویح</a></div></div><div class=""col-sm-4 col-md-4""><div class=""tag""><a href=""https://www.banuri.edu.pk/questions/fasal/taraweeh""><i class=""icon-docs-bold""></i> تراویح</a></div></div></div>"
https://www.banuri.edu.pk/readquestion/zakat-ke-hisab-ka-tareqa-144109202937/19-05-2020,انویسٹ کی گئی رقم، قرض اور بیلنس کی زکاۃ کا حساب,"<p><p style=""text-align:justify;"">میں زکاۃ کے بارے میں جاننا چاہتاہوں، میرے اثاثوں اور مالیات کی تفصیل درج ذیل ہے:</p><p style=""text-align:justify;"">میں ایک نجی اسکول چل رہا ہوں،  لیکن مجھے اس میں منافع نہیں مل رہا، میں اس اسکول میں جیب سے ادائیگی بھی کر رہا ہوں.  میں نے گزشتہ دو سالوں کے لیے ایک اسکول میں پارٹنر کے طور پر  1,200,000 روپے کا اشتراک کیا ہے، لیکن کوئی منافع نہیں ملا،  تاہم میری رقم ان کے ساتھ محفوظ ہے،  منافع 8 ہزار تک ہوگا۔ کریانہ اسٹور چلا رہا ہوں ، کرایہ اور سیلز مین کی تنخواہ ادا کرتا ہوں،  کل مصنوعات 50000 روپے کی ہوسکتی ہیں،  میرے گھر میں ماہانہ اخراجات 60000 کے ارد گرد ہیں، جو میں اپنی بچت سے ادائیگی کر رہا ہوں؛ کیوں کہ پہلے میں متحدہ عرب امارات میں کام کیا کرتا تھا اور اب گزشتہ ایک سال کے لیے بچت کی رقم استعمال کرتا ہوں۔ اب بینک اکاؤنٹ میں 1.2 ملین ہے, میری حج کی درخواست منظور نہیں کی گئی تھی تو یہ میری کل رقم ہے،  چار سال سے دو افراد پر  180000 قرض ہے، میرے پاس کوئی ملازمت ، تنخواہ یا دیگر آمدنی نہیں ہے.</p><p style=""text-align:justify;"">مذکورہ تفصیل کی روشنی میں مجھے میری زکاۃ کا حساب بتادیجیے!</p></p>","<hr class=""big-hr""/>",19-05-2020,144109202937,banuri.edu.pk,زکات,زکوٰۃ / صدقات,وجوب زکوٰۃ کی تفصیل,"<div class=""col-md-12 sawal-jawab""><h3 class=""question_heading"">سوال</h3><p><p style=""text-align:justify;"">میں زکاۃ کے بارے میں جاننا چاہتاہوں، میرے اثاثوں اور مالیات کی تفصیل درج ذیل ہے:</p><p style=""text-align:justify;"">میں ایک نجی اسکول چل رہا ہوں،  لیکن مجھے اس میں منافع نہیں مل رہا، میں اس اسکول میں جیب سے ادائیگی بھی کر رہا ہوں.  میں نے گزشتہ دو سالوں کے لیے ایک اسکول میں پارٹنر کے طور پر  1,200,000 روپے کا اشتراک کیا ہے، لیکن کوئی منافع نہیں ملا،  تاہم میری رقم ان کے ساتھ محفوظ ہے،  منافع 8 ہزار تک ہوگا۔ کریانہ اسٹور چلا رہا ہوں ، کرایہ اور سیلز مین کی تنخواہ ادا کرتا ہوں،  کل مصنوعات 50000 روپے کی ہوسکتی ہیں،  میرے گھر میں ماہانہ اخراجات 60000 کے ارد گرد ہیں، جو میں اپنی بچت سے ادائیگی کر رہا ہوں؛ کیوں کہ پہلے میں متحدہ عرب امارات میں کام کیا کرتا تھا اور اب گزشتہ ایک سال کے لیے بچت کی رقم استعمال کرتا ہوں۔ اب بینک اکاؤنٹ میں 1.2 ملین ہے, میری حج کی درخواست منظور نہیں کی گئی تھی تو یہ میری کل رقم ہے،  چار سال سے دو افراد پر  180000 قرض ہے، میرے پاس کوئی ملازمت ، تنخواہ یا دیگر آمدنی نہیں ہے.</p><p style=""text-align:justify;"">مذکورہ تفصیل کی روشنی میں مجھے میری زکاۃ کا حساب بتادیجیے!</p></p><h4 class=""question_heading"">جواب</h4><p><p style=""text-align:justify;"">بصورتِ مسئولہ آپ کی ملکیت میں جو کچھ سونا، چاندی، مالِ تجارت اور نقدی ہے اگر اس پر سال گزرچکا ہے یا آپ پہلے سے صاحب نصاب ہیں تو جب آپ کی زکوٰۃ کا سال پورا ہوتا ہو اس وقت اپنی ملکیت میں موجود ان تمام چیزوں ( سونا، چاندی،نقدی اور  مال تجارت ) کی قیمت فروخت لگا کر اس میں سے اپنے اوپر واجب الادا  رقم کو نکال لیں اور جو رقم بچ جائے اس کا ڈھائی فیصد زکوٰۃ میں ادا کردیں۔ اگر گزشتہ سالوں کی زکاۃ ادا نہیں کی ہے تو اس کی زکاۃ بھی نکالنا لازم ہوگا۔</p><p style=""text-align:justify;"">لہٰذا آپ کے بینک اکاؤنٹ میں جو رقم ہے اس پر بھی زکات واجب ہوگی، اور جو رقم انویسٹ کی ہے اور جو رقم آپ نے کسی کو قرض دی ہے اس کی زکوٰۃ بھی آپ ہی کے ذمہ لازم ہے۔ البتہ انویسٹ کی گئی رقم کے بارے میں پارٹنر سے معلومات حاصل کرلیں کہ اس سے اسکول کی کیا ضروریات پوری کی گئیں اور اب موجودہ وقت میں آپ کا حصہ اس میں کتنا بن رہاہے، اس کی مالیت کو بینک میں موجود رقم کے ساتھ جمع کردیجیے۔ اور دو افراد پر جو قرض ہے اس کی زکاۃ کی ادائیگی میں آپ کو یہ اختیار ہے کہ قرض وصول ہونے کے بعد زکاۃ دیں یا ابھی دے دیں۔ اگر ابھی دینا چاہتے ہیں تو اس رقم کو بھی مجموعے میں شامل کرلیں، اور پھر مجموعی مالیت کو چالیس سے تقسیم کردیں، حاصل جواب آپ کی زکاۃ کی واجب مقدار ہوگا۔ فقط واللہ اعلم</p></p><hr class=""big-hr""/><div class=""col-sm-6 col-md-6""><p class=""question_heading"" style=""color:#73161f"">فتویٰ نمبر : <a id=""fatwa_number"">144109202937</a></p></div><div class=""col-sm-6 col-md-6""><p style=""color:#73161f"">دارالافتاء :
                                جامعہ علوم اسلامیہ علامہ محمد یوسف بنوری ٹاؤن</p></div><hr class=""big-hr""/><div class=""col-sm-4 col-md-4""><div class=""tag""><a href=""https://www.banuri.edu.pk/questions/kitab/zakat""><i class=""icon-docs-bold""></i> زکات</a></div></div><div class=""col-sm-4 col-md-4""><div class=""tag""><a href=""https://www.banuri.edu.pk/questions/bab/zakat-sadaqat""><i class=""icon-docs-bold""></i> زکوٰۃ / صدقات</a></div></div><div class=""col-sm-4 col-md-4""><div class=""tag""><a href=""https://www.banuri.edu.pk/questions/fasal/wujob-e-zakat-ki-tafseel""><i class=""icon-docs-bold""></i> وجوب زکوٰۃ کی تفصیل</a></div></div></div>"
https://www.banuri.edu.pk/readquestion/zawal-ka-waqt-144109203040/20-05-2020,زوال کا وقت,"<p><p style=""text-align:justify;"">دن اور رات میں زوال کے اوقات کون کون سے ہیں اور ان کا دورانیہ کتنا ہوتا ہے؟</p></p>","<p><p style=""text-align:justify;"">پورا سورج  32 دقیقہ ہے اور اسے خط سے گزرنے میں 2 منٹ اور 8 سیکنڈ لگتے ہیں، اصل مکروہ وقت یہی ہے جس کو وقتِ استواء کہا جاتا ہے۔ اس کے بعد زوالِ شمس کا وقت شروع ہوجاتا ہے جو کہ ظہر کی نماز کا ابتدائی وقت ہے۔ تاہم اس وقت کا مشاہدہ سے اندازا  لگانا عام طور پر مشکل ہے، اسی وجہ سے اس سے کچھ دیر پہلے اور اس سے کچھ دیر بعد تک احتیاط کرنے کا کہا جاتا ہے، احتیاطاً  کل دس منٹ تک نماز نہ پڑھی جائے۔</p><p style=""text-align:justify;"">رات میں زوال کا وقت نہیں ہوتا۔ بعض عوام میں یہ غلط فہمی پائی جاتی ہے کہ دن کی طرح رات میں بھی زوال ہوتاہے، اور وہ یہ سمجھتے ہیں کہ رات بارہ بجے نماز پڑھنا منع ہے، حال آں کہ اس کی کوئی حقیقت نہیں ہے۔ لہٰذا پوری رات میں کسی بھی وقت نفل یا قضا نماز پڑھنا بلاکراہت جائز ہے۔ البتہ عشاء کی نماز  بلاعذر آدھی رات سے زیادہ تاخیر کرکے ادا کرنا مکروہ ہے، تاہم اس صورت میں بھی عشاء کی نماز ادا ہوجاتی ہے، اور اگر کسی عذر کی وجہ سے عشاء کی نماز میں تاخیر ہوجائے تو آدھی رات کے بعد بھی بلاکراہت اسے ادا کرنا جائز ہے۔</p><p style=""text-align:justify;""><span class=""ar_writing"">الدر المختار وحاشية ابن عابدين (رد المحتار) (1 / 371):<br/>
""ولايخفى أن زوال الشمس إنما هو عقيب انتصاف النهار بلا فصل"".</span></p><p style=""text-align:justify;"">آپ کے مسائل اور ان کا حل میں ہے :</p><p style=""text-align:justify;"">’’اوقات کے نقشوں میں جو زوال کا وقت  لکھا ہوتا ہے، اس کا مطلب یہ ہوتا ہے کہ اس کے بعد نماز جائز ہے، زوال میں تو زیادہ منٹ نہیں لگتے، لیکن احتیاطاً نصف النہار سے ۵ منٹ قبل اور ۵ منٹ بعد نماز میں توقف کرنا چاہیے‘‘۔ (ج۳ / ص۲۰۷) فقط واللہ اعلم</p></p><hr class=""big-hr""/>",20-05-2020,144109203040,banuri.edu.pk,نماز,نمازوں کے اوقات,نمازوں کے اوقات,"<div class=""col-md-12 sawal-jawab""><h3 class=""question_heading"">سوال</h3><p><p style=""text-align:justify;"">دن اور رات میں زوال کے اوقات کون کون سے ہیں اور ان کا دورانیہ کتنا ہوتا ہے؟</p></p><h4 class=""question_heading"">جواب</h4><p><p style=""text-align:justify;"">پورا سورج  32 دقیقہ ہے اور اسے خط سے گزرنے میں 2 منٹ اور 8 سیکنڈ لگتے ہیں، اصل مکروہ وقت یہی ہے جس کو وقتِ استواء کہا جاتا ہے۔ اس کے بعد زوالِ شمس کا وقت شروع ہوجاتا ہے جو کہ ظہر کی نماز کا ابتدائی وقت ہے۔ تاہم اس وقت کا مشاہدہ سے اندازا  لگانا عام طور پر مشکل ہے، اسی وجہ سے اس سے کچھ دیر پہلے اور اس سے کچھ دیر بعد تک احتیاط کرنے کا کہا جاتا ہے، احتیاطاً  کل دس منٹ تک نماز نہ پڑھی جائے۔</p><p style=""text-align:justify;"">رات میں زوال کا وقت نہیں ہوتا۔ بعض عوام میں یہ غلط فہمی پائی جاتی ہے کہ دن کی طرح رات میں بھی زوال ہوتاہے، اور وہ یہ سمجھتے ہیں کہ رات بارہ بجے نماز پڑھنا منع ہے، حال آں کہ اس کی کوئی حقیقت نہیں ہے۔ لہٰذا پوری رات میں کسی بھی وقت نفل یا قضا نماز پڑھنا بلاکراہت جائز ہے۔ البتہ عشاء کی نماز  بلاعذر آدھی رات سے زیادہ تاخیر کرکے ادا کرنا مکروہ ہے، تاہم اس صورت میں بھی عشاء کی نماز ادا ہوجاتی ہے، اور اگر کسی عذر کی وجہ سے عشاء کی نماز میں تاخیر ہوجائے تو آدھی رات کے بعد بھی بلاکراہت اسے ادا کرنا جائز ہے۔</p><p style=""text-align:justify;""><span class=""ar_writing"">الدر المختار وحاشية ابن عابدين (رد المحتار) (1 / 371):<br/>
""ولايخفى أن زوال الشمس إنما هو عقيب انتصاف النهار بلا فصل"".</span></p><p style=""text-align:justify;"">آپ کے مسائل اور ان کا حل میں ہے :</p><p style=""text-align:justify;"">’’اوقات کے نقشوں میں جو زوال کا وقت  لکھا ہوتا ہے، اس کا مطلب یہ ہوتا ہے کہ اس کے بعد نماز جائز ہے، زوال میں تو زیادہ منٹ نہیں لگتے، لیکن احتیاطاً نصف النہار سے ۵ منٹ قبل اور ۵ منٹ بعد نماز میں توقف کرنا چاہیے‘‘۔ (ج۳ / ص۲۰۷) فقط واللہ اعلم</p></p><hr class=""big-hr""/><div class=""col-sm-6 col-md-6""><p class=""question_heading"" style=""color:#73161f"">فتویٰ نمبر : <a id=""fatwa_number"">144109203040</a></p></div><div class=""col-sm-6 col-md-6""><p style=""color:#73161f"">دارالافتاء :
                                جامعہ علوم اسلامیہ علامہ محمد یوسف بنوری ٹاؤن</p></div><hr class=""big-hr""/><div class=""col-sm-4 col-md-4""><div class=""tag""><a href=""https://www.banuri.edu.pk/questions/kitab/salat""><i class=""icon-docs-bold""></i> نماز</a></div></div><div class=""col-sm-4 col-md-4""><div class=""tag""><a href=""https://www.banuri.edu.pk/questions/bab/namazon-k-auqat""><i class=""icon-docs-bold""></i> نمازوں کے اوقات</a></div></div><div class=""col-sm-4 col-md-4""><div class=""tag""><a href=""https://www.banuri.edu.pk/questions/fasal/namazon-k-auqat""><i class=""icon-docs-bold""></i> نمازوں کے اوقات</a></div></div></div>"
https://www.banuri.edu.pk/readquestion/iqamat-ki-shari-hesiyat-144109203280/23-05-2020,اقامت کی شرعی حیثیت,"<p><p style=""text-align:justify;"">اقامت کہنا کیا ہے؟(سنت یا مستحب)</p></p>","<p><p style=""text-align:justify;"">پانچ وقت کی فرض نماز اور جمعہ کی نماز جماعت سے ادا کرنے لیے اقامت کہنا مردوں پر سنتِ مؤکدہ ہے، ان کے علاوہ باقی نمازوں کے لیے اقامت نہیں ہے۔</p><p style=""text-align:justify;""><span class=""ar_writing"">مراقي الفلاح شرح نور الإيضاح (ص: 78):<br/>
""و"" كذا ""الإقامة سنة مؤكدة"" في قوة الواجب؛ لقول النبي صلى الله عليه وسلم: ""إذا حضرت الصلاة فليؤذن لكم أحدكم وليؤمكم أكبركم""، وللمدوامة عليهما ""للفرائض""، ومنها الجمعة؛ فلايؤذن لعيد واستسقاء وجنازة ووتر"". فقط و الله أعلم </span></p></p><hr class=""big-hr""/>",23-05-2020,144109203280,banuri.edu.pk,نماز,اذان,اذان و اقامت,"<div class=""col-md-12 sawal-jawab""><h3 class=""question_heading"">سوال</h3><p><p style=""text-align:justify;"">اقامت کہنا کیا ہے؟(سنت یا مستحب)</p></p><h4 class=""question_heading"">جواب</h4><p><p style=""text-align:justify;"">پانچ وقت کی فرض نماز اور جمعہ کی نماز جماعت سے ادا کرنے لیے اقامت کہنا مردوں پر سنتِ مؤکدہ ہے، ان کے علاوہ باقی نمازوں کے لیے اقامت نہیں ہے۔</p><p style=""text-align:justify;""><span class=""ar_writing"">مراقي الفلاح شرح نور الإيضاح (ص: 78):<br/>
""و"" كذا ""الإقامة سنة مؤكدة"" في قوة الواجب؛ لقول النبي صلى الله عليه وسلم: ""إذا حضرت الصلاة فليؤذن لكم أحدكم وليؤمكم أكبركم""، وللمدوامة عليهما ""للفرائض""، ومنها الجمعة؛ فلايؤذن لعيد واستسقاء وجنازة ووتر"". فقط و الله أعلم </span></p></p><hr class=""big-hr""/><div class=""col-sm-6 col-md-6""><p class=""question_heading"" style=""color:#73161f"">فتویٰ نمبر : <a id=""fatwa_number"">144109203280</a></p></div><div class=""col-sm-6 col-md-6""><p style=""color:#73161f"">دارالافتاء :
                                جامعہ علوم اسلامیہ علامہ محمد یوسف بنوری ٹاؤن</p></div><hr class=""big-hr""/><div class=""col-sm-4 col-md-4""><div class=""tag""><a href=""https://www.banuri.edu.pk/questions/kitab/salat""><i class=""icon-docs-bold""></i> نماز</a></div></div><div class=""col-sm-4 col-md-4""><div class=""tag""><a href=""https://www.banuri.edu.pk/questions/bab/azan""><i class=""icon-docs-bold""></i> اذان</a></div></div><div class=""col-sm-4 col-md-4""><div class=""tag""><a href=""https://www.banuri.edu.pk/questions/fasal/azan-o-iqamat""><i class=""icon-docs-bold""></i> اذان و اقامت</a></div></div></div>"
https://www.banuri.edu.pk/readquestion/karachi-jahaz-hadse-main-marne-wale-shaeed-ke-hukum-main-hain-144109203281/23-05-2020,کیا کراچی جہاز حادثہ میں مرنے والے شہید کے حکم میں ہیں؟,"<p><p style=""text-align:justify;"">کراچی جہازمیں مرنے والا شہید ہیں۔مہربانی تفصیل سے بتائیں؟</p></p>","<p><p style=""text-align:justify;""> شہید  کی دو قسمیں ہیں:حقیقی اور حکمی۔</p><p style=""text-align:justify;"">حقیقی شہید وہ کہلاتا ہے جس پر شہید کے دنیوی اَحکام لاگو ہوتے ہیں  کہ اس کو غسل وکفن نہیں دیا جائے گا اور جنازہ پڑھ کر ان ہی کپڑوں میں دفن کر دیا جائے جن  میں شہید ہوا ہے، مثلاً اللہ کے راستہ میں شہید ہونے والا، یا کسی کے ہاتھ ناحق قتل ہونے والا،  بشرطیکہ وہ بغیر علاج معالجہ اور وصیت وغیرہ موقع پر ہی دم توڑجائے۔</p><p style=""text-align:justify;"">اور حکمی شہید وہ کہلاتا ہے، جس کے بارے میں احادیث میں شہادت کی بشارت وارد ہوئی ہو، ایسا شخص آخرت میں تو شہیدوں کی فہرست میں شمار کیا جائے گا، البتہ دنیا میں اس پر عام میتوں والے اَحکام جاری ہوں گے،  یعنی اس کو غسل دیا جائے گا اور کفن بھی پہنایا جائے گا۔</p><p style=""text-align:justify;"">متفرق احادیث میں ایسے شہداء کی چالیس سے زیادہ قسمیں مذکور ہیں، ان سب احادیث کو جمع کرنے کے لیے علماء محققین نے مختلف رسالے تالیف کیے ہیں، علامہ ابن عابدین شامی رحمہ اللہ نے ان تحقیقات کا خلاصہ  حاشیہ رد المحتار میں نقل کیا ہے،، جس کا لب لباب ڈاکٹر عبدالحئی عارفی رحمہ اللہ نے اپنی کتاب ’’احکامِ میت‘‘  میں ذکر کیا ہے۔</p><p style=""text-align:justify;"">ان اقسام کی روشنی میں کراچی جہاز حادثہ میں انتقال کرجانے والے کئی وجوہ سے حکمی اور اخروی شہید ہیں، اس لیے آگ میں جل کر مرنے والے، کسی دیوار یا عمارت کے نیچے دب کر مرنے والے، جمعہ کے دن وفات پانے والے، مسافر اور دیار غیر میں مرنے والے  شہید کے حکم میں ہوتے ہیں۔ (فتاوی شامی، 2/252، 253،  باب الشہید، ط: سعید)  فقط واللہ اعلم</p></p><hr class=""big-hr""/>",23-05-2020,144109203281,banuri.edu.pk,جنائز,شہید کے احکام,شہید اور اس کے احکام,"<div class=""col-md-12 sawal-jawab""><h3 class=""question_heading"">سوال</h3><p><p style=""text-align:justify;"">کراچی جہازمیں مرنے والا شہید ہیں۔مہربانی تفصیل سے بتائیں؟</p></p><h4 class=""question_heading"">جواب</h4><p><p style=""text-align:justify;""> شہید  کی دو قسمیں ہیں:حقیقی اور حکمی۔</p><p style=""text-align:justify;"">حقیقی شہید وہ کہلاتا ہے جس پر شہید کے دنیوی اَحکام لاگو ہوتے ہیں  کہ اس کو غسل وکفن نہیں دیا جائے گا اور جنازہ پڑھ کر ان ہی کپڑوں میں دفن کر دیا جائے جن  میں شہید ہوا ہے، مثلاً اللہ کے راستہ میں شہید ہونے والا، یا کسی کے ہاتھ ناحق قتل ہونے والا،  بشرطیکہ وہ بغیر علاج معالجہ اور وصیت وغیرہ موقع پر ہی دم توڑجائے۔</p><p style=""text-align:justify;"">اور حکمی شہید وہ کہلاتا ہے، جس کے بارے میں احادیث میں شہادت کی بشارت وارد ہوئی ہو، ایسا شخص آخرت میں تو شہیدوں کی فہرست میں شمار کیا جائے گا، البتہ دنیا میں اس پر عام میتوں والے اَحکام جاری ہوں گے،  یعنی اس کو غسل دیا جائے گا اور کفن بھی پہنایا جائے گا۔</p><p style=""text-align:justify;"">متفرق احادیث میں ایسے شہداء کی چالیس سے زیادہ قسمیں مذکور ہیں، ان سب احادیث کو جمع کرنے کے لیے علماء محققین نے مختلف رسالے تالیف کیے ہیں، علامہ ابن عابدین شامی رحمہ اللہ نے ان تحقیقات کا خلاصہ  حاشیہ رد المحتار میں نقل کیا ہے،، جس کا لب لباب ڈاکٹر عبدالحئی عارفی رحمہ اللہ نے اپنی کتاب ’’احکامِ میت‘‘  میں ذکر کیا ہے۔</p><p style=""text-align:justify;"">ان اقسام کی روشنی میں کراچی جہاز حادثہ میں انتقال کرجانے والے کئی وجوہ سے حکمی اور اخروی شہید ہیں، اس لیے آگ میں جل کر مرنے والے، کسی دیوار یا عمارت کے نیچے دب کر مرنے والے، جمعہ کے دن وفات پانے والے، مسافر اور دیار غیر میں مرنے والے  شہید کے حکم میں ہوتے ہیں۔ (فتاوی شامی، 2/252، 253،  باب الشہید، ط: سعید)  فقط واللہ اعلم</p></p><hr class=""big-hr""/><div class=""col-sm-6 col-md-6""><p class=""question_heading"" style=""color:#73161f"">فتویٰ نمبر : <a id=""fatwa_number"">144109203281</a></p></div><div class=""col-sm-6 col-md-6""><p style=""color:#73161f"">دارالافتاء :
                                جامعہ علوم اسلامیہ علامہ محمد یوسف بنوری ٹاؤن</p></div><hr class=""big-hr""/><div class=""col-sm-4 col-md-4""><div class=""tag""><a href=""https://www.banuri.edu.pk/questions/kitab/janaiz""><i class=""icon-docs-bold""></i> جنائز</a></div></div><div class=""col-sm-4 col-md-4""><div class=""tag""><a href=""https://www.banuri.edu.pk/questions/bab/shaheed-ke-ahkaam""><i class=""icon-docs-bold""></i> شہید کے احکام</a></div></div><div class=""col-sm-4 col-md-4""><div class=""tag""><a href=""https://www.banuri.edu.pk/questions/fasal/shaheed-or-us-k-ahkam""><i class=""icon-docs-bold""></i> شہید اور اس کے احکام</a></div></div></div>"
https://www.banuri.edu.pk/readquestion/khawateen-ramadan-k-rozon-ki-pehle-qaza-kren-ya-shawwal-k-che-roze-rakhen-144110200998/07-06-2020,خواتین پہلے رمضان کے روزوں کی قضا کریں یا شوال کے چھ روزے رکھیں؟,"<p><p style=""text-align:justify;"">کیا خواتین کو   شوال کے 6 روزے ان کے رمضان کے قضا روزوں کے بعد رکھنے چاہییں؟ یا پھر شوال میں یہ روزے  رکھ  کر بقیہ سال میں جب موقع ہو تو قضا کی تعداد پوری کرسکتی ہیں؟</p></p>","<p><p style=""text-align:justify;"">واضح رہے کہ رمضان کے روزوں کی قضا  کے لیے کوئی محدود وقت شریعت نے مقرر نہیں کیا ہے، جس کی وجہ سے تاخیر کے ساتھ  بھی ادا کرنے کی شرعاً اجازت ہے، جب کہ شوال کے  چھ  روزوں کے لیے محدود وقت یعنی شوال کا مہینہ ہے، لہذا خواتین قضا روزوں سے قبل شوال کے چھ  روزے  رکھ سکتی ہیں،  اور اگر پہلے قضا  روزے رکھنا چاہیں تو شرعاً اس کی بھی اجازت ہے۔ یہ بھی ذہن نشین رہے کہ شوال کے مہینے میں قضا روزوں کے ضمن میں شوال کے نفلی روزوں کی ادائیگی نہیں ہوگی۔ فقط واللہ اعلم</p></p><hr class=""big-hr""/>",07-06-2020,144110200998,banuri.edu.pk,روزہ,روزہ,روزہ کی قضاء,"<div class=""col-md-12 sawal-jawab""><h3 class=""question_heading"">سوال</h3><p><p style=""text-align:justify;"">کیا خواتین کو   شوال کے 6 روزے ان کے رمضان کے قضا روزوں کے بعد رکھنے چاہییں؟ یا پھر شوال میں یہ روزے  رکھ  کر بقیہ سال میں جب موقع ہو تو قضا کی تعداد پوری کرسکتی ہیں؟</p></p><h4 class=""question_heading"">جواب</h4><p><p style=""text-align:justify;"">واضح رہے کہ رمضان کے روزوں کی قضا  کے لیے کوئی محدود وقت شریعت نے مقرر نہیں کیا ہے، جس کی وجہ سے تاخیر کے ساتھ  بھی ادا کرنے کی شرعاً اجازت ہے، جب کہ شوال کے  چھ  روزوں کے لیے محدود وقت یعنی شوال کا مہینہ ہے، لہذا خواتین قضا روزوں سے قبل شوال کے چھ  روزے  رکھ سکتی ہیں،  اور اگر پہلے قضا  روزے رکھنا چاہیں تو شرعاً اس کی بھی اجازت ہے۔ یہ بھی ذہن نشین رہے کہ شوال کے مہینے میں قضا روزوں کے ضمن میں شوال کے نفلی روزوں کی ادائیگی نہیں ہوگی۔ فقط واللہ اعلم</p></p><hr class=""big-hr""/><div class=""col-sm-6 col-md-6""><p class=""question_heading"" style=""color:#73161f"">فتویٰ نمبر : <a id=""fatwa_number"">144110200998</a></p></div><div class=""col-sm-6 col-md-6""><p style=""color:#73161f"">دارالافتاء :
                                جامعہ علوم اسلامیہ علامہ محمد یوسف بنوری ٹاؤن</p></div><hr class=""big-hr""/><div class=""col-sm-4 col-md-4""><div class=""tag""><a href=""https://www.banuri.edu.pk/questions/kitab/soum""><i class=""icon-docs-bold""></i> روزہ</a></div></div><div class=""col-sm-4 col-md-4""><div class=""tag""><a href=""https://www.banuri.edu.pk/questions/bab/roza""><i class=""icon-docs-bold""></i> روزہ</a></div></div><div class=""col-sm-4 col-md-4""><div class=""tag""><a href=""https://www.banuri.edu.pk/questions/fasal/rozay-ki-qaza""><i class=""icon-docs-bold""></i> روزہ کی قضاء</a></div></div></div>"
https://www.banuri.edu.pk/readquestion/roze-ka-fidya-/23-05-2020,جو مریض وقفے وقفے سے روزے رکھ سکتاہو اس کے لیے روزے کا فدیہ,"<p><p style=""text-align:justify;"">اگر کوئی عورت مسلسل روزے نہیں  رکھ  سکتی،  3 سال گزر گئے ہیں کہ پورے پورے روزے بیماری کی وجہ سے رہ گئے ہیں، اور قضا بھی نہیں کر سکی، اب ہر سال ایامِ مخصوصہ کے علاوہ  کچھ  روزے  رہ جاتے ہیں تو کیا  ایسی عورت اگر اس نیت سے روزوں کا فدیہ ادا کر دے کہ اگر طاقت ہوئی تو  قضا بھی کر لوں گی ورنہ موت کا پتا نہیں،  ایسا کرنا کیسا ہے؟</p></p>","<p><p style=""text-align:justify;"">واضح رہے کہ اگر کسی کے ذمے قضا روزے باقی ہوں اور اس کا انتقال ہو جائے یا وہ اس قدر بیمار ہو جائے کہ اب اس کے صحت یاب ہونے کی امید نہ رہے تو ایسے مریض یا حد درجہ عمر رسیدہ شخص کی طرف سے اس کے قضا روزوں کا فدیہ ادا کیا جائے گا۔  لیکن اگر وہ شخص حیات ہے اور بیمار تو ہے، لیکن اس قدر بیمار ہے کہ وہ ایک ایک دو دو کرکے وقفہ وقفہ سے روزے رکھ سکتا ہے یا فی الحال بیمار ہے، لیکن آئندہ صحت یابی کی امید ہے تو  اس کے ذمے روزہ کی قضا ہی ضروری ہوگی، فدیہ ادا کرنے سے فرض ذمے سے ساقط نہیں ہوگا۔</p><p style=""text-align:justify;"">مذکورہ صورت میں عورت اگر سردی کے ایام میں یا کچھ دن کے وقفے سے روزے  رکھ سکتی ہے (جیساکہ سوال سے معلوم ہورہاہے) تو  اس کے ذمے قضا ہی لازم ہے۔ اگر زندگی میں ادا نہ کرسکی تو ایک تہائی ترکے میں سے فدیے کی ادائیگی کی وصیت کردے۔ اور اگر مذکورہ عورت ایسی مریضہ ہے کہ وقفے وقفے سے بھی روزہ نہیں رکھ سکتی اور آئندہ بھی صحت یابی کی امید نہیں ہے تو  فدیہ ادا کردے۔ فقط واللہ اعلم</p></p><hr class=""big-hr""/>",23-05-2020,144109203279,banuri.edu.pk,روزہ,روزہ,کفارہ / فدیہ,"<div class=""col-md-12 sawal-jawab""><h3 class=""question_heading"">سوال</h3><p><p style=""text-align:justify;"">اگر کوئی عورت مسلسل روزے نہیں  رکھ  سکتی،  3 سال گزر گئے ہیں کہ پورے پورے روزے بیماری کی وجہ سے رہ گئے ہیں، اور قضا بھی نہیں کر سکی، اب ہر سال ایامِ مخصوصہ کے علاوہ  کچھ  روزے  رہ جاتے ہیں تو کیا  ایسی عورت اگر اس نیت سے روزوں کا فدیہ ادا کر دے کہ اگر طاقت ہوئی تو  قضا بھی کر لوں گی ورنہ موت کا پتا نہیں،  ایسا کرنا کیسا ہے؟</p></p><h4 class=""question_heading"">جواب</h4><p><p style=""text-align:justify;"">واضح رہے کہ اگر کسی کے ذمے قضا روزے باقی ہوں اور اس کا انتقال ہو جائے یا وہ اس قدر بیمار ہو جائے کہ اب اس کے صحت یاب ہونے کی امید نہ رہے تو ایسے مریض یا حد درجہ عمر رسیدہ شخص کی طرف سے اس کے قضا روزوں کا فدیہ ادا کیا جائے گا۔  لیکن اگر وہ شخص حیات ہے اور بیمار تو ہے، لیکن اس قدر بیمار ہے کہ وہ ایک ایک دو دو کرکے وقفہ وقفہ سے روزے رکھ سکتا ہے یا فی الحال بیمار ہے، لیکن آئندہ صحت یابی کی امید ہے تو  اس کے ذمے روزہ کی قضا ہی ضروری ہوگی، فدیہ ادا کرنے سے فرض ذمے سے ساقط نہیں ہوگا۔</p><p style=""text-align:justify;"">مذکورہ صورت میں عورت اگر سردی کے ایام میں یا کچھ دن کے وقفے سے روزے  رکھ سکتی ہے (جیساکہ سوال سے معلوم ہورہاہے) تو  اس کے ذمے قضا ہی لازم ہے۔ اگر زندگی میں ادا نہ کرسکی تو ایک تہائی ترکے میں سے فدیے کی ادائیگی کی وصیت کردے۔ اور اگر مذکورہ عورت ایسی مریضہ ہے کہ وقفے وقفے سے بھی روزہ نہیں رکھ سکتی اور آئندہ بھی صحت یابی کی امید نہیں ہے تو  فدیہ ادا کردے۔ فقط واللہ اعلم</p></p><hr class=""big-hr""/><div class=""col-sm-6 col-md-6""><p class=""question_heading"" style=""color:#73161f"">فتویٰ نمبر : <a id=""fatwa_number"">144109203279</a></p></div><div class=""col-sm-6 col-md-6""><p style=""color:#73161f"">دارالافتاء :
                                جامعہ علوم اسلامیہ علامہ محمد یوسف بنوری ٹاؤن</p></div><hr class=""big-hr""/><div class=""col-sm-4 col-md-4""><div class=""tag""><a href=""https://www.banuri.edu.pk/questions/kitab/soum""><i class=""icon-docs-bold""></i> روزہ</a></div></div><div class=""col-sm-4 col-md-4""><div class=""tag""><a href=""https://www.banuri.edu.pk/questions/bab/roza""><i class=""icon-docs-bold""></i> روزہ</a></div></div><div class=""col-sm-4 col-md-4""><div class=""tag""><a href=""https://www.banuri.edu.pk/questions/fasal/kaffara-fidya""><i class=""icon-docs-bold""></i> کفارہ / فدیہ</a></div></div></div>"
https://www.banuri.edu.pk/readquestion/bacha-qaleen-par-ulti-karde-to-us-par-namaz-parhne-ka-kia-hukum-he-144109203277/22-05-2020,بچہ قالین پر الٹی کردے تو اس پر نماز پڑھنے کا کیا حکم ہے؟,"<p><p style=""text-align:justify;"">بچے نے قالین پر الٹی کردی، اب قالین پر نماز پڑھنا جائز ہے؟</p></p>","<p><p style=""text-align:justify;"">صورتِ  مسئولہ میں  اگر  بچہ نے منہ بھر کر  الٹی کی ہو تو اس کا حکم بڑے آدمی کی الٹی  کی مانند  ہے،  اور یہ ناپاک ہے،  جسم،  کپڑے یا قالین پر لگ جائے اور مقدار میں ایک درہم یا ایک درہم سے زائدہو تو اس کا پاک کرنا ضروری ہوگا۔</p><p style=""text-align:justify;"">اور  اگر  قالین  ناپاک ہوجائے اور  نچوڑا نہ جاسکے، تو اس کی پاکی کا طریقہ یہ ہے کہ اسے تین مرتبہ دھویا جائے اور ہر مرتبہ دھوکر اتنی دیر چھوڑدیا جائے کہ اس سے پانی ٹپکنا بند ہوجائے، (پوری طرح سوکھنا ضروری نہیں) تین مرتبہ ایسا کرنے سے وہ  قالین پاک  ہو جائے گا، اور اگر قالین پاک نہ کیا ہو تو اگر  اس جگہ پر اتنا موٹا کپڑا بچھا کر نماز پڑھی جائے جس سے چادر کے اوپر نجاست کا اثر ظاہر نہیں ہورہاہو تو  نماز درست ہوجائے گی۔</p><p style=""text-align:justify;"">اور  اگر  الٹی  منہ بھر کر نہ ہو خواہ بالغ کی ہو یا نابالغ کی تو وہ ناپاک نہیں ہے۔ اسی طرح  اگر  دودھ پیتا بچہ  دودھ پینے کے دوران (حلق سے نیچے دودھ اتارے بغیر) منہ سے ہی دودھ نکال دے تو وہ قے کے حکم میں نہیں ہے۔</p><p style=""text-align:justify;""><span class=""ar_writing"">الدر المختار شرح تنوير الأبصار في فقه مذهب الإمام أبي حنيفة - (1 / 138)دارالفکر، بیروت:<br/>
""وهو نجس مغلظ ولو من صبي ساعة ارتضاعه، هو الصحيح؛ لمخالطة النجاسة"". فقط والله أعلم</span></p></p><hr class=""big-hr""/>",22-05-2020,144109203277,banuri.edu.pk,طہارت,نجاست اور اس سے پاکی,نجاست سے پاکی,"<div class=""col-md-12 sawal-jawab""><h3 class=""question_heading"">سوال</h3><p><p style=""text-align:justify;"">بچے نے قالین پر الٹی کردی، اب قالین پر نماز پڑھنا جائز ہے؟</p></p><h4 class=""question_heading"">جواب</h4><p><p style=""text-align:justify;"">صورتِ  مسئولہ میں  اگر  بچہ نے منہ بھر کر  الٹی کی ہو تو اس کا حکم بڑے آدمی کی الٹی  کی مانند  ہے،  اور یہ ناپاک ہے،  جسم،  کپڑے یا قالین پر لگ جائے اور مقدار میں ایک درہم یا ایک درہم سے زائدہو تو اس کا پاک کرنا ضروری ہوگا۔</p><p style=""text-align:justify;"">اور  اگر  قالین  ناپاک ہوجائے اور  نچوڑا نہ جاسکے، تو اس کی پاکی کا طریقہ یہ ہے کہ اسے تین مرتبہ دھویا جائے اور ہر مرتبہ دھوکر اتنی دیر چھوڑدیا جائے کہ اس سے پانی ٹپکنا بند ہوجائے، (پوری طرح سوکھنا ضروری نہیں) تین مرتبہ ایسا کرنے سے وہ  قالین پاک  ہو جائے گا، اور اگر قالین پاک نہ کیا ہو تو اگر  اس جگہ پر اتنا موٹا کپڑا بچھا کر نماز پڑھی جائے جس سے چادر کے اوپر نجاست کا اثر ظاہر نہیں ہورہاہو تو  نماز درست ہوجائے گی۔</p><p style=""text-align:justify;"">اور  اگر  الٹی  منہ بھر کر نہ ہو خواہ بالغ کی ہو یا نابالغ کی تو وہ ناپاک نہیں ہے۔ اسی طرح  اگر  دودھ پیتا بچہ  دودھ پینے کے دوران (حلق سے نیچے دودھ اتارے بغیر) منہ سے ہی دودھ نکال دے تو وہ قے کے حکم میں نہیں ہے۔</p><p style=""text-align:justify;""><span class=""ar_writing"">الدر المختار شرح تنوير الأبصار في فقه مذهب الإمام أبي حنيفة - (1 / 138)دارالفکر، بیروت:<br/>
""وهو نجس مغلظ ولو من صبي ساعة ارتضاعه، هو الصحيح؛ لمخالطة النجاسة"". فقط والله أعلم</span></p></p><hr class=""big-hr""/><div class=""col-sm-6 col-md-6""><p class=""question_heading"" style=""color:#73161f"">فتویٰ نمبر : <a id=""fatwa_number"">144109203277</a></p></div><div class=""col-sm-6 col-md-6""><p style=""color:#73161f"">دارالافتاء :
                                جامعہ علوم اسلامیہ علامہ محمد یوسف بنوری ٹاؤن</p></div><hr class=""big-hr""/><div class=""col-sm-4 col-md-4""><div class=""tag""><a href=""https://www.banuri.edu.pk/questions/kitab/taharat""><i class=""icon-docs-bold""></i> طہارت</a></div></div><div class=""col-sm-4 col-md-4""><div class=""tag""><a href=""https://www.banuri.edu.pk/questions/bab/najasat-aur-us-ki-paki""><i class=""icon-docs-bold""></i> نجاست اور اس سے پاکی</a></div></div><div class=""col-sm-4 col-md-4""><div class=""tag""><a href=""https://www.banuri.edu.pk/questions/fasal/nijasat-aur-us-ki-paki""><i class=""icon-docs-bold""></i> نجاست سے پاکی</a></div></div></div>"
https://www.banuri.edu.pk/readquestion/eid-ki-namaz-main-muqtadiyo-ko-ishtebao-ki-waja-se-ruku-na-karna-144109203273/22-05-2020,عید کی نماز میں ایک تکبیر زائد بھول جانا اور مقتدیوں کا اشتباہ کی وجہ سے رکوع نہ کرنا,"<p><p style=""text-align:justify;"">اگر امام نے  عید کی دوسری رکعت میں تکبیر زائد ہ ابھی دو ہی کہیں تھیں اور تیسری کہہ کر رکوع میں چلے گئے اور کچھ مقتدی حضرات نے  تکبیر زائد کے انتظار میں رکوع نہیں کیا  یہاں تک کہ امام  نے رکوع سے فارغ  ہو کر باقی نماز مکمل کرلی،  لیکن کچھ مقتدیوں نے  رکوع نہیں کیا تو ان کی نماز دوبارہ پڑھنے کا طریقہ کیا ہوگا؟</p></p>","<p><p style=""text-align:justify;"">عید  کی نماز میں تکبیر تحریمہ کے علاوہ ہر رکعت میں تین تین تکبیرات زوائد واجب ہیں،  اگر ان میں کوئی تکبیر چھوٹ جائے تو واجب ترک ہوگا اور واجب ترک ہونے سے سجدہ سہو لازم ہوگا، البتہ چوں کہ عید کی نماز بڑا مجمع ہوتا ہے  اور لوگوں کے انتشار کا خوف ہوتا ہے، اس لیے سجدہ سہو نہ کیا،  تب بھی عید کی نماز ادا ہوجائے گی۔</p><p style=""text-align:justify;"">باقی بعض وہ افراد جو امام کے ساتھ عید  کی نماز میں شروع سے شریک تھے، لیکن امام کی تکبیر زوائد کے انتظار میں انہوں نے امام کے ساتھ  رکوع نہیں کیا اور امام کے رکوع سے اٹھنے کے بعد  خود بھی رکوع نہیں کیا تو ایسے لوگوں کی عید کی نماز ادا نہیں ہوئی، اور عید کی نماز فوت ہوجانے کی صورت میں قضا لازم نہیں ہے۔ </p><p style=""text-align:justify;"">ایسی صورت میں اگر عید کی نماز  کا وقت باقی ہو اور قرب وجوار میں کسی اور جگہ عید کی نماز  ہوتی ہو تو کسی اور جگہ جاکر عید کی نماز پڑھنا واجب ہوگا، اور عید کی نماز کاوقت ختم ہوگیا تو اس کی قضا لازم نہیں ہے اور اس کی تلافی کی بھی کوئی صورت نہیں۔</p><p style=""text-align:justify;"">اور اگر انہوں نے امام صاحب کے ساتھ تو رکوع نہیں کیا، لیکن بعد میں خود رکوع کرکے امام کے ساتھ بقیہ ارکان میں شامل ہوگئے تو ان کی نماز ہوگئی۔ فقط واللہ اعلم</p></p><hr class=""big-hr""/>",22-05-2020,144109203273,banuri.edu.pk,نماز,جمعہ کی نماز,جمعہ و عیدین,"<div class=""col-md-12 sawal-jawab""><h3 class=""question_heading"">سوال</h3><p><p style=""text-align:justify;"">اگر امام نے  عید کی دوسری رکعت میں تکبیر زائد ہ ابھی دو ہی کہیں تھیں اور تیسری کہہ کر رکوع میں چلے گئے اور کچھ مقتدی حضرات نے  تکبیر زائد کے انتظار میں رکوع نہیں کیا  یہاں تک کہ امام  نے رکوع سے فارغ  ہو کر باقی نماز مکمل کرلی،  لیکن کچھ مقتدیوں نے  رکوع نہیں کیا تو ان کی نماز دوبارہ پڑھنے کا طریقہ کیا ہوگا؟</p></p><h4 class=""question_heading"">جواب</h4><p><p style=""text-align:justify;"">عید  کی نماز میں تکبیر تحریمہ کے علاوہ ہر رکعت میں تین تین تکبیرات زوائد واجب ہیں،  اگر ان میں کوئی تکبیر چھوٹ جائے تو واجب ترک ہوگا اور واجب ترک ہونے سے سجدہ سہو لازم ہوگا، البتہ چوں کہ عید کی نماز بڑا مجمع ہوتا ہے  اور لوگوں کے انتشار کا خوف ہوتا ہے، اس لیے سجدہ سہو نہ کیا،  تب بھی عید کی نماز ادا ہوجائے گی۔</p><p style=""text-align:justify;"">باقی بعض وہ افراد جو امام کے ساتھ عید  کی نماز میں شروع سے شریک تھے، لیکن امام کی تکبیر زوائد کے انتظار میں انہوں نے امام کے ساتھ  رکوع نہیں کیا اور امام کے رکوع سے اٹھنے کے بعد  خود بھی رکوع نہیں کیا تو ایسے لوگوں کی عید کی نماز ادا نہیں ہوئی، اور عید کی نماز فوت ہوجانے کی صورت میں قضا لازم نہیں ہے۔ </p><p style=""text-align:justify;"">ایسی صورت میں اگر عید کی نماز  کا وقت باقی ہو اور قرب وجوار میں کسی اور جگہ عید کی نماز  ہوتی ہو تو کسی اور جگہ جاکر عید کی نماز پڑھنا واجب ہوگا، اور عید کی نماز کاوقت ختم ہوگیا تو اس کی قضا لازم نہیں ہے اور اس کی تلافی کی بھی کوئی صورت نہیں۔</p><p style=""text-align:justify;"">اور اگر انہوں نے امام صاحب کے ساتھ تو رکوع نہیں کیا، لیکن بعد میں خود رکوع کرکے امام کے ساتھ بقیہ ارکان میں شامل ہوگئے تو ان کی نماز ہوگئی۔ فقط واللہ اعلم</p></p><hr class=""big-hr""/><div class=""col-sm-6 col-md-6""><p class=""question_heading"" style=""color:#73161f"">فتویٰ نمبر : <a id=""fatwa_number"">144109203273</a></p></div><div class=""col-sm-6 col-md-6""><p style=""color:#73161f"">دارالافتاء :
                                جامعہ علوم اسلامیہ علامہ محمد یوسف بنوری ٹاؤن</p></div><hr class=""big-hr""/><div class=""col-sm-4 col-md-4""><div class=""tag""><a href=""https://www.banuri.edu.pk/questions/kitab/salat""><i class=""icon-docs-bold""></i> نماز</a></div></div><div class=""col-sm-4 col-md-4""><div class=""tag""><a href=""https://www.banuri.edu.pk/questions/bab/jumaa""><i class=""icon-docs-bold""></i> جمعہ کی نماز</a></div></div><div class=""col-sm-4 col-md-4""><div class=""tag""><a href=""https://www.banuri.edu.pk/questions/fasal/juma-o-eidayn""><i class=""icon-docs-bold""></i> جمعہ و عیدین</a></div></div></div>"
https://www.banuri.edu.pk/readquestion/purani-carancy-ke-ewaz-nai-carancy-lene-ka-hukum-144109203274/22-05-2020,پرانی کرنسی کے عوض نئی کرنسی لینے کاحکم,"<p><p style=""text-align:justify;"">پرانے نوٹ کے بدلے نیا نوٹ لینے پر منافع لینا کیسا ہے؟  1000 کی کرنسی 1400کی ملتی ہے، اس کی خرید و فروخت کیسی ہے؟</p></p>","<p><p style=""text-align:justify;"">نوٹ یا سکے جوایک ملک کے ہوتے ہیں اورایک ہی قسم کی مالیت رکھتے ہیں اگرچہ پرانےاورنئےہوں ان کاآپس میں تبادلہ مساوی طور پر ہاتھ  در ہاتھ جائزہے، کمی زیادتی کے ساتھ  تبادلہ سود ہونے کی وجہ سے ناجائزہے، لہٰذا ایک ہزار روپے کے نئے نوٹ 1400 میں فروخت کرنا اور انہیں خریدنا ناجائز اور سود ہے۔</p><p style=""text-align:justify;"">اگر ایسا عقد کرنا ضروری ہو تو جواز کی صورت یہ ہوسکتی ہے کہ نئے نوٹ دینے والا شخص 1000 روپے مالیت کے نوٹوں کے ساتھ ملاکر ایک ہی عقد میں کوئی اور چیز بھی فروخت کرے، مثلاً: ایک قلم ساتھ رکھ دے، چناں چہ ایک ہزار روپے کے عوض ایک ہزار روپے ہوجائیں گے، اور اضافی رقم قلم کے عوض ہوجائے گی۔ فقط واللہ اعلم</p></p><hr class=""big-hr""/>",22-05-2020,144109203274,banuri.edu.pk,معاملات,بیع / تجارت,نقدی کی بیع کا بیان,"<div class=""col-md-12 sawal-jawab""><h3 class=""question_heading"">سوال</h3><p><p style=""text-align:justify;"">پرانے نوٹ کے بدلے نیا نوٹ لینے پر منافع لینا کیسا ہے؟  1000 کی کرنسی 1400کی ملتی ہے، اس کی خرید و فروخت کیسی ہے؟</p></p><h4 class=""question_heading"">جواب</h4><p><p style=""text-align:justify;"">نوٹ یا سکے جوایک ملک کے ہوتے ہیں اورایک ہی قسم کی مالیت رکھتے ہیں اگرچہ پرانےاورنئےہوں ان کاآپس میں تبادلہ مساوی طور پر ہاتھ  در ہاتھ جائزہے، کمی زیادتی کے ساتھ  تبادلہ سود ہونے کی وجہ سے ناجائزہے، لہٰذا ایک ہزار روپے کے نئے نوٹ 1400 میں فروخت کرنا اور انہیں خریدنا ناجائز اور سود ہے۔</p><p style=""text-align:justify;"">اگر ایسا عقد کرنا ضروری ہو تو جواز کی صورت یہ ہوسکتی ہے کہ نئے نوٹ دینے والا شخص 1000 روپے مالیت کے نوٹوں کے ساتھ ملاکر ایک ہی عقد میں کوئی اور چیز بھی فروخت کرے، مثلاً: ایک قلم ساتھ رکھ دے، چناں چہ ایک ہزار روپے کے عوض ایک ہزار روپے ہوجائیں گے، اور اضافی رقم قلم کے عوض ہوجائے گی۔ فقط واللہ اعلم</p></p><hr class=""big-hr""/><div class=""col-sm-6 col-md-6""><p class=""question_heading"" style=""color:#73161f"">فتویٰ نمبر : <a id=""fatwa_number"">144109203274</a></p></div><div class=""col-sm-6 col-md-6""><p style=""color:#73161f"">دارالافتاء :
                                جامعہ علوم اسلامیہ علامہ محمد یوسف بنوری ٹاؤن</p></div><hr class=""big-hr""/><div class=""col-sm-4 col-md-4""><div class=""tag""><a href=""https://www.banuri.edu.pk/questions/kitab/muamlat""><i class=""icon-docs-bold""></i> معاملات</a></div></div><div class=""col-sm-4 col-md-4""><div class=""tag""><a href=""https://www.banuri.edu.pk/questions/bab/bay-tijarat""><i class=""icon-docs-bold""></i> بیع / تجارت</a></div></div><div class=""col-sm-4 col-md-4""><div class=""tag""><a href=""https://www.banuri.edu.pk/questions/fasal/naqdi-ki-bay-ka-bayan""><i class=""icon-docs-bold""></i> نقدی کی بیع کا بیان</a></div></div></div>"
https://www.banuri.edu.pk/readquestion/kameti-say-hasil-honay-wali-raqam-par-zakat-ka-hukam-144109203224/22-05-2020,کمیٹی سے حاصل ہونے والی رقم پر زکاۃ کا حکم,"<p><p style=""text-align:justify;"">میں نے کمیٹی ڈالی جس میں،  میں ماہانہ دس ہزار روپے دیتا تھا،  اب سب سے آخری کمیٹی 320000 روپے میری نکلی ہے،  اب میں کتنی زکوٰۃ دوں گا؟ </p></p>","<p><p style=""text-align:justify;"">مذکورہ صورت میں (آخری کمیٹی آپ کی نکلنے کے بعد) اگر آپ کے ذمے قرض نہیں ہے تو یہ رقم (تین لاکھ بیس ہزار روپے) زکاۃ کے نصاب (ساڑھے باون تولہ چاندی کی قیمت) سے زیادہ ہے،  لہٰذا  اس رقم کی زکاۃ ادا کرنا آپ پر لازم ہوگا، اگر آپ پہلے سے صاحبِ نصاب ہیں تو زکاۃ کا سال پورا ہونے پر اس رقم کو بھی حساب میں شامل کیجیے، اور  اگر آپ پہلے سے صاحب نصاب نہیں تھے تو  جب سے ساڑھے باون تولہ چاندی کی قیمت کے بقدر ضرورت سے زائد رقم (یا سونا، چاندی، مالِ تجارت ملاکر) آپ کی ملکیت میں آئی ہے اس وقت سے آپ کی زکاۃ کا سال شروع ہوگیا، لہٰذا سال پورا ہونے پر زکاۃ کی ادائیگی واجب ہوگی۔  فقط واللہ اعلم</p></p><hr class=""big-hr""/>",22-05-2020,144109203224,banuri.edu.pk,زکات,زکوٰۃ / صدقات,وجوب زکوٰۃ کی تفصیل,"<div class=""col-md-12 sawal-jawab""><h3 class=""question_heading"">سوال</h3><p><p style=""text-align:justify;"">میں نے کمیٹی ڈالی جس میں،  میں ماہانہ دس ہزار روپے دیتا تھا،  اب سب سے آخری کمیٹی 320000 روپے میری نکلی ہے،  اب میں کتنی زکوٰۃ دوں گا؟ </p></p><h4 class=""question_heading"">جواب</h4><p><p style=""text-align:justify;"">مذکورہ صورت میں (آخری کمیٹی آپ کی نکلنے کے بعد) اگر آپ کے ذمے قرض نہیں ہے تو یہ رقم (تین لاکھ بیس ہزار روپے) زکاۃ کے نصاب (ساڑھے باون تولہ چاندی کی قیمت) سے زیادہ ہے،  لہٰذا  اس رقم کی زکاۃ ادا کرنا آپ پر لازم ہوگا، اگر آپ پہلے سے صاحبِ نصاب ہیں تو زکاۃ کا سال پورا ہونے پر اس رقم کو بھی حساب میں شامل کیجیے، اور  اگر آپ پہلے سے صاحب نصاب نہیں تھے تو  جب سے ساڑھے باون تولہ چاندی کی قیمت کے بقدر ضرورت سے زائد رقم (یا سونا، چاندی، مالِ تجارت ملاکر) آپ کی ملکیت میں آئی ہے اس وقت سے آپ کی زکاۃ کا سال شروع ہوگیا، لہٰذا سال پورا ہونے پر زکاۃ کی ادائیگی واجب ہوگی۔  فقط واللہ اعلم</p></p><hr class=""big-hr""/><div class=""col-sm-6 col-md-6""><p class=""question_heading"" style=""color:#73161f"">فتویٰ نمبر : <a id=""fatwa_number"">144109203224</a></p></div><div class=""col-sm-6 col-md-6""><p style=""color:#73161f"">دارالافتاء :
                                جامعہ علوم اسلامیہ علامہ محمد یوسف بنوری ٹاؤن</p></div><hr class=""big-hr""/><div class=""col-sm-4 col-md-4""><div class=""tag""><a href=""https://www.banuri.edu.pk/questions/kitab/zakat""><i class=""icon-docs-bold""></i> زکات</a></div></div><div class=""col-sm-4 col-md-4""><div class=""tag""><a href=""https://www.banuri.edu.pk/questions/bab/zakat-sadaqat""><i class=""icon-docs-bold""></i> زکوٰۃ / صدقات</a></div></div><div class=""col-sm-4 col-md-4""><div class=""tag""><a href=""https://www.banuri.edu.pk/questions/fasal/wujob-e-zakat-ki-tafseel""><i class=""icon-docs-bold""></i> وجوب زکوٰۃ کی تفصیل</a></div></div></div>"
https://www.banuri.edu.pk/readquestion/ramzan-ke-aakhri-ashre-main-sadqa-e-fitar-ada-karna-144109203257/22-05-2020,رمضان کے آخری عشرہ میں صدقہ فطر ادا کرنا,"<p><p style=""text-align:justify;"">فطرانہ کب دینا چاہیے؟  اور اگر عید الفطر سے پہلے مطلب کہ آخری عشرے میں دے دیا جائے تو کیا حکم ہے؟</p></p>","<p><p style=""text-align:justify;"">صدقہ فطر عیدالفطر کے دن جس وقت فجر کا وقت آتا ہے (یعنی جب سحری کا وقت ختم ہوتاہے) اس وقت  واجب ہوتا ہے، البتہ صدقہ فطر عید سے پہلے رمضان المبارک میں بھی کسی بھی دن  ادا کرنا درست ہے، صحابہ کرام رضی اللہ عنہم سے رمضان المبارک میں صدقہ فطر کی ادائیگی ثابت ہے؛ لہذا رمضان کے آخری عشرہ میں صدقہ فطر ادا کرنا درست ہے۔</p><p style=""text-align:justify;"">نیز  عید الفطر کے دن عید کی نماز سے پہلے پہلے صدقہ فطر ادا کرلینا چاہیے، یہ بہت زیادہ فضیلت کی بات ہے، عید کی نماز سے پہلے ادا نہیں کیا تو عید کی نماز کے بعد ادا کرنا ہوگا، لیکن اس سے ثواب میں کمی ہوگی، اور عید کے دن سے زیادہ تاخیر کرنا خلاف سنت اور مکروہ ہے، لیکن پھر بھی ادا کرنا ضروری ہوگا۔</p><p style=""text-align:justify;""><span class=""ar_writing"">الدر المختار وحاشية ابن عابدين (رد المحتار) (2/ 367):</span></p><p style=""text-align:justify;""><span class=""ar_writing"">""(وصح أداؤها إذا قدمه على يوم الفطر أو أخره) اعتبارا بالزكاة والسبب موجود إذ هو الرأس (بشرط دخول رمضان في الأول) أي مسألة التقديم (هو الصحيح) وبه يفتى جوهرة وبحر عن الظهيرية لكن عامة المتون والشروح على صحة التقديم مطلقا وصححه غير واحد ورجحه في النهر ونقل عن الولوالجية أنه ظاهر الرواية. قلت: فكان هو المذهب.</span></p><p style=""text-align:justify;"">مزید تفصیل کے لیے درج ذیل لنک پر فتوی ملاحظہ فرمائیں:</p><p style=""text-align:justify;""><a href=""https://www.banuri.edu.pk/readquestion/%D8%B5%D8%AF%D9%82%DB%81-%D9%81%D8%B7%D8%B1-%D8%B9%DB%8C%D8%AF-%DB%8C%D8%A7-%D8%B1%D9%85%D8%B6%D8%A7%D9%86-%D8%B3%DB%92-%D9%BE%DB%81%D9%84%DB%92-%D8%A7%D8%AF%D8%A7-%DA%A9%D8%B1%D9%86%DB%92-%DA%A9%D8%A7-%D8%AD%DA%A9%D9%85/04-05-2019"">صدقہ فطر عید یا رمضان سے پہلے ادا کرنے کا حکم</a></p><p style=""text-align:justify;"">فقط واللہ اعلم</p></p><hr class=""big-hr""/>",22-05-2020,144109203257,banuri.edu.pk,زکات,زکوٰۃ / صدقات,صدقۃ الفطر,"<div class=""col-md-12 sawal-jawab""><h3 class=""question_heading"">سوال</h3><p><p style=""text-align:justify;"">فطرانہ کب دینا چاہیے؟  اور اگر عید الفطر سے پہلے مطلب کہ آخری عشرے میں دے دیا جائے تو کیا حکم ہے؟</p></p><h4 class=""question_heading"">جواب</h4><p><p style=""text-align:justify;"">صدقہ فطر عیدالفطر کے دن جس وقت فجر کا وقت آتا ہے (یعنی جب سحری کا وقت ختم ہوتاہے) اس وقت  واجب ہوتا ہے، البتہ صدقہ فطر عید سے پہلے رمضان المبارک میں بھی کسی بھی دن  ادا کرنا درست ہے، صحابہ کرام رضی اللہ عنہم سے رمضان المبارک میں صدقہ فطر کی ادائیگی ثابت ہے؛ لہذا رمضان کے آخری عشرہ میں صدقہ فطر ادا کرنا درست ہے۔</p><p style=""text-align:justify;"">نیز  عید الفطر کے دن عید کی نماز سے پہلے پہلے صدقہ فطر ادا کرلینا چاہیے، یہ بہت زیادہ فضیلت کی بات ہے، عید کی نماز سے پہلے ادا نہیں کیا تو عید کی نماز کے بعد ادا کرنا ہوگا، لیکن اس سے ثواب میں کمی ہوگی، اور عید کے دن سے زیادہ تاخیر کرنا خلاف سنت اور مکروہ ہے، لیکن پھر بھی ادا کرنا ضروری ہوگا۔</p><p style=""text-align:justify;""><span class=""ar_writing"">الدر المختار وحاشية ابن عابدين (رد المحتار) (2/ 367):</span></p><p style=""text-align:justify;""><span class=""ar_writing"">""(وصح أداؤها إذا قدمه على يوم الفطر أو أخره) اعتبارا بالزكاة والسبب موجود إذ هو الرأس (بشرط دخول رمضان في الأول) أي مسألة التقديم (هو الصحيح) وبه يفتى جوهرة وبحر عن الظهيرية لكن عامة المتون والشروح على صحة التقديم مطلقا وصححه غير واحد ورجحه في النهر ونقل عن الولوالجية أنه ظاهر الرواية. قلت: فكان هو المذهب.</span></p><p style=""text-align:justify;"">مزید تفصیل کے لیے درج ذیل لنک پر فتوی ملاحظہ فرمائیں:</p><p style=""text-align:justify;""><a href=""https://www.banuri.edu.pk/readquestion/%D8%B5%D8%AF%D9%82%DB%81-%D9%81%D8%B7%D8%B1-%D8%B9%DB%8C%D8%AF-%DB%8C%D8%A7-%D8%B1%D9%85%D8%B6%D8%A7%D9%86-%D8%B3%DB%92-%D9%BE%DB%81%D9%84%DB%92-%D8%A7%D8%AF%D8%A7-%DA%A9%D8%B1%D9%86%DB%92-%DA%A9%D8%A7-%D8%AD%DA%A9%D9%85/04-05-2019"">صدقہ فطر عید یا رمضان سے پہلے ادا کرنے کا حکم</a></p><p style=""text-align:justify;"">فقط واللہ اعلم</p></p><hr class=""big-hr""/><div class=""col-sm-6 col-md-6""><p class=""question_heading"" style=""color:#73161f"">فتویٰ نمبر : <a id=""fatwa_number"">144109203257</a></p></div><div class=""col-sm-6 col-md-6""><p style=""color:#73161f"">دارالافتاء :
                                جامعہ علوم اسلامیہ علامہ محمد یوسف بنوری ٹاؤن</p></div><hr class=""big-hr""/><div class=""col-sm-4 col-md-4""><div class=""tag""><a href=""https://www.banuri.edu.pk/questions/kitab/zakat""><i class=""icon-docs-bold""></i> زکات</a></div></div><div class=""col-sm-4 col-md-4""><div class=""tag""><a href=""https://www.banuri.edu.pk/questions/bab/zakat-sadaqat""><i class=""icon-docs-bold""></i> زکوٰۃ / صدقات</a></div></div><div class=""col-sm-4 col-md-4""><div class=""tag""><a href=""https://www.banuri.edu.pk/questions/fasal/sadaqa-tul-fitr""><i class=""icon-docs-bold""></i> صدقۃ الفطر</a></div></div></div>"
https://www.banuri.edu.pk/readquestion/quran-dekh-kar-144109203179/22-05-2020,نماز میں قرآن پاک دیکھ  کر پڑھنا,,"<p><p style=""text-align:justify;"">قرآن پاک کو اٹھانا  یا اس میں سے دیکھ  کر پڑھنا نماز  کے لیے مفسد ہے، لہٰذا اس کی اجازت نہیں ہے، اس کی وجوہات درج ذیل ہیں:</p><p style=""text-align:justify;"">1- یہ عمل کثیر ہے، اور اس کی وجہ سے نماز فاسد ہو جاتی ہے۔</p><p style=""text-align:justify;"">2- قرآن دیکھ  کر پڑھنا اہل کتاب کا طریقہ ہے، اس لیے کہ ان کو ان کی کتاب حفظ نہیں ہوتی۔لہذا لاک ڈاؤن میں بھی اس طرح نماز نہ پڑھے، اگر کوئی حافظ نہ ملے تو جتنی آیات یا سورتیں یاد ہیں انہیں سے تراویح ادا کرے۔</p><p style=""text-align:justify;"">3- یہ متوارث طریقے کے بھی خلاف ہے۔</p><p style=""text-align:justify;"">4- نماز کے دوران قرآن مجید میں دیکھ کر تلاوت کرنا خارجِ نماز سے تعلیم و تلقین قبول کرنا ہے، یہ بھی نماز کے فساد کا سبب ہے۔</p><p style=""text-align:justify;"">مذکورہ روایت کا مطلب علامہ کشمیری رحمہ اللہ نے یہ بیان کیا ہے کہ ذکوان دن میں قرآن مصحف سے دیکھ  کر یاد کرتے تھے اور رات کو سنایا کرتے تھے، روایت میں <span class=""ar_writing"">’’من المصحف‘‘</span> کے الفاظ ہیں نہ کہ قرآن کو اٹھانے کے۔</p><p style=""text-align:justify;""><span class=""ar_writing"">{بَلْ هُوَ آيَاتٌ بَيِّنَاتٌ فِي صُدُورِ الَّذِينَ أُوتُوا الْعِلْمَ} [العنكبوت:49]،</span></p><p style=""text-align:justify;""><span class=""ar_writing"">فيض الباري على صحيح البخاري (2/ 277):<br/>
""قوله: (من المُصْحَفِ)، والقراءة من المُصْحَفِ مُفْسِدَةٌ عندنا، فتأوَّله بعضُهم أنه كان يَحْفَظُ من المُصْحَف في النهار، ويقرؤه في الليل عن ظَهْرِ قلب.<br/>
قلتُ: إن كان ذَكْوَان يقرأُ من المُصْحَفِ، فلنا ما رواه العَيْنِي رحمه الله: أن عمر رضي الله عنه كان ينهى عنه، ورأيتُ في الخارج: أنه كان من دَأْب أهل الكتاب، فإِنهم لايتمكَّنون أن يقرأوا كُتُبهم عن ظَهْر قلبٍ، على أنه مخالفٌ للتوارث قطعًا"".</span><br/><span class=""ar_writing"">شرح السنة للبغوي (3/ 400):<br/>
""فَيَؤُمُّهُمْ أَبُو عَمْرٍو مَوْلَى عَائِشَةَ، وَأَبُو عَمْرٍو غُلامُهَا حِينَئِذٍ لَمْ يَعْتِقْ.<br/>
وَرُوِيَ أَنَّ عَائِشَةَ، كَانَ يَؤُمُّهَا عَبْدُهَا ذَكْوَانُ مِنَ الْمُصْحَفِ"".</span></p><p style=""text-align:justify;""><span class=""ar_writing"">عمدة القاري شرح صحيح البخاري (5/ 225):<br/>
""قلت: الْقِرَاءَة من مصحف فِي الصَّلَاة مفْسدَة عِنْد أبي حنيفَة لِأَنَّهُ عمل كثير، وَعند أبي يُوسُف وَمُحَمّد يجوز؛ لِأَن النّظر فِي الْمُصحف عبَادَة، وَلكنه يكره لما فِيهِ من التَّشَبُّه بِأَهْل الْكتاب فِي هَذِه الْحَالة، وَبِه قَالَ الشَّافِعِي وَأحمد، وَعند مَالك وَأحمد فِي رِوَايَة  لَاتفْسد فِي النَّفْل فَقَط"".</span></p><p style=""text-align:justify;""><span class=""ar_writing"">شرح القسطلاني = إرشاد الساري لشرح صحيح البخاري (2/ 53):<br/>
""(يؤمها عبدها ذكوان من المصحف) وهو يومئذ غلام لم يعتق، وهذا مذهب الشافعي، وأبي يوسف ومحمدُ لأنه لم يقترن به ما يبطل الصلاة. وقال أبو حنيفة: يفسدهاُ لأنه عمل كثير"".</span></p><p style=""text-align:justify;""><span class=""ar_writing"">الكواكب الدراري في شرح صحيح البخاري (5/ 74):<br/>
""(ذكوان) بفتح المعجمة وسكون الكاف أبو عمرو عبد عائشة وخادمها وقد دبرته مات في أيام الحرة أو قتل بها، وجاز في الصلاة النظر في المصحف والقراءة منه إذا لم يحصل به ما يبطل الصلاة"".</span></p><p style=""text-align:justify;""><span class=""ar_writing"">اللامع الصبيح بشرح الجامع الصحيح (4/ 29):<br/>
""(من المصحف)؛ أي: يَنظُرُ فيه ويَقرأُ منه، وذلك لايُبطل الصَّلاة إذا لم يَقترن به مُبطلٌ"".</span></p><p style=""text-align:justify;""><span class=""ar_writing"">منحة الباري بشرح صحيح البخاري (2/ 407):<br/>
""(ذَكْوان) بفتح المعجمة وسكون الكاف. (من المصحف) أي: بأن ينظر فيه ويقرأ منه، ولم يقترن به ما يبطل الصلاة"". فقط و الله أعلم</span></p></p><hr class=""big-hr""/>",22-05-2020,144109203179,banuri.edu.pk,نماز,نماز توڑنے والی چیزیں,نماز توڑنے والی اشیاء,"<div class=""col-md-12 sawal-jawab""><h3 class=""question_heading"">سوال</h3><p><p style=""text-align:justify;"">حرمین شریفین میں دیکھا جاتا ہے کہ لوگ تراویح قران ہاتھ میں لے کر سنتے ہیں، تو  نماز میں قرآن دیکھ کر پڑھنا  یا دیکھ کر سننا کیسا ہے؟ </p><p style=""text-align:justify;"">حدیث میں جوکہ بخاری شریف میں ہے اور اسی طرح بیہقی میں ہے کہ ذکوان نے حضرت عائشہ امامت کی اور ذکوان دیکھ  کر قرآن کی تلاوت کرتے تھے۔ اس حدیث کا معقول جواب دیجیے۔</p><p style=""text-align:justify;"">ہندوستان کے ایک عالم نے اس بارے  کچھ  کہا ہے کہ لاک ڈاؤن میں کوئی حافظ نہ ملے تو اس طرح قرآن تراویح میں دیکھ  کر  پڑھ  کر مکمل کرے۔</p><p style=""text-align:justify;"">نماز میں قرآن دیکھ کر پڑھنا  یا دیکھ کر سننا کیسا ہے؟</p></p><h4 class=""question_heading"">جواب</h4><p><p style=""text-align:justify;"">قرآن پاک کو اٹھانا  یا اس میں سے دیکھ  کر پڑھنا نماز  کے لیے مفسد ہے، لہٰذا اس کی اجازت نہیں ہے، اس کی وجوہات درج ذیل ہیں:</p><p style=""text-align:justify;"">1- یہ عمل کثیر ہے، اور اس کی وجہ سے نماز فاسد ہو جاتی ہے۔</p><p style=""text-align:justify;"">2- قرآن دیکھ  کر پڑھنا اہل کتاب کا طریقہ ہے، اس لیے کہ ان کو ان کی کتاب حفظ نہیں ہوتی۔لہذا لاک ڈاؤن میں بھی اس طرح نماز نہ پڑھے، اگر کوئی حافظ نہ ملے تو جتنی آیات یا سورتیں یاد ہیں انہیں سے تراویح ادا کرے۔</p><p style=""text-align:justify;"">3- یہ متوارث طریقے کے بھی خلاف ہے۔</p><p style=""text-align:justify;"">4- نماز کے دوران قرآن مجید میں دیکھ کر تلاوت کرنا خارجِ نماز سے تعلیم و تلقین قبول کرنا ہے، یہ بھی نماز کے فساد کا سبب ہے۔</p><p style=""text-align:justify;"">مذکورہ روایت کا مطلب علامہ کشمیری رحمہ اللہ نے یہ بیان کیا ہے کہ ذکوان دن میں قرآن مصحف سے دیکھ  کر یاد کرتے تھے اور رات کو سنایا کرتے تھے، روایت میں <span class=""ar_writing"">’’من المصحف‘‘</span> کے الفاظ ہیں نہ کہ قرآن کو اٹھانے کے۔</p><p style=""text-align:justify;""><span class=""ar_writing"">{بَلْ هُوَ آيَاتٌ بَيِّنَاتٌ فِي صُدُورِ الَّذِينَ أُوتُوا الْعِلْمَ} [العنكبوت:49]،</span></p><p style=""text-align:justify;""><span class=""ar_writing"">فيض الباري على صحيح البخاري (2/ 277):<br/>
""قوله: (من المُصْحَفِ)، والقراءة من المُصْحَفِ مُفْسِدَةٌ عندنا، فتأوَّله بعضُهم أنه كان يَحْفَظُ من المُصْحَف في النهار، ويقرؤه في الليل عن ظَهْرِ قلب.<br/>
قلتُ: إن كان ذَكْوَان يقرأُ من المُصْحَفِ، فلنا ما رواه العَيْنِي رحمه الله: أن عمر رضي الله عنه كان ينهى عنه، ورأيتُ في الخارج: أنه كان من دَأْب أهل الكتاب، فإِنهم لايتمكَّنون أن يقرأوا كُتُبهم عن ظَهْر قلبٍ، على أنه مخالفٌ للتوارث قطعًا"".</span><br/><span class=""ar_writing"">شرح السنة للبغوي (3/ 400):<br/>
""فَيَؤُمُّهُمْ أَبُو عَمْرٍو مَوْلَى عَائِشَةَ، وَأَبُو عَمْرٍو غُلامُهَا حِينَئِذٍ لَمْ يَعْتِقْ.<br/>
وَرُوِيَ أَنَّ عَائِشَةَ، كَانَ يَؤُمُّهَا عَبْدُهَا ذَكْوَانُ مِنَ الْمُصْحَفِ"".</span></p><p style=""text-align:justify;""><span class=""ar_writing"">عمدة القاري شرح صحيح البخاري (5/ 225):<br/>
""قلت: الْقِرَاءَة من مصحف فِي الصَّلَاة مفْسدَة عِنْد أبي حنيفَة لِأَنَّهُ عمل كثير، وَعند أبي يُوسُف وَمُحَمّد يجوز؛ لِأَن النّظر فِي الْمُصحف عبَادَة، وَلكنه يكره لما فِيهِ من التَّشَبُّه بِأَهْل الْكتاب فِي هَذِه الْحَالة، وَبِه قَالَ الشَّافِعِي وَأحمد، وَعند مَالك وَأحمد فِي رِوَايَة  لَاتفْسد فِي النَّفْل فَقَط"".</span></p><p style=""text-align:justify;""><span class=""ar_writing"">شرح القسطلاني = إرشاد الساري لشرح صحيح البخاري (2/ 53):<br/>
""(يؤمها عبدها ذكوان من المصحف) وهو يومئذ غلام لم يعتق، وهذا مذهب الشافعي، وأبي يوسف ومحمدُ لأنه لم يقترن به ما يبطل الصلاة. وقال أبو حنيفة: يفسدهاُ لأنه عمل كثير"".</span></p><p style=""text-align:justify;""><span class=""ar_writing"">الكواكب الدراري في شرح صحيح البخاري (5/ 74):<br/>
""(ذكوان) بفتح المعجمة وسكون الكاف أبو عمرو عبد عائشة وخادمها وقد دبرته مات في أيام الحرة أو قتل بها، وجاز في الصلاة النظر في المصحف والقراءة منه إذا لم يحصل به ما يبطل الصلاة"".</span></p><p style=""text-align:justify;""><span class=""ar_writing"">اللامع الصبيح بشرح الجامع الصحيح (4/ 29):<br/>
""(من المصحف)؛ أي: يَنظُرُ فيه ويَقرأُ منه، وذلك لايُبطل الصَّلاة إذا لم يَقترن به مُبطلٌ"".</span></p><p style=""text-align:justify;""><span class=""ar_writing"">منحة الباري بشرح صحيح البخاري (2/ 407):<br/>
""(ذَكْوان) بفتح المعجمة وسكون الكاف. (من المصحف) أي: بأن ينظر فيه ويقرأ منه، ولم يقترن به ما يبطل الصلاة"". فقط و الله أعلم</span></p></p><hr class=""big-hr""/><div class=""col-sm-6 col-md-6""><p class=""question_heading"" style=""color:#73161f"">فتویٰ نمبر : <a id=""fatwa_number"">144109203179</a></p></div><div class=""col-sm-6 col-md-6""><p style=""color:#73161f"">دارالافتاء :
                                جامعہ علوم اسلامیہ علامہ محمد یوسف بنوری ٹاؤن</p></div><hr class=""big-hr""/><div class=""col-sm-4 col-md-4""><div class=""tag""><a href=""https://www.banuri.edu.pk/questions/kitab/salat""><i class=""icon-docs-bold""></i> نماز</a></div></div><div class=""col-sm-4 col-md-4""><div class=""tag""><a href=""https://www.banuri.edu.pk/questions/bab/namaz-torney-wali-chezen""><i class=""icon-docs-bold""></i> نماز توڑنے والی چیزیں</a></div></div><div class=""col-sm-4 col-md-4""><div class=""tag""><a href=""https://www.banuri.edu.pk/questions/fasal/namaz-tornay-wali-ashya""><i class=""icon-docs-bold""></i> نماز توڑنے والی اشیاء</a></div></div></div>"
https://www.banuri.edu.pk/readquestion/wuzu-k-doran-aiyna-dekhnay-ka-hukam-144109203157/22-05-2020,وضو کے دوران آئنیہ دیکھنے کا حکم,"<p><p style=""text-align:justify;"">اگر وضو کرنے کی جگہ آئینہ لگا ہو اور نظر چلی جائے تو اس میں حرج تو نہیں؟ یا وضو تو نہیں ٹوٹتا؟ </p></p>","<p><p style=""text-align:justify;"">وضو کرنے کی جگہ پر آئینہ لگا ہو تو اس نظر پڑنے یا اس میں چہرہ دیکھنے میں کوئی حرج نہیں، اس سے وضو بھی نہیں ٹوٹتا، البتہ بعض لوگ اپنے غسل خانوں میں انسانی قد کے برابر آئینے لگاتے ہیں، اور برہنہ ہوں تو  دورانِ وضو یا غسل جسم کے اعضائے مستورہ پر بھی نگاہ پڑتی ہے، ایسے آئینے آویزاں کرنےسے گریز کرنا چاہیے۔ فقط واللہ اعلم</p></p><hr class=""big-hr""/>",22-05-2020,144109203157,banuri.edu.pk,طہارت,وضو,وضو،فرائض،سنن،آداب اور وضو توڑنے والی اشیاء,"<div class=""col-md-12 sawal-jawab""><h3 class=""question_heading"">سوال</h3><p><p style=""text-align:justify;"">اگر وضو کرنے کی جگہ آئینہ لگا ہو اور نظر چلی جائے تو اس میں حرج تو نہیں؟ یا وضو تو نہیں ٹوٹتا؟ </p></p><h4 class=""question_heading"">جواب</h4><p><p style=""text-align:justify;"">وضو کرنے کی جگہ پر آئینہ لگا ہو تو اس نظر پڑنے یا اس میں چہرہ دیکھنے میں کوئی حرج نہیں، اس سے وضو بھی نہیں ٹوٹتا، البتہ بعض لوگ اپنے غسل خانوں میں انسانی قد کے برابر آئینے لگاتے ہیں، اور برہنہ ہوں تو  دورانِ وضو یا غسل جسم کے اعضائے مستورہ پر بھی نگاہ پڑتی ہے، ایسے آئینے آویزاں کرنےسے گریز کرنا چاہیے۔ فقط واللہ اعلم</p></p><hr class=""big-hr""/><div class=""col-sm-6 col-md-6""><p class=""question_heading"" style=""color:#73161f"">فتویٰ نمبر : <a id=""fatwa_number"">144109203157</a></p></div><div class=""col-sm-6 col-md-6""><p style=""color:#73161f"">دارالافتاء :
                                جامعہ علوم اسلامیہ علامہ محمد یوسف بنوری ٹاؤن</p></div><hr class=""big-hr""/><div class=""col-sm-4 col-md-4""><div class=""tag""><a href=""https://www.banuri.edu.pk/questions/kitab/taharat""><i class=""icon-docs-bold""></i> طہارت</a></div></div><div class=""col-sm-4 col-md-4""><div class=""tag""><a href=""https://www.banuri.edu.pk/questions/bab/wuzu""><i class=""icon-docs-bold""></i> وضو</a></div></div><div class=""col-sm-4 col-md-4""><div class=""tag""><a href=""https://www.banuri.edu.pk/questions/fasal/wuzo-faraidh-sunan-aadab-or-wuzo-tornay-wali-ashya""><i class=""icon-docs-bold""></i> وضو،فرائض،سنن،آداب اور وضو توڑنے والی اشیاء</a></div></div></div>"
https://www.banuri.edu.pk/readquestion/ramzan-k-aakhri-jumay-main-qaza-e-umri-k-makhsus-amal-ka-hukam-144109203047/21-05-2020,رمضان کے آخری جمعہ میں قضائے عمری کے مخصوص عمل کا حکم,"<p><p style=""text-align:justify;"">مجھے واٹسپ پر ایک پوسٹ ملی ہے، جس میں لکھا تھا کہ حضور اکرم صلی اللہ علیہ وسلم نے ارشاد فرمایا: جس سے اتنی زیادہ نمازیں قضا ہوگئی ہوں کہ ان کی تعداد معلوم کرنا بہت مشکل ہو یا پھر معلوم کرنا ممکن نہ ہو تو جمعۃ الوداع کے دن چار رکعت نماز اس طرح ادا کرے کہ ہر رکعت میں سات مرتبہ  آیت الکرسی اور اس کے بعد پندرہ مرتبہ سورہ اخلاص پڑھے تو ان شاء اللہ  تمام عمر کی قضا نمازوں  کا کفارہ ہو جائے گا ، اگرچہ سات سو سال کی بھی نمازیں قضا ہیں تب بھی  اس کے لیے یہ چار رکعت نماز کفارے کے لیے کافی ہے۔ اس کی کیا حقیقت ہے؟ </p></p>","<p><p style=""text-align:justify;"">سوال میں مذکورہ طریقے سے چار رکعات نماز پڑھنے سے قضا نمازیں ادا نہیں ہوتیں، بلکہ زندگی میں قضا نمازوں سے بری الذمہ ہونے  کے لیے ان کی ادائیگی کے علاوہ کوئی صورت نہیں، خدانخواستہ زندگی میں ادا نہ کرسکے تو  مرنے سے پہلے ایک تہائی ترکے میں سے نمازوں کا فدیہ ادا کرنے کی وصیت کرجائے۔</p><p style=""text-align:justify;"">آپ نے جو  روایت لکھی ہے، یہ ثابت نہیں ہے، ان الفاظ کے قریب ایک روایت کا تذکرہ ایک من گھڑت روایت میں  ملتا ہے، محدثین نے ایسی روایات کو رد کیا ہے؛ لہٰذا اسے بطورِ روایت بیان کرنا اور اس پر عمل کرنا جائز نہیں ہے۔ </p><p style=""text-align:justify;""><span class=""ar_writing"">""حدیث: ""من قضی صلاة من الفرائض في آخر جمعة من رمضان کان ذلك جابراً لکل صلاة فائتة في عمره إلی سبعین سنةً"" باطل قطعاً؛ لأنه مناقض للإجماع علی أن شیئًا من العبادات لاتقوم مقام فائتة سنوات"". (الأسرار المرفوعة فی الاخبار الموضوعة حدیث ۹۵۳ مطبوعة دارالکتب العربیة بیروت ص ۲۴۲)</span><br/>
ملا علی  قاری  رحمہ اللہ  ""موضوعات کبری""  میں کہتے ہیں: حدیث ’’ جس نے رمضان کے آخری جمعہ میں ایک فرض نماز ادا کرلی اس سے اس کی ستر سال کی فوت شدہ نمازوں کا ازالہ ہوجاتا ہے ‘‘  یقینی طور پر باطل ہے؛ کیوں کہ اس اجماع کے مخالف ہے کہ عبادات میں سے کوئی  شے سابقہ سالوں کی فوت شدہ عبادات کے قائم مقام نہیں ہوسکتی۔ فقط واللہ اعلم</p></p><hr class=""big-hr""/>",21-05-2020,144109203047,banuri.edu.pk,نماز,فوت شدہ نمازوں کی قضا,قضاء نمازوں کا بیان,"<div class=""col-md-12 sawal-jawab""><h3 class=""question_heading"">سوال</h3><p><p style=""text-align:justify;"">مجھے واٹسپ پر ایک پوسٹ ملی ہے، جس میں لکھا تھا کہ حضور اکرم صلی اللہ علیہ وسلم نے ارشاد فرمایا: جس سے اتنی زیادہ نمازیں قضا ہوگئی ہوں کہ ان کی تعداد معلوم کرنا بہت مشکل ہو یا پھر معلوم کرنا ممکن نہ ہو تو جمعۃ الوداع کے دن چار رکعت نماز اس طرح ادا کرے کہ ہر رکعت میں سات مرتبہ  آیت الکرسی اور اس کے بعد پندرہ مرتبہ سورہ اخلاص پڑھے تو ان شاء اللہ  تمام عمر کی قضا نمازوں  کا کفارہ ہو جائے گا ، اگرچہ سات سو سال کی بھی نمازیں قضا ہیں تب بھی  اس کے لیے یہ چار رکعت نماز کفارے کے لیے کافی ہے۔ اس کی کیا حقیقت ہے؟ </p></p><h4 class=""question_heading"">جواب</h4><p><p style=""text-align:justify;"">سوال میں مذکورہ طریقے سے چار رکعات نماز پڑھنے سے قضا نمازیں ادا نہیں ہوتیں، بلکہ زندگی میں قضا نمازوں سے بری الذمہ ہونے  کے لیے ان کی ادائیگی کے علاوہ کوئی صورت نہیں، خدانخواستہ زندگی میں ادا نہ کرسکے تو  مرنے سے پہلے ایک تہائی ترکے میں سے نمازوں کا فدیہ ادا کرنے کی وصیت کرجائے۔</p><p style=""text-align:justify;"">آپ نے جو  روایت لکھی ہے، یہ ثابت نہیں ہے، ان الفاظ کے قریب ایک روایت کا تذکرہ ایک من گھڑت روایت میں  ملتا ہے، محدثین نے ایسی روایات کو رد کیا ہے؛ لہٰذا اسے بطورِ روایت بیان کرنا اور اس پر عمل کرنا جائز نہیں ہے۔ </p><p style=""text-align:justify;""><span class=""ar_writing"">""حدیث: ""من قضی صلاة من الفرائض في آخر جمعة من رمضان کان ذلك جابراً لکل صلاة فائتة في عمره إلی سبعین سنةً"" باطل قطعاً؛ لأنه مناقض للإجماع علی أن شیئًا من العبادات لاتقوم مقام فائتة سنوات"". (الأسرار المرفوعة فی الاخبار الموضوعة حدیث ۹۵۳ مطبوعة دارالکتب العربیة بیروت ص ۲۴۲)</span><br/>
ملا علی  قاری  رحمہ اللہ  ""موضوعات کبری""  میں کہتے ہیں: حدیث ’’ جس نے رمضان کے آخری جمعہ میں ایک فرض نماز ادا کرلی اس سے اس کی ستر سال کی فوت شدہ نمازوں کا ازالہ ہوجاتا ہے ‘‘  یقینی طور پر باطل ہے؛ کیوں کہ اس اجماع کے مخالف ہے کہ عبادات میں سے کوئی  شے سابقہ سالوں کی فوت شدہ عبادات کے قائم مقام نہیں ہوسکتی۔ فقط واللہ اعلم</p></p><hr class=""big-hr""/><div class=""col-sm-6 col-md-6""><p class=""question_heading"" style=""color:#73161f"">فتویٰ نمبر : <a id=""fatwa_number"">144109203047</a></p></div><div class=""col-sm-6 col-md-6""><p style=""color:#73161f"">دارالافتاء :
                                جامعہ علوم اسلامیہ علامہ محمد یوسف بنوری ٹاؤن</p></div><hr class=""big-hr""/><div class=""col-sm-4 col-md-4""><div class=""tag""><a href=""https://www.banuri.edu.pk/questions/kitab/salat""><i class=""icon-docs-bold""></i> نماز</a></div></div><div class=""col-sm-4 col-md-4""><div class=""tag""><a href=""https://www.banuri.edu.pk/questions/bab/fout-shuda-namazon-ki-qaza""><i class=""icon-docs-bold""></i> فوت شدہ نمازوں کی قضا</a></div></div><div class=""col-sm-4 col-md-4""><div class=""tag""><a href=""https://www.banuri.edu.pk/questions/fasal/qaza-namazon-ka-bayan""><i class=""icon-docs-bold""></i> قضاء نمازوں کا بیان</a></div></div></div>"
https://www.banuri.edu.pk/readquestion/sehri-ka-waqat-baqi-samjh-kar-subah-sadiq-ke-bad-khane-pene-se-roze-ki-qaza-aur-kaffare-ka-hukum-144109203276/22-05-2020,سحری کا وقت باقی سمجھ کر صبح صادق کے بعد کھانے پینے سے روزہ کی قضا اور کفارہ کا حکم,"<p><p style=""text-align:justify;"">جب سحری کے لیے اٹھا تو میں سمجھا کہ سحری میں شاید 20منٹ ہے, تھوڑا بہت کھایا،  میرے خیال میں 10منٹ اور بھی باقی تھے،  جب وضو کے لیے باہر نکلا تو دیکھا کہ روشنی ہےجب دوبارہ میں نے ٹائم دیکھا تو 4.25تھے نماز بھی ہو چکی تھی ،اب صرف روزے کی قضا ہو گی یا کفارہ بھی دینا پڑے گا؟</p></p>","<p><p style=""text-align:justify;"">صورت مسئولہ میں اگر بے خبری میں صبح صادق کے  بعد سحری کی ، یا سحری کرتے کرتے وقت ختم ہوگیا اور اس کے بعد بھی کھالیا تو اس دن کا روزہ نہیں ہوا،  بعد میں اس روزے کی قضا کرنی ہوگی، البتہ پورا دن روزہ داروں کی طرح بھوکا پیاسا رہنا ہوگا، تاہم کفارہ لازم نہیں ہوگا۔</p><p style=""text-align:justify;""><span class=""ar_writing"">الدر المختار وحاشية ابن عابدين (رد المحتار) (2/ 405):<br/>
""أو تسحر أو أفطر يظن اليوم) أي الوقت الذي أكل فيه (ليلاً و) الحال أن (الفجر طالع والشمس لم تغرب) لف ونشر ويكفي الشك في الأول دون الثاني عملاً بالأصل فيهما ولو لم يتبين الحال لم يقض في ظاهر الرواية، والمسألة تتفرع إلى ستة وثلاثين، محلها المطولات (قضى) في الصور كلها (فقط)"".</span></p><p style=""text-align:justify;""><span class=""ar_writing"">الفتاوى الهندية (1/ 194):<br/>
""تسحرّ على ظن أن الفجر لم يطلع، وهو طالع أو أفطر على ظنّ أنّ الشمس قد غربت، ولم تغرب قضاه، ولا كفارة عليه؛ لأنه ما تعمد الإفطار، كذا في محيط السرخسي"". فقط والله أعلم</span></p></p><hr class=""big-hr""/>",22-05-2020,144109203276,banuri.edu.pk,روزہ,روزہ,روزہ کی قضاء,"<div class=""col-md-12 sawal-jawab""><h3 class=""question_heading"">سوال</h3><p><p style=""text-align:justify;"">جب سحری کے لیے اٹھا تو میں سمجھا کہ سحری میں شاید 20منٹ ہے, تھوڑا بہت کھایا،  میرے خیال میں 10منٹ اور بھی باقی تھے،  جب وضو کے لیے باہر نکلا تو دیکھا کہ روشنی ہےجب دوبارہ میں نے ٹائم دیکھا تو 4.25تھے نماز بھی ہو چکی تھی ،اب صرف روزے کی قضا ہو گی یا کفارہ بھی دینا پڑے گا؟</p></p><h4 class=""question_heading"">جواب</h4><p><p style=""text-align:justify;"">صورت مسئولہ میں اگر بے خبری میں صبح صادق کے  بعد سحری کی ، یا سحری کرتے کرتے وقت ختم ہوگیا اور اس کے بعد بھی کھالیا تو اس دن کا روزہ نہیں ہوا،  بعد میں اس روزے کی قضا کرنی ہوگی، البتہ پورا دن روزہ داروں کی طرح بھوکا پیاسا رہنا ہوگا، تاہم کفارہ لازم نہیں ہوگا۔</p><p style=""text-align:justify;""><span class=""ar_writing"">الدر المختار وحاشية ابن عابدين (رد المحتار) (2/ 405):<br/>
""أو تسحر أو أفطر يظن اليوم) أي الوقت الذي أكل فيه (ليلاً و) الحال أن (الفجر طالع والشمس لم تغرب) لف ونشر ويكفي الشك في الأول دون الثاني عملاً بالأصل فيهما ولو لم يتبين الحال لم يقض في ظاهر الرواية، والمسألة تتفرع إلى ستة وثلاثين، محلها المطولات (قضى) في الصور كلها (فقط)"".</span></p><p style=""text-align:justify;""><span class=""ar_writing"">الفتاوى الهندية (1/ 194):<br/>
""تسحرّ على ظن أن الفجر لم يطلع، وهو طالع أو أفطر على ظنّ أنّ الشمس قد غربت، ولم تغرب قضاه، ولا كفارة عليه؛ لأنه ما تعمد الإفطار، كذا في محيط السرخسي"". فقط والله أعلم</span></p></p><hr class=""big-hr""/><div class=""col-sm-6 col-md-6""><p class=""question_heading"" style=""color:#73161f"">فتویٰ نمبر : <a id=""fatwa_number"">144109203276</a></p></div><div class=""col-sm-6 col-md-6""><p style=""color:#73161f"">دارالافتاء :
                                جامعہ علوم اسلامیہ علامہ محمد یوسف بنوری ٹاؤن</p></div><hr class=""big-hr""/><div class=""col-sm-4 col-md-4""><div class=""tag""><a href=""https://www.banuri.edu.pk/questions/kitab/soum""><i class=""icon-docs-bold""></i> روزہ</a></div></div><div class=""col-sm-4 col-md-4""><div class=""tag""><a href=""https://www.banuri.edu.pk/questions/bab/roza""><i class=""icon-docs-bold""></i> روزہ</a></div></div><div class=""col-sm-4 col-md-4""><div class=""tag""><a href=""https://www.banuri.edu.pk/questions/fasal/rozay-ki-qaza""><i class=""icon-docs-bold""></i> روزہ کی قضاء</a></div></div></div>"
https://www.banuri.edu.pk/readquestion/roze-ki-halat-main-inhaler-isemal-karna-144109203271/22-05-2020,روزہ کی حالت میں انہیلر (inhaler) استعمال کرنا,"<p><p style=""text-align:justify;"">روزہ کی حالت میں انہیلر (inheler) استعمال کر سکتے ہیں ؟</p></p>","<p><p style=""text-align:justify;"">انہیلر  سے دوائی کے ذرات جسم میں داخل ہوتے ہیں، اس لیے روزے میں انہیلر کا استعمال درست نہیں، اس کے استعمال سے روزہ ٹوٹ جائے گا ،  صرف قضا لازم ہو گی، کفارہ لازم نہیں ہوگا۔ فقط واللہ اعلم</p></p><hr class=""big-hr""/>",22-05-2020,144109203271,banuri.edu.pk,روزہ,روزہ,روزہ توڑنے والی اشیاء,"<div class=""col-md-12 sawal-jawab""><h3 class=""question_heading"">سوال</h3><p><p style=""text-align:justify;"">روزہ کی حالت میں انہیلر (inheler) استعمال کر سکتے ہیں ؟</p></p><h4 class=""question_heading"">جواب</h4><p><p style=""text-align:justify;"">انہیلر  سے دوائی کے ذرات جسم میں داخل ہوتے ہیں، اس لیے روزے میں انہیلر کا استعمال درست نہیں، اس کے استعمال سے روزہ ٹوٹ جائے گا ،  صرف قضا لازم ہو گی، کفارہ لازم نہیں ہوگا۔ فقط واللہ اعلم</p></p><hr class=""big-hr""/><div class=""col-sm-6 col-md-6""><p class=""question_heading"" style=""color:#73161f"">فتویٰ نمبر : <a id=""fatwa_number"">144109203271</a></p></div><div class=""col-sm-6 col-md-6""><p style=""color:#73161f"">دارالافتاء :
                                جامعہ علوم اسلامیہ علامہ محمد یوسف بنوری ٹاؤن</p></div><hr class=""big-hr""/><div class=""col-sm-4 col-md-4""><div class=""tag""><a href=""https://www.banuri.edu.pk/questions/kitab/soum""><i class=""icon-docs-bold""></i> روزہ</a></div></div><div class=""col-sm-4 col-md-4""><div class=""tag""><a href=""https://www.banuri.edu.pk/questions/bab/roza""><i class=""icon-docs-bold""></i> روزہ</a></div></div><div class=""col-sm-4 col-md-4""><div class=""tag""><a href=""https://www.banuri.edu.pk/questions/fasal/roza-tornay-wali-ashya""><i class=""icon-docs-bold""></i> روزہ توڑنے والی اشیاء</a></div></div></div>"
https://www.banuri.edu.pk/readquestion/do-rakat-wali-namaz-main-tesri-rakat-ke-liy-khara-hojana-144109203232/22-05-2020,دو رکعت والی نماز میں تیسری رکعت کے لیے کھڑا ہوجانے کی صورت میں نماز مکمل کرنے کا طریقہ,"<p><p style=""text-align:justify;""> دو رکعت نمازِ فرض  میں دوسری رکعت میں بیٹھنے  کی جگہ کھڑا ہوگیا تو باقی نماز کیسے ادا کروں گا؟</p></p>","<p><p style=""text-align:justify;"">صورتِ مسئولہ میں  اگر کوئی شخص  دو رکعت والی  نماز  میں دوسری رکعت کے  قعدہ میں بیٹھا تھا اور اس کے بعد تیسری رکعت کے لیے غلطی سے کھڑا ہوگیا تو  جب تک  وہ  تیسری رکعت کا سجدہ  نہ کرلے  قعدہ  کی طرف  واپس لوٹ آئے  اور سجدہ سہو کرکے نماز مکمل کرلے، اور اگرتیسری رکعت کا سجدہ کرلیا ہو تو اب اس کے ساتھ چوتھی رکعت بھی ملادے اور آخر میں سجدہ سہو کرلینے سے نماز ہوجائے گی، دو رکعت فرض اور دو نفل ہوجائے گی۔</p><p style=""text-align:justify;"">اور اگر مذکورہ شخص نے  دوسری  رکعت پر قعدہ  نہیں کیا تھا اور اس کے بعد  تیسری رکعت کے لیے کھڑا ہوگیا تو تیسری رکعت کے سجدہ سے پہلے پہلے واپس قعدہ میں آجائے، اور سجدہ سہو کرکے نماز  مکمل کرلے، اور اگر تیسری رکعت کا سجدہ بھی کرلیا ہو تو اب اس کی فرض نماز باطل ہوگئی،  اب اس نماز کا اعادہ کرنا لازم ہے۔ </p><p style=""text-align:justify;""><span class=""ar_writing"">الفتاوى الهندية (1/ 129):<br/>
’’رجل صلى الظهر خمساً وقعد في الرابعة قدر التشهد إن تذكر قبل أن يقيد الخامسة بالسجدة أنها الخامسة عاد إلى القعدة وسلم، كذا في المحيط. ويسجد للسهو، كذا في السراج الوهاج. وإن تذكر بعدما قيد الخامسة بالسجدة أنها الخامسة لايعود إلى القعدة ولايسلم، بل يضيف إليها ركعةً أخرى حتى يصير شفعاً ويتشهد ويسلم، هكذا في المحيط. ويسجد للسهو استحساناً، كذا في الهداية. وهو المختار، كذا في الكفاية. ثم يتشهد ويسلم، كذا في المحيط. والركعتان نافلة ولاتنوبان عن سنة الظهر على الصحيح، كذا في الجوهرة النيرة  ۔ قالوا في العصر لايضم إليها سادسة وقيل: يضم وهو الأصح، كذا في التبيين. وعليه الاعتماد؛ لأن التطوع إنما يكره بعد العصر إذا كان عن اختيار وأما إذا لم يكن عن اختيار فلايكره، كذا في فتاوى قاضي خان. وفي الفجر إذا قام إلى الثالثة بعد ما قعد قدر التشهد وقيدها بالسجدة لايضم إليها رابعة، كذا في التبيين. وصرح في التجنيس بأن الفتوى على رواية هشام من عدم الفرق بين الصبح والعصر في عدم كراهة الضم، كذا في البحر الرائق.<br/>
وإذا لم يقعد قدر التشهد في الفجر بطل فرضه بترك القعود على الركعتين"".  فقط والله أعلم</span></p></p><hr class=""big-hr""/>",22-05-2020,144109203232,banuri.edu.pk,نماز,سجدہ سہو,سجدہ تلاوت / سجدہ سہو,"<div class=""col-md-12 sawal-jawab""><h3 class=""question_heading"">سوال</h3><p><p style=""text-align:justify;""> دو رکعت نمازِ فرض  میں دوسری رکعت میں بیٹھنے  کی جگہ کھڑا ہوگیا تو باقی نماز کیسے ادا کروں گا؟</p></p><h4 class=""question_heading"">جواب</h4><p><p style=""text-align:justify;"">صورتِ مسئولہ میں  اگر کوئی شخص  دو رکعت والی  نماز  میں دوسری رکعت کے  قعدہ میں بیٹھا تھا اور اس کے بعد تیسری رکعت کے لیے غلطی سے کھڑا ہوگیا تو  جب تک  وہ  تیسری رکعت کا سجدہ  نہ کرلے  قعدہ  کی طرف  واپس لوٹ آئے  اور سجدہ سہو کرکے نماز مکمل کرلے، اور اگرتیسری رکعت کا سجدہ کرلیا ہو تو اب اس کے ساتھ چوتھی رکعت بھی ملادے اور آخر میں سجدہ سہو کرلینے سے نماز ہوجائے گی، دو رکعت فرض اور دو نفل ہوجائے گی۔</p><p style=""text-align:justify;"">اور اگر مذکورہ شخص نے  دوسری  رکعت پر قعدہ  نہیں کیا تھا اور اس کے بعد  تیسری رکعت کے لیے کھڑا ہوگیا تو تیسری رکعت کے سجدہ سے پہلے پہلے واپس قعدہ میں آجائے، اور سجدہ سہو کرکے نماز  مکمل کرلے، اور اگر تیسری رکعت کا سجدہ بھی کرلیا ہو تو اب اس کی فرض نماز باطل ہوگئی،  اب اس نماز کا اعادہ کرنا لازم ہے۔ </p><p style=""text-align:justify;""><span class=""ar_writing"">الفتاوى الهندية (1/ 129):<br/>
’’رجل صلى الظهر خمساً وقعد في الرابعة قدر التشهد إن تذكر قبل أن يقيد الخامسة بالسجدة أنها الخامسة عاد إلى القعدة وسلم، كذا في المحيط. ويسجد للسهو، كذا في السراج الوهاج. وإن تذكر بعدما قيد الخامسة بالسجدة أنها الخامسة لايعود إلى القعدة ولايسلم، بل يضيف إليها ركعةً أخرى حتى يصير شفعاً ويتشهد ويسلم، هكذا في المحيط. ويسجد للسهو استحساناً، كذا في الهداية. وهو المختار، كذا في الكفاية. ثم يتشهد ويسلم، كذا في المحيط. والركعتان نافلة ولاتنوبان عن سنة الظهر على الصحيح، كذا في الجوهرة النيرة  ۔ قالوا في العصر لايضم إليها سادسة وقيل: يضم وهو الأصح، كذا في التبيين. وعليه الاعتماد؛ لأن التطوع إنما يكره بعد العصر إذا كان عن اختيار وأما إذا لم يكن عن اختيار فلايكره، كذا في فتاوى قاضي خان. وفي الفجر إذا قام إلى الثالثة بعد ما قعد قدر التشهد وقيدها بالسجدة لايضم إليها رابعة، كذا في التبيين. وصرح في التجنيس بأن الفتوى على رواية هشام من عدم الفرق بين الصبح والعصر في عدم كراهة الضم، كذا في البحر الرائق.<br/>
وإذا لم يقعد قدر التشهد في الفجر بطل فرضه بترك القعود على الركعتين"".  فقط والله أعلم</span></p></p><hr class=""big-hr""/><div class=""col-sm-6 col-md-6""><p class=""question_heading"" style=""color:#73161f"">فتویٰ نمبر : <a id=""fatwa_number"">144109203232</a></p></div><div class=""col-sm-6 col-md-6""><p style=""color:#73161f"">دارالافتاء :
                                جامعہ علوم اسلامیہ علامہ محمد یوسف بنوری ٹاؤن</p></div><hr class=""big-hr""/><div class=""col-sm-4 col-md-4""><div class=""tag""><a href=""https://www.banuri.edu.pk/questions/kitab/salat""><i class=""icon-docs-bold""></i> نماز</a></div></div><div class=""col-sm-4 col-md-4""><div class=""tag""><a href=""https://www.banuri.edu.pk/questions/bab/sajda-sahv""><i class=""icon-docs-bold""></i> سجدہ سہو</a></div></div><div class=""col-sm-4 col-md-4""><div class=""tag""><a href=""https://www.banuri.edu.pk/questions/fasal/sajda-tilawat-sajda-sahw""><i class=""icon-docs-bold""></i> سجدہ تلاوت / سجدہ سہو</a></div></div></div>"
https://www.banuri.edu.pk/readquestion/saudi-arb-main-rehne-wala-sadqa-fitar-kese-ada-kry-144109203270/22-05-2020,سعودیہ عرب میں ملازمت کے سلسلے میں رہنے والا پاکستانی صدقہ فطر کس قیمت کے حساب سے ادا کرے؟,"<p><p style=""text-align:justify;"">میں روزگار کے سلسلے میں سعودیہ ہوں تو میں فطرانہ یہاں پہ ادا کروں گا یا پاکستان میں بھی ادا کر سکتا ہوں؟</p></p>","<p><p style=""text-align:justify;""> صدقہ فطر کی مقدار گندم کے حساب سے  پونے دو کلو گندم ہے چاہےکہیں بھی ادا کیا جائے، اور اگر قیمت ادا کرنی ہے تو جہاں ادائیگی کرنے والا موجود ہے  وہاں کا اعتبار ہوگا، لہذا  اگر آپ سعودیہ میں مقیم ہیں اور عید الفطر وہیں کریں گے تو  آپ پر اپنا اور اپنے نابالغ بچوں کا صدقہ فطر  سعودیہ عرب کے نرخ کے حساب سے دینا لازم ہوگا،  خواہ آپ یہ قیمت سعودیہ عرب میں ادا کریں یا آپ کی اجازت سے پاکستان میں ادا کی جائے۔</p><p style=""text-align:justify;""><span class=""ar_writing"">الدر المختار وحاشية ابن عابدين (رد المحتار) (2/ 355):<br/>
""والمعتبر في الزكاة فقراء مكان المال، وفي الوصية مكان الموصي، وفي الفطرة مكان المؤدي عند محمد، وهو الأصح، وأن رءوسهم تبع لرأسه.<br/>
(قوله: مكان المؤدي) أي لا مكان الرأس الذي يؤدي عنه (قوله: وهو الأصح) بل صرح في النهاية والعناية بأنه ظاهر الرواية، كما في الشرنبلالية، وهو المذهب كما في البحر؛ فكان أولى مما في الفتح من تصحيح قولهما باعتبار مكان المؤدى عنه"". فقط والله أعلم</span></p><p style=""text-align:justify;"">مزید تفصیل کے لیے درج ذیل لنک پر فتویٰ ملاحظہ فرمائیں:</p><p style=""text-align:justify;""><a href=""https://www.banuri.edu.pk/readquestion/%D8%B3%D8%B9%D9%88%D8%AF%DB%8C-%D8%B9%D8%B1%D8%A8-%D9%85%DB%8C%DA%BA-%D8%B5%D8%AF%D9%82%DB%81-%D9%81%D8%B7%D8%B1-%DA%A9%DB%8C-%D8%A7%D8%AF%D8%A7%D8%A6%DB%8C%DA%AF%DB%8C-%DA%A9%D8%A7-%D8%B7%D8%B1%DB%8C%D9%82%DB%81-%D8%A7%D9%88%D8%B1-%D9%85%D8%B5%D8%B1%D9%81/30-05-2019"">سعودی عرب میں صدقہ فطر کی ادائیگی کا طریقہ اور مصرف</a></p></p><hr class=""big-hr""/>",22-05-2020,144109203270,banuri.edu.pk,زکات,زکوٰۃ / صدقات,صدقۃ الفطر,"<div class=""col-md-12 sawal-jawab""><h3 class=""question_heading"">سوال</h3><p><p style=""text-align:justify;"">میں روزگار کے سلسلے میں سعودیہ ہوں تو میں فطرانہ یہاں پہ ادا کروں گا یا پاکستان میں بھی ادا کر سکتا ہوں؟</p></p><h4 class=""question_heading"">جواب</h4><p><p style=""text-align:justify;""> صدقہ فطر کی مقدار گندم کے حساب سے  پونے دو کلو گندم ہے چاہےکہیں بھی ادا کیا جائے، اور اگر قیمت ادا کرنی ہے تو جہاں ادائیگی کرنے والا موجود ہے  وہاں کا اعتبار ہوگا، لہذا  اگر آپ سعودیہ میں مقیم ہیں اور عید الفطر وہیں کریں گے تو  آپ پر اپنا اور اپنے نابالغ بچوں کا صدقہ فطر  سعودیہ عرب کے نرخ کے حساب سے دینا لازم ہوگا،  خواہ آپ یہ قیمت سعودیہ عرب میں ادا کریں یا آپ کی اجازت سے پاکستان میں ادا کی جائے۔</p><p style=""text-align:justify;""><span class=""ar_writing"">الدر المختار وحاشية ابن عابدين (رد المحتار) (2/ 355):<br/>
""والمعتبر في الزكاة فقراء مكان المال، وفي الوصية مكان الموصي، وفي الفطرة مكان المؤدي عند محمد، وهو الأصح، وأن رءوسهم تبع لرأسه.<br/>
(قوله: مكان المؤدي) أي لا مكان الرأس الذي يؤدي عنه (قوله: وهو الأصح) بل صرح في النهاية والعناية بأنه ظاهر الرواية، كما في الشرنبلالية، وهو المذهب كما في البحر؛ فكان أولى مما في الفتح من تصحيح قولهما باعتبار مكان المؤدى عنه"". فقط والله أعلم</span></p><p style=""text-align:justify;"">مزید تفصیل کے لیے درج ذیل لنک پر فتویٰ ملاحظہ فرمائیں:</p><p style=""text-align:justify;""><a href=""https://www.banuri.edu.pk/readquestion/%D8%B3%D8%B9%D9%88%D8%AF%DB%8C-%D8%B9%D8%B1%D8%A8-%D9%85%DB%8C%DA%BA-%D8%B5%D8%AF%D9%82%DB%81-%D9%81%D8%B7%D8%B1-%DA%A9%DB%8C-%D8%A7%D8%AF%D8%A7%D8%A6%DB%8C%DA%AF%DB%8C-%DA%A9%D8%A7-%D8%B7%D8%B1%DB%8C%D9%82%DB%81-%D8%A7%D9%88%D8%B1-%D9%85%D8%B5%D8%B1%D9%81/30-05-2019"">سعودی عرب میں صدقہ فطر کی ادائیگی کا طریقہ اور مصرف</a></p></p><hr class=""big-hr""/><div class=""col-sm-6 col-md-6""><p class=""question_heading"" style=""color:#73161f"">فتویٰ نمبر : <a id=""fatwa_number"">144109203270</a></p></div><div class=""col-sm-6 col-md-6""><p style=""color:#73161f"">دارالافتاء :
                                جامعہ علوم اسلامیہ علامہ محمد یوسف بنوری ٹاؤن</p></div><hr class=""big-hr""/><div class=""col-sm-4 col-md-4""><div class=""tag""><a href=""https://www.banuri.edu.pk/questions/kitab/zakat""><i class=""icon-docs-bold""></i> زکات</a></div></div><div class=""col-sm-4 col-md-4""><div class=""tag""><a href=""https://www.banuri.edu.pk/questions/bab/zakat-sadaqat""><i class=""icon-docs-bold""></i> زکوٰۃ / صدقات</a></div></div><div class=""col-sm-4 col-md-4""><div class=""tag""><a href=""https://www.banuri.edu.pk/questions/fasal/sadaqa-tul-fitr""><i class=""icon-docs-bold""></i> صدقۃ الفطر</a></div></div></div>"
https://www.banuri.edu.pk/readquestion/ahl-e-tashiyyu-ko-zkat-dena-144109203236/22-05-2020,اہل تشیع کو زکاۃ دینا,"<p><p style=""text-align:justify;""> کیا اہل سنت کا کسی شیعہ کو ( جس کے عقائد سے وہ واقف نہ ہو) زکاۃ دینا جائز  ہے؟  کیا اس طرح زکوۃ ادا ہو جائے گی؟</p></p>","<p><p style=""text-align:justify;"">وہ اہلِ تشیع جس کا عقیدہ کفریہ ہو (مثلاً: قرآنِ کریم میں تحریف یا حضرت علی رضی اللہ عنہ کی الوہیت یا  جبریلِ امین سے وحی پہنچانے میں غلطی کا قائل ہو  یا اماموں کو  انبیاءِ کرام کی طرح معصوم اور ان کا من جانب اللہ مقرر ہونا مانتا ہو، یا حضرت ابو بکر صدیق رضی اللہ تعالیٰ عنہ کی صحابیت کا انکار کرتا   یا حضرت عائشہ رضی اللہ عنہا پر بہتان باندھتاہو وغیرہ ) تو اس  کو  زکاۃ دینا جائز نہیں ہے۔</p><p style=""text-align:justify;"">  اور اگرکسی  شیعہ  کے عقائد معلوم نہ ہوں تو   اس کو  زکوٰۃ نہیں دینی چاہیے، زکوٰۃ کے باب میں احتیاط کرنا چاہیے؛ تاکہ زکوٰۃ صحیح طرح ادا ہوسکے۔ فقط واللہ اعلم</p></p><hr class=""big-hr""/>",22-05-2020,144109203236,banuri.edu.pk,زکات,زکوٰۃ / صدقات,ادائے زکوٰۃ,"<div class=""col-md-12 sawal-jawab""><h3 class=""question_heading"">سوال</h3><p><p style=""text-align:justify;""> کیا اہل سنت کا کسی شیعہ کو ( جس کے عقائد سے وہ واقف نہ ہو) زکاۃ دینا جائز  ہے؟  کیا اس طرح زکوۃ ادا ہو جائے گی؟</p></p><h4 class=""question_heading"">جواب</h4><p><p style=""text-align:justify;"">وہ اہلِ تشیع جس کا عقیدہ کفریہ ہو (مثلاً: قرآنِ کریم میں تحریف یا حضرت علی رضی اللہ عنہ کی الوہیت یا  جبریلِ امین سے وحی پہنچانے میں غلطی کا قائل ہو  یا اماموں کو  انبیاءِ کرام کی طرح معصوم اور ان کا من جانب اللہ مقرر ہونا مانتا ہو، یا حضرت ابو بکر صدیق رضی اللہ تعالیٰ عنہ کی صحابیت کا انکار کرتا   یا حضرت عائشہ رضی اللہ عنہا پر بہتان باندھتاہو وغیرہ ) تو اس  کو  زکاۃ دینا جائز نہیں ہے۔</p><p style=""text-align:justify;"">  اور اگرکسی  شیعہ  کے عقائد معلوم نہ ہوں تو   اس کو  زکوٰۃ نہیں دینی چاہیے، زکوٰۃ کے باب میں احتیاط کرنا چاہیے؛ تاکہ زکوٰۃ صحیح طرح ادا ہوسکے۔ فقط واللہ اعلم</p></p><hr class=""big-hr""/><div class=""col-sm-6 col-md-6""><p class=""question_heading"" style=""color:#73161f"">فتویٰ نمبر : <a id=""fatwa_number"">144109203236</a></p></div><div class=""col-sm-6 col-md-6""><p style=""color:#73161f"">دارالافتاء :
                                جامعہ علوم اسلامیہ علامہ محمد یوسف بنوری ٹاؤن</p></div><hr class=""big-hr""/><div class=""col-sm-4 col-md-4""><div class=""tag""><a href=""https://www.banuri.edu.pk/questions/kitab/zakat""><i class=""icon-docs-bold""></i> زکات</a></div></div><div class=""col-sm-4 col-md-4""><div class=""tag""><a href=""https://www.banuri.edu.pk/questions/bab/zakat-sadaqat""><i class=""icon-docs-bold""></i> زکوٰۃ / صدقات</a></div></div><div class=""col-sm-4 col-md-4""><div class=""tag""><a href=""https://www.banuri.edu.pk/questions/fasal/adaye-zakat""><i class=""icon-docs-bold""></i> ادائے زکوٰۃ</a></div></div></div>"
https://www.banuri.edu.pk/readquestion/qiston-per-saman-lena-/22-05-2020,قسطوں پر ٹریکٹرخریدنا,"<p><p style=""text-align:justify;"">میں نے ایک ٹریکٹر خریدا ہے اور اس کو فائیننس کروایا ہے تقریباً 5لاکھ  روپے  اور کیش دیا ہے 1لاکھ پچاس ہزار روپے تو  کیا اس طرح خریدنا صحیح ہے جب کہ ایسا کرنا مجبوری ہے؛ کیوں کہ اگر کیش خریداجاے تو اور مہنگا پڑتا ہے ؛ کیوں کہ اٹھارہ پرسنٹ جی ایس ٹی اور انکم ٹیکس کاڈر ہے، عام طور پر گاڑی اسی طرح خریدی جاتی ہے اور جو قسطیں بنی ہیں وہ ہر مہینہ کی فکس ہیں اور ان شاء اللہ امید ہے کہ کوئی قسط ناغہ نہیں ہوگی تو  کیا اس میں کچھ گنجائش ہے؟  بعض لوگوں نے کہا کہ اس طرح حرام ہے، اگر گنجائش نہیں ہے تو اب کیا کروں؟  گاڑی تو لےچکا ہوں!</p></p>","<p><p style=""text-align:justify;"">فائیننس کروانے سے مراد یہ ہے کہ کسی بھی بینک سےیا کسی اور ادارے سےسودی  قرضہ لے کر کروایا ہے،یعنی 5  لاکھ  کی جگہ ادائیگی اس سے زیادہ کی کرنی ہوگی تو  ایسا کرنا  شرعاً درست نہیں۔</p><p style=""text-align:justify;"">اور اگر  سودی قرضہ نہیں، بلکہ بعد میں بھی مثلاً  5 لاکھ ہی ادا کرنے ہیں یا عقد کے وقت ایک قیمت طے کردی گئی ہے کہ مجموعی قیمت اتنی ہوگی، خواہ وہ  نقد خریداری کے مقابلے میں مہنگا ہی کیوں نہ ہو، تو  ادھار خرید و فروخت کی یہ صورت جائز ہے، بشرطیکہ کسی قسط کی تاخیر کی صورت میں جرمانہ یا کسی عنوان سے اضافی رقم وصول نہ کی جائے، اور عقد میں ایسی شرط بھی نہ ہو۔ بصورتِ دیگر یہ عقد ناجائز ہوگا۔فقط واللہ اعلم</p><p style=""text-align:justify;"">مزید تفصیل کے لیے درج ذیل لنک پر فتویٰ ملاحظہ کیجیے:</p><p style=""text-align:justify;""><a href=""https://www.banuri.edu.pk/readquestion/qiston-pr-asal-qeemat-se-zaaid-qeemat-pr-farokht-krna-144109200281/26-04-2020"">قسطوں پر اصل قیمت سے زائد قیمت پر سامان فروخت کرنا</a></p></p><hr class=""big-hr""/>",22-05-2020,144109203267,banuri.edu.pk,معاملات,بیع / تجارت,نقد اور ادھار خرید و فروخت کے احکام,"<div class=""col-md-12 sawal-jawab""><h3 class=""question_heading"">سوال</h3><p><p style=""text-align:justify;"">میں نے ایک ٹریکٹر خریدا ہے اور اس کو فائیننس کروایا ہے تقریباً 5لاکھ  روپے  اور کیش دیا ہے 1لاکھ پچاس ہزار روپے تو  کیا اس طرح خریدنا صحیح ہے جب کہ ایسا کرنا مجبوری ہے؛ کیوں کہ اگر کیش خریداجاے تو اور مہنگا پڑتا ہے ؛ کیوں کہ اٹھارہ پرسنٹ جی ایس ٹی اور انکم ٹیکس کاڈر ہے، عام طور پر گاڑی اسی طرح خریدی جاتی ہے اور جو قسطیں بنی ہیں وہ ہر مہینہ کی فکس ہیں اور ان شاء اللہ امید ہے کہ کوئی قسط ناغہ نہیں ہوگی تو  کیا اس میں کچھ گنجائش ہے؟  بعض لوگوں نے کہا کہ اس طرح حرام ہے، اگر گنجائش نہیں ہے تو اب کیا کروں؟  گاڑی تو لےچکا ہوں!</p></p><h4 class=""question_heading"">جواب</h4><p><p style=""text-align:justify;"">فائیننس کروانے سے مراد یہ ہے کہ کسی بھی بینک سےیا کسی اور ادارے سےسودی  قرضہ لے کر کروایا ہے،یعنی 5  لاکھ  کی جگہ ادائیگی اس سے زیادہ کی کرنی ہوگی تو  ایسا کرنا  شرعاً درست نہیں۔</p><p style=""text-align:justify;"">اور اگر  سودی قرضہ نہیں، بلکہ بعد میں بھی مثلاً  5 لاکھ ہی ادا کرنے ہیں یا عقد کے وقت ایک قیمت طے کردی گئی ہے کہ مجموعی قیمت اتنی ہوگی، خواہ وہ  نقد خریداری کے مقابلے میں مہنگا ہی کیوں نہ ہو، تو  ادھار خرید و فروخت کی یہ صورت جائز ہے، بشرطیکہ کسی قسط کی تاخیر کی صورت میں جرمانہ یا کسی عنوان سے اضافی رقم وصول نہ کی جائے، اور عقد میں ایسی شرط بھی نہ ہو۔ بصورتِ دیگر یہ عقد ناجائز ہوگا۔فقط واللہ اعلم</p><p style=""text-align:justify;"">مزید تفصیل کے لیے درج ذیل لنک پر فتویٰ ملاحظہ کیجیے:</p><p style=""text-align:justify;""><a href=""https://www.banuri.edu.pk/readquestion/qiston-pr-asal-qeemat-se-zaaid-qeemat-pr-farokht-krna-144109200281/26-04-2020"">قسطوں پر اصل قیمت سے زائد قیمت پر سامان فروخت کرنا</a></p></p><hr class=""big-hr""/><div class=""col-sm-6 col-md-6""><p class=""question_heading"" style=""color:#73161f"">فتویٰ نمبر : <a id=""fatwa_number"">144109203267</a></p></div><div class=""col-sm-6 col-md-6""><p style=""color:#73161f"">دارالافتاء :
                                جامعہ علوم اسلامیہ علامہ محمد یوسف بنوری ٹاؤن</p></div><hr class=""big-hr""/><div class=""col-sm-4 col-md-4""><div class=""tag""><a href=""https://www.banuri.edu.pk/questions/kitab/muamlat""><i class=""icon-docs-bold""></i> معاملات</a></div></div><div class=""col-sm-4 col-md-4""><div class=""tag""><a href=""https://www.banuri.edu.pk/questions/bab/bay-tijarat""><i class=""icon-docs-bold""></i> بیع / تجارت</a></div></div><div class=""col-sm-4 col-md-4""><div class=""tag""><a href=""https://www.banuri.edu.pk/questions/fasal/naqd-o-udhar-khareed-o-farokht-k-ahkam""><i class=""icon-docs-bold""></i> نقد اور ادھار خرید و فروخت کے احکام</a></div></div></div>"
https://www.banuri.edu.pk/readquestion/zakat-kamiti-/22-05-2020,کمیٹی کی رقم پر زکاۃ,"<p><p style=""text-align:justify;"">کیا کمیٹی کی رقم پر زکوٰۃ واجب ہے؟  اگر کسی کے پاس موٹر سائیکل ہے تو اسے زکوٰۃ دے سکتے ہیں؟</p></p>","<p><p style=""text-align:justify;"">کمیٹی میں جتنی رقم(قسطیں) آدمی جمع کرواچکاہے اگر وہ رقم تنہایادوسرے اموال کے ساتھ مل کر زکاۃ کے نصاب یعنی ساڑھے باون تولہ چاندی کی قیمت کو پہنچ جاتی ہے تو اس رقم کی زکاۃ ادا کی جائے گی، مثلاً ایک شخص کمیٹی میں بیس ہزار روپے بھر چکاہے اور وہ پہلے سے صاحبِ نصاب ہے تو زکاۃ اداکرتے وقت بیس ہزار کی رقم کو بھی شامل کرکے زکاۃ ادا کرے گا،اور اگر آدمی پہلے سے صاحب نصاب نہیں اور کمیٹی میں جمع کردہ رقم بھی زکاۃ کے نصاب کے برابر نہیں تو اس رقم پر زکاۃ لازم نہیں۔</p><p style=""text-align:justify;"">اور اگر کوئی شخص کمیٹی وصول کرچکاہوتو زکاۃ کی ادائیگی کے وقت جو رقم اس کے پاس موجود ہو اس مجموعی رقم میں سے اگلے ایک سال کی جتنی قسطیں ادا کرناباقی ہیں انہیں منہاکرکے بقیہ رقم پر زکاۃ دے گا۔</p><p style=""text-align:justify;"">اگر کسی کے پاس موٹر سائیکل استعمال کے لیے ہو، اور وہ مستحق ہو، یعنی اس کی ملکیت میں ضرورت اور استعمال سے زائد اتنا مال یا سامان موجود نہ ہو جس کی مالیت ساڑھے باون تولہ چاندی کی قیمت تک پہنچے تو اسے زکاۃ دے سکتے ہیں۔ فقط واللہ اعلم</p></p><hr class=""big-hr""/>",22-05-2020,144109203176,banuri.edu.pk,زکات,زکوٰۃ / صدقات,وجوب زکوٰۃ کی تفصیل,"<div class=""col-md-12 sawal-jawab""><h3 class=""question_heading"">سوال</h3><p><p style=""text-align:justify;"">کیا کمیٹی کی رقم پر زکوٰۃ واجب ہے؟  اگر کسی کے پاس موٹر سائیکل ہے تو اسے زکوٰۃ دے سکتے ہیں؟</p></p><h4 class=""question_heading"">جواب</h4><p><p style=""text-align:justify;"">کمیٹی میں جتنی رقم(قسطیں) آدمی جمع کرواچکاہے اگر وہ رقم تنہایادوسرے اموال کے ساتھ مل کر زکاۃ کے نصاب یعنی ساڑھے باون تولہ چاندی کی قیمت کو پہنچ جاتی ہے تو اس رقم کی زکاۃ ادا کی جائے گی، مثلاً ایک شخص کمیٹی میں بیس ہزار روپے بھر چکاہے اور وہ پہلے سے صاحبِ نصاب ہے تو زکاۃ اداکرتے وقت بیس ہزار کی رقم کو بھی شامل کرکے زکاۃ ادا کرے گا،اور اگر آدمی پہلے سے صاحب نصاب نہیں اور کمیٹی میں جمع کردہ رقم بھی زکاۃ کے نصاب کے برابر نہیں تو اس رقم پر زکاۃ لازم نہیں۔</p><p style=""text-align:justify;"">اور اگر کوئی شخص کمیٹی وصول کرچکاہوتو زکاۃ کی ادائیگی کے وقت جو رقم اس کے پاس موجود ہو اس مجموعی رقم میں سے اگلے ایک سال کی جتنی قسطیں ادا کرناباقی ہیں انہیں منہاکرکے بقیہ رقم پر زکاۃ دے گا۔</p><p style=""text-align:justify;"">اگر کسی کے پاس موٹر سائیکل استعمال کے لیے ہو، اور وہ مستحق ہو، یعنی اس کی ملکیت میں ضرورت اور استعمال سے زائد اتنا مال یا سامان موجود نہ ہو جس کی مالیت ساڑھے باون تولہ چاندی کی قیمت تک پہنچے تو اسے زکاۃ دے سکتے ہیں۔ فقط واللہ اعلم</p></p><hr class=""big-hr""/><div class=""col-sm-6 col-md-6""><p class=""question_heading"" style=""color:#73161f"">فتویٰ نمبر : <a id=""fatwa_number"">144109203176</a></p></div><div class=""col-sm-6 col-md-6""><p style=""color:#73161f"">دارالافتاء :
                                جامعہ علوم اسلامیہ علامہ محمد یوسف بنوری ٹاؤن</p></div><hr class=""big-hr""/><div class=""col-sm-4 col-md-4""><div class=""tag""><a href=""https://www.banuri.edu.pk/questions/kitab/zakat""><i class=""icon-docs-bold""></i> زکات</a></div></div><div class=""col-sm-4 col-md-4""><div class=""tag""><a href=""https://www.banuri.edu.pk/questions/bab/zakat-sadaqat""><i class=""icon-docs-bold""></i> زکوٰۃ / صدقات</a></div></div><div class=""col-sm-4 col-md-4""><div class=""tag""><a href=""https://www.banuri.edu.pk/questions/fasal/wujob-e-zakat-ki-tafseel""><i class=""icon-docs-bold""></i> وجوب زکوٰۃ کی تفصیل</a></div></div></div>"
https://www.banuri.edu.pk/readquestion/masjid-ko-marhoma-walida-kai-name-sai-mosom-karna-144109202826/19-05-2020,مسجد کو مرحومہ والدہ کے نام سے موسوم کرنا,"<p><p style=""text-align:justify;"">کیا مرحومہ والدہ کے نام پر مسجد کا نام رکھا جا سکتا ہے؟</p></p>","<p><p style=""text-align:justify;"">بصورتِ مسئولہ مرحومہ والدہ کے نام پر مسجد کا نام رکھا جاسکتا ہے، ’’ آپ کے مسائل اور ان کا حل‘‘ (244/3) میں ہے: ’’مسجد کی نسبت کسی شخص کی طرف اس کے بانی کی حیثیت سے جائز ہے‘‘۔ البتہ خواتین کے نام کا اخفاء بہتر ہے۔</p><p style=""text-align:justify;""><span class=""ar_writing"">’’عن عبد اللّٰه بن عمر رضي اللّٰه عنه أن رسول اللّٰه صلی اللّٰه علیه وسلم سابق بین الخیل التي أُضمرت من الحفیاء وأمدُها ثنیة الوداع، وسابق بین الخیل التي لم تُضمر من الثنیة إلی مسجد بني زُریق، وأن عبد اللّٰه بن عمر کان فیمن سابق بها‘‘. (صحیح البخاري، کتاب الصلاة، باب هل یقال: مسجد بني فلان رقم: ۴۲۰ دار الفکر بیروت)<br/>
’’ویستفاد منه جواز إضافة المساجد إلی بانیها أو المصلي فیها، ویلتحق به جواز إضافة أعمال البر إلی أربابها‘‘. (فتح الباري / باب ہل یقال مسجد بني فلان ۲؍۷۷ رقم: ۴۲۰ نزار مصطفیٰ الباز مکة المکرمة، ۱؍۵۱۵ دار الفکر بیروت، عمدۃ القاري / باب هل یقال مسجد بني فلان ۲؍۱۵۹ دار الفکر بیروت) فقط والله أعلم</span></p></p><hr class=""big-hr""/>",19-05-2020,144109202826,banuri.edu.pk,نماز,مسجد کے آداب و احکام,مسجد کے آداب و احکام,"<div class=""col-md-12 sawal-jawab""><h3 class=""question_heading"">سوال</h3><p><p style=""text-align:justify;"">کیا مرحومہ والدہ کے نام پر مسجد کا نام رکھا جا سکتا ہے؟</p></p><h4 class=""question_heading"">جواب</h4><p><p style=""text-align:justify;"">بصورتِ مسئولہ مرحومہ والدہ کے نام پر مسجد کا نام رکھا جاسکتا ہے، ’’ آپ کے مسائل اور ان کا حل‘‘ (244/3) میں ہے: ’’مسجد کی نسبت کسی شخص کی طرف اس کے بانی کی حیثیت سے جائز ہے‘‘۔ البتہ خواتین کے نام کا اخفاء بہتر ہے۔</p><p style=""text-align:justify;""><span class=""ar_writing"">’’عن عبد اللّٰه بن عمر رضي اللّٰه عنه أن رسول اللّٰه صلی اللّٰه علیه وسلم سابق بین الخیل التي أُضمرت من الحفیاء وأمدُها ثنیة الوداع، وسابق بین الخیل التي لم تُضمر من الثنیة إلی مسجد بني زُریق، وأن عبد اللّٰه بن عمر کان فیمن سابق بها‘‘. (صحیح البخاري، کتاب الصلاة، باب هل یقال: مسجد بني فلان رقم: ۴۲۰ دار الفکر بیروت)<br/>
’’ویستفاد منه جواز إضافة المساجد إلی بانیها أو المصلي فیها، ویلتحق به جواز إضافة أعمال البر إلی أربابها‘‘. (فتح الباري / باب ہل یقال مسجد بني فلان ۲؍۷۷ رقم: ۴۲۰ نزار مصطفیٰ الباز مکة المکرمة، ۱؍۵۱۵ دار الفکر بیروت، عمدۃ القاري / باب هل یقال مسجد بني فلان ۲؍۱۵۹ دار الفکر بیروت) فقط والله أعلم</span></p></p><hr class=""big-hr""/><div class=""col-sm-6 col-md-6""><p class=""question_heading"" style=""color:#73161f"">فتویٰ نمبر : <a id=""fatwa_number"">144109202826</a></p></div><div class=""col-sm-6 col-md-6""><p style=""color:#73161f"">دارالافتاء :
                                جامعہ علوم اسلامیہ علامہ محمد یوسف بنوری ٹاؤن</p></div><hr class=""big-hr""/><div class=""col-sm-4 col-md-4""><div class=""tag""><a href=""https://www.banuri.edu.pk/questions/kitab/salat""><i class=""icon-docs-bold""></i> نماز</a></div></div><div class=""col-sm-4 col-md-4""><div class=""tag""><a href=""https://www.banuri.edu.pk/questions/bab/masjid-k-aadab-o-ahkaam""><i class=""icon-docs-bold""></i> مسجد کے آداب و احکام</a></div></div><div class=""col-sm-4 col-md-4""><div class=""tag""><a href=""https://www.banuri.edu.pk/questions/fasal/masjid-k-aadab-o-ahkam""><i class=""icon-docs-bold""></i> مسجد کے آداب و احکام</a></div></div></div>"
https://www.banuri.edu.pk/readquestion/khutb-e-eid-dua-say-pehlay-hoga-ya-dua-k-baad-144109203256/22-05-2020,خطبہ عید، دعا سے پہلے ہوگا یا دعا کے بعد؟,"<p><p style=""text-align:justify;"">خطبہ عید  دعا کے بعد دیا جائے یا دعا سے پہلےخطبہ دے کر پھر دعا کی جائے؟ </p></p>","<hr class=""big-hr""/>",22-05-2020,144109203256,banuri.edu.pk,نماز,جمعہ کی نماز,جمعہ و عیدین,"<div class=""col-md-12 sawal-jawab""><h3 class=""question_heading"">سوال</h3><p><p style=""text-align:justify;"">خطبہ عید  دعا کے بعد دیا جائے یا دعا سے پہلےخطبہ دے کر پھر دعا کی جائے؟ </p></p><h4 class=""question_heading"">جواب</h4><p><p style=""text-align:justify;"">عید کی نماز کے بعد بھی باقی نمازوں کی طرح ہاتھ اٹھاکر دعا کرنا جائز ہے، عید کے دن دعا کا ذکر تو صحیح احادیث میں موجود ہے، لیکن روایت میں یہ تصریح نہیں ہے کہ یہ دعا عید کی نماز کے بعد خطبہ سے پہلے ہوتی تھی یا خطبہ کے بعد؟ اس لیے اس میں دونوں  باتوں کا اختیار ہے کہ امام اور مقتدی مل کر کسی ایک موقع پر دعا مانگ لیں، خواہ نماز کے بعد یا خطبہ کے بعد، اور جس موقع پر  بھی مانگیں اس کو دعا کے لیے مخصوص اور مسنون نہ سمجھیں، اور نماز کے بعد دعا مانگنے والے خطبہ کے بعد دعا مانگنے والوں  کو ملامت نہ کریں اور نہ ہی  خطبہ کے بعد دعا مانگنے والے نماز کے بعد دعا کرنے والوں پر طعن وتشنیع کریں۔</p><p style=""text-align:justify;""> صحیح بخاری اور دیگر  کتبِ ستہ کی اس حدیث میں جو عورتوں  کے لیے عیدگاہ آنے سے متعلق ہے یہ الفاظ ہیں:</p><p style=""text-align:justify;""><span class=""ar_writing"">” فلیشهدن الخیر ودعوة المسلمین، ولیعتزلن المصلی“. </span></p><p style=""text-align:justify;"">یعنی حائضہ  عورتیں بھی جائیں اور نیکی اور مسلمانوں کی دعاؤں میں شریک ہوجائیں، ہاں نماز سے علیحدہ رہیں۔</p><p style=""text-align:justify;"">حکیم الامت حضرت مولانا اشرف علی تھانوی رحمہ اللہ ایک سوال کے جواب میں تحریر فرماتے ہیں  :</p><p style=""text-align:justify;""> ”واقعی بعد نماز عید یاخطبہ دعا مانگنا بالخصوص منقول تو نہیں دیکھا گیا اور  <span class=""ar_writing"">دعوتهم</span> سے  استدلال ناتمام ہے، کیوں کہ اس میں کسی محل کی تصریح نہیں کہ یہ دعا کس وقت ہوتی ہے، پھر محل خاص میں ان کے ہونے پر استدلال کرنا ظاہر ہے کہ غیر تمام ہے، ممکن ہے کہ یہ دعا وہ ہو جو نماز کے اندریاخطبہ کے اندر عام صیغوں سے کی جاتی ہے جو سب مسلمانوں کوشامل ہوتی ہے اور حاضرین پر اس کے برکات اول فائض ہوتے ہیں، لیکن بالخصوص منقول نہ ہونے سے حکم ابتداع کا بھی مشکل ہے؛ کیوں کہ عموماتِ نصوص سے فضیلت دعا بعد الصلاۃ کی ثابت ہے، پس اس عموم میں اس کے داخل ہونے کی گنجائش ہے، اوراگرکوئی شخص بالخصوص منقول نہ ہونے کے سبب اس کو ترک کرے اس پر بھی ملامت نہیں ۔ بہرحال یہ مسئلہ ایسا مہتم بالشان نہیں ہے دونوں جانب میں توسع ہے‘‘۔ (امداد الفتاوی، 1/405، ط: دارالعلوم کراچی)</p><p style=""text-align:justify;"">مفتی اعظم ہند مفتی کفایت اللہ رحمہ اللہ ایک سوال کے جواب میں تحریر فرماتے ہیں :</p><p style=""text-align:justify;"">”(سوال )  عیدین کے بعد دعا مانگنا ثابت ہے یا نہیں ؟  اگر نہیں تو الدعاء مخ العبادات کا کیا مطلب ہوا؟  المستفتی نمبر ۷۹۱ محمد نور صاحب (ضلع جالندھر) ۷ ذی الحجہ ۱۳۵۴؁ھ م ۲ مارچ ۱۹۳۶؁ء  <br/>
(جواب ۴۷۶)  عیدین کے بعد دعا مانگنے کا فی الجملہ تو ثبوت ہے، مگر تعین موقع کے ساتھ  ثبوت نہیں کہ نماز کے بعد یا خطبہ کے بعد، دونوں موقعوں میں سے کسی ایک موقع پر دعا مانگنے میں مضائقہ نہیں ہے“۔ (کفایت المفتی 3/251، ط: مکتبہ حقانیہ)فقط واللہ اعلم</p></p><hr class=""big-hr""/><div class=""col-sm-6 col-md-6""><p class=""question_heading"" style=""color:#73161f"">فتویٰ نمبر : <a id=""fatwa_number"">144109203256</a></p></div><div class=""col-sm-6 col-md-6""><p style=""color:#73161f"">دارالافتاء :
                                جامعہ علوم اسلامیہ علامہ محمد یوسف بنوری ٹاؤن</p></div><hr class=""big-hr""/><div class=""col-sm-4 col-md-4""><div class=""tag""><a href=""https://www.banuri.edu.pk/questions/kitab/salat""><i class=""icon-docs-bold""></i> نماز</a></div></div><div class=""col-sm-4 col-md-4""><div class=""tag""><a href=""https://www.banuri.edu.pk/questions/bab/jumaa""><i class=""icon-docs-bold""></i> جمعہ کی نماز</a></div></div><div class=""col-sm-4 col-md-4""><div class=""tag""><a href=""https://www.banuri.edu.pk/questions/fasal/juma-o-eidayn""><i class=""icon-docs-bold""></i> جمعہ و عیدین</a></div></div></div>"
https://www.banuri.edu.pk/readquestion/beva-uorat-par-zakat-ki-farziyat-ka-hukum-144109203237/22-05-2020,بیوہ عورت پر زکوٰۃ کی فرضیت کا حکم,"<p><p style=""text-align:justify;"">کیا بیوہ عورت پر زکوٰۃ فرض ہوتی ہے ؟</p></p>","<p><p style=""text-align:justify;"">بیوہ عورت اگر نصاب کے بقدر رقم کی مالک ہے تو اس پر زکوٰۃ کی ادائیگی فرض ہے؛ زکوٰۃ واجب ہونے  کے لیے صاحبِ نصاب ہونا اور زکوٰۃ کی ادائیگی لازم  ہونے کے لیے اس پر سال گزرنا شرعاً ضروری ہے،  لہذا  جس روز کسی عاقل بالغ مسلمان کے پاس بنیادی ضرورت سے زائد نصاب کے بقدر مال (سونا، چاندی، نقدی یا مالِ تجارت) جمع ہوجائے اس دن سے وہ شرعاً صاحبِ نصاب شمار ہوگا  اور اسی دن سے سال کا حساب بھی کیا جائے گا، اور قمری حساب سے سال پورا ہونے پر اسی تاریخ کے اعتبار سے زکوٰۃ  واجب ہوگی۔</p><p style=""text-align:justify;"">زکوۃ  کا نصاب سونے کے اعتبار سے  ساڑھے سات تولہ سونا،  اور چاندی کے اعتبار سے  ساڑھے باون تولہ چاندی، اور  نقدی یا مال تجارت کے اعتبار سے ساڑھے باون تولہ چاندی کی قیمت ہے، اس نصاب پر جب سال گزرجائے توزکوٰۃ  کی ادائیگی فرض ہوجاتی ہے۔</p><p style=""text-align:justify;"">واضح ہوکہ ساڑھے سات تولہ سونے پر زکوۃ کا مدار اس وقت ہے کہ جب ملکیت میں صرف سونا ہو، اس کے علاوہ کسی اور جنس میں سے کوئی مال پاس نہ، لیکن اگر سونے کے ساتھ  ساتھ  کچھ اور مالیت بھی ہےتو پھرزکوٰۃ   کی فرضیت کا مدار ساڑھے باون تولہ چاندی پرہوگا۔  یعنی اگرکسی کے پاس ساڑھے تولہ سے کم سونا ہے اوراس کے علاوہ نقدرقم، چاندی یاسامان تجارت وغیرہ بالکل نہ ہوتو اس شخص پرزکوٰۃ  فرض نہیں ہوگی، لیکن ساڑھے سات تولہ سے کم سونے کے ساتھ  ساتھ کسی کے پاس چاندی یا نقد رقم یاسامانِ تجارت موجود ہو توپھراس کے لیے نصاب ساڑھے باون تولہ چاندی کی مالیت ہے، لہٰذا اگر اس سونے اور باقی اشیاء  کی مالیت ساڑھے باون تولہ چاندی کے بقدر ہو تو اس پرزکوۃ فرض ہوگی۔</p><p style=""text-align:justify;"">بعض عوام یہ سمجھتے ہیں کہ ہر بیوہ زکاۃ کی مستحق ہوتی ہے، اس لیے شاید وہ یہ بھی سمجھتے ہوں کہ اس پر زکاۃ واجب ہی نہیں ہوتی، لیکن واضح رہے کہ بیوہ ہونا زکاۃ کا مصرف ہونے کا سبب نہیں ہے، لہٰذا جو بیوہ خود صاحبِ نصاب ہوگی اس پر بھی زکاۃ واجب ہوگی۔ فقط واللہ اعلم</p></p><hr class=""big-hr""/>",22-05-2020,144109203237,banuri.edu.pk,زکات,زکوٰۃ / صدقات,وجوب زکوٰۃ کی تفصیل,"<div class=""col-md-12 sawal-jawab""><h3 class=""question_heading"">سوال</h3><p><p style=""text-align:justify;"">کیا بیوہ عورت پر زکوٰۃ فرض ہوتی ہے ؟</p></p><h4 class=""question_heading"">جواب</h4><p><p style=""text-align:justify;"">بیوہ عورت اگر نصاب کے بقدر رقم کی مالک ہے تو اس پر زکوٰۃ کی ادائیگی فرض ہے؛ زکوٰۃ واجب ہونے  کے لیے صاحبِ نصاب ہونا اور زکوٰۃ کی ادائیگی لازم  ہونے کے لیے اس پر سال گزرنا شرعاً ضروری ہے،  لہذا  جس روز کسی عاقل بالغ مسلمان کے پاس بنیادی ضرورت سے زائد نصاب کے بقدر مال (سونا، چاندی، نقدی یا مالِ تجارت) جمع ہوجائے اس دن سے وہ شرعاً صاحبِ نصاب شمار ہوگا  اور اسی دن سے سال کا حساب بھی کیا جائے گا، اور قمری حساب سے سال پورا ہونے پر اسی تاریخ کے اعتبار سے زکوٰۃ  واجب ہوگی۔</p><p style=""text-align:justify;"">زکوۃ  کا نصاب سونے کے اعتبار سے  ساڑھے سات تولہ سونا،  اور چاندی کے اعتبار سے  ساڑھے باون تولہ چاندی، اور  نقدی یا مال تجارت کے اعتبار سے ساڑھے باون تولہ چاندی کی قیمت ہے، اس نصاب پر جب سال گزرجائے توزکوٰۃ  کی ادائیگی فرض ہوجاتی ہے۔</p><p style=""text-align:justify;"">واضح ہوکہ ساڑھے سات تولہ سونے پر زکوۃ کا مدار اس وقت ہے کہ جب ملکیت میں صرف سونا ہو، اس کے علاوہ کسی اور جنس میں سے کوئی مال پاس نہ، لیکن اگر سونے کے ساتھ  ساتھ  کچھ اور مالیت بھی ہےتو پھرزکوٰۃ   کی فرضیت کا مدار ساڑھے باون تولہ چاندی پرہوگا۔  یعنی اگرکسی کے پاس ساڑھے تولہ سے کم سونا ہے اوراس کے علاوہ نقدرقم، چاندی یاسامان تجارت وغیرہ بالکل نہ ہوتو اس شخص پرزکوٰۃ  فرض نہیں ہوگی، لیکن ساڑھے سات تولہ سے کم سونے کے ساتھ  ساتھ کسی کے پاس چاندی یا نقد رقم یاسامانِ تجارت موجود ہو توپھراس کے لیے نصاب ساڑھے باون تولہ چاندی کی مالیت ہے، لہٰذا اگر اس سونے اور باقی اشیاء  کی مالیت ساڑھے باون تولہ چاندی کے بقدر ہو تو اس پرزکوۃ فرض ہوگی۔</p><p style=""text-align:justify;"">بعض عوام یہ سمجھتے ہیں کہ ہر بیوہ زکاۃ کی مستحق ہوتی ہے، اس لیے شاید وہ یہ بھی سمجھتے ہوں کہ اس پر زکاۃ واجب ہی نہیں ہوتی، لیکن واضح رہے کہ بیوہ ہونا زکاۃ کا مصرف ہونے کا سبب نہیں ہے، لہٰذا جو بیوہ خود صاحبِ نصاب ہوگی اس پر بھی زکاۃ واجب ہوگی۔ فقط واللہ اعلم</p></p><hr class=""big-hr""/><div class=""col-sm-6 col-md-6""><p class=""question_heading"" style=""color:#73161f"">فتویٰ نمبر : <a id=""fatwa_number"">144109203237</a></p></div><div class=""col-sm-6 col-md-6""><p style=""color:#73161f"">دارالافتاء :
                                جامعہ علوم اسلامیہ علامہ محمد یوسف بنوری ٹاؤن</p></div><hr class=""big-hr""/><div class=""col-sm-4 col-md-4""><div class=""tag""><a href=""https://www.banuri.edu.pk/questions/kitab/zakat""><i class=""icon-docs-bold""></i> زکات</a></div></div><div class=""col-sm-4 col-md-4""><div class=""tag""><a href=""https://www.banuri.edu.pk/questions/bab/zakat-sadaqat""><i class=""icon-docs-bold""></i> زکوٰۃ / صدقات</a></div></div><div class=""col-sm-4 col-md-4""><div class=""tag""><a href=""https://www.banuri.edu.pk/questions/fasal/wujob-e-zakat-ki-tafseel""><i class=""icon-docs-bold""></i> وجوب زکوٰۃ کی تفصیل</a></div></div></div>"
https://www.banuri.edu.pk/readquestion/eidain-ki-jamat-k-liay-imam-k-elawa-kitnay-aadmiyon-ka-hona-zaruri-hay-144109203255/22-05-2020,عیدین کی جماعت کے لیے کتنے آدمیوں کا ہونا ضروری ہے؟,"<p><p style=""text-align:justify;"">عیدین کی جماعت کے لیے کتنے آدمی کا ہونا ضروری ہے؟ </p></p>","<p><p style=""text-align:justify;"">عیدین کی جماعت کے لیے امام کے علاوہ کم از کم ایک مرد ہونا ضروری ہے۔ </p><p style=""text-align:justify;""><span class=""ar_writing"">النهر الفائق شرح كنز الدقائق  (1 / 373) ط: <strong>دار الكتب العلمية:</strong></span></p><p style=""text-align:justify;""><span class=""ar_writing"">""نعم بقي أن يقال: من شرائطها الجماعة التي هي جمع والواحد هنا مع الإمام جماعة، فكيف يصح أن يقال: إن شروطه الجمعة؟!"".</span></p><p style=""text-align:justify;""><span class=""ar_writing"">الدر المختار وحاشية ابن عابدين (2 / 166):</span></p><p style=""text-align:justify;""><span class=""ar_writing""><strong>""(تجب صلاتهما) في الأصح (على من تجب عليه الجمعة بشرائطها) المتقدمة (سوى الخطبة) فإنها سنة بعدها"".</strong></span></p><p style=""text-align:justify;""><span class=""ar_writing"">و في الرد: ""لكن اعترض ط ما ذكره المصنف بأن الجمعة من شرائطها الجماعة التي هي جمع والواحد هنا مع الإمام، كما في النهر"".</span></p><p style=""text-align:justify;""><span class=""ar_writing"">الفقه على المذاهب الأربعة  (1 / 531):</span></p><p style=""text-align:justify;"">""<span class=""ar_writing"">الحنفية قالوا: صلاة العيدين واجبة في الأصح على من تجب عليه الجمع بشرائطها سواء كانت شرائط وجوب أو شرائط صحة إلا أنه يستثنى من شرائط الصحة الخطبة فإنها تكون قبل الصلاة في الجمعة وبعدها في العيد ويستثنى أيضًا عدد الجماعة فإن الجماعة في صلاة العيد تتحقق بواحد مع إمام بخلاف الجمعة"". فقط والله أعلم </span></p></p><hr class=""big-hr""/>",22-05-2020,144109203255,banuri.edu.pk,نماز,جمعہ کی نماز,جمعہ و عیدین,"<div class=""col-md-12 sawal-jawab""><h3 class=""question_heading"">سوال</h3><p><p style=""text-align:justify;"">عیدین کی جماعت کے لیے کتنے آدمی کا ہونا ضروری ہے؟ </p></p><h4 class=""question_heading"">جواب</h4><p><p style=""text-align:justify;"">عیدین کی جماعت کے لیے امام کے علاوہ کم از کم ایک مرد ہونا ضروری ہے۔ </p><p style=""text-align:justify;""><span class=""ar_writing"">النهر الفائق شرح كنز الدقائق  (1 / 373) ط: <strong>دار الكتب العلمية:</strong></span></p><p style=""text-align:justify;""><span class=""ar_writing"">""نعم بقي أن يقال: من شرائطها الجماعة التي هي جمع والواحد هنا مع الإمام جماعة، فكيف يصح أن يقال: إن شروطه الجمعة؟!"".</span></p><p style=""text-align:justify;""><span class=""ar_writing"">الدر المختار وحاشية ابن عابدين (2 / 166):</span></p><p style=""text-align:justify;""><span class=""ar_writing""><strong>""(تجب صلاتهما) في الأصح (على من تجب عليه الجمعة بشرائطها) المتقدمة (سوى الخطبة) فإنها سنة بعدها"".</strong></span></p><p style=""text-align:justify;""><span class=""ar_writing"">و في الرد: ""لكن اعترض ط ما ذكره المصنف بأن الجمعة من شرائطها الجماعة التي هي جمع والواحد هنا مع الإمام، كما في النهر"".</span></p><p style=""text-align:justify;""><span class=""ar_writing"">الفقه على المذاهب الأربعة  (1 / 531):</span></p><p style=""text-align:justify;"">""<span class=""ar_writing"">الحنفية قالوا: صلاة العيدين واجبة في الأصح على من تجب عليه الجمع بشرائطها سواء كانت شرائط وجوب أو شرائط صحة إلا أنه يستثنى من شرائط الصحة الخطبة فإنها تكون قبل الصلاة في الجمعة وبعدها في العيد ويستثنى أيضًا عدد الجماعة فإن الجماعة في صلاة العيد تتحقق بواحد مع إمام بخلاف الجمعة"". فقط والله أعلم </span></p></p><hr class=""big-hr""/><div class=""col-sm-6 col-md-6""><p class=""question_heading"" style=""color:#73161f"">فتویٰ نمبر : <a id=""fatwa_number"">144109203255</a></p></div><div class=""col-sm-6 col-md-6""><p style=""color:#73161f"">دارالافتاء :
                                جامعہ علوم اسلامیہ علامہ محمد یوسف بنوری ٹاؤن</p></div><hr class=""big-hr""/><div class=""col-sm-4 col-md-4""><div class=""tag""><a href=""https://www.banuri.edu.pk/questions/kitab/salat""><i class=""icon-docs-bold""></i> نماز</a></div></div><div class=""col-sm-4 col-md-4""><div class=""tag""><a href=""https://www.banuri.edu.pk/questions/bab/jumaa""><i class=""icon-docs-bold""></i> جمعہ کی نماز</a></div></div><div class=""col-sm-4 col-md-4""><div class=""tag""><a href=""https://www.banuri.edu.pk/questions/fasal/juma-o-eidayn""><i class=""icon-docs-bold""></i> جمعہ و عیدین</a></div></div></div>"
https://www.banuri.edu.pk/readquestion/kapre-dhona-etikaf-144109203181/22-05-2020,معتکف کا اپنے کپڑے دھونے کے لیے مسجد سے باہر جانا,"<p><p style=""text-align:justify;"">کیا معتکف شخص اپنے کپڑے دھونے کے لیے مسجد سے باہر جا سکتا ہے جب کہ کوئی دوسرا شخص کپڑے دھونے والا نہ ہو؟</p></p>","<p><p style=""text-align:justify;"">کپڑے دھونا  نہ شرعی ضرورت ہے نہ ہی طبعی ضرورت، لہذا اس لیے مسجد سے باہر نہیں جاسکتا، اگر کپڑے دھونے کے لیے باہر چلا گیا تو مسنون اعتکاف فاسد ہوجائے گا۔</p><p style=""text-align:justify;"">البتہ  اگر اور کپڑے نہ ہوں اور کوئی دھونے والا نہ ہو تو اولاً دھوبی وغیرہ سے دھلوالے، اگر اس کی استطاعت نہ ہو تو دوسرے لوگوں کو چاہیے کہ اس کا تعاون کرکے کپڑے دھونے کا انتظام کروادیں۔ اگر کوئی صورت نہ ہو اور خود ہی کپڑے دھونے ہوں تو  مسجد کی حدود کی اندر رہتے ہوئے کپڑے  دھونے کا انتظام کیا جاسکتاہے، مثلاً:خود مسجد  ہی میں بیٹھے، اور کپڑے  مسجد کی حدود کے باہر رکھ کر دھولے اور پانی مسجد سے باہر گرے۔</p><p style=""text-align:justify;"">روایات میں ہے کہ رسول اللہ ﷺ جب اعتکاف میں ہوتے تھے اور آپ ﷺ کو سر مبارک دھلوانے یا بالوں میں کنگھی کی ضرورت ہوتی تو آپ ﷺ معتکف (مسجد میں اعتکاف کی جگہ) میں رہتے ہوئے سر مبارک حضرت عائشہ رضی اللہ عنہا کے حجرے میں کردیتے تھے، حضرت عائشہ رضی اللہ عنہا آپ ﷺ کا سر مبارک دھو دیتیں، یا کنگھی کردیا کرتی تھیں۔ فقط واللہ اعلم</p></p><hr class=""big-hr""/>",22-05-2020,144109203181,banuri.edu.pk,روزہ,روزہ,اعتکاف,"<div class=""col-md-12 sawal-jawab""><h3 class=""question_heading"">سوال</h3><p><p style=""text-align:justify;"">کیا معتکف شخص اپنے کپڑے دھونے کے لیے مسجد سے باہر جا سکتا ہے جب کہ کوئی دوسرا شخص کپڑے دھونے والا نہ ہو؟</p></p><h4 class=""question_heading"">جواب</h4><p><p style=""text-align:justify;"">کپڑے دھونا  نہ شرعی ضرورت ہے نہ ہی طبعی ضرورت، لہذا اس لیے مسجد سے باہر نہیں جاسکتا، اگر کپڑے دھونے کے لیے باہر چلا گیا تو مسنون اعتکاف فاسد ہوجائے گا۔</p><p style=""text-align:justify;"">البتہ  اگر اور کپڑے نہ ہوں اور کوئی دھونے والا نہ ہو تو اولاً دھوبی وغیرہ سے دھلوالے، اگر اس کی استطاعت نہ ہو تو دوسرے لوگوں کو چاہیے کہ اس کا تعاون کرکے کپڑے دھونے کا انتظام کروادیں۔ اگر کوئی صورت نہ ہو اور خود ہی کپڑے دھونے ہوں تو  مسجد کی حدود کی اندر رہتے ہوئے کپڑے  دھونے کا انتظام کیا جاسکتاہے، مثلاً:خود مسجد  ہی میں بیٹھے، اور کپڑے  مسجد کی حدود کے باہر رکھ کر دھولے اور پانی مسجد سے باہر گرے۔</p><p style=""text-align:justify;"">روایات میں ہے کہ رسول اللہ ﷺ جب اعتکاف میں ہوتے تھے اور آپ ﷺ کو سر مبارک دھلوانے یا بالوں میں کنگھی کی ضرورت ہوتی تو آپ ﷺ معتکف (مسجد میں اعتکاف کی جگہ) میں رہتے ہوئے سر مبارک حضرت عائشہ رضی اللہ عنہا کے حجرے میں کردیتے تھے، حضرت عائشہ رضی اللہ عنہا آپ ﷺ کا سر مبارک دھو دیتیں، یا کنگھی کردیا کرتی تھیں۔ فقط واللہ اعلم</p></p><hr class=""big-hr""/><div class=""col-sm-6 col-md-6""><p class=""question_heading"" style=""color:#73161f"">فتویٰ نمبر : <a id=""fatwa_number"">144109203181</a></p></div><div class=""col-sm-6 col-md-6""><p style=""color:#73161f"">دارالافتاء :
                                جامعہ علوم اسلامیہ علامہ محمد یوسف بنوری ٹاؤن</p></div><hr class=""big-hr""/><div class=""col-sm-4 col-md-4""><div class=""tag""><a href=""https://www.banuri.edu.pk/questions/kitab/soum""><i class=""icon-docs-bold""></i> روزہ</a></div></div><div class=""col-sm-4 col-md-4""><div class=""tag""><a href=""https://www.banuri.edu.pk/questions/bab/roza""><i class=""icon-docs-bold""></i> روزہ</a></div></div><div class=""col-sm-4 col-md-4""><div class=""tag""><a href=""https://www.banuri.edu.pk/questions/fasal/aetikaf""><i class=""icon-docs-bold""></i> اعتکاف</a></div></div></div>"
https://www.banuri.edu.pk/readquestion/alwidai-khutba-/22-05-2020,الوداعی خطبہ,"<p><p style=""text-align:justify;"">الوداعی خطبہ کی کیا حیثیت ہے حدیث وقرآن کی روشنی میں؟</p></p>","<p><p style=""text-align:justify;""> رمضان المبارک کے آخری جمعے  کی تیاری اور بطور ’’ جمعۃ الوداع‘‘  منانا نبی کریم ﷺ، صحابہ کرام رضوان اللہ علیہم اجمعین اور فقہاء کرام سے ثابت نہیں ہے، حضور ﷺ رمضان المبارک کا مکمل آخری عشرہ اعتکاف اور راتوں کو جاگ  کر عبادت میں گزارتے تھے، پورے عشرے میں عبادت کا اہتمام تو احادیث میں منقول ہے، لیکن آخری جمعے کے لیے نئے کپڑے سلوانا، تیاری کرنا یا خاص عبادت کرنا احادیث سے ثابت نہیں ہے۔</p><p style=""text-align:justify;"">نیز  <span class=""ar_writing"">’’الوداع والفراق والسلام یا شهر رمضان‘‘</span> وغیرہ کے الفاظ سے خطبۃ الوداع پڑھنا حضرت سید الکونین علیہ الصلاۃ والسلام، خلفاء راشدین رضوان اللہ علیہم اجمعین اور ائمہ مجتہدین رحمہم اللہ سے ثابت نہیں ہے، اس کو اکابر اہلِ فتاوی نے مکروہ اور بدعت لکھا ہے۔ </p><p style=""text-align:justify;"">مولانا عبد الحی لکھنؤی رحمہ اللہ  نے ’’مجموعۃ الفتاوی‘‘  اور ’’خلاصۃ الفتاوی ‘‘ (329/4) کے حاشیہ میں اور مفتی رشید احمد گنگوہی رحمہ اللہ نے ’’فتاوی رشیدیہ‘‘ (ص: 123) میں، اور  مولانا اشرف علی تھانوی رحمہ اللہ نے ’’امداد الفتاوی‘‘ (685/1)میں، اور  مفتی عزیز الرحمن صاحب رحمہ اللہ نے ’’فتاوی دارالعلوم دیوبند‘‘ (96/5) میں اور  مفتی محمود حسن صاحب گنگوہی رحمہ اللہ نے ’’فتاوی محمودیہ‘‘  مطبع ڈابھیل (296/8)، مطبع میرٹھ (416/12)  میں،  اور مفتی محمدشفیع رحمہ اللہ نے ’’امداد المفتیین‘‘  (ص: 404) میں بد عت اور مکروہ لکھا ہے۔ فقط واللہ اعلم</p></p><hr class=""big-hr""/>",22-05-2020,144109203182,banuri.edu.pk,ایمان و عقائد,بدعات اور رسوم,بدعت اور اس کی اقسام,"<div class=""col-md-12 sawal-jawab""><h3 class=""question_heading"">سوال</h3><p><p style=""text-align:justify;"">الوداعی خطبہ کی کیا حیثیت ہے حدیث وقرآن کی روشنی میں؟</p></p><h4 class=""question_heading"">جواب</h4><p><p style=""text-align:justify;""> رمضان المبارک کے آخری جمعے  کی تیاری اور بطور ’’ جمعۃ الوداع‘‘  منانا نبی کریم ﷺ، صحابہ کرام رضوان اللہ علیہم اجمعین اور فقہاء کرام سے ثابت نہیں ہے، حضور ﷺ رمضان المبارک کا مکمل آخری عشرہ اعتکاف اور راتوں کو جاگ  کر عبادت میں گزارتے تھے، پورے عشرے میں عبادت کا اہتمام تو احادیث میں منقول ہے، لیکن آخری جمعے کے لیے نئے کپڑے سلوانا، تیاری کرنا یا خاص عبادت کرنا احادیث سے ثابت نہیں ہے۔</p><p style=""text-align:justify;"">نیز  <span class=""ar_writing"">’’الوداع والفراق والسلام یا شهر رمضان‘‘</span> وغیرہ کے الفاظ سے خطبۃ الوداع پڑھنا حضرت سید الکونین علیہ الصلاۃ والسلام، خلفاء راشدین رضوان اللہ علیہم اجمعین اور ائمہ مجتہدین رحمہم اللہ سے ثابت نہیں ہے، اس کو اکابر اہلِ فتاوی نے مکروہ اور بدعت لکھا ہے۔ </p><p style=""text-align:justify;"">مولانا عبد الحی لکھنؤی رحمہ اللہ  نے ’’مجموعۃ الفتاوی‘‘  اور ’’خلاصۃ الفتاوی ‘‘ (329/4) کے حاشیہ میں اور مفتی رشید احمد گنگوہی رحمہ اللہ نے ’’فتاوی رشیدیہ‘‘ (ص: 123) میں، اور  مولانا اشرف علی تھانوی رحمہ اللہ نے ’’امداد الفتاوی‘‘ (685/1)میں، اور  مفتی عزیز الرحمن صاحب رحمہ اللہ نے ’’فتاوی دارالعلوم دیوبند‘‘ (96/5) میں اور  مفتی محمود حسن صاحب گنگوہی رحمہ اللہ نے ’’فتاوی محمودیہ‘‘  مطبع ڈابھیل (296/8)، مطبع میرٹھ (416/12)  میں،  اور مفتی محمدشفیع رحمہ اللہ نے ’’امداد المفتیین‘‘  (ص: 404) میں بد عت اور مکروہ لکھا ہے۔ فقط واللہ اعلم</p></p><hr class=""big-hr""/><div class=""col-sm-6 col-md-6""><p class=""question_heading"" style=""color:#73161f"">فتویٰ نمبر : <a id=""fatwa_number"">144109203182</a></p></div><div class=""col-sm-6 col-md-6""><p style=""color:#73161f"">دارالافتاء :
                                جامعہ علوم اسلامیہ علامہ محمد یوسف بنوری ٹاؤن</p></div><hr class=""big-hr""/><div class=""col-sm-4 col-md-4""><div class=""tag""><a href=""https://www.banuri.edu.pk/questions/kitab/aqaed""><i class=""icon-docs-bold""></i> ایمان و عقائد</a></div></div><div class=""col-sm-4 col-md-4""><div class=""tag""><a href=""https://www.banuri.edu.pk/questions/bab/bidaat-rasoomat""><i class=""icon-docs-bold""></i> بدعات اور رسوم</a></div></div><div class=""col-sm-4 col-md-4""><div class=""tag""><a href=""https://www.banuri.edu.pk/questions/fasal/bidaat-aur-us-ki-aqsaam""><i class=""icon-docs-bold""></i> بدعت اور اس کی اقسام</a></div></div></div>"
https://www.banuri.edu.pk/readquestion/mutakif-ka-masjid-ki-sheryon-se-chat-par-jany-ka-hukam-144109203252/22-05-2020,معتکف کا مسجد کی سیڑھیوں سے چھت پر جانےکاحکم,"<p><p style=""text-align:justify;"">اگر معتکف سیڑھیوں سے ہو کر مسجد  کی چھت پہ چلا گیا جب کہ سیڑھیاں مسجد کے صحن میں ہیں۔ تو کیا حکم ہے؟</p></p>","<p><p style=""text-align:justify;"">بصورتِ  مسئولہ  معتکف کے لیے مسجد  کی سیڑھیاں (مسجد  کی حدود میں ہونے  کی وجہ سے)  مسجد کی چھت پر جانےکے لیے استعمال کرنا جائز ہے۔</p><p style=""text-align:justify;""><strong>البحر الرائق میں ہے:</strong></p><p style=""text-align:justify;""><span class=""ar_writing"">""(قَوْلُهُ: وَالْوَطْءُ فَوْقَهُ وَالْبَوْلُ وَالتَّخَلِّي) أَيْ وَكُرِهَ الْوَطْءُ فَوْقَ الْمَسْجِدِ وَكَذَا الْبَوْلُ وَالتَّغَوُّطُ لِأَنَّ سَطْحَ الْمَسْجِدِ لَهُ حُكْمُ الْمَسْجِدِ حَتَّى يَصِحَّ الِاقْتِدَاءُ مِنْهُ بِمَنْ تَحْتَهُ وَلَا يَبْطُلُ الِاعْتِكَافُ بِالصُّعُودِ إلَيْهِ"". ( كتاب الصلاة، (فَصْلٌ) لَمَّا فَرَغَ مِنْ بَيَانِ الْكَرَاهَةِ فِي الصَّلَاةِ شَرَعَ فِي بَيَانِهَا خَارِجَهَا مِمَّا هُوَ مِنْ تَوَابِعِهَا، ٢ / ٣٦ - ٢٧، ط: دار الكتاب الإسلامي) فقط والله أعلم</span></p></p><hr class=""big-hr""/>",22-05-2020,144109203252,banuri.edu.pk,روزہ,روزہ,اعتکاف,"<div class=""col-md-12 sawal-jawab""><h3 class=""question_heading"">سوال</h3><p><p style=""text-align:justify;"">اگر معتکف سیڑھیوں سے ہو کر مسجد  کی چھت پہ چلا گیا جب کہ سیڑھیاں مسجد کے صحن میں ہیں۔ تو کیا حکم ہے؟</p></p><h4 class=""question_heading"">جواب</h4><p><p style=""text-align:justify;"">بصورتِ  مسئولہ  معتکف کے لیے مسجد  کی سیڑھیاں (مسجد  کی حدود میں ہونے  کی وجہ سے)  مسجد کی چھت پر جانےکے لیے استعمال کرنا جائز ہے۔</p><p style=""text-align:justify;""><strong>البحر الرائق میں ہے:</strong></p><p style=""text-align:justify;""><span class=""ar_writing"">""(قَوْلُهُ: وَالْوَطْءُ فَوْقَهُ وَالْبَوْلُ وَالتَّخَلِّي) أَيْ وَكُرِهَ الْوَطْءُ فَوْقَ الْمَسْجِدِ وَكَذَا الْبَوْلُ وَالتَّغَوُّطُ لِأَنَّ سَطْحَ الْمَسْجِدِ لَهُ حُكْمُ الْمَسْجِدِ حَتَّى يَصِحَّ الِاقْتِدَاءُ مِنْهُ بِمَنْ تَحْتَهُ وَلَا يَبْطُلُ الِاعْتِكَافُ بِالصُّعُودِ إلَيْهِ"". ( كتاب الصلاة، (فَصْلٌ) لَمَّا فَرَغَ مِنْ بَيَانِ الْكَرَاهَةِ فِي الصَّلَاةِ شَرَعَ فِي بَيَانِهَا خَارِجَهَا مِمَّا هُوَ مِنْ تَوَابِعِهَا، ٢ / ٣٦ - ٢٧، ط: دار الكتاب الإسلامي) فقط والله أعلم</span></p></p><hr class=""big-hr""/><div class=""col-sm-6 col-md-6""><p class=""question_heading"" style=""color:#73161f"">فتویٰ نمبر : <a id=""fatwa_number"">144109203252</a></p></div><div class=""col-sm-6 col-md-6""><p style=""color:#73161f"">دارالافتاء :
                                جامعہ علوم اسلامیہ علامہ محمد یوسف بنوری ٹاؤن</p></div><hr class=""big-hr""/><div class=""col-sm-4 col-md-4""><div class=""tag""><a href=""https://www.banuri.edu.pk/questions/kitab/soum""><i class=""icon-docs-bold""></i> روزہ</a></div></div><div class=""col-sm-4 col-md-4""><div class=""tag""><a href=""https://www.banuri.edu.pk/questions/bab/roza""><i class=""icon-docs-bold""></i> روزہ</a></div></div><div class=""col-sm-4 col-md-4""><div class=""tag""><a href=""https://www.banuri.edu.pk/questions/fasal/aetikaf""><i class=""icon-docs-bold""></i> اعتکاف</a></div></div></div>"
https://www.banuri.edu.pk/readquestion/elektronik-ashiya-qisto-par-kharedna-144109203234/22-05-2020,الیکٹرانک اشیاء قسطوں پر خریدنا,"<p><p style=""text-align:justify;"">کیا الیکٹرانک چیزیں جیسے اے سی وغیرہ کو  قسطوں میں خریدا جا سکتا ہے؟</p></p>","<p><p style=""text-align:justify;"">واضح رہے کہ  ہر شخص  کے  لیے اپنی مملوکہ  چیز  کو  اصل قیمت میں کمی زیادتی کے ساتھ  نقد  اور ادھار دنوں طرح  فروخت کرنے کا اختیار ہوتا ہے، اور جس طرح ادھار پر سامان  فروخت کرنے والا اپنے سامان کی قیمت یک مشت وصول کرسکتا ہے، اسی  طرح اس کو یہ بھی اختیار ہوتا ہے  کہ وہ اس رقم کو قسط وار وصول کرے،  اسے اصطلاح میں ”بیع بالتقسیط“ یعنی قسطوں پر خریدوفروخت  کہتے ہیں۔</p><p style=""text-align:justify;""> قسطوں پر خرید وفروخت میں  درج ذیل  شرائط کا لحاظ  اور رعایت کرنا ضروری ہے:</p><p style=""text-align:justify;"">قسط کی رقم متعین ہو، مدت متعین ہو، معاملہ متعین ہو کہ نقد کا معاملہ کیا جارہا ہے یا ادھار،  اور عقد کے وقت مجموعی قیمت مقرر ہو، اور ایک شرط یہ بھی  ہے کہ کسی قسط کی ادائیگی میں تاخیر کی صورت میں اس  میں اضافہ (جرمانہ) وصول نہ کیا جائے، اور جلد ادائیگی کی صورت میں قیمت کی کمی عقد میں مشروط نہ ہو۔  اگر بوقتِ عقد یہ شرط ہوگی تو پورا معاملہ ہی فاسد ہوجائے گا، ان شرائط کی رعایت کے ساتھ قسطوں پر خریدوفروخت کرنا جائز ہے۔</p><p style=""text-align:justify;"">لہذا مذکورہ شرائط کی رعایت رکھتے ہوئے الیکٹرانک اشیاء قسطوں پر خریدنا جائز ہے۔فقط واللہ اعلم</p></p><hr class=""big-hr""/>",22-05-2020,144109203234,banuri.edu.pk,معاملات,بیع / تجارت,نقد اور ادھار خرید و فروخت کے احکام,"<div class=""col-md-12 sawal-jawab""><h3 class=""question_heading"">سوال</h3><p><p style=""text-align:justify;"">کیا الیکٹرانک چیزیں جیسے اے سی وغیرہ کو  قسطوں میں خریدا جا سکتا ہے؟</p></p><h4 class=""question_heading"">جواب</h4><p><p style=""text-align:justify;"">واضح رہے کہ  ہر شخص  کے  لیے اپنی مملوکہ  چیز  کو  اصل قیمت میں کمی زیادتی کے ساتھ  نقد  اور ادھار دنوں طرح  فروخت کرنے کا اختیار ہوتا ہے، اور جس طرح ادھار پر سامان  فروخت کرنے والا اپنے سامان کی قیمت یک مشت وصول کرسکتا ہے، اسی  طرح اس کو یہ بھی اختیار ہوتا ہے  کہ وہ اس رقم کو قسط وار وصول کرے،  اسے اصطلاح میں ”بیع بالتقسیط“ یعنی قسطوں پر خریدوفروخت  کہتے ہیں۔</p><p style=""text-align:justify;""> قسطوں پر خرید وفروخت میں  درج ذیل  شرائط کا لحاظ  اور رعایت کرنا ضروری ہے:</p><p style=""text-align:justify;"">قسط کی رقم متعین ہو، مدت متعین ہو، معاملہ متعین ہو کہ نقد کا معاملہ کیا جارہا ہے یا ادھار،  اور عقد کے وقت مجموعی قیمت مقرر ہو، اور ایک شرط یہ بھی  ہے کہ کسی قسط کی ادائیگی میں تاخیر کی صورت میں اس  میں اضافہ (جرمانہ) وصول نہ کیا جائے، اور جلد ادائیگی کی صورت میں قیمت کی کمی عقد میں مشروط نہ ہو۔  اگر بوقتِ عقد یہ شرط ہوگی تو پورا معاملہ ہی فاسد ہوجائے گا، ان شرائط کی رعایت کے ساتھ قسطوں پر خریدوفروخت کرنا جائز ہے۔</p><p style=""text-align:justify;"">لہذا مذکورہ شرائط کی رعایت رکھتے ہوئے الیکٹرانک اشیاء قسطوں پر خریدنا جائز ہے۔فقط واللہ اعلم</p></p><hr class=""big-hr""/><div class=""col-sm-6 col-md-6""><p class=""question_heading"" style=""color:#73161f"">فتویٰ نمبر : <a id=""fatwa_number"">144109203234</a></p></div><div class=""col-sm-6 col-md-6""><p style=""color:#73161f"">دارالافتاء :
                                جامعہ علوم اسلامیہ علامہ محمد یوسف بنوری ٹاؤن</p></div><hr class=""big-hr""/><div class=""col-sm-4 col-md-4""><div class=""tag""><a href=""https://www.banuri.edu.pk/questions/kitab/muamlat""><i class=""icon-docs-bold""></i> معاملات</a></div></div><div class=""col-sm-4 col-md-4""><div class=""tag""><a href=""https://www.banuri.edu.pk/questions/bab/bay-tijarat""><i class=""icon-docs-bold""></i> بیع / تجارت</a></div></div><div class=""col-sm-4 col-md-4""><div class=""tag""><a href=""https://www.banuri.edu.pk/questions/fasal/naqd-o-udhar-khareed-o-farokht-k-ahkam""><i class=""icon-docs-bold""></i> نقد اور ادھار خرید و فروخت کے احکام</a></div></div></div>"
https://www.banuri.edu.pk/readquestion/safar-main-roza-144109203034/20-05-2020,سفر میں روزہ,"<p><p style=""text-align:justify;"">کیا سفر میں روزہ فرض ہے؟</p></p>","<p><p style=""text-align:justify;"">اگر سفر کے دوران روزہ رکھنے  میں  سہولت ہے، دشواری نہیں  ہے تو روزہ رکھ  لینا بہتر ہے، اگر روزہ رکھنے میں مشقت اور دشواری ہے تو  اس صورت میں روزہ نہ رکھنے کی بھی اجازت ہے اور بعد میں اس روزہ کی قضا کرلے۔ البتہ اگر سحری کے انتہائے وقت  تک اپنے شہر میں ہو  اور ابھی تک سفر شروع نہ کیا ہو تو اس دن روزہ رکھنا ضروری ہوگا، اگرچہ صبح صادق کے بعد سفر کا ارادہ ہو۔</p><p style=""text-align:justify;""><span class=""ar_writing""> ""(ويندب لمسافر الصوم) لآية - ﴿ وَأَنْ تَصُوْمُوْا ﴾ [البقرة: 184]- والخير بمعنى البر لا أفعل تفضيل (إن لم يضره) فإن شق عليه أو على رفيقه فالفطر أفضل ؛ لموافقته الجماعة"". (فتاوی شامی (2/ 423) کتاب الصوم، ط: سعید) فقط والله أعلم</span></p></p><hr class=""big-hr""/>",20-05-2020,144109203034,banuri.edu.pk,روزہ,روزہ,روزہ - حقیقت و مصالح,"<div class=""col-md-12 sawal-jawab""><h3 class=""question_heading"">سوال</h3><p><p style=""text-align:justify;"">کیا سفر میں روزہ فرض ہے؟</p></p><h4 class=""question_heading"">جواب</h4><p><p style=""text-align:justify;"">اگر سفر کے دوران روزہ رکھنے  میں  سہولت ہے، دشواری نہیں  ہے تو روزہ رکھ  لینا بہتر ہے، اگر روزہ رکھنے میں مشقت اور دشواری ہے تو  اس صورت میں روزہ نہ رکھنے کی بھی اجازت ہے اور بعد میں اس روزہ کی قضا کرلے۔ البتہ اگر سحری کے انتہائے وقت  تک اپنے شہر میں ہو  اور ابھی تک سفر شروع نہ کیا ہو تو اس دن روزہ رکھنا ضروری ہوگا، اگرچہ صبح صادق کے بعد سفر کا ارادہ ہو۔</p><p style=""text-align:justify;""><span class=""ar_writing""> ""(ويندب لمسافر الصوم) لآية - ﴿ وَأَنْ تَصُوْمُوْا ﴾ [البقرة: 184]- والخير بمعنى البر لا أفعل تفضيل (إن لم يضره) فإن شق عليه أو على رفيقه فالفطر أفضل ؛ لموافقته الجماعة"". (فتاوی شامی (2/ 423) کتاب الصوم، ط: سعید) فقط والله أعلم</span></p></p><hr class=""big-hr""/><div class=""col-sm-6 col-md-6""><p class=""question_heading"" style=""color:#73161f"">فتویٰ نمبر : <a id=""fatwa_number"">144109203034</a></p></div><div class=""col-sm-6 col-md-6""><p style=""color:#73161f"">دارالافتاء :
                                جامعہ علوم اسلامیہ علامہ محمد یوسف بنوری ٹاؤن</p></div><hr class=""big-hr""/><div class=""col-sm-4 col-md-4""><div class=""tag""><a href=""https://www.banuri.edu.pk/questions/kitab/soum""><i class=""icon-docs-bold""></i> روزہ</a></div></div><div class=""col-sm-4 col-md-4""><div class=""tag""><a href=""https://www.banuri.edu.pk/questions/bab/roza""><i class=""icon-docs-bold""></i> روزہ</a></div></div><div class=""col-sm-4 col-md-4""><div class=""tag""><a href=""https://www.banuri.edu.pk/questions/fasal/roza-haqiqat-o-masaleh""><i class=""icon-docs-bold""></i> روزہ - حقیقت و مصالح</a></div></div></div>"
https://www.banuri.edu.pk/readquestion/soadia-arab-ke-sath-eid-karne-ka-nazria-kesa-he-144109202853/19-05-2020,سعودیہ عرب کی رؤیت کے مطابق روزہ رکھنے اور عید منانے کا نظریہ کیسا ہے؟,"<p><p style=""text-align:justify;"">پاکستان میں رہتے ہوئے بھی ایک گروہ جو سعودیہ کے حساب سے عیدین کرتا ہے، کیا ان کا یہ عمل درست ہے؟ اور کیا ہم ان  میں نکاح کرسکتے ہیں؟</p></p>","<p><p style=""text-align:justify;"">اسلامی عبادات  مثلاً روزہ، حج ، زکاۃ وغیرہ کا تعلق  قمری مہینہ سے ہے، اور خصوصاً  رمضان المبارک  کی تو ابتدا  ہی چاند دیکھنے پر موقوف ہے، ارشادِ باری تعالی ہے : <span class=""ar_writing"">{ فَمَنْ شَهِدَ مِنْكُمُ الشَّهْرَ فَلْيَصُمْهُ }</span> [البقرة: 185] اور اس کے لیے رسول اللہ ﷺ نے ایک آسان  اور عام فہم طریقہ بتادیا کہ  چاند دیکھنے پر روزہ رکھو ، اور  چاند دیکھنے پر افطار کرو، تاکہ ایک عام فہم،سادہ لوح مسلمان کے لیے بھی فرائض کی ادائیگی آسان ہو، لہذا روزہ اور عید کا مدار چاند کی رؤ یت پر ہے، یعنی اگر چاند نظر آئے تو رمضان شروع ہونے کا حکم ہوگا، اور چاند نظر نہ آئے تو رمضان کا آغاز نہیں ہوگا، یہی حکم عید کا بھی ہے۔ خواہ آسمان ابر آلود ہونے کی وجہ سے چاند نظر نہ آئے، اور فلکیات کے قواعد کے مطابق بادلوں کے پیچھے اس کا وجود یقینی ہو، تب بھی ظاہری رؤیت کا اعتبار کیا جائے گا۔</p><p style=""text-align:justify;"">اور بلادِ  قریبہ میں اختلافِ  مطالع معتبر ہونے یا نہ ہونے میں فقہاء کا اختلاف ہے۔(_شامی، ج: ۲، ص: ۳۹۳ )   البتہ بلادِ  بعیدہ میں اختلافِ  مطالع معتبر ہونے پر ابن رشد نے اجماع نقل کیا ہے۔  ( بدائع، ج: ۲، ص: ۸۳،  بحر، ج: ۲، ص: ۲۶۷ تا ۲۷۰، معارف السنن ، ج: ۵، ص: ۳۳۷)</p><p style=""text-align:justify;"">اب بلادِ  بعیدہ کی تعیین میں اقوال مختلف ہیں، علامہ شامی نے لکھا ہے کہ :بعض فقہاء فرماتےہیں: ایک مہینہ کی مسافت پر مطلع بدل جاتا ہے، اور فقہاء کی تصریحات کے مطابق تین دن کا سفر ۴۸ میل بنتا ہے تو اس کے حساب سے چارسو اسی میل کی مسافت پر مطلع تبدیل ہوگا۔ دوسرا قول یہ لکھا ہے کہ: چوبیس فرسخ پر مطلع بدل جائے گا۔ (شامی ، کتاب الصوم، ج: ۲، ص: ۳۹۳) اور معارف السنن میں حضرت بنوری رحمہ اللہ نے لکھا ہے کہ ہر پانچ سو میل کی مسافت پر مطلع بدل جاتا ہے۔ (ج: ۵، ص: ۴۴۰) </p><p style=""text-align:justify;"">نیز   کسی علاقے میں کوئی قاضی یا حکومت کی طرف سے مقرر کردہ  کمیٹی پورے  ضلع یا صوبے  یا پورے ملک  کے لیے ہو  اور وہ شرعی شہادت  موصول ہونے پر  چاند نظر آنے کا اعلان کردے تو اس کے فیصلے پر اپنی حدود اور ولایت میں  ان لوگوں پرجن تک فیصلہ اور اعلان یقینی اور معتبر ذریعے سے پہنچ جائے  عمل  کرنا واجب ہوگا،  چوں کہ  مرکزی رؤیت ہلال کمیٹی  قاضی شرعی کی  حیثیت    رکھتی ہے، لہذا شہادت موصول ہونے پر اگر وہ اعلان کردے تو ملک میں  جن لوگوں تک یہ اعلان    معتبر ذرائع سے پہنچ جائے ، ان پر روزہ رکھنا یا عید کرنا لازم ہوگا۔</p><p style=""text-align:justify;"">لہذا پاکستان میں رہنے والے شخص کا پاکستان میں ہوتے ہوئے سعودی عرب کی رؤیت کا اعتبار کرتے ہوئے روزے  رکھنا اور عید کرنا  شرعاً  درست نہیں۔</p><p style=""text-align:justify;"">نیز واضح رہے کہ   تمام اسلامی ممالک  میں یا کسی ایک اسلامی ملک میں   بیک وقت عید منانا یا رمضان المبارک  کا  شروع ہوجانا  شرعاً ضروری نہیں ہے،   اس لیے کہ ہماری  عیدیں اور رمضان کوئی تہوار نہیں، بلکہ خصوصی عبادت کے اوقات ہیں،  جیسے  دیگر عبادات میں وقت یا تاریخ کا ایک ہونا  شرعاً ضروری نہیں، بلکہ  ہم دیکھتے ہیں کہ  نماز کے اوقات مختلف ملکوں میں یا ایک ملک کے مختلف شہروں میں الگ  الگ ہوتے  ہیں، ہماری شریعت میں عبادات کا تعلق ظاہری علامات سے جوڑ کر ہمیں بہت آسانی دی گئی ہے۔   غرض ہماری عید اور رمضان یہ عیسائیوں یا آتش پرستوں کے تہوار  کی طرح کوئی  تہوار  یا تقریب نہیں کہ  جس کو پوری دنیا میں ایک تاریخ میں کرنے کی  فکر کی جائے، بلکہ یہ سب عبادات ہیں، جو ہر خطے میں علامات کے وجود کے ساتھ مقید ہوں گی۔</p><p style=""text-align:justify;"">  نیز اگر پوری دنیا میں  ایک ہی تاریخ میں عیدمنانا  مطلوب ہوتا تو  نبی کریمﷺ کی مدنی زندگی میں، خلفائے راشدین، صحابہ، تابعین، تبع تابعین اور ائمہ مجتہدین  کے دور میں اس کی کوئی اصل ہوتی، حال آ ں کہ نبی کریمﷺ، صحابہ، تابعین اور تبع تابعین کے مبارک دور میں اس کا اہتمام نہیں کیا گیا، اور نہ ہی اس کے لیے کسی نے آواز اٹھائی، جیساکہ حضرت عبداللہ بن عباس  رضی اللہ عنہما کی روایت سے صحابہ  کرام رضوان اللہ علیہم اجمعین کے زمانے میں اس کا ثبوت ملتا ہے کہ ملک شام میں جمعہ کو چاند دیکھا گیا اور مدینہ میں اس دن چاند نظر نہیں آیا،  شام  کے  لوگوں نے  ہفتہ کے دن روزہ رکھا ، جب کہ مدینہ کے لوگوں  نے اتوار سے رمضان شروع کیا، مدینہ میں حضرت عبد اللہ بن عباس رضی اللہ تعالی عنھما کو   حضرت کریب کی شہادت سے  رمضان ختم ہونے سے پہلے  شام میں جمعہ کے دن چاند دیکھے جانے کا علم ہوگیا تھا،  اگرپوری دنیا میں عید کی نماز ایک دن میں پڑھنا اور رمضان کا روزہ ایک ہی دن میں شروع کرنا شرعاً  کوئی پسندیدہ چیز ہوتی تو فوری طور پر  ملک شام سے دوسری شہادت طلب کرکے  یہ وحدت قائم  کی جاسکتی تھی،  اوریہ کوئی مشکل بھی نہ تھا، تاہم  حضرت ابن عباس ؓ نے  حضرت کریبؓ کے اصرار کے باوجود اس کی طرف کوئی توجہ نہیں کی، اس لیے تمام مسلمانوں کے لیے رمضان کا روزہ ایک دن میں شروع کرنا ، اور عیدایک ہی تاریخ میں کرنا، اور اسے ضروری یا مستحسن سمجھنا، یہ خیال درست نہیں ہے۔</p><p style=""text-align:justify;"">2۔۔ جو شخص مسلمان ہو اور اس کے عقائد درست ہوں تو ان کے ساتھ نکاح کرنا جائز ہے، لہذا اگر مذکورہ لوگوں کے عقائد صحیح ہوں تو ان سے نکاح جائز ہے، البتہ اگر اس بات کو لے کر یا کسی اور وجہ سے ذہنی ہم آہنگی نہ ہونے کا اندیشہ ہو  اور نکاح نہ کیا جائے تو مضائقہ بھی نہیں ہے۔فقط واللہ اعلم</p></p><hr class=""big-hr""/>",19-05-2020,144109202853,banuri.edu.pk,روزہ,روزہ,رؤیت ہلال,"<div class=""col-md-12 sawal-jawab""><h3 class=""question_heading"">سوال</h3><p><p style=""text-align:justify;"">پاکستان میں رہتے ہوئے بھی ایک گروہ جو سعودیہ کے حساب سے عیدین کرتا ہے، کیا ان کا یہ عمل درست ہے؟ اور کیا ہم ان  میں نکاح کرسکتے ہیں؟</p></p><h4 class=""question_heading"">جواب</h4><p><p style=""text-align:justify;"">اسلامی عبادات  مثلاً روزہ، حج ، زکاۃ وغیرہ کا تعلق  قمری مہینہ سے ہے، اور خصوصاً  رمضان المبارک  کی تو ابتدا  ہی چاند دیکھنے پر موقوف ہے، ارشادِ باری تعالی ہے : <span class=""ar_writing"">{ فَمَنْ شَهِدَ مِنْكُمُ الشَّهْرَ فَلْيَصُمْهُ }</span> [البقرة: 185] اور اس کے لیے رسول اللہ ﷺ نے ایک آسان  اور عام فہم طریقہ بتادیا کہ  چاند دیکھنے پر روزہ رکھو ، اور  چاند دیکھنے پر افطار کرو، تاکہ ایک عام فہم،سادہ لوح مسلمان کے لیے بھی فرائض کی ادائیگی آسان ہو، لہذا روزہ اور عید کا مدار چاند کی رؤ یت پر ہے، یعنی اگر چاند نظر آئے تو رمضان شروع ہونے کا حکم ہوگا، اور چاند نظر نہ آئے تو رمضان کا آغاز نہیں ہوگا، یہی حکم عید کا بھی ہے۔ خواہ آسمان ابر آلود ہونے کی وجہ سے چاند نظر نہ آئے، اور فلکیات کے قواعد کے مطابق بادلوں کے پیچھے اس کا وجود یقینی ہو، تب بھی ظاہری رؤیت کا اعتبار کیا جائے گا۔</p><p style=""text-align:justify;"">اور بلادِ  قریبہ میں اختلافِ  مطالع معتبر ہونے یا نہ ہونے میں فقہاء کا اختلاف ہے۔(_شامی، ج: ۲، ص: ۳۹۳ )   البتہ بلادِ  بعیدہ میں اختلافِ  مطالع معتبر ہونے پر ابن رشد نے اجماع نقل کیا ہے۔  ( بدائع، ج: ۲، ص: ۸۳،  بحر، ج: ۲، ص: ۲۶۷ تا ۲۷۰، معارف السنن ، ج: ۵، ص: ۳۳۷)</p><p style=""text-align:justify;"">اب بلادِ  بعیدہ کی تعیین میں اقوال مختلف ہیں، علامہ شامی نے لکھا ہے کہ :بعض فقہاء فرماتےہیں: ایک مہینہ کی مسافت پر مطلع بدل جاتا ہے، اور فقہاء کی تصریحات کے مطابق تین دن کا سفر ۴۸ میل بنتا ہے تو اس کے حساب سے چارسو اسی میل کی مسافت پر مطلع تبدیل ہوگا۔ دوسرا قول یہ لکھا ہے کہ: چوبیس فرسخ پر مطلع بدل جائے گا۔ (شامی ، کتاب الصوم، ج: ۲، ص: ۳۹۳) اور معارف السنن میں حضرت بنوری رحمہ اللہ نے لکھا ہے کہ ہر پانچ سو میل کی مسافت پر مطلع بدل جاتا ہے۔ (ج: ۵، ص: ۴۴۰) </p><p style=""text-align:justify;"">نیز   کسی علاقے میں کوئی قاضی یا حکومت کی طرف سے مقرر کردہ  کمیٹی پورے  ضلع یا صوبے  یا پورے ملک  کے لیے ہو  اور وہ شرعی شہادت  موصول ہونے پر  چاند نظر آنے کا اعلان کردے تو اس کے فیصلے پر اپنی حدود اور ولایت میں  ان لوگوں پرجن تک فیصلہ اور اعلان یقینی اور معتبر ذریعے سے پہنچ جائے  عمل  کرنا واجب ہوگا،  چوں کہ  مرکزی رؤیت ہلال کمیٹی  قاضی شرعی کی  حیثیت    رکھتی ہے، لہذا شہادت موصول ہونے پر اگر وہ اعلان کردے تو ملک میں  جن لوگوں تک یہ اعلان    معتبر ذرائع سے پہنچ جائے ، ان پر روزہ رکھنا یا عید کرنا لازم ہوگا۔</p><p style=""text-align:justify;"">لہذا پاکستان میں رہنے والے شخص کا پاکستان میں ہوتے ہوئے سعودی عرب کی رؤیت کا اعتبار کرتے ہوئے روزے  رکھنا اور عید کرنا  شرعاً  درست نہیں۔</p><p style=""text-align:justify;"">نیز واضح رہے کہ   تمام اسلامی ممالک  میں یا کسی ایک اسلامی ملک میں   بیک وقت عید منانا یا رمضان المبارک  کا  شروع ہوجانا  شرعاً ضروری نہیں ہے،   اس لیے کہ ہماری  عیدیں اور رمضان کوئی تہوار نہیں، بلکہ خصوصی عبادت کے اوقات ہیں،  جیسے  دیگر عبادات میں وقت یا تاریخ کا ایک ہونا  شرعاً ضروری نہیں، بلکہ  ہم دیکھتے ہیں کہ  نماز کے اوقات مختلف ملکوں میں یا ایک ملک کے مختلف شہروں میں الگ  الگ ہوتے  ہیں، ہماری شریعت میں عبادات کا تعلق ظاہری علامات سے جوڑ کر ہمیں بہت آسانی دی گئی ہے۔   غرض ہماری عید اور رمضان یہ عیسائیوں یا آتش پرستوں کے تہوار  کی طرح کوئی  تہوار  یا تقریب نہیں کہ  جس کو پوری دنیا میں ایک تاریخ میں کرنے کی  فکر کی جائے، بلکہ یہ سب عبادات ہیں، جو ہر خطے میں علامات کے وجود کے ساتھ مقید ہوں گی۔</p><p style=""text-align:justify;"">  نیز اگر پوری دنیا میں  ایک ہی تاریخ میں عیدمنانا  مطلوب ہوتا تو  نبی کریمﷺ کی مدنی زندگی میں، خلفائے راشدین، صحابہ، تابعین، تبع تابعین اور ائمہ مجتہدین  کے دور میں اس کی کوئی اصل ہوتی، حال آ ں کہ نبی کریمﷺ، صحابہ، تابعین اور تبع تابعین کے مبارک دور میں اس کا اہتمام نہیں کیا گیا، اور نہ ہی اس کے لیے کسی نے آواز اٹھائی، جیساکہ حضرت عبداللہ بن عباس  رضی اللہ عنہما کی روایت سے صحابہ  کرام رضوان اللہ علیہم اجمعین کے زمانے میں اس کا ثبوت ملتا ہے کہ ملک شام میں جمعہ کو چاند دیکھا گیا اور مدینہ میں اس دن چاند نظر نہیں آیا،  شام  کے  لوگوں نے  ہفتہ کے دن روزہ رکھا ، جب کہ مدینہ کے لوگوں  نے اتوار سے رمضان شروع کیا، مدینہ میں حضرت عبد اللہ بن عباس رضی اللہ تعالی عنھما کو   حضرت کریب کی شہادت سے  رمضان ختم ہونے سے پہلے  شام میں جمعہ کے دن چاند دیکھے جانے کا علم ہوگیا تھا،  اگرپوری دنیا میں عید کی نماز ایک دن میں پڑھنا اور رمضان کا روزہ ایک ہی دن میں شروع کرنا شرعاً  کوئی پسندیدہ چیز ہوتی تو فوری طور پر  ملک شام سے دوسری شہادت طلب کرکے  یہ وحدت قائم  کی جاسکتی تھی،  اوریہ کوئی مشکل بھی نہ تھا، تاہم  حضرت ابن عباس ؓ نے  حضرت کریبؓ کے اصرار کے باوجود اس کی طرف کوئی توجہ نہیں کی، اس لیے تمام مسلمانوں کے لیے رمضان کا روزہ ایک دن میں شروع کرنا ، اور عیدایک ہی تاریخ میں کرنا، اور اسے ضروری یا مستحسن سمجھنا، یہ خیال درست نہیں ہے۔</p><p style=""text-align:justify;"">2۔۔ جو شخص مسلمان ہو اور اس کے عقائد درست ہوں تو ان کے ساتھ نکاح کرنا جائز ہے، لہذا اگر مذکورہ لوگوں کے عقائد صحیح ہوں تو ان سے نکاح جائز ہے، البتہ اگر اس بات کو لے کر یا کسی اور وجہ سے ذہنی ہم آہنگی نہ ہونے کا اندیشہ ہو  اور نکاح نہ کیا جائے تو مضائقہ بھی نہیں ہے۔فقط واللہ اعلم</p></p><hr class=""big-hr""/><div class=""col-sm-6 col-md-6""><p class=""question_heading"" style=""color:#73161f"">فتویٰ نمبر : <a id=""fatwa_number"">144109202853</a></p></div><div class=""col-sm-6 col-md-6""><p style=""color:#73161f"">دارالافتاء :
                                جامعہ علوم اسلامیہ علامہ محمد یوسف بنوری ٹاؤن</p></div><hr class=""big-hr""/><div class=""col-sm-4 col-md-4""><div class=""tag""><a href=""https://www.banuri.edu.pk/questions/kitab/soum""><i class=""icon-docs-bold""></i> روزہ</a></div></div><div class=""col-sm-4 col-md-4""><div class=""tag""><a href=""https://www.banuri.edu.pk/questions/bab/roza""><i class=""icon-docs-bold""></i> روزہ</a></div></div><div class=""col-sm-4 col-md-4""><div class=""tag""><a href=""https://www.banuri.edu.pk/questions/fasal/ro-yat-e-hilal""><i class=""icon-docs-bold""></i> رؤیت ہلال</a></div></div></div>"
https://www.banuri.edu.pk/readquestion/ijtimayi-zikr-144109203037/20-05-2020,اجتماعی ذکر,"<p><p style=""text-align:justify;"">اجتماعی ذکر جائز ہے یا نہیں؟</p></p>","<p><p style=""text-align:justify;""> اجتماعی ذکر کے حلقوں کا اہتمام  پسندیدہ  ہے، لیکن اس کے لیے کچھ  شرائط ہیں:</p><p style=""text-align:justify;""> 1: ریا ونمود کا خوف نہ ہو۔</p><p style=""text-align:justify;"">  2: اصرار والتزام نہ ہو، یعنی شرکت نہ کرنے والوں کو اصرار کرکے شرکت پر آمادہ نہ کیا جائے اور شریک نہ ہونے والوں پر طعن وتشنیع نہ کی جائے۔</p><p style=""text-align:justify;"">3: آواز شرکاءِ حلقہ تک ہی محدودو رکھی جائے۔ مسجد میں  ذکر  یا کوئی بھی ایسا عمل اتنی  آواز سے کرنا جس سے دیگر لوگوں یااہلِ محلہ کو تشویش ہوتی ہو قطعاً جائز نہیں ہے۔ </p><p style=""text-align:justify;"">ردالمحتار میں ہے:</p><p style=""text-align:justify;""><span class=""ar_writing"">""أجمع العلماء سلفاً وخلفاً علی استحباب ذکر الجماعة في المساجد وغیرها إلا أن یشوش جهرهم علی نائم أو مصل أو قارئ""  الخ (ج:۱، ص: ۶۶۰) فقط والله أعلم</span></p><p style=""text-align:justify;"">مزید تفصیل کے لیے درج ذیل لنک ملاحظہ کیجیے:</p><p style=""text-align:justify;""><a href=""https://www.banuri.edu.pk/readquestion/%D9%85%D8%B3%D8%AC%D8%AF-%D9%85%DB%8C%DA%BA-%D8%A7%D8%AC%D8%AA%D9%85%D8%A7%D8%B9%DB%8C-%D8%B0%DA%A9%D8%B1-%D8%A8%D8%A7%D9%84%D8%AC%DB%81%D8%B1-%DA%A9%D8%A7-%D8%AD%DA%A9%D9%85/22-08-2018"">مسجد میں اجتماعی ذکر بالجہر کا حکم</a></p></p><hr class=""big-hr""/>",20-05-2020,144109203037,banuri.edu.pk,متفرق کتب,متفرق ابواب,متفرق فصول,"<div class=""col-md-12 sawal-jawab""><h3 class=""question_heading"">سوال</h3><p><p style=""text-align:justify;"">اجتماعی ذکر جائز ہے یا نہیں؟</p></p><h4 class=""question_heading"">جواب</h4><p><p style=""text-align:justify;""> اجتماعی ذکر کے حلقوں کا اہتمام  پسندیدہ  ہے، لیکن اس کے لیے کچھ  شرائط ہیں:</p><p style=""text-align:justify;""> 1: ریا ونمود کا خوف نہ ہو۔</p><p style=""text-align:justify;"">  2: اصرار والتزام نہ ہو، یعنی شرکت نہ کرنے والوں کو اصرار کرکے شرکت پر آمادہ نہ کیا جائے اور شریک نہ ہونے والوں پر طعن وتشنیع نہ کی جائے۔</p><p style=""text-align:justify;"">3: آواز شرکاءِ حلقہ تک ہی محدودو رکھی جائے۔ مسجد میں  ذکر  یا کوئی بھی ایسا عمل اتنی  آواز سے کرنا جس سے دیگر لوگوں یااہلِ محلہ کو تشویش ہوتی ہو قطعاً جائز نہیں ہے۔ </p><p style=""text-align:justify;"">ردالمحتار میں ہے:</p><p style=""text-align:justify;""><span class=""ar_writing"">""أجمع العلماء سلفاً وخلفاً علی استحباب ذکر الجماعة في المساجد وغیرها إلا أن یشوش جهرهم علی نائم أو مصل أو قارئ""  الخ (ج:۱، ص: ۶۶۰) فقط والله أعلم</span></p><p style=""text-align:justify;"">مزید تفصیل کے لیے درج ذیل لنک ملاحظہ کیجیے:</p><p style=""text-align:justify;""><a href=""https://www.banuri.edu.pk/readquestion/%D9%85%D8%B3%D8%AC%D8%AF-%D9%85%DB%8C%DA%BA-%D8%A7%D8%AC%D8%AA%D9%85%D8%A7%D8%B9%DB%8C-%D8%B0%DA%A9%D8%B1-%D8%A8%D8%A7%D9%84%D8%AC%DB%81%D8%B1-%DA%A9%D8%A7-%D8%AD%DA%A9%D9%85/22-08-2018"">مسجد میں اجتماعی ذکر بالجہر کا حکم</a></p></p><hr class=""big-hr""/><div class=""col-sm-6 col-md-6""><p class=""question_heading"" style=""color:#73161f"">فتویٰ نمبر : <a id=""fatwa_number"">144109203037</a></p></div><div class=""col-sm-6 col-md-6""><p style=""color:#73161f"">دارالافتاء :
                                جامعہ علوم اسلامیہ علامہ محمد یوسف بنوری ٹاؤن</p></div><hr class=""big-hr""/><div class=""col-sm-4 col-md-4""><div class=""tag""><a href=""https://www.banuri.edu.pk/questions/kitab/mutafarriq-kutub""><i class=""icon-docs-bold""></i> متفرق کتب</a></div></div><div class=""col-sm-4 col-md-4""><div class=""tag""><a href=""https://www.banuri.edu.pk/questions/bab/mutafarriq-abwab""><i class=""icon-docs-bold""></i> متفرق ابواب</a></div></div><div class=""col-sm-4 col-md-4""><div class=""tag""><a href=""https://www.banuri.edu.pk/questions/fasal/mutafarriq-fusool""><i class=""icon-docs-bold""></i> متفرق فصول</a></div></div></div>"
https://www.banuri.edu.pk/readquestion/pension-account-ki-raqam-main-zakat-ka-hukum-144109203045/20-05-2020,پنشن اکاؤنٹ کی رقم میں زکاۃ کا حکم,"<p><p style=""text-align:justify;"">میں نے ایک ادارے  میں  پینشن اکاؤنٹ کھولا ہے، جہاں سے ماہانہ پینشن ملتی ہے۔ کیا میری پینشن اکاؤنٹ  کی کل رقم پر زکات ہو گی یا ماہانہ پینشن کی سالانہ بچت پر؟</p></p>","<p><p style=""text-align:justify;"">صورتِ مسئولہ میں اگر آپ پہلے سے صاحبِ نصاب نہیں ہیں تو  پنشن اکاؤنٹ میں موجود رقم تنہا یا دیگر اموالِ زکات (سونا، چاندی، مالِ تجارت یا نقدی) کے ساتھ مل کر جب نصاب (ساڑھے باون تولہ چاندی کی قیمت) تک پہنچ جائے اور وہ بنیادی ضرورت سے زائد ہو تو آپ صاحبِ نصاب ہوجائیں گے۔</p><p style=""text-align:justify;"">پھر جب سال گزرجائے اور اس وقت اکاؤنٹ میں موجود رقم تنہا یا دیگر  اموال زکوۃ کے ساتھ ملا کر نصاب کے برابر یا اس سے زیادہ ہو تو  اس کل  رقم  کی  زکوۃ ادا کرنا لازم ہوگا۔ اکاؤنٹ میں جتنی رقم آئے اس پر زکاۃ واجب نہیں ہوگی، جو رقم سال کے درمیان خرچ کردی اس پر زکات واجب نہیں ہوتی، جو رقم سال پورا ہونے والے دن باقی ہو اس پر زکات واجب ہوگی۔ فقط واللہ اعلم</p></p><hr class=""big-hr""/>",20-05-2020,144109203045,banuri.edu.pk,زکات,زکوٰۃ / صدقات,وجوب زکوٰۃ کی تفصیل,"<div class=""col-md-12 sawal-jawab""><h3 class=""question_heading"">سوال</h3><p><p style=""text-align:justify;"">میں نے ایک ادارے  میں  پینشن اکاؤنٹ کھولا ہے، جہاں سے ماہانہ پینشن ملتی ہے۔ کیا میری پینشن اکاؤنٹ  کی کل رقم پر زکات ہو گی یا ماہانہ پینشن کی سالانہ بچت پر؟</p></p><h4 class=""question_heading"">جواب</h4><p><p style=""text-align:justify;"">صورتِ مسئولہ میں اگر آپ پہلے سے صاحبِ نصاب نہیں ہیں تو  پنشن اکاؤنٹ میں موجود رقم تنہا یا دیگر اموالِ زکات (سونا، چاندی، مالِ تجارت یا نقدی) کے ساتھ مل کر جب نصاب (ساڑھے باون تولہ چاندی کی قیمت) تک پہنچ جائے اور وہ بنیادی ضرورت سے زائد ہو تو آپ صاحبِ نصاب ہوجائیں گے۔</p><p style=""text-align:justify;"">پھر جب سال گزرجائے اور اس وقت اکاؤنٹ میں موجود رقم تنہا یا دیگر  اموال زکوۃ کے ساتھ ملا کر نصاب کے برابر یا اس سے زیادہ ہو تو  اس کل  رقم  کی  زکوۃ ادا کرنا لازم ہوگا۔ اکاؤنٹ میں جتنی رقم آئے اس پر زکاۃ واجب نہیں ہوگی، جو رقم سال کے درمیان خرچ کردی اس پر زکات واجب نہیں ہوتی، جو رقم سال پورا ہونے والے دن باقی ہو اس پر زکات واجب ہوگی۔ فقط واللہ اعلم</p></p><hr class=""big-hr""/><div class=""col-sm-6 col-md-6""><p class=""question_heading"" style=""color:#73161f"">فتویٰ نمبر : <a id=""fatwa_number"">144109203045</a></p></div><div class=""col-sm-6 col-md-6""><p style=""color:#73161f"">دارالافتاء :
                                جامعہ علوم اسلامیہ علامہ محمد یوسف بنوری ٹاؤن</p></div><hr class=""big-hr""/><div class=""col-sm-4 col-md-4""><div class=""tag""><a href=""https://www.banuri.edu.pk/questions/kitab/zakat""><i class=""icon-docs-bold""></i> زکات</a></div></div><div class=""col-sm-4 col-md-4""><div class=""tag""><a href=""https://www.banuri.edu.pk/questions/bab/zakat-sadaqat""><i class=""icon-docs-bold""></i> زکوٰۃ / صدقات</a></div></div><div class=""col-sm-4 col-md-4""><div class=""tag""><a href=""https://www.banuri.edu.pk/questions/fasal/wujob-e-zakat-ki-tafseel""><i class=""icon-docs-bold""></i> وجوب زکوٰۃ کی تفصیل</a></div></div></div>"
https://www.banuri.edu.pk/readquestion/90-500-rupay-ki-zakat-144109203035/20-05-2020,"90,500 روپے کی زکاۃ","<p><p style=""text-align:justify;"">نوے  ہزار پانچ سو روپے میں کتنی زکوٰۃ واجب ہوگی؟</p></p>","<p><p style=""text-align:justify;"">صورتِ مسئلہ میں دو ہزار، دو سو ، ساڑھے باسٹھ  روپے (2,262.5) زکات آئے گی۔ فقط واللہ اعلم</p></p><hr class=""big-hr""/>",20-05-2020,144109203035,banuri.edu.pk,زکات,زکوٰۃ / صدقات,ادائے زکوٰۃ,"<div class=""col-md-12 sawal-jawab""><h3 class=""question_heading"">سوال</h3><p><p style=""text-align:justify;"">نوے  ہزار پانچ سو روپے میں کتنی زکوٰۃ واجب ہوگی؟</p></p><h4 class=""question_heading"">جواب</h4><p><p style=""text-align:justify;"">صورتِ مسئلہ میں دو ہزار، دو سو ، ساڑھے باسٹھ  روپے (2,262.5) زکات آئے گی۔ فقط واللہ اعلم</p></p><hr class=""big-hr""/><div class=""col-sm-6 col-md-6""><p class=""question_heading"" style=""color:#73161f"">فتویٰ نمبر : <a id=""fatwa_number"">144109203035</a></p></div><div class=""col-sm-6 col-md-6""><p style=""color:#73161f"">دارالافتاء :
                                جامعہ علوم اسلامیہ علامہ محمد یوسف بنوری ٹاؤن</p></div><hr class=""big-hr""/><div class=""col-sm-4 col-md-4""><div class=""tag""><a href=""https://www.banuri.edu.pk/questions/kitab/zakat""><i class=""icon-docs-bold""></i> زکات</a></div></div><div class=""col-sm-4 col-md-4""><div class=""tag""><a href=""https://www.banuri.edu.pk/questions/bab/zakat-sadaqat""><i class=""icon-docs-bold""></i> زکوٰۃ / صدقات</a></div></div><div class=""col-sm-4 col-md-4""><div class=""tag""><a href=""https://www.banuri.edu.pk/questions/fasal/adaye-zakat""><i class=""icon-docs-bold""></i> ادائے زکوٰۃ</a></div></div></div>"
https://www.banuri.edu.pk/readquestion/mayyat-kai-zaire-naf-bal-katna-144109203131/21-05-2020,میت کے زیر ناف بال کاٹنا,"<p><p style=""text-align:justify;"">کیا غسل میت کے وقت مرد یا عورت کے زیر ناف اور بغل کے بالوں کی صفائی کی جائےگی؟ یا اگر کسی میت کےایسے بال ہوں تو انہیں ان کی حالت پہ چھوڑ دیا جاے گا؟</p></p>","<p><p style=""text-align:justify;"">انتقال کے بعد میت  زینت سے بے نیاز ہوچکا ہے، یہی وجہ ہے کہ فقہاء نے لکھا ہے کہ بالوں میں کنگھی نہ کی جائے بال او رناخن نہ کاٹے جائیں ۔(فتاوی رحیمیہ) لہٰذا میت کے کسی قسم کے بال کاٹنا درست نہیں ہے۔</p><p style=""text-align:justify;""><span class=""ar_writing"">البحرالرائق  </span>میں ہے:</p><p style=""text-align:justify;""><span class=""ar_writing"">""(قوله: ولايسرح شعره ولحيته، ولايقص ظفره وشعره)؛ لأنها للزينة، وقد استغنى عنها، والظاهر أن هذا الصنيع لايجوز. قال في القنية: أما التزين بعد موتها والامتشاط وقطع الشعر لايجوز، والطيب يجوز"". (5/278) فقط والله أعلم</span></p></p><hr class=""big-hr""/>",21-05-2020,144109203131,banuri.edu.pk,جنائز,نماز جنازہ,جنازہ اور نماز جنازہ کے احکام (فرائض، سنن، مستحبات، مکروہات),"<div class=""col-md-12 sawal-jawab""><h3 class=""question_heading"">سوال</h3><p><p style=""text-align:justify;"">کیا غسل میت کے وقت مرد یا عورت کے زیر ناف اور بغل کے بالوں کی صفائی کی جائےگی؟ یا اگر کسی میت کےایسے بال ہوں تو انہیں ان کی حالت پہ چھوڑ دیا جاے گا؟</p></p><h4 class=""question_heading"">جواب</h4><p><p style=""text-align:justify;"">انتقال کے بعد میت  زینت سے بے نیاز ہوچکا ہے، یہی وجہ ہے کہ فقہاء نے لکھا ہے کہ بالوں میں کنگھی نہ کی جائے بال او رناخن نہ کاٹے جائیں ۔(فتاوی رحیمیہ) لہٰذا میت کے کسی قسم کے بال کاٹنا درست نہیں ہے۔</p><p style=""text-align:justify;""><span class=""ar_writing"">البحرالرائق  </span>میں ہے:</p><p style=""text-align:justify;""><span class=""ar_writing"">""(قوله: ولايسرح شعره ولحيته، ولايقص ظفره وشعره)؛ لأنها للزينة، وقد استغنى عنها، والظاهر أن هذا الصنيع لايجوز. قال في القنية: أما التزين بعد موتها والامتشاط وقطع الشعر لايجوز، والطيب يجوز"". (5/278) فقط والله أعلم</span></p></p><hr class=""big-hr""/><div class=""col-sm-6 col-md-6""><p class=""question_heading"" style=""color:#73161f"">فتویٰ نمبر : <a id=""fatwa_number"">144109203131</a></p></div><div class=""col-sm-6 col-md-6""><p style=""color:#73161f"">دارالافتاء :
                                جامعہ علوم اسلامیہ علامہ محمد یوسف بنوری ٹاؤن</p></div><hr class=""big-hr""/><div class=""col-sm-4 col-md-4""><div class=""tag""><a href=""https://www.banuri.edu.pk/questions/kitab/janaiz""><i class=""icon-docs-bold""></i> جنائز</a></div></div><div class=""col-sm-4 col-md-4""><div class=""tag""><a href=""https://www.banuri.edu.pk/questions/bab/namaz-e-jinazah""><i class=""icon-docs-bold""></i> نماز جنازہ</a></div></div><div class=""col-sm-4 col-md-4""><div class=""tag""><a href=""https://www.banuri.edu.pk/questions/fasal/janaza-or-namaz-e-janaza""><i class=""icon-docs-bold""></i> جنازہ اور نماز جنازہ کے احکام (فرائض، سنن، مستحبات، مکروہات)</a></div></div></div>"
https://www.banuri.edu.pk/readquestion/rozey-mai-danton-ka-khilal-karna-144109203174/22-05-2020,روزے میں دانتوں کا خلال کرنا,"<p><p style=""text-align:justify;"">روزہ میں دانت کا خلال کر سکتے ہیں کاغذ یا دھاگے سے؟</p></p>","<p><p style=""text-align:justify;"">روزے کے دوران خلال کرسکتے ہیں، لیکن جو ریشہ وغیرہ نکلے اسے تھوک دے،  اندر نہ نگلے، اگر نگل لیا اور اس کی مقدار چنے کے دانے کے برابر یا زیادہ تھی تو اس سے روزہ فاسد ہوجائے گا، اس مقدار سے کم میں روزہ فاسد نہیں ہوگا الا یہ کہ منہ سے باہر نکال کر پھر  نگلے تو بہر صورت روزہ فاسد ہوجائے گا خواہ مقدار میں چنے سے بھی کم ہو۔(ماخوذ از روزے کے مسائل کا انسائیکلوپیڈیا ص:78،79)</p><p style=""text-align:justify;"">اگر کاغذ یا دھاگے سے خلال کرتے ہوئے کاغذ یا دھاگے کا ذائقہ یا رنگ منہ میں آئے تو اسے بھی باہر تھوک دینا چاہیے، اور روزے کے دوران ایسے دھاگے سے خلال مکروہ ہوگا جس کا ذائقہ یا رنگ منہ میں آئے۔</p><p style=""text-align:justify;"">اگر دھاگے سے خلال کرتے ہوئے خون نکل آئے اور تھوک پر غالب ہو تو اسے بھی باہر تھوک دے، خون غالب ہونے کی صور ت میں اگر اسے نگل لیا تو بھی روزہ فاسد ہوجائے گا۔ فقط واللہ اعلم</p></p><hr class=""big-hr""/>",22-05-2020,144109203174,banuri.edu.pk,روزہ,روزہ,روزہ توڑنے والی اشیاء,"<div class=""col-md-12 sawal-jawab""><h3 class=""question_heading"">سوال</h3><p><p style=""text-align:justify;"">روزہ میں دانت کا خلال کر سکتے ہیں کاغذ یا دھاگے سے؟</p></p><h4 class=""question_heading"">جواب</h4><p><p style=""text-align:justify;"">روزے کے دوران خلال کرسکتے ہیں، لیکن جو ریشہ وغیرہ نکلے اسے تھوک دے،  اندر نہ نگلے، اگر نگل لیا اور اس کی مقدار چنے کے دانے کے برابر یا زیادہ تھی تو اس سے روزہ فاسد ہوجائے گا، اس مقدار سے کم میں روزہ فاسد نہیں ہوگا الا یہ کہ منہ سے باہر نکال کر پھر  نگلے تو بہر صورت روزہ فاسد ہوجائے گا خواہ مقدار میں چنے سے بھی کم ہو۔(ماخوذ از روزے کے مسائل کا انسائیکلوپیڈیا ص:78،79)</p><p style=""text-align:justify;"">اگر کاغذ یا دھاگے سے خلال کرتے ہوئے کاغذ یا دھاگے کا ذائقہ یا رنگ منہ میں آئے تو اسے بھی باہر تھوک دینا چاہیے، اور روزے کے دوران ایسے دھاگے سے خلال مکروہ ہوگا جس کا ذائقہ یا رنگ منہ میں آئے۔</p><p style=""text-align:justify;"">اگر دھاگے سے خلال کرتے ہوئے خون نکل آئے اور تھوک پر غالب ہو تو اسے بھی باہر تھوک دے، خون غالب ہونے کی صور ت میں اگر اسے نگل لیا تو بھی روزہ فاسد ہوجائے گا۔ فقط واللہ اعلم</p></p><hr class=""big-hr""/><div class=""col-sm-6 col-md-6""><p class=""question_heading"" style=""color:#73161f"">فتویٰ نمبر : <a id=""fatwa_number"">144109203174</a></p></div><div class=""col-sm-6 col-md-6""><p style=""color:#73161f"">دارالافتاء :
                                جامعہ علوم اسلامیہ علامہ محمد یوسف بنوری ٹاؤن</p></div><hr class=""big-hr""/><div class=""col-sm-4 col-md-4""><div class=""tag""><a href=""https://www.banuri.edu.pk/questions/kitab/soum""><i class=""icon-docs-bold""></i> روزہ</a></div></div><div class=""col-sm-4 col-md-4""><div class=""tag""><a href=""https://www.banuri.edu.pk/questions/bab/roza""><i class=""icon-docs-bold""></i> روزہ</a></div></div><div class=""col-sm-4 col-md-4""><div class=""tag""><a href=""https://www.banuri.edu.pk/questions/fasal/roza-tornay-wali-ashya""><i class=""icon-docs-bold""></i> روزہ توڑنے والی اشیاء</a></div></div></div>"
https://www.banuri.edu.pk/readquestion/haiz-ki-halat-me-dini-ketabon-ky-parhny-ka-hukam-144109203171/22-05-2020,حیض کی حالت میں دینی کتابوں کےپڑھنے کاحکم,"<p><p style=""text-align:justify;"">کیا حیض کی حالت میں منزل اور مؤمن کا ہتھیار  پڑھ  سکتے  ہیں؟</p></p>","<p><p style=""text-align:justify;"">واضح رہےحیض کی حالت میں عورت کے لیے ذکر واذکار کرنا  یا قرآن مجید میں جو دعائیں آئی ہیں ان کو دعایا وظیفہ  کی نیت سے پڑھنایا کوئی د ینی کتاب (جس میں اکثرحصہ قرآنی آیات کے علاوہ پرمشتمل ہوتاہے) کو چھونا اور پڑھنا جائزہے، البتہ جہاں قرآنی آیات ہوں، ایام کی حالت میں انہیں پڑھنااور ہاتھ لگاناجائزنہیں۔</p><p style=""text-align:justify;"">لہذا  حیض کے ایام میں""مومن کا ہتیار "" پڑھنا درست ہے،  تاہم ’’منزل‘‘  قرآنِ  کریم کی مختلف سورتوں کے مجموعے کا نام ہے، جن کی سب آیات میں دعا کا معنیٰ نہیں ہے؛ اس لیے حالتِ حیض میں منزل پڑھنا جائز نہیں۔</p><p style=""text-align:justify;""><span class=""ar_writing"">فتاوی شامی</span>میں ہے:<br/><span class=""ar_writing"">""فلو قرأت الفاتحة على وجه الدعاء أو شيئاً من الآيات التي فيها معنى الدعاء ولم ترد القراءة لا بأس به، كما قدمناه عن العيون لأبي الليث، وأن مفهومه أن ما ليس فيه معنى الدعاء كسورة أبي لهب لايؤثر فيه قصد غير القرآنية"". (الدر المختار وحاشية ابن عابدين ج:1 ص: 293 ط:ایچ ایم سعید)</span></p><p style=""text-align:justify;""><strong>فتاویٰ شامی میں ہے:</strong></p><p style=""text-align:justify;""><span class=""ar_writing"">""قوله:  ( لا الکتب الشرعیة) قال في الخلاصة: ویکره مسّ المصحف کما یکره للجنب وکذلك کتب الأحادیث والفقه عندهما، والأصح أنه لایکره عنده هـ</span></p><p style=""text-align:justify;""><span class=""ar_writing"">وفي السراج عن الإيضاح: أن كتب التفسير لايجوز مسّ موضع القرآن وله أن يمسّ غيره وكذا كتب الفقه إذا كان فيها شيء من القرآن بخلاف المصحف فإن الكل فيه تبع للقرآن"". (رد المحتار ج:1 ص :176ط :ایچ ایم سعید) فقط والله أعلم</span></p></p><hr class=""big-hr""/>",22-05-2020,144109203171,banuri.edu.pk,طہارت,حیض، نفاس، استحاضہ,جنابت ، حیض اور نفاس کے احکام,"<div class=""col-md-12 sawal-jawab""><h3 class=""question_heading"">سوال</h3><p><p style=""text-align:justify;"">کیا حیض کی حالت میں منزل اور مؤمن کا ہتھیار  پڑھ  سکتے  ہیں؟</p></p><h4 class=""question_heading"">جواب</h4><p><p style=""text-align:justify;"">واضح رہےحیض کی حالت میں عورت کے لیے ذکر واذکار کرنا  یا قرآن مجید میں جو دعائیں آئی ہیں ان کو دعایا وظیفہ  کی نیت سے پڑھنایا کوئی د ینی کتاب (جس میں اکثرحصہ قرآنی آیات کے علاوہ پرمشتمل ہوتاہے) کو چھونا اور پڑھنا جائزہے، البتہ جہاں قرآنی آیات ہوں، ایام کی حالت میں انہیں پڑھنااور ہاتھ لگاناجائزنہیں۔</p><p style=""text-align:justify;"">لہذا  حیض کے ایام میں""مومن کا ہتیار "" پڑھنا درست ہے،  تاہم ’’منزل‘‘  قرآنِ  کریم کی مختلف سورتوں کے مجموعے کا نام ہے، جن کی سب آیات میں دعا کا معنیٰ نہیں ہے؛ اس لیے حالتِ حیض میں منزل پڑھنا جائز نہیں۔</p><p style=""text-align:justify;""><span class=""ar_writing"">فتاوی شامی</span>میں ہے:<br/><span class=""ar_writing"">""فلو قرأت الفاتحة على وجه الدعاء أو شيئاً من الآيات التي فيها معنى الدعاء ولم ترد القراءة لا بأس به، كما قدمناه عن العيون لأبي الليث، وأن مفهومه أن ما ليس فيه معنى الدعاء كسورة أبي لهب لايؤثر فيه قصد غير القرآنية"". (الدر المختار وحاشية ابن عابدين ج:1 ص: 293 ط:ایچ ایم سعید)</span></p><p style=""text-align:justify;""><strong>فتاویٰ شامی میں ہے:</strong></p><p style=""text-align:justify;""><span class=""ar_writing"">""قوله:  ( لا الکتب الشرعیة) قال في الخلاصة: ویکره مسّ المصحف کما یکره للجنب وکذلك کتب الأحادیث والفقه عندهما، والأصح أنه لایکره عنده هـ</span></p><p style=""text-align:justify;""><span class=""ar_writing"">وفي السراج عن الإيضاح: أن كتب التفسير لايجوز مسّ موضع القرآن وله أن يمسّ غيره وكذا كتب الفقه إذا كان فيها شيء من القرآن بخلاف المصحف فإن الكل فيه تبع للقرآن"". (رد المحتار ج:1 ص :176ط :ایچ ایم سعید) فقط والله أعلم</span></p></p><hr class=""big-hr""/><div class=""col-sm-6 col-md-6""><p class=""question_heading"" style=""color:#73161f"">فتویٰ نمبر : <a id=""fatwa_number"">144109203171</a></p></div><div class=""col-sm-6 col-md-6""><p style=""color:#73161f"">دارالافتاء :
                                جامعہ علوم اسلامیہ علامہ محمد یوسف بنوری ٹاؤن</p></div><hr class=""big-hr""/><div class=""col-sm-4 col-md-4""><div class=""tag""><a href=""https://www.banuri.edu.pk/questions/kitab/taharat""><i class=""icon-docs-bold""></i> طہارت</a></div></div><div class=""col-sm-4 col-md-4""><div class=""tag""><a href=""https://www.banuri.edu.pk/questions/bab/hayz-nifas-istihaza""><i class=""icon-docs-bold""></i> حیض، نفاس، استحاضہ</a></div></div><div class=""col-sm-4 col-md-4""><div class=""tag""><a href=""https://www.banuri.edu.pk/questions/fasal/janabat-hayz-or-nifas-k-ahkam""><i class=""icon-docs-bold""></i> جنابت ، حیض اور نفاس کے احکام</a></div></div></div>"
https://www.banuri.edu.pk/readquestion/muqtadi-pehle-aur-akhri-qade-main-imam-se-pehle-tashud-mukamml-karle-to-us-ke-bad-kia-kare-144109202839/19-05-2020,مقتدی پہلے اور آخری قعدہ میں امام سے پہلے تشہد مکمل کرلے تو اس کے بعد کیا پڑھے؟,"<p><p style=""text-align:justify;"">مقتدی پہلے قعدہ میں امام سے قبل تشھد مکمل کرلے یا دوسرے قعدہ میں امام سے قبل دردود شریف اور دعا پڑھ لے تو خاموش رہے یا کچھ پڑھے؟</p></p>","<p><p style=""text-align:justify;"">صورتِ  مسئولہ میں قعدہ اولیٰ میں  اگر مقتدی امام سے پہلے تشہد مکمل کرلے تو خاموش رہ کر امام کے اٹھنے کا انتظار کرے اور درود شریف اور دعائیں نہ پڑھے، اور قعدہ اخیرہ میں اگر مقتدی نے امام سے پہلے تشہد پڑھ لیا تو اس میں یہ تفصیل ہے کہ اگر مقتدی مدرک (شروع سے امام کے ساتھ شریک) ہے،  تو وہ  تشہد درود اور دعا کے بعد مزید درود شریف یا وہ دعائیں پڑھ سکتاہے جو قرآن وحدیث میں منقول ہیں۔  اور اگر مقتدی مسبوق(اس کی کچھ رکعات نکل گئیں) ہے تو  اس کے لیے حکم یہ ہے کہ وہ  قعدۂ اخیرہ میں التحیات اس طرح ٹھہر ٹھہر کر پڑھے کہ امام کے سلام پھیرنے تک ختم کرلے، اور اگر اس نے امام سے پہلے التحیات مکمل کرلی ہو تو پھر خاموش رہے یا تشہد (اشہد ان لا الٰہ الا اللہ)  کو آہستہ آہستہ دہراتا ہے، مسبوق قعدہ اخیرہ میں امام کے پیچھے درود اور دعائیں نہ پڑھے۔</p><p style=""text-align:justify;""><span class=""ar_writing"">الدر المختار وحاشية ابن عابدين (رد المحتار) (1/ 525):<br/>
""ولو أتمه قبل إمامه فتكلم جاز وكره.</span></p><p style=""text-align:justify;""><span class=""ar_writing"">(قوله: لو أتمه إلخ) أي لو أتم المؤتم التشهد، بأن أسرع فيه وفرغ منه قبل إتمام إمامه فأتى بما يخرجه من الصلاة كسلام أو كلام أو قيام جاز: أي صحت صلاته لحصوله بعد تمام الأركان لأن الإمام وإن لم يكن أتم التشهد لكنه قعد قدره؛ لأن المفروض من القعدة قدر أسرع ما يكون من قراءة التشهد وقد حصل، وإنما كره للمؤتم ذلك لتركه متابعة الإمام بلا عذر، فلو به كخوف حدث أو خروج وقت جمعة أو مرور مار بين يديه فلا كراهة كما سيأتي قبيل باب الاستخلاف"".</span></p><p style=""text-align:justify;""><span class=""ar_writing"">الفتاوى الهندية (1/ 91):<br/>
""(ومنها) أن المسبوق ببعض الركعات يتابع الإمام في التشهد الأخير وإذا أتم التشهد لا يشتغل بما بعده من الدعوات ثم ماذا يفعل تكلموا فيه وعن ابن شجاع أنه يكرر التشهد أي قوله: أشهد أن لا إله إلا الله وهو المختار. كذا في الغياثية والصحيح أن المسبوق يترسل في التشهد حتى يفرغ عند سلام الإمام، كذا في الوجيز للكردري وفتاوى قاضي خان، وهكذا في الخلاصة وفتح القدير"". فقط والله أعلم</span></p></p><hr class=""big-hr""/>",19-05-2020,144109202839,banuri.edu.pk,نماز,سجدہ سہو,سجدہ تلاوت / سجدہ سہو,"<div class=""col-md-12 sawal-jawab""><h3 class=""question_heading"">سوال</h3><p><p style=""text-align:justify;"">مقتدی پہلے قعدہ میں امام سے قبل تشھد مکمل کرلے یا دوسرے قعدہ میں امام سے قبل دردود شریف اور دعا پڑھ لے تو خاموش رہے یا کچھ پڑھے؟</p></p><h4 class=""question_heading"">جواب</h4><p><p style=""text-align:justify;"">صورتِ  مسئولہ میں قعدہ اولیٰ میں  اگر مقتدی امام سے پہلے تشہد مکمل کرلے تو خاموش رہ کر امام کے اٹھنے کا انتظار کرے اور درود شریف اور دعائیں نہ پڑھے، اور قعدہ اخیرہ میں اگر مقتدی نے امام سے پہلے تشہد پڑھ لیا تو اس میں یہ تفصیل ہے کہ اگر مقتدی مدرک (شروع سے امام کے ساتھ شریک) ہے،  تو وہ  تشہد درود اور دعا کے بعد مزید درود شریف یا وہ دعائیں پڑھ سکتاہے جو قرآن وحدیث میں منقول ہیں۔  اور اگر مقتدی مسبوق(اس کی کچھ رکعات نکل گئیں) ہے تو  اس کے لیے حکم یہ ہے کہ وہ  قعدۂ اخیرہ میں التحیات اس طرح ٹھہر ٹھہر کر پڑھے کہ امام کے سلام پھیرنے تک ختم کرلے، اور اگر اس نے امام سے پہلے التحیات مکمل کرلی ہو تو پھر خاموش رہے یا تشہد (اشہد ان لا الٰہ الا اللہ)  کو آہستہ آہستہ دہراتا ہے، مسبوق قعدہ اخیرہ میں امام کے پیچھے درود اور دعائیں نہ پڑھے۔</p><p style=""text-align:justify;""><span class=""ar_writing"">الدر المختار وحاشية ابن عابدين (رد المحتار) (1/ 525):<br/>
""ولو أتمه قبل إمامه فتكلم جاز وكره.</span></p><p style=""text-align:justify;""><span class=""ar_writing"">(قوله: لو أتمه إلخ) أي لو أتم المؤتم التشهد، بأن أسرع فيه وفرغ منه قبل إتمام إمامه فأتى بما يخرجه من الصلاة كسلام أو كلام أو قيام جاز: أي صحت صلاته لحصوله بعد تمام الأركان لأن الإمام وإن لم يكن أتم التشهد لكنه قعد قدره؛ لأن المفروض من القعدة قدر أسرع ما يكون من قراءة التشهد وقد حصل، وإنما كره للمؤتم ذلك لتركه متابعة الإمام بلا عذر، فلو به كخوف حدث أو خروج وقت جمعة أو مرور مار بين يديه فلا كراهة كما سيأتي قبيل باب الاستخلاف"".</span></p><p style=""text-align:justify;""><span class=""ar_writing"">الفتاوى الهندية (1/ 91):<br/>
""(ومنها) أن المسبوق ببعض الركعات يتابع الإمام في التشهد الأخير وإذا أتم التشهد لا يشتغل بما بعده من الدعوات ثم ماذا يفعل تكلموا فيه وعن ابن شجاع أنه يكرر التشهد أي قوله: أشهد أن لا إله إلا الله وهو المختار. كذا في الغياثية والصحيح أن المسبوق يترسل في التشهد حتى يفرغ عند سلام الإمام، كذا في الوجيز للكردري وفتاوى قاضي خان، وهكذا في الخلاصة وفتح القدير"". فقط والله أعلم</span></p></p><hr class=""big-hr""/><div class=""col-sm-6 col-md-6""><p class=""question_heading"" style=""color:#73161f"">فتویٰ نمبر : <a id=""fatwa_number"">144109202839</a></p></div><div class=""col-sm-6 col-md-6""><p style=""color:#73161f"">دارالافتاء :
                                جامعہ علوم اسلامیہ علامہ محمد یوسف بنوری ٹاؤن</p></div><hr class=""big-hr""/><div class=""col-sm-4 col-md-4""><div class=""tag""><a href=""https://www.banuri.edu.pk/questions/kitab/salat""><i class=""icon-docs-bold""></i> نماز</a></div></div><div class=""col-sm-4 col-md-4""><div class=""tag""><a href=""https://www.banuri.edu.pk/questions/bab/sajda-sahv""><i class=""icon-docs-bold""></i> سجدہ سہو</a></div></div><div class=""col-sm-4 col-md-4""><div class=""tag""><a href=""https://www.banuri.edu.pk/questions/fasal/sajda-tilawat-sajda-sahw""><i class=""icon-docs-bold""></i> سجدہ تلاوت / سجدہ سہو</a></div></div></div>"
https://www.banuri.edu.pk/readquestion/kia-rat-main-zawal-ka-waqt-hota-hai-144109203039/20-05-2020,کیا رات میں زوال کا وقت ہوتا ہے؟,"<p><p style=""text-align:justify;"">کیا زوال کاوقت رات کو بھی ہوتاہے؟</p></p>","<p><p style=""text-align:justify;"">زوال سے مراد سورج کا زوال ہوتا ہے جس کا تعلق دن سے ہے؛  لہذا رات میں زوال کا وقت نہیں ہوتا۔ بعض عوام میں یہ غلط فہمی پائی جاتی ہے کہ دن کی طرح رات میں بھی زوال ہوتاہے، اور وہ یہ سمجھتے ہیں کہ رات بارہ بجے نماز پڑھنا منع ہے، حال آں کہ اس کی کوئی حقیقت نہیں ہے۔ لہٰذا پوری رات میں کسی بھی وقت نفل یا قضا نماز پڑھنا بلاکراہت جائز ہے۔البتہ عشاء کی نماز  بلاعذر آدھی رات سے زیادہ تاخیر کرکے ادا کرنا مکروہ ہے، تاہم اس صورت میں بھی عشاء کی نماز ادا ہوجاتی ہے، اور اگر کسی عذر کی وجہ سے عشاء کی نماز میں تاخیر ہوجائے تو آدھی رات کے بعد بھی بلاکراہت اسے ادا کرنا جائز ہے۔</p><p style=""text-align:justify;""><span class=""ar_writing"">الدر المختار وحاشية ابن عابدين (رد المحتار) (1 / 371):<br/>
""ولايخفى أن زوال الشمس إنما هو عقيب انتصاف النهار بلا فصل"". فقط و الله أعلم</span></p></p><hr class=""big-hr""/>",20-05-2020,144109203039,banuri.edu.pk,نماز,نمازوں کے اوقات,نمازوں کے اوقات,"<div class=""col-md-12 sawal-jawab""><h3 class=""question_heading"">سوال</h3><p><p style=""text-align:justify;"">کیا زوال کاوقت رات کو بھی ہوتاہے؟</p></p><h4 class=""question_heading"">جواب</h4><p><p style=""text-align:justify;"">زوال سے مراد سورج کا زوال ہوتا ہے جس کا تعلق دن سے ہے؛  لہذا رات میں زوال کا وقت نہیں ہوتا۔ بعض عوام میں یہ غلط فہمی پائی جاتی ہے کہ دن کی طرح رات میں بھی زوال ہوتاہے، اور وہ یہ سمجھتے ہیں کہ رات بارہ بجے نماز پڑھنا منع ہے، حال آں کہ اس کی کوئی حقیقت نہیں ہے۔ لہٰذا پوری رات میں کسی بھی وقت نفل یا قضا نماز پڑھنا بلاکراہت جائز ہے۔البتہ عشاء کی نماز  بلاعذر آدھی رات سے زیادہ تاخیر کرکے ادا کرنا مکروہ ہے، تاہم اس صورت میں بھی عشاء کی نماز ادا ہوجاتی ہے، اور اگر کسی عذر کی وجہ سے عشاء کی نماز میں تاخیر ہوجائے تو آدھی رات کے بعد بھی بلاکراہت اسے ادا کرنا جائز ہے۔</p><p style=""text-align:justify;""><span class=""ar_writing"">الدر المختار وحاشية ابن عابدين (رد المحتار) (1 / 371):<br/>
""ولايخفى أن زوال الشمس إنما هو عقيب انتصاف النهار بلا فصل"". فقط و الله أعلم</span></p></p><hr class=""big-hr""/><div class=""col-sm-6 col-md-6""><p class=""question_heading"" style=""color:#73161f"">فتویٰ نمبر : <a id=""fatwa_number"">144109203039</a></p></div><div class=""col-sm-6 col-md-6""><p style=""color:#73161f"">دارالافتاء :
                                جامعہ علوم اسلامیہ علامہ محمد یوسف بنوری ٹاؤن</p></div><hr class=""big-hr""/><div class=""col-sm-4 col-md-4""><div class=""tag""><a href=""https://www.banuri.edu.pk/questions/kitab/salat""><i class=""icon-docs-bold""></i> نماز</a></div></div><div class=""col-sm-4 col-md-4""><div class=""tag""><a href=""https://www.banuri.edu.pk/questions/bab/namazon-k-auqat""><i class=""icon-docs-bold""></i> نمازوں کے اوقات</a></div></div><div class=""col-sm-4 col-md-4""><div class=""tag""><a href=""https://www.banuri.edu.pk/questions/fasal/namazon-k-auqat""><i class=""icon-docs-bold""></i> نمازوں کے اوقات</a></div></div></div>"
https://www.banuri.edu.pk/readquestion/gair-sarkari-committee-kay-elan-kay-mutabiq-rozay-qurbani-aur-eid-karna-144109203041/20-05-2020,غیر سرکاری کمیٹی کے اعلان کے مطابق روزے، قربانی اور عید کرنا,"<p><p style=""text-align:justify;"">ہم پشاور میں ایک مفتی صاحب کی کمیٹی کے ساتھ  روزے  رکھتے ہیں اور عید کرتے ہیں جو کہ ایک غیر سرکاری کمیٹی ہے۔ ہمارے روزے اور عید ٹھیک ہیں یا نہیں؟ ہم عید الاضحی بھی اسی کمیٹی کے ساتھ کرتے ہیں، قربانی ہوتی ہے یا نہیں؟</p></p>","<p><p style=""text-align:justify;"">  کسی علاقے میں کوئی قاضی یا حکومت کی طرف سے مقرر کردہ  کمیٹی پورے  ضلع یا صوبے  یا پورے ملک  کے لیے ہو  اور وہ شرعی شہادت  موصول ہونے پر  چاند نظر آنے کا اعلان کردے تو اس کے فیصلے پر اپنی حدود اور ولایت میں  ان لوگوں پرجن تک فیصلہ اور اعلان یقینی اور معتبر ذریعے سے پہنچ جائے  عمل  کرنا واجب ہوگا،  چوں کہ  مرکزی رؤیت ہلال کمیٹی  قاضی شرعی کی  حیثیت    رکھتی ہے، لہذا شہادت موصول ہونے پر اگر وہ اعلان کردے تو ملک میں  جن لوگوں تک یہ اعلان    معتبر ذرائع سے پہنچ جائے ، ان پر روزہ رکھنا یا عید کرنا لازم ہوگا۔</p><p style=""text-align:justify;"">         مرکزی رؤیت ہلال کمیٹی کے علاوہ غیر مجاز ، پرائیویٹ کمیٹیاں رؤیت ہلال کا فیصلہ کرنے میں خود مختار نہیں ہیں، ان کو ولایت عامہ حاصل نہیں ہے، اور ان کا اعلان عام لوگوں کے لیے حجت نہیں ہے۔</p><p style=""text-align:justify;"">لہذا صورتِ مسئولہ میں مرکزی رویت ہلال کمیٹی کے فیصلے کے مطابق رمضان کے پورے روزے رکھنا لازم ہے، اگر کوئی روزہ نہ رکھا ہو تو اس کی قضا لازم ہے۔ نیز عید الفطر، عید الاضحی اور اس کی قربانی بھی مرکزی رویت ہلال کمیٹی کے فیصلہ کے مطابق کرنا لازم ہے،  ہاں اگر اس شخص نے خود چاند دیکھا تو اپنی ذات کی حد تک اس کے لیے اس پر عمل کرنا لازم ہوگا۔</p><p style=""text-align:justify;"">         <strong>نیل الأوطار میں ہے:</strong></p><p style=""text-align:justify;""><span class=""ar_writing"">""وثانيها: أنه لايلزم أهل بلد رؤية غيرهم إلا أن يثبت ذلك عند الإمام الأعظم فيلزم كلهم؛ لأن البلاد في حقه كالبلد الواحد إذ حكمه نافذ في الجميع، قاله ابن الماجشون"". (4 / 230، باب الهلال إذا رآه أهل بلدة هل يلزم بقية البلاد الصوم، ط؛ دار الحديث، مصر)</span></p><p style=""text-align:justify;""><strong>       فتاوی تاتارخانیہ میں ہے:</strong></p><p style=""text-align:justify;""><span class=""ar_writing"">""الفتاوی النسفیة: سئل عن قضاء القاضي برؤیة هلال شهر رمضان بشهادة شاهدین عند الاشتباه في مصر، هل یجوز لأهل مصر آخر العمل بحکمهم؟ فقال:لا، ولایکون مصرآخر تبعاً لهذا المصر، إنما سکان هذا المصر وقراها یکون تبعاً لهم"". (3/365، کتاب الصوم، الفصل :2، رؤیۃ الہلال، ط؛ زکریا ، دیوبند)</span></p><p style=""text-align:justify;""><strong>حضرت مولانا مفتی محمود ؒ    ”زبدۃ</strong><strong>المقال</strong><strong>فی</strong><strong>رؤیۃ</strong><strong>الھلال“  میں تحریر فرماتے</strong><strong>میں</strong><strong>ہے</strong><strong>:</strong></p><p style=""text-align:justify;""><span class=""ar_writing"">""إذا ثبت الصوم أو الفطر عند حاکم تحت قواعد الشرع بفتوی العلماء أو عند واحد أو جماعة من العلماء الثقات ولاّهم رئیس المملکة أمر رؤیة الهلال، وحکموا بالصوم أو الفطر  ونشروا حکمهم هذا في رادیو، یلزم علی من سمعها من المسلمین العمل به في حدود ولایتهم، وأما فیما وراء حدود ولایتهم فلا بد من الثبوت عند حاکم تلک الولایة بشهادة شاهدین علی الرؤیة أو علی الشهادة أو علی حکم الحاکم أو جاء الخبر مستفیضاً، لأن حکم الحاکم نافذ في ولایته دون ما وراءها"". (زبدۃ المقال فی رؤیۃ الھلال،  بحوالہ  خیر الفتاوی، 4/118،  ط؛ مکتبۃ الخیر ملتان)</span></p><p style=""text-align:justify;"">         <strong>جواہر</strong><strong>الفقہ</strong><strong>میں</strong><strong>ہے</strong><strong>:</strong></p><p style=""text-align:justify;"">’’اور  جس طرح  ایک شہر کے قاضی یا ہلال کمیٹی کا فیصلہ اس شہر اور اس کے مضافات کے لیے واجب العمل ہے اسی طرح اگر کوئی قاضی یا مجسٹریٹ یا ہلال کمیٹی  پورے ضلع یا صوبہ یا پورے ملک  کے لیے ہو تو اس کا فیصلہ  اپنے اپنے حدود ولایت میں واجب العمل ہوگا‘‘۔(3/484، مسئلہ رؤیت ہلال،  ط؛ مکتبہ دارالعلوم کراچی) فقط واللہ اعلم</p></p><hr class=""big-hr""/>",20-05-2020,144109203041,banuri.edu.pk,روزہ,روزہ,رؤیت ہلال,"<div class=""col-md-12 sawal-jawab""><h3 class=""question_heading"">سوال</h3><p><p style=""text-align:justify;"">ہم پشاور میں ایک مفتی صاحب کی کمیٹی کے ساتھ  روزے  رکھتے ہیں اور عید کرتے ہیں جو کہ ایک غیر سرکاری کمیٹی ہے۔ ہمارے روزے اور عید ٹھیک ہیں یا نہیں؟ ہم عید الاضحی بھی اسی کمیٹی کے ساتھ کرتے ہیں، قربانی ہوتی ہے یا نہیں؟</p></p><h4 class=""question_heading"">جواب</h4><p><p style=""text-align:justify;"">  کسی علاقے میں کوئی قاضی یا حکومت کی طرف سے مقرر کردہ  کمیٹی پورے  ضلع یا صوبے  یا پورے ملک  کے لیے ہو  اور وہ شرعی شہادت  موصول ہونے پر  چاند نظر آنے کا اعلان کردے تو اس کے فیصلے پر اپنی حدود اور ولایت میں  ان لوگوں پرجن تک فیصلہ اور اعلان یقینی اور معتبر ذریعے سے پہنچ جائے  عمل  کرنا واجب ہوگا،  چوں کہ  مرکزی رؤیت ہلال کمیٹی  قاضی شرعی کی  حیثیت    رکھتی ہے، لہذا شہادت موصول ہونے پر اگر وہ اعلان کردے تو ملک میں  جن لوگوں تک یہ اعلان    معتبر ذرائع سے پہنچ جائے ، ان پر روزہ رکھنا یا عید کرنا لازم ہوگا۔</p><p style=""text-align:justify;"">         مرکزی رؤیت ہلال کمیٹی کے علاوہ غیر مجاز ، پرائیویٹ کمیٹیاں رؤیت ہلال کا فیصلہ کرنے میں خود مختار نہیں ہیں، ان کو ولایت عامہ حاصل نہیں ہے، اور ان کا اعلان عام لوگوں کے لیے حجت نہیں ہے۔</p><p style=""text-align:justify;"">لہذا صورتِ مسئولہ میں مرکزی رویت ہلال کمیٹی کے فیصلے کے مطابق رمضان کے پورے روزے رکھنا لازم ہے، اگر کوئی روزہ نہ رکھا ہو تو اس کی قضا لازم ہے۔ نیز عید الفطر، عید الاضحی اور اس کی قربانی بھی مرکزی رویت ہلال کمیٹی کے فیصلہ کے مطابق کرنا لازم ہے،  ہاں اگر اس شخص نے خود چاند دیکھا تو اپنی ذات کی حد تک اس کے لیے اس پر عمل کرنا لازم ہوگا۔</p><p style=""text-align:justify;"">         <strong>نیل الأوطار میں ہے:</strong></p><p style=""text-align:justify;""><span class=""ar_writing"">""وثانيها: أنه لايلزم أهل بلد رؤية غيرهم إلا أن يثبت ذلك عند الإمام الأعظم فيلزم كلهم؛ لأن البلاد في حقه كالبلد الواحد إذ حكمه نافذ في الجميع، قاله ابن الماجشون"". (4 / 230، باب الهلال إذا رآه أهل بلدة هل يلزم بقية البلاد الصوم، ط؛ دار الحديث، مصر)</span></p><p style=""text-align:justify;""><strong>       فتاوی تاتارخانیہ میں ہے:</strong></p><p style=""text-align:justify;""><span class=""ar_writing"">""الفتاوی النسفیة: سئل عن قضاء القاضي برؤیة هلال شهر رمضان بشهادة شاهدین عند الاشتباه في مصر، هل یجوز لأهل مصر آخر العمل بحکمهم؟ فقال:لا، ولایکون مصرآخر تبعاً لهذا المصر، إنما سکان هذا المصر وقراها یکون تبعاً لهم"". (3/365، کتاب الصوم، الفصل :2، رؤیۃ الہلال، ط؛ زکریا ، دیوبند)</span></p><p style=""text-align:justify;""><strong>حضرت مولانا مفتی محمود ؒ    ”زبدۃ</strong><strong>المقال</strong><strong>فی</strong><strong>رؤیۃ</strong><strong>الھلال“  میں تحریر فرماتے</strong><strong>میں</strong><strong>ہے</strong><strong>:</strong></p><p style=""text-align:justify;""><span class=""ar_writing"">""إذا ثبت الصوم أو الفطر عند حاکم تحت قواعد الشرع بفتوی العلماء أو عند واحد أو جماعة من العلماء الثقات ولاّهم رئیس المملکة أمر رؤیة الهلال، وحکموا بالصوم أو الفطر  ونشروا حکمهم هذا في رادیو، یلزم علی من سمعها من المسلمین العمل به في حدود ولایتهم، وأما فیما وراء حدود ولایتهم فلا بد من الثبوت عند حاکم تلک الولایة بشهادة شاهدین علی الرؤیة أو علی الشهادة أو علی حکم الحاکم أو جاء الخبر مستفیضاً، لأن حکم الحاکم نافذ في ولایته دون ما وراءها"". (زبدۃ المقال فی رؤیۃ الھلال،  بحوالہ  خیر الفتاوی، 4/118،  ط؛ مکتبۃ الخیر ملتان)</span></p><p style=""text-align:justify;"">         <strong>جواہر</strong><strong>الفقہ</strong><strong>میں</strong><strong>ہے</strong><strong>:</strong></p><p style=""text-align:justify;"">’’اور  جس طرح  ایک شہر کے قاضی یا ہلال کمیٹی کا فیصلہ اس شہر اور اس کے مضافات کے لیے واجب العمل ہے اسی طرح اگر کوئی قاضی یا مجسٹریٹ یا ہلال کمیٹی  پورے ضلع یا صوبہ یا پورے ملک  کے لیے ہو تو اس کا فیصلہ  اپنے اپنے حدود ولایت میں واجب العمل ہوگا‘‘۔(3/484، مسئلہ رؤیت ہلال،  ط؛ مکتبہ دارالعلوم کراچی) فقط واللہ اعلم</p></p><hr class=""big-hr""/><div class=""col-sm-6 col-md-6""><p class=""question_heading"" style=""color:#73161f"">فتویٰ نمبر : <a id=""fatwa_number"">144109203041</a></p></div><div class=""col-sm-6 col-md-6""><p style=""color:#73161f"">دارالافتاء :
                                جامعہ علوم اسلامیہ علامہ محمد یوسف بنوری ٹاؤن</p></div><hr class=""big-hr""/><div class=""col-sm-4 col-md-4""><div class=""tag""><a href=""https://www.banuri.edu.pk/questions/kitab/soum""><i class=""icon-docs-bold""></i> روزہ</a></div></div><div class=""col-sm-4 col-md-4""><div class=""tag""><a href=""https://www.banuri.edu.pk/questions/bab/roza""><i class=""icon-docs-bold""></i> روزہ</a></div></div><div class=""col-sm-4 col-md-4""><div class=""tag""><a href=""https://www.banuri.edu.pk/questions/fasal/ro-yat-e-hilal""><i class=""icon-docs-bold""></i> رؤیت ہلال</a></div></div></div>"
